hotel_id,city_id,name,property_type,star_rating,guest_score,review_count,address_line,lat,lng,distance_to_centre_km,description,base_currency,checkin_time,checkout_time,chain_code,has_xr_scene,status,created_at,updated_at
htl_06d140bd,cty_c07454f1,Villa Mahal Resort,boutique,4,8.9,25,"127 The Beach Road, Jaipur",26.852525,75.764345,2.13,"Family-run and unhurried, this boutique property sits a ten-minute walk from the beach road and keeps the traffic noise firmly outside its walls. The compact rooms are plainly furnished, which is the point — the street view is what you are paying for. Staff will arrange a driver for the day at a rate worth negotiating.",INR,14:00,11:00,SRVR,0,active,2021-09-27T10:00:00+05:30,2026-08-18T10:00:00+05:30
htl_d8608c0c,cty_c07454f1,Hillview Regency Suites,guesthouse,2,6.1,25,"28 The Old Bazaar, Jaipur",26.900329,75.723832,1.36,"Converted from a 80-year-old family property, the boutique property has kept the stepwell-style water feature and added the plumbing the original never had. The compact rooms are plainly furnished, which is the point — the lake view is what you are paying for. Staff will arrange a driver for the day at a rate worth negotiating.",INR,12:00,12:00,,0,active,2025-03-25T10:00:00+05:30,2026-08-18T10:00:00+05:30
htl_51d644a1,cty_c07454f1,Garden Orchard Homestay,homestay,3,7.9,25,"99 The Temple Complex, Jaipur",26.939145,75.814738,2.71,"A unfussy guesthouse a short walk from the temple complex, built around a shaded verandah that most guests end up photographing before they unpack. Expect mid-sized rooms, traditional finishes, and blackout curtains that actually work. Breakfast runs late, which suits travellers who arrive on the overnight train.",INR,13:00,10:00,,0,active,2024-02-13T10:00:00+05:30,2026-08-18T10:00:00+05:30
htl_34e56f8c,cty_c07454f1,Villa Meadows Homestay,boutique,3,7.9,25,"71 The Temple Complex, Jaipur",26.961709,75.740693,4.78,"Genuinely quiet and unhurried, this resort sits a short auto ride from the temple complex and keeps the traffic noise firmly outside its walls. The compact rooms are plainly furnished, which is the point — the courtyard view is what you are paying for. Breakfast runs late, which suits travellers who arrive on the overnight train.",INR,13:00,12:00,,0,active,2021-08-21T10:00:00+05:30,2026-08-18T10:00:00+05:30
htl_a4a12699,cty_c07454f1,Riverside Kothi Inn,heritage,4,7.5,25,"166 The Beach Road, Jaipur",26.867117,75.769586,3.35,"A compact homestay popular with trekking groups, largely because of the courtyard and a kitchen that takes requests seriously. Rooms are generously sized and lean minimal; the quieter ones face the rear garden. Staff will arrange a driver for the day at a rate worth negotiating.",INR,15:00,10:00,,0,active,2024-10-27T10:00:00+05:30,2026-08-18T10:00:00+05:30
htl_aacfaa8f,cty_5d572c8a,Lake Bungalow by the Lake,homestay,2,6,25,"205 The Old Bazaar, Udaipur",24.577775,73.775844,3.62,"A sunlit boutique property popular with repeat business travellers, largely because of the colonnaded corridor and a kitchen that takes requests seriously. Expect compact rooms, warm and cluttered finishes, and blackout curtains that actually work. There is a small library off the lobby, mostly paperbacks left behind by other guests.",INR,14:00,12:00,,0,active,2022-09-26T10:00:00+05:30,2026-08-18T10:00:00+05:30
htl_82a0debc,cty_5d572c8a,Garden Kothi & Spa,resort,4,8.1,25,"78 The Fort Gate, Udaipur",24.524951,73.775062,6.23,"Genuinely quiet and unhurried, this resort sits two streets from the fort gate and keeps the traffic noise firmly outside its walls. The compact rooms are plainly furnished, which is the point — the hills view is what you are paying for. The rooftop is open until eleven and is the best seat in the building.",INR,13:00,10:00,,0,active,2023-08-03T10:00:00+05:30,2026-08-18T10:00:00+05:30
htl_e64a06ef,cty_5d572c8a,Riverside Sanctuary Inn,heritage,2,5.2,25,"156 The Museum Quarter, Udaipur",24.596323,73.759117,3.56,"Converted from a 140-year-old family property, the guesthouse has kept the banyan tree and added the plumbing the original never had. Expect compact rooms, warm and cluttered finishes, and blackout curtains that actually work. There is a small library off the lobby, mostly paperbacks left behind by other guests.",INR,15:00,10:00,,0,active,2022-04-08T10:00:00+05:30,2026-08-18T10:00:00+05:30
htl_f4edf35d,cty_5d572c8a,Indigo Orchard Inn,hotel,3,6.5,25,"108 The Museum Quarter, Udaipur",24.611442,73.688404,3.94,"A unfussy homestay popular with photographers, largely because of the banyan tree and a kitchen that takes requests seriously. Expect generously sized rooms, warm and cluttered finishes, and blackout curtains that actually work. Breakfast runs late, which suits travellers who arrive on the overnight train.",INR,15:00,12:00,TAJ2,0,active,2022-08-06T10:00:00+05:30,2026-08-18T10:00:00+05:30
htl_6c7be3f3,cty_5d572c8a,Casa Manor Inn,resort,4,8.4,25,"16 The Fort Gate, Udaipur",24.583566,73.714859,2.62,"This resort trades on location rather than glamour: two streets from the fort gate, with a banyan tree that does the heavy lifting. Rooms are compact and lean colonial-revival; the quieter ones face the garden. The rooftop is open until eleven and is the best seat in the building.",INR,13:00,12:00,,0,active,2021-04-27T10:00:00+05:30,2026-08-18T10:00:00+05:30
htl_9191e906,cty_076e8e86,Grand Regency Inn,heritage,5,8,25,"218 The Railway Station, Jodhpur",26.239917,72.986623,4.4,"Comfortable and unhurried, this resort sits a ten-minute walk from the railway station and keeps the traffic noise firmly outside its walls. Expect compact rooms, colonial-revival finishes, and blackout curtains that actually work. Breakfast runs late, which suits travellers who arrive on the overnight train.",INR,15:00,11:00,,0,active,2024-08-25T10:00:00+05:30,2026-08-18T10:00:00+05:30
htl_16ca75ac,cty_076e8e86,Garden Palms Boutique Stay,hotel,2,6.1,25,"188 The Fort Gate, Jodhpur",26.277081,72.986453,4.76,"Converted from a 110-year-old family property, the boutique property has kept the stepwell-style water feature and added the plumbing the original never had. Rooms are generously sized and lean traditional; the quieter ones face the garden. The rooftop is open until eleven and is the best seat in the building.",INR,14:00,10:00,,0,active,2022-02-26T10:00:00+05:30,2026-08-18T10:00:00+05:30
htl_fe66f74b,cty_076e8e86,Casa Niwas & Spa,hotel,3,7.2,25,"133 The Railway Station, Jodhpur",26.285821,73.07232,4.4,"This hotel trades on location rather than glamour: a short auto ride from the railway station, with a colonnaded corridor that does the heavy lifting. Rooms are mid-sized and lean contemporary; the quieter ones face the rear garden. Check-in is efficient; checkout is flexible if the property is not full.",INR,12:00,12:00,,0,active,2023-03-29T10:00:00+05:30,2026-08-18T10:00:00+05:30
htl_d149da7c,cty_076e8e86,Hillview Niwas Resort,homestay,3,8.3,25,"183 The Lake Promenade, Jodhpur",26.255059,73.003816,3.27,"Converted from a 80-year-old family property, the hotel has kept the internal atrium and added the plumbing the original never had. Rooms are mid-sized and lean traditional; the quieter ones face the hills. Breakfast runs late, which suits travellers who arrive on the overnight train.",INR,13:00,11:00,,1,active,2023-09-06T10:00:00+05:30,2026-08-18T10:00:00+05:30
htl_8ceae759,cty_076e8e86,Royal Nest & Spa,guesthouse,3,6.7,25,"158 The Railway Station, Jodhpur",26.237089,73.080899,1.95,"A compact resort a short walk from the railway station, built around a banyan tree that most guests end up photographing before they unpack. Expect generously sized rooms, warm and cluttered finishes, and blackout curtains that actually work. Breakfast runs late, which suits travellers who arrive on the overnight train.",INR,15:00,11:00,,0,active,2022-09-08T10:00:00+05:30,2026-08-18T10:00:00+05:30
htl_97daa761,cty_10cbee86,Indigo Verandah Homestay,boutique,3,6.6,25,"59 The Beach Road, Jaisalmer",26.862641,70.945096,3.94,"A compact hotel a short walk from the beach road, built around a stepwell-style water feature that most guests end up photographing before they unpack. The unusually large rooms are plainly furnished, which is the point — the lake view is what you are paying for. There is a small library off the lobby, mostly paperbacks left behind by other guests.",INR,12:00,12:00,,0,active,2026-01-20T10:00:00+05:30,2026-08-18T10:00:00+05:30
htl_ca3e3a74,cty_10cbee86,Hillview Nest Inn,hotel,4,7.7,25,"64 The River Ghats, Jaisalmer",26.909391,70.933282,0.52,"A characterful resort a short walk from the river ghats, built around a banyan tree that most guests end up photographing before they unpack. Rooms vary more than the photographs suggest; ask for one facing the courtyard if you are a light sleeper. The rooftop is open until eleven and is the best seat in the building.",INR,14:00,10:00,,0,active,2024-10-12T10:00:00+05:30,2026-08-18T10:00:00+05:30
htl_b4eb0f44,cty_10cbee86,Indigo Ghat House Boutique Stay,hotel,3,5.9,25,"84 The Railway Station, Jaisalmer",26.890556,70.867236,2.29,"Sensibly priced and unhurried, this resort sits four hundred metres from the railway station and keeps the traffic noise firmly outside its walls. Expect generously sized rooms, contemporary finishes, and blackout curtains that actually work. Staff will arrange a driver for the day at a rate worth negotiating.",INR,12:00,10:00,,0,active,2024-06-08T10:00:00+05:30,2026-08-18T10:00:00+05:30
htl_832544af,cty_10cbee86,Royal Terraces & Spa,homestay,4,6.3,25,"169 The Railway Station, Jaisalmer",26.890145,70.83924,0.29,"A sunlit guesthouse a short walk from the railway station, built around a shaded verandah that most guests end up photographing before they unpack. Expect compact rooms, minimal finishes, and blackout curtains that actually work. Breakfast runs late, which suits travellers who arrive on the overnight train.",INR,13:00,12:00,KVH,0,active,2024-10-28T10:00:00+05:30,2026-08-18T10:00:00+05:30
htl_68af15a1,cty_10cbee86,Amber Mahal Inn,homestay,2,5.2,25,"9 The River Ghats, Jaisalmer",26.925871,70.924154,5.24,"A quiet homestay a short walk from the river ghats, built around a courtyard that most guests end up photographing before they unpack. Expect mid-sized rooms, colonial-revival finishes, and blackout curtains that actually work. There is a small library off the lobby, mostly paperbacks left behind by other guests.",INR,15:00,11:00,SRVR,0,active,2025-08-15T10:00:00+05:30,2026-08-18T10:00:00+05:30
htl_f89975f1,cty_b43cdd57,Palm Palms Homestay,homestay,4,8.8,25,"73 The Old Bazaar, Agra",27.204171,77.945351,1.03,"This boutique property trades on location rather than glamour: a ten-minute walk from the old bazaar, with a shaded verandah that does the heavy lifting. Rooms vary more than the photographs suggest; ask for one facing the rear garden if you are a light sleeper. Breakfast runs late, which suits travellers who arrive on the overnight train.",INR,14:00,12:00,,0,active,2024-12-30T10:00:00+05:30,2026-08-18T10:00:00+05:30
htl_3f98054b,cty_b43cdd57,Amber Retreat Homestay,hotel,3,6,25,"99 The Fort Gate, Agra",27.176436,78.012431,3.5,"A unfussy boutique property popular with repeat business travellers, largely because of the internal atrium and a kitchen that takes requests seriously. The generously sized rooms are plainly furnished, which is the point — the garden view is what you are paying for. There is a small library off the lobby, mostly paperbacks left behind by other guests.",INR,12:00,11:00,,0,active,2022-03-20T10:00:00+05:30,2026-08-18T10:00:00+05:30
htl_437c0b59,cty_b43cdd57,Royal Terraces Suites,hotel,5,8.1,25,"152 The Lake Promenade, Agra",27.236629,77.942494,3.67,"This resort trades on location rather than glamour: a short auto ride from the lake promenade, with a courtyard that does the heavy lifting. Rooms are generously sized and lean colonial-revival; the quieter ones face the garden. Staff will arrange a driver for the day at a rate worth negotiating.",INR,15:00,12:00,,0,active,2025-06-19T10:00:00+05:30,2026-08-18T10:00:00+05:30
htl_abcdbceb,cty_b43cdd57,Hillview Bagh Suites,hotel,4,7.9,25,"10 The River Ghats, Agra",27.161871,78.019153,0.28,"A quiet resort popular with repeat business travellers, largely because of the stepwell-style water feature and a kitchen that takes requests seriously. The unusually large rooms are plainly furnished, which is the point — the temple tank view is what you are paying for. Staff will arrange a driver for the day at a rate worth negotiating.",INR,15:00,11:00,,0,active,2021-04-30T10:00:00+05:30,2026-08-18T10:00:00+05:30
htl_d1c721fa,cty_b43cdd57,Lake Palms Inn,hotel,3,6.1,25,"149 The Museum Quarter, Agra",27.186663,77.995499,1.36,"Converted from a 110-year-old family property, the boutique property has kept the courtyard and added the plumbing the original never had. Expect compact rooms, warm and cluttered finishes, and blackout curtains that actually work. Staff will arrange a driver for the day at a rate worth negotiating.",INR,12:00,12:00,,1,active,2023-02-23T10:00:00+05:30,2026-08-18T10:00:00+05:30
htl_af9267ba,cty_c97e6cd5,The Haveli Inn,hostel,4,7.4,25,"45 The River Ghats, Varanasi",25.29788,83.036803,5.29,"This guesthouse trades on location rather than glamour: four hundred metres from the river ghats, with a stepwell-style water feature that does the heavy lifting. Rooms vary more than the photographs suggest; ask for one facing the hills if you are a light sleeper. Check-in is efficient; checkout is flexible if the property is not full.",INR,14:00,11:00,KVH,0,active,2022-12-05T10:00:00+05:30,2026-08-18T10:00:00+05:30
htl_9c129ce4,cty_c97e6cd5,Royal Sanctuary Suites,apartment,4,6.6,25,"38 The Fort Gate, Varanasi",25.268939,82.981907,3.77,"A restrained homestay a short walk from the fort gate, built around a courtyard that most guests end up photographing before they unpack. Rooms are unusually large and lean minimal; the quieter ones face the temple tank. Staff will arrange a driver for the day at a rate worth negotiating.",INR,13:00,12:00,,0,active,2023-11-06T10:00:00+05:30,2026-08-18T10:00:00+05:30
htl_d1d22033,cty_c97e6cd5,Amber Orchard Suites,hotel,3,7.5,25,"114 The Temple Complex, Varanasi",25.321105,82.969344,2.9,"A sunlit guesthouse popular with repeat business travellers, largely because of the stepwell-style water feature and a kitchen that takes requests seriously. The generously sized rooms are plainly furnished, which is the point — the lake view is what you are paying for. Check-in is efficient; checkout is flexible if the property is not full.",INR,15:00,10:00,,0,active,2023-02-06T10:00:00+05:30,2026-08-18T10:00:00+05:30
htl_1b0f8353,cty_c97e6cd5,Indigo Meadows Boutique Stay,resort,3,6.1,25,"67 The Railway Station, Varanasi",25.369949,83.02156,3.11,"A quiet resort popular with repeat business travellers, largely because of the courtyard and a kitchen that takes requests seriously. Rooms are mid-sized and lean warm and cluttered; the quieter ones face the lake. The rooftop is open until eleven and is the best seat in the building.",INR,14:00,11:00,,0,active,2024-01-11T10:00:00+05:30,2026-08-18T10:00:00+05:30
htl_d190083e,cty_c97e6cd5,Hillview Nest Boutique Stay,guesthouse,5,8.2,25,"75 The River Ghats, Varanasi",25.375372,82.946419,3.28,"This homestay trades on location rather than glamour: a short auto ride from the river ghats, with a kitchen garden that does the heavy lifting. Rooms are mid-sized and lean warm and cluttered; the quieter ones face the garden. Breakfast runs late, which suits travellers who arrive on the overnight train.",INR,15:00,11:00,KVH,0,active,2024-11-16T10:00:00+05:30,2026-08-18T10:00:00+05:30
htl_3c8db5e1,cty_5698a7ab,Amber Sanctuary Homestay,hotel,4,7.8,25,"106 The Temple Complex, Lucknow",26.817522,80.962115,3.55,"Converted from a 60-year-old family property, the boutique property has kept the kitchen garden and added the plumbing the original never had. Rooms are generously sized and lean traditional; the quieter ones face the hills. There is a small library off the lobby, mostly paperbacks left behind by other guests.",INR,15:00,10:00,,0,active,2025-02-15T10:00:00+05:30,2026-08-18T10:00:00+05:30
htl_95e7afb1,cty_5698a7ab,Royal Sanctuary Suites  ,guesthouse,3,8.2,25,"22 The Beach Road, Lucknow",26.879502,80.980043,4.59,"Converted from a 110-year-old family property, the guesthouse has kept the banyan tree and added the plumbing the original never had. The compact rooms are plainly furnished, which is the point — the street view is what you are paying for. The rooftop is open until eleven and is the best seat in the building.",INR,15:00,11:00,TAJ2,0,active,2023-12-31T10:00:00+05:30,2026-08-18T10:00:00+05:30
htl_f32a6fab,cty_5698a7ab,Hotel Kothi by the Lake,homestay,4,8.1,25,"14 The Lake Promenade, Lucknow",26.895091,80.994764,4.13,"A well-kept homestay popular with photographers, largely because of the rooftop terrace and a kitchen that takes requests seriously. Rooms are generously sized and lean colonial-revival; the quieter ones face the garden. Check-in is efficient; checkout is flexible if the property is not full.",INR,14:00,12:00,TAJ2,0,active,2024-07-16T10:00:00+05:30,2026-08-18T10:00:00+05:30
htl_edfb03a8,cty_5698a7ab,Villa Mahal Suites,hotel,2,6.3,25,"211 The Railway Station, Lucknow",26.80501,80.95119,1.89,"A restrained hotel popular with repeat business travellers, largely because of the stepwell-style water feature and a kitchen that takes requests seriously. Rooms vary more than the photographs suggest; ask for one facing the garden if you are a light sleeper. The rooftop is open until eleven and is the best seat in the building.",INR,15:00,12:00,TAJ2,0,active,2021-03-15T10:00:00+05:30,2026-08-18T10:00:00+05:30
htl_a4d27c8c,cty_5698a7ab,Hillview Niwas by the Lake,boutique,2,5.5,25,"133 The Beach Road, Lucknow",26.848874,80.983415,1.76,"A sunlit guesthouse popular with families with young children, largely because of the shaded verandah and a kitchen that takes requests seriously. The compact rooms are plainly furnished, which is the point — the garden view is what you are paying for. Staff will arrange a driver for the day at a rate worth negotiating.",INR,12:00,12:00,KVH,1,active,2025-06-12T10:00:00+05:30,2026-08-18T10:00:00+05:30
htl_68ea7979,cty_0b92e2e7,Villa Haveli & Spa,resort,4,7.2,25,"67 The Old Bazaar, New Delhi",28.619945,77.273528,3.92,"Converted from a 140-year-old family property, the guesthouse has kept the shaded verandah and added the plumbing the original never had. The unusually large rooms are plainly furnished, which is the point — the rear garden view is what you are paying for. There is a small library off the lobby, mostly paperbacks left behind by other guests.",INR,12:00,11:00,SRVR,0,active,2024-08-20T10:00:00+05:30,2026-08-18T10:00:00+05:30
htl_43f3566e,cty_0b92e2e7,Heritage Mahal & Spa,boutique,3,7,25,"34 The Temple Complex, New Delhi",28.665209,77.228121,3.38,"Converted from a 110-year-old family property, the boutique property has kept the stepwell-style water feature and added the plumbing the original never had. Rooms vary more than the photographs suggest; ask for one facing the temple tank if you are a light sleeper. Check-in is efficient; checkout is flexible if the property is not full.",INR,13:00,11:00,ORB,0,active,2021-06-15T10:00:00+05:30,2026-08-18T10:00:00+05:30
htl_ace63054,cty_0b92e2e7,Hotel Regency Boutique Stay,hotel,4,6.5,25,"135 The Museum Quarter, New Delhi",28.613281,77.214958,1.35,"A unfussy boutique property popular with long-stay guests, largely because of the banyan tree and a kitchen that takes requests seriously. Rooms are mid-sized and lean colonial-revival; the quieter ones face the courtyard. There is a small library off the lobby, mostly paperbacks left behind by other guests.",INR,13:00,10:00,,0,active,2021-07-15T10:00:00+05:30,2026-08-18T10:00:00+05:30
htl_40a881e8,cty_0b92e2e7,Lake Bungalow & Spa,guesthouse,3,7.9,25,"107 The Old Bazaar, New Delhi",28.58748,77.20549,6.29,"Converted from a 140-year-old family property, the resort has kept the kitchen garden and added the plumbing the original never had. The mid-sized rooms are plainly furnished, which is the point — the courtyard view is what you are paying for. Staff will arrange a driver for the day at a rate worth negotiating.",INR,15:00,12:00,LEMN,0,active,2024-09-12T10:00:00+05:30,2026-08-18T10:00:00+05:30
htl_df6e2340,cty_0b92e2e7,Hillview Palms by the Lake,homestay,4,7.4,25,"5 The River Ghats, New Delhi",28.617251,77.171417,2.51,"Genuinely quiet and unhurried, this boutique property sits a ten-minute walk from the river ghats and keeps the traffic noise firmly outside its walls. Expect compact rooms, warm and cluttered finishes, and blackout curtains that actually work. Breakfast runs late, which suits travellers who arrive on the overnight train.",INR,15:00,12:00,,0,active,2025-11-24T10:00:00+05:30,2026-08-18T10:00:00+05:30
htl_3e3a38c5,cty_0d062a51,Indigo Terraces Boutique Stay,guesthouse,5,9.8,25,"32 The Railway Station, Amritsar",31.595665,74.832594,4.26,"Low-key and unhurried, this resort sits four hundred metres from the railway station and keeps the traffic noise firmly outside its walls. Rooms are generously sized and lean colonial-revival; the quieter ones face the courtyard. There is a small library off the lobby, mostly paperbacks left behind by other guests.",INR,13:00,11:00,,0,active,2023-11-16T10:00:00+05:30,2026-08-18T10:00:00+05:30
htl_d07e29f4,cty_0d062a51,Heritage Manor Suites,apartment,5,,25,"192 The Temple Complex, Amritsar",31.68573,74.891603,0.64,"Comfortable and unhurried, this hotel sits two streets from the temple complex and keeps the traffic noise firmly outside its walls. The generously sized rooms are plainly furnished, which is the point — the temple tank view is what you are paying for. Breakfast runs late, which suits travellers who arrive on the overnight train.",INR,14:00,11:00,,0,active,2021-04-06T10:00:00+05:30,2026-08-18T10:00:00+05:30
htl_fb894fd0,cty_0d062a51,Hillview Sarovar Inn,heritage,2,5.2,25,"43 The Old Bazaar, Amritsar",31.579987,74.805654,3.18,"Genuinely quiet and unhurried, this boutique property sits two streets from the old bazaar and keeps the traffic noise firmly outside its walls. Rooms vary more than the photographs suggest; ask for one facing the rear garden if you are a light sleeper. Breakfast runs late, which suits travellers who arrive on the overnight train.",INR,15:00,12:00,KVH,0,active,2021-07-23T10:00:00+05:30,2026-08-18T10:00:00+05:30
htl_7b47fb46,cty_0d062a51,Grand Retreat Suites,boutique,4,8.2,25,"198 The Fort Gate, Amritsar",31.676599,74.848684,5.56,"Converted from a 110-year-old family property, the guesthouse has kept the rooftop terrace and added the plumbing the original never had. Rooms are compact and lean minimal; the quieter ones face the courtyard. There is a small library off the lobby, mostly paperbacks left behind by other guests.",INR,14:00,11:00,KVH,0,active,2025-01-04T10:00:00+05:30,2026-08-18T10:00:00+05:30
htl_34abcc09,cty_0d062a51,Villa Palms by the Lake,heritage,3,7.9,25,"119 The Museum Quarter, Amritsar",31.686446,74.905585,4.71,"This resort trades on location rather than glamour: a ten-minute walk from the museum quarter, with a banyan tree that does the heavy lifting. Rooms are generously sized and lean colonial-revival; the quieter ones face the temple tank. The rooftop is open until eleven and is the best seat in the building.",INR,14:00,10:00,,0,active,2023-03-01T10:00:00+05:30,2026-08-18T10:00:00+05:30
htl_2ca76c96,cty_32e8e65c,Riverside Kothi & Spa,heritage,3,7.3,25,"21 The River Ghats, Shimla",31.112866,77.121961,3.05,"Comfortable and unhurried, this boutique property sits a short auto ride from the river ghats and keeps the traffic noise firmly outside its walls. The unusually large rooms are plainly furnished, which is the point — the courtyard view is what you are paying for. Staff will arrange a driver for the day at a rate worth negotiating.",INR,13:00,12:00,,1,active,2023-07-29T10:00:00+05:30,2026-08-18T10:00:00+05:30
htl_d9b34d26,cty_32e8e65c,The Old Verandah Homestay,resort,4,7.4,25,"39 The Lake Promenade, Shimla",31.061101,77.124526,1.94,"A quiet resort popular with long-stay guests, largely because of the stepwell-style water feature and a kitchen that takes requests seriously. The compact rooms are plainly furnished, which is the point — the temple tank view is what you are paying for. There is a small library off the lobby, mostly paperbacks left behind by other guests.",INR,15:00,10:00,SRVR,0,active,2025-04-05T10:00:00+05:30,2026-08-18T10:00:00+05:30
htl_b868ebcf,cty_32e8e65c,Villa Orchard Homestay,hostel,3,6.2,25,"214 The River Ghats, Shimla",31.060196,77.110715,1.13,"A well-kept homestay popular with long-stay guests, largely because of the courtyard and a kitchen that takes requests seriously. Rooms are generously sized and lean warm and cluttered; the quieter ones face the rear garden. Breakfast runs late, which suits travellers who arrive on the overnight train.",INR,14:00,12:00,,0,active,2025-07-15T10:00:00+05:30,2026-08-18T10:00:00+05:30
htl_4e4752d8,cty_32e8e65c,Grand Vihar Homestay,homestay,5,8.6,25,"37 The Beach Road, Shimla",31.154475,77.121271,1.44,"Converted from a 110-year-old family property, the boutique property has kept the internal atrium and added the plumbing the original never had. The unusually large rooms are plainly furnished, which is the point — the courtyard view is what you are paying for. There is a small library off the lobby, mostly paperbacks left behind by other guests.",INR,13:00,10:00,LEMN,0,active,2024-04-07T10:00:00+05:30,2026-08-18T10:00:00+05:30
htl_9e900d70,cty_32e8e65c,Garden Bungalow Resort,boutique,3,8,25,"97 The River Ghats, Shimla",31.05678,77.17468,1.3,"This resort trades on location rather than glamour: a short auto ride from the river ghats, with a kitchen garden that does the heavy lifting. Expect mid-sized rooms, traditional finishes, and blackout curtains that actually work. Staff will arrange a driver for the day at a rate worth negotiating.",INR,15:00,10:00,,0,active,2025-03-08T10:00:00+05:30,2026-08-18T10:00:00+05:30
htl_64b0b167,cty_9327d518,Villa Palms Inn,boutique,5,8.8,25,"153 The Old Bazaar, Manali",32.211981,77.186943,1.04,"Converted from a 140-year-old family property, the homestay has kept the banyan tree and added the plumbing the original never had. The unusually large rooms are plainly furnished, which is the point — the courtyard view is what you are paying for. The rooftop is open until eleven and is the best seat in the building.",INR,15:00,11:00,,1,active,2025-10-16T10:00:00+05:30,2026-08-18T10:00:00+05:30
htl_7a46102c,cty_9327d518,Riverside Sarovar Homestay,hotel,3,7.9,25,"154 The Lake Promenade, Manali",32.202383,77.165506,1.19,"A characterful hotel popular with trekking groups, largely because of the stepwell-style water feature and a kitchen that takes requests seriously. The compact rooms are plainly furnished, which is the point — the courtyard view is what you are paying for. There is a small library off the lobby, mostly paperbacks left behind by other guests.",INR,13:00,11:00,LEMN,0,active,2021-07-25T10:00:00+05:30,2026-08-18T10:00:00+05:30
htl_c758f72a,cty_9327d518,Indigo Haveli by the Lake,hotel,4,7.8,25,"57 The Lake Promenade, Manali",32.178366,77.21341,4.21,"Genuinely quiet and unhurried, this hotel sits a short auto ride from the lake promenade and keeps the traffic noise firmly outside its walls. The unusually large rooms are plainly furnished, which is the point — the temple tank view is what you are paying for. There is a small library off the lobby, mostly paperbacks left behind by other guests.",INR,15:00,12:00,TAJ2,0,active,2022-08-05T10:00:00+05:30,2026-08-18T10:00:00+05:30
htl_623c41c5,cty_9327d518,Heritage Kothi Resort,homestay,2,,25,"169 The Lake Promenade, Manali",32.268447,77.248649,2.72,"This homestay trades on location rather than glamour: two streets from the lake promenade, with a colonnaded corridor that does the heavy lifting. Expect compact rooms, traditional finishes, and blackout curtains that actually work. Check-in is efficient; checkout is flexible if the property is not full.",INR,15:00,10:00,,1,active,2025-08-30T10:00:00+05:30,2026-08-18T10:00:00+05:30
htl_97c0591b,cty_9327d518,Hotel Bungalow Resort,boutique,2,5.4,25,"176 The Railway Station, Manali",32.271843,77.137171,3.14,"Low-key and unhurried, this resort sits four hundred metres from the railway station and keeps the traffic noise firmly outside its walls. The mid-sized rooms are plainly furnished, which is the point — the lake view is what you are paying for. Check-in is efficient; checkout is flexible if the property is not full.",INR,12:00,12:00,TAJ2,0,active,2025-09-01T10:00:00+05:30,2026-08-18T10:00:00+05:30
htl_2b79009c,cty_d35a9652,Palm Courtyard Heritage,guesthouse,4,6.7,25,"27 The Old Bazaar, Rishikesh",30.075587,78.331398,1.8,"A quiet homestay a short walk from the old bazaar, built around a courtyard that most guests end up photographing before they unpack. Rooms are compact and lean contemporary; the quieter ones face the street. Check-in is efficient; checkout is flexible if the property is not full.",INR,13:00,12:00,,0,active,2022-01-12T10:00:00+05:30,2026-08-18T10:00:00+05:30
htl_a7f2c402,cty_d35a9652,Grand Ghat House & Spa,hotel,2,5.7,25,"56 The Lake Promenade, Rishikesh",30.130643,78.243457,6.38,"This guesthouse trades on location rather than glamour: a ten-minute walk from the lake promenade, with a kitchen garden that does the heavy lifting. Expect unusually large rooms, warm and cluttered finishes, and blackout curtains that actually work. Breakfast runs late, which suits travellers who arrive on the overnight train.",INR,15:00,11:00,,0,active,2026-01-20T10:00:00+05:30,2026-08-18T10:00:00+05:30
htl_64e6662b,cty_d35a9652,Royal Manor & Spa,apartment,4,7.3,25,"181 The Beach Road, Rishikesh",30.137681,78.247418,2.39,"A characterful guesthouse a short walk from the beach road, built around a kitchen garden that most guests end up photographing before they unpack. Rooms are compact and lean contemporary; the quieter ones face the temple tank. The rooftop is open until eleven and is the best seat in the building.",INR,14:00,11:00,KVH,0,active,2025-09-05T10:00:00+05:30,2026-08-18T10:00:00+05:30
htl_0e2c0e6e,cty_d35a9652,Hillview Niwas by the Lake  ,homestay,3,7.2,25,"79 The Fort Gate, Rishikesh",30.090279,78.289286,0.23,"A compact guesthouse popular with long-stay guests, largely because of the kitchen garden and a kitchen that takes requests seriously. The mid-sized rooms are plainly furnished, which is the point — the lake view is what you are paying for. The rooftop is open until eleven and is the best seat in the building.",INR,15:00,10:00,SRVR,0,active,2022-06-14T10:00:00+05:30,2026-08-18T10:00:00+05:30
htl_34a81c98,cty_d35a9652,Palm Haveli & Spa,boutique,4,7.5,25,"89 The Railway Station, Rishikesh",30.024601,78.252328,2.16,"This guesthouse trades on location rather than glamour: two streets from the railway station, with a internal atrium that does the heavy lifting. Rooms vary more than the photographs suggest; ask for one facing the lake if you are a light sleeper. The rooftop is open until eleven and is the best seat in the building.",INR,15:00,11:00,,0,active,2026-01-23T10:00:00+05:30,2026-08-18T10:00:00+05:30
htl_fc4f2312,cty_0d9ab6ff,Royal Vihar & Spa,boutique,5,9.6,25,"67 The Old Bazaar, Nainital",29.430347,79.532204,5.39,"A quiet resort popular with couples on a short break, largely because of the colonnaded corridor and a kitchen that takes requests seriously. Expect generously sized rooms, minimal finishes, and blackout curtains that actually work. There is a small library off the lobby, mostly paperbacks left behind by other guests.",INR,15:00,12:00,,0,active,2023-11-13T10:00:00+05:30,2026-08-18T10:00:00+05:30
htl_2c61b5c9,cty_0d9ab6ff,Heritage Vihar Suites,hotel,3,6.4,25,"38 The Museum Quarter, Nainital",29.382732,79.422096,4.8,"A unfussy guesthouse a short walk from the museum quarter, built around a courtyard that most guests end up photographing before they unpack. Rooms are unusually large and lean contemporary; the quieter ones face the garden. The rooftop is open until eleven and is the best seat in the building.",INR,13:00,12:00,,0,active,2023-05-28T10:00:00+05:30,2026-08-18T10:00:00+05:30
htl_7920dc76,cty_0d9ab6ff,Casa Mahal & Spa,apartment,2,6,25,"30 The Museum Quarter, Nainital",29.398652,79.440045,0.99,"This resort trades on location rather than glamour: a short auto ride from the museum quarter, with a internal atrium that does the heavy lifting. Rooms vary more than the photographs suggest; ask for one facing the temple tank if you are a light sleeper. Check-in is efficient; checkout is flexible if the property is not full.",INR,12:00,10:00,LEMN,1,active,2024-12-04T10:00:00+05:30,2026-08-18T10:00:00+05:30
htl_07bfe1c5,cty_0d9ab6ff,Indigo Palms & Spa,hotel,2,6.4,25,"34 The Fort Gate, Nainital",29.427485,79.414638,2.73,"A airy boutique property a short walk from the fort gate, built around a banyan tree that most guests end up photographing before they unpack. The compact rooms are plainly furnished, which is the point — the garden view is what you are paying for. Staff will arrange a driver for the day at a rate worth negotiating.",INR,13:00,10:00,,0,active,2021-09-08T10:00:00+05:30,2026-08-18T10:00:00+05:30
htl_8727e865,cty_0d9ab6ff,Amber Bungalow Inn,homestay,4,8.1,25,"91 The Lake Promenade, Nainital",29.328596,79.463024,0.55,"A unfussy resort popular with families with young children, largely because of the kitchen garden and a kitchen that takes requests seriously. The compact rooms are plainly furnished, which is the point — the street view is what you are paying for. There is a small library off the lobby, mostly paperbacks left behind by other guests.",INR,15:00,12:00,,0,active,2021-03-27T10:00:00+05:30,2026-08-18T10:00:00+05:30
htl_edab68d0,cty_aa759717,Indigo Meadows Boutique Stay,heritage,5,9.3,25,"35 The Beach Road, Leh",34.160827,77.566847,5.16,"Comfortable and unhurried, this resort sits a short auto ride from the beach road and keeps the traffic noise firmly outside its walls. Rooms are unusually large and lean traditional; the quieter ones face the temple tank. Breakfast runs late, which suits travellers who arrive on the overnight train.",INR,12:00,12:00,LEMN,0,active,2024-01-14T10:00:00+05:30,2026-08-18T10:00:00+05:30
htl_76c57a96,cty_aa759717,Palm Ghat House by the Lake,apartment,2,6.8,25,"109 The Beach Road, Leh",34.134497,77.509098,5.02,"A quiet boutique property a short walk from the beach road, built around a banyan tree that most guests end up photographing before they unpack. Rooms are mid-sized and lean minimal; the quieter ones face the courtyard. The rooftop is open until eleven and is the best seat in the building.",INR,15:00,12:00,,0,active,2024-09-18T10:00:00+05:30,2026-08-18T10:00:00+05:30
htl_f6df417b,cty_aa759717,Royal Sanctuary Homestay,hostel,5,7.8,25,"193 The River Ghats, Leh",34.195582,77.652063,2.46,"A compact resort popular with families with young children, largely because of the kitchen garden and a kitchen that takes requests seriously. Rooms are generously sized and lean warm and cluttered; the quieter ones face the lake. Staff will arrange a driver for the day at a rate worth negotiating.",INR,14:00,11:00,,0,active,2021-05-02T10:00:00+05:30,2026-08-18T10:00:00+05:30
htl_73b94512,cty_aa759717,Casa Courtyard Suites,heritage,2,5.2,25,"104 The Museum Quarter, Leh",34.156052,77.503286,0.21,"Family-run and unhurried, this hotel sits two streets from the museum quarter and keeps the traffic noise firmly outside its walls. Rooms vary more than the photographs suggest; ask for one facing the temple tank if you are a light sleeper. The rooftop is open until eleven and is the best seat in the building.",INR,13:00,11:00,,0,active,2021-11-09T10:00:00+05:30,2026-08-18T10:00:00+05:30
htl_d526541d,cty_aa759717,Hillview Sarovar by the Lake,boutique,5,,25,"161 The Railway Station, Leh",34.187006,77.647838,1.89,"A unfussy homestay popular with trekking groups, largely because of the banyan tree and a kitchen that takes requests seriously. Expect compact rooms, traditional finishes, and blackout curtains that actually work. Breakfast runs late, which suits travellers who arrive on the overnight train.",INR,12:00,10:00,KVH,1,active,2025-06-08T10:00:00+05:30,2026-08-18T10:00:00+05:30
htl_c6ab89b1,cty_828a7777,Indigo Meadows by the Lake,apartment,3,7.7,25,"159 The River Ghats, Srinagar",34.064104,74.797307,6.92,"Converted from a 110-year-old family property, the guesthouse has kept the stepwell-style water feature and added the plumbing the original never had. The unusually large rooms are plainly furnished, which is the point — the hills view is what you are paying for. There is a small library off the lobby, mostly paperbacks left behind by other guests.",INR,12:00,12:00,SRVR,0,active,2021-03-22T10:00:00+05:30,2026-08-18T10:00:00+05:30
htl_cb869e4b,cty_828a7777,Hillview Palms Boutique Stay,boutique,4,9.3,25,"90 The Museum Quarter, Srinagar",34.056808,74.753864,6.21,"A unfussy resort popular with long-stay guests, largely because of the colonnaded corridor and a kitchen that takes requests seriously. Rooms are unusually large and lean colonial-revival; the quieter ones face the hills. Breakfast runs late, which suits travellers who arrive on the overnight train.",INR,12:00,11:00,SRVR,1,active,2025-02-05T10:00:00+05:30,2026-08-18T10:00:00+05:30
htl_53f95667,cty_828a7777,Hotel Mahal & Spa,heritage,3,7.8,25,"59 The Old Bazaar, Srinagar",34.076133,74.735168,1.42,"This hotel trades on location rather than glamour: four hundred metres from the old bazaar, with a shaded verandah that does the heavy lifting. Expect generously sized rooms, colonial-revival finishes, and blackout curtains that actually work. Staff will arrange a driver for the day at a rate worth negotiating.",INR,15:00,11:00,,0,active,2023-05-07T10:00:00+05:30,2026-08-18T10:00:00+05:30
htl_4449653d,cty_828a7777,Garden Sanctuary by the Lake,resort,5,8.8,25,"166 The Museum Quarter, Srinagar",34.022081,74.8219,0.81,"A sunlit homestay a short walk from the museum quarter, built around a rooftop terrace that most guests end up photographing before they unpack. Expect compact rooms, minimal finishes, and blackout curtains that actually work. Check-in is efficient; checkout is flexible if the property is not full.",INR,14:00,10:00,,0,active,2023-09-28T10:00:00+05:30,2026-08-18T10:00:00+05:30
htl_6439d03a,cty_828a7777,Villa Orchard Heritage,guesthouse,5,9.8,25,"122 The Museum Quarter, Srinagar",34.025164,74.872674,3.08,"Converted from a 80-year-old family property, the homestay has kept the shaded verandah and added the plumbing the original never had. Expect unusually large rooms, contemporary finishes, and blackout curtains that actually work. Breakfast runs late, which suits travellers who arrive on the overnight train.",INR,12:00,10:00,,0,active,2024-01-22T10:00:00+05:30,2026-08-18T10:00:00+05:30
htl_e28207c9,cty_95e7c8ca,Grand Mahal by the Lake,hotel,3,6.5,25,"121 The Old Bazaar, Mumbai",19.104227,72.926047,5.14,"A sunlit homestay a short walk from the old bazaar, built around a stepwell-style water feature that most guests end up photographing before they unpack. Rooms vary more than the photographs suggest; ask for one facing the street if you are a light sleeper. There is a small library off the lobby, mostly paperbacks left behind by other guests.",INR,15:00,12:00,KVH,0,active,2024-07-27T10:00:00+05:30,2026-08-18T10:00:00+05:30
htl_6fdb8c08,cty_95e7c8ca,The Old Palms Heritage,heritage,3,5.8,25,"6 The Beach Road, Mumbai",19.093303,72.915793,0.27,"A sunlit hotel a short walk from the beach road, built around a banyan tree that most guests end up photographing before they unpack. Rooms are unusually large and lean contemporary; the quieter ones face the temple tank. There is a small library off the lobby, mostly paperbacks left behind by other guests.",INR,15:00,10:00,,0,active,2022-08-23T10:00:00+05:30,2026-08-18T10:00:00+05:30
htl_f819e1d6,cty_95e7c8ca,Villa Nest Resort,homestay,2,5.7,25,"53 The Fort Gate, Mumbai",19.101369,72.926543,1.03,"This hotel trades on location rather than glamour: four hundred metres from the fort gate, with a internal atrium that does the heavy lifting. Rooms vary more than the photographs suggest; ask for one facing the courtyard if you are a light sleeper. The rooftop is open until eleven and is the best seat in the building.",INR,14:00,11:00,,0,active,2022-01-27T10:00:00+05:30,2026-08-18T10:00:00+05:30
htl_7e8acd66,cty_95e7c8ca,Royal Meadows Resort,resort,3,6.5,25,"93 The River Ghats, Mumbai",19.128443,72.851868,1.9,"A unfussy hotel popular with photographers, largely because of the rooftop terrace and a kitchen that takes requests seriously. The unusually large rooms are plainly furnished, which is the point — the temple tank view is what you are paying for. Check-in is efficient; checkout is flexible if the property is not full.",INR,14:00,11:00,,0,active,2023-06-19T10:00:00+05:30,2026-08-18T10:00:00+05:30
htl_52debcee,cty_95e7c8ca,Villa Regency & Spa,apartment,4,8.3,25,"54 The Lake Promenade, Mumbai",19.125302,72.82938,5.63,"Converted from a 110-year-old family property, the homestay has kept the stepwell-style water feature and added the plumbing the original never had. The generously sized rooms are plainly furnished, which is the point — the courtyard view is what you are paying for. Breakfast runs late, which suits travellers who arrive on the overnight train.",INR,14:00,11:00,,0,active,2022-04-16T10:00:00+05:30,2026-08-18T10:00:00+05:30
htl_b76950b4,cty_621f4a84,Palm Niwas Heritage,hostel,3,8.1,25,"191 The Fort Gate, Pune",18.535794,73.825261,0.76,"Converted from a 80-year-old family property, the guesthouse has kept the banyan tree and added the plumbing the original never had. Rooms are generously sized and lean colonial-revival; the quieter ones face the street. Breakfast runs late, which suits travellers who arrive on the overnight train.",INR,14:00,10:00,,0,active,2022-09-04T10:00:00+05:30,2026-08-18T10:00:00+05:30
htl_bf05fe97,cty_621f4a84,Royal Nest Resort,homestay,3,5.7,25,"102 The River Ghats, Pune",18.465208,73.892151,1.99,"A airy hotel popular with long-stay guests, largely because of the rooftop terrace and a kitchen that takes requests seriously. The mid-sized rooms are plainly furnished, which is the point — the hills view is what you are paying for. There is a small library off the lobby, mostly paperbacks left behind by other guests.",INR,13:00,12:00,,1,active,2026-01-28T10:00:00+05:30,2026-08-18T10:00:00+05:30
htl_4a6af4a8,cty_621f4a84,Amber Bungalow Inn,hotel,2,5.8,25,"142 The Old Bazaar, Pune",18.527496,73.859392,3.05,"Genuinely quiet and unhurried, this boutique property sits a ten-minute walk from the old bazaar and keeps the traffic noise firmly outside its walls. Rooms are mid-sized and lean contemporary; the quieter ones face the lake. Breakfast runs late, which suits travellers who arrive on the overnight train.",INR,15:00,11:00,TAJ2,0,active,2025-08-11T10:00:00+05:30,2026-08-18T10:00:00+05:30
htl_692b71cc,cty_621f4a84,Riverside Kothi Boutique Stay,homestay,3,7.2,25,"153 The River Ghats, Pune",18.492088,73.8799,6.23,"A restrained boutique property popular with long-stay guests, largely because of the shaded verandah and a kitchen that takes requests seriously. Expect generously sized rooms, traditional finishes, and blackout curtains that actually work. Staff will arrange a driver for the day at a rate worth negotiating.",INR,12:00,12:00,LEMN,0,active,2023-12-12T10:00:00+05:30,2026-08-18T10:00:00+05:30
htl_6961a498,cty_621f4a84,Grand Retreat Homestay,resort,3,7.9,25,"48 The Lake Promenade, Pune",18.535825,73.889027,2.02,"This hotel trades on location rather than glamour: a ten-minute walk from the lake promenade, with a courtyard that does the heavy lifting. Rooms vary more than the photographs suggest; ask for one facing the temple tank if you are a light sleeper. The rooftop is open until eleven and is the best seat in the building.",INR,13:00,10:00,,0,active,2023-03-24T10:00:00+05:30,2026-08-18T10:00:00+05:30
htl_1dc2d45a,cty_f29656ff,Hillview Kothi,hotel,4,8.4,25,"171 The Beach Road, Aurangabad",19.875814,75.339295,2.17,"Converted from a 110-year-old family property, the boutique property has kept the courtyard and added the plumbing the original never had. The unusually large rooms are plainly furnished, which is the point — the hills view is what you are paying for. Staff will arrange a driver for the day at a rate worth negotiating.",INR,14:00,12:00,KVH,1,active,2023-07-05T10:00:00+05:30,2026-08-18T10:00:00+05:30
htl_d1ff6baa,cty_f29656ff,The Old Terraces Homestay,hotel,3,6.3,25,"120 The Old Bazaar, Aurangabad",19.835937,75.281866,0.17,"This guesthouse trades on location rather than glamour: four hundred metres from the old bazaar, with a internal atrium that does the heavy lifting. Rooms vary more than the photographs suggest; ask for one facing the rear garden if you are a light sleeper. Breakfast runs late, which suits travellers who arrive on the overnight train.",INR,12:00,10:00,TAJ2,0,active,2022-06-26T10:00:00+05:30,2026-08-18T10:00:00+05:30
htl_28873757,cty_f29656ff,Indigo Niwas Homestay,hotel,4,7,25,"108 The Old Bazaar, Aurangabad",19.831887,75.363297,2.47,"Converted from a 60-year-old family property, the boutique property has kept the stepwell-style water feature and added the plumbing the original never had. The generously sized rooms are plainly furnished, which is the point — the hills view is what you are paying for. The rooftop is open until eleven and is the best seat in the building.",INR,13:00,12:00,KVH,0,active,2022-06-18T10:00:00+05:30,2026-08-18T10:00:00+05:30
htl_be32214e,cty_f29656ff,The Sarovar Suites,hostel,3,7.3,25,"179 The Lake Promenade, Aurangabad",19.877086,75.318236,2.1,"A quiet guesthouse popular with photographers, largely because of the colonnaded corridor and a kitchen that takes requests seriously. Expect mid-sized rooms, minimal finishes, and blackout curtains that actually work. The rooftop is open until eleven and is the best seat in the building.",INR,15:00,12:00,,0,active,2023-04-06T10:00:00+05:30,2026-08-18T10:00:00+05:30
htl_9553dd98,cty_f29656ff,Riverside Meadows Suites,hostel,4,8.1,25,"164 The Railway Station, Aurangabad",19.866435,75.390989,4.16,"Converted from a 110-year-old family property, the hotel has kept the kitchen garden and added the plumbing the original never had. The compact rooms are plainly furnished, which is the point — the hills view is what you are paying for. There is a small library off the lobby, mostly paperbacks left behind by other guests.",INR,12:00,12:00,SRVR,0,active,2023-05-27T10:00:00+05:30,2026-08-18T10:00:00+05:30
htl_7d0e7ea3,cty_cfec17b6,Hotel Courtyard by the Lake,boutique,4,9,25,"87 The Lake Promenade, Ahmedabad",22.980533,72.583553,3.58,"A well-kept hotel popular with long-stay guests, largely because of the shaded verandah and a kitchen that takes requests seriously. Rooms are compact and lean warm and cluttered; the quieter ones face the garden. Check-in is efficient; checkout is flexible if the property is not full.",INR,12:00,12:00,TAJ2,0,active,2024-08-26T10:00:00+05:30,2026-08-18T10:00:00+05:30
htl_7cacf12d,cty_cfec17b6,The Residency Homestay,homestay,5,8.7,25,"164 The Fort Gate, Ahmedabad",23.005287,72.564759,2.42,"Genuinely quiet and unhurried, this hotel sits a short auto ride from the fort gate and keeps the traffic noise firmly outside its walls. Rooms vary more than the photographs suggest; ask for one facing the garden if you are a light sleeper. Check-in is efficient; checkout is flexible if the property is not full.",INR,14:00,10:00,,0,active,2021-10-09T10:00:00+05:30,2026-08-18T10:00:00+05:30
htl_107cf306,cty_cfec17b6,Amber Regency Resort,hostel,3,7.6,25,"140 The Beach Road, Ahmedabad",22.987864,72.536796,1.66,"A unfussy guesthouse a short walk from the beach road, built around a stepwell-style water feature that most guests end up photographing before they unpack. Rooms are compact and lean colonial-revival; the quieter ones face the garden. Breakfast runs late, which suits travellers who arrive on the overnight train.",INR,14:00,10:00,,0,active,2024-07-03T10:00:00+05:30,2026-08-18T10:00:00+05:30
htl_9fca9e1c,cty_cfec17b6,The Sanctuary Boutique Stay,boutique,5,9.8,25,"54 The Railway Station, Ahmedabad",22.960944,72.545067,4.65,"This hotel trades on location rather than glamour: a short auto ride from the railway station, with a colonnaded corridor that does the heavy lifting. Expect compact rooms, contemporary finishes, and blackout curtains that actually work. Staff will arrange a driver for the day at a rate worth negotiating.",INR,12:00,10:00,KVH,0,active,2025-07-20T10:00:00+05:30,2026-08-18T10:00:00+05:30
htl_55eda192,cty_cfec17b6,The Old Terraces Resort,resort,3,6.1,25,"50 The Beach Road, Ahmedabad",22.999463,72.562021,0.69,"Genuinely quiet and unhurried, this resort sits a short auto ride from the beach road and keeps the traffic noise firmly outside its walls. The generously sized rooms are plainly furnished, which is the point — the courtyard view is what you are paying for. Check-in is efficient; checkout is flexible if the property is not full.",INR,14:00,12:00,KVH,0,active,2023-05-18T10:00:00+05:30,2026-08-18T10:00:00+05:30
htl_85d1f924,cty_caf3c1ee,Casa Sanctuary,hotel,3,7.7,25,"218 The Lake Promenade, Bhuj",23.229595,69.724628,1.82,"Converted from a 110-year-old family property, the resort has kept the shaded verandah and added the plumbing the original never had. Rooms are mid-sized and lean colonial-revival; the quieter ones face the hills. Breakfast runs late, which suits travellers who arrive on the overnight train.",INR,12:00,10:00,ORB,0,active,2025-06-09T10:00:00+05:30,2026-08-18T10:00:00+05:30
htl_fa769a3e,cty_caf3c1ee,The Old Bagh Resort,hotel,5,9.5,25,"130 The Museum Quarter, Bhuj",23.180778,69.719292,2.62,"A unfussy boutique property a short walk from the museum quarter, built around a internal atrium that most guests end up photographing before they unpack. Expect mid-sized rooms, colonial-revival finishes, and blackout curtains that actually work. The rooftop is open until eleven and is the best seat in the building.",INR,14:00,11:00,KVH,0,active,2024-04-24T10:00:00+05:30,2026-08-18T10:00:00+05:30
htl_4906f5ef,cty_caf3c1ee,The Vihar Suites,boutique,5,9.4,25,"23 The Lake Promenade, Bhuj",23.258625,69.643285,3.48,"Converted from a 80-year-old family property, the resort has kept the banyan tree and added the plumbing the original never had. Rooms are generously sized and lean minimal; the quieter ones face the garden. Staff will arrange a driver for the day at a rate worth negotiating.",INR,15:00,11:00,,0,active,2023-01-07T10:00:00+05:30,2026-08-18T10:00:00+05:30
htl_722f8202,cty_caf3c1ee,Hillview Haveli Heritage,hotel,5,9.5,25,"20 The Beach Road, Bhuj",23.281341,69.639763,2.74,"This resort trades on location rather than glamour: four hundred metres from the beach road, with a kitchen garden that does the heavy lifting. Expect generously sized rooms, colonial-revival finishes, and blackout curtains that actually work. The rooftop is open until eleven and is the best seat in the building.",INR,14:00,12:00,,0,active,2022-03-29T10:00:00+05:30,2026-08-18T10:00:00+05:30
htl_f8fc5376,cty_caf3c1ee,Casa Vihar Homestay,hotel,4,8.5,25,"8 The Railway Station, Bhuj",23.211919,69.621853,2.93,"Converted from a 60-year-old family property, the guesthouse has kept the kitchen garden and added the plumbing the original never had. Rooms vary more than the photographs suggest; ask for one facing the street if you are a light sleeper. Staff will arrange a driver for the day at a rate worth negotiating.",INR,12:00,12:00,ORB,0,active,2021-05-06T10:00:00+05:30,2026-08-18T10:00:00+05:30
htl_704d96f5,cty_43d0a650,Riverside Residency Boutique Stay,homestay,3,7.4,25,"45 The Temple Complex, Panaji",15.451522,73.772773,2.05,"This resort trades on location rather than glamour: four hundred metres from the temple complex, with a colonnaded corridor that does the heavy lifting. Rooms vary more than the photographs suggest; ask for one facing the hills if you are a light sleeper. Breakfast runs late, which suits travellers who arrive on the overnight train.",INR,12:00,10:00,,0,active,2025-08-24T10:00:00+05:30,2026-08-18T10:00:00+05:30
htl_14aa3026,cty_43d0a650,The Sanctuary Homestay,hotel,5,9.8,25,"4 The River Ghats, Panaji",15.463106,73.830373,2.02,"Family-run and unhurried, this boutique property sits a ten-minute walk from the river ghats and keeps the traffic noise firmly outside its walls. Rooms are compact and lean contemporary; the quieter ones face the lake. Check-in is efficient; checkout is flexible if the property is not full.",INR,13:00,10:00,TAJ2,0,active,2023-10-31T10:00:00+05:30,2026-08-18T10:00:00+05:30
htl_1ef3de6b,cty_43d0a650,Indigo Retreat by the Lake,hotel,5,9.2,25,"198 The Fort Gate, Panaji",15.485783,73.777602,2.57,"Converted from a 80-year-old family property, the boutique property has kept the banyan tree and added the plumbing the original never had. Expect generously sized rooms, warm and cluttered finishes, and blackout curtains that actually work. Staff will arrange a driver for the day at a rate worth negotiating.",INR,12:00,10:00,KVH,0,active,2022-04-15T10:00:00+05:30,2026-08-18T10:00:00+05:30
htl_13ad06f2,cty_43d0a650,Lake Ghat House Boutique Stay,hotel,4,,25,"42 The River Ghats, Panaji",15.535811,73.831522,0.42,"A quiet resort popular with families with young children, largely because of the stepwell-style water feature and a kitchen that takes requests seriously. Expect compact rooms, traditional finishes, and blackout curtains that actually work. There is a small library off the lobby, mostly paperbacks left behind by other guests.",INR,14:00,10:00,SRVR,0,active,2024-07-23T10:00:00+05:30,2026-08-18T10:00:00+05:30
htl_5488ed63,cty_43d0a650,Indigo Kothi Heritage,homestay,5,9,25,"19 The Lake Promenade, Panaji",15.5128,73.820725,2.03,"This homestay trades on location rather than glamour: a short auto ride from the lake promenade, with a stepwell-style water feature that does the heavy lifting. Expect generously sized rooms, contemporary finishes, and blackout curtains that actually work. There is a small library off the lobby, mostly paperbacks left behind by other guests.",INR,15:00,10:00,,0,active,2021-05-21T10:00:00+05:30,2026-08-18T10:00:00+05:30
htl_ed48c7a2,cty_17b8ef2f,Hillview Kothi Boutique Stay,hotel,4,8.6,25,"1 The Lake Promenade, Bengaluru",12.957333,77.563754,5.43,"Converted from a 60-year-old family property, the resort has kept the courtyard and added the plumbing the original never had. Rooms vary more than the photographs suggest; ask for one facing the street if you are a light sleeper. Staff will arrange a driver for the day at a rate worth negotiating.",INR,15:00,12:00,,0,active,2024-09-26T10:00:00+05:30,2026-08-18T10:00:00+05:30
htl_aceeb75d,cty_17b8ef2f,Hotel Residency Homestay,hotel,3,5.6,25,"123 The River Ghats, Bengaluru",12.980479,77.615566,7.28,"Sensibly priced and unhurried, this hotel sits four hundred metres from the river ghats and keeps the traffic noise firmly outside its walls. The generously sized rooms are plainly furnished, which is the point — the street view is what you are paying for. Staff will arrange a driver for the day at a rate worth negotiating.",INR,15:00,11:00,,1,active,2022-12-04T10:00:00+05:30,2026-08-18T10:00:00+05:30
htl_df0a4506,cty_17b8ef2f,Lake Residency Suites,hotel,5,9.6,25,"140 The Fort Gate, Bengaluru",12.9763,77.65446,3.03,"Converted from a 60-year-old family property, the guesthouse has kept the stepwell-style water feature and added the plumbing the original never had. Expect generously sized rooms, minimal finishes, and blackout curtains that actually work. There is a small library off the lobby, mostly paperbacks left behind by other guests.",INR,12:00,12:00,,0,active,2021-05-17T10:00:00+05:30,2026-08-18T10:00:00+05:30
htl_5cc7b022,cty_17b8ef2f,Grand Meadows Boutique Stay,homestay,3,6.7,25,"23 The Old Bazaar, Bengaluru",12.932637,77.545491,2.01,"A well-kept guesthouse popular with couples on a short break, largely because of the stepwell-style water feature and a kitchen that takes requests seriously. Rooms vary more than the photographs suggest; ask for one facing the street if you are a light sleeper. Check-in is efficient; checkout is flexible if the property is not full.",INR,14:00,10:00,ORB,0,active,2022-05-14T10:00:00+05:30,2026-08-18T10:00:00+05:30
htl_436d4430,cty_17b8ef2f,The Old Mahal Inn,boutique,4,7.8,25,"125 The Temple Complex, Bengaluru",12.933013,77.644246,1.08,"This resort trades on location rather than glamour: four hundred metres from the temple complex, with a courtyard that does the heavy lifting. Rooms vary more than the photographs suggest; ask for one facing the lake if you are a light sleeper. The rooftop is open until eleven and is the best seat in the building.",INR,13:00,11:00,ORB,0,active,2024-12-07T10:00:00+05:30,2026-08-18T10:00:00+05:30
htl_ee1f6167,cty_8fc1539e,The Old Sarovar Resort,homestay,4,7.7,25,"53 The River Ghats, Mysuru",12.278265,76.682251,6.71,"A compact guesthouse popular with photographers, largely because of the kitchen garden and a kitchen that takes requests seriously. Rooms vary more than the photographs suggest; ask for one facing the rear garden if you are a light sleeper. There is a small library off the lobby, mostly paperbacks left behind by other guests.",INR,15:00,11:00,,0,active,2025-07-01T10:00:00+05:30,2026-08-18T10:00:00+05:30
htl_6f9c55b9,cty_8fc1539e,Heritage Residency Inn,hostel,4,9.1,25,"43 The Fort Gate, Mysuru",12.306351,76.636953,3.09,"A unfussy hotel popular with families with young children, largely because of the stepwell-style water feature and a kitchen that takes requests seriously. Rooms vary more than the photographs suggest; ask for one facing the rear garden if you are a light sleeper. There is a small library off the lobby, mostly paperbacks left behind by other guests.",INR,13:00,12:00,,0,active,2024-02-16T10:00:00+05:30,2026-08-18T10:00:00+05:30
htl_e7f80c48,cty_8fc1539e,Amber Palms by the Lake,apartment,4,8.5,25,"36 The Temple Complex, Mysuru",12.249381,76.629331,4.2,"A compact resort popular with repeat business travellers, largely because of the internal atrium and a kitchen that takes requests seriously. Rooms are mid-sized and lean warm and cluttered; the quieter ones face the lake. Breakfast runs late, which suits travellers who arrive on the overnight train.",INR,12:00,10:00,,0,active,2023-09-30T10:00:00+05:30,2026-08-18T10:00:00+05:30
htl_a7836911,cty_8fc1539e,Heritage Vihar by the Lake,hostel,4,8.7,25,"89 The Railway Station, Mysuru",12.233407,76.675301,1.3,"A compact guesthouse popular with families with young children, largely because of the banyan tree and a kitchen that takes requests seriously. Rooms are generously sized and lean traditional; the quieter ones face the rear garden. There is a small library off the lobby, mostly paperbacks left behind by other guests.",INR,14:00,12:00,LEMN,0,active,2023-05-23T10:00:00+05:30,2026-08-18T10:00:00+05:30
htl_c649fa89,cty_8fc1539e,Lake Regency Inn,hotel,3,6.7,25,"170 The Temple Complex, Mysuru",12.291602,76.580291,2.61,"A quiet hotel popular with long-stay guests, largely because of the colonnaded corridor and a kitchen that takes requests seriously. Rooms vary more than the photographs suggest; ask for one facing the rear garden if you are a light sleeper. Breakfast runs late, which suits travellers who arrive on the overnight train.",INR,12:00,12:00,,0,active,2023-05-06T10:00:00+05:30,2026-08-18T10:00:00+05:30
htl_62ba5d99,cty_bbb31d67,Grand Kothi & Spa,hotel,4,7.4,25,"40 The Old Bazaar, Hampi",15.294543,76.496883,2.07,"This guesthouse trades on location rather than glamour: a ten-minute walk from the old bazaar, with a banyan tree that does the heavy lifting. Expect generously sized rooms, contemporary finishes, and blackout curtains that actually work. Staff will arrange a driver for the day at a rate worth negotiating.",INR,15:00,11:00,TAJ2,0,active,2024-04-19T10:00:00+05:30,2026-08-18T10:00:00+05:30
htl_a131f5ce,cty_bbb31d67,The Courtyard by the Lake,boutique,3,5.5,25,"162 The Temple Complex, Hampi",15.373104,76.414695,2.29,"A sunlit boutique property a short walk from the temple complex, built around a rooftop terrace that most guests end up photographing before they unpack. The mid-sized rooms are plainly furnished, which is the point — the temple tank view is what you are paying for. Check-in is efficient; checkout is flexible if the property is not full.",INR,12:00,11:00,,0,active,2025-07-28T10:00:00+05:30,2026-08-18T10:00:00+05:30
htl_5f017daa,cty_bbb31d67,Amber Palms,hotel,2,5.7,25,"64 The Museum Quarter, Hampi",15.381859,76.444025,2.23,"This guesthouse trades on location rather than glamour: a short auto ride from the museum quarter, with a courtyard that does the heavy lifting. Rooms vary more than the photographs suggest; ask for one facing the hills if you are a light sleeper. The rooftop is open until eleven and is the best seat in the building.",INR,13:00,12:00,ORB,0,active,2022-11-03T10:00:00+05:30,2026-08-18T10:00:00+05:30
htl_b58f3951,cty_bbb31d67,Palm Regency Boutique Stay,apartment,4,9.8,25,"149 The Temple Complex, Hampi",15.344087,76.491638,3.89,"A compact hotel a short walk from the temple complex, built around a shaded verandah that most guests end up photographing before they unpack. Rooms vary more than the photographs suggest; ask for one facing the hills if you are a light sleeper. There is a small library off the lobby, mostly paperbacks left behind by other guests.",INR,13:00,11:00,,0,active,2023-01-11T10:00:00+05:30,2026-08-18T10:00:00+05:30
htl_f415989a,cty_bbb31d67,Indigo Niwas Resort,homestay,2,5.2,25,"17 The Old Bazaar, Hampi",15.335946,76.448018,1.65,"Sensibly priced and unhurried, this hotel sits a ten-minute walk from the old bazaar and keeps the traffic noise firmly outside its walls. Rooms are compact and lean colonial-revival; the quieter ones face the temple tank. Check-in is efficient; checkout is flexible if the property is not full.",INR,13:00,10:00,,0,active,2025-10-06T10:00:00+05:30,2026-08-18T10:00:00+05:30
htl_d1b123ad,cty_a97c33ad,Palm Kothi Inn,resort,3,7.6,25,"39 The River Ghats, Gokarna",14.526082,74.260624,2.69,"Low-key and unhurried, this homestay sits two streets from the river ghats and keeps the traffic noise firmly outside its walls. Rooms vary more than the photographs suggest; ask for one facing the garden if you are a light sleeper. Check-in is efficient; checkout is flexible if the property is not full.",INR,15:00,12:00,,0,active,2023-06-29T10:00:00+05:30,2026-08-18T10:00:00+05:30
htl_0c108c67,cty_a97c33ad,Heritage Mahal Resort,heritage,4,7.4,25,"97 The Temple Complex, Gokarna",14.547124,74.299864,1.59,"Low-key and unhurried, this resort sits four hundred metres from the temple complex and keeps the traffic noise firmly outside its walls. The generously sized rooms are plainly furnished, which is the point — the street view is what you are paying for. Staff will arrange a driver for the day at a rate worth negotiating.",INR,13:00,10:00,KVH,0,active,2024-07-28T10:00:00+05:30,2026-08-18T10:00:00+05:30
htl_3e63856a,cty_a97c33ad,The Bagh Resort,hotel,4,8.5,25,"74 The Fort Gate, Gokarna",14.547136,74.303425,3.92,"A unfussy hotel a short walk from the fort gate, built around a internal atrium that most guests end up photographing before they unpack. The compact rooms are plainly furnished, which is the point — the garden view is what you are paying for. There is a small library off the lobby, mostly paperbacks left behind by other guests.",INR,15:00,10:00,,0,active,2024-08-27T10:00:00+05:30,2026-08-18T10:00:00+05:30
htl_b1b494c7,cty_a97c33ad,The Old Orchard & Spa,hostel,5,8.5,25,"99 The Lake Promenade, Gokarna",14.597242,74.308868,4.92,"Converted from a 110-year-old family property, the homestay has kept the colonnaded corridor and added the plumbing the original never had. The unusually large rooms are plainly furnished, which is the point — the courtyard view is what you are paying for. Check-in is efficient; checkout is flexible if the property is not full.",INR,13:00,12:00,,0,active,2023-11-06T10:00:00+05:30,2026-08-18T10:00:00+05:30
htl_c134b947,cty_a97c33ad,Casa Meadows Heritage,homestay,4,7,25,"120 The Lake Promenade, Gokarna",14.497661,74.357062,4.45,"Converted from a 140-year-old family property, the homestay has kept the kitchen garden and added the plumbing the original never had. Rooms are compact and lean minimal; the quieter ones face the rear garden. The rooftop is open until eleven and is the best seat in the building.",INR,13:00,11:00,,0,active,2025-06-11T10:00:00+05:30,2026-08-18T10:00:00+05:30
htl_040c557e,cty_f8b75f8e,The Old Niwas Boutique Stay,guesthouse,3,7.6,25,"67 The Railway Station, Chennai",13.140122,80.327382,3.26,"This resort trades on location rather than glamour: two streets from the railway station, with a colonnaded corridor that does the heavy lifting. Rooms are mid-sized and lean traditional; the quieter ones face the courtyard. Check-in is efficient; checkout is flexible if the property is not full.",INR,13:00,11:00,,0,active,2022-10-05T10:00:00+05:30,2026-08-18T10:00:00+05:30
htl_8179b205,cty_f8b75f8e,Grand Courtyard,boutique,3,7,25,"168 The Museum Quarter, Chennai",13.138931,80.321072,4.05,"A restrained hotel a short walk from the museum quarter, built around a internal atrium that most guests end up photographing before they unpack. Expect mid-sized rooms, traditional finishes, and blackout curtains that actually work. Check-in is efficient; checkout is flexible if the property is not full.",INR,14:00,11:00,TAJ2,1,active,2022-06-27T10:00:00+05:30,2026-08-18T10:00:00+05:30
htl_9b015642,cty_f8b75f8e,Palm Retreat Heritage,guesthouse,5,8.9,25,"48 The Beach Road, Chennai",13.123055,80.254938,2.28,"A unfussy homestay popular with families with young children, largely because of the internal atrium and a kitchen that takes requests seriously. The unusually large rooms are plainly furnished, which is the point — the rear garden view is what you are paying for. The rooftop is open until eleven and is the best seat in the building.",INR,14:00,10:00,,0,active,2021-03-09T10:00:00+05:30,2026-08-18T10:00:00+05:30
htl_e13e7c6e,cty_f8b75f8e,Hotel Niwas by the Lake,boutique,3,5.2,25,"77 The Fort Gate, Chennai",13.02853,80.299945,0.64,"A compact guesthouse popular with long-stay guests, largely because of the shaded verandah and a kitchen that takes requests seriously. The compact rooms are plainly furnished, which is the point — the courtyard view is what you are paying for. Check-in is efficient; checkout is flexible if the property is not full.",INR,15:00,10:00,ORB,0,active,2022-10-29T10:00:00+05:30,2026-08-18T10:00:00+05:30
htl_b93e42eb,cty_f8b75f8e,Heritage Manor Homestay,heritage,3,7.6,25,"205 The Lake Promenade, Chennai",13.062536,80.245985,0.96,"A characterful boutique property a short walk from the lake promenade, built around a courtyard that most guests end up photographing before they unpack. Rooms are compact and lean warm and cluttered; the quieter ones face the lake. Staff will arrange a driver for the day at a rate worth negotiating.",INR,12:00,12:00,,0,active,2023-08-25T10:00:00+05:30,2026-08-18T10:00:00+05:30
htl_9643ee61,cty_3503e391,Riverside Mahal Homestay,hotel,4,7.9,25,"135 The Beach Road, Madurai",9.918065,78.112807,2.63,"A airy hotel a short walk from the beach road, built around a shaded verandah that most guests end up photographing before they unpack. Rooms vary more than the photographs suggest; ask for one facing the garden if you are a light sleeper. Breakfast runs late, which suits travellers who arrive on the overnight train.",INR,14:00,10:00,,0,active,2023-09-21T10:00:00+05:30,2026-08-18T10:00:00+05:30
htl_c9bc505f,cty_3503e391,Lake Nest Boutique Stay,boutique,4,8,25,"117 The Lake Promenade, Madurai",9.904666,78.179477,1.31,"A well-kept boutique property a short walk from the lake promenade, built around a shaded verandah that most guests end up photographing before they unpack. Expect compact rooms, traditional finishes, and blackout curtains that actually work. Staff will arrange a driver for the day at a rate worth negotiating.",INR,13:00,11:00,,0,active,2024-08-04T10:00:00+05:30,2026-08-18T10:00:00+05:30
htl_7aa20f17,cty_3503e391,The Old Nest Homestay,resort,3,7.2,25,"93 The Temple Complex, Madurai",9.889554,78.128969,5.68,"A quiet boutique property popular with repeat business travellers, largely because of the courtyard and a kitchen that takes requests seriously. Rooms vary more than the photographs suggest; ask for one facing the hills if you are a light sleeper. Staff will arrange a driver for the day at a rate worth negotiating.",INR,13:00,12:00,TAJ2,0,active,2022-03-12T10:00:00+05:30,2026-08-18T10:00:00+05:30
htl_ec9ef535,cty_3503e391,The Old Sanctuary Homestay,guesthouse,2,5.9,25,"131 The Temple Complex, Madurai",9.869311,78.160795,2.28,"Converted from a 110-year-old family property, the hotel has kept the internal atrium and added the plumbing the original never had. Expect compact rooms, contemporary finishes, and blackout curtains that actually work. Breakfast runs late, which suits travellers who arrive on the overnight train.",INR,14:00,11:00,,0,active,2024-06-20T10:00:00+05:30,2026-08-18T10:00:00+05:30
htl_bc107f55,cty_3503e391,Hotel Nest Suites,hotel,4,8.1,25,"7 The River Ghats, Madurai",9.941689,78.124689,2.11,"A characterful resort a short walk from the river ghats, built around a courtyard that most guests end up photographing before they unpack. Rooms are unusually large and lean minimal; the quieter ones face the hills. Staff will arrange a driver for the day at a rate worth negotiating.",INR,14:00,10:00,TAJ2,0,active,2022-09-08T10:00:00+05:30,2026-08-18T10:00:00+05:30
htl_7bdd1aff,cty_7fc82336,Riverside Sarovar Boutique Stay,boutique,3,8.1,25,"101 The Beach Road, Ooty",11.468982,76.686435,0.98,"Converted from a 80-year-old family property, the hotel has kept the courtyard and added the plumbing the original never had. Rooms vary more than the photographs suggest; ask for one facing the lake if you are a light sleeper. The rooftop is open until eleven and is the best seat in the building.",INR,14:00,10:00,,0,active,2024-06-05T10:00:00+05:30,2026-08-18T10:00:00+05:30
htl_e3c2d87b,cty_7fc82336,Royal Orchard Heritage,hotel,5,9.2,25,"38 The Railway Station, Ooty",11.457434,76.743024,0.17,"This boutique property trades on location rather than glamour: a ten-minute walk from the railway station, with a kitchen garden that does the heavy lifting. The compact rooms are plainly furnished, which is the point — the street view is what you are paying for. Staff will arrange a driver for the day at a rate worth negotiating.",INR,12:00,10:00,,0,active,2021-10-02T10:00:00+05:30,2026-08-18T10:00:00+05:30
htl_bf678135,cty_7fc82336,The Vihar Suites  ,hostel,5,9.8,25,"117 The Old Bazaar, Ooty",11.42509,76.688271,4.15,"Low-key and unhurried, this hotel sits a ten-minute walk from the old bazaar and keeps the traffic noise firmly outside its walls. Rooms vary more than the photographs suggest; ask for one facing the temple tank if you are a light sleeper. Staff will arrange a driver for the day at a rate worth negotiating.",INR,13:00,11:00,,0,active,2022-11-12T10:00:00+05:30,2026-08-18T10:00:00+05:30
htl_13418139,cty_7fc82336,Royal Meadows Boutique Stay,hotel,3,6.2,25,"68 The Lake Promenade, Ooty",11.371256,76.714078,5.15,"Comfortable and unhurried, this homestay sits a ten-minute walk from the lake promenade and keeps the traffic noise firmly outside its walls. Rooms are unusually large and lean traditional; the quieter ones face the temple tank. Breakfast runs late, which suits travellers who arrive on the overnight train.",INR,15:00,11:00,,0,active,2024-03-20T10:00:00+05:30,2026-08-18T10:00:00+05:30
htl_5a20d360,cty_7fc82336,Casa Courtyard Boutique Stay,guesthouse,3,8.2,25,"121 The Old Bazaar, Ooty",11.358074,76.742049,4.06,"Converted from a 140-year-old family property, the hotel has kept the colonnaded corridor and added the plumbing the original never had. Rooms are compact and lean contemporary; the quieter ones face the garden. Check-in is efficient; checkout is flexible if the property is not full.",INR,12:00,11:00,LEMN,0,active,2025-04-16T10:00:00+05:30,2026-08-18T10:00:00+05:30
htl_b9dc154f,cty_f288c6a0,The Old Mahal Resort,boutique,4,7.9,25,"186 The Old Bazaar, Pondicherry",11.912958,79.830769,0.68,"A airy boutique property popular with repeat business travellers, largely because of the internal atrium and a kitchen that takes requests seriously. The compact rooms are plainly furnished, which is the point — the garden view is what you are paying for. There is a small library off the lobby, mostly paperbacks left behind by other guests.",INR,15:00,10:00,,0,active,2023-09-28T10:00:00+05:30,2026-08-18T10:00:00+05:30
htl_7bb07d85,cty_f288c6a0,Villa Verandah Resort,apartment,4,8.7,25,"105 The Museum Quarter, Pondicherry",11.866931,79.841757,2.88,"A quiet resort popular with trekking groups, largely because of the banyan tree and a kitchen that takes requests seriously. Rooms are generously sized and lean warm and cluttered; the quieter ones face the courtyard. Breakfast runs late, which suits travellers who arrive on the overnight train.",INR,14:00,12:00,,0,active,2022-04-14T10:00:00+05:30,2026-08-18T10:00:00+05:30
htl_718f3718,cty_f288c6a0,Amber Manor & Spa,resort,2,5.2,25,"11 The Old Bazaar, Pondicherry",11.965756,79.780225,2.69,"A airy resort popular with long-stay guests, largely because of the kitchen garden and a kitchen that takes requests seriously. Rooms are generously sized and lean traditional; the quieter ones face the street. Check-in is efficient; checkout is flexible if the property is not full.",INR,14:00,12:00,SRVR,0,active,2024-11-03T10:00:00+05:30,2026-08-18T10:00:00+05:30
htl_4aef7a7a,cty_f288c6a0,Heritage Meadows Boutique Stay,boutique,3,8.7,25,"16 The Lake Promenade, Pondicherry",11.964895,79.858766,0.23,"Converted from a 110-year-old family property, the hotel has kept the rooftop terrace and added the plumbing the original never had. Expect compact rooms, warm and cluttered finishes, and blackout curtains that actually work. There is a small library off the lobby, mostly paperbacks left behind by other guests.",INR,14:00,10:00,,0,active,2023-01-11T10:00:00+05:30,2026-08-18T10:00:00+05:30
htl_101afcbe,cty_f288c6a0,The Sarovar Inn,hotel,3,7,25,"135 The Fort Gate, Pondicherry",11.970689,79.788892,4.26,"Comfortable and unhurried, this hotel sits four hundred metres from the fort gate and keeps the traffic noise firmly outside its walls. Expect compact rooms, minimal finishes, and blackout curtains that actually work. Check-in is efficient; checkout is flexible if the property is not full.",INR,13:00,12:00,LEMN,0,active,2025-05-08T10:00:00+05:30,2026-08-18T10:00:00+05:30
htl_ddccdc31,cty_7f673457,Riverside Kothi Suites,apartment,3,6.3,25,"32 The Railway Station, Thanjavur",10.784137,79.179681,2.46,"A sunlit homestay a short walk from the railway station, built around a shaded verandah that most guests end up photographing before they unpack. Expect compact rooms, minimal finishes, and blackout curtains that actually work. There is a small library off the lobby, mostly paperbacks left behind by other guests.",INR,14:00,10:00,LEMN,0,active,2022-12-09T10:00:00+05:30,2026-08-18T10:00:00+05:30
htl_960025d2,cty_7f673457,Hillview Bungalow Homestay,homestay,3,,25,"62 The Museum Quarter, Thanjavur",10.81066,79.171311,3.44,"A characterful homestay popular with photographers, largely because of the internal atrium and a kitchen that takes requests seriously. The compact rooms are plainly furnished, which is the point — the courtyard view is what you are paying for. Check-in is efficient; checkout is flexible if the property is not full.",INR,12:00,11:00,,0,active,2023-07-06T10:00:00+05:30,2026-08-18T10:00:00+05:30
htl_c8a743dd,cty_7f673457,Indigo Verandah Homestay,hotel,2,5.8,25,"64 The Beach Road, Thanjavur",10.779569,79.091855,3.68,"A well-kept boutique property a short walk from the beach road, built around a courtyard that most guests end up photographing before they unpack. Rooms are compact and lean colonial-revival; the quieter ones face the garden. Staff will arrange a driver for the day at a rate worth negotiating.",INR,15:00,11:00,,0,active,2026-01-06T10:00:00+05:30,2026-08-18T10:00:00+05:30
htl_cebc7d14,cty_7f673457,Hotel Kothi & Spa,homestay,2,6.5,25,"33 The Lake Promenade, Thanjavur",10.726446,79.089011,1.75,"A restrained hotel popular with repeat business travellers, largely because of the banyan tree and a kitchen that takes requests seriously. Rooms are unusually large and lean contemporary; the quieter ones face the hills. Staff will arrange a driver for the day at a rate worth negotiating.",INR,13:00,10:00,ORB,0,active,2021-08-20T10:00:00+05:30,2026-08-18T10:00:00+05:30
htl_0271c63d,cty_7f673457,The Old Regency Inn,boutique,3,7.4,25,"167 The Fort Gate, Thanjavur",10.748318,79.162742,2.36,"Sensibly priced and unhurried, this homestay sits two streets from the fort gate and keeps the traffic noise firmly outside its walls. The mid-sized rooms are plainly furnished, which is the point — the temple tank view is what you are paying for. There is a small library off the lobby, mostly paperbacks left behind by other guests.",INR,14:00,11:00,KVH,0,active,2025-07-06T10:00:00+05:30,2026-08-18T10:00:00+05:30
htl_90bb6e48,cty_8b6b1652,Palm Mahal Inn,resort,4,8.4,25,"118 The River Ghats, Kochi",9.965916,76.274235,4.05,"A quiet resort popular with couples on a short break, largely because of the colonnaded corridor and a kitchen that takes requests seriously. Rooms vary more than the photographs suggest; ask for one facing the rear garden if you are a light sleeper. Staff will arrange a driver for the day at a rate worth negotiating.",INR,12:00,11:00,KVH,0,active,2021-03-19T10:00:00+05:30,2026-08-18T10:00:00+05:30
htl_871f7548,cty_8b6b1652,Casa Bungalow Boutique Stay,hotel,2,6.4,25,"183 The Old Bazaar, Kochi",9.989886,76.228721,2.11,"Low-key and unhurried, this boutique property sits four hundred metres from the old bazaar and keeps the traffic noise firmly outside its walls. Expect unusually large rooms, minimal finishes, and blackout curtains that actually work. Breakfast runs late, which suits travellers who arrive on the overnight train.",INR,13:00,10:00,,0,active,2023-10-12T10:00:00+05:30,2026-08-18T10:00:00+05:30
htl_fd99a5e3,cty_8b6b1652,Amber Bagh Resort,resort,4,8.6,25,"101 The Beach Road, Kochi",9.893178,76.256188,3.12,"Family-run and unhurried, this homestay sits a short auto ride from the beach road and keeps the traffic noise firmly outside its walls. Rooms vary more than the photographs suggest; ask for one facing the lake if you are a light sleeper. Check-in is efficient; checkout is flexible if the property is not full.",INR,13:00,11:00,,1,active,2024-12-18T10:00:00+05:30,2026-08-18T10:00:00+05:30
htl_02220bb1,cty_8b6b1652,Amber Bungalow Resort,boutique,4,7.3,25,"183 The River Ghats, Kochi",9.908894,76.24812,0.93,"A quiet boutique property popular with families with young children, largely because of the colonnaded corridor and a kitchen that takes requests seriously. Rooms are compact and lean minimal; the quieter ones face the courtyard. There is a small library off the lobby, mostly paperbacks left behind by other guests.",INR,13:00,11:00,,0,active,2022-08-22T10:00:00+05:30,2026-08-18T10:00:00+05:30
htl_068a2e31,cty_8b6b1652,Amber Ghat House,hotel,3,5.5,25,"31 The Old Bazaar, Kochi",9.979794,76.277368,2.9,"A well-kept homestay popular with photographers, largely because of the colonnaded corridor and a kitchen that takes requests seriously. Expect unusually large rooms, contemporary finishes, and blackout curtains that actually work. Breakfast runs late, which suits travellers who arrive on the overnight train.",INR,15:00,12:00,LEMN,0,active,2024-09-17T10:00:00+05:30,2026-08-18T10:00:00+05:30
htl_8dd76814,cty_34bbfdfe,The Verandah Heritage,hotel,2,7.6,25,"74 The Beach Road, Alleppey",9.535743,76.316883,5.2,"A compact homestay a short walk from the beach road, built around a rooftop terrace that most guests end up photographing before they unpack. Rooms vary more than the photographs suggest; ask for one facing the temple tank if you are a light sleeper. The rooftop is open until eleven and is the best seat in the building.",INR,13:00,11:00,,0,active,2024-04-03T10:00:00+05:30,2026-08-18T10:00:00+05:30
htl_ea1d6629,cty_34bbfdfe,The Old Residency,homestay,3,,25,"193 The Fort Gate, Alleppey",9.54462,76.389358,0.25,"Converted from a 80-year-old family property, the resort has kept the kitchen garden and added the plumbing the original never had. Rooms vary more than the photographs suggest; ask for one facing the garden if you are a light sleeper. Check-in is efficient; checkout is flexible if the property is not full.",INR,15:00,11:00,KVH,0,active,2025-03-21T10:00:00+05:30,2026-08-18T10:00:00+05:30
htl_8f2c9fd3,cty_34bbfdfe,Hotel Bagh Homestay,hostel,4,8,25,"66 The Lake Promenade, Alleppey",9.55437,76.339686,4.5,"This homestay trades on location rather than glamour: four hundred metres from the lake promenade, with a kitchen garden that does the heavy lifting. Rooms are mid-sized and lean traditional; the quieter ones face the hills. The rooftop is open until eleven and is the best seat in the building.",INR,14:00,11:00,,0,active,2022-05-15T10:00:00+05:30,2026-08-18T10:00:00+05:30
htl_25648fce,cty_34bbfdfe,Royal Nest Inn,apartment,3,7.5,25,"34 The Museum Quarter, Alleppey",9.556639,76.294722,2.87,"This guesthouse trades on location rather than glamour: a ten-minute walk from the museum quarter, with a colonnaded corridor that does the heavy lifting. The unusually large rooms are plainly furnished, which is the point — the lake view is what you are paying for. Breakfast runs late, which suits travellers who arrive on the overnight train.",INR,14:00,12:00,,0,active,2024-06-21T10:00:00+05:30,2026-08-18T10:00:00+05:30
htl_2755e47d,cty_34bbfdfe,Garden Niwas Resort,resort,5,7.7,25,"130 The Museum Quarter, Alleppey",9.469199,76.362434,1.19,"A characterful resort popular with long-stay guests, largely because of the banyan tree and a kitchen that takes requests seriously. The mid-sized rooms are plainly furnished, which is the point — the courtyard view is what you are paying for. Breakfast runs late, which suits travellers who arrive on the overnight train.",INR,12:00,12:00,TAJ2,0,active,2021-12-01T10:00:00+05:30,2026-08-18T10:00:00+05:30
htl_84019428,cty_d401ef6b,Lake Sanctuary Heritage,hotel,3,6.8,25,"35 The Fort Gate, Munnar",10.072777,77.025597,0.65,"A airy resort a short walk from the fort gate, built around a internal atrium that most guests end up photographing before they unpack. Rooms are generously sized and lean traditional; the quieter ones face the hills. The rooftop is open until eleven and is the best seat in the building.",INR,12:00,10:00,TAJ2,0,active,2023-03-12T10:00:00+05:30,2026-08-18T10:00:00+05:30
htl_4e72ba4d,cty_d401ef6b,Villa Terraces Suites,boutique,2,6.6,25,"204 The Fort Gate, Munnar",10.08845,77.051769,3.49,"Sensibly priced and unhurried, this hotel sits two streets from the fort gate and keeps the traffic noise firmly outside its walls. Rooms are generously sized and lean colonial-revival; the quieter ones face the rear garden. There is a small library off the lobby, mostly paperbacks left behind by other guests.",INR,13:00,12:00,,0,active,2022-10-13T10:00:00+05:30,2026-08-18T10:00:00+05:30
htl_a47cd4c7,cty_d401ef6b,Villa Vihar Homestay,homestay,5,8.4,25,"116 The Beach Road, Munnar",10.097446,77.025416,2.61,"A compact homestay popular with repeat business travellers, largely because of the colonnaded corridor and a kitchen that takes requests seriously. Rooms are mid-sized and lean contemporary; the quieter ones face the temple tank. There is a small library off the lobby, mostly paperbacks left behind by other guests.",INR,13:00,12:00,,0,active,2023-07-06T10:00:00+05:30,2026-08-18T10:00:00+05:30
htl_48fec9af,cty_d401ef6b,Royal Nest & Spa,hostel,4,6.9,25,"125 The Beach Road, Munnar",10.053343,77.06652,1.85,"Low-key and unhurried, this hotel sits a ten-minute walk from the beach road and keeps the traffic noise firmly outside its walls. Expect unusually large rooms, minimal finishes, and blackout curtains that actually work. There is a small library off the lobby, mostly paperbacks left behind by other guests.",INR,13:00,12:00,,0,active,2021-10-13T10:00:00+05:30,2026-08-18T10:00:00+05:30
htl_b36fd517,cty_d401ef6b,Garden Vihar Suites,resort,2,7.3,25,"62 The Fort Gate, Munnar",10.094923,77.028153,2.9,"A quiet homestay a short walk from the fort gate, built around a rooftop terrace that most guests end up photographing before they unpack. The unusually large rooms are plainly furnished, which is the point — the street view is what you are paying for. The rooftop is open until eleven and is the best seat in the building.",INR,14:00,10:00,LEMN,0,active,2022-08-29T10:00:00+05:30,2026-08-18T10:00:00+05:30
htl_298b4ec1,cty_67ee7f6f,Garden Palms,hotel,5,9.3,25,"167 The River Ghats, Thiruvananthapuram",8.552326,76.986715,4.9,"Family-run and unhurried, this homestay sits four hundred metres from the river ghats and keeps the traffic noise firmly outside its walls. The generously sized rooms are plainly furnished, which is the point — the courtyard view is what you are paying for. There is a small library off the lobby, mostly paperbacks left behind by other guests.",INR,14:00,10:00,,0,active,2022-11-28T10:00:00+05:30,2026-08-18T10:00:00+05:30
htl_d205a5e4,cty_67ee7f6f,Hillview Residency Resort,hotel,2,7.3,25,"75 The Lake Promenade, Thiruvananthapuram",8.4735,76.994104,3.31,"A quiet guesthouse a short walk from the lake promenade, built around a colonnaded corridor that most guests end up photographing before they unpack. Rooms vary more than the photographs suggest; ask for one facing the rear garden if you are a light sleeper. There is a small library off the lobby, mostly paperbacks left behind by other guests.",INR,12:00,12:00,,0,active,2022-11-01T10:00:00+05:30,2026-08-18T10:00:00+05:30
htl_c0de65d4,cty_67ee7f6f,Indigo Residency & Spa,homestay,3,7.5,25,"106 The Railway Station, Thiruvananthapuram",8.575854,76.901038,3.33,"Converted from a 140-year-old family property, the homestay has kept the shaded verandah and added the plumbing the original never had. Rooms vary more than the photographs suggest; ask for one facing the rear garden if you are a light sleeper. There is a small library off the lobby, mostly paperbacks left behind by other guests.",INR,13:00,11:00,,0,active,2021-09-23T10:00:00+05:30,2026-08-18T10:00:00+05:30
htl_dc149b42,cty_67ee7f6f,The Old Regency,resort,4,,25,"91 The Fort Gate, Thiruvananthapuram",8.466092,76.887269,2.15,"A characterful guesthouse a short walk from the fort gate, built around a colonnaded corridor that most guests end up photographing before they unpack. Rooms vary more than the photographs suggest; ask for one facing the rear garden if you are a light sleeper. The rooftop is open until eleven and is the best seat in the building.",INR,12:00,10:00,,0,active,2022-09-29T10:00:00+05:30,2026-08-18T10:00:00+05:30
htl_4d461be6,cty_67ee7f6f,Palm Meadows Suites,heritage,2,5.6,25,"162 The Fort Gate, Thiruvananthapuram",8.541739,76.967739,0.79,"A unfussy resort popular with repeat business travellers, largely because of the shaded verandah and a kitchen that takes requests seriously. Expect compact rooms, traditional finishes, and blackout curtains that actually work. Check-in is efficient; checkout is flexible if the property is not full.",INR,13:00,12:00,TAJ2,0,active,2021-03-06T10:00:00+05:30,2026-08-18T10:00:00+05:30
htl_273028a1,cty_541018a9,Grand Kothi & Spa,homestay,3,8,25,"49 The Beach Road, Wayanad",11.704315,76.149703,2.66,"This guesthouse trades on location rather than glamour: a ten-minute walk from the beach road, with a colonnaded corridor that does the heavy lifting. Rooms vary more than the photographs suggest; ask for one facing the garden if you are a light sleeper. Check-in is efficient; checkout is flexible if the property is not full.",INR,13:00,12:00,,0,active,2023-02-15T10:00:00+05:30,2026-08-18T10:00:00+05:30
htl_30653890,cty_541018a9,Royal Verandah & Spa,hotel,4,7,25,"75 The Temple Complex, Wayanad",11.637982,76.139791,2.09,"Converted from a 140-year-old family property, the resort has kept the courtyard and added the plumbing the original never had. Expect unusually large rooms, minimal finishes, and blackout curtains that actually work. The rooftop is open until eleven and is the best seat in the building.",INR,14:00,10:00,KVH,0,active,2021-10-04T10:00:00+05:30,2026-08-18T10:00:00+05:30
htl_bfce4849,cty_541018a9,Palm Sanctuary Boutique Stay,boutique,5,7.8,25,"35 The Temple Complex, Wayanad",11.690714,76.100802,2.08,"This hotel trades on location rather than glamour: a ten-minute walk from the temple complex, with a rooftop terrace that does the heavy lifting. The mid-sized rooms are plainly furnished, which is the point — the hills view is what you are paying for. There is a small library off the lobby, mostly paperbacks left behind by other guests.",INR,12:00,11:00,,0,active,2022-04-28T10:00:00+05:30,2026-08-18T10:00:00+05:30
htl_bf31f384,cty_541018a9,The Terraces Resort,hostel,4,7.1,25,"79 The Railway Station, Wayanad",11.654037,76.175823,1.34,"A unfussy boutique property popular with long-stay guests, largely because of the banyan tree and a kitchen that takes requests seriously. The generously sized rooms are plainly furnished, which is the point — the lake view is what you are paying for. Check-in is efficient; checkout is flexible if the property is not full.",INR,14:00,12:00,,0,active,2021-09-12T10:00:00+05:30,2026-08-18T10:00:00+05:30
htl_48b38cd2,cty_541018a9,Lake Bagh Suites,apartment,3,7.9,25,"128 The Lake Promenade, Wayanad",11.7475,76.194819,4.35,"A characterful hotel a short walk from the lake promenade, built around a internal atrium that most guests end up photographing before they unpack. The mid-sized rooms are plainly furnished, which is the point — the hills view is what you are paying for. Breakfast runs late, which suits travellers who arrive on the overnight train.",INR,13:00,11:00,KVH,0,active,2022-05-19T10:00:00+05:30,2026-08-18T10:00:00+05:30
htl_9591edb5,cty_718f03c7,Garden Residency & Spa,hostel,4,9.2,25,"219 The Railway Station, Hyderabad",17.341138,78.483039,2.7,"Converted from a 140-year-old family property, the resort has kept the courtyard and added the plumbing the original never had. The unusually large rooms are plainly furnished, which is the point — the street view is what you are paying for. Staff will arrange a driver for the day at a rate worth negotiating.",INR,15:00,11:00,ORB,0,active,2022-11-25T10:00:00+05:30,2026-08-18T10:00:00+05:30
htl_44f1ae8b,cty_718f03c7,Casa Meadows Inn,hotel,3,6.4,25,"117 The Railway Station, Hyderabad",17.409413,78.435406,4.84,"A characterful homestay a short walk from the railway station, built around a banyan tree that most guests end up photographing before they unpack. Rooms are unusually large and lean contemporary; the quieter ones face the street. Breakfast runs late, which suits travellers who arrive on the overnight train.",INR,12:00,12:00,LEMN,0,active,2023-02-15T10:00:00+05:30,2026-08-18T10:00:00+05:30
htl_01cc0635,cty_718f03c7,Amber Ghat House Heritage,hotel,4,8.3,25,"188 The Museum Quarter, Hyderabad",17.339611,78.468229,2.81,"This hotel trades on location rather than glamour: a short auto ride from the museum quarter, with a internal atrium that does the heavy lifting. Expect unusually large rooms, warm and cluttered finishes, and blackout curtains that actually work. Check-in is efficient; checkout is flexible if the property is not full.",INR,14:00,10:00,,0,active,2021-04-14T10:00:00+05:30,2026-08-18T10:00:00+05:30
htl_14e0ebdc,cty_718f03c7,Hillview Bagh Resort,boutique,3,7.6,25,"153 The Beach Road, Hyderabad",17.406608,78.485873,1.11,"This guesthouse trades on location rather than glamour: two streets from the beach road, with a banyan tree that does the heavy lifting. Rooms vary more than the photographs suggest; ask for one facing the rear garden if you are a light sleeper. The rooftop is open until eleven and is the best seat in the building.",INR,14:00,10:00,,1,active,2021-05-28T10:00:00+05:30,2026-08-18T10:00:00+05:30
htl_b24e5527,cty_718f03c7,Palm Mahal Heritage,boutique,3,6.3,25,"71 The Lake Promenade, Hyderabad",17.393145,78.451365,2.49,"A sunlit hotel a short walk from the lake promenade, built around a kitchen garden that most guests end up photographing before they unpack. Rooms vary more than the photographs suggest; ask for one facing the garden if you are a light sleeper. There is a small library off the lobby, mostly paperbacks left behind by other guests.",INR,14:00,11:00,,0,active,2022-07-05T10:00:00+05:30,2026-08-18T10:00:00+05:30
htl_33999106,cty_7cb0b529,Grand Regency Homestay,hotel,4,7.4,25,"110 The Fort Gate, Visakhapatnam",17.668218,83.269358,6.58,"A compact boutique property popular with photographers, largely because of the courtyard and a kitchen that takes requests seriously. Rooms are compact and lean minimal; the quieter ones face the courtyard. Check-in is efficient; checkout is flexible if the property is not full.",INR,14:00,11:00,SRVR,0,active,2025-09-05T10:00:00+05:30,2026-08-18T10:00:00+05:30
htl_0a785439,cty_7cb0b529,Garden Sarovar Homestay,apartment,3,8.8,25,"4 The Fort Gate, Visakhapatnam",17.637137,83.16275,2.04,"A restrained boutique property a short walk from the fort gate, built around a stepwell-style water feature that most guests end up photographing before they unpack. Expect unusually large rooms, warm and cluttered finishes, and blackout curtains that actually work. Staff will arrange a driver for the day at a rate worth negotiating.",INR,13:00,10:00,,1,active,2023-06-04T10:00:00+05:30,2026-08-18T10:00:00+05:30
htl_b3c102fc,cty_7cb0b529,The Old Meadows by the Lake,guesthouse,3,7.1,25,"101 The Beach Road, Visakhapatnam",17.675246,83.209052,6.96,"Converted from a 60-year-old family property, the resort has kept the stepwell-style water feature and added the plumbing the original never had. The generously sized rooms are plainly furnished, which is the point — the temple tank view is what you are paying for. Check-in is efficient; checkout is flexible if the property is not full.",INR,14:00,11:00,KVH,0,active,2025-08-28T10:00:00+05:30,2026-08-18T10:00:00+05:30
htl_76cb1dd1,cty_7cb0b529,Villa Haveli Suites,homestay,4,7.1,25,"213 The Railway Station, Visakhapatnam",17.673339,83.182635,2.1,"Genuinely quiet and unhurried, this hotel sits two streets from the railway station and keeps the traffic noise firmly outside its walls. Expect compact rooms, warm and cluttered finishes, and blackout curtains that actually work. Staff will arrange a driver for the day at a rate worth negotiating.",INR,12:00,11:00,ORB,0,active,2023-03-28T10:00:00+05:30,2026-08-18T10:00:00+05:30
htl_dfe97fda,cty_7cb0b529,Villa Verandah by the Lake,homestay,4,6.3,25,"77 The Fort Gate, Visakhapatnam",17.692175,83.269905,1.1,"Low-key and unhurried, this boutique property sits a ten-minute walk from the fort gate and keeps the traffic noise firmly outside its walls. Rooms vary more than the photographs suggest; ask for one facing the courtyard if you are a light sleeper. Check-in is efficient; checkout is flexible if the property is not full.",INR,15:00,10:00,,0,active,2024-07-04T10:00:00+05:30,2026-08-18T10:00:00+05:30
htl_245a6528,cty_d4f5e3a5,The Old Niwas & Spa,homestay,3,7.1,25,"68 The Museum Quarter, Tirupati",13.673357,79.393278,1.69,"A quiet resort a short walk from the museum quarter, built around a stepwell-style water feature that most guests end up photographing before they unpack. Rooms are compact and lean traditional; the quieter ones face the courtyard. The rooftop is open until eleven and is the best seat in the building.",INR,14:00,12:00,,1,active,2021-03-06T10:00:00+05:30,2026-08-18T10:00:00+05:30
htl_79d42624,cty_d4f5e3a5,Palm Kothi,hotel,4,7.8,25,"2 The Temple Complex, Tirupati",13.593547,79.446943,3.68,"This boutique property trades on location rather than glamour: two streets from the temple complex, with a courtyard that does the heavy lifting. The mid-sized rooms are plainly furnished, which is the point — the garden view is what you are paying for. Check-in is efficient; checkout is flexible if the property is not full.",INR,13:00,11:00,,0,active,2024-02-09T10:00:00+05:30,2026-08-18T10:00:00+05:30
htl_764cb54e,cty_d4f5e3a5,Palm Sanctuary Resort,hotel,3,7.1,25,"167 The Fort Gate, Tirupati",13.634121,79.371868,2.87,"Converted from a 80-year-old family property, the guesthouse has kept the kitchen garden and added the plumbing the original never had. Expect unusually large rooms, warm and cluttered finishes, and blackout curtains that actually work. Staff will arrange a driver for the day at a rate worth negotiating.",INR,14:00,12:00,,0,active,2025-03-04T10:00:00+05:30,2026-08-18T10:00:00+05:30
htl_abb24469,cty_d4f5e3a5,Royal Ghat House Boutique Stay,apartment,4,,25,"142 The Temple Complex, Tirupati",13.656973,79.478071,0.74,"A airy boutique property a short walk from the temple complex, built around a internal atrium that most guests end up photographing before they unpack. The compact rooms are plainly furnished, which is the point — the lake view is what you are paying for. The rooftop is open until eleven and is the best seat in the building.",INR,13:00,10:00,,0,active,2024-01-06T10:00:00+05:30,2026-08-18T10:00:00+05:30
htl_02acd495,cty_d4f5e3a5,Grand Verandah Boutique Stay,boutique,3,,25,"47 The Museum Quarter, Tirupati",13.597822,79.425772,3.04,"Comfortable and unhurried, this homestay sits a short auto ride from the museum quarter and keeps the traffic noise firmly outside its walls. Expect mid-sized rooms, minimal finishes, and blackout curtains that actually work. Check-in is efficient; checkout is flexible if the property is not full.",INR,15:00,10:00,,0,active,2023-07-29T10:00:00+05:30,2026-08-18T10:00:00+05:30
htl_47d978bd,cty_ab50efee,Heritage Kothi Inn,heritage,4,7.6,25,"98 The River Ghats, Kolkata",22.515207,88.355168,3.58,"A compact guesthouse a short walk from the river ghats, built around a shaded verandah that most guests end up photographing before they unpack. Rooms are mid-sized and lean minimal; the quieter ones face the lake. Check-in is efficient; checkout is flexible if the property is not full.",INR,13:00,10:00,,0,active,2025-03-17T10:00:00+05:30,2026-08-18T10:00:00+05:30
htl_3ae2dcdc,cty_ab50efee,Heritage Verandah Resort,resort,4,8.2,25,"43 The Museum Quarter, Kolkata",22.596172,88.309764,4.91,"Comfortable and unhurried, this resort sits two streets from the museum quarter and keeps the traffic noise firmly outside its walls. Rooms vary more than the photographs suggest; ask for one facing the courtyard if you are a light sleeper. Staff will arrange a driver for the day at a rate worth negotiating.",INR,12:00,12:00,,0,active,2023-04-18T10:00:00+05:30,2026-08-18T10:00:00+05:30
htl_e2de8e67,cty_ab50efee,Indigo Sarovar Heritage,resort,4,9.8,25,"179 The Old Bazaar, Kolkata",22.511198,88.430445,2.35,"This resort trades on location rather than glamour: a ten-minute walk from the old bazaar, with a kitchen garden that does the heavy lifting. Rooms are compact and lean minimal; the quieter ones face the hills. The rooftop is open until eleven and is the best seat in the building.",INR,13:00,11:00,,0,active,2023-03-23T10:00:00+05:30,2026-08-18T10:00:00+05:30
htl_bae73dee,cty_ab50efee,The Old Residency Suites,homestay,5,9,25,"172 The Lake Promenade, Kolkata",22.625578,88.390716,3.3,"Converted from a 140-year-old family property, the guesthouse has kept the internal atrium and added the plumbing the original never had. Rooms vary more than the photographs suggest; ask for one facing the lake if you are a light sleeper. There is a small library off the lobby, mostly paperbacks left behind by other guests.",INR,13:00,12:00,,0,active,2021-06-06T10:00:00+05:30,2026-08-18T10:00:00+05:30
htl_f240ca58,cty_ab50efee,Garden Vihar Homestay,hotel,5,8.2,25,"102 The Fort Gate, Kolkata",22.603289,88.422237,2.33,"Converted from a 60-year-old family property, the guesthouse has kept the kitchen garden and added the plumbing the original never had. Rooms are unusually large and lean traditional; the quieter ones face the lake. Check-in is efficient; checkout is flexible if the property is not full.",INR,14:00,12:00,,0,active,2021-12-06T10:00:00+05:30,2026-08-18T10:00:00+05:30
htl_8355f0e8,cty_c43cfa94,Riverside Retreat Homestay,hotel,2,,25,"111 The Fort Gate, Darjeeling",27.087226,88.225129,0.69,"This guesthouse trades on location rather than glamour: a short auto ride from the fort gate, with a rooftop terrace that does the heavy lifting. Rooms vary more than the photographs suggest; ask for one facing the lake if you are a light sleeper. Breakfast runs late, which suits travellers who arrive on the overnight train.",INR,12:00,12:00,ORB,0,active,2022-11-03T10:00:00+05:30,2026-08-18T10:00:00+05:30
htl_56eca5af,cty_c43cfa94,Royal Sarovar Boutique Stay,apartment,3,7.5,25,"171 The Temple Complex, Darjeeling",27.046083,88.308109,0.15,"A well-kept hotel a short walk from the temple complex, built around a banyan tree that most guests end up photographing before they unpack. The mid-sized rooms are plainly furnished, which is the point — the hills view is what you are paying for. Staff will arrange a driver for the day at a rate worth negotiating.",INR,13:00,11:00,KVH,1,active,2025-11-18T10:00:00+05:30,2026-08-18T10:00:00+05:30
htl_436b30f2,cty_c43cfa94,Lake Mahal by the Lake,apartment,4,5.8,25,"71 The Lake Promenade, Darjeeling",27.060635,88.320414,4.91,"Converted from a 60-year-old family property, the resort has kept the shaded verandah and added the plumbing the original never had. Expect mid-sized rooms, traditional finishes, and blackout curtains that actually work. Staff will arrange a driver for the day at a rate worth negotiating.",INR,13:00,11:00,KVH,0,active,2021-12-26T10:00:00+05:30,2026-08-18T10:00:00+05:30
htl_856e726b,cty_c43cfa94,Hotel Verandah Heritage,guesthouse,3,5.3,25,"186 The Temple Complex, Darjeeling",26.980221,88.275683,4.58,"Converted from a 80-year-old family property, the guesthouse has kept the courtyard and added the plumbing the original never had. The mid-sized rooms are plainly furnished, which is the point — the rear garden view is what you are paying for. The rooftop is open until eleven and is the best seat in the building.",INR,15:00,12:00,,0,active,2021-09-18T10:00:00+05:30,2026-08-18T10:00:00+05:30
htl_8af8dc5e,cty_c43cfa94,Heritage Palms,homestay,4,9.1,25,"179 The Old Bazaar, Darjeeling",27.047792,88.295019,1.26,"Family-run and unhurried, this guesthouse sits a short auto ride from the old bazaar and keeps the traffic noise firmly outside its walls. Expect compact rooms, warm and cluttered finishes, and blackout curtains that actually work. Check-in is efficient; checkout is flexible if the property is not full.",INR,14:00,11:00,,0,active,2022-12-01T10:00:00+05:30,2026-08-18T10:00:00+05:30
htl_a4e3bbe6,cty_b6ccbb3b,The Old Vihar Resort,hotel,5,9.8,25,"38 The Museum Quarter, Puri",19.821471,85.882142,3.29,"This hotel trades on location rather than glamour: two streets from the museum quarter, with a kitchen garden that does the heavy lifting. Rooms vary more than the photographs suggest; ask for one facing the courtyard if you are a light sleeper. Breakfast runs late, which suits travellers who arrive on the overnight train.",INR,12:00,11:00,,0,active,2022-01-25T10:00:00+05:30,2026-08-18T10:00:00+05:30
htl_601e876f,cty_b6ccbb3b,Casa Verandah Resort,resort,3,7.7,25,"75 The Temple Complex, Puri",19.784966,85.870576,2.76,"A well-kept hotel a short walk from the temple complex, built around a colonnaded corridor that most guests end up photographing before they unpack. Expect compact rooms, colonial-revival finishes, and blackout curtains that actually work. Breakfast runs late, which suits travellers who arrive on the overnight train.",INR,12:00,10:00,,0,active,2023-06-15T10:00:00+05:30,2026-08-18T10:00:00+05:30
htl_4374ecd9,cty_b6ccbb3b,Grand Bagh Heritage,boutique,4,,25,"8 The Museum Quarter, Puri",19.864864,85.848301,4.86,"Converted from a 110-year-old family property, the homestay has kept the rooftop terrace and added the plumbing the original never had. Rooms vary more than the photographs suggest; ask for one facing the hills if you are a light sleeper. There is a small library off the lobby, mostly paperbacks left behind by other guests.",INR,14:00,11:00,,1,active,2024-07-16T10:00:00+05:30,2026-08-18T10:00:00+05:30
htl_33ef8894,cty_b6ccbb3b,Royal Residency Inn,homestay,5,9.1,25,"45 The Railway Station, Puri",19.836845,85.872228,3.61,"Converted from a 140-year-old family property, the homestay has kept the courtyard and added the plumbing the original never had. Rooms vary more than the photographs suggest; ask for one facing the courtyard if you are a light sleeper. Breakfast runs late, which suits travellers who arrive on the overnight train.",INR,13:00,11:00,,0,active,2024-10-25T10:00:00+05:30,2026-08-18T10:00:00+05:30
htl_2cbf2c51,cty_b6ccbb3b,Amber Meadows Suites,hotel,3,7.5,25,"214 The Old Bazaar, Puri",19.792109,85.785647,2.61,"A sunlit resort popular with trekking groups, largely because of the colonnaded corridor and a kitchen that takes requests seriously. Rooms vary more than the photographs suggest; ask for one facing the temple tank if you are a light sleeper. Staff will arrange a driver for the day at a rate worth negotiating.",INR,14:00,11:00,LEMN,0,active,2024-08-17T10:00:00+05:30,2026-08-18T10:00:00+05:30
htl_134fd9ab,cty_7be8559f,Heritage Orchard Inn,hotel,4,8,25,"62 The Lake Promenade, Bhubaneswar",20.285207,85.883652,3.14,"Converted from a 60-year-old family property, the boutique property has kept the banyan tree and added the plumbing the original never had. Rooms vary more than the photographs suggest; ask for one facing the street if you are a light sleeper. Check-in is efficient; checkout is flexible if the property is not full.",INR,14:00,12:00,TAJ2,0,active,2021-11-29T10:00:00+05:30,2026-08-18T10:00:00+05:30
htl_33095d0f,cty_7be8559f,The Courtyard,boutique,5,9.6,25,"177 The River Ghats, Bhubaneswar",20.353474,85.875135,0.32,"Converted from a 110-year-old family property, the guesthouse has kept the courtyard and added the plumbing the original never had. Expect compact rooms, minimal finishes, and blackout curtains that actually work. Check-in is efficient; checkout is flexible if the property is not full.",INR,14:00,11:00,,0,active,2022-04-18T10:00:00+05:30,2026-08-18T10:00:00+05:30
htl_6cf4a14b,cty_7be8559f,Palm Retreat by the Lake,resort,2,6.5,25,"1 The Fort Gate, Bhubaneswar",20.332071,85.879501,1.13,"This hotel trades on location rather than glamour: a ten-minute walk from the fort gate, with a rooftop terrace that does the heavy lifting. Rooms vary more than the photographs suggest; ask for one facing the temple tank if you are a light sleeper. There is a small library off the lobby, mostly paperbacks left behind by other guests.",INR,14:00,12:00,,1,active,2021-10-30T10:00:00+05:30,2026-08-18T10:00:00+05:30
htl_c5416060,cty_7be8559f,Lake Bagh Homestay,hotel,3,8.1,25,"26 The Temple Complex, Bhubaneswar",20.3504,85.884984,3.86,"This hotel trades on location rather than glamour: a short auto ride from the temple complex, with a banyan tree that does the heavy lifting. Expect mid-sized rooms, contemporary finishes, and blackout curtains that actually work. There is a small library off the lobby, mostly paperbacks left behind by other guests.",INR,14:00,10:00,,0,active,2024-03-04T10:00:00+05:30,2026-08-18T10:00:00+05:30
htl_886263e9,cty_7be8559f,Hotel Nest Boutique Stay,resort,3,6.4,25,"102 The Temple Complex, Bhubaneswar",20.28385,85.803183,1.7,"Converted from a 110-year-old family property, the guesthouse has kept the courtyard and added the plumbing the original never had. Expect mid-sized rooms, warm and cluttered finishes, and blackout curtains that actually work. There is a small library off the lobby, mostly paperbacks left behind by other guests.",INR,12:00,11:00,,0,active,2024-11-24T10:00:00+05:30,2026-08-18T10:00:00+05:30
htl_29ab8d35,cty_cf1c6ac5,Indigo Palms Boutique Stay,hotel,3,7,25,"36 The Lake Promenade, Guwahati",26.161738,91.767142,3.18,"A characterful guesthouse popular with photographers, largely because of the shaded verandah and a kitchen that takes requests seriously. Rooms are generously sized and lean traditional; the quieter ones face the garden. There is a small library off the lobby, mostly paperbacks left behind by other guests.",INR,12:00,11:00,,0,active,2023-10-20T10:00:00+05:30,2026-08-18T10:00:00+05:30
htl_2794421e,cty_cf1c6ac5,The Old Palms Resort,heritage,4,8.8,25,"82 The Temple Complex, Guwahati",26.188015,91.679148,4.28,"This homestay trades on location rather than glamour: a ten-minute walk from the temple complex, with a shaded verandah that does the heavy lifting. Expect generously sized rooms, minimal finishes, and blackout curtains that actually work. Breakfast runs late, which suits travellers who arrive on the overnight train.",INR,12:00,11:00,,0,active,2021-12-07T10:00:00+05:30,2026-08-18T10:00:00+05:30
htl_c1021bb3,cty_cf1c6ac5,Riverside Mahal Homestay,homestay,3,5.2,25,"34 The Fort Gate, Guwahati",26.121727,91.700315,8.12,"A unfussy guesthouse popular with photographers, largely because of the courtyard and a kitchen that takes requests seriously. Rooms vary more than the photographs suggest; ask for one facing the courtyard if you are a light sleeper. Staff will arrange a driver for the day at a rate worth negotiating.",INR,14:00,12:00,,0,active,2021-08-02T10:00:00+05:30,2026-08-18T10:00:00+05:30
htl_f8bfa434,cty_cf1c6ac5,Palm Sarovar,homestay,3,6.5,25,"92 The Lake Promenade, Guwahati",26.200076,91.793156,3.73,"Sensibly priced and unhurried, this boutique property sits a short auto ride from the lake promenade and keeps the traffic noise firmly outside its walls. Expect mid-sized rooms, warm and cluttered finishes, and blackout curtains that actually work. Breakfast runs late, which suits travellers who arrive on the overnight train.",INR,14:00,12:00,ORB,0,active,2022-03-20T10:00:00+05:30,2026-08-18T10:00:00+05:30
htl_a8390357,cty_cf1c6ac5,The Old Haveli & Spa,hostel,3,5.2,25,"66 The Beach Road, Guwahati",26.118056,91.770217,4.1,"Converted from a 110-year-old family property, the resort has kept the courtyard and added the plumbing the original never had. Expect unusually large rooms, traditional finishes, and blackout curtains that actually work. Staff will arrange a driver for the day at a rate worth negotiating.",INR,14:00,11:00,,0,active,2023-05-18T10:00:00+05:30,2026-08-18T10:00:00+05:30
htl_c3b644f4,cty_590d4b7b,Heritage Vihar & Spa,hotel,3,6.1,25,"16 The Lake Promenade, Shillong",25.640127,91.919624,1.72,"Converted from a 110-year-old family property, the boutique property has kept the banyan tree and added the plumbing the original never had. Expect compact rooms, warm and cluttered finishes, and blackout curtains that actually work. Staff will arrange a driver for the day at a rate worth negotiating.",INR,15:00,10:00,,0,active,2022-09-26T10:00:00+05:30,2026-08-18T10:00:00+05:30
htl_eb7ff223,cty_590d4b7b,Villa Nest Resort,hotel,4,7.3,25,"116 The Museum Quarter, Shillong",25.628767,91.844113,0.58,"A compact guesthouse a short walk from the museum quarter, built around a shaded verandah that most guests end up photographing before they unpack. Rooms vary more than the photographs suggest; ask for one facing the temple tank if you are a light sleeper. There is a small library off the lobby, mostly paperbacks left behind by other guests.",INR,14:00,12:00,,0,active,2022-11-02T10:00:00+05:30,2026-08-18T10:00:00+05:30
htl_8d39efd7,cty_590d4b7b,Grand Orchard & Spa,boutique,3,6.7,25,"125 The Beach Road, Shillong",25.561634,91.867422,3.13,"Comfortable and unhurried, this resort sits a short auto ride from the beach road and keeps the traffic noise firmly outside its walls. Rooms are mid-sized and lean minimal; the quieter ones face the garden. Check-in is efficient; checkout is flexible if the property is not full.",INR,13:00,11:00,,0,active,2023-04-16T10:00:00+05:30,2026-08-18T10:00:00+05:30
htl_7c198d6d,cty_590d4b7b,Grand Sarovar Resort,hostel,3,7.1,25,"147 The Lake Promenade, Shillong",25.547556,91.847697,4.64,"A quiet hotel a short walk from the lake promenade, built around a banyan tree that most guests end up photographing before they unpack. Rooms are compact and lean colonial-revival; the quieter ones face the rear garden. Breakfast runs late, which suits travellers who arrive on the overnight train.",INR,12:00,11:00,,0,active,2022-04-28T10:00:00+05:30,2026-08-18T10:00:00+05:30
htl_66ddcad3,cty_590d4b7b,Royal Retreat Homestay,homestay,4,7.7,25,"115 The Lake Promenade, Shillong",25.556705,91.943571,2.32,"A well-kept homestay a short walk from the lake promenade, built around a internal atrium that most guests end up photographing before they unpack. The compact rooms are plainly furnished, which is the point — the lake view is what you are paying for. There is a small library off the lobby, mostly paperbacks left behind by other guests.",INR,12:00,12:00,,0,active,2022-08-31T10:00:00+05:30,2026-08-18T10:00:00+05:30
htl_15d2dc78,cty_ccb4fb74,Palm Haveli Inn,apartment,3,6.9,25,"163 The Old Bazaar, Gangtok",27.296967,88.572077,2.71,"Comfortable and unhurried, this boutique property sits four hundred metres from the old bazaar and keeps the traffic noise firmly outside its walls. Expect mid-sized rooms, colonial-revival finishes, and blackout curtains that actually work. Breakfast runs late, which suits travellers who arrive on the overnight train.",INR,15:00,11:00,SRVR,0,active,2022-11-25T10:00:00+05:30,2026-08-18T10:00:00+05:30
htl_5204cc3f,cty_ccb4fb74,Indigo Manor Suites,boutique,2,6.5,25,"128 The Museum Quarter, Gangtok",27.391145,88.609894,2.31,"Sensibly priced and unhurried, this resort sits a ten-minute walk from the museum quarter and keeps the traffic noise firmly outside its walls. The unusually large rooms are plainly furnished, which is the point — the courtyard view is what you are paying for. Staff will arrange a driver for the day at a rate worth negotiating.",INR,14:00,11:00,LEMN,0,active,2024-01-28T10:00:00+05:30,2026-08-18T10:00:00+05:30
htl_9ce8d068,cty_ccb4fb74,The Old Verandah Suites,resort,2,5.2,25,"151 The Railway Station, Gangtok",27.369148,88.668749,2.09,"This guesthouse trades on location rather than glamour: two streets from the railway station, with a kitchen garden that does the heavy lifting. Rooms vary more than the photographs suggest; ask for one facing the lake if you are a light sleeper. Check-in is efficient; checkout is flexible if the property is not full.",INR,15:00,10:00,TAJ2,0,active,2022-02-04T10:00:00+05:30,2026-08-18T10:00:00+05:30
htl_f7f9a831,cty_ccb4fb74,Garden Bagh Resort,heritage,3,6,25,"116 The Museum Quarter, Gangtok",27.399346,88.599797,3.24,"A restrained hotel popular with trekking groups, largely because of the kitchen garden and a kitchen that takes requests seriously. Rooms are compact and lean minimal; the quieter ones face the garden. Breakfast runs late, which suits travellers who arrive on the overnight train.",INR,14:00,10:00,,0,active,2024-06-19T10:00:00+05:30,2026-08-18T10:00:00+05:30
htl_02bb587c,cty_ccb4fb74,Amber Nest by the Lake,resort,3,5.9,25,"23 The Beach Road, Gangtok",27.276486,88.60745,2.71,"A well-kept boutique property a short walk from the beach road, built around a internal atrium that most guests end up photographing before they unpack. Rooms are mid-sized and lean warm and cluttered; the quieter ones face the lake. The rooftop is open until eleven and is the best seat in the building.",INR,14:00,11:00,KVH,0,active,2022-11-09T10:00:00+05:30,2026-08-18T10:00:00+05:30
htl_fe5eb48a,cty_a50bc5dd,Garden Ghat House Resort,hotel,3,7,25,"178 The Lake Promenade, Colombo",6.898503,79.901621,8.82,"A restrained resort a short walk from the lake promenade, built around a shaded verandah that most guests end up photographing before they unpack. The generously sized rooms are plainly furnished, which is the point — the temple tank view is what you are paying for. The rooftop is open until eleven and is the best seat in the building.",LKR,13:00,12:00,TAJ2,0,active,2021-10-02T10:00:00+05:30,2026-08-18T10:00:00+05:30
htl_0c78227f,cty_a50bc5dd,Casa Retreat Resort,resort,2,6.1,25,"142 The Lake Promenade, Colombo",6.900159,79.846417,4.92,"A well-kept boutique property a short walk from the lake promenade, built around a rooftop terrace that most guests end up photographing before they unpack. Rooms vary more than the photographs suggest; ask for one facing the hills if you are a light sleeper. Check-in is efficient; checkout is flexible if the property is not full.",LKR,13:00,12:00,,0,active,2023-06-19T10:00:00+05:30,2026-08-18T10:00:00+05:30
htl_81469f7e,cty_a50bc5dd,Lake Meadows Inn,resort,5,9.4,25,"153 The Old Bazaar, Colombo",6.894585,79.840844,4.96,"A quiet boutique property popular with photographers, largely because of the kitchen garden and a kitchen that takes requests seriously. Rooms vary more than the photographs suggest; ask for one facing the rear garden if you are a light sleeper. Breakfast runs late, which suits travellers who arrive on the overnight train.",LKR,12:00,12:00,,0,active,2021-04-28T10:00:00+05:30,2026-08-18T10:00:00+05:30
htl_4ad0f6f7,cty_a50bc5dd,Heritage Haveli,apartment,4,9.3,25,"164 The Railway Station, Colombo",6.908153,79.914442,0.9,"Converted from a 140-year-old family property, the hotel has kept the colonnaded corridor and added the plumbing the original never had. Rooms are generously sized and lean minimal; the quieter ones face the courtyard. Check-in is efficient; checkout is flexible if the property is not full.",LKR,12:00,12:00,,0,active,2023-04-22T10:00:00+05:30,2026-08-18T10:00:00+05:30
htl_926da217,cty_a50bc5dd,Heritage Nest Boutique Stay,boutique,3,8.3,25,"75 The Temple Complex, Colombo",6.902439,79.878384,5.2,"Genuinely quiet and unhurried, this resort sits a short auto ride from the temple complex and keeps the traffic noise firmly outside its walls. Expect generously sized rooms, traditional finishes, and blackout curtains that actually work. Staff will arrange a driver for the day at a rate worth negotiating.",LKR,13:00,12:00,LEMN,0,active,2025-10-16T10:00:00+05:30,2026-08-18T10:00:00+05:30
htl_5e432970,cty_009c9fd2,Hillview Niwas Resort,homestay,4,8.6,25,"166 The Lake Promenade, Kandy",7.307469,80.572243,2.72,"Converted from a 110-year-old family property, the boutique property has kept the shaded verandah and added the plumbing the original never had. Rooms vary more than the photographs suggest; ask for one facing the rear garden if you are a light sleeper. Staff will arrange a driver for the day at a rate worth negotiating.",LKR,14:00,10:00,,0,active,2024-07-02T10:00:00+05:30,2026-08-18T10:00:00+05:30
htl_c8c81865,cty_009c9fd2,Grand Mahal by the Lake,guesthouse,5,8.4,25,"216 The Museum Quarter, Kandy",7.342512,80.681123,2.05,"A quiet homestay a short walk from the museum quarter, built around a courtyard that most guests end up photographing before they unpack. The compact rooms are plainly furnished, which is the point — the garden view is what you are paying for. The rooftop is open until eleven and is the best seat in the building.",LKR,15:00,11:00,KVH,0,active,2021-09-08T10:00:00+05:30,2026-08-18T10:00:00+05:30
htl_742928a2,cty_009c9fd2,Garden Regency Inn,hotel,5,8.2,25,"102 The River Ghats, Kandy",7.289316,80.577316,3.65,"A restrained boutique property popular with repeat business travellers, largely because of the internal atrium and a kitchen that takes requests seriously. Rooms are mid-sized and lean contemporary; the quieter ones face the rear garden. The rooftop is open until eleven and is the best seat in the building.",LKR,12:00,11:00,,0,active,2026-01-20T10:00:00+05:30,2026-08-18T10:00:00+05:30
htl_472830e6,cty_009c9fd2,Garden Mahal Boutique Stay,resort,5,8.6,25,"38 The Lake Promenade, Kandy",7.300356,80.678893,0.3,"A sunlit boutique property popular with families with young children, largely because of the rooftop terrace and a kitchen that takes requests seriously. Rooms vary more than the photographs suggest; ask for one facing the temple tank if you are a light sleeper. Staff will arrange a driver for the day at a rate worth negotiating.",LKR,13:00,10:00,,1,active,2025-04-27T10:00:00+05:30,2026-08-18T10:00:00+05:30
htl_de3e4a9f,cty_009c9fd2,Lake Courtyard Boutique Stay,resort,4,7.8,25,"53 The River Ghats, Kandy",7.267227,80.642156,5.71,"Comfortable and unhurried, this homestay sits four hundred metres from the river ghats and keeps the traffic noise firmly outside its walls. The mid-sized rooms are plainly furnished, which is the point — the temple tank view is what you are paying for. There is a small library off the lobby, mostly paperbacks left behind by other guests.",LKR,12:00,11:00,,0,active,2021-10-12T10:00:00+05:30,2026-08-18T10:00:00+05:30
htl_bd6ac349,cty_c0f2d9de,Hotel Orchard Resort,guesthouse,3,6.6,25,"143 The Temple Complex, Kathmandu",27.739162,85.331723,2.69,"This hotel trades on location rather than glamour: a ten-minute walk from the temple complex, with a kitchen garden that does the heavy lifting. Rooms vary more than the photographs suggest; ask for one facing the courtyard if you are a light sleeper. Breakfast runs late, which suits travellers who arrive on the overnight train.",NPR,12:00,11:00,SRVR,0,active,2024-10-26T10:00:00+05:30,2026-08-18T10:00:00+05:30
htl_b88b0c27,cty_c0f2d9de,The Sanctuary Heritage,resort,3,7,25,"57 The Temple Complex, Kathmandu",27.71432,85.352197,5.5,"A airy homestay a short walk from the temple complex, built around a shaded verandah that most guests end up photographing before they unpack. Rooms vary more than the photographs suggest; ask for one facing the lake if you are a light sleeper. Breakfast runs late, which suits travellers who arrive on the overnight train.",NPR,14:00,12:00,KVH,0,active,2024-11-01T10:00:00+05:30,2026-08-18T10:00:00+05:30
htl_26fee559,cty_c0f2d9de,Casa Meadows Inn,heritage,3,7,25,"184 The Museum Quarter, Kathmandu",27.779887,85.278411,5.19,"Converted from a 80-year-old family property, the boutique property has kept the shaded verandah and added the plumbing the original never had. Rooms are generously sized and lean contemporary; the quieter ones face the street. Breakfast runs late, which suits travellers who arrive on the overnight train.",NPR,15:00,11:00,,0,active,2024-10-03T10:00:00+05:30,2026-08-18T10:00:00+05:30
htl_c8756032,cty_c0f2d9de,Indigo Vihar Inn,boutique,4,8.9,25,"183 The Railway Station, Kathmandu",27.758973,85.356114,2.29,"A quiet hotel a short walk from the railway station, built around a internal atrium that most guests end up photographing before they unpack. Rooms vary more than the photographs suggest; ask for one facing the street if you are a light sleeper. The rooftop is open until eleven and is the best seat in the building.",NPR,15:00,12:00,,1,active,2023-08-01T10:00:00+05:30,2026-08-18T10:00:00+05:30
htl_fa8543cb,cty_c0f2d9de,Indigo Courtyard by the Lake,homestay,4,7.1,25,"204 The Lake Promenade, Kathmandu",27.671496,85.378585,3.03,"Low-key and unhurried, this resort sits four hundred metres from the lake promenade and keeps the traffic noise firmly outside its walls. Rooms vary more than the photographs suggest; ask for one facing the courtyard if you are a light sleeper. Breakfast runs late, which suits travellers who arrive on the overnight train.",NPR,12:00,10:00,TAJ2,0,active,2021-12-07T10:00:00+05:30,2026-08-18T10:00:00+05:30
htl_285912dc,cty_95d040d8,Grand Orchard Resort,homestay,2,6.5,25,"10 The Fort Gate, Pokhara",28.209892,83.989241,1.65,"Converted from a 110-year-old family property, the boutique property has kept the internal atrium and added the plumbing the original never had. Rooms vary more than the photographs suggest; ask for one facing the street if you are a light sleeper. Breakfast runs late, which suits travellers who arrive on the overnight train.",NPR,15:00,10:00,,0,active,2024-12-09T10:00:00+05:30,2026-08-18T10:00:00+05:30
htl_24e39565,cty_95d040d8,Villa Courtyard,resort,3,6.7,25,"179 The Railway Station, Pokhara",28.202101,84.008692,4.18,"A compact resort popular with trekking groups, largely because of the internal atrium and a kitchen that takes requests seriously. Expect unusually large rooms, warm and cluttered finishes, and blackout curtains that actually work. Staff will arrange a driver for the day at a rate worth negotiating.",NPR,15:00,11:00,KVH,0,active,2025-02-11T10:00:00+05:30,2026-08-18T10:00:00+05:30
htl_be3b648f,cty_95d040d8,Villa Verandah Resort ,hotel,4,8.4,25,"155 The Temple Complex, Pokhara",28.163942,83.939375,6.04,"This resort trades on location rather than glamour: a ten-minute walk from the temple complex, with a kitchen garden that does the heavy lifting. Expect unusually large rooms, minimal finishes, and blackout curtains that actually work. There is a small library off the lobby, mostly paperbacks left behind by other guests.",NPR,13:00,10:00,TAJ2,0,active,2021-09-17T10:00:00+05:30,2026-08-18T10:00:00+05:30
htl_67190be7,cty_95d040d8,Casa Niwas & Spa,hotel,4,8.6,25,"159 The Museum Quarter, Pokhara",28.200869,84.050716,3.33,"A characterful guesthouse popular with trekking groups, largely because of the banyan tree and a kitchen that takes requests seriously. Rooms vary more than the photographs suggest; ask for one facing the temple tank if you are a light sleeper. Staff will arrange a driver for the day at a rate worth negotiating.",NPR,14:00,10:00,,0,active,2025-11-04T10:00:00+05:30,2026-08-18T10:00:00+05:30
htl_afcb3490,cty_95d040d8,Amber Regency Resort,boutique,3,6.9,25,"157 The Museum Quarter, Pokhara",28.263561,83.994981,0.82,"Converted from a 140-year-old family property, the boutique property has kept the banyan tree and added the plumbing the original never had. Rooms vary more than the photographs suggest; ask for one facing the garden if you are a light sleeper. Breakfast runs late, which suits travellers who arrive on the overnight train.",NPR,13:00,10:00,LEMN,0,active,2025-12-31T10:00:00+05:30,2026-08-18T10:00:00+05:30
htl_c91a804e,cty_79cbc59b,Casa Sarovar Homestay,homestay,3,8.9,25,"70 The Beach Road, Thimphu",27.521,89.60572,6.78,"A quiet resort popular with couples on a short break, largely because of the colonnaded corridor and a kitchen that takes requests seriously. Expect generously sized rooms, traditional finishes, and blackout curtains that actually work. The rooftop is open until eleven and is the best seat in the building.",BTN,13:00,11:00,TAJ2,0,active,2024-06-08T10:00:00+05:30,2026-08-18T10:00:00+05:30
htl_6eff866f,cty_79cbc59b,Villa Residency,homestay,2,6.6,25,"206 The River Ghats, Thimphu",27.46155,89.568453,2.77,"A airy hotel popular with trekking groups, largely because of the courtyard and a kitchen that takes requests seriously. Expect mid-sized rooms, contemporary finishes, and blackout curtains that actually work. The rooftop is open until eleven and is the best seat in the building.",BTN,13:00,12:00,ORB,1,active,2022-03-05T10:00:00+05:30,2026-08-18T10:00:00+05:30
htl_81c1c288,cty_79cbc59b,Palm Sarovar by the Lake,heritage,3,5.9,25,"108 The Fort Gate, Thimphu",27.430213,89.682164,1.21,"Converted from a 60-year-old family property, the hotel has kept the banyan tree and added the plumbing the original never had. Expect mid-sized rooms, traditional finishes, and blackout curtains that actually work. Breakfast runs late, which suits travellers who arrive on the overnight train.",BTN,12:00,12:00,,0,active,2021-10-24T10:00:00+05:30,2026-08-18T10:00:00+05:30
htl_d73d2dd8,cty_79cbc59b,Royal Meadows by the Lake,resort,4,6.6,25,"135 The Old Bazaar, Thimphu",27.425016,89.698024,2.11,"Converted from a 140-year-old family property, the resort has kept the courtyard and added the plumbing the original never had. Rooms vary more than the photographs suggest; ask for one facing the lake if you are a light sleeper. Staff will arrange a driver for the day at a rate worth negotiating.",BTN,13:00,12:00,,0,active,2022-10-09T10:00:00+05:30,2026-08-18T10:00:00+05:30
htl_25fd9c00,cty_79cbc59b,Hillview Meadows Inn,homestay,3,5.4,25,"177 The Temple Complex, Thimphu",27.483735,89.69743,1.94,"A unfussy homestay a short walk from the temple complex, built around a stepwell-style water feature that most guests end up photographing before they unpack. The generously sized rooms are plainly furnished, which is the point — the courtyard view is what you are paying for. The rooftop is open until eleven and is the best seat in the building.",BTN,13:00,11:00,SRVR,0,active,2021-09-06T10:00:00+05:30,2026-08-18T10:00:00+05:30
htl_15b1ea5e,cty_9aa02925,Palm Residency by the Lake,apartment,4,9.8,25,"18 The Temple Complex, Male",4.209377,73.524589,4.65,"Comfortable and unhurried, this resort sits two streets from the temple complex and keeps the traffic noise firmly outside its walls. Expect generously sized rooms, minimal finishes, and blackout curtains that actually work. Breakfast runs late, which suits travellers who arrive on the overnight train.",MVR,13:00,12:00,,0,active,2025-11-06T10:00:00+05:30,2026-08-18T10:00:00+05:30
htl_2a2ca88d,cty_9aa02925,Hillview Manor Suites,homestay,2,6.8,25,"88 The Old Bazaar, Male",4.158279,73.493126,0.22,"This guesthouse trades on location rather than glamour: a short auto ride from the old bazaar, with a colonnaded corridor that does the heavy lifting. Expect generously sized rooms, warm and cluttered finishes, and blackout curtains that actually work. The rooftop is open until eleven and is the best seat in the building.",MVR,15:00,11:00,,0,active,2022-07-08T10:00:00+05:30,2026-08-18T10:00:00+05:30
htl_98896cce,cty_9aa02925,Casa Manor Suites,homestay,2,7,25,"152 The Railway Station, Male",4.139356,73.49689,3.48,"A well-kept hotel a short walk from the railway station, built around a colonnaded corridor that most guests end up photographing before they unpack. Expect mid-sized rooms, warm and cluttered finishes, and blackout curtains that actually work. There is a small library off the lobby, mostly paperbacks left behind by other guests.",MVR,15:00,12:00,,0,active,2023-05-30T10:00:00+05:30,2026-08-18T10:00:00+05:30
htl_a143dbb9,cty_9aa02925,Hillview Regency by the Lake,apartment,4,7.1,25,"56 The Temple Complex, Male",4.144149,73.476133,0.77,"Converted from a 140-year-old family property, the hotel has kept the internal atrium and added the plumbing the original never had. Rooms are generously sized and lean traditional; the quieter ones face the street. The rooftop is open until eleven and is the best seat in the building.",MVR,13:00,12:00,,1,active,2023-08-29T10:00:00+05:30,2026-08-18T10:00:00+05:30
htl_0cf91d4d,cty_9aa02925,Hotel Niwas Inn,resort,4,8.7,25,"78 The Fort Gate, Male",4.198143,73.488166,2.77,"A well-kept resort a short walk from the fort gate, built around a internal atrium that most guests end up photographing before they unpack. Rooms are compact and lean colonial-revival; the quieter ones face the rear garden. There is a small library off the lobby, mostly paperbacks left behind by other guests.",MVR,15:00,12:00,,0,active,2023-08-07T10:00:00+05:30,2026-08-18T10:00:00+05:30
htl_12e2327a,cty_7b89639e,Garden Ghat House & Spa,hotel,4,6.9,25,"121 The River Ghats, Dubai",25.186886,55.274997,2.07,"A well-kept homestay popular with long-stay guests, largely because of the courtyard and a kitchen that takes requests seriously. Expect compact rooms, colonial-revival finishes, and blackout curtains that actually work. Breakfast runs late, which suits travellers who arrive on the overnight train.",AED,12:00,11:00,,0,active,2021-08-18T10:00:00+05:30,2026-08-18T10:00:00+05:30
htl_a26dc64e,cty_7b89639e,Casa Vihar Suites,resort,3,7,25,"209 The Beach Road, Dubai",25.145199,55.286279,4.65,"Genuinely quiet and unhurried, this hotel sits four hundred metres from the beach road and keeps the traffic noise firmly outside its walls. Rooms vary more than the photographs suggest; ask for one facing the courtyard if you are a light sleeper. Breakfast runs late, which suits travellers who arrive on the overnight train.",AED,14:00,11:00,,0,active,2025-12-13T10:00:00+05:30,2026-08-18T10:00:00+05:30
htl_17ac7c07,cty_7b89639e,Indigo Residency Boutique Stay,apartment,3,8.2,25,"48 The Beach Road, Dubai",25.224942,55.231993,5.89,"Low-key and unhurried, this boutique property sits a short auto ride from the beach road and keeps the traffic noise firmly outside its walls. Rooms vary more than the photographs suggest; ask for one facing the street if you are a light sleeper. The rooftop is open until eleven and is the best seat in the building.",AED,15:00,10:00,SRVR,0,active,2022-06-23T10:00:00+05:30,2026-08-18T10:00:00+05:30
htl_f9f0bde3,cty_7b89639e,Indigo Orchard & Spa,boutique,5,7.1,25,"2 The River Ghats, Dubai",25.148907,55.299602,3.99,"A characterful homestay a short walk from the river ghats, built around a shaded verandah that most guests end up photographing before they unpack. Expect unusually large rooms, warm and cluttered finishes, and blackout curtains that actually work. Breakfast runs late, which suits travellers who arrive on the overnight train.",AED,12:00,10:00,,0,active,2025-04-03T10:00:00+05:30,2026-08-18T10:00:00+05:30
htl_abfe8a53,cty_7b89639e,Amber Ghat House Heritage,hostel,2,6.4,25,"7 The Beach Road, Dubai",25.165354,55.279185,1.7,"A quiet homestay popular with photographers, largely because of the rooftop terrace and a kitchen that takes requests seriously. Rooms vary more than the photographs suggest; ask for one facing the garden if you are a light sleeper. The rooftop is open until eleven and is the best seat in the building.",AED,14:00,12:00,,0,active,2025-09-06T10:00:00+05:30,2026-08-18T10:00:00+05:30
htl_29faa3d7,cty_1ced6ede,Casa Retreat by the Lake,hotel,2,6.7,25,"54 The Temple Complex, Abu Dhabi",24.4954,54.366875,3.03,"A compact guesthouse a short walk from the temple complex, built around a shaded verandah that most guests end up photographing before they unpack. The compact rooms are plainly furnished, which is the point — the street view is what you are paying for. Check-in is efficient; checkout is flexible if the property is not full.",AED,12:00,11:00,,0,active,2021-05-26T10:00:00+05:30,2026-08-18T10:00:00+05:30
htl_19193f4f,cty_1ced6ede,Lake Courtyard & Spa,hotel,3,7.5,25,"165 The Old Bazaar, Abu Dhabi",24.516048,54.320041,1.57,"This guesthouse trades on location rather than glamour: four hundred metres from the old bazaar, with a kitchen garden that does the heavy lifting. Rooms vary more than the photographs suggest; ask for one facing the street if you are a light sleeper. There is a small library off the lobby, mostly paperbacks left behind by other guests.",AED,13:00,12:00,ORB,0,active,2025-11-12T10:00:00+05:30,2026-08-18T10:00:00+05:30
htl_885db404,cty_1ced6ede,Riverside Bungalow Suites,hotel,3,,25,"71 The Lake Promenade, Abu Dhabi",24.490889,54.35222,1.44,"Converted from a 140-year-old family property, the boutique property has kept the colonnaded corridor and added the plumbing the original never had. Expect mid-sized rooms, colonial-revival finishes, and blackout curtains that actually work. There is a small library off the lobby, mostly paperbacks left behind by other guests.",AED,13:00,10:00,TAJ2,0,active,2022-01-18T10:00:00+05:30,2026-08-18T10:00:00+05:30
htl_58292b84,cty_1ced6ede,Hillview Mahal Suites,boutique,3,6.4,25,"8 The Fort Gate, Abu Dhabi",24.405379,54.341068,1.7,"Low-key and unhurried, this homestay sits a short auto ride from the fort gate and keeps the traffic noise firmly outside its walls. Rooms are compact and lean traditional; the quieter ones face the street. There is a small library off the lobby, mostly paperbacks left behind by other guests.",AED,14:00,10:00,,1,active,2021-09-14T10:00:00+05:30,2026-08-18T10:00:00+05:30
htl_ace6d341,cty_1ced6ede,Casa Bungalow by the Lake,guesthouse,4,8.6,25,"16 The Railway Station, Abu Dhabi",24.423693,54.388602,1.85,"Comfortable and unhurried, this boutique property sits four hundred metres from the railway station and keeps the traffic noise firmly outside its walls. The mid-sized rooms are plainly furnished, which is the point — the rear garden view is what you are paying for. Breakfast runs late, which suits travellers who arrive on the overnight train.",AED,15:00,10:00,,0,active,2021-04-30T10:00:00+05:30,2026-08-18T10:00:00+05:30
htl_1723889f,cty_6320eea9,The Retreat Homestay,heritage,3,7,25,"90 The Railway Station, Doha",25.229463,51.49769,0.54,"Converted from a 60-year-old family property, the guesthouse has kept the rooftop terrace and added the plumbing the original never had. Expect compact rooms, colonial-revival finishes, and blackout curtains that actually work. Check-in is efficient; checkout is flexible if the property is not full.",QAR,12:00,12:00,,0,active,2025-10-24T10:00:00+05:30,2026-08-18T10:00:00+05:30
htl_94be8798,cty_6320eea9,Indigo Regency Inn,homestay,4,8.1,25,"47 The Railway Station, Doha",25.344683,51.583127,1.92,"A characterful homestay a short walk from the railway station, built around a stepwell-style water feature that most guests end up photographing before they unpack. The compact rooms are plainly furnished, which is the point — the rear garden view is what you are paying for. Check-in is efficient; checkout is flexible if the property is not full.",QAR,15:00,12:00,,0,active,2022-08-19T10:00:00+05:30,2026-08-18T10:00:00+05:30
htl_986e57e9,cty_6320eea9,Casa Niwas,hotel,3,6.3,25,"43 The Museum Quarter, Doha",25.305401,51.467967,3.04,"Family-run and unhurried, this homestay sits a ten-minute walk from the museum quarter and keeps the traffic noise firmly outside its walls. The generously sized rooms are plainly furnished, which is the point — the temple tank view is what you are paying for. There is a small library off the lobby, mostly paperbacks left behind by other guests.",QAR,13:00,12:00,,0,active,2022-02-14T10:00:00+05:30,2026-08-18T10:00:00+05:30
htl_bbafa1bd,cty_6320eea9,Grand Terraces,hotel,5,8.1,25,"140 The Museum Quarter, Doha",25.255936,51.571783,3.67,"A compact guesthouse popular with couples on a short break, largely because of the rooftop terrace and a kitchen that takes requests seriously. Rooms are unusually large and lean minimal; the quieter ones face the street. Staff will arrange a driver for the day at a rate worth negotiating.",QAR,12:00,11:00,,0,active,2024-10-09T10:00:00+05:30,2026-08-18T10:00:00+05:30
htl_dabb8548,cty_6320eea9,Garden Meadows,guesthouse,3,6.7,25,"37 The River Ghats, Doha",25.25058,51.481373,2.97,"This guesthouse trades on location rather than glamour: a short auto ride from the river ghats, with a courtyard that does the heavy lifting. The unusually large rooms are plainly furnished, which is the point — the temple tank view is what you are paying for. The rooftop is open until eleven and is the best seat in the building.",QAR,14:00,12:00,KVH,0,active,2023-11-02T10:00:00+05:30,2026-08-18T10:00:00+05:30
htl_6ae380cf,cty_905fd8a1,Indigo Nest Heritage,boutique,4,9.8,25,"185 The Lake Promenade, Singapore",1.380278,103.88208,0.47,"Converted from a 110-year-old family property, the resort has kept the courtyard and added the plumbing the original never had. Rooms vary more than the photographs suggest; ask for one facing the lake if you are a light sleeper. Staff will arrange a driver for the day at a rate worth negotiating.",SGD,13:00,11:00,,0,active,2021-12-04T10:00:00+05:30,2026-08-18T10:00:00+05:30
htl_521bb81f,cty_905fd8a1,Amber Manor by the Lake,hotel,3,5.5,25,"2 The Beach Road, Singapore",1.390221,103.773361,2.3,"Converted from a 110-year-old family property, the homestay has kept the courtyard and added the plumbing the original never had. Rooms vary more than the photographs suggest; ask for one facing the rear garden if you are a light sleeper. There is a small library off the lobby, mostly paperbacks left behind by other guests.",SGD,13:00,12:00,LEMN,0,active,2021-10-31T10:00:00+05:30,2026-08-18T10:00:00+05:30
htl_30f184fa,cty_905fd8a1,The Old Residency Resort,guesthouse,4,8.4,25,"131 The Beach Road, Singapore",1.371141,103.798038,3.89,"Converted from a 110-year-old family property, the boutique property has kept the colonnaded corridor and added the plumbing the original never had. Expect generously sized rooms, minimal finishes, and blackout curtains that actually work. Breakfast runs late, which suits travellers who arrive on the overnight train.",SGD,13:00,12:00,,1,active,2024-11-12T10:00:00+05:30,2026-08-18T10:00:00+05:30
htl_ef749d59,cty_905fd8a1,Indigo Manor Suites,boutique,3,6.1,25,"209 The River Ghats, Singapore",1.391611,103.871444,4.72,"Converted from a 60-year-old family property, the guesthouse has kept the courtyard and added the plumbing the original never had. The compact rooms are plainly furnished, which is the point — the courtyard view is what you are paying for. Staff will arrange a driver for the day at a rate worth negotiating.",SGD,15:00,11:00,,0,active,2021-06-03T10:00:00+05:30,2026-08-18T10:00:00+05:30
htl_488b1796,cty_905fd8a1,Hotel Manor Boutique Stay,resort,2,5.9,25,"6 The Old Bazaar, Singapore",1.376706,103.798873,1.62,"A airy homestay popular with families with young children, largely because of the internal atrium and a kitchen that takes requests seriously. Rooms vary more than the photographs suggest; ask for one facing the courtyard if you are a light sleeper. There is a small library off the lobby, mostly paperbacks left behind by other guests.",SGD,15:00,11:00,,0,active,2024-03-26T10:00:00+05:30,2026-08-18T10:00:00+05:30
htl_a0afc350,cty_a5f16904,The Old Orchard Boutique Stay,apartment,5,9.8,25,"199 The Old Bazaar, Bangkok",13.809931,100.445898,2.43,"Low-key and unhurried, this homestay sits four hundred metres from the old bazaar and keeps the traffic noise firmly outside its walls. Rooms vary more than the photographs suggest; ask for one facing the lake if you are a light sleeper. Check-in is efficient; checkout is flexible if the property is not full.",THB,15:00,11:00,LEMN,0,active,2025-08-04T10:00:00+05:30,2026-08-18T10:00:00+05:30
htl_c4166776,cty_a5f16904,Garden Nest Suites,resort,3,5.9,25,"87 The Museum Quarter, Bangkok",13.698454,100.450719,0.65,"This boutique property trades on location rather than glamour: a ten-minute walk from the museum quarter, with a kitchen garden that does the heavy lifting. The compact rooms are plainly furnished, which is the point — the rear garden view is what you are paying for. Breakfast runs late, which suits travellers who arrive on the overnight train.",THB,13:00,10:00,TAJ2,1,active,2022-04-03T10:00:00+05:30,2026-08-18T10:00:00+05:30
htl_ca1c579e,cty_a5f16904,Hotel Verandah & Spa,homestay,4,7.1,25,"46 The Temple Complex, Bangkok",13.699176,100.463025,3.13,"This homestay trades on location rather than glamour: four hundred metres from the temple complex, with a banyan tree that does the heavy lifting. Rooms are mid-sized and lean warm and cluttered; the quieter ones face the lake. The rooftop is open until eleven and is the best seat in the building.",THB,12:00,11:00,SRVR,0,active,2021-03-27T10:00:00+05:30,2026-08-18T10:00:00+05:30
htl_14e2ae81,cty_a5f16904,Heritage Meadows & Spa,guesthouse,3,6.9,25,"47 The River Ghats, Bangkok",13.763216,100.44673,1.57,"This boutique property trades on location rather than glamour: two streets from the river ghats, with a internal atrium that does the heavy lifting. The mid-sized rooms are plainly furnished, which is the point — the hills view is what you are paying for. There is a small library off the lobby, mostly paperbacks left behind by other guests.",THB,15:00,10:00,,0,active,2022-11-10T10:00:00+05:30,2026-08-18T10:00:00+05:30
htl_64d03366,cty_a5f16904,Grand Verandah & Spa,homestay,3,8.2,25,"135 The Museum Quarter, Bangkok",13.771009,100.503027,5.32,"A quiet hotel popular with couples on a short break, largely because of the kitchen garden and a kitchen that takes requests seriously. Expect unusually large rooms, colonial-revival finishes, and blackout curtains that actually work. There is a small library off the lobby, mostly paperbacks left behind by other guests.",THB,14:00,10:00,,0,active,2022-08-19T10:00:00+05:30,2026-08-18T10:00:00+05:30
htl_5cf7dd7d,cty_c9f34ba7,The Old Verandah & Spa,resort,5,8.9,25,"68 The River Ghats, Kuala Lumpur",3.183174,101.631813,3.29,"This resort trades on location rather than glamour: two streets from the river ghats, with a stepwell-style water feature that does the heavy lifting. The generously sized rooms are plainly furnished, which is the point — the hills view is what you are paying for. Staff will arrange a driver for the day at a rate worth negotiating.",MYR,13:00,12:00,,1,active,2021-12-31T10:00:00+05:30,2026-08-18T10:00:00+05:30
htl_48e9885c,cty_c9f34ba7,Amber Niwas Resort,boutique,2,7.9,25,"14 The Lake Promenade, Kuala Lumpur",3.201579,101.684358,2.34,"Sensibly priced and unhurried, this homestay sits two streets from the lake promenade and keeps the traffic noise firmly outside its walls. Expect mid-sized rooms, minimal finishes, and blackout curtains that actually work. The rooftop is open until eleven and is the best seat in the building.",MYR,13:00,11:00,LEMN,0,active,2024-11-16T10:00:00+05:30,2026-08-18T10:00:00+05:30
htl_f5d9d235,cty_c9f34ba7,Riverside Palms Inn,resort,3,5.8,25,"118 The Museum Quarter, Kuala Lumpur",3.144472,101.697727,1.36,"A compact resort popular with repeat business travellers, largely because of the stepwell-style water feature and a kitchen that takes requests seriously. Rooms are compact and lean colonial-revival; the quieter ones face the lake. There is a small library off the lobby, mostly paperbacks left behind by other guests.",MYR,15:00,11:00,,0,active,2024-10-27T10:00:00+05:30,2026-08-18T10:00:00+05:30
htl_c05586df,cty_c9f34ba7,Palm Nest Heritage,hotel,4,8.9,25,"218 The Railway Station, Kuala Lumpur",3.108893,101.710862,1.4,"A airy homestay popular with photographers, largely because of the banyan tree and a kitchen that takes requests seriously. Rooms vary more than the photographs suggest; ask for one facing the lake if you are a light sleeper. Check-in is efficient; checkout is flexible if the property is not full.",MYR,14:00,10:00,,0,active,2023-11-28T10:00:00+05:30,2026-08-18T10:00:00+05:30
htl_628ee540,cty_c9f34ba7,Hillview Meadows Inn,hotel,5,8.5,25,"202 The Lake Promenade, Kuala Lumpur",3.191615,101.748787,0.55,"Comfortable and unhurried, this resort sits a ten-minute walk from the lake promenade and keeps the traffic noise firmly outside its walls. Expect compact rooms, warm and cluttered finishes, and blackout curtains that actually work. Check-in is efficient; checkout is flexible if the property is not full.",MYR,15:00,11:00,ORB,0,active,2025-10-08T10:00:00+05:30,2026-08-18T10:00:00+05:30
htl_fe67eead,cty_36afaa5c,Amber Vihar Suites,homestay,3,7.9,25,"176 The Museum Quarter, Bali",-8.46404,115.169663,0.48,"A compact boutique property a short walk from the museum quarter, built around a rooftop terrace that most guests end up photographing before they unpack. Expect compact rooms, warm and cluttered finishes, and blackout curtains that actually work. The rooftop is open until eleven and is the best seat in the building.",IDR,13:00,10:00,,1,active,2023-05-12T10:00:00+05:30,2026-08-18T10:00:00+05:30
htl_1fc52e5d,cty_36afaa5c,The Old Courtyard Inn,resort,4,7.1,25,"146 The Fort Gate, Bali",-8.371811,115.205704,4.22,"Sensibly priced and unhurried, this hotel sits four hundred metres from the fort gate and keeps the traffic noise firmly outside its walls. Rooms are mid-sized and lean colonial-revival; the quieter ones face the temple tank. The rooftop is open until eleven and is the best seat in the building.",IDR,15:00,12:00,,0,active,2022-02-18T10:00:00+05:30,2026-08-18T10:00:00+05:30
htl_30408181,cty_36afaa5c,Villa Sanctuary by the Lake,hotel,3,7.4,25,"207 The Temple Complex, Bali",-8.410169,115.25152,3.35,"A characterful homestay popular with trekking groups, largely because of the rooftop terrace and a kitchen that takes requests seriously. The unusually large rooms are plainly furnished, which is the point — the lake view is what you are paying for. Staff will arrange a driver for the day at a rate worth negotiating.",IDR,15:00,12:00,,0,active,2024-09-18T10:00:00+05:30,2026-08-18T10:00:00+05:30
htl_15145914,cty_36afaa5c,Casa Palms Boutique Stay,hotel,3,7.4,25,"143 The Museum Quarter, Bali",-8.422624,115.18669,2.76,"A characterful resort a short walk from the museum quarter, built around a stepwell-style water feature that most guests end up photographing before they unpack. The mid-sized rooms are plainly furnished, which is the point — the temple tank view is what you are paying for. There is a small library off the lobby, mostly paperbacks left behind by other guests.",IDR,14:00,10:00,,0,active,2023-02-14T10:00:00+05:30,2026-08-18T10:00:00+05:30
htl_faf784c8,cty_36afaa5c,Lake Kothi Heritage,hotel,3,6.8,25,"82 The Railway Station, Bali",-8.40331,115.158185,2.76,"Converted from a 110-year-old family property, the boutique property has kept the shaded verandah and added the plumbing the original never had. Expect generously sized rooms, warm and cluttered finishes, and blackout curtains that actually work. Breakfast runs late, which suits travellers who arrive on the overnight train.",IDR,13:00,11:00,,0,active,2024-07-18T10:00:00+05:30,2026-08-18T10:00:00+05:30
htl_b7ca8001,cty_51a149b7,Royal Orchard Resort,hotel,3,7.2,25,"33 The Museum Quarter, Kyoto",34.966631,135.720312,1.41,"Converted from a 80-year-old family property, the hotel has kept the courtyard and added the plumbing the original never had. The compact rooms are plainly furnished, which is the point — the garden view is what you are paying for. There is a small library off the lobby, mostly paperbacks left behind by other guests.",JPY,13:00,10:00,,0,active,2024-03-21T10:00:00+05:30,2026-08-18T10:00:00+05:30
htl_647a13b7,cty_51a149b7,The Old Manor Heritage,boutique,5,9.2,25,"186 The River Ghats, Kyoto",35.06821,135.708494,4.22,"A compact boutique property popular with repeat business travellers, largely because of the shaded verandah and a kitchen that takes requests seriously. Rooms are mid-sized and lean colonial-revival; the quieter ones face the street. Staff will arrange a driver for the day at a rate worth negotiating.",JPY,13:00,10:00,TAJ2,0,active,2022-12-16T10:00:00+05:30,2026-08-18T10:00:00+05:30
htl_5ea20ea8,cty_51a149b7,The Bungalow by the Lake,homestay,3,6.5,25,"15 The Lake Promenade, Kyoto",34.956382,135.734474,2.9,"A well-kept homestay a short walk from the lake promenade, built around a courtyard that most guests end up photographing before they unpack. Rooms vary more than the photographs suggest; ask for one facing the street if you are a light sleeper. There is a small library off the lobby, mostly paperbacks left behind by other guests.",JPY,15:00,11:00,LEMN,0,active,2025-04-13T10:00:00+05:30,2026-08-18T10:00:00+05:30
htl_92768774,cty_51a149b7,The Orchard by the Lake,hostel,4,8.4,25,"129 The Railway Station, Kyoto",34.994809,135.80779,2.9,"A compact boutique property a short walk from the railway station, built around a stepwell-style water feature that most guests end up photographing before they unpack. Rooms are mid-sized and lean contemporary; the quieter ones face the garden. Check-in is efficient; checkout is flexible if the property is not full.",JPY,13:00,10:00,SRVR,0,active,2022-01-09T10:00:00+05:30,2026-08-18T10:00:00+05:30
htl_6583da9d,cty_51a149b7,Grand Kothi Resort,resort,5,8.8,25,"36 The Railway Station, Kyoto",35.044476,135.771971,3.55,"Comfortable and unhurried, this boutique property sits a ten-minute walk from the railway station and keeps the traffic noise firmly outside its walls. Rooms vary more than the photographs suggest; ask for one facing the lake if you are a light sleeper. Breakfast runs late, which suits travellers who arrive on the overnight train.",JPY,12:00,11:00,SRVR,0,active,2025-02-26T10:00:00+05:30,2026-08-18T10:00:00+05:30
htl_861fb9d1,cty_0b7f5985,Lake Kothi Resort,hotel,2,6,25,"23 The River Ghats, Zurich",47.401372,8.473963,1.92,"This resort trades on location rather than glamour: four hundred metres from the river ghats, with a kitchen garden that does the heavy lifting. The unusually large rooms are plainly furnished, which is the point — the rear garden view is what you are paying for. Staff will arrange a driver for the day at a rate worth negotiating.",CHF,14:00,11:00,,0,active,2023-07-22T10:00:00+05:30,2026-08-18T10:00:00+05:30
htl_36af7bab,cty_0b7f5985,Heritage Palms Suites,hotel,3,6.5,25,"90 The Temple Complex, Zurich",47.350968,8.493052,3.14,"Converted from a 60-year-old family property, the homestay has kept the shaded verandah and added the plumbing the original never had. Rooms are unusually large and lean minimal; the quieter ones face the street. Breakfast runs late, which suits travellers who arrive on the overnight train.",CHF,13:00,11:00,,1,active,2021-11-25T10:00:00+05:30,2026-08-18T10:00:00+05:30
htl_f73ed585,cty_0b7f5985,Lake Nest Suites,homestay,5,8.4,25,"64 The River Ghats, Zurich",47.43351,8.557658,1.59,"Low-key and unhurried, this boutique property sits two streets from the river ghats and keeps the traffic noise firmly outside its walls. The mid-sized rooms are plainly furnished, which is the point — the courtyard view is what you are paying for. The rooftop is open until eleven and is the best seat in the building.",CHF,14:00,10:00,,0,active,2025-08-19T10:00:00+05:30,2026-08-18T10:00:00+05:30
htl_daff4ec9,cty_0b7f5985,Heritage Verandah Suites,homestay,3,8,25,"144 The Beach Road, Zurich",47.431522,8.626137,2.83,"Low-key and unhurried, this hotel sits a short auto ride from the beach road and keeps the traffic noise firmly outside its walls. Rooms vary more than the photographs suggest; ask for one facing the rear garden if you are a light sleeper. The rooftop is open until eleven and is the best seat in the building.",CHF,15:00,11:00,,0,active,2025-11-20T10:00:00+05:30,2026-08-18T10:00:00+05:30
htl_4a4eea20,cty_0b7f5985,Indigo Niwas Suites,hotel,3,7.1,25,"83 The Lake Promenade, Zurich",47.412551,8.497033,5.02,"A restrained hotel a short walk from the lake promenade, built around a shaded verandah that most guests end up photographing before they unpack. Rooms vary more than the photographs suggest; ask for one facing the hills if you are a light sleeper. Check-in is efficient; checkout is flexible if the property is not full.",CHF,15:00,10:00,,0,active,2023-08-05T10:00:00+05:30,2026-08-18T10:00:00+05:30
