user_id,display_name,email,home_city_id,home_currency,locale,budget_band,travel_style,traveller_type,segment,date_of_signup,loyalty_tier,status,created_at,updated_at
usr_6afe5712,Diya Novak,diya.novak0@example.invalid,cty_d4f5e3a5,INR,en-IN,luxury,adventure,friends,cold_start,2026-08-09,silver,active,2026-08-09T09:00:00+05:30,2026-08-18T10:00:00+05:30
usr_05c1346c,Rahul Tanaka,rahul.tanaka1@example.invalid,cty_c43cfa94,INR,bn,value,slow,friends,cold_start,2026-08-05,silver,active,2026-08-05T09:00:00+05:30,2026-08-18T10:00:00+05:30
usr_c75aefa2,Ravi Das,ravi.das2@example.invalid,cty_36afaa5c,IDR,id,value,wellness,friends,light,2026-03-13,silver,active,2026-03-13T09:00:00+05:30,2026-08-18T10:00:00+05:30
usr_f855344d,Sneha Pillai,sneha.pillai3@example.invalid,cty_9327d518,INR,hi,premium,comfort,solo,heavy,2023-10-12,none,active,2023-10-12T09:00:00+05:30,2026-08-18T10:00:00+05:30
usr_8cb2d440,Nikhil Bose,nikhil.bose4@example.invalid,cty_6320eea9,QAR,ar,mid,slow,solo,cold_start,2026-08-17,silver,active,2026-08-17T09:00:00+05:30,2026-08-18T10:00:00+05:30
usr_c961aa19,Bhavna Menon,bhavna.menon5@example.invalid,cty_5698a7ab,INR,en-IN,premium,comfort,couple,light,2023-03-22,gold,inactive,2023-03-22T09:00:00+05:30,2026-08-18T10:00:00+05:30
usr_580a5fe8,Ishaan Wong,ishaan.wong6@example.invalid,cty_d4f5e3a5,INR,en-IN,value,luxury,family,cold_start,2026-07-20,gold,active,2026-07-20T09:00:00+05:30,2026-08-18T10:00:00+05:30
usr_e960bbc7,Imran Nair,imran.nair7@example.invalid,cty_95e7c8ca,INR,mr,premium,budget,family,cold_start,2026-07-15,silver,active,2026-07-15T09:00:00+05:30,2026-08-18T10:00:00+05:30
usr_aa216995,Ananya Das,ananya.das8@example.invalid,cty_9327d518,INR,en-IN,mid,adventure,family,light,2026-02-11,none,active,2026-02-11T09:00:00+05:30,2026-08-18T10:00:00+05:30
usr_14ca6dc1,Elena Novak,elena.novak9@example.invalid,cty_009c9fd2,LKR,en-IN,mid,budget,senior,cold_start,2026-08-16,gold,active,2026-08-16T09:00:00+05:30,2026-08-18T10:00:00+05:30
usr_b3f2baa1,Ravi Singh,ravi.singh10@example.invalid,cty_67ee7f6f,INR,ml,mid,adventure,family,cold_start,2026-08-11,gold,active,2026-08-11T09:00:00+05:30,2026-08-18T10:00:00+05:30
usr_b34877aa,Kavya Kulkarni,kavya.kulkarni11@example.invalid,cty_17b8ef2f,INR,kn,shoestring,cultural,solo,light,2023-01-02,none,active,2023-01-02T09:00:00+05:30,2026-08-18T10:00:00+05:30
usr_e1cd7b02,Riya Pillai,riya.pillai12@example.invalid,cty_d35a9652,INR,en-IN,mid,adventure,backpacker,cold_start,2026-07-19,none,active,2026-07-19T09:00:00+05:30,2026-08-18T10:00:00+05:30
usr_dace411a,Pooja Rossi,pooja.rossi13@example.invalid,cty_c9f34ba7,MYR,en-IN,mid,wellness,friends,light,2023-07-14,gold,active,2023-07-14T09:00:00+05:30,2026-08-18T10:00:00+05:30
usr_27018453,Rohan Nair,rohan.nair14@example.invalid,cty_905fd8a1,SGD,zh,premium,cultural,family,heavy,2024-08-17,,active,2024-08-17T09:00:00+05:30,2026-08-18T10:00:00+05:30
usr_3f73d954,Sofia Gupta,sofia.gupta15@example.invalid,cty_541018a9,INR,ml,mid,comfort,backpacker,cold_start,2026-07-11,none,active,2026-07-11T09:00:00+05:30,2026-08-18T10:00:00+05:30
usr_8e89346c,Kavya Novak,kavya.novak16@example.invalid,cty_d35a9652,INR,hi,mid,wellness,backpacker,heavy,2023-09-09,,active,2023-09-09T09:00:00+05:30,2026-08-18T10:00:00+05:30
usr_759b4145,Pooja Bose,pooja.bose17@example.invalid,cty_17b8ef2f,INR,en-IN,mid,adventure,family,light,2024-01-29,none,active,2024-01-29T09:00:00+05:30,2026-08-18T10:00:00+05:30
usr_a7881014,Yuki Novak,yuki.novak18@example.invalid,cty_a50bc5dd,LKR,en-IN,value,comfort,business,cold_start,2026-08-11,gold,active,2026-08-11T09:00:00+05:30,2026-08-18T10:00:00+05:30
usr_1981c2a0,Siddharth Kim,siddharth.kim19@example.invalid,cty_0b92e2e7,INR,en-IN,premium,wellness,senior,cold_start,2026-07-17,gold,active,2026-07-17T09:00:00+05:30,2026-08-18T10:00:00+05:30
usr_98a69060,Shreya Bhat,shreya.bhat20@example.invalid,cty_aa759717,INR,en-IN,premium,wellness,family,heavy,2024-10-14,,active,2024-10-14T09:00:00+05:30,2026-08-18T10:00:00+05:30
usr_4405382c,Ananya Wong,ananya.wong21@example.invalid,cty_1ced6ede,AED,ar,mid,slow,solo,heavy,2025-08-22,gold,active,2025-08-22T09:00:00+05:30,2026-08-18T10:00:00+05:30
usr_acb4c4ba,Nikhil Wong,nikhil.wong22@example.invalid,cty_7cb0b529,INR,te,premium,adventure,solo,cold_start,2026-07-11,none,active,2026-07-11T09:00:00+05:30,2026-08-18T10:00:00+05:30
usr_8452201e,Chen Kulkarni,chen.kulkarni23@example.invalid,cty_7fc82336,INR,en-IN,shoestring,comfort,couple,cold_start,2026-07-19,none,active,2026-07-19T09:00:00+05:30,2026-08-18T10:00:00+05:30
usr_a0b28bd2,Thomas Menon,thomas.menon24@example.invalid,cty_10cbee86,INR,en-IN,value,luxury,couple,light,2024-12-21,silver,active,2024-12-21T09:00:00+05:30,2026-08-18T10:00:00+05:30
usr_e4980687,Meera Novak,meera.novak25@example.invalid,cty_c43cfa94,INR,bn,value,budget,backpacker,cold_start,2026-08-15,silver,active,2026-08-15T09:00:00+05:30,2026-08-18T10:00:00+05:30
usr_a93726c0,Elena Mehta,elena.mehta26@example.invalid,cty_34bbfdfe,INR,ml,value,slow,friends,light,2026-04-30,none,active,2026-04-30T09:00:00+05:30,2026-08-18T10:00:00+05:30
usr_5502e88b,Nikhil Weber,nikhil.weber27@example.invalid,cty_a50bc5dd,LKR,en-IN,shoestring,comfort,business,cold_start,2026-08-13,silver,active,2026-08-13T09:00:00+05:30,2026-08-18T10:00:00+05:30
usr_0551c67a,Aditya Joshi,aditya.joshi28@example.invalid,cty_f288c6a0,INR,en-IN,premium,cultural,senior,light,2025-04-11,,active,2025-04-11T09:00:00+05:30,2026-08-18T10:00:00+05:30
usr_f885e8af,Ravi Menon,ravi.menon29@example.invalid,cty_7fc82336,INR,en-IN,mid,budget,couple,heavy,2025-12-30,,active,2025-12-30T09:00:00+05:30,2026-08-18T10:00:00+05:30
usr_7c7b9fd7,Pooja Rao,pooja.rao30@example.invalid,cty_f288c6a0,INR,en-IN,shoestring,luxury,couple,heavy,2023-06-28,,active,2023-06-28T09:00:00+05:30,2026-08-18T10:00:00+05:30
usr_157e58e7,Aisha Tanaka,aisha.tanaka31@example.invalid,cty_1ced6ede,AED,en-IN,mid,slow,business,light,2025-06-14,silver,active,2025-06-14T09:00:00+05:30,2026-08-18T10:00:00+05:30
usr_da6b9625,Ravi Kim,ravi.kim32@example.invalid,cty_a5f16904,THB,th,shoestring,comfort,friends,cold_start,2026-07-13,,active,2026-07-13T09:00:00+05:30,2026-08-18T10:00:00+05:30
usr_d245dd5d,Rahul Ahmed,rahul.ahmed33@example.invalid,cty_ccb4fb74,INR,ne,mid,cultural,backpacker,light,2026-06-04,,active,2026-06-04T09:00:00+05:30,2026-08-18T10:00:00+05:30
usr_b8779399,Elena Nair,elena.nair34@example.invalid,cty_1ced6ede,AED,ar,luxury,wellness,couple,heavy,2023-02-03,,active,2023-02-03T09:00:00+05:30,2026-08-18T10:00:00+05:30
usr_a7b22ee2,Priya Verma,priya.verma35@example.invalid,cty_c07454f1,INR,hi,shoestring,cultural,couple,cold_start,2026-07-06,none,active,2026-07-06T09:00:00+05:30,2026-08-18T10:00:00+05:30
usr_52bd2f81,Aarav Novak,aarav.novak36@example.invalid,cty_9aa02925,MVR,ar,value,slow,senior,light,2023-09-03,gold,active,2023-09-03T09:00:00+05:30,2026-08-18T10:00:00+05:30
usr_65303113,Rahul Mehta,rahul.mehta37@example.invalid,cty_c97e6cd5,INR,hi,shoestring,wellness,backpacker,heavy,2024-07-18,,active,2024-07-18T09:00:00+05:30,2026-08-18T10:00:00+05:30
usr_bff7bdb8,Grace Weber,grace.weber38@example.invalid,cty_076e8e86,INR,hi,premium,comfort,solo,heavy,2023-05-11,none,active,2023-05-11T09:00:00+05:30,2026-08-18T10:00:00+05:30
usr_ff46b2fe,Rohan Pillai,rohan.pillai39@example.invalid,cty_ccb4fb74,INR,en-IN,mid,comfort,backpacker,cold_start,2026-08-12,gold,active,2026-08-12T09:00:00+05:30,2026-08-18T10:00:00+05:30
usr_1805266d,Vikram Ahmed,vikram.ahmed40@example.invalid,cty_7cb0b529,INR,en-IN,shoestring,comfort,business,cold_start,2026-07-17,gold,active,2026-07-17T09:00:00+05:30,2026-08-18T10:00:00+05:30
usr_f427bdf9,Siddharth Joshi,siddharth.joshi41@example.invalid,cty_590d4b7b,INR,en-IN,premium,comfort,backpacker,light,2024-02-06,none,active,2024-02-06T09:00:00+05:30,2026-08-18T10:00:00+05:30
usr_50bced56,Kavya Iyer,kavya.iyer42@example.invalid,cty_51a149b7,JPY,en-IN,luxury,wellness,friends,cold_start,2026-07-30,none,active,2026-07-30T09:00:00+05:30,2026-08-18T10:00:00+05:30
usr_590caf04,Siddharth Mehta,siddharth.mehta43@example.invalid,cty_f29656ff,INR,mr,mid,comfort,solo,light,2023-04-12,gold,active,2023-04-12T09:00:00+05:30,2026-08-18T10:00:00+05:30
usr_6e6d6fef,Joseph Pillai,joseph.pillai44@example.invalid,cty_3503e391,INR,ta,luxury,slow,senior,light,2023-02-26,,active,2023-02-26T09:00:00+05:30,2026-08-18T10:00:00+05:30
usr_6f068e43,Nisha Verma,nisha.verma45@example.invalid,cty_95e7c8ca,INR,en-IN,shoestring,wellness,senior,light,2025-11-24,,active,2025-11-24T09:00:00+05:30,2026-08-18T10:00:00+05:30
usr_2e23a5e1,Tanvi Bhat,tanvi.bhat46@example.invalid,cty_51a149b7,JPY,ja,luxury,adventure,backpacker,cold_start,2026-07-17,none,active,2026-07-17T09:00:00+05:30,2026-08-18T10:00:00+05:30
usr_57a830d8,Karthik Reddy,karthik.reddy47@example.invalid,cty_d4f5e3a5,INR,en-IN,premium,luxury,friends,cold_start,2026-07-19,,active,2026-07-19T09:00:00+05:30,2026-08-18T10:00:00+05:30
usr_9e6dc4d3,Sofia Mehta,sofia.mehta48@example.invalid,cty_17b8ef2f,INR,kn,value,comfort,family,cold_start,2026-08-08,,active,2026-08-08T09:00:00+05:30,2026-08-18T10:00:00+05:30
usr_87dbc172,Vikram Bhat,vikram.bhat49@example.invalid,cty_076e8e86,INR,en-IN,mid,budget,senior,cold_start,2026-07-29,silver,active,2026-07-29T09:00:00+05:30,2026-08-18T10:00:00+05:30
usr_85c09ee4,Ritu Silva,ritu.silva50@example.invalid,cty_7cb0b529,INR,en-IN,value,cultural,couple,cold_start,2026-08-09,silver,active,2026-08-09T09:00:00+05:30,2026-08-18T10:00:00+05:30
usr_8add6423,Kabir Sharma,kabir.sharma51@example.invalid,cty_621f4a84,INR,mr,premium,comfort,senior,cold_start,2026-08-06,none,active,2026-08-06T09:00:00+05:30,2026-08-18T10:00:00+05:30
usr_ce11983a,Lakshmi Rao,lakshmi.rao52@example.invalid,cty_7f673457,INR,en-IN,mid,luxury,solo,cold_start,2026-07-21,silver,active,2026-07-21T09:00:00+05:30,2026-08-18T10:00:00+05:30
usr_7e684451,Meera Mehta,meera.mehta53@example.invalid,cty_0b7f5985,CHF,en-IN,luxury,adventure,friends,cold_start,2026-07-28,silver,active,2026-07-28T09:00:00+05:30,2026-08-18T10:00:00+05:30
usr_17b0d3bf,Nikhil Shetty,nikhil.shetty54@example.invalid,cty_7fc82336,INR,ta,premium,comfort,friends,cold_start,2026-08-02,gold,active,2026-08-02T09:00:00+05:30,2026-08-18T10:00:00+05:30
usr_a5077371,Neha Rao,neha.rao55@example.invalid,cty_b6ccbb3b,INR,or,value,cultural,solo,cold_start,2026-07-26,,active,2026-07-26T09:00:00+05:30,2026-08-18T10:00:00+05:30
usr_17083a9e,Leila Singh,leila.singh56@example.invalid,cty_d35a9652,INR,en-IN,premium,adventure,backpacker,cold_start,2026-08-09,gold,active,2026-08-09T09:00:00+05:30,2026-08-18T10:00:00+05:30
usr_50e64c2d,Shreya Weber,shreya.weber57@example.invalid,cty_0d062a51,INR,en-IN,mid,adventure,friends,light,2024-08-19,silver,active,2024-08-19T09:00:00+05:30,2026-08-18T10:00:00+05:30
usr_2da5bb04,Diya Kulkarni,diya.kulkarni58@example.invalid,cty_51a149b7,JPY,ja,shoestring,cultural,family,cold_start,2026-07-08,,active,2026-07-08T09:00:00+05:30,2026-08-18T10:00:00+05:30
usr_2162d6ff,Shreya Reddy,shreya.reddy59@example.invalid,cty_43d0a650,INR,en-IN,mid,budget,friends,cold_start,2026-08-12,none,active,2026-08-12T09:00:00+05:30,2026-08-18T10:00:00+05:30
usr_9059c966,Chen Chatterjee,chen.chatterjee60@example.invalid,cty_79cbc59b,BTN,en-IN,shoestring,slow,friends,cold_start,2026-08-02,none,active,2026-08-02T09:00:00+05:30,2026-08-18T10:00:00+05:30
usr_efe9a3aa,Arjun Patel,arjun.patel61@example.invalid,cty_34bbfdfe,INR,en-IN,value,slow,backpacker,cold_start,2026-08-09,gold,active,2026-08-09T09:00:00+05:30,2026-08-18T10:00:00+05:30
usr_5b361073,Maya Tanaka,maya.tanaka62@example.invalid,cty_6320eea9,QAR,ar,value,cultural,family,cold_start,2026-07-08,,active,2026-07-08T09:00:00+05:30,2026-08-18T10:00:00+05:30
usr_106130ad,Marco Silva,marco.silva63@example.invalid,cty_d401ef6b,INR,en-IN,luxury,wellness,backpacker,cold_start,2026-08-15,none,active,2026-08-15T09:00:00+05:30,2026-08-18T10:00:00+05:30
usr_0ecee4ac,Riya Verma,riya.verma64@example.invalid,cty_34bbfdfe,INR,ml,premium,adventure,couple,cold_start,2026-07-13,silver,active,2026-07-13T09:00:00+05:30,2026-08-18T10:00:00+05:30
usr_3ccdc15e,Imran Khan,imran.khan65@example.invalid,cty_67ee7f6f,INR,ml,premium,comfort,solo,cold_start,2026-08-14,,active,2026-08-14T09:00:00+05:30,2026-08-18T10:00:00+05:30
usr_0813b333,Pooja Tanaka,pooja.tanaka66@example.invalid,cty_ccb4fb74,INR,en-IN,value,wellness,family,cold_start,2026-07-29,silver,active,2026-07-29T09:00:00+05:30,2026-08-18T10:00:00+05:30
usr_6623af50,Meera Mehta,meera.mehta67@example.invalid,cty_7b89639e,AED,ar,luxury,luxury,couple,heavy,2024-04-26,silver,active,2024-04-26T09:00:00+05:30,2026-08-18T10:00:00+05:30
usr_eba38ad5,Pooja Novak,pooja.novak68@example.invalid,cty_cfec17b6,INR,gu,premium,cultural,backpacker,light,2025-12-10,,active,2025-12-10T09:00:00+05:30,2026-08-18T10:00:00+05:30
usr_db37359e,Omar Iyer,omar.iyer69@example.invalid,cty_aa759717,INR,en-IN,premium,wellness,senior,cold_start,2026-07-16,,active,2026-07-16T09:00:00+05:30,2026-08-18T10:00:00+05:30
usr_4f7fc3a8,Sofia Joshi,sofia.joshi70@example.invalid,cty_ccb4fb74,INR,ne,shoestring,cultural,backpacker,light,2024-08-06,,active,2024-08-06T09:00:00+05:30,2026-08-18T10:00:00+05:30
usr_0a31df91,Leila Rossi,leila.rossi71@example.invalid,cty_7cb0b529,INR,en-IN,premium,luxury,backpacker,cold_start,2026-07-06,silver,active,2026-07-06T09:00:00+05:30,2026-08-18T10:00:00+05:30
usr_1ef037a0,Siddharth Gupta,siddharth.gupta72@example.invalid,cty_a97c33ad,INR,kn,luxury,luxury,solo,light,2023-05-12,,active,2023-05-12T09:00:00+05:30,2026-08-18T10:00:00+05:30
usr_2fca7c46,Marco Rao,marco.rao73@example.invalid,cty_7be8559f,INR,en-IN,mid,luxury,friends,cold_start,2026-07-06,silver,active,2026-07-06T09:00:00+05:30,2026-08-18T10:00:00+05:30
usr_a2dd8823,Ananya Novak,ananya.novak74@example.invalid,cty_17b8ef2f,INR,en-IN,premium,cultural,family,light,2023-05-09,silver,active,2023-05-09T09:00:00+05:30,2026-08-18T10:00:00+05:30
usr_b9d5e7c6,Tanvi Pillai,tanvi.pillai75@example.invalid,cty_1ced6ede,AED,en-IN,value,budget,backpacker,heavy,2025-04-17,silver,active,2025-04-17T09:00:00+05:30,2026-08-18T10:00:00+05:30
usr_36284ca0,Elena Mehta,elena.mehta76@example.invalid,cty_0d9ab6ff,INR,en-IN,premium,cultural,backpacker,light,2024-06-09,,active,2024-06-09T09:00:00+05:30,2026-08-18T10:00:00+05:30
usr_a9df5974,Neha Nair,neha.nair77@example.invalid,cty_f288c6a0,INR,ta,premium,slow,senior,cold_start,2026-08-06,silver,active,2026-08-06T09:00:00+05:30,2026-08-18T10:00:00+05:30
usr_4b9412c5,Ravi Nair,ravi.nair78@example.invalid,cty_c43cfa94,INR,en-IN,premium,adventure,solo,cold_start,2026-08-05,silver,active,2026-08-05T09:00:00+05:30,2026-08-18T10:00:00+05:30
usr_2d4d90ee,Kavya Silva,kavya.silva79@example.invalid,cty_17b8ef2f,INR,en-IN,luxury,wellness,family,light,2023-07-10,,active,2023-07-10T09:00:00+05:30,2026-08-18T10:00:00+05:30
usr_1f8bfcb7,Maya Menon,maya.menon80@example.invalid,cty_d35a9652,INR,en-IN,shoestring,adventure,friends,light,2025-10-08,silver,active,2025-10-08T09:00:00+05:30,2026-08-18T10:00:00+05:30
usr_454b4262,Anita Singh,anita.singh81@example.invalid,cty_8fc1539e,INR,en-IN,shoestring,cultural,senior,light,2023-07-27,,active,2023-07-27T09:00:00+05:30,2026-08-18T10:00:00+05:30
usr_5c38267a,Aditya Silva,aditya.silva82@example.invalid,cty_7cb0b529,INR,en-IN,value,slow,senior,heavy,2024-11-27,none,active,2024-11-27T09:00:00+05:30,2026-08-18T10:00:00+05:30
usr_02b3a36d,Rohan Wong,rohan.wong83@example.invalid,cty_0b92e2e7,INR,hi,shoestring,comfort,senior,heavy,2024-07-13,,active,2024-07-13T09:00:00+05:30,2026-08-18T10:00:00+05:30
usr_2a2841d1,Arjun Wong,arjun.wong84@example.invalid,cty_ab50efee,INR,bn,value,budget,senior,light,2023-05-08,gold,active,2023-05-08T09:00:00+05:30,2026-08-18T10:00:00+05:30
usr_5bbebfef,Tanvi Silva,tanvi.silva85@example.invalid,cty_590d4b7b,INR,en-IN,shoestring,wellness,solo,light,2023-08-30,silver,active,2023-08-30T09:00:00+05:30,2026-08-18T10:00:00+05:30
usr_c535ee88,Omar Rao,omar.rao86@example.invalid,cty_a5f16904,THB,en-IN,premium,cultural,family,cold_start,2026-08-09,,active,2026-08-09T09:00:00+05:30,2026-08-18T10:00:00+05:30
usr_d56927f7,Gautam Tanaka,gautam.tanaka87@example.invalid,cty_3503e391,INR,en-IN,mid,luxury,backpacker,heavy,2024-10-15,,active,2024-10-15T09:00:00+05:30,2026-08-18T10:00:00+05:30
usr_3dd2a515,Nikhil Costa,nikhil.costa88@example.invalid,cty_ccb4fb74,INR,ne,shoestring,luxury,family,cold_start,2026-07-14,,active,2026-07-14T09:00:00+05:30,2026-08-18T10:00:00+05:30
usr_f5ceb136,Arun Rao,arun.rao89@example.invalid,cty_621f4a84,INR,mr,premium,cultural,senior,cold_start,2026-07-13,gold,active,2026-07-13T09:00:00+05:30,2026-08-18T10:00:00+05:30
usr_1e3c81bb,Gautam Wong,gautam.wong90@example.invalid,cty_b6ccbb3b,INR,en-IN,premium,luxury,friends,light,2023-10-06,silver,active,2023-10-06T09:00:00+05:30,2026-08-18T10:00:00+05:30
usr_8479a3e5,Yuki Ahmed,yuki.ahmed91@example.invalid,cty_f288c6a0,INR,en-IN,shoestring,adventure,friends,cold_start,2026-07-12,,active,2026-07-12T09:00:00+05:30,2026-08-18T10:00:00+05:30
usr_fa7951d2,Pooja Pillai,pooja.pillai92@example.invalid,cty_541018a9,INR,en-IN,value,slow,solo,cold_start,2026-07-19,none,active,2026-07-19T09:00:00+05:30,2026-08-18T10:00:00+05:30
usr_77cc5104,Anita Khan,anita.khan93@example.invalid,cty_d4f5e3a5,INR,te,luxury,adventure,backpacker,cold_start,2026-07-23,none,active,2026-07-23T09:00:00+05:30,2026-08-18T10:00:00+05:30
usr_3d2f73ea,Zoya Novak,zoya.novak94@example.invalid,cty_ab50efee,INR,en-IN,premium,wellness,senior,heavy,2026-03-04,silver,active,2026-03-04T09:00:00+05:30,2026-08-18T10:00:00+05:30
usr_5de9da21,Ananya Wong,ananya.wong95@example.invalid,cty_a50bc5dd,LKR,en-IN,premium,comfort,business,light,2023-11-21,silver,active,2023-11-21T09:00:00+05:30,2026-08-18T10:00:00+05:30
usr_7b318031,Aisha Kim,aisha.kim96@example.invalid,cty_cf1c6ac5,INR,as,premium,adventure,friends,light,2024-04-16,none,active,2024-04-16T09:00:00+05:30,2026-08-18T10:00:00+05:30
usr_66a4a013,Neha Silva,neha.silva97@example.invalid,cty_b43cdd57,INR,hi,premium,adventure,business,cold_start,2026-07-06,,active,2026-07-06T09:00:00+05:30,2026-08-18T10:00:00+05:30
usr_ec11ff6d,Sneha Khan,sneha.khan98@example.invalid,cty_0b92e2e7,INR,hi,shoestring,budget,senior,cold_start,2026-08-10,gold,active,2026-08-10T09:00:00+05:30,2026-08-18T10:00:00+05:30
usr_19ff47f6,Bhavna Nair,bhavna.nair99@example.invalid,cty_7be8559f,INR,en-IN,mid,comfort,business,light,2024-12-18,,active,2024-12-18T09:00:00+05:30,2026-08-18T10:00:00+05:30
usr_bcc2d077,Elena Novak,elena.novak100@example.invalid,cty_32e8e65c,INR,en-IN,shoestring,cultural,solo,cold_start,2026-07-09,gold,active,2026-07-09T09:00:00+05:30,2026-08-18T10:00:00+05:30
usr_2bd5e70b,Nisha Sharma,nisha.sharma101@example.invalid,cty_009c9fd2,LKR,si,premium,luxury,backpacker,light,2024-02-27,gold,active,2024-02-27T09:00:00+05:30,2026-08-18T10:00:00+05:30
usr_cea18c83,Gautam Silva,gautam.silva102@example.invalid,cty_009c9fd2,LKR,si,mid,wellness,business,cold_start,2026-07-15,gold,active,2026-07-15T09:00:00+05:30,2026-08-18T10:00:00+05:30
usr_3771666b,Daniel Fernandes,daniel.fernandes103@example.invalid,cty_34bbfdfe,INR,en-IN,mid,wellness,solo,cold_start,2026-07-08,none,active,2026-07-08T09:00:00+05:30,2026-08-18T10:00:00+05:30
usr_2366517c,Ritu Gupta,ritu.gupta104@example.invalid,cty_905fd8a1,SGD,zh,mid,budget,solo,cold_start,2026-07-17,silver,active,2026-07-17T09:00:00+05:30,2026-08-18T10:00:00+05:30
usr_3f50fbcb,Aditya Singh,aditya.singh105@example.invalid,cty_590d4b7b,INR,en-IN,shoestring,budget,family,heavy,2025-02-26,gold,active,2025-02-26T09:00:00+05:30,2026-08-18T10:00:00+05:30
usr_4bf78f59,Tanvi Joshi,tanvi.joshi106@example.invalid,cty_0d9ab6ff,INR,hi,luxury,wellness,business,light,2023-10-31,none,active,2023-10-31T09:00:00+05:30,2026-08-18T10:00:00+05:30
usr_38ed48e6,Maya Chatterjee,maya.chatterjee107@example.invalid,cty_828a7777,INR,en-IN,mid,budget,solo,light,2026-05-13,silver,active,2026-05-13T09:00:00+05:30,2026-08-18T10:00:00+05:30
usr_f48b4353,Bhavna Novak,bhavna.novak108@example.invalid,cty_7b89639e,AED,ar,value,budget,business,cold_start,2026-07-24,gold,active,2026-07-24T09:00:00+05:30,2026-08-18T10:00:00+05:30
usr_f3138597,Riya Verma,riya.verma109@example.invalid,cty_67ee7f6f,INR,ml,premium,comfort,family,heavy,2024-11-03,gold,active,2024-11-03T09:00:00+05:30,2026-08-18T10:00:00+05:30
usr_dabbaf95,Lakshmi Gupta,lakshmi.gupta110@example.invalid,cty_b43cdd57,INR,hi,value,budget,couple,heavy,2023-09-03,silver,inactive,2023-09-03T09:00:00+05:30,2026-08-18T10:00:00+05:30
usr_4d8f3b3a,Kabir Nair,kabir.nair111@example.invalid,cty_0d062a51,INR,pa,shoestring,slow,backpacker,cold_start,2026-08-01,,active,2026-08-01T09:00:00+05:30,2026-08-18T10:00:00+05:30
usr_b357f73c,Aditya Rao,aditya.rao112@example.invalid,cty_718f03c7,INR,te,premium,cultural,senior,cold_start,2026-07-07,none,active,2026-07-07T09:00:00+05:30,2026-08-18T10:00:00+05:30
usr_9afd8eab,Bhavna Chatterjee,bhavna.chatterjee113@example.invalid,cty_10cbee86,INR,hi,value,wellness,solo,cold_start,2026-08-12,,active,2026-08-12T09:00:00+05:30,2026-08-18T10:00:00+05:30
usr_8d55da4d,Ishaan Silva,ishaan.silva114@example.invalid,cty_7cb0b529,INR,te,shoestring,wellness,backpacker,cold_start,2026-07-30,,active,2026-07-30T09:00:00+05:30,2026-08-18T10:00:00+05:30
usr_3b2b4279,Zoya Ahmed,zoya.ahmed115@example.invalid,cty_621f4a84,INR,mr,premium,cultural,backpacker,light,2025-04-29,,active,2025-04-29T09:00:00+05:30,2026-08-18T10:00:00+05:30
usr_afaebefa,Elena Rao,elena.rao116@example.invalid,cty_f288c6a0,INR,en-IN,premium,wellness,senior,cold_start,2026-08-13,silver,active,2026-08-13T09:00:00+05:30,2026-08-18T10:00:00+05:30
usr_3495d8ed,Arjun Fernandes,arjun.fernandes117@example.invalid,cty_c9f34ba7,MYR,ms,premium,budget,friends,cold_start,2026-07-19,none,active,2026-07-19T09:00:00+05:30,2026-08-18T10:00:00+05:30
usr_520d9624,Aditya Ahmed,aditya.ahmed118@example.invalid,cty_f288c6a0,INR,en-IN,premium,budget,senior,heavy,2025-05-01,silver,active,2025-05-01T09:00:00+05:30,2026-08-18T10:00:00+05:30
usr_dcc95fd2,Meera Mehta,meera.mehta119@example.invalid,cty_f29656ff,INR,mr,mid,comfort,senior,light,2025-02-09,,active,2025-02-09T09:00:00+05:30,2026-08-18T10:00:00+05:30
usr_c659e4bf,Rahul Silva,rahul.silva120@example.invalid,cty_36afaa5c,IDR,id,premium,adventure,couple,heavy,2024-04-01,,active,2024-04-01T09:00:00+05:30,2026-08-18T10:00:00+05:30
usr_1f590ce8,Nikhil Ahmed,nikhil.ahmed121@example.invalid,cty_b6ccbb3b,INR,en-IN,value,comfort,couple,cold_start,2026-08-07,,active,2026-08-07T09:00:00+05:30,2026-08-18T10:00:00+05:30
usr_f353d290,Ravi Khan,ravi.khan122@example.invalid,cty_8fc1539e,INR,en-IN,shoestring,wellness,business,cold_start,2026-08-15,silver,active,2026-08-15T09:00:00+05:30,2026-08-18T10:00:00+05:30
usr_fe54affe,Leila Wong,leila.wong123@example.invalid,cty_51a149b7,JPY,en-IN,premium,luxury,backpacker,cold_start,2026-07-18,,active,2026-07-18T09:00:00+05:30,2026-08-18T10:00:00+05:30
usr_065fbc7f,Shreya Weber,shreya.weber124@example.invalid,cty_3503e391,INR,en-IN,luxury,luxury,family,cold_start,2026-07-22,silver,active,2026-07-22T09:00:00+05:30,2026-08-18T10:00:00+05:30
usr_18a2e06d,Fatima Kulkarni,fatima.kulkarni125@example.invalid,cty_32e8e65c,INR,hi,luxury,comfort,family,cold_start,2026-07-29,none,active,2026-07-29T09:00:00+05:30,2026-08-18T10:00:00+05:30
usr_282f5188,Nikhil Pillai,nikhil.pillai126@example.invalid,cty_95d040d8,NPR,ne,mid,comfort,backpacker,cold_start,2026-07-21,none,active,2026-07-21T09:00:00+05:30,2026-08-18T10:00:00+05:30
usr_04abf061,Leila Nair,leila.nair127@example.invalid,cty_36afaa5c,IDR,en-IN,premium,cultural,backpacker,heavy,2024-11-19,,active,2024-11-19T09:00:00+05:30,2026-08-18T10:00:00+05:30
usr_1886c078,Nikhil Chatterjee,nikhil.chatterjee128@example.invalid,cty_9aa02925,MVR,en-IN,value,slow,solo,light,2025-07-29,none,active,2025-07-29T09:00:00+05:30,2026-08-18T10:00:00+05:30
usr_40c95b13,Ritu Gupta,ritu.gupta129@example.invalid,cty_43d0a650,INR,en-IN,luxury,cultural,business,cold_start,2026-07-18,gold,active,2026-07-18T09:00:00+05:30,2026-08-18T10:00:00+05:30
usr_5f81e7d1,Sanjay Wong,sanjay.wong130@example.invalid,cty_f8b75f8e,INR,ta,luxury,cultural,friends,cold_start,2026-07-15,gold,active,2026-07-15T09:00:00+05:30,2026-08-18T10:00:00+05:30
usr_3438d3c4,Meera Ahmed,meera.ahmed131@example.invalid,cty_1ced6ede,AED,en-IN,luxury,cultural,solo,light,2024-02-29,gold,active,2024-02-29T09:00:00+05:30,2026-08-18T10:00:00+05:30
usr_7cb81b2c,Aarav Fernandes,aarav.fernandes132@example.invalid,cty_36afaa5c,IDR,en-IN,value,slow,business,light,2024-10-13,none,active,2024-10-13T09:00:00+05:30,2026-08-18T10:00:00+05:30
usr_80bfee13,Nisha Iyer,nisha.iyer133@example.invalid,cty_34bbfdfe,INR,en-IN,mid,adventure,senior,cold_start,2026-08-01,silver,active,2026-08-01T09:00:00+05:30,2026-08-18T10:00:00+05:30
usr_b8c5bfe0,Vikram Reddy,vikram.reddy134@example.invalid,cty_f29656ff,INR,mr,premium,slow,friends,heavy,2025-04-30,,active,2025-04-30T09:00:00+05:30,2026-08-18T10:00:00+05:30
usr_cb0928ac,Meera Joshi,meera.joshi135@example.invalid,cty_43d0a650,INR,en-IN,mid,adventure,backpacker,light,2022-10-22,,active,2022-10-22T09:00:00+05:30,2026-08-18T10:00:00+05:30
usr_322fb6cb,Ravi Verma,ravi.verma136@example.invalid,cty_95e7c8ca,INR,mr,shoestring,luxury,couple,cold_start,2026-07-25,,active,2026-07-25T09:00:00+05:30,2026-08-18T10:00:00+05:30
usr_805d11a5,Leila Costa,leila.costa137@example.invalid,cty_8b6b1652,INR,ml,premium,adventure,senior,light,2026-05-01,silver,active,2026-05-01T09:00:00+05:30,2026-08-18T10:00:00+05:30
usr_b96ef58c,Pooja Kulkarni,pooja.kulkarni138@example.invalid,cty_ab50efee,INR,bn,value,slow,senior,light,2023-06-20,silver,active,2023-06-20T09:00:00+05:30,2026-08-18T10:00:00+05:30
usr_3c70603f,Ravi Weber,ravi.weber139@example.invalid,cty_3503e391,INR,ta,luxury,slow,senior,light,2024-06-12,none,active,2024-06-12T09:00:00+05:30,2026-08-18T10:00:00+05:30
usr_f9060fbb,Daniel Silva,daniel.silva140@example.invalid,cty_c97e6cd5,INR,hi,mid,cultural,friends,light,2025-04-22,silver,active,2025-04-22T09:00:00+05:30,2026-08-18T10:00:00+05:30
usr_05a65b61,Ananya Costa,ananya.costa141@example.invalid,cty_7f673457,INR,en-IN,luxury,adventure,backpacker,light,2023-08-27,gold,active,2023-08-27T09:00:00+05:30,2026-08-18T10:00:00+05:30
usr_e9f75997,Sofia Bhat,sofia.bhat142@example.invalid,cty_9aa02925,MVR,en-IN,premium,budget,backpacker,cold_start,2026-08-14,,active,2026-08-14T09:00:00+05:30,2026-08-18T10:00:00+05:30
usr_6361ffdd,Sanjay Novak,sanjay.novak143@example.invalid,cty_1ced6ede,AED,en-IN,shoestring,luxury,solo,cold_start,2026-07-24,gold,active,2026-07-24T09:00:00+05:30,2026-08-18T10:00:00+05:30
usr_6653b49e,Ishaan Iyer,ishaan.iyer144@example.invalid,cty_67ee7f6f,INR,ml,premium,cultural,couple,cold_start,2026-08-04,,active,2026-08-04T09:00:00+05:30,2026-08-18T10:00:00+05:30
usr_7edfea3c,Yuki Silva,yuki.silva145@example.invalid,cty_aa759717,INR,hi,value,adventure,solo,light,2023-09-03,gold,active,2023-09-03T09:00:00+05:30,2026-08-18T10:00:00+05:30
usr_7101a5b5,Rohan Iyer,rohan.iyer146@example.invalid,cty_c97e6cd5,INR,en-IN,mid,wellness,solo,light,2025-09-03,gold,active,2025-09-03T09:00:00+05:30,2026-08-18T10:00:00+05:30
usr_fd729274,Aarav Nair,aarav.nair147@example.invalid,cty_d401ef6b,INR,ml,shoestring,slow,senior,heavy,2026-07-12,none,active,2026-07-12T09:00:00+05:30,2026-08-18T10:00:00+05:30
usr_48f9bd76,Arjun Patel,arjun.patel148@example.invalid,cty_d401ef6b,INR,en-IN,value,luxury,business,cold_start,2026-07-05,none,active,2026-07-05T09:00:00+05:30,2026-08-18T10:00:00+05:30
usr_546ab7b6,Ananya Shetty,ananya.shetty149@example.invalid,cty_f29656ff,INR,mr,shoestring,comfort,senior,cold_start,2026-07-23,gold,active,2026-07-23T09:00:00+05:30,2026-08-18T10:00:00+05:30
usr_57995796,Manav Patel,manav.patel150@example.invalid,cty_d401ef6b,INR,ml,mid,slow,solo,heavy,2024-01-30,,active,2024-01-30T09:00:00+05:30,2026-08-18T10:00:00+05:30
usr_f95d5d19,Arjun Chatterjee,arjun.chatterjee151@example.invalid,cty_aa759717,INR,hi,value,adventure,family,cold_start,2026-08-08,,active,2026-08-08T09:00:00+05:30,2026-08-18T10:00:00+05:30
usr_4dc8096b,Aisha Fernandes,aisha.fernandes152@example.invalid,cty_0d062a51,INR,en-IN,mid,budget,couple,light,2025-01-10,,active,2025-01-10T09:00:00+05:30,2026-08-18T10:00:00+05:30
usr_f5fd9c87,Marco Joshi,marco.joshi153@example.invalid,cty_0b92e2e7,INR,en-IN,shoestring,adventure,backpacker,cold_start,2026-07-13,none,active,2026-07-13T09:00:00+05:30,2026-08-18T10:00:00+05:30
usr_beb7e910,Meera Mehta,meera.mehta154@example.invalid,cty_b6ccbb3b,INR,or,shoestring,wellness,friends,cold_start,2026-07-24,gold,active,2026-07-24T09:00:00+05:30,2026-08-18T10:00:00+05:30
usr_5b790166,Shreya Wong,shreya.wong155@example.invalid,cty_d35a9652,INR,en-IN,premium,adventure,business,heavy,2025-07-05,gold,active,2025-07-05T09:00:00+05:30,2026-08-18T10:00:00+05:30
usr_c25e06d9,Tanvi Shetty,tanvi.shetty156@example.invalid,cty_51a149b7,JPY,ja,shoestring,luxury,friends,cold_start,2026-07-16,,active,2026-07-16T09:00:00+05:30,2026-08-18T10:00:00+05:30
usr_5ffc5ee5,Elena Kulkarni,elena.kulkarni157@example.invalid,cty_bbb31d67,INR,kn,luxury,budget,backpacker,cold_start,2026-08-17,,active,2026-08-17T09:00:00+05:30,2026-08-18T10:00:00+05:30
usr_d32b1be5,Lakshmi Chatterjee,lakshmi.chatterjee158@example.invalid,cty_36afaa5c,IDR,en-IN,value,slow,friends,cold_start,2026-08-17,,active,2026-08-17T09:00:00+05:30,2026-08-18T10:00:00+05:30
usr_fe056e56,Pooja Tanaka,pooja.tanaka159@example.invalid,cty_cfec17b6,INR,gu,shoestring,comfort,backpacker,heavy,2023-08-15,none,active,2023-08-15T09:00:00+05:30,2026-08-18T10:00:00+05:30
usr_9d0bf50e,Bhavna Bose,bhavna.bose160@example.invalid,cty_7b89639e,AED,ar,luxury,adventure,couple,cold_start,2026-08-06,,active,2026-08-06T09:00:00+05:30,2026-08-18T10:00:00+05:30
usr_525b1d3c,Yuki Costa,yuki.costa161@example.invalid,cty_d4f5e3a5,INR,en-IN,luxury,luxury,family,cold_start,2026-08-12,none,active,2026-08-12T09:00:00+05:30,2026-08-18T10:00:00+05:30
usr_04b21637,Fatima Das,fatima.das162@example.invalid,cty_10cbee86,INR,en-IN,premium,adventure,couple,light,2025-01-15,,active,2025-01-15T09:00:00+05:30,2026-08-18T10:00:00+05:30
usr_ede8042e,Ananya Fernandes,ananya.fernandes163@example.invalid,cty_c07454f1,INR,hi,luxury,luxury,couple,cold_start,2026-07-27,silver,active,2026-07-27T09:00:00+05:30,2026-08-18T10:00:00+05:30
usr_0ff233bd,Meera Fernandes,meera.fernandes164@example.invalid,cty_d35a9652,INR,en-IN,luxury,adventure,friends,cold_start,2026-07-22,,active,2026-07-22T09:00:00+05:30,2026-08-18T10:00:00+05:30
usr_ee6409a7,Karthik Fernandes,karthik.fernandes165@example.invalid,cty_aa759717,INR,hi,luxury,adventure,solo,light,2026-05-14,gold,active,2026-05-14T09:00:00+05:30,2026-08-18T10:00:00+05:30
usr_7f6e49de,Rohan Pillai,rohan.pillai166@example.invalid,cty_43d0a650,INR,mr,shoestring,wellness,family,light,2023-06-12,silver,active,2023-06-12T09:00:00+05:30,2026-08-18T10:00:00+05:30
usr_aef2650b,Ravi Joshi,ravi.joshi167@example.invalid,cty_541018a9,INR,en-IN,shoestring,slow,backpacker,cold_start,2026-07-07,none,active,2026-07-07T09:00:00+05:30,2026-08-18T10:00:00+05:30
usr_f6db29eb,Ravi Nair,ravi.nair168@example.invalid,cty_905fd8a1,SGD,zh,premium,adventure,solo,light,2023-08-09,,active,2023-08-09T09:00:00+05:30,2026-08-18T10:00:00+05:30
usr_5cdbb1d3,Leila Costa,leila.costa169@example.invalid,cty_c07454f1,INR,en-IN,value,cultural,business,light,2023-10-20,,active,2023-10-20T09:00:00+05:30,2026-08-18T10:00:00+05:30
usr_671138ff,Tanvi Ahmed,tanvi.ahmed170@example.invalid,cty_ab50efee,INR,bn,luxury,luxury,senior,cold_start,2026-07-28,,active,2026-07-28T09:00:00+05:30,2026-08-18T10:00:00+05:30
usr_e96d03fd,Kabir Verma,kabir.verma171@example.invalid,cty_8fc1539e,INR,kn,luxury,luxury,senior,light,2024-10-26,silver,active,2024-10-26T09:00:00+05:30,2026-08-18T10:00:00+05:30
usr_29dfdea3,Ritu Shetty,ritu.shetty172@example.invalid,cty_5d572c8a,INR,en-IN,mid,comfort,friends,cold_start,2026-07-08,silver,active,2026-07-08T09:00:00+05:30,2026-08-18T10:00:00+05:30
usr_de458aa5,Nikhil Reddy,nikhil.reddy173@example.invalid,cty_c9f34ba7,MYR,en-IN,value,luxury,friends,cold_start,2026-07-09,none,active,2026-07-09T09:00:00+05:30,2026-08-18T10:00:00+05:30
usr_6866c6a4,Kavya Mehta,kavya.mehta174@example.invalid,cty_7b89639e,AED,ar,mid,cultural,solo,cold_start,2026-07-30,none,active,2026-07-30T09:00:00+05:30,2026-08-18T10:00:00+05:30
usr_9937a749,Grace Singh,grace.singh175@example.invalid,cty_c0f2d9de,NPR,ne,shoestring,comfort,family,light,2024-05-23,gold,active,2024-05-23T09:00:00+05:30,2026-08-18T10:00:00+05:30
usr_424fbf1a,Nisha Rao,nisha.rao176@example.invalid,cty_828a7777,INR,en-IN,mid,adventure,family,light,2023-11-22,,active,2023-11-22T09:00:00+05:30,2026-08-18T10:00:00+05:30
usr_e7722766,Fatima Reddy,fatima.reddy177@example.invalid,cty_cfec17b6,INR,gu,premium,cultural,couple,cold_start,2026-08-09,silver,active,2026-08-09T09:00:00+05:30,2026-08-18T10:00:00+05:30
usr_c582abb2,Lakshmi Singh,lakshmi.singh178@example.invalid,cty_c97e6cd5,INR,en-IN,premium,wellness,couple,heavy,2024-07-27,none,active,2024-07-27T09:00:00+05:30,2026-08-18T10:00:00+05:30
usr_f96768fc,Ritu Khan,ritu.khan179@example.invalid,cty_7fc82336,INR,ta,value,comfort,backpacker,cold_start,2026-08-11,,active,2026-08-11T09:00:00+05:30,2026-08-18T10:00:00+05:30
usr_58d2b52f,Neha Ahmed,neha.ahmed180@example.invalid,cty_590d4b7b,INR,en-IN,mid,comfort,solo,heavy,2024-07-01,silver,active,2024-07-01T09:00:00+05:30,2026-08-18T10:00:00+05:30
usr_7e0ddebe,Sanjay Bose,sanjay.bose181@example.invalid,cty_621f4a84,INR,en-IN,luxury,cultural,family,cold_start,2026-07-17,none,active,2026-07-17T09:00:00+05:30,2026-08-18T10:00:00+05:30
usr_7f6d27fe,Aisha Mehta,aisha.mehta182@example.invalid,cty_905fd8a1,SGD,en-IN,luxury,slow,business,light,2023-05-14,,active,2023-05-14T09:00:00+05:30,2026-08-18T10:00:00+05:30
usr_40edb5af,Yuki Bose,yuki.bose183@example.invalid,cty_ccb4fb74,INR,ne,shoestring,adventure,senior,heavy,2024-02-26,gold,active,2024-02-26T09:00:00+05:30,2026-08-18T10:00:00+05:30
usr_37079a82,Meera Bose,meera.bose184@example.invalid,cty_0b7f5985,CHF,de,shoestring,budget,solo,heavy,2024-05-11,,active,2024-05-11T09:00:00+05:30,2026-08-18T10:00:00+05:30
usr_d9890333,Ravi Silva,ravi.silva185@example.invalid,cty_c43cfa94,INR,en-IN,premium,adventure,solo,light,2023-06-11,none,active,2023-06-11T09:00:00+05:30,2026-08-18T10:00:00+05:30
usr_045378e4,Arjun Costa,arjun.costa186@example.invalid,cty_076e8e86,INR,hi,value,slow,business,heavy,2023-06-26,,active,2023-06-26T09:00:00+05:30,2026-08-18T10:00:00+05:30
usr_8180c222,Sneha Das,sneha.das187@example.invalid,cty_541018a9,INR,en-IN,shoestring,budget,family,light,2023-11-02,none,active,2023-11-02T09:00:00+05:30,2026-08-18T10:00:00+05:30
usr_7f26d855,Neha Joshi,neha.joshi188@example.invalid,cty_d35a9652,INR,en-IN,luxury,slow,business,cold_start,2026-07-09,,active,2026-07-09T09:00:00+05:30,2026-08-18T10:00:00+05:30
usr_b452b228,Gautam Menon,gautam.menon189@example.invalid,cty_9aa02925,MVR,ar,premium,wellness,business,cold_start,2026-07-16,,active,2026-07-16T09:00:00+05:30,2026-08-18T10:00:00+05:30
usr_e21b6644,Marco Silva,marco.silva190@example.invalid,cty_0d9ab6ff,INR,en-IN,value,budget,business,heavy,2026-06-12,silver,active,2026-06-12T09:00:00+05:30,2026-08-18T10:00:00+05:30
usr_1f670e21,Vikram Patel,vikram.patel191@example.invalid,cty_95d040d8,NPR,en-IN,mid,adventure,senior,light,2025-04-14,none,active,2025-04-14T09:00:00+05:30,2026-08-18T10:00:00+05:30
usr_acbd09a0,Riya Wong,riya.wong192@example.invalid,cty_51a149b7,JPY,ja,luxury,adventure,family,cold_start,2026-07-22,,active,2026-07-22T09:00:00+05:30,2026-08-18T10:00:00+05:30
usr_cdfb4f44,Vikram Sharma,vikram.sharma193@example.invalid,cty_718f03c7,INR,te,luxury,wellness,couple,cold_start,2026-08-13,,active,2026-08-13T09:00:00+05:30,2026-08-18T10:00:00+05:30
usr_8f81432c,Zoya Bose,zoya.bose194@example.invalid,cty_36afaa5c,IDR,id,luxury,slow,family,light,2025-01-30,silver,active,2025-01-30T09:00:00+05:30,2026-08-18T10:00:00+05:30
usr_a0621ff2,Thomas Costa,thomas.costa195@example.invalid,cty_ccb4fb74,INR,en-IN,value,cultural,backpacker,light,2025-07-09,silver,active,2025-07-09T09:00:00+05:30,2026-08-18T10:00:00+05:30
usr_72d88a70,Aditya Rao,aditya.rao196@example.invalid,cty_17b8ef2f,INR,kn,shoestring,adventure,couple,light,2024-04-29,gold,active,2024-04-29T09:00:00+05:30,2026-08-18T10:00:00+05:30
usr_c0b1d0d3,Rahul Rao,rahul.rao197@example.invalid,cty_0d9ab6ff,INR,en-IN,value,adventure,backpacker,light,2024-02-22,,active,2024-02-22T09:00:00+05:30,2026-08-18T10:00:00+05:30
usr_3127972d,Sofia Rossi,sofia.rossi198@example.invalid,cty_718f03c7,INR,en-IN,shoestring,cultural,family,cold_start,2026-07-14,,active,2026-07-14T09:00:00+05:30,2026-08-18T10:00:00+05:30
usr_9292ebbb,Nisha Ahmed,nisha.ahmed199@example.invalid,cty_7be8559f,INR,or,mid,cultural,family,light,2024-06-22,none,active,2024-06-22T09:00:00+05:30,2026-08-18T10:00:00+05:30
usr_8f32fd7a,Ravi Gupta,ravi.gupta200@example.invalid,cty_a50bc5dd,LKR,en-IN,luxury,wellness,business,cold_start,2026-07-08,gold,active,2026-07-08T09:00:00+05:30,2026-08-18T10:00:00+05:30
usr_044d1ce1,Sneha Weber,sneha.weber201@example.invalid,cty_a50bc5dd,LKR,si,mid,slow,friends,cold_start,2026-08-16,gold,active,2026-08-16T09:00:00+05:30,2026-08-18T10:00:00+05:30
usr_cd45f751,Grace Ahmed,grace.ahmed202@example.invalid,cty_c43cfa94,INR,bn,value,slow,couple,light,2025-05-13,gold,active,2025-05-13T09:00:00+05:30,2026-08-18T10:00:00+05:30
usr_865c98a2,Devi Joshi,devi.joshi203@example.invalid,cty_8fc1539e,INR,en-IN,mid,slow,business,cold_start,2026-07-22,silver,active,2026-07-22T09:00:00+05:30,2026-08-18T10:00:00+05:30
usr_dbcf6091,Riya Bose,riya.bose204@example.invalid,cty_a50bc5dd,LKR,en-IN,value,comfort,couple,light,2025-05-25,,active,2025-05-25T09:00:00+05:30,2026-08-18T10:00:00+05:30
usr_91afdeed,Yuki Wong,yuki.wong205@example.invalid,cty_95e7c8ca,INR,mr,shoestring,luxury,solo,cold_start,2026-08-03,,active,2026-08-03T09:00:00+05:30,2026-08-18T10:00:00+05:30
usr_63c4ad9e,Kavya Rao,kavya.rao206@example.invalid,cty_a50bc5dd,LKR,si,premium,comfort,senior,cold_start,2026-08-04,none,active,2026-08-04T09:00:00+05:30,2026-08-18T10:00:00+05:30
usr_f6728ccc,Shreya Chatterjee,shreya.chatterjee207@example.invalid,cty_009c9fd2,LKR,si,shoestring,budget,solo,cold_start,2026-08-07,silver,active,2026-08-07T09:00:00+05:30,2026-08-18T10:00:00+05:30
usr_c94b68cc,Karthik Reddy,karthik.reddy208@example.invalid,cty_bbb31d67,INR,en-IN,mid,slow,business,light,2024-10-28,,active,2024-10-28T09:00:00+05:30,2026-08-18T10:00:00+05:30
usr_8b3ba681,Sneha Kulkarni,sneha.kulkarni209@example.invalid,cty_f8b75f8e,INR,ta,premium,budget,senior,cold_start,2026-07-10,,active,2026-07-10T09:00:00+05:30,2026-08-18T10:00:00+05:30
usr_e2966606,Kabir Bhat,kabir.bhat210@example.invalid,cty_34bbfdfe,INR,ml,luxury,luxury,backpacker,light,2023-01-20,silver,active,2023-01-20T09:00:00+05:30,2026-08-18T10:00:00+05:30
usr_18b5561e,Rahul Rao,rahul.rao211@example.invalid,cty_7be8559f,INR,en-IN,luxury,luxury,friends,heavy,2023-10-05,gold,active,2023-10-05T09:00:00+05:30,2026-08-18T10:00:00+05:30
usr_91bd179b,Ishaan Kim,ishaan.kim212@example.invalid,cty_17b8ef2f,INR,en-IN,shoestring,luxury,senior,cold_start,2026-08-02,none,active,2026-08-02T09:00:00+05:30,2026-08-18T10:00:00+05:30
usr_47f43984,Joseph Ahmed,joseph.ahmed213@example.invalid,cty_009c9fd2,LKR,si,value,slow,couple,cold_start,2026-07-23,,active,2026-07-23T09:00:00+05:30,2026-08-18T10:00:00+05:30
usr_3c3ae758,Sneha Rao,sneha.rao214@example.invalid,cty_b43cdd57,INR,en-IN,value,luxury,friends,cold_start,2026-08-07,silver,active,2026-08-07T09:00:00+05:30,2026-08-18T10:00:00+05:30
usr_14c738e0,Rahul Novak,rahul.novak215@example.invalid,cty_8b6b1652,INR,ml,value,wellness,friends,cold_start,2026-07-25,silver,active,2026-07-25T09:00:00+05:30,2026-08-18T10:00:00+05:30
usr_94de7192,Siddharth Khan,siddharth.khan216@example.invalid,cty_7fc82336,INR,en-IN,mid,adventure,family,light,2024-07-17,gold,active,2024-07-17T09:00:00+05:30,2026-08-18T10:00:00+05:30
usr_737d4dab,Shreya Bose,shreya.bose217@example.invalid,cty_0b7f5985,CHF,de,premium,budget,business,cold_start,2026-08-05,none,active,2026-08-05T09:00:00+05:30,2026-08-18T10:00:00+05:30
usr_b021d103,Nikhil Gupta,nikhil.gupta218@example.invalid,cty_9327d518,INR,hi,value,comfort,senior,light,2023-08-29,,active,2023-08-29T09:00:00+05:30,2026-08-18T10:00:00+05:30
usr_c8d7856d,Priya Pillai,priya.pillai219@example.invalid,cty_bbb31d67,INR,kn,mid,budget,couple,cold_start,2026-08-15,,active,2026-08-15T09:00:00+05:30,2026-08-18T10:00:00+05:30
usr_0cc10db2,Devi Verma,devi.verma220@example.invalid,cty_d401ef6b,INR,en-IN,luxury,cultural,backpacker,light,2025-02-12,none,active,2025-02-12T09:00:00+05:30,2026-08-18T10:00:00+05:30
usr_c4b23b72,Marco Weber,marco.weber221@example.invalid,cty_076e8e86,INR,en-IN,premium,budget,solo,cold_start,2026-07-31,,active,2026-07-31T09:00:00+05:30,2026-08-18T10:00:00+05:30
usr_e0440f90,Aditya Reddy,aditya.reddy222@example.invalid,cty_7cb0b529,INR,te,value,cultural,business,cold_start,2026-08-08,gold,active,2026-08-08T09:00:00+05:30,2026-08-18T10:00:00+05:30
usr_5d0dfeb3,Lakshmi Joshi,lakshmi.joshi223@example.invalid,cty_bbb31d67,INR,en-IN,value,slow,family,cold_start,2026-07-10,silver,active,2026-07-10T09:00:00+05:30,2026-08-18T10:00:00+05:30
usr_aaf1c470,Kavya Verma,kavya.verma224@example.invalid,cty_9aa02925,MVR,ar,shoestring,budget,business,light,2026-04-28,gold,active,2026-04-28T09:00:00+05:30,2026-08-18T10:00:00+05:30
usr_d92eb166,Zoya Silva,zoya.silva225@example.invalid,cty_0b7f5985,CHF,en-IN,luxury,luxury,solo,cold_start,2026-08-13,none,active,2026-08-13T09:00:00+05:30,2026-08-18T10:00:00+05:30
usr_82545d82,Nikhil Mehta,nikhil.mehta226@example.invalid,cty_f288c6a0,INR,ta,shoestring,slow,couple,cold_start,2026-08-13,silver,active,2026-08-13T09:00:00+05:30,2026-08-18T10:00:00+05:30
usr_d73f4c7f,Diya Bhat,diya.bhat227@example.invalid,cty_f288c6a0,INR,en-IN,value,comfort,business,light,2026-03-11,none,active,2026-03-11T09:00:00+05:30,2026-08-18T10:00:00+05:30
usr_3666a349,Diya Bhat,diya.bhat228@example.invalid,cty_d35a9652,INR,hi,mid,cultural,couple,heavy,2026-06-04,,active,2026-06-04T09:00:00+05:30,2026-08-18T10:00:00+05:30
usr_da5d7284,Ritu Bhat,ritu.bhat229@example.invalid,cty_8fc1539e,INR,kn,shoestring,slow,senior,heavy,2025-06-18,none,active,2025-06-18T09:00:00+05:30,2026-08-18T10:00:00+05:30
usr_357e579a,Neha Weber,neha.weber230@example.invalid,cty_7fc82336,INR,en-IN,premium,wellness,couple,heavy,2023-03-18,,active,2023-03-18T09:00:00+05:30,2026-08-18T10:00:00+05:30
usr_d1a44892,Kavya Gupta,kavya.gupta231@example.invalid,cty_43d0a650,INR,en-IN,premium,budget,backpacker,cold_start,2026-07-13,gold,active,2026-07-13T09:00:00+05:30,2026-08-18T10:00:00+05:30
usr_9738df4b,Ritu Silva,ritu.silva232@example.invalid,cty_718f03c7,INR,en-IN,luxury,comfort,senior,light,2023-01-16,silver,active,2023-01-16T09:00:00+05:30,2026-08-18T10:00:00+05:30
usr_5527167d,Yuki Nair,yuki.nair233@example.invalid,cty_0d062a51,INR,pa,premium,comfort,senior,light,2024-05-17,gold,active,2024-05-17T09:00:00+05:30,2026-08-18T10:00:00+05:30
usr_933e3fb7,Nisha Costa,nisha.costa234@example.invalid,cty_caf3c1ee,INR,en-IN,luxury,cultural,senior,light,2025-05-28,,active,2025-05-28T09:00:00+05:30,2026-08-18T10:00:00+05:30
usr_a0d77be3,Joseph Kim,joseph.kim235@example.invalid,cty_d4f5e3a5,INR,en-IN,shoestring,adventure,family,cold_start,2026-07-12,gold,active,2026-07-12T09:00:00+05:30,2026-08-18T10:00:00+05:30
usr_1dd8f348,Thomas Menon,thomas.menon236@example.invalid,cty_ccb4fb74,INR,ne,luxury,budget,senior,light,2025-04-30,,active,2025-04-30T09:00:00+05:30,2026-08-18T10:00:00+05:30
usr_2e849b83,Grace Singh,grace.singh237@example.invalid,cty_9327d518,INR,hi,luxury,luxury,backpacker,light,2026-04-25,silver,active,2026-04-25T09:00:00+05:30,2026-08-18T10:00:00+05:30
usr_22d1a7e5,Ishaan Bose,ishaan.bose238@example.invalid,cty_cf1c6ac5,INR,en-IN,shoestring,wellness,friends,cold_start,2026-07-10,none,active,2026-07-10T09:00:00+05:30,2026-08-18T10:00:00+05:30
usr_42dc4da4,Kabir Kim,kabir.kim239@example.invalid,cty_6320eea9,QAR,en-IN,shoestring,slow,backpacker,light,2023-01-13,silver,active,2023-01-13T09:00:00+05:30,2026-08-18T10:00:00+05:30
usr_b0226153,Riya Sharma,riya.sharma240@example.invalid,cty_5d572c8a,INR,en-IN,value,luxury,business,heavy,2025-06-19,,active,2025-06-19T09:00:00+05:30,2026-08-18T10:00:00+05:30
usr_3d1b88d6,Rohan Wong,rohan.wong241@example.invalid,cty_79cbc59b,BTN,en-IN,mid,budget,backpacker,heavy,2025-12-27,silver,active,2025-12-27T09:00:00+05:30,2026-08-18T10:00:00+05:30
usr_8846d546,Sanjay Singh,sanjay.singh242@example.invalid,cty_67ee7f6f,INR,en-IN,luxury,comfort,friends,light,2023-07-13,silver,active,2023-07-13T09:00:00+05:30,2026-08-18T10:00:00+05:30
usr_76046cf3,Ishaan Bhat,ishaan.bhat243@example.invalid,cty_c97e6cd5,INR,en-IN,shoestring,wellness,business,light,2023-08-25,none,active,2023-08-25T09:00:00+05:30,2026-08-18T10:00:00+05:30
usr_8acc0ab4,Grace Costa,grace.costa244@example.invalid,cty_3503e391,INR,ta,luxury,slow,couple,light,2024-08-02,,active,2024-08-02T09:00:00+05:30,2026-08-18T10:00:00+05:30
usr_4bdbd677,Aarav Singh,aarav.singh245@example.invalid,cty_a50bc5dd,LKR,si,value,wellness,couple,cold_start,2026-08-12,none,active,2026-08-12T09:00:00+05:30,2026-08-18T10:00:00+05:30
usr_3cb7beb3,Sofia Chatterjee,sofia.chatterjee246@example.invalid,cty_d35a9652,INR,hi,value,slow,friends,light,2025-02-22,gold,active,2025-02-22T09:00:00+05:30,2026-08-18T10:00:00+05:30
usr_e9e3f281,Yuki Rossi,yuki.rossi247@example.invalid,cty_3503e391,INR,ta,premium,slow,solo,heavy,2024-11-27,,active,2024-11-27T09:00:00+05:30,2026-08-18T10:00:00+05:30
usr_c61e810b,Yuki Gupta,yuki.gupta248@example.invalid,cty_cfec17b6,INR,gu,shoestring,comfort,couple,heavy,2024-08-21,none,active,2024-08-21T09:00:00+05:30,2026-08-18T10:00:00+05:30
usr_5a747250,Elena Iyer,elena.iyer249@example.invalid,cty_7be8559f,INR,or,value,budget,backpacker,light,2024-01-11,,active,2024-01-11T09:00:00+05:30,2026-08-18T10:00:00+05:30
usr_322bb31e,Ishaan Tanaka,ishaan.tanaka250@example.invalid,cty_590d4b7b,INR,en-IN,value,comfort,solo,cold_start,2026-07-06,,active,2026-07-06T09:00:00+05:30,2026-08-18T10:00:00+05:30
usr_afacd025,Devi Weber,devi.weber251@example.invalid,cty_a50bc5dd,LKR,en-IN,mid,adventure,friends,heavy,2023-11-16,,active,2023-11-16T09:00:00+05:30,2026-08-18T10:00:00+05:30
usr_f49d96dd,Maya Iyer,maya.iyer252@example.invalid,cty_f8b75f8e,INR,ta,value,budget,solo,light,2023-12-22,none,active,2023-12-22T09:00:00+05:30,2026-08-18T10:00:00+05:30
usr_8a133f67,Kavya Sharma,kavya.sharma253@example.invalid,cty_8b6b1652,INR,ml,mid,slow,couple,light,2026-03-23,,active,2026-03-23T09:00:00+05:30,2026-08-18T10:00:00+05:30
usr_ce269698,Leila Shetty,leila.shetty254@example.invalid,cty_7cb0b529,INR,en-IN,premium,wellness,backpacker,light,2023-12-06,,active,2023-12-06T09:00:00+05:30,2026-08-18T10:00:00+05:30
usr_40ab838e,Devi Gupta,devi.gupta255@example.invalid,cty_d35a9652,INR,en-IN,shoestring,wellness,business,cold_start,2026-08-13,silver,active,2026-08-13T09:00:00+05:30,2026-08-18T10:00:00+05:30
usr_05306731,Imran Novak,imran.novak256@example.invalid,cty_c97e6cd5,INR,hi,mid,cultural,business,cold_start,2026-07-16,silver,active,2026-07-16T09:00:00+05:30,2026-08-18T10:00:00+05:30
usr_55abb9bc,Imran Reddy,imran.reddy257@example.invalid,cty_905fd8a1,SGD,zh,luxury,cultural,couple,light,2023-09-15,silver,active,2023-09-15T09:00:00+05:30,2026-08-18T10:00:00+05:30
usr_bbd1ced8,Maya Silva,maya.silva258@example.invalid,cty_c43cfa94,INR,bn,shoestring,cultural,couple,light,2025-08-08,none,active,2025-08-08T09:00:00+05:30,2026-08-18T10:00:00+05:30
usr_516ff8dd,Arun Fernandes,arun.fernandes259@example.invalid,cty_7fc82336,INR,en-IN,premium,adventure,business,light,2025-10-24,gold,active,2025-10-24T09:00:00+05:30,2026-08-18T10:00:00+05:30
usr_c538bbe8,Marco Menon,marco.menon260@example.invalid,cty_17b8ef2f,INR,en-IN,shoestring,cultural,solo,cold_start,2026-08-12,gold,active,2026-08-12T09:00:00+05:30,2026-08-18T10:00:00+05:30
usr_35982416,Gautam Rao,gautam.rao261@example.invalid,cty_36afaa5c,IDR,id,premium,comfort,friends,cold_start,2026-07-23,none,active,2026-07-23T09:00:00+05:30,2026-08-18T10:00:00+05:30
usr_f5a38687,Lakshmi Joshi,lakshmi.joshi262@example.invalid,cty_10cbee86,INR,en-IN,premium,slow,backpacker,cold_start,2026-08-03,silver,active,2026-08-03T09:00:00+05:30,2026-08-18T10:00:00+05:30
usr_d0d42055,Rohan Tanaka,rohan.tanaka263@example.invalid,cty_f8b75f8e,INR,en-IN,value,adventure,couple,cold_start,2026-08-10,,active,2026-08-10T09:00:00+05:30,2026-08-18T10:00:00+05:30
usr_d0571b95,Aisha Ahmed,aisha.ahmed264@example.invalid,cty_34bbfdfe,INR,en-IN,value,adventure,solo,light,2026-05-08,none,active,2026-05-08T09:00:00+05:30,2026-08-18T10:00:00+05:30
usr_8e226071,Arjun Ahmed,arjun.ahmed265@example.invalid,cty_36afaa5c,IDR,id,luxury,adventure,solo,cold_start,2026-08-16,none,active,2026-08-16T09:00:00+05:30,2026-08-18T10:00:00+05:30
usr_44ef2e9c,Tanvi Costa,tanvi.costa266@example.invalid,cty_95e7c8ca,INR,en-IN,mid,budget,family,light,2025-10-06,silver,active,2025-10-06T09:00:00+05:30,2026-08-18T10:00:00+05:30
usr_c222c53a,Sneha Wong,sneha.wong267@example.invalid,cty_f8b75f8e,INR,en-IN,value,luxury,business,light,2025-06-17,,active,2025-06-17T09:00:00+05:30,2026-08-18T10:00:00+05:30
usr_5df12eea,Anita Costa,anita.costa268@example.invalid,cty_caf3c1ee,INR,gu,luxury,cultural,backpacker,cold_start,2026-07-24,,active,2026-07-24T09:00:00+05:30,2026-08-18T10:00:00+05:30
usr_d67fa54b,Ravi Mehta,ravi.mehta269@example.invalid,cty_7fc82336,INR,en-IN,premium,luxury,business,cold_start,2026-07-12,none,active,2026-07-12T09:00:00+05:30,2026-08-18T10:00:00+05:30
usr_1668e2b5,Shreya Weber,shreya.weber270@example.invalid,cty_5698a7ab,INR,hi,luxury,cultural,friends,heavy,2025-09-24,gold,active,2025-09-24T09:00:00+05:30,2026-08-18T10:00:00+05:30
usr_a5bb000c,Neha Fernandes,neha.fernandes271@example.invalid,cty_c43cfa94,INR,bn,value,adventure,couple,light,2023-12-10,none,active,2023-12-10T09:00:00+05:30,2026-08-18T10:00:00+05:30
usr_6ad5a789,Shreya Joshi,shreya.joshi272@example.invalid,cty_590d4b7b,INR,en-IN,luxury,wellness,solo,cold_start,2026-07-29,,active,2026-07-29T09:00:00+05:30,2026-08-18T10:00:00+05:30
usr_f8162b43,Anita Joshi,anita.joshi273@example.invalid,cty_17b8ef2f,INR,en-IN,luxury,wellness,backpacker,light,2024-11-26,,active,2024-11-26T09:00:00+05:30,2026-08-18T10:00:00+05:30
usr_9e33a102,Ishaan Fernandes,ishaan.fernandes274@example.invalid,cty_b43cdd57,INR,en-IN,shoestring,slow,friends,cold_start,2026-07-11,none,active,2026-07-11T09:00:00+05:30,2026-08-18T10:00:00+05:30
usr_b574b955,Anita Mehta,anita.mehta275@example.invalid,cty_10cbee86,INR,hi,shoestring,wellness,business,cold_start,2026-08-03,silver,active,2026-08-03T09:00:00+05:30,2026-08-18T10:00:00+05:30
usr_0447abf0,Rahul Bhat,rahul.bhat276@example.invalid,cty_5d572c8a,INR,hi,value,cultural,solo,light,2023-07-05,gold,active,2023-07-05T09:00:00+05:30,2026-08-18T10:00:00+05:30
usr_424aaa79,Lakshmi Rossi,lakshmi.rossi277@example.invalid,cty_828a7777,INR,ur,mid,budget,solo,light,2024-06-17,none,active,2024-06-17T09:00:00+05:30,2026-08-18T10:00:00+05:30
usr_c7dcdd3d,Sofia Khan,sofia.khan278@example.invalid,cty_b43cdd57,INR,en-IN,luxury,wellness,couple,cold_start,2026-08-02,none,active,2026-08-02T09:00:00+05:30,2026-08-18T10:00:00+05:30
usr_5d270409,Aisha Chatterjee,aisha.chatterjee279@example.invalid,cty_0b92e2e7,INR,en-IN,mid,luxury,friends,cold_start,2026-07-07,silver,active,2026-07-07T09:00:00+05:30,2026-08-18T10:00:00+05:30
usr_26c1397d,Elena Fernandes,elena.fernandes280@example.invalid,cty_0b7f5985,CHF,en-IN,shoestring,adventure,backpacker,heavy,2022-10-20,silver,active,2022-10-20T09:00:00+05:30,2026-08-18T10:00:00+05:30
usr_0a7c6097,Arun Novak,arun.novak281@example.invalid,cty_541018a9,INR,en-IN,mid,slow,couple,light,2022-11-10,silver,active,2022-11-10T09:00:00+05:30,2026-08-18T10:00:00+05:30
usr_bb4265e1,Yuki Costa,yuki.costa282@example.invalid,cty_43d0a650,INR,en-IN,mid,budget,family,light,2023-05-21,none,inactive,2023-05-21T09:00:00+05:30,2026-08-18T10:00:00+05:30
usr_2740f754,Daniel Weber,daniel.weber283@example.invalid,cty_009c9fd2,LKR,en-IN,luxury,comfort,couple,cold_start,2026-08-07,silver,active,2026-08-07T09:00:00+05:30,2026-08-18T10:00:00+05:30
usr_c950590b,Gautam Rao,gautam.rao284@example.invalid,cty_95e7c8ca,INR,en-IN,luxury,budget,couple,cold_start,2026-07-17,,active,2026-07-17T09:00:00+05:30,2026-08-18T10:00:00+05:30
usr_c81e60fe,Thomas Nair,thomas.nair285@example.invalid,cty_3503e391,INR,ta,mid,wellness,business,cold_start,2026-07-06,gold,active,2026-07-06T09:00:00+05:30,2026-08-18T10:00:00+05:30
usr_7576a6e0,Elena Pillai,elena.pillai286@example.invalid,cty_34bbfdfe,INR,ml,mid,budget,couple,light,2024-05-04,gold,active,2024-05-04T09:00:00+05:30,2026-08-18T10:00:00+05:30
usr_596ee95d,Arun Rossi,arun.rossi287@example.invalid,cty_79cbc59b,BTN,en-IN,shoestring,adventure,business,light,2024-08-04,none,active,2024-08-04T09:00:00+05:30,2026-08-18T10:00:00+05:30
usr_e5b92b52,Kabir Verma,kabir.verma288@example.invalid,cty_f29656ff,INR,en-IN,premium,comfort,senior,cold_start,2026-07-16,,active,2026-07-16T09:00:00+05:30,2026-08-18T10:00:00+05:30
usr_92918180,Aarav Weber,aarav.weber289@example.invalid,cty_43d0a650,INR,mr,premium,cultural,business,cold_start,2026-07-26,,active,2026-07-26T09:00:00+05:30,2026-08-18T10:00:00+05:30
usr_3711a65c,Siddharth Mehta,siddharth.mehta290@example.invalid,cty_36afaa5c,IDR,en-IN,luxury,luxury,friends,cold_start,2026-08-16,gold,active,2026-08-16T09:00:00+05:30,2026-08-18T10:00:00+05:30
usr_72818c78,Pooja Verma,pooja.verma291@example.invalid,cty_828a7777,INR,en-IN,mid,comfort,business,light,2025-03-19,silver,active,2025-03-19T09:00:00+05:30,2026-08-18T10:00:00+05:30
usr_1cfaf7a0,Sneha Tanaka,sneha.tanaka292@example.invalid,cty_0d062a51,INR,en-IN,mid,comfort,friends,heavy,2023-02-08,,active,2023-02-08T09:00:00+05:30,2026-08-18T10:00:00+05:30
usr_b829ab46,Kabir Singh,kabir.singh293@example.invalid,cty_7cb0b529,INR,en-IN,premium,wellness,business,heavy,2026-05-31,none,active,2026-05-31T09:00:00+05:30,2026-08-18T10:00:00+05:30
usr_21b63d3b,Riya Bhat,riya.bhat294@example.invalid,cty_7fc82336,INR,en-IN,mid,comfort,couple,cold_start,2026-08-09,gold,active,2026-08-09T09:00:00+05:30,2026-08-18T10:00:00+05:30
usr_f4293e56,Shreya Tanaka,shreya.tanaka295@example.invalid,cty_5d572c8a,INR,en-IN,luxury,cultural,senior,light,2024-02-26,none,active,2024-02-26T09:00:00+05:30,2026-08-18T10:00:00+05:30
usr_33bed572,Siddharth Bhat,siddharth.bhat296@example.invalid,cty_d4f5e3a5,INR,en-IN,shoestring,luxury,backpacker,light,2023-02-03,silver,active,2023-02-03T09:00:00+05:30,2026-08-18T10:00:00+05:30
usr_8a0aaa50,Priya Menon,priya.menon297@example.invalid,cty_7f673457,INR,en-IN,value,comfort,couple,cold_start,2026-08-08,,active,2026-08-08T09:00:00+05:30,2026-08-18T10:00:00+05:30
usr_4caa1cc0,Omar Ahmed,omar.ahmed298@example.invalid,cty_a5f16904,THB,th,mid,slow,family,light,2023-01-11,,active,2023-01-11T09:00:00+05:30,2026-08-18T10:00:00+05:30
usr_08cb2015,Nikhil Gupta,nikhil.gupta299@example.invalid,cty_cfec17b6,INR,gu,luxury,wellness,friends,cold_start,2026-07-18,gold,active,2026-07-18T09:00:00+05:30,2026-08-18T10:00:00+05:30
usr_8e56e75b,Grace Rao,grace.rao300@example.invalid,cty_7b89639e,AED,en-IN,value,budget,senior,heavy,2024-12-12,,active,2024-12-12T09:00:00+05:30,2026-08-18T10:00:00+05:30
usr_3d56531d,Karthik Sharma,karthik.sharma301@example.invalid,cty_5d572c8a,INR,en-IN,value,slow,solo,cold_start,2026-07-29,none,active,2026-07-29T09:00:00+05:30,2026-08-18T10:00:00+05:30
usr_95492664,Devi Kulkarni,devi.kulkarni302@example.invalid,cty_95d040d8,NPR,ne,shoestring,luxury,solo,heavy,2024-02-09,,active,2024-02-09T09:00:00+05:30,2026-08-18T10:00:00+05:30
usr_9473419d,Riya Costa,riya.costa303@example.invalid,cty_d4f5e3a5,INR,te,premium,budget,solo,light,2023-07-03,silver,active,2023-07-03T09:00:00+05:30,2026-08-18T10:00:00+05:30
usr_98fc1df6,Aditya Sharma,aditya.sharma304@example.invalid,cty_79cbc59b,BTN,en-IN,mid,adventure,couple,cold_start,2026-07-25,,active,2026-07-25T09:00:00+05:30,2026-08-18T10:00:00+05:30
usr_9793e551,Pooja Costa,pooja.costa305@example.invalid,cty_cf1c6ac5,INR,as,value,luxury,couple,cold_start,2026-08-05,none,active,2026-08-05T09:00:00+05:30,2026-08-18T10:00:00+05:30
usr_b2323a23,Gautam Mehta,gautam.mehta306@example.invalid,cty_5d572c8a,INR,hi,value,comfort,backpacker,light,2026-05-28,,active,2026-05-28T09:00:00+05:30,2026-08-18T10:00:00+05:30
usr_52de2228,Lakshmi Weber,lakshmi.weber307@example.invalid,cty_aa759717,INR,en-IN,shoestring,adventure,business,light,2022-12-12,none,active,2022-12-12T09:00:00+05:30,2026-08-18T10:00:00+05:30
usr_3d92578a,Zoya Kim,zoya.kim308@example.invalid,cty_8fc1539e,INR,kn,shoestring,cultural,family,light,2023-04-16,,active,2023-04-16T09:00:00+05:30,2026-08-18T10:00:00+05:30
usr_8e84ba7a,Ananya Pillai,ananya.pillai309@example.invalid,cty_c9f34ba7,MYR,en-IN,luxury,budget,friends,heavy,2024-09-20,silver,active,2024-09-20T09:00:00+05:30,2026-08-18T10:00:00+05:30
usr_0f63f4f1,Ravi Singh,ravi.singh310@example.invalid,cty_9aa02925,MVR,ar,mid,comfort,family,cold_start,2026-07-14,none,active,2026-07-14T09:00:00+05:30,2026-08-18T10:00:00+05:30
usr_d7d11d69,Kavya Menon,kavya.menon311@example.invalid,cty_8fc1539e,INR,en-IN,luxury,budget,solo,heavy,2024-07-25,silver,active,2024-07-25T09:00:00+05:30,2026-08-18T10:00:00+05:30
usr_44ec53b5,Vikram Shetty,vikram.shetty312@example.invalid,cty_7be8559f,INR,or,mid,budget,family,cold_start,2026-07-23,,active,2026-07-23T09:00:00+05:30,2026-08-18T10:00:00+05:30
usr_66c02924,Chen Patel,chen.patel313@example.invalid,cty_076e8e86,INR,hi,luxury,adventure,backpacker,heavy,2024-01-23,none,active,2024-01-23T09:00:00+05:30,2026-08-18T10:00:00+05:30
usr_f3d35bfe,Yuki Iyer,yuki.iyer314@example.invalid,cty_9aa02925,MVR,en-IN,premium,budget,solo,cold_start,2026-07-12,gold,active,2026-07-12T09:00:00+05:30,2026-08-18T10:00:00+05:30
usr_1dc8f83e,Farhan Rossi,farhan.rossi315@example.invalid,cty_95e7c8ca,INR,en-IN,luxury,cultural,family,heavy,2022-11-08,gold,active,2022-11-08T09:00:00+05:30,2026-08-18T10:00:00+05:30
usr_969a0636,Rohan Menon,rohan.menon316@example.invalid,cty_caf3c1ee,INR,gu,luxury,budget,backpacker,light,2023-10-07,silver,active,2023-10-07T09:00:00+05:30,2026-08-18T10:00:00+05:30
usr_2fda18fd,Ritu Chatterjee,ritu.chatterjee317@example.invalid,cty_34bbfdfe,INR,en-IN,shoestring,comfort,family,cold_start,2026-07-06,none,active,2026-07-06T09:00:00+05:30,2026-08-18T10:00:00+05:30
usr_f60ade8b,Priya Ahmed,priya.ahmed318@example.invalid,cty_17b8ef2f,INR,kn,shoestring,wellness,family,heavy,2026-03-16,none,active,2026-03-16T09:00:00+05:30,2026-08-18T10:00:00+05:30
usr_97d7df2b,Zoya Singh,zoya.singh319@example.invalid,cty_aa759717,INR,hi,luxury,wellness,backpacker,cold_start,2026-08-14,none,active,2026-08-14T09:00:00+05:30,2026-08-18T10:00:00+05:30
usr_4787696f,Aisha Pillai,aisha.pillai320@example.invalid,cty_a5f16904,THB,en-IN,premium,wellness,business,light,2025-12-18,none,active,2025-12-18T09:00:00+05:30,2026-08-18T10:00:00+05:30
usr_1dce81d4,Bhavna Kim,bhavna.kim321@example.invalid,cty_d35a9652,INR,en-IN,premium,cultural,couple,cold_start,2026-08-16,silver,active,2026-08-16T09:00:00+05:30,2026-08-18T10:00:00+05:30
usr_35d340e3,Yuki Kulkarni,yuki.kulkarni322@example.invalid,cty_36afaa5c,IDR,en-IN,luxury,wellness,solo,heavy,2023-07-04,,active,2023-07-04T09:00:00+05:30,2026-08-18T10:00:00+05:30
usr_ce2e54f4,Shreya Gupta,shreya.gupta323@example.invalid,cty_590d4b7b,INR,en-IN,mid,adventure,senior,cold_start,2026-07-20,gold,active,2026-07-20T09:00:00+05:30,2026-08-18T10:00:00+05:30
usr_65e1a5db,Vikram Tanaka,vikram.tanaka324@example.invalid,cty_10cbee86,INR,hi,shoestring,budget,friends,light,2023-04-21,silver,active,2023-04-21T09:00:00+05:30,2026-08-18T10:00:00+05:30
usr_473f44c3,Rohan Mehta,rohan.mehta325@example.invalid,cty_590d4b7b,INR,en-IN,value,luxury,senior,cold_start,2026-07-07,,active,2026-07-07T09:00:00+05:30,2026-08-18T10:00:00+05:30
usr_506012f1,Zoya Menon,zoya.menon326@example.invalid,cty_f288c6a0,INR,ta,luxury,wellness,business,light,2022-10-31,,active,2022-10-31T09:00:00+05:30,2026-08-18T10:00:00+05:30
usr_34e42e87,Pooja Novak,pooja.novak327@example.invalid,cty_0b92e2e7,INR,hi,value,adventure,backpacker,light,2025-02-28,gold,active,2025-02-28T09:00:00+05:30,2026-08-18T10:00:00+05:30
usr_78afc45f,Pooja Shetty,pooja.shetty328@example.invalid,cty_c07454f1,INR,en-IN,luxury,wellness,business,heavy,2025-07-20,silver,active,2025-07-20T09:00:00+05:30,2026-08-18T10:00:00+05:30
usr_77e91c3a,Gautam Rao,gautam.rao329@example.invalid,cty_caf3c1ee,INR,gu,shoestring,budget,business,light,2023-08-10,none,active,2023-08-10T09:00:00+05:30,2026-08-18T10:00:00+05:30
usr_508f15f0,Bhavna Joshi,bhavna.joshi330@example.invalid,cty_590d4b7b,INR,en-IN,premium,comfort,family,cold_start,2026-08-12,none,active,2026-08-12T09:00:00+05:30,2026-08-18T10:00:00+05:30
usr_a9008871,Aisha Patel,aisha.patel331@example.invalid,cty_5d572c8a,INR,en-IN,premium,adventure,solo,cold_start,2026-07-24,silver,active,2026-07-24T09:00:00+05:30,2026-08-18T10:00:00+05:30
usr_540d307a,Ritu Chatterjee,ritu.chatterjee332@example.invalid,cty_c0f2d9de,NPR,en-IN,value,slow,friends,light,2026-07-09,gold,inactive,2026-07-09T09:00:00+05:30,2026-08-18T10:00:00+05:30
usr_8ba42edb,Joseph Tanaka,joseph.tanaka333@example.invalid,cty_7fc82336,INR,en-IN,mid,budget,business,light,2023-05-30,,active,2023-05-30T09:00:00+05:30,2026-08-18T10:00:00+05:30
usr_d1c73fb8,Neha Verma,neha.verma334@example.invalid,cty_a97c33ad,INR,kn,luxury,comfort,couple,heavy,2024-03-27,none,active,2024-03-27T09:00:00+05:30,2026-08-18T10:00:00+05:30
usr_e9d7fa81,Grace Bhat,grace.bhat335@example.invalid,cty_f8b75f8e,INR,ta,premium,slow,business,light,2023-05-01,none,active,2023-05-01T09:00:00+05:30,2026-08-18T10:00:00+05:30
usr_e99f58c3,Marco Ahmed,marco.ahmed336@example.invalid,cty_ab50efee,INR,en-IN,premium,wellness,friends,heavy,2024-05-27,none,active,2024-05-27T09:00:00+05:30,2026-08-18T10:00:00+05:30
usr_bc8d5d3b,Daniel Nair,daniel.nair337@example.invalid,cty_aa759717,INR,hi,luxury,comfort,couple,light,2024-08-28,gold,active,2024-08-28T09:00:00+05:30,2026-08-18T10:00:00+05:30
usr_f1a3e91c,Siddharth Costa,siddharth.costa338@example.invalid,cty_0d062a51,INR,en-IN,shoestring,slow,family,cold_start,2026-07-05,,active,2026-07-05T09:00:00+05:30,2026-08-18T10:00:00+05:30
usr_a92716e6,Rahul Joshi,rahul.joshi339@example.invalid,cty_7f673457,INR,ta,premium,adventure,business,cold_start,2026-07-09,,active,2026-07-09T09:00:00+05:30,2026-08-18T10:00:00+05:30
usr_e6dcafe4,Riya Joshi,riya.joshi340@example.invalid,cty_9327d518,INR,en-IN,mid,luxury,backpacker,cold_start,2026-07-26,,active,2026-07-26T09:00:00+05:30,2026-08-18T10:00:00+05:30
usr_cb3be250,Rohan Gupta,rohan.gupta341@example.invalid,cty_79cbc59b,BTN,en-IN,mid,adventure,family,cold_start,2026-07-07,gold,active,2026-07-07T09:00:00+05:30,2026-08-18T10:00:00+05:30
usr_7d136b40,Zoya Joshi,zoya.joshi342@example.invalid,cty_0d9ab6ff,INR,hi,value,wellness,senior,light,2025-01-02,silver,active,2025-01-02T09:00:00+05:30,2026-08-18T10:00:00+05:30
usr_e528f9b0,Daniel Chatterjee,daniel.chatterjee343@example.invalid,cty_076e8e86,INR,en-IN,premium,comfort,business,cold_start,2026-08-07,silver,active,2026-08-07T09:00:00+05:30,2026-08-18T10:00:00+05:30
usr_c36e8fdb,Kavya Menon,kavya.menon344@example.invalid,cty_828a7777,INR,en-IN,luxury,luxury,senior,light,2026-05-14,gold,active,2026-05-14T09:00:00+05:30,2026-08-18T10:00:00+05:30
usr_df88839b,Sanjay Bhat,sanjay.bhat345@example.invalid,cty_6320eea9,QAR,ar,shoestring,cultural,family,cold_start,2026-07-24,,active,2026-07-24T09:00:00+05:30,2026-08-18T10:00:00+05:30
usr_ab44eb3e,Priya Das,priya.das346@example.invalid,cty_0d9ab6ff,INR,en-IN,mid,luxury,family,light,2025-08-22,gold,active,2025-08-22T09:00:00+05:30,2026-08-18T10:00:00+05:30
usr_0af476d1,Ritu Mehta,ritu.mehta347@example.invalid,cty_828a7777,INR,en-IN,mid,comfort,family,light,2024-11-04,none,active,2024-11-04T09:00:00+05:30,2026-08-18T10:00:00+05:30
usr_13f77754,Chen Reddy,chen.reddy348@example.invalid,cty_34bbfdfe,INR,ml,shoestring,budget,solo,cold_start,2026-07-26,,active,2026-07-26T09:00:00+05:30,2026-08-18T10:00:00+05:30
usr_df77fb8e,Daniel Costa,daniel.costa349@example.invalid,cty_b6ccbb3b,INR,or,shoestring,luxury,friends,cold_start,2026-07-07,,active,2026-07-07T09:00:00+05:30,2026-08-18T10:00:00+05:30
usr_372a30af,Shreya Das,shreya.das350@example.invalid,cty_f29656ff,INR,mr,shoestring,comfort,couple,cold_start,2026-08-15,gold,active,2026-08-15T09:00:00+05:30,2026-08-18T10:00:00+05:30
usr_6e3b5c10,Devi Wong,devi.wong351@example.invalid,cty_0d9ab6ff,INR,hi,premium,budget,backpacker,light,2024-03-06,gold,active,2024-03-06T09:00:00+05:30,2026-08-18T10:00:00+05:30
usr_626af22b,Shreya Iyer,shreya.iyer352@example.invalid,cty_caf3c1ee,INR,gu,mid,budget,family,light,2022-12-30,none,active,2022-12-30T09:00:00+05:30,2026-08-18T10:00:00+05:30
usr_1bd9093b,Aditya Nair,aditya.nair353@example.invalid,cty_1ced6ede,AED,en-IN,luxury,cultural,senior,cold_start,2026-08-01,,active,2026-08-01T09:00:00+05:30,2026-08-18T10:00:00+05:30
usr_0142dc28,Aditya Ahmed,aditya.ahmed354@example.invalid,cty_a5f16904,THB,en-IN,luxury,adventure,senior,cold_start,2026-07-31,,active,2026-07-31T09:00:00+05:30,2026-08-18T10:00:00+05:30
usr_4e1b489a,Gautam Costa,gautam.costa355@example.invalid,cty_9327d518,INR,en-IN,shoestring,adventure,family,cold_start,2026-07-05,none,active,2026-07-05T09:00:00+05:30,2026-08-18T10:00:00+05:30
usr_8fd32aa8,Bhavna Silva,bhavna.silva356@example.invalid,cty_905fd8a1,SGD,en-IN,shoestring,cultural,backpacker,heavy,2025-02-02,,active,2025-02-02T09:00:00+05:30,2026-08-18T10:00:00+05:30
usr_10839e04,Neha Rossi,neha.rossi357@example.invalid,cty_95d040d8,NPR,ne,luxury,slow,couple,cold_start,2026-08-12,silver,active,2026-08-12T09:00:00+05:30,2026-08-18T10:00:00+05:30
usr_ce941853,Maya Weber,maya.weber358@example.invalid,cty_0b92e2e7,INR,hi,value,wellness,backpacker,light,2026-01-29,gold,active,2026-01-29T09:00:00+05:30,2026-08-18T10:00:00+05:30
usr_51983e08,Devi Kulkarni,devi.kulkarni359@example.invalid,cty_d401ef6b,INR,en-IN,premium,budget,couple,cold_start,2026-08-17,none,active,2026-08-17T09:00:00+05:30,2026-08-18T10:00:00+05:30
usr_1217680f,Riya Novak,riya.novak360@example.invalid,cty_67ee7f6f,INR,ml,shoestring,luxury,senior,heavy,2025-11-18,gold,active,2025-11-18T09:00:00+05:30,2026-08-18T10:00:00+05:30
usr_fd8f7b49,Sneha Silva,sneha.silva361@example.invalid,cty_10cbee86,INR,en-IN,luxury,wellness,backpacker,heavy,2023-08-07,,active,2023-08-07T09:00:00+05:30,2026-08-18T10:00:00+05:30
usr_c6012016,Aisha Fernandes,aisha.fernandes362@example.invalid,cty_aa759717,INR,en-IN,premium,slow,senior,cold_start,2026-08-13,,active,2026-08-13T09:00:00+05:30,2026-08-18T10:00:00+05:30
usr_62b3f8b8,Nisha Fernandes,nisha.fernandes363@example.invalid,cty_a97c33ad,INR,en-IN,value,wellness,friends,cold_start,2026-08-11,,active,2026-08-11T09:00:00+05:30,2026-08-18T10:00:00+05:30
usr_1b834d08,Kavya Fernandes,kavya.fernandes364@example.invalid,cty_a50bc5dd,LKR,si,value,slow,solo,cold_start,2026-07-14,gold,active,2026-07-14T09:00:00+05:30,2026-08-18T10:00:00+05:30
usr_b78359f6,Pooja Fernandes,pooja.fernandes365@example.invalid,cty_0b7f5985,CHF,de,value,slow,solo,heavy,2025-04-28,silver,active,2025-04-28T09:00:00+05:30,2026-08-18T10:00:00+05:30
usr_01037e5c,Karthik Das,karthik.das366@example.invalid,cty_34bbfdfe,INR,en-IN,value,comfort,family,cold_start,2026-07-20,gold,active,2026-07-20T09:00:00+05:30,2026-08-18T10:00:00+05:30
usr_353c55a8,Ravi Khan,ravi.khan367@example.invalid,cty_67ee7f6f,INR,ml,luxury,slow,solo,light,2024-09-25,gold,active,2024-09-25T09:00:00+05:30,2026-08-18T10:00:00+05:30
usr_46091d13,Ishaan Joshi,ishaan.joshi368@example.invalid,cty_d35a9652,INR,hi,premium,comfort,family,light,2023-09-05,,active,2023-09-05T09:00:00+05:30,2026-08-18T10:00:00+05:30
usr_3ee2992a,Thomas Sharma,thomas.sharma369@example.invalid,cty_f29656ff,INR,en-IN,mid,luxury,backpacker,cold_start,2026-07-15,,active,2026-07-15T09:00:00+05:30,2026-08-18T10:00:00+05:30
usr_0567fe37,Marco Tanaka,marco.tanaka370@example.invalid,cty_7b89639e,AED,en-IN,value,luxury,couple,light,2024-06-13,silver,active,2024-06-13T09:00:00+05:30,2026-08-18T10:00:00+05:30
usr_79248234,Fatima Bhat,fatima.bhat371@example.invalid,cty_cfec17b6,INR,gu,shoestring,budget,senior,cold_start,2026-08-15,,active,2026-08-15T09:00:00+05:30,2026-08-18T10:00:00+05:30
usr_68f5f82d,Karthik Rao,karthik.rao372@example.invalid,cty_0d9ab6ff,INR,hi,premium,wellness,couple,cold_start,2026-08-15,,active,2026-08-15T09:00:00+05:30,2026-08-18T10:00:00+05:30
usr_ea41e115,Grace Rossi,grace.rossi373@example.invalid,cty_bbb31d67,INR,en-IN,mid,slow,solo,light,2025-03-16,,active,2025-03-16T09:00:00+05:30,2026-08-18T10:00:00+05:30
usr_bbf1e497,Yuki Gupta,yuki.gupta374@example.invalid,cty_43d0a650,INR,mr,shoestring,luxury,business,cold_start,2026-07-17,,active,2026-07-17T09:00:00+05:30,2026-08-18T10:00:00+05:30
usr_451855a4,Joseph Sharma,joseph.sharma375@example.invalid,cty_7fc82336,INR,ta,mid,slow,couple,cold_start,2026-08-09,,active,2026-08-09T09:00:00+05:30,2026-08-18T10:00:00+05:30
usr_50dd9495,Ravi Pillai,ravi.pillai376@example.invalid,cty_8b6b1652,INR,en-IN,shoestring,budget,solo,light,2026-04-15,,active,2026-04-15T09:00:00+05:30,2026-08-18T10:00:00+05:30
usr_265423cc,Nikhil Iyer,nikhil.iyer377@example.invalid,cty_a50bc5dd,LKR,en-IN,mid,budget,family,cold_start,2026-07-13,gold,active,2026-07-13T09:00:00+05:30,2026-08-18T10:00:00+05:30
usr_1f2ffeef,Aisha Chatterjee,aisha.chatterjee378@example.invalid,cty_f288c6a0,INR,ta,premium,comfort,business,heavy,2024-10-13,silver,active,2024-10-13T09:00:00+05:30,2026-08-18T10:00:00+05:30
usr_31a7937d,Diya Tanaka,diya.tanaka379@example.invalid,cty_5d572c8a,INR,en-IN,mid,luxury,senior,cold_start,2026-08-17,,active,2026-08-17T09:00:00+05:30,2026-08-18T10:00:00+05:30
usr_b1b8dc45,Omar Menon,omar.menon380@example.invalid,cty_828a7777,INR,ur,mid,comfort,business,light,2026-06-19,none,active,2026-06-19T09:00:00+05:30,2026-08-18T10:00:00+05:30
usr_55a04c8d,Manav Wong,manav.wong381@example.invalid,cty_17b8ef2f,INR,en-IN,shoestring,luxury,family,light,2024-03-29,none,active,2024-03-29T09:00:00+05:30,2026-08-18T10:00:00+05:30
usr_49c29e32,Elena Shetty,elena.shetty382@example.invalid,cty_caf3c1ee,INR,gu,mid,wellness,couple,light,2025-03-31,silver,active,2025-03-31T09:00:00+05:30,2026-08-18T10:00:00+05:30
usr_5e7ab07d,Omar Chatterjee,omar.chatterjee383@example.invalid,cty_c43cfa94,INR,bn,value,slow,solo,cold_start,2026-07-24,gold,active,2026-07-24T09:00:00+05:30,2026-08-18T10:00:00+05:30
usr_38ae75c0,Karthik Rossi,karthik.rossi384@example.invalid,cty_7b89639e,AED,ar,premium,luxury,friends,light,2023-11-03,none,active,2023-11-03T09:00:00+05:30,2026-08-18T10:00:00+05:30
usr_598fd23f,Lakshmi Patel,lakshmi.patel385@example.invalid,cty_79cbc59b,BTN,en-IN,premium,budget,couple,light,2026-04-12,,active,2026-04-12T09:00:00+05:30,2026-08-18T10:00:00+05:30
usr_a6999f45,Devi Chatterjee,devi.chatterjee386@example.invalid,cty_541018a9,INR,ml,premium,comfort,senior,heavy,2026-03-08,none,active,2026-03-08T09:00:00+05:30,2026-08-18T10:00:00+05:30
usr_86c0581f,Riya Chatterjee,riya.chatterjee387@example.invalid,cty_5698a7ab,INR,hi,luxury,comfort,backpacker,cold_start,2026-07-26,,active,2026-07-26T09:00:00+05:30,2026-08-18T10:00:00+05:30
usr_595656b6,Nisha Mehta,nisha.mehta388@example.invalid,cty_95d040d8,NPR,en-IN,luxury,budget,family,cold_start,2026-08-01,,active,2026-08-01T09:00:00+05:30,2026-08-18T10:00:00+05:30
usr_8317ab30,Aditya Joshi,aditya.joshi389@example.invalid,cty_5698a7ab,INR,hi,shoestring,wellness,senior,light,2026-01-24,silver,active,2026-01-24T09:00:00+05:30,2026-08-18T10:00:00+05:30
usr_5303ee80,Marco Kulkarni,marco.kulkarni390@example.invalid,cty_0b92e2e7,INR,en-IN,shoestring,comfort,backpacker,light,2025-01-07,silver,active,2025-01-07T09:00:00+05:30,2026-08-18T10:00:00+05:30
usr_f13873e9,Sofia Costa,sofia.costa391@example.invalid,cty_ab50efee,INR,bn,value,slow,solo,cold_start,2026-08-13,,active,2026-08-13T09:00:00+05:30,2026-08-18T10:00:00+05:30
usr_5e4aa2d9,Rohan Kim,rohan.kim392@example.invalid,cty_51a149b7,JPY,en-IN,mid,slow,friends,cold_start,2026-07-16,none,active,2026-07-16T09:00:00+05:30,2026-08-18T10:00:00+05:30
usr_fe68ac3c,Omar Bose,omar.bose393@example.invalid,cty_590d4b7b,INR,en-IN,luxury,budget,family,cold_start,2026-08-08,,active,2026-08-08T09:00:00+05:30,2026-08-18T10:00:00+05:30
usr_46f5d250,Rohan Wong,rohan.wong394@example.invalid,cty_95d040d8,NPR,ne,value,comfort,couple,cold_start,2026-07-05,none,active,2026-07-05T09:00:00+05:30,2026-08-18T10:00:00+05:30
usr_0db0f175,Arjun Rossi,arjun.rossi395@example.invalid,cty_0d062a51,INR,pa,luxury,slow,senior,cold_start,2026-07-06,,active,2026-07-06T09:00:00+05:30,2026-08-18T10:00:00+05:30
usr_5549036e,Ishaan Kim,ishaan.kim396@example.invalid,cty_f29656ff,INR,en-IN,mid,adventure,family,cold_start,2026-08-10,gold,active,2026-08-10T09:00:00+05:30,2026-08-18T10:00:00+05:30
usr_0dc68a1c,Rahul Novak,rahul.novak397@example.invalid,cty_95e7c8ca,INR,en-IN,mid,cultural,business,light,2024-07-09,none,active,2024-07-09T09:00:00+05:30,2026-08-18T10:00:00+05:30
usr_ae648c19,Rohan Kim,rohan.kim398@example.invalid,cty_ccb4fb74,INR,ne,luxury,budget,backpacker,light,2025-05-04,,active,2025-05-04T09:00:00+05:30,2026-08-18T10:00:00+05:30
usr_9b002a1a,Ravi Nair,ravi.nair399@example.invalid,cty_ab50efee,INR,bn,shoestring,comfort,couple,light,2024-05-28,silver,active,2024-05-28T09:00:00+05:30,2026-08-18T10:00:00+05:30
usr_a6c69ded,Vikram Fernandes,vikram.fernandes400@example.invalid,cty_5698a7ab,INR,en-IN,shoestring,adventure,backpacker,light,2023-11-09,none,active,2023-11-09T09:00:00+05:30,2026-08-18T10:00:00+05:30
usr_3190040f,Aisha Kulkarni,aisha.kulkarni401@example.invalid,cty_5698a7ab,INR,en-IN,premium,comfort,family,cold_start,2026-07-19,,active,2026-07-19T09:00:00+05:30,2026-08-18T10:00:00+05:30
usr_656b5a35,Lakshmi Iyer,lakshmi.iyer402@example.invalid,cty_c0f2d9de,NPR,ne,value,adventure,backpacker,cold_start,2026-08-09,,active,2026-08-09T09:00:00+05:30,2026-08-18T10:00:00+05:30
usr_1d51b0cb,Neha Bose,neha.bose403@example.invalid,cty_43d0a650,INR,mr,luxury,comfort,family,light,2025-07-29,,active,2025-07-29T09:00:00+05:30,2026-08-18T10:00:00+05:30
usr_a6b776c8,Sofia Gupta,sofia.gupta404@example.invalid,cty_f29656ff,INR,en-IN,shoestring,budget,business,cold_start,2026-08-04,silver,active,2026-08-04T09:00:00+05:30,2026-08-18T10:00:00+05:30
usr_b2ea84e0,Meera Costa,meera.costa405@example.invalid,cty_a5f16904,THB,en-IN,shoestring,wellness,senior,cold_start,2026-07-19,none,active,2026-07-19T09:00:00+05:30,2026-08-18T10:00:00+05:30
usr_2b11a6c9,Gautam Joshi,gautam.joshi406@example.invalid,cty_95e7c8ca,INR,mr,mid,slow,business,light,2026-07-10,silver,active,2026-07-10T09:00:00+05:30,2026-08-18T10:00:00+05:30
usr_2e562f89,Shreya Costa,shreya.costa407@example.invalid,cty_0d9ab6ff,INR,en-IN,luxury,cultural,senior,cold_start,2026-08-17,,active,2026-08-17T09:00:00+05:30,2026-08-18T10:00:00+05:30
usr_8fe264b1,Ritu Silva,ritu.silva408@example.invalid,cty_95d040d8,NPR,en-IN,mid,comfort,solo,cold_start,2026-07-23,silver,active,2026-07-23T09:00:00+05:30,2026-08-18T10:00:00+05:30
usr_cdc31bd3,Riya Nair,riya.nair409@example.invalid,cty_51a149b7,JPY,ja,premium,cultural,family,cold_start,2026-08-10,gold,active,2026-08-10T09:00:00+05:30,2026-08-18T10:00:00+05:30
usr_dcfab723,Pooja Das,pooja.das410@example.invalid,cty_c9f34ba7,MYR,ms,mid,comfort,backpacker,cold_start,2026-08-04,none,active,2026-08-04T09:00:00+05:30,2026-08-18T10:00:00+05:30
usr_948a58de,Devi Bose,devi.bose411@example.invalid,cty_0b7f5985,CHF,en-IN,value,comfort,backpacker,cold_start,2026-07-18,,active,2026-07-18T09:00:00+05:30,2026-08-18T10:00:00+05:30
usr_f5f1340f,Fatima Novak,fatima.novak412@example.invalid,cty_aa759717,INR,hi,value,cultural,business,cold_start,2026-07-25,gold,active,2026-07-25T09:00:00+05:30,2026-08-18T10:00:00+05:30
usr_343719c9,Farhan Wong,farhan.wong413@example.invalid,cty_0d9ab6ff,INR,en-IN,luxury,budget,solo,light,2023-04-10,,active,2023-04-10T09:00:00+05:30,2026-08-18T10:00:00+05:30
usr_4b9aa988,Marco Tanaka,marco.tanaka414@example.invalid,cty_8fc1539e,INR,en-IN,luxury,adventure,backpacker,cold_start,2026-08-04,silver,active,2026-08-04T09:00:00+05:30,2026-08-18T10:00:00+05:30
usr_f7077299,Ritu Verma,ritu.verma415@example.invalid,cty_621f4a84,INR,en-IN,mid,slow,family,heavy,2023-01-29,silver,active,2023-01-29T09:00:00+05:30,2026-08-18T10:00:00+05:30
usr_e60873aa,Karthik Wong,karthik.wong416@example.invalid,cty_3503e391,INR,ta,shoestring,budget,backpacker,light,2023-12-06,,active,2023-12-06T09:00:00+05:30,2026-08-18T10:00:00+05:30
usr_04f598c2,Vikram Mehta,vikram.mehta417@example.invalid,cty_f29656ff,INR,mr,mid,comfort,senior,cold_start,2026-07-18,silver,active,2026-07-18T09:00:00+05:30,2026-08-18T10:00:00+05:30
usr_f12ab863,Lakshmi Bose,lakshmi.bose418@example.invalid,cty_1ced6ede,AED,ar,luxury,luxury,couple,light,2025-01-12,silver,active,2025-01-12T09:00:00+05:30,2026-08-18T10:00:00+05:30
usr_0000ca76,Chen Fernandes,chen.fernandes419@example.invalid,cty_0d062a51,INR,en-IN,value,wellness,friends,heavy,2025-01-25,silver,active,2025-01-25T09:00:00+05:30,2026-08-18T10:00:00+05:30
usr_701b0010,Meera Shetty,meera.shetty420@example.invalid,cty_7f673457,INR,en-IN,mid,wellness,couple,cold_start,2026-07-31,gold,active,2026-07-31T09:00:00+05:30,2026-08-18T10:00:00+05:30
usr_7a9bb1ad,Aarav Gupta,aarav.gupta421@example.invalid,cty_0b7f5985,CHF,en-IN,luxury,cultural,backpacker,light,2023-06-04,,active,2023-06-04T09:00:00+05:30,2026-08-18T10:00:00+05:30
usr_15dd3b38,Tanvi Silva,tanvi.silva422@example.invalid,cty_009c9fd2,LKR,en-IN,premium,budget,family,light,2025-01-19,silver,active,2025-01-19T09:00:00+05:30,2026-08-18T10:00:00+05:30
usr_3134253d,Anita Reddy,anita.reddy423@example.invalid,cty_c9f34ba7,MYR,en-IN,shoestring,cultural,business,light,2023-12-20,none,active,2023-12-20T09:00:00+05:30,2026-08-18T10:00:00+05:30
usr_4f4d8587,Kavya Novak,kavya.novak424@example.invalid,cty_7fc82336,INR,en-IN,value,slow,family,cold_start,2026-07-11,,active,2026-07-11T09:00:00+05:30,2026-08-18T10:00:00+05:30
usr_8f0039c0,Aditya Singh,aditya.singh425@example.invalid,cty_d35a9652,INR,en-IN,shoestring,wellness,senior,heavy,2026-03-05,,active,2026-03-05T09:00:00+05:30,2026-08-18T10:00:00+05:30
usr_0e8e470a,Vikram Joshi,vikram.joshi426@example.invalid,cty_5698a7ab,INR,hi,luxury,comfort,family,cold_start,2026-07-29,silver,active,2026-07-29T09:00:00+05:30,2026-08-18T10:00:00+05:30
usr_ee03ca6c,Marco Kim,marco.kim427@example.invalid,cty_10cbee86,INR,en-IN,value,adventure,family,light,2022-10-21,,active,2022-10-21T09:00:00+05:30,2026-08-18T10:00:00+05:30
usr_5307f01f,Pooja Pillai,pooja.pillai428@example.invalid,cty_3503e391,INR,ta,shoestring,wellness,senior,light,2023-12-24,none,active,2023-12-24T09:00:00+05:30,2026-08-18T10:00:00+05:30
usr_e085ee6b,Sanjay Chatterjee,sanjay.chatterjee429@example.invalid,cty_b6ccbb3b,INR,or,premium,adventure,business,light,2024-08-08,,active,2024-08-08T09:00:00+05:30,2026-08-18T10:00:00+05:30
usr_378b6f36,Kavya Joshi,kavya.joshi430@example.invalid,cty_7fc82336,INR,en-IN,shoestring,slow,solo,heavy,2025-08-05,none,active,2025-08-05T09:00:00+05:30,2026-08-18T10:00:00+05:30
usr_7e13fee1,Aarav Kulkarni,aarav.kulkarni431@example.invalid,cty_f288c6a0,INR,ta,premium,slow,friends,light,2025-04-14,gold,active,2025-04-14T09:00:00+05:30,2026-08-18T10:00:00+05:30
usr_567fc188,Thomas Wong,thomas.wong432@example.invalid,cty_9327d518,INR,en-IN,value,cultural,couple,heavy,2024-04-28,,inactive,2024-04-28T09:00:00+05:30,2026-08-18T10:00:00+05:30
usr_2aa556d6,Thomas Nair,thomas.nair433@example.invalid,cty_b43cdd57,INR,hi,shoestring,adventure,friends,light,2023-02-28,gold,active,2023-02-28T09:00:00+05:30,2026-08-18T10:00:00+05:30
usr_22e61dad,Diya Bose,diya.bose434@example.invalid,cty_621f4a84,INR,en-IN,shoestring,wellness,couple,light,2024-02-08,gold,active,2024-02-08T09:00:00+05:30,2026-08-18T10:00:00+05:30
usr_81ed406f,Joseph Menon,joseph.menon435@example.invalid,cty_a5f16904,THB,th,shoestring,luxury,business,cold_start,2026-07-06,,active,2026-07-06T09:00:00+05:30,2026-08-18T10:00:00+05:30
usr_7df097f0,Bhavna Patel,bhavna.patel436@example.invalid,cty_f288c6a0,INR,en-IN,premium,luxury,solo,cold_start,2026-08-09,none,active,2026-08-09T09:00:00+05:30,2026-08-18T10:00:00+05:30
usr_29b0484e,Sneha Bose,sneha.bose437@example.invalid,cty_c97e6cd5,INR,hi,premium,wellness,couple,light,2025-05-24,silver,active,2025-05-24T09:00:00+05:30,2026-08-18T10:00:00+05:30
usr_a3f4f2d9,Ravi Menon,ravi.menon438@example.invalid,cty_1ced6ede,AED,en-IN,value,luxury,friends,light,2023-08-16,gold,active,2023-08-16T09:00:00+05:30,2026-08-18T10:00:00+05:30
usr_f94cda41,Kabir Iyer,kabir.iyer439@example.invalid,cty_17b8ef2f,INR,kn,premium,comfort,friends,cold_start,2026-07-31,silver,active,2026-07-31T09:00:00+05:30,2026-08-18T10:00:00+05:30
usr_34d0c50b,Imran Gupta,imran.gupta440@example.invalid,cty_b43cdd57,INR,hi,premium,adventure,backpacker,cold_start,2026-07-16,none,active,2026-07-16T09:00:00+05:30,2026-08-18T10:00:00+05:30
usr_a86957a3,Riya Mehta,riya.mehta441@example.invalid,cty_c0f2d9de,NPR,ne,mid,comfort,family,light,2026-02-16,,active,2026-02-16T09:00:00+05:30,2026-08-18T10:00:00+05:30
usr_9cc617ce,Chen Das,chen.das442@example.invalid,cty_aa759717,INR,hi,value,comfort,solo,cold_start,2026-08-15,none,active,2026-08-15T09:00:00+05:30,2026-08-18T10:00:00+05:30
usr_ba3a629c,Leila Khan,leila.khan443@example.invalid,cty_8fc1539e,INR,kn,luxury,cultural,solo,cold_start,2026-08-10,gold,active,2026-08-10T09:00:00+05:30,2026-08-18T10:00:00+05:30
usr_cfc145a0,Ishaan Mehta,ishaan.mehta444@example.invalid,cty_bbb31d67,INR,en-IN,value,wellness,business,cold_start,2026-08-01,silver,active,2026-08-01T09:00:00+05:30,2026-08-18T10:00:00+05:30
usr_b0cd91cf,Kabir Bose,kabir.bose445@example.invalid,cty_076e8e86,INR,hi,premium,slow,couple,cold_start,2026-08-11,silver,active,2026-08-11T09:00:00+05:30,2026-08-18T10:00:00+05:30
usr_b10b6018,Ravi Wong,ravi.wong446@example.invalid,cty_6320eea9,QAR,en-IN,value,comfort,business,heavy,2026-01-29,silver,active,2026-01-29T09:00:00+05:30,2026-08-18T10:00:00+05:30
usr_0ecc288c,Thomas Verma,thomas.verma447@example.invalid,cty_caf3c1ee,INR,en-IN,value,cultural,business,cold_start,2026-07-25,none,active,2026-07-25T09:00:00+05:30,2026-08-18T10:00:00+05:30
usr_ecfbc9b2,Shreya Costa,shreya.costa448@example.invalid,cty_b6ccbb3b,INR,en-IN,value,adventure,family,heavy,2024-08-27,none,active,2024-08-27T09:00:00+05:30,2026-08-18T10:00:00+05:30
usr_20caee9e,Sneha Verma,sneha.verma449@example.invalid,cty_bbb31d67,INR,en-IN,luxury,adventure,business,cold_start,2026-07-18,none,active,2026-07-18T09:00:00+05:30,2026-08-18T10:00:00+05:30
usr_8bddf67c,Meera Chatterjee,meera.chatterjee450@example.invalid,cty_32e8e65c,INR,hi,luxury,luxury,couple,cold_start,2026-08-06,silver,active,2026-08-06T09:00:00+05:30,2026-08-18T10:00:00+05:30
usr_e2490a9e,Leila Chatterjee,leila.chatterjee451@example.invalid,cty_8fc1539e,INR,kn,shoestring,luxury,senior,heavy,2024-03-23,silver,active,2024-03-23T09:00:00+05:30,2026-08-18T10:00:00+05:30
usr_49b03439,Tanvi Patel,tanvi.patel452@example.invalid,cty_0b7f5985,CHF,en-IN,mid,adventure,business,cold_start,2026-07-24,,active,2026-07-24T09:00:00+05:30,2026-08-18T10:00:00+05:30
usr_50db435c,Kavya Reddy,kavya.reddy453@example.invalid,cty_95e7c8ca,INR,en-IN,value,comfort,friends,light,2023-11-24,silver,inactive,2023-11-24T09:00:00+05:30,2026-08-18T10:00:00+05:30
usr_ab49979e,Neha Kulkarni,neha.kulkarni454@example.invalid,cty_590d4b7b,INR,en-IN,luxury,wellness,senior,cold_start,2026-07-26,none,inactive,2026-07-26T09:00:00+05:30,2026-08-18T10:00:00+05:30
usr_7bb9f669,Sanjay Rossi,sanjay.rossi455@example.invalid,cty_828a7777,INR,ur,premium,wellness,business,light,2024-07-12,silver,active,2024-07-12T09:00:00+05:30,2026-08-18T10:00:00+05:30
usr_e2f59178,Farhan Joshi,farhan.joshi456@example.invalid,cty_0d062a51,INR,pa,mid,wellness,backpacker,cold_start,2026-08-11,silver,active,2026-08-11T09:00:00+05:30,2026-08-18T10:00:00+05:30
usr_4fec6bfa,Manav Gupta,manav.gupta457@example.invalid,cty_95e7c8ca,INR,en-IN,mid,budget,solo,light,2023-11-15,,active,2023-11-15T09:00:00+05:30,2026-08-18T10:00:00+05:30
usr_b1d59712,Arjun Kulkarni,arjun.kulkarni458@example.invalid,cty_0d062a51,INR,en-IN,mid,adventure,business,cold_start,2026-08-01,gold,active,2026-08-01T09:00:00+05:30,2026-08-18T10:00:00+05:30
usr_2136e1fa,Arjun Weber,arjun.weber459@example.invalid,cty_32e8e65c,INR,en-IN,shoestring,luxury,senior,cold_start,2026-07-25,,active,2026-07-25T09:00:00+05:30,2026-08-18T10:00:00+05:30
usr_2dd33665,Elena Costa,elena.costa460@example.invalid,cty_8fc1539e,INR,en-IN,luxury,wellness,couple,light,2023-06-05,,active,2023-06-05T09:00:00+05:30,2026-08-18T10:00:00+05:30
usr_dcf3a4ae,Bhavna Pillai,bhavna.pillai461@example.invalid,cty_d401ef6b,INR,en-IN,premium,comfort,senior,cold_start,2026-08-11,,active,2026-08-11T09:00:00+05:30,2026-08-18T10:00:00+05:30
usr_651a4d17,Karthik Patel,karthik.patel462@example.invalid,cty_7fc82336,INR,en-IN,shoestring,cultural,family,light,2025-07-23,,active,2025-07-23T09:00:00+05:30,2026-08-18T10:00:00+05:30
usr_2dfc4f4b,Sanjay Costa,sanjay.costa463@example.invalid,cty_32e8e65c,INR,en-IN,luxury,budget,backpacker,light,2025-01-08,silver,active,2025-01-08T09:00:00+05:30,2026-08-18T10:00:00+05:30
usr_2de68d4f,Bhavna Fernandes,bhavna.fernandes464@example.invalid,cty_621f4a84,INR,en-IN,luxury,cultural,senior,heavy,2024-01-31,none,active,2024-01-31T09:00:00+05:30,2026-08-18T10:00:00+05:30
usr_ee57ec9a,Chen Ahmed,chen.ahmed465@example.invalid,cty_bbb31d67,INR,kn,value,comfort,senior,light,2025-09-03,none,active,2025-09-03T09:00:00+05:30,2026-08-18T10:00:00+05:30
usr_1c8154b9,Siddharth Bose,siddharth.bose466@example.invalid,cty_cf1c6ac5,INR,en-IN,shoestring,cultural,couple,cold_start,2026-08-02,,active,2026-08-02T09:00:00+05:30,2026-08-18T10:00:00+05:30
usr_861e9ecb,Kabir Menon,kabir.menon467@example.invalid,cty_a50bc5dd,LKR,si,luxury,luxury,family,cold_start,2026-08-09,gold,active,2026-08-09T09:00:00+05:30,2026-08-18T10:00:00+05:30
usr_7b329574,Elena Das,elena.das468@example.invalid,cty_caf3c1ee,INR,gu,mid,adventure,backpacker,heavy,2024-11-20,,active,2024-11-20T09:00:00+05:30,2026-08-18T10:00:00+05:30
usr_20594684,Chen Sharma,chen.sharma469@example.invalid,cty_5698a7ab,INR,en-IN,premium,luxury,solo,light,2024-03-06,,active,2024-03-06T09:00:00+05:30,2026-08-18T10:00:00+05:30
usr_e0a2b51a,Tanvi Costa,tanvi.costa470@example.invalid,cty_009c9fd2,LKR,en-IN,value,slow,family,cold_start,2026-07-21,gold,active,2026-07-21T09:00:00+05:30,2026-08-18T10:00:00+05:30
usr_45ec7f60,Farhan Fernandes,farhan.fernandes471@example.invalid,cty_f288c6a0,INR,ta,luxury,comfort,friends,cold_start,2026-07-24,,inactive,2026-07-24T09:00:00+05:30,2026-08-18T10:00:00+05:30
usr_b83115d3,Ravi Verma,ravi.verma472@example.invalid,cty_cfec17b6,INR,gu,shoestring,adventure,senior,heavy,2026-06-25,gold,active,2026-06-25T09:00:00+05:30,2026-08-18T10:00:00+05:30
usr_488b3ced,Omar Khan,omar.khan473@example.invalid,cty_5d572c8a,INR,en-IN,luxury,budget,senior,cold_start,2026-08-11,gold,active,2026-08-11T09:00:00+05:30,2026-08-18T10:00:00+05:30
usr_e5fed81d,Meera Chatterjee,meera.chatterjee474@example.invalid,cty_7cb0b529,INR,te,shoestring,adventure,backpacker,cold_start,2026-07-26,none,active,2026-07-26T09:00:00+05:30,2026-08-18T10:00:00+05:30
usr_6451b2ed,Grace Wong,grace.wong475@example.invalid,cty_cfec17b6,INR,en-IN,luxury,slow,senior,cold_start,2026-08-01,silver,active,2026-08-01T09:00:00+05:30,2026-08-18T10:00:00+05:30
usr_aa495d1d,Gautam Novak,gautam.novak476@example.invalid,cty_79cbc59b,BTN,en-IN,value,luxury,friends,cold_start,2026-08-12,silver,active,2026-08-12T09:00:00+05:30,2026-08-18T10:00:00+05:30
usr_c8025f92,Karthik Patel,karthik.patel477@example.invalid,cty_c0f2d9de,NPR,ne,value,comfort,backpacker,heavy,2022-12-31,gold,active,2022-12-31T09:00:00+05:30,2026-08-18T10:00:00+05:30
usr_a284e305,Aditya Rossi,aditya.rossi478@example.invalid,cty_590d4b7b,INR,en-IN,mid,slow,friends,cold_start,2026-07-23,silver,active,2026-07-23T09:00:00+05:30,2026-08-18T10:00:00+05:30
usr_6e14ff06,Diya Joshi,diya.joshi479@example.invalid,cty_0b92e2e7,INR,hi,shoestring,comfort,backpacker,cold_start,2026-07-13,none,active,2026-07-13T09:00:00+05:30,2026-08-18T10:00:00+05:30
usr_c24f45f3,Kavya Kim,kavya.kim480@example.invalid,cty_caf3c1ee,INR,en-IN,value,wellness,couple,light,2023-02-18,silver,active,2023-02-18T09:00:00+05:30,2026-08-18T10:00:00+05:30
usr_42202df5,Fatima Mehta,fatima.mehta481@example.invalid,cty_7cb0b529,INR,te,shoestring,comfort,family,light,2026-04-29,,active,2026-04-29T09:00:00+05:30,2026-08-18T10:00:00+05:30
usr_af8b77c2,Thomas Patel,thomas.patel482@example.invalid,cty_7fc82336,INR,en-IN,mid,adventure,couple,heavy,2024-09-29,none,active,2024-09-29T09:00:00+05:30,2026-08-18T10:00:00+05:30
usr_06f6c954,Nikhil Fernandes,nikhil.fernandes483@example.invalid,cty_ab50efee,INR,bn,mid,cultural,business,cold_start,2026-07-08,silver,active,2026-07-08T09:00:00+05:30,2026-08-18T10:00:00+05:30
usr_62216ab5,Lakshmi Silva,lakshmi.silva484@example.invalid,cty_b6ccbb3b,INR,en-IN,luxury,wellness,business,heavy,2023-11-01,gold,active,2023-11-01T09:00:00+05:30,2026-08-18T10:00:00+05:30
usr_749f5098,Ishaan Joshi,ishaan.joshi485@example.invalid,cty_5d572c8a,INR,en-IN,shoestring,luxury,business,cold_start,2026-07-10,,active,2026-07-10T09:00:00+05:30,2026-08-18T10:00:00+05:30
usr_e7080930,Chen Joshi,chen.joshi486@example.invalid,cty_caf3c1ee,INR,en-IN,shoestring,cultural,senior,heavy,2025-08-08,none,active,2025-08-08T09:00:00+05:30,2026-08-18T10:00:00+05:30
usr_3952555a,Vikram Rossi,vikram.rossi487@example.invalid,cty_95e7c8ca,INR,mr,premium,cultural,solo,cold_start,2026-07-29,gold,active,2026-07-29T09:00:00+05:30,2026-08-18T10:00:00+05:30
usr_86b7d9ab,Siddharth Bose,siddharth.bose488@example.invalid,cty_5698a7ab,INR,en-IN,value,slow,business,cold_start,2026-08-02,,active,2026-08-02T09:00:00+05:30,2026-08-18T10:00:00+05:30
usr_8e272905,Aarav Pillai,aarav.pillai489@example.invalid,cty_cfec17b6,INR,en-IN,mid,budget,family,light,2026-03-19,,active,2026-03-19T09:00:00+05:30,2026-08-18T10:00:00+05:30
usr_bc67142c,Nisha Singh,nisha.singh490@example.invalid,cty_17b8ef2f,INR,en-IN,premium,adventure,family,light,2023-05-23,silver,active,2023-05-23T09:00:00+05:30,2026-08-18T10:00:00+05:30
usr_4f3c7fb0,Gautam Kulkarni,gautam.kulkarni491@example.invalid,cty_d35a9652,INR,en-IN,shoestring,comfort,business,cold_start,2026-08-13,gold,active,2026-08-13T09:00:00+05:30,2026-08-18T10:00:00+05:30
usr_c8ada8bd,Vikram Nair,vikram.nair492@example.invalid,cty_c43cfa94,INR,en-IN,value,comfort,senior,cold_start,2026-07-17,silver,active,2026-07-17T09:00:00+05:30,2026-08-18T10:00:00+05:30
usr_01d12bc2,Zoya Silva,zoya.silva493@example.invalid,cty_a97c33ad,INR,kn,luxury,luxury,backpacker,cold_start,2026-07-24,,active,2026-07-24T09:00:00+05:30,2026-08-18T10:00:00+05:30
usr_7fc93a76,Thomas Ahmed,thomas.ahmed494@example.invalid,cty_718f03c7,INR,en-IN,mid,slow,couple,cold_start,2026-07-28,silver,active,2026-07-28T09:00:00+05:30,2026-08-18T10:00:00+05:30
usr_78a5fbfe,Anita Weber,anita.weber495@example.invalid,cty_cf1c6ac5,INR,en-IN,value,luxury,couple,heavy,2023-01-03,,active,2023-01-03T09:00:00+05:30,2026-08-18T10:00:00+05:30
usr_ce38459a,Fatima Costa,fatima.costa496@example.invalid,cty_6320eea9,QAR,en-IN,mid,comfort,family,light,2026-06-14,none,active,2026-06-14T09:00:00+05:30,2026-08-18T10:00:00+05:30
usr_580034a3,Kavya Bhat,kavya.bhat497@example.invalid,cty_d35a9652,INR,en-IN,shoestring,budget,friends,light,2025-03-08,gold,active,2025-03-08T09:00:00+05:30,2026-08-18T10:00:00+05:30
usr_51294c66,Yuki Mehta,yuki.mehta498@example.invalid,cty_95d040d8,NPR,ne,shoestring,wellness,senior,cold_start,2026-07-12,silver,active,2026-07-12T09:00:00+05:30,2026-08-18T10:00:00+05:30
usr_4cb26745,Zoya Weber,zoya.weber499@example.invalid,cty_ccb4fb74,INR,ne,shoestring,budget,senior,heavy,2023-01-31,gold,active,2023-01-31T09:00:00+05:30,2026-08-18T10:00:00+05:30
usr_6bf6f0c2,Shreya Singh,shreya.singh500@example.invalid,cty_7fc82336,INR,en-IN,value,cultural,business,cold_start,2026-07-26,,active,2026-07-26T09:00:00+05:30,2026-08-18T10:00:00+05:30
usr_32f091df,Bhavna Menon,bhavna.menon501@example.invalid,cty_7fc82336,INR,ta,premium,luxury,family,cold_start,2026-07-16,none,active,2026-07-16T09:00:00+05:30,2026-08-18T10:00:00+05:30
usr_eb6b7ee0,Chen Gupta,chen.gupta502@example.invalid,cty_3503e391,INR,en-IN,value,slow,senior,cold_start,2026-08-13,gold,active,2026-08-13T09:00:00+05:30,2026-08-18T10:00:00+05:30
usr_5dec704e,Diya Silva,diya.silva503@example.invalid,cty_43d0a650,INR,en-IN,shoestring,slow,couple,heavy,2023-05-11,silver,active,2023-05-11T09:00:00+05:30,2026-08-18T10:00:00+05:30
usr_3e25dcc6,Aarav Fernandes,aarav.fernandes504@example.invalid,cty_828a7777,INR,ur,mid,slow,business,cold_start,2026-07-30,,active,2026-07-30T09:00:00+05:30,2026-08-18T10:00:00+05:30
usr_2353848b,Bhavna Bose,bhavna.bose505@example.invalid,cty_905fd8a1,SGD,zh,shoestring,cultural,senior,cold_start,2026-07-07,silver,active,2026-07-07T09:00:00+05:30,2026-08-18T10:00:00+05:30
usr_d3acd59c,Yuki Silva,yuki.silva506@example.invalid,cty_ab50efee,INR,en-IN,mid,wellness,backpacker,cold_start,2026-07-18,gold,active,2026-07-18T09:00:00+05:30,2026-08-18T10:00:00+05:30
usr_bf1a0bc8,Elena Sharma,elena.sharma507@example.invalid,cty_5d572c8a,INR,en-IN,value,adventure,couple,light,2023-12-25,,active,2023-12-25T09:00:00+05:30,2026-08-18T10:00:00+05:30
usr_a685483e,Kabir Weber,kabir.weber508@example.invalid,cty_6320eea9,QAR,en-IN,mid,cultural,backpacker,cold_start,2026-08-14,silver,active,2026-08-14T09:00:00+05:30,2026-08-18T10:00:00+05:30
usr_fae4d064,Omar Reddy,omar.reddy509@example.invalid,cty_c97e6cd5,INR,en-IN,value,budget,backpacker,heavy,2023-09-17,gold,active,2023-09-17T09:00:00+05:30,2026-08-18T10:00:00+05:30
usr_5c4f42ed,Siddharth Menon,siddharth.menon510@example.invalid,cty_c0f2d9de,NPR,en-IN,value,slow,business,light,2022-10-19,silver,active,2022-10-19T09:00:00+05:30,2026-08-18T10:00:00+05:30
usr_61710d50,Farhan Reddy,farhan.reddy511@example.invalid,cty_905fd8a1,SGD,en-IN,premium,comfort,business,light,2022-11-11,silver,inactive,2022-11-11T09:00:00+05:30,2026-08-18T10:00:00+05:30
usr_495905e0,Nisha Joshi,nisha.joshi512@example.invalid,cty_cf1c6ac5,INR,en-IN,premium,slow,senior,cold_start,2026-07-06,gold,active,2026-07-06T09:00:00+05:30,2026-08-18T10:00:00+05:30
usr_6feac3d4,Rahul Pillai,rahul.pillai513@example.invalid,cty_cf1c6ac5,INR,en-IN,premium,slow,solo,light,2022-12-02,silver,active,2022-12-02T09:00:00+05:30,2026-08-18T10:00:00+05:30
usr_f50e2299,Anita Silva,anita.silva514@example.invalid,cty_590d4b7b,INR,en-IN,premium,slow,business,cold_start,2026-07-15,none,active,2026-07-15T09:00:00+05:30,2026-08-18T10:00:00+05:30
usr_6303c026,Sanjay Tanaka,sanjay.tanaka515@example.invalid,cty_6320eea9,QAR,en-IN,shoestring,wellness,senior,heavy,2023-11-11,silver,active,2023-11-11T09:00:00+05:30,2026-08-18T10:00:00+05:30
usr_8ed02105,Chen Rossi,chen.rossi516@example.invalid,cty_aa759717,INR,en-IN,shoestring,budget,family,cold_start,2026-08-13,,active,2026-08-13T09:00:00+05:30,2026-08-18T10:00:00+05:30
usr_ca6dc019,Karthik Patel,karthik.patel517@example.invalid,cty_076e8e86,INR,hi,value,adventure,backpacker,cold_start,2026-07-25,gold,active,2026-07-25T09:00:00+05:30,2026-08-18T10:00:00+05:30
usr_60c3a39a,Pooja Das,pooja.das518@example.invalid,cty_d35a9652,INR,en-IN,luxury,cultural,senior,light,2024-01-31,,active,2024-01-31T09:00:00+05:30,2026-08-18T10:00:00+05:30
usr_db304908,Arun Sharma,arun.sharma519@example.invalid,cty_7b89639e,AED,en-IN,value,budget,business,cold_start,2026-07-30,gold,active,2026-07-30T09:00:00+05:30,2026-08-18T10:00:00+05:30
usr_4022bd9b,Neha Novak,neha.novak520@example.invalid,cty_c0f2d9de,NPR,en-IN,shoestring,cultural,business,heavy,2024-03-28,none,active,2024-03-28T09:00:00+05:30,2026-08-18T10:00:00+05:30
usr_ca24d130,Vikram Iyer,vikram.iyer521@example.invalid,cty_34bbfdfe,INR,en-IN,value,slow,couple,heavy,2024-08-28,silver,active,2024-08-28T09:00:00+05:30,2026-08-18T10:00:00+05:30
usr_2c8b7af8,Rahul Novak,rahul.novak522@example.invalid,cty_79cbc59b,BTN,ne,premium,slow,business,heavy,2022-12-03,none,active,2022-12-03T09:00:00+05:30,2026-08-18T10:00:00+05:30
usr_225fd2f9,Vikram Reddy,vikram.reddy523@example.invalid,cty_9327d518,INR,hi,luxury,budget,business,cold_start,2026-07-28,,active,2026-07-28T09:00:00+05:30,2026-08-18T10:00:00+05:30
usr_544eff67,Vikram Weber,vikram.weber524@example.invalid,cty_d401ef6b,INR,en-IN,premium,wellness,solo,cold_start,2026-08-06,gold,active,2026-08-06T09:00:00+05:30,2026-08-18T10:00:00+05:30
usr_50d203b2,Imran Bose,imran.bose525@example.invalid,cty_7b89639e,AED,en-IN,mid,adventure,backpacker,cold_start,2026-07-23,none,active,2026-07-23T09:00:00+05:30,2026-08-18T10:00:00+05:30
usr_1436bbd8,Manav Joshi,manav.joshi526@example.invalid,cty_d4f5e3a5,INR,en-IN,luxury,wellness,solo,heavy,2022-11-12,none,active,2022-11-12T09:00:00+05:30,2026-08-18T10:00:00+05:30
usr_58cbe8f3,Aditya Shetty,aditya.shetty527@example.invalid,cty_7f673457,INR,en-IN,value,luxury,couple,light,2022-12-09,,active,2022-12-09T09:00:00+05:30,2026-08-18T10:00:00+05:30
usr_f43be858,Leila Verma,leila.verma528@example.invalid,cty_5698a7ab,INR,en-IN,value,cultural,friends,cold_start,2026-07-26,none,active,2026-07-26T09:00:00+05:30,2026-08-18T10:00:00+05:30
usr_5c4421b6,Aarav Pillai,aarav.pillai529@example.invalid,cty_009c9fd2,LKR,en-IN,mid,slow,solo,cold_start,2026-08-05,gold,active,2026-08-05T09:00:00+05:30,2026-08-18T10:00:00+05:30
usr_c235639f,Priya Weber,priya.weber530@example.invalid,cty_590d4b7b,INR,en-IN,mid,comfort,couple,cold_start,2026-08-17,gold,active,2026-08-17T09:00:00+05:30,2026-08-18T10:00:00+05:30
usr_bcea2153,Aarav Sharma,aarav.sharma531@example.invalid,cty_5698a7ab,INR,hi,luxury,slow,senior,cold_start,2026-08-04,,active,2026-08-04T09:00:00+05:30,2026-08-18T10:00:00+05:30
usr_df582802,Anita Patel,anita.patel532@example.invalid,cty_0b92e2e7,INR,hi,value,luxury,backpacker,heavy,2024-01-28,none,active,2024-01-28T09:00:00+05:30,2026-08-18T10:00:00+05:30
usr_e5415ac7,Sofia Shetty,sofia.shetty533@example.invalid,cty_718f03c7,INR,en-IN,shoestring,luxury,senior,heavy,2024-10-05,gold,active,2024-10-05T09:00:00+05:30,2026-08-18T10:00:00+05:30
usr_0deee6d9,Aditya Pillai,aditya.pillai534@example.invalid,cty_ccb4fb74,INR,ne,shoestring,cultural,solo,light,2025-12-08,,active,2025-12-08T09:00:00+05:30,2026-08-18T10:00:00+05:30
usr_78b510fb,Tanvi Rao,tanvi.rao535@example.invalid,cty_590d4b7b,INR,en-IN,shoestring,wellness,business,light,2023-06-16,gold,active,2023-06-16T09:00:00+05:30,2026-08-18T10:00:00+05:30
usr_7d0ce609,Vikram Patel,vikram.patel536@example.invalid,cty_c9f34ba7,MYR,ms,premium,wellness,backpacker,heavy,2024-09-12,gold,active,2024-09-12T09:00:00+05:30,2026-08-18T10:00:00+05:30
usr_6dabe38f,Shreya Singh,shreya.singh537@example.invalid,cty_ccb4fb74,INR,en-IN,mid,budget,family,cold_start,2026-07-28,gold,active,2026-07-28T09:00:00+05:30,2026-08-18T10:00:00+05:30
usr_c46032f3,Fatima Bhat,fatima.bhat538@example.invalid,cty_b6ccbb3b,INR,or,premium,budget,business,light,2025-09-02,none,active,2025-09-02T09:00:00+05:30,2026-08-18T10:00:00+05:30
usr_464e9998,Arun Kim,arun.kim539@example.invalid,cty_8fc1539e,INR,en-IN,mid,adventure,senior,light,2026-01-14,,active,2026-01-14T09:00:00+05:30,2026-08-18T10:00:00+05:30
usr_fd197725,Sofia Khan,sofia.khan540@example.invalid,cty_0d9ab6ff,INR,en-IN,value,slow,solo,cold_start,2026-07-21,none,active,2026-07-21T09:00:00+05:30,2026-08-18T10:00:00+05:30
usr_96b84c82,Pooja Tanaka,pooja.tanaka541@example.invalid,cty_7cb0b529,INR,te,luxury,wellness,senior,heavy,2023-11-25,silver,active,2023-11-25T09:00:00+05:30,2026-08-18T10:00:00+05:30
usr_a0588479,Pooja Pillai,pooja.pillai542@example.invalid,cty_67ee7f6f,INR,en-IN,luxury,slow,backpacker,cold_start,2026-07-21,none,active,2026-07-21T09:00:00+05:30,2026-08-18T10:00:00+05:30
usr_40a598d3,Shreya Ahmed,shreya.ahmed543@example.invalid,cty_7cb0b529,INR,te,value,adventure,friends,light,2024-10-03,silver,active,2024-10-03T09:00:00+05:30,2026-08-18T10:00:00+05:30
usr_216d365e,Riya Mehta,riya.mehta544@example.invalid,cty_10cbee86,INR,hi,luxury,cultural,business,light,2025-05-19,gold,active,2025-05-19T09:00:00+05:30,2026-08-18T10:00:00+05:30
usr_e133ef76,Aditya Pillai,aditya.pillai545@example.invalid,cty_95e7c8ca,INR,en-IN,premium,slow,family,cold_start,2026-07-26,none,active,2026-07-26T09:00:00+05:30,2026-08-18T10:00:00+05:30
usr_dc888b66,Nisha Nair,nisha.nair546@example.invalid,cty_cf1c6ac5,INR,as,shoestring,luxury,business,cold_start,2026-07-14,none,active,2026-07-14T09:00:00+05:30,2026-08-18T10:00:00+05:30
usr_1f0f9af9,Ravi Nair,ravi.nair547@example.invalid,cty_cf1c6ac5,INR,as,value,wellness,backpacker,heavy,2026-02-06,,active,2026-02-06T09:00:00+05:30,2026-08-18T10:00:00+05:30
usr_03840a57,Kavya Bose,kavya.bose548@example.invalid,cty_a5f16904,THB,en-IN,value,luxury,business,light,2024-08-25,none,active,2024-08-25T09:00:00+05:30,2026-08-18T10:00:00+05:30
usr_ee605ce4,Arun Sharma,arun.sharma549@example.invalid,cty_95e7c8ca,INR,mr,luxury,wellness,backpacker,cold_start,2026-07-13,silver,active,2026-07-13T09:00:00+05:30,2026-08-18T10:00:00+05:30
usr_6b39cd15,Meera Khan,meera.khan550@example.invalid,cty_95d040d8,NPR,ne,premium,wellness,backpacker,cold_start,2026-08-01,gold,active,2026-08-01T09:00:00+05:30,2026-08-18T10:00:00+05:30
usr_9c3deed5,Anita Verma,anita.verma551@example.invalid,cty_3503e391,INR,en-IN,value,wellness,backpacker,cold_start,2026-08-10,,active,2026-08-10T09:00:00+05:30,2026-08-18T10:00:00+05:30
usr_1df4c157,Imran Gupta,imran.gupta552@example.invalid,cty_aa759717,INR,hi,shoestring,adventure,friends,light,2024-10-09,,active,2024-10-09T09:00:00+05:30,2026-08-18T10:00:00+05:30
usr_7da99ef5,Nisha Bose,nisha.bose553@example.invalid,cty_f8b75f8e,INR,ta,value,wellness,family,light,2024-03-15,,active,2024-03-15T09:00:00+05:30,2026-08-18T10:00:00+05:30
usr_329d228c,Vikram Silva,vikram.silva554@example.invalid,cty_7f673457,INR,ta,premium,budget,friends,cold_start,2026-07-10,gold,active,2026-07-10T09:00:00+05:30,2026-08-18T10:00:00+05:30
usr_fdb9ac21,Grace Sharma,grace.sharma555@example.invalid,cty_b6ccbb3b,INR,en-IN,shoestring,wellness,friends,light,2023-04-24,silver,active,2023-04-24T09:00:00+05:30,2026-08-18T10:00:00+05:30
usr_84b71ba7,Meera Sharma,meera.sharma556@example.invalid,cty_590d4b7b,INR,en-IN,value,wellness,senior,light,2023-07-26,silver,active,2023-07-26T09:00:00+05:30,2026-08-18T10:00:00+05:30
usr_e0853a17,Thomas Joshi,thomas.joshi557@example.invalid,cty_7be8559f,INR,en-IN,mid,budget,family,heavy,2024-04-09,,active,2024-04-09T09:00:00+05:30,2026-08-18T10:00:00+05:30
usr_8ddbc4ab,Daniel Verma,daniel.verma558@example.invalid,cty_95d040d8,NPR,en-IN,luxury,cultural,solo,cold_start,2026-08-03,gold,active,2026-08-03T09:00:00+05:30,2026-08-18T10:00:00+05:30
usr_f94b1e02,Arun Ahmed,arun.ahmed559@example.invalid,cty_51a149b7,JPY,en-IN,premium,luxury,backpacker,cold_start,2026-07-29,none,active,2026-07-29T09:00:00+05:30,2026-08-18T10:00:00+05:30
usr_fcb4d1ef,Farhan Kulkarni,farhan.kulkarni560@example.invalid,cty_c07454f1,INR,en-IN,luxury,cultural,friends,cold_start,2026-07-11,,active,2026-07-11T09:00:00+05:30,2026-08-18T10:00:00+05:30
usr_e6dca418,Shreya Das,shreya.das561@example.invalid,cty_9aa02925,MVR,ar,luxury,comfort,business,light,2024-02-23,,active,2024-02-23T09:00:00+05:30,2026-08-18T10:00:00+05:30
usr_67d03584,Marco Costa,marco.costa562@example.invalid,cty_a97c33ad,INR,kn,premium,luxury,business,heavy,2023-11-25,gold,active,2023-11-25T09:00:00+05:30,2026-08-18T10:00:00+05:30
usr_4e8a6e40,Bhavna Nair,bhavna.nair563@example.invalid,cty_a50bc5dd,LKR,si,value,budget,friends,cold_start,2026-08-16,gold,active,2026-08-16T09:00:00+05:30,2026-08-18T10:00:00+05:30
usr_00591571,Ravi Novak,ravi.novak564@example.invalid,cty_17b8ef2f,INR,kn,premium,budget,family,cold_start,2026-08-11,silver,active,2026-08-11T09:00:00+05:30,2026-08-18T10:00:00+05:30
usr_2fc3b9a7,Nikhil Kulkarni,nikhil.kulkarni565@example.invalid,cty_32e8e65c,INR,en-IN,shoestring,budget,couple,heavy,2022-12-29,gold,active,2022-12-29T09:00:00+05:30,2026-08-18T10:00:00+05:30
usr_8700ba48,Aarav Rao,aarav.rao566@example.invalid,cty_79cbc59b,BTN,ne,mid,slow,couple,heavy,2023-05-26,silver,active,2023-05-26T09:00:00+05:30,2026-08-18T10:00:00+05:30
usr_34808c87,Priya Menon,priya.menon567@example.invalid,cty_aa759717,INR,en-IN,luxury,wellness,solo,cold_start,2026-07-17,,active,2026-07-17T09:00:00+05:30,2026-08-18T10:00:00+05:30
usr_c0926c78,Arun Rao,arun.rao568@example.invalid,cty_8b6b1652,INR,ml,shoestring,budget,backpacker,cold_start,2026-08-03,silver,active,2026-08-03T09:00:00+05:30,2026-08-18T10:00:00+05:30
usr_c426b4e1,Neha Bose,neha.bose569@example.invalid,cty_67ee7f6f,INR,ml,premium,comfort,friends,light,2023-06-30,,active,2023-06-30T09:00:00+05:30,2026-08-18T10:00:00+05:30
usr_6edece59,Nisha Rao,nisha.rao570@example.invalid,cty_8b6b1652,INR,en-IN,mid,wellness,business,heavy,2025-10-22,gold,active,2025-10-22T09:00:00+05:30,2026-08-18T10:00:00+05:30
usr_7796e5e8,Arun Sharma,arun.sharma571@example.invalid,cty_67ee7f6f,INR,en-IN,luxury,luxury,business,light,2024-02-11,silver,active,2024-02-11T09:00:00+05:30,2026-08-18T10:00:00+05:30
usr_88af6903,Kavya Fernandes,kavya.fernandes572@example.invalid,cty_828a7777,INR,ur,value,budget,solo,heavy,2023-10-20,gold,active,2023-10-20T09:00:00+05:30,2026-08-18T10:00:00+05:30
usr_209fdcf3,Neha Rao,neha.rao573@example.invalid,cty_f29656ff,INR,en-IN,premium,budget,business,cold_start,2026-07-15,,active,2026-07-15T09:00:00+05:30,2026-08-18T10:00:00+05:30
usr_5b0e5805,Sneha Ahmed,sneha.ahmed574@example.invalid,cty_a50bc5dd,LKR,en-IN,value,comfort,couple,light,2025-02-27,gold,active,2025-02-27T09:00:00+05:30,2026-08-18T10:00:00+05:30
usr_f44e35a9,Imran Menon,imran.menon575@example.invalid,cty_51a149b7,JPY,en-IN,value,budget,senior,cold_start,2026-07-19,,active,2026-07-19T09:00:00+05:30,2026-08-18T10:00:00+05:30
usr_2c93ab7f,Zoya Bose,zoya.bose576@example.invalid,cty_541018a9,INR,ml,luxury,cultural,couple,heavy,2023-04-21,silver,active,2023-04-21T09:00:00+05:30,2026-08-18T10:00:00+05:30
usr_60e00854,Imran Weber,imran.weber577@example.invalid,cty_7fc82336,INR,en-IN,mid,slow,friends,cold_start,2026-07-24,none,active,2026-07-24T09:00:00+05:30,2026-08-18T10:00:00+05:30
usr_71b26f80,Devi Weber,devi.weber578@example.invalid,cty_bbb31d67,INR,kn,value,adventure,business,light,2024-06-29,,active,2024-06-29T09:00:00+05:30,2026-08-18T10:00:00+05:30
usr_0b05ac58,Aditya Verma,aditya.verma579@example.invalid,cty_34bbfdfe,INR,en-IN,mid,cultural,backpacker,light,2025-09-26,silver,inactive,2025-09-26T09:00:00+05:30,2026-08-18T10:00:00+05:30
usr_0b8f3bdc,Sneha Costa,sneha.costa580@example.invalid,cty_828a7777,INR,en-IN,luxury,wellness,solo,heavy,2024-09-16,none,active,2024-09-16T09:00:00+05:30,2026-08-18T10:00:00+05:30
usr_aefdae86,Aditya Ahmed,aditya.ahmed581@example.invalid,cty_9327d518,INR,en-IN,value,adventure,senior,cold_start,2026-07-10,,active,2026-07-10T09:00:00+05:30,2026-08-18T10:00:00+05:30
usr_810e7b81,Nisha Khan,nisha.khan582@example.invalid,cty_5d572c8a,INR,en-IN,luxury,cultural,backpacker,cold_start,2026-07-26,silver,active,2026-07-26T09:00:00+05:30,2026-08-18T10:00:00+05:30
usr_ddcb196c,Marco Pillai,marco.pillai583@example.invalid,cty_7f673457,INR,ta,mid,cultural,couple,cold_start,2026-08-16,silver,active,2026-08-16T09:00:00+05:30,2026-08-18T10:00:00+05:30
usr_78bee927,Devi Costa,devi.costa584@example.invalid,cty_9327d518,INR,hi,shoestring,wellness,backpacker,cold_start,2026-07-05,,active,2026-07-05T09:00:00+05:30,2026-08-18T10:00:00+05:30
usr_25e8a118,Kavya Shetty,kavya.shetty585@example.invalid,cty_0b7f5985,CHF,de,shoestring,wellness,family,cold_start,2026-07-07,none,active,2026-07-07T09:00:00+05:30,2026-08-18T10:00:00+05:30
usr_cdd4697e,Marco Rossi,marco.rossi586@example.invalid,cty_79cbc59b,BTN,en-IN,luxury,comfort,backpacker,cold_start,2026-08-05,gold,active,2026-08-05T09:00:00+05:30,2026-08-18T10:00:00+05:30
usr_dc032205,Ananya Novak,ananya.novak587@example.invalid,cty_718f03c7,INR,te,premium,comfort,family,light,2022-10-27,silver,active,2022-10-27T09:00:00+05:30,2026-08-18T10:00:00+05:30
usr_712600f0,Manav Wong,manav.wong588@example.invalid,cty_d4f5e3a5,INR,en-IN,shoestring,adventure,backpacker,light,2025-07-12,silver,active,2025-07-12T09:00:00+05:30,2026-08-18T10:00:00+05:30
usr_d8ec0000,Neha Mehta,neha.mehta589@example.invalid,cty_f288c6a0,INR,en-IN,mid,wellness,backpacker,light,2024-11-30,,active,2024-11-30T09:00:00+05:30,2026-08-18T10:00:00+05:30
usr_05e40dfc,Manav Rao,manav.rao590@example.invalid,cty_718f03c7,INR,en-IN,value,wellness,solo,light,2026-04-17,,active,2026-04-17T09:00:00+05:30,2026-08-18T10:00:00+05:30
usr_d8cab59f,Gautam Pillai,gautam.pillai591@example.invalid,cty_36afaa5c,IDR,en-IN,premium,cultural,solo,light,2023-08-02,none,active,2023-08-02T09:00:00+05:30,2026-08-18T10:00:00+05:30
usr_3dbd078a,Diya Reddy,diya.reddy592@example.invalid,cty_ccb4fb74,INR,ne,premium,adventure,business,cold_start,2026-08-17,,active,2026-08-17T09:00:00+05:30,2026-08-18T10:00:00+05:30
usr_d9ad53d1,Kavya Ahmed,kavya.ahmed593@example.invalid,cty_c43cfa94,INR,en-IN,value,budget,friends,cold_start,2026-07-10,,active,2026-07-10T09:00:00+05:30,2026-08-18T10:00:00+05:30
usr_ba1a6fde,Meera Das,meera.das594@example.invalid,cty_076e8e86,INR,en-IN,premium,adventure,couple,cold_start,2026-07-17,none,active,2026-07-17T09:00:00+05:30,2026-08-18T10:00:00+05:30
usr_e93a9eef,Neha Gupta,neha.gupta595@example.invalid,cty_009c9fd2,LKR,si,premium,slow,family,heavy,2022-11-20,,active,2022-11-20T09:00:00+05:30,2026-08-18T10:00:00+05:30
usr_de5d9e34,Leila Costa,leila.costa596@example.invalid,cty_7b89639e,AED,ar,premium,budget,senior,light,2026-07-19,none,active,2026-07-19T09:00:00+05:30,2026-08-18T10:00:00+05:30
usr_d4aeb337,Karthik Bose,karthik.bose597@example.invalid,cty_d401ef6b,INR,ml,luxury,wellness,senior,cold_start,2026-07-14,silver,active,2026-07-14T09:00:00+05:30,2026-08-18T10:00:00+05:30
usr_410809ba,Sneha Verma,sneha.verma598@example.invalid,cty_36afaa5c,IDR,id,shoestring,comfort,friends,light,2023-08-29,,active,2023-08-29T09:00:00+05:30,2026-08-18T10:00:00+05:30
usr_abb36fee,Chen Gupta,chen.gupta599@example.invalid,cty_c07454f1,INR,hi,value,comfort,backpacker,light,2024-04-18,gold,active,2024-04-18T09:00:00+05:30,2026-08-18T10:00:00+05:30
usr_6be041f5,Ishaan Khan,ishaan.khan600@example.invalid,cty_a50bc5dd,LKR,en-IN,luxury,adventure,solo,heavy,2023-05-16,silver,active,2023-05-16T09:00:00+05:30,2026-08-18T10:00:00+05:30
usr_2c24e6e3,Fatima Mehta,fatima.mehta601@example.invalid,cty_cf1c6ac5,INR,en-IN,shoestring,adventure,senior,light,2024-10-17,none,active,2024-10-17T09:00:00+05:30,2026-08-18T10:00:00+05:30
usr_61dab539,Meera Das,meera.das602@example.invalid,cty_5d572c8a,INR,hi,mid,luxury,couple,light,2024-05-21,silver,active,2024-05-21T09:00:00+05:30,2026-08-18T10:00:00+05:30
usr_240785d4,Sofia Iyer,sofia.iyer603@example.invalid,cty_a97c33ad,INR,en-IN,premium,luxury,business,heavy,2024-11-04,gold,active,2024-11-04T09:00:00+05:30,2026-08-18T10:00:00+05:30
usr_2fcc58dc,Riya Verma,riya.verma604@example.invalid,cty_67ee7f6f,INR,en-IN,premium,wellness,backpacker,cold_start,2026-07-23,gold,active,2026-07-23T09:00:00+05:30,2026-08-18T10:00:00+05:30
usr_c7a5929f,Manav Singh,manav.singh605@example.invalid,cty_0b92e2e7,INR,hi,luxury,comfort,friends,cold_start,2026-07-27,,active,2026-07-27T09:00:00+05:30,2026-08-18T10:00:00+05:30
usr_fa3a9dd6,Manav Singh,manav.singh606@example.invalid,cty_8b6b1652,INR,en-IN,shoestring,cultural,senior,light,2024-04-20,none,active,2024-04-20T09:00:00+05:30,2026-08-18T10:00:00+05:30
usr_c00138d6,Vikram Gupta,vikram.gupta607@example.invalid,cty_9327d518,INR,en-IN,premium,budget,friends,light,2025-04-13,,active,2025-04-13T09:00:00+05:30,2026-08-18T10:00:00+05:30
usr_2a05253b,Omar Sharma,omar.sharma608@example.invalid,cty_6320eea9,QAR,en-IN,mid,wellness,backpacker,cold_start,2026-07-14,gold,active,2026-07-14T09:00:00+05:30,2026-08-18T10:00:00+05:30
usr_94e62241,Meera Pillai,meera.pillai609@example.invalid,cty_43d0a650,INR,en-IN,mid,adventure,business,light,2023-08-26,none,active,2023-08-26T09:00:00+05:30,2026-08-18T10:00:00+05:30
usr_25146419,Tanvi Wong,tanvi.wong610@example.invalid,cty_10cbee86,INR,en-IN,value,adventure,solo,cold_start,2026-07-15,silver,active,2026-07-15T09:00:00+05:30,2026-08-18T10:00:00+05:30
usr_d9b13621,Grace Menon,grace.menon611@example.invalid,cty_36afaa5c,IDR,en-IN,premium,wellness,family,cold_start,2026-08-17,,active,2026-08-17T09:00:00+05:30,2026-08-18T10:00:00+05:30
usr_edf2bbfa,Ritu Costa,ritu.costa612@example.invalid,cty_7be8559f,INR,en-IN,shoestring,luxury,business,light,2022-11-14,gold,active,2022-11-14T09:00:00+05:30,2026-08-18T10:00:00+05:30
usr_4e65d08a,Diya Wong,diya.wong613@example.invalid,cty_cfec17b6,INR,gu,shoestring,slow,business,light,2025-11-19,,active,2025-11-19T09:00:00+05:30,2026-08-18T10:00:00+05:30
usr_196ca537,Karthik Bose,karthik.bose614@example.invalid,cty_d4f5e3a5,INR,en-IN,luxury,comfort,couple,heavy,2025-06-25,gold,active,2025-06-25T09:00:00+05:30,2026-08-18T10:00:00+05:30
usr_dce3bc90,Ravi Gupta,ravi.gupta615@example.invalid,cty_ab50efee,INR,bn,shoestring,luxury,senior,light,2023-11-14,gold,active,2023-11-14T09:00:00+05:30,2026-08-18T10:00:00+05:30
usr_08b8f8e9,Bhavna Weber,bhavna.weber616@example.invalid,cty_36afaa5c,IDR,id,luxury,luxury,friends,cold_start,2026-07-28,,active,2026-07-28T09:00:00+05:30,2026-08-18T10:00:00+05:30
usr_865b890c,Meera Gupta,meera.gupta617@example.invalid,cty_36afaa5c,IDR,en-IN,luxury,budget,senior,cold_start,2026-07-29,,active,2026-07-29T09:00:00+05:30,2026-08-18T10:00:00+05:30
usr_b6d5d98c,Imran Ahmed,imran.ahmed618@example.invalid,cty_cf1c6ac5,INR,as,value,budget,couple,heavy,2026-02-24,none,active,2026-02-24T09:00:00+05:30,2026-08-18T10:00:00+05:30
usr_5385053d,Grace Reddy,grace.reddy619@example.invalid,cty_7be8559f,INR,or,shoestring,slow,solo,heavy,2025-05-05,none,active,2025-05-05T09:00:00+05:30,2026-08-18T10:00:00+05:30
usr_98212b28,Elena Patel,elena.patel620@example.invalid,cty_32e8e65c,INR,en-IN,value,budget,friends,light,2025-04-23,none,active,2025-04-23T09:00:00+05:30,2026-08-18T10:00:00+05:30
usr_9115fc7c,Ravi Iyer,ravi.iyer621@example.invalid,cty_009c9fd2,LKR,si,shoestring,adventure,senior,cold_start,2026-08-06,,active,2026-08-06T09:00:00+05:30,2026-08-18T10:00:00+05:30
usr_51247360,Thomas Shetty,thomas.shetty622@example.invalid,cty_5d572c8a,INR,hi,shoestring,cultural,solo,cold_start,2026-07-20,none,active,2026-07-20T09:00:00+05:30,2026-08-18T10:00:00+05:30
usr_90a46b92,Marco Das,marco.das623@example.invalid,cty_3503e391,INR,en-IN,premium,budget,backpacker,cold_start,2026-08-04,silver,active,2026-08-04T09:00:00+05:30,2026-08-18T10:00:00+05:30
usr_ac8d7a49,Manav Singh,manav.singh624@example.invalid,cty_cf1c6ac5,INR,en-IN,luxury,budget,backpacker,cold_start,2026-07-06,none,active,2026-07-06T09:00:00+05:30,2026-08-18T10:00:00+05:30
usr_80a41666,Vikram Fernandes,vikram.fernandes625@example.invalid,cty_cf1c6ac5,INR,en-IN,shoestring,adventure,backpacker,cold_start,2026-07-25,,active,2026-07-25T09:00:00+05:30,2026-08-18T10:00:00+05:30
usr_24e54a31,Tanvi Nair,tanvi.nair626@example.invalid,cty_32e8e65c,INR,en-IN,shoestring,adventure,senior,light,2025-07-29,gold,active,2025-07-29T09:00:00+05:30,2026-08-18T10:00:00+05:30
usr_9db3efff,Bhavna Bhat,bhavna.bhat627@example.invalid,cty_34bbfdfe,INR,en-IN,mid,wellness,backpacker,light,2024-05-26,silver,active,2024-05-26T09:00:00+05:30,2026-08-18T10:00:00+05:30
usr_4dee7364,Thomas Verma,thomas.verma628@example.invalid,cty_f288c6a0,INR,ta,premium,luxury,friends,cold_start,2026-07-23,gold,active,2026-07-23T09:00:00+05:30,2026-08-18T10:00:00+05:30
usr_ada33731,Marco Rossi,marco.rossi629@example.invalid,cty_17b8ef2f,INR,kn,value,comfort,friends,light,2025-06-19,,active,2025-06-19T09:00:00+05:30,2026-08-18T10:00:00+05:30
usr_6a108f4e,Meera Fernandes,meera.fernandes630@example.invalid,cty_7fc82336,INR,ta,mid,slow,family,light,2024-07-17,,active,2024-07-17T09:00:00+05:30,2026-08-18T10:00:00+05:30
usr_a2b35cea,Rohan Fernandes,rohan.fernandes631@example.invalid,cty_009c9fd2,LKR,si,mid,wellness,senior,cold_start,2026-08-04,,active,2026-08-04T09:00:00+05:30,2026-08-18T10:00:00+05:30
usr_e459a18c,Thomas Patel,thomas.patel632@example.invalid,cty_43d0a650,INR,en-IN,luxury,wellness,senior,light,2023-04-06,silver,active,2023-04-06T09:00:00+05:30,2026-08-18T10:00:00+05:30
usr_942658c9,Elena Das,elena.das633@example.invalid,cty_9327d518,INR,hi,shoestring,luxury,senior,heavy,2023-03-18,silver,active,2023-03-18T09:00:00+05:30,2026-08-18T10:00:00+05:30
usr_f7512c22,Sneha Khan,sneha.khan634@example.invalid,cty_718f03c7,INR,en-IN,premium,comfort,couple,heavy,2025-04-25,none,active,2025-04-25T09:00:00+05:30,2026-08-18T10:00:00+05:30
usr_0382185a,Joseph Gupta,joseph.gupta635@example.invalid,cty_95e7c8ca,INR,mr,value,slow,couple,cold_start,2026-07-27,,active,2026-07-27T09:00:00+05:30,2026-08-18T10:00:00+05:30
usr_b86dd891,Vikram Khan,vikram.khan636@example.invalid,cty_076e8e86,INR,hi,premium,slow,senior,heavy,2023-05-07,,active,2023-05-07T09:00:00+05:30,2026-08-18T10:00:00+05:30
usr_4b3af420,Arjun Shetty,arjun.shetty637@example.invalid,cty_6320eea9,QAR,en-IN,luxury,budget,solo,heavy,2026-01-29,silver,active,2026-01-29T09:00:00+05:30,2026-08-18T10:00:00+05:30
usr_ddfd9a4a,Ishaan Verma,ishaan.verma638@example.invalid,cty_b43cdd57,INR,en-IN,premium,comfort,business,light,2024-07-26,none,active,2024-07-26T09:00:00+05:30,2026-08-18T10:00:00+05:30
usr_32ad88b8,Manav Iyer,manav.iyer639@example.invalid,cty_0d062a51,INR,pa,premium,luxury,friends,heavy,2025-04-09,,active,2025-04-09T09:00:00+05:30,2026-08-18T10:00:00+05:30
usr_538f6e20,Ritu Verma,ritu.verma640@example.invalid,cty_cf1c6ac5,INR,as,premium,comfort,couple,cold_start,2026-08-11,gold,active,2026-08-11T09:00:00+05:30,2026-08-18T10:00:00+05:30
usr_a7185e16,Devi Pillai,devi.pillai641@example.invalid,cty_d35a9652,INR,hi,value,budget,business,cold_start,2026-08-08,silver,active,2026-08-08T09:00:00+05:30,2026-08-18T10:00:00+05:30
usr_8cace6bd,Rahul Sharma,rahul.sharma642@example.invalid,cty_f8b75f8e,INR,ta,luxury,budget,solo,heavy,2025-07-05,,active,2025-07-05T09:00:00+05:30,2026-08-18T10:00:00+05:30
usr_693c20b9,Anita Pillai,anita.pillai643@example.invalid,cty_3503e391,INR,ta,luxury,cultural,couple,light,2025-08-16,,active,2025-08-16T09:00:00+05:30,2026-08-18T10:00:00+05:30
usr_d3b4799e,Sneha Bhat,sneha.bhat644@example.invalid,cty_a97c33ad,INR,en-IN,shoestring,comfort,friends,heavy,2025-04-02,silver,active,2025-04-02T09:00:00+05:30,2026-08-18T10:00:00+05:30
usr_4a6f1818,Kabir Verma,kabir.verma645@example.invalid,cty_ccb4fb74,INR,ne,luxury,cultural,friends,cold_start,2026-07-20,silver,active,2026-07-20T09:00:00+05:30,2026-08-18T10:00:00+05:30
usr_abfc225a,Zoya Wong,zoya.wong646@example.invalid,cty_17b8ef2f,INR,en-IN,premium,budget,senior,cold_start,2026-08-08,gold,active,2026-08-08T09:00:00+05:30,2026-08-18T10:00:00+05:30
usr_1f3d6d92,Ishaan Sharma,ishaan.sharma647@example.invalid,cty_aa759717,INR,en-IN,value,luxury,family,light,2023-09-30,,active,2023-09-30T09:00:00+05:30,2026-08-18T10:00:00+05:30
usr_3d55eeba,Pooja Ahmed,pooja.ahmed648@example.invalid,cty_9aa02925,MVR,ar,value,cultural,family,heavy,2026-02-24,,active,2026-02-24T09:00:00+05:30,2026-08-18T10:00:00+05:30
usr_5cf79b04,Devi Gupta,devi.gupta649@example.invalid,cty_3503e391,INR,ta,shoestring,adventure,backpacker,cold_start,2026-08-06,none,active,2026-08-06T09:00:00+05:30,2026-08-18T10:00:00+05:30
usr_437596b5,Omar Menon,omar.menon650@example.invalid,cty_5698a7ab,INR,en-IN,mid,budget,senior,cold_start,2026-08-02,,active,2026-08-02T09:00:00+05:30,2026-08-18T10:00:00+05:30
usr_b204c453,Arun Gupta,arun.gupta651@example.invalid,cty_f8b75f8e,INR,ta,value,slow,family,cold_start,2026-08-05,gold,active,2026-08-05T09:00:00+05:30,2026-08-18T10:00:00+05:30
usr_a4ca5f2e,Priya Wong,priya.wong652@example.invalid,cty_8b6b1652,INR,en-IN,mid,cultural,couple,cold_start,2026-07-18,,inactive,2026-07-18T09:00:00+05:30,2026-08-18T10:00:00+05:30
usr_22a9ab26,Joseph Sharma,joseph.sharma653@example.invalid,cty_95d040d8,NPR,en-IN,shoestring,cultural,family,cold_start,2026-08-16,silver,active,2026-08-16T09:00:00+05:30,2026-08-18T10:00:00+05:30
usr_7cfa76f9,Zoya Nair,zoya.nair654@example.invalid,cty_7cb0b529,INR,te,mid,adventure,business,cold_start,2026-07-16,,inactive,2026-07-16T09:00:00+05:30,2026-08-18T10:00:00+05:30
usr_ddfa0cd0,Karthik Verma,karthik.verma655@example.invalid,cty_a50bc5dd,LKR,en-IN,premium,budget,friends,light,2024-05-06,,active,2024-05-06T09:00:00+05:30,2026-08-18T10:00:00+05:30
usr_5c93d2d8,Grace Novak,grace.novak656@example.invalid,cty_7f673457,INR,en-IN,shoestring,comfort,backpacker,heavy,2022-11-29,,active,2022-11-29T09:00:00+05:30,2026-08-18T10:00:00+05:30
usr_174a4346,Grace Shetty,grace.shetty657@example.invalid,cty_95e7c8ca,INR,mr,value,wellness,senior,cold_start,2026-07-07,,active,2026-07-07T09:00:00+05:30,2026-08-18T10:00:00+05:30
usr_fc909bdc,Arun Sharma,arun.sharma658@example.invalid,cty_36afaa5c,IDR,id,value,slow,backpacker,heavy,2026-06-18,silver,active,2026-06-18T09:00:00+05:30,2026-08-18T10:00:00+05:30
usr_1501196b,Joseph Rao,joseph.rao659@example.invalid,cty_79cbc59b,BTN,en-IN,luxury,budget,friends,cold_start,2026-08-14,silver,active,2026-08-14T09:00:00+05:30,2026-08-18T10:00:00+05:30
usr_c41a26c3,Siddharth Silva,siddharth.silva660@example.invalid,cty_718f03c7,INR,en-IN,premium,luxury,business,light,2024-06-29,,active,2024-06-29T09:00:00+05:30,2026-08-18T10:00:00+05:30
usr_1cec1f14,Arjun Nair,arjun.nair661@example.invalid,cty_621f4a84,INR,en-IN,shoestring,comfort,friends,cold_start,2026-07-15,none,active,2026-07-15T09:00:00+05:30,2026-08-18T10:00:00+05:30
usr_ef82139e,Farhan Singh,farhan.singh662@example.invalid,cty_17b8ef2f,INR,kn,mid,wellness,backpacker,heavy,2024-12-25,,active,2024-12-25T09:00:00+05:30,2026-08-18T10:00:00+05:30
usr_c60b1837,Gautam Chatterjee,gautam.chatterjee663@example.invalid,cty_3503e391,INR,ta,value,luxury,senior,heavy,2024-03-31,silver,active,2024-03-31T09:00:00+05:30,2026-08-18T10:00:00+05:30
usr_053e7434,Yuki Sharma,yuki.sharma664@example.invalid,cty_f8b75f8e,INR,ta,luxury,comfort,couple,cold_start,2026-08-10,silver,active,2026-08-10T09:00:00+05:30,2026-08-18T10:00:00+05:30
usr_1b4fe68e,Arjun Das,arjun.das665@example.invalid,cty_a50bc5dd,LKR,en-IN,premium,comfort,solo,cold_start,2026-07-21,none,inactive,2026-07-21T09:00:00+05:30,2026-08-18T10:00:00+05:30
usr_541840e2,Ravi Mehta,ravi.mehta666@example.invalid,cty_67ee7f6f,INR,ml,mid,budget,backpacker,light,2023-07-08,gold,active,2023-07-08T09:00:00+05:30,2026-08-18T10:00:00+05:30
usr_4348c378,Aarav Wong,aarav.wong667@example.invalid,cty_cfec17b6,INR,en-IN,mid,cultural,solo,light,2023-01-03,silver,active,2023-01-03T09:00:00+05:30,2026-08-18T10:00:00+05:30
usr_0e9166f0,Sneha Weber,sneha.weber668@example.invalid,cty_cf1c6ac5,INR,en-IN,premium,wellness,friends,light,2024-03-22,gold,active,2024-03-22T09:00:00+05:30,2026-08-18T10:00:00+05:30
usr_842437da,Grace Menon,grace.menon669@example.invalid,cty_6320eea9,QAR,ar,premium,wellness,solo,light,2023-04-13,silver,active,2023-04-13T09:00:00+05:30,2026-08-18T10:00:00+05:30
usr_182a86dd,Chen Tanaka,chen.tanaka670@example.invalid,cty_95d040d8,NPR,ne,value,budget,senior,cold_start,2026-07-25,silver,active,2026-07-25T09:00:00+05:30,2026-08-18T10:00:00+05:30
usr_ef2f6a43,Yuki Fernandes,yuki.fernandes671@example.invalid,cty_718f03c7,INR,en-IN,luxury,comfort,backpacker,light,2024-02-22,none,active,2024-02-22T09:00:00+05:30,2026-08-18T10:00:00+05:30
usr_def3b524,Anita Gupta,anita.gupta672@example.invalid,cty_076e8e86,INR,hi,luxury,slow,backpacker,light,2024-08-22,silver,active,2024-08-22T09:00:00+05:30,2026-08-18T10:00:00+05:30
usr_1dc66e29,Aarav Gupta,aarav.gupta673@example.invalid,cty_f29656ff,INR,en-IN,premium,adventure,friends,light,2023-02-25,silver,active,2023-02-25T09:00:00+05:30,2026-08-18T10:00:00+05:30
usr_e3b9431c,Ravi Nair,ravi.nair674@example.invalid,cty_d35a9652,INR,en-IN,shoestring,comfort,family,light,2023-06-23,silver,active,2023-06-23T09:00:00+05:30,2026-08-18T10:00:00+05:30
usr_e9f2321e,Joseph Iyer,joseph.iyer675@example.invalid,cty_67ee7f6f,INR,ml,luxury,adventure,family,cold_start,2026-07-31,silver,active,2026-07-31T09:00:00+05:30,2026-08-18T10:00:00+05:30
usr_72dfb712,Ravi Singh,ravi.singh676@example.invalid,cty_0b92e2e7,INR,hi,value,slow,backpacker,light,2025-03-21,,active,2025-03-21T09:00:00+05:30,2026-08-18T10:00:00+05:30
usr_bb1c9753,Rohan Gupta,rohan.gupta677@example.invalid,cty_95d040d8,NPR,ne,mid,luxury,backpacker,light,2026-07-16,none,active,2026-07-16T09:00:00+05:30,2026-08-18T10:00:00+05:30
usr_956481cd,Shreya Sharma,shreya.sharma678@example.invalid,cty_ccb4fb74,INR,en-IN,mid,wellness,backpacker,cold_start,2026-07-27,silver,active,2026-07-27T09:00:00+05:30,2026-08-18T10:00:00+05:30
usr_3bdc4244,Marco Rossi,marco.rossi679@example.invalid,cty_541018a9,INR,ml,premium,wellness,family,cold_start,2026-07-20,,active,2026-07-20T09:00:00+05:30,2026-08-18T10:00:00+05:30
usr_b2adbbfa,Arjun Das,arjun.das680@example.invalid,cty_cfec17b6,INR,gu,luxury,budget,solo,cold_start,2026-07-30,none,active,2026-07-30T09:00:00+05:30,2026-08-18T10:00:00+05:30
usr_d312cbff,Aditya Reddy,aditya.reddy681@example.invalid,cty_36afaa5c,IDR,en-IN,mid,budget,solo,heavy,2025-04-30,,active,2025-04-30T09:00:00+05:30,2026-08-18T10:00:00+05:30
usr_d59d0fa9,Marco Rossi,marco.rossi682@example.invalid,cty_c0f2d9de,NPR,en-IN,mid,cultural,solo,light,2024-05-23,silver,active,2024-05-23T09:00:00+05:30,2026-08-18T10:00:00+05:30
usr_b99779aa,Farhan Costa,farhan.costa683@example.invalid,cty_17b8ef2f,INR,kn,value,luxury,friends,cold_start,2026-08-07,silver,active,2026-08-07T09:00:00+05:30,2026-08-18T10:00:00+05:30
usr_ea9bcc0d,Sanjay Patel,sanjay.patel684@example.invalid,cty_828a7777,INR,ur,luxury,slow,friends,cold_start,2026-07-21,,active,2026-07-21T09:00:00+05:30,2026-08-18T10:00:00+05:30
usr_6043ede2,Marco Shetty,marco.shetty685@example.invalid,cty_c0f2d9de,NPR,ne,luxury,budget,business,light,2024-12-08,none,active,2024-12-08T09:00:00+05:30,2026-08-18T10:00:00+05:30
usr_108e6f0f,Meera Weber,meera.weber686@example.invalid,cty_7fc82336,INR,en-IN,shoestring,slow,senior,light,2024-06-26,,active,2024-06-26T09:00:00+05:30,2026-08-18T10:00:00+05:30
usr_54e4f5fd,Daniel Iyer,daniel.iyer687@example.invalid,cty_aa759717,INR,en-IN,value,slow,backpacker,cold_start,2026-08-08,none,active,2026-08-08T09:00:00+05:30,2026-08-18T10:00:00+05:30
usr_e076a69d,Arun Tanaka,arun.tanaka688@example.invalid,cty_c43cfa94,INR,en-IN,premium,wellness,senior,light,2025-08-04,silver,active,2025-08-04T09:00:00+05:30,2026-08-18T10:00:00+05:30
usr_e10845c8,Aditya Costa,aditya.costa689@example.invalid,cty_f29656ff,INR,mr,luxury,wellness,senior,light,2024-04-25,gold,active,2024-04-25T09:00:00+05:30,2026-08-18T10:00:00+05:30
usr_9de6bd6d,Ishaan Mehta,ishaan.mehta690@example.invalid,cty_d401ef6b,INR,en-IN,premium,adventure,backpacker,cold_start,2026-07-19,none,active,2026-07-19T09:00:00+05:30,2026-08-18T10:00:00+05:30
usr_6ae6b723,Nikhil Bhat,nikhil.bhat691@example.invalid,cty_f8b75f8e,INR,ta,mid,budget,family,cold_start,2026-08-01,none,active,2026-08-01T09:00:00+05:30,2026-08-18T10:00:00+05:30
usr_e8f563b9,Neha Verma,neha.verma692@example.invalid,cty_0d9ab6ff,INR,hi,premium,comfort,solo,cold_start,2026-07-12,,active,2026-07-12T09:00:00+05:30,2026-08-18T10:00:00+05:30
usr_60cacdee,Ritu Ahmed,ritu.ahmed693@example.invalid,cty_10cbee86,INR,hi,shoestring,luxury,friends,light,2023-05-24,silver,active,2023-05-24T09:00:00+05:30,2026-08-18T10:00:00+05:30
usr_0e3a6945,Marco Ahmed,marco.ahmed694@example.invalid,cty_c07454f1,INR,hi,value,adventure,solo,heavy,2023-02-08,,active,2023-02-08T09:00:00+05:30,2026-08-18T10:00:00+05:30
usr_20b69637,Rahul Menon,rahul.menon695@example.invalid,cty_076e8e86,INR,hi,premium,luxury,family,cold_start,2026-07-24,gold,active,2026-07-24T09:00:00+05:30,2026-08-18T10:00:00+05:30
usr_2b7e8931,Ravi Weber,ravi.weber696@example.invalid,cty_10cbee86,INR,en-IN,shoestring,cultural,friends,cold_start,2026-07-18,,active,2026-07-18T09:00:00+05:30,2026-08-18T10:00:00+05:30
usr_17b45921,Ishaan Sharma,ishaan.sharma697@example.invalid,cty_0b7f5985,CHF,en-IN,value,budget,solo,cold_start,2026-08-08,gold,active,2026-08-08T09:00:00+05:30,2026-08-18T10:00:00+05:30
usr_21700d8e,Leila Rao,leila.rao698@example.invalid,cty_b6ccbb3b,INR,en-IN,mid,cultural,solo,cold_start,2026-07-20,silver,active,2026-07-20T09:00:00+05:30,2026-08-18T10:00:00+05:30
usr_68a73e1b,Shreya Kulkarni,shreya.kulkarni699@example.invalid,cty_7b89639e,AED,ar,value,cultural,friends,cold_start,2026-08-01,none,active,2026-08-01T09:00:00+05:30,2026-08-18T10:00:00+05:30
usr_4d0aac69,Chen Rao,chen.rao700@example.invalid,cty_a5f16904,THB,th,premium,comfort,solo,light,2023-11-28,,active,2023-11-28T09:00:00+05:30,2026-08-18T10:00:00+05:30
usr_2a348485,Rahul Mehta,rahul.mehta701@example.invalid,cty_9aa02925,MVR,en-IN,premium,cultural,friends,cold_start,2026-08-15,,active,2026-08-15T09:00:00+05:30,2026-08-18T10:00:00+05:30
usr_e89cc9b1,Arun Reddy,arun.reddy702@example.invalid,cty_c07454f1,INR,en-IN,mid,slow,friends,light,2025-02-26,,active,2025-02-26T09:00:00+05:30,2026-08-18T10:00:00+05:30
usr_42a441dc,Arun Nair,arun.nair703@example.invalid,cty_5d572c8a,INR,en-IN,premium,adventure,friends,light,2023-08-07,gold,active,2023-08-07T09:00:00+05:30,2026-08-18T10:00:00+05:30
usr_c0dbf056,Daniel Tanaka,daniel.tanaka704@example.invalid,cty_c0f2d9de,NPR,en-IN,mid,wellness,business,light,2023-05-13,,active,2023-05-13T09:00:00+05:30,2026-08-18T10:00:00+05:30
usr_d23b92e9,Aditya Rao,aditya.rao705@example.invalid,cty_3503e391,INR,en-IN,shoestring,adventure,business,light,2025-12-04,none,active,2025-12-04T09:00:00+05:30,2026-08-18T10:00:00+05:30
usr_13fe8c0b,Aisha Kim,aisha.kim706@example.invalid,cty_d35a9652,INR,hi,luxury,luxury,business,cold_start,2026-07-05,none,active,2026-07-05T09:00:00+05:30,2026-08-18T10:00:00+05:30
usr_0cae1422,Kabir Khan,kabir.khan707@example.invalid,cty_32e8e65c,INR,hi,luxury,budget,business,cold_start,2026-08-06,,active,2026-08-06T09:00:00+05:30,2026-08-18T10:00:00+05:30
usr_54e0dc44,Meera Singh,meera.singh708@example.invalid,cty_905fd8a1,SGD,en-IN,premium,slow,senior,cold_start,2026-07-31,,active,2026-07-31T09:00:00+05:30,2026-08-18T10:00:00+05:30
usr_18984e30,Arjun Rossi,arjun.rossi709@example.invalid,cty_905fd8a1,SGD,en-IN,shoestring,cultural,business,cold_start,2026-08-16,,active,2026-08-16T09:00:00+05:30,2026-08-18T10:00:00+05:30
usr_f52d271a,Riya Shetty,riya.shetty710@example.invalid,cty_5698a7ab,INR,hi,premium,wellness,couple,cold_start,2026-07-06,,active,2026-07-06T09:00:00+05:30,2026-08-18T10:00:00+05:30
usr_f800c5ff,Bhavna Wong,bhavna.wong711@example.invalid,cty_cf1c6ac5,INR,as,premium,luxury,couple,cold_start,2026-07-27,,active,2026-07-27T09:00:00+05:30,2026-08-18T10:00:00+05:30
usr_8659fe93,Manav Weber,manav.weber712@example.invalid,cty_5d572c8a,INR,en-IN,premium,adventure,business,light,2024-12-26,gold,active,2024-12-26T09:00:00+05:30,2026-08-18T10:00:00+05:30
usr_f271c461,Aarav Menon,aarav.menon713@example.invalid,cty_36afaa5c,IDR,id,luxury,luxury,business,light,2023-09-13,gold,active,2023-09-13T09:00:00+05:30,2026-08-18T10:00:00+05:30
usr_a386ca28,Aisha Weber,aisha.weber714@example.invalid,cty_ab50efee,INR,en-IN,mid,wellness,family,light,2025-05-05,gold,active,2025-05-05T09:00:00+05:30,2026-08-18T10:00:00+05:30
usr_14c698db,Vikram Tanaka,vikram.tanaka715@example.invalid,cty_6320eea9,QAR,ar,shoestring,slow,family,light,2024-01-16,none,active,2024-01-16T09:00:00+05:30,2026-08-18T10:00:00+05:30
usr_c6f0707f,Daniel Bose,daniel.bose716@example.invalid,cty_d35a9652,INR,en-IN,premium,luxury,senior,cold_start,2026-08-01,,active,2026-08-01T09:00:00+05:30,2026-08-18T10:00:00+05:30
usr_7150c7a9,Priya Sharma,priya.sharma717@example.invalid,cty_1ced6ede,AED,ar,premium,wellness,backpacker,heavy,2025-12-26,,active,2025-12-26T09:00:00+05:30,2026-08-18T10:00:00+05:30
usr_b376fa1f,Omar Tanaka,omar.tanaka718@example.invalid,cty_541018a9,INR,ml,value,wellness,solo,cold_start,2026-07-22,none,active,2026-07-22T09:00:00+05:30,2026-08-18T10:00:00+05:30
usr_d20b2a69,Karthik Shetty,karthik.shetty719@example.invalid,cty_905fd8a1,SGD,en-IN,value,wellness,couple,light,2025-05-20,,active,2025-05-20T09:00:00+05:30,2026-08-18T10:00:00+05:30
usr_adfa8422,Leila Bose,leila.bose720@example.invalid,cty_5d572c8a,INR,en-IN,luxury,luxury,solo,cold_start,2026-07-17,,active,2026-07-17T09:00:00+05:30,2026-08-18T10:00:00+05:30
usr_4fd0245e,Yuki Singh,yuki.singh721@example.invalid,cty_590d4b7b,INR,en-IN,luxury,cultural,family,cold_start,2026-08-08,silver,active,2026-08-08T09:00:00+05:30,2026-08-18T10:00:00+05:30
usr_a531d952,Arun Tanaka,arun.tanaka722@example.invalid,cty_32e8e65c,INR,en-IN,shoestring,cultural,business,heavy,2024-07-14,,active,2024-07-14T09:00:00+05:30,2026-08-18T10:00:00+05:30
usr_fa851b11,Chen Singh,chen.singh723@example.invalid,cty_51a149b7,JPY,ja,value,budget,backpacker,light,2022-12-07,,active,2022-12-07T09:00:00+05:30,2026-08-18T10:00:00+05:30
usr_96740172,Siddharth Mehta,siddharth.mehta724@example.invalid,cty_828a7777,INR,en-IN,value,wellness,backpacker,heavy,2024-11-10,silver,active,2024-11-10T09:00:00+05:30,2026-08-18T10:00:00+05:30
usr_1a6892bf,Sneha Tanaka,sneha.tanaka725@example.invalid,cty_541018a9,INR,en-IN,shoestring,adventure,friends,heavy,2022-11-04,,inactive,2022-11-04T09:00:00+05:30,2026-08-18T10:00:00+05:30
usr_c4582f0f,Manav Novak,manav.novak726@example.invalid,cty_b43cdd57,INR,hi,value,cultural,friends,light,2024-02-26,none,active,2024-02-26T09:00:00+05:30,2026-08-18T10:00:00+05:30
usr_a2df7150,Leila Costa,leila.costa727@example.invalid,cty_0b92e2e7,INR,hi,mid,luxury,couple,light,2023-11-09,silver,active,2023-11-09T09:00:00+05:30,2026-08-18T10:00:00+05:30
usr_e1d938d9,Priya Gupta,priya.gupta728@example.invalid,cty_7cb0b529,INR,en-IN,premium,luxury,solo,cold_start,2026-08-16,,active,2026-08-16T09:00:00+05:30,2026-08-18T10:00:00+05:30
usr_7157baa6,Marco Rao,marco.rao729@example.invalid,cty_3503e391,INR,en-IN,value,comfort,friends,cold_start,2026-08-04,gold,active,2026-08-04T09:00:00+05:30,2026-08-18T10:00:00+05:30
usr_d17a8cab,Joseph Fernandes,joseph.fernandes730@example.invalid,cty_36afaa5c,IDR,en-IN,mid,budget,solo,heavy,2024-09-08,none,active,2024-09-08T09:00:00+05:30,2026-08-18T10:00:00+05:30
usr_fdf8c9bc,Daniel Iyer,daniel.iyer731@example.invalid,cty_076e8e86,INR,hi,mid,comfort,friends,cold_start,2026-07-31,gold,active,2026-07-31T09:00:00+05:30,2026-08-18T10:00:00+05:30
usr_373b76a9,Fatima Bhat,fatima.bhat732@example.invalid,cty_1ced6ede,AED,en-IN,shoestring,luxury,solo,light,2024-02-23,none,active,2024-02-23T09:00:00+05:30,2026-08-18T10:00:00+05:30
usr_0a8655e4,Ishaan Ahmed,ishaan.ahmed733@example.invalid,cty_17b8ef2f,INR,en-IN,luxury,slow,senior,cold_start,2026-07-12,,active,2026-07-12T09:00:00+05:30,2026-08-18T10:00:00+05:30
usr_939436d9,Yuki Sharma,yuki.sharma734@example.invalid,cty_b6ccbb3b,INR,en-IN,luxury,budget,solo,cold_start,2026-07-14,none,active,2026-07-14T09:00:00+05:30,2026-08-18T10:00:00+05:30
usr_101792ef,Arjun Das,arjun.das735@example.invalid,cty_7be8559f,INR,en-IN,shoestring,slow,friends,cold_start,2026-07-08,silver,active,2026-07-08T09:00:00+05:30,2026-08-18T10:00:00+05:30
usr_0d27fb06,Sneha Nair,sneha.nair736@example.invalid,cty_51a149b7,JPY,ja,premium,luxury,business,heavy,2026-03-14,,active,2026-03-14T09:00:00+05:30,2026-08-18T10:00:00+05:30
usr_dc50dac3,Maya Rao,maya.rao737@example.invalid,cty_7b89639e,AED,en-IN,premium,slow,family,cold_start,2026-07-06,none,active,2026-07-06T09:00:00+05:30,2026-08-18T10:00:00+05:30
usr_5e79c66a,Zoya Khan,zoya.khan738@example.invalid,cty_f8b75f8e,INR,ta,value,adventure,senior,heavy,2022-12-01,none,active,2022-12-01T09:00:00+05:30,2026-08-18T10:00:00+05:30
usr_e8417e7f,Aarav Shetty,aarav.shetty739@example.invalid,cty_076e8e86,INR,en-IN,shoestring,luxury,business,cold_start,2026-07-23,gold,active,2026-07-23T09:00:00+05:30,2026-08-18T10:00:00+05:30
usr_e1fb52ea,Lakshmi Das,lakshmi.das740@example.invalid,cty_541018a9,INR,ml,premium,cultural,solo,cold_start,2026-07-31,,active,2026-07-31T09:00:00+05:30,2026-08-18T10:00:00+05:30
usr_6eabc4ca,Kabir Costa,kabir.costa741@example.invalid,cty_67ee7f6f,INR,en-IN,premium,wellness,friends,cold_start,2026-07-09,none,active,2026-07-09T09:00:00+05:30,2026-08-18T10:00:00+05:30
usr_abeaa148,Devi Singh,devi.singh742@example.invalid,cty_905fd8a1,SGD,en-IN,shoestring,slow,couple,light,2023-10-22,,active,2023-10-22T09:00:00+05:30,2026-08-18T10:00:00+05:30
usr_d981bf20,Ananya Patel,ananya.patel743@example.invalid,cty_6320eea9,QAR,en-IN,premium,cultural,family,light,2023-10-13,silver,active,2023-10-13T09:00:00+05:30,2026-08-18T10:00:00+05:30
usr_acaaf191,Shreya Mehta,shreya.mehta744@example.invalid,cty_8b6b1652,INR,ml,luxury,budget,business,light,2024-04-16,none,active,2024-04-16T09:00:00+05:30,2026-08-18T10:00:00+05:30
usr_f23dc3eb,Zoya Patel,zoya.patel745@example.invalid,cty_c43cfa94,INR,en-IN,premium,budget,solo,cold_start,2026-08-15,none,active,2026-08-15T09:00:00+05:30,2026-08-18T10:00:00+05:30
usr_9a512200,Arjun Patel,arjun.patel746@example.invalid,cty_621f4a84,INR,en-IN,mid,cultural,backpacker,cold_start,2026-08-14,silver,active,2026-08-14T09:00:00+05:30,2026-08-18T10:00:00+05:30
usr_ad6891c1,Karthik Joshi,karthik.joshi747@example.invalid,cty_5698a7ab,INR,en-IN,premium,adventure,backpacker,cold_start,2026-07-08,,active,2026-07-08T09:00:00+05:30,2026-08-18T10:00:00+05:30
usr_6c3fae7b,Anita Bhat,anita.bhat748@example.invalid,cty_f288c6a0,INR,ta,mid,comfort,family,heavy,2024-10-16,silver,active,2024-10-16T09:00:00+05:30,2026-08-18T10:00:00+05:30
usr_7af770b2,Karthik Silva,karthik.silva749@example.invalid,cty_541018a9,INR,ml,shoestring,slow,senior,heavy,2024-10-14,,active,2024-10-14T09:00:00+05:30,2026-08-18T10:00:00+05:30
usr_fc544c58,Maya Bose,maya.bose750@example.invalid,cty_718f03c7,INR,te,premium,adventure,backpacker,cold_start,2026-07-09,none,active,2026-07-09T09:00:00+05:30,2026-08-18T10:00:00+05:30
usr_c9451968,Maya Das,maya.das751@example.invalid,cty_7b89639e,AED,ar,luxury,cultural,backpacker,cold_start,2026-08-11,,active,2026-08-11T09:00:00+05:30,2026-08-18T10:00:00+05:30
usr_ca0410cb,Maya Kulkarni,maya.kulkarni752@example.invalid,cty_5698a7ab,INR,en-IN,value,comfort,family,cold_start,2026-07-07,silver,active,2026-07-07T09:00:00+05:30,2026-08-18T10:00:00+05:30
usr_1f3d0c32,Ishaan Iyer,ishaan.iyer753@example.invalid,cty_cfec17b6,INR,gu,mid,wellness,solo,cold_start,2026-08-05,none,active,2026-08-05T09:00:00+05:30,2026-08-18T10:00:00+05:30
usr_aa669f67,Priya Weber,priya.weber754@example.invalid,cty_7b89639e,AED,en-IN,mid,luxury,family,cold_start,2026-08-10,gold,active,2026-08-10T09:00:00+05:30,2026-08-18T10:00:00+05:30
usr_b5327682,Ravi Gupta,ravi.gupta755@example.invalid,cty_ab50efee,INR,en-IN,value,adventure,senior,cold_start,2026-08-10,,active,2026-08-10T09:00:00+05:30,2026-08-18T10:00:00+05:30
usr_63531f2d,Manav Rao,manav.rao756@example.invalid,cty_7f673457,INR,en-IN,value,budget,business,cold_start,2026-07-19,none,active,2026-07-19T09:00:00+05:30,2026-08-18T10:00:00+05:30
usr_8aafd512,Aisha Fernandes,aisha.fernandes757@example.invalid,cty_95e7c8ca,INR,mr,mid,budget,couple,light,2023-08-28,,active,2023-08-28T09:00:00+05:30,2026-08-18T10:00:00+05:30
usr_209a82fa,Neha Novak,neha.novak758@example.invalid,cty_7fc82336,INR,ta,value,slow,couple,light,2023-08-17,,active,2023-08-17T09:00:00+05:30,2026-08-18T10:00:00+05:30
usr_02b8ddf9,Vikram Iyer,vikram.iyer759@example.invalid,cty_d401ef6b,INR,en-IN,luxury,budget,friends,cold_start,2026-07-10,none,active,2026-07-10T09:00:00+05:30,2026-08-18T10:00:00+05:30
usr_b2c6fdd5,Manav Verma,manav.verma760@example.invalid,cty_0b7f5985,CHF,en-IN,luxury,slow,family,light,2022-11-06,,active,2022-11-06T09:00:00+05:30,2026-08-18T10:00:00+05:30
usr_e3e5ef8a,Lakshmi Pillai,lakshmi.pillai761@example.invalid,cty_43d0a650,INR,en-IN,mid,cultural,friends,light,2026-05-09,silver,active,2026-05-09T09:00:00+05:30,2026-08-18T10:00:00+05:30
usr_87ae707a,Arun Iyer,arun.iyer762@example.invalid,cty_c07454f1,INR,en-IN,luxury,comfort,couple,light,2023-11-24,none,active,2023-11-24T09:00:00+05:30,2026-08-18T10:00:00+05:30
usr_93fab2ef,Arun Rossi,arun.rossi763@example.invalid,cty_621f4a84,INR,en-IN,luxury,cultural,family,cold_start,2026-07-05,gold,active,2026-07-05T09:00:00+05:30,2026-08-18T10:00:00+05:30
usr_16017e92,Ishaan Nair,ishaan.nair764@example.invalid,cty_34bbfdfe,INR,ml,value,luxury,friends,light,2023-04-08,,active,2023-04-08T09:00:00+05:30,2026-08-18T10:00:00+05:30
usr_d848a275,Elena Bose,elena.bose765@example.invalid,cty_d4f5e3a5,INR,en-IN,value,slow,friends,heavy,2022-12-27,gold,active,2022-12-27T09:00:00+05:30,2026-08-18T10:00:00+05:30
usr_beeb010f,Imran Patel,imran.patel766@example.invalid,cty_0b7f5985,CHF,de,premium,slow,friends,cold_start,2026-07-30,,active,2026-07-30T09:00:00+05:30,2026-08-18T10:00:00+05:30
usr_95d28a5d,Leila Wong,leila.wong767@example.invalid,cty_a97c33ad,INR,kn,luxury,comfort,couple,light,2026-02-18,,active,2026-02-18T09:00:00+05:30,2026-08-18T10:00:00+05:30
usr_13424f0e,Bhavna Weber,bhavna.weber768@example.invalid,cty_0d062a51,INR,en-IN,shoestring,comfort,senior,cold_start,2026-07-21,silver,active,2026-07-21T09:00:00+05:30,2026-08-18T10:00:00+05:30
usr_3093604a,Shreya Fernandes,shreya.fernandes769@example.invalid,cty_17b8ef2f,INR,en-IN,luxury,slow,family,light,2023-01-19,,active,2023-01-19T09:00:00+05:30,2026-08-18T10:00:00+05:30
usr_d89a1dce,Imran Mehta,imran.mehta770@example.invalid,cty_b43cdd57,INR,hi,value,luxury,business,light,2023-01-19,silver,active,2023-01-19T09:00:00+05:30,2026-08-18T10:00:00+05:30
usr_e59463b1,Anita Silva,anita.silva771@example.invalid,cty_009c9fd2,LKR,en-IN,shoestring,slow,business,light,2023-06-04,silver,active,2023-06-04T09:00:00+05:30,2026-08-18T10:00:00+05:30
usr_ece2ab24,Siddharth Das,siddharth.das772@example.invalid,cty_0b92e2e7,INR,hi,shoestring,luxury,senior,light,2023-07-03,,active,2023-07-03T09:00:00+05:30,2026-08-18T10:00:00+05:30
usr_3393c7a2,Neha Pillai,neha.pillai773@example.invalid,cty_8b6b1652,INR,ml,mid,cultural,senior,cold_start,2026-07-11,gold,active,2026-07-11T09:00:00+05:30,2026-08-18T10:00:00+05:30
usr_c749abe0,Marco Ahmed,marco.ahmed774@example.invalid,cty_36afaa5c,IDR,id,luxury,wellness,backpacker,cold_start,2026-08-01,none,active,2026-08-01T09:00:00+05:30,2026-08-18T10:00:00+05:30
usr_fcd9bdf6,Sneha Kim,sneha.kim775@example.invalid,cty_905fd8a1,SGD,en-IN,luxury,luxury,senior,heavy,2025-09-03,none,active,2025-09-03T09:00:00+05:30,2026-08-18T10:00:00+05:30
usr_36c3dbed,Sofia Fernandes,sofia.fernandes776@example.invalid,cty_bbb31d67,INR,en-IN,value,wellness,business,heavy,2026-04-20,,active,2026-04-20T09:00:00+05:30,2026-08-18T10:00:00+05:30
usr_87b11a4d,Maya Costa,maya.costa777@example.invalid,cty_67ee7f6f,INR,en-IN,shoestring,luxury,couple,cold_start,2026-08-12,gold,active,2026-08-12T09:00:00+05:30,2026-08-18T10:00:00+05:30
usr_7e72b295,Karthik Rossi,karthik.rossi778@example.invalid,cty_bbb31d67,INR,en-IN,luxury,adventure,backpacker,cold_start,2026-07-18,,inactive,2026-07-18T09:00:00+05:30,2026-08-18T10:00:00+05:30
usr_b4e3e994,Neha Kim,neha.kim779@example.invalid,cty_7fc82336,INR,en-IN,shoestring,adventure,family,cold_start,2026-07-26,none,active,2026-07-26T09:00:00+05:30,2026-08-18T10:00:00+05:30
usr_8315dfdd,Aditya Wong,aditya.wong780@example.invalid,cty_10cbee86,INR,hi,luxury,comfort,friends,light,2025-10-16,silver,active,2025-10-16T09:00:00+05:30,2026-08-18T10:00:00+05:30
usr_b10b045a,Kabir Fernandes,kabir.fernandes781@example.invalid,cty_34bbfdfe,INR,ml,luxury,wellness,family,heavy,2023-06-06,,active,2023-06-06T09:00:00+05:30,2026-08-18T10:00:00+05:30
usr_672d3dd6,Tanvi Wong,tanvi.wong782@example.invalid,cty_a50bc5dd,LKR,si,premium,cultural,family,cold_start,2026-07-22,none,active,2026-07-22T09:00:00+05:30,2026-08-18T10:00:00+05:30
usr_201332d4,Zoya Nair,zoya.nair783@example.invalid,cty_ab50efee,INR,bn,premium,luxury,senior,heavy,2023-05-18,,active,2023-05-18T09:00:00+05:30,2026-08-18T10:00:00+05:30
usr_560bdda1,Priya Silva,priya.silva784@example.invalid,cty_10cbee86,INR,en-IN,premium,slow,senior,light,2024-12-05,none,active,2024-12-05T09:00:00+05:30,2026-08-18T10:00:00+05:30
usr_aacb82b1,Omar Khan,omar.khan785@example.invalid,cty_621f4a84,INR,mr,value,wellness,friends,light,2024-09-30,gold,active,2024-09-30T09:00:00+05:30,2026-08-18T10:00:00+05:30
usr_c95be507,Aarav Kulkarni,aarav.kulkarni786@example.invalid,cty_8b6b1652,INR,ml,value,adventure,business,light,2022-12-17,silver,active,2022-12-17T09:00:00+05:30,2026-08-18T10:00:00+05:30
usr_ae3758b7,Daniel Das,daniel.das787@example.invalid,cty_5698a7ab,INR,hi,value,adventure,couple,light,2023-02-24,,active,2023-02-24T09:00:00+05:30,2026-08-18T10:00:00+05:30
usr_fedbd227,Kavya Weber,kavya.weber788@example.invalid,cty_7cb0b529,INR,en-IN,luxury,slow,backpacker,heavy,2024-04-07,silver,active,2024-04-07T09:00:00+05:30,2026-08-18T10:00:00+05:30
usr_34f98272,Rahul Reddy,rahul.reddy789@example.invalid,cty_d401ef6b,INR,en-IN,shoestring,wellness,couple,light,2024-10-04,gold,active,2024-10-04T09:00:00+05:30,2026-08-18T10:00:00+05:30
usr_20ea4b19,Lakshmi Chatterjee,lakshmi.chatterjee790@example.invalid,cty_b43cdd57,INR,hi,shoestring,comfort,couple,light,2024-01-27,,active,2024-01-27T09:00:00+05:30,2026-08-18T10:00:00+05:30
usr_f94b3139,Yuki Patel,yuki.patel791@example.invalid,cty_f8b75f8e,INR,en-IN,shoestring,wellness,family,cold_start,2026-07-07,,active,2026-07-07T09:00:00+05:30,2026-08-18T10:00:00+05:30
usr_1f92b887,Joseph Nair,joseph.nair792@example.invalid,cty_828a7777,INR,ur,premium,comfort,business,cold_start,2026-07-26,,active,2026-07-26T09:00:00+05:30,2026-08-18T10:00:00+05:30
usr_8b7cab66,Neha Bose,neha.bose793@example.invalid,cty_95e7c8ca,INR,mr,mid,comfort,friends,light,2023-08-15,none,active,2023-08-15T09:00:00+05:30,2026-08-18T10:00:00+05:30
usr_8905ffa4,Diya Menon,diya.menon794@example.invalid,cty_076e8e86,INR,en-IN,value,wellness,senior,cold_start,2026-08-16,,active,2026-08-16T09:00:00+05:30,2026-08-18T10:00:00+05:30
usr_a8caec17,Rahul Joshi,rahul.joshi795@example.invalid,cty_cfec17b6,INR,en-IN,mid,adventure,backpacker,heavy,2024-02-21,,active,2024-02-21T09:00:00+05:30,2026-08-18T10:00:00+05:30
usr_7faf6134,Leila Khan,leila.khan796@example.invalid,cty_c97e6cd5,INR,hi,mid,slow,backpacker,light,2026-02-13,,active,2026-02-13T09:00:00+05:30,2026-08-18T10:00:00+05:30
usr_2109396c,Sofia Joshi,sofia.joshi797@example.invalid,cty_905fd8a1,SGD,zh,luxury,adventure,couple,light,2026-03-30,silver,active,2026-03-30T09:00:00+05:30,2026-08-18T10:00:00+05:30
usr_f4dd99d0,Manav Shetty,manav.shetty798@example.invalid,cty_f8b75f8e,INR,ta,shoestring,cultural,friends,light,2023-07-03,,active,2023-07-03T09:00:00+05:30,2026-08-18T10:00:00+05:30
usr_12f95c97,Ritu Silva,ritu.silva799@example.invalid,cty_d4f5e3a5,INR,te,mid,cultural,senior,heavy,2024-06-13,gold,active,2024-06-13T09:00:00+05:30,2026-08-18T10:00:00+05:30
usr_f9f499ba,Rahul Novak,rahul.novak800@example.invalid,cty_0b7f5985,CHF,en-IN,value,cultural,couple,cold_start,2026-07-14,silver,active,2026-07-14T09:00:00+05:30,2026-08-18T10:00:00+05:30
usr_e5bfa6cd,Karthik Singh,karthik.singh801@example.invalid,cty_34bbfdfe,INR,ml,shoestring,slow,senior,cold_start,2026-08-08,,active,2026-08-08T09:00:00+05:30,2026-08-18T10:00:00+05:30
usr_7e89b5af,Anita Reddy,anita.reddy802@example.invalid,cty_6320eea9,QAR,en-IN,luxury,adventure,couple,cold_start,2026-07-16,none,active,2026-07-16T09:00:00+05:30,2026-08-18T10:00:00+05:30
usr_55b114d5,Meera Novak,meera.novak803@example.invalid,cty_10cbee86,INR,hi,shoestring,cultural,backpacker,heavy,2024-08-08,silver,active,2024-08-08T09:00:00+05:30,2026-08-18T10:00:00+05:30
usr_160064ff,Arjun Bhat,arjun.bhat804@example.invalid,cty_7b89639e,AED,en-IN,value,adventure,friends,cold_start,2026-07-20,,active,2026-07-20T09:00:00+05:30,2026-08-18T10:00:00+05:30
usr_3337c89a,Manav Bhat,manav.bhat805@example.invalid,cty_caf3c1ee,INR,gu,premium,comfort,couple,cold_start,2026-08-04,silver,active,2026-08-04T09:00:00+05:30,2026-08-18T10:00:00+05:30
usr_228f37bd,Daniel Rao,daniel.rao806@example.invalid,cty_9327d518,INR,en-IN,value,cultural,family,cold_start,2026-07-24,silver,active,2026-07-24T09:00:00+05:30,2026-08-18T10:00:00+05:30
usr_9d32306d,Riya Pillai,riya.pillai807@example.invalid,cty_c43cfa94,INR,bn,luxury,wellness,couple,cold_start,2026-08-08,silver,active,2026-08-08T09:00:00+05:30,2026-08-18T10:00:00+05:30
usr_5dc5530b,Kavya Costa,kavya.costa808@example.invalid,cty_a5f16904,THB,en-IN,value,adventure,couple,heavy,2024-08-25,gold,active,2024-08-25T09:00:00+05:30,2026-08-18T10:00:00+05:30
usr_a34cea35,Diya Menon,diya.menon809@example.invalid,cty_5698a7ab,INR,hi,mid,comfort,backpacker,cold_start,2026-08-15,silver,active,2026-08-15T09:00:00+05:30,2026-08-18T10:00:00+05:30
usr_d5dfb8d0,Omar Wong,omar.wong810@example.invalid,cty_8fc1539e,INR,en-IN,value,cultural,senior,light,2023-11-01,none,active,2023-11-01T09:00:00+05:30,2026-08-18T10:00:00+05:30
usr_84774d71,Aarav Rossi,aarav.rossi811@example.invalid,cty_36afaa5c,IDR,id,mid,wellness,couple,cold_start,2026-08-14,silver,active,2026-08-14T09:00:00+05:30,2026-08-18T10:00:00+05:30
usr_e5682ff0,Daniel Novak,daniel.novak812@example.invalid,cty_0d9ab6ff,INR,hi,luxury,budget,friends,cold_start,2026-08-04,gold,inactive,2026-08-04T09:00:00+05:30,2026-08-18T10:00:00+05:30
usr_13fe39d3,Nikhil Bhat,nikhil.bhat813@example.invalid,cty_7be8559f,INR,en-IN,premium,cultural,couple,cold_start,2026-08-05,gold,active,2026-08-05T09:00:00+05:30,2026-08-18T10:00:00+05:30
usr_d791a7c3,Arjun Fernandes,arjun.fernandes814@example.invalid,cty_b6ccbb3b,INR,or,mid,slow,solo,light,2022-10-28,gold,active,2022-10-28T09:00:00+05:30,2026-08-18T10:00:00+05:30
usr_50bcfb30,Fatima Bose,fatima.bose815@example.invalid,cty_8b6b1652,INR,en-IN,value,budget,backpacker,cold_start,2026-07-06,none,active,2026-07-06T09:00:00+05:30,2026-08-18T10:00:00+05:30
usr_25c3664e,Lakshmi Iyer,lakshmi.iyer816@example.invalid,cty_67ee7f6f,INR,en-IN,shoestring,luxury,backpacker,cold_start,2026-08-03,,active,2026-08-03T09:00:00+05:30,2026-08-18T10:00:00+05:30
usr_1549bc70,Daniel Reddy,daniel.reddy817@example.invalid,cty_17b8ef2f,INR,en-IN,luxury,adventure,solo,light,2024-01-25,silver,active,2024-01-25T09:00:00+05:30,2026-08-18T10:00:00+05:30
usr_6c522c49,Aarav Kulkarni,aarav.kulkarni818@example.invalid,cty_3503e391,INR,ta,premium,luxury,senior,cold_start,2026-07-20,,active,2026-07-20T09:00:00+05:30,2026-08-18T10:00:00+05:30
usr_32a5a217,Zoya Mehta,zoya.mehta819@example.invalid,cty_f288c6a0,INR,ta,value,cultural,solo,light,2026-02-08,,active,2026-02-08T09:00:00+05:30,2026-08-18T10:00:00+05:30
usr_5d24ab68,Thomas Silva,thomas.silva820@example.invalid,cty_34bbfdfe,INR,en-IN,value,adventure,friends,light,2024-01-11,silver,active,2024-01-11T09:00:00+05:30,2026-08-18T10:00:00+05:30
usr_8ad38493,Thomas Kulkarni,thomas.kulkarni821@example.invalid,cty_621f4a84,INR,en-IN,shoestring,cultural,couple,cold_start,2026-07-09,none,active,2026-07-09T09:00:00+05:30,2026-08-18T10:00:00+05:30
usr_34d33978,Fatima Rossi,fatima.rossi822@example.invalid,cty_cf1c6ac5,INR,as,luxury,luxury,friends,light,2026-02-01,silver,active,2026-02-01T09:00:00+05:30,2026-08-18T10:00:00+05:30
usr_e6863416,Riya Novak,riya.novak823@example.invalid,cty_c43cfa94,INR,en-IN,shoestring,comfort,family,cold_start,2026-08-14,,active,2026-08-14T09:00:00+05:30,2026-08-18T10:00:00+05:30
usr_28c5ee24,Aisha Sharma,aisha.sharma824@example.invalid,cty_009c9fd2,LKR,si,mid,adventure,family,light,2025-08-17,silver,active,2025-08-17T09:00:00+05:30,2026-08-18T10:00:00+05:30
usr_29fdaeb0,Maya Nair,maya.nair825@example.invalid,cty_5d572c8a,INR,en-IN,shoestring,adventure,business,cold_start,2026-08-06,,active,2026-08-06T09:00:00+05:30,2026-08-18T10:00:00+05:30
usr_4cbf6de6,Ravi Bhat,ravi.bhat826@example.invalid,cty_f29656ff,INR,mr,luxury,comfort,senior,heavy,2024-10-31,,active,2024-10-31T09:00:00+05:30,2026-08-18T10:00:00+05:30
usr_9181bfe3,Elena Singh,elena.singh827@example.invalid,cty_7b89639e,AED,en-IN,luxury,budget,couple,heavy,2025-08-14,,active,2025-08-14T09:00:00+05:30,2026-08-18T10:00:00+05:30
usr_25edafe5,Farhan Verma,farhan.verma828@example.invalid,cty_f8b75f8e,INR,ta,mid,adventure,couple,cold_start,2026-08-02,silver,active,2026-08-02T09:00:00+05:30,2026-08-18T10:00:00+05:30
usr_6524acb4,Ravi Novak,ravi.novak829@example.invalid,cty_7cb0b529,INR,te,mid,comfort,friends,cold_start,2026-07-20,none,active,2026-07-20T09:00:00+05:30,2026-08-18T10:00:00+05:30
usr_0b483652,Chen Nair,chen.nair830@example.invalid,cty_f8b75f8e,INR,en-IN,mid,cultural,couple,heavy,2026-06-10,none,active,2026-06-10T09:00:00+05:30,2026-08-18T10:00:00+05:30
usr_74ed32ff,Karthik Chatterjee,karthik.chatterjee831@example.invalid,cty_67ee7f6f,INR,ml,luxury,luxury,friends,light,2023-12-02,gold,active,2023-12-02T09:00:00+05:30,2026-08-18T10:00:00+05:30
usr_492b38ba,Thomas Ahmed,thomas.ahmed832@example.invalid,cty_67ee7f6f,INR,en-IN,luxury,wellness,family,cold_start,2026-08-06,silver,active,2026-08-06T09:00:00+05:30,2026-08-18T10:00:00+05:30
usr_ed450342,Tanvi Shetty,tanvi.shetty833@example.invalid,cty_c97e6cd5,INR,en-IN,value,cultural,couple,cold_start,2026-08-17,,active,2026-08-17T09:00:00+05:30,2026-08-18T10:00:00+05:30
usr_973048cc,Nisha Kim,nisha.kim834@example.invalid,cty_f288c6a0,INR,en-IN,premium,wellness,couple,heavy,2023-12-12,silver,active,2023-12-12T09:00:00+05:30,2026-08-18T10:00:00+05:30
usr_7b4006b0,Priya Bhat,priya.bhat835@example.invalid,cty_a50bc5dd,LKR,en-IN,value,luxury,backpacker,cold_start,2026-07-27,,active,2026-07-27T09:00:00+05:30,2026-08-18T10:00:00+05:30
usr_9cb9eedc,Zoya Kulkarni,zoya.kulkarni836@example.invalid,cty_cfec17b6,INR,gu,shoestring,wellness,solo,heavy,2023-01-02,,active,2023-01-02T09:00:00+05:30,2026-08-18T10:00:00+05:30
usr_45175b03,Devi Kulkarni,devi.kulkarni837@example.invalid,cty_c43cfa94,INR,bn,premium,wellness,business,light,2026-06-02,silver,active,2026-06-02T09:00:00+05:30,2026-08-18T10:00:00+05:30
usr_7ad82b11,Rohan Sharma,rohan.sharma838@example.invalid,cty_43d0a650,INR,en-IN,shoestring,comfort,friends,cold_start,2026-08-06,none,active,2026-08-06T09:00:00+05:30,2026-08-18T10:00:00+05:30
usr_5638f607,Aditya Kim,aditya.kim839@example.invalid,cty_c0f2d9de,NPR,en-IN,premium,wellness,family,cold_start,2026-07-07,gold,active,2026-07-07T09:00:00+05:30,2026-08-18T10:00:00+05:30
usr_dda4d3ca,Marco Costa,marco.costa840@example.invalid,cty_7b89639e,AED,en-IN,luxury,budget,backpacker,light,2026-02-10,gold,active,2026-02-10T09:00:00+05:30,2026-08-18T10:00:00+05:30
usr_5f22c672,Vikram Nair,vikram.nair841@example.invalid,cty_a5f16904,THB,en-IN,shoestring,luxury,family,heavy,2025-09-09,,active,2025-09-09T09:00:00+05:30,2026-08-18T10:00:00+05:30
usr_63f4e9fd,Kabir Singh,kabir.singh842@example.invalid,cty_b43cdd57,INR,en-IN,premium,luxury,friends,light,2026-05-24,gold,active,2026-05-24T09:00:00+05:30,2026-08-18T10:00:00+05:30
usr_824b14a8,Thomas Iyer,thomas.iyer843@example.invalid,cty_95e7c8ca,INR,mr,premium,wellness,senior,light,2023-10-03,none,active,2023-10-03T09:00:00+05:30,2026-08-18T10:00:00+05:30
usr_3728a760,Diya Joshi,diya.joshi844@example.invalid,cty_67ee7f6f,INR,en-IN,shoestring,wellness,family,cold_start,2026-08-02,none,active,2026-08-02T09:00:00+05:30,2026-08-18T10:00:00+05:30
usr_dc1bd238,Bhavna Bhat,bhavna.bhat845@example.invalid,cty_590d4b7b,INR,en-IN,value,slow,business,heavy,2023-10-25,silver,active,2023-10-25T09:00:00+05:30,2026-08-18T10:00:00+05:30
usr_96700977,Daniel Novak,daniel.novak846@example.invalid,cty_95e7c8ca,INR,mr,luxury,luxury,solo,light,2024-10-31,,active,2024-10-31T09:00:00+05:30,2026-08-18T10:00:00+05:30
usr_d6801dce,Ritu Iyer,ritu.iyer847@example.invalid,cty_f29656ff,INR,mr,shoestring,slow,business,cold_start,2026-07-26,silver,active,2026-07-26T09:00:00+05:30,2026-08-18T10:00:00+05:30
usr_fecd2601,Karthik Gupta,karthik.gupta848@example.invalid,cty_8fc1539e,INR,kn,luxury,luxury,friends,cold_start,2026-08-07,gold,active,2026-08-07T09:00:00+05:30,2026-08-18T10:00:00+05:30
usr_8b2eabd4,Devi Weber,devi.weber849@example.invalid,cty_b6ccbb3b,INR,or,luxury,adventure,backpacker,light,2026-03-30,silver,active,2026-03-30T09:00:00+05:30,2026-08-18T10:00:00+05:30
usr_4e0c977f,Ishaan Joshi,ishaan.joshi850@example.invalid,cty_c97e6cd5,INR,en-IN,luxury,luxury,family,cold_start,2026-07-19,silver,active,2026-07-19T09:00:00+05:30,2026-08-18T10:00:00+05:30
usr_70139660,Sneha Tanaka,sneha.tanaka851@example.invalid,cty_d401ef6b,INR,ml,luxury,adventure,couple,light,2026-03-17,,inactive,2026-03-17T09:00:00+05:30,2026-08-18T10:00:00+05:30
usr_893bfbd9,Neha Bhat,neha.bhat852@example.invalid,cty_17b8ef2f,INR,en-IN,shoestring,comfort,friends,cold_start,2026-07-09,silver,active,2026-07-09T09:00:00+05:30,2026-08-18T10:00:00+05:30
usr_f4863900,Diya Reddy,diya.reddy853@example.invalid,cty_9aa02925,MVR,ar,premium,comfort,solo,cold_start,2026-08-10,,active,2026-08-10T09:00:00+05:30,2026-08-18T10:00:00+05:30
usr_b07d9d74,Rohan Weber,rohan.weber854@example.invalid,cty_0d9ab6ff,INR,en-IN,premium,slow,couple,cold_start,2026-07-07,none,active,2026-07-07T09:00:00+05:30,2026-08-18T10:00:00+05:30
usr_2808d36a,Nisha Singh,nisha.singh855@example.invalid,cty_8b6b1652,INR,ml,mid,adventure,senior,cold_start,2026-07-13,silver,active,2026-07-13T09:00:00+05:30,2026-08-18T10:00:00+05:30
usr_21525b93,Chen Singh,chen.singh856@example.invalid,cty_cfec17b6,INR,gu,shoestring,comfort,solo,light,2026-02-02,none,active,2026-02-02T09:00:00+05:30,2026-08-18T10:00:00+05:30
usr_e27e3b52,Daniel Singh,daniel.singh857@example.invalid,cty_7cb0b529,INR,en-IN,luxury,adventure,backpacker,light,2026-04-28,,active,2026-04-28T09:00:00+05:30,2026-08-18T10:00:00+05:30
usr_ab81846d,Vikram Gupta,vikram.gupta858@example.invalid,cty_c07454f1,INR,en-IN,shoestring,cultural,backpacker,cold_start,2026-08-15,none,active,2026-08-15T09:00:00+05:30,2026-08-18T10:00:00+05:30
usr_f4958790,Neha Rossi,neha.rossi859@example.invalid,cty_0d9ab6ff,INR,hi,mid,wellness,family,cold_start,2026-07-07,silver,active,2026-07-07T09:00:00+05:30,2026-08-18T10:00:00+05:30
usr_99bd0088,Diya Joshi,diya.joshi860@example.invalid,cty_d4f5e3a5,INR,te,mid,cultural,solo,cold_start,2026-07-15,gold,active,2026-07-15T09:00:00+05:30,2026-08-18T10:00:00+05:30
usr_33525c0b,Sofia Mehta,sofia.mehta861@example.invalid,cty_541018a9,INR,en-IN,value,cultural,backpacker,light,2025-01-23,silver,active,2025-01-23T09:00:00+05:30,2026-08-18T10:00:00+05:30
usr_e94f06ca,Priya Gupta,priya.gupta862@example.invalid,cty_d35a9652,INR,en-IN,mid,luxury,friends,cold_start,2026-07-08,gold,active,2026-07-08T09:00:00+05:30,2026-08-18T10:00:00+05:30
usr_def0c99e,Zoya Kulkarni,zoya.kulkarni863@example.invalid,cty_d35a9652,INR,en-IN,mid,cultural,backpacker,cold_start,2026-07-15,silver,active,2026-07-15T09:00:00+05:30,2026-08-18T10:00:00+05:30
usr_24d10368,Grace Mehta,grace.mehta864@example.invalid,cty_0d9ab6ff,INR,en-IN,luxury,wellness,family,light,2025-03-07,none,active,2025-03-07T09:00:00+05:30,2026-08-18T10:00:00+05:30
usr_4db9e8d2,Omar Menon,omar.menon865@example.invalid,cty_0d062a51,INR,pa,premium,cultural,business,cold_start,2026-07-21,,active,2026-07-21T09:00:00+05:30,2026-08-18T10:00:00+05:30
usr_8eeb2813,Riya Verma,riya.verma866@example.invalid,cty_c0f2d9de,NPR,en-IN,value,comfort,business,cold_start,2026-07-17,gold,active,2026-07-17T09:00:00+05:30,2026-08-18T10:00:00+05:30
usr_3c2f4109,Arun Gupta,arun.gupta867@example.invalid,cty_c9f34ba7,MYR,en-IN,mid,adventure,solo,heavy,2023-08-07,gold,active,2023-08-07T09:00:00+05:30,2026-08-18T10:00:00+05:30
usr_47d7ab5a,Ritu Khan,ritu.khan868@example.invalid,cty_5698a7ab,INR,hi,shoestring,luxury,friends,cold_start,2026-07-21,silver,active,2026-07-21T09:00:00+05:30,2026-08-18T10:00:00+05:30
usr_2cca82b7,Rohan Kulkarni,rohan.kulkarni869@example.invalid,cty_828a7777,INR,en-IN,mid,slow,friends,light,2023-09-04,none,active,2023-09-04T09:00:00+05:30,2026-08-18T10:00:00+05:30
usr_bc9d20fa,Bhavna Wong,bhavna.wong870@example.invalid,cty_cf1c6ac5,INR,as,premium,wellness,couple,heavy,2022-10-20,silver,active,2022-10-20T09:00:00+05:30,2026-08-18T10:00:00+05:30
usr_1b14f56c,Pooja Fernandes,pooja.fernandes871@example.invalid,cty_95d040d8,NPR,ne,luxury,adventure,couple,cold_start,2026-07-15,gold,active,2026-07-15T09:00:00+05:30,2026-08-18T10:00:00+05:30
usr_30d3a722,Priya Bose,priya.bose872@example.invalid,cty_c07454f1,INR,hi,mid,luxury,family,cold_start,2026-07-16,,active,2026-07-16T09:00:00+05:30,2026-08-18T10:00:00+05:30
usr_7b03ee88,Karthik Pillai,karthik.pillai873@example.invalid,cty_43d0a650,INR,mr,value,comfort,business,light,2025-07-01,none,active,2025-07-01T09:00:00+05:30,2026-08-18T10:00:00+05:30
usr_81005fa8,Ananya Kim,ananya.kim874@example.invalid,cty_541018a9,INR,ml,premium,cultural,senior,light,2023-10-02,,active,2023-10-02T09:00:00+05:30,2026-08-18T10:00:00+05:30
usr_9976417a,Ishaan Costa,ishaan.costa875@example.invalid,cty_009c9fd2,LKR,en-IN,shoestring,slow,couple,cold_start,2026-07-20,none,active,2026-07-20T09:00:00+05:30,2026-08-18T10:00:00+05:30
usr_5f1e6e1c,Grace Menon,grace.menon876@example.invalid,cty_a97c33ad,INR,en-IN,premium,wellness,solo,light,2024-01-19,,active,2024-01-19T09:00:00+05:30,2026-08-18T10:00:00+05:30
usr_a0980823,Nikhil Gupta,nikhil.gupta877@example.invalid,cty_d401ef6b,INR,en-IN,luxury,slow,family,cold_start,2026-08-14,gold,active,2026-08-14T09:00:00+05:30,2026-08-18T10:00:00+05:30
usr_9ae694ba,Tanvi Joshi,tanvi.joshi878@example.invalid,cty_5698a7ab,INR,en-IN,mid,luxury,solo,light,2026-05-03,silver,active,2026-05-03T09:00:00+05:30,2026-08-18T10:00:00+05:30
usr_949a215d,Nikhil Patel,nikhil.patel879@example.invalid,cty_34bbfdfe,INR,en-IN,luxury,comfort,business,heavy,2023-05-29,,active,2023-05-29T09:00:00+05:30,2026-08-18T10:00:00+05:30
usr_6479c45c,Shreya Wong,shreya.wong880@example.invalid,cty_95e7c8ca,INR,en-IN,mid,slow,senior,light,2023-03-01,gold,active,2023-03-01T09:00:00+05:30,2026-08-18T10:00:00+05:30
usr_6d4dd52b,Yuki Mehta,yuki.mehta881@example.invalid,cty_d401ef6b,INR,ml,shoestring,budget,business,cold_start,2026-08-01,none,active,2026-08-01T09:00:00+05:30,2026-08-18T10:00:00+05:30
usr_0f45cfd7,Nikhil Joshi,nikhil.joshi882@example.invalid,cty_905fd8a1,SGD,zh,luxury,cultural,business,light,2025-09-10,,active,2025-09-10T09:00:00+05:30,2026-08-18T10:00:00+05:30
usr_af17aeaa,Manav Shetty,manav.shetty883@example.invalid,cty_905fd8a1,SGD,zh,mid,adventure,solo,cold_start,2026-07-11,silver,active,2026-07-11T09:00:00+05:30,2026-08-18T10:00:00+05:30
usr_107ab982,Ananya Fernandes,ananya.fernandes884@example.invalid,cty_36afaa5c,IDR,en-IN,luxury,slow,business,cold_start,2026-08-04,none,active,2026-08-04T09:00:00+05:30,2026-08-18T10:00:00+05:30
usr_3b70ae01,Imran Verma,imran.verma885@example.invalid,cty_d401ef6b,INR,ml,premium,luxury,friends,light,2025-07-20,,active,2025-07-20T09:00:00+05:30,2026-08-18T10:00:00+05:30
usr_9b51aca1,Manav Mehta,manav.mehta886@example.invalid,cty_f288c6a0,INR,en-IN,shoestring,luxury,couple,cold_start,2026-07-08,gold,active,2026-07-08T09:00:00+05:30,2026-08-18T10:00:00+05:30
usr_62a77a41,Fatima Chatterjee,fatima.chatterjee887@example.invalid,cty_7be8559f,INR,or,mid,luxury,family,cold_start,2026-08-08,none,active,2026-08-08T09:00:00+05:30,2026-08-18T10:00:00+05:30
usr_02d5e350,Nisha Bose,nisha.bose888@example.invalid,cty_95d040d8,NPR,ne,shoestring,adventure,friends,heavy,2024-08-21,,active,2024-08-21T09:00:00+05:30,2026-08-18T10:00:00+05:30
usr_21fe0c1f,Kavya Mehta,kavya.mehta889@example.invalid,cty_ab50efee,INR,en-IN,shoestring,slow,friends,light,2024-10-25,gold,active,2024-10-25T09:00:00+05:30,2026-08-18T10:00:00+05:30
usr_17bacb4e,Leila Weber,leila.weber890@example.invalid,cty_bbb31d67,INR,en-IN,shoestring,comfort,business,cold_start,2026-07-26,gold,active,2026-07-26T09:00:00+05:30,2026-08-18T10:00:00+05:30
usr_d0eb273a,Ananya Rao,ananya.rao891@example.invalid,cty_009c9fd2,LKR,si,premium,wellness,senior,light,2023-10-04,silver,active,2023-10-04T09:00:00+05:30,2026-08-18T10:00:00+05:30
usr_33605887,Ritu Verma,ritu.verma892@example.invalid,cty_7cb0b529,INR,en-IN,mid,slow,solo,cold_start,2026-08-15,none,active,2026-08-15T09:00:00+05:30,2026-08-18T10:00:00+05:30
usr_e68afc30,Pooja Menon,pooja.menon893@example.invalid,cty_aa759717,INR,hi,shoestring,luxury,business,cold_start,2026-08-15,silver,active,2026-08-15T09:00:00+05:30,2026-08-18T10:00:00+05:30
usr_866a8f33,Karthik Patel,karthik.patel894@example.invalid,cty_0d9ab6ff,INR,hi,shoestring,adventure,friends,light,2023-12-31,,active,2023-12-31T09:00:00+05:30,2026-08-18T10:00:00+05:30
usr_0dc99bd5,Siddharth Novak,siddharth.novak895@example.invalid,cty_9327d518,INR,hi,value,budget,senior,cold_start,2026-07-13,none,active,2026-07-13T09:00:00+05:30,2026-08-18T10:00:00+05:30
usr_5d83e59a,Bhavna Ahmed,bhavna.ahmed896@example.invalid,cty_0b7f5985,CHF,en-IN,shoestring,slow,senior,cold_start,2026-08-06,,active,2026-08-06T09:00:00+05:30,2026-08-18T10:00:00+05:30
usr_840ca16a,Shreya Iyer,shreya.iyer897@example.invalid,cty_bbb31d67,INR,kn,premium,slow,backpacker,cold_start,2026-07-18,,active,2026-07-18T09:00:00+05:30,2026-08-18T10:00:00+05:30
usr_e7b2dd09,Vikram Menon,vikram.menon898@example.invalid,cty_c43cfa94,INR,bn,value,wellness,friends,light,2026-04-14,gold,active,2026-04-14T09:00:00+05:30,2026-08-18T10:00:00+05:30
usr_c221a5aa,Devi Tanaka,devi.tanaka899@example.invalid,cty_c0f2d9de,NPR,en-IN,shoestring,comfort,business,cold_start,2026-08-15,gold,active,2026-08-15T09:00:00+05:30,2026-08-18T10:00:00+05:30
usr_c799c956,Neha Reddy,neha.reddy900@example.invalid,cty_590d4b7b,INR,en-IN,mid,wellness,solo,cold_start,2026-08-08,,active,2026-08-08T09:00:00+05:30,2026-08-18T10:00:00+05:30
usr_3038e2f7,Shreya Kim,shreya.kim901@example.invalid,cty_0d062a51,INR,en-IN,luxury,luxury,friends,heavy,2022-11-28,none,active,2022-11-28T09:00:00+05:30,2026-08-18T10:00:00+05:30
usr_9f0b9e31,Shreya Kulkarni,shreya.kulkarni902@example.invalid,cty_7f673457,INR,ta,mid,adventure,solo,cold_start,2026-07-12,gold,active,2026-07-12T09:00:00+05:30,2026-08-18T10:00:00+05:30
usr_d032c2ca,Meera Kulkarni,meera.kulkarni903@example.invalid,cty_0b7f5985,CHF,de,shoestring,wellness,family,heavy,2026-01-28,,active,2026-01-28T09:00:00+05:30,2026-08-18T10:00:00+05:30
usr_8d2c2759,Marco Kulkarni,marco.kulkarni904@example.invalid,cty_34bbfdfe,INR,ml,value,adventure,business,light,2023-07-08,,active,2023-07-08T09:00:00+05:30,2026-08-18T10:00:00+05:30
usr_944d1a1b,Siddharth Pillai,siddharth.pillai905@example.invalid,cty_d4f5e3a5,INR,en-IN,value,adventure,senior,cold_start,2026-08-08,gold,active,2026-08-08T09:00:00+05:30,2026-08-18T10:00:00+05:30
usr_8d937b9e,Aarav Kim,aarav.kim906@example.invalid,cty_cfec17b6,INR,en-IN,shoestring,adventure,solo,light,2025-11-14,gold,active,2025-11-14T09:00:00+05:30,2026-08-18T10:00:00+05:30
usr_be4ecc52,Bhavna Ahmed,bhavna.ahmed907@example.invalid,cty_076e8e86,INR,en-IN,luxury,comfort,friends,cold_start,2026-07-21,gold,active,2026-07-21T09:00:00+05:30,2026-08-18T10:00:00+05:30
usr_8e500227,Aarav Khan,aarav.khan908@example.invalid,cty_cf1c6ac5,INR,en-IN,mid,slow,business,cold_start,2026-07-10,,active,2026-07-10T09:00:00+05:30,2026-08-18T10:00:00+05:30
usr_e5fe70f7,Lakshmi Ahmed,lakshmi.ahmed909@example.invalid,cty_7b89639e,AED,en-IN,value,wellness,solo,cold_start,2026-07-24,none,active,2026-07-24T09:00:00+05:30,2026-08-18T10:00:00+05:30
usr_05fc06c6,Aarav Kulkarni,aarav.kulkarni910@example.invalid,cty_c43cfa94,INR,en-IN,mid,budget,solo,cold_start,2026-07-17,,active,2026-07-17T09:00:00+05:30,2026-08-18T10:00:00+05:30
usr_96e3c90b,Neha Nair,neha.nair911@example.invalid,cty_d401ef6b,INR,ml,mid,luxury,business,cold_start,2026-08-13,gold,active,2026-08-13T09:00:00+05:30,2026-08-18T10:00:00+05:30
usr_6f51331a,Neha Weber,neha.weber912@example.invalid,cty_905fd8a1,SGD,zh,shoestring,budget,couple,cold_start,2026-08-09,gold,active,2026-08-09T09:00:00+05:30,2026-08-18T10:00:00+05:30
usr_025837df,Joseph Kim,joseph.kim913@example.invalid,cty_7be8559f,INR,or,mid,luxury,family,light,2024-02-17,gold,active,2024-02-17T09:00:00+05:30,2026-08-18T10:00:00+05:30
usr_4f00071d,Elena Verma,elena.verma914@example.invalid,cty_6320eea9,QAR,en-IN,premium,wellness,couple,light,2025-04-25,gold,active,2025-04-25T09:00:00+05:30,2026-08-18T10:00:00+05:30
usr_4b816f33,Anita Menon,anita.menon915@example.invalid,cty_5d572c8a,INR,hi,shoestring,budget,backpacker,light,2026-01-18,,active,2026-01-18T09:00:00+05:30,2026-08-18T10:00:00+05:30
usr_5b31e64c,Chen Novak,chen.novak916@example.invalid,cty_0d9ab6ff,INR,en-IN,premium,adventure,solo,light,2023-10-22,gold,active,2023-10-22T09:00:00+05:30,2026-08-18T10:00:00+05:30
usr_db93de1b,Thomas Bhat,thomas.bhat917@example.invalid,cty_0d9ab6ff,INR,hi,shoestring,cultural,business,cold_start,2026-07-19,,active,2026-07-19T09:00:00+05:30,2026-08-18T10:00:00+05:30
usr_b1a4b433,Elena Iyer,elena.iyer918@example.invalid,cty_bbb31d67,INR,en-IN,mid,adventure,business,heavy,2026-01-11,gold,active,2026-01-11T09:00:00+05:30,2026-08-18T10:00:00+05:30
usr_d1506bce,Anita Fernandes,anita.fernandes919@example.invalid,cty_5698a7ab,INR,en-IN,premium,luxury,couple,cold_start,2026-08-17,,active,2026-08-17T09:00:00+05:30,2026-08-18T10:00:00+05:30
usr_1c5908a5,Neha Singh,neha.singh920@example.invalid,cty_8b6b1652,INR,en-IN,value,wellness,friends,cold_start,2026-08-02,,active,2026-08-02T09:00:00+05:30,2026-08-18T10:00:00+05:30
usr_e4f15778,Aisha Pillai,aisha.pillai921@example.invalid,cty_95d040d8,NPR,en-IN,mid,wellness,solo,cold_start,2026-07-30,,active,2026-07-30T09:00:00+05:30,2026-08-18T10:00:00+05:30
usr_be1c9458,Karthik Fernandes,karthik.fernandes922@example.invalid,cty_43d0a650,INR,mr,mid,luxury,friends,heavy,2022-12-01,,inactive,2022-12-01T09:00:00+05:30,2026-08-18T10:00:00+05:30
usr_96127429,Pooja Nair,pooja.nair923@example.invalid,cty_9327d518,INR,hi,premium,cultural,family,light,2023-02-28,silver,active,2023-02-28T09:00:00+05:30,2026-08-18T10:00:00+05:30
usr_858c4559,Leila Ahmed,leila.ahmed924@example.invalid,cty_718f03c7,INR,en-IN,value,wellness,friends,light,2024-09-06,silver,active,2024-09-06T09:00:00+05:30,2026-08-18T10:00:00+05:30
usr_99adb626,Zoya Kulkarni,zoya.kulkarni925@example.invalid,cty_7be8559f,INR,or,mid,slow,business,light,2025-12-07,gold,active,2025-12-07T09:00:00+05:30,2026-08-18T10:00:00+05:30
usr_90951caf,Marco Wong,marco.wong926@example.invalid,cty_ccb4fb74,INR,ne,luxury,budget,couple,cold_start,2026-07-15,silver,active,2026-07-15T09:00:00+05:30,2026-08-18T10:00:00+05:30
usr_b4b6a1a5,Nisha Ahmed,nisha.ahmed927@example.invalid,cty_590d4b7b,INR,en-IN,luxury,comfort,business,cold_start,2026-07-22,,active,2026-07-22T09:00:00+05:30,2026-08-18T10:00:00+05:30
usr_0b77be24,Ananya Menon,ananya.menon928@example.invalid,cty_36afaa5c,IDR,id,luxury,wellness,family,heavy,2026-07-16,,active,2026-07-16T09:00:00+05:30,2026-08-18T10:00:00+05:30
usr_5f5edf0f,Ishaan Rao,ishaan.rao929@example.invalid,cty_7be8559f,INR,en-IN,luxury,budget,couple,cold_start,2026-08-16,silver,active,2026-08-16T09:00:00+05:30,2026-08-18T10:00:00+05:30
usr_a2ad776f,Diya Iyer,diya.iyer930@example.invalid,cty_17b8ef2f,INR,en-IN,shoestring,budget,backpacker,cold_start,2026-08-08,,active,2026-08-08T09:00:00+05:30,2026-08-18T10:00:00+05:30
usr_41431693,Meera Kulkarni,meera.kulkarni931@example.invalid,cty_c0f2d9de,NPR,en-IN,mid,slow,couple,light,2024-03-08,none,active,2024-03-08T09:00:00+05:30,2026-08-18T10:00:00+05:30
usr_4d83499f,Ritu Costa,ritu.costa932@example.invalid,cty_a97c33ad,INR,en-IN,premium,slow,senior,light,2026-02-11,,active,2026-02-11T09:00:00+05:30,2026-08-18T10:00:00+05:30
usr_643a1ad9,Arun Novak,arun.novak933@example.invalid,cty_cf1c6ac5,INR,en-IN,shoestring,slow,business,heavy,2024-11-17,silver,active,2024-11-17T09:00:00+05:30,2026-08-18T10:00:00+05:30
usr_64eaee79,Pooja Novak,pooja.novak934@example.invalid,cty_d401ef6b,INR,en-IN,value,cultural,friends,light,2025-08-06,,active,2025-08-06T09:00:00+05:30,2026-08-18T10:00:00+05:30
usr_c010ce3c,Nikhil Nair,nikhil.nair935@example.invalid,cty_828a7777,INR,ur,luxury,adventure,family,cold_start,2026-07-07,silver,active,2026-07-07T09:00:00+05:30,2026-08-18T10:00:00+05:30
usr_d4404e2c,Rohan Shetty,rohan.shetty936@example.invalid,cty_b6ccbb3b,INR,or,value,slow,family,cold_start,2026-08-14,gold,active,2026-08-14T09:00:00+05:30,2026-08-18T10:00:00+05:30
usr_71852a92,Diya Das,diya.das937@example.invalid,cty_828a7777,INR,en-IN,shoestring,cultural,backpacker,cold_start,2026-08-11,silver,active,2026-08-11T09:00:00+05:30,2026-08-18T10:00:00+05:30
usr_247f37bf,Rahul Kim,rahul.kim938@example.invalid,cty_17b8ef2f,INR,en-IN,mid,luxury,solo,light,2025-11-17,gold,active,2025-11-17T09:00:00+05:30,2026-08-18T10:00:00+05:30
usr_9c28ee85,Leila Rossi,leila.rossi939@example.invalid,cty_bbb31d67,INR,en-IN,mid,wellness,family,light,2025-11-10,silver,active,2025-11-10T09:00:00+05:30,2026-08-18T10:00:00+05:30
usr_8eb4e3e7,Sneha Reddy,sneha.reddy940@example.invalid,cty_f29656ff,INR,mr,luxury,slow,friends,heavy,2023-11-20,,active,2023-11-20T09:00:00+05:30,2026-08-18T10:00:00+05:30
usr_394de344,Siddharth Iyer,siddharth.iyer941@example.invalid,cty_905fd8a1,SGD,zh,mid,budget,senior,cold_start,2026-07-17,,active,2026-07-17T09:00:00+05:30,2026-08-18T10:00:00+05:30
usr_67de0711,Anita Shetty,anita.shetty942@example.invalid,cty_d401ef6b,INR,ml,shoestring,comfort,couple,light,2025-03-03,none,active,2025-03-03T09:00:00+05:30,2026-08-18T10:00:00+05:30
usr_ecb18174,Pooja Ahmed,pooja.ahmed943@example.invalid,cty_c97e6cd5,INR,hi,luxury,adventure,family,light,2024-08-22,silver,active,2024-08-22T09:00:00+05:30,2026-08-18T10:00:00+05:30
usr_c4dc3602,Maya Singh,maya.singh944@example.invalid,cty_95e7c8ca,INR,mr,premium,wellness,senior,cold_start,2026-07-07,none,active,2026-07-07T09:00:00+05:30,2026-08-18T10:00:00+05:30
usr_cb58a9e1,Daniel Iyer,daniel.iyer945@example.invalid,cty_f29656ff,INR,en-IN,premium,budget,business,cold_start,2026-08-15,silver,active,2026-08-15T09:00:00+05:30,2026-08-18T10:00:00+05:30
usr_9ae9cbcb,Nikhil Pillai,nikhil.pillai946@example.invalid,cty_6320eea9,QAR,en-IN,mid,slow,solo,cold_start,2026-08-13,none,active,2026-08-13T09:00:00+05:30,2026-08-18T10:00:00+05:30
usr_ea269383,Daniel Das,daniel.das947@example.invalid,cty_f8b75f8e,INR,en-IN,premium,cultural,couple,heavy,2025-03-24,silver,active,2025-03-24T09:00:00+05:30,2026-08-18T10:00:00+05:30
usr_22a5c239,Kabir Joshi,kabir.joshi948@example.invalid,cty_c0f2d9de,NPR,ne,luxury,cultural,friends,cold_start,2026-08-16,none,active,2026-08-16T09:00:00+05:30,2026-08-18T10:00:00+05:30
usr_6fe2485d,Ishaan Ahmed,ishaan.ahmed949@example.invalid,cty_7b89639e,AED,en-IN,value,luxury,couple,cold_start,2026-07-23,,active,2026-07-23T09:00:00+05:30,2026-08-18T10:00:00+05:30
usr_c6accd8f,Arun Silva,arun.silva950@example.invalid,cty_95e7c8ca,INR,en-IN,value,comfort,family,cold_start,2026-07-08,gold,active,2026-07-08T09:00:00+05:30,2026-08-18T10:00:00+05:30
usr_32856f40,Meera Wong,meera.wong951@example.invalid,cty_5698a7ab,INR,hi,mid,budget,backpacker,heavy,2024-02-15,silver,active,2024-02-15T09:00:00+05:30,2026-08-18T10:00:00+05:30
usr_0021edc6,Ananya Khan,ananya.khan952@example.invalid,cty_0d9ab6ff,INR,hi,value,wellness,family,cold_start,2026-07-06,,inactive,2026-07-06T09:00:00+05:30,2026-08-18T10:00:00+05:30
usr_a8b27631,Omar Pillai,omar.pillai953@example.invalid,cty_36afaa5c,IDR,id,mid,cultural,friends,light,2025-12-10,gold,active,2025-12-10T09:00:00+05:30,2026-08-18T10:00:00+05:30
usr_d9d2bfaa,Fatima Bhat,fatima.bhat954@example.invalid,cty_95d040d8,NPR,en-IN,premium,comfort,business,cold_start,2026-07-31,,active,2026-07-31T09:00:00+05:30,2026-08-18T10:00:00+05:30
usr_fe13fe0f,Ritu Gupta,ritu.gupta955@example.invalid,cty_d4f5e3a5,INR,te,luxury,wellness,backpacker,cold_start,2026-08-14,,active,2026-08-14T09:00:00+05:30,2026-08-18T10:00:00+05:30
usr_c9f09bba,Grace Nair,grace.nair956@example.invalid,cty_c07454f1,INR,hi,mid,budget,friends,cold_start,2026-07-22,,active,2026-07-22T09:00:00+05:30,2026-08-18T10:00:00+05:30
usr_3e6ed8be,Omar Iyer,omar.iyer957@example.invalid,cty_95d040d8,NPR,en-IN,premium,cultural,backpacker,light,2025-08-16,none,active,2025-08-16T09:00:00+05:30,2026-08-18T10:00:00+05:30
usr_bedf358a,Arjun Khan,arjun.khan958@example.invalid,cty_95e7c8ca,INR,en-IN,value,slow,solo,heavy,2023-03-22,,active,2023-03-22T09:00:00+05:30,2026-08-18T10:00:00+05:30
usr_7ff5c9a5,Aditya Novak,aditya.novak959@example.invalid,cty_0b92e2e7,INR,en-IN,luxury,budget,couple,light,2024-08-24,silver,active,2024-08-24T09:00:00+05:30,2026-08-18T10:00:00+05:30
usr_6498a0a8,Leila Fernandes,leila.fernandes960@example.invalid,cty_0b92e2e7,INR,en-IN,shoestring,wellness,couple,light,2023-10-03,silver,active,2023-10-03T09:00:00+05:30,2026-08-18T10:00:00+05:30
usr_48ec046f,Omar Shetty,omar.shetty961@example.invalid,cty_cf1c6ac5,INR,en-IN,value,adventure,friends,light,2026-06-25,none,active,2026-06-25T09:00:00+05:30,2026-08-18T10:00:00+05:30
usr_48a549df,Nisha Costa,nisha.costa962@example.invalid,cty_aa759717,INR,hi,value,slow,friends,cold_start,2026-08-06,,active,2026-08-06T09:00:00+05:30,2026-08-18T10:00:00+05:30
usr_8020be6b,Tanvi Ahmed,tanvi.ahmed963@example.invalid,cty_d4f5e3a5,INR,en-IN,premium,budget,backpacker,cold_start,2026-07-24,none,active,2026-07-24T09:00:00+05:30,2026-08-18T10:00:00+05:30
usr_3e1b3843,Elena Rossi,elena.rossi964@example.invalid,cty_5698a7ab,INR,en-IN,mid,cultural,backpacker,light,2024-10-09,none,active,2024-10-09T09:00:00+05:30,2026-08-18T10:00:00+05:30
usr_65b43f7e,Manav Tanaka,manav.tanaka965@example.invalid,cty_3503e391,INR,en-IN,luxury,cultural,friends,heavy,2024-04-06,silver,active,2024-04-06T09:00:00+05:30,2026-08-18T10:00:00+05:30
usr_8ff59c1a,Sofia Menon,sofia.menon966@example.invalid,cty_95e7c8ca,INR,en-IN,value,adventure,couple,light,2025-09-14,silver,active,2025-09-14T09:00:00+05:30,2026-08-18T10:00:00+05:30
usr_a36d3b50,Sofia Costa,sofia.costa967@example.invalid,cty_590d4b7b,INR,en-IN,luxury,wellness,solo,heavy,2025-10-01,,active,2025-10-01T09:00:00+05:30,2026-08-18T10:00:00+05:30
usr_11c77a9c,Chen Das,chen.das968@example.invalid,cty_79cbc59b,BTN,en-IN,value,wellness,business,light,2023-04-01,gold,active,2023-04-01T09:00:00+05:30,2026-08-18T10:00:00+05:30
usr_4efab0b7,Aisha Reddy,aisha.reddy969@example.invalid,cty_cfec17b6,INR,gu,value,adventure,couple,light,2024-10-31,,active,2024-10-31T09:00:00+05:30,2026-08-18T10:00:00+05:30
usr_b678aa48,Sneha Verma,sneha.verma970@example.invalid,cty_cf1c6ac5,INR,en-IN,value,budget,senior,cold_start,2026-07-14,silver,active,2026-07-14T09:00:00+05:30,2026-08-18T10:00:00+05:30
usr_5c20b1bf,Rahul Tanaka,rahul.tanaka971@example.invalid,cty_8b6b1652,INR,ml,shoestring,budget,senior,cold_start,2026-07-30,none,active,2026-07-30T09:00:00+05:30,2026-08-18T10:00:00+05:30
usr_4e8e3f6d,Devi Mehta,devi.mehta972@example.invalid,cty_51a149b7,JPY,en-IN,luxury,adventure,business,light,2026-04-27,none,active,2026-04-27T09:00:00+05:30,2026-08-18T10:00:00+05:30
usr_61ab0eaf,Ishaan Rao,ishaan.rao973@example.invalid,cty_5d572c8a,INR,en-IN,mid,adventure,friends,heavy,2024-03-07,gold,active,2024-03-07T09:00:00+05:30,2026-08-18T10:00:00+05:30
usr_e47b6104,Priya Pillai,priya.pillai974@example.invalid,cty_ab50efee,INR,en-IN,value,slow,backpacker,cold_start,2026-08-06,none,active,2026-08-06T09:00:00+05:30,2026-08-18T10:00:00+05:30
usr_48a9da2b,Kavya Sharma,kavya.sharma975@example.invalid,cty_36afaa5c,IDR,en-IN,shoestring,budget,friends,cold_start,2026-07-19,silver,active,2026-07-19T09:00:00+05:30,2026-08-18T10:00:00+05:30
usr_d06b6075,Farhan Wong,farhan.wong976@example.invalid,cty_8b6b1652,INR,en-IN,shoestring,cultural,solo,cold_start,2026-07-30,,active,2026-07-30T09:00:00+05:30,2026-08-18T10:00:00+05:30
usr_57798fdb,Kabir Chatterjee,kabir.chatterjee977@example.invalid,cty_c43cfa94,INR,en-IN,value,adventure,couple,heavy,2024-06-21,,active,2024-06-21T09:00:00+05:30,2026-08-18T10:00:00+05:30
usr_db9c91fe,Elena Kim,elena.kim978@example.invalid,cty_a50bc5dd,LKR,en-IN,shoestring,slow,backpacker,heavy,2024-06-30,gold,active,2024-06-30T09:00:00+05:30,2026-08-18T10:00:00+05:30
usr_bc4b67f6,Ritu Mehta,ritu.mehta979@example.invalid,cty_7fc82336,INR,ta,premium,cultural,senior,cold_start,2026-08-17,gold,active,2026-08-17T09:00:00+05:30,2026-08-18T10:00:00+05:30
usr_5f3244b4,Ritu Rossi,ritu.rossi980@example.invalid,cty_7cb0b529,INR,en-IN,value,luxury,friends,light,2026-03-09,,active,2026-03-09T09:00:00+05:30,2026-08-18T10:00:00+05:30
usr_63d19d4c,Kabir Singh,kabir.singh981@example.invalid,cty_9327d518,INR,en-IN,shoestring,adventure,friends,cold_start,2026-08-08,,active,2026-08-08T09:00:00+05:30,2026-08-18T10:00:00+05:30
usr_ee5c9717,Pooja Fernandes,pooja.fernandes982@example.invalid,cty_43d0a650,INR,mr,premium,comfort,senior,cold_start,2026-08-07,none,active,2026-08-07T09:00:00+05:30,2026-08-18T10:00:00+05:30
usr_a015811e,Sanjay Khan,sanjay.khan983@example.invalid,cty_6320eea9,QAR,ar,luxury,wellness,backpacker,light,2024-06-28,none,active,2024-06-28T09:00:00+05:30,2026-08-18T10:00:00+05:30
usr_6dd7fb46,Imran Silva,imran.silva984@example.invalid,cty_67ee7f6f,INR,ml,premium,comfort,senior,cold_start,2026-08-14,,active,2026-08-14T09:00:00+05:30,2026-08-18T10:00:00+05:30
usr_ba8453d8,Gautam Fernandes,gautam.fernandes985@example.invalid,cty_7be8559f,INR,en-IN,luxury,luxury,friends,cold_start,2026-07-24,silver,active,2026-07-24T09:00:00+05:30,2026-08-18T10:00:00+05:30
usr_9dee989f,Grace Chatterjee,grace.chatterjee986@example.invalid,cty_32e8e65c,INR,hi,shoestring,cultural,couple,light,2024-08-16,silver,active,2024-08-16T09:00:00+05:30,2026-08-18T10:00:00+05:30
usr_81cc2de0,Gautam Nair,gautam.nair987@example.invalid,cty_0d062a51,INR,en-IN,shoestring,slow,backpacker,cold_start,2026-08-07,none,active,2026-08-07T09:00:00+05:30,2026-08-18T10:00:00+05:30
usr_67ff2106,Fatima Menon,fatima.menon988@example.invalid,cty_0d062a51,INR,en-IN,mid,wellness,business,light,2026-04-15,,active,2026-04-15T09:00:00+05:30,2026-08-18T10:00:00+05:30
usr_9474016b,Imran Sharma,imran.sharma989@example.invalid,cty_34bbfdfe,INR,en-IN,luxury,budget,business,cold_start,2026-07-17,gold,active,2026-07-17T09:00:00+05:30,2026-08-18T10:00:00+05:30
usr_cb5d7788,Shreya Kim,shreya.kim990@example.invalid,cty_aa759717,INR,en-IN,value,budget,solo,heavy,2026-06-18,none,active,2026-06-18T09:00:00+05:30,2026-08-18T10:00:00+05:30
usr_b27d9336,Tanvi Kim,tanvi.kim991@example.invalid,cty_cfec17b6,INR,en-IN,mid,cultural,business,light,2025-02-10,none,active,2025-02-10T09:00:00+05:30,2026-08-18T10:00:00+05:30
usr_2433031a,Siddharth Khan,siddharth.khan992@example.invalid,cty_1ced6ede,AED,en-IN,luxury,wellness,senior,light,2026-06-22,,active,2026-06-22T09:00:00+05:30,2026-08-18T10:00:00+05:30
usr_758134b1,Ritu Rossi,ritu.rossi993@example.invalid,cty_009c9fd2,LKR,en-IN,mid,luxury,couple,cold_start,2026-07-14,silver,active,2026-07-14T09:00:00+05:30,2026-08-18T10:00:00+05:30
usr_9a715a19,Nisha Tanaka,nisha.tanaka994@example.invalid,cty_ab50efee,INR,bn,value,adventure,senior,cold_start,2026-07-21,silver,active,2026-07-21T09:00:00+05:30,2026-08-18T10:00:00+05:30
usr_e5c87ca2,Nisha Bhat,nisha.bhat995@example.invalid,cty_9aa02925,MVR,ar,shoestring,budget,business,light,2025-06-08,none,active,2025-06-08T09:00:00+05:30,2026-08-18T10:00:00+05:30
usr_2881e5be,Shreya Bose,shreya.bose996@example.invalid,cty_d4f5e3a5,INR,en-IN,value,slow,senior,cold_start,2026-07-21,silver,active,2026-07-21T09:00:00+05:30,2026-08-18T10:00:00+05:30
usr_78513cd2,Gautam Rao,gautam.rao997@example.invalid,cty_caf3c1ee,INR,gu,shoestring,cultural,business,heavy,2025-03-03,none,active,2025-03-03T09:00:00+05:30,2026-08-18T10:00:00+05:30
usr_27d59335,Aditya Weber,aditya.weber998@example.invalid,cty_d401ef6b,INR,ml,value,adventure,couple,light,2024-08-20,gold,active,2024-08-20T09:00:00+05:30,2026-08-18T10:00:00+05:30
usr_bcc051ad,Aisha Rao,aisha.rao999@example.invalid,cty_0d9ab6ff,INR,hi,luxury,adventure,solo,light,2026-01-19,,active,2026-01-19T09:00:00+05:30,2026-08-18T10:00:00+05:30
usr_d8a9b9b3,Vikram Tanaka,vikram.tanaka1000@example.invalid,cty_d4f5e3a5,INR,en-IN,shoestring,budget,couple,cold_start,2026-08-09,none,active,2026-08-09T09:00:00+05:30,2026-08-18T10:00:00+05:30
usr_2e38cf37,Bhavna Bhat,bhavna.bhat1001@example.invalid,cty_79cbc59b,BTN,en-IN,shoestring,comfort,couple,cold_start,2026-07-16,gold,active,2026-07-16T09:00:00+05:30,2026-08-18T10:00:00+05:30
usr_63d6db20,Arjun Novak,arjun.novak1002@example.invalid,cty_7f673457,INR,ta,luxury,cultural,senior,cold_start,2026-07-14,,active,2026-07-14T09:00:00+05:30,2026-08-18T10:00:00+05:30
usr_de0e4344,Kavya Novak,kavya.novak1003@example.invalid,cty_34bbfdfe,INR,ml,shoestring,slow,senior,light,2026-07-19,gold,active,2026-07-19T09:00:00+05:30,2026-08-18T10:00:00+05:30
usr_95bee04e,Grace Weber,grace.weber1004@example.invalid,cty_79cbc59b,BTN,en-IN,mid,budget,business,heavy,2023-05-13,,active,2023-05-13T09:00:00+05:30,2026-08-18T10:00:00+05:30
usr_0389057b,Joseph Shetty,joseph.shetty1005@example.invalid,cty_5698a7ab,INR,hi,mid,wellness,solo,cold_start,2026-08-17,,active,2026-08-17T09:00:00+05:30,2026-08-18T10:00:00+05:30
usr_bac1ae76,Grace Nair,grace.nair1006@example.invalid,cty_718f03c7,INR,en-IN,luxury,budget,friends,cold_start,2026-07-20,,active,2026-07-20T09:00:00+05:30,2026-08-18T10:00:00+05:30
usr_a9e888d0,Nikhil Costa,nikhil.costa1007@example.invalid,cty_bbb31d67,INR,en-IN,luxury,luxury,friends,cold_start,2026-07-09,silver,active,2026-07-09T09:00:00+05:30,2026-08-18T10:00:00+05:30
usr_51275e79,Pooja Bose,pooja.bose1008@example.invalid,cty_d401ef6b,INR,ml,shoestring,luxury,business,cold_start,2026-07-29,gold,active,2026-07-29T09:00:00+05:30,2026-08-18T10:00:00+05:30
usr_8f241d83,Farhan Shetty,farhan.shetty1009@example.invalid,cty_7f673457,INR,en-IN,shoestring,slow,family,cold_start,2026-07-25,gold,active,2026-07-25T09:00:00+05:30,2026-08-18T10:00:00+05:30
usr_acd89323,Neha Verma,neha.verma1010@example.invalid,cty_95e7c8ca,INR,mr,mid,comfort,friends,cold_start,2026-07-13,silver,active,2026-07-13T09:00:00+05:30,2026-08-18T10:00:00+05:30
usr_d5cd5550,Omar Das,omar.das1011@example.invalid,cty_32e8e65c,INR,en-IN,value,wellness,family,cold_start,2026-07-20,,active,2026-07-20T09:00:00+05:30,2026-08-18T10:00:00+05:30
usr_ab2353de,Sneha Wong,sneha.wong1012@example.invalid,cty_3503e391,INR,ta,value,slow,family,light,2025-02-13,silver,active,2025-02-13T09:00:00+05:30,2026-08-18T10:00:00+05:30
usr_bf4b6b58,Maya Tanaka,maya.tanaka1013@example.invalid,cty_828a7777,INR,ur,premium,luxury,family,cold_start,2026-07-21,silver,active,2026-07-21T09:00:00+05:30,2026-08-18T10:00:00+05:30
usr_428c2df2,Vikram Verma,vikram.verma1014@example.invalid,cty_51a149b7,JPY,ja,luxury,budget,business,cold_start,2026-07-24,gold,active,2026-07-24T09:00:00+05:30,2026-08-18T10:00:00+05:30
usr_9694b4a3,Ritu Joshi,ritu.joshi1015@example.invalid,cty_caf3c1ee,INR,en-IN,mid,adventure,senior,light,2024-02-01,silver,active,2024-02-01T09:00:00+05:30,2026-08-18T10:00:00+05:30
usr_53cbafa7,Imran Novak,imran.novak1016@example.invalid,cty_79cbc59b,BTN,ne,premium,budget,backpacker,cold_start,2026-08-07,,active,2026-08-07T09:00:00+05:30,2026-08-18T10:00:00+05:30
usr_0e5a0620,Marco Khan,marco.khan1017@example.invalid,cty_621f4a84,INR,mr,mid,adventure,family,cold_start,2026-07-28,gold,active,2026-07-28T09:00:00+05:30,2026-08-18T10:00:00+05:30
usr_57890fbe,Omar Pillai,omar.pillai1018@example.invalid,cty_36afaa5c,IDR,en-IN,premium,budget,friends,light,2023-02-09,gold,active,2023-02-09T09:00:00+05:30,2026-08-18T10:00:00+05:30
usr_243cefe8,Rohan Bose,rohan.bose1019@example.invalid,cty_bbb31d67,INR,kn,mid,slow,couple,heavy,2024-02-11,gold,active,2024-02-11T09:00:00+05:30,2026-08-18T10:00:00+05:30
usr_4be86d73,Thomas Sharma,thomas.sharma1020@example.invalid,cty_3503e391,INR,en-IN,luxury,luxury,backpacker,light,2025-07-31,none,active,2025-07-31T09:00:00+05:30,2026-08-18T10:00:00+05:30
usr_b11d6d2c,Farhan Verma,farhan.verma1021@example.invalid,cty_c07454f1,INR,hi,mid,comfort,senior,cold_start,2026-07-07,none,active,2026-07-07T09:00:00+05:30,2026-08-18T10:00:00+05:30
usr_7a1346e6,Rohan Kulkarni,rohan.kulkarni1022@example.invalid,cty_cfec17b6,INR,en-IN,value,wellness,business,heavy,2023-05-06,none,active,2023-05-06T09:00:00+05:30,2026-08-18T10:00:00+05:30
usr_2182a4d3,Rohan Khan,rohan.khan1023@example.invalid,cty_c07454f1,INR,hi,value,wellness,couple,cold_start,2026-07-21,silver,active,2026-07-21T09:00:00+05:30,2026-08-18T10:00:00+05:30
usr_86b17c0e,Devi Mehta,devi.mehta1024@example.invalid,cty_ccb4fb74,INR,ne,shoestring,luxury,friends,heavy,2024-03-17,,active,2024-03-17T09:00:00+05:30,2026-08-18T10:00:00+05:30
usr_e572b881,Ritu Kulkarni,ritu.kulkarni1025@example.invalid,cty_f8b75f8e,INR,en-IN,shoestring,slow,family,cold_start,2026-08-02,silver,active,2026-08-02T09:00:00+05:30,2026-08-18T10:00:00+05:30
usr_895960e2,Joseph Rossi,joseph.rossi1026@example.invalid,cty_718f03c7,INR,en-IN,luxury,comfort,backpacker,cold_start,2026-07-12,gold,active,2026-07-12T09:00:00+05:30,2026-08-18T10:00:00+05:30
usr_7f9533ad,Aarav Patel,aarav.patel1027@example.invalid,cty_36afaa5c,IDR,en-IN,value,adventure,senior,cold_start,2026-07-09,none,active,2026-07-09T09:00:00+05:30,2026-08-18T10:00:00+05:30
usr_e2ca58e8,Priya Ahmed,priya.ahmed1028@example.invalid,cty_c43cfa94,INR,bn,premium,adventure,friends,cold_start,2026-07-19,none,active,2026-07-19T09:00:00+05:30,2026-08-18T10:00:00+05:30
usr_90afe18c,Arjun Fernandes,arjun.fernandes1029@example.invalid,cty_f8b75f8e,INR,ta,mid,adventure,friends,light,2025-08-18,none,active,2025-08-18T09:00:00+05:30,2026-08-18T10:00:00+05:30
usr_e4376908,Tanvi Joshi,tanvi.joshi1030@example.invalid,cty_0b7f5985,CHF,de,shoestring,comfort,backpacker,cold_start,2026-07-07,,active,2026-07-07T09:00:00+05:30,2026-08-18T10:00:00+05:30
usr_88f95d02,Omar Ahmed,omar.ahmed1031@example.invalid,cty_718f03c7,INR,te,value,cultural,senior,cold_start,2026-07-27,,active,2026-07-27T09:00:00+05:30,2026-08-18T10:00:00+05:30
usr_4a53ac63,Nisha Das,nisha.das1032@example.invalid,cty_8fc1539e,INR,en-IN,premium,adventure,senior,light,2022-12-16,none,active,2022-12-16T09:00:00+05:30,2026-08-18T10:00:00+05:30
usr_9d604e2e,Pooja Gupta,pooja.gupta1033@example.invalid,cty_3503e391,INR,ta,mid,budget,backpacker,light,2024-05-13,,active,2024-05-13T09:00:00+05:30,2026-08-18T10:00:00+05:30
usr_beed67f9,Priya Kim,priya.kim1034@example.invalid,cty_076e8e86,INR,hi,luxury,budget,couple,cold_start,2026-07-10,gold,active,2026-07-10T09:00:00+05:30,2026-08-18T10:00:00+05:30
usr_753b19f4,Imran Kulkarni,imran.kulkarni1035@example.invalid,cty_aa759717,INR,hi,luxury,cultural,friends,cold_start,2026-07-06,silver,active,2026-07-06T09:00:00+05:30,2026-08-18T10:00:00+05:30
usr_62c799b9,Vikram Iyer,vikram.iyer1036@example.invalid,cty_d401ef6b,INR,ml,premium,slow,business,cold_start,2026-07-20,,active,2026-07-20T09:00:00+05:30,2026-08-18T10:00:00+05:30
usr_76043d79,Ananya Khan,ananya.khan1037@example.invalid,cty_7be8559f,INR,en-IN,mid,wellness,solo,cold_start,2026-08-04,gold,active,2026-08-04T09:00:00+05:30,2026-08-18T10:00:00+05:30
usr_96a8d3c5,Lakshmi Sharma,lakshmi.sharma1038@example.invalid,cty_95d040d8,NPR,en-IN,premium,luxury,family,heavy,2023-07-20,gold,active,2023-07-20T09:00:00+05:30,2026-08-18T10:00:00+05:30
usr_51381bca,Farhan Novak,farhan.novak1039@example.invalid,cty_0b92e2e7,INR,en-IN,shoestring,wellness,solo,cold_start,2026-07-05,,active,2026-07-05T09:00:00+05:30,2026-08-18T10:00:00+05:30
usr_100f9b9a,Maya Ahmed,maya.ahmed1040@example.invalid,cty_f288c6a0,INR,en-IN,value,budget,solo,cold_start,2026-08-17,gold,active,2026-08-17T09:00:00+05:30,2026-08-18T10:00:00+05:30
usr_f0fa5dd4,Fatima Costa,fatima.costa1041@example.invalid,cty_0d062a51,INR,pa,premium,luxury,solo,light,2023-01-11,silver,active,2023-01-11T09:00:00+05:30,2026-08-18T10:00:00+05:30
usr_22dddcab,Tanvi Menon,tanvi.menon1042@example.invalid,cty_905fd8a1,SGD,en-IN,premium,slow,family,cold_start,2026-07-23,silver,active,2026-07-23T09:00:00+05:30,2026-08-18T10:00:00+05:30
usr_13971676,Rahul Silva,rahul.silva1043@example.invalid,cty_67ee7f6f,INR,en-IN,mid,comfort,family,heavy,2024-11-27,none,active,2024-11-27T09:00:00+05:30,2026-08-18T10:00:00+05:30
usr_31078309,Pooja Iyer,pooja.iyer1044@example.invalid,cty_a97c33ad,INR,kn,value,luxury,business,heavy,2025-04-16,gold,active,2025-04-16T09:00:00+05:30,2026-08-18T10:00:00+05:30
usr_1af66a73,Fatima Iyer,fatima.iyer1045@example.invalid,cty_7fc82336,INR,en-IN,premium,wellness,couple,cold_start,2026-08-10,,active,2026-08-10T09:00:00+05:30,2026-08-18T10:00:00+05:30
usr_07f03d4c,Chen Nair,chen.nair1046@example.invalid,cty_f8b75f8e,INR,ta,premium,luxury,family,heavy,2025-11-26,,active,2025-11-26T09:00:00+05:30,2026-08-18T10:00:00+05:30
usr_0b0894aa,Nikhil Kim,nikhil.kim1047@example.invalid,cty_c0f2d9de,NPR,ne,value,slow,friends,cold_start,2026-08-08,gold,active,2026-08-08T09:00:00+05:30,2026-08-18T10:00:00+05:30
usr_050830ac,Zoya Shetty,zoya.shetty1048@example.invalid,cty_d401ef6b,INR,en-IN,luxury,adventure,couple,light,2024-04-25,gold,active,2024-04-25T09:00:00+05:30,2026-08-18T10:00:00+05:30
usr_01834f7c,Karthik Patel,karthik.patel1049@example.invalid,cty_a97c33ad,INR,kn,shoestring,slow,couple,light,2025-01-13,none,active,2025-01-13T09:00:00+05:30,2026-08-18T10:00:00+05:30
usr_638c6951,Daniel Mehta,daniel.mehta1050@example.invalid,cty_b43cdd57,INR,hi,value,comfort,senior,cold_start,2026-07-06,silver,active,2026-07-06T09:00:00+05:30,2026-08-18T10:00:00+05:30
usr_172e9767,Kavya Bose,kavya.bose1051@example.invalid,cty_a50bc5dd,LKR,si,value,cultural,solo,cold_start,2026-07-30,gold,active,2026-07-30T09:00:00+05:30,2026-08-18T10:00:00+05:30
usr_3a36b154,Sneha Nair,sneha.nair1052@example.invalid,cty_f8b75f8e,INR,en-IN,value,cultural,couple,light,2025-03-14,silver,active,2025-03-14T09:00:00+05:30,2026-08-18T10:00:00+05:30
usr_037c5821,Riya Pillai,riya.pillai1053@example.invalid,cty_621f4a84,INR,en-IN,shoestring,luxury,backpacker,light,2024-08-06,gold,active,2024-08-06T09:00:00+05:30,2026-08-18T10:00:00+05:30
usr_566318ac,Riya Novak,riya.novak1054@example.invalid,cty_f29656ff,INR,mr,mid,adventure,business,cold_start,2026-08-07,,active,2026-08-07T09:00:00+05:30,2026-08-18T10:00:00+05:30
usr_4794cd34,Elena Verma,elena.verma1055@example.invalid,cty_95e7c8ca,INR,mr,mid,wellness,solo,heavy,2025-08-25,,active,2025-08-25T09:00:00+05:30,2026-08-18T10:00:00+05:30
usr_a370271a,Manav Ahmed,manav.ahmed1056@example.invalid,cty_aa759717,INR,en-IN,value,comfort,couple,light,2024-06-02,,active,2024-06-02T09:00:00+05:30,2026-08-18T10:00:00+05:30
usr_72796feb,Meera Shetty,meera.shetty1057@example.invalid,cty_f288c6a0,INR,en-IN,shoestring,wellness,solo,light,2025-04-09,gold,active,2025-04-09T09:00:00+05:30,2026-08-18T10:00:00+05:30
usr_991a1e29,Aditya Khan,aditya.khan1058@example.invalid,cty_8b6b1652,INR,ml,mid,comfort,friends,cold_start,2026-07-11,,active,2026-07-11T09:00:00+05:30,2026-08-18T10:00:00+05:30
usr_e3e0cd9d,Imran Novak,imran.novak1059@example.invalid,cty_5698a7ab,INR,en-IN,value,slow,couple,light,2025-07-01,silver,active,2025-07-01T09:00:00+05:30,2026-08-18T10:00:00+05:30
usr_6c5b2519,Maya Tanaka,maya.tanaka1060@example.invalid,cty_a5f16904,THB,en-IN,premium,budget,business,light,2025-05-12,gold,active,2025-05-12T09:00:00+05:30,2026-08-18T10:00:00+05:30
usr_8fb432fb,Devi Silva,devi.silva1061@example.invalid,cty_7be8559f,INR,or,luxury,cultural,backpacker,heavy,2024-08-26,none,active,2024-08-26T09:00:00+05:30,2026-08-18T10:00:00+05:30
usr_5d8450f0,Anita Nair,anita.nair1062@example.invalid,cty_ccb4fb74,INR,en-IN,luxury,cultural,backpacker,light,2024-09-02,,active,2024-09-02T09:00:00+05:30,2026-08-18T10:00:00+05:30
usr_664c590c,Chen Menon,chen.menon1063@example.invalid,cty_621f4a84,INR,en-IN,value,wellness,family,heavy,2026-04-25,,active,2026-04-25T09:00:00+05:30,2026-08-18T10:00:00+05:30
usr_3dcfa8eb,Kavya Das,kavya.das1064@example.invalid,cty_621f4a84,INR,en-IN,premium,slow,backpacker,light,2025-08-01,gold,active,2025-08-01T09:00:00+05:30,2026-08-18T10:00:00+05:30
usr_9a5cd9cf,Bhavna Costa,bhavna.costa1065@example.invalid,cty_d35a9652,INR,en-IN,shoestring,luxury,solo,heavy,2025-04-25,gold,active,2025-04-25T09:00:00+05:30,2026-08-18T10:00:00+05:30
usr_7d446287,Sanjay Silva,sanjay.silva1066@example.invalid,cty_7be8559f,INR,or,luxury,slow,solo,light,2025-12-14,,active,2025-12-14T09:00:00+05:30,2026-08-18T10:00:00+05:30
usr_c0f6428b,Yuki Nair,yuki.nair1067@example.invalid,cty_8b6b1652,INR,en-IN,mid,comfort,family,light,2026-05-30,silver,active,2026-05-30T09:00:00+05:30,2026-08-18T10:00:00+05:30
usr_cbdc0a06,Aisha Kim,aisha.kim1068@example.invalid,cty_c97e6cd5,INR,hi,mid,comfort,backpacker,cold_start,2026-07-07,gold,active,2026-07-07T09:00:00+05:30,2026-08-18T10:00:00+05:30
usr_18260fc4,Maya Mehta,maya.mehta1069@example.invalid,cty_0d9ab6ff,INR,hi,premium,budget,friends,cold_start,2026-08-17,,active,2026-08-17T09:00:00+05:30,2026-08-18T10:00:00+05:30
usr_0f11ccce,Bhavna Bhat,bhavna.bhat1070@example.invalid,cty_a50bc5dd,LKR,en-IN,premium,comfort,couple,cold_start,2026-07-26,,active,2026-07-26T09:00:00+05:30,2026-08-18T10:00:00+05:30
usr_0eb7982c,Sanjay Novak,sanjay.novak1071@example.invalid,cty_d401ef6b,INR,en-IN,premium,wellness,business,cold_start,2026-07-08,,active,2026-07-08T09:00:00+05:30,2026-08-18T10:00:00+05:30
usr_d504f21d,Riya Chatterjee,riya.chatterjee1072@example.invalid,cty_076e8e86,INR,en-IN,premium,slow,couple,cold_start,2026-07-08,silver,active,2026-07-08T09:00:00+05:30,2026-08-18T10:00:00+05:30
usr_6ec8f18d,Shreya Kulkarni,shreya.kulkarni1073@example.invalid,cty_905fd8a1,SGD,en-IN,value,wellness,couple,heavy,2024-12-05,gold,active,2024-12-05T09:00:00+05:30,2026-08-18T10:00:00+05:30
usr_8559137d,Devi Rossi,devi.rossi1074@example.invalid,cty_79cbc59b,BTN,ne,value,adventure,family,cold_start,2026-07-09,gold,active,2026-07-09T09:00:00+05:30,2026-08-18T10:00:00+05:30
usr_49544c26,Ishaan Pillai,ishaan.pillai1075@example.invalid,cty_a5f16904,THB,en-IN,shoestring,budget,solo,cold_start,2026-07-05,gold,active,2026-07-05T09:00:00+05:30,2026-08-18T10:00:00+05:30
usr_d7bc2e8d,Ravi Singh,ravi.singh1076@example.invalid,cty_9aa02925,MVR,ar,shoestring,adventure,friends,light,2023-06-21,,active,2023-06-21T09:00:00+05:30,2026-08-18T10:00:00+05:30
usr_377ed035,Sofia Bose,sofia.bose1077@example.invalid,cty_0d9ab6ff,INR,en-IN,shoestring,cultural,couple,cold_start,2026-08-08,silver,active,2026-08-08T09:00:00+05:30,2026-08-18T10:00:00+05:30
usr_aef2d4f6,Bhavna Das,bhavna.das1078@example.invalid,cty_bbb31d67,INR,en-IN,value,slow,business,light,2025-04-26,gold,active,2025-04-26T09:00:00+05:30,2026-08-18T10:00:00+05:30
usr_7fa0a9c6,Rahul Gupta,rahul.gupta1079@example.invalid,cty_5698a7ab,INR,hi,shoestring,wellness,senior,cold_start,2026-07-18,none,active,2026-07-18T09:00:00+05:30,2026-08-18T10:00:00+05:30
usr_ba25cb52,Aditya Sharma,aditya.sharma1080@example.invalid,cty_9327d518,INR,en-IN,premium,slow,family,light,2026-05-15,,active,2026-05-15T09:00:00+05:30,2026-08-18T10:00:00+05:30
usr_677ff5f6,Karthik Nair,karthik.nair1081@example.invalid,cty_541018a9,INR,ml,value,comfort,senior,cold_start,2026-07-17,silver,active,2026-07-17T09:00:00+05:30,2026-08-18T10:00:00+05:30
usr_a352fc16,Aisha Weber,aisha.weber1082@example.invalid,cty_0b7f5985,CHF,en-IN,value,luxury,backpacker,cold_start,2026-07-11,,active,2026-07-11T09:00:00+05:30,2026-08-18T10:00:00+05:30
usr_e851fdeb,Manav Verma,manav.verma1083@example.invalid,cty_8fc1539e,INR,en-IN,shoestring,adventure,friends,light,2025-06-02,none,active,2025-06-02T09:00:00+05:30,2026-08-18T10:00:00+05:30
usr_e95757cb,Imran Wong,imran.wong1084@example.invalid,cty_ab50efee,INR,en-IN,luxury,slow,family,cold_start,2026-07-27,none,active,2026-07-27T09:00:00+05:30,2026-08-18T10:00:00+05:30
usr_98301d37,Rohan Mehta,rohan.mehta1085@example.invalid,cty_b6ccbb3b,INR,or,mid,cultural,business,light,2025-08-14,gold,active,2025-08-14T09:00:00+05:30,2026-08-18T10:00:00+05:30
usr_a25f0129,Priya Sharma,priya.sharma1086@example.invalid,cty_7f673457,INR,ta,shoestring,luxury,couple,light,2025-07-06,,active,2025-07-06T09:00:00+05:30,2026-08-18T10:00:00+05:30
usr_6e20f92e,Ritu Mehta,ritu.mehta1087@example.invalid,cty_34bbfdfe,INR,ml,mid,adventure,solo,heavy,2025-02-07,,active,2025-02-07T09:00:00+05:30,2026-08-18T10:00:00+05:30
usr_ea479c41,Grace Bhat,grace.bhat1088@example.invalid,cty_c97e6cd5,INR,hi,mid,cultural,solo,cold_start,2026-08-10,gold,active,2026-08-10T09:00:00+05:30,2026-08-18T10:00:00+05:30
usr_0c1ce238,Devi Sharma,devi.sharma1089@example.invalid,cty_f288c6a0,INR,en-IN,luxury,adventure,backpacker,heavy,2026-01-09,gold,active,2026-01-09T09:00:00+05:30,2026-08-18T10:00:00+05:30
usr_c4f13dce,Leila Nair,leila.nair1090@example.invalid,cty_009c9fd2,LKR,si,premium,wellness,family,light,2023-06-25,,active,2023-06-25T09:00:00+05:30,2026-08-18T10:00:00+05:30
usr_03965504,Joseph Rao,joseph.rao1091@example.invalid,cty_a5f16904,THB,en-IN,value,budget,friends,cold_start,2026-07-23,silver,active,2026-07-23T09:00:00+05:30,2026-08-18T10:00:00+05:30
usr_cf6d7fc2,Arun Bose,arun.bose1092@example.invalid,cty_590d4b7b,INR,en-IN,value,cultural,family,heavy,2025-09-05,silver,active,2025-09-05T09:00:00+05:30,2026-08-18T10:00:00+05:30
usr_3f4f4c52,Aarav Patel,aarav.patel1093@example.invalid,cty_3503e391,INR,ta,luxury,comfort,solo,light,2024-01-10,,active,2024-01-10T09:00:00+05:30,2026-08-18T10:00:00+05:30
usr_ae35e63d,Anita Sharma,anita.sharma1094@example.invalid,cty_5d572c8a,INR,hi,luxury,slow,solo,heavy,2025-04-24,none,active,2025-04-24T09:00:00+05:30,2026-08-18T10:00:00+05:30
usr_e1f3dfbc,Elena Wong,elena.wong1095@example.invalid,cty_6320eea9,QAR,en-IN,mid,slow,family,cold_start,2026-08-09,,active,2026-08-09T09:00:00+05:30,2026-08-18T10:00:00+05:30
usr_2209582f,Fatima Shetty,fatima.shetty1096@example.invalid,cty_7cb0b529,INR,en-IN,mid,slow,senior,heavy,2024-07-15,gold,active,2024-07-15T09:00:00+05:30,2026-08-18T10:00:00+05:30
usr_985ca955,Devi Gupta,devi.gupta1097@example.invalid,cty_aa759717,INR,hi,premium,adventure,friends,light,2025-09-23,,active,2025-09-23T09:00:00+05:30,2026-08-18T10:00:00+05:30
usr_98ca8444,Siddharth Novak,siddharth.novak1098@example.invalid,cty_ab50efee,INR,bn,shoestring,cultural,couple,heavy,2022-10-24,silver,active,2022-10-24T09:00:00+05:30,2026-08-18T10:00:00+05:30
usr_b4a877b0,Lakshmi Shetty,lakshmi.shetty1099@example.invalid,cty_d4f5e3a5,INR,en-IN,premium,adventure,backpacker,cold_start,2026-08-02,none,active,2026-08-02T09:00:00+05:30,2026-08-18T10:00:00+05:30
usr_3349b18a,Vikram Bose,vikram.bose1100@example.invalid,cty_aa759717,INR,hi,mid,adventure,friends,light,2025-03-28,none,active,2025-03-28T09:00:00+05:30,2026-08-18T10:00:00+05:30
usr_81dbf021,Pooja Verma,pooja.verma1101@example.invalid,cty_c0f2d9de,NPR,ne,value,slow,solo,light,2023-05-21,gold,active,2023-05-21T09:00:00+05:30,2026-08-18T10:00:00+05:30
usr_ad8b46f0,Ananya Ahmed,ananya.ahmed1102@example.invalid,cty_cf1c6ac5,INR,en-IN,mid,wellness,family,cold_start,2026-08-02,none,active,2026-08-02T09:00:00+05:30,2026-08-18T10:00:00+05:30
usr_b8d03703,Rohan Costa,rohan.costa1103@example.invalid,cty_cf1c6ac5,INR,as,shoestring,luxury,friends,cold_start,2026-07-29,gold,active,2026-07-29T09:00:00+05:30,2026-08-18T10:00:00+05:30
usr_856079e2,Elena Bose,elena.bose1104@example.invalid,cty_10cbee86,INR,hi,shoestring,wellness,friends,light,2026-06-21,gold,active,2026-06-21T09:00:00+05:30,2026-08-18T10:00:00+05:30
usr_d5abc35a,Fatima Das,fatima.das1105@example.invalid,cty_36afaa5c,IDR,id,premium,slow,backpacker,light,2024-04-13,gold,active,2024-04-13T09:00:00+05:30,2026-08-18T10:00:00+05:30
usr_7e340c2a,Rohan Gupta,rohan.gupta1106@example.invalid,cty_7be8559f,INR,en-IN,premium,adventure,friends,light,2025-04-05,gold,active,2025-04-05T09:00:00+05:30,2026-08-18T10:00:00+05:30
usr_9e65154f,Riya Novak,riya.novak1107@example.invalid,cty_541018a9,INR,ml,luxury,cultural,backpacker,cold_start,2026-07-21,silver,active,2026-07-21T09:00:00+05:30,2026-08-18T10:00:00+05:30
usr_ce9ee3ae,Ritu Rossi,ritu.rossi1108@example.invalid,cty_0b7f5985,CHF,de,luxury,luxury,friends,heavy,2024-12-07,gold,active,2024-12-07T09:00:00+05:30,2026-08-18T10:00:00+05:30
usr_68f38693,Maya Verma,maya.verma1109@example.invalid,cty_67ee7f6f,INR,en-IN,mid,cultural,friends,heavy,2022-12-07,gold,active,2022-12-07T09:00:00+05:30,2026-08-18T10:00:00+05:30
usr_5e289429,Marco Nair,marco.nair1110@example.invalid,cty_a97c33ad,INR,kn,luxury,adventure,friends,cold_start,2026-08-01,gold,active,2026-08-01T09:00:00+05:30,2026-08-18T10:00:00+05:30
usr_d8024b62,Manav Joshi,manav.joshi1111@example.invalid,cty_b43cdd57,INR,hi,premium,luxury,family,cold_start,2026-08-15,silver,active,2026-08-15T09:00:00+05:30,2026-08-18T10:00:00+05:30
usr_d89a661b,Chen Chatterjee,chen.chatterjee1112@example.invalid,cty_828a7777,INR,en-IN,luxury,cultural,couple,cold_start,2026-07-09,,active,2026-07-09T09:00:00+05:30,2026-08-18T10:00:00+05:30
usr_44604a9d,Aisha Silva,aisha.silva1113@example.invalid,cty_d401ef6b,INR,ml,shoestring,slow,business,heavy,2025-05-26,none,active,2025-05-26T09:00:00+05:30,2026-08-18T10:00:00+05:30
usr_fc8fd348,Sofia Kulkarni,sofia.kulkarni1114@example.invalid,cty_7cb0b529,INR,en-IN,shoestring,budget,senior,heavy,2023-03-03,,active,2023-03-03T09:00:00+05:30,2026-08-18T10:00:00+05:30
usr_76ac5087,Chen Iyer,chen.iyer1115@example.invalid,cty_b6ccbb3b,INR,or,premium,luxury,friends,heavy,2025-08-14,silver,active,2025-08-14T09:00:00+05:30,2026-08-18T10:00:00+05:30
usr_ba066e60,Omar Iyer,omar.iyer1116@example.invalid,cty_c07454f1,INR,en-IN,luxury,slow,solo,cold_start,2026-07-12,gold,active,2026-07-12T09:00:00+05:30,2026-08-18T10:00:00+05:30
usr_0160ad56,Vikram Singh,vikram.singh1117@example.invalid,cty_bbb31d67,INR,en-IN,premium,budget,senior,cold_start,2026-07-15,none,active,2026-07-15T09:00:00+05:30,2026-08-18T10:00:00+05:30
usr_2b053270,Meera Joshi,meera.joshi1118@example.invalid,cty_17b8ef2f,INR,en-IN,luxury,slow,family,cold_start,2026-08-14,gold,active,2026-08-14T09:00:00+05:30,2026-08-18T10:00:00+05:30
usr_76c235d5,Aarav Sharma,aarav.sharma1119@example.invalid,cty_7cb0b529,INR,te,value,comfort,family,heavy,2025-09-12,none,active,2025-09-12T09:00:00+05:30,2026-08-18T10:00:00+05:30
usr_a6eaecde,Kavya Kim,kavya.kim1120@example.invalid,cty_d35a9652,INR,en-IN,mid,wellness,friends,heavy,2026-05-31,gold,active,2026-05-31T09:00:00+05:30,2026-08-18T10:00:00+05:30
usr_8e51dcb0,Gautam Rossi,gautam.rossi1121@example.invalid,cty_a97c33ad,INR,en-IN,luxury,cultural,friends,cold_start,2026-08-04,silver,active,2026-08-04T09:00:00+05:30,2026-08-18T10:00:00+05:30
usr_cabd8a19,Marco Pillai,marco.pillai1122@example.invalid,cty_a97c33ad,INR,kn,shoestring,wellness,business,light,2022-11-23,,active,2022-11-23T09:00:00+05:30,2026-08-18T10:00:00+05:30
usr_9b3b547f,Sneha Mehta,sneha.mehta1123@example.invalid,cty_0b7f5985,CHF,en-IN,value,slow,friends,cold_start,2026-07-20,gold,active,2026-07-20T09:00:00+05:30,2026-08-18T10:00:00+05:30
usr_756ce6b3,Ishaan Bose,ishaan.bose1124@example.invalid,cty_828a7777,INR,ur,luxury,wellness,backpacker,cold_start,2026-07-27,none,active,2026-07-27T09:00:00+05:30,2026-08-18T10:00:00+05:30
usr_ba357566,Elena Bose,elena.bose1125@example.invalid,cty_c0f2d9de,NPR,ne,value,wellness,family,cold_start,2026-08-06,none,active,2026-08-06T09:00:00+05:30,2026-08-18T10:00:00+05:30
usr_d3cf0a5d,Elena Khan,elena.khan1126@example.invalid,cty_51a149b7,JPY,ja,value,luxury,backpacker,cold_start,2026-07-14,none,active,2026-07-14T09:00:00+05:30,2026-08-18T10:00:00+05:30
usr_23811da7,Grace Kulkarni,grace.kulkarni1127@example.invalid,cty_d4f5e3a5,INR,en-IN,shoestring,budget,couple,cold_start,2026-08-15,silver,active,2026-08-15T09:00:00+05:30,2026-08-18T10:00:00+05:30
usr_5aad8c95,Omar Sharma,omar.sharma1128@example.invalid,cty_43d0a650,INR,en-IN,premium,budget,solo,cold_start,2026-07-15,,active,2026-07-15T09:00:00+05:30,2026-08-18T10:00:00+05:30
usr_cc3e5793,Sanjay Iyer,sanjay.iyer1129@example.invalid,cty_0b92e2e7,INR,hi,premium,slow,business,light,2024-05-12,gold,active,2024-05-12T09:00:00+05:30,2026-08-18T10:00:00+05:30
usr_cf744020,Rahul Silva,rahul.silva1130@example.invalid,cty_67ee7f6f,INR,ml,premium,luxury,senior,cold_start,2026-07-13,,inactive,2026-07-13T09:00:00+05:30,2026-08-18T10:00:00+05:30
usr_1239733b,Aditya Nair,aditya.nair1131@example.invalid,cty_b43cdd57,INR,hi,mid,luxury,senior,cold_start,2026-07-26,,active,2026-07-26T09:00:00+05:30,2026-08-18T10:00:00+05:30
usr_ae377360,Rahul Bhat,rahul.bhat1132@example.invalid,cty_7b89639e,AED,en-IN,premium,slow,solo,cold_start,2026-07-27,silver,active,2026-07-27T09:00:00+05:30,2026-08-18T10:00:00+05:30
usr_60fd8d80,Joseph Bhat,joseph.bhat1133@example.invalid,cty_10cbee86,INR,hi,shoestring,slow,senior,cold_start,2026-07-21,silver,active,2026-07-21T09:00:00+05:30,2026-08-18T10:00:00+05:30
usr_ca5e9ab1,Zoya Menon,zoya.menon1134@example.invalid,cty_7f673457,INR,ta,value,budget,senior,cold_start,2026-07-21,,active,2026-07-21T09:00:00+05:30,2026-08-18T10:00:00+05:30
usr_5bfe40e4,Rahul Silva,rahul.silva1135@example.invalid,cty_95e7c8ca,INR,en-IN,shoestring,wellness,senior,light,2024-09-19,silver,active,2024-09-19T09:00:00+05:30,2026-08-18T10:00:00+05:30
usr_76bba6d8,Maya Fernandes,maya.fernandes1136@example.invalid,cty_bbb31d67,INR,en-IN,value,slow,couple,heavy,2025-09-01,,active,2025-09-01T09:00:00+05:30,2026-08-18T10:00:00+05:30
usr_268fdb85,Arun Ahmed,arun.ahmed1137@example.invalid,cty_cf1c6ac5,INR,en-IN,premium,budget,solo,cold_start,2026-07-25,silver,active,2026-07-25T09:00:00+05:30,2026-08-18T10:00:00+05:30
usr_6b052f91,Nikhil Singh,nikhil.singh1138@example.invalid,cty_7cb0b529,INR,en-IN,premium,cultural,couple,cold_start,2026-07-11,none,active,2026-07-11T09:00:00+05:30,2026-08-18T10:00:00+05:30
usr_93d67c62,Aditya Khan,aditya.khan1139@example.invalid,cty_8fc1539e,INR,kn,value,comfort,business,cold_start,2026-08-08,gold,active,2026-08-08T09:00:00+05:30,2026-08-18T10:00:00+05:30
usr_9bf04990,Sofia Singh,sofia.singh1140@example.invalid,cty_8fc1539e,INR,en-IN,premium,slow,senior,cold_start,2026-08-11,none,active,2026-08-11T09:00:00+05:30,2026-08-18T10:00:00+05:30
usr_b831f448,Aisha Rossi,aisha.rossi1141@example.invalid,cty_c43cfa94,INR,en-IN,mid,slow,backpacker,light,2023-07-24,none,active,2023-07-24T09:00:00+05:30,2026-08-18T10:00:00+05:30
usr_fb725464,Elena Kulkarni,elena.kulkarni1142@example.invalid,cty_cfec17b6,INR,gu,value,budget,friends,cold_start,2026-08-01,gold,active,2026-08-01T09:00:00+05:30,2026-08-18T10:00:00+05:30
usr_6cdfb2c8,Marco Tanaka,marco.tanaka1143@example.invalid,cty_7fc82336,INR,en-IN,mid,adventure,solo,light,2024-03-18,gold,active,2024-03-18T09:00:00+05:30,2026-08-18T10:00:00+05:30
usr_705b95b7,Aarav Chatterjee,aarav.chatterjee1144@example.invalid,cty_ccb4fb74,INR,ne,premium,luxury,senior,heavy,2023-05-15,gold,inactive,2023-05-15T09:00:00+05:30,2026-08-18T10:00:00+05:30
usr_52257a0a,Nisha Iyer,nisha.iyer1145@example.invalid,cty_ccb4fb74,INR,ne,value,wellness,senior,cold_start,2026-08-10,gold,active,2026-08-10T09:00:00+05:30,2026-08-18T10:00:00+05:30
usr_7dc3ba48,Aisha Kulkarni,aisha.kulkarni1146@example.invalid,cty_9aa02925,MVR,ar,luxury,wellness,family,cold_start,2026-07-08,,active,2026-07-08T09:00:00+05:30,2026-08-18T10:00:00+05:30
usr_b50df034,Yuki Tanaka,yuki.tanaka1147@example.invalid,cty_541018a9,INR,ml,premium,luxury,friends,heavy,2025-01-07,silver,active,2025-01-07T09:00:00+05:30,2026-08-18T10:00:00+05:30
usr_bc4a9809,Imran Kim,imran.kim1148@example.invalid,cty_cf1c6ac5,INR,as,mid,budget,backpacker,heavy,2024-04-30,gold,active,2024-04-30T09:00:00+05:30,2026-08-18T10:00:00+05:30
usr_0ae483ef,Sanjay Pillai,sanjay.pillai1149@example.invalid,cty_a97c33ad,INR,en-IN,shoestring,luxury,backpacker,light,2025-07-22,silver,active,2025-07-22T09:00:00+05:30,2026-08-18T10:00:00+05:30
usr_fc3617c0,Arjun Silva,arjun.silva1150@example.invalid,cty_a5f16904,THB,en-IN,premium,cultural,couple,light,2023-11-25,silver,active,2023-11-25T09:00:00+05:30,2026-08-18T10:00:00+05:30
usr_56e18e71,Vikram Novak,vikram.novak1151@example.invalid,cty_3503e391,INR,ta,value,cultural,solo,cold_start,2026-07-22,,active,2026-07-22T09:00:00+05:30,2026-08-18T10:00:00+05:30
usr_4794174d,Arjun Singh,arjun.singh1152@example.invalid,cty_c07454f1,INR,en-IN,luxury,slow,solo,heavy,2024-03-23,,active,2024-03-23T09:00:00+05:30,2026-08-18T10:00:00+05:30
usr_9c898903,Gautam Rao,gautam.rao1153@example.invalid,cty_0b92e2e7,INR,en-IN,mid,cultural,couple,light,2023-02-04,,active,2023-02-04T09:00:00+05:30,2026-08-18T10:00:00+05:30
usr_99f19167,Pooja Ahmed,pooja.ahmed1154@example.invalid,cty_d35a9652,INR,en-IN,shoestring,adventure,family,cold_start,2026-08-10,,active,2026-08-10T09:00:00+05:30,2026-08-18T10:00:00+05:30
usr_d851b7b0,Aarav Costa,aarav.costa1155@example.invalid,cty_a5f16904,THB,en-IN,premium,cultural,friends,cold_start,2026-07-22,silver,active,2026-07-22T09:00:00+05:30,2026-08-18T10:00:00+05:30
usr_326aed9f,Bhavna Patel,bhavna.patel1156@example.invalid,cty_0d9ab6ff,INR,en-IN,mid,adventure,friends,light,2023-04-01,gold,active,2023-04-01T09:00:00+05:30,2026-08-18T10:00:00+05:30
usr_7af1e427,Siddharth Rossi,siddharth.rossi1157@example.invalid,cty_c07454f1,INR,hi,mid,slow,senior,light,2026-03-20,none,active,2026-03-20T09:00:00+05:30,2026-08-18T10:00:00+05:30
usr_24f139e5,Arjun Weber,arjun.weber1158@example.invalid,cty_8fc1539e,INR,kn,mid,slow,backpacker,light,2026-02-27,none,active,2026-02-27T09:00:00+05:30,2026-08-18T10:00:00+05:30
usr_db178dbf,Ishaan Bose,ishaan.bose1159@example.invalid,cty_95d040d8,NPR,en-IN,premium,luxury,backpacker,cold_start,2026-07-06,,active,2026-07-06T09:00:00+05:30,2026-08-18T10:00:00+05:30
usr_ce09de03,Omar Joshi,omar.joshi1160@example.invalid,cty_0b7f5985,CHF,de,shoestring,luxury,senior,light,2025-02-19,silver,active,2025-02-19T09:00:00+05:30,2026-08-18T10:00:00+05:30
usr_b58bed55,Omar Verma,omar.verma1161@example.invalid,cty_076e8e86,INR,hi,mid,adventure,couple,heavy,2025-10-21,none,active,2025-10-21T09:00:00+05:30,2026-08-18T10:00:00+05:30
usr_fbf7ac58,Priya Khan,priya.khan1162@example.invalid,cty_cfec17b6,INR,en-IN,shoestring,budget,friends,cold_start,2026-07-16,none,active,2026-07-16T09:00:00+05:30,2026-08-18T10:00:00+05:30
usr_bf89afd1,Omar Reddy,omar.reddy1163@example.invalid,cty_076e8e86,INR,hi,value,budget,family,cold_start,2026-08-16,gold,active,2026-08-16T09:00:00+05:30,2026-08-18T10:00:00+05:30
usr_4012e3f7,Aisha Silva,aisha.silva1164@example.invalid,cty_7be8559f,INR,or,premium,adventure,couple,cold_start,2026-08-01,,active,2026-08-01T09:00:00+05:30,2026-08-18T10:00:00+05:30
usr_12ad5ebd,Sanjay Costa,sanjay.costa1165@example.invalid,cty_5d572c8a,INR,hi,mid,luxury,solo,cold_start,2026-08-06,,inactive,2026-08-06T09:00:00+05:30,2026-08-18T10:00:00+05:30
usr_633c636b,Aisha Bose,aisha.bose1166@example.invalid,cty_7fc82336,INR,en-IN,mid,budget,senior,cold_start,2026-07-07,gold,active,2026-07-07T09:00:00+05:30,2026-08-18T10:00:00+05:30
usr_21162f66,Rohan Costa,rohan.costa1167@example.invalid,cty_7f673457,INR,ta,mid,comfort,family,cold_start,2026-07-08,none,active,2026-07-08T09:00:00+05:30,2026-08-18T10:00:00+05:30
usr_c8de24ea,Bhavna Khan,bhavna.khan1168@example.invalid,cty_c9f34ba7,MYR,en-IN,value,cultural,couple,cold_start,2026-08-09,,active,2026-08-09T09:00:00+05:30,2026-08-18T10:00:00+05:30
usr_569f1f22,Arjun Khan,arjun.khan1169@example.invalid,cty_95d040d8,NPR,ne,value,comfort,solo,cold_start,2026-07-16,gold,active,2026-07-16T09:00:00+05:30,2026-08-18T10:00:00+05:30
usr_bbacab51,Sneha Pillai,sneha.pillai1170@example.invalid,cty_ccb4fb74,INR,en-IN,mid,slow,solo,light,2024-05-25,silver,active,2024-05-25T09:00:00+05:30,2026-08-18T10:00:00+05:30
usr_a0f188fa,Yuki Chatterjee,yuki.chatterjee1171@example.invalid,cty_f288c6a0,INR,ta,value,comfort,family,cold_start,2026-07-05,gold,active,2026-07-05T09:00:00+05:30,2026-08-18T10:00:00+05:30
usr_356f993d,Lakshmi Gupta,lakshmi.gupta1172@example.invalid,cty_0b92e2e7,INR,hi,premium,adventure,business,cold_start,2026-08-02,silver,active,2026-08-02T09:00:00+05:30,2026-08-18T10:00:00+05:30
usr_05d0be25,Ritu Pillai,ritu.pillai1173@example.invalid,cty_d4f5e3a5,INR,en-IN,luxury,cultural,backpacker,heavy,2023-11-01,none,active,2023-11-01T09:00:00+05:30,2026-08-18T10:00:00+05:30
usr_c3040a68,Shreya Costa,shreya.costa1174@example.invalid,cty_621f4a84,INR,mr,mid,luxury,backpacker,cold_start,2026-07-20,,active,2026-07-20T09:00:00+05:30,2026-08-18T10:00:00+05:30
usr_51b72a64,Elena Bhat,elena.bhat1175@example.invalid,cty_5698a7ab,INR,hi,mid,luxury,couple,cold_start,2026-07-12,,inactive,2026-07-12T09:00:00+05:30,2026-08-18T10:00:00+05:30
usr_ab568dcf,Devi Chatterjee,devi.chatterjee1176@example.invalid,cty_076e8e86,INR,en-IN,luxury,luxury,senior,cold_start,2026-08-02,silver,active,2026-08-02T09:00:00+05:30,2026-08-18T10:00:00+05:30
usr_74e3ecb1,Neha Rossi,neha.rossi1177@example.invalid,cty_a5f16904,THB,th,value,adventure,business,light,2026-04-26,silver,active,2026-04-26T09:00:00+05:30,2026-08-18T10:00:00+05:30
usr_4420259c,Yuki Wong,yuki.wong1178@example.invalid,cty_590d4b7b,INR,en-IN,premium,luxury,senior,light,2023-09-13,silver,active,2023-09-13T09:00:00+05:30,2026-08-18T10:00:00+05:30
usr_1341ab66,Ritu Shetty,ritu.shetty1179@example.invalid,cty_c9f34ba7,MYR,en-IN,mid,wellness,couple,cold_start,2026-07-21,none,active,2026-07-21T09:00:00+05:30,2026-08-18T10:00:00+05:30
usr_8af9206e,Neha Nair,neha.nair1180@example.invalid,cty_ab50efee,INR,bn,shoestring,adventure,business,cold_start,2026-08-15,none,active,2026-08-15T09:00:00+05:30,2026-08-18T10:00:00+05:30
usr_03f70025,Joseph Kim,joseph.kim1181@example.invalid,cty_3503e391,INR,en-IN,mid,adventure,business,cold_start,2026-08-07,none,active,2026-08-07T09:00:00+05:30,2026-08-18T10:00:00+05:30
usr_5e9a11a1,Chen Tanaka,chen.tanaka1182@example.invalid,cty_b6ccbb3b,INR,or,luxury,adventure,senior,light,2025-03-28,,active,2025-03-28T09:00:00+05:30,2026-08-18T10:00:00+05:30
usr_b2a5bbd0,Nisha Kulkarni,nisha.kulkarni1183@example.invalid,cty_3503e391,INR,ta,value,cultural,friends,light,2026-06-11,,active,2026-06-11T09:00:00+05:30,2026-08-18T10:00:00+05:30
usr_2b4223b2,Arjun Gupta,arjun.gupta1184@example.invalid,cty_076e8e86,INR,en-IN,premium,wellness,backpacker,cold_start,2026-07-18,gold,active,2026-07-18T09:00:00+05:30,2026-08-18T10:00:00+05:30
usr_f22b19db,Aarav Novak,aarav.novak1185@example.invalid,cty_10cbee86,INR,en-IN,luxury,adventure,senior,cold_start,2026-08-02,silver,active,2026-08-02T09:00:00+05:30,2026-08-18T10:00:00+05:30
usr_13d8f6bd,Aditya Costa,aditya.costa1186@example.invalid,cty_c07454f1,INR,en-IN,mid,adventure,senior,light,2024-01-31,gold,active,2024-01-31T09:00:00+05:30,2026-08-18T10:00:00+05:30
usr_aebfb5b6,Arjun Fernandes,arjun.fernandes1187@example.invalid,cty_c43cfa94,INR,en-IN,mid,slow,couple,cold_start,2026-08-05,silver,active,2026-08-05T09:00:00+05:30,2026-08-18T10:00:00+05:30
usr_fd9d50a7,Arun Iyer,arun.iyer1188@example.invalid,cty_34bbfdfe,INR,en-IN,shoestring,luxury,backpacker,cold_start,2026-07-09,silver,active,2026-07-09T09:00:00+05:30,2026-08-18T10:00:00+05:30
usr_c6cbfba5,Riya Novak,riya.novak1189@example.invalid,cty_ab50efee,INR,en-IN,shoestring,budget,senior,cold_start,2026-07-06,none,active,2026-07-06T09:00:00+05:30,2026-08-18T10:00:00+05:30
usr_78bb2d82,Aisha Ahmed,aisha.ahmed1190@example.invalid,cty_0b7f5985,CHF,de,premium,luxury,family,cold_start,2026-07-21,,active,2026-07-21T09:00:00+05:30,2026-08-18T10:00:00+05:30
usr_399971ee,Ritu Wong,ritu.wong1191@example.invalid,cty_f29656ff,INR,en-IN,premium,budget,business,cold_start,2026-07-22,gold,active,2026-07-22T09:00:00+05:30,2026-08-18T10:00:00+05:30
usr_76c305e4,Meera Wong,meera.wong1192@example.invalid,cty_34bbfdfe,INR,en-IN,mid,comfort,couple,cold_start,2026-08-06,gold,active,2026-08-06T09:00:00+05:30,2026-08-18T10:00:00+05:30
usr_7da389be,Lakshmi Verma,lakshmi.verma1193@example.invalid,cty_95e7c8ca,INR,en-IN,value,cultural,backpacker,cold_start,2026-07-12,,active,2026-07-12T09:00:00+05:30,2026-08-18T10:00:00+05:30
usr_dab475d1,Ravi Fernandes,ravi.fernandes1194@example.invalid,cty_7cb0b529,INR,en-IN,luxury,budget,solo,cold_start,2026-08-10,,inactive,2026-08-10T09:00:00+05:30,2026-08-18T10:00:00+05:30
usr_4bed9c81,Nikhil Bhat,nikhil.bhat1195@example.invalid,cty_f288c6a0,INR,ta,premium,wellness,family,light,2023-08-13,none,active,2023-08-13T09:00:00+05:30,2026-08-18T10:00:00+05:30
usr_4c4dd666,Rohan Khan,rohan.khan1196@example.invalid,cty_c97e6cd5,INR,en-IN,premium,slow,friends,cold_start,2026-07-30,,active,2026-07-30T09:00:00+05:30,2026-08-18T10:00:00+05:30
usr_ab3f6d18,Riya Menon,riya.menon1197@example.invalid,cty_7fc82336,INR,ta,value,luxury,business,cold_start,2026-07-28,,active,2026-07-28T09:00:00+05:30,2026-08-18T10:00:00+05:30
usr_5f8330c4,Elena Verma,elena.verma1198@example.invalid,cty_7f673457,INR,ta,mid,wellness,family,cold_start,2026-07-22,none,active,2026-07-22T09:00:00+05:30,2026-08-18T10:00:00+05:30
usr_e1ee0c13,Aditya Patel,aditya.patel1199@example.invalid,cty_1ced6ede,AED,en-IN,premium,slow,family,light,2025-08-13,none,inactive,2025-08-13T09:00:00+05:30,2026-08-18T10:00:00+05:30
