flight_id,airline_id,flight_number,origin_airport_id,dest_airport_id,departs_at,arrives_at,duration_minutes,stops,aircraft_type,cabin_classes,carbon_kg,status,updated_at
flt_dc85bfc2,arl_508d631b,UL-9879,apt_c0496aae,apt_3e80f233,2026-09-29T13:40:00+05:30,2026-09-29T16:11:00+05:30,151,0,A320neo,"economy,business",124.106,active,2026-08-18T10:00:00+05:30
flt_dd79d087,arl_2a88a2c3,UA-7277,apt_bdf57d77,apt_05897d58,2026-09-20T09:40:00+05:30,2026-09-20T11:42:00+05:30,122,0,A321,"economy,business",97.369,active,2026-08-18T10:00:00+05:30
flt_55388de6,arl_a852cdd9,VJ-5369,apt_757e32fe,apt_3e80f233,2026-09-06T17:40:00+05:30,2026-09-06T22:48:00+05:30,308,0,A321,economy,339.628,active,2026-08-18T10:00:00+05:30
flt_afe26d50,arl_6317d870,UK-1866,apt_ee6be440,apt_54ebca59,2026-09-19T05:10:00+05:30,2026-09-19T07:43:00+05:30,153,0,ATR-72,"economy,business",126.998,active,2026-08-18T10:00:00+05:30
flt_09392f2b,arl_841c6e99,AI-7050,apt_e6c1d884,apt_e6d0e6bf,2026-10-13T08:10:00+05:30,2026-10-13T10:08:00+05:30,118,0,B737-800,"economy,business",103.463,active,2026-08-18T10:00:00+05:30
flt_4d32701e,arl_75d2a12c,QF-4882,apt_5377e1f8,apt_bdf57d77,2026-09-04T07:40:00+05:30,2026-09-04T09:44:00+05:30,124,0,A321,"economy,business",95.052,active,2026-08-18T10:00:00+05:30
flt_9e2dcf0a,arl_a852cdd9,VJ-4684,apt_54ebca59,apt_6be6a548,2026-10-06T09:30:00+05:30,2026-10-06T11:40:00+05:30,130,0,,economy,131.472,active,2026-08-18T10:00:00+05:30
flt_651bf739,arl_403656a7,LX-219,apt_33c2d61a,apt_30500fc8,2026-10-15T20:30:00+05:30,2026-10-16T04:09:00+05:30,459,0,B737-800,"economy,business",551.393,active,2026-08-18T10:00:00+05:30
flt_04c86c81,arl_841c6e99,AI-1885,apt_08ebf678,apt_bfd02a38,2026-11-09T21:40:00+05:30,2026-11-10T00:21:00+05:30,161,0,B787-8,"economy,business",136.801,active,2026-08-18T10:00:00+05:30
flt_72928f41,arl_75d2a12c,QF-7361,apt_faa26bd2,apt_ebff6148,2026-10-22T18:50:00+05:30,2026-10-22T23:21:00+05:30,271,0,B787-8,"economy,business",287.965,active,2026-08-18T10:00:00+05:30
flt_16525814,arl_2fae0fe3,KU-4952,apt_33c2d61a,apt_c1f65e85,2026-10-05T16:20:00+05:30,2026-10-06T00:37:00+05:30,497,1,,"economy,business",523.908,active,2026-08-18T10:00:00+05:30
flt_44880b46,arl_154ebf3d,EY-4570,apt_6be6a548,apt_9a8714fa,2026-11-10T11:40:00+05:30,2026-11-10T14:26:00+05:30,166,0,A321,"economy,business",152.681,active,2026-08-18T10:00:00+05:30
flt_0b50a867,arl_2981080f,6E-1134,apt_86c2c516,apt_08ebf678,2026-10-26T07:10:00+05:30,2026-10-26T11:04:00+05:30,234,0,ATR-72,economy,235.774,active,2026-08-18T10:00:00+05:30
flt_350df905,arl_c56d378a,TG-9440,apt_98416c9d,apt_e6d0e6bf,2026-11-09T05:20:00+05:30,2026-11-09T06:45:00+05:30,85,0,A320neo,"economy,business",56.52,active,2026-08-18T10:00:00+05:30
flt_47126bb5,arl_2fae0fe3,KU-4698,apt_30500fc8,apt_9dd20d55,2026-09-11T13:30:00+05:30,2026-09-11T18:31:00+05:30,301,0,ATR-72,"economy,business",322.793,active,2026-08-18T10:00:00+05:30
flt_00e4954f,arl_a0bf222e,KE-1891,apt_ee6be440,apt_ad38af67,2026-10-28T11:10:00+05:30,2026-10-28T16:25:00+05:30,315,0,A320neo,"economy,business",367.51,active,2026-08-18T10:00:00+05:30
flt_c1111ee1,arl_7f79d7b3,AF-1450,apt_496144db,apt_a7ea97c3,2026-11-12T10:20:00+05:30,2026-11-12T12:27:00+05:30,127,0,A320neo,"economy,business",110.952,active,2026-08-18T10:00:00+05:30
flt_d414eb3e,arl_1cfc4640,SQ-7825,apt_cb1113d2,apt_ebff6148,2026-11-23T14:30:00+05:30,2026-11-23T20:30:00+05:30,360,1,A321,"economy,business",338.407,active,2026-08-18T10:00:00+05:30
flt_91976f00,arl_ef62470d,IX-3611,apt_5835fac1,apt_496144db,2026-09-02T05:20:00+05:30,2026-09-02T07:39:00+05:30,139,0,,economy,125.827,active,2026-08-18T10:00:00+05:30
flt_4d30d0ae,arl_56da328b,GA-891,apt_33c2d61a,apt_3810f0b5,2026-10-27T06:00:00+05:30,2026-10-27T13:28:00+05:30,448,0,B787-8,"economy,business",525.95,active,2026-08-18T10:00:00+05:30
flt_28a5d7fc,arl_1cfc4640,SQ-8293,apt_5377e1f8,apt_86c2c516,2026-11-28T07:50:00+05:30,2026-11-28T13:28:00+05:30,338,1,ATR-72,"economy,business",308.148,active,2026-08-18T10:00:00+05:30
flt_bf118f5e,arl_7f79d7b3,AF-874,apt_9dd20d55,apt_a7ea97c3,2026-10-13T06:20:00+05:30,2026-10-13T09:25:00+05:30,185,0,B737-800,"economy,business",206.265,active,2026-08-18T10:00:00+05:30
flt_f7e92ee6,arl_c56d378a,TG-253,apt_30500fc8,apt_bdf57d77,2026-11-28T14:50:00+05:30,2026-11-28T16:51:00+05:30,121,0,B787-8,"economy,business",125.835,active,2026-08-18T10:00:00+05:30
flt_da277eda,arl_a0bf222e,KE-3327,apt_c077a39a,apt_faa26bd2,2026-11-27T22:30:00+05:30,2026-11-28T05:16:00+05:30,406,1,A320neo,"economy,business",395.314,active,2026-08-18T10:00:00+05:30
flt_ceb27f91,arl_dbae8242,QR-1244,apt_ceec186e,apt_ad38af67,2026-10-12T10:40:00+05:30,2026-10-12T11:24:00+05:30,44,0,B737-800,"economy,business",1.555,active,2026-08-18T10:00:00+05:30
flt_4e7e261d,arl_2981080f,6E-5432,apt_faa26bd2,apt_bdf57d77,2026-09-23T20:30:00+05:30,2026-09-23T23:02:00+05:30,152,0,A321,economy,135.295,active,2026-08-18T10:00:00+05:30
flt_0dce2ed4,arl_154ebf3d,EY-1812,apt_05897d58,apt_c1f65e85,2026-10-16T17:50:00+05:30,2026-10-16T20:55:00+05:30,185,0,A320neo,"economy,business",180.435,active,2026-08-18T10:00:00+05:30
flt_acabaf80,arl_56da328b,GA-7631,apt_86c2c516,apt_3810f0b5,2026-09-01T11:20:00+05:30,2026-09-01T16:32:00+05:30,312,0,ATR-72,"economy,business",336.296,active,2026-08-18T10:00:00+05:30
flt_8c762bfc,arl_a852cdd9,VJ-1931,apt_ee6be440,apt_6be6a548,2026-11-13T12:10:00+05:30,2026-11-13T16:59:00+05:30,289,1,B787-8,economy,239.849,active,2026-08-18T10:00:00+05:30
flt_4346a787,arl_666b65b1,AC-5506,apt_c0496aae,apt_6ddc2fb6,2026-11-17T12:00:00+05:30,2026-11-17T13:10:00+05:30,70,0,A320neo,"economy,business",58.725,active,2026-08-18T10:00:00+05:30
flt_3af8fed0,arl_68688da8,NZ-9423,apt_2d4c99ed,apt_6ddc2fb6,2026-10-01T10:00:00+05:30,2026-10-01T11:50:00+05:30,110,0,A321,"economy,business",85.547,active,2026-08-18T10:00:00+05:30
flt_0919587b,arl_ef62470d,IX-9526,apt_ee6be440,apt_54ebca59,2026-09-06T14:00:00+05:30,2026-09-06T16:32:00+05:30,152,0,B787-8,economy,126.998,active,2026-08-18T10:00:00+05:30
flt_325e33b5,arl_75d2a12c,QF-8689,apt_e6d0e6bf,apt_ee6be440,2026-09-09T20:40:00+05:30,2026-09-09T23:04:00+05:30,144,0,B737-800,"economy,business",116.324,active,2026-08-18T10:00:00+05:30
flt_acb837d6,arl_2a88a2c3,UA-3209,apt_08ebf678,apt_5835fac1,2026-10-18T17:00:00+05:30,2026-10-18T18:28:00+05:30,88,0,A320neo,"economy,business",57.166,active,2026-08-18T10:00:00+05:30
flt_b224b955,arl_dbae8242,QR-3905,apt_496144db,apt_98416c9d,2026-09-22T13:50:00+05:30,2026-09-22T15:47:00+05:30,117,0,ATR-72,"economy,business",112.51,active,2026-08-18T10:00:00+05:30
flt_87f15b4f,arl_7f79d7b3,AF-7225,apt_496144db,apt_e6c1d884,2026-10-09T19:40:00+05:30,2026-10-09T22:38:00+05:30,178,0,B737-800,"economy,business",176.1,active,2026-08-18T10:00:00+05:30
flt_b97d3c9f,arl_2a88a2c3,UA-893,apt_3e80f233,apt_5377e1f8,2026-11-09T13:20:00+05:30,2026-11-09T16:13:00+05:30,173,0,A320neo,"economy,business",174.906,active,2026-08-18T10:00:00+05:30
flt_e662199e,arl_68688da8,NZ-4452,apt_9a8714fa,apt_08ebf678,2026-11-11T11:00:00+05:30,2026-11-11T12:58:00+05:30,118,0,ATR-72,"economy,business",115.209,active,2026-08-18T10:00:00+05:30
flt_1a6e4dce,arl_68688da8,NZ-9151,apt_757e32fe,apt_5377e1f8,2026-11-07T07:10:00+05:30,2026-11-07T12:49:00+05:30,339,1,A320neo,"economy,business",285.717,active,2026-08-18T10:00:00+05:30
flt_cd8bb43c,arl_2981080f,6E-1254,apt_08ebf678,apt_3810f0b5,2026-11-07T08:40:00+05:30,2026-11-07T10:24:00+05:30,104,0,A321,economy,102.864,active,2026-08-18T10:00:00+05:30
flt_be457b05,arl_2a88a2c3,UA-1038,apt_08ebf678,apt_d3a5784e,2026-09-23T17:20:00+05:30,2026-09-23T19:22:00+05:30,122,0,B787-8,"economy,business",112.743,active,2026-08-18T10:00:00+05:30
flt_5775d41f,arl_7f79d7b3,AF-765,apt_496144db,apt_bfd02a38,2026-11-10T07:40:00+05:30,2026-11-10T08:55:00+05:30,75,0,B787-8,"economy,business",51.644,active,2026-08-18T10:00:00+05:30
flt_25724580,arl_dbae8242,QR-7514,apt_cb1113d2,apt_3e80f233,2026-11-20T19:50:00+05:30,2026-11-21T04:44:00+05:30,534,0,ATR-72,"economy,business",664.378,active,2026-08-18T10:00:00+05:30
flt_91231433,arl_2981080f,6E-2656,apt_cb1113d2,apt_bfd02a38,2026-09-29T14:30:00+05:30,2026-09-30T00:38:00+05:30,608,1,B787-8,economy,668.41,active,2026-08-18T10:00:00+05:30
flt_3c0c6448,arl_2fae0fe3,KU-3849,apt_05897d58,apt_496144db,2026-11-15T19:20:00+05:30,2026-11-15T22:37:00+05:30,197,0,B737-800,"economy,business",183.028,active,2026-08-18T10:00:00+05:30
flt_8946416f,arl_a852cdd9,VJ-3612,apt_9dd20d55,apt_30500fc8,2026-11-18T18:20:00+05:30,2026-11-18T23:10:00+05:30,290,0,ATR-72,economy,322.793,active,2026-08-18T10:00:00+05:30
flt_6dc27fde,arl_3a276287,BA-6906,apt_ee6be440,apt_2d4c99ed,2026-10-18T11:40:00+05:30,2026-10-18T15:05:00+05:30,205,0,B787-8,"economy,business",222.354,active,2026-08-18T10:00:00+05:30
flt_a29d29ce,arl_692cd6f4,JL-2268,apt_6ddc2fb6,apt_2d4c99ed,2026-09-27T22:20:00+05:30,2026-09-28T00:11:00+05:30,111,0,B737-800,"economy,business",85.547,active,2026-08-18T10:00:00+05:30
flt_6033bfdb,arl_841c6e99,AI-4557,apt_54ebca59,apt_6ddc2fb6,2026-10-27T11:40:00+05:30,2026-10-27T13:46:00+05:30,126,0,B737-800,"economy,business",130.361,active,2026-08-18T10:00:00+05:30
flt_ffe8b7bc,arl_a487a152,RA-3224,apt_c077a39a,apt_ee6be440,2026-10-22T21:10:00+05:30,2026-10-23T03:03:00+05:30,353,1,B737-800,"economy,business",334.485,active,2026-08-18T10:00:00+05:30
flt_d9b9be75,arl_3a276287,BA-7177,apt_d3a5784e,apt_c1f65e85,2026-10-30T05:30:00+05:30,2026-10-30T07:53:00+05:30,143,0,,"economy,business",155.093,active,2026-08-18T10:00:00+05:30
flt_adae9ec1,arl_a852cdd9,VJ-6007,apt_54ebca59,apt_98416c9d,2026-11-14T18:30:00+05:30,2026-11-14T19:46:00+05:30,76,0,B787-8,economy,47.647,active,2026-08-18T10:00:00+05:30
flt_089657d8,arl_403656a7,LX-6848,apt_5835fac1,apt_86c2c516,2026-09-13T07:10:00+05:30,2026-09-13T11:22:00+05:30,252,0,ATR-72,"economy,business",291.684,active,2026-08-18T10:00:00+05:30
flt_19cbb719,arl_ef62470d,IX-3189,apt_ee6be440,apt_bfd02a38,2026-10-28T16:40:00+05:30,2026-10-28T20:30:00+05:30,230,0,A320neo,economy,242.412,active,2026-08-18T10:00:00+05:30
flt_58a343e2,arl_dbae8242,QR-4142,apt_3810f0b5,apt_e6c1d884,2026-10-08T18:00:00+05:30,2026-10-08T18:57:00+05:30,57,0,B737-800,"economy,business",0.758,active,2026-08-18T10:00:00+05:30
flt_73e29e55,arl_6317d870,UK-5361,apt_33c2d61a,apt_bdf57d77,2026-09-07T15:00:00+05:30,2026-09-07T23:46:00+05:30,526,0,B787-8,"economy,business",641.212,active,2026-08-18T10:00:00+05:30
flt_2fddfe2f,arl_b97400e0,QP-9314,apt_5835fac1,apt_757e32fe,2026-09-18T18:50:00+05:30,2026-09-19T00:04:00+05:30,314,1,B787-8,economy,275.453,active,2026-08-18T10:00:00+05:30
flt_d2e8fa57,arl_1cfc4640,SQ-6661,apt_ee6be440,apt_3e80f233,2026-11-10T06:00:00+05:30,2026-11-10T10:34:00+05:30,274,1,B737-800,"economy,business",216.983,active,2026-08-18T10:00:00+05:30
flt_2f1d1545,arl_4939343e,SG-9479,apt_98416c9d,apt_e6c1d884,2026-10-30T19:40:00+05:30,2026-10-30T22:11:00+05:30,151,0,ATR-72,economy,154.399,active,2026-08-18T10:00:00+05:30
flt_fa51bb3d,arl_a487a152,RA-7885,apt_30500fc8,apt_08ebf678,2026-11-01T10:50:00+05:30,2026-11-01T12:54:00+05:30,124,0,A321,"economy,business",113.234,active,2026-08-18T10:00:00+05:30
flt_c2f042d2,arl_666b65b1,AC-2403,apt_3e80f233,apt_ad38af67,2026-09-20T17:40:00+05:30,2026-09-21T00:29:00+05:30,409,0,B787-8,"economy,business",473.07,active,2026-08-18T10:00:00+05:30
flt_1c819f10,arl_508d631b,UL-8833,apt_30500fc8,apt_e6d0e6bf,2026-11-04T20:40:00+05:30,2026-11-04T23:02:00+05:30,142,0,A321,"economy,business",115.614,active,2026-08-18T10:00:00+05:30
flt_65d350cc,arl_508d631b,UL-5098,apt_faa26bd2,apt_eb8717c7,2026-10-20T05:50:00+05:30,2026-10-20T11:17:00+05:30,327,0,ATR-72,"economy,business",395.56,active,2026-08-18T10:00:00+05:30
flt_51e13fe4,arl_154ebf3d,EY-4809,apt_496144db,apt_c077a39a,2026-10-21T13:20:00+05:30,2026-10-21T18:57:00+05:30,337,0,ATR-72,"economy,business",394.488,active,2026-08-18T10:00:00+05:30
flt_bdec89a0,arl_b97400e0,QP-6922,apt_6be6a548,apt_d3a5784e,2026-11-14T09:50:00+05:30,2026-11-14T10:44:00+05:30,54,0,ATR-72,economy,24.614,active,2026-08-18T10:00:00+05:30
flt_b45c74a6,arl_75d2a12c,QF-2659,apt_c0496aae,apt_ee6be440,2026-09-21T13:20:00+05:30,2026-09-21T15:10:00+05:30,110,0,B787-8,"economy,business",101.811,active,2026-08-18T10:00:00+05:30
flt_442b718a,arl_508d631b,UL-4444,apt_05897d58,apt_33c2d61a,2026-11-27T16:40:00+05:30,2026-11-28T00:14:00+05:30,454,0,A321,"economy,business",553.183,active,2026-08-18T10:00:00+05:30
flt_795cbcc1,arl_a487a152,RA-6664,apt_ceec186e,apt_6be6a548,2026-09-08T08:50:00+05:30,2026-09-08T17:00:00+05:30,490,1,B787-8,"economy,business",474.791,active,2026-08-18T10:00:00+05:30
flt_db94a3ce,arl_4939343e,SG-9147,apt_86c2c516,apt_6be6a548,2026-10-08T22:10:00+05:30,2026-10-09T01:51:00+05:30,221,0,B787-8,economy,251.274,active,2026-08-18T10:00:00+05:30
flt_1ccd630f,arl_6317d870,UK-9701,apt_c0496aae,apt_496144db,2026-09-19T20:20:00+05:30,2026-09-19T22:24:00+05:30,124,0,B787-8,"economy,business",125.96,active,2026-08-18T10:00:00+05:30
flt_5669d885,arl_841c6e99,AI-3588,apt_3810f0b5,apt_9a8714fa,2026-09-22T21:00:00+05:30,2026-09-22T22:41:00+05:30,101,0,B787-8,"economy,business",72.799,active,2026-08-18T10:00:00+05:30
flt_119bfb46,arl_2fae0fe3,KU-8294,apt_5835fac1,apt_5377e1f8,2026-10-20T16:40:00+05:30,2026-10-20T18:18:00+05:30,98,0,B787-8,"economy,business",55.559,active,2026-08-18T10:00:00+05:30
flt_dcbbbfb1,arl_a487a152,RA-2137,apt_496144db,apt_86c2c516,2026-11-28T15:00:00+05:30,2026-11-28T19:15:00+05:30,255,0,A320neo,"economy,business",294.885,active,2026-08-18T10:00:00+05:30
flt_6675a591,arl_cbee96ac,GF-6861,apt_e6d0e6bf,apt_5377e1f8,2026-09-07T10:20:00+05:30,2026-09-07T12:15:00+05:30,115,0,ATR-72,"economy,business",82.479,active,2026-08-18T10:00:00+05:30
flt_78b84e29,arl_7f79d7b3,AF-7699,apt_e6c1d884,apt_2d4c99ed,2026-11-01T11:50:00+05:30,2026-11-01T14:23:00+05:30,153,0,A321,"economy,business",156.233,active,2026-08-18T10:00:00+05:30
flt_378beb6a,arl_3a276287,BA-4567,apt_c077a39a,apt_6be6a548,2026-10-07T17:20:00+05:30,2026-10-08T00:43:00+05:30,443,1,A321,"economy,business",439.646,active,2026-08-18T10:00:00+05:30
flt_9b9f6d51,arl_6317d870,UK-2785,apt_5377e1f8,apt_9a8714fa,2026-11-23T20:10:00+05:30,2026-11-23T21:53:00+05:30,103,0,ATR-72,"economy,business",94.249,active,2026-08-18T10:00:00+05:30
flt_01eb5ad0,arl_2981080f,6E-7096,apt_c0496aae,apt_a7ea97c3,2026-11-28T21:20:00+05:30,2026-11-28T23:34:00+05:30,134,0,A320neo,economy,99.685,active,2026-08-18T10:00:00+05:30
flt_a7fe7cb0,arl_534d3a8a,LH-4218,apt_6be6a548,apt_6ddc2fb6,2026-10-25T22:10:00+05:30,2026-10-26T01:03:00+05:30,173,0,,"economy,business",153.267,active,2026-08-18T10:00:00+05:30
flt_50b0973a,arl_2fae0fe3,KU-4122,apt_c077a39a,apt_5377e1f8,2026-10-10T12:20:00+05:30,2026-10-10T16:55:00+05:30,275,0,B787-8,"economy,business",330.394,active,2026-08-18T10:00:00+05:30
flt_6049fa2d,arl_534d3a8a,LH-2343,apt_6be6a548,apt_a7ea97c3,2026-11-08T18:40:00+05:30,2026-11-08T20:30:00+05:30,110,0,ATR-72,"economy,business",89.008,active,2026-08-18T10:00:00+05:30
flt_859180d6,arl_cbee96ac,GF-4541,apt_d3a5784e,apt_e6c1d884,2026-11-22T14:30:00+05:30,2026-11-22T17:28:00+05:30,178,0,B787-8,"economy,business",184.569,active,2026-08-18T10:00:00+05:30
flt_2d24da41,arl_a0bf222e,KE-9665,apt_d3a5784e,apt_98416c9d,2026-10-11T20:40:00+05:30,2026-10-11T22:23:00+05:30,103,0,,"economy,business",65.847,active,2026-08-18T10:00:00+05:30
flt_b7f9f9b5,arl_dbae8242,QR-7794,apt_ceec186e,apt_496144db,2026-10-22T15:10:00+05:30,2026-10-22T21:30:00+05:30,380,0,B787-8,"economy,business",429.389,active,2026-08-18T10:00:00+05:30
flt_7897e96a,arl_4939343e,SG-8788,apt_757e32fe,apt_ebff6148,2026-10-17T07:30:00+05:30,2026-10-17T08:02:00+05:30,32,0,A321,economy,1.747,active,2026-08-18T10:00:00+05:30
flt_52b3642a,arl_6317d870,UK-8790,apt_98416c9d,apt_e6d0e6bf,2026-10-02T15:30:00+05:30,2026-10-02T16:51:00+05:30,81,0,B787-8,"economy,business",56.52,active,2026-08-18T10:00:00+05:30
flt_e53ef72e,arl_8ac08b06,CZ-3574,apt_e6c1d884,apt_05897d58,2026-11-06T15:30:00+05:30,2026-11-06T16:50:00+05:30,80,0,A321,"economy,business",32.118,active,2026-08-18T10:00:00+05:30
flt_e8e4d6c7,arl_1cfc4640,SQ-1473,apt_33c2d61a,apt_ceec186e,2026-11-16T19:10:00+05:30,2026-11-16T22:33:00+05:30,203,0,B737-800,"economy,business",194.722,active,2026-08-18T10:00:00+05:30
flt_08625cb4,arl_56da328b,GA-974,apt_faa26bd2,apt_e6c1d884,2026-09-23T11:40:00+05:30,2026-09-23T14:25:00+05:30,165,0,B787-8,"economy,business",174.711,active,2026-08-18T10:00:00+05:30
flt_7a80953b,arl_1cfc4640,SQ-9789,apt_ceec186e,apt_3e80f233,2026-10-17T13:10:00+05:30,2026-10-17T19:57:00+05:30,407,0,B737-800,"economy,business",473.189,active,2026-08-18T10:00:00+05:30
flt_2e8b32af,arl_077dea23,MH-8891,apt_a7ea97c3,apt_757e32fe,2026-10-02T22:30:00+05:30,2026-10-03T03:38:00+05:30,308,0,B787-8,"economy,business",356.999,active,2026-08-18T10:00:00+05:30
flt_5d22791f,arl_6317d870,UK-4740,apt_c1f65e85,apt_6be6a548,2026-10-24T18:40:00+05:30,2026-10-24T21:23:00+05:30,163,0,A320neo,"economy,business",147.447,active,2026-08-18T10:00:00+05:30
flt_962213bf,arl_8ac08b06,CZ-4201,apt_86c2c516,apt_bfd02a38,2026-09-20T20:40:00+05:30,2026-09-21T00:27:00+05:30,227,0,B787-8,"economy,business",248.999,active,2026-08-18T10:00:00+05:30
flt_f5797219,arl_077dea23,MH-2026,apt_2d4c99ed,apt_05897d58,2026-10-25T20:20:00+05:30,2026-10-25T23:27:00+05:30,187,0,ATR-72,"economy,business",179.277,active,2026-08-18T10:00:00+05:30
flt_69fb41b2,arl_dbae8242,QR-8031,apt_6be6a548,apt_ceec186e,2026-09-23T17:20:00+05:30,2026-09-24T01:03:00+05:30,463,1,,"economy,business",474.791,active,2026-08-18T10:00:00+05:30
flt_1ef6e241,arl_2fae0fe3,KU-6862,apt_757e32fe,apt_05897d58,2026-11-17T16:50:00+05:30,2026-11-17T21:24:00+05:30,274,0,A320neo,"economy,business",284.668,active,2026-08-18T10:00:00+05:30
flt_7a8372d4,arl_154ebf3d,EY-551,apt_bfd02a38,apt_e6d0e6bf,2026-10-30T16:40:00+05:30,2026-10-30T18:58:00+05:30,138,0,ATR-72,"economy,business",133.958,active,2026-08-18T10:00:00+05:30
flt_4b2f6503,arl_666b65b1,AC-2685,apt_86c2c516,apt_757e32fe,2026-10-20T15:30:00+05:30,2026-10-21T00:39:00+05:30,549,1,A321,"economy,business",560.072,active,2026-08-18T10:00:00+05:30
flt_067e8cd5,arl_7784367f,KB-6901,apt_c077a39a,apt_bdf57d77,2026-10-03T18:40:00+05:30,2026-10-04T02:04:00+05:30,444,1,A321,"economy,business",412.553,active,2026-08-18T10:00:00+05:30
flt_b3febfe0,arl_534d3a8a,LH-6251,apt_bfd02a38,apt_faa26bd2,2026-11-11T08:10:00+05:30,2026-11-11T09:34:00+05:30,84,0,B787-8,"economy,business",49.999,active,2026-08-18T10:00:00+05:30
flt_54ef905c,arl_692cd6f4,JL-6199,apt_ad38af67,apt_eb8717c7,2026-11-12T16:00:00+05:30,2026-11-12T16:59:00+05:30,59,0,B737-800,"economy,business",35.116,active,2026-08-18T10:00:00+05:30
flt_d901c76f,arl_a0bf222e,KE-2494,apt_5377e1f8,apt_6be6a548,2026-10-21T10:40:00+05:30,2026-10-21T13:42:00+05:30,182,0,ATR-72,"economy,business",196.146,active,2026-08-18T10:00:00+05:30
flt_27fb3a31,arl_56da328b,GA-9015,apt_86c2c516,apt_c1f65e85,2026-10-12T18:40:00+05:30,2026-10-13T01:20:00+05:30,400,1,,"economy,business",384.635,active,2026-08-18T10:00:00+05:30
flt_c2d7273d,arl_666b65b1,AC-5844,apt_496144db,apt_a7ea97c3,2026-10-06T07:00:00+05:30,2026-10-06T08:50:00+05:30,110,0,B737-800,"economy,business",110.952,active,2026-08-18T10:00:00+05:30
flt_525aa3ca,arl_6317d870,UK-6691,apt_a7ea97c3,apt_33c2d61a,2026-10-04T18:10:00+05:30,2026-10-05T03:22:00+05:30,552,0,A321,"economy,business",668.794,active,2026-08-18T10:00:00+05:30
flt_f3e4de80,arl_2fae0fe3,KU-220,apt_86c2c516,apt_3e80f233,2026-11-23T11:30:00+05:30,2026-11-23T14:59:00+05:30,209,0,B737-800,"economy,business",233.286,active,2026-08-18T10:00:00+05:30
flt_06c17f54,arl_56da328b,GA-8405,apt_5835fac1,apt_3810f0b5,2026-09-15T15:50:00+05:30,2026-09-15T17:10:00+05:30,80,0,ATR-72,"economy,business",58.746,active,2026-08-18T10:00:00+05:30
flt_e91f9eb6,arl_154ebf3d,EY-2669,apt_757e32fe,apt_ceec186e,2026-10-04T12:10:00+05:30,2026-10-04T14:56:00+05:30,166,0,B737-800,"economy,business",164.242,active,2026-08-18T10:00:00+05:30
flt_c69b34f9,arl_508d631b,UL-1202,apt_ebff6148,apt_08ebf678,2026-09-21T12:00:00+05:30,2026-09-21T18:06:00+05:30,366,1,ATR-72,"economy,business",331.502,active,2026-08-18T10:00:00+05:30
flt_4ef45661,arl_508d631b,UL-1828,apt_2d4c99ed,apt_c077a39a,2026-11-11T22:00:00+05:30,2026-11-12T03:40:00+05:30,340,1,A320neo,"economy,business",299.644,active,2026-08-18T10:00:00+05:30
flt_a3b79ef0,arl_7f79d7b3,AF-6591,apt_e6d0e6bf,apt_6ddc2fb6,2026-09-30T17:00:00+05:30,2026-09-30T19:09:00+05:30,129,0,A320neo,"economy,business",114.214,active,2026-08-18T10:00:00+05:30
flt_7daaa470,arl_4939343e,SG-9884,apt_3810f0b5,apt_ceec186e,2026-09-07T12:40:00+05:30,2026-09-07T17:50:00+05:30,310,0,A320neo,economy,334.014,active,2026-08-18T10:00:00+05:30
flt_f02f9bc0,arl_4939343e,SG-5324,apt_c1f65e85,apt_757e32fe,2026-09-13T14:00:00+05:30,2026-09-13T16:46:00+05:30,166,0,B737-800,economy,187.233,active,2026-08-18T10:00:00+05:30
flt_b80c1a94,arl_cbee96ac,GF-2539,apt_bfd02a38,apt_6be6a548,2026-10-25T10:50:00+05:30,2026-10-25T11:41:00+05:30,51,0,A321,"economy,business",3.673,active,2026-08-18T10:00:00+05:30
flt_7d72e94c,arl_28f00e8b,EK-2941,apt_d3a5784e,apt_30500fc8,2026-09-28T12:20:00+05:30,2026-09-28T17:00:00+05:30,280,1,B787-8,"economy,business",219.848,active,2026-08-18T10:00:00+05:30
flt_d109428e,arl_c56d378a,TG-7592,apt_08ebf678,apt_05897d58,2026-11-04T05:20:00+05:30,2026-11-04T07:04:00+05:30,104,0,B787-8,"economy,business",83.05,active,2026-08-18T10:00:00+05:30
flt_b60c7178,arl_692cd6f4,JL-6693,apt_05897d58,apt_30500fc8,2026-09-13T13:20:00+05:30,2026-09-13T14:42:00+05:30,82,0,B737-800,"economy,business",44.016,active,2026-08-18T10:00:00+05:30
flt_54e12dd3,arl_4939343e,SG-8212,apt_3810f0b5,apt_bdf57d77,2026-11-27T05:40:00+05:30,2026-11-27T08:04:00+05:30,144,0,ATR-72,economy,117.523,active,2026-08-18T10:00:00+05:30
flt_3349ff40,arl_154ebf3d,EY-7607,apt_08ebf678,apt_757e32fe,2026-10-24T18:10:00+05:30,2026-10-24T23:09:00+05:30,299,0,ATR-72,"economy,business",332.282,active,2026-08-18T10:00:00+05:30
flt_e5558caf,arl_a852cdd9,VJ-5189,apt_08ebf678,apt_eb8717c7,2026-09-13T18:20:00+05:30,2026-09-14T01:08:00+05:30,408,1,B737-800,economy,399.017,active,2026-08-18T10:00:00+05:30
flt_81b08736,arl_2fae0fe3,KU-9525,apt_86c2c516,apt_bfd02a38,2026-10-28T06:20:00+05:30,2026-10-28T11:42:00+05:30,322,1,B737-800,"economy,business",248.999,active,2026-08-18T10:00:00+05:30
flt_3f9efd05,arl_4939343e,SG-6782,apt_eb8717c7,apt_6be6a548,2026-10-20T09:00:00+05:30,2026-10-20T15:23:00+05:30,383,0,B787-8,economy,439.927,active,2026-08-18T10:00:00+05:30
flt_5f8ed6bd,arl_56da328b,GA-9205,apt_cb1113d2,apt_9dd20d55,2026-09-16T13:40:00+05:30,2026-09-17T01:08:00+05:30,688,0,A320neo,"economy,business",861.733,active,2026-08-18T10:00:00+05:30
flt_63ad8e2a,arl_692cd6f4,JL-5801,apt_cb1113d2,apt_98416c9d,2026-09-11T21:20:00+05:30,2026-09-12T07:26:00+05:30,606,1,B787-8,"economy,business",666.694,active,2026-08-18T10:00:00+05:30
flt_caa62386,arl_28f00e8b,EK-3330,apt_86c2c516,apt_3810f0b5,2026-09-15T18:10:00+05:30,2026-09-15T23:14:00+05:30,304,0,ATR-72,"economy,business",336.296,active,2026-08-18T10:00:00+05:30
flt_635e476d,arl_154ebf3d,EY-430,apt_54ebca59,apt_cb1113d2,2026-10-29T10:50:00+05:30,2026-10-29T19:43:00+05:30,533,0,A320neo,"economy,business",641.324,active,2026-08-18T10:00:00+05:30
flt_fad78e05,arl_8ac08b06,CZ-2516,apt_bdf57d77,apt_eb8717c7,2026-09-28T05:00:00+05:30,2026-09-28T12:12:00+05:30,432,1,B787-8,"economy,business",413.121,active,2026-08-18T10:00:00+05:30
flt_4c5c1db0,arl_cbee96ac,GF-1694,apt_e6d0e6bf,apt_ad38af67,2026-09-07T22:50:00+05:30,2026-09-08T05:01:00+05:30,371,0,ATR-72,"economy,business",434.153,active,2026-08-18T10:00:00+05:30
flt_4034dc04,arl_a487a152,RA-8003,apt_e6c1d884,apt_faa26bd2,2026-10-27T13:00:00+05:30,2026-10-27T15:43:00+05:30,163,0,ATR-72,"economy,business",174.711,active,2026-08-18T10:00:00+05:30
flt_d64b8916,arl_4939343e,SG-9763,apt_33c2d61a,apt_e6d0e6bf,2026-10-19T16:20:00+05:30,2026-10-20T02:18:00+05:30,598,1,,economy,627.442,active,2026-08-18T10:00:00+05:30
flt_df1a4449,arl_c56d378a,TG-4694,apt_3e80f233,apt_c0496aae,2026-10-09T18:00:00+05:30,2026-10-09T20:32:00+05:30,152,0,A321,"economy,business",124.106,active,2026-08-18T10:00:00+05:30
flt_cf3053d2,arl_154ebf3d,EY-7614,apt_eb8717c7,apt_e6c1d884,2026-11-18T05:30:00+05:30,2026-11-18T11:29:00+05:30,359,1,A321,"economy,business",300.432,active,2026-08-18T10:00:00+05:30
flt_2d77e6a2,arl_ef62470d,IX-9993,apt_98416c9d,apt_bdf57d77,2026-09-14T16:50:00+05:30,2026-09-14T18:04:00+05:30,74,0,B737-800,economy,47.125,active,2026-08-18T10:00:00+05:30
flt_ad25d814,arl_6317d870,UK-8390,apt_c077a39a,apt_98416c9d,2026-11-11T06:50:00+05:30,2026-11-11T13:00:00+05:30,370,0,A320neo,"economy,business",439.485,active,2026-08-18T10:00:00+05:30
flt_ec0fed31,arl_692cd6f4,JL-6088,apt_ee6be440,apt_a7ea97c3,2026-09-14T06:00:00+05:30,2026-09-14T09:06:00+05:30,186,0,ATR-72,"economy,business",173.146,active,2026-08-18T10:00:00+05:30
flt_4c6e91ac,arl_6317d870,UK-5104,apt_3e80f233,apt_05897d58,2026-11-01T14:00:00+05:30,2026-11-01T16:49:00+05:30,169,0,A321,"economy,business",177.024,active,2026-08-18T10:00:00+05:30
flt_5601e06c,arl_a487a152,RA-9986,apt_30500fc8,apt_ebff6148,2026-10-17T11:00:00+05:30,2026-10-17T16:59:00+05:30,359,1,ATR-72,"economy,business",306.475,active,2026-08-18T10:00:00+05:30
flt_175f4dd6,arl_6317d870,UK-9628,apt_6ddc2fb6,apt_ad38af67,2026-09-18T11:00:00+05:30,2026-09-18T15:42:00+05:30,282,0,B737-800,"economy,business",332.555,active,2026-08-18T10:00:00+05:30
flt_95eed82f,arl_3a276287,BA-7832,apt_2d4c99ed,apt_d3a5784e,2026-11-14T22:50:00+05:30,2026-11-15T01:16:00+05:30,146,0,A321,"economy,business",154.997,active,2026-08-18T10:00:00+05:30
flt_e057c38e,arl_68688da8,NZ-1670,apt_ceec186e,apt_2d4c99ed,2026-11-05T16:30:00+05:30,2026-11-05T22:33:00+05:30,363,1,A320neo,"economy,business",333.868,active,2026-08-18T10:00:00+05:30
flt_d3545698,arl_68688da8,NZ-988,apt_ceec186e,apt_ebff6148,2026-11-20T12:30:00+05:30,2026-11-20T15:08:00+05:30,158,0,A320neo,"economy,business",163.248,active,2026-08-18T10:00:00+05:30
flt_dcdba7a4,arl_692cd6f4,JL-7410,apt_eb8717c7,apt_bdf57d77,2026-09-05T17:30:00+05:30,2026-09-05T23:22:00+05:30,352,0,B737-800,"economy,business",413.121,active,2026-08-18T10:00:00+05:30
flt_62c643a2,arl_154ebf3d,EY-6300,apt_e6d0e6bf,apt_eb8717c7,2026-11-11T07:00:00+05:30,2026-11-11T14:09:00+05:30,429,1,A321,"economy,business",399.395,active,2026-08-18T10:00:00+05:30
flt_819b21d7,arl_c56d378a,TG-4544,apt_5835fac1,apt_9dd20d55,2026-09-01T18:30:00+05:30,2026-09-01T23:05:00+05:30,275,0,A320neo,"economy,business",294.449,active,2026-08-18T10:00:00+05:30
flt_a83b0777,arl_508d631b,UL-2771,apt_5377e1f8,apt_5835fac1,2026-11-29T11:20:00+05:30,2026-11-29T12:44:00+05:30,84,0,ATR-72,"economy,business",55.559,active,2026-08-18T10:00:00+05:30
flt_3746df7e,arl_b97400e0,QP-9789,apt_496144db,apt_2d4c99ed,2026-10-09T19:00:00+05:30,2026-10-09T20:46:00+05:30,106,0,A321,economy,99.479,active,2026-08-18T10:00:00+05:30
flt_8002cf8a,arl_692cd6f4,JL-9038,apt_e6d0e6bf,apt_ceec186e,2026-09-20T17:20:00+05:30,2026-09-21T00:58:00+05:30,458,1,B737-800,"economy,business",433.912,active,2026-08-18T10:00:00+05:30
flt_67c3f129,arl_403656a7,LX-6649,apt_cb1113d2,apt_bdf57d77,2026-10-17T19:20:00+05:30,2026-10-18T03:57:00+05:30,517,0,B737-800,"economy,business",638.3,active,2026-08-18T10:00:00+05:30
flt_cb93026c,arl_68688da8,NZ-808,apt_c0496aae,apt_c077a39a,2026-11-12T05:00:00+05:30,2026-11-12T11:02:00+05:30,362,1,,"economy,business",342.198,active,2026-08-18T10:00:00+05:30
flt_c2f03089,arl_7784367f,KB-7280,apt_3e80f233,apt_54ebca59,2026-10-01T20:20:00+05:30,2026-10-01T22:36:00+05:30,136,0,B787-8,"economy,business",103.959,active,2026-08-18T10:00:00+05:30
flt_66887698,arl_077dea23,MH-6085,apt_2d4c99ed,apt_05897d58,2026-10-15T22:00:00+05:30,2026-10-16T01:13:00+05:30,193,0,A320neo,"economy,business",179.277,active,2026-08-18T10:00:00+05:30
flt_f8e609a0,arl_841c6e99,AI-472,apt_86c2c516,apt_54ebca59,2026-11-01T21:20:00+05:30,2026-11-02T01:50:00+05:30,270,1,ATR-72,"economy,business",218.517,active,2026-08-18T10:00:00+05:30
flt_c7657009,arl_7784367f,KB-7058,apt_6ddc2fb6,apt_ceec186e,2026-11-24T11:30:00+05:30,2026-11-24T17:30:00+05:30,360,1,B737-800,"economy,business",332.538,active,2026-08-18T10:00:00+05:30
flt_a33bccda,arl_75d2a12c,QF-182,apt_bfd02a38,apt_757e32fe,2026-09-09T11:20:00+05:30,2026-09-09T16:16:00+05:30,296,0,A321,"economy,business",337.984,active,2026-08-18T10:00:00+05:30
flt_c4fe2d75,arl_8ac08b06,CZ-3155,apt_ad38af67,apt_54ebca59,2026-09-04T11:20:00+05:30,2026-09-04T17:26:00+05:30,366,0,B787-8,"economy,business",451.04,active,2026-08-18T10:00:00+05:30
flt_96cd730c,arl_56da328b,GA-1147,apt_2d4c99ed,apt_e6c1d884,2026-10-02T06:00:00+05:30,2026-10-02T08:41:00+05:30,161,0,A320neo,"economy,business",156.233,active,2026-08-18T10:00:00+05:30
flt_56dabfd7,arl_2fae0fe3,KU-7426,apt_86c2c516,apt_2d4c99ed,2026-11-05T05:20:00+05:30,2026-11-05T12:00:00+05:30,400,1,B787-8,"economy,business",384.293,active,2026-08-18T10:00:00+05:30
flt_322bfc49,arl_2981080f,6E-5268,apt_bdf57d77,apt_33c2d61a,2026-10-24T20:00:00+05:30,2026-10-25T06:12:00+05:30,612,1,ATR-72,economy,641.212,active,2026-08-18T10:00:00+05:30
flt_c18d3e08,arl_2a88a2c3,UA-8819,apt_6be6a548,apt_3e80f233,2026-09-05T19:00:00+05:30,2026-09-05T20:14:00+05:30,74,0,B737-800,"economy,business",28.387,active,2026-08-18T10:00:00+05:30
flt_58696a69,arl_2981080f,6E-8528,apt_e6c1d884,apt_98416c9d,2026-09-18T07:40:00+05:30,2026-09-18T10:34:00+05:30,174,0,A321,economy,154.399,active,2026-08-18T10:00:00+05:30
flt_ebec71fb,arl_75d2a12c,QF-5935,apt_9dd20d55,apt_ebff6148,2026-09-24T19:50:00+05:30,2026-09-25T03:21:00+05:30,451,0,A321,"economy,business",562.608,active,2026-08-18T10:00:00+05:30
flt_14244152,arl_28f00e8b,EK-9732,apt_5835fac1,apt_30500fc8,2026-10-14T11:50:00+05:30,2026-10-14T13:59:00+05:30,129,0,ATR-72,"economy,business",100.614,active,2026-08-18T10:00:00+05:30
flt_7ad81814,arl_077dea23,MH-3251,apt_eb8717c7,apt_ad38af67,2026-09-20T18:40:00+05:30,2026-09-20T19:34:00+05:30,54,0,B787-8,"economy,business",35.116,active,2026-08-18T10:00:00+05:30
flt_55cc0c2c,arl_2981080f,6E-7531,apt_c1f65e85,apt_ad38af67,2026-10-29T12:30:00+05:30,2026-10-29T17:41:00+05:30,311,0,B737-800,economy,333.995,active,2026-08-18T10:00:00+05:30
flt_10737281,arl_2a88a2c3,UA-9992,apt_e6d0e6bf,apt_98416c9d,2026-10-05T19:30:00+05:30,2026-10-05T21:01:00+05:30,91,0,A320neo,"economy,business",56.52,active,2026-08-18T10:00:00+05:30
flt_e70abae8,arl_c56d378a,TG-6553,apt_cb1113d2,apt_496144db,2026-11-27T14:00:00+05:30,2026-11-27T23:32:00+05:30,572,1,B737-800,"economy,business",618.46,active,2026-08-18T10:00:00+05:30
flt_98e4e16f,arl_c56d378a,TG-6955,apt_ebff6148,apt_6be6a548,2026-09-25T11:20:00+05:30,2026-09-25T16:08:00+05:30,288,0,A321,"economy,business",334.414,active,2026-08-18T10:00:00+05:30
flt_46fcb090,arl_28f00e8b,EK-509,apt_ee6be440,apt_d3a5784e,2026-09-09T21:20:00+05:30,2026-09-10T00:51:00+05:30,211,0,A321,"economy,business",220.829,active,2026-08-18T10:00:00+05:30
flt_a48f5175,arl_ef62470d,IX-3934,apt_bfd02a38,apt_ee6be440,2026-11-19T22:00:00+05:30,2026-11-20T01:30:00+05:30,210,0,ATR-72,economy,242.412,active,2026-08-18T10:00:00+05:30
flt_56764eed,arl_403656a7,LX-8171,apt_ad38af67,apt_bdf57d77,2026-11-28T14:10:00+05:30,2026-11-28T20:31:00+05:30,381,0,B787-8,"economy,business",447.891,active,2026-08-18T10:00:00+05:30
flt_77bda389,arl_077dea23,MH-1616,apt_86c2c516,apt_5377e1f8,2026-09-17T09:20:00+05:30,2026-09-17T15:12:00+05:30,352,1,A320neo,"economy,business",308.148,active,2026-08-18T10:00:00+05:30
flt_767c8a10,arl_c56d378a,TG-661,apt_ee6be440,apt_757e32fe,2026-11-20T17:10:00+05:30,2026-11-20T22:53:00+05:30,343,1,B787-8,"economy,business",309.061,active,2026-08-18T10:00:00+05:30
flt_21353d3c,arl_534d3a8a,LH-3874,apt_bdf57d77,apt_2d4c99ed,2026-10-12T17:50:00+05:30,2026-10-12T21:04:00+05:30,194,0,A321,"economy,business",188.388,active,2026-08-18T10:00:00+05:30
flt_272c599b,arl_077dea23,MH-4482,apt_e6d0e6bf,apt_33c2d61a,2026-09-18T16:50:00+05:30,2026-09-19T01:27:00+05:30,517,0,B787-8,"economy,business",627.442,active,2026-08-18T10:00:00+05:30
flt_c47f620d,arl_28f00e8b,EK-4941,apt_d3a5784e,apt_eb8717c7,2026-09-21T08:50:00+05:30,2026-09-21T16:15:00+05:30,445,1,ATR-72,"economy,business",439.646,active,2026-08-18T10:00:00+05:30
flt_7463539b,arl_7784367f,KB-8553,apt_05897d58,apt_30500fc8,2026-09-17T18:20:00+05:30,2026-09-17T19:43:00+05:30,83,0,A321,"economy,business",44.016,active,2026-08-18T10:00:00+05:30
flt_49e82083,arl_2981080f,6E-3075,apt_98416c9d,apt_496144db,2026-11-09T12:00:00+05:30,2026-11-09T13:50:00+05:30,110,0,B737-800,economy,112.51,active,2026-08-18T10:00:00+05:30
flt_9014fe62,arl_841c6e99,AI-6059,apt_86c2c516,apt_5377e1f8,2026-09-24T05:20:00+05:30,2026-09-24T10:59:00+05:30,339,1,ATR-72,"economy,business",308.148,active,2026-08-18T10:00:00+05:30
flt_63b201cd,arl_666b65b1,AC-4135,apt_2d4c99ed,apt_6be6a548,2026-10-13T16:20:00+05:30,2026-10-13T19:06:00+05:30,166,0,,"economy,business",147.544,active,2026-08-18T10:00:00+05:30
flt_14158166,arl_2fae0fe3,KU-4494,apt_c1f65e85,apt_54ebca59,2026-09-09T21:00:00+05:30,2026-09-10T00:12:00+05:30,192,0,A320neo,"economy,business",193.144,active,2026-08-18T10:00:00+05:30
flt_5cef9a2d,arl_666b65b1,AC-3320,apt_ee6be440,apt_c1f65e85,2026-11-26T13:30:00+05:30,2026-11-26T16:51:00+05:30,201,0,B787-8,"economy,business",223.54,active,2026-08-18T10:00:00+05:30
flt_036d40f8,arl_56da328b,GA-4002,apt_98416c9d,apt_3810f0b5,2026-09-30T10:10:00+05:30,2026-09-30T12:33:00+05:30,143,0,B737-800,"economy,business",154.982,active,2026-08-18T10:00:00+05:30
flt_afef1f32,arl_403656a7,LX-3924,apt_98416c9d,apt_86c2c516,2026-10-22T16:10:00+05:30,2026-10-22T19:17:00+05:30,187,0,B787-8,"economy,business",201.97,active,2026-08-18T10:00:00+05:30
flt_cf844a1d,arl_7f79d7b3,AF-1717,apt_33c2d61a,apt_2d4c99ed,2026-10-27T09:10:00+05:30,2026-10-27T17:39:00+05:30,509,1,,"economy,business",523.511,active,2026-08-18T10:00:00+05:30
flt_2f2622a4,arl_841c6e99,AI-5812,apt_757e32fe,apt_c077a39a,2026-10-13T14:40:00+05:30,2026-10-13T17:04:00+05:30,144,0,A320neo,"economy,business",136.441,active,2026-08-18T10:00:00+05:30
flt_08464b4d,arl_154ebf3d,EY-9484,apt_bdf57d77,apt_c1f65e85,2026-11-13T07:10:00+05:30,2026-11-13T10:14:00+05:30,184,0,A320neo,"economy,business",189.163,active,2026-08-18T10:00:00+05:30
flt_b783bc92,arl_534d3a8a,LH-4802,apt_3810f0b5,apt_33c2d61a,2026-11-27T14:20:00+05:30,2026-11-27T22:57:00+05:30,517,1,A320neo,"economy,business",525.95,active,2026-08-18T10:00:00+05:30
flt_f04943fe,arl_ef62470d,IX-6330,apt_c1f65e85,apt_496144db,2026-11-05T05:30:00+05:30,2026-11-05T07:29:00+05:30,119,0,ATR-72,economy,99.34,active,2026-08-18T10:00:00+05:30
flt_09c89ccc,arl_3a276287,BA-8955,apt_c0496aae,apt_86c2c516,2026-09-30T15:40:00+05:30,2026-09-30T20:12:00+05:30,272,0,B737-800,"economy,business",292.709,active,2026-08-18T10:00:00+05:30
flt_894bd007,arl_534d3a8a,LH-368,apt_54ebca59,apt_30500fc8,2026-10-09T19:40:00+05:30,2026-10-09T22:04:00+05:30,144,0,B787-8,"economy,business",126.437,active,2026-08-18T10:00:00+05:30
flt_18aa7957,arl_8ac08b06,CZ-7515,apt_e6c1d884,apt_ee6be440,2026-09-17T12:10:00+05:30,2026-09-17T13:32:00+05:30,82,0,B737-800,"economy,business",67.116,active,2026-08-18T10:00:00+05:30
flt_02687a7a,arl_154ebf3d,EY-6364,apt_5835fac1,apt_ebff6148,2026-11-13T08:30:00+05:30,2026-11-13T14:04:00+05:30,334,1,A320neo,"economy,business",274.641,active,2026-08-18T10:00:00+05:30
flt_3a84c500,arl_154ebf3d,EY-2995,apt_5835fac1,apt_a7ea97c3,2026-11-25T07:10:00+05:30,2026-11-25T09:18:00+05:30,128,0,ATR-72,"economy,business",98.754,active,2026-08-18T10:00:00+05:30
flt_7ec5d79b,arl_841c6e99,AI-2465,apt_c077a39a,apt_ebff6148,2026-09-10T20:20:00+05:30,2026-09-10T22:33:00+05:30,133,0,B737-800,"economy,business",135.245,active,2026-08-18T10:00:00+05:30
flt_ce45eb1d,arl_3a276287,BA-8362,apt_33c2d61a,apt_05897d58,2026-11-18T14:30:00+05:30,2026-11-18T23:17:00+05:30,527,1,A321,"economy,business",553.183,active,2026-08-18T10:00:00+05:30
flt_4d0efa30,arl_ef62470d,IX-6163,apt_e6d0e6bf,apt_30500fc8,2026-11-24T06:10:00+05:30,2026-11-24T08:06:00+05:30,116,0,A321,economy,115.614,active,2026-08-18T10:00:00+05:30
flt_e2b541a1,arl_a487a152,RA-6684,apt_5377e1f8,apt_86c2c516,2026-09-07T19:50:00+05:30,2026-09-08T01:24:00+05:30,334,1,B787-8,"economy,business",308.148,active,2026-08-18T10:00:00+05:30
flt_dc610f9a,arl_403656a7,LX-5828,apt_98416c9d,apt_6ddc2fb6,2026-10-05T08:00:00+05:30,2026-10-05T10:47:00+05:30,167,0,B787-8,"economy,business",143.847,active,2026-08-18T10:00:00+05:30
flt_d10c6dfb,arl_75d2a12c,QF-7683,apt_e6c1d884,apt_c0496aae,2026-10-16T12:40:00+05:30,2026-10-16T14:21:00+05:30,101,0,ATR-72,"economy,business",57.362,active,2026-08-18T10:00:00+05:30
flt_64794f2a,arl_1cfc4640,SQ-6168,apt_5377e1f8,apt_ee6be440,2026-09-10T12:40:00+05:30,2026-09-10T14:10:00+05:30,90,0,B787-8,"economy,business",46.738,active,2026-08-18T10:00:00+05:30
flt_9f661848,arl_ef62470d,IX-3732,apt_5835fac1,apt_98416c9d,2026-11-23T09:20:00+05:30,2026-11-23T11:13:00+05:30,113,0,B737-800,economy,99.226,active,2026-08-18T10:00:00+05:30
flt_869fc37f,arl_7f79d7b3,AF-7981,apt_ceec186e,apt_ebff6148,2026-10-27T19:10:00+05:30,2026-10-27T21:58:00+05:30,168,0,B737-800,"economy,business",163.248,active,2026-08-18T10:00:00+05:30
flt_c3312b4f,arl_2a88a2c3,UA-3434,apt_33c2d61a,apt_5835fac1,2026-11-09T22:00:00+05:30,2026-11-10T07:01:00+05:30,541,1,ATR-72,"economy,business",572.569,active,2026-08-18T10:00:00+05:30
flt_bccc3394,arl_1cfc4640,SQ-3438,apt_eb8717c7,apt_08ebf678,2026-11-22T19:00:00+05:30,2026-11-23T00:58:00+05:30,358,0,A320neo,"economy,business",399.017,active,2026-08-18T10:00:00+05:30
flt_f8e4e161,arl_4939343e,SG-1718,apt_33c2d61a,apt_c1f65e85,2026-10-01T12:00:00+05:30,2026-10-01T20:29:00+05:30,509,1,B787-8,economy,523.908,active,2026-08-18T10:00:00+05:30
flt_a433b181,arl_68688da8,NZ-7822,apt_5377e1f8,apt_05897d58,2026-11-14T07:50:00+05:30,2026-11-14T08:41:00+05:30,51,0,B737-800,"economy,business",2.323,active,2026-08-18T10:00:00+05:30
flt_6502c19c,arl_534d3a8a,LH-1519,apt_33c2d61a,apt_faa26bd2,2026-11-16T10:40:00+05:30,2026-11-16T20:13:00+05:30,573,1,B787-8,"economy,business",622.2,active,2026-08-18T10:00:00+05:30
flt_e69c5430,arl_ef62470d,IX-4245,apt_98416c9d,apt_eb8717c7,2026-10-30T09:40:00+05:30,2026-10-30T17:04:00+05:30,444,1,ATR-72,economy,439.97,active,2026-08-18T10:00:00+05:30
flt_d07d52c4,arl_56da328b,GA-4525,apt_33c2d61a,apt_3e80f233,2026-09-05T17:00:00+05:30,2026-09-06T03:05:00+05:30,605,1,B787-8,"economy,business",667.146,active,2026-08-18T10:00:00+05:30
flt_5ad20238,arl_dbae8242,QR-6459,apt_eb8717c7,apt_ebff6148,2026-09-29T06:30:00+05:30,2026-09-29T08:37:00+05:30,127,0,ATR-72,"economy,business",134.943,active,2026-08-18T10:00:00+05:30
flt_252899f5,arl_ef62470d,IX-7959,apt_ad38af67,apt_54ebca59,2026-11-09T06:40:00+05:30,2026-11-09T14:08:00+05:30,448,1,A321,economy,451.04,active,2026-08-18T10:00:00+05:30
flt_bf5a4cfe,arl_a852cdd9,VJ-1990,apt_2d4c99ed,apt_6ddc2fb6,2026-11-14T17:30:00+05:30,2026-11-14T19:27:00+05:30,117,0,A321,economy,85.547,active,2026-08-18T10:00:00+05:30
flt_06c02b07,arl_692cd6f4,JL-6964,apt_6ddc2fb6,apt_6be6a548,2026-10-26T19:00:00+05:30,2026-10-26T21:37:00+05:30,157,0,ATR-72,"economy,business",153.267,active,2026-08-18T10:00:00+05:30
flt_e7263476,arl_692cd6f4,JL-1935,apt_6be6a548,apt_757e32fe,2026-09-13T10:10:00+05:30,2026-09-13T15:05:00+05:30,295,0,ATR-72,"economy,business",334.486,active,2026-08-18T10:00:00+05:30
flt_505b8d29,arl_077dea23,MH-9651,apt_9a8714fa,apt_a7ea97c3,2026-10-17T09:10:00+05:30,2026-10-17T11:35:00+05:30,145,0,A320neo,"economy,business",142.775,active,2026-08-18T10:00:00+05:30
flt_56c5f4b8,arl_2fae0fe3,KU-5281,apt_e6c1d884,apt_cb1113d2,2026-09-22T09:40:00+05:30,2026-09-22T18:07:00+05:30,507,1,A320neo,"economy,business",523.347,active,2026-08-18T10:00:00+05:30
flt_ebec5546,arl_6317d870,UK-309,apt_496144db,apt_c077a39a,2026-09-25T19:50:00+05:30,2026-09-26T01:16:00+05:30,326,0,A320neo,"economy,business",394.488,active,2026-08-18T10:00:00+05:30
flt_cdfffb17,arl_68688da8,NZ-8506,apt_54ebca59,apt_3810f0b5,2026-10-06T06:10:00+05:30,2026-10-06T08:06:00+05:30,116,0,B787-8,"economy,business",120.062,active,2026-08-18T10:00:00+05:30
flt_b9dd706a,arl_4939343e,SG-8387,apt_3e80f233,apt_30500fc8,2026-09-21T10:40:00+05:30,2026-09-21T15:14:00+05:30,274,1,ATR-72,economy,216.009,active,2026-08-18T10:00:00+05:30
flt_2d1319b9,arl_2fae0fe3,KU-6475,apt_e6d0e6bf,apt_9dd20d55,2026-11-04T12:30:00+05:30,2026-11-04T17:16:00+05:30,286,1,A321,"economy,business",238.136,active,2026-08-18T10:00:00+05:30
flt_5fd7c91b,arl_666b65b1,AC-4861,apt_757e32fe,apt_05897d58,2026-10-12T22:20:00+05:30,2026-10-13T02:25:00+05:30,245,0,ATR-72,"economy,business",284.668,active,2026-08-18T10:00:00+05:30
flt_143f7efa,arl_c56d378a,TG-2708,apt_d3a5784e,apt_eb8717c7,2026-09-27T19:10:00+05:30,2026-09-28T01:31:00+05:30,381,0,,"economy,business",439.646,active,2026-08-18T10:00:00+05:30
flt_8b09e118,arl_75d2a12c,QF-6773,apt_05897d58,apt_757e32fe,2026-09-09T09:20:00+05:30,2026-09-09T13:40:00+05:30,260,0,,"economy,business",284.668,active,2026-08-18T10:00:00+05:30
flt_6bfd5437,arl_4939343e,SG-7529,apt_05897d58,apt_757e32fe,2026-11-14T08:50:00+05:30,2026-11-14T14:17:00+05:30,327,1,ATR-72,economy,284.668,active,2026-08-18T10:00:00+05:30
flt_fed5a42f,arl_666b65b1,AC-5820,apt_c1f65e85,apt_eb8717c7,2026-11-27T10:50:00+05:30,2026-11-27T15:26:00+05:30,276,0,A321,"economy,business",300.35,active,2026-08-18T10:00:00+05:30
flt_9baca848,arl_3a276287,BA-3777,apt_5835fac1,apt_bdf57d77,2026-09-26T09:10:00+05:30,2026-09-26T10:37:00+05:30,87,0,B737-800,"economy,business",70.248,active,2026-08-18T10:00:00+05:30
flt_b640e033,arl_cbee96ac,GF-7383,apt_c1f65e85,apt_9dd20d55,2026-10-07T17:10:00+05:30,2026-10-07T22:31:00+05:30,321,0,ATR-72,"economy,business",387.945,active,2026-08-18T10:00:00+05:30
flt_1788d4db,arl_403656a7,LX-9057,apt_08ebf678,apt_496144db,2026-11-29T15:00:00+05:30,2026-11-29T17:19:00+05:30,139,0,ATR-72,"economy,business",138.582,active,2026-08-18T10:00:00+05:30
flt_7f72876b,arl_b97400e0,QP-7593,apt_6ddc2fb6,apt_9a8714fa,2026-10-17T07:30:00+05:30,2026-10-17T08:28:00+05:30,58,0,A321,economy,0.84,active,2026-08-18T10:00:00+05:30
flt_acbc88f5,arl_a487a152,RA-9686,apt_3e80f233,apt_08ebf678,2026-10-27T19:20:00+05:30,2026-10-27T21:29:00+05:30,129,0,B787-8,"economy,business",108.707,active,2026-08-18T10:00:00+05:30
flt_b5b2ce96,arl_841c6e99,AI-5639,apt_ceec186e,apt_9dd20d55,2026-10-06T15:50:00+05:30,2026-10-07T02:00:00+05:30,610,1,B737-800,"economy,business",671.818,active,2026-08-18T10:00:00+05:30
flt_655984e3,arl_508d631b,UL-6868,apt_3810f0b5,apt_6be6a548,2026-09-26T10:50:00+05:30,2026-09-26T13:45:00+05:30,175,0,A321,"economy,business",199.559,active,2026-08-18T10:00:00+05:30
flt_4de00ee5,arl_6317d870,UK-8081,apt_98416c9d,apt_c0496aae,2026-11-02T12:40:00+05:30,2026-11-02T14:41:00+05:30,121,0,B787-8,"economy,business",100.164,active,2026-08-18T10:00:00+05:30
flt_c4b5b2f8,arl_154ebf3d,EY-9599,apt_6be6a548,apt_eb8717c7,2026-09-26T05:40:00+05:30,2026-09-26T13:10:00+05:30,450,1,B737-800,"economy,business",439.927,active,2026-08-18T10:00:00+05:30
flt_87523c15,arl_a852cdd9,VJ-1865,apt_86c2c516,apt_ad38af67,2026-11-02T13:10:00+05:30,2026-11-02T23:21:00+05:30,611,1,ATR-72,economy,669.473,active,2026-08-18T10:00:00+05:30
flt_00639ea0,arl_c56d378a,TG-5110,apt_98416c9d,apt_6be6a548,2026-10-03T11:10:00+05:30,2026-10-03T12:45:00+05:30,95,0,A320neo,"economy,business",90.412,active,2026-08-18T10:00:00+05:30
flt_ba85c627,arl_a852cdd9,VJ-4699,apt_ee6be440,apt_cb1113d2,2026-11-03T20:20:00+05:30,2026-11-04T04:11:00+05:30,471,0,A321,economy,549.05,active,2026-08-18T10:00:00+05:30
flt_09c0a806,arl_666b65b1,AC-7626,apt_ceec186e,apt_c1f65e85,2026-09-24T16:10:00+05:30,2026-09-24T22:24:00+05:30,374,1,A320neo,"economy,business",334.393,active,2026-08-18T10:00:00+05:30
flt_6a80a25c,arl_c56d378a,TG-5476,apt_ee6be440,apt_08ebf678,2026-10-30T11:00:00+05:30,2026-10-30T13:14:00+05:30,134,0,,"economy,business",113.926,active,2026-08-18T10:00:00+05:30
flt_34ed9542,arl_a0bf222e,KE-4076,apt_d3a5784e,apt_3810f0b5,2026-11-26T15:10:00+05:30,2026-11-26T18:19:00+05:30,189,0,A321,"economy,business",185.283,active,2026-08-18T10:00:00+05:30
flt_20b88a51,arl_ef62470d,IX-3375,apt_c077a39a,apt_c0496aae,2026-11-18T14:00:00+05:30,2026-11-18T18:49:00+05:30,289,0,ATR-72,economy,342.198,active,2026-08-18T10:00:00+05:30
flt_2669adb7,arl_8ac08b06,CZ-3788,apt_bfd02a38,apt_98416c9d,2026-09-29T20:40:00+05:30,2026-09-29T22:36:00+05:30,116,0,A320neo,"economy,business",91.09,active,2026-08-18T10:00:00+05:30
flt_afe40a0a,arl_28f00e8b,EK-8454,apt_cb1113d2,apt_496144db,2026-11-06T10:40:00+05:30,2026-11-06T19:19:00+05:30,519,0,B737-800,"economy,business",618.46,active,2026-08-18T10:00:00+05:30
flt_0a8088ec,arl_534d3a8a,LH-5832,apt_c077a39a,apt_3e80f233,2026-11-17T10:00:00+05:30,2026-11-17T17:42:00+05:30,462,1,A320neo,"economy,business",437.774,active,2026-08-18T10:00:00+05:30
flt_fed90ff6,arl_7784367f,KB-3627,apt_9a8714fa,apt_6be6a548,2026-11-24T11:10:00+05:30,2026-11-24T13:57:00+05:30,167,0,ATR-72,"economy,business",152.681,active,2026-08-18T10:00:00+05:30
flt_62073f0d,arl_534d3a8a,LH-6702,apt_e6c1d884,apt_9dd20d55,2026-09-30T06:30:00+05:30,2026-09-30T11:43:00+05:30,313,0,A321,"economy,business",338.416,active,2026-08-18T10:00:00+05:30
flt_75b43060,arl_4939343e,SG-8068,apt_6ddc2fb6,apt_9a8714fa,2026-11-13T18:40:00+05:30,2026-11-13T19:36:00+05:30,56,0,B787-8,economy,0.84,active,2026-08-18T10:00:00+05:30
flt_557b60c4,arl_077dea23,MH-7909,apt_c0496aae,apt_496144db,2026-09-05T09:00:00+05:30,2026-09-05T11:22:00+05:30,142,0,A321,"economy,business",125.96,active,2026-08-18T10:00:00+05:30
flt_24d4e4f7,arl_2a88a2c3,UA-2674,apt_bfd02a38,apt_c077a39a,2026-10-20T18:50:00+05:30,2026-10-21T01:19:00+05:30,389,0,,"economy,business",443.309,active,2026-08-18T10:00:00+05:30
flt_09fccee8,arl_534d3a8a,LH-1440,apt_e6d0e6bf,apt_54ebca59,2026-10-20T15:40:00+05:30,2026-10-20T16:43:00+05:30,63,0,A321,"economy,business",16.948,active,2026-08-18T10:00:00+05:30
flt_ca72c2e6,arl_b97400e0,QP-276,apt_5835fac1,apt_cb1113d2,2026-11-29T12:20:00+05:30,2026-11-29T20:10:00+05:30,470,0,B737-800,economy,569.674,active,2026-08-18T10:00:00+05:30
flt_dfc930d7,arl_cbee96ac,GF-5491,apt_ad38af67,apt_86c2c516,2026-10-15T07:50:00+05:30,2026-10-15T18:21:00+05:30,631,1,A321,"economy,business",669.473,active,2026-08-18T10:00:00+05:30
flt_9bf9e50c,arl_7784367f,KB-8548,apt_3810f0b5,apt_a7ea97c3,2026-11-15T21:30:00+05:30,2026-11-16T00:19:00+05:30,169,0,B787-8,"economy,business",154.733,active,2026-08-18T10:00:00+05:30
flt_0764ac8e,arl_154ebf3d,EY-5019,apt_e6d0e6bf,apt_bdf57d77,2026-09-13T09:20:00+05:30,2026-09-13T10:05:00+05:30,45,0,A320neo,"economy,business",13.775,active,2026-08-18T10:00:00+05:30
flt_52fb0353,arl_403656a7,LX-8551,apt_c077a39a,apt_eb8717c7,2026-10-11T11:00:00+05:30,2026-10-11T11:57:00+05:30,57,0,A321,"economy,business",1.013,active,2026-08-18T10:00:00+05:30
flt_80cf4239,arl_841c6e99,AI-5081,apt_33c2d61a,apt_2d4c99ed,2026-10-09T05:40:00+05:30,2026-10-09T12:47:00+05:30,427,0,A320neo,"economy,business",523.511,active,2026-08-18T10:00:00+05:30
flt_2c3ee1d2,arl_403656a7,LX-9406,apt_496144db,apt_c1f65e85,2026-10-18T07:10:00+05:30,2026-10-18T09:01:00+05:30,111,0,A320neo,"economy,business",99.34,active,2026-08-18T10:00:00+05:30
flt_0ff312da,arl_a487a152,RA-9556,apt_e6c1d884,apt_3810f0b5,2026-09-20T13:50:00+05:30,2026-09-20T14:27:00+05:30,37,0,A320neo,"economy,business",0.758,active,2026-08-18T10:00:00+05:30
flt_63d3e987,arl_a0bf222e,KE-6015,apt_2d4c99ed,apt_cb1113d2,2026-09-19T13:20:00+05:30,2026-09-19T21:35:00+05:30,495,1,ATR-72,"economy,business",520.879,active,2026-08-18T10:00:00+05:30
flt_7a077f1d,arl_cbee96ac,GF-8959,apt_757e32fe,apt_ebff6148,2026-10-11T08:40:00+05:30,2026-10-11T09:17:00+05:30,37,0,B737-800,"economy,business",1.747,active,2026-08-18T10:00:00+05:30
flt_4c16fa55,arl_28f00e8b,EK-2502,apt_c0496aae,apt_ee6be440,2026-09-13T20:10:00+05:30,2026-09-13T21:58:00+05:30,108,0,A320neo,"economy,business",101.811,active,2026-08-18T10:00:00+05:30
flt_657dc34e,arl_154ebf3d,EY-2073,apt_ceec186e,apt_2d4c99ed,2026-09-08T16:30:00+05:30,2026-09-08T22:36:00+05:30,366,1,ATR-72,"economy,business",333.868,active,2026-08-18T10:00:00+05:30
flt_5ed3fcd4,arl_56da328b,GA-266,apt_33c2d61a,apt_3e80f233,2026-10-08T06:10:00+05:30,2026-10-08T16:48:00+05:30,638,1,,"economy,business",667.146,active,2026-08-18T10:00:00+05:30
flt_b9dcb79e,arl_ef62470d,IX-2902,apt_ee6be440,apt_757e32fe,2026-09-28T12:40:00+05:30,2026-09-28T18:43:00+05:30,363,1,B737-800,economy,309.061,active,2026-08-18T10:00:00+05:30
flt_c5963cce,arl_a852cdd9,VJ-2994,apt_ceec186e,apt_c077a39a,2026-11-08T19:30:00+05:30,2026-11-08T20:45:00+05:30,75,0,ATR-72,economy,35.534,active,2026-08-18T10:00:00+05:30
flt_a918408c,arl_28f00e8b,EK-5696,apt_98416c9d,apt_ebff6148,2026-11-29T17:30:00+05:30,2026-11-29T22:42:00+05:30,312,0,ATR-72,"economy,business",357.62,active,2026-08-18T10:00:00+05:30
flt_dbe2333d,arl_cbee96ac,GF-1759,apt_e6d0e6bf,apt_05897d58,2026-09-28T22:30:00+05:30,2026-09-29T00:19:00+05:30,109,0,,"economy,business",84.802,active,2026-08-18T10:00:00+05:30
flt_0160ee7c,arl_1cfc4640,SQ-6845,apt_c0496aae,apt_30500fc8,2026-10-10T05:10:00+05:30,2026-10-10T07:24:00+05:30,134,0,B787-8,"economy,business",100.53,active,2026-08-18T10:00:00+05:30
flt_490b0b4d,arl_154ebf3d,EY-7205,apt_c1f65e85,apt_9a8714fa,2026-09-06T10:40:00+05:30,2026-09-06T12:19:00+05:30,99,0,A320neo,"economy,business",85.961,active,2026-08-18T10:00:00+05:30
flt_2bfd63ad,arl_6317d870,UK-6303,apt_c0496aae,apt_c077a39a,2026-10-30T18:40:00+05:30,2026-10-30T23:32:00+05:30,292,0,,"economy,business",342.198,active,2026-08-18T10:00:00+05:30
flt_d0f49b72,arl_077dea23,MH-3640,apt_9a8714fa,apt_2d4c99ed,2026-09-12T09:20:00+05:30,2026-09-12T11:12:00+05:30,112,0,,"economy,business",84.784,active,2026-08-18T10:00:00+05:30
flt_6b4edc1b,arl_666b65b1,AC-3111,apt_6be6a548,apt_faa26bd2,2026-11-26T20:10:00+05:30,2026-11-26T21:33:00+05:30,83,0,ATR-72,"economy,business",46.556,active,2026-08-18T10:00:00+05:30
flt_0d0a3beb,arl_68688da8,NZ-2943,apt_c0496aae,apt_ee6be440,2026-10-31T06:10:00+05:30,2026-10-31T08:08:00+05:30,118,0,B737-800,"economy,business",101.811,active,2026-08-18T10:00:00+05:30
flt_a3bb5d22,arl_841c6e99,AI-7039,apt_3e80f233,apt_5377e1f8,2026-09-01T20:50:00+05:30,2026-09-01T23:59:00+05:30,189,0,A320neo,"economy,business",174.906,active,2026-08-18T10:00:00+05:30
flt_f6030446,arl_8ac08b06,CZ-6849,apt_9a8714fa,apt_bfd02a38,2026-09-25T10:20:00+05:30,2026-09-25T12:50:00+05:30,150,0,A321,"economy,business",156.257,active,2026-08-18T10:00:00+05:30
flt_a4ef727a,arl_a0bf222e,KE-5261,apt_98416c9d,apt_faa26bd2,2026-11-04T13:30:00+05:30,2026-11-04T15:42:00+05:30,132,0,A320neo,"economy,business",109.69,active,2026-08-18T10:00:00+05:30
flt_7c615001,arl_841c6e99,AI-9613,apt_ad38af67,apt_c077a39a,2026-10-29T13:30:00+05:30,2026-10-29T14:55:00+05:30,85,0,A320neo,"economy,business",35.569,active,2026-08-18T10:00:00+05:30
flt_27777f02,arl_154ebf3d,EY-4742,apt_eb8717c7,apt_496144db,2026-10-10T13:20:00+05:30,2026-10-10T18:56:00+05:30,336,0,B787-8,"economy,business",394.726,active,2026-08-18T10:00:00+05:30
flt_5d102063,arl_ef62470d,IX-2338,apt_3e80f233,apt_3810f0b5,2026-10-28T09:20:00+05:30,2026-10-28T12:21:00+05:30,181,0,ATR-72,economy,181.955,active,2026-08-18T10:00:00+05:30
flt_294f9b57,arl_75d2a12c,QF-6451,apt_98416c9d,apt_cb1113d2,2026-11-04T22:50:00+05:30,2026-11-05T08:11:00+05:30,561,0,ATR-72,"economy,business",666.694,active,2026-08-18T10:00:00+05:30
flt_7ae60ce0,arl_a852cdd9,VJ-813,apt_5377e1f8,apt_54ebca59,2026-10-29T14:40:00+05:30,2026-10-29T16:44:00+05:30,124,0,,economy,96.833,active,2026-08-18T10:00:00+05:30
flt_0372bbff,arl_a0bf222e,KE-9877,apt_c1f65e85,apt_d3a5784e,2026-10-07T16:00:00+05:30,2026-10-07T18:22:00+05:30,142,0,B787-8,"economy,business",155.093,active,2026-08-18T10:00:00+05:30
flt_e12ad04d,arl_dbae8242,QR-2361,apt_54ebca59,apt_c1f65e85,2026-11-17T05:50:00+05:30,2026-11-17T08:58:00+05:30,188,0,ATR-72,"economy,business",193.144,active,2026-08-18T10:00:00+05:30
flt_f9c4de7a,arl_1cfc4640,SQ-7215,apt_c077a39a,apt_3810f0b5,2026-11-21T14:20:00+05:30,2026-11-21T18:47:00+05:30,267,0,B737-800,"economy,business",299.533,active,2026-08-18T10:00:00+05:30
flt_5b58ec0e,arl_75d2a12c,QF-4903,apt_757e32fe,apt_3e80f233,2026-09-28T14:00:00+05:30,2026-09-28T19:15:00+05:30,315,0,B737-800,"economy,business",339.628,active,2026-08-18T10:00:00+05:30
flt_19126a61,arl_508d631b,UL-9662,apt_9dd20d55,apt_e6c1d884,2026-11-19T12:50:00+05:30,2026-11-19T18:46:00+05:30,356,1,A321,"economy,business",338.416,active,2026-08-18T10:00:00+05:30
flt_bda363f0,arl_841c6e99,AI-3593,apt_ceec186e,apt_5377e1f8,2026-10-06T11:40:00+05:30,2026-10-06T16:40:00+05:30,300,0,B787-8,"economy,business",364.51,active,2026-08-18T10:00:00+05:30
flt_2cee3ed3,arl_68688da8,NZ-9187,apt_ad38af67,apt_5835fac1,2026-09-20T21:40:00+05:30,2026-09-21T04:19:00+05:30,399,1,A321,"economy,business",378.66,active,2026-08-18T10:00:00+05:30
flt_27de27cf,arl_28f00e8b,EK-4891,apt_757e32fe,apt_98416c9d,2026-09-23T07:00:00+05:30,2026-09-23T12:20:00+05:30,320,0,,"economy,business",358.142,active,2026-08-18T10:00:00+05:30
flt_3cdf8323,arl_077dea23,MH-6970,apt_54ebca59,apt_08ebf678,2026-09-01T09:20:00+05:30,2026-09-01T10:28:00+05:30,68,0,A321,"economy,business",17.362,active,2026-08-18T10:00:00+05:30
flt_1dce8b5b,arl_a487a152,RA-9023,apt_2d4c99ed,apt_c1f65e85,2026-10-17T14:40:00+05:30,2026-10-17T15:37:00+05:30,57,0,B737-800,"economy,business",1.235,active,2026-08-18T10:00:00+05:30
flt_3414ff09,arl_7f79d7b3,AF-786,apt_e6c1d884,apt_eb8717c7,2026-10-23T17:20:00+05:30,2026-10-23T21:35:00+05:30,255,0,A320neo,"economy,business",300.432,active,2026-08-18T10:00:00+05:30
flt_0314a789,arl_6317d870,UK-9948,apt_6ddc2fb6,apt_3810f0b5,2026-10-11T16:50:00+05:30,2026-10-11T18:21:00+05:30,91,0,A321,"economy,business",71.984,active,2026-08-18T10:00:00+05:30
flt_c798b57d,arl_68688da8,NZ-823,apt_c0496aae,apt_ad38af67,2026-10-17T19:00:00+05:30,2026-10-18T00:18:00+05:30,318,0,ATR-72,"economy,business",377.646,active,2026-08-18T10:00:00+05:30
flt_e18a2b1f,arl_a852cdd9,VJ-4285,apt_cb1113d2,apt_bdf57d77,2026-10-01T08:50:00+05:30,2026-10-01T17:27:00+05:30,517,0,A321,economy,638.3,active,2026-08-18T10:00:00+05:30
flt_7a24ffd4,arl_7784367f,KB-8458,apt_3e80f233,apt_6ddc2fb6,2026-11-09T22:10:00+05:30,2026-11-10T00:49:00+05:30,159,0,B787-8,"economy,business",144.417,active,2026-08-18T10:00:00+05:30
flt_42bef756,arl_2981080f,6E-1017,apt_5377e1f8,apt_33c2d61a,2026-09-07T19:10:00+05:30,2026-09-08T02:41:00+05:30,451,0,ATR-72,economy,555.174,active,2026-08-18T10:00:00+05:30
flt_fbaa5786,arl_7f79d7b3,AF-8331,apt_30500fc8,apt_cb1113d2,2026-10-05T17:20:00+05:30,2026-10-06T00:41:00+05:30,441,0,A321,"economy,business",548.423,active,2026-08-18T10:00:00+05:30
flt_1acb9358,arl_dbae8242,QR-3088,apt_9a8714fa,apt_d3a5784e,2026-10-08T12:30:00+05:30,2026-10-08T15:16:00+05:30,166,0,B737-800,"economy,business",146.17,active,2026-08-18T10:00:00+05:30
flt_9ab3c3a1,arl_508d631b,UL-9717,apt_bdf57d77,apt_faa26bd2,2026-11-25T19:50:00+05:30,2026-11-25T22:12:00+05:30,142,0,B737-800,"economy,business",135.295,active,2026-08-18T10:00:00+05:30
flt_914b1a24,arl_1cfc4640,SQ-9652,apt_bdf57d77,apt_c1f65e85,2026-10-11T05:50:00+05:30,2026-10-11T09:08:00+05:30,198,0,ATR-72,"economy,business",189.163,active,2026-08-18T10:00:00+05:30
flt_e6af60d5,arl_154ebf3d,EY-3502,apt_c077a39a,apt_496144db,2026-09-09T06:50:00+05:30,2026-09-09T12:41:00+05:30,351,0,A321,"economy,business",394.488,active,2026-08-18T10:00:00+05:30
flt_3bfd0973,arl_ef62470d,IX-479,apt_cb1113d2,apt_6ddc2fb6,2026-10-16T08:50:00+05:30,2026-10-16T17:21:00+05:30,511,1,B737-800,economy,524.41,active,2026-08-18T10:00:00+05:30
flt_f835ddbb,arl_75d2a12c,QF-6221,apt_2d4c99ed,apt_faa26bd2,2026-10-04T06:30:00+05:30,2026-10-04T08:24:00+05:30,114,0,A321,"economy,business",101.013,active,2026-08-18T10:00:00+05:30
flt_e6fab29e,arl_2a88a2c3,UA-3790,apt_9dd20d55,apt_bfd02a38,2026-09-30T11:20:00+05:30,2026-09-30T16:21:00+05:30,301,1,A321,"economy,business",252.505,active,2026-08-18T10:00:00+05:30
flt_18dc48ae,arl_508d631b,UL-7510,apt_eb8717c7,apt_3810f0b5,2026-09-09T22:10:00+05:30,2026-09-10T03:48:00+05:30,338,1,B787-8,"economy,business",300.179,active,2026-08-18T10:00:00+05:30
flt_d0490eff,arl_3a276287,BA-2703,apt_cb1113d2,apt_3810f0b5,2026-10-20T10:10:00+05:30,2026-10-20T18:25:00+05:30,495,1,B737-800,"economy,business",523.015,active,2026-08-18T10:00:00+05:30
flt_efe5655d,arl_2fae0fe3,KU-4950,apt_ee6be440,apt_08ebf678,2026-10-26T15:40:00+05:30,2026-10-26T17:34:00+05:30,114,0,,"economy,business",113.926,active,2026-08-18T10:00:00+05:30
flt_347fb677,arl_154ebf3d,EY-6941,apt_9a8714fa,apt_c1f65e85,2026-09-11T11:50:00+05:30,2026-09-11T13:28:00+05:30,98,0,B737-800,"economy,business",85.961,active,2026-08-18T10:00:00+05:30
flt_370027ae,arl_508d631b,UL-2549,apt_bdf57d77,apt_c0496aae,2026-09-22T17:40:00+05:30,2026-09-22T19:04:00+05:30,84,0,B787-8,"economy,business",71.273,active,2026-08-18T10:00:00+05:30
flt_4760a91a,arl_534d3a8a,LH-4151,apt_86c2c516,apt_9a8714fa,2026-10-26T22:40:00+05:30,2026-10-27T03:52:00+05:30,312,0,A320neo,"economy,business",344.085,active,2026-08-18T10:00:00+05:30
flt_2dd14dcb,arl_403656a7,LX-7636,apt_e6c1d884,apt_e6d0e6bf,2026-09-04T17:10:00+05:30,2026-09-04T19:10:00+05:30,120,0,B737-800,"economy,business",103.463,active,2026-08-18T10:00:00+05:30
flt_78c0c1d6,arl_a487a152,RA-1006,apt_cb1113d2,apt_3e80f233,2026-09-11T13:40:00+05:30,2026-09-11T22:37:00+05:30,537,0,ATR-72,"economy,business",664.378,active,2026-08-18T10:00:00+05:30
flt_67356706,arl_508d631b,UL-4599,apt_30500fc8,apt_3e80f233,2026-10-16T14:30:00+05:30,2026-10-16T18:05:00+05:30,215,0,A321,"economy,business",216.009,active,2026-08-18T10:00:00+05:30
flt_78930f49,arl_534d3a8a,LH-1430,apt_6ddc2fb6,apt_496144db,2026-10-09T05:00:00+05:30,2026-10-09T06:55:00+05:30,115,0,,"economy,business",118.597,active,2026-08-18T10:00:00+05:30
flt_b3858c89,arl_7784367f,KB-6125,apt_30500fc8,apt_2d4c99ed,2026-11-25T09:20:00+05:30,2026-11-25T12:47:00+05:30,207,0,A321,"economy,business",220.861,active,2026-08-18T10:00:00+05:30
flt_6a546003,arl_534d3a8a,LH-7995,apt_9a8714fa,apt_eb8717c7,2026-11-26T17:40:00+05:30,2026-11-26T22:18:00+05:30,278,0,ATR-72,"economy,business",297.703,active,2026-08-18T10:00:00+05:30
flt_fb00ffdb,arl_4939343e,SG-3024,apt_54ebca59,apt_757e32fe,2026-11-03T10:10:00+05:30,2026-11-03T15:22:00+05:30,312,0,B737-800,economy,348.075,active,2026-08-18T10:00:00+05:30
flt_2ec4ed01,arl_a0bf222e,KE-2838,apt_c077a39a,apt_bdf57d77,2026-11-25T22:20:00+05:30,2026-11-26T05:43:00+05:30,443,1,A321,"economy,business",412.553,active,2026-08-18T10:00:00+05:30
flt_7274d9e9,arl_56da328b,GA-7153,apt_ad38af67,apt_9a8714fa,2026-10-12T11:40:00+05:30,2026-10-12T16:20:00+05:30,280,0,B787-8,"economy,business",332.817,active,2026-08-18T10:00:00+05:30
flt_29824608,arl_1cfc4640,SQ-3373,apt_a7ea97c3,apt_d3a5784e,2026-10-26T22:50:00+05:30,2026-10-27T00:10:00+05:30,80,0,A320neo,"economy,business",64.458,active,2026-08-18T10:00:00+05:30
flt_e678ce09,arl_6317d870,UK-7550,apt_08ebf678,apt_ceec186e,2026-11-28T21:30:00+05:30,2026-11-29T05:02:00+05:30,452,1,A320neo,"economy,business",433.487,active,2026-08-18T10:00:00+05:30
flt_a0b1f655,arl_403656a7,LX-4386,apt_6ddc2fb6,apt_d3a5784e,2026-11-04T10:20:00+05:30,2026-11-04T13:09:00+05:30,169,0,ATR-72,"economy,business",146.653,active,2026-08-18T10:00:00+05:30
flt_f1165f96,arl_666b65b1,AC-900,apt_faa26bd2,apt_e6c1d884,2026-10-06T15:40:00+05:30,2026-10-06T18:40:00+05:30,180,0,A321,"economy,business",174.711,active,2026-08-18T10:00:00+05:30
flt_714f68df,arl_a852cdd9,VJ-1811,apt_c1f65e85,apt_33c2d61a,2026-10-02T20:00:00+05:30,2026-10-03T04:25:00+05:30,505,1,B787-8,economy,523.908,active,2026-08-18T10:00:00+05:30
flt_a0d28b49,arl_7f79d7b3,AF-9634,apt_c1f65e85,apt_33c2d61a,2026-11-04T09:50:00+05:30,2026-11-04T17:12:00+05:30,442,0,ATR-72,"economy,business",523.908,active,2026-08-18T10:00:00+05:30
flt_9df90495,arl_b97400e0,QP-6660,apt_6ddc2fb6,apt_eb8717c7,2026-09-20T11:20:00+05:30,2026-09-20T15:57:00+05:30,277,0,A320neo,economy,297.44,active,2026-08-18T10:00:00+05:30
flt_42f65548,arl_2a88a2c3,UA-6528,apt_bdf57d77,apt_757e32fe,2026-09-13T18:00:00+05:30,2026-09-13T22:54:00+05:30,294,0,A321,"economy,business",344.287,active,2026-08-18T10:00:00+05:30
flt_f1a2e5c7,arl_1cfc4640,SQ-1640,apt_30500fc8,apt_3e80f233,2026-10-17T07:00:00+05:30,2026-10-17T10:37:00+05:30,217,0,B787-8,"economy,business",216.009,active,2026-08-18T10:00:00+05:30
flt_ceed2f9a,arl_ef62470d,IX-704,apt_3810f0b5,apt_6ddc2fb6,2026-11-15T07:10:00+05:30,2026-11-15T08:56:00+05:30,106,0,B787-8,economy,71.984,active,2026-08-18T10:00:00+05:30
flt_9862c617,arl_75d2a12c,QF-5072,apt_faa26bd2,apt_05897d58,2026-10-26T21:50:00+05:30,2026-10-27T00:55:00+05:30,185,0,A321,"economy,business",181.228,active,2026-08-18T10:00:00+05:30
flt_5cdc3c88,arl_403656a7,LX-5280,apt_c0496aae,apt_86c2c516,2026-11-08T18:00:00+05:30,2026-11-08T22:13:00+05:30,253,0,A320neo,"economy,business",292.709,active,2026-08-18T10:00:00+05:30
flt_92a5edc2,arl_692cd6f4,JL-7180,apt_e6d0e6bf,apt_c1f65e85,2026-11-01T22:50:00+05:30,2026-11-02T01:35:00+05:30,165,0,B787-8,"economy,business",180.169,active,2026-08-18T10:00:00+05:30
flt_9b64f550,arl_7784367f,KB-9736,apt_33c2d61a,apt_c077a39a,2026-11-08T15:00:00+05:30,2026-11-08T20:08:00+05:30,308,1,B787-8,"economy,business",230.247,active,2026-08-18T10:00:00+05:30
flt_a45130c7,arl_7f79d7b3,AF-2544,apt_05897d58,apt_54ebca59,2026-11-21T11:40:00+05:30,2026-11-21T13:27:00+05:30,107,0,B737-800,"economy,business",99.142,active,2026-08-18T10:00:00+05:30
flt_d9bc1412,arl_a852cdd9,VJ-7532,apt_757e32fe,apt_c1f65e85,2026-11-08T13:10:00+05:30,2026-11-08T16:23:00+05:30,193,0,A321,economy,187.233,active,2026-08-18T10:00:00+05:30
flt_97ba90b5,arl_6317d870,UK-5129,apt_d3a5784e,apt_cb1113d2,2026-09-03T21:40:00+05:30,2026-09-04T08:14:00+05:30,634,1,A321,"economy,business",665.758,active,2026-08-18T10:00:00+05:30
flt_dbfdc7d1,arl_56da328b,GA-6363,apt_d3a5784e,apt_ad38af67,2026-09-10T20:50:00+05:30,2026-09-11T03:26:00+05:30,396,0,B787-8,"economy,business",474.564,active,2026-08-18T10:00:00+05:30
flt_ba5f93bf,arl_7f79d7b3,AF-1051,apt_bfd02a38,apt_a7ea97c3,2026-10-21T13:00:00+05:30,2026-10-21T14:41:00+05:30,101,0,A320neo,"economy,business",89.714,active,2026-08-18T10:00:00+05:30
flt_3e69a5f7,arl_56da328b,GA-5669,apt_e6d0e6bf,apt_c0496aae,2026-10-15T09:50:00+05:30,2026-10-15T10:59:00+05:30,69,0,B737-800,"economy,business",57.941,active,2026-08-18T10:00:00+05:30
flt_2683e86f,arl_dbae8242,QR-9972,apt_ebff6148,apt_c1f65e85,2026-09-06T15:20:00+05:30,2026-09-06T18:31:00+05:30,191,0,ATR-72,"economy,business",187.219,active,2026-08-18T10:00:00+05:30
flt_b25ccf69,arl_a852cdd9,VJ-1313,apt_496144db,apt_ee6be440,2026-11-18T10:30:00+05:30,2026-11-18T14:09:00+05:30,219,0,A320neo,economy,227.654,active,2026-08-18T10:00:00+05:30
flt_f6ad22b6,arl_077dea23,MH-5083,apt_33c2d61a,apt_6ddc2fb6,2026-09-17T06:10:00+05:30,2026-09-17T13:46:00+05:30,456,0,ATR-72,"economy,business",527.244,active,2026-08-18T10:00:00+05:30
flt_66c51387,arl_a852cdd9,VJ-337,apt_bdf57d77,apt_2d4c99ed,2026-11-27T08:10:00+05:30,2026-11-27T11:05:00+05:30,175,0,ATR-72,economy,188.388,active,2026-08-18T10:00:00+05:30
flt_93cfb01f,arl_dbae8242,QR-7549,apt_757e32fe,apt_6ddc2fb6,2026-10-31T06:40:00+05:30,2026-10-31T10:23:00+05:30,223,0,A321,"economy,business",217.835,active,2026-08-18T10:00:00+05:30
flt_59069ec7,arl_8ac08b06,CZ-4601,apt_bfd02a38,apt_d3a5784e,2026-09-19T20:40:00+05:30,2026-09-19T21:42:00+05:30,62,0,A321,"economy,business",25.288,active,2026-08-18T10:00:00+05:30
flt_ddef97d1,arl_2a88a2c3,UA-5657,apt_98416c9d,apt_faa26bd2,2026-11-20T07:10:00+05:30,2026-11-20T09:11:00+05:30,121,0,B737-800,"economy,business",109.69,active,2026-08-18T10:00:00+05:30
flt_412aea9d,arl_b97400e0,QP-1737,apt_33c2d61a,apt_cb1113d2,2026-11-10T14:00:00+05:30,2026-11-10T14:56:00+05:30,56,0,ATR-72,economy,2.971,active,2026-08-18T10:00:00+05:30
flt_3b0541e6,arl_b97400e0,QP-3623,apt_08ebf678,apt_ee6be440,2026-11-28T22:00:00+05:30,2026-11-29T00:08:00+05:30,128,0,B737-800,economy,113.926,active,2026-08-18T10:00:00+05:30
flt_b22cfd1d,arl_b97400e0,QP-5546,apt_98416c9d,apt_c077a39a,2026-10-09T22:00:00+05:30,2026-10-10T04:12:00+05:30,372,0,ATR-72,economy,439.485,active,2026-08-18T10:00:00+05:30
flt_90444b0b,arl_154ebf3d,EY-936,apt_05897d58,apt_9a8714fa,2026-10-11T11:20:00+05:30,2026-10-11T13:05:00+05:30,105,0,B737-800,"economy,business",94.682,active,2026-08-18T10:00:00+05:30
flt_634a58f4,arl_cbee96ac,GF-3396,apt_05897d58,apt_ad38af67,2026-09-28T18:20:00+05:30,2026-09-28T23:31:00+05:30,311,0,A321,"economy,business",363.066,active,2026-08-18T10:00:00+05:30
flt_b5c4cbb5,arl_75d2a12c,QF-6159,apt_3810f0b5,apt_ee6be440,2026-09-18T05:30:00+05:30,2026-09-18T07:02:00+05:30,92,0,A320neo,"economy,business",66.59,active,2026-08-18T10:00:00+05:30
flt_bc4b2928,arl_6317d870,UK-4682,apt_ebff6148,apt_a7ea97c3,2026-09-10T15:30:00+05:30,2026-09-10T22:08:00+05:30,398,1,B787-8,"economy,business",356.482,active,2026-08-18T10:00:00+05:30
flt_273906c8,arl_508d631b,UL-9338,apt_757e32fe,apt_05897d58,2026-10-23T21:40:00+05:30,2026-10-24T01:54:00+05:30,254,0,ATR-72,"economy,business",284.668,active,2026-08-18T10:00:00+05:30
flt_88916c8e,arl_2981080f,6E-9212,apt_757e32fe,apt_05897d58,2026-09-27T05:50:00+05:30,2026-09-27T11:30:00+05:30,340,1,A320neo,economy,284.668,active,2026-08-18T10:00:00+05:30
flt_70fddbec,arl_a487a152,RA-2527,apt_2d4c99ed,apt_bdf57d77,2026-11-19T17:10:00+05:30,2026-11-19T20:04:00+05:30,174,0,B787-8,"economy,business",188.388,active,2026-08-18T10:00:00+05:30
flt_afd786f0,arl_cbee96ac,GF-9256,apt_bfd02a38,apt_ceec186e,2026-11-18T16:00:00+05:30,2026-11-18T22:57:00+05:30,417,0,A321,"economy,business",478.45,active,2026-08-18T10:00:00+05:30
flt_dbb5d5dc,arl_75d2a12c,QF-2874,apt_496144db,apt_ee6be440,2026-09-09T12:30:00+05:30,2026-09-09T17:13:00+05:30,283,1,B737-800,"economy,business",227.654,active,2026-08-18T10:00:00+05:30
flt_4153ca81,arl_7f79d7b3,AF-8098,apt_6ddc2fb6,apt_98416c9d,2026-10-03T19:00:00+05:30,2026-10-03T21:28:00+05:30,148,0,ATR-72,"economy,business",143.847,active,2026-08-18T10:00:00+05:30
flt_63382fdb,arl_2a88a2c3,UA-6408,apt_5377e1f8,apt_30500fc8,2026-09-19T14:30:00+05:30,2026-09-19T15:31:00+05:30,61,0,B787-8,"economy,business",45.395,active,2026-08-18T10:00:00+05:30
flt_11cba190,arl_154ebf3d,EY-9291,apt_54ebca59,apt_3e80f233,2026-11-02T16:30:00+05:30,2026-11-02T18:42:00+05:30,132,0,,"economy,business",103.959,active,2026-08-18T10:00:00+05:30
flt_4a82575d,arl_6317d870,UK-6617,apt_2d4c99ed,apt_9a8714fa,2026-10-11T22:00:00+05:30,2026-10-11T23:31:00+05:30,91,0,B787-8,"economy,business",84.784,active,2026-08-18T10:00:00+05:30
flt_8614c569,arl_666b65b1,AC-6362,apt_ceec186e,apt_33c2d61a,2026-10-06T17:30:00+05:30,2026-10-06T20:33:00+05:30,183,0,B787-8,"economy,business",194.722,active,2026-08-18T10:00:00+05:30
flt_a5046bdd,arl_6317d870,UK-7947,apt_9dd20d55,apt_cb1113d2,2026-09-25T15:40:00+05:30,2026-09-26T04:24:00+05:30,764,1,B787-8,"economy,business",861.733,active,2026-08-18T10:00:00+05:30
flt_569977dc,arl_a852cdd9,VJ-3895,apt_757e32fe,apt_c1f65e85,2026-10-06T14:30:00+05:30,2026-10-06T17:27:00+05:30,177,0,B787-8,economy,187.233,active,2026-08-18T10:00:00+05:30
flt_3add0a5a,arl_75d2a12c,QF-6097,apt_faa26bd2,apt_eb8717c7,2026-10-20T13:20:00+05:30,2026-10-20T18:58:00+05:30,338,0,B787-8,"economy,business",395.56,active,2026-08-18T10:00:00+05:30
flt_b6c441fc,arl_dbae8242,QR-9335,apt_ebff6148,apt_ceec186e,2026-11-18T13:50:00+05:30,2026-11-18T16:38:00+05:30,168,0,B737-800,"economy,business",163.248,active,2026-08-18T10:00:00+05:30
flt_902c5f8d,arl_2a88a2c3,UA-4630,apt_a7ea97c3,apt_05897d58,2026-10-11T14:50:00+05:30,2026-10-11T17:08:00+05:30,138,0,B737-800,"economy,business",140.107,active,2026-08-18T10:00:00+05:30
flt_4a5617f8,arl_a0bf222e,KE-3395,apt_6ddc2fb6,apt_cb1113d2,2026-11-09T05:00:00+05:30,2026-11-09T12:34:00+05:30,454,0,B787-8,"economy,business",524.41,active,2026-08-18T10:00:00+05:30
flt_824a32ad,arl_666b65b1,AC-9233,apt_d3a5784e,apt_ee6be440,2026-09-27T16:20:00+05:30,2026-09-27T19:49:00+05:30,209,0,B787-8,"economy,business",220.829,active,2026-08-18T10:00:00+05:30
flt_9942e00b,arl_154ebf3d,EY-8463,apt_ebff6148,apt_ee6be440,2026-09-10T17:50:00+05:30,2026-09-10T22:37:00+05:30,287,0,ATR-72,"economy,business",307.779,active,2026-08-18T10:00:00+05:30
flt_5908cdd9,arl_a0bf222e,KE-1774,apt_98416c9d,apt_05897d58,2026-10-11T11:00:00+05:30,2026-10-11T13:11:00+05:30,131,0,A321,"economy,business",140.054,active,2026-08-18T10:00:00+05:30
flt_9bf5ec51,arl_6317d870,UK-8587,apt_ebff6148,apt_5835fac1,2026-10-15T08:20:00+05:30,2026-10-15T13:53:00+05:30,333,1,A320neo,"economy,business",274.641,active,2026-08-18T10:00:00+05:30
flt_f6b73d78,arl_403656a7,LX-8104,apt_757e32fe,apt_ee6be440,2026-11-24T09:40:00+05:30,2026-11-24T14:21:00+05:30,281,0,A320neo,"economy,business",309.061,active,2026-08-18T10:00:00+05:30
flt_6f3bffab,arl_7f79d7b3,AF-4815,apt_3e80f233,apt_cb1113d2,2026-09-01T14:50:00+05:30,2026-09-01T23:43:00+05:30,533,0,ATR-72,"economy,business",664.378,active,2026-08-18T10:00:00+05:30
flt_148f994e,arl_077dea23,MH-685,apt_5835fac1,apt_c0496aae,2026-09-10T16:40:00+05:30,2026-09-10T17:14:00+05:30,34,0,B737-800,"economy,business",1.026,active,2026-08-18T10:00:00+05:30
flt_c13b2205,arl_2fae0fe3,KU-6842,apt_30500fc8,apt_86c2c516,2026-11-22T06:50:00+05:30,2026-11-22T12:45:00+05:30,355,1,B787-8,"economy,business",320.879,active,2026-08-18T10:00:00+05:30
flt_bc041345,arl_7784367f,KB-1956,apt_ad38af67,apt_d3a5784e,2026-10-15T08:00:00+05:30,2026-10-15T14:54:00+05:30,414,0,A320neo,"economy,business",474.564,active,2026-08-18T10:00:00+05:30
flt_4a1ff478,arl_56da328b,GA-8889,apt_c0496aae,apt_6ddc2fb6,2026-11-23T09:30:00+05:30,2026-11-23T11:01:00+05:30,91,0,A321,"economy,business",58.725,active,2026-08-18T10:00:00+05:30
flt_1cfea65c,arl_2fae0fe3,KU-4091,apt_496144db,apt_cb1113d2,2026-10-16T09:00:00+05:30,2026-10-16T18:44:00+05:30,584,1,A320neo,"economy,business",618.46,active,2026-08-18T10:00:00+05:30
flt_363761c4,arl_077dea23,MH-1094,apt_c077a39a,apt_496144db,2026-09-06T12:40:00+05:30,2026-09-06T18:10:00+05:30,330,0,B787-8,"economy,business",394.488,active,2026-08-18T10:00:00+05:30
flt_aac1d29c,arl_a0bf222e,KE-6691,apt_6ddc2fb6,apt_ee6be440,2026-09-10T14:30:00+05:30,2026-09-10T16:45:00+05:30,135,0,B737-800,"economy,business",136.834,active,2026-08-18T10:00:00+05:30
flt_e17a08a5,arl_2fae0fe3,KU-1032,apt_3810f0b5,apt_98416c9d,2026-10-13T06:00:00+05:30,2026-10-13T08:53:00+05:30,173,0,B787-8,"economy,business",154.982,active,2026-08-18T10:00:00+05:30
flt_492b85c2,arl_7f79d7b3,AF-6094,apt_3810f0b5,apt_c077a39a,2026-10-12T08:50:00+05:30,2026-10-12T13:08:00+05:30,258,0,ATR-72,"economy,business",299.533,active,2026-08-18T10:00:00+05:30
flt_d19ca7a3,arl_cbee96ac,GF-8843,apt_6ddc2fb6,apt_496144db,2026-10-26T07:10:00+05:30,2026-10-26T09:23:00+05:30,133,0,A320neo,"economy,business",118.597,active,2026-08-18T10:00:00+05:30
flt_03bc21a1,arl_75d2a12c,QF-9429,apt_ebff6148,apt_496144db,2026-10-16T10:10:00+05:30,2026-10-16T15:35:00+05:30,325,1,B737-800,"economy,business",286.492,active,2026-08-18T10:00:00+05:30
flt_fb57399e,arl_2a88a2c3,UA-7559,apt_3e80f233,apt_c1f65e85,2026-09-26T19:50:00+05:30,2026-09-26T22:27:00+05:30,157,0,,"economy,business",155.098,active,2026-08-18T10:00:00+05:30
flt_f3420044,arl_6317d870,UK-9678,apt_bfd02a38,apt_a7ea97c3,2026-11-21T21:40:00+05:30,2026-11-21T23:16:00+05:30,96,0,A320neo,"economy,business",89.714,active,2026-08-18T10:00:00+05:30
flt_44ba0a06,arl_a852cdd9,VJ-2969,apt_a7ea97c3,apt_98416c9d,2026-09-02T08:20:00+05:30,2026-09-02T08:48:00+05:30,28,0,B787-8,economy,1.558,active,2026-08-18T10:00:00+05:30
flt_9a116b90,arl_75d2a12c,QF-8038,apt_30500fc8,apt_98416c9d,2026-11-12T12:20:00+05:30,2026-11-12T15:25:00+05:30,185,0,,"economy,business",172.093,active,2026-08-18T10:00:00+05:30
flt_9cbe1d3c,arl_56da328b,GA-1932,apt_54ebca59,apt_6ddc2fb6,2026-09-18T10:00:00+05:30,2026-09-18T12:25:00+05:30,145,0,A321,"economy,business",130.361,active,2026-08-18T10:00:00+05:30
flt_4c9202df,arl_1cfc4640,SQ-2545,apt_98416c9d,apt_9a8714fa,2026-11-10T07:10:00+05:30,2026-11-10T09:37:00+05:30,147,0,A321,"economy,business",143.719,active,2026-08-18T10:00:00+05:30
flt_7f33434d,arl_b97400e0,QP-392,apt_eb8717c7,apt_5835fac1,2026-10-23T19:00:00+05:30,2026-10-24T01:18:00+05:30,378,1,B737-800,economy,343.755,active,2026-08-18T10:00:00+05:30
flt_f5fc7e72,arl_75d2a12c,QF-1433,apt_ad38af67,apt_e6d0e6bf,2026-11-06T14:10:00+05:30,2026-11-06T20:09:00+05:30,359,0,B737-800,"economy,business",434.153,active,2026-08-18T10:00:00+05:30
flt_3378589b,arl_a852cdd9,VJ-7938,apt_bfd02a38,apt_c1f65e85,2026-11-08T15:00:00+05:30,2026-11-08T17:48:00+05:30,168,0,B737-800,economy,150.902,active,2026-08-18T10:00:00+05:30
flt_7f50b620,arl_2a88a2c3,UA-9702,apt_bfd02a38,apt_cb1113d2,2026-09-24T05:40:00+05:30,2026-09-24T15:53:00+05:30,613,1,B787-8,"economy,business",668.41,active,2026-08-18T10:00:00+05:30
flt_fb44cf6d,arl_75d2a12c,QF-3742,apt_496144db,apt_757e32fe,2026-10-01T12:00:00+05:30,2026-10-01T16:18:00+05:30,258,0,B787-8,"economy,business",286.531,active,2026-08-18T10:00:00+05:30
flt_d8adec89,arl_403656a7,LX-4123,apt_eb8717c7,apt_faa26bd2,2026-10-18T10:50:00+05:30,2026-10-18T18:00:00+05:30,430,1,ATR-72,"economy,business",395.56,active,2026-08-18T10:00:00+05:30
flt_e4c5a324,arl_68688da8,NZ-4556,apt_e6d0e6bf,apt_6ddc2fb6,2026-10-11T09:40:00+05:30,2026-10-11T12:02:00+05:30,142,0,A321,"economy,business",114.214,active,2026-08-18T10:00:00+05:30
flt_06ccf422,arl_2981080f,6E-1134,apt_6ddc2fb6,apt_bdf57d77,2026-11-03T07:50:00+05:30,2026-11-03T09:50:00+05:30,120,0,A320neo,economy,126.534,active,2026-08-18T10:00:00+05:30
flt_6162e3b7,arl_c56d378a,TG-5196,apt_9a8714fa,apt_98416c9d,2026-10-07T21:00:00+05:30,2026-10-07T23:22:00+05:30,142,0,B787-8,"economy,business",143.719,active,2026-08-18T10:00:00+05:30
flt_c25d045f,arl_4939343e,SG-9618,apt_c077a39a,apt_bdf57d77,2026-10-06T05:30:00+05:30,2026-10-06T12:46:00+05:30,436,1,A321,economy,412.553,active,2026-08-18T10:00:00+05:30
flt_207cbb24,arl_2a88a2c3,UA-3553,apt_ceec186e,apt_5835fac1,2026-11-20T18:40:00+05:30,2026-11-20T23:58:00+05:30,318,0,B737-800,"economy,business",378.47,active,2026-08-18T10:00:00+05:30
flt_30359bea,arl_2981080f,6E-4524,apt_9a8714fa,apt_496144db,2026-11-21T17:40:00+05:30,2026-11-21T20:08:00+05:30,148,0,A321,economy,117.88,active,2026-08-18T10:00:00+05:30
flt_e720be5a,arl_4939343e,SG-2910,apt_9a8714fa,apt_c0496aae,2026-11-24T09:10:00+05:30,2026-11-24T10:49:00+05:30,99,0,B737-800,economy,59.079,active,2026-08-18T10:00:00+05:30
flt_25be2e6c,arl_403656a7,LX-9313,apt_9dd20d55,apt_e6d0e6bf,2026-10-08T13:30:00+05:30,2026-10-08T18:25:00+05:30,295,1,B737-800,"economy,business",238.136,active,2026-08-18T10:00:00+05:30
flt_e987b654,arl_534d3a8a,LH-4283,apt_9a8714fa,apt_faa26bd2,2026-10-05T17:20:00+05:30,2026-10-05T19:45:00+05:30,145,0,B787-8,"economy,business",117.288,active,2026-08-18T10:00:00+05:30
flt_fc853031,arl_403656a7,LX-4162,apt_08ebf678,apt_9dd20d55,2026-11-02T17:00:00+05:30,2026-11-02T21:54:00+05:30,294,1,A321,"economy,business",238.436,active,2026-08-18T10:00:00+05:30
flt_dd58122f,arl_a852cdd9,VJ-4648,apt_cb1113d2,apt_5835fac1,2026-10-25T12:30:00+05:30,2026-10-25T21:33:00+05:30,543,1,B737-800,economy,569.674,active,2026-08-18T10:00:00+05:30
flt_ba18e81e,arl_077dea23,MH-3127,apt_757e32fe,apt_6be6a548,2026-11-21T06:00:00+05:30,2026-11-21T10:47:00+05:30,287,0,A320neo,"economy,business",334.486,active,2026-08-18T10:00:00+05:30
flt_c83385c0,arl_a487a152,RA-3209,apt_54ebca59,apt_e6d0e6bf,2026-11-18T07:10:00+05:30,2026-11-18T08:03:00+05:30,53,0,A320neo,"economy,business",16.948,active,2026-08-18T10:00:00+05:30
flt_7dc9b29a,arl_4939343e,SG-441,apt_9dd20d55,apt_cb1113d2,2026-09-02T08:50:00+05:30,2026-09-02T20:33:00+05:30,703,0,A320neo,economy,861.733,active,2026-08-18T10:00:00+05:30
flt_283a75f7,arl_154ebf3d,EY-3617,apt_86c2c516,apt_05897d58,2026-09-17T07:20:00+05:30,2026-09-17T11:48:00+05:30,268,0,ATR-72,"economy,business",310.254,active,2026-08-18T10:00:00+05:30
flt_6079bc42,arl_56da328b,GA-9881,apt_2d4c99ed,apt_496144db,2026-09-26T17:40:00+05:30,2026-09-26T19:50:00+05:30,130,0,A320neo,"economy,business",99.479,active,2026-08-18T10:00:00+05:30
flt_5602315b,arl_2981080f,6E-9887,apt_3810f0b5,apt_496144db,2026-09-04T16:40:00+05:30,2026-09-04T19:35:00+05:30,175,0,ATR-72,economy,176.858,active,2026-08-18T10:00:00+05:30
flt_32f0e420,arl_2fae0fe3,KU-6512,apt_ceec186e,apt_9dd20d55,2026-11-10T19:40:00+05:30,2026-11-11T04:38:00+05:30,538,0,B787-8,"economy,business",671.818,active,2026-08-18T10:00:00+05:30
flt_29a54474,arl_75d2a12c,QF-4093,apt_54ebca59,apt_eb8717c7,2026-11-05T19:40:00+05:30,2026-11-06T02:50:00+05:30,430,1,,"economy,business",416.3,active,2026-08-18T10:00:00+05:30
flt_2c24c53d,arl_c56d378a,TG-8256,apt_6be6a548,apt_a7ea97c3,2026-10-10T21:00:00+05:30,2026-10-10T22:53:00+05:30,113,0,B787-8,"economy,business",89.008,active,2026-08-18T10:00:00+05:30
flt_73b8ebec,arl_077dea23,MH-6026,apt_54ebca59,apt_cb1113d2,2026-11-16T21:10:00+05:30,2026-11-17T06:04:00+05:30,534,0,A321,"economy,business",641.324,active,2026-08-18T10:00:00+05:30
flt_a56545fa,arl_508d631b,UL-9767,apt_bdf57d77,apt_5835fac1,2026-09-21T14:20:00+05:30,2026-09-21T16:02:00+05:30,102,0,A320neo,"economy,business",70.248,active,2026-08-18T10:00:00+05:30
flt_716d92ac,arl_8ac08b06,CZ-6010,apt_c0496aae,apt_d3a5784e,2026-11-16T20:50:00+05:30,2026-11-16T22:52:00+05:30,122,0,A320neo,"economy,business",127.513,active,2026-08-18T10:00:00+05:30
flt_7e56271c,arl_8ac08b06,CZ-4845,apt_d3a5784e,apt_9dd20d55,2026-10-17T09:50:00+05:30,2026-10-17T14:44:00+05:30,294,1,B737-800,"economy,business",237.944,active,2026-08-18T10:00:00+05:30
flt_4b1a67bf,arl_2981080f,6E-3084,apt_6ddc2fb6,apt_ad38af67,2026-11-10T22:30:00+05:30,2026-11-11T03:10:00+05:30,280,0,B787-8,economy,332.555,active,2026-08-18T10:00:00+05:30
flt_f79eef9d,arl_8ac08b06,CZ-5629,apt_757e32fe,apt_3e80f233,2026-11-10T06:10:00+05:30,2026-11-10T12:20:00+05:30,370,1,A321,"economy,business",339.628,active,2026-08-18T10:00:00+05:30
flt_47ede628,arl_a487a152,RA-1115,apt_54ebca59,apt_d3a5784e,2026-10-30T12:20:00+05:30,2026-10-30T14:07:00+05:30,107,0,B787-8,"economy,business",108.003,active,2026-08-18T10:00:00+05:30
flt_b4b048a8,arl_7784367f,KB-8388,apt_3810f0b5,apt_e6d0e6bf,2026-09-08T18:50:00+05:30,2026-09-08T21:04:00+05:30,134,0,ATR-72,"economy,business",103.942,active,2026-08-18T10:00:00+05:30
flt_bc53e0cc,arl_cbee96ac,GF-5372,apt_757e32fe,apt_6ddc2fb6,2026-10-31T10:40:00+05:30,2026-10-31T13:49:00+05:30,189,0,A321,"economy,business",217.835,active,2026-08-18T10:00:00+05:30
flt_bafada22,arl_2fae0fe3,KU-8430,apt_5835fac1,apt_6be6a548,2026-11-26T05:40:00+05:30,2026-11-26T08:24:00+05:30,164,0,ATR-72,"economy,business",142.46,active,2026-08-18T10:00:00+05:30
flt_cfba6b38,arl_2a88a2c3,UA-2178,apt_9dd20d55,apt_ee6be440,2026-11-15T15:10:00+05:30,2026-11-15T20:58:00+05:30,348,1,A320neo,"economy,business",322.586,active,2026-08-18T10:00:00+05:30
flt_bc5718dd,arl_ef62470d,IX-8001,apt_c077a39a,apt_54ebca59,2026-11-11T14:00:00+05:30,2026-11-11T21:02:00+05:30,422,1,A321,economy,415.726,active,2026-08-18T10:00:00+05:30
flt_0ded3675,arl_534d3a8a,LH-4608,apt_86c2c516,apt_bfd02a38,2026-10-13T14:30:00+05:30,2026-10-13T19:47:00+05:30,317,1,B787-8,"economy,business",248.999,active,2026-08-18T10:00:00+05:30
flt_47db950f,arl_56da328b,GA-6767,apt_bdf57d77,apt_86c2c516,2026-11-09T19:00:00+05:30,2026-11-09T23:28:00+05:30,268,1,A320neo,"economy,business",221.763,active,2026-08-18T10:00:00+05:30
flt_87093ad9,arl_ef62470d,IX-9937,apt_eb8717c7,apt_d3a5784e,2026-11-07T12:40:00+05:30,2026-11-07T19:54:00+05:30,434,1,A320neo,economy,439.646,active,2026-08-18T10:00:00+05:30
flt_1636dd4b,arl_dbae8242,QR-1802,apt_08ebf678,apt_bfd02a38,2026-09-16T21:20:00+05:30,2026-09-16T23:50:00+05:30,150,0,A321,"economy,business",136.801,active,2026-08-18T10:00:00+05:30
flt_348fc1e5,arl_2fae0fe3,KU-7715,apt_5377e1f8,apt_2d4c99ed,2026-09-01T16:40:00+05:30,2026-09-01T19:32:00+05:30,172,0,A321,"economy,business",178.732,active,2026-08-18T10:00:00+05:30
flt_1cf2a796,arl_7f79d7b3,AF-4281,apt_ad38af67,apt_bdf57d77,2026-11-20T09:00:00+05:30,2026-11-20T16:48:00+05:30,468,1,,"economy,business",447.891,active,2026-08-18T10:00:00+05:30
flt_18cc9fa6,arl_154ebf3d,EY-3032,apt_08ebf678,apt_c0496aae,2026-09-27T21:50:00+05:30,2026-09-27T23:14:00+05:30,84,0,A321,"economy,business",58.183,active,2026-08-18T10:00:00+05:30
flt_4fc2106a,arl_56da328b,GA-4899,apt_eb8717c7,apt_e6d0e6bf,2026-11-24T05:40:00+05:30,2026-11-24T11:20:00+05:30,340,0,B737-800,"economy,business",399.395,active,2026-08-18T10:00:00+05:30
flt_a9965f57,arl_508d631b,UL-8552,apt_9a8714fa,apt_5377e1f8,2026-11-16T13:50:00+05:30,2026-11-16T15:57:00+05:30,127,0,,"economy,business",94.249,active,2026-08-18T10:00:00+05:30
flt_97720190,arl_508d631b,UL-6336,apt_cb1113d2,apt_6ddc2fb6,2026-10-29T17:00:00+05:30,2026-10-30T01:23:00+05:30,503,1,B787-8,"economy,business",524.41,active,2026-08-18T10:00:00+05:30
flt_6c6f2b11,arl_a0bf222e,KE-2876,apt_86c2c516,apt_ceec186e,2026-11-14T07:00:00+05:30,2026-11-14T17:30:00+05:30,630,1,,"economy,business",669.207,active,2026-08-18T10:00:00+05:30
flt_fb1fdaa5,arl_7784367f,KB-8751,apt_e6d0e6bf,apt_bfd02a38,2026-11-09T19:30:00+05:30,2026-11-09T21:55:00+05:30,145,0,A321,"economy,business",133.958,active,2026-08-18T10:00:00+05:30
flt_ebd88e5b,arl_7784367f,KB-1410,apt_30500fc8,apt_ee6be440,2026-09-01T09:50:00+05:30,2026-09-01T10:23:00+05:30,33,0,B787-8,"economy,business",1.507,active,2026-08-18T10:00:00+05:30
flt_9167d5ad,arl_8ac08b06,CZ-7768,apt_ceec186e,apt_e6c1d884,2026-10-29T22:20:00+05:30,2026-10-30T04:42:00+05:30,382,1,B787-8,"economy,business",334.288,active,2026-08-18T10:00:00+05:30
flt_0c57b5d2,arl_cbee96ac,GF-4557,apt_c077a39a,apt_2d4c99ed,2026-09-15T15:30:00+05:30,2026-09-15T21:30:00+05:30,360,1,B787-8,"economy,business",299.644,active,2026-08-18T10:00:00+05:30
flt_674131f9,arl_2fae0fe3,KU-9340,apt_bfd02a38,apt_ad38af67,2026-09-29T19:00:00+05:30,2026-09-30T03:13:00+05:30,493,1,ATR-72,"economy,business",478.231,active,2026-08-18T10:00:00+05:30
flt_3141c50b,arl_1cfc4640,SQ-216,apt_c1f65e85,apt_757e32fe,2026-11-21T09:40:00+05:30,2026-11-21T12:52:00+05:30,192,0,B787-8,"economy,business",187.233,active,2026-08-18T10:00:00+05:30
flt_10970faa,arl_c56d378a,TG-6391,apt_3e80f233,apt_c0496aae,2026-11-12T15:50:00+05:30,2026-11-12T18:16:00+05:30,146,0,B787-8,"economy,business",124.106,active,2026-08-18T10:00:00+05:30
flt_99bba794,arl_6317d870,UK-4001,apt_5377e1f8,apt_9a8714fa,2026-10-05T17:00:00+05:30,2026-10-05T18:41:00+05:30,101,0,,"economy,business",94.249,active,2026-08-18T10:00:00+05:30
flt_89ea297a,arl_ef62470d,IX-289,apt_54ebca59,apt_9dd20d55,2026-11-12T14:30:00+05:30,2026-11-12T17:53:00+05:30,203,0,ATR-72,economy,221.2,active,2026-08-18T10:00:00+05:30
flt_9981ba04,arl_1cfc4640,SQ-8009,apt_e6c1d884,apt_ad38af67,2026-09-05T06:20:00+05:30,2026-09-05T11:00:00+05:30,280,0,B787-8,"economy,business",334.647,active,2026-08-18T10:00:00+05:30
flt_2944b60e,arl_2a88a2c3,UA-8876,apt_c077a39a,apt_c1f65e85,2026-10-20T08:00:00+05:30,2026-10-20T12:34:00+05:30,274,0,ATR-72,"economy,business",300.204,active,2026-08-18T10:00:00+05:30
flt_412c3bad,arl_841c6e99,AI-3314,apt_6be6a548,apt_5835fac1,2026-10-20T13:40:00+05:30,2026-10-20T16:23:00+05:30,163,0,B787-8,"economy,business",142.46,active,2026-08-18T10:00:00+05:30
flt_3a93aa7b,arl_154ebf3d,EY-6097,apt_6be6a548,apt_ee6be440,2026-11-18T12:00:00+05:30,2026-11-18T15:42:00+05:30,222,0,ATR-72,"economy,business",239.849,active,2026-08-18T10:00:00+05:30
flt_fb787df5,arl_534d3a8a,LH-9661,apt_bdf57d77,apt_ad38af67,2026-10-09T12:40:00+05:30,2026-10-09T20:24:00+05:30,464,1,B737-800,"economy,business",447.891,active,2026-08-18T10:00:00+05:30
flt_042775c9,arl_dbae8242,QR-3859,apt_6be6a548,apt_98416c9d,2026-10-09T06:10:00+05:30,2026-10-09T07:59:00+05:30,109,0,A321,"economy,business",90.412,active,2026-08-18T10:00:00+05:30
flt_4f4aca2b,arl_2981080f,6E-965,apt_9dd20d55,apt_d3a5784e,2026-11-27T12:00:00+05:30,2026-11-27T15:32:00+05:30,212,0,B737-800,economy,237.944,active,2026-08-18T10:00:00+05:30
flt_e80fa9ed,arl_6317d870,UK-5557,apt_d3a5784e,apt_33c2d61a,2026-09-30T13:40:00+05:30,2026-09-30T22:47:00+05:30,547,0,,"economy,business",668.519,active,2026-08-18T10:00:00+05:30
flt_3caed359,arl_077dea23,MH-2893,apt_eb8717c7,apt_ad38af67,2026-10-05T09:00:00+05:30,2026-10-05T09:56:00+05:30,56,0,B787-8,"economy,business",35.116,active,2026-08-18T10:00:00+05:30
flt_eb570426,arl_2a88a2c3,UA-7180,apt_cb1113d2,apt_9a8714fa,2026-09-10T17:20:00+05:30,2026-09-11T01:53:00+05:30,513,1,A320neo,"economy,business",524.673,active,2026-08-18T10:00:00+05:30
flt_52b2618c,arl_cbee96ac,GF-6168,apt_54ebca59,apt_6ddc2fb6,2026-10-17T12:30:00+05:30,2026-10-17T14:48:00+05:30,138,0,A320neo,"economy,business",130.361,active,2026-08-18T10:00:00+05:30
flt_bd99b236,arl_6317d870,UK-8629,apt_d3a5784e,apt_30500fc8,2026-10-21T12:50:00+05:30,2026-10-21T17:24:00+05:30,274,1,ATR-72,"economy,business",219.848,active,2026-08-18T10:00:00+05:30
flt_45cde4dc,arl_7784367f,KB-4487,apt_496144db,apt_3810f0b5,2026-11-08T05:50:00+05:30,2026-11-08T08:39:00+05:30,169,0,A321,"economy,business",176.858,active,2026-08-18T10:00:00+05:30
flt_d865cfbb,arl_1cfc4640,SQ-9199,apt_33c2d61a,apt_3810f0b5,2026-11-08T12:30:00+05:30,2026-11-08T20:05:00+05:30,455,0,B787-8,"economy,business",525.95,active,2026-08-18T10:00:00+05:30
flt_630d133c,arl_841c6e99,AI-2108,apt_3e80f233,apt_c077a39a,2026-09-04T05:30:00+05:30,2026-09-04T11:37:00+05:30,367,0,A320neo,"economy,business",437.774,active,2026-08-18T10:00:00+05:30
flt_d65dbc92,arl_2a88a2c3,UA-5673,apt_eb8717c7,apt_e6d0e6bf,2026-09-15T16:40:00+05:30,2026-09-15T23:42:00+05:30,422,1,A320neo,"economy,business",399.395,active,2026-08-18T10:00:00+05:30
flt_d7af3602,arl_3a276287,BA-7943,apt_3810f0b5,apt_33c2d61a,2026-10-15T20:20:00+05:30,2026-10-16T03:47:00+05:30,447,0,ATR-72,"economy,business",525.95,active,2026-08-18T10:00:00+05:30
flt_69aa3c2f,arl_7784367f,KB-7658,apt_2d4c99ed,apt_496144db,2026-11-13T20:30:00+05:30,2026-11-13T22:22:00+05:30,112,0,A321,"economy,business",99.479,active,2026-08-18T10:00:00+05:30
flt_0eb58620,arl_cbee96ac,GF-1318,apt_86c2c516,apt_c1f65e85,2026-10-13T11:10:00+05:30,2026-10-13T17:55:00+05:30,405,1,ATR-72,"economy,business",384.635,active,2026-08-18T10:00:00+05:30
flt_ec8156dc,arl_2a88a2c3,UA-9875,apt_bdf57d77,apt_bfd02a38,2026-10-06T21:40:00+05:30,2026-10-07T00:04:00+05:30,144,0,A321,"economy,business",130.761,active,2026-08-18T10:00:00+05:30
flt_1ace6fb3,arl_c56d378a,TG-8878,apt_9a8714fa,apt_e6c1d884,2026-10-02T06:40:00+05:30,2026-10-02T08:29:00+05:30,109,0,A320neo,"economy,business",72.13,active,2026-08-18T10:00:00+05:30
flt_1fb62496,arl_b97400e0,QP-3469,apt_ceec186e,apt_c077a39a,2026-10-08T19:50:00+05:30,2026-10-08T20:42:00+05:30,52,0,ATR-72,economy,35.534,active,2026-08-18T10:00:00+05:30
flt_8afcc468,arl_7f79d7b3,AF-5100,apt_86c2c516,apt_2d4c99ed,2026-10-31T22:00:00+05:30,2026-11-01T03:21:00+05:30,321,0,A321,"economy,business",384.293,active,2026-08-18T10:00:00+05:30
flt_6290f42b,arl_b97400e0,QP-2059,apt_2d4c99ed,apt_e6d0e6bf,2026-09-06T21:50:00+05:30,2026-09-07T00:37:00+05:30,167,0,B787-8,economy,179.341,active,2026-08-18T10:00:00+05:30
flt_a915d5ff,arl_c56d378a,TG-5115,apt_33c2d61a,apt_c0496aae,2026-11-15T12:40:00+05:30,2026-11-15T20:40:00+05:30,480,0,A321,"economy,business",571.563,active,2026-08-18T10:00:00+05:30
flt_44df6d45,arl_508d631b,UL-4708,apt_c0496aae,apt_9a8714fa,2026-11-29T14:30:00+05:30,2026-11-29T15:47:00+05:30,77,0,ATR-72,"economy,business",59.079,active,2026-08-18T10:00:00+05:30
flt_569cc5d6,arl_403656a7,LX-2527,apt_757e32fe,apt_5377e1f8,2026-09-05T16:50:00+05:30,2026-09-05T20:57:00+05:30,247,0,ATR-72,"economy,business",285.717,active,2026-08-18T10:00:00+05:30
flt_b7b08498,arl_8ac08b06,CZ-1116,apt_c077a39a,apt_3e80f233,2026-11-26T19:50:00+05:30,2026-11-27T02:13:00+05:30,383,0,ATR-72,"economy,business",437.774,active,2026-08-18T10:00:00+05:30
flt_81b26b16,arl_7784367f,KB-4223,apt_6be6a548,apt_2d4c99ed,2026-10-03T17:20:00+05:30,2026-10-03T19:39:00+05:30,139,0,A321,"economy,business",147.544,active,2026-08-18T10:00:00+05:30
flt_f4155da7,arl_7784367f,KB-3184,apt_496144db,apt_a7ea97c3,2026-10-12T14:50:00+05:30,2026-10-12T17:01:00+05:30,131,0,A321,"economy,business",110.952,active,2026-08-18T10:00:00+05:30
flt_ae91fbff,arl_cbee96ac,GF-578,apt_5835fac1,apt_05897d58,2026-11-24T19:20:00+05:30,2026-11-24T20:36:00+05:30,76,0,B787-8,"economy,business",57.281,active,2026-08-18T10:00:00+05:30
flt_5ea14cd9,arl_a852cdd9,VJ-4594,apt_e6d0e6bf,apt_eb8717c7,2026-11-17T16:50:00+05:30,2026-11-17T22:44:00+05:30,354,0,A320neo,economy,399.395,active,2026-08-18T10:00:00+05:30
flt_26b6dabd,arl_077dea23,MH-4883,apt_08ebf678,apt_faa26bd2,2026-10-19T13:10:00+05:30,2026-10-19T15:44:00+05:30,154,0,B737-800,"economy,business",136.017,active,2026-08-18T10:00:00+05:30
flt_26047670,arl_154ebf3d,EY-8949,apt_ee6be440,apt_c0496aae,2026-09-26T21:00:00+05:30,2026-09-26T22:41:00+05:30,101,0,B787-8,"economy,business",101.811,active,2026-08-18T10:00:00+05:30
flt_3d26e2f2,arl_7784367f,KB-7375,apt_5377e1f8,apt_6be6a548,2026-10-12T15:10:00+05:30,2026-10-12T18:08:00+05:30,178,0,ATR-72,"economy,business",196.146,active,2026-08-18T10:00:00+05:30
flt_2f7832bb,arl_403656a7,LX-4242,apt_33c2d61a,apt_e6c1d884,2026-09-02T13:40:00+05:30,2026-09-02T20:44:00+05:30,424,0,A321,"economy,business",526.282,active,2026-08-18T10:00:00+05:30
flt_1313c83a,arl_56da328b,GA-3299,apt_2d4c99ed,apt_86c2c516,2026-11-28T06:20:00+05:30,2026-11-28T13:15:00+05:30,415,1,,"economy,business",384.293,active,2026-08-18T10:00:00+05:30
flt_b8d200e6,arl_403656a7,LX-8597,apt_757e32fe,apt_a7ea97c3,2026-11-20T15:50:00+05:30,2026-11-20T20:57:00+05:30,307,0,,"economy,business",356.999,active,2026-08-18T10:00:00+05:30
flt_b67ece4d,arl_2a88a2c3,UA-982,apt_3810f0b5,apt_54ebca59,2026-10-09T07:30:00+05:30,2026-10-09T09:50:00+05:30,140,0,A320neo,"economy,business",120.062,active,2026-08-18T10:00:00+05:30
flt_121be5ef,arl_403656a7,LX-5318,apt_496144db,apt_bdf57d77,2026-10-05T21:10:00+05:30,2026-10-05T23:45:00+05:30,155,0,ATR-72,"economy,business",137.97,active,2026-08-18T10:00:00+05:30
flt_8d2eaf17,arl_403656a7,LX-227,apt_9dd20d55,apt_98416c9d,2026-10-03T20:10:00+05:30,2026-10-03T23:32:00+05:30,202,0,,"economy,business",205.085,active,2026-08-18T10:00:00+05:30
flt_8f2ef63f,arl_508d631b,UL-6089,apt_9a8714fa,apt_6be6a548,2026-09-28T13:20:00+05:30,2026-09-28T15:41:00+05:30,141,0,B737-800,"economy,business",152.681,active,2026-08-18T10:00:00+05:30
flt_60b1f7cd,arl_2981080f,6E-3402,apt_08ebf678,apt_3e80f233,2026-10-03T13:40:00+05:30,2026-10-03T15:58:00+05:30,138,0,A321,economy,108.707,active,2026-08-18T10:00:00+05:30
flt_2c79f073,arl_8ac08b06,CZ-1594,apt_9dd20d55,apt_5377e1f8,2026-11-26T10:10:00+05:30,2026-11-26T14:33:00+05:30,263,0,A321,"economy,business",310.467,active,2026-08-18T10:00:00+05:30
flt_22b03cb5,arl_077dea23,MH-921,apt_5835fac1,apt_54ebca59,2026-11-11T22:20:00+05:30,2026-11-12T00:06:00+05:30,106,0,B737-800,"economy,business",73.766,active,2026-08-18T10:00:00+05:30
flt_404d17ac,arl_841c6e99,AI-4801,apt_faa26bd2,apt_e6c1d884,2026-11-08T05:10:00+05:30,2026-11-08T07:52:00+05:30,162,0,A320neo,"economy,business",174.711,active,2026-08-18T10:00:00+05:30
flt_31307f8f,arl_56da328b,GA-746,apt_e6d0e6bf,apt_ceec186e,2026-10-23T05:40:00+05:30,2026-10-23T13:10:00+05:30,450,1,B787-8,"economy,business",433.912,active,2026-08-18T10:00:00+05:30
flt_11a25580,arl_1cfc4640,SQ-4155,apt_a7ea97c3,apt_c077a39a,2026-09-13T13:20:00+05:30,2026-09-13T20:37:00+05:30,437,1,A320neo,"economy,business",438.694,active,2026-08-18T10:00:00+05:30
flt_2d2b3f3f,arl_2a88a2c3,UA-3853,apt_bdf57d77,apt_c1f65e85,2026-10-10T08:00:00+05:30,2026-10-10T11:18:00+05:30,198,0,B787-8,"economy,business",189.163,active,2026-08-18T10:00:00+05:30
flt_bce6405f,arl_2fae0fe3,KU-8249,apt_496144db,apt_6ddc2fb6,2026-09-26T08:10:00+05:30,2026-09-26T10:36:00+05:30,146,0,A320neo,"economy,business",118.597,active,2026-08-18T10:00:00+05:30
flt_2565bb89,arl_692cd6f4,JL-8588,apt_5835fac1,apt_ceec186e,2026-09-03T14:20:00+05:30,2026-09-03T19:43:00+05:30,323,0,A321,"economy,business",378.47,active,2026-08-18T10:00:00+05:30
flt_28da3c34,arl_ef62470d,IX-2766,apt_a7ea97c3,apt_d3a5784e,2026-10-04T15:00:00+05:30,2026-10-04T16:44:00+05:30,104,0,B787-8,economy,64.458,active,2026-08-18T10:00:00+05:30
flt_b4323d94,arl_841c6e99,AI-7067,apt_bdf57d77,apt_757e32fe,2026-09-04T05:40:00+05:30,2026-09-04T10:36:00+05:30,296,0,A321,"economy,business",344.287,active,2026-08-18T10:00:00+05:30
flt_405afbe5,arl_ef62470d,IX-2670,apt_54ebca59,apt_ee6be440,2026-09-12T05:10:00+05:30,2026-09-12T07:26:00+05:30,136,0,ATR-72,economy,126.998,active,2026-08-18T10:00:00+05:30
flt_1ce5cfdc,arl_4939343e,SG-3904,apt_496144db,apt_2d4c99ed,2026-11-14T05:20:00+05:30,2026-11-14T07:24:00+05:30,124,0,B787-8,economy,99.479,active,2026-08-18T10:00:00+05:30
flt_1877a331,arl_2fae0fe3,KU-7675,apt_30500fc8,apt_e6d0e6bf,2026-11-27T22:50:00+05:30,2026-11-28T00:55:00+05:30,125,0,A320neo,"economy,business",115.614,active,2026-08-18T10:00:00+05:30
flt_5450c1f0,arl_841c6e99,AI-8201,apt_c1f65e85,apt_98416c9d,2026-11-01T05:50:00+05:30,2026-11-01T09:06:00+05:30,196,0,ATR-72,"economy,business",186.286,active,2026-08-18T10:00:00+05:30
flt_e9ea7136,arl_a487a152,RA-3858,apt_05897d58,apt_e6c1d884,2026-10-17T19:40:00+05:30,2026-10-17T20:53:00+05:30,73,0,B737-800,"economy,business",32.118,active,2026-08-18T10:00:00+05:30
flt_a137e945,arl_2a88a2c3,UA-3821,apt_cb1113d2,apt_e6c1d884,2026-10-07T05:00:00+05:30,2026-10-07T12:01:00+05:30,421,0,B787-8,"economy,business",523.347,active,2026-08-18T10:00:00+05:30
flt_83d35839,arl_666b65b1,AC-6630,apt_5835fac1,apt_a7ea97c3,2026-10-10T10:20:00+05:30,2026-10-10T12:24:00+05:30,124,0,B737-800,"economy,business",98.754,active,2026-08-18T10:00:00+05:30
flt_ab1c504d,arl_534d3a8a,LH-8467,apt_eb8717c7,apt_54ebca59,2026-09-28T11:10:00+05:30,2026-09-28T17:13:00+05:30,363,0,B737-800,"economy,business",416.3,active,2026-08-18T10:00:00+05:30
flt_fbe74637,arl_a0bf222e,KE-7817,apt_c1f65e85,apt_a7ea97c3,2026-09-04T19:50:00+05:30,2026-09-04T23:03:00+05:30,193,0,B787-8,"economy,business",184.885,active,2026-08-18T10:00:00+05:30
flt_70c4fbed,arl_7f79d7b3,AF-5547,apt_bdf57d77,apt_757e32fe,2026-09-21T21:50:00+05:30,2026-09-22T03:03:00+05:30,313,0,,"economy,business",344.287,active,2026-08-18T10:00:00+05:30
flt_ec390279,arl_2a88a2c3,UA-3789,apt_496144db,apt_9a8714fa,2026-10-10T14:10:00+05:30,2026-10-10T16:19:00+05:30,129,0,A321,"economy,business",117.88,active,2026-08-18T10:00:00+05:30
flt_fb3512a1,arl_7f79d7b3,AF-1491,apt_30500fc8,apt_ad38af67,2026-09-09T17:50:00+05:30,2026-09-09T23:10:00+05:30,320,0,ATR-72,"economy,business",366.689,active,2026-08-18T10:00:00+05:30
flt_43680923,arl_7784367f,KB-8582,apt_eb8717c7,apt_bdf57d77,2026-10-22T05:50:00+05:30,2026-10-22T12:46:00+05:30,416,1,A321,"economy,business",413.121,active,2026-08-18T10:00:00+05:30
flt_34872d62,arl_2a88a2c3,UA-3286,apt_6ddc2fb6,apt_54ebca59,2026-11-29T09:10:00+05:30,2026-11-29T11:21:00+05:30,131,0,ATR-72,"economy,business",130.361,active,2026-08-18T10:00:00+05:30
flt_550de457,arl_7784367f,KB-4754,apt_e6d0e6bf,apt_5835fac1,2026-09-27T13:20:00+05:30,2026-09-27T14:29:00+05:30,69,0,A321,"economy,business",56.919,active,2026-08-18T10:00:00+05:30
flt_9ca3471c,arl_a487a152,RA-6565,apt_c0496aae,apt_c1f65e85,2026-09-23T17:30:00+05:30,2026-09-23T19:49:00+05:30,139,0,A320neo,"economy,business",136.461,active,2026-08-18T10:00:00+05:30
flt_3bd650d5,arl_403656a7,LX-2624,apt_d3a5784e,apt_a7ea97c3,2026-11-09T14:30:00+05:30,2026-11-09T15:46:00+05:30,76,0,B787-8,"economy,business",64.458,active,2026-08-18T10:00:00+05:30
flt_0dd24dad,arl_666b65b1,AC-8448,apt_bdf57d77,apt_54ebca59,2026-11-02T11:30:00+05:30,2026-11-02T12:27:00+05:30,57,0,A321,"economy,business",3.999,active,2026-08-18T10:00:00+05:30
flt_b010d96a,arl_7f79d7b3,AF-9529,apt_a7ea97c3,apt_33c2d61a,2026-10-24T20:10:00+05:30,2026-10-25T05:28:00+05:30,558,0,ATR-72,"economy,business",668.794,active,2026-08-18T10:00:00+05:30
flt_24e3091c,arl_a852cdd9,VJ-2176,apt_2d4c99ed,apt_e6d0e6bf,2026-09-26T09:10:00+05:30,2026-09-26T11:56:00+05:30,166,0,ATR-72,economy,179.341,active,2026-08-18T10:00:00+05:30
flt_b088a430,arl_2fae0fe3,KU-9593,apt_9a8714fa,apt_30500fc8,2026-09-06T05:20:00+05:30,2026-09-06T07:39:00+05:30,139,0,A320neo,"economy,business",136.119,active,2026-08-18T10:00:00+05:30
flt_3cdc52ed,arl_cbee96ac,GF-1706,apt_ad38af67,apt_bdf57d77,2026-09-11T17:00:00+05:30,2026-09-11T23:16:00+05:30,376,0,A321,"economy,business",447.891,active,2026-08-18T10:00:00+05:30
flt_c86dd9bd,arl_c56d378a,TG-3984,apt_c077a39a,apt_496144db,2026-11-04T14:20:00+05:30,2026-11-04T19:50:00+05:30,330,0,B737-800,"economy,business",394.488,active,2026-08-18T10:00:00+05:30
flt_3ed86100,arl_7784367f,KB-1492,apt_bdf57d77,apt_86c2c516,2026-09-13T15:30:00+05:30,2026-09-13T18:42:00+05:30,192,0,B787-8,"economy,business",221.763,active,2026-08-18T10:00:00+05:30
flt_489c37b9,arl_b97400e0,QP-2103,apt_ee6be440,apt_6ddc2fb6,2026-10-04T05:20:00+05:30,2026-10-04T07:59:00+05:30,159,0,B737-800,economy,136.834,active,2026-08-18T10:00:00+05:30
flt_961f4b41,arl_8ac08b06,CZ-1187,apt_cb1113d2,apt_3e80f233,2026-09-16T06:40:00+05:30,2026-09-16T15:29:00+05:30,529,0,B737-800,"economy,business",664.378,active,2026-08-18T10:00:00+05:30
flt_524b75f1,arl_68688da8,NZ-9909,apt_ee6be440,apt_6ddc2fb6,2026-09-18T05:50:00+05:30,2026-09-18T08:16:00+05:30,146,0,,"economy,business",136.834,active,2026-08-18T10:00:00+05:30
flt_2a0097c6,arl_6317d870,UK-229,apt_5835fac1,apt_a7ea97c3,2026-10-16T10:00:00+05:30,2026-10-16T11:53:00+05:30,113,0,,"economy,business",98.754,active,2026-08-18T10:00:00+05:30
flt_172ee159,arl_692cd6f4,JL-3410,apt_757e32fe,apt_ad38af67,2026-09-30T20:40:00+05:30,2026-09-30T23:12:00+05:30,152,0,A320neo,"economy,business",163.367,active,2026-08-18T10:00:00+05:30
flt_20b5c7a4,arl_666b65b1,AC-7535,apt_e6d0e6bf,apt_ee6be440,2026-11-02T06:50:00+05:30,2026-11-02T09:02:00+05:30,132,0,A320neo,"economy,business",116.324,active,2026-08-18T10:00:00+05:30
flt_dc516e9b,arl_154ebf3d,EY-9080,apt_33c2d61a,apt_98416c9d,2026-10-21T08:20:00+05:30,2026-10-21T17:39:00+05:30,559,0,B787-8,"economy,business",669.562,active,2026-08-18T10:00:00+05:30
flt_04979190,arl_2a88a2c3,UA-4178,apt_cb1113d2,apt_54ebca59,2026-09-18T08:00:00+05:30,2026-09-18T16:46:00+05:30,526,0,B737-800,"economy,business",641.324,active,2026-08-18T10:00:00+05:30
flt_1d45c134,arl_534d3a8a,LH-1121,apt_eb8717c7,apt_ebff6148,2026-11-23T09:50:00+05:30,2026-11-23T12:02:00+05:30,132,0,A321,"economy,business",134.943,active,2026-08-18T10:00:00+05:30
flt_c1e58933,arl_841c6e99,AI-7676,apt_ebff6148,apt_faa26bd2,2026-10-21T21:10:00+05:30,2026-10-22T01:14:00+05:30,244,0,ATR-72,"economy,business",287.965,active,2026-08-18T10:00:00+05:30
flt_105984e7,arl_534d3a8a,LH-4179,apt_c0496aae,apt_c077a39a,2026-10-08T21:00:00+05:30,2026-10-09T03:20:00+05:30,380,1,ATR-72,"economy,business",342.198,active,2026-08-18T10:00:00+05:30
flt_eab16cd4,arl_403656a7,LX-3084,apt_08ebf678,apt_c077a39a,2026-10-31T10:50:00+05:30,2026-10-31T17:43:00+05:30,413,1,A320neo,"economy,business",398.44,active,2026-08-18T10:00:00+05:30
flt_eefd4732,arl_a487a152,RA-536,apt_ad38af67,apt_496144db,2026-10-19T13:10:00+05:30,2026-10-19T19:33:00+05:30,383,0,A321,"economy,business",429.111,active,2026-08-18T10:00:00+05:30
flt_be259a9e,arl_cbee96ac,GF-3561,apt_6ddc2fb6,apt_05897d58,2026-11-12T14:50:00+05:30,2026-11-12T16:26:00+05:30,96,0,A321,"economy,business",93.956,active,2026-08-18T10:00:00+05:30
flt_7d8bf0c6,arl_56da328b,GA-9831,apt_c1f65e85,apt_c0496aae,2026-09-21T14:10:00+05:30,2026-09-21T16:39:00+05:30,149,0,A320neo,"economy,business",136.461,active,2026-08-18T10:00:00+05:30
flt_3a790967,arl_a0bf222e,KE-5410,apt_54ebca59,apt_cb1113d2,2026-09-03T11:30:00+05:30,2026-09-03T20:15:00+05:30,525,0,A320neo,"economy,business",641.324,active,2026-08-18T10:00:00+05:30
flt_6e654191,arl_68688da8,NZ-8495,apt_757e32fe,apt_54ebca59,2026-10-16T05:00:00+05:30,2026-10-16T11:05:00+05:30,365,1,ATR-72,"economy,business",348.075,active,2026-08-18T10:00:00+05:30
flt_7e1fd8fd,arl_8ac08b06,CZ-662,apt_ee6be440,apt_d3a5784e,2026-11-26T10:20:00+05:30,2026-11-26T13:58:00+05:30,218,0,B737-800,"economy,business",220.829,active,2026-08-18T10:00:00+05:30
flt_6ff02b2a,arl_a852cdd9,VJ-7587,apt_9a8714fa,apt_30500fc8,2026-11-12T16:40:00+05:30,2026-11-12T18:50:00+05:30,130,0,B737-800,economy,136.119,active,2026-08-18T10:00:00+05:30
flt_f649f15f,arl_8ac08b06,CZ-5047,apt_3e80f233,apt_6be6a548,2026-10-27T21:50:00+05:30,2026-10-27T23:02:00+05:30,72,0,ATR-72,"economy,business",28.387,active,2026-08-18T10:00:00+05:30
flt_a117b27e,arl_692cd6f4,JL-518,apt_e6d0e6bf,apt_bdf57d77,2026-10-28T16:30:00+05:30,2026-10-28T17:12:00+05:30,42,0,A320neo,"economy,business",13.775,active,2026-08-18T10:00:00+05:30
flt_a95476a1,arl_dbae8242,QR-9028,apt_496144db,apt_54ebca59,2026-09-22T13:50:00+05:30,2026-09-22T16:24:00+05:30,154,0,A321,"economy,business",141.216,active,2026-08-18T10:00:00+05:30
flt_0a33bcd1,arl_692cd6f4,JL-4938,apt_2d4c99ed,apt_bfd02a38,2026-10-19T06:10:00+05:30,2026-10-19T08:37:00+05:30,147,0,A321,"economy,business",151.009,active,2026-08-18T10:00:00+05:30
flt_01acb170,arl_56da328b,GA-1746,apt_c0496aae,apt_eb8717c7,2026-11-16T16:00:00+05:30,2026-11-16T21:11:00+05:30,311,0,B737-800,"economy,business",342.74,active,2026-08-18T10:00:00+05:30
flt_914bf913,arl_7784367f,KB-8214,apt_6ddc2fb6,apt_6be6a548,2026-09-17T16:40:00+05:30,2026-09-17T19:20:00+05:30,160,0,B787-8,"economy,business",153.267,active,2026-08-18T10:00:00+05:30
flt_82993076,arl_508d631b,UL-5593,apt_54ebca59,apt_e6d0e6bf,2026-09-09T17:50:00+05:30,2026-09-09T18:34:00+05:30,44,0,A321,"economy,business",16.948,active,2026-08-18T10:00:00+05:30
flt_ea0e0038,arl_28f00e8b,EK-1417,apt_6be6a548,apt_cb1113d2,2026-09-18T16:40:00+05:30,2026-09-19T01:33:00+05:30,533,0,B737-800,"economy,business",664.773,active,2026-08-18T10:00:00+05:30
flt_b4455501,arl_a852cdd9,VJ-4573,apt_ad38af67,apt_9dd20d55,2026-10-03T16:50:00+05:30,2026-10-04T03:28:00+05:30,638,1,A321,economy,672.09,active,2026-08-18T10:00:00+05:30
flt_1a3308d5,arl_2981080f,6E-1624,apt_c077a39a,apt_ee6be440,2026-10-26T20:20:00+05:30,2026-10-27T02:13:00+05:30,353,1,B787-8,economy,334.485,active,2026-08-18T10:00:00+05:30
flt_26dea05f,arl_68688da8,NZ-8285,apt_757e32fe,apt_6be6a548,2026-10-31T17:00:00+05:30,2026-10-31T22:59:00+05:30,359,1,B737-800,"economy,business",334.486,active,2026-08-18T10:00:00+05:30
flt_45e9ee31,arl_4939343e,SG-5347,apt_bfd02a38,apt_08ebf678,2026-11-13T19:40:00+05:30,2026-11-13T22:07:00+05:30,147,0,A320neo,economy,136.801,active,2026-08-18T10:00:00+05:30
flt_59c34756,arl_b97400e0,QP-5380,apt_30500fc8,apt_98416c9d,2026-09-11T18:50:00+05:30,2026-09-11T21:42:00+05:30,172,0,ATR-72,economy,172.093,active,2026-08-18T10:00:00+05:30
flt_f9e775d3,arl_2a88a2c3,UA-9856,apt_5377e1f8,apt_c1f65e85,2026-09-01T06:20:00+05:30,2026-09-01T09:28:00+05:30,188,0,A320neo,"economy,business",179.884,active,2026-08-18T10:00:00+05:30
flt_4eee4912,arl_692cd6f4,JL-759,apt_ee6be440,apt_a7ea97c3,2026-10-01T13:40:00+05:30,2026-10-01T16:16:00+05:30,156,0,A321,"economy,business",173.146,active,2026-08-18T10:00:00+05:30
flt_6de3dabd,arl_154ebf3d,EY-9410,apt_ebff6148,apt_30500fc8,2026-09-16T16:20:00+05:30,2026-09-16T22:16:00+05:30,356,1,A320neo,"economy,business",306.475,active,2026-08-18T10:00:00+05:30
flt_7f95dceb,arl_3a276287,BA-5149,apt_3810f0b5,apt_e6c1d884,2026-11-10T11:40:00+05:30,2026-11-10T12:15:00+05:30,35,0,A320neo,"economy,business",0.758,active,2026-08-18T10:00:00+05:30
flt_26ac975f,arl_7784367f,KB-397,apt_08ebf678,apt_6ddc2fb6,2026-10-15T17:50:00+05:30,2026-10-15T20:11:00+05:30,141,0,A320neo,"economy,business",115,active,2026-08-18T10:00:00+05:30
flt_0580a474,arl_2a88a2c3,UA-8773,apt_cb1113d2,apt_bfd02a38,2026-10-09T05:10:00+05:30,2026-10-09T14:01:00+05:30,531,0,A321,"economy,business",668.41,active,2026-08-18T10:00:00+05:30
flt_1e8eef77,arl_68688da8,NZ-3086,apt_a7ea97c3,apt_5377e1f8,2026-10-14T21:30:00+05:30,2026-10-15T00:05:00+05:30,155,0,B737-800,"economy,business",137.799,active,2026-08-18T10:00:00+05:30
flt_54cf6fe8,arl_c56d378a,TG-7641,apt_30500fc8,apt_a7ea97c3,2026-11-27T06:00:00+05:30,2026-11-27T08:39:00+05:30,159,0,ATR-72,"economy,business",172.447,active,2026-08-18T10:00:00+05:30
flt_84463720,arl_b97400e0,QP-8599,apt_2d4c99ed,apt_5835fac1,2026-10-12T07:30:00+05:30,2026-10-12T09:56:00+05:30,146,0,B737-800,economy,136.057,active,2026-08-18T10:00:00+05:30
flt_65c5e149,arl_3a276287,BA-3514,apt_2d4c99ed,apt_5835fac1,2026-11-13T19:30:00+05:30,2026-11-13T21:53:00+05:30,143,0,B787-8,"economy,business",136.057,active,2026-08-18T10:00:00+05:30
flt_f5c20b83,arl_4939343e,SG-8682,apt_2d4c99ed,apt_86c2c516,2026-11-19T15:20:00+05:30,2026-11-19T20:54:00+05:30,334,0,A321,economy,384.293,active,2026-08-18T10:00:00+05:30
flt_3e1069d0,arl_154ebf3d,EY-8633,apt_ceec186e,apt_c0496aae,2026-10-01T20:50:00+05:30,2026-10-02T02:15:00+05:30,325,0,ATR-72,"economy,business",377.457,active,2026-08-18T10:00:00+05:30
flt_3b3043e7,arl_154ebf3d,EY-2918,apt_bfd02a38,apt_6be6a548,2026-09-03T09:50:00+05:30,2026-09-03T10:29:00+05:30,39,0,A320neo,"economy,business",3.673,active,2026-08-18T10:00:00+05:30
flt_7430d575,arl_7784367f,KB-3128,apt_54ebca59,apt_3810f0b5,2026-10-04T12:50:00+05:30,2026-10-04T14:45:00+05:30,115,0,B787-8,"economy,business",120.062,active,2026-08-18T10:00:00+05:30
flt_72dfc14c,arl_077dea23,MH-1498,apt_6be6a548,apt_bfd02a38,2026-10-24T13:00:00+05:30,2026-10-24T13:45:00+05:30,45,0,B737-800,"economy,business",3.673,active,2026-08-18T10:00:00+05:30
flt_eec8c00d,arl_666b65b1,AC-9953,apt_9a8714fa,apt_2d4c99ed,2026-11-25T15:40:00+05:30,2026-11-25T17:24:00+05:30,104,0,A320neo,"economy,business",84.784,active,2026-08-18T10:00:00+05:30
flt_2d2598d6,arl_28f00e8b,EK-4863,apt_e6d0e6bf,apt_86c2c516,2026-11-17T20:30:00+05:30,2026-11-17T23:56:00+05:30,206,0,,"economy,business",235.446,active,2026-08-18T10:00:00+05:30
flt_c138641b,arl_8ac08b06,CZ-273,apt_bfd02a38,apt_ad38af67,2026-10-12T10:20:00+05:30,2026-10-12T17:12:00+05:30,412,0,B787-8,"economy,business",478.231,active,2026-08-18T10:00:00+05:30
flt_68fd88f4,arl_b97400e0,QP-6972,apt_86c2c516,apt_c077a39a,2026-11-20T17:20:00+05:30,2026-11-21T02:10:00+05:30,530,0,A321,economy,634.205,active,2026-08-18T10:00:00+05:30
flt_216c2234,arl_b97400e0,QP-9862,apt_c0496aae,apt_86c2c516,2026-10-07T20:50:00+05:30,2026-10-08T01:02:00+05:30,252,0,ATR-72,economy,292.709,active,2026-08-18T10:00:00+05:30
flt_c9ea34ab,arl_534d3a8a,LH-7647,apt_3e80f233,apt_ad38af67,2026-11-01T15:30:00+05:30,2026-11-01T21:52:00+05:30,382,0,ATR-72,"economy,business",473.07,active,2026-08-18T10:00:00+05:30
flt_8ec09df3,arl_3a276287,BA-8484,apt_54ebca59,apt_c1f65e85,2026-11-06T09:30:00+05:30,2026-11-06T12:52:00+05:30,202,0,A320neo,"economy,business",193.144,active,2026-08-18T10:00:00+05:30
flt_4f56ff6a,arl_56da328b,GA-9353,apt_6be6a548,apt_c0496aae,2026-09-25T10:00:00+05:30,2026-09-25T12:37:00+05:30,157,0,A320neo,"economy,business",142.925,active,2026-08-18T10:00:00+05:30
flt_3743a395,arl_b97400e0,QP-9527,apt_86c2c516,apt_6be6a548,2026-09-14T13:40:00+05:30,2026-09-14T18:42:00+05:30,302,1,B737-800,economy,251.274,active,2026-08-18T10:00:00+05:30
flt_9d4eb698,arl_c56d378a,TG-2233,apt_bdf57d77,apt_496144db,2026-11-08T10:40:00+05:30,2026-11-08T13:16:00+05:30,156,0,B737-800,"economy,business",137.97,active,2026-08-18T10:00:00+05:30
flt_c1431663,arl_c56d378a,TG-4948,apt_757e32fe,apt_9a8714fa,2026-09-18T21:00:00+05:30,2026-09-19T00:18:00+05:30,198,0,ATR-72,"economy,business",217.729,active,2026-08-18T10:00:00+05:30
flt_35c10f06,arl_3a276287,BA-1989,apt_3810f0b5,apt_98416c9d,2026-09-25T13:40:00+05:30,2026-09-25T16:27:00+05:30,167,0,A321,"economy,business",154.982,active,2026-08-18T10:00:00+05:30
flt_edd7a00c,arl_154ebf3d,EY-398,apt_c0496aae,apt_2d4c99ed,2026-11-06T21:10:00+05:30,2026-11-06T23:27:00+05:30,137,0,B737-800,"economy,business",135.436,active,2026-08-18T10:00:00+05:30
flt_ac0c58fc,arl_7f79d7b3,AF-6800,apt_bfd02a38,apt_30500fc8,2026-11-01T08:00:00+05:30,2026-11-01T11:30:00+05:30,210,0,A321,"economy,business",241.367,active,2026-08-18T10:00:00+05:30
flt_f9d57a15,arl_3a276287,BA-1973,apt_86c2c516,apt_757e32fe,2026-11-03T17:00:00+05:30,2026-11-04T02:11:00+05:30,551,1,ATR-72,"economy,business",560.072,active,2026-08-18T10:00:00+05:30
flt_7f51b458,arl_1cfc4640,SQ-2033,apt_54ebca59,apt_98416c9d,2026-11-01T16:10:00+05:30,2026-11-01T17:25:00+05:30,75,0,A320neo,"economy,business",47.647,active,2026-08-18T10:00:00+05:30
flt_207fad56,arl_6317d870,UK-7554,apt_faa26bd2,apt_a7ea97c3,2026-10-10T11:00:00+05:30,2026-10-10T13:20:00+05:30,140,0,ATR-72,"economy,business",108.132,active,2026-08-18T10:00:00+05:30
flt_274fedb7,arl_666b65b1,AC-566,apt_6be6a548,apt_33c2d61a,2026-10-22T11:00:00+05:30,2026-10-22T19:50:00+05:30,530,0,,"economy,business",667.485,active,2026-08-18T10:00:00+05:30
flt_b37f7b50,arl_ef62470d,IX-4153,apt_5835fac1,apt_c077a39a,2026-09-07T15:30:00+05:30,2026-09-07T20:32:00+05:30,302,0,B787-8,economy,343.213,active,2026-08-18T10:00:00+05:30
flt_2e3bce03,arl_154ebf3d,EY-5022,apt_30500fc8,apt_3810f0b5,2026-11-26T10:20:00+05:30,2026-11-26T11:48:00+05:30,88,0,A321,"economy,business",65.083,active,2026-08-18T10:00:00+05:30
flt_26d69359,arl_c56d378a,TG-4815,apt_c077a39a,apt_ebff6148,2026-10-01T14:30:00+05:30,2026-10-01T16:51:00+05:30,141,0,B787-8,"economy,business",135.245,active,2026-08-18T10:00:00+05:30
flt_a524a0da,arl_a852cdd9,VJ-908,apt_5377e1f8,apt_5835fac1,2026-09-16T10:50:00+05:30,2026-09-16T12:20:00+05:30,90,0,ATR-72,economy,55.559,active,2026-08-18T10:00:00+05:30
flt_cfea3950,arl_ef62470d,IX-3112,apt_eb8717c7,apt_d3a5784e,2026-10-07T13:10:00+05:30,2026-10-07T19:14:00+05:30,364,0,,economy,439.646,active,2026-08-18T10:00:00+05:30
flt_d6109f84,arl_56da328b,GA-8301,apt_bdf57d77,apt_eb8717c7,2026-11-01T14:40:00+05:30,2026-11-01T20:21:00+05:30,341,0,,"economy,business",413.121,active,2026-08-18T10:00:00+05:30
flt_a83dc076,arl_75d2a12c,QF-6804,apt_cb1113d2,apt_ad38af67,2026-09-28T16:50:00+05:30,2026-09-28T19:55:00+05:30,185,0,ATR-72,"economy,business",191.855,active,2026-08-18T10:00:00+05:30
flt_8c9055c6,arl_077dea23,MH-3748,apt_e6d0e6bf,apt_2d4c99ed,2026-09-08T07:50:00+05:30,2026-09-08T10:48:00+05:30,178,0,ATR-72,"economy,business",179.341,active,2026-08-18T10:00:00+05:30
flt_c34c8640,arl_68688da8,NZ-5085,apt_d3a5784e,apt_faa26bd2,2026-10-05T15:00:00+05:30,2026-10-05T16:17:00+05:30,77,0,A320neo,"economy,business",57.929,active,2026-08-18T10:00:00+05:30
flt_3577d6a1,arl_508d631b,UL-1468,apt_08ebf678,apt_bdf57d77,2026-10-01T08:20:00+05:30,2026-10-01T09:27:00+05:30,67,0,ATR-72,"economy,business",14.668,active,2026-08-18T10:00:00+05:30
flt_38992d0c,arl_841c6e99,AI-3886,apt_a7ea97c3,apt_6be6a548,2026-10-21T11:40:00+05:30,2026-10-21T13:21:00+05:30,101,0,B737-800,"economy,business",89.008,active,2026-08-18T10:00:00+05:30
flt_20b818ff,arl_1cfc4640,SQ-7158,apt_c0496aae,apt_e6d0e6bf,2026-10-25T14:50:00+05:30,2026-10-25T16:05:00+05:30,75,0,B787-8,"economy,business",57.941,active,2026-08-18T10:00:00+05:30
flt_db472f3d,arl_dbae8242,QR-6000,apt_757e32fe,apt_e6c1d884,2026-11-01T21:30:00+05:30,2026-11-02T02:22:00+05:30,292,1,A321,"economy,business",252.55,active,2026-08-18T10:00:00+05:30
flt_d2648777,arl_3a276287,BA-7249,apt_5377e1f8,apt_5835fac1,2026-09-30T07:20:00+05:30,2026-09-30T09:01:00+05:30,101,0,B787-8,"economy,business",55.559,active,2026-08-18T10:00:00+05:30
flt_cd007532,arl_2a88a2c3,UA-7114,apt_496144db,apt_c0496aae,2026-09-18T09:40:00+05:30,2026-09-18T11:41:00+05:30,121,0,A321,"economy,business",125.96,active,2026-08-18T10:00:00+05:30
flt_9038a241,arl_666b65b1,AC-8569,apt_6be6a548,apt_e6d0e6bf,2026-09-14T08:50:00+05:30,2026-09-14T10:58:00+05:30,128,0,ATR-72,"economy,business",132.102,active,2026-08-18T10:00:00+05:30
flt_887452a2,arl_2fae0fe3,KU-9350,apt_ebff6148,apt_c0496aae,2026-10-08T18:20:00+05:30,2026-10-08T22:21:00+05:30,241,0,B737-800,"economy,business",273.647,active,2026-08-18T10:00:00+05:30
flt_7cfcd04e,arl_7784367f,KB-9156,apt_86c2c516,apt_33c2d61a,2026-10-25T11:50:00+05:30,2026-10-25T23:29:00+05:30,699,0,ATR-72,"economy,business",862.157,active,2026-08-18T10:00:00+05:30
flt_fc553899,arl_cbee96ac,GF-7529,apt_ee6be440,apt_bdf57d77,2026-09-13T10:20:00+05:30,2026-09-13T12:53:00+05:30,153,0,B787-8,"economy,business",126.44,active,2026-08-18T10:00:00+05:30
flt_b18da485,arl_154ebf3d,EY-327,apt_ad38af67,apt_5377e1f8,2026-09-29T13:40:00+05:30,2026-09-29T19:12:00+05:30,332,0,ATR-72,"economy,business",364.93,active,2026-08-18T10:00:00+05:30
flt_1bf0bc9c,arl_841c6e99,AI-332,apt_5835fac1,apt_faa26bd2,2026-10-26T13:30:00+05:30,2026-10-26T15:45:00+05:30,135,0,B737-800,"economy,business",123.989,active,2026-08-18T10:00:00+05:30
flt_621df9f1,arl_28f00e8b,EK-2555,apt_bfd02a38,apt_cb1113d2,2026-10-05T08:10:00+05:30,2026-10-05T18:18:00+05:30,608,1,A321,"economy,business",668.41,active,2026-08-18T10:00:00+05:30
flt_8b965a90,arl_b97400e0,QP-1814,apt_5835fac1,apt_ee6be440,2026-10-19T20:20:00+05:30,2026-10-19T22:36:00+05:30,136,0,,economy,101.887,active,2026-08-18T10:00:00+05:30
flt_855c9c9f,arl_cbee96ac,GF-1457,apt_5377e1f8,apt_bfd02a38,2026-10-22T18:30:00+05:30,2026-10-22T21:53:00+05:30,203,0,A320neo,"economy,business",198.907,active,2026-08-18T10:00:00+05:30
flt_18f07774,arl_7784367f,KB-4128,apt_bfd02a38,apt_9dd20d55,2026-09-21T08:00:00+05:30,2026-09-21T12:05:00+05:30,245,0,A320neo,"economy,business",252.505,active,2026-08-18T10:00:00+05:30
flt_7e9f9e42,arl_154ebf3d,EY-1417,apt_6ddc2fb6,apt_eb8717c7,2026-10-16T20:40:00+05:30,2026-10-17T01:20:00+05:30,280,0,ATR-72,"economy,business",297.44,active,2026-08-18T10:00:00+05:30
flt_8033e302,arl_28f00e8b,EK-467,apt_ebff6148,apt_9a8714fa,2026-11-01T19:00:00+05:30,2026-11-01T23:28:00+05:30,268,1,A320neo,"economy,business",217.026,active,2026-08-18T10:00:00+05:30
flt_b387b9e0,arl_75d2a12c,QF-9915,apt_ad38af67,apt_e6d0e6bf,2026-09-05T13:00:00+05:30,2026-09-05T19:01:00+05:30,361,0,B787-8,"economy,business",434.153,active,2026-08-18T10:00:00+05:30
flt_5085c418,arl_4939343e,SG-6055,apt_d3a5784e,apt_6ddc2fb6,2026-09-18T05:00:00+05:30,2026-09-18T07:40:00+05:30,160,0,,economy,146.653,active,2026-08-18T10:00:00+05:30
flt_579d9faa,arl_68688da8,NZ-6334,apt_faa26bd2,apt_98416c9d,2026-09-10T18:40:00+05:30,2026-09-10T20:41:00+05:30,121,0,B737-800,"economy,business",109.69,active,2026-08-18T10:00:00+05:30
flt_69464b2b,arl_dbae8242,QR-4573,apt_eb8717c7,apt_c1f65e85,2026-09-11T20:10:00+05:30,2026-09-12T02:00:00+05:30,350,1,A321,"economy,business",300.35,active,2026-08-18T10:00:00+05:30
flt_44f8561a,arl_ef62470d,IX-1851,apt_ad38af67,apt_6be6a548,2026-11-23T16:40:00+05:30,2026-11-24T00:49:00+05:30,489,1,A321,economy,474.573,active,2026-08-18T10:00:00+05:30
flt_21af6521,arl_c56d378a,TG-9578,apt_ebff6148,apt_a7ea97c3,2026-11-04T11:40:00+05:30,2026-11-04T18:23:00+05:30,403,1,B737-800,"economy,business",356.482,active,2026-08-18T10:00:00+05:30
flt_238c6bd5,arl_cbee96ac,GF-7079,apt_98416c9d,apt_496144db,2026-09-10T20:40:00+05:30,2026-09-10T22:39:00+05:30,119,0,B787-8,"economy,business",112.51,active,2026-08-18T10:00:00+05:30
flt_fe1bc4a5,arl_dbae8242,QR-9802,apt_a7ea97c3,apt_c077a39a,2026-10-10T21:50:00+05:30,2026-10-11T04:16:00+05:30,386,0,B737-800,"economy,business",438.694,active,2026-08-18T10:00:00+05:30
flt_cc59b76b,arl_666b65b1,AC-8826,apt_a7ea97c3,apt_9dd20d55,2026-10-08T10:00:00+05:30,2026-10-08T13:22:00+05:30,202,0,ATR-72,"economy,business",206.265,active,2026-08-18T10:00:00+05:30
flt_fbc9d39e,arl_1cfc4640,SQ-3614,apt_6ddc2fb6,apt_3e80f233,2026-11-01T18:10:00+05:30,2026-11-01T20:39:00+05:30,149,0,B737-800,"economy,business",144.417,active,2026-08-18T10:00:00+05:30
flt_f2ccf014,arl_077dea23,MH-9908,apt_98416c9d,apt_a7ea97c3,2026-11-09T18:50:00+05:30,2026-11-09T19:21:00+05:30,31,0,A320neo,"economy,business",1.558,active,2026-08-18T10:00:00+05:30
flt_ddeb1b08,arl_2a88a2c3,UA-9494,apt_eb8717c7,apt_c1f65e85,2026-10-27T20:00:00+05:30,2026-10-28T00:34:00+05:30,274,0,A320neo,"economy,business",300.35,active,2026-08-18T10:00:00+05:30
flt_2a17735a,arl_403656a7,LX-6781,apt_ad38af67,apt_bfd02a38,2026-09-29T15:10:00+05:30,2026-09-29T22:06:00+05:30,416,0,B787-8,"economy,business",478.231,active,2026-08-18T10:00:00+05:30
flt_5bf14a9e,arl_8ac08b06,CZ-3924,apt_5835fac1,apt_2d4c99ed,2026-11-23T22:40:00+05:30,2026-11-24T01:03:00+05:30,143,0,B737-800,"economy,business",136.057,active,2026-08-18T10:00:00+05:30
flt_0bc8517c,arl_dbae8242,QR-5303,apt_757e32fe,apt_6be6a548,2026-11-10T21:20:00+05:30,2026-11-11T03:23:00+05:30,363,1,ATR-72,"economy,business",334.486,active,2026-08-18T10:00:00+05:30
flt_52aabe3b,arl_ef62470d,IX-3625,apt_e6d0e6bf,apt_e6c1d884,2026-11-03T19:10:00+05:30,2026-11-03T21:04:00+05:30,114,0,,economy,103.463,active,2026-08-18T10:00:00+05:30
flt_9ce5d9d0,arl_1cfc4640,SQ-3706,apt_05897d58,apt_a7ea97c3,2026-09-04T08:40:00+05:30,2026-09-04T11:07:00+05:30,147,0,A321,"economy,business",140.107,active,2026-08-18T10:00:00+05:30
flt_f79540a3,arl_28f00e8b,EK-6379,apt_98416c9d,apt_33c2d61a,2026-10-01T06:40:00+05:30,2026-10-01T15:46:00+05:30,546,0,,"economy,business",669.562,active,2026-08-18T10:00:00+05:30
flt_2170a1d6,arl_508d631b,UL-6166,apt_496144db,apt_ceec186e,2026-11-27T18:40:00+05:30,2026-11-28T01:00:00+05:30,380,0,ATR-72,"economy,business",429.389,active,2026-08-18T10:00:00+05:30
flt_fe8bba88,arl_68688da8,NZ-3713,apt_c077a39a,apt_98416c9d,2026-11-05T14:20:00+05:30,2026-11-05T21:42:00+05:30,442,1,A320neo,"economy,business",439.485,active,2026-08-18T10:00:00+05:30
flt_53938328,arl_7f79d7b3,AF-5973,apt_9dd20d55,apt_33c2d61a,2026-09-06T09:00:00+05:30,2026-09-06T20:43:00+05:30,703,0,A320neo,"economy,business",864.664,active,2026-08-18T10:00:00+05:30
flt_8eb063de,arl_c56d378a,TG-2975,apt_bfd02a38,apt_e6d0e6bf,2026-09-16T17:10:00+05:30,2026-09-16T19:30:00+05:30,140,0,A320neo,"economy,business",133.958,active,2026-08-18T10:00:00+05:30
flt_11f8150b,arl_2a88a2c3,UA-5434,apt_3e80f233,apt_bdf57d77,2026-11-01T05:10:00+05:30,2026-11-01T07:23:00+05:30,133,0,ATR-72,"economy,business",101.944,active,2026-08-18T10:00:00+05:30
flt_85613b82,arl_666b65b1,AC-1398,apt_3810f0b5,apt_a7ea97c3,2026-10-16T17:30:00+05:30,2026-10-16T20:02:00+05:30,152,0,A320neo,"economy,business",154.733,active,2026-08-18T10:00:00+05:30
flt_1999927a,arl_841c6e99,AI-8447,apt_c1f65e85,apt_3810f0b5,2026-10-14T07:50:00+05:30,2026-10-14T10:27:00+05:30,157,0,,"economy,business",158.068,active,2026-08-18T10:00:00+05:30
flt_7daeb3f9,arl_ef62470d,IX-8424,apt_faa26bd2,apt_08ebf678,2026-11-23T15:00:00+05:30,2026-11-23T17:08:00+05:30,128,0,ATR-72,economy,136.017,active,2026-08-18T10:00:00+05:30
flt_182ff673,arl_ef62470d,IX-375,apt_a7ea97c3,apt_bdf57d77,2026-11-11T18:50:00+05:30,2026-11-11T19:52:00+05:30,62,0,,economy,47.738,active,2026-08-18T10:00:00+05:30
flt_290d0b69,arl_a0bf222e,KE-225,apt_33c2d61a,apt_faa26bd2,2026-10-15T10:10:00+05:30,2026-10-15T20:04:00+05:30,594,1,B787-8,"economy,business",622.2,active,2026-08-18T10:00:00+05:30
flt_67c47062,arl_692cd6f4,JL-1900,apt_ee6be440,apt_5377e1f8,2026-09-11T17:30:00+05:30,2026-09-11T18:32:00+05:30,62,0,B737-800,"economy,business",46.738,active,2026-08-18T10:00:00+05:30
flt_8644b768,arl_ef62470d,IX-6045,apt_3810f0b5,apt_e6c1d884,2026-09-09T20:10:00+05:30,2026-09-09T20:47:00+05:30,37,0,,economy,0.758,active,2026-08-18T10:00:00+05:30
flt_278b6781,arl_56da328b,GA-9060,apt_d3a5784e,apt_30500fc8,2026-10-22T21:00:00+05:30,2026-10-23T00:31:00+05:30,211,0,ATR-72,"economy,business",219.848,active,2026-08-18T10:00:00+05:30
flt_5fafc00f,arl_2a88a2c3,UA-3090,apt_496144db,apt_bfd02a38,2026-10-02T10:20:00+05:30,2026-10-02T11:47:00+05:30,87,0,A320neo,"economy,business",51.644,active,2026-08-18T10:00:00+05:30
flt_293f7058,arl_6317d870,UK-9962,apt_ee6be440,apt_ad38af67,2026-09-24T07:30:00+05:30,2026-09-24T12:56:00+05:30,326,0,ATR-72,"economy,business",367.51,active,2026-08-18T10:00:00+05:30
flt_029ac0d8,arl_c56d378a,TG-5894,apt_3810f0b5,apt_c077a39a,2026-11-26T10:00:00+05:30,2026-11-26T15:29:00+05:30,329,1,A321,"economy,business",299.533,active,2026-08-18T10:00:00+05:30
flt_51cbd6e7,arl_cbee96ac,GF-2948,apt_08ebf678,apt_ad38af67,2026-10-19T18:10:00+05:30,2026-10-20T00:26:00+05:30,376,0,A320neo,"economy,business",433.738,active,2026-08-18T10:00:00+05:30
flt_500cd764,arl_68688da8,NZ-993,apt_6ddc2fb6,apt_54ebca59,2026-11-18T12:50:00+05:30,2026-11-18T15:12:00+05:30,142,0,A321,"economy,business",130.361,active,2026-08-18T10:00:00+05:30
flt_457eff6a,arl_c56d378a,TG-3618,apt_3e80f233,apt_54ebca59,2026-11-27T09:40:00+05:30,2026-11-27T11:34:00+05:30,114,0,ATR-72,"economy,business",103.959,active,2026-08-18T10:00:00+05:30
flt_ba1e1ba5,arl_3a276287,BA-4266,apt_cb1113d2,apt_5377e1f8,2026-09-26T09:20:00+05:30,2026-09-26T17:16:00+05:30,476,0,A321,"economy,business",552.225,active,2026-08-18T10:00:00+05:30
flt_8b4ec966,arl_b97400e0,QP-1276,apt_eb8717c7,apt_a7ea97c3,2026-10-28T14:00:00+05:30,2026-10-28T20:26:00+05:30,386,0,A320neo,economy,439.176,active,2026-08-18T10:00:00+05:30
flt_270afe71,arl_077dea23,MH-3074,apt_5835fac1,apt_ebff6148,2026-11-20T17:50:00+05:30,2026-11-20T23:18:00+05:30,328,1,ATR-72,"economy,business",274.641,active,2026-08-18T10:00:00+05:30
flt_5d32dedb,arl_508d631b,UL-4371,apt_98416c9d,apt_05897d58,2026-09-15T21:20:00+05:30,2026-09-15T23:42:00+05:30,142,0,A320neo,"economy,business",140.054,active,2026-08-18T10:00:00+05:30
flt_1efd7a7a,arl_7784367f,KB-8100,apt_496144db,apt_86c2c516,2026-11-17T07:30:00+05:30,2026-11-17T12:59:00+05:30,329,1,A321,"economy,business",294.885,active,2026-08-18T10:00:00+05:30
flt_ec106aa9,arl_841c6e99,AI-9663,apt_c0496aae,apt_e6c1d884,2026-10-24T13:20:00+05:30,2026-10-24T14:48:00+05:30,88,0,A321,"economy,business",57.362,active,2026-08-18T10:00:00+05:30
flt_07945e57,arl_56da328b,GA-1460,apt_6be6a548,apt_6ddc2fb6,2026-11-05T22:00:00+05:30,2026-11-06T00:30:00+05:30,150,0,B787-8,"economy,business",153.267,active,2026-08-18T10:00:00+05:30
flt_69a71ea2,arl_6317d870,UK-7904,apt_c1f65e85,apt_08ebf678,2026-11-27T09:10:00+05:30,2026-11-27T11:58:00+05:30,168,0,B737-800,"economy,business",181.941,active,2026-08-18T10:00:00+05:30
flt_3b602607,arl_841c6e99,AI-2871,apt_5377e1f8,apt_3e80f233,2026-11-04T06:50:00+05:30,2026-11-04T09:55:00+05:30,185,0,A321,"economy,business",174.906,active,2026-08-18T10:00:00+05:30
flt_67bd3b77,arl_3a276287,BA-9288,apt_5377e1f8,apt_ee6be440,2026-10-06T15:50:00+05:30,2026-10-06T17:17:00+05:30,87,0,,"economy,business",46.738,active,2026-08-18T10:00:00+05:30
flt_394f1055,arl_666b65b1,AC-4278,apt_9a8714fa,apt_a7ea97c3,2026-11-06T11:10:00+05:30,2026-11-06T13:40:00+05:30,150,0,A321,"economy,business",142.775,active,2026-08-18T10:00:00+05:30
flt_873be143,arl_56da328b,GA-4369,apt_3e80f233,apt_e6c1d884,2026-11-13T21:40:00+05:30,2026-11-14T00:38:00+05:30,178,0,A320neo,"economy,business",181.244,active,2026-08-18T10:00:00+05:30
flt_eebae845,arl_2fae0fe3,KU-5687,apt_2d4c99ed,apt_6ddc2fb6,2026-10-21T09:10:00+05:30,2026-10-21T11:10:00+05:30,120,0,A321,"economy,business",85.547,active,2026-08-18T10:00:00+05:30
flt_908c20ab,arl_a487a152,RA-2027,apt_d3a5784e,apt_6ddc2fb6,2026-09-15T21:50:00+05:30,2026-09-16T00:08:00+05:30,138,0,B787-8,"economy,business",146.653,active,2026-08-18T10:00:00+05:30
flt_eaba1d0b,arl_dbae8242,QR-9161,apt_ceec186e,apt_757e32fe,2026-11-24T13:30:00+05:30,2026-11-24T15:59:00+05:30,149,0,A321,"economy,business",164.242,active,2026-08-18T10:00:00+05:30
flt_bbe63061,arl_b97400e0,QP-5244,apt_c0496aae,apt_05897d58,2026-11-23T16:50:00+05:30,2026-11-23T18:32:00+05:30,102,0,B737-800,economy,57.097,active,2026-08-18T10:00:00+05:30
flt_670026e2,arl_dbae8242,QR-6191,apt_c077a39a,apt_c1f65e85,2026-10-13T14:10:00+05:30,2026-10-13T18:51:00+05:30,281,0,A320neo,"economy,business",300.204,active,2026-08-18T10:00:00+05:30
flt_5b60a7f1,arl_2fae0fe3,KU-336,apt_3e80f233,apt_e6d0e6bf,2026-10-29T16:40:00+05:30,2026-10-29T18:38:00+05:30,118,0,ATR-72,"economy,business",105.882,active,2026-08-18T10:00:00+05:30
flt_5ed441a6,arl_2a88a2c3,UA-7440,apt_bdf57d77,apt_9dd20d55,2026-09-21T13:00:00+05:30,2026-09-21T17:37:00+05:30,277,1,A320neo,"economy,business",224.47,active,2026-08-18T10:00:00+05:30
flt_88c5c14c,arl_3a276287,BA-9010,apt_c0496aae,apt_6ddc2fb6,2026-11-29T21:00:00+05:30,2026-11-29T22:38:00+05:30,98,0,B737-800,"economy,business",58.725,active,2026-08-18T10:00:00+05:30
flt_ab142116,arl_8ac08b06,CZ-6405,apt_bdf57d77,apt_05897d58,2026-11-05T12:40:00+05:30,2026-11-05T14:37:00+05:30,117,0,ATR-72,"economy,business",97.369,active,2026-08-18T10:00:00+05:30
flt_1f78921e,arl_508d631b,UL-712,apt_757e32fe,apt_496144db,2026-09-17T20:40:00+05:30,2026-09-18T01:15:00+05:30,275,0,B737-800,"economy,business",286.531,active,2026-08-18T10:00:00+05:30
flt_c8cc014a,arl_841c6e99,AI-3934,apt_54ebca59,apt_86c2c516,2026-10-27T08:40:00+05:30,2026-10-27T12:07:00+05:30,207,0,ATR-72,"economy,business",218.517,active,2026-08-18T10:00:00+05:30
flt_d7b3dda4,arl_077dea23,MH-3187,apt_ee6be440,apt_86c2c516,2026-11-10T07:10:00+05:30,2026-11-10T11:57:00+05:30,287,0,A321,"economy,business",320.687,active,2026-08-18T10:00:00+05:30
flt_f74d347b,arl_7f79d7b3,AF-1553,apt_3810f0b5,apt_98416c9d,2026-10-14T12:40:00+05:30,2026-10-14T15:19:00+05:30,159,0,ATR-72,"economy,business",154.982,active,2026-08-18T10:00:00+05:30
flt_97b1776a,arl_56da328b,GA-9882,apt_496144db,apt_2d4c99ed,2026-09-10T18:50:00+05:30,2026-09-10T21:02:00+05:30,132,0,A320neo,"economy,business",99.479,active,2026-08-18T10:00:00+05:30
flt_19109eaf,arl_56da328b,GA-2530,apt_496144db,apt_9dd20d55,2026-11-04T22:30:00+05:30,2026-11-05T04:28:00+05:30,358,1,B787-8,"economy,business",298.331,active,2026-08-18T10:00:00+05:30
flt_285d9e83,arl_b97400e0,QP-7874,apt_a7ea97c3,apt_05897d58,2026-10-09T13:50:00+05:30,2026-10-09T16:17:00+05:30,147,0,A321,economy,140.107,active,2026-08-18T10:00:00+05:30
flt_9cf4e7c6,arl_4939343e,SG-396,apt_c0496aae,apt_bfd02a38,2026-09-14T12:30:00+05:30,2026-09-14T15:08:00+05:30,158,0,ATR-72,economy,145.902,active,2026-08-18T10:00:00+05:30
flt_870b948d,arl_2981080f,6E-5890,apt_496144db,apt_e6d0e6bf,2026-09-07T05:30:00+05:30,2026-09-07T08:11:00+05:30,161,0,A320neo,economy,135.88,active,2026-08-18T10:00:00+05:30
flt_c024ecf8,arl_6317d870,UK-3790,apt_5377e1f8,apt_bfd02a38,2026-09-24T12:50:00+05:30,2026-09-24T15:54:00+05:30,184,0,A321,"economy,business",198.907,active,2026-08-18T10:00:00+05:30
flt_3e2c0c76,arl_6317d870,UK-292,apt_cb1113d2,apt_05897d58,2026-11-06T13:40:00+05:30,2026-11-06T21:34:00+05:30,474,0,,"economy,business",550.233,active,2026-08-18T10:00:00+05:30
flt_d94caeac,arl_a852cdd9,VJ-2748,apt_e6c1d884,apt_ceec186e,2026-11-07T09:00:00+05:30,2026-11-07T13:41:00+05:30,281,0,B787-8,economy,334.288,active,2026-08-18T10:00:00+05:30
flt_35882d47,arl_6317d870,UK-1147,apt_ee6be440,apt_6be6a548,2026-09-14T15:00:00+05:30,2026-09-14T18:37:00+05:30,217,0,,"economy,business",239.849,active,2026-08-18T10:00:00+05:30
flt_9783261a,arl_ef62470d,IX-8079,apt_c0496aae,apt_86c2c516,2026-09-02T18:30:00+05:30,2026-09-03T00:20:00+05:30,350,1,B787-8,economy,292.709,active,2026-08-18T10:00:00+05:30
flt_9e54d434,arl_56da328b,GA-2627,apt_faa26bd2,apt_cb1113d2,2026-09-15T11:00:00+05:30,2026-09-15T19:23:00+05:30,503,0,,"economy,business",619.512,active,2026-08-18T10:00:00+05:30
flt_f65d8046,arl_2981080f,6E-3525,apt_9dd20d55,apt_05897d58,2026-11-17T20:20:00+05:30,2026-11-18T01:02:00+05:30,282,0,B787-8,economy,312.564,active,2026-08-18T10:00:00+05:30
flt_4d48e54b,arl_2a88a2c3,UA-8454,apt_6be6a548,apt_a7ea97c3,2026-09-27T11:10:00+05:30,2026-09-27T12:46:00+05:30,96,0,B737-800,"economy,business",89.008,active,2026-08-18T10:00:00+05:30
flt_348cbb47,arl_2fae0fe3,KU-124,apt_3e80f233,apt_3810f0b5,2026-09-06T16:20:00+05:30,2026-09-06T19:35:00+05:30,195,0,A321,"economy,business",181.955,active,2026-08-18T10:00:00+05:30
flt_ba176be9,arl_b97400e0,QP-2307,apt_30500fc8,apt_d3a5784e,2026-11-28T21:00:00+05:30,2026-11-29T01:29:00+05:30,269,1,ATR-72,economy,219.848,active,2026-08-18T10:00:00+05:30
flt_ba9f5f1d,arl_508d631b,UL-6099,apt_30500fc8,apt_c1f65e85,2026-11-23T13:50:00+05:30,2026-11-23T17:08:00+05:30,198,0,A321,"economy,business",222.047,active,2026-08-18T10:00:00+05:30
flt_fe2444f2,arl_56da328b,GA-7029,apt_30500fc8,apt_05897d58,2026-11-29T10:00:00+05:30,2026-11-29T10:58:00+05:30,58,0,A320neo,"economy,business",44.016,active,2026-08-18T10:00:00+05:30
flt_aace45ce,arl_6317d870,UK-6627,apt_86c2c516,apt_5835fac1,2026-11-13T13:40:00+05:30,2026-11-13T19:13:00+05:30,333,1,B787-8,"economy,business",291.684,active,2026-08-18T10:00:00+05:30
flt_089295d8,arl_75d2a12c,QF-8055,apt_bdf57d77,apt_ad38af67,2026-11-27T15:10:00+05:30,2026-11-27T21:17:00+05:30,367,0,A320neo,"economy,business",447.891,active,2026-08-18T10:00:00+05:30
flt_7b583e8d,arl_841c6e99,AI-5844,apt_496144db,apt_54ebca59,2026-11-15T16:00:00+05:30,2026-11-15T18:43:00+05:30,163,0,B737-800,"economy,business",141.216,active,2026-08-18T10:00:00+05:30
flt_fd9cf4ee,arl_a852cdd9,VJ-1771,apt_3810f0b5,apt_bfd02a38,2026-10-12T20:00:00+05:30,2026-10-12T22:59:00+05:30,179,0,B737-800,economy,202.686,active,2026-08-18T10:00:00+05:30
flt_5b8bf7ea,arl_6317d870,UK-4935,apt_757e32fe,apt_86c2c516,2026-10-31T12:10:00+05:30,2026-10-31T19:46:00+05:30,456,0,ATR-72,"economy,business",560.072,active,2026-08-18T10:00:00+05:30
flt_15bc5393,arl_8ac08b06,CZ-5275,apt_54ebca59,apt_2d4c99ed,2026-09-06T19:00:00+05:30,2026-09-06T22:16:00+05:30,196,0,B787-8,"economy,business",192.371,active,2026-08-18T10:00:00+05:30
flt_522254ab,arl_ef62470d,IX-947,apt_faa26bd2,apt_bdf57d77,2026-10-14T19:10:00+05:30,2026-10-14T21:19:00+05:30,129,0,A321,economy,135.295,active,2026-08-18T10:00:00+05:30
flt_72d0520c,arl_7784367f,KB-7815,apt_9dd20d55,apt_a7ea97c3,2026-09-30T14:00:00+05:30,2026-09-30T17:18:00+05:30,198,0,A320neo,"economy,business",206.265,active,2026-08-18T10:00:00+05:30
flt_e823da73,arl_841c6e99,AI-9254,apt_496144db,apt_86c2c516,2026-09-19T07:40:00+05:30,2026-09-19T12:04:00+05:30,264,0,A320neo,"economy,business",294.885,active,2026-08-18T10:00:00+05:30
flt_e10e5886,arl_b97400e0,QP-947,apt_3810f0b5,apt_c1f65e85,2026-10-23T05:30:00+05:30,2026-10-23T08:11:00+05:30,161,0,ATR-72,economy,158.068,active,2026-08-18T10:00:00+05:30
flt_94c68bf1,arl_7784367f,KB-2239,apt_e6c1d884,apt_c077a39a,2026-09-07T17:30:00+05:30,2026-09-07T21:44:00+05:30,254,0,B737-800,"economy,business",299.788,active,2026-08-18T10:00:00+05:30
flt_dfc05039,arl_508d631b,UL-4275,apt_5835fac1,apt_30500fc8,2026-10-27T13:40:00+05:30,2026-10-27T15:46:00+05:30,126,0,A320neo,"economy,business",100.614,active,2026-08-18T10:00:00+05:30
flt_417f3e57,arl_1cfc4640,SQ-3597,apt_08ebf678,apt_496144db,2026-11-09T21:30:00+05:30,2026-11-10T00:09:00+05:30,159,0,B787-8,"economy,business",138.582,active,2026-08-18T10:00:00+05:30
flt_43940328,arl_6317d870,UK-306,apt_757e32fe,apt_05897d58,2026-11-12T17:20:00+05:30,2026-11-12T22:52:00+05:30,332,1,A320neo,"economy,business",284.668,active,2026-08-18T10:00:00+05:30
flt_0ee65a9f,arl_666b65b1,AC-4074,apt_05897d58,apt_ceec186e,2026-10-22T12:10:00+05:30,2026-10-22T18:43:00+05:30,393,1,B737-800,"economy,business",362.64,active,2026-08-18T10:00:00+05:30
flt_4a2b525a,arl_6317d870,UK-443,apt_05897d58,apt_08ebf678,2026-09-23T21:50:00+05:30,2026-09-23T23:43:00+05:30,113,0,B787-8,"economy,business",83.05,active,2026-08-18T10:00:00+05:30
flt_9907566b,arl_3a276287,BA-3707,apt_6be6a548,apt_08ebf678,2026-10-13T10:30:00+05:30,2026-10-13T12:53:00+05:30,143,0,ATR-72,"economy,business",134.948,active,2026-08-18T10:00:00+05:30
flt_f5870208,arl_7784367f,KB-2359,apt_496144db,apt_d3a5784e,2026-09-26T17:40:00+05:30,2026-09-26T19:04:00+05:30,84,0,ATR-72,"economy,business",60.392,active,2026-08-18T10:00:00+05:30
flt_b406c47c,arl_2fae0fe3,KU-7632,apt_6ddc2fb6,apt_faa26bd2,2026-10-04T09:00:00+05:30,2026-10-04T10:59:00+05:30,119,0,A321,"economy,business",117.994,active,2026-08-18T10:00:00+05:30
flt_993ae401,arl_1cfc4640,SQ-340,apt_e6c1d884,apt_6ddc2fb6,2026-10-01T12:20:00+05:30,2026-10-01T13:52:00+05:30,92,0,A321,"economy,business",71.316,active,2026-08-18T10:00:00+05:30
flt_cf0ad2a4,arl_7784367f,KB-7396,apt_757e32fe,apt_cb1113d2,2026-11-11T17:30:00+05:30,2026-11-11T22:15:00+05:30,285,0,A321,"economy,business",338.86,active,2026-08-18T10:00:00+05:30
flt_67ccf87e,arl_2fae0fe3,KU-2961,apt_9dd20d55,apt_a7ea97c3,2026-09-29T15:40:00+05:30,2026-09-29T19:13:00+05:30,213,0,A321,"economy,business",206.265,active,2026-08-18T10:00:00+05:30
flt_2821626d,arl_3a276287,BA-7013,apt_ad38af67,apt_33c2d61a,2026-11-07T12:30:00+05:30,2026-11-07T15:55:00+05:30,205,0,ATR-72,"economy,business",194.69,active,2026-08-18T10:00:00+05:30
flt_c1a5cce1,arl_68688da8,NZ-5863,apt_ee6be440,apt_a7ea97c3,2026-10-05T05:30:00+05:30,2026-10-05T08:21:00+05:30,171,0,B787-8,"economy,business",173.146,active,2026-08-18T10:00:00+05:30
flt_592ca615,arl_75d2a12c,QF-239,apt_6ddc2fb6,apt_54ebca59,2026-11-18T20:20:00+05:30,2026-11-18T22:49:00+05:30,149,0,A321,"economy,business",130.361,active,2026-08-18T10:00:00+05:30
flt_71186e87,arl_666b65b1,AC-189,apt_ee6be440,apt_bdf57d77,2026-09-12T14:40:00+05:30,2026-09-12T17:10:00+05:30,150,0,B787-8,"economy,business",126.44,active,2026-08-18T10:00:00+05:30
flt_10175b4e,arl_666b65b1,AC-5363,apt_e6d0e6bf,apt_33c2d61a,2026-10-13T19:50:00+05:30,2026-10-14T05:36:00+05:30,586,1,B737-800,"economy,business",627.442,active,2026-08-18T10:00:00+05:30
flt_69d97667,arl_28f00e8b,EK-7170,apt_bdf57d77,apt_6ddc2fb6,2026-11-11T16:50:00+05:30,2026-11-11T19:06:00+05:30,136,0,A320neo,"economy,business",126.534,active,2026-08-18T10:00:00+05:30
flt_56c59994,arl_1cfc4640,SQ-2370,apt_05897d58,apt_bdf57d77,2026-09-16T10:00:00+05:30,2026-09-16T11:39:00+05:30,99,0,B787-8,"economy,business",97.369,active,2026-08-18T10:00:00+05:30
flt_956fdc30,arl_841c6e99,AI-2029,apt_a7ea97c3,apt_c0496aae,2026-11-18T17:00:00+05:30,2026-11-18T18:43:00+05:30,103,0,A321,"economy,business",99.685,active,2026-08-18T10:00:00+05:30
flt_a62561bd,arl_cbee96ac,GF-7803,apt_faa26bd2,apt_98416c9d,2026-11-17T17:00:00+05:30,2026-11-17T18:52:00+05:30,112,0,ATR-72,"economy,business",109.69,active,2026-08-18T10:00:00+05:30
flt_25ec25a5,arl_7784367f,KB-2245,apt_cb1113d2,apt_757e32fe,2026-09-03T06:00:00+05:30,2026-09-03T10:57:00+05:30,297,0,ATR-72,"economy,business",338.86,active,2026-08-18T10:00:00+05:30
flt_9cb96225,arl_2981080f,6E-8474,apt_ad38af67,apt_3810f0b5,2026-11-12T09:00:00+05:30,2026-11-12T14:09:00+05:30,309,0,B737-800,economy,334.375,active,2026-08-18T10:00:00+05:30
flt_f3b381a3,arl_2fae0fe3,KU-8322,apt_ceec186e,apt_6be6a548,2026-11-20T22:50:00+05:30,2026-11-21T06:39:00+05:30,469,1,ATR-72,"economy,business",474.791,active,2026-08-18T10:00:00+05:30
flt_079d8b3c,arl_c56d378a,TG-8051,apt_5835fac1,apt_54ebca59,2026-11-29T12:40:00+05:30,2026-11-29T14:11:00+05:30,91,0,ATR-72,"economy,business",73.766,active,2026-08-18T10:00:00+05:30
flt_b1a30981,arl_56da328b,GA-6449,apt_30500fc8,apt_a7ea97c3,2026-11-01T22:20:00+05:30,2026-11-02T01:26:00+05:30,186,0,B787-8,"economy,business",172.447,active,2026-08-18T10:00:00+05:30
flt_648709d9,arl_4939343e,SG-8333,apt_bdf57d77,apt_eb8717c7,2026-11-17T11:10:00+05:30,2026-11-17T18:16:00+05:30,426,1,B737-800,economy,413.121,active,2026-08-18T10:00:00+05:30
flt_361c0d71,arl_6317d870,UK-7595,apt_05897d58,apt_3810f0b5,2026-10-24T09:50:00+05:30,2026-10-24T11:07:00+05:30,77,0,B737-800,"economy,business",32.022,active,2026-08-18T10:00:00+05:30
flt_c8fe9420,arl_2a88a2c3,UA-679,apt_ceec186e,apt_54ebca59,2026-11-18T20:30:00+05:30,2026-11-19T02:48:00+05:30,378,0,B737-800,"economy,business",450.794,active,2026-08-18T10:00:00+05:30
flt_7dbda03d,arl_8ac08b06,CZ-8560,apt_9dd20d55,apt_6ddc2fb6,2026-11-06T14:30:00+05:30,2026-11-06T20:40:00+05:30,370,1,A320neo,"economy,business",347.07,active,2026-08-18T10:00:00+05:30
flt_d3b1701d,arl_8ac08b06,CZ-6517,apt_ad38af67,apt_c1f65e85,2026-11-04T11:10:00+05:30,2026-11-04T17:27:00+05:30,377,1,A321,"economy,business",333.995,active,2026-08-18T10:00:00+05:30
flt_3f9e1388,arl_7784367f,KB-1881,apt_9dd20d55,apt_cb1113d2,2026-11-17T06:40:00+05:30,2026-11-17T19:44:00+05:30,784,1,,"economy,business",861.733,active,2026-08-18T10:00:00+05:30
flt_3d757cbc,arl_2a88a2c3,UA-8234,apt_757e32fe,apt_ceec186e,2026-10-26T10:30:00+05:30,2026-10-26T13:29:00+05:30,179,0,B787-8,"economy,business",164.242,active,2026-08-18T10:00:00+05:30
flt_2c57220e,arl_154ebf3d,EY-2430,apt_c1f65e85,apt_cb1113d2,2026-11-06T11:00:00+05:30,2026-11-06T19:25:00+05:30,505,1,B787-8,"economy,business",521.279,active,2026-08-18T10:00:00+05:30
flt_643108c9,arl_2981080f,6E-4185,apt_c077a39a,apt_9dd20d55,2026-09-12T10:50:00+05:30,2026-09-12T19:16:00+05:30,506,0,B737-800,economy,636.842,active,2026-08-18T10:00:00+05:30
flt_11ebe2a0,arl_7784367f,KB-5623,apt_e6c1d884,apt_757e32fe,2026-11-11T13:20:00+05:30,2026-11-11T18:16:00+05:30,296,1,B787-8,"economy,business",252.55,active,2026-08-18T10:00:00+05:30
flt_428d90ad,arl_2981080f,6E-7943,apt_5377e1f8,apt_bdf57d77,2026-10-01T15:30:00+05:30,2026-10-01T17:07:00+05:30,97,0,ATR-72,economy,95.052,active,2026-08-18T10:00:00+05:30
flt_bba35eab,arl_b97400e0,QP-9944,apt_9a8714fa,apt_eb8717c7,2026-10-27T19:40:00+05:30,2026-10-28T00:11:00+05:30,271,0,A321,economy,297.703,active,2026-08-18T10:00:00+05:30
flt_6bfd3128,arl_1cfc4640,SQ-9876,apt_86c2c516,apt_08ebf678,2026-11-18T17:50:00+05:30,2026-11-18T22:41:00+05:30,291,1,ATR-72,"economy,business",235.774,active,2026-08-18T10:00:00+05:30
flt_1a1ef075,arl_ef62470d,IX-9726,apt_9a8714fa,apt_08ebf678,2026-10-05T16:20:00+05:30,2026-10-05T18:44:00+05:30,144,0,ATR-72,economy,115.209,active,2026-08-18T10:00:00+05:30
flt_7a845ffb,arl_dbae8242,QR-9143,apt_cb1113d2,apt_ee6be440,2026-09-25T18:50:00+05:30,2026-09-26T02:39:00+05:30,469,0,B787-8,"economy,business",549.05,active,2026-08-18T10:00:00+05:30
flt_4dfad6eb,arl_c56d378a,TG-6844,apt_e6c1d884,apt_5835fac1,2026-11-11T05:40:00+05:30,2026-11-11T07:12:00+05:30,92,0,B737-800,"economy,business",58.06,active,2026-08-18T10:00:00+05:30
flt_62584803,arl_a852cdd9,VJ-6656,apt_9a8714fa,apt_98416c9d,2026-11-02T21:50:00+05:30,2026-11-03T00:16:00+05:30,146,0,ATR-72,economy,143.719,active,2026-08-18T10:00:00+05:30
flt_bae4a2be,arl_077dea23,MH-2192,apt_5377e1f8,apt_86c2c516,2026-10-22T14:30:00+05:30,2026-10-22T19:15:00+05:30,285,0,A320neo,"economy,business",308.148,active,2026-08-18T10:00:00+05:30
flt_f6fbbec6,arl_cbee96ac,GF-1808,apt_6be6a548,apt_08ebf678,2026-11-29T06:40:00+05:30,2026-11-29T09:01:00+05:30,141,0,ATR-72,"economy,business",134.948,active,2026-08-18T10:00:00+05:30
flt_b34797de,arl_1cfc4640,SQ-7412,apt_9a8714fa,apt_98416c9d,2026-09-25T13:00:00+05:30,2026-09-25T15:16:00+05:30,136,0,A320neo,"economy,business",143.719,active,2026-08-18T10:00:00+05:30
flt_cbf4e39d,arl_7784367f,KB-566,apt_5835fac1,apt_ebff6148,2026-11-24T19:00:00+05:30,2026-11-25T00:18:00+05:30,318,1,A321,"economy,business",274.641,active,2026-08-18T10:00:00+05:30
flt_46626fb8,arl_1cfc4640,SQ-626,apt_3e80f233,apt_cb1113d2,2026-10-17T07:40:00+05:30,2026-10-17T17:01:00+05:30,561,0,B787-8,"economy,business",664.378,active,2026-08-18T10:00:00+05:30
flt_69e0d121,arl_ef62470d,IX-7553,apt_bdf57d77,apt_5377e1f8,2026-11-19T14:30:00+05:30,2026-11-19T16:12:00+05:30,102,0,A320neo,economy,95.052,active,2026-08-18T10:00:00+05:30
flt_039ed196,arl_c56d378a,TG-1984,apt_54ebca59,apt_faa26bd2,2026-11-22T09:00:00+05:30,2026-11-22T11:17:00+05:30,137,0,,"economy,business",138.526,active,2026-08-18T10:00:00+05:30
flt_8b8dc40c,arl_56da328b,GA-3642,apt_757e32fe,apt_e6c1d884,2026-11-14T21:50:00+05:30,2026-11-15T01:39:00+05:30,229,0,A320neo,"economy,business",252.55,active,2026-08-18T10:00:00+05:30
flt_76b373f4,arl_7f79d7b3,AF-9682,apt_c0496aae,apt_c1f65e85,2026-09-12T07:50:00+05:30,2026-09-12T10:17:00+05:30,147,0,B737-800,"economy,business",136.461,active,2026-08-18T10:00:00+05:30
flt_2ca50bc9,arl_a0bf222e,KE-6508,apt_e6c1d884,apt_9a8714fa,2026-11-02T22:40:00+05:30,2026-11-03T00:00:00+05:30,80,0,B787-8,"economy,business",72.13,active,2026-08-18T10:00:00+05:30
flt_a7168e89,arl_7f79d7b3,AF-7059,apt_c1f65e85,apt_a7ea97c3,2026-10-23T12:40:00+05:30,2026-10-23T15:32:00+05:30,172,0,ATR-72,"economy,business",184.885,active,2026-08-18T10:00:00+05:30
flt_84e90083,arl_b97400e0,QP-4300,apt_c0496aae,apt_faa26bd2,2026-09-16T12:20:00+05:30,2026-09-16T14:38:00+05:30,138,0,A320neo,economy,124.139,active,2026-08-18T10:00:00+05:30
flt_c5eb05d8,arl_2fae0fe3,KU-7154,apt_08ebf678,apt_c1f65e85,2026-10-07T12:30:00+05:30,2026-10-07T15:42:00+05:30,192,0,ATR-72,"economy,business",181.941,active,2026-08-18T10:00:00+05:30
flt_47a1f3eb,arl_a852cdd9,VJ-420,apt_5377e1f8,apt_ee6be440,2026-11-11T06:20:00+05:30,2026-11-11T07:39:00+05:30,79,0,A321,economy,46.738,active,2026-08-18T10:00:00+05:30
flt_5013fcbd,arl_2981080f,6E-5875,apt_5835fac1,apt_faa26bd2,2026-10-19T19:20:00+05:30,2026-10-19T21:30:00+05:30,130,0,A321,economy,123.989,active,2026-08-18T10:00:00+05:30
flt_812a4be3,arl_a0bf222e,KE-6084,apt_9dd20d55,apt_ad38af67,2026-10-20T06:50:00+05:30,2026-10-20T16:02:00+05:30,552,0,B737-800,"economy,business",672.09,active,2026-08-18T10:00:00+05:30
flt_4349dfd0,arl_154ebf3d,EY-4217,apt_3810f0b5,apt_54ebca59,2026-09-19T07:40:00+05:30,2026-09-19T09:41:00+05:30,121,0,ATR-72,"economy,business",120.062,active,2026-08-18T10:00:00+05:30
flt_bfc1fd52,arl_508d631b,UL-1187,apt_e6d0e6bf,apt_c1f65e85,2026-10-11T05:10:00+05:30,2026-10-11T08:17:00+05:30,187,0,B737-800,"economy,business",180.169,active,2026-08-18T10:00:00+05:30
flt_b5031d0d,arl_534d3a8a,LH-4878,apt_86c2c516,apt_2d4c99ed,2026-10-23T19:30:00+05:30,2026-10-24T02:25:00+05:30,415,1,,"economy,business",384.293,active,2026-08-18T10:00:00+05:30
flt_9c362688,arl_a487a152,RA-471,apt_5377e1f8,apt_ceec186e,2026-10-30T15:10:00+05:30,2026-10-30T20:21:00+05:30,311,0,,"economy,business",364.51,active,2026-08-18T10:00:00+05:30
flt_16719881,arl_154ebf3d,EY-2580,apt_cb1113d2,apt_3e80f233,2026-10-31T21:30:00+05:30,2026-11-01T07:56:00+05:30,626,1,B787-8,"economy,business",664.378,active,2026-08-18T10:00:00+05:30
flt_4b5cfd1d,arl_841c6e99,AI-7977,apt_e6c1d884,apt_c1f65e85,2026-10-20T05:20:00+05:30,2026-10-20T07:48:00+05:30,148,0,B737-800,"economy,business",157.438,active,2026-08-18T10:00:00+05:30
flt_dbf2ee49,arl_68688da8,NZ-2592,apt_c1f65e85,apt_757e32fe,2026-09-05T13:00:00+05:30,2026-09-05T16:19:00+05:30,199,0,B787-8,"economy,business",187.233,active,2026-08-18T10:00:00+05:30
flt_22b7331a,arl_a0bf222e,KE-6470,apt_e6c1d884,apt_6ddc2fb6,2026-10-05T17:30:00+05:30,2026-10-05T18:58:00+05:30,88,0,B737-800,"economy,business",71.316,active,2026-08-18T10:00:00+05:30
flt_3dd6070f,arl_dbae8242,QR-6162,apt_ee6be440,apt_6ddc2fb6,2026-09-29T21:30:00+05:30,2026-09-29T23:47:00+05:30,137,0,B737-800,"economy,business",136.834,active,2026-08-18T10:00:00+05:30
flt_542dc0d1,arl_a487a152,RA-3866,apt_30500fc8,apt_bdf57d77,2026-10-19T17:20:00+05:30,2026-10-19T19:54:00+05:30,154,0,A320neo,"economy,business",125.835,active,2026-08-18T10:00:00+05:30
flt_6ed3b63c,arl_7f79d7b3,AF-6924,apt_faa26bd2,apt_08ebf678,2026-11-17T06:40:00+05:30,2026-11-17T09:15:00+05:30,155,0,A321,"economy,business",136.017,active,2026-08-18T10:00:00+05:30
flt_51079b86,arl_56da328b,GA-9147,apt_bfd02a38,apt_c0496aae,2026-10-26T14:10:00+05:30,2026-10-26T16:35:00+05:30,145,0,B737-800,"economy,business",145.902,active,2026-08-18T10:00:00+05:30
flt_e4688e9b,arl_68688da8,NZ-1283,apt_6be6a548,apt_54ebca59,2026-10-13T18:00:00+05:30,2026-10-13T20:06:00+05:30,126,0,B787-8,"economy,business",131.472,active,2026-08-18T10:00:00+05:30
flt_d572ac00,arl_1cfc4640,SQ-9021,apt_6be6a548,apt_05897d58,2026-09-20T18:30:00+05:30,2026-09-20T21:58:00+05:30,208,0,B737-800,"economy,business",198.156,active,2026-08-18T10:00:00+05:30
flt_3ade18e5,arl_508d631b,UL-669,apt_e6d0e6bf,apt_496144db,2026-10-15T08:30:00+05:30,2026-10-15T10:56:00+05:30,146,0,,"economy,business",135.88,active,2026-08-18T10:00:00+05:30
flt_8167bbf4,arl_692cd6f4,JL-979,apt_faa26bd2,apt_eb8717c7,2026-09-01T07:00:00+05:30,2026-09-01T12:34:00+05:30,334,0,B737-800,"economy,business",395.56,active,2026-08-18T10:00:00+05:30
flt_f4a5166e,arl_7f79d7b3,AF-8323,apt_9a8714fa,apt_e6d0e6bf,2026-11-22T07:00:00+05:30,2026-11-22T09:17:00+05:30,137,0,A320neo,"economy,business",114.404,active,2026-08-18T10:00:00+05:30
flt_17f8e115,arl_6317d870,UK-9468,apt_6be6a548,apt_2d4c99ed,2026-09-24T06:40:00+05:30,2026-09-24T09:08:00+05:30,148,0,B737-800,"economy,business",147.544,active,2026-08-18T10:00:00+05:30
flt_ed6c4311,arl_403656a7,LX-4187,apt_05897d58,apt_5835fac1,2026-10-22T10:10:00+05:30,2026-10-22T11:24:00+05:30,74,0,,"economy,business",57.281,active,2026-08-18T10:00:00+05:30
flt_ae6a69f7,arl_6317d870,UK-2445,apt_9a8714fa,apt_5377e1f8,2026-09-04T11:20:00+05:30,2026-09-04T13:00:00+05:30,100,0,B787-8,"economy,business",94.249,active,2026-08-18T10:00:00+05:30
flt_764cc61d,arl_534d3a8a,LH-5162,apt_86c2c516,apt_757e32fe,2026-09-11T12:50:00+05:30,2026-09-11T22:06:00+05:30,556,1,A320neo,"economy,business",560.072,active,2026-08-18T10:00:00+05:30
flt_cc14ff50,arl_403656a7,LX-4344,apt_98416c9d,apt_e6d0e6bf,2026-09-08T21:30:00+05:30,2026-09-08T23:04:00+05:30,94,0,ATR-72,"economy,business",56.52,active,2026-08-18T10:00:00+05:30
flt_4b748217,arl_8ac08b06,CZ-8806,apt_05897d58,apt_ceec186e,2026-09-19T15:30:00+05:30,2026-09-19T22:17:00+05:30,407,1,B787-8,"economy,business",362.64,active,2026-08-18T10:00:00+05:30
flt_977da928,arl_7784367f,KB-758,apt_54ebca59,apt_ee6be440,2026-09-11T11:50:00+05:30,2026-09-11T14:11:00+05:30,141,0,B787-8,"economy,business",126.998,active,2026-08-18T10:00:00+05:30
flt_128aa841,arl_1cfc4640,SQ-7819,apt_bdf57d77,apt_86c2c516,2026-11-05T10:50:00+05:30,2026-11-05T15:44:00+05:30,294,1,B787-8,"economy,business",221.763,active,2026-08-18T10:00:00+05:30
flt_7624466e,arl_692cd6f4,JL-4005,apt_bfd02a38,apt_ee6be440,2026-09-07T12:50:00+05:30,2026-09-07T16:32:00+05:30,222,0,B787-8,"economy,business",242.412,active,2026-08-18T10:00:00+05:30
flt_b08c9b09,arl_403656a7,LX-2964,apt_98416c9d,apt_eb8717c7,2026-11-05T07:10:00+05:30,2026-11-05T13:40:00+05:30,390,0,ATR-72,"economy,business",439.97,active,2026-08-18T10:00:00+05:30
flt_e78e9296,arl_c56d378a,TG-9764,apt_86c2c516,apt_e6d0e6bf,2026-10-15T13:00:00+05:30,2026-10-15T16:41:00+05:30,221,0,A320neo,"economy,business",235.446,active,2026-08-18T10:00:00+05:30
flt_f215ad71,arl_56da328b,GA-3437,apt_ee6be440,apt_d3a5784e,2026-11-14T18:40:00+05:30,2026-11-14T22:20:00+05:30,220,0,A321,"economy,business",220.829,active,2026-08-18T10:00:00+05:30
flt_3cd55d36,arl_ef62470d,IX-1932,apt_98416c9d,apt_ebff6148,2026-10-03T05:20:00+05:30,2026-10-03T11:42:00+05:30,382,1,ATR-72,economy,357.62,active,2026-08-18T10:00:00+05:30
flt_350c113e,arl_508d631b,UL-4351,apt_9dd20d55,apt_ad38af67,2026-11-29T12:00:00+05:30,2026-11-29T22:27:00+05:30,627,1,A321,"economy,business",672.09,active,2026-08-18T10:00:00+05:30
flt_3842258e,arl_68688da8,NZ-4573,apt_6be6a548,apt_05897d58,2026-11-19T17:10:00+05:30,2026-11-19T20:30:00+05:30,200,0,A321,"economy,business",198.156,active,2026-08-18T10:00:00+05:30
flt_a72ae3a9,arl_3a276287,BA-6751,apt_5377e1f8,apt_bdf57d77,2026-09-27T12:10:00+05:30,2026-09-27T13:49:00+05:30,99,0,B787-8,"economy,business",95.052,active,2026-08-18T10:00:00+05:30
flt_ffd891fc,arl_534d3a8a,LH-9527,apt_08ebf678,apt_2d4c99ed,2026-09-16T09:30:00+05:30,2026-09-16T12:44:00+05:30,194,0,A321,"economy,business",181.101,active,2026-08-18T10:00:00+05:30
flt_369f1706,arl_666b65b1,AC-506,apt_05897d58,apt_6ddc2fb6,2026-09-15T22:20:00+05:30,2026-09-16T00:10:00+05:30,110,0,,"economy,business",93.956,active,2026-08-18T10:00:00+05:30
flt_ab9831ee,arl_508d631b,UL-7796,apt_2d4c99ed,apt_e6d0e6bf,2026-09-30T11:40:00+05:30,2026-09-30T14:23:00+05:30,163,0,A320neo,"economy,business",179.341,active,2026-08-18T10:00:00+05:30
flt_c6f1367a,arl_077dea23,MH-8608,apt_33c2d61a,apt_ebff6148,2026-09-23T12:30:00+05:30,2026-09-23T17:44:00+05:30,314,0,A320neo,"economy,business",340.885,active,2026-08-18T10:00:00+05:30
flt_664c8178,arl_692cd6f4,JL-7688,apt_c0496aae,apt_9a8714fa,2026-09-02T06:00:00+05:30,2026-09-02T07:39:00+05:30,99,0,A321,"economy,business",59.079,active,2026-08-18T10:00:00+05:30
flt_90b9b6fb,arl_8ac08b06,CZ-2496,apt_c1f65e85,apt_6be6a548,2026-09-29T07:10:00+05:30,2026-09-29T09:56:00+05:30,166,0,A321,"economy,business",147.447,active,2026-08-18T10:00:00+05:30
flt_39aac8f9,arl_4939343e,SG-5637,apt_ee6be440,apt_2d4c99ed,2026-11-06T13:40:00+05:30,2026-11-06T18:39:00+05:30,299,1,ATR-72,economy,222.354,active,2026-08-18T10:00:00+05:30
flt_840ddc92,arl_841c6e99,AI-5673,apt_bdf57d77,apt_496144db,2026-11-26T21:10:00+05:30,2026-11-26T23:19:00+05:30,129,0,A321,"economy,business",137.97,active,2026-08-18T10:00:00+05:30
flt_4ed7ac92,arl_cbee96ac,GF-2909,apt_ebff6148,apt_3e80f233,2026-09-29T05:50:00+05:30,2026-09-29T10:44:00+05:30,294,0,B737-800,"economy,business",339.407,active,2026-08-18T10:00:00+05:30
flt_e20b2408,arl_28f00e8b,EK-4271,apt_08ebf678,apt_5835fac1,2026-10-28T22:00:00+05:30,2026-10-28T23:33:00+05:30,93,0,A320neo,"economy,business",57.166,active,2026-08-18T10:00:00+05:30
flt_786da581,arl_2981080f,6E-9958,apt_ceec186e,apt_3e80f233,2026-11-13T14:40:00+05:30,2026-11-13T22:21:00+05:30,461,1,A321,economy,473.189,active,2026-08-18T10:00:00+05:30
flt_e5fe16f6,arl_2981080f,6E-1694,apt_496144db,apt_cb1113d2,2026-09-29T20:50:00+05:30,2026-09-30T05:35:00+05:30,525,0,B787-8,economy,618.46,active,2026-08-18T10:00:00+05:30
flt_e4e04ca5,arl_7784367f,KB-2680,apt_e6c1d884,apt_ceec186e,2026-10-12T10:00:00+05:30,2026-10-12T15:58:00+05:30,358,1,A321,"economy,business",334.288,active,2026-08-18T10:00:00+05:30
flt_f1782e19,arl_3a276287,BA-3036,apt_cb1113d2,apt_ee6be440,2026-09-29T15:10:00+05:30,2026-09-29T23:46:00+05:30,516,1,A320neo,"economy,business",549.05,active,2026-08-18T10:00:00+05:30
flt_01b3ecf6,arl_2fae0fe3,KU-5077,apt_cb1113d2,apt_3e80f233,2026-09-12T13:40:00+05:30,2026-09-12T22:28:00+05:30,528,0,A321,"economy,business",664.378,active,2026-08-18T10:00:00+05:30
flt_1ebd37fb,arl_1cfc4640,SQ-8317,apt_08ebf678,apt_3810f0b5,2026-09-07T08:50:00+05:30,2026-09-07T10:55:00+05:30,125,0,A321,"economy,business",102.864,active,2026-08-18T10:00:00+05:30
flt_0f8336f7,arl_28f00e8b,EK-7511,apt_757e32fe,apt_ee6be440,2026-10-30T21:20:00+05:30,2026-10-31T02:01:00+05:30,281,0,A321,"economy,business",309.061,active,2026-08-18T10:00:00+05:30
flt_e4cac288,arl_a852cdd9,VJ-2984,apt_30500fc8,apt_05897d58,2026-11-06T20:00:00+05:30,2026-11-06T21:07:00+05:30,67,0,B737-800,economy,44.016,active,2026-08-18T10:00:00+05:30
flt_82f1a44a,arl_077dea23,MH-1201,apt_2d4c99ed,apt_6ddc2fb6,2026-09-13T21:30:00+05:30,2026-09-13T23:09:00+05:30,99,0,A321,"economy,business",85.547,active,2026-08-18T10:00:00+05:30
flt_d4a6780a,arl_a487a152,RA-2671,apt_ad38af67,apt_54ebca59,2026-11-22T11:10:00+05:30,2026-11-22T17:32:00+05:30,382,0,B787-8,"economy,business",451.04,active,2026-08-18T10:00:00+05:30
flt_8d813591,arl_077dea23,MH-1288,apt_6be6a548,apt_e6c1d884,2026-11-14T17:50:00+05:30,2026-11-14T21:05:00+05:30,195,0,A320neo,"economy,business",198.822,active,2026-08-18T10:00:00+05:30
flt_ade2e185,arl_534d3a8a,LH-7186,apt_d3a5784e,apt_9dd20d55,2026-10-06T18:50:00+05:30,2026-10-06T22:17:00+05:30,207,0,B737-800,"economy,business",237.944,active,2026-08-18T10:00:00+05:30
flt_fe5bf4f3,arl_2a88a2c3,UA-3163,apt_bfd02a38,apt_a7ea97c3,2026-11-19T07:10:00+05:30,2026-11-19T09:10:00+05:30,120,0,B737-800,"economy,business",89.714,active,2026-08-18T10:00:00+05:30
flt_858f74b4,arl_666b65b1,AC-2776,apt_ceec186e,apt_3810f0b5,2026-09-09T22:10:00+05:30,2026-09-10T04:11:00+05:30,361,1,A320neo,"economy,business",334.014,active,2026-08-18T10:00:00+05:30
flt_179be0d7,arl_841c6e99,AI-4015,apt_ebff6148,apt_c077a39a,2026-10-02T10:10:00+05:30,2026-10-02T12:26:00+05:30,136,0,B737-800,"economy,business",135.245,active,2026-08-18T10:00:00+05:30
flt_6ba0e8e9,arl_a852cdd9,VJ-5026,apt_ee6be440,apt_3810f0b5,2026-11-19T08:50:00+05:30,2026-11-19T10:34:00+05:30,104,0,,economy,66.59,active,2026-08-18T10:00:00+05:30
flt_191045aa,arl_4939343e,SG-9413,apt_9dd20d55,apt_496144db,2026-10-21T05:40:00+05:30,2026-10-21T11:16:00+05:30,336,1,B737-800,economy,298.331,active,2026-08-18T10:00:00+05:30
flt_5e9e5370,arl_1cfc4640,SQ-760,apt_eb8717c7,apt_3e80f233,2026-11-20T09:20:00+05:30,2026-11-20T15:27:00+05:30,367,0,B737-800,"economy,business",438.121,active,2026-08-18T10:00:00+05:30
flt_23291abb,arl_692cd6f4,JL-3949,apt_33c2d61a,apt_d3a5784e,2026-09-24T12:00:00+05:30,2026-09-24T22:26:00+05:30,626,1,A321,"economy,business",668.519,active,2026-08-18T10:00:00+05:30
flt_04c9fcf4,arl_a487a152,RA-7303,apt_33c2d61a,apt_d3a5784e,2026-11-18T14:30:00+05:30,2026-11-18T23:53:00+05:30,563,0,ATR-72,"economy,business",668.519,active,2026-08-18T10:00:00+05:30
flt_457c0a13,arl_56da328b,GA-1316,apt_2d4c99ed,apt_3e80f233,2026-11-12T09:20:00+05:30,2026-11-12T11:42:00+05:30,142,0,B787-8,"economy,business",154.97,active,2026-08-18T10:00:00+05:30
flt_2fcc5c54,arl_3a276287,BA-290,apt_6be6a548,apt_bfd02a38,2026-09-11T18:10:00+05:30,2026-09-11T19:05:00+05:30,55,0,A320neo,"economy,business",3.673,active,2026-08-18T10:00:00+05:30
flt_117f4283,arl_403656a7,LX-2845,apt_eb8717c7,apt_ad38af67,2026-11-20T06:50:00+05:30,2026-11-20T08:11:00+05:30,81,0,B737-800,"economy,business",35.116,active,2026-08-18T10:00:00+05:30
flt_714c0f12,arl_403656a7,LX-8116,apt_bdf57d77,apt_6ddc2fb6,2026-11-08T20:50:00+05:30,2026-11-08T23:03:00+05:30,133,0,ATR-72,"economy,business",126.534,active,2026-08-18T10:00:00+05:30
flt_d0f5b812,arl_c56d378a,TG-4726,apt_08ebf678,apt_eb8717c7,2026-11-11T09:50:00+05:30,2026-11-11T15:32:00+05:30,342,0,A320neo,"economy,business",399.017,active,2026-08-18T10:00:00+05:30
flt_92f2f234,arl_a487a152,RA-3604,apt_6ddc2fb6,apt_c1f65e85,2026-10-21T19:30:00+05:30,2026-10-21T21:29:00+05:30,119,0,A321,"economy,business",86.726,active,2026-08-18T10:00:00+05:30
flt_c13b6934,arl_077dea23,MH-9954,apt_5835fac1,apt_eb8717c7,2026-09-09T10:20:00+05:30,2026-09-09T15:25:00+05:30,305,0,ATR-72,"economy,business",343.755,active,2026-08-18T10:00:00+05:30
flt_b7f00aaa,arl_68688da8,NZ-8306,apt_757e32fe,apt_e6d0e6bf,2026-10-14T18:20:00+05:30,2026-10-14T22:57:00+05:30,277,0,A321,"economy,business",331.696,active,2026-08-18T10:00:00+05:30
flt_41b76b13,arl_a852cdd9,VJ-4833,apt_9dd20d55,apt_05897d58,2026-11-18T15:40:00+05:30,2026-11-18T20:15:00+05:30,275,0,A321,economy,312.564,active,2026-08-18T10:00:00+05:30
flt_76a518a0,arl_6317d870,UK-3295,apt_9dd20d55,apt_e6c1d884,2026-11-16T11:20:00+05:30,2026-11-16T16:27:00+05:30,307,0,ATR-72,"economy,business",338.416,active,2026-08-18T10:00:00+05:30
flt_b632adfe,arl_1cfc4640,SQ-1155,apt_bfd02a38,apt_ee6be440,2026-09-05T20:10:00+05:30,2026-09-05T23:54:00+05:30,224,0,B787-8,"economy,business",242.412,active,2026-08-18T10:00:00+05:30
flt_738b584c,arl_508d631b,UL-3834,apt_bdf57d77,apt_ceec186e,2026-11-28T11:20:00+05:30,2026-11-28T18:57:00+05:30,457,1,A320neo,"economy,business",447.654,active,2026-08-18T10:00:00+05:30
flt_fd35edc5,arl_8ac08b06,CZ-4326,apt_86c2c516,apt_5377e1f8,2026-10-20T06:30:00+05:30,2026-10-20T12:05:00+05:30,335,1,B787-8,"economy,business",308.148,active,2026-08-18T10:00:00+05:30
flt_78f63e0f,arl_2fae0fe3,KU-4976,apt_3810f0b5,apt_bdf57d77,2026-09-01T09:30:00+05:30,2026-09-01T11:28:00+05:30,118,0,B737-800,"economy,business",117.523,active,2026-08-18T10:00:00+05:30
flt_ee2910f0,arl_4939343e,SG-3061,apt_c0496aae,apt_3810f0b5,2026-10-29T06:30:00+05:30,2026-10-29T07:54:00+05:30,84,0,ATR-72,economy,58.053,active,2026-08-18T10:00:00+05:30
flt_c4fdfdb3,arl_ef62470d,IX-2003,apt_9a8714fa,apt_30500fc8,2026-10-19T13:50:00+05:30,2026-10-19T16:22:00+05:30,152,0,ATR-72,economy,136.119,active,2026-08-18T10:00:00+05:30
flt_2989f5d3,arl_c56d378a,TG-7828,apt_2d4c99ed,apt_d3a5784e,2026-10-30T07:40:00+05:30,2026-10-30T10:36:00+05:30,176,0,B787-8,"economy,business",154.997,active,2026-08-18T10:00:00+05:30
flt_c113ca81,arl_077dea23,MH-9437,apt_54ebca59,apt_757e32fe,2026-11-01T15:00:00+05:30,2026-11-01T21:15:00+05:30,375,1,B737-800,"economy,business",348.075,active,2026-08-18T10:00:00+05:30
flt_b9099153,arl_56da328b,GA-1565,apt_86c2c516,apt_6ddc2fb6,2026-11-29T14:30:00+05:30,2026-11-29T19:42:00+05:30,312,0,ATR-72,"economy,business",344.114,active,2026-08-18T10:00:00+05:30
flt_5eef6c66,arl_3a276287,BA-8532,apt_c1f65e85,apt_9a8714fa,2026-11-21T18:30:00+05:30,2026-11-21T20:03:00+05:30,93,0,A320neo,"economy,business",85.961,active,2026-08-18T10:00:00+05:30
flt_04cc4c90,arl_077dea23,MH-9797,apt_86c2c516,apt_faa26bd2,2026-09-16T11:30:00+05:30,2026-09-16T15:40:00+05:30,250,0,A320neo,"economy,business",292.398,active,2026-08-18T10:00:00+05:30
flt_2941367b,arl_508d631b,UL-2217,apt_ee6be440,apt_bdf57d77,2026-11-20T08:40:00+05:30,2026-11-20T11:13:00+05:30,153,0,ATR-72,"economy,business",126.44,active,2026-08-18T10:00:00+05:30
flt_bdab855c,arl_077dea23,MH-3034,apt_a7ea97c3,apt_86c2c516,2026-10-15T05:20:00+05:30,2026-10-15T08:39:00+05:30,199,0,ATR-72,"economy,business",203.142,active,2026-08-18T10:00:00+05:30
flt_48b13917,arl_154ebf3d,EY-5540,apt_c1f65e85,apt_ebff6148,2026-11-19T12:00:00+05:30,2026-11-19T14:57:00+05:30,177,0,A321,"economy,business",187.219,active,2026-08-18T10:00:00+05:30
flt_f6d31fc1,arl_841c6e99,AI-885,apt_c1f65e85,apt_9dd20d55,2026-09-10T21:00:00+05:30,2026-09-11T02:37:00+05:30,337,0,B737-800,"economy,business",387.945,active,2026-08-18T10:00:00+05:30
flt_09654e55,arl_c56d378a,TG-1269,apt_6ddc2fb6,apt_c077a39a,2026-11-03T15:10:00+05:30,2026-11-03T20:58:00+05:30,348,1,A320neo,"economy,business",297.006,active,2026-08-18T10:00:00+05:30
flt_8e01d6e5,arl_c56d378a,TG-4501,apt_496144db,apt_5377e1f8,2026-11-02T18:00:00+05:30,2026-11-02T20:47:00+05:30,167,0,ATR-72,"economy,business",181.361,active,2026-08-18T10:00:00+05:30
flt_4446ed44,arl_68688da8,NZ-4457,apt_5377e1f8,apt_faa26bd2,2026-10-14T13:30:00+05:30,2026-10-14T16:23:00+05:30,173,0,A321,"economy,business",179.541,active,2026-08-18T10:00:00+05:30
flt_04d29e1d,arl_75d2a12c,QF-1166,apt_a7ea97c3,apt_5835fac1,2026-09-11T07:50:00+05:30,2026-09-11T09:53:00+05:30,123,0,,"economy,business",98.754,active,2026-08-18T10:00:00+05:30
flt_4f878c3a,arl_b97400e0,QP-9877,apt_e6d0e6bf,apt_54ebca59,2026-10-09T20:20:00+05:30,2026-10-09T20:57:00+05:30,37,0,ATR-72,economy,16.948,active,2026-08-18T10:00:00+05:30
flt_6a7e9c1e,arl_cbee96ac,GF-1797,apt_30500fc8,apt_5377e1f8,2026-10-24T11:30:00+05:30,2026-10-24T12:45:00+05:30,75,0,B737-800,"economy,business",45.395,active,2026-08-18T10:00:00+05:30
flt_7e47a875,arl_a852cdd9,VJ-3255,apt_cb1113d2,apt_d3a5784e,2026-10-25T14:30:00+05:30,2026-10-25T23:38:00+05:30,548,0,,economy,665.758,active,2026-08-18T10:00:00+05:30
flt_3344408f,arl_28f00e8b,EK-9449,apt_a7ea97c3,apt_08ebf678,2026-09-23T22:40:00+05:30,2026-09-23T23:54:00+05:30,74,0,A321,"economy,business",59.222,active,2026-08-18T10:00:00+05:30
flt_67028e3f,arl_508d631b,UL-444,apt_c1f65e85,apt_05897d58,2026-11-03T22:40:00+05:30,2026-11-04T01:30:00+05:30,170,0,ATR-72,"economy,business",180.435,active,2026-08-18T10:00:00+05:30
flt_98eecf39,arl_a0bf222e,KE-1111,apt_6be6a548,apt_c0496aae,2026-11-26T20:10:00+05:30,2026-11-26T22:55:00+05:30,165,0,A321,"economy,business",142.925,active,2026-08-18T10:00:00+05:30
flt_1782f2e9,arl_ef62470d,IX-2131,apt_c0496aae,apt_d3a5784e,2026-11-22T19:40:00+05:30,2026-11-22T21:51:00+05:30,131,0,A321,economy,127.513,active,2026-08-18T10:00:00+05:30
flt_957eec7f,arl_8ac08b06,CZ-9711,apt_faa26bd2,apt_6be6a548,2026-09-24T13:50:00+05:30,2026-09-24T14:56:00+05:30,66,0,A320neo,"economy,business",46.556,active,2026-08-18T10:00:00+05:30
flt_29c0347a,arl_ef62470d,IX-6153,apt_2d4c99ed,apt_faa26bd2,2026-09-20T17:50:00+05:30,2026-09-20T20:02:00+05:30,132,0,A321,economy,101.013,active,2026-08-18T10:00:00+05:30
flt_2d2eba8f,arl_68688da8,NZ-2317,apt_757e32fe,apt_5377e1f8,2026-11-08T11:50:00+05:30,2026-11-08T17:26:00+05:30,336,1,ATR-72,"economy,business",285.717,active,2026-08-18T10:00:00+05:30
flt_5b588427,arl_a852cdd9,VJ-5865,apt_a7ea97c3,apt_9a8714fa,2026-11-18T18:00:00+05:30,2026-11-18T20:25:00+05:30,145,0,B737-800,economy,142.775,active,2026-08-18T10:00:00+05:30
flt_235f9071,arl_8ac08b06,CZ-6869,apt_c1f65e85,apt_86c2c516,2026-10-09T16:40:00+05:30,2026-10-09T23:11:00+05:30,391,1,ATR-72,"economy,business",384.635,active,2026-08-18T10:00:00+05:30
flt_04d9c5a4,arl_508d631b,UL-4632,apt_c1f65e85,apt_a7ea97c3,2026-10-28T17:30:00+05:30,2026-10-28T20:17:00+05:30,167,0,A320neo,"economy,business",184.885,active,2026-08-18T10:00:00+05:30
flt_b6507b15,arl_666b65b1,AC-393,apt_d3a5784e,apt_9a8714fa,2026-11-02T09:30:00+05:30,2026-11-02T12:13:00+05:30,163,0,A321,"economy,business",146.17,active,2026-08-18T10:00:00+05:30
flt_10669987,arl_cbee96ac,GF-7655,apt_3e80f233,apt_757e32fe,2026-11-06T21:20:00+05:30,2026-11-07T03:31:00+05:30,371,1,A321,"economy,business",339.628,active,2026-08-18T10:00:00+05:30
flt_4d97c6c4,arl_6317d870,UK-1690,apt_54ebca59,apt_c1f65e85,2026-09-29T22:20:00+05:30,2026-09-30T01:20:00+05:30,180,0,A320neo,"economy,business",193.144,active,2026-08-18T10:00:00+05:30
flt_b40246bc,arl_508d631b,UL-3280,apt_5835fac1,apt_757e32fe,2026-09-29T15:50:00+05:30,2026-09-29T20:16:00+05:30,266,0,B787-8,"economy,business",275.453,active,2026-08-18T10:00:00+05:30
flt_abc2d51f,arl_28f00e8b,EK-622,apt_5377e1f8,apt_3e80f233,2026-11-09T16:40:00+05:30,2026-11-09T19:47:00+05:30,187,0,A321,"economy,business",174.906,active,2026-08-18T10:00:00+05:30
flt_bb2d15da,arl_a487a152,RA-5782,apt_9dd20d55,apt_08ebf678,2026-10-03T15:30:00+05:30,2026-10-03T20:19:00+05:30,289,1,,"economy,business",238.436,active,2026-08-18T10:00:00+05:30
flt_b93313c6,arl_7f79d7b3,AF-4313,apt_bfd02a38,apt_757e32fe,2026-11-20T14:50:00+05:30,2026-11-20T20:47:00+05:30,357,1,A320neo,"economy,business",337.984,active,2026-08-18T10:00:00+05:30
flt_07ba2cd6,arl_dbae8242,QR-6811,apt_757e32fe,apt_3e80f233,2026-11-11T14:30:00+05:30,2026-11-11T20:29:00+05:30,359,1,B787-8,"economy,business",339.628,active,2026-08-18T10:00:00+05:30
flt_2120a05b,arl_6317d870,UK-1151,apt_a7ea97c3,apt_e6d0e6bf,2026-10-06T09:20:00+05:30,2026-10-06T10:50:00+05:30,90,0,B787-8,"economy,business",56.841,active,2026-08-18T10:00:00+05:30
flt_2139322d,arl_077dea23,MH-918,apt_ee6be440,apt_cb1113d2,2026-10-01T16:40:00+05:30,2026-10-02T00:07:00+05:30,447,0,ATR-72,"economy,business",549.05,active,2026-08-18T10:00:00+05:30
flt_b531d3ad,arl_8ac08b06,CZ-177,apt_3810f0b5,apt_2d4c99ed,2026-11-14T15:30:00+05:30,2026-11-14T18:19:00+05:30,169,0,B787-8,"economy,business",156.862,active,2026-08-18T10:00:00+05:30
flt_9c578d26,arl_841c6e99,AI-9606,apt_3e80f233,apt_6ddc2fb6,2026-10-12T12:40:00+05:30,2026-10-12T15:09:00+05:30,149,0,A320neo,"economy,business",144.417,active,2026-08-18T10:00:00+05:30
flt_35f89aca,arl_8ac08b06,CZ-5505,apt_2d4c99ed,apt_6ddc2fb6,2026-10-20T11:10:00+05:30,2026-10-20T12:48:00+05:30,98,0,,"economy,business",85.547,active,2026-08-18T10:00:00+05:30
flt_7b1019eb,arl_2fae0fe3,KU-6775,apt_98416c9d,apt_eb8717c7,2026-09-15T11:20:00+05:30,2026-09-15T17:31:00+05:30,371,0,B787-8,"economy,business",439.97,active,2026-08-18T10:00:00+05:30
flt_11a41f58,arl_68688da8,NZ-8918,apt_eb8717c7,apt_e6d0e6bf,2026-09-13T19:10:00+05:30,2026-09-14T00:53:00+05:30,343,0,A321,"economy,business",399.395,active,2026-08-18T10:00:00+05:30
flt_69c2bcc4,arl_8ac08b06,CZ-530,apt_c077a39a,apt_c1f65e85,2026-10-15T20:50:00+05:30,2026-10-16T01:08:00+05:30,258,0,B737-800,"economy,business",300.204,active,2026-08-18T10:00:00+05:30
flt_6ade0971,arl_666b65b1,AC-5550,apt_54ebca59,apt_faa26bd2,2026-11-16T08:50:00+05:30,2026-11-16T11:09:00+05:30,139,0,B787-8,"economy,business",138.526,active,2026-08-18T10:00:00+05:30
flt_44c2893d,arl_154ebf3d,EY-5165,apt_6ddc2fb6,apt_86c2c516,2026-09-01T10:20:00+05:30,2026-09-01T15:24:00+05:30,304,0,B737-800,"economy,business",344.114,active,2026-08-18T10:00:00+05:30
flt_594d7a56,arl_b97400e0,QP-4338,apt_6ddc2fb6,apt_ad38af67,2026-10-15T17:50:00+05:30,2026-10-15T22:59:00+05:30,309,0,A320neo,economy,332.555,active,2026-08-18T10:00:00+05:30
flt_eac93057,arl_7f79d7b3,AF-7218,apt_496144db,apt_9a8714fa,2026-11-14T09:00:00+05:30,2026-11-14T11:09:00+05:30,129,0,A320neo,"economy,business",117.88,active,2026-08-18T10:00:00+05:30
flt_bc92e184,arl_4939343e,SG-907,apt_05897d58,apt_eb8717c7,2026-10-29T06:50:00+05:30,2026-10-29T11:39:00+05:30,289,0,A320neo,economy,329.247,active,2026-08-18T10:00:00+05:30
flt_bbb63e00,arl_68688da8,NZ-4977,apt_6ddc2fb6,apt_757e32fe,2026-09-22T13:00:00+05:30,2026-09-22T17:41:00+05:30,281,1,A320neo,"economy,business",217.835,active,2026-08-18T10:00:00+05:30
flt_5fbd0b03,arl_3a276287,BA-5923,apt_9dd20d55,apt_bdf57d77,2026-09-16T20:00:00+05:30,2026-09-17T00:52:00+05:30,292,1,A321,"economy,business",224.47,active,2026-08-18T10:00:00+05:30
flt_ac133a63,arl_3a276287,BA-9084,apt_5835fac1,apt_ad38af67,2026-11-26T12:30:00+05:30,2026-11-26T18:00:00+05:30,330,0,A321,"economy,business",378.66,active,2026-08-18T10:00:00+05:30
flt_17e02dc9,arl_534d3a8a,LH-5906,apt_496144db,apt_c1f65e85,2026-11-17T14:40:00+05:30,2026-11-17T16:51:00+05:30,131,0,A320neo,"economy,business",99.34,active,2026-08-18T10:00:00+05:30
flt_f3d20a5b,arl_ef62470d,IX-4793,apt_6ddc2fb6,apt_6be6a548,2026-09-12T12:00:00+05:30,2026-09-12T14:39:00+05:30,159,0,A321,economy,153.267,active,2026-08-18T10:00:00+05:30
flt_5763699e,arl_7f79d7b3,AF-2806,apt_e6d0e6bf,apt_e6c1d884,2026-11-23T15:40:00+05:30,2026-11-23T17:30:00+05:30,110,0,A321,"economy,business",103.463,active,2026-08-18T10:00:00+05:30
flt_5113cc90,arl_2fae0fe3,KU-3414,apt_ad38af67,apt_e6d0e6bf,2026-10-19T21:20:00+05:30,2026-10-20T03:31:00+05:30,371,0,,"economy,business",434.153,active,2026-08-18T10:00:00+05:30
flt_900f06a6,arl_75d2a12c,QF-2298,apt_bdf57d77,apt_86c2c516,2026-09-10T15:00:00+05:30,2026-09-10T18:25:00+05:30,205,0,B737-800,"economy,business",221.763,active,2026-08-18T10:00:00+05:30
flt_3dcb3188,arl_534d3a8a,LH-239,apt_c0496aae,apt_ebff6148,2026-10-14T05:00:00+05:30,2026-10-14T10:13:00+05:30,313,1,B787-8,"economy,business",273.647,active,2026-08-18T10:00:00+05:30
flt_a84f6cbe,arl_56da328b,GA-1542,apt_496144db,apt_9a8714fa,2026-11-26T11:30:00+05:30,2026-11-26T13:34:00+05:30,124,0,ATR-72,"economy,business",117.88,active,2026-08-18T10:00:00+05:30
flt_4c383068,arl_841c6e99,AI-1694,apt_496144db,apt_d3a5784e,2026-10-27T11:30:00+05:30,2026-10-27T12:48:00+05:30,78,0,A320neo,"economy,business",60.392,active,2026-08-18T10:00:00+05:30
flt_b0ecc201,arl_692cd6f4,JL-5992,apt_faa26bd2,apt_a7ea97c3,2026-10-24T12:30:00+05:30,2026-10-24T14:19:00+05:30,109,0,B737-800,"economy,business",108.132,active,2026-08-18T10:00:00+05:30
flt_06121bf0,arl_2fae0fe3,KU-7659,apt_05897d58,apt_5377e1f8,2026-11-10T11:20:00+05:30,2026-11-10T12:02:00+05:30,42,0,B737-800,"economy,business",2.323,active,2026-08-18T10:00:00+05:30
flt_06b311c4,arl_cbee96ac,GF-7596,apt_496144db,apt_ceec186e,2026-09-12T19:40:00+05:30,2026-09-13T01:59:00+05:30,379,0,A320neo,"economy,business",429.389,active,2026-08-18T10:00:00+05:30
flt_c77a4420,arl_cbee96ac,GF-1920,apt_30500fc8,apt_c0496aae,2026-10-22T15:50:00+05:30,2026-10-22T17:47:00+05:30,117,0,B737-800,"economy,business",100.53,active,2026-08-18T10:00:00+05:30
flt_229c4353,arl_ef62470d,IX-6695,apt_d3a5784e,apt_ebff6148,2026-09-18T09:20:00+05:30,2026-09-18T14:27:00+05:30,307,0,A320neo,economy,339.961,active,2026-08-18T10:00:00+05:30
flt_cf6dc528,arl_56da328b,GA-746,apt_a7ea97c3,apt_ad38af67,2026-11-09T22:50:00+05:30,2026-11-10T05:16:00+05:30,386,0,ATR-72,"economy,business",474.257,active,2026-08-18T10:00:00+05:30
flt_23533a45,arl_7f79d7b3,AF-2283,apt_33c2d61a,apt_ebff6148,2026-09-23T21:10:00+05:30,2026-09-24T02:13:00+05:30,303,0,ATR-72,"economy,business",340.885,active,2026-08-18T10:00:00+05:30
flt_36b89638,arl_534d3a8a,LH-3959,apt_08ebf678,apt_ebff6148,2026-10-01T12:10:00+05:30,2026-10-01T18:31:00+05:30,381,1,A321,"economy,business",331.502,active,2026-08-18T10:00:00+05:30
flt_6bc35658,arl_a487a152,RA-311,apt_9dd20d55,apt_e6d0e6bf,2026-09-12T22:00:00+05:30,2026-09-13T01:32:00+05:30,212,0,B787-8,"economy,business",238.136,active,2026-08-18T10:00:00+05:30
flt_007bed10,arl_508d631b,UL-4928,apt_6be6a548,apt_faa26bd2,2026-09-12T22:50:00+05:30,2026-09-13T00:01:00+05:30,71,0,B787-8,"economy,business",46.556,active,2026-08-18T10:00:00+05:30
flt_796db201,arl_154ebf3d,EY-3518,apt_98416c9d,apt_6be6a548,2026-09-19T11:30:00+05:30,2026-09-19T13:04:00+05:30,94,0,A320neo,"economy,business",90.412,active,2026-08-18T10:00:00+05:30
flt_8c82d865,arl_c56d378a,TG-9387,apt_ad38af67,apt_5835fac1,2026-11-12T12:50:00+05:30,2026-11-12T19:30:00+05:30,400,1,B787-8,"economy,business",378.66,active,2026-08-18T10:00:00+05:30
flt_42fc59b7,arl_75d2a12c,QF-1153,apt_9a8714fa,apt_3e80f233,2026-11-02T21:40:00+05:30,2026-11-03T00:11:00+05:30,151,0,A320neo,"economy,business",143.95,active,2026-08-18T10:00:00+05:30
flt_fd56bbc4,arl_68688da8,NZ-5146,apt_eb8717c7,apt_30500fc8,2026-09-08T21:10:00+05:30,2026-09-09T03:06:00+05:30,356,1,ATR-72,"economy,business",334.391,active,2026-08-18T10:00:00+05:30
flt_1ae8d08f,arl_cbee96ac,GF-2898,apt_3810f0b5,apt_ebff6148,2026-10-12T08:00:00+05:30,2026-10-12T11:55:00+05:30,235,0,B787-8,"economy,business",251.537,active,2026-08-18T10:00:00+05:30
flt_8fb78220,arl_ef62470d,IX-7692,apt_bfd02a38,apt_c0496aae,2026-11-13T15:30:00+05:30,2026-11-13T17:46:00+05:30,136,0,A321,economy,145.902,active,2026-08-18T10:00:00+05:30
flt_47016e70,arl_cbee96ac,GF-5633,apt_a7ea97c3,apt_ee6be440,2026-09-25T21:10:00+05:30,2026-09-26T00:10:00+05:30,180,0,B737-800,"economy,business",173.146,active,2026-08-18T10:00:00+05:30
flt_51b53535,arl_a852cdd9,VJ-6421,apt_30500fc8,apt_c0496aae,2026-11-20T07:50:00+05:30,2026-11-20T09:55:00+05:30,125,0,A321,economy,100.53,active,2026-08-18T10:00:00+05:30
flt_b13a5f28,arl_2981080f,6E-2547,apt_30500fc8,apt_54ebca59,2026-11-03T17:20:00+05:30,2026-11-03T19:47:00+05:30,147,0,B787-8,economy,126.437,active,2026-08-18T10:00:00+05:30
flt_7363fcaa,arl_534d3a8a,LH-8165,apt_ebff6148,apt_54ebca59,2026-09-14T20:50:00+05:30,2026-09-15T02:07:00+05:30,317,0,A321,"economy,business",347.33,active,2026-08-18T10:00:00+05:30
flt_25adb853,arl_75d2a12c,QF-6592,apt_e6c1d884,apt_3e80f233,2026-11-14T14:20:00+05:30,2026-11-14T17:12:00+05:30,172,0,B787-8,"economy,business",181.244,active,2026-08-18T10:00:00+05:30
flt_b13848f7,arl_403656a7,LX-8091,apt_faa26bd2,apt_a7ea97c3,2026-10-17T10:30:00+05:30,2026-10-17T12:45:00+05:30,135,0,A320neo,"economy,business",108.132,active,2026-08-18T10:00:00+05:30
flt_cb3791eb,arl_2fae0fe3,KU-5141,apt_cb1113d2,apt_2d4c99ed,2026-11-29T15:20:00+05:30,2026-11-29T22:30:00+05:30,430,0,ATR-72,"economy,business",520.879,active,2026-08-18T10:00:00+05:30
flt_77f3df99,arl_666b65b1,AC-3472,apt_54ebca59,apt_c1f65e85,2026-10-16T21:10:00+05:30,2026-10-17T00:09:00+05:30,179,0,A320neo,"economy,business",193.144,active,2026-08-18T10:00:00+05:30
flt_49f23927,arl_841c6e99,AI-1710,apt_ad38af67,apt_5377e1f8,2026-10-25T16:00:00+05:30,2026-10-25T22:18:00+05:30,378,1,,"economy,business",364.93,active,2026-08-18T10:00:00+05:30
flt_c82ede7c,arl_077dea23,MH-6373,apt_cb1113d2,apt_6be6a548,2026-09-12T19:30:00+05:30,2026-09-13T04:21:00+05:30,531,0,B787-8,"economy,business",664.773,active,2026-08-18T10:00:00+05:30
flt_f4374fc0,arl_6317d870,UK-5914,apt_ee6be440,apt_5377e1f8,2026-10-27T05:50:00+05:30,2026-10-27T07:00:00+05:30,70,0,ATR-72,"economy,business",46.738,active,2026-08-18T10:00:00+05:30
flt_b04b7649,arl_7784367f,KB-639,apt_eb8717c7,apt_6ddc2fb6,2026-11-22T10:40:00+05:30,2026-11-22T15:21:00+05:30,281,0,ATR-72,"economy,business",297.44,active,2026-08-18T10:00:00+05:30
flt_92ab2ab9,arl_666b65b1,AC-7285,apt_ee6be440,apt_e6d0e6bf,2026-11-18T21:30:00+05:30,2026-11-18T23:54:00+05:30,144,0,A321,"economy,business",116.324,active,2026-08-18T10:00:00+05:30
flt_2bb99ef8,arl_403656a7,LX-3389,apt_05897d58,apt_6ddc2fb6,2026-09-19T12:20:00+05:30,2026-09-19T14:02:00+05:30,102,0,ATR-72,"economy,business",93.956,active,2026-08-18T10:00:00+05:30
flt_6ba85c51,arl_28f00e8b,EK-7417,apt_e6c1d884,apt_faa26bd2,2026-11-26T16:40:00+05:30,2026-11-26T19:18:00+05:30,158,0,A320neo,"economy,business",174.711,active,2026-08-18T10:00:00+05:30
flt_4f8fbfa7,arl_dbae8242,QR-8604,apt_ee6be440,apt_eb8717c7,2026-09-03T21:20:00+05:30,2026-09-04T02:00:00+05:30,280,0,A321,"economy,business",335.263,active,2026-08-18T10:00:00+05:30
flt_1a4555e9,arl_dbae8242,QR-9191,apt_6ddc2fb6,apt_ceec186e,2026-10-22T15:30:00+05:30,2026-10-22T20:35:00+05:30,305,0,A320neo,"economy,business",332.538,active,2026-08-18T10:00:00+05:30
flt_0206f33d,arl_7f79d7b3,AF-8062,apt_33c2d61a,apt_2d4c99ed,2026-09-11T18:10:00+05:30,2026-09-12T01:28:00+05:30,438,0,A321,"economy,business",523.511,active,2026-08-18T10:00:00+05:30
flt_e7cf948d,arl_a0bf222e,KE-5457,apt_54ebca59,apt_bfd02a38,2026-11-13T12:00:00+05:30,2026-11-13T14:05:00+05:30,125,0,B787-8,"economy,business",132.907,active,2026-08-18T10:00:00+05:30
flt_42aee41b,arl_7f79d7b3,AF-714,apt_98416c9d,apt_86c2c516,2026-10-30T09:20:00+05:30,2026-10-30T12:28:00+05:30,188,0,B737-800,"economy,business",201.97,active,2026-08-18T10:00:00+05:30
flt_58bf2caf,arl_508d631b,UL-1949,apt_bfd02a38,apt_a7ea97c3,2026-11-05T10:10:00+05:30,2026-11-05T12:09:00+05:30,119,0,A321,"economy,business",89.714,active,2026-08-18T10:00:00+05:30
flt_476b29a7,arl_508d631b,UL-6347,apt_30500fc8,apt_5835fac1,2026-10-09T21:00:00+05:30,2026-10-09T22:51:00+05:30,111,0,A321,"economy,business",100.614,active,2026-08-18T10:00:00+05:30
flt_32ab55fc,arl_75d2a12c,QF-6756,apt_5377e1f8,apt_eb8717c7,2026-10-23T17:20:00+05:30,2026-10-23T23:44:00+05:30,384,1,ATR-72,"economy,business",331.071,active,2026-08-18T10:00:00+05:30
flt_4dc1d855,arl_a487a152,RA-5625,apt_05897d58,apt_86c2c516,2026-09-26T14:30:00+05:30,2026-09-26T20:04:00+05:30,334,1,B787-8,"economy,business",310.254,active,2026-08-18T10:00:00+05:30
flt_99dc7bfc,arl_7784367f,KB-8309,apt_9a8714fa,apt_e6c1d884,2026-11-06T20:10:00+05:30,2026-11-06T21:36:00+05:30,86,0,A320neo,"economy,business",72.13,active,2026-08-18T10:00:00+05:30
flt_48fbd6ae,arl_2fae0fe3,KU-7450,apt_9a8714fa,apt_3810f0b5,2026-09-18T19:20:00+05:30,2026-09-18T20:45:00+05:30,85,0,A321,"economy,business",72.799,active,2026-08-18T10:00:00+05:30
flt_b4cd1250,arl_841c6e99,AI-2595,apt_5835fac1,apt_496144db,2026-10-26T11:40:00+05:30,2026-10-26T13:42:00+05:30,122,0,B737-800,"economy,business",125.827,active,2026-08-18T10:00:00+05:30
flt_2164b510,arl_68688da8,NZ-4414,apt_98416c9d,apt_3810f0b5,2026-09-18T10:10:00+05:30,2026-09-18T13:01:00+05:30,171,0,A321,"economy,business",154.982,active,2026-08-18T10:00:00+05:30
flt_c4f71369,arl_2a88a2c3,UA-102,apt_6ddc2fb6,apt_ad38af67,2026-09-24T22:00:00+05:30,2026-09-25T04:10:00+05:30,370,1,,"economy,business",332.555,active,2026-08-18T10:00:00+05:30
flt_047d6027,arl_a0bf222e,KE-5099,apt_faa26bd2,apt_2d4c99ed,2026-10-24T21:20:00+05:30,2026-10-24T23:13:00+05:30,113,0,,"economy,business",101.013,active,2026-08-18T10:00:00+05:30
flt_0aa436d4,arl_692cd6f4,JL-6590,apt_ee6be440,apt_757e32fe,2026-09-10T05:40:00+05:30,2026-09-10T10:16:00+05:30,276,0,B737-800,"economy,business",309.061,active,2026-08-18T10:00:00+05:30
flt_f2138bf4,arl_077dea23,MH-7804,apt_9dd20d55,apt_496144db,2026-11-12T06:40:00+05:30,2026-11-12T10:56:00+05:30,256,0,B737-800,"economy,business",298.331,active,2026-08-18T10:00:00+05:30
flt_effed7a6,arl_b97400e0,QP-2208,apt_ceec186e,apt_05897d58,2026-11-14T12:50:00+05:30,2026-11-14T18:20:00+05:30,330,0,B737-800,economy,362.64,active,2026-08-18T10:00:00+05:30
flt_03ba2306,arl_b97400e0,QP-5753,apt_a7ea97c3,apt_ebff6148,2026-11-06T16:20:00+05:30,2026-11-06T22:36:00+05:30,376,1,A320neo,economy,356.482,active,2026-08-18T10:00:00+05:30
flt_d47643da,arl_692cd6f4,JL-8819,apt_ceec186e,apt_3e80f233,2026-10-12T17:50:00+05:30,2026-10-13T00:30:00+05:30,400,0,B787-8,"economy,business",473.189,active,2026-08-18T10:00:00+05:30
flt_16facebf,arl_c56d378a,TG-2861,apt_5377e1f8,apt_e6c1d884,2026-11-08T06:00:00+05:30,2026-11-08T06:56:00+05:30,56,0,A321,"economy,business",33.222,active,2026-08-18T10:00:00+05:30
flt_6fe03a86,arl_508d631b,UL-2523,apt_2d4c99ed,apt_3810f0b5,2026-09-12T21:30:00+05:30,2026-09-13T00:22:00+05:30,172,0,B737-800,"economy,business",156.862,active,2026-08-18T10:00:00+05:30
flt_7ff2f32e,arl_841c6e99,AI-8346,apt_496144db,apt_54ebca59,2026-11-19T09:40:00+05:30,2026-11-19T12:16:00+05:30,156,0,B737-800,"economy,business",141.216,active,2026-08-18T10:00:00+05:30
flt_cafb179b,arl_ef62470d,IX-4317,apt_6be6a548,apt_ad38af67,2026-11-01T09:20:00+05:30,2026-11-01T15:56:00+05:30,396,0,A321,economy,474.573,active,2026-08-18T10:00:00+05:30
flt_ee600158,arl_cbee96ac,GF-7293,apt_c077a39a,apt_6be6a548,2026-09-28T09:30:00+05:30,2026-09-28T16:51:00+05:30,441,1,B737-800,"economy,business",439.646,active,2026-08-18T10:00:00+05:30
flt_023ae0bd,arl_a852cdd9,VJ-5312,apt_e6c1d884,apt_5835fac1,2026-11-24T05:20:00+05:30,2026-11-24T06:52:00+05:30,92,0,A320neo,economy,58.06,active,2026-08-18T10:00:00+05:30
flt_fd7b0da9,arl_841c6e99,AI-5971,apt_496144db,apt_08ebf678,2026-09-17T11:40:00+05:30,2026-09-17T14:10:00+05:30,150,0,A320neo,"economy,business",138.582,active,2026-08-18T10:00:00+05:30
flt_9fcf6e21,arl_841c6e99,AI-2997,apt_86c2c516,apt_faa26bd2,2026-10-16T10:20:00+05:30,2026-10-16T16:03:00+05:30,343,1,A320neo,"economy,business",292.398,active,2026-08-18T10:00:00+05:30
flt_d263b43f,arl_a0bf222e,KE-7381,apt_a7ea97c3,apt_6be6a548,2026-09-23T09:30:00+05:30,2026-09-23T11:22:00+05:30,112,0,A320neo,"economy,business",89.008,active,2026-08-18T10:00:00+05:30
flt_74a963d5,arl_a487a152,RA-1454,apt_98416c9d,apt_c0496aae,2026-09-06T06:50:00+05:30,2026-09-06T09:04:00+05:30,134,0,A321,"economy,business",100.164,active,2026-08-18T10:00:00+05:30
flt_8bebb4ef,arl_692cd6f4,JL-4704,apt_faa26bd2,apt_2d4c99ed,2026-09-08T13:00:00+05:30,2026-09-08T14:56:00+05:30,116,0,B787-8,"economy,business",101.013,active,2026-08-18T10:00:00+05:30
flt_972f56ca,arl_7784367f,KB-1189,apt_bdf57d77,apt_faa26bd2,2026-11-05T15:40:00+05:30,2026-11-05T18:04:00+05:30,144,0,B787-8,"economy,business",135.295,active,2026-08-18T10:00:00+05:30
flt_85d9e886,arl_2981080f,6E-445,apt_496144db,apt_ceec186e,2026-09-30T12:40:00+05:30,2026-09-30T19:44:00+05:30,424,1,A320neo,economy,429.389,active,2026-08-18T10:00:00+05:30
flt_aaaca306,arl_ef62470d,IX-8356,apt_9dd20d55,apt_ceec186e,2026-10-15T16:30:00+05:30,2026-10-16T03:01:00+05:30,631,1,B787-8,economy,671.818,active,2026-08-18T10:00:00+05:30
flt_bdbb6b05,arl_2a88a2c3,UA-3296,apt_08ebf678,apt_5377e1f8,2026-09-30T13:10:00+05:30,2026-09-30T14:48:00+05:30,98,0,B787-8,"economy,business",80.728,active,2026-08-18T10:00:00+05:30
flt_e5b8bc67,arl_c56d378a,TG-7667,apt_08ebf678,apt_c077a39a,2026-10-21T20:50:00+05:30,2026-10-22T02:31:00+05:30,341,0,B787-8,"economy,business",398.44,active,2026-08-18T10:00:00+05:30
flt_2c026f67,arl_534d3a8a,LH-9689,apt_c077a39a,apt_6ddc2fb6,2026-10-18T22:30:00+05:30,2026-10-19T02:57:00+05:30,267,0,A321,"economy,business",297.006,active,2026-08-18T10:00:00+05:30
flt_53aa67c9,arl_841c6e99,AI-4092,apt_a7ea97c3,apt_ad38af67,2026-10-01T19:20:00+05:30,2026-10-02T02:15:00+05:30,415,0,B737-800,"economy,business",474.257,active,2026-08-18T10:00:00+05:30
flt_75e3157c,arl_dbae8242,QR-3733,apt_05897d58,apt_e6d0e6bf,2026-09-13T22:50:00+05:30,2026-09-14T00:47:00+05:30,117,0,ATR-72,"economy,business",84.802,active,2026-08-18T10:00:00+05:30
flt_7d9dc6e1,arl_2981080f,6E-8827,apt_3e80f233,apt_757e32fe,2026-11-02T11:00:00+05:30,2026-11-02T16:14:00+05:30,314,0,ATR-72,economy,339.628,active,2026-08-18T10:00:00+05:30
flt_c5e8f9e7,arl_cbee96ac,GF-7393,apt_cb1113d2,apt_ebff6148,2026-11-25T15:30:00+05:30,2026-11-25T21:53:00+05:30,383,1,B787-8,"economy,business",338.407,active,2026-08-18T10:00:00+05:30
flt_7553386f,arl_c56d378a,TG-1004,apt_ee6be440,apt_2d4c99ed,2026-09-19T18:50:00+05:30,2026-09-19T22:06:00+05:30,196,0,ATR-72,"economy,business",222.354,active,2026-08-18T10:00:00+05:30
flt_8f2d49db,arl_c56d378a,TG-2389,apt_30500fc8,apt_a7ea97c3,2026-10-11T05:10:00+05:30,2026-10-11T07:47:00+05:30,157,0,B737-800,"economy,business",172.447,active,2026-08-18T10:00:00+05:30
flt_c4d96dcc,arl_cbee96ac,GF-7764,apt_6be6a548,apt_08ebf678,2026-10-14T21:00:00+05:30,2026-10-14T23:40:00+05:30,160,0,B737-800,"economy,business",134.948,active,2026-08-18T10:00:00+05:30
flt_07cdb106,arl_666b65b1,AC-4447,apt_08ebf678,apt_05897d58,2026-09-29T17:40:00+05:30,2026-09-29T19:32:00+05:30,112,0,A321,"economy,business",83.05,active,2026-08-18T10:00:00+05:30
flt_e66fab87,arl_154ebf3d,EY-4778,apt_d3a5784e,apt_bdf57d77,2026-09-24T13:30:00+05:30,2026-09-24T15:49:00+05:30,139,0,A321,"economy,business",105.995,active,2026-08-18T10:00:00+05:30
flt_a2f742d7,arl_a852cdd9,VJ-8027,apt_c077a39a,apt_ad38af67,2026-11-20T05:50:00+05:30,2026-11-20T06:44:00+05:30,54,0,A321,economy,35.569,active,2026-08-18T10:00:00+05:30
flt_ee31aaba,arl_077dea23,MH-1191,apt_ebff6148,apt_c077a39a,2026-11-24T16:10:00+05:30,2026-11-24T18:20:00+05:30,130,0,B787-8,"economy,business",135.245,active,2026-08-18T10:00:00+05:30
flt_ce5ba190,arl_cbee96ac,GF-5291,apt_bdf57d77,apt_c0496aae,2026-10-03T21:00:00+05:30,2026-10-03T22:28:00+05:30,88,0,B787-8,"economy,business",71.273,active,2026-08-18T10:00:00+05:30
flt_8763b90d,arl_3a276287,BA-6973,apt_98416c9d,apt_bfd02a38,2026-09-03T17:50:00+05:30,2026-09-03T19:25:00+05:30,95,0,A320neo,"economy,business",91.09,active,2026-08-18T10:00:00+05:30
flt_e1baeaa8,arl_75d2a12c,QF-8543,apt_496144db,apt_a7ea97c3,2026-10-22T22:20:00+05:30,2026-10-23T00:35:00+05:30,135,0,B737-800,"economy,business",110.952,active,2026-08-18T10:00:00+05:30
flt_e6c2424f,arl_508d631b,UL-1895,apt_bdf57d77,apt_e6d0e6bf,2026-09-04T13:30:00+05:30,2026-09-04T14:37:00+05:30,67,0,,"economy,business",13.775,active,2026-08-18T10:00:00+05:30
flt_75b9c5d6,arl_a0bf222e,KE-3408,apt_9a8714fa,apt_d3a5784e,2026-11-12T17:00:00+05:30,2026-11-12T19:20:00+05:30,140,0,A320neo,"economy,business",146.17,active,2026-08-18T10:00:00+05:30
flt_69a7e66e,arl_692cd6f4,JL-1963,apt_6ddc2fb6,apt_6be6a548,2026-09-09T13:30:00+05:30,2026-09-09T16:14:00+05:30,164,0,B787-8,"economy,business",153.267,active,2026-08-18T10:00:00+05:30
flt_9c13b1d1,arl_154ebf3d,EY-9942,apt_6ddc2fb6,apt_9dd20d55,2026-10-18T11:10:00+05:30,2026-10-18T16:01:00+05:30,291,0,B737-800,"economy,business",347.07,active,2026-08-18T10:00:00+05:30
flt_52496fc0,arl_4939343e,SG-3761,apt_6ddc2fb6,apt_c0496aae,2026-11-29T18:30:00+05:30,2026-11-29T19:49:00+05:30,79,0,B787-8,economy,58.725,active,2026-08-18T10:00:00+05:30
flt_1d3c38b1,arl_7784367f,KB-1186,apt_e6d0e6bf,apt_9dd20d55,2026-11-11T16:00:00+05:30,2026-11-11T19:48:00+05:30,228,0,B787-8,"economy,business",238.136,active,2026-08-18T10:00:00+05:30
flt_dc2453f6,arl_403656a7,LX-3370,apt_5377e1f8,apt_c077a39a,2026-11-02T09:00:00+05:30,2026-11-02T14:56:00+05:30,356,1,B737-800,"economy,business",330.394,active,2026-08-18T10:00:00+05:30
flt_a40691cb,arl_1cfc4640,SQ-4452,apt_bfd02a38,apt_e6d0e6bf,2026-10-12T09:30:00+05:30,2026-10-12T12:08:00+05:30,158,0,A320neo,"economy,business",133.958,active,2026-08-18T10:00:00+05:30
flt_0fc6e169,arl_2a88a2c3,UA-3336,apt_ceec186e,apt_ad38af67,2026-11-19T19:00:00+05:30,2026-11-19T19:52:00+05:30,52,0,A321,"economy,business",1.555,active,2026-08-18T10:00:00+05:30
flt_b9e4a255,arl_403656a7,LX-2158,apt_eb8717c7,apt_5835fac1,2026-11-04T20:20:00+05:30,2026-11-05T01:09:00+05:30,289,0,ATR-72,"economy,business",343.755,active,2026-08-18T10:00:00+05:30
flt_742fdfa2,arl_a0bf222e,KE-4967,apt_6be6a548,apt_e6c1d884,2026-11-27T16:30:00+05:30,2026-11-27T19:38:00+05:30,188,0,B787-8,"economy,business",198.822,active,2026-08-18T10:00:00+05:30
flt_d3b302da,arl_68688da8,NZ-9392,apt_ceec186e,apt_5835fac1,2026-10-06T18:10:00+05:30,2026-10-07T00:40:00+05:30,390,1,B737-800,"economy,business",378.47,active,2026-08-18T10:00:00+05:30
flt_9f9a42a5,arl_077dea23,MH-8819,apt_86c2c516,apt_d3a5784e,2026-10-18T09:10:00+05:30,2026-10-18T12:32:00+05:30,202,0,ATR-72,"economy,business",234.495,active,2026-08-18T10:00:00+05:30
flt_36cad0a2,arl_a487a152,RA-3504,apt_d3a5784e,apt_bfd02a38,2026-09-13T20:20:00+05:30,2026-09-13T21:26:00+05:30,66,0,ATR-72,"economy,business",25.288,active,2026-08-18T10:00:00+05:30
flt_553179cc,arl_692cd6f4,JL-8958,apt_86c2c516,apt_c077a39a,2026-09-23T13:50:00+05:30,2026-09-23T22:45:00+05:30,535,0,B737-800,"economy,business",634.205,active,2026-08-18T10:00:00+05:30
flt_e943cf3a,arl_666b65b1,AC-6359,apt_05897d58,apt_c077a39a,2026-10-11T06:50:00+05:30,2026-10-11T11:47:00+05:30,297,0,B787-8,"economy,business",328.567,active,2026-08-18T10:00:00+05:30
flt_029abf6c,arl_28f00e8b,EK-7351,apt_496144db,apt_757e32fe,2026-09-18T17:00:00+05:30,2026-09-18T21:04:00+05:30,244,0,A321,"economy,business",286.531,active,2026-08-18T10:00:00+05:30
flt_73b2e1fd,arl_154ebf3d,EY-502,apt_d3a5784e,apt_9a8714fa,2026-10-05T18:40:00+05:30,2026-10-05T21:25:00+05:30,165,0,A320neo,"economy,business",146.17,active,2026-08-18T10:00:00+05:30
flt_b35aef5d,arl_a852cdd9,VJ-2388,apt_ebff6148,apt_6ddc2fb6,2026-10-05T17:10:00+05:30,2026-10-05T20:42:00+05:30,212,0,A321,economy,217.125,active,2026-08-18T10:00:00+05:30
flt_bc2e636a,arl_cbee96ac,GF-8652,apt_d3a5784e,apt_30500fc8,2026-10-03T20:30:00+05:30,2026-10-04T00:03:00+05:30,213,0,,"economy,business",219.848,active,2026-08-18T10:00:00+05:30
flt_666393e4,arl_841c6e99,AI-6246,apt_496144db,apt_6be6a548,2026-10-16T17:30:00+05:30,2026-10-16T18:35:00+05:30,65,0,B737-800,"economy,business",48.264,active,2026-08-18T10:00:00+05:30
flt_3c3b6bdf,arl_7784367f,KB-6732,apt_757e32fe,apt_98416c9d,2026-11-01T12:20:00+05:30,2026-11-01T17:29:00+05:30,309,0,A320neo,"economy,business",358.142,active,2026-08-18T10:00:00+05:30
flt_072dac76,arl_7784367f,KB-4654,apt_6ddc2fb6,apt_a7ea97c3,2026-10-14T22:30:00+05:30,2026-10-15T00:43:00+05:30,133,0,A321,"economy,business",142.91,active,2026-08-18T10:00:00+05:30
flt_c3b7e716,arl_7784367f,KB-2851,apt_30500fc8,apt_ee6be440,2026-09-25T09:30:00+05:30,2026-09-25T10:23:00+05:30,53,0,A321,"economy,business",1.507,active,2026-08-18T10:00:00+05:30
flt_7c753f16,arl_2a88a2c3,UA-7223,apt_3810f0b5,apt_d3a5784e,2026-11-05T19:20:00+05:30,2026-11-05T22:38:00+05:30,198,0,A320neo,"economy,business",185.283,active,2026-08-18T10:00:00+05:30
flt_ed7b5e87,arl_841c6e99,AI-2995,apt_bfd02a38,apt_c0496aae,2026-10-30T06:30:00+05:30,2026-10-30T09:09:00+05:30,159,0,B787-8,"economy,business",145.902,active,2026-08-18T10:00:00+05:30
flt_d4dbaa9a,arl_2fae0fe3,KU-8966,apt_e6d0e6bf,apt_cb1113d2,2026-11-19T16:40:00+05:30,2026-11-20T01:17:00+05:30,517,0,A320neo,"economy,business",624.529,active,2026-08-18T10:00:00+05:30
flt_eda3ba21,arl_28f00e8b,EK-2873,apt_c077a39a,apt_5377e1f8,2026-10-05T16:10:00+05:30,2026-10-05T20:49:00+05:30,279,0,A320neo,"economy,business",330.394,active,2026-08-18T10:00:00+05:30
flt_8ba56e15,arl_841c6e99,AI-9257,apt_3e80f233,apt_e6c1d884,2026-11-22T07:00:00+05:30,2026-11-22T09:59:00+05:30,179,0,,"economy,business",181.244,active,2026-08-18T10:00:00+05:30
flt_41ad71bd,arl_28f00e8b,EK-9658,apt_bfd02a38,apt_86c2c516,2026-10-21T17:10:00+05:30,2026-10-21T22:25:00+05:30,315,1,B787-8,"economy,business",248.999,active,2026-08-18T10:00:00+05:30
flt_7c7d26a7,arl_c56d378a,TG-8163,apt_e6c1d884,apt_eb8717c7,2026-11-07T20:10:00+05:30,2026-11-08T00:44:00+05:30,274,0,B787-8,"economy,business",300.432,active,2026-08-18T10:00:00+05:30
flt_6de12df1,arl_dbae8242,QR-9609,apt_757e32fe,apt_e6c1d884,2026-11-12T20:10:00+05:30,2026-11-13T00:00:00+05:30,230,0,,"economy,business",252.55,active,2026-08-18T10:00:00+05:30
flt_03a9b52c,arl_7f79d7b3,AF-6759,apt_3810f0b5,apt_05897d58,2026-11-12T19:20:00+05:30,2026-11-12T20:30:00+05:30,70,0,A320neo,"economy,business",32.022,active,2026-08-18T10:00:00+05:30
flt_eacf9e7c,arl_154ebf3d,EY-1248,apt_eb8717c7,apt_5377e1f8,2026-10-21T21:00:00+05:30,2026-10-22T02:05:00+05:30,305,0,B737-800,"economy,business",331.071,active,2026-08-18T10:00:00+05:30
flt_95cfb054,arl_75d2a12c,QF-7311,apt_86c2c516,apt_757e32fe,2026-10-25T17:30:00+05:30,2026-10-26T01:03:00+05:30,453,0,,"economy,business",560.072,active,2026-08-18T10:00:00+05:30
flt_1ad85fb4,arl_841c6e99,AI-3874,apt_6ddc2fb6,apt_a7ea97c3,2026-10-25T18:20:00+05:30,2026-10-25T20:52:00+05:30,152,0,ATR-72,"economy,business",142.91,active,2026-08-18T10:00:00+05:30
flt_716fe7b3,arl_dbae8242,QR-1095,apt_30500fc8,apt_6be6a548,2026-10-10T05:40:00+05:30,2026-10-10T09:34:00+05:30,234,0,B787-8,"economy,business",238.791,active,2026-08-18T10:00:00+05:30
flt_54bea179,arl_c56d378a,TG-8260,apt_54ebca59,apt_c0496aae,2026-11-19T18:50:00+05:30,2026-11-19T20:11:00+05:30,81,0,B737-800,"economy,business",74.79,active,2026-08-18T10:00:00+05:30
flt_f0423ef0,arl_3a276287,BA-8020,apt_c1f65e85,apt_ee6be440,2026-09-20T19:40:00+05:30,2026-09-20T23:27:00+05:30,227,0,ATR-72,"economy,business",223.54,active,2026-08-18T10:00:00+05:30
flt_66481948,arl_a0bf222e,KE-2861,apt_bdf57d77,apt_3810f0b5,2026-11-16T07:40:00+05:30,2026-11-16T10:00:00+05:30,140,0,A320neo,"economy,business",117.523,active,2026-08-18T10:00:00+05:30
flt_4208fb60,arl_68688da8,NZ-9310,apt_ad38af67,apt_08ebf678,2026-11-26T08:30:00+05:30,2026-11-26T15:58:00+05:30,448,1,A321,"economy,business",433.738,active,2026-08-18T10:00:00+05:30
flt_12a08cdf,arl_2fae0fe3,KU-6851,apt_9a8714fa,apt_3e80f233,2026-10-26T20:20:00+05:30,2026-10-26T22:36:00+05:30,136,0,B787-8,"economy,business",143.95,active,2026-08-18T10:00:00+05:30
flt_49db682c,arl_1cfc4640,SQ-9945,apt_ceec186e,apt_9dd20d55,2026-09-15T17:50:00+05:30,2026-09-16T02:48:00+05:30,538,0,B787-8,"economy,business",671.818,active,2026-08-18T10:00:00+05:30
flt_489ad64c,arl_7f79d7b3,AF-2518,apt_98416c9d,apt_496144db,2026-10-28T21:10:00+05:30,2026-10-28T23:08:00+05:30,118,0,B787-8,"economy,business",112.51,active,2026-08-18T10:00:00+05:30
flt_c9f0a7eb,arl_077dea23,MH-337,apt_3e80f233,apt_ee6be440,2026-11-15T15:50:00+05:30,2026-11-15T19:07:00+05:30,197,0,ATR-72,"economy,business",216.983,active,2026-08-18T10:00:00+05:30
flt_d3cd1de1,arl_8ac08b06,CZ-7692,apt_5835fac1,apt_e6d0e6bf,2026-11-10T16:40:00+05:30,2026-11-10T18:15:00+05:30,95,0,A321,"economy,business",56.919,active,2026-08-18T10:00:00+05:30
flt_4c22564c,arl_ef62470d,IX-6324,apt_5835fac1,apt_3e80f233,2026-10-13T21:10:00+05:30,2026-10-13T23:29:00+05:30,139,0,B787-8,economy,123.5,active,2026-08-18T10:00:00+05:30
flt_eae9a4de,arl_692cd6f4,JL-553,apt_c0496aae,apt_d3a5784e,2026-10-14T09:10:00+05:30,2026-10-14T11:22:00+05:30,132,0,A321,"economy,business",127.513,active,2026-08-18T10:00:00+05:30
flt_36f2d00f,arl_dbae8242,QR-8680,apt_e6c1d884,apt_3e80f233,2026-10-31T11:50:00+05:30,2026-10-31T14:37:00+05:30,167,0,B737-800,"economy,business",181.244,active,2026-08-18T10:00:00+05:30
flt_cf49fb65,arl_b97400e0,QP-8184,apt_c077a39a,apt_3e80f233,2026-11-16T06:00:00+05:30,2026-11-16T12:03:00+05:30,363,0,A320neo,economy,437.774,active,2026-08-18T10:00:00+05:30
flt_4928cb6d,arl_7f79d7b3,AF-9247,apt_ee6be440,apt_5377e1f8,2026-09-30T10:40:00+05:30,2026-09-30T12:13:00+05:30,93,0,A320neo,"economy,business",46.738,active,2026-08-18T10:00:00+05:30
flt_917c5b8e,arl_1cfc4640,SQ-6108,apt_faa26bd2,apt_54ebca59,2026-11-25T21:10:00+05:30,2026-11-25T23:40:00+05:30,150,0,A321,"economy,business",138.526,active,2026-08-18T10:00:00+05:30
flt_e52d2ee7,arl_a0bf222e,KE-9422,apt_9dd20d55,apt_86c2c516,2026-11-22T16:20:00+05:30,2026-11-22T17:04:00+05:30,44,0,A320neo,"economy,business",3.544,active,2026-08-18T10:00:00+05:30
flt_7147c471,arl_dbae8242,QR-7977,apt_e6d0e6bf,apt_6ddc2fb6,2026-11-08T19:50:00+05:30,2026-11-08T22:06:00+05:30,136,0,A321,"economy,business",114.214,active,2026-08-18T10:00:00+05:30
flt_82350932,arl_077dea23,MH-7551,apt_33c2d61a,apt_9dd20d55,2026-11-28T18:00:00+05:30,2026-11-29T05:32:00+05:30,692,0,A320neo,"economy,business",864.664,active,2026-08-18T10:00:00+05:30
flt_a110b240,arl_cbee96ac,GF-7500,apt_3810f0b5,apt_6ddc2fb6,2026-10-29T13:10:00+05:30,2026-10-29T14:57:00+05:30,107,0,A321,"economy,business",71.984,active,2026-08-18T10:00:00+05:30
flt_5fb44528,arl_508d631b,UL-1131,apt_e6d0e6bf,apt_faa26bd2,2026-10-12T17:20:00+05:30,2026-10-12T19:25:00+05:30,125,0,A321,"economy,business",133.308,active,2026-08-18T10:00:00+05:30
flt_e616b70a,arl_4939343e,SG-2514,apt_ee6be440,apt_08ebf678,2026-10-04T19:00:00+05:30,2026-10-04T21:03:00+05:30,123,0,A320neo,economy,113.926,active,2026-08-18T10:00:00+05:30
flt_cc9f897a,arl_a852cdd9,VJ-7689,apt_5835fac1,apt_3810f0b5,2026-09-01T22:10:00+05:30,2026-09-01T23:41:00+05:30,91,0,A321,economy,58.746,active,2026-08-18T10:00:00+05:30
flt_df986ef1,arl_75d2a12c,QF-1449,apt_bdf57d77,apt_05897d58,2026-11-12T11:20:00+05:30,2026-11-12T13:04:00+05:30,104,0,B787-8,"economy,business",97.369,active,2026-08-18T10:00:00+05:30
flt_2796c5f3,arl_2a88a2c3,UA-3501,apt_5377e1f8,apt_757e32fe,2026-09-04T21:50:00+05:30,2026-09-05T03:35:00+05:30,345,1,A320neo,"economy,business",285.717,active,2026-08-18T10:00:00+05:30
flt_3295d4f2,arl_2981080f,6E-202,apt_d3a5784e,apt_05897d58,2026-10-18T15:50:00+05:30,2026-10-18T18:42:00+05:30,172,0,A320neo,economy,180.707,active,2026-08-18T10:00:00+05:30
flt_8edeb50b,arl_68688da8,NZ-2301,apt_2d4c99ed,apt_c077a39a,2026-11-12T07:20:00+05:30,2026-11-12T11:52:00+05:30,272,0,B787-8,"economy,business",299.644,active,2026-08-18T10:00:00+05:30
flt_86683891,arl_a0bf222e,KE-5744,apt_d3a5784e,apt_3e80f233,2026-11-23T22:30:00+05:30,2026-11-23T23:09:00+05:30,39,0,ATR-72,"economy,business",4.053,active,2026-08-18T10:00:00+05:30
flt_32ad32b0,arl_b97400e0,QP-1029,apt_6be6a548,apt_ee6be440,2026-09-12T20:50:00+05:30,2026-09-13T00:21:00+05:30,211,0,B737-800,economy,239.849,active,2026-08-18T10:00:00+05:30
flt_07f8ae91,arl_1cfc4640,SQ-5450,apt_9dd20d55,apt_98416c9d,2026-09-13T15:10:00+05:30,2026-09-13T18:10:00+05:30,180,0,A321,"economy,business",205.085,active,2026-08-18T10:00:00+05:30
flt_857bf417,arl_7784367f,KB-1263,apt_d3a5784e,apt_5835fac1,2026-10-19T14:30:00+05:30,2026-10-19T16:35:00+05:30,125,0,B787-8,"economy,business",126.922,active,2026-08-18T10:00:00+05:30
flt_f2f9ec66,arl_1cfc4640,SQ-5253,apt_ebff6148,apt_c0496aae,2026-11-01T17:00:00+05:30,2026-11-01T21:06:00+05:30,246,0,A320neo,"economy,business",273.647,active,2026-08-18T10:00:00+05:30
flt_87debf48,arl_cbee96ac,GF-4550,apt_ee6be440,apt_faa26bd2,2026-10-19T17:30:00+05:30,2026-10-19T20:57:00+05:30,207,0,A321,"economy,business",225.763,active,2026-08-18T10:00:00+05:30
flt_f6da38a9,arl_28f00e8b,EK-4500,apt_c1f65e85,apt_bfd02a38,2026-09-06T05:40:00+05:30,2026-09-06T08:31:00+05:30,171,0,A321,"economy,business",150.902,active,2026-08-18T10:00:00+05:30
flt_5f4721e0,arl_508d631b,UL-4004,apt_86c2c516,apt_33c2d61a,2026-09-14T06:40:00+05:30,2026-09-14T19:15:00+05:30,755,1,ATR-72,"economy,business",862.157,active,2026-08-18T10:00:00+05:30
flt_2fe272b4,arl_c56d378a,TG-1235,apt_bfd02a38,apt_cb1113d2,2026-09-15T19:40:00+05:30,2026-09-16T04:42:00+05:30,542,0,A320neo,"economy,business",668.41,active,2026-08-18T10:00:00+05:30
flt_cafb5701,arl_3a276287,BA-5751,apt_5377e1f8,apt_a7ea97c3,2026-11-08T19:50:00+05:30,2026-11-08T22:27:00+05:30,157,0,A321,"economy,business",137.799,active,2026-08-18T10:00:00+05:30
flt_d515fa11,arl_2fae0fe3,KU-8167,apt_ceec186e,apt_6ddc2fb6,2026-10-10T15:40:00+05:30,2026-10-10T20:25:00+05:30,285,0,A320neo,"economy,business",332.538,active,2026-08-18T10:00:00+05:30
flt_e9a14e1f,arl_ef62470d,IX-8273,apt_faa26bd2,apt_d3a5784e,2026-09-29T22:40:00+05:30,2026-09-29T23:54:00+05:30,74,0,A321,economy,57.929,active,2026-08-18T10:00:00+05:30
flt_328e4440,arl_154ebf3d,EY-7429,apt_2d4c99ed,apt_98416c9d,2026-09-29T10:50:00+05:30,2026-09-29T13:39:00+05:30,169,0,B787-8,"economy,business",185.778,active,2026-08-18T10:00:00+05:30
flt_f65c8abe,arl_cbee96ac,GF-4548,apt_9dd20d55,apt_30500fc8,2026-10-15T12:00:00+05:30,2026-10-15T16:37:00+05:30,277,0,ATR-72,"economy,business",322.793,active,2026-08-18T10:00:00+05:30
flt_437f4de9,arl_2981080f,6E-6394,apt_ad38af67,apt_6ddc2fb6,2026-09-26T14:30:00+05:30,2026-09-26T19:28:00+05:30,298,0,B737-800,economy,332.555,active,2026-08-18T10:00:00+05:30
flt_e54667e7,arl_534d3a8a,LH-4635,apt_c0496aae,apt_496144db,2026-09-28T09:30:00+05:30,2026-09-28T11:54:00+05:30,144,0,B737-800,"economy,business",125.96,active,2026-08-18T10:00:00+05:30
flt_a1c42cb2,arl_28f00e8b,EK-5532,apt_c0496aae,apt_496144db,2026-10-30T09:00:00+05:30,2026-10-30T11:28:00+05:30,148,0,B787-8,"economy,business",125.96,active,2026-08-18T10:00:00+05:30
flt_87945198,arl_68688da8,NZ-8764,apt_9dd20d55,apt_ad38af67,2026-11-08T06:40:00+05:30,2026-11-08T15:34:00+05:30,534,0,A320neo,"economy,business",672.09,active,2026-08-18T10:00:00+05:30
flt_ff856e71,arl_6317d870,UK-5396,apt_e6d0e6bf,apt_757e32fe,2026-09-29T09:40:00+05:30,2026-09-29T15:59:00+05:30,379,1,A320neo,"economy,business",331.696,active,2026-08-18T10:00:00+05:30
flt_f4c8051b,arl_534d3a8a,LH-2663,apt_e6d0e6bf,apt_ee6be440,2026-09-04T11:10:00+05:30,2026-09-04T13:02:00+05:30,112,0,ATR-72,"economy,business",116.324,active,2026-08-18T10:00:00+05:30
flt_ceb8ed6c,arl_841c6e99,AI-6173,apt_98416c9d,apt_6be6a548,2026-11-03T22:30:00+05:30,2026-11-04T00:27:00+05:30,117,0,B737-800,"economy,business",90.412,active,2026-08-18T10:00:00+05:30
flt_32708757,arl_666b65b1,AC-2599,apt_ebff6148,apt_5377e1f8,2026-10-02T09:20:00+05:30,2026-10-02T13:47:00+05:30,267,0,ATR-72,"economy,business",284.614,active,2026-08-18T10:00:00+05:30
flt_abbb7ee7,arl_077dea23,MH-2945,apt_05897d58,apt_08ebf678,2026-09-19T11:10:00+05:30,2026-09-19T12:37:00+05:30,87,0,,"economy,business",83.05,active,2026-08-18T10:00:00+05:30
flt_49ae7c5b,arl_692cd6f4,JL-5595,apt_e6d0e6bf,apt_5377e1f8,2026-11-19T18:30:00+05:30,2026-11-19T20:21:00+05:30,111,0,A321,"economy,business",82.479,active,2026-08-18T10:00:00+05:30
flt_c7e060ae,arl_077dea23,MH-7397,apt_6be6a548,apt_54ebca59,2026-10-08T12:50:00+05:30,2026-10-08T15:19:00+05:30,149,0,A321,"economy,business",131.472,active,2026-08-18T10:00:00+05:30
flt_1f069ea5,arl_4939343e,SG-2308,apt_9a8714fa,apt_ceec186e,2026-09-08T21:40:00+05:30,2026-09-09T04:02:00+05:30,382,1,B787-8,economy,332.804,active,2026-08-18T10:00:00+05:30
flt_6a42c65b,arl_75d2a12c,QF-6734,apt_08ebf678,apt_5835fac1,2026-09-16T08:00:00+05:30,2026-09-16T09:21:00+05:30,81,0,,"economy,business",57.166,active,2026-08-18T10:00:00+05:30
flt_4ae67252,arl_a852cdd9,VJ-7985,apt_6ddc2fb6,apt_5835fac1,2026-09-06T18:00:00+05:30,2026-09-06T19:17:00+05:30,77,0,B787-8,economy,59.63,active,2026-08-18T10:00:00+05:30
flt_4979fc36,arl_28f00e8b,EK-865,apt_30500fc8,apt_eb8717c7,2026-11-04T19:50:00+05:30,2026-11-05T02:02:00+05:30,372,1,ATR-72,"economy,business",334.391,active,2026-08-18T10:00:00+05:30
flt_2c644113,arl_3a276287,BA-405,apt_05897d58,apt_86c2c516,2026-11-18T10:30:00+05:30,2026-11-18T16:12:00+05:30,342,1,B787-8,"economy,business",310.254,active,2026-08-18T10:00:00+05:30
flt_78e86a0c,arl_c56d378a,TG-3024,apt_496144db,apt_30500fc8,2026-10-20T22:20:00+05:30,2026-10-21T02:08:00+05:30,228,0,A320neo,"economy,business",226.401,active,2026-08-18T10:00:00+05:30
flt_68c72680,arl_28f00e8b,EK-5133,apt_e6c1d884,apt_bfd02a38,2026-09-04T09:00:00+05:30,2026-09-04T12:26:00+05:30,206,0,A320neo,"economy,business",201.951,active,2026-08-18T10:00:00+05:30
flt_0edf4ab6,arl_7784367f,KB-4724,apt_e6d0e6bf,apt_c1f65e85,2026-09-02T15:20:00+05:30,2026-09-02T18:06:00+05:30,166,0,A320neo,"economy,business",180.169,active,2026-08-18T10:00:00+05:30
flt_60974667,arl_403656a7,LX-3827,apt_ad38af67,apt_496144db,2026-11-13T08:00:00+05:30,2026-11-13T14:07:00+05:30,367,0,B737-800,"economy,business",429.111,active,2026-08-18T10:00:00+05:30
flt_3584c06e,arl_c56d378a,TG-397,apt_3810f0b5,apt_faa26bd2,2026-11-17T10:50:00+05:30,2026-11-17T13:38:00+05:30,168,0,B737-800,"economy,business",175.469,active,2026-08-18T10:00:00+05:30
flt_c53144a7,arl_692cd6f4,JL-1719,apt_05897d58,apt_5377e1f8,2026-10-24T19:00:00+05:30,2026-10-24T19:36:00+05:30,36,0,B787-8,"economy,business",2.323,active,2026-08-18T10:00:00+05:30
flt_32d492e8,arl_534d3a8a,LH-2604,apt_3810f0b5,apt_2d4c99ed,2026-10-22T21:40:00+05:30,2026-10-23T00:14:00+05:30,154,0,B737-800,"economy,business",156.862,active,2026-08-18T10:00:00+05:30
flt_c6b056e9,arl_8ac08b06,CZ-4216,apt_e6c1d884,apt_33c2d61a,2026-10-01T12:00:00+05:30,2026-10-01T20:40:00+05:30,520,1,A320neo,"economy,business",526.282,active,2026-08-18T10:00:00+05:30
flt_550ce8f0,arl_534d3a8a,LH-3845,apt_ceec186e,apt_c1f65e85,2026-09-17T14:00:00+05:30,2026-09-17T18:40:00+05:30,280,0,B737-800,"economy,business",334.393,active,2026-08-18T10:00:00+05:30
flt_0bd082ce,arl_4939343e,SG-4871,apt_c077a39a,apt_bfd02a38,2026-11-20T15:00:00+05:30,2026-11-20T22:19:00+05:30,439,1,A321,economy,443.309,active,2026-08-18T10:00:00+05:30
flt_9d8c11ff,arl_c56d378a,TG-8101,apt_e6c1d884,apt_5835fac1,2026-09-18T20:50:00+05:30,2026-09-18T21:59:00+05:30,69,0,B787-8,"economy,business",58.06,active,2026-08-18T10:00:00+05:30
flt_85cc6bcb,arl_2fae0fe3,KU-8232,apt_bfd02a38,apt_e6c1d884,2026-09-19T07:40:00+05:30,2026-09-19T10:57:00+05:30,197,0,B737-800,"economy,business",201.951,active,2026-08-18T10:00:00+05:30
flt_9ac44fbd,arl_1cfc4640,SQ-7839,apt_c077a39a,apt_496144db,2026-10-06T13:30:00+05:30,2026-10-06T20:28:00+05:30,418,1,A321,"economy,business",394.488,active,2026-08-18T10:00:00+05:30
flt_94413c70,arl_4939343e,SG-8823,apt_3e80f233,apt_6ddc2fb6,2026-10-14T12:30:00+05:30,2026-10-14T15:05:00+05:30,155,0,A320neo,economy,144.417,active,2026-08-18T10:00:00+05:30
flt_bede830e,arl_534d3a8a,LH-9850,apt_c0496aae,apt_33c2d61a,2026-11-09T19:20:00+05:30,2026-11-10T03:22:00+05:30,482,0,B737-800,"economy,business",571.563,active,2026-08-18T10:00:00+05:30
flt_4407263d,arl_1cfc4640,SQ-3563,apt_d3a5784e,apt_c0496aae,2026-10-24T17:00:00+05:30,2026-10-24T19:08:00+05:30,128,0,A321,"economy,business",127.513,active,2026-08-18T10:00:00+05:30
flt_3b65ec93,arl_b97400e0,QP-4734,apt_ad38af67,apt_496144db,2026-10-05T19:20:00+05:30,2026-10-06T02:50:00+05:30,450,1,A321,economy,429.111,active,2026-08-18T10:00:00+05:30
flt_d9ed2ecb,arl_2a88a2c3,UA-7576,apt_98416c9d,apt_c1f65e85,2026-09-18T17:50:00+05:30,2026-09-18T20:45:00+05:30,175,0,B787-8,"economy,business",186.286,active,2026-08-18T10:00:00+05:30
flt_aedea6a0,arl_508d631b,UL-1531,apt_5377e1f8,apt_ceec186e,2026-10-23T08:40:00+05:30,2026-10-23T14:11:00+05:30,331,0,ATR-72,"economy,business",364.51,active,2026-08-18T10:00:00+05:30
flt_8b6900ce,arl_2fae0fe3,KU-7160,apt_e6c1d884,apt_9dd20d55,2026-11-27T12:20:00+05:30,2026-11-27T17:24:00+05:30,304,0,A320neo,"economy,business",338.416,active,2026-08-18T10:00:00+05:30
flt_7782ef8b,arl_403656a7,LX-3966,apt_cb1113d2,apt_08ebf678,2026-11-17T05:10:00+05:30,2026-11-17T13:54:00+05:30,524,0,B787-8,"economy,business",623.971,active,2026-08-18T10:00:00+05:30
flt_44b3c02c,arl_68688da8,NZ-8095,apt_496144db,apt_33c2d61a,2026-11-29T18:00:00+05:30,2026-11-30T03:53:00+05:30,593,1,ATR-72,"economy,business",621.142,active,2026-08-18T10:00:00+05:30
flt_66bde479,arl_7f79d7b3,AF-5850,apt_08ebf678,apt_eb8717c7,2026-10-22T13:30:00+05:30,2026-10-22T19:08:00+05:30,338,0,B737-800,"economy,business",399.017,active,2026-08-18T10:00:00+05:30
flt_8493426e,arl_a487a152,RA-7368,apt_2d4c99ed,apt_757e32fe,2026-11-27T14:40:00+05:30,2026-11-27T17:29:00+05:30,169,0,B787-8,"economy,business",187.061,active,2026-08-18T10:00:00+05:30
flt_bb260350,arl_a0bf222e,KE-6774,apt_30500fc8,apt_9dd20d55,2026-10-26T14:20:00+05:30,2026-10-26T20:25:00+05:30,365,1,ATR-72,"economy,business",322.793,active,2026-08-18T10:00:00+05:30
flt_839eebc4,arl_dbae8242,QR-5645,apt_c077a39a,apt_ceec186e,2026-10-16T16:50:00+05:30,2026-10-16T17:55:00+05:30,65,0,A321,"economy,business",35.534,active,2026-08-18T10:00:00+05:30
flt_0ee593ee,arl_a852cdd9,VJ-4570,apt_cb1113d2,apt_5377e1f8,2026-11-10T08:30:00+05:30,2026-11-10T17:08:00+05:30,518,1,A320neo,economy,552.225,active,2026-08-18T10:00:00+05:30
flt_65e22952,arl_2981080f,6E-6024,apt_54ebca59,apt_bfd02a38,2026-09-25T15:20:00+05:30,2026-09-25T17:51:00+05:30,151,0,ATR-72,economy,132.907,active,2026-08-18T10:00:00+05:30
flt_2fea7ede,arl_8ac08b06,CZ-7633,apt_c0496aae,apt_5377e1f8,2026-10-19T15:30:00+05:30,2026-10-19T16:58:00+05:30,88,0,ATR-72,"economy,business",55.403,active,2026-08-18T10:00:00+05:30
flt_6155f3fa,arl_692cd6f4,JL-8012,apt_5377e1f8,apt_a7ea97c3,2026-09-29T21:30:00+05:30,2026-09-29T23:45:00+05:30,135,0,A320neo,"economy,business",137.799,active,2026-08-18T10:00:00+05:30
flt_30c67194,arl_cbee96ac,GF-4491,apt_c077a39a,apt_3810f0b5,2026-10-27T05:40:00+05:30,2026-10-27T11:29:00+05:30,349,1,B787-8,"economy,business",299.533,active,2026-08-18T10:00:00+05:30
flt_82c23088,arl_2981080f,6E-9393,apt_757e32fe,apt_3e80f233,2026-11-29T05:30:00+05:30,2026-11-29T11:46:00+05:30,376,1,B737-800,economy,339.628,active,2026-08-18T10:00:00+05:30
flt_e75a6183,arl_b97400e0,QP-3138,apt_6be6a548,apt_eb8717c7,2026-11-07T05:50:00+05:30,2026-11-07T12:10:00+05:30,380,0,A321,economy,439.927,active,2026-08-18T10:00:00+05:30
flt_c58bd025,arl_6317d870,UK-9262,apt_5835fac1,apt_6ddc2fb6,2026-10-10T06:20:00+05:30,2026-10-10T07:52:00+05:30,92,0,A320neo,"economy,business",59.63,active,2026-08-18T10:00:00+05:30
flt_c7938d28,arl_534d3a8a,LH-9468,apt_3810f0b5,apt_faa26bd2,2026-09-13T21:00:00+05:30,2026-09-14T00:05:00+05:30,185,0,A321,"economy,business",175.469,active,2026-08-18T10:00:00+05:30
flt_ddecb9f2,arl_75d2a12c,QF-319,apt_a7ea97c3,apt_30500fc8,2026-11-12T10:30:00+05:30,2026-11-12T13:11:00+05:30,161,0,,"economy,business",172.447,active,2026-08-18T10:00:00+05:30
flt_c73025ad,arl_3a276287,BA-2007,apt_9a8714fa,apt_98416c9d,2026-10-24T16:20:00+05:30,2026-10-24T18:47:00+05:30,147,0,B787-8,"economy,business",143.719,active,2026-08-18T10:00:00+05:30
flt_a047d7df,arl_403656a7,LX-266,apt_5835fac1,apt_e6d0e6bf,2026-11-18T20:30:00+05:30,2026-11-18T22:07:00+05:30,97,0,ATR-72,"economy,business",56.919,active,2026-08-18T10:00:00+05:30
flt_9a437bd1,arl_7f79d7b3,AF-9031,apt_3e80f233,apt_cb1113d2,2026-09-22T20:30:00+05:30,2026-09-23T05:51:00+05:30,561,0,B787-8,"economy,business",664.378,active,2026-08-18T10:00:00+05:30
flt_a2691859,arl_8ac08b06,CZ-888,apt_ebff6148,apt_54ebca59,2026-09-01T06:00:00+05:30,2026-09-01T12:29:00+05:30,389,1,B737-800,"economy,business",347.33,active,2026-08-18T10:00:00+05:30
flt_deb12c8f,arl_8ac08b06,CZ-7161,apt_08ebf678,apt_ee6be440,2026-11-19T06:00:00+05:30,2026-11-19T08:15:00+05:30,135,0,A321,"economy,business",113.926,active,2026-08-18T10:00:00+05:30
flt_189761fa,arl_154ebf3d,EY-7724,apt_2d4c99ed,apt_6ddc2fb6,2026-10-31T11:20:00+05:30,2026-10-31T13:03:00+05:30,103,0,B737-800,"economy,business",85.547,active,2026-08-18T10:00:00+05:30
flt_d563ab41,arl_68688da8,NZ-667,apt_bfd02a38,apt_98416c9d,2026-09-07T10:40:00+05:30,2026-09-07T12:39:00+05:30,119,0,A320neo,"economy,business",91.09,active,2026-08-18T10:00:00+05:30
flt_cae03491,arl_cbee96ac,GF-8089,apt_5377e1f8,apt_5835fac1,2026-09-26T16:20:00+05:30,2026-09-26T17:41:00+05:30,81,0,A320neo,"economy,business",55.559,active,2026-08-18T10:00:00+05:30
flt_d43e5e1c,arl_692cd6f4,JL-8914,apt_c0496aae,apt_faa26bd2,2026-09-11T14:40:00+05:30,2026-09-11T16:55:00+05:30,135,0,B787-8,"economy,business",124.139,active,2026-08-18T10:00:00+05:30
flt_abda71d0,arl_56da328b,GA-642,apt_eb8717c7,apt_bdf57d77,2026-09-13T07:10:00+05:30,2026-09-13T14:23:00+05:30,433,1,A320neo,"economy,business",413.121,active,2026-08-18T10:00:00+05:30
flt_cb6c60ab,arl_841c6e99,AI-8071,apt_08ebf678,apt_c077a39a,2026-09-21T16:20:00+05:30,2026-09-21T23:08:00+05:30,408,1,B737-800,"economy,business",398.44,active,2026-08-18T10:00:00+05:30
flt_d5213718,arl_841c6e99,AI-5440,apt_6be6a548,apt_cb1113d2,2026-09-09T17:00:00+05:30,2026-09-10T03:30:00+05:30,630,1,B737-800,"economy,business",664.773,active,2026-08-18T10:00:00+05:30
flt_9b58cff5,arl_4939343e,SG-4482,apt_86c2c516,apt_2d4c99ed,2026-10-30T21:40:00+05:30,2026-10-31T03:19:00+05:30,339,0,A321,economy,384.293,active,2026-08-18T10:00:00+05:30
flt_222bd30e,arl_68688da8,NZ-2489,apt_3810f0b5,apt_ad38af67,2026-10-29T18:00:00+05:30,2026-10-29T23:11:00+05:30,311,0,B787-8,"economy,business",334.375,active,2026-08-18T10:00:00+05:30
flt_88fad860,arl_28f00e8b,EK-5724,apt_e6d0e6bf,apt_c1f65e85,2026-10-15T09:30:00+05:30,2026-10-15T12:34:00+05:30,184,0,B787-8,"economy,business",180.169,active,2026-08-18T10:00:00+05:30
flt_8d99b1b2,arl_6317d870,UK-1175,apt_e6d0e6bf,apt_3e80f233,2026-11-28T07:40:00+05:30,2026-11-28T09:43:00+05:30,123,0,B787-8,"economy,business",105.882,active,2026-08-18T10:00:00+05:30
flt_56817dee,arl_c56d378a,TG-9825,apt_ceec186e,apt_ee6be440,2026-11-04T10:10:00+05:30,2026-11-04T15:37:00+05:30,327,0,B787-8,"economy,business",366.895,active,2026-08-18T10:00:00+05:30
flt_b1714ce6,arl_a852cdd9,VJ-2443,apt_a7ea97c3,apt_08ebf678,2026-11-27T22:50:00+05:30,2026-11-28T00:18:00+05:30,88,0,ATR-72,economy,59.222,active,2026-08-18T10:00:00+05:30
flt_58ea562a,arl_666b65b1,AC-8527,apt_98416c9d,apt_ebff6148,2026-10-22T19:00:00+05:30,2026-10-23T01:22:00+05:30,382,1,,"economy,business",357.62,active,2026-08-18T10:00:00+05:30
flt_e82c4ea5,arl_b97400e0,QP-8639,apt_98416c9d,apt_05897d58,2026-11-09T13:00:00+05:30,2026-11-09T15:18:00+05:30,138,0,A320neo,economy,140.054,active,2026-08-18T10:00:00+05:30
flt_cc53411b,arl_28f00e8b,EK-368,apt_ebff6148,apt_33c2d61a,2026-10-10T09:30:00+05:30,2026-10-10T15:49:00+05:30,379,1,B737-800,"economy,business",340.885,active,2026-08-18T10:00:00+05:30
flt_08671f04,arl_68688da8,NZ-6688,apt_faa26bd2,apt_cb1113d2,2026-11-22T13:10:00+05:30,2026-11-22T21:35:00+05:30,505,0,B737-800,"economy,business",619.512,active,2026-08-18T10:00:00+05:30
flt_298dc017,arl_68688da8,NZ-945,apt_a7ea97c3,apt_86c2c516,2026-09-13T15:10:00+05:30,2026-09-13T18:08:00+05:30,178,0,ATR-72,"economy,business",203.142,active,2026-08-18T10:00:00+05:30
flt_f4960048,arl_2981080f,6E-6573,apt_6be6a548,apt_08ebf678,2026-10-10T14:50:00+05:30,2026-10-10T17:23:00+05:30,153,0,A321,economy,134.948,active,2026-08-18T10:00:00+05:30
flt_9181359e,arl_c56d378a,TG-895,apt_33c2d61a,apt_08ebf678,2026-10-08T17:00:00+05:30,2026-10-09T03:02:00+05:30,602,1,B737-800,"economy,business",626.887,active,2026-08-18T10:00:00+05:30
flt_c185347f,arl_a0bf222e,KE-8784,apt_5835fac1,apt_3810f0b5,2026-09-22T07:30:00+05:30,2026-09-22T08:55:00+05:30,85,0,B787-8,"economy,business",58.746,active,2026-08-18T10:00:00+05:30
flt_9bf89f2b,arl_a0bf222e,KE-2388,apt_cb1113d2,apt_86c2c516,2026-10-27T08:10:00+05:30,2026-10-27T20:56:00+05:30,766,1,A320neo,"economy,business",859.227,active,2026-08-18T10:00:00+05:30
flt_101b8b49,arl_8ac08b06,CZ-9521,apt_33c2d61a,apt_e6c1d884,2026-11-11T22:50:00+05:30,2026-11-12T06:13:00+05:30,443,0,ATR-72,"economy,business",526.282,active,2026-08-18T10:00:00+05:30
flt_fc085835,arl_692cd6f4,JL-3979,apt_9a8714fa,apt_e6c1d884,2026-09-03T15:20:00+05:30,2026-09-03T16:53:00+05:30,93,0,B787-8,"economy,business",72.13,active,2026-08-18T10:00:00+05:30
flt_b7027c34,arl_841c6e99,AI-3550,apt_9dd20d55,apt_e6d0e6bf,2026-11-11T11:50:00+05:30,2026-11-11T15:47:00+05:30,237,0,A321,"economy,business",238.136,active,2026-08-18T10:00:00+05:30
flt_97052620,arl_68688da8,NZ-385,apt_bdf57d77,apt_08ebf678,2026-11-14T21:30:00+05:30,2026-11-14T22:35:00+05:30,65,0,B737-800,"economy,business",14.668,active,2026-08-18T10:00:00+05:30
flt_4f197fb2,arl_154ebf3d,EY-3666,apt_5835fac1,apt_496144db,2026-11-18T08:00:00+05:30,2026-11-18T10:24:00+05:30,144,0,B787-8,"economy,business",125.827,active,2026-08-18T10:00:00+05:30
flt_ea17ec76,arl_cbee96ac,GF-6027,apt_2d4c99ed,apt_a7ea97c3,2026-10-18T09:10:00+05:30,2026-10-18T12:17:00+05:30,187,0,A321,"economy,business",184.381,active,2026-08-18T10:00:00+05:30
flt_73aa792b,arl_7f79d7b3,AF-2314,apt_ceec186e,apt_c077a39a,2026-11-02T12:00:00+05:30,2026-11-02T13:08:00+05:30,68,0,B787-8,"economy,business",35.534,active,2026-08-18T10:00:00+05:30
flt_9701424d,arl_4939343e,SG-3469,apt_ceec186e,apt_e6d0e6bf,2026-10-13T17:30:00+05:30,2026-10-13T23:50:00+05:30,380,0,A320neo,economy,433.912,active,2026-08-18T10:00:00+05:30
flt_b20cb2d1,arl_841c6e99,AI-1638,apt_5835fac1,apt_757e32fe,2026-11-02T15:40:00+05:30,2026-11-02T19:59:00+05:30,259,0,B787-8,"economy,business",275.453,active,2026-08-18T10:00:00+05:30
flt_7ea0142c,arl_7f79d7b3,AF-4996,apt_86c2c516,apt_ee6be440,2026-09-03T16:00:00+05:30,2026-09-03T20:39:00+05:30,279,0,A321,"economy,business",320.687,active,2026-08-18T10:00:00+05:30
flt_02be09a6,arl_ef62470d,IX-4785,apt_05897d58,apt_ceec186e,2026-09-04T20:00:00+05:30,2026-09-05T01:10:00+05:30,310,0,A321,economy,362.64,active,2026-08-18T10:00:00+05:30
flt_8c7c4ea7,arl_a487a152,RA-279,apt_5377e1f8,apt_c1f65e85,2026-10-24T21:30:00+05:30,2026-10-25T00:30:00+05:30,180,0,B737-800,"economy,business",179.884,active,2026-08-18T10:00:00+05:30
flt_89e1ec8c,arl_4939343e,SG-2915,apt_d3a5784e,apt_6ddc2fb6,2026-11-16T11:00:00+05:30,2026-11-16T13:39:00+05:30,159,0,A321,economy,146.653,active,2026-08-18T10:00:00+05:30
flt_9362ee85,arl_154ebf3d,EY-2399,apt_54ebca59,apt_3810f0b5,2026-10-30T08:20:00+05:30,2026-10-30T10:42:00+05:30,142,0,ATR-72,"economy,business",120.062,active,2026-08-18T10:00:00+05:30
flt_f3ad8a3c,arl_b97400e0,QP-8446,apt_5377e1f8,apt_eb8717c7,2026-10-01T06:10:00+05:30,2026-10-01T12:09:00+05:30,359,1,B737-800,economy,331.071,active,2026-08-18T10:00:00+05:30
flt_52f4c768,arl_077dea23,MH-3385,apt_ad38af67,apt_e6c1d884,2026-10-04T13:10:00+05:30,2026-10-04T19:24:00+05:30,374,1,B787-8,"economy,business",334.647,active,2026-08-18T10:00:00+05:30
flt_a8c4d694,arl_666b65b1,AC-2922,apt_bdf57d77,apt_757e32fe,2026-10-09T17:40:00+05:30,2026-10-09T23:46:00+05:30,366,1,B787-8,"economy,business",344.287,active,2026-08-18T10:00:00+05:30
flt_a158d0c1,arl_2a88a2c3,UA-7236,apt_9dd20d55,apt_a7ea97c3,2026-10-08T16:20:00+05:30,2026-10-08T19:25:00+05:30,185,0,ATR-72,"economy,business",206.265,active,2026-08-18T10:00:00+05:30
flt_04c9c4a9,arl_666b65b1,AC-6616,apt_ceec186e,apt_98416c9d,2026-10-23T12:20:00+05:30,2026-10-23T18:59:00+05:30,399,0,A321,"economy,business",474.947,active,2026-08-18T10:00:00+05:30
flt_75a321fd,arl_154ebf3d,EY-2735,apt_54ebca59,apt_08ebf678,2026-10-01T21:20:00+05:30,2026-10-01T22:02:00+05:30,42,0,B737-800,"economy,business",17.362,active,2026-08-18T10:00:00+05:30
flt_714d0d77,arl_154ebf3d,EY-9150,apt_c077a39a,apt_faa26bd2,2026-09-16T22:30:00+05:30,2026-09-17T04:14:00+05:30,344,0,ATR-72,"economy,business",395.314,active,2026-08-18T10:00:00+05:30
flt_50d008d6,arl_2a88a2c3,UA-4225,apt_3e80f233,apt_5835fac1,2026-09-28T16:50:00+05:30,2026-09-28T19:06:00+05:30,136,0,B737-800,"economy,business",123.5,active,2026-08-18T10:00:00+05:30
flt_91e27b44,arl_c56d378a,TG-4915,apt_6ddc2fb6,apt_30500fc8,2026-10-28T11:40:00+05:30,2026-10-28T14:21:00+05:30,161,0,,"economy,business",135.343,active,2026-08-18T10:00:00+05:30
flt_88ee1a49,arl_7784367f,KB-6723,apt_d3a5784e,apt_c077a39a,2026-11-01T05:00:00+05:30,2026-11-01T12:18:00+05:30,438,1,B787-8,"economy,business",439.308,active,2026-08-18T10:00:00+05:30
flt_837580d3,arl_68688da8,NZ-405,apt_cb1113d2,apt_6be6a548,2026-09-17T11:00:00+05:30,2026-09-17T21:06:00+05:30,606,1,ATR-72,"economy,business",664.773,active,2026-08-18T10:00:00+05:30
flt_9f658e7b,arl_a487a152,RA-1995,apt_6ddc2fb6,apt_e6c1d884,2026-09-03T12:00:00+05:30,2026-09-03T13:42:00+05:30,102,0,A321,"economy,business",71.316,active,2026-08-18T10:00:00+05:30
flt_132d64c4,arl_841c6e99,AI-2640,apt_9dd20d55,apt_9a8714fa,2026-11-15T07:00:00+05:30,2026-11-15T13:04:00+05:30,364,1,A321,"economy,business",347.046,active,2026-08-18T10:00:00+05:30
flt_35f6d0ab,arl_7784367f,KB-2991,apt_ceec186e,apt_9a8714fa,2026-11-20T07:00:00+05:30,2026-11-20T11:43:00+05:30,283,0,A321,"economy,business",332.804,active,2026-08-18T10:00:00+05:30
flt_f414a4b9,arl_a852cdd9,VJ-9282,apt_c077a39a,apt_08ebf678,2026-10-05T05:00:00+05:30,2026-10-05T10:28:00+05:30,328,0,A320neo,economy,398.44,active,2026-08-18T10:00:00+05:30
flt_743da1a9,arl_692cd6f4,JL-7715,apt_c0496aae,apt_faa26bd2,2026-10-22T18:40:00+05:30,2026-10-22T20:54:00+05:30,134,0,A321,"economy,business",124.139,active,2026-08-18T10:00:00+05:30
flt_7e32fc93,arl_3a276287,BA-6154,apt_757e32fe,apt_33c2d61a,2026-09-03T13:40:00+05:30,2026-09-03T19:47:00+05:30,367,1,B787-8,"economy,business",341.33,active,2026-08-18T10:00:00+05:30
flt_2f6773ee,arl_a0bf222e,KE-4488,apt_faa26bd2,apt_c077a39a,2026-09-16T08:50:00+05:30,2026-09-16T14:17:00+05:30,327,0,B737-800,"economy,business",395.314,active,2026-08-18T10:00:00+05:30
flt_3e4631d1,arl_2a88a2c3,UA-8704,apt_30500fc8,apt_d3a5784e,2026-10-29T11:50:00+05:30,2026-10-29T15:24:00+05:30,214,0,B787-8,"economy,business",219.848,active,2026-08-18T10:00:00+05:30
flt_34fdd634,arl_8ac08b06,CZ-6380,apt_ceec186e,apt_e6c1d884,2026-11-16T11:50:00+05:30,2026-11-16T17:56:00+05:30,366,1,A320neo,"economy,business",334.288,active,2026-08-18T10:00:00+05:30
flt_d3d792aa,arl_1cfc4640,SQ-9588,apt_6ddc2fb6,apt_ee6be440,2026-11-06T06:30:00+05:30,2026-11-06T08:40:00+05:30,130,0,A320neo,"economy,business",136.834,active,2026-08-18T10:00:00+05:30
flt_fcbb9a2f,arl_68688da8,NZ-6589,apt_d3a5784e,apt_ceec186e,2026-09-01T11:30:00+05:30,2026-09-01T18:17:00+05:30,407,0,B787-8,"economy,business",474.696,active,2026-08-18T10:00:00+05:30
flt_51e6fd6e,arl_7784367f,KB-506,apt_d3a5784e,apt_a7ea97c3,2026-09-16T11:20:00+05:30,2026-09-16T12:59:00+05:30,99,0,A320neo,"economy,business",64.458,active,2026-08-18T10:00:00+05:30
flt_44c78ace,arl_b97400e0,QP-1779,apt_c077a39a,apt_c1f65e85,2026-10-02T14:00:00+05:30,2026-10-02T19:50:00+05:30,350,1,A321,economy,300.204,active,2026-08-18T10:00:00+05:30
flt_8b30b76e,arl_ef62470d,IX-8844,apt_a7ea97c3,apt_3810f0b5,2026-11-09T14:30:00+05:30,2026-11-09T17:14:00+05:30,164,0,B737-800,economy,154.733,active,2026-08-18T10:00:00+05:30
flt_8cfb49c2,arl_a487a152,RA-3457,apt_ee6be440,apt_6be6a548,2026-09-21T08:10:00+05:30,2026-09-21T13:11:00+05:30,301,1,ATR-72,"economy,business",239.849,active,2026-08-18T10:00:00+05:30
flt_1c8cf8ca,arl_6317d870,UK-8779,apt_3e80f233,apt_9dd20d55,2026-09-13T12:30:00+05:30,2026-09-13T16:18:00+05:30,228,0,A320neo,"economy,business",236.721,active,2026-08-18T10:00:00+05:30
flt_1e4cfffb,arl_508d631b,UL-3346,apt_c1f65e85,apt_e6d0e6bf,2026-10-17T19:50:00+05:30,2026-10-17T22:34:00+05:30,164,0,B737-800,"economy,business",180.169,active,2026-08-18T10:00:00+05:30
flt_d14495c0,arl_ef62470d,IX-2780,apt_ceec186e,apt_98416c9d,2026-09-22T12:20:00+05:30,2026-09-22T19:00:00+05:30,400,0,B787-8,economy,474.947,active,2026-08-18T10:00:00+05:30
flt_16015d26,arl_077dea23,MH-3291,apt_faa26bd2,apt_eb8717c7,2026-10-19T15:30:00+05:30,2026-10-19T22:24:00+05:30,414,1,A321,"economy,business",395.56,active,2026-08-18T10:00:00+05:30
flt_0182331e,arl_a0bf222e,KE-391,apt_30500fc8,apt_86c2c516,2026-09-27T13:40:00+05:30,2026-09-27T19:51:00+05:30,371,1,B737-800,"economy,business",320.879,active,2026-08-18T10:00:00+05:30
flt_a5a3f5f0,arl_a487a152,RA-2287,apt_e6c1d884,apt_e6d0e6bf,2026-10-16T14:30:00+05:30,2026-10-16T16:36:00+05:30,126,0,B787-8,"economy,business",103.463,active,2026-08-18T10:00:00+05:30
flt_6c24e840,arl_b97400e0,QP-2085,apt_86c2c516,apt_e6d0e6bf,2026-09-04T09:00:00+05:30,2026-09-04T14:11:00+05:30,311,1,ATR-72,economy,235.446,active,2026-08-18T10:00:00+05:30
flt_9dc0ce8f,arl_534d3a8a,LH-9336,apt_33c2d61a,apt_496144db,2026-09-24T11:20:00+05:30,2026-09-24T19:55:00+05:30,515,0,B737-800,"economy,business",621.142,active,2026-08-18T10:00:00+05:30
flt_1310a5de,arl_cbee96ac,GF-880,apt_08ebf678,apt_ebff6148,2026-10-17T07:50:00+05:30,2026-10-17T14:03:00+05:30,373,1,,"economy,business",331.502,active,2026-08-18T10:00:00+05:30
flt_0a689279,arl_2fae0fe3,KU-4358,apt_eb8717c7,apt_c1f65e85,2026-09-12T21:10:00+05:30,2026-09-13T01:50:00+05:30,280,0,B787-8,"economy,business",300.35,active,2026-08-18T10:00:00+05:30
flt_b4428db9,arl_077dea23,MH-6237,apt_c0496aae,apt_faa26bd2,2026-11-11T13:00:00+05:30,2026-11-11T15:19:00+05:30,139,0,B787-8,"economy,business",124.139,active,2026-08-18T10:00:00+05:30
flt_054e6463,arl_7f79d7b3,AF-558,apt_6be6a548,apt_eb8717c7,2026-10-07T15:10:00+05:30,2026-10-07T21:38:00+05:30,388,0,ATR-72,"economy,business",439.927,active,2026-08-18T10:00:00+05:30
flt_139ba004,arl_508d631b,UL-5460,apt_86c2c516,apt_c0496aae,2026-09-18T14:00:00+05:30,2026-09-18T19:50:00+05:30,350,1,ATR-72,"economy,business",292.709,active,2026-08-18T10:00:00+05:30
flt_76a86272,arl_7f79d7b3,AF-7471,apt_2d4c99ed,apt_c077a39a,2026-09-06T05:20:00+05:30,2026-09-06T10:05:00+05:30,285,0,A321,"economy,business",299.644,active,2026-08-18T10:00:00+05:30
flt_8f59a470,arl_2981080f,6E-9167,apt_6be6a548,apt_3810f0b5,2026-09-14T19:50:00+05:30,2026-09-14T22:58:00+05:30,188,0,A321,economy,199.559,active,2026-08-18T10:00:00+05:30
flt_3147e217,arl_cbee96ac,GF-2385,apt_9dd20d55,apt_ceec186e,2026-10-27T10:40:00+05:30,2026-10-27T20:54:00+05:30,614,1,A320neo,"economy,business",671.818,active,2026-08-18T10:00:00+05:30
flt_87def60d,arl_534d3a8a,LH-9744,apt_ad38af67,apt_a7ea97c3,2026-09-21T10:10:00+05:30,2026-09-21T17:53:00+05:30,463,1,ATR-72,"economy,business",474.257,active,2026-08-18T10:00:00+05:30
flt_5d7ea6ce,arl_2a88a2c3,UA-6615,apt_ee6be440,apt_30500fc8,2026-11-20T16:50:00+05:30,2026-11-20T17:31:00+05:30,41,0,B787-8,"economy,business",1.507,active,2026-08-18T10:00:00+05:30
flt_20a52142,arl_2981080f,6E-5412,apt_5377e1f8,apt_30500fc8,2026-09-30T10:50:00+05:30,2026-09-30T11:57:00+05:30,67,0,A320neo,economy,45.395,active,2026-08-18T10:00:00+05:30
flt_a3fb27d0,arl_7784367f,KB-4482,apt_a7ea97c3,apt_757e32fe,2026-10-10T15:50:00+05:30,2026-10-10T21:10:00+05:30,320,0,ATR-72,"economy,business",356.999,active,2026-08-18T10:00:00+05:30
flt_63df2006,arl_cbee96ac,GF-9756,apt_33c2d61a,apt_cb1113d2,2026-09-14T19:40:00+05:30,2026-09-14T20:40:00+05:30,60,0,B787-8,"economy,business",2.971,active,2026-08-18T10:00:00+05:30
flt_76c55016,arl_7784367f,KB-4540,apt_496144db,apt_5835fac1,2026-10-27T21:40:00+05:30,2026-10-27T23:48:00+05:30,128,0,A320neo,"economy,business",125.827,active,2026-08-18T10:00:00+05:30
flt_288e0fa0,arl_68688da8,NZ-6808,apt_e6d0e6bf,apt_ebff6148,2026-11-10T06:00:00+05:30,2026-11-10T11:06:00+05:30,306,0,,"economy,business",330.93,active,2026-08-18T10:00:00+05:30
flt_17373a4c,arl_8ac08b06,CZ-8758,apt_eb8717c7,apt_33c2d61a,2026-11-25T19:00:00+05:30,2026-11-25T23:54:00+05:30,294,1,A320neo,"economy,business",229.806,active,2026-08-18T10:00:00+05:30
flt_38477a43,arl_2981080f,6E-1097,apt_bfd02a38,apt_6be6a548,2026-09-17T05:10:00+05:30,2026-09-17T05:48:00+05:30,38,0,A321,economy,3.673,active,2026-08-18T10:00:00+05:30
flt_628503a1,arl_666b65b1,AC-8097,apt_496144db,apt_9a8714fa,2026-11-11T19:50:00+05:30,2026-11-11T22:18:00+05:30,148,0,B787-8,"economy,business",117.88,active,2026-08-18T10:00:00+05:30
flt_974f682d,arl_4939343e,SG-4672,apt_757e32fe,apt_496144db,2026-09-12T08:20:00+05:30,2026-09-12T12:30:00+05:30,250,0,B737-800,economy,286.531,active,2026-08-18T10:00:00+05:30
flt_123b2e99,arl_a487a152,RA-5458,apt_5377e1f8,apt_98416c9d,2026-10-19T11:30:00+05:30,2026-10-19T14:07:00+05:30,157,0,A320neo,"economy,business",137.742,active,2026-08-18T10:00:00+05:30
flt_cfa26f57,arl_28f00e8b,EK-4165,apt_c1f65e85,apt_30500fc8,2026-11-03T07:00:00+05:30,2026-11-03T10:22:00+05:30,202,0,B787-8,"economy,business",222.047,active,2026-08-18T10:00:00+05:30
flt_91c356e3,arl_6317d870,UK-5114,apt_cb1113d2,apt_e6d0e6bf,2026-11-02T22:00:00+05:30,2026-11-03T06:26:00+05:30,506,0,A320neo,"economy,business",624.529,active,2026-08-18T10:00:00+05:30
flt_1d989fba,arl_692cd6f4,JL-9165,apt_6ddc2fb6,apt_5835fac1,2026-09-13T08:40:00+05:30,2026-09-13T10:03:00+05:30,83,0,A321,"economy,business",59.63,active,2026-08-18T10:00:00+05:30
flt_b4ba32a6,arl_154ebf3d,EY-3928,apt_3e80f233,apt_3810f0b5,2026-10-17T17:00:00+05:30,2026-10-17T20:12:00+05:30,192,0,B737-800,"economy,business",181.955,active,2026-08-18T10:00:00+05:30
flt_0a9791b4,arl_28f00e8b,EK-666,apt_5835fac1,apt_eb8717c7,2026-11-25T11:50:00+05:30,2026-11-25T17:59:00+05:30,369,1,A321,"economy,business",343.755,active,2026-08-18T10:00:00+05:30
flt_8093249c,arl_ef62470d,IX-7293,apt_757e32fe,apt_3810f0b5,2026-10-10T19:50:00+05:30,2026-10-10T23:38:00+05:30,228,0,B787-8,economy,252.654,active,2026-08-18T10:00:00+05:30
flt_4f954fed,arl_a487a152,RA-7249,apt_9a8714fa,apt_a7ea97c3,2026-10-07T05:10:00+05:30,2026-10-07T07:33:00+05:30,143,0,ATR-72,"economy,business",142.775,active,2026-08-18T10:00:00+05:30
flt_03250119,arl_6317d870,UK-6151,apt_496144db,apt_98416c9d,2026-11-03T16:40:00+05:30,2026-11-03T18:55:00+05:30,135,0,ATR-72,"economy,business",112.51,active,2026-08-18T10:00:00+05:30
flt_970ef99a,arl_dbae8242,QR-9983,apt_30500fc8,apt_3e80f233,2026-10-28T06:20:00+05:30,2026-10-28T09:50:00+05:30,210,0,B787-8,"economy,business",216.009,active,2026-08-18T10:00:00+05:30
flt_016e4014,arl_508d631b,UL-7785,apt_c1f65e85,apt_98416c9d,2026-10-04T06:00:00+05:30,2026-10-04T09:12:00+05:30,192,0,ATR-72,"economy,business",186.286,active,2026-08-18T10:00:00+05:30
flt_b8ca43ac,arl_154ebf3d,EY-9935,apt_3e80f233,apt_faa26bd2,2026-11-21T21:50:00+05:30,2026-11-21T23:31:00+05:30,101,0,B787-8,"economy,business",59.167,active,2026-08-18T10:00:00+05:30
flt_5ae64030,arl_68688da8,NZ-6602,apt_c077a39a,apt_757e32fe,2026-10-12T15:30:00+05:30,2026-10-12T17:43:00+05:30,133,0,B787-8,"economy,business",136.441,active,2026-08-18T10:00:00+05:30
flt_5f786f4c,arl_28f00e8b,EK-9071,apt_a7ea97c3,apt_6ddc2fb6,2026-11-27T08:00:00+05:30,2026-11-27T10:46:00+05:30,166,0,,"economy,business",142.91,active,2026-08-18T10:00:00+05:30
flt_19db5b29,arl_cbee96ac,GF-8566,apt_ad38af67,apt_6be6a548,2026-11-24T22:20:00+05:30,2026-11-25T06:08:00+05:30,468,1,B787-8,"economy,business",474.573,active,2026-08-18T10:00:00+05:30
flt_67ce9504,arl_b97400e0,QP-3068,apt_ad38af67,apt_9dd20d55,2026-11-25T14:10:00+05:30,2026-11-26T00:34:00+05:30,624,1,A320neo,economy,672.09,active,2026-08-18T10:00:00+05:30
flt_aeb50437,arl_75d2a12c,QF-9233,apt_98416c9d,apt_ceec186e,2026-10-18T16:40:00+05:30,2026-10-18T23:06:00+05:30,386,0,B787-8,"economy,business",474.947,active,2026-08-18T10:00:00+05:30
flt_0f98edea,arl_4939343e,SG-2488,apt_08ebf678,apt_5835fac1,2026-10-24T09:20:00+05:30,2026-10-24T10:32:00+05:30,72,0,B737-800,economy,57.166,active,2026-08-18T10:00:00+05:30
flt_7da00310,arl_534d3a8a,LH-7152,apt_a7ea97c3,apt_30500fc8,2026-11-27T16:50:00+05:30,2026-11-27T19:28:00+05:30,158,0,B737-800,"economy,business",172.447,active,2026-08-18T10:00:00+05:30
flt_a25bef82,arl_2fae0fe3,KU-7735,apt_ebff6148,apt_c0496aae,2026-10-06T19:20:00+05:30,2026-10-06T23:13:00+05:30,233,0,,"economy,business",273.647,active,2026-08-18T10:00:00+05:30
flt_fb9083ef,arl_692cd6f4,JL-7170,apt_faa26bd2,apt_cb1113d2,2026-11-03T08:40:00+05:30,2026-11-03T18:22:00+05:30,582,1,ATR-72,"economy,business",619.512,active,2026-08-18T10:00:00+05:30
flt_9aeb2b9a,arl_7784367f,KB-8525,apt_9a8714fa,apt_5835fac1,2026-09-10T13:30:00+05:30,2026-09-10T14:40:00+05:30,70,0,ATR-72,"economy,business",59.978,active,2026-08-18T10:00:00+05:30
flt_671efb0a,arl_2fae0fe3,KU-8816,apt_cb1113d2,apt_d3a5784e,2026-11-28T05:20:00+05:30,2026-11-28T14:30:00+05:30,550,0,B787-8,"economy,business",665.758,active,2026-08-18T10:00:00+05:30
flt_6eca9267,arl_75d2a12c,QF-5731,apt_6be6a548,apt_ebff6148,2026-10-14T13:30:00+05:30,2026-10-14T18:28:00+05:30,298,0,A321,"economy,business",334.414,active,2026-08-18T10:00:00+05:30
flt_6a1e9912,arl_2a88a2c3,UA-2669,apt_9dd20d55,apt_54ebca59,2026-11-10T15:30:00+05:30,2026-11-10T18:42:00+05:30,192,0,,"economy,business",221.2,active,2026-08-18T10:00:00+05:30
flt_2e54f206,arl_ef62470d,IX-4420,apt_6ddc2fb6,apt_3810f0b5,2026-11-13T07:50:00+05:30,2026-11-13T09:32:00+05:30,102,0,A321,economy,71.984,active,2026-08-18T10:00:00+05:30
flt_85dcf49a,arl_75d2a12c,QF-6950,apt_757e32fe,apt_ceec186e,2026-10-23T22:10:00+05:30,2026-10-24T00:54:00+05:30,164,0,,"economy,business",164.242,active,2026-08-18T10:00:00+05:30
flt_c73e958f,arl_8ac08b06,CZ-4738,apt_6ddc2fb6,apt_33c2d61a,2026-09-28T15:30:00+05:30,2026-09-28T23:05:00+05:30,455,0,A320neo,"economy,business",527.244,active,2026-08-18T10:00:00+05:30
flt_c0a184f3,arl_4939343e,SG-9621,apt_ceec186e,apt_e6d0e6bf,2026-11-02T17:50:00+05:30,2026-11-03T01:21:00+05:30,451,1,B737-800,economy,433.912,active,2026-08-18T10:00:00+05:30
flt_ad16080e,arl_68688da8,NZ-6437,apt_ebff6148,apt_bdf57d77,2026-11-11T06:00:00+05:30,2026-11-11T12:00:00+05:30,360,1,B737-800,"economy,business",343.548,active,2026-08-18T10:00:00+05:30
flt_81a605c6,arl_dbae8242,QR-9617,apt_bdf57d77,apt_ee6be440,2026-10-11T07:20:00+05:30,2026-10-11T09:24:00+05:30,124,0,A320neo,"economy,business",126.44,active,2026-08-18T10:00:00+05:30
flt_1c85629a,arl_1cfc4640,SQ-4121,apt_5835fac1,apt_9dd20d55,2026-11-14T08:00:00+05:30,2026-11-14T12:23:00+05:30,263,0,B737-800,"economy,business",294.449,active,2026-08-18T10:00:00+05:30
flt_9050394e,arl_6317d870,UK-3397,apt_9a8714fa,apt_ebff6148,2026-11-20T14:20:00+05:30,2026-11-20T17:40:00+05:30,200,0,A320neo,"economy,business",217.026,active,2026-08-18T10:00:00+05:30
flt_9128b1e2,arl_28f00e8b,EK-5045,apt_3e80f233,apt_33c2d61a,2026-10-02T19:20:00+05:30,2026-10-03T04:17:00+05:30,537,0,B737-800,"economy,business",667.146,active,2026-08-18T10:00:00+05:30
flt_b0c80c56,arl_8ac08b06,CZ-2467,apt_eb8717c7,apt_e6c1d884,2026-11-23T14:40:00+05:30,2026-11-23T19:22:00+05:30,282,0,B787-8,"economy,business",300.432,active,2026-08-18T10:00:00+05:30
flt_0d984ffb,arl_2fae0fe3,KU-2703,apt_08ebf678,apt_c0496aae,2026-10-21T07:30:00+05:30,2026-10-21T08:42:00+05:30,72,0,ATR-72,"economy,business",58.183,active,2026-08-18T10:00:00+05:30
flt_4251ffd9,arl_2a88a2c3,UA-3772,apt_9a8714fa,apt_c1f65e85,2026-09-04T11:00:00+05:30,2026-09-04T12:50:00+05:30,110,0,A320neo,"economy,business",85.961,active,2026-08-18T10:00:00+05:30
flt_426347cc,arl_a0bf222e,KE-9754,apt_cb1113d2,apt_5835fac1,2026-11-25T10:30:00+05:30,2026-11-25T18:16:00+05:30,466,0,B787-8,"economy,business",569.674,active,2026-08-18T10:00:00+05:30
flt_ec7bed3c,arl_1cfc4640,SQ-5160,apt_08ebf678,apt_bdf57d77,2026-09-26T17:10:00+05:30,2026-09-26T17:59:00+05:30,49,0,A321,"economy,business",14.668,active,2026-08-18T10:00:00+05:30
flt_9d8671d0,arl_1cfc4640,SQ-5099,apt_6ddc2fb6,apt_c1f65e85,2026-09-21T16:30:00+05:30,2026-09-21T18:27:00+05:30,117,0,A321,"economy,business",86.726,active,2026-08-18T10:00:00+05:30
flt_7fceb0fe,arl_077dea23,MH-5778,apt_c077a39a,apt_08ebf678,2026-09-28T14:30:00+05:30,2026-09-28T21:33:00+05:30,423,1,A321,"economy,business",398.44,active,2026-08-18T10:00:00+05:30
flt_28a382e4,arl_a487a152,RA-2081,apt_c1f65e85,apt_3e80f233,2026-10-16T08:00:00+05:30,2026-10-16T10:22:00+05:30,142,0,ATR-72,"economy,business",155.098,active,2026-08-18T10:00:00+05:30
flt_d5950d47,arl_7f79d7b3,AF-9218,apt_bfd02a38,apt_ad38af67,2026-11-25T12:50:00+05:30,2026-11-25T19:20:00+05:30,390,0,B787-8,"economy,business",478.231,active,2026-08-18T10:00:00+05:30
flt_2053c570,arl_508d631b,UL-963,apt_eb8717c7,apt_5377e1f8,2026-10-19T10:20:00+05:30,2026-10-19T16:41:00+05:30,381,1,ATR-72,"economy,business",331.071,active,2026-08-18T10:00:00+05:30
flt_48c65c09,arl_7f79d7b3,AF-8778,apt_d3a5784e,apt_eb8717c7,2026-11-06T13:40:00+05:30,2026-11-06T19:49:00+05:30,369,0,A320neo,"economy,business",439.646,active,2026-08-18T10:00:00+05:30
flt_0cfbdf3d,arl_8ac08b06,CZ-1965,apt_cb1113d2,apt_c0496aae,2026-11-28T10:10:00+05:30,2026-11-28T18:13:00+05:30,483,0,B737-800,"economy,business",568.668,active,2026-08-18T10:00:00+05:30
flt_780fe27d,arl_154ebf3d,EY-324,apt_496144db,apt_cb1113d2,2026-10-06T07:00:00+05:30,2026-10-06T15:13:00+05:30,493,0,B787-8,"economy,business",618.46,active,2026-08-18T10:00:00+05:30
flt_04b8cdcb,arl_6317d870,UK-1188,apt_a7ea97c3,apt_e6c1d884,2026-10-29T09:20:00+05:30,2026-10-29T12:00:00+05:30,160,0,B787-8,"economy,business",154.145,active,2026-08-18T10:00:00+05:30
flt_3fe627eb,arl_3a276287,BA-9035,apt_05897d58,apt_a7ea97c3,2026-09-30T11:30:00+05:30,2026-09-30T14:09:00+05:30,159,0,A320neo,"economy,business",140.107,active,2026-08-18T10:00:00+05:30
flt_dc4c54a7,arl_28f00e8b,EK-5082,apt_98416c9d,apt_bdf57d77,2026-10-31T20:00:00+05:30,2026-10-31T21:03:00+05:30,63,0,A321,"economy,business",47.125,active,2026-08-18T10:00:00+05:30
flt_15c6d875,arl_1cfc4640,SQ-7765,apt_d3a5784e,apt_54ebca59,2026-11-15T13:00:00+05:30,2026-11-15T15:18:00+05:30,138,0,A320neo,"economy,business",108.003,active,2026-08-18T10:00:00+05:30
flt_f0a62b3e,arl_666b65b1,AC-1329,apt_54ebca59,apt_3e80f233,2026-10-03T17:20:00+05:30,2026-10-03T19:29:00+05:30,129,0,B787-8,"economy,business",103.959,active,2026-08-18T10:00:00+05:30
flt_99059a55,arl_c56d378a,TG-5068,apt_9a8714fa,apt_2d4c99ed,2026-11-03T20:40:00+05:30,2026-11-03T22:35:00+05:30,115,0,B787-8,"economy,business",84.784,active,2026-08-18T10:00:00+05:30
flt_621ccf05,arl_1cfc4640,SQ-7400,apt_33c2d61a,apt_c077a39a,2026-09-12T13:10:00+05:30,2026-09-12T16:45:00+05:30,215,0,,"economy,business",230.247,active,2026-08-18T10:00:00+05:30
flt_4fb19e28,arl_841c6e99,AI-9247,apt_ee6be440,apt_e6c1d884,2026-09-26T20:30:00+05:30,2026-09-26T21:56:00+05:30,86,0,A321,"economy,business",67.116,active,2026-08-18T10:00:00+05:30
flt_c351160b,arl_a0bf222e,KE-8068,apt_c0496aae,apt_5835fac1,2026-11-24T21:10:00+05:30,2026-11-24T21:55:00+05:30,45,0,B737-800,"economy,business",1.026,active,2026-08-18T10:00:00+05:30
flt_3bd91733,arl_692cd6f4,JL-7589,apt_2d4c99ed,apt_757e32fe,2026-10-31T15:50:00+05:30,2026-10-31T18:47:00+05:30,177,0,,"economy,business",187.061,active,2026-08-18T10:00:00+05:30
flt_8113304f,arl_534d3a8a,LH-5304,apt_757e32fe,apt_6be6a548,2026-10-28T21:30:00+05:30,2026-10-29T02:38:00+05:30,308,0,B787-8,"economy,business",334.486,active,2026-08-18T10:00:00+05:30
flt_ee967044,arl_28f00e8b,EK-1128,apt_a7ea97c3,apt_cb1113d2,2026-10-28T07:00:00+05:30,2026-10-28T17:08:00+05:30,608,1,A321,"economy,business",665.928,active,2026-08-18T10:00:00+05:30
flt_c6a4683a,arl_534d3a8a,LH-5369,apt_bdf57d77,apt_d3a5784e,2026-11-25T08:30:00+05:30,2026-11-25T10:31:00+05:30,121,0,A321,"economy,business",105.995,active,2026-08-18T10:00:00+05:30
flt_2644f8a6,arl_403656a7,LX-2245,apt_c077a39a,apt_05897d58,2026-10-31T09:00:00+05:30,2026-10-31T13:35:00+05:30,275,0,B787-8,"economy,business",328.567,active,2026-08-18T10:00:00+05:30
flt_4f320fab,arl_b97400e0,QP-676,apt_54ebca59,apt_33c2d61a,2026-10-07T18:20:00+05:30,2026-10-08T04:25:00+05:30,605,1,B737-800,economy,644.239,active,2026-08-18T10:00:00+05:30
flt_10c25be9,arl_a487a152,RA-3965,apt_98416c9d,apt_6ddc2fb6,2026-11-22T20:20:00+05:30,2026-11-22T23:00:00+05:30,160,0,ATR-72,"economy,business",143.847,active,2026-08-18T10:00:00+05:30
flt_dd22a4b2,arl_154ebf3d,EY-5822,apt_e6d0e6bf,apt_d3a5784e,2026-11-16T14:30:00+05:30,2026-11-16T16:39:00+05:30,129,0,A320neo,"economy,business",109.917,active,2026-08-18T10:00:00+05:30
flt_e96ba07d,arl_4939343e,SG-2834,apt_496144db,apt_98416c9d,2026-11-24T12:20:00+05:30,2026-11-24T14:15:00+05:30,115,0,ATR-72,economy,112.51,active,2026-08-18T10:00:00+05:30
flt_8b4c9442,arl_dbae8242,QR-6742,apt_a7ea97c3,apt_08ebf678,2026-11-22T13:00:00+05:30,2026-11-22T14:26:00+05:30,86,0,ATR-72,"economy,business",59.222,active,2026-08-18T10:00:00+05:30
flt_5e898310,arl_3a276287,BA-2139,apt_54ebca59,apt_496144db,2026-09-29T16:10:00+05:30,2026-09-29T18:36:00+05:30,146,0,A321,"economy,business",141.216,active,2026-08-18T10:00:00+05:30
flt_7ec1cab9,arl_1cfc4640,SQ-3137,apt_5835fac1,apt_bdf57d77,2026-11-11T20:40:00+05:30,2026-11-11T21:58:00+05:30,78,0,B737-800,"economy,business",70.248,active,2026-08-18T10:00:00+05:30
flt_84dab970,arl_7f79d7b3,AF-5111,apt_98416c9d,apt_3e80f233,2026-09-14T16:50:00+05:30,2026-09-14T18:03:00+05:30,73,0,B737-800,"economy,business",62.025,active,2026-08-18T10:00:00+05:30
flt_29790f14,arl_56da328b,GA-3677,apt_e6c1d884,apt_5377e1f8,2026-09-08T09:40:00+05:30,2026-09-08T10:55:00+05:30,75,0,ATR-72,"economy,business",33.222,active,2026-08-18T10:00:00+05:30
flt_0fbb2f2d,arl_6317d870,UK-9679,apt_c1f65e85,apt_ad38af67,2026-10-06T11:10:00+05:30,2026-10-06T17:19:00+05:30,369,1,A321,"economy,business",333.995,active,2026-08-18T10:00:00+05:30
flt_eeab6678,arl_077dea23,MH-5572,apt_6be6a548,apt_9a8714fa,2026-09-30T12:00:00+05:30,2026-09-30T14:51:00+05:30,171,0,A321,"economy,business",152.681,active,2026-08-18T10:00:00+05:30
flt_d5690044,arl_4939343e,SG-4696,apt_e6d0e6bf,apt_3e80f233,2026-11-06T13:20:00+05:30,2026-11-06T15:26:00+05:30,126,0,A321,economy,105.882,active,2026-08-18T10:00:00+05:30
flt_4d065083,arl_692cd6f4,JL-6821,apt_54ebca59,apt_e6d0e6bf,2026-10-08T10:20:00+05:30,2026-10-08T11:13:00+05:30,53,0,A321,"economy,business",16.948,active,2026-08-18T10:00:00+05:30
flt_6af4e6f1,arl_1cfc4640,SQ-8074,apt_e6d0e6bf,apt_3810f0b5,2026-09-28T12:50:00+05:30,2026-09-28T14:39:00+05:30,109,0,B737-800,"economy,business",103.942,active,2026-08-18T10:00:00+05:30
flt_73cc3bd6,arl_3a276287,BA-3752,apt_08ebf678,apt_d3a5784e,2026-11-24T17:10:00+05:30,2026-11-24T19:26:00+05:30,136,0,A320neo,"economy,business",112.743,active,2026-08-18T10:00:00+05:30
flt_e1a9f5ec,arl_a0bf222e,KE-9043,apt_6ddc2fb6,apt_5835fac1,2026-09-16T21:00:00+05:30,2026-09-16T22:31:00+05:30,91,0,A320neo,"economy,business",59.63,active,2026-08-18T10:00:00+05:30
flt_02e10f3a,arl_7784367f,KB-5143,apt_757e32fe,apt_ad38af67,2026-10-04T22:00:00+05:30,2026-10-05T00:54:00+05:30,174,0,A321,"economy,business",163.367,active,2026-08-18T10:00:00+05:30
flt_3acb98a8,arl_75d2a12c,QF-2842,apt_54ebca59,apt_faa26bd2,2026-11-09T12:10:00+05:30,2026-11-09T14:51:00+05:30,161,0,A320neo,"economy,business",138.526,active,2026-08-18T10:00:00+05:30
flt_0594b8f4,arl_2a88a2c3,UA-1561,apt_496144db,apt_cb1113d2,2026-11-21T16:40:00+05:30,2026-11-22T01:24:00+05:30,524,0,A320neo,"economy,business",618.46,active,2026-08-18T10:00:00+05:30
flt_673ab643,arl_68688da8,NZ-2433,apt_9a8714fa,apt_eb8717c7,2026-10-12T09:20:00+05:30,2026-10-12T14:58:00+05:30,338,1,A321,"economy,business",297.703,active,2026-08-18T10:00:00+05:30
flt_f7662492,arl_077dea23,MH-2523,apt_757e32fe,apt_cb1113d2,2026-11-03T13:30:00+05:30,2026-11-03T18:23:00+05:30,293,0,B737-800,"economy,business",338.86,active,2026-08-18T10:00:00+05:30
flt_767e19b6,arl_2a88a2c3,UA-489,apt_a7ea97c3,apt_6be6a548,2026-10-05T11:50:00+05:30,2026-10-05T13:53:00+05:30,123,0,,"economy,business",89.008,active,2026-08-18T10:00:00+05:30
flt_12ef875f,arl_8ac08b06,CZ-955,apt_ee6be440,apt_3e80f233,2026-10-13T22:50:00+05:30,2026-10-14T03:23:00+05:30,273,1,A320neo,"economy,business",216.983,active,2026-08-18T10:00:00+05:30
flt_795695b5,arl_dbae8242,QR-4976,apt_05897d58,apt_5835fac1,2026-09-10T07:20:00+05:30,2026-09-10T08:30:00+05:30,70,0,ATR-72,"economy,business",57.281,active,2026-08-18T10:00:00+05:30
flt_146619e8,arl_841c6e99,AI-8033,apt_6be6a548,apt_5377e1f8,2026-11-09T20:00:00+05:30,2026-11-09T23:10:00+05:30,190,0,B737-800,"economy,business",196.146,active,2026-08-18T10:00:00+05:30
flt_0185c0dc,arl_75d2a12c,QF-808,apt_faa26bd2,apt_bfd02a38,2026-09-27T11:20:00+05:30,2026-09-27T12:55:00+05:30,95,0,A321,"economy,business",49.999,active,2026-08-18T10:00:00+05:30
flt_15f86998,arl_68688da8,NZ-2004,apt_faa26bd2,apt_bfd02a38,2026-09-02T19:40:00+05:30,2026-09-02T21:02:00+05:30,82,0,A320neo,"economy,business",49.999,active,2026-08-18T10:00:00+05:30
flt_73b7e4e4,arl_1cfc4640,SQ-4413,apt_496144db,apt_2d4c99ed,2026-11-16T18:30:00+05:30,2026-11-16T20:38:00+05:30,128,0,B787-8,"economy,business",99.479,active,2026-08-18T10:00:00+05:30
flt_03f657ae,arl_28f00e8b,EK-6485,apt_9dd20d55,apt_86c2c516,2026-10-17T09:00:00+05:30,2026-10-17T09:28:00+05:30,28,0,B787-8,"economy,business",3.544,active,2026-08-18T10:00:00+05:30
flt_b49ce6c2,arl_a0bf222e,KE-4605,apt_54ebca59,apt_6be6a548,2026-10-30T13:50:00+05:30,2026-10-30T16:19:00+05:30,149,0,A321,"economy,business",131.472,active,2026-08-18T10:00:00+05:30
flt_2d66e472,arl_c56d378a,TG-4449,apt_5835fac1,apt_ebff6148,2026-09-09T06:20:00+05:30,2026-09-09T10:31:00+05:30,251,0,A320neo,"economy,business",274.641,active,2026-08-18T10:00:00+05:30
flt_0e0fff76,arl_a0bf222e,KE-1544,apt_bdf57d77,apt_c1f65e85,2026-09-02T22:10:00+05:30,2026-09-03T01:18:00+05:30,188,0,B737-800,"economy,business",189.163,active,2026-08-18T10:00:00+05:30
flt_3c147623,arl_b97400e0,QP-4945,apt_6ddc2fb6,apt_3e80f233,2026-11-26T16:40:00+05:30,2026-11-26T18:57:00+05:30,137,0,ATR-72,economy,144.417,active,2026-08-18T10:00:00+05:30
flt_5f8447f9,arl_3a276287,BA-246,apt_5377e1f8,apt_faa26bd2,2026-11-19T22:40:00+05:30,2026-11-20T01:45:00+05:30,185,0,A321,"economy,business",179.541,active,2026-08-18T10:00:00+05:30
flt_22231b59,arl_a852cdd9,VJ-5895,apt_d3a5784e,apt_2d4c99ed,2026-09-13T11:20:00+05:30,2026-09-13T14:11:00+05:30,171,0,B737-800,economy,154.997,active,2026-08-18T10:00:00+05:30
flt_a96625c6,arl_6317d870,UK-8069,apt_ebff6148,apt_6ddc2fb6,2026-11-01T21:40:00+05:30,2026-11-02T01:13:00+05:30,213,0,ATR-72,"economy,business",217.125,active,2026-08-18T10:00:00+05:30
flt_6b5f74b3,arl_666b65b1,AC-7700,apt_9a8714fa,apt_d3a5784e,2026-11-21T14:10:00+05:30,2026-11-21T16:49:00+05:30,159,0,B787-8,"economy,business",146.17,active,2026-08-18T10:00:00+05:30
flt_5f2a7a64,arl_7f79d7b3,AF-671,apt_e6c1d884,apt_9a8714fa,2026-10-02T10:50:00+05:30,2026-10-02T12:33:00+05:30,103,0,B737-800,"economy,business",72.13,active,2026-08-18T10:00:00+05:30
flt_51788aa7,arl_c56d378a,TG-6958,apt_bdf57d77,apt_98416c9d,2026-09-08T21:00:00+05:30,2026-09-08T22:12:00+05:30,72,0,A320neo,"economy,business",47.125,active,2026-08-18T10:00:00+05:30
flt_0017b719,arl_dbae8242,QR-9112,apt_ceec186e,apt_cb1113d2,2026-10-21T19:30:00+05:30,2026-10-21T22:35:00+05:30,185,0,A321,"economy,business",191.879,active,2026-08-18T10:00:00+05:30
flt_8a1a7f11,arl_154ebf3d,EY-1089,apt_3e80f233,apt_08ebf678,2026-09-15T21:20:00+05:30,2026-09-15T23:28:00+05:30,128,0,A320neo,"economy,business",108.707,active,2026-08-18T10:00:00+05:30
flt_7f6fb64c,arl_a487a152,RA-8490,apt_757e32fe,apt_ee6be440,2026-09-19T17:20:00+05:30,2026-09-19T22:03:00+05:30,283,0,ATR-72,"economy,business",309.061,active,2026-08-18T10:00:00+05:30
flt_8ac70e7b,arl_077dea23,MH-4326,apt_9dd20d55,apt_33c2d61a,2026-11-24T21:30:00+05:30,2026-11-25T09:06:00+05:30,696,0,ATR-72,"economy,business",864.664,active,2026-08-18T10:00:00+05:30
flt_b59b77d4,arl_1cfc4640,SQ-6563,apt_ee6be440,apt_5377e1f8,2026-10-06T11:40:00+05:30,2026-10-06T12:43:00+05:30,63,0,A321,"economy,business",46.738,active,2026-08-18T10:00:00+05:30
flt_636edfbb,arl_3a276287,BA-8459,apt_faa26bd2,apt_e6c1d884,2026-10-14T18:40:00+05:30,2026-10-14T21:41:00+05:30,181,0,B737-800,"economy,business",174.711,active,2026-08-18T10:00:00+05:30
flt_3406b72a,arl_75d2a12c,QF-9033,apt_6ddc2fb6,apt_ad38af67,2026-09-14T12:30:00+05:30,2026-09-14T18:54:00+05:30,384,1,A320neo,"economy,business",332.555,active,2026-08-18T10:00:00+05:30
flt_1c59498a,arl_508d631b,UL-6671,apt_e6d0e6bf,apt_496144db,2026-09-27T07:20:00+05:30,2026-09-27T09:30:00+05:30,130,0,ATR-72,"economy,business",135.88,active,2026-08-18T10:00:00+05:30
flt_ab7e19e8,arl_403656a7,LX-2771,apt_bdf57d77,apt_ad38af67,2026-11-29T11:00:00+05:30,2026-11-29T18:42:00+05:30,462,1,A320neo,"economy,business",447.891,active,2026-08-18T10:00:00+05:30
flt_d8162e08,arl_692cd6f4,JL-6126,apt_9dd20d55,apt_a7ea97c3,2026-11-23T19:00:00+05:30,2026-11-23T22:13:00+05:30,193,0,A321,"economy,business",206.265,active,2026-08-18T10:00:00+05:30
flt_26aa3d8d,arl_7784367f,KB-7723,apt_d3a5784e,apt_2d4c99ed,2026-11-21T07:50:00+05:30,2026-11-21T10:45:00+05:30,175,0,A321,"economy,business",154.997,active,2026-08-18T10:00:00+05:30
flt_dc7755a7,arl_666b65b1,AC-1625,apt_ee6be440,apt_54ebca59,2026-11-04T10:40:00+05:30,2026-11-04T12:58:00+05:30,138,0,A321,"economy,business",126.998,active,2026-08-18T10:00:00+05:30
flt_68a182d3,arl_534d3a8a,LH-9816,apt_ad38af67,apt_3810f0b5,2026-11-11T06:00:00+05:30,2026-11-11T10:45:00+05:30,285,0,A320neo,"economy,business",334.375,active,2026-08-18T10:00:00+05:30
flt_f9a3129d,arl_2fae0fe3,KU-5787,apt_c077a39a,apt_ee6be440,2026-10-22T07:10:00+05:30,2026-10-22T13:10:00+05:30,360,1,B737-800,"economy,business",334.485,active,2026-08-18T10:00:00+05:30
flt_f439acc7,arl_508d631b,UL-9965,apt_c077a39a,apt_a7ea97c3,2026-11-01T14:00:00+05:30,2026-11-01T21:33:00+05:30,453,1,B737-800,"economy,business",438.694,active,2026-08-18T10:00:00+05:30
flt_1930b618,arl_6317d870,UK-7723,apt_faa26bd2,apt_496144db,2026-10-08T13:00:00+05:30,2026-10-08T13:52:00+05:30,52,0,,"economy,business",2.82,active,2026-08-18T10:00:00+05:30
flt_991b64c2,arl_b97400e0,QP-184,apt_eb8717c7,apt_e6d0e6bf,2026-09-18T18:30:00+05:30,2026-09-19T01:18:00+05:30,408,1,,economy,399.395,active,2026-08-18T10:00:00+05:30
flt_2203abc9,arl_c56d378a,TG-3158,apt_e6c1d884,apt_6ddc2fb6,2026-10-27T22:20:00+05:30,2026-10-27T23:54:00+05:30,94,0,B787-8,"economy,business",71.316,active,2026-08-18T10:00:00+05:30
flt_7f03d58d,arl_8ac08b06,CZ-7481,apt_2d4c99ed,apt_eb8717c7,2026-11-24T07:10:00+05:30,2026-11-24T11:36:00+05:30,266,0,B787-8,"economy,business",299.793,active,2026-08-18T10:00:00+05:30
flt_ea043bae,arl_a0bf222e,KE-8098,apt_496144db,apt_6be6a548,2026-09-25T07:00:00+05:30,2026-09-25T08:08:00+05:30,68,0,ATR-72,"economy,business",48.264,active,2026-08-18T10:00:00+05:30
flt_cbe39c7c,arl_077dea23,MH-599,apt_54ebca59,apt_c1f65e85,2026-11-17T13:20:00+05:30,2026-11-17T16:38:00+05:30,198,0,B737-800,"economy,business",193.144,active,2026-08-18T10:00:00+05:30
flt_4ebceb9d,arl_2a88a2c3,UA-7146,apt_54ebca59,apt_ad38af67,2026-09-29T05:00:00+05:30,2026-09-29T12:24:00+05:30,444,1,,"economy,business",451.04,active,2026-08-18T10:00:00+05:30
flt_9e0f6ef0,arl_692cd6f4,JL-5086,apt_bdf57d77,apt_e6c1d884,2026-09-23T22:30:00+05:30,2026-09-24T00:23:00+05:30,113,0,A321,"economy,business",117.056,active,2026-08-18T10:00:00+05:30
flt_eea38d45,arl_154ebf3d,EY-2200,apt_a7ea97c3,apt_496144db,2026-11-10T17:50:00+05:30,2026-11-10T19:48:00+05:30,118,0,B737-800,"economy,business",110.952,active,2026-08-18T10:00:00+05:30
flt_ff74d5fe,arl_a0bf222e,KE-9744,apt_c1f65e85,apt_a7ea97c3,2026-11-26T05:20:00+05:30,2026-11-26T08:37:00+05:30,197,0,A321,"economy,business",184.885,active,2026-08-18T10:00:00+05:30
flt_6d6dce72,arl_6317d870,UK-3868,apt_d3a5784e,apt_2d4c99ed,2026-09-15T20:10:00+05:30,2026-09-15T22:56:00+05:30,166,0,B737-800,"economy,business",154.997,active,2026-08-18T10:00:00+05:30
flt_2cdfde49,arl_2fae0fe3,KU-4172,apt_bfd02a38,apt_e6c1d884,2026-10-22T13:50:00+05:30,2026-10-22T17:00:00+05:30,190,0,B737-800,"economy,business",201.951,active,2026-08-18T10:00:00+05:30
flt_2850c4e7,arl_7784367f,KB-603,apt_54ebca59,apt_e6c1d884,2026-11-29T17:50:00+05:30,2026-11-29T19:55:00+05:30,125,0,A320neo,"economy,business",119.611,active,2026-08-18T10:00:00+05:30
flt_5bc82027,arl_3a276287,BA-9345,apt_e6c1d884,apt_cb1113d2,2026-09-09T14:50:00+05:30,2026-09-09T22:24:00+05:30,454,0,B737-800,"economy,business",523.347,active,2026-08-18T10:00:00+05:30
flt_78a0580b,arl_077dea23,MH-9698,apt_ebff6148,apt_6be6a548,2026-11-16T17:00:00+05:30,2026-11-16T21:44:00+05:30,284,0,A320neo,"economy,business",334.414,active,2026-08-18T10:00:00+05:30
flt_d0a3ed41,arl_68688da8,NZ-9951,apt_bfd02a38,apt_c0496aae,2026-10-18T13:50:00+05:30,2026-10-18T16:33:00+05:30,163,0,A320neo,"economy,business",145.902,active,2026-08-18T10:00:00+05:30
flt_71514da9,arl_ef62470d,IX-5961,apt_6be6a548,apt_3e80f233,2026-10-04T17:00:00+05:30,2026-10-04T18:06:00+05:30,66,0,ATR-72,economy,28.387,active,2026-08-18T10:00:00+05:30
flt_01e3a180,arl_28f00e8b,EK-7895,apt_757e32fe,apt_bdf57d77,2026-11-27T22:10:00+05:30,2026-11-28T03:00:00+05:30,290,0,B787-8,"economy,business",344.287,active,2026-08-18T10:00:00+05:30
flt_a47da39d,arl_a852cdd9,VJ-1585,apt_eb8717c7,apt_bfd02a38,2026-10-14T09:40:00+05:30,2026-10-14T16:08:00+05:30,388,0,A321,economy,443.589,active,2026-08-18T10:00:00+05:30
flt_e33f29f5,arl_6317d870,UK-9207,apt_cb1113d2,apt_9a8714fa,2026-09-21T13:40:00+05:30,2026-09-21T21:12:00+05:30,452,0,,"economy,business",524.673,active,2026-08-18T10:00:00+05:30
flt_e061491d,arl_68688da8,NZ-3311,apt_2d4c99ed,apt_bfd02a38,2026-10-21T21:30:00+05:30,2026-10-21T23:55:00+05:30,145,0,B787-8,"economy,business",151.009,active,2026-08-18T10:00:00+05:30
flt_877699ae,arl_508d631b,UL-8187,apt_54ebca59,apt_496144db,2026-09-14T17:50:00+05:30,2026-09-14T20:25:00+05:30,155,0,,"economy,business",141.216,active,2026-08-18T10:00:00+05:30
flt_4ae22e6d,arl_7784367f,KB-7647,apt_3e80f233,apt_33c2d61a,2026-11-01T16:50:00+05:30,2026-11-02T02:00:00+05:30,550,0,ATR-72,"economy,business",667.146,active,2026-08-18T10:00:00+05:30
flt_36a09d35,arl_508d631b,UL-1343,apt_757e32fe,apt_eb8717c7,2026-11-24T21:10:00+05:30,2026-11-24T23:38:00+05:30,148,0,B787-8,"economy,business",136.13,active,2026-08-18T10:00:00+05:30
flt_1b0d91c5,arl_2981080f,6E-9334,apt_eb8717c7,apt_30500fc8,2026-10-09T06:00:00+05:30,2026-10-09T10:39:00+05:30,279,0,ATR-72,economy,334.391,active,2026-08-18T10:00:00+05:30
flt_ba8e933e,arl_077dea23,MH-6914,apt_a7ea97c3,apt_5835fac1,2026-10-19T10:30:00+05:30,2026-10-19T12:23:00+05:30,113,0,B737-800,"economy,business",98.754,active,2026-08-18T10:00:00+05:30
flt_1475a49b,arl_4939343e,SG-2184,apt_05897d58,apt_98416c9d,2026-11-02T17:20:00+05:30,2026-11-02T20:01:00+05:30,161,0,A320neo,economy,140.054,active,2026-08-18T10:00:00+05:30
flt_ffcddc06,arl_cbee96ac,GF-464,apt_bfd02a38,apt_eb8717c7,2026-10-26T05:10:00+05:30,2026-10-26T11:40:00+05:30,390,0,,"economy,business",443.589,active,2026-08-18T10:00:00+05:30
flt_22c026d0,arl_077dea23,MH-5351,apt_d3a5784e,apt_ebff6148,2026-09-21T16:50:00+05:30,2026-09-21T21:53:00+05:30,303,0,A320neo,"economy,business",339.961,active,2026-08-18T10:00:00+05:30
flt_51adcc06,arl_1cfc4640,SQ-3262,apt_c077a39a,apt_54ebca59,2026-11-08T15:00:00+05:30,2026-11-08T20:42:00+05:30,342,0,,"economy,business",415.726,active,2026-08-18T10:00:00+05:30
flt_8bb86f22,arl_dbae8242,QR-5925,apt_5835fac1,apt_e6d0e6bf,2026-10-18T10:20:00+05:30,2026-10-18T11:52:00+05:30,92,0,ATR-72,"economy,business",56.919,active,2026-08-18T10:00:00+05:30
flt_1f556b05,arl_a852cdd9,VJ-9445,apt_54ebca59,apt_e6d0e6bf,2026-10-13T05:10:00+05:30,2026-10-13T06:14:00+05:30,64,0,ATR-72,economy,16.948,active,2026-08-18T10:00:00+05:30
flt_cb4159dd,arl_077dea23,MH-480,apt_eb8717c7,apt_33c2d61a,2026-09-15T20:00:00+05:30,2026-09-15T23:43:00+05:30,223,0,ATR-72,"economy,business",229.806,active,2026-08-18T10:00:00+05:30
flt_3bf31507,arl_403656a7,LX-9417,apt_eb8717c7,apt_54ebca59,2026-09-09T11:40:00+05:30,2026-09-09T17:42:00+05:30,362,0,ATR-72,"economy,business",416.3,active,2026-08-18T10:00:00+05:30
flt_9fcff22f,arl_6317d870,UK-5030,apt_30500fc8,apt_05897d58,2026-10-18T08:00:00+05:30,2026-10-18T09:11:00+05:30,71,0,ATR-72,"economy,business",44.016,active,2026-08-18T10:00:00+05:30
flt_c5242a34,arl_077dea23,MH-6962,apt_e6c1d884,apt_a7ea97c3,2026-09-30T16:00:00+05:30,2026-09-30T18:44:00+05:30,164,0,B737-800,"economy,business",154.145,active,2026-08-18T10:00:00+05:30
flt_81557a3d,arl_b97400e0,QP-6630,apt_3e80f233,apt_30500fc8,2026-09-25T18:30:00+05:30,2026-09-25T22:00:00+05:30,210,0,B737-800,economy,216.009,active,2026-08-18T10:00:00+05:30
flt_03ac1abd,arl_692cd6f4,JL-6819,apt_33c2d61a,apt_9a8714fa,2026-10-20T22:20:00+05:30,2026-10-21T06:48:00+05:30,508,1,A321,"economy,business",527.506,active,2026-08-18T10:00:00+05:30
flt_2072ca0f,arl_b97400e0,QP-4071,apt_3e80f233,apt_9dd20d55,2026-11-29T21:20:00+05:30,2026-11-30T02:24:00+05:30,304,1,A321,economy,236.721,active,2026-08-18T10:00:00+05:30
flt_a7db07d0,arl_666b65b1,AC-6006,apt_bfd02a38,apt_33c2d61a,2026-10-06T07:50:00+05:30,2026-10-06T18:23:00+05:30,633,1,B737-800,"economy,business",671.121,active,2026-08-18T10:00:00+05:30
flt_3a4d1cfd,arl_508d631b,UL-2945,apt_3810f0b5,apt_3e80f233,2026-09-22T18:20:00+05:30,2026-09-22T21:28:00+05:30,188,0,A321,"economy,business",181.955,active,2026-08-18T10:00:00+05:30
flt_10ccd2e6,arl_75d2a12c,QF-9281,apt_ee6be440,apt_bdf57d77,2026-09-03T13:40:00+05:30,2026-09-03T16:13:00+05:30,153,0,B737-800,"economy,business",126.44,active,2026-08-18T10:00:00+05:30
flt_3f860cd5,arl_ef62470d,IX-369,apt_3e80f233,apt_496144db,2026-10-21T16:10:00+05:30,2026-10-21T17:38:00+05:30,88,0,B787-8,economy,61.713,active,2026-08-18T10:00:00+05:30
flt_b4ef2924,arl_56da328b,GA-6663,apt_30500fc8,apt_faa26bd2,2026-09-24T16:00:00+05:30,2026-09-24T21:03:00+05:30,303,1,B737-800,"economy,business",224.517,active,2026-08-18T10:00:00+05:30
flt_36dadb2a,arl_a0bf222e,KE-4526,apt_eb8717c7,apt_e6d0e6bf,2026-09-06T13:50:00+05:30,2026-09-06T19:37:00+05:30,347,0,ATR-72,"economy,business",399.395,active,2026-08-18T10:00:00+05:30
flt_9a0e34d3,arl_a487a152,RA-4319,apt_ceec186e,apt_ebff6148,2026-11-20T14:40:00+05:30,2026-11-20T17:33:00+05:30,173,0,B737-800,"economy,business",163.248,active,2026-08-18T10:00:00+05:30
flt_7ff4a4fc,arl_cbee96ac,GF-3947,apt_9a8714fa,apt_bfd02a38,2026-11-05T18:10:00+05:30,2026-11-05T21:02:00+05:30,172,0,A320neo,"economy,business",156.257,active,2026-08-18T10:00:00+05:30
flt_8334a5fe,arl_7f79d7b3,AF-8408,apt_6ddc2fb6,apt_e6c1d884,2026-10-20T13:30:00+05:30,2026-10-20T15:21:00+05:30,111,0,A321,"economy,business",71.316,active,2026-08-18T10:00:00+05:30
flt_a35261dd,arl_75d2a12c,QF-1734,apt_c1f65e85,apt_e6d0e6bf,2026-09-17T09:40:00+05:30,2026-09-17T12:36:00+05:30,176,0,ATR-72,"economy,business",180.169,active,2026-08-18T10:00:00+05:30
flt_b4e99ed1,arl_28f00e8b,EK-8883,apt_30500fc8,apt_c0496aae,2026-10-18T21:00:00+05:30,2026-10-18T22:48:00+05:30,108,0,A321,"economy,business",100.53,active,2026-08-18T10:00:00+05:30
flt_ad78ee1b,arl_403656a7,LX-1081,apt_eb8717c7,apt_757e32fe,2026-10-13T17:20:00+05:30,2026-10-13T19:55:00+05:30,155,0,A321,"economy,business",136.13,active,2026-08-18T10:00:00+05:30
flt_235fc082,arl_6317d870,UK-5457,apt_c0496aae,apt_eb8717c7,2026-11-02T15:40:00+05:30,2026-11-02T20:29:00+05:30,289,0,A321,"economy,business",342.74,active,2026-08-18T10:00:00+05:30
flt_7501dde2,arl_56da328b,GA-4238,apt_d3a5784e,apt_ad38af67,2026-11-15T12:20:00+05:30,2026-11-15T20:12:00+05:30,472,1,B787-8,"economy,business",474.564,active,2026-08-18T10:00:00+05:30
flt_8c802f0e,arl_534d3a8a,LH-9061,apt_98416c9d,apt_3810f0b5,2026-11-21T18:10:00+05:30,2026-11-21T20:37:00+05:30,147,0,B737-800,"economy,business",154.982,active,2026-08-18T10:00:00+05:30
flt_6fd1cfb0,arl_7784367f,KB-1040,apt_bdf57d77,apt_9a8714fa,2026-11-08T06:00:00+05:30,2026-11-08T08:23:00+05:30,143,0,A321,"economy,business",126.681,active,2026-08-18T10:00:00+05:30
flt_38f70092,arl_8ac08b06,CZ-1782,apt_c0496aae,apt_5835fac1,2026-11-16T15:40:00+05:30,2026-11-16T16:24:00+05:30,44,0,A321,"economy,business",1.026,active,2026-08-18T10:00:00+05:30
flt_8e8d0a4c,arl_68688da8,NZ-7214,apt_3810f0b5,apt_e6d0e6bf,2026-10-31T13:00:00+05:30,2026-10-31T15:13:00+05:30,133,0,A320neo,"economy,business",103.942,active,2026-08-18T10:00:00+05:30
flt_89fa659d,arl_6317d870,UK-1514,apt_cb1113d2,apt_6ddc2fb6,2026-10-02T17:30:00+05:30,2026-10-03T01:05:00+05:30,455,0,A321,"economy,business",524.41,active,2026-08-18T10:00:00+05:30
flt_e94c8333,arl_56da328b,GA-2174,apt_c1f65e85,apt_9a8714fa,2026-09-08T05:40:00+05:30,2026-09-08T07:37:00+05:30,117,0,ATR-72,"economy,business",85.961,active,2026-08-18T10:00:00+05:30
flt_6fd34f66,arl_28f00e8b,EK-6056,apt_9dd20d55,apt_5835fac1,2026-11-08T17:00:00+05:30,2026-11-08T22:30:00+05:30,330,1,B787-8,"economy,business",294.449,active,2026-08-18T10:00:00+05:30
flt_ae60392a,arl_a0bf222e,KE-8602,apt_30500fc8,apt_2d4c99ed,2026-11-27T20:50:00+05:30,2026-11-28T01:18:00+05:30,268,1,A320neo,"economy,business",220.861,active,2026-08-18T10:00:00+05:30
flt_dc6f6a86,arl_154ebf3d,EY-2672,apt_2d4c99ed,apt_05897d58,2026-09-13T11:00:00+05:30,2026-09-13T13:44:00+05:30,164,0,ATR-72,"economy,business",179.277,active,2026-08-18T10:00:00+05:30
flt_0aa71aa1,arl_4939343e,SG-7118,apt_ee6be440,apt_6ddc2fb6,2026-11-11T15:00:00+05:30,2026-11-11T17:38:00+05:30,158,0,B737-800,economy,136.834,active,2026-08-18T10:00:00+05:30
flt_5ad23611,arl_b97400e0,QP-7265,apt_2d4c99ed,apt_c0496aae,2026-11-06T15:20:00+05:30,2026-11-06T17:29:00+05:30,129,0,A320neo,economy,135.436,active,2026-08-18T10:00:00+05:30
flt_228fd771,arl_841c6e99,AI-3690,apt_98416c9d,apt_54ebca59,2026-10-03T17:00:00+05:30,2026-10-03T18:22:00+05:30,82,0,B737-800,"economy,business",47.647,active,2026-08-18T10:00:00+05:30
flt_63beaf04,arl_1cfc4640,SQ-3320,apt_c077a39a,apt_496144db,2026-09-24T15:30:00+05:30,2026-09-24T22:41:00+05:30,431,1,ATR-72,"economy,business",394.488,active,2026-08-18T10:00:00+05:30
flt_b12fd9f7,arl_6317d870,UK-7359,apt_ebff6148,apt_757e32fe,2026-09-24T05:30:00+05:30,2026-09-24T06:13:00+05:30,43,0,A321,"economy,business",1.747,active,2026-08-18T10:00:00+05:30
flt_c7cf79ae,arl_666b65b1,AC-5746,apt_2d4c99ed,apt_ceec186e,2026-09-24T09:40:00+05:30,2026-09-24T16:03:00+05:30,383,1,A320neo,"economy,business",333.868,active,2026-08-18T10:00:00+05:30
flt_7df08fdc,arl_666b65b1,AC-2006,apt_e6c1d884,apt_3810f0b5,2026-11-05T14:00:00+05:30,2026-11-05T14:32:00+05:30,32,0,ATR-72,"economy,business",0.758,active,2026-08-18T10:00:00+05:30
flt_bc074fd1,arl_4939343e,SG-2149,apt_eb8717c7,apt_2d4c99ed,2026-11-27T20:20:00+05:30,2026-11-28T00:49:00+05:30,269,0,ATR-72,economy,299.793,active,2026-08-18T10:00:00+05:30
flt_1829bfe1,arl_28f00e8b,EK-2367,apt_d3a5784e,apt_bdf57d77,2026-10-13T17:10:00+05:30,2026-10-13T19:23:00+05:30,133,0,ATR-72,"economy,business",105.995,active,2026-08-18T10:00:00+05:30
flt_c6039c99,arl_403656a7,LX-5581,apt_ceec186e,apt_86c2c516,2026-11-23T21:20:00+05:30,2026-11-24T07:40:00+05:30,620,1,,"economy,business",669.207,active,2026-08-18T10:00:00+05:30
flt_2ead8987,arl_dbae8242,QR-7658,apt_ee6be440,apt_9a8714fa,2026-11-13T08:40:00+05:30,2026-11-13T11:19:00+05:30,159,0,A321,"economy,business",137.609,active,2026-08-18T10:00:00+05:30
flt_b2c75f15,arl_666b65b1,AC-8232,apt_496144db,apt_2d4c99ed,2026-09-30T11:30:00+05:30,2026-09-30T13:36:00+05:30,126,0,A321,"economy,business",99.479,active,2026-08-18T10:00:00+05:30
flt_1fabf500,arl_56da328b,GA-8259,apt_bdf57d77,apt_c0496aae,2026-09-14T14:30:00+05:30,2026-09-14T15:57:00+05:30,87,0,B737-800,"economy,business",71.273,active,2026-08-18T10:00:00+05:30
flt_fcf7fbfa,arl_a852cdd9,VJ-6644,apt_9a8714fa,apt_a7ea97c3,2026-09-07T17:50:00+05:30,2026-09-07T20:33:00+05:30,163,0,A320neo,economy,142.775,active,2026-08-18T10:00:00+05:30
flt_d506e2b6,arl_3a276287,BA-1510,apt_757e32fe,apt_ebff6148,2026-11-03T06:30:00+05:30,2026-11-03T07:00:00+05:30,30,0,B737-800,"economy,business",1.747,active,2026-08-18T10:00:00+05:30
flt_fbdc6bd1,arl_dbae8242,QR-8328,apt_d3a5784e,apt_3810f0b5,2026-10-20T05:50:00+05:30,2026-10-20T08:41:00+05:30,171,0,B737-800,"economy,business",185.283,active,2026-08-18T10:00:00+05:30
flt_6931ffc8,arl_4939343e,SG-9342,apt_6ddc2fb6,apt_2d4c99ed,2026-09-03T08:20:00+05:30,2026-09-03T10:18:00+05:30,118,0,A321,economy,85.547,active,2026-08-18T10:00:00+05:30
flt_9e9e22e9,arl_a852cdd9,VJ-9447,apt_33c2d61a,apt_6ddc2fb6,2026-10-31T05:50:00+05:30,2026-10-31T13:24:00+05:30,454,0,ATR-72,economy,527.244,active,2026-08-18T10:00:00+05:30
flt_788ceb26,arl_dbae8242,QR-4165,apt_cb1113d2,apt_9a8714fa,2026-10-13T22:20:00+05:30,2026-10-14T05:45:00+05:30,445,0,,"economy,business",524.673,active,2026-08-18T10:00:00+05:30
flt_85611f03,arl_a487a152,RA-3155,apt_c0496aae,apt_54ebca59,2026-10-14T19:20:00+05:30,2026-10-14T21:15:00+05:30,115,0,A320neo,"economy,business",74.79,active,2026-08-18T10:00:00+05:30
flt_c7c016a3,arl_7784367f,KB-4623,apt_c1f65e85,apt_3810f0b5,2026-09-26T18:10:00+05:30,2026-09-26T21:01:00+05:30,171,0,ATR-72,"economy,business",158.068,active,2026-08-18T10:00:00+05:30
flt_12cbfe14,arl_508d631b,UL-6522,apt_c077a39a,apt_bdf57d77,2026-09-04T20:00:00+05:30,2026-09-05T02:53:00+05:30,413,1,ATR-72,"economy,business",412.553,active,2026-08-18T10:00:00+05:30
flt_74e2e405,arl_841c6e99,AI-5409,apt_3e80f233,apt_98416c9d,2026-11-07T07:30:00+05:30,2026-11-07T09:01:00+05:30,91,0,B737-800,"economy,business",62.025,active,2026-08-18T10:00:00+05:30
flt_83e3d7a9,arl_3a276287,BA-6058,apt_6be6a548,apt_c1f65e85,2026-10-07T15:50:00+05:30,2026-10-07T18:08:00+05:30,138,0,A321,"economy,business",147.447,active,2026-08-18T10:00:00+05:30
flt_78f996af,arl_b97400e0,QP-7297,apt_3810f0b5,apt_ebff6148,2026-11-19T12:10:00+05:30,2026-11-19T15:53:00+05:30,223,0,,economy,251.537,active,2026-08-18T10:00:00+05:30
flt_01982a06,arl_534d3a8a,LH-627,apt_bdf57d77,apt_e6c1d884,2026-10-09T20:20:00+05:30,2026-10-09T22:35:00+05:30,135,0,ATR-72,"economy,business",117.056,active,2026-08-18T10:00:00+05:30
flt_b7f64abd,arl_a487a152,RA-9151,apt_33c2d61a,apt_2d4c99ed,2026-10-02T21:10:00+05:30,2026-10-03T04:32:00+05:30,442,0,B737-800,"economy,business",523.511,active,2026-08-18T10:00:00+05:30
flt_ca995ed5,arl_2a88a2c3,UA-8783,apt_cb1113d2,apt_757e32fe,2026-09-23T09:40:00+05:30,2026-09-23T14:42:00+05:30,302,0,B737-800,"economy,business",338.86,active,2026-08-18T10:00:00+05:30
flt_951f4ffe,arl_1cfc4640,SQ-837,apt_ceec186e,apt_c1f65e85,2026-09-08T15:10:00+05:30,2026-09-08T19:53:00+05:30,283,0,A320neo,"economy,business",334.393,active,2026-08-18T10:00:00+05:30
flt_bcad0a2f,arl_75d2a12c,QF-1442,apt_496144db,apt_6be6a548,2026-09-17T17:40:00+05:30,2026-09-17T18:49:00+05:30,69,0,A320neo,"economy,business",48.264,active,2026-08-18T10:00:00+05:30
flt_1e45d930,arl_68688da8,NZ-9211,apt_eb8717c7,apt_05897d58,2026-11-19T10:20:00+05:30,2026-11-19T15:20:00+05:30,300,0,ATR-72,"economy,business",329.247,active,2026-08-18T10:00:00+05:30
flt_c443960e,arl_7784367f,KB-9076,apt_c077a39a,apt_faa26bd2,2026-09-23T05:00:00+05:30,2026-09-23T12:11:00+05:30,431,1,B787-8,"economy,business",395.314,active,2026-08-18T10:00:00+05:30
flt_a778e1ed,arl_b97400e0,QP-6318,apt_a7ea97c3,apt_98416c9d,2026-11-01T18:50:00+05:30,2026-11-01T19:20:00+05:30,30,0,B737-800,economy,1.558,active,2026-08-18T10:00:00+05:30
flt_6c084a40,arl_a852cdd9,VJ-8901,apt_faa26bd2,apt_e6d0e6bf,2026-10-23T21:10:00+05:30,2026-10-23T23:26:00+05:30,136,0,B737-800,economy,133.308,active,2026-08-18T10:00:00+05:30
flt_7ec5f66e,arl_534d3a8a,LH-6878,apt_bfd02a38,apt_6be6a548,2026-09-13T18:40:00+05:30,2026-09-13T19:13:00+05:30,33,0,ATR-72,"economy,business",3.673,active,2026-08-18T10:00:00+05:30
flt_6abae3b3,arl_a852cdd9,VJ-6908,apt_6be6a548,apt_496144db,2026-09-13T12:30:00+05:30,2026-09-13T13:39:00+05:30,69,0,B787-8,economy,48.264,active,2026-08-18T10:00:00+05:30
flt_d9b88094,arl_841c6e99,AI-8051,apt_c0496aae,apt_33c2d61a,2026-10-01T09:00:00+05:30,2026-10-01T18:11:00+05:30,551,1,A320neo,"economy,business",571.563,active,2026-08-18T10:00:00+05:30
flt_fb87a860,arl_c56d378a,TG-146,apt_c0496aae,apt_54ebca59,2026-10-12T06:00:00+05:30,2026-10-12T07:47:00+05:30,107,0,ATR-72,"economy,business",74.79,active,2026-08-18T10:00:00+05:30
flt_21eaa406,arl_ef62470d,IX-8641,apt_c0496aae,apt_ee6be440,2026-10-29T07:30:00+05:30,2026-10-29T09:26:00+05:30,116,0,ATR-72,economy,101.811,active,2026-08-18T10:00:00+05:30
flt_60d417d5,arl_28f00e8b,EK-4198,apt_496144db,apt_c077a39a,2026-11-17T12:50:00+05:30,2026-11-17T19:45:00+05:30,415,1,A320neo,"economy,business",394.488,active,2026-08-18T10:00:00+05:30
flt_674defaa,arl_28f00e8b,EK-563,apt_ee6be440,apt_cb1113d2,2026-09-24T14:30:00+05:30,2026-09-24T23:36:00+05:30,546,1,,"economy,business",549.05,active,2026-08-18T10:00:00+05:30
flt_b4c8a282,arl_6317d870,UK-3446,apt_ad38af67,apt_98416c9d,2026-11-05T08:50:00+05:30,2026-11-05T15:45:00+05:30,415,0,A320neo,"economy,business",475.046,active,2026-08-18T10:00:00+05:30
flt_95068a0c,arl_508d631b,UL-276,apt_33c2d61a,apt_faa26bd2,2026-11-02T11:30:00+05:30,2026-11-02T20:11:00+05:30,521,0,ATR-72,"economy,business",622.2,active,2026-08-18T10:00:00+05:30
flt_410d408b,arl_534d3a8a,LH-4841,apt_bfd02a38,apt_faa26bd2,2026-09-26T08:10:00+05:30,2026-09-26T09:15:00+05:30,65,0,A321,"economy,business",49.999,active,2026-08-18T10:00:00+05:30
flt_e40448e2,arl_2981080f,6E-9266,apt_5377e1f8,apt_33c2d61a,2026-10-13T16:30:00+05:30,2026-10-14T01:24:00+05:30,534,1,B737-800,economy,555.174,active,2026-08-18T10:00:00+05:30
flt_ba4fd63d,arl_154ebf3d,EY-5047,apt_a7ea97c3,apt_ee6be440,2026-11-09T20:50:00+05:30,2026-11-09T23:41:00+05:30,171,0,ATR-72,"economy,business",173.146,active,2026-08-18T10:00:00+05:30
flt_c089936e,arl_a852cdd9,VJ-9609,apt_ee6be440,apt_54ebca59,2026-10-23T06:50:00+05:30,2026-10-23T09:14:00+05:30,144,0,B787-8,economy,126.998,active,2026-08-18T10:00:00+05:30
flt_c7e22580,arl_692cd6f4,JL-7998,apt_6ddc2fb6,apt_ad38af67,2026-11-12T21:50:00+05:30,2026-11-13T04:15:00+05:30,385,1,A321,"economy,business",332.555,active,2026-08-18T10:00:00+05:30
flt_8499662b,arl_2981080f,6E-8396,apt_2d4c99ed,apt_d3a5784e,2026-09-26T11:40:00+05:30,2026-09-26T14:13:00+05:30,153,0,B737-800,economy,154.997,active,2026-08-18T10:00:00+05:30
flt_9191968e,arl_077dea23,MH-8366,apt_ebff6148,apt_5835fac1,2026-10-02T19:40:00+05:30,2026-10-02T23:44:00+05:30,244,0,ATR-72,"economy,business",274.641,active,2026-08-18T10:00:00+05:30
flt_158a77d2,arl_a852cdd9,VJ-3749,apt_05897d58,apt_ebff6148,2026-09-09T15:50:00+05:30,2026-09-09T21:38:00+05:30,348,1,,economy,283.554,active,2026-08-18T10:00:00+05:30
flt_bb17ac9a,arl_6317d870,UK-7995,apt_bfd02a38,apt_e6c1d884,2026-10-29T17:50:00+05:30,2026-10-29T21:16:00+05:30,206,0,A320neo,"economy,business",201.951,active,2026-08-18T10:00:00+05:30
flt_d0c92049,arl_7f79d7b3,AF-2148,apt_2d4c99ed,apt_9dd20d55,2026-09-07T08:00:00+05:30,2026-09-07T13:48:00+05:30,348,0,ATR-72,"economy,business",387.599,active,2026-08-18T10:00:00+05:30
flt_5930108d,arl_2a88a2c3,UA-2175,apt_5377e1f8,apt_6be6a548,2026-11-11T18:20:00+05:30,2026-11-11T21:15:00+05:30,175,0,ATR-72,"economy,business",196.146,active,2026-08-18T10:00:00+05:30
flt_75072d6f,arl_666b65b1,AC-1472,apt_86c2c516,apt_3e80f233,2026-11-24T05:50:00+05:30,2026-11-24T09:42:00+05:30,232,0,A320neo,"economy,business",233.286,active,2026-08-18T10:00:00+05:30
flt_a06ad67a,arl_b97400e0,QP-9439,apt_bfd02a38,apt_ebff6148,2026-11-12T11:20:00+05:30,2026-11-12T16:06:00+05:30,286,0,B787-8,economy,337.918,active,2026-08-18T10:00:00+05:30
flt_f7604113,arl_dbae8242,QR-369,apt_6ddc2fb6,apt_30500fc8,2026-10-11T17:50:00+05:30,2026-10-11T20:03:00+05:30,133,0,ATR-72,"economy,business",135.343,active,2026-08-18T10:00:00+05:30
flt_c4495731,arl_4939343e,SG-3242,apt_2d4c99ed,apt_30500fc8,2026-10-22T13:20:00+05:30,2026-10-22T16:58:00+05:30,218,0,B737-800,economy,220.861,active,2026-08-18T10:00:00+05:30
flt_a9562191,arl_1cfc4640,SQ-7925,apt_faa26bd2,apt_ee6be440,2026-11-04T05:50:00+05:30,2026-11-04T10:50:00+05:30,300,1,A321,"economy,business",225.763,active,2026-08-18T10:00:00+05:30
flt_2d3711bd,arl_403656a7,LX-5738,apt_eb8717c7,apt_3e80f233,2026-09-20T22:40:00+05:30,2026-09-21T04:54:00+05:30,374,0,A320neo,"economy,business",438.121,active,2026-08-18T10:00:00+05:30
flt_31161ed4,arl_ef62470d,IX-282,apt_496144db,apt_c1f65e85,2026-11-12T18:30:00+05:30,2026-11-12T20:32:00+05:30,122,0,B737-800,economy,99.34,active,2026-08-18T10:00:00+05:30
flt_985cab86,arl_a852cdd9,VJ-167,apt_ad38af67,apt_d3a5784e,2026-09-10T05:40:00+05:30,2026-09-10T12:14:00+05:30,394,0,B787-8,economy,474.564,active,2026-08-18T10:00:00+05:30
flt_68d6cec8,arl_1cfc4640,SQ-5719,apt_08ebf678,apt_ee6be440,2026-11-17T18:50:00+05:30,2026-11-17T21:03:00+05:30,133,0,A320neo,"economy,business",113.926,active,2026-08-18T10:00:00+05:30
flt_86c57349,arl_2981080f,6E-6552,apt_30500fc8,apt_bdf57d77,2026-10-24T11:10:00+05:30,2026-10-24T13:39:00+05:30,149,0,A320neo,economy,125.835,active,2026-08-18T10:00:00+05:30
flt_a3c9d616,arl_666b65b1,AC-1009,apt_3e80f233,apt_e6d0e6bf,2026-09-11T07:10:00+05:30,2026-09-11T09:13:00+05:30,123,0,A321,"economy,business",105.882,active,2026-08-18T10:00:00+05:30
flt_9499888b,arl_666b65b1,AC-2882,apt_3810f0b5,apt_2d4c99ed,2026-11-21T09:10:00+05:30,2026-11-21T11:38:00+05:30,148,0,,"economy,business",156.862,active,2026-08-18T10:00:00+05:30
flt_b3794e62,arl_a852cdd9,VJ-8590,apt_5377e1f8,apt_54ebca59,2026-10-14T13:00:00+05:30,2026-10-14T14:40:00+05:30,100,0,B737-800,economy,96.833,active,2026-08-18T10:00:00+05:30
flt_f0c4f4a2,arl_666b65b1,AC-7123,apt_faa26bd2,apt_33c2d61a,2026-09-26T11:00:00+05:30,2026-09-26T19:48:00+05:30,528,0,A321,"economy,business",622.2,active,2026-08-18T10:00:00+05:30
flt_f731ac4e,arl_28f00e8b,EK-8437,apt_c077a39a,apt_3810f0b5,2026-09-17T06:40:00+05:30,2026-09-17T12:37:00+05:30,357,1,A320neo,"economy,business",299.533,active,2026-08-18T10:00:00+05:30
flt_3fd7bb8f,arl_154ebf3d,EY-6750,apt_ee6be440,apt_6be6a548,2026-09-30T13:20:00+05:30,2026-09-30T18:30:00+05:30,310,1,,"economy,business",239.849,active,2026-08-18T10:00:00+05:30
flt_812087b0,arl_7784367f,KB-2989,apt_05897d58,apt_faa26bd2,2026-11-14T10:00:00+05:30,2026-11-14T12:51:00+05:30,171,0,A320neo,"economy,business",181.228,active,2026-08-18T10:00:00+05:30
flt_e46b2d69,arl_2a88a2c3,UA-2923,apt_2d4c99ed,apt_e6d0e6bf,2026-11-19T14:00:00+05:30,2026-11-19T16:58:00+05:30,178,0,A320neo,"economy,business",179.341,active,2026-08-18T10:00:00+05:30
flt_0294f780,arl_7f79d7b3,AF-3974,apt_ebff6148,apt_496144db,2026-10-19T10:10:00+05:30,2026-10-19T15:52:00+05:30,342,1,ATR-72,"economy,business",286.492,active,2026-08-18T10:00:00+05:30
flt_4c62709f,arl_2a88a2c3,UA-2530,apt_6be6a548,apt_3e80f233,2026-09-17T07:10:00+05:30,2026-09-17T08:06:00+05:30,56,0,A320neo,"economy,business",28.387,active,2026-08-18T10:00:00+05:30
flt_b15dfe9f,arl_3a276287,BA-5695,apt_ad38af67,apt_757e32fe,2026-09-12T07:40:00+05:30,2026-09-12T10:11:00+05:30,151,0,B737-800,"economy,business",163.367,active,2026-08-18T10:00:00+05:30
flt_7ff2f143,arl_a852cdd9,VJ-6080,apt_c0496aae,apt_98416c9d,2026-10-20T13:00:00+05:30,2026-10-20T15:13:00+05:30,133,0,B737-800,economy,100.164,active,2026-08-18T10:00:00+05:30
flt_2b2376f2,arl_2fae0fe3,KU-9038,apt_bfd02a38,apt_a7ea97c3,2026-10-10T09:20:00+05:30,2026-10-10T11:24:00+05:30,124,0,A321,"economy,business",89.714,active,2026-08-18T10:00:00+05:30
flt_fb7b0779,arl_508d631b,UL-8866,apt_54ebca59,apt_05897d58,2026-11-15T14:40:00+05:30,2026-11-15T16:35:00+05:30,115,0,A321,"economy,business",99.142,active,2026-08-18T10:00:00+05:30
flt_7383d501,arl_534d3a8a,LH-3706,apt_bdf57d77,apt_757e32fe,2026-09-10T21:40:00+05:30,2026-09-11T03:44:00+05:30,364,1,B737-800,"economy,business",344.287,active,2026-08-18T10:00:00+05:30
flt_d61a8e60,arl_1cfc4640,SQ-2974,apt_ebff6148,apt_bdf57d77,2026-10-26T13:40:00+05:30,2026-10-26T18:33:00+05:30,293,0,A320neo,"economy,business",343.548,active,2026-08-18T10:00:00+05:30
flt_d56e043f,arl_2981080f,6E-3438,apt_6ddc2fb6,apt_c077a39a,2026-09-30T15:20:00+05:30,2026-09-30T20:58:00+05:30,338,1,,economy,297.006,active,2026-08-18T10:00:00+05:30
flt_8bcd4d1d,arl_8ac08b06,CZ-9267,apt_98416c9d,apt_e6c1d884,2026-10-20T05:30:00+05:30,2026-10-20T08:05:00+05:30,155,0,B787-8,"economy,business",154.399,active,2026-08-18T10:00:00+05:30
flt_d4e363c8,arl_7784367f,KB-8368,apt_05897d58,apt_d3a5784e,2026-09-07T15:40:00+05:30,2026-09-07T18:27:00+05:30,167,0,A320neo,"economy,business",180.707,active,2026-08-18T10:00:00+05:30
flt_dd82287f,arl_cbee96ac,GF-2284,apt_e6d0e6bf,apt_33c2d61a,2026-09-05T09:40:00+05:30,2026-09-05T18:04:00+05:30,504,0,B787-8,"economy,business",627.442,active,2026-08-18T10:00:00+05:30
flt_c60e6a2e,arl_75d2a12c,QF-1875,apt_3810f0b5,apt_c1f65e85,2026-11-07T17:10:00+05:30,2026-11-07T19:55:00+05:30,165,0,A320neo,"economy,business",158.068,active,2026-08-18T10:00:00+05:30
flt_58ad1ed4,arl_1cfc4640,SQ-6026,apt_cb1113d2,apt_3810f0b5,2026-09-18T11:50:00+05:30,2026-09-18T19:01:00+05:30,431,0,A321,"economy,business",523.015,active,2026-08-18T10:00:00+05:30
flt_3e7652e9,arl_28f00e8b,EK-8271,apt_a7ea97c3,apt_30500fc8,2026-11-15T11:10:00+05:30,2026-11-15T13:58:00+05:30,168,0,A320neo,"economy,business",172.447,active,2026-08-18T10:00:00+05:30
flt_7ad03ad4,arl_841c6e99,AI-3102,apt_5835fac1,apt_e6d0e6bf,2026-10-09T17:00:00+05:30,2026-10-09T18:24:00+05:30,84,0,B787-8,"economy,business",56.919,active,2026-08-18T10:00:00+05:30
flt_4a1c349d,arl_b97400e0,QP-6554,apt_05897d58,apt_9a8714fa,2026-10-25T19:30:00+05:30,2026-10-25T21:38:00+05:30,128,0,ATR-72,economy,94.682,active,2026-08-18T10:00:00+05:30
flt_d8d5b840,arl_666b65b1,AC-5948,apt_08ebf678,apt_c0496aae,2026-09-10T13:10:00+05:30,2026-09-10T14:52:00+05:30,102,0,B787-8,"economy,business",58.183,active,2026-08-18T10:00:00+05:30
flt_a44fb26b,arl_7784367f,KB-9689,apt_ad38af67,apt_98416c9d,2026-10-26T07:00:00+05:30,2026-10-26T14:41:00+05:30,461,1,ATR-72,"economy,business",475.046,active,2026-08-18T10:00:00+05:30
flt_98617e54,arl_692cd6f4,JL-4134,apt_9dd20d55,apt_ceec186e,2026-10-03T13:20:00+05:30,2026-10-03T22:16:00+05:30,536,0,B787-8,"economy,business",671.818,active,2026-08-18T10:00:00+05:30
flt_553f9ca5,arl_841c6e99,AI-2933,apt_3810f0b5,apt_eb8717c7,2026-09-10T05:30:00+05:30,2026-09-10T11:22:00+05:30,352,1,B737-800,"economy,business",300.179,active,2026-08-18T10:00:00+05:30
flt_7146c067,arl_534d3a8a,LH-4177,apt_faa26bd2,apt_cb1113d2,2026-10-27T14:30:00+05:30,2026-10-28T00:13:00+05:30,583,1,B787-8,"economy,business",619.512,active,2026-08-18T10:00:00+05:30
flt_49133302,arl_b97400e0,QP-7100,apt_08ebf678,apt_c0496aae,2026-11-28T18:40:00+05:30,2026-11-28T19:59:00+05:30,79,0,ATR-72,economy,58.183,active,2026-08-18T10:00:00+05:30
flt_ca66f83e,arl_2a88a2c3,UA-7836,apt_ceec186e,apt_2d4c99ed,2026-11-20T12:10:00+05:30,2026-11-20T17:02:00+05:30,292,0,ATR-72,"economy,business",333.868,active,2026-08-18T10:00:00+05:30
flt_bb0c8162,arl_692cd6f4,JL-1847,apt_757e32fe,apt_e6c1d884,2026-10-30T13:20:00+05:30,2026-10-30T16:59:00+05:30,219,0,B737-800,"economy,business",252.55,active,2026-08-18T10:00:00+05:30
flt_a1aa091a,arl_75d2a12c,QF-2325,apt_c0496aae,apt_2d4c99ed,2026-09-09T07:50:00+05:30,2026-09-09T09:58:00+05:30,128,0,ATR-72,"economy,business",135.436,active,2026-08-18T10:00:00+05:30
flt_bfae8c8d,arl_a0bf222e,KE-5733,apt_98416c9d,apt_9dd20d55,2026-09-09T20:50:00+05:30,2026-09-10T00:19:00+05:30,209,0,B737-800,"economy,business",205.085,active,2026-08-18T10:00:00+05:30
flt_a7df3293,arl_a0bf222e,KE-5486,apt_d3a5784e,apt_08ebf678,2026-09-03T19:30:00+05:30,2026-09-03T21:44:00+05:30,134,0,A320neo,"economy,business",112.743,active,2026-08-18T10:00:00+05:30
flt_ac3a5f17,arl_3a276287,BA-6257,apt_ebff6148,apt_3e80f233,2026-09-14T08:50:00+05:30,2026-09-14T15:19:00+05:30,389,1,B737-800,"economy,business",339.407,active,2026-08-18T10:00:00+05:30
flt_1d41b0ad,arl_403656a7,LX-2255,apt_ceec186e,apt_98416c9d,2026-09-09T06:40:00+05:30,2026-09-09T14:23:00+05:30,463,1,B787-8,"economy,business",474.947,active,2026-08-18T10:00:00+05:30
flt_fda5ec46,arl_28f00e8b,EK-880,apt_54ebca59,apt_a7ea97c3,2026-10-17T17:00:00+05:30,2026-10-17T18:28:00+05:30,88,0,A320neo,"economy,business",48.377,active,2026-08-18T10:00:00+05:30
flt_c6719713,arl_a0bf222e,KE-7623,apt_cb1113d2,apt_faa26bd2,2026-10-08T21:10:00+05:30,2026-10-09T07:03:00+05:30,593,1,B737-800,"economy,business",619.512,active,2026-08-18T10:00:00+05:30
flt_c15a50bb,arl_cbee96ac,GF-744,apt_6ddc2fb6,apt_3810f0b5,2026-09-29T17:50:00+05:30,2026-09-29T19:13:00+05:30,83,0,A321,"economy,business",71.984,active,2026-08-18T10:00:00+05:30
flt_af3257de,arl_508d631b,UL-3581,apt_5835fac1,apt_6ddc2fb6,2026-11-12T22:40:00+05:30,2026-11-13T00:05:00+05:30,85,0,ATR-72,"economy,business",59.63,active,2026-08-18T10:00:00+05:30
flt_48b9d594,arl_8ac08b06,CZ-4768,apt_a7ea97c3,apt_d3a5784e,2026-10-06T05:00:00+05:30,2026-10-06T06:13:00+05:30,73,0,B787-8,"economy,business",64.458,active,2026-08-18T10:00:00+05:30
flt_24c05b41,arl_c56d378a,TG-6754,apt_86c2c516,apt_9a8714fa,2026-11-24T10:30:00+05:30,2026-11-24T15:29:00+05:30,299,0,,"economy,business",344.085,active,2026-08-18T10:00:00+05:30
flt_3b51bedf,arl_077dea23,MH-6846,apt_ee6be440,apt_3810f0b5,2026-09-30T05:40:00+05:30,2026-09-30T07:12:00+05:30,92,0,A320neo,"economy,business",66.59,active,2026-08-18T10:00:00+05:30
flt_6760b604,arl_a0bf222e,KE-6519,apt_c077a39a,apt_6be6a548,2026-10-27T12:00:00+05:30,2026-10-27T19:32:00+05:30,452,1,ATR-72,"economy,business",439.646,active,2026-08-18T10:00:00+05:30
flt_b20e7a80,arl_3a276287,BA-9833,apt_6ddc2fb6,apt_3810f0b5,2026-10-25T07:50:00+05:30,2026-10-25T09:27:00+05:30,97,0,A320neo,"economy,business",71.984,active,2026-08-18T10:00:00+05:30
flt_8e110c18,arl_28f00e8b,EK-5372,apt_2d4c99ed,apt_3810f0b5,2026-11-09T07:30:00+05:30,2026-11-09T10:05:00+05:30,155,0,B787-8,"economy,business",156.862,active,2026-08-18T10:00:00+05:30
flt_2a93833d,arl_28f00e8b,EK-3259,apt_9a8714fa,apt_33c2d61a,2026-10-07T17:00:00+05:30,2026-10-08T00:18:00+05:30,438,0,ATR-72,"economy,business",527.506,active,2026-08-18T10:00:00+05:30
flt_00325c58,arl_3a276287,BA-6070,apt_cb1113d2,apt_9a8714fa,2026-11-11T07:50:00+05:30,2026-11-11T16:34:00+05:30,524,1,A320neo,"economy,business",524.673,active,2026-08-18T10:00:00+05:30
flt_21f8865a,arl_403656a7,LX-9489,apt_c077a39a,apt_3e80f233,2026-10-25T08:40:00+05:30,2026-10-25T16:06:00+05:30,446,1,ATR-72,"economy,business",437.774,active,2026-08-18T10:00:00+05:30
flt_dc7fedea,arl_692cd6f4,JL-9497,apt_757e32fe,apt_33c2d61a,2026-10-24T20:30:00+05:30,2026-10-25T02:49:00+05:30,379,1,,"economy,business",341.33,active,2026-08-18T10:00:00+05:30
flt_57b384fd,arl_154ebf3d,EY-9140,apt_30500fc8,apt_cb1113d2,2026-11-08T22:20:00+05:30,2026-11-09T07:22:00+05:30,542,1,B787-8,"economy,business",548.423,active,2026-08-18T10:00:00+05:30
flt_bf40a3d2,arl_c56d378a,TG-3641,apt_d3a5784e,apt_54ebca59,2026-09-09T07:00:00+05:30,2026-09-09T09:05:00+05:30,125,0,ATR-72,"economy,business",108.003,active,2026-08-18T10:00:00+05:30
flt_dfac0f59,arl_534d3a8a,LH-2780,apt_cb1113d2,apt_6ddc2fb6,2026-09-25T05:40:00+05:30,2026-09-25T13:01:00+05:30,441,0,B737-800,"economy,business",524.41,active,2026-08-18T10:00:00+05:30
flt_03f68194,arl_3a276287,BA-8776,apt_2d4c99ed,apt_3810f0b5,2026-10-10T05:50:00+05:30,2026-10-10T08:46:00+05:30,176,0,A320neo,"economy,business",156.862,active,2026-08-18T10:00:00+05:30
flt_4c34addf,arl_7784367f,KB-1897,apt_2d4c99ed,apt_757e32fe,2026-09-26T22:00:00+05:30,2026-09-27T00:50:00+05:30,170,0,B737-800,"economy,business",187.061,active,2026-08-18T10:00:00+05:30
flt_9315173d,arl_841c6e99,AI-9145,apt_30500fc8,apt_cb1113d2,2026-11-07T13:00:00+05:30,2026-11-07T21:35:00+05:30,515,1,B737-800,"economy,business",548.423,active,2026-08-18T10:00:00+05:30
flt_d7173fec,arl_508d631b,UL-3125,apt_ceec186e,apt_e6d0e6bf,2026-10-19T11:10:00+05:30,2026-10-19T17:37:00+05:30,387,0,,"economy,business",433.912,active,2026-08-18T10:00:00+05:30
flt_f1b9e044,arl_2a88a2c3,UA-3661,apt_ebff6148,apt_c1f65e85,2026-11-16T05:30:00+05:30,2026-11-16T08:32:00+05:30,182,0,A320neo,"economy,business",187.219,active,2026-08-18T10:00:00+05:30
flt_b0c89d02,arl_b97400e0,QP-2982,apt_30500fc8,apt_ceec186e,2026-11-16T07:40:00+05:30,2026-11-16T13:00:00+05:30,320,0,A321,economy,366.079,active,2026-08-18T10:00:00+05:30
flt_9151b3ed,arl_508d631b,UL-8536,apt_6ddc2fb6,apt_faa26bd2,2026-11-25T20:50:00+05:30,2026-11-25T23:18:00+05:30,148,0,ATR-72,"economy,business",117.994,active,2026-08-18T10:00:00+05:30
flt_c9411b27,arl_077dea23,MH-8024,apt_ad38af67,apt_6be6a548,2026-09-06T06:00:00+05:30,2026-09-06T13:42:00+05:30,462,1,A321,"economy,business",474.573,active,2026-08-18T10:00:00+05:30
flt_0dbbe13f,arl_28f00e8b,EK-3201,apt_faa26bd2,apt_2d4c99ed,2026-09-04T14:50:00+05:30,2026-09-04T16:40:00+05:30,110,0,ATR-72,"economy,business",101.013,active,2026-08-18T10:00:00+05:30
flt_213e3f34,arl_403656a7,LX-2961,apt_ceec186e,apt_c0496aae,2026-10-15T13:30:00+05:30,2026-10-15T19:56:00+05:30,386,1,A321,"economy,business",377.457,active,2026-08-18T10:00:00+05:30
flt_3b11f4b2,arl_077dea23,MH-435,apt_08ebf678,apt_d3a5784e,2026-09-30T20:20:00+05:30,2026-09-30T22:29:00+05:30,129,0,A320neo,"economy,business",112.743,active,2026-08-18T10:00:00+05:30
flt_023df9b2,arl_ef62470d,IX-2655,apt_5835fac1,apt_bfd02a38,2026-10-29T16:30:00+05:30,2026-10-29T19:07:00+05:30,157,0,B787-8,economy,145.423,active,2026-08-18T10:00:00+05:30
flt_dce3511c,arl_c56d378a,TG-9500,apt_eb8717c7,apt_5377e1f8,2026-10-19T06:40:00+05:30,2026-10-19T12:53:00+05:30,373,1,A321,"economy,business",331.071,active,2026-08-18T10:00:00+05:30
flt_dac47d7d,arl_7f79d7b3,AF-1422,apt_05897d58,apt_08ebf678,2026-11-11T13:40:00+05:30,2026-11-11T15:20:00+05:30,100,0,,"economy,business",83.05,active,2026-08-18T10:00:00+05:30
flt_0a459f89,arl_c56d378a,TG-502,apt_05897d58,apt_c1f65e85,2026-11-07T05:10:00+05:30,2026-11-07T08:24:00+05:30,194,0,A320neo,"economy,business",180.435,active,2026-08-18T10:00:00+05:30
flt_9bc34b43,arl_2a88a2c3,UA-3897,apt_496144db,apt_c0496aae,2026-11-09T20:20:00+05:30,2026-11-09T22:30:00+05:30,130,0,A320neo,"economy,business",125.96,active,2026-08-18T10:00:00+05:30
flt_8c7a8829,arl_4939343e,SG-7842,apt_54ebca59,apt_5835fac1,2026-09-17T16:30:00+05:30,2026-09-17T18:08:00+05:30,98,0,A321,economy,73.766,active,2026-08-18T10:00:00+05:30
flt_5632746c,arl_8ac08b06,CZ-2838,apt_ee6be440,apt_08ebf678,2026-09-03T18:30:00+05:30,2026-09-03T20:41:00+05:30,131,0,A320neo,"economy,business",113.926,active,2026-08-18T10:00:00+05:30
flt_694e921e,arl_841c6e99,AI-4826,apt_ebff6148,apt_a7ea97c3,2026-10-04T05:40:00+05:30,2026-10-04T11:08:00+05:30,328,0,A321,"economy,business",356.482,active,2026-08-18T10:00:00+05:30
flt_9559c1b9,arl_ef62470d,IX-393,apt_757e32fe,apt_33c2d61a,2026-09-25T10:00:00+05:30,2026-09-25T16:32:00+05:30,392,1,ATR-72,economy,341.33,active,2026-08-18T10:00:00+05:30
flt_4a97ecc7,arl_6317d870,UK-4406,apt_757e32fe,apt_faa26bd2,2026-10-29T05:20:00+05:30,2026-10-29T10:56:00+05:30,336,1,A321,"economy,business",288.019,active,2026-08-18T10:00:00+05:30
flt_af9a1d3c,arl_2981080f,6E-8831,apt_a7ea97c3,apt_ad38af67,2026-11-26T07:50:00+05:30,2026-11-26T16:00:00+05:30,490,1,ATR-72,economy,474.257,active,2026-08-18T10:00:00+05:30
flt_cd1beef2,arl_28f00e8b,EK-3817,apt_3e80f233,apt_bfd02a38,2026-11-05T18:20:00+05:30,2026-11-05T19:28:00+05:30,68,0,ATR-72,"economy,business",29.225,active,2026-08-18T10:00:00+05:30
flt_b4c8c9b8,arl_dbae8242,QR-8306,apt_eb8717c7,apt_bfd02a38,2026-10-11T16:10:00+05:30,2026-10-11T23:55:00+05:30,465,1,B737-800,"economy,business",443.589,active,2026-08-18T10:00:00+05:30
flt_403bde91,arl_2981080f,6E-5834,apt_3810f0b5,apt_08ebf678,2026-11-13T13:10:00+05:30,2026-11-13T15:22:00+05:30,132,0,ATR-72,economy,102.864,active,2026-08-18T10:00:00+05:30
flt_7ebacd80,arl_3a276287,BA-3349,apt_54ebca59,apt_bfd02a38,2026-11-27T13:50:00+05:30,2026-11-27T16:24:00+05:30,154,0,,"economy,business",132.907,active,2026-08-18T10:00:00+05:30
flt_f02f5593,arl_666b65b1,AC-5901,apt_757e32fe,apt_cb1113d2,2026-09-15T06:20:00+05:30,2026-09-15T12:38:00+05:30,378,1,B737-800,"economy,business",338.86,active,2026-08-18T10:00:00+05:30
flt_8da2829c,arl_a0bf222e,KE-8345,apt_3e80f233,apt_c0496aae,2026-09-05T17:50:00+05:30,2026-09-05T20:02:00+05:30,132,0,A320neo,"economy,business",124.106,active,2026-08-18T10:00:00+05:30
flt_8620a4ac,arl_666b65b1,AC-9176,apt_5377e1f8,apt_98416c9d,2026-09-06T16:40:00+05:30,2026-09-06T19:09:00+05:30,149,0,B787-8,"economy,business",137.742,active,2026-08-18T10:00:00+05:30
flt_148602cc,arl_154ebf3d,EY-4213,apt_6ddc2fb6,apt_6be6a548,2026-10-06T16:50:00+05:30,2026-10-06T19:10:00+05:30,140,0,A320neo,"economy,business",153.267,active,2026-08-18T10:00:00+05:30
flt_b7a15e18,arl_a852cdd9,VJ-6849,apt_5835fac1,apt_e6d0e6bf,2026-11-24T13:50:00+05:30,2026-11-24T15:08:00+05:30,78,0,B737-800,economy,56.919,active,2026-08-18T10:00:00+05:30
flt_fbae16ab,arl_ef62470d,IX-2027,apt_bfd02a38,apt_cb1113d2,2026-11-29T11:50:00+05:30,2026-11-29T22:13:00+05:30,623,1,A320neo,economy,668.41,active,2026-08-18T10:00:00+05:30
flt_2a76c778,arl_a0bf222e,KE-4473,apt_ceec186e,apt_496144db,2026-11-21T09:50:00+05:30,2026-11-21T16:12:00+05:30,382,0,B737-800,"economy,business",429.389,active,2026-08-18T10:00:00+05:30
flt_17b5cb5c,arl_1cfc4640,SQ-6094,apt_86c2c516,apt_9a8714fa,2026-10-07T10:50:00+05:30,2026-10-07T16:03:00+05:30,313,0,B737-800,"economy,business",344.085,active,2026-08-18T10:00:00+05:30
flt_0adb5292,arl_508d631b,UL-2104,apt_3810f0b5,apt_08ebf678,2026-11-03T06:40:00+05:30,2026-11-03T08:26:00+05:30,106,0,ATR-72,"economy,business",102.864,active,2026-08-18T10:00:00+05:30
flt_2cbf9d39,arl_dbae8242,QR-6030,apt_98416c9d,apt_86c2c516,2026-10-16T21:10:00+05:30,2026-10-17T00:20:00+05:30,190,0,B787-8,"economy,business",201.97,active,2026-08-18T10:00:00+05:30
flt_86446b3b,arl_a0bf222e,KE-3645,apt_2d4c99ed,apt_c0496aae,2026-11-20T11:00:00+05:30,2026-11-20T13:16:00+05:30,136,0,B737-800,"economy,business",135.436,active,2026-08-18T10:00:00+05:30
flt_7f250e31,arl_7784367f,KB-9419,apt_d3a5784e,apt_ceec186e,2026-10-05T16:20:00+05:30,2026-10-05T23:10:00+05:30,410,0,B737-800,"economy,business",474.696,active,2026-08-18T10:00:00+05:30
flt_cd8eebb9,arl_c56d378a,TG-3659,apt_9a8714fa,apt_30500fc8,2026-09-11T08:40:00+05:30,2026-09-11T11:20:00+05:30,160,0,A321,"economy,business",136.119,active,2026-08-18T10:00:00+05:30
flt_4032d807,arl_68688da8,NZ-590,apt_30500fc8,apt_c1f65e85,2026-11-13T11:10:00+05:30,2026-11-13T16:10:00+05:30,300,1,B787-8,"economy,business",222.047,active,2026-08-18T10:00:00+05:30
flt_69d41f6e,arl_2fae0fe3,KU-7451,apt_cb1113d2,apt_6ddc2fb6,2026-09-01T14:20:00+05:30,2026-09-01T21:49:00+05:30,449,0,A321,"economy,business",524.41,active,2026-08-18T10:00:00+05:30
flt_bb8635d6,arl_2981080f,6E-9731,apt_ceec186e,apt_c077a39a,2026-10-10T06:50:00+05:30,2026-10-10T07:57:00+05:30,67,0,A321,economy,35.534,active,2026-08-18T10:00:00+05:30
flt_bb48aec0,arl_cbee96ac,GF-8352,apt_9a8714fa,apt_05897d58,2026-11-23T21:20:00+05:30,2026-11-23T23:19:00+05:30,119,0,,"economy,business",94.682,active,2026-08-18T10:00:00+05:30
flt_930a7652,arl_666b65b1,AC-7675,apt_5377e1f8,apt_ebff6148,2026-09-25T22:20:00+05:30,2026-09-26T02:25:00+05:30,245,0,ATR-72,"economy,business",284.614,active,2026-08-18T10:00:00+05:30
flt_ac5f9a9d,arl_a852cdd9,VJ-4939,apt_3810f0b5,apt_bfd02a38,2026-11-05T09:00:00+05:30,2026-11-05T12:29:00+05:30,209,0,B737-800,economy,202.686,active,2026-08-18T10:00:00+05:30
flt_a9d736e7,arl_2981080f,6E-2305,apt_d3a5784e,apt_05897d58,2026-09-24T21:50:00+05:30,2026-09-25T00:31:00+05:30,161,0,B787-8,economy,180.707,active,2026-08-18T10:00:00+05:30
flt_821d53a1,arl_75d2a12c,QF-2554,apt_bfd02a38,apt_eb8717c7,2026-10-29T11:30:00+05:30,2026-10-29T17:42:00+05:30,372,0,B787-8,"economy,business",443.589,active,2026-08-18T10:00:00+05:30
flt_75b09f69,arl_a852cdd9,VJ-9341,apt_5377e1f8,apt_05897d58,2026-09-17T15:20:00+05:30,2026-09-17T15:57:00+05:30,37,0,ATR-72,economy,2.323,active,2026-08-18T10:00:00+05:30
flt_28516c59,arl_2fae0fe3,KU-8511,apt_496144db,apt_bfd02a38,2026-10-23T21:00:00+05:30,2026-10-23T22:05:00+05:30,65,0,ATR-72,"economy,business",51.644,active,2026-08-18T10:00:00+05:30
flt_9e4e8b47,arl_4939343e,SG-5924,apt_9dd20d55,apt_05897d58,2026-09-10T16:20:00+05:30,2026-09-10T22:17:00+05:30,357,1,B787-8,economy,312.564,active,2026-08-18T10:00:00+05:30
flt_d238f83e,arl_7784367f,KB-7707,apt_3810f0b5,apt_9a8714fa,2026-10-24T21:30:00+05:30,2026-10-24T23:05:00+05:30,95,0,A320neo,"economy,business",72.799,active,2026-08-18T10:00:00+05:30
flt_63d02971,arl_3a276287,BA-8570,apt_98416c9d,apt_c077a39a,2026-09-28T10:50:00+05:30,2026-09-28T18:17:00+05:30,447,1,B737-800,"economy,business",439.485,active,2026-08-18T10:00:00+05:30
flt_87301636,arl_2a88a2c3,UA-4344,apt_faa26bd2,apt_c0496aae,2026-11-27T19:50:00+05:30,2026-11-27T22:21:00+05:30,151,0,ATR-72,"economy,business",124.139,active,2026-08-18T10:00:00+05:30
flt_1ebb7c52,arl_6317d870,UK-6793,apt_e6d0e6bf,apt_6ddc2fb6,2026-10-13T16:20:00+05:30,2026-10-13T18:12:00+05:30,112,0,B787-8,"economy,business",114.214,active,2026-08-18T10:00:00+05:30
flt_dc828ed9,arl_a487a152,RA-9562,apt_6ddc2fb6,apt_98416c9d,2026-09-17T10:50:00+05:30,2026-09-17T13:05:00+05:30,135,0,A320neo,"economy,business",143.847,active,2026-08-18T10:00:00+05:30
flt_898576f7,arl_28f00e8b,EK-912,apt_ad38af67,apt_86c2c516,2026-10-03T12:00:00+05:30,2026-10-03T22:14:00+05:30,614,1,B737-800,"economy,business",669.473,active,2026-08-18T10:00:00+05:30
flt_98b7a134,arl_a852cdd9,VJ-584,apt_6ddc2fb6,apt_98416c9d,2026-09-09T06:20:00+05:30,2026-09-09T08:36:00+05:30,136,0,ATR-72,economy,143.847,active,2026-08-18T10:00:00+05:30
flt_baadf68d,arl_666b65b1,AC-4598,apt_54ebca59,apt_c0496aae,2026-11-09T05:10:00+05:30,2026-11-09T06:53:00+05:30,103,0,B737-800,"economy,business",74.79,active,2026-08-18T10:00:00+05:30
flt_4be0dcc0,arl_3a276287,BA-5684,apt_9dd20d55,apt_6ddc2fb6,2026-11-27T10:10:00+05:30,2026-11-27T15:09:00+05:30,299,0,ATR-72,"economy,business",347.07,active,2026-08-18T10:00:00+05:30
flt_f652a7b3,arl_841c6e99,AI-9589,apt_ceec186e,apt_3810f0b5,2026-10-31T07:30:00+05:30,2026-10-31T13:51:00+05:30,381,1,ATR-72,"economy,business",334.014,active,2026-08-18T10:00:00+05:30
flt_e5837af6,arl_077dea23,MH-4037,apt_54ebca59,apt_9dd20d55,2026-11-02T21:10:00+05:30,2026-11-03T00:46:00+05:30,216,0,A321,"economy,business",221.2,active,2026-08-18T10:00:00+05:30
flt_6c49fcf1,arl_077dea23,MH-266,apt_86c2c516,apt_3e80f233,2026-11-21T18:10:00+05:30,2026-11-21T23:18:00+05:30,308,1,A321,"economy,business",233.286,active,2026-08-18T10:00:00+05:30
flt_7a020b1a,arl_a487a152,RA-908,apt_5835fac1,apt_ee6be440,2026-11-27T19:50:00+05:30,2026-11-27T21:50:00+05:30,120,0,B787-8,"economy,business",101.887,active,2026-08-18T10:00:00+05:30
flt_430bc604,arl_68688da8,NZ-4954,apt_faa26bd2,apt_e6c1d884,2026-10-09T09:00:00+05:30,2026-10-09T11:53:00+05:30,173,0,B737-800,"economy,business",174.711,active,2026-08-18T10:00:00+05:30
flt_9e1254db,arl_a487a152,RA-2396,apt_9dd20d55,apt_9a8714fa,2026-09-01T10:00:00+05:30,2026-09-01T14:54:00+05:30,294,0,ATR-72,"economy,business",347.046,active,2026-08-18T10:00:00+05:30
flt_bb7da611,arl_7784367f,KB-4599,apt_ee6be440,apt_496144db,2026-10-18T22:50:00+05:30,2026-10-19T02:34:00+05:30,224,0,ATR-72,"economy,business",227.654,active,2026-08-18T10:00:00+05:30
flt_529c385b,arl_508d631b,UL-7087,apt_faa26bd2,apt_ad38af67,2026-11-25T20:50:00+05:30,2026-11-26T02:58:00+05:30,368,0,B787-8,"economy,business",429.993,active,2026-08-18T10:00:00+05:30
flt_2ce47049,arl_1cfc4640,SQ-6039,apt_d3a5784e,apt_6ddc2fb6,2026-11-12T22:00:00+05:30,2026-11-13T00:22:00+05:30,142,0,A321,"economy,business",146.653,active,2026-08-18T10:00:00+05:30
flt_e8c97c7f,arl_154ebf3d,EY-7366,apt_e6c1d884,apt_cb1113d2,2026-11-19T10:30:00+05:30,2026-11-19T18:01:00+05:30,451,0,A321,"economy,business",523.347,active,2026-08-18T10:00:00+05:30
flt_00a6d9f0,arl_b97400e0,QP-5865,apt_05897d58,apt_bdf57d77,2026-11-16T10:50:00+05:30,2026-11-16T12:44:00+05:30,114,0,B737-800,economy,97.369,active,2026-08-18T10:00:00+05:30
flt_853e418e,arl_8ac08b06,CZ-1896,apt_5835fac1,apt_2d4c99ed,2026-11-29T06:50:00+05:30,2026-11-29T09:23:00+05:30,153,0,ATR-72,"economy,business",136.057,active,2026-08-18T10:00:00+05:30
flt_e83c79eb,arl_c56d378a,TG-5258,apt_496144db,apt_05897d58,2026-09-14T11:20:00+05:30,2026-09-14T14:27:00+05:30,187,0,A321,"economy,business",183.028,active,2026-08-18T10:00:00+05:30
flt_6f5069a4,arl_154ebf3d,EY-6475,apt_c0496aae,apt_c1f65e85,2026-09-19T13:50:00+05:30,2026-09-19T16:00:00+05:30,130,0,B787-8,"economy,business",136.461,active,2026-08-18T10:00:00+05:30
flt_4420583d,arl_c56d378a,TG-6182,apt_ebff6148,apt_e6d0e6bf,2026-11-28T11:20:00+05:30,2026-11-28T17:32:00+05:30,372,1,A320neo,"economy,business",330.93,active,2026-08-18T10:00:00+05:30
flt_8fa11fb2,arl_666b65b1,AC-1097,apt_ebff6148,apt_5835fac1,2026-09-07T15:20:00+05:30,2026-09-07T19:31:00+05:30,251,0,A321,"economy,business",274.641,active,2026-08-18T10:00:00+05:30
flt_6f03aafb,arl_692cd6f4,JL-2189,apt_2d4c99ed,apt_bdf57d77,2026-10-10T12:40:00+05:30,2026-10-10T15:57:00+05:30,197,0,A321,"economy,business",188.388,active,2026-08-18T10:00:00+05:30
flt_0743a28f,arl_666b65b1,AC-4631,apt_9dd20d55,apt_86c2c516,2026-09-12T10:10:00+05:30,2026-09-12T10:41:00+05:30,31,0,A321,"economy,business",3.544,active,2026-08-18T10:00:00+05:30
flt_15dd3dd4,arl_28f00e8b,EK-5521,apt_496144db,apt_ad38af67,2026-09-26T19:30:00+05:30,2026-09-27T02:42:00+05:30,432,1,ATR-72,"economy,business",429.111,active,2026-08-18T10:00:00+05:30
flt_510e9c55,arl_534d3a8a,LH-2281,apt_eb8717c7,apt_bfd02a38,2026-10-07T14:50:00+05:30,2026-10-07T22:18:00+05:30,448,1,B737-800,"economy,business",443.589,active,2026-08-18T10:00:00+05:30
flt_ca5598e3,arl_508d631b,UL-7452,apt_757e32fe,apt_08ebf678,2026-11-02T18:10:00+05:30,2026-11-02T23:00:00+05:30,290,0,A321,"economy,business",332.282,active,2026-08-18T10:00:00+05:30
flt_de049fc9,arl_841c6e99,AI-7400,apt_757e32fe,apt_c0496aae,2026-11-17T20:30:00+05:30,2026-11-18T00:56:00+05:30,266,0,,"economy,business",274.46,active,2026-08-18T10:00:00+05:30
flt_72d948dd,arl_154ebf3d,EY-3765,apt_bdf57d77,apt_eb8717c7,2026-11-15T06:10:00+05:30,2026-11-15T12:00:00+05:30,350,0,B737-800,"economy,business",413.121,active,2026-08-18T10:00:00+05:30
flt_1a3b77ef,arl_3a276287,BA-3121,apt_ebff6148,apt_ceec186e,2026-09-10T18:40:00+05:30,2026-09-10T21:37:00+05:30,177,0,A321,"economy,business",163.248,active,2026-08-18T10:00:00+05:30
flt_eb87a22f,arl_692cd6f4,JL-3426,apt_5377e1f8,apt_3e80f233,2026-11-12T15:50:00+05:30,2026-11-12T18:27:00+05:30,157,0,B737-800,"economy,business",174.906,active,2026-08-18T10:00:00+05:30
flt_8c365f39,arl_692cd6f4,JL-6757,apt_ebff6148,apt_05897d58,2026-09-02T19:50:00+05:30,2026-09-02T23:55:00+05:30,245,0,B737-800,"economy,business",283.554,active,2026-08-18T10:00:00+05:30
flt_c60593e3,arl_dbae8242,QR-6543,apt_54ebca59,apt_bdf57d77,2026-09-15T06:00:00+05:30,2026-09-15T06:31:00+05:30,31,0,B737-800,"economy,business",3.999,active,2026-08-18T10:00:00+05:30
flt_5f9b5c02,arl_1cfc4640,SQ-9459,apt_98416c9d,apt_757e32fe,2026-11-09T05:30:00+05:30,2026-11-09T12:09:00+05:30,399,1,A321,"economy,business",358.142,active,2026-08-18T10:00:00+05:30
flt_ddb9f016,arl_a852cdd9,VJ-6891,apt_5377e1f8,apt_30500fc8,2026-10-24T09:10:00+05:30,2026-10-24T10:21:00+05:30,71,0,B737-800,economy,45.395,active,2026-08-18T10:00:00+05:30
flt_23123ea3,arl_56da328b,GA-8803,apt_6be6a548,apt_ad38af67,2026-09-22T10:20:00+05:30,2026-09-22T16:52:00+05:30,392,0,,"economy,business",474.573,active,2026-08-18T10:00:00+05:30
flt_95e37314,arl_a852cdd9,VJ-1559,apt_eb8717c7,apt_bfd02a38,2026-11-05T07:20:00+05:30,2026-11-05T13:37:00+05:30,377,0,B787-8,economy,443.589,active,2026-08-18T10:00:00+05:30
flt_b560320e,arl_7f79d7b3,AF-9481,apt_86c2c516,apt_c0496aae,2026-09-04T11:30:00+05:30,2026-09-04T15:58:00+05:30,268,0,B787-8,"economy,business",292.709,active,2026-08-18T10:00:00+05:30
flt_89cda791,arl_56da328b,GA-7995,apt_2d4c99ed,apt_eb8717c7,2026-09-11T05:30:00+05:30,2026-09-11T09:56:00+05:30,266,0,ATR-72,"economy,business",299.793,active,2026-08-18T10:00:00+05:30
flt_bb9c15e9,arl_154ebf3d,EY-7414,apt_e6c1d884,apt_c0496aae,2026-11-12T07:20:00+05:30,2026-11-12T08:32:00+05:30,72,0,ATR-72,"economy,business",57.362,active,2026-08-18T10:00:00+05:30
flt_2e96ca3d,arl_2981080f,6E-1969,apt_496144db,apt_05897d58,2026-10-09T16:10:00+05:30,2026-10-09T19:18:00+05:30,188,0,B737-800,economy,183.028,active,2026-08-18T10:00:00+05:30
flt_6d9447af,arl_75d2a12c,QF-8907,apt_c1f65e85,apt_bfd02a38,2026-11-23T09:00:00+05:30,2026-11-23T11:39:00+05:30,159,0,B737-800,"economy,business",150.902,active,2026-08-18T10:00:00+05:30
flt_f42e97cf,arl_534d3a8a,LH-6553,apt_ceec186e,apt_6be6a548,2026-09-05T17:10:00+05:30,2026-09-06T01:15:00+05:30,485,1,,"economy,business",474.791,active,2026-08-18T10:00:00+05:30
flt_8388ded5,arl_7784367f,KB-672,apt_86c2c516,apt_3e80f233,2026-10-20T20:30:00+05:30,2026-10-21T00:16:00+05:30,226,0,ATR-72,"economy,business",233.286,active,2026-08-18T10:00:00+05:30
flt_021fe0bc,arl_508d631b,UL-8073,apt_98416c9d,apt_54ebca59,2026-09-09T17:10:00+05:30,2026-09-09T18:25:00+05:30,75,0,A321,"economy,business",47.647,active,2026-08-18T10:00:00+05:30
flt_571d8abf,arl_6317d870,UK-9291,apt_33c2d61a,apt_6ddc2fb6,2026-09-02T16:20:00+05:30,2026-09-02T23:53:00+05:30,453,0,A320neo,"economy,business",527.244,active,2026-08-18T10:00:00+05:30
flt_db3917d5,arl_56da328b,GA-4054,apt_54ebca59,apt_98416c9d,2026-10-30T05:30:00+05:30,2026-10-30T06:44:00+05:30,74,0,B787-8,"economy,business",47.647,active,2026-08-18T10:00:00+05:30
flt_cdf8cecc,arl_dbae8242,QR-7583,apt_9dd20d55,apt_98416c9d,2026-10-12T18:00:00+05:30,2026-10-12T21:21:00+05:30,201,0,,"economy,business",205.085,active,2026-08-18T10:00:00+05:30
flt_d5b13fab,arl_c56d378a,TG-1495,apt_54ebca59,apt_bdf57d77,2026-09-10T16:10:00+05:30,2026-09-10T16:45:00+05:30,35,0,B737-800,"economy,business",3.999,active,2026-08-18T10:00:00+05:30
flt_168dcc58,arl_1cfc4640,SQ-3413,apt_c077a39a,apt_c1f65e85,2026-09-23T12:10:00+05:30,2026-09-23T16:40:00+05:30,270,0,B787-8,"economy,business",300.204,active,2026-08-18T10:00:00+05:30
flt_4a1c29b8,arl_666b65b1,AC-5530,apt_757e32fe,apt_ebff6148,2026-09-23T22:10:00+05:30,2026-09-23T22:38:00+05:30,28,0,B787-8,"economy,business",1.747,active,2026-08-18T10:00:00+05:30
flt_5074b0d4,arl_c56d378a,TG-264,apt_496144db,apt_3e80f233,2026-11-15T20:20:00+05:30,2026-11-15T21:53:00+05:30,93,0,ATR-72,"economy,business",61.713,active,2026-08-18T10:00:00+05:30
flt_6e22c7c9,arl_b97400e0,QP-9658,apt_5377e1f8,apt_30500fc8,2026-09-30T08:40:00+05:30,2026-09-30T10:10:00+05:30,90,0,B737-800,economy,45.395,active,2026-08-18T10:00:00+05:30
flt_0d8d335e,arl_7f79d7b3,AF-4804,apt_33c2d61a,apt_d3a5784e,2026-11-29T09:20:00+05:30,2026-11-29T18:24:00+05:30,544,0,B737-800,"economy,business",668.519,active,2026-08-18T10:00:00+05:30
flt_a14d8a5b,arl_ef62470d,IX-2893,apt_ebff6148,apt_e6c1d884,2026-09-06T13:20:00+05:30,2026-09-06T18:21:00+05:30,301,1,B787-8,economy,251.437,active,2026-08-18T10:00:00+05:30
flt_21aa96a5,arl_8ac08b06,CZ-7063,apt_9dd20d55,apt_e6d0e6bf,2026-10-02T09:50:00+05:30,2026-10-02T13:24:00+05:30,214,0,A321,"economy,business",238.136,active,2026-08-18T10:00:00+05:30
flt_c5a60507,arl_2a88a2c3,UA-6466,apt_e6d0e6bf,apt_30500fc8,2026-09-12T15:20:00+05:30,2026-09-12T17:18:00+05:30,118,0,A320neo,"economy,business",115.614,active,2026-08-18T10:00:00+05:30
flt_3d3a6ea5,arl_75d2a12c,QF-1222,apt_d3a5784e,apt_cb1113d2,2026-10-02T12:50:00+05:30,2026-10-02T22:12:00+05:30,562,0,B787-8,"economy,business",665.758,active,2026-08-18T10:00:00+05:30
flt_3af5f3d2,arl_a852cdd9,VJ-781,apt_ebff6148,apt_c0496aae,2026-09-01T15:30:00+05:30,2026-09-01T19:34:00+05:30,244,0,B787-8,economy,273.647,active,2026-08-18T10:00:00+05:30
flt_0bfd23df,arl_68688da8,NZ-3875,apt_33c2d61a,apt_d3a5784e,2026-11-13T14:40:00+05:30,2026-11-13T23:30:00+05:30,530,0,A320neo,"economy,business",668.519,active,2026-08-18T10:00:00+05:30
flt_1f44c5d5,arl_1cfc4640,SQ-4098,apt_9dd20d55,apt_33c2d61a,2026-09-30T16:30:00+05:30,2026-10-01T05:15:00+05:30,765,1,,"economy,business",864.664,active,2026-08-18T10:00:00+05:30
flt_77bb44ac,arl_dbae8242,QR-6219,apt_bdf57d77,apt_ad38af67,2026-10-20T11:50:00+05:30,2026-10-20T18:23:00+05:30,393,0,B787-8,"economy,business",447.891,active,2026-08-18T10:00:00+05:30
flt_b9183065,arl_2fae0fe3,KU-141,apt_d3a5784e,apt_5835fac1,2026-10-14T17:40:00+05:30,2026-10-14T19:52:00+05:30,132,0,ATR-72,"economy,business",126.922,active,2026-08-18T10:00:00+05:30
flt_17140182,arl_a0bf222e,KE-1967,apt_c0496aae,apt_d3a5784e,2026-11-26T19:40:00+05:30,2026-11-26T22:10:00+05:30,150,0,,"economy,business",127.513,active,2026-08-18T10:00:00+05:30
flt_87ff4d17,arl_a487a152,RA-7864,apt_5835fac1,apt_a7ea97c3,2026-10-18T19:10:00+05:30,2026-10-18T21:09:00+05:30,119,0,A320neo,"economy,business",98.754,active,2026-08-18T10:00:00+05:30
flt_09327502,arl_ef62470d,IX-5756,apt_86c2c516,apt_5835fac1,2026-10-06T15:50:00+05:30,2026-10-06T21:13:00+05:30,323,1,A321,economy,291.684,active,2026-08-18T10:00:00+05:30
flt_4de3b025,arl_b97400e0,QP-835,apt_757e32fe,apt_5835fac1,2026-11-18T21:40:00+05:30,2026-11-19T01:45:00+05:30,245,0,B737-800,economy,275.453,active,2026-08-18T10:00:00+05:30
flt_5e1cc316,arl_534d3a8a,LH-3395,apt_e6d0e6bf,apt_c0496aae,2026-09-30T19:50:00+05:30,2026-09-30T21:18:00+05:30,88,0,A320neo,"economy,business",57.941,active,2026-08-18T10:00:00+05:30
flt_6d37bc4e,arl_1cfc4640,SQ-4273,apt_bdf57d77,apt_33c2d61a,2026-11-13T21:10:00+05:30,2026-11-14T07:06:00+05:30,596,1,A321,"economy,business",641.212,active,2026-08-18T10:00:00+05:30
flt_e754f2be,arl_077dea23,MH-5145,apt_bfd02a38,apt_faa26bd2,2026-10-28T22:10:00+05:30,2026-10-28T23:40:00+05:30,90,0,B737-800,"economy,business",49.999,active,2026-08-18T10:00:00+05:30
flt_3a6b75ce,arl_3a276287,BA-677,apt_ceec186e,apt_c077a39a,2026-09-29T13:10:00+05:30,2026-09-29T14:16:00+05:30,66,0,A321,"economy,business",35.534,active,2026-08-18T10:00:00+05:30
flt_e48a9f82,arl_841c6e99,AI-5141,apt_3e80f233,apt_9dd20d55,2026-09-20T13:20:00+05:30,2026-09-20T18:06:00+05:30,286,1,,"economy,business",236.721,active,2026-08-18T10:00:00+05:30
flt_6afb9880,arl_dbae8242,QR-3525,apt_3810f0b5,apt_54ebca59,2026-09-27T17:40:00+05:30,2026-09-27T19:46:00+05:30,126,0,B787-8,"economy,business",120.062,active,2026-08-18T10:00:00+05:30
flt_7133fb1e,arl_7f79d7b3,AF-115,apt_a7ea97c3,apt_cb1113d2,2026-09-24T16:00:00+05:30,2026-09-25T01:19:00+05:30,559,0,ATR-72,"economy,business",665.928,active,2026-08-18T10:00:00+05:30
flt_60f89206,arl_ef62470d,IX-2228,apt_faa26bd2,apt_05897d58,2026-11-09T06:50:00+05:30,2026-11-09T09:42:00+05:30,172,0,B737-800,economy,181.228,active,2026-08-18T10:00:00+05:30
flt_c4c95f7a,arl_2a88a2c3,UA-2271,apt_33c2d61a,apt_5835fac1,2026-11-03T07:30:00+05:30,2026-11-03T16:35:00+05:30,545,1,ATR-72,"economy,business",572.569,active,2026-08-18T10:00:00+05:30
flt_8744dc23,arl_68688da8,NZ-4451,apt_98416c9d,apt_6ddc2fb6,2026-09-11T06:00:00+05:30,2026-09-11T08:18:00+05:30,138,0,B737-800,"economy,business",143.847,active,2026-08-18T10:00:00+05:30
flt_efdcce5a,arl_c56d378a,TG-2049,apt_ceec186e,apt_c1f65e85,2026-09-21T13:40:00+05:30,2026-09-21T19:55:00+05:30,375,1,A321,"economy,business",334.393,active,2026-08-18T10:00:00+05:30
flt_86cbffa8,arl_a0bf222e,KE-9537,apt_33c2d61a,apt_d3a5784e,2026-09-01T13:30:00+05:30,2026-09-01T22:37:00+05:30,547,0,ATR-72,"economy,business",668.519,active,2026-08-18T10:00:00+05:30
flt_27ecd9a5,arl_534d3a8a,LH-320,apt_54ebca59,apt_2d4c99ed,2026-09-16T20:00:00+05:30,2026-09-16T23:04:00+05:30,184,0,A321,"economy,business",192.371,active,2026-08-18T10:00:00+05:30
flt_7aa109f8,arl_692cd6f4,JL-1444,apt_c0496aae,apt_a7ea97c3,2026-09-22T09:40:00+05:30,2026-09-22T11:26:00+05:30,106,0,A320neo,"economy,business",99.685,active,2026-08-18T10:00:00+05:30
flt_bcc84581,arl_403656a7,LX-5905,apt_ad38af67,apt_cb1113d2,2026-10-01T12:50:00+05:30,2026-10-01T15:50:00+05:30,180,0,B737-800,"economy,business",191.855,active,2026-08-18T10:00:00+05:30
flt_397e6b59,arl_c56d378a,TG-7711,apt_d3a5784e,apt_54ebca59,2026-10-21T15:10:00+05:30,2026-10-21T17:30:00+05:30,140,0,A320neo,"economy,business",108.003,active,2026-08-18T10:00:00+05:30
flt_0261bbf8,arl_cbee96ac,GF-3696,apt_ad38af67,apt_496144db,2026-09-26T12:10:00+05:30,2026-09-26T19:35:00+05:30,445,1,,"economy,business",429.111,active,2026-08-18T10:00:00+05:30
flt_ec03e4f8,arl_534d3a8a,LH-7383,apt_9dd20d55,apt_ceec186e,2026-11-18T09:00:00+05:30,2026-11-18T18:23:00+05:30,563,0,A321,"economy,business",671.818,active,2026-08-18T10:00:00+05:30
flt_ecab2605,arl_508d631b,UL-7055,apt_54ebca59,apt_c1f65e85,2026-09-23T19:10:00+05:30,2026-09-23T22:20:00+05:30,190,0,A320neo,"economy,business",193.144,active,2026-08-18T10:00:00+05:30
flt_f948d45d,arl_28f00e8b,EK-3989,apt_ceec186e,apt_05897d58,2026-11-28T19:20:00+05:30,2026-11-29T00:22:00+05:30,302,0,A321,"economy,business",362.64,active,2026-08-18T10:00:00+05:30
flt_6fd1e1fa,arl_a0bf222e,KE-848,apt_bdf57d77,apt_5835fac1,2026-09-04T10:40:00+05:30,2026-09-04T12:29:00+05:30,109,0,ATR-72,"economy,business",70.248,active,2026-08-18T10:00:00+05:30
flt_f84354e5,arl_dbae8242,QR-8531,apt_a7ea97c3,apt_c0496aae,2026-10-15T05:20:00+05:30,2026-10-15T07:22:00+05:30,122,0,B737-800,"economy,business",99.685,active,2026-08-18T10:00:00+05:30
flt_39ef5769,arl_7784367f,KB-2273,apt_6ddc2fb6,apt_bdf57d77,2026-09-19T11:50:00+05:30,2026-09-19T13:56:00+05:30,126,0,B787-8,"economy,business",126.534,active,2026-08-18T10:00:00+05:30
flt_25a5ff5b,arl_dbae8242,QR-2068,apt_ceec186e,apt_05897d58,2026-09-01T15:50:00+05:30,2026-09-01T21:21:00+05:30,331,0,A321,"economy,business",362.64,active,2026-08-18T10:00:00+05:30
flt_ae1cc96e,arl_2981080f,6E-8235,apt_3810f0b5,apt_05897d58,2026-10-01T12:40:00+05:30,2026-10-01T13:31:00+05:30,51,0,ATR-72,economy,32.022,active,2026-08-18T10:00:00+05:30
flt_5e738ed4,arl_c56d378a,TG-2738,apt_98416c9d,apt_bdf57d77,2026-10-14T13:50:00+05:30,2026-10-14T14:52:00+05:30,62,0,ATR-72,"economy,business",47.125,active,2026-08-18T10:00:00+05:30
flt_ba0e8f4f,arl_7f79d7b3,AF-789,apt_98416c9d,apt_ceec186e,2026-09-08T05:10:00+05:30,2026-09-08T11:56:00+05:30,406,0,A320neo,"economy,business",474.947,active,2026-08-18T10:00:00+05:30
flt_19570471,arl_2981080f,6E-5385,apt_2d4c99ed,apt_c0496aae,2026-09-21T08:00:00+05:30,2026-09-21T10:14:00+05:30,134,0,B787-8,economy,135.436,active,2026-08-18T10:00:00+05:30
flt_2d442c3d,arl_403656a7,LX-6560,apt_9a8714fa,apt_86c2c516,2026-11-19T09:20:00+05:30,2026-11-19T15:40:00+05:30,380,1,A321,"economy,business",344.085,active,2026-08-18T10:00:00+05:30
flt_08ca5dd4,arl_8ac08b06,CZ-8254,apt_86c2c516,apt_5377e1f8,2026-10-13T09:40:00+05:30,2026-10-13T15:14:00+05:30,334,1,B737-800,"economy,business",308.148,active,2026-08-18T10:00:00+05:30
flt_0bf6ad42,arl_28f00e8b,EK-2036,apt_ad38af67,apt_cb1113d2,2026-09-02T22:00:00+05:30,2026-09-03T01:20:00+05:30,200,0,A320neo,"economy,business",191.855,active,2026-08-18T10:00:00+05:30
flt_e498471d,arl_28f00e8b,EK-9685,apt_c077a39a,apt_5377e1f8,2026-11-21T16:10:00+05:30,2026-11-21T21:01:00+05:30,291,0,B787-8,"economy,business",330.394,active,2026-08-18T10:00:00+05:30
flt_a2924572,arl_2a88a2c3,UA-1487,apt_54ebca59,apt_5835fac1,2026-09-12T20:30:00+05:30,2026-09-12T22:24:00+05:30,114,0,ATR-72,"economy,business",73.766,active,2026-08-18T10:00:00+05:30
flt_3841a76a,arl_3a276287,BA-344,apt_c1f65e85,apt_a7ea97c3,2026-10-21T09:30:00+05:30,2026-10-21T12:31:00+05:30,181,0,A321,"economy,business",184.885,active,2026-08-18T10:00:00+05:30
flt_114fdc38,arl_75d2a12c,QF-5252,apt_3e80f233,apt_6ddc2fb6,2026-11-21T20:10:00+05:30,2026-11-21T22:27:00+05:30,137,0,B787-8,"economy,business",144.417,active,2026-08-18T10:00:00+05:30
flt_4bf173ba,arl_a487a152,RA-4346,apt_6be6a548,apt_c1f65e85,2026-09-21T11:30:00+05:30,2026-09-21T13:49:00+05:30,139,0,,"economy,business",147.447,active,2026-08-18T10:00:00+05:30
flt_b8a967c7,arl_2a88a2c3,UA-500,apt_faa26bd2,apt_9a8714fa,2026-10-17T18:20:00+05:30,2026-10-17T20:25:00+05:30,125,0,B787-8,"economy,business",117.288,active,2026-08-18T10:00:00+05:30
flt_cce65c85,arl_2fae0fe3,KU-887,apt_6be6a548,apt_a7ea97c3,2026-11-16T15:40:00+05:30,2026-11-16T17:15:00+05:30,95,0,B737-800,"economy,business",89.008,active,2026-08-18T10:00:00+05:30
flt_11e79597,arl_8ac08b06,CZ-3592,apt_33c2d61a,apt_86c2c516,2026-11-29T09:20:00+05:30,2026-11-29T20:52:00+05:30,692,0,B787-8,"economy,business",862.157,active,2026-08-18T10:00:00+05:30
flt_b55a4ef1,arl_a852cdd9,VJ-8001,apt_86c2c516,apt_ad38af67,2026-11-11T05:00:00+05:30,2026-11-11T14:04:00+05:30,544,0,A321,economy,669.473,active,2026-08-18T10:00:00+05:30
flt_a3a3ecb4,arl_ef62470d,IX-4394,apt_ebff6148,apt_757e32fe,2026-10-30T12:40:00+05:30,2026-10-30T13:38:00+05:30,58,0,B787-8,economy,1.747,active,2026-08-18T10:00:00+05:30
flt_6ea41ba6,arl_dbae8242,QR-2242,apt_ee6be440,apt_d3a5784e,2026-09-26T18:50:00+05:30,2026-09-26T22:16:00+05:30,206,0,,"economy,business",220.829,active,2026-08-18T10:00:00+05:30
flt_c76935d2,arl_dbae8242,QR-1829,apt_faa26bd2,apt_54ebca59,2026-09-14T14:00:00+05:30,2026-09-14T16:31:00+05:30,151,0,ATR-72,"economy,business",138.526,active,2026-08-18T10:00:00+05:30
flt_4f6bc69e,arl_c56d378a,TG-3960,apt_86c2c516,apt_3810f0b5,2026-09-09T20:20:00+05:30,2026-09-10T01:31:00+05:30,311,0,B737-800,"economy,business",336.296,active,2026-08-18T10:00:00+05:30
flt_2cb25780,arl_a0bf222e,KE-2736,apt_ee6be440,apt_54ebca59,2026-11-06T16:20:00+05:30,2026-11-06T18:29:00+05:30,129,0,B737-800,"economy,business",126.998,active,2026-08-18T10:00:00+05:30
flt_61273d76,arl_154ebf3d,EY-3449,apt_ad38af67,apt_6be6a548,2026-10-08T09:10:00+05:30,2026-10-08T16:52:00+05:30,462,1,B787-8,"economy,business",474.573,active,2026-08-18T10:00:00+05:30
flt_c3a604aa,arl_a487a152,RA-8485,apt_c077a39a,apt_e6d0e6bf,2026-10-08T09:40:00+05:30,2026-10-08T16:22:00+05:30,402,1,B787-8,"economy,business",398.825,active,2026-08-18T10:00:00+05:30
flt_c6e7ce58,arl_2981080f,6E-4836,apt_ceec186e,apt_98416c9d,2026-09-18T22:30:00+05:30,2026-09-19T05:00:00+05:30,390,0,A321,economy,474.947,active,2026-08-18T10:00:00+05:30
flt_91fa7b1a,arl_dbae8242,QR-2256,apt_d3a5784e,apt_ceec186e,2026-09-30T12:30:00+05:30,2026-09-30T18:57:00+05:30,387,0,A320neo,"economy,business",474.696,active,2026-08-18T10:00:00+05:30
flt_f03224b8,arl_dbae8242,QR-6692,apt_9a8714fa,apt_ceec186e,2026-10-03T05:20:00+05:30,2026-10-03T11:16:00+05:30,356,1,ATR-72,"economy,business",332.804,active,2026-08-18T10:00:00+05:30
flt_111b7c31,arl_2a88a2c3,UA-7095,apt_e6d0e6bf,apt_cb1113d2,2026-10-07T12:00:00+05:30,2026-10-07T21:37:00+05:30,577,1,A320neo,"economy,business",624.529,active,2026-08-18T10:00:00+05:30
flt_2fca65c9,arl_ef62470d,IX-1493,apt_86c2c516,apt_bdf57d77,2026-09-06T11:20:00+05:30,2026-09-06T14:41:00+05:30,201,0,A321,economy,221.763,active,2026-08-18T10:00:00+05:30
flt_c4dd3ce5,arl_b97400e0,QP-6575,apt_ad38af67,apt_d3a5784e,2026-11-19T08:00:00+05:30,2026-11-19T14:34:00+05:30,394,0,A321,economy,474.564,active,2026-08-18T10:00:00+05:30
flt_94bebdad,arl_2a88a2c3,UA-3696,apt_496144db,apt_ad38af67,2026-11-24T22:20:00+05:30,2026-11-25T05:38:00+05:30,438,1,ATR-72,"economy,business",429.111,active,2026-08-18T10:00:00+05:30
flt_174ed711,arl_534d3a8a,LH-954,apt_05897d58,apt_6ddc2fb6,2026-09-24T17:50:00+05:30,2026-09-24T19:51:00+05:30,121,0,A321,"economy,business",93.956,active,2026-08-18T10:00:00+05:30
flt_2bf62be4,arl_dbae8242,QR-1607,apt_cb1113d2,apt_e6d0e6bf,2026-09-13T11:20:00+05:30,2026-09-13T21:08:00+05:30,588,1,B737-800,"economy,business",624.529,active,2026-08-18T10:00:00+05:30
flt_a8acf891,arl_dbae8242,QR-9715,apt_9a8714fa,apt_ad38af67,2026-10-28T07:20:00+05:30,2026-10-28T12:23:00+05:30,303,0,A320neo,"economy,business",332.817,active,2026-08-18T10:00:00+05:30
flt_c6cb2211,arl_7784367f,KB-6407,apt_54ebca59,apt_cb1113d2,2026-10-25T19:10:00+05:30,2026-10-26T05:15:00+05:30,605,1,,"economy,business",641.324,active,2026-08-18T10:00:00+05:30
flt_9cea4113,arl_ef62470d,IX-6561,apt_bfd02a38,apt_c077a39a,2026-10-13T06:00:00+05:30,2026-10-13T12:12:00+05:30,372,0,A321,economy,443.309,active,2026-08-18T10:00:00+05:30
flt_725571bf,arl_2fae0fe3,KU-921,apt_30500fc8,apt_3e80f233,2026-11-20T05:00:00+05:30,2026-11-20T09:52:00+05:30,292,1,ATR-72,"economy,business",216.009,active,2026-08-18T10:00:00+05:30
flt_fb654908,arl_6317d870,UK-3786,apt_33c2d61a,apt_6ddc2fb6,2026-11-26T15:40:00+05:30,2026-11-26T23:04:00+05:30,444,0,,"economy,business",527.244,active,2026-08-18T10:00:00+05:30
flt_b1558754,arl_1cfc4640,SQ-8966,apt_ceec186e,apt_a7ea97c3,2026-10-31T17:20:00+05:30,2026-10-31T23:45:00+05:30,385,0,A321,"economy,business",474.163,active,2026-08-18T10:00:00+05:30
flt_54825979,arl_2fae0fe3,KU-155,apt_c077a39a,apt_faa26bd2,2026-10-29T10:40:00+05:30,2026-10-29T17:23:00+05:30,403,1,A320neo,"economy,business",395.314,active,2026-08-18T10:00:00+05:30
flt_6c9e2740,arl_2a88a2c3,UA-5697,apt_c0496aae,apt_faa26bd2,2026-10-29T08:50:00+05:30,2026-10-29T10:50:00+05:30,120,0,A321,"economy,business",124.139,active,2026-08-18T10:00:00+05:30
flt_4d611703,arl_7f79d7b3,AF-3605,apt_2d4c99ed,apt_3e80f233,2026-10-02T22:40:00+05:30,2026-10-03T01:21:00+05:30,161,0,B787-8,"economy,business",154.97,active,2026-08-18T10:00:00+05:30
flt_0a599737,arl_2fae0fe3,KU-5998,apt_9a8714fa,apt_cb1113d2,2026-09-10T15:10:00+05:30,2026-09-10T23:32:00+05:30,502,1,B737-800,"economy,business",524.673,active,2026-08-18T10:00:00+05:30
flt_d15eaf31,arl_7784367f,KB-6707,apt_86c2c516,apt_6ddc2fb6,2026-10-22T05:10:00+05:30,2026-10-22T10:23:00+05:30,313,0,,"economy,business",344.114,active,2026-08-18T10:00:00+05:30
flt_59594ed5,arl_2a88a2c3,UA-4244,apt_30500fc8,apt_9a8714fa,2026-11-22T16:50:00+05:30,2026-11-22T19:17:00+05:30,147,0,B787-8,"economy,business",136.119,active,2026-08-18T10:00:00+05:30
flt_f77c19b9,arl_28f00e8b,EK-8886,apt_05897d58,apt_e6d0e6bf,2026-09-21T12:40:00+05:30,2026-09-21T14:40:00+05:30,120,0,ATR-72,"economy,business",84.802,active,2026-08-18T10:00:00+05:30
flt_27fce577,arl_dbae8242,QR-9944,apt_ad38af67,apt_9dd20d55,2026-10-22T17:30:00+05:30,2026-10-23T02:32:00+05:30,542,0,A321,"economy,business",672.09,active,2026-08-18T10:00:00+05:30
flt_ea0d9acd,arl_75d2a12c,QF-9286,apt_ceec186e,apt_6be6a548,2026-11-13T18:50:00+05:30,2026-11-14T02:43:00+05:30,473,1,B787-8,"economy,business",474.791,active,2026-08-18T10:00:00+05:30
flt_d0942dc8,arl_692cd6f4,JL-747,apt_33c2d61a,apt_30500fc8,2026-11-23T15:50:00+05:30,2026-11-24T00:44:00+05:30,534,1,B737-800,"economy,business",551.393,active,2026-08-18T10:00:00+05:30
flt_e72d5b74,arl_56da328b,GA-8856,apt_5835fac1,apt_bdf57d77,2026-09-03T12:50:00+05:30,2026-09-03T14:10:00+05:30,80,0,A320neo,"economy,business",70.248,active,2026-08-18T10:00:00+05:30
flt_f9bc22fc,arl_4939343e,SG-5737,apt_5835fac1,apt_c0496aae,2026-10-07T11:20:00+05:30,2026-10-07T12:00:00+05:30,40,0,B737-800,economy,1.026,active,2026-08-18T10:00:00+05:30
flt_264ff3f0,arl_2981080f,6E-2047,apt_ee6be440,apt_ebff6148,2026-11-24T09:50:00+05:30,2026-11-24T15:44:00+05:30,354,1,,economy,307.779,active,2026-08-18T10:00:00+05:30
flt_a8d0e9cc,arl_8ac08b06,CZ-946,apt_496144db,apt_ad38af67,2026-11-28T13:20:00+05:30,2026-11-28T19:13:00+05:30,353,0,B787-8,"economy,business",429.111,active,2026-08-18T10:00:00+05:30
flt_1a129008,arl_2a88a2c3,UA-8729,apt_08ebf678,apt_bfd02a38,2026-11-11T17:10:00+05:30,2026-11-11T19:34:00+05:30,144,0,A321,"economy,business",136.801,active,2026-08-18T10:00:00+05:30
flt_2aa5ca9e,arl_dbae8242,QR-659,apt_cb1113d2,apt_6ddc2fb6,2026-11-07T10:50:00+05:30,2026-11-07T19:30:00+05:30,520,1,A320neo,"economy,business",524.41,active,2026-08-18T10:00:00+05:30
flt_b1d28a0c,arl_cbee96ac,GF-8634,apt_e6c1d884,apt_9dd20d55,2026-09-14T11:30:00+05:30,2026-09-14T17:39:00+05:30,369,1,,"economy,business",338.416,active,2026-08-18T10:00:00+05:30
flt_3a80547b,arl_28f00e8b,EK-1353,apt_30500fc8,apt_bdf57d77,2026-10-05T10:20:00+05:30,2026-10-05T12:41:00+05:30,141,0,ATR-72,"economy,business",125.835,active,2026-08-18T10:00:00+05:30
flt_403a21a9,arl_a852cdd9,VJ-8829,apt_9dd20d55,apt_ad38af67,2026-11-24T06:50:00+05:30,2026-11-24T17:28:00+05:30,638,1,,economy,672.09,active,2026-08-18T10:00:00+05:30
flt_8e69cd1f,arl_56da328b,GA-5338,apt_cb1113d2,apt_a7ea97c3,2026-10-15T20:00:00+05:30,2026-10-16T06:33:00+05:30,633,1,A320neo,"economy,business",665.928,active,2026-08-18T10:00:00+05:30
flt_879ea2f4,arl_c56d378a,TG-1331,apt_9dd20d55,apt_5835fac1,2026-11-12T19:10:00+05:30,2026-11-12T23:18:00+05:30,248,0,A320neo,"economy,business",294.449,active,2026-08-18T10:00:00+05:30
flt_dca81936,arl_508d631b,UL-2048,apt_e6d0e6bf,apt_86c2c516,2026-09-04T22:10:00+05:30,2026-09-05T03:20:00+05:30,310,1,B737-800,"economy,business",235.446,active,2026-08-18T10:00:00+05:30
flt_d2ad9ca4,arl_7784367f,KB-4608,apt_c1f65e85,apt_3e80f233,2026-10-13T05:50:00+05:30,2026-10-13T08:26:00+05:30,156,0,B787-8,"economy,business",155.098,active,2026-08-18T10:00:00+05:30
flt_2cd172fb,arl_cbee96ac,GF-5722,apt_98416c9d,apt_a7ea97c3,2026-11-03T21:10:00+05:30,2026-11-03T21:59:00+05:30,49,0,ATR-72,"economy,business",1.558,active,2026-08-18T10:00:00+05:30
flt_879605f9,arl_a0bf222e,KE-3351,apt_e6d0e6bf,apt_6ddc2fb6,2026-10-31T11:10:00+05:30,2026-10-31T13:32:00+05:30,142,0,B737-800,"economy,business",114.214,active,2026-08-18T10:00:00+05:30
flt_b2505a4f,arl_154ebf3d,EY-791,apt_bfd02a38,apt_496144db,2026-09-22T10:20:00+05:30,2026-09-22T11:43:00+05:30,83,0,B787-8,"economy,business",51.644,active,2026-08-18T10:00:00+05:30
flt_9d96fc1d,arl_a487a152,RA-4811,apt_30500fc8,apt_ebff6148,2026-09-04T13:30:00+05:30,2026-09-04T18:15:00+05:30,285,0,ATR-72,"economy,business",306.475,active,2026-08-18T10:00:00+05:30
flt_25730326,arl_28f00e8b,EK-9584,apt_05897d58,apt_6be6a548,2026-09-15T17:30:00+05:30,2026-09-15T20:24:00+05:30,174,0,A321,"economy,business",198.156,active,2026-08-18T10:00:00+05:30
flt_8aa86fb6,arl_4939343e,SG-2927,apt_5377e1f8,apt_3e80f233,2026-10-27T07:40:00+05:30,2026-10-27T10:48:00+05:30,188,0,B737-800,economy,174.906,active,2026-08-18T10:00:00+05:30
flt_f0b70993,arl_841c6e99,AI-5683,apt_5377e1f8,apt_757e32fe,2026-09-17T21:20:00+05:30,2026-09-18T02:42:00+05:30,322,1,A321,"economy,business",285.717,active,2026-08-18T10:00:00+05:30
flt_7e51806e,arl_75d2a12c,QF-8169,apt_08ebf678,apt_bdf57d77,2026-11-02T11:40:00+05:30,2026-11-02T12:23:00+05:30,43,0,,"economy,business",14.668,active,2026-08-18T10:00:00+05:30
flt_6b3f3a6e,arl_ef62470d,IX-4252,apt_98416c9d,apt_757e32fe,2026-11-19T11:50:00+05:30,2026-11-19T17:02:00+05:30,312,0,A321,economy,358.142,active,2026-08-18T10:00:00+05:30
flt_6f282b31,arl_dbae8242,QR-2750,apt_5835fac1,apt_c1f65e85,2026-11-09T12:50:00+05:30,2026-11-09T15:23:00+05:30,153,0,B737-800,"economy,business",137.079,active,2026-08-18T10:00:00+05:30
flt_b3836e70,arl_7784367f,KB-4114,apt_6ddc2fb6,apt_3e80f233,2026-11-15T22:20:00+05:30,2026-11-16T00:52:00+05:30,152,0,A320neo,"economy,business",144.417,active,2026-08-18T10:00:00+05:30
flt_c97ee0b2,arl_dbae8242,QR-3491,apt_e6d0e6bf,apt_496144db,2026-09-15T06:30:00+05:30,2026-09-15T08:50:00+05:30,140,0,ATR-72,"economy,business",135.88,active,2026-08-18T10:00:00+05:30
flt_758afa71,arl_b97400e0,QP-5309,apt_5835fac1,apt_ad38af67,2026-10-10T19:30:00+05:30,2026-10-11T02:21:00+05:30,411,1,ATR-72,economy,378.66,active,2026-08-18T10:00:00+05:30
flt_9f5c219c,arl_dbae8242,QR-720,apt_05897d58,apt_6ddc2fb6,2026-09-25T11:50:00+05:30,2026-09-25T13:42:00+05:30,112,0,B787-8,"economy,business",93.956,active,2026-08-18T10:00:00+05:30
flt_60004911,arl_6317d870,UK-3393,apt_e6d0e6bf,apt_c0496aae,2026-11-17T10:10:00+05:30,2026-11-17T11:44:00+05:30,94,0,A321,"economy,business",57.941,active,2026-08-18T10:00:00+05:30
flt_ee8b8763,arl_56da328b,GA-7355,apt_c0496aae,apt_faa26bd2,2026-09-21T05:00:00+05:30,2026-09-21T07:06:00+05:30,126,0,A320neo,"economy,business",124.139,active,2026-08-18T10:00:00+05:30
flt_d9b86c89,arl_28f00e8b,EK-2649,apt_08ebf678,apt_98416c9d,2026-10-24T20:40:00+05:30,2026-10-24T22:01:00+05:30,81,0,B737-800,"economy,business",58.859,active,2026-08-18T10:00:00+05:30
flt_f7699ffe,arl_508d631b,UL-7118,apt_98416c9d,apt_a7ea97c3,2026-10-15T10:50:00+05:30,2026-10-15T11:33:00+05:30,43,0,A320neo,"economy,business",1.558,active,2026-08-18T10:00:00+05:30
flt_61e0871c,arl_b97400e0,QP-4438,apt_98416c9d,apt_2d4c99ed,2026-11-02T18:30:00+05:30,2026-11-02T21:45:00+05:30,195,0,B787-8,economy,185.778,active,2026-08-18T10:00:00+05:30
flt_d3f8dcd2,arl_b97400e0,QP-4960,apt_cb1113d2,apt_05897d58,2026-11-15T06:00:00+05:30,2026-11-15T14:59:00+05:30,539,1,A320neo,economy,550.233,active,2026-08-18T10:00:00+05:30
flt_af01344d,arl_cbee96ac,GF-801,apt_c0496aae,apt_cb1113d2,2026-11-11T07:30:00+05:30,2026-11-11T16:35:00+05:30,545,1,B787-8,"economy,business",568.668,active,2026-08-18T10:00:00+05:30
flt_c9cf786a,arl_4939343e,SG-664,apt_ceec186e,apt_ebff6148,2026-10-28T05:40:00+05:30,2026-10-28T08:41:00+05:30,181,0,B787-8,economy,163.248,active,2026-08-18T10:00:00+05:30
flt_1f873d6a,arl_841c6e99,AI-1155,apt_30500fc8,apt_6ddc2fb6,2026-09-21T21:20:00+05:30,2026-09-22T00:00:00+05:30,160,0,A320neo,"economy,business",135.343,active,2026-08-18T10:00:00+05:30
flt_8c9eeb9f,arl_a852cdd9,VJ-8606,apt_a7ea97c3,apt_9dd20d55,2026-11-05T16:50:00+05:30,2026-11-05T20:10:00+05:30,200,0,B787-8,economy,206.265,active,2026-08-18T10:00:00+05:30
flt_73439c3c,arl_68688da8,NZ-9075,apt_54ebca59,apt_ceec186e,2026-09-04T20:30:00+05:30,2026-09-05T03:03:00+05:30,393,0,ATR-72,"economy,business",450.794,active,2026-08-18T10:00:00+05:30
flt_4df176dc,arl_68688da8,NZ-3653,apt_d3a5784e,apt_30500fc8,2026-09-06T20:50:00+05:30,2026-09-07T00:20:00+05:30,210,0,ATR-72,"economy,business",219.848,active,2026-08-18T10:00:00+05:30
flt_7bab0bea,arl_28f00e8b,EK-7526,apt_54ebca59,apt_bfd02a38,2026-09-07T17:40:00+05:30,2026-09-07T20:14:00+05:30,154,0,ATR-72,"economy,business",132.907,active,2026-08-18T10:00:00+05:30
flt_b432ee18,arl_508d631b,UL-8548,apt_08ebf678,apt_c0496aae,2026-09-13T07:40:00+05:30,2026-09-13T08:48:00+05:30,68,0,ATR-72,"economy,business",58.183,active,2026-08-18T10:00:00+05:30
flt_af576e2c,arl_2fae0fe3,KU-6110,apt_5377e1f8,apt_98416c9d,2026-09-30T17:40:00+05:30,2026-09-30T20:09:00+05:30,149,0,ATR-72,"economy,business",137.742,active,2026-08-18T10:00:00+05:30
flt_500965a2,arl_cbee96ac,GF-5372,apt_ceec186e,apt_54ebca59,2026-09-14T17:20:00+05:30,2026-09-15T00:54:00+05:30,454,1,A321,"economy,business",450.794,active,2026-08-18T10:00:00+05:30
flt_d5b17d3c,arl_dbae8242,QR-8654,apt_5835fac1,apt_2d4c99ed,2026-11-13T13:20:00+05:30,2026-11-13T15:58:00+05:30,158,0,A321,"economy,business",136.057,active,2026-08-18T10:00:00+05:30
flt_753596cc,arl_534d3a8a,LH-5955,apt_faa26bd2,apt_c0496aae,2026-09-12T20:20:00+05:30,2026-09-12T22:32:00+05:30,132,0,A320neo,"economy,business",124.139,active,2026-08-18T10:00:00+05:30
flt_2e95c44d,arl_a852cdd9,VJ-7916,apt_bfd02a38,apt_33c2d61a,2026-11-20T14:00:00+05:30,2026-11-20T23:16:00+05:30,556,0,A321,economy,671.121,active,2026-08-18T10:00:00+05:30
flt_8faca83e,arl_534d3a8a,LH-3843,apt_ee6be440,apt_5377e1f8,2026-11-09T16:10:00+05:30,2026-11-09T17:12:00+05:30,62,0,A321,"economy,business",46.738,active,2026-08-18T10:00:00+05:30
flt_5daad977,arl_6317d870,UK-338,apt_ebff6148,apt_ee6be440,2026-10-12T20:30:00+05:30,2026-10-13T00:48:00+05:30,258,0,A320neo,"economy,business",307.779,active,2026-08-18T10:00:00+05:30
flt_bdedf3ce,arl_403656a7,LX-9319,apt_bfd02a38,apt_9a8714fa,2026-09-13T16:20:00+05:30,2026-09-13T19:08:00+05:30,168,0,B787-8,"economy,business",156.257,active,2026-08-18T10:00:00+05:30
flt_2ea44143,arl_1cfc4640,SQ-8711,apt_eb8717c7,apt_05897d58,2026-09-17T07:00:00+05:30,2026-09-17T12:53:00+05:30,353,1,B737-800,"economy,business",329.247,active,2026-08-18T10:00:00+05:30
flt_279bd0b8,arl_1cfc4640,SQ-4804,apt_ad38af67,apt_98416c9d,2026-11-24T19:40:00+05:30,2026-11-25T02:30:00+05:30,410,0,A321,"economy,business",475.046,active,2026-08-18T10:00:00+05:30
flt_763f919a,arl_75d2a12c,QF-1060,apt_e6c1d884,apt_496144db,2026-11-24T12:30:00+05:30,2026-11-24T15:38:00+05:30,188,0,A321,"economy,business",176.1,active,2026-08-18T10:00:00+05:30
flt_bcd6dbfc,arl_ef62470d,IX-7956,apt_bdf57d77,apt_ebff6148,2026-11-05T05:00:00+05:30,2026-11-05T11:24:00+05:30,384,1,B787-8,economy,343.548,active,2026-08-18T10:00:00+05:30
flt_1249238f,arl_508d631b,UL-9151,apt_3810f0b5,apt_eb8717c7,2026-11-28T22:30:00+05:30,2026-11-29T02:51:00+05:30,261,0,ATR-72,"economy,business",300.179,active,2026-08-18T10:00:00+05:30
flt_bcc5a130,arl_2981080f,6E-1587,apt_ad38af67,apt_ebff6148,2026-09-24T12:20:00+05:30,2026-09-24T15:12:00+05:30,172,0,ATR-72,economy,162.384,active,2026-08-18T10:00:00+05:30
flt_ca31a607,arl_8ac08b06,CZ-7828,apt_33c2d61a,apt_c077a39a,2026-09-18T13:00:00+05:30,2026-09-18T16:52:00+05:30,232,0,A321,"economy,business",230.247,active,2026-08-18T10:00:00+05:30
flt_05d829e6,arl_841c6e99,AI-5087,apt_757e32fe,apt_bdf57d77,2026-11-21T05:10:00+05:30,2026-11-21T11:26:00+05:30,376,1,A320neo,"economy,business",344.287,active,2026-08-18T10:00:00+05:30
flt_d067ba80,arl_a487a152,RA-7329,apt_496144db,apt_30500fc8,2026-10-08T10:40:00+05:30,2026-10-08T14:00:00+05:30,200,0,B737-800,"economy,business",226.401,active,2026-08-18T10:00:00+05:30
flt_ccb6e661,arl_7f79d7b3,AF-1855,apt_ebff6148,apt_a7ea97c3,2026-10-21T14:40:00+05:30,2026-10-21T21:16:00+05:30,396,1,A321,"economy,business",356.482,active,2026-08-18T10:00:00+05:30
flt_25069e7d,arl_c56d378a,TG-3652,apt_e6c1d884,apt_9a8714fa,2026-09-12T06:00:00+05:30,2026-09-12T07:19:00+05:30,79,0,A321,"economy,business",72.13,active,2026-08-18T10:00:00+05:30
flt_c6a0c2b7,arl_692cd6f4,JL-7861,apt_d3a5784e,apt_6be6a548,2026-11-18T12:10:00+05:30,2026-11-18T13:12:00+05:30,62,0,B737-800,"economy,business",24.614,active,2026-08-18T10:00:00+05:30
flt_74eebc29,arl_692cd6f4,JL-3508,apt_9dd20d55,apt_2d4c99ed,2026-11-14T11:40:00+05:30,2026-11-14T17:02:00+05:30,322,0,A320neo,"economy,business",387.599,active,2026-08-18T10:00:00+05:30
flt_75225b3f,arl_508d631b,UL-2981,apt_86c2c516,apt_ebff6148,2026-11-25T11:40:00+05:30,2026-11-25T19:28:00+05:30,468,0,ATR-72,"economy,business",559.533,active,2026-08-18T10:00:00+05:30
flt_bad8d9b2,arl_cbee96ac,GF-6079,apt_ceec186e,apt_eb8717c7,2026-09-14T21:00:00+05:30,2026-09-14T21:58:00+05:30,58,0,ATR-72,"economy,business",35.121,active,2026-08-18T10:00:00+05:30
flt_f2b30584,arl_6317d870,UK-3111,apt_08ebf678,apt_33c2d61a,2026-09-10T08:00:00+05:30,2026-09-10T16:41:00+05:30,521,0,A321,"economy,business",626.887,active,2026-08-18T10:00:00+05:30
flt_f1a04029,arl_7f79d7b3,AF-5014,apt_86c2c516,apt_08ebf678,2026-10-14T12:00:00+05:30,2026-10-14T16:38:00+05:30,278,1,A320neo,"economy,business",235.774,active,2026-08-18T10:00:00+05:30
flt_d9484e49,arl_2981080f,6E-4291,apt_6be6a548,apt_ee6be440,2026-10-02T16:50:00+05:30,2026-10-02T21:56:00+05:30,306,1,ATR-72,economy,239.849,active,2026-08-18T10:00:00+05:30
flt_61cec28a,arl_7f79d7b3,AF-9762,apt_5377e1f8,apt_30500fc8,2026-11-28T12:30:00+05:30,2026-11-28T13:54:00+05:30,84,0,ATR-72,"economy,business",45.395,active,2026-08-18T10:00:00+05:30
flt_df5dc464,arl_1cfc4640,SQ-9711,apt_05897d58,apt_a7ea97c3,2026-09-17T07:30:00+05:30,2026-09-17T10:01:00+05:30,151,0,,"economy,business",140.107,active,2026-08-18T10:00:00+05:30
flt_8750fc7a,arl_403656a7,LX-6218,apt_05897d58,apt_eb8717c7,2026-11-06T05:40:00+05:30,2026-11-06T10:20:00+05:30,280,0,A321,"economy,business",329.247,active,2026-08-18T10:00:00+05:30
flt_9a1297a3,arl_692cd6f4,JL-4534,apt_5835fac1,apt_ebff6148,2026-11-21T20:10:00+05:30,2026-11-22T01:41:00+05:30,331,1,B787-8,"economy,business",274.641,active,2026-08-18T10:00:00+05:30
flt_862ee53c,arl_68688da8,NZ-3673,apt_496144db,apt_ceec186e,2026-11-15T21:00:00+05:30,2026-11-16T02:55:00+05:30,355,0,A321,"economy,business",429.389,active,2026-08-18T10:00:00+05:30
flt_58cf2e2e,arl_a852cdd9,VJ-1796,apt_54ebca59,apt_98416c9d,2026-11-16T07:40:00+05:30,2026-11-16T09:00:00+05:30,80,0,B737-800,economy,47.647,active,2026-08-18T10:00:00+05:30
flt_84a9e091,arl_a487a152,RA-6037,apt_3810f0b5,apt_5377e1f8,2026-09-16T06:50:00+05:30,2026-09-16T07:58:00+05:30,68,0,ATR-72,"economy,business",33.174,active,2026-08-18T10:00:00+05:30
flt_3500ef70,arl_692cd6f4,JL-2416,apt_e6d0e6bf,apt_ee6be440,2026-09-02T06:10:00+05:30,2026-09-02T08:33:00+05:30,143,0,B737-800,"economy,business",116.324,active,2026-08-18T10:00:00+05:30
flt_91c5f462,arl_4939343e,SG-4325,apt_54ebca59,apt_ceec186e,2026-10-24T07:10:00+05:30,2026-10-24T13:22:00+05:30,372,0,A321,economy,450.794,active,2026-08-18T10:00:00+05:30
flt_0d4a2674,arl_68688da8,NZ-300,apt_a7ea97c3,apt_98416c9d,2026-10-22T14:20:00+05:30,2026-10-22T15:07:00+05:30,47,0,ATR-72,"economy,business",1.558,active,2026-08-18T10:00:00+05:30
flt_23ec85cb,arl_3a276287,BA-6541,apt_6be6a548,apt_05897d58,2026-09-29T14:30:00+05:30,2026-09-29T17:32:00+05:30,182,0,B737-800,"economy,business",198.156,active,2026-08-18T10:00:00+05:30
flt_fdeac3d4,arl_75d2a12c,QF-7489,apt_54ebca59,apt_6be6a548,2026-10-14T18:00:00+05:30,2026-10-14T20:16:00+05:30,136,0,ATR-72,"economy,business",131.472,active,2026-08-18T10:00:00+05:30
flt_ac650067,arl_2981080f,6E-8010,apt_08ebf678,apt_54ebca59,2026-11-15T13:20:00+05:30,2026-11-15T14:19:00+05:30,59,0,A321,economy,17.362,active,2026-08-18T10:00:00+05:30
flt_f8a19850,arl_154ebf3d,EY-7045,apt_bdf57d77,apt_a7ea97c3,2026-11-29T20:10:00+05:30,2026-11-29T21:21:00+05:30,71,0,ATR-72,"economy,business",47.738,active,2026-08-18T10:00:00+05:30
flt_2e7b7f49,arl_c56d378a,TG-4285,apt_5377e1f8,apt_496144db,2026-10-10T10:10:00+05:30,2026-10-10T13:25:00+05:30,195,0,B737-800,"economy,business",181.361,active,2026-08-18T10:00:00+05:30
flt_3c59c5aa,arl_6317d870,UK-4466,apt_3810f0b5,apt_08ebf678,2026-10-20T20:50:00+05:30,2026-10-20T22:32:00+05:30,102,0,B737-800,"economy,business",102.864,active,2026-08-18T10:00:00+05:30
flt_bd61ac41,arl_7f79d7b3,AF-1462,apt_ebff6148,apt_9a8714fa,2026-11-14T12:20:00+05:30,2026-11-14T17:15:00+05:30,295,1,A320neo,"economy,business",217.026,active,2026-08-18T10:00:00+05:30
flt_3692fbf0,arl_4939343e,SG-1110,apt_e6d0e6bf,apt_86c2c516,2026-11-24T12:00:00+05:30,2026-11-24T16:49:00+05:30,289,1,ATR-72,economy,235.446,active,2026-08-18T10:00:00+05:30
flt_a489f436,arl_2a88a2c3,UA-1146,apt_9a8714fa,apt_ceec186e,2026-11-19T08:40:00+05:30,2026-11-19T15:03:00+05:30,383,1,B737-800,"economy,business",332.804,active,2026-08-18T10:00:00+05:30
flt_2c1a3e2a,arl_8ac08b06,CZ-4850,apt_c1f65e85,apt_33c2d61a,2026-10-19T10:30:00+05:30,2026-10-19T17:43:00+05:30,433,0,A320neo,"economy,business",523.908,active,2026-08-18T10:00:00+05:30
flt_5f641bb3,arl_077dea23,MH-1133,apt_3810f0b5,apt_c077a39a,2026-11-05T12:20:00+05:30,2026-11-05T18:12:00+05:30,352,1,B787-8,"economy,business",299.533,active,2026-08-18T10:00:00+05:30
flt_52aec8e8,arl_4939343e,SG-3610,apt_e6c1d884,apt_faa26bd2,2026-11-19T10:30:00+05:30,2026-11-19T13:33:00+05:30,183,0,B737-800,economy,174.711,active,2026-08-18T10:00:00+05:30
flt_dc49f7fc,arl_2a88a2c3,UA-5983,apt_496144db,apt_3e80f233,2026-11-11T20:40:00+05:30,2026-11-11T22:04:00+05:30,84,0,ATR-72,"economy,business",61.713,active,2026-08-18T10:00:00+05:30
flt_bc99aaa5,arl_b97400e0,QP-6252,apt_757e32fe,apt_3810f0b5,2026-09-03T07:10:00+05:30,2026-09-03T12:16:00+05:30,306,1,B787-8,economy,252.654,active,2026-08-18T10:00:00+05:30
flt_96423562,arl_154ebf3d,EY-5402,apt_c0496aae,apt_e6d0e6bf,2026-10-31T10:10:00+05:30,2026-10-31T11:28:00+05:30,78,0,A321,"economy,business",57.941,active,2026-08-18T10:00:00+05:30
flt_bbf44b8f,arl_077dea23,MH-6811,apt_9dd20d55,apt_2d4c99ed,2026-09-26T19:30:00+05:30,2026-09-27T01:02:00+05:30,332,0,A320neo,"economy,business",387.599,active,2026-08-18T10:00:00+05:30
flt_02716299,arl_2a88a2c3,UA-5884,apt_c0496aae,apt_6ddc2fb6,2026-09-27T13:20:00+05:30,2026-09-27T14:41:00+05:30,81,0,ATR-72,"economy,business",58.725,active,2026-08-18T10:00:00+05:30
flt_0c9d203c,arl_2a88a2c3,UA-2818,apt_ee6be440,apt_3e80f233,2026-09-02T20:20:00+05:30,2026-09-02T23:48:00+05:30,208,0,A320neo,"economy,business",216.983,active,2026-08-18T10:00:00+05:30
flt_05a4ea48,arl_4939343e,SG-1169,apt_757e32fe,apt_faa26bd2,2026-11-26T22:30:00+05:30,2026-11-27T02:45:00+05:30,255,0,A321,economy,288.019,active,2026-08-18T10:00:00+05:30
flt_0d8941bc,arl_75d2a12c,QF-4381,apt_cb1113d2,apt_86c2c516,2026-09-30T22:30:00+05:30,2026-10-01T09:44:00+05:30,674,0,A321,"economy,business",859.227,active,2026-08-18T10:00:00+05:30
flt_a68f3865,arl_841c6e99,AI-2171,apt_cb1113d2,apt_ebff6148,2026-11-03T06:50:00+05:30,2026-11-03T12:54:00+05:30,364,1,ATR-72,"economy,business",338.407,active,2026-08-18T10:00:00+05:30
flt_4989d5db,arl_2981080f,6E-8366,apt_ceec186e,apt_ebff6148,2026-10-02T09:30:00+05:30,2026-10-02T12:01:00+05:30,151,0,B737-800,economy,163.248,active,2026-08-18T10:00:00+05:30
flt_db7df3cb,arl_7f79d7b3,AF-5933,apt_d3a5784e,apt_98416c9d,2026-11-09T13:30:00+05:30,2026-11-09T15:13:00+05:30,103,0,A321,"economy,business",65.847,active,2026-08-18T10:00:00+05:30
flt_5fc331c7,arl_666b65b1,AC-5357,apt_33c2d61a,apt_54ebca59,2026-11-04T15:20:00+05:30,2026-11-04T23:53:00+05:30,513,0,A320neo,"economy,business",644.239,active,2026-08-18T10:00:00+05:30
flt_2946898c,arl_7f79d7b3,AF-3818,apt_a7ea97c3,apt_2d4c99ed,2026-09-09T19:20:00+05:30,2026-09-09T22:11:00+05:30,171,0,A320neo,"economy,business",184.381,active,2026-08-18T10:00:00+05:30
flt_4a51f40a,arl_8ac08b06,CZ-9021,apt_5835fac1,apt_3e80f233,2026-11-08T08:10:00+05:30,2026-11-08T10:32:00+05:30,142,0,B787-8,"economy,business",123.5,active,2026-08-18T10:00:00+05:30
flt_12baa808,arl_75d2a12c,QF-4251,apt_33c2d61a,apt_08ebf678,2026-09-03T18:10:00+05:30,2026-09-04T02:54:00+05:30,524,0,ATR-72,"economy,business",626.887,active,2026-08-18T10:00:00+05:30
flt_3a612a72,arl_077dea23,MH-6308,apt_c1f65e85,apt_6ddc2fb6,2026-10-09T20:40:00+05:30,2026-10-09T22:29:00+05:30,109,0,A321,"economy,business",86.726,active,2026-08-18T10:00:00+05:30
flt_973f1b67,arl_841c6e99,AI-4745,apt_3e80f233,apt_ee6be440,2026-11-21T15:30:00+05:30,2026-11-21T18:44:00+05:30,194,0,ATR-72,"economy,business",216.983,active,2026-08-18T10:00:00+05:30
flt_a2103204,arl_56da328b,GA-4590,apt_a7ea97c3,apt_86c2c516,2026-09-12T17:10:00+05:30,2026-09-12T20:18:00+05:30,188,0,A321,"economy,business",203.142,active,2026-08-18T10:00:00+05:30
flt_0a90013e,arl_666b65b1,AC-1813,apt_ceec186e,apt_54ebca59,2026-11-24T15:00:00+05:30,2026-11-24T21:34:00+05:30,394,0,ATR-72,"economy,business",450.794,active,2026-08-18T10:00:00+05:30
flt_e7664f92,arl_2a88a2c3,UA-392,apt_ebff6148,apt_cb1113d2,2026-11-24T14:00:00+05:30,2026-11-24T18:56:00+05:30,296,0,ATR-72,"economy,business",338.407,active,2026-08-18T10:00:00+05:30
flt_f32a3ef2,arl_692cd6f4,JL-9058,apt_30500fc8,apt_ceec186e,2026-10-06T15:40:00+05:30,2026-10-06T20:44:00+05:30,304,0,A321,"economy,business",366.079,active,2026-08-18T10:00:00+05:30
flt_cf72b2e3,arl_a487a152,RA-2552,apt_30500fc8,apt_bdf57d77,2026-11-23T17:40:00+05:30,2026-11-23T20:13:00+05:30,153,0,ATR-72,"economy,business",125.835,active,2026-08-18T10:00:00+05:30
flt_16a451e2,arl_68688da8,NZ-4441,apt_eb8717c7,apt_2d4c99ed,2026-10-22T15:20:00+05:30,2026-10-22T21:12:00+05:30,352,1,ATR-72,"economy,business",299.793,active,2026-08-18T10:00:00+05:30
flt_70c38a32,arl_2981080f,6E-8104,apt_54ebca59,apt_3810f0b5,2026-09-09T20:30:00+05:30,2026-09-09T22:52:00+05:30,142,0,ATR-72,economy,120.062,active,2026-08-18T10:00:00+05:30
flt_6ee0ca53,arl_28f00e8b,EK-5802,apt_bfd02a38,apt_bdf57d77,2026-09-11T14:40:00+05:30,2026-09-11T17:08:00+05:30,148,0,A321,"economy,business",130.761,active,2026-08-18T10:00:00+05:30
flt_4815e0e0,arl_2981080f,6E-400,apt_3e80f233,apt_5835fac1,2026-11-25T11:00:00+05:30,2026-11-25T12:58:00+05:30,118,0,B737-800,economy,123.5,active,2026-08-18T10:00:00+05:30
flt_2141b291,arl_28f00e8b,EK-7967,apt_e6d0e6bf,apt_3810f0b5,2026-11-13T06:00:00+05:30,2026-11-13T07:57:00+05:30,117,0,A321,"economy,business",103.942,active,2026-08-18T10:00:00+05:30
flt_59a4c5f2,arl_b97400e0,QP-2910,apt_eb8717c7,apt_c077a39a,2026-10-30T07:30:00+05:30,2026-10-30T08:20:00+05:30,50,0,A320neo,economy,1.013,active,2026-08-18T10:00:00+05:30
flt_d6055ef2,arl_841c6e99,AI-6006,apt_d3a5784e,apt_faa26bd2,2026-10-15T16:30:00+05:30,2026-10-15T17:48:00+05:30,78,0,A321,"economy,business",57.929,active,2026-08-18T10:00:00+05:30
flt_beec2bb8,arl_3a276287,BA-6273,apt_faa26bd2,apt_30500fc8,2026-09-01T17:30:00+05:30,2026-09-01T20:56:00+05:30,206,0,A320neo,"economy,business",224.517,active,2026-08-18T10:00:00+05:30
flt_f61d8659,arl_2fae0fe3,KU-3446,apt_c1f65e85,apt_496144db,2026-11-29T14:00:00+05:30,2026-11-29T15:50:00+05:30,110,0,B737-800,"economy,business",99.34,active,2026-08-18T10:00:00+05:30
flt_e33147bd,arl_a487a152,RA-109,apt_86c2c516,apt_faa26bd2,2026-11-27T22:00:00+05:30,2026-11-28T03:54:00+05:30,354,1,A321,"economy,business",292.398,active,2026-08-18T10:00:00+05:30
flt_d82f6fee,arl_ef62470d,IX-7835,apt_e6c1d884,apt_bfd02a38,2026-11-13T14:40:00+05:30,2026-11-13T17:56:00+05:30,196,0,B787-8,economy,201.951,active,2026-08-18T10:00:00+05:30
flt_34d4afaf,arl_ef62470d,IX-6120,apt_faa26bd2,apt_9a8714fa,2026-10-17T15:50:00+05:30,2026-10-17T18:01:00+05:30,131,0,A321,economy,117.288,active,2026-08-18T10:00:00+05:30
flt_c180337d,arl_4939343e,SG-9854,apt_3810f0b5,apt_30500fc8,2026-10-25T15:40:00+05:30,2026-10-25T16:54:00+05:30,74,0,B737-800,economy,65.083,active,2026-08-18T10:00:00+05:30
flt_3447a952,arl_a487a152,RA-6331,apt_a7ea97c3,apt_e6d0e6bf,2026-09-06T13:10:00+05:30,2026-09-06T14:18:00+05:30,68,0,A320neo,"economy,business",56.841,active,2026-08-18T10:00:00+05:30
flt_36fd35f0,arl_841c6e99,AI-725,apt_3e80f233,apt_c1f65e85,2026-10-24T19:30:00+05:30,2026-10-24T22:12:00+05:30,162,0,ATR-72,"economy,business",155.098,active,2026-08-18T10:00:00+05:30
flt_3e83d75c,arl_a487a152,RA-4136,apt_ad38af67,apt_757e32fe,2026-11-02T06:20:00+05:30,2026-11-02T09:01:00+05:30,161,0,B737-800,"economy,business",163.367,active,2026-08-18T10:00:00+05:30
flt_bd735e80,arl_2a88a2c3,UA-2193,apt_3e80f233,apt_eb8717c7,2026-10-03T08:40:00+05:30,2026-10-03T15:04:00+05:30,384,0,A321,"economy,business",438.121,active,2026-08-18T10:00:00+05:30
flt_08c09a5e,arl_666b65b1,AC-2696,apt_86c2c516,apt_c077a39a,2026-10-28T05:10:00+05:30,2026-10-28T13:42:00+05:30,512,0,A320neo,"economy,business",634.205,active,2026-08-18T10:00:00+05:30
flt_a6adf8f3,arl_7784367f,KB-6143,apt_c0496aae,apt_ad38af67,2026-11-09T16:40:00+05:30,2026-11-09T21:56:00+05:30,316,0,A320neo,"economy,business",377.646,active,2026-08-18T10:00:00+05:30
flt_854054c3,arl_534d3a8a,LH-3621,apt_cb1113d2,apt_c1f65e85,2026-10-20T16:00:00+05:30,2026-10-21T00:35:00+05:30,515,1,,"economy,business",521.279,active,2026-08-18T10:00:00+05:30
flt_a62a802f,arl_dbae8242,QR-5306,apt_9dd20d55,apt_c077a39a,2026-11-26T13:30:00+05:30,2026-11-26T23:39:00+05:30,609,1,A320neo,"economy,business",636.842,active,2026-08-18T10:00:00+05:30
flt_27384904,arl_a0bf222e,KE-1642,apt_ebff6148,apt_faa26bd2,2026-11-26T07:10:00+05:30,2026-11-26T11:16:00+05:30,246,0,B737-800,"economy,business",287.965,active,2026-08-18T10:00:00+05:30
flt_ac1277a4,arl_154ebf3d,EY-7437,apt_6be6a548,apt_30500fc8,2026-09-02T14:20:00+05:30,2026-09-02T18:10:00+05:30,230,0,ATR-72,"economy,business",238.791,active,2026-08-18T10:00:00+05:30
flt_af0aa1cc,arl_3a276287,BA-6447,apt_e6c1d884,apt_496144db,2026-11-03T10:00:00+05:30,2026-11-03T12:39:00+05:30,159,0,A320neo,"economy,business",176.1,active,2026-08-18T10:00:00+05:30
flt_9c7ee926,arl_8ac08b06,CZ-9413,apt_33c2d61a,apt_2d4c99ed,2026-11-12T08:30:00+05:30,2026-11-12T15:41:00+05:30,431,0,A321,"economy,business",523.511,active,2026-08-18T10:00:00+05:30
flt_99e39b6f,arl_c56d378a,TG-1509,apt_33c2d61a,apt_86c2c516,2026-10-11T20:20:00+05:30,2026-10-12T09:22:00+05:30,782,1,B737-800,"economy,business",862.157,active,2026-08-18T10:00:00+05:30
flt_b5a664e7,arl_ef62470d,IX-4498,apt_ebff6148,apt_6be6a548,2026-09-15T18:20:00+05:30,2026-09-15T23:02:00+05:30,282,0,B787-8,economy,334.414,active,2026-08-18T10:00:00+05:30
flt_a63e0f09,arl_692cd6f4,JL-9843,apt_54ebca59,apt_757e32fe,2026-09-11T15:50:00+05:30,2026-09-11T22:23:00+05:30,393,1,A320neo,"economy,business",348.075,active,2026-08-18T10:00:00+05:30
flt_6c02135b,arl_b97400e0,QP-2094,apt_6ddc2fb6,apt_a7ea97c3,2026-11-22T16:20:00+05:30,2026-11-22T19:02:00+05:30,162,0,B737-800,economy,142.91,active,2026-08-18T10:00:00+05:30
flt_86c6e4ae,arl_077dea23,MH-3318,apt_3e80f233,apt_c1f65e85,2026-11-10T17:40:00+05:30,2026-11-10T20:13:00+05:30,153,0,B787-8,"economy,business",155.098,active,2026-08-18T10:00:00+05:30
flt_28980971,arl_2a88a2c3,UA-2106,apt_d3a5784e,apt_e6d0e6bf,2026-10-29T06:00:00+05:30,2026-10-29T08:00:00+05:30,120,0,B787-8,"economy,business",109.917,active,2026-08-18T10:00:00+05:30
flt_55a2c291,arl_077dea23,MH-9063,apt_6be6a548,apt_496144db,2026-09-23T07:40:00+05:30,2026-09-23T08:51:00+05:30,71,0,A321,"economy,business",48.264,active,2026-08-18T10:00:00+05:30
flt_ab4698d6,arl_a852cdd9,VJ-3741,apt_33c2d61a,apt_757e32fe,2026-09-13T14:00:00+05:30,2026-09-13T19:03:00+05:30,303,0,ATR-72,economy,341.33,active,2026-08-18T10:00:00+05:30
flt_58182111,arl_4939343e,SG-7153,apt_e6c1d884,apt_6ddc2fb6,2026-10-12T05:20:00+05:30,2026-10-12T07:12:00+05:30,112,0,A320neo,economy,71.316,active,2026-08-18T10:00:00+05:30
flt_39abce96,arl_56da328b,GA-9993,apt_bdf57d77,apt_98416c9d,2026-10-19T22:00:00+05:30,2026-10-19T23:02:00+05:30,62,0,B787-8,"economy,business",47.125,active,2026-08-18T10:00:00+05:30
flt_4819875f,arl_75d2a12c,QF-9040,apt_496144db,apt_08ebf678,2026-10-18T11:30:00+05:30,2026-10-18T14:03:00+05:30,153,0,B787-8,"economy,business",138.582,active,2026-08-18T10:00:00+05:30
flt_58d06672,arl_508d631b,UL-1687,apt_d3a5784e,apt_bfd02a38,2026-09-13T17:50:00+05:30,2026-09-13T18:45:00+05:30,55,0,A320neo,"economy,business",25.288,active,2026-08-18T10:00:00+05:30
flt_3785b02a,arl_a0bf222e,KE-975,apt_86c2c516,apt_2d4c99ed,2026-09-05T09:10:00+05:30,2026-09-05T14:35:00+05:30,325,0,B737-800,"economy,business",384.293,active,2026-08-18T10:00:00+05:30
flt_f7a12ac5,arl_2981080f,6E-8591,apt_ceec186e,apt_98416c9d,2026-09-04T08:10:00+05:30,2026-09-04T16:12:00+05:30,482,1,B737-800,economy,474.947,active,2026-08-18T10:00:00+05:30
flt_b1a646f2,arl_8ac08b06,CZ-2069,apt_9a8714fa,apt_ad38af67,2026-11-02T11:20:00+05:30,2026-11-02T17:42:00+05:30,382,1,A321,"economy,business",332.817,active,2026-08-18T10:00:00+05:30
flt_6fdcdcd0,arl_2981080f,6E-7335,apt_bdf57d77,apt_5835fac1,2026-11-11T19:10:00+05:30,2026-11-11T20:34:00+05:30,84,0,B787-8,economy,70.248,active,2026-08-18T10:00:00+05:30
flt_a91949b3,arl_077dea23,MH-496,apt_9a8714fa,apt_ceec186e,2026-09-17T22:00:00+05:30,2026-09-18T03:08:00+05:30,308,0,ATR-72,"economy,business",332.804,active,2026-08-18T10:00:00+05:30
flt_0cdb0878,arl_403656a7,LX-3170,apt_33c2d61a,apt_c1f65e85,2026-09-09T19:00:00+05:30,2026-09-10T02:20:00+05:30,440,0,ATR-72,"economy,business",523.908,active,2026-08-18T10:00:00+05:30
flt_1ebb99e3,arl_508d631b,UL-4210,apt_d3a5784e,apt_e6d0e6bf,2026-09-22T20:30:00+05:30,2026-09-22T22:22:00+05:30,112,0,B737-800,"economy,business",109.917,active,2026-08-18T10:00:00+05:30
flt_74f8bb8d,arl_56da328b,GA-8233,apt_ad38af67,apt_a7ea97c3,2026-11-10T10:00:00+05:30,2026-11-10T16:50:00+05:30,410,0,A320neo,"economy,business",474.257,active,2026-08-18T10:00:00+05:30
flt_4d53e84f,arl_666b65b1,AC-1712,apt_6be6a548,apt_496144db,2026-09-05T11:40:00+05:30,2026-09-05T12:57:00+05:30,77,0,B737-800,"economy,business",48.264,active,2026-08-18T10:00:00+05:30
flt_51dba809,arl_a852cdd9,VJ-1284,apt_faa26bd2,apt_757e32fe,2026-11-25T21:30:00+05:30,2026-11-26T03:12:00+05:30,342,1,B787-8,economy,288.019,active,2026-08-18T10:00:00+05:30
flt_219fc5be,arl_c56d378a,TG-3784,apt_08ebf678,apt_86c2c516,2026-09-13T07:20:00+05:30,2026-09-13T11:08:00+05:30,228,0,ATR-72,"economy,business",235.774,active,2026-08-18T10:00:00+05:30
flt_07cfdf42,arl_75d2a12c,QF-2900,apt_5835fac1,apt_3e80f233,2026-11-13T06:40:00+05:30,2026-11-13T08:42:00+05:30,122,0,A320neo,"economy,business",123.5,active,2026-08-18T10:00:00+05:30
flt_8ad2b922,arl_508d631b,UL-9074,apt_30500fc8,apt_86c2c516,2026-09-03T19:20:00+05:30,2026-09-04T01:06:00+05:30,346,1,ATR-72,"economy,business",320.879,active,2026-08-18T10:00:00+05:30
flt_eb0f6f3e,arl_4939343e,SG-3029,apt_ebff6148,apt_cb1113d2,2026-11-02T16:10:00+05:30,2026-11-02T21:06:00+05:30,296,0,,economy,338.407,active,2026-08-18T10:00:00+05:30
flt_5d58f9f4,arl_7f79d7b3,AF-4643,apt_54ebca59,apt_2d4c99ed,2026-10-31T15:30:00+05:30,2026-10-31T18:29:00+05:30,179,0,,"economy,business",192.371,active,2026-08-18T10:00:00+05:30
flt_98b4ef57,arl_077dea23,MH-1022,apt_eb8717c7,apt_d3a5784e,2026-11-07T05:30:00+05:30,2026-11-07T13:03:00+05:30,453,1,B787-8,"economy,business",439.646,active,2026-08-18T10:00:00+05:30
flt_8cd86cce,arl_7784367f,KB-2188,apt_2d4c99ed,apt_33c2d61a,2026-10-05T05:20:00+05:30,2026-10-05T12:30:00+05:30,430,0,B787-8,"economy,business",523.511,active,2026-08-18T10:00:00+05:30
flt_c8d3d961,arl_508d631b,UL-6223,apt_ee6be440,apt_c1f65e85,2026-11-27T13:10:00+05:30,2026-11-27T18:01:00+05:30,291,1,B787-8,"economy,business",223.54,active,2026-08-18T10:00:00+05:30
flt_09292e4a,arl_ef62470d,IX-9483,apt_496144db,apt_30500fc8,2026-11-20T19:20:00+05:30,2026-11-21T00:05:00+05:30,285,1,B737-800,economy,226.401,active,2026-08-18T10:00:00+05:30
flt_025454ce,arl_1cfc4640,SQ-4597,apt_3810f0b5,apt_ceec186e,2026-11-01T15:40:00+05:30,2026-11-01T20:50:00+05:30,310,0,B787-8,"economy,business",334.014,active,2026-08-18T10:00:00+05:30
flt_cc5a6ef9,arl_ef62470d,IX-996,apt_cb1113d2,apt_05897d58,2026-10-04T21:20:00+05:30,2026-10-05T06:00:00+05:30,520,1,B737-800,economy,550.233,active,2026-08-18T10:00:00+05:30
flt_1b04cf75,arl_28f00e8b,EK-8330,apt_05897d58,apt_5377e1f8,2026-11-10T13:00:00+05:30,2026-11-10T13:32:00+05:30,32,0,ATR-72,"economy,business",2.323,active,2026-08-18T10:00:00+05:30
flt_90f2cd7e,arl_4939343e,SG-4851,apt_33c2d61a,apt_cb1113d2,2026-09-02T13:00:00+05:30,2026-09-02T13:28:00+05:30,28,0,B787-8,economy,2.971,active,2026-08-18T10:00:00+05:30
flt_e6ac883d,arl_a487a152,RA-3452,apt_6ddc2fb6,apt_9dd20d55,2026-09-26T06:20:00+05:30,2026-09-26T11:10:00+05:30,290,0,A320neo,"economy,business",347.07,active,2026-08-18T10:00:00+05:30
flt_105a5712,arl_3a276287,BA-7862,apt_2d4c99ed,apt_33c2d61a,2026-11-03T05:30:00+05:30,2026-11-03T12:50:00+05:30,440,0,ATR-72,"economy,business",523.511,active,2026-08-18T10:00:00+05:30
flt_b0f4704d,arl_508d631b,UL-3806,apt_ad38af67,apt_3810f0b5,2026-09-15T12:40:00+05:30,2026-09-15T17:20:00+05:30,280,0,A320neo,"economy,business",334.375,active,2026-08-18T10:00:00+05:30
flt_bbf3a6b9,arl_666b65b1,AC-8083,apt_ebff6148,apt_a7ea97c3,2026-11-25T06:40:00+05:30,2026-11-25T12:00:00+05:30,320,0,A321,"economy,business",356.482,active,2026-08-18T10:00:00+05:30
flt_85c70f18,arl_534d3a8a,LH-3131,apt_9dd20d55,apt_c0496aae,2026-10-15T11:30:00+05:30,2026-10-15T16:11:00+05:30,281,0,B787-8,"economy,business",295.474,active,2026-08-18T10:00:00+05:30
flt_e2573506,arl_8ac08b06,CZ-9114,apt_54ebca59,apt_e6c1d884,2026-11-07T17:00:00+05:30,2026-11-07T19:17:00+05:30,137,0,ATR-72,"economy,business",119.611,active,2026-08-18T10:00:00+05:30
flt_14335fb2,arl_154ebf3d,EY-2032,apt_98416c9d,apt_08ebf678,2026-10-08T15:50:00+05:30,2026-10-08T17:09:00+05:30,79,0,ATR-72,"economy,business",58.859,active,2026-08-18T10:00:00+05:30
flt_efbc3c5c,arl_a487a152,RA-1953,apt_98416c9d,apt_bfd02a38,2026-10-02T22:10:00+05:30,2026-10-02T23:57:00+05:30,107,0,B737-800,"economy,business",91.09,active,2026-08-18T10:00:00+05:30
flt_3ea2baa7,arl_2fae0fe3,KU-4960,apt_9a8714fa,apt_faa26bd2,2026-09-07T20:40:00+05:30,2026-09-07T22:42:00+05:30,122,0,A320neo,"economy,business",117.288,active,2026-08-18T10:00:00+05:30
flt_1037572f,arl_56da328b,GA-7685,apt_33c2d61a,apt_30500fc8,2026-10-12T05:40:00+05:30,2026-10-12T13:28:00+05:30,468,0,B787-8,"economy,business",551.393,active,2026-08-18T10:00:00+05:30
flt_0b7d43b2,arl_cbee96ac,GF-9154,apt_30500fc8,apt_3e80f233,2026-09-10T07:50:00+05:30,2026-09-10T10:59:00+05:30,189,0,A320neo,"economy,business",216.009,active,2026-08-18T10:00:00+05:30
flt_8c00ccda,arl_666b65b1,AC-3938,apt_cb1113d2,apt_faa26bd2,2026-11-18T06:00:00+05:30,2026-11-18T14:40:00+05:30,520,0,,"economy,business",619.512,active,2026-08-18T10:00:00+05:30
flt_b93cc567,arl_2fae0fe3,KU-2551,apt_ebff6148,apt_3810f0b5,2026-09-01T07:10:00+05:30,2026-09-01T11:05:00+05:30,235,0,A320neo,"economy,business",251.537,active,2026-08-18T10:00:00+05:30
flt_0e24dd32,arl_8ac08b06,CZ-9420,apt_5377e1f8,apt_ceec186e,2026-11-06T12:40:00+05:30,2026-11-06T17:56:00+05:30,316,0,B787-8,"economy,business",364.51,active,2026-08-18T10:00:00+05:30
flt_a01b401b,arl_8ac08b06,CZ-6833,apt_3e80f233,apt_9a8714fa,2026-11-19T17:00:00+05:30,2026-11-19T19:34:00+05:30,154,0,A321,"economy,business",143.95,active,2026-08-18T10:00:00+05:30
flt_a88c672b,arl_a852cdd9,VJ-3467,apt_d3a5784e,apt_33c2d61a,2026-10-02T13:10:00+05:30,2026-10-02T22:10:00+05:30,540,0,B737-800,economy,668.519,active,2026-08-18T10:00:00+05:30
flt_5ff708cc,arl_7f79d7b3,AF-1962,apt_c0496aae,apt_cb1113d2,2026-11-16T12:30:00+05:30,2026-11-16T20:30:00+05:30,480,0,A321,"economy,business",568.668,active,2026-08-18T10:00:00+05:30
flt_c6c11721,arl_534d3a8a,LH-8603,apt_cb1113d2,apt_c1f65e85,2026-09-06T08:10:00+05:30,2026-09-06T15:41:00+05:30,451,0,A321,"economy,business",521.279,active,2026-08-18T10:00:00+05:30
flt_8d9d39bd,arl_56da328b,GA-3184,apt_cb1113d2,apt_9a8714fa,2026-11-01T16:40:00+05:30,2026-11-02T00:10:00+05:30,450,0,ATR-72,"economy,business",524.673,active,2026-08-18T10:00:00+05:30
flt_9edbafb2,arl_3a276287,BA-6600,apt_c077a39a,apt_5377e1f8,2026-10-02T13:10:00+05:30,2026-10-02T18:11:00+05:30,301,0,B737-800,"economy,business",330.394,active,2026-08-18T10:00:00+05:30
flt_b0707fbf,arl_dbae8242,QR-5667,apt_a7ea97c3,apt_98416c9d,2026-11-28T06:10:00+05:30,2026-11-28T06:49:00+05:30,39,0,A320neo,"economy,business",1.558,active,2026-08-18T10:00:00+05:30
flt_38791322,arl_7784367f,KB-5247,apt_6ddc2fb6,apt_98416c9d,2026-10-16T16:00:00+05:30,2026-10-16T18:17:00+05:30,137,0,A321,"economy,business",143.847,active,2026-08-18T10:00:00+05:30
flt_e1b59175,arl_154ebf3d,EY-7172,apt_c1f65e85,apt_6be6a548,2026-09-08T08:40:00+05:30,2026-09-08T11:21:00+05:30,161,0,A320neo,"economy,business",147.447,active,2026-08-18T10:00:00+05:30
flt_b0eff12a,arl_dbae8242,QR-8782,apt_30500fc8,apt_ad38af67,2026-11-06T22:00:00+05:30,2026-11-07T04:22:00+05:30,382,1,ATR-72,"economy,business",366.689,active,2026-08-18T10:00:00+05:30
flt_c50a2305,arl_534d3a8a,LH-7935,apt_e6c1d884,apt_757e32fe,2026-09-19T08:30:00+05:30,2026-09-19T13:38:00+05:30,308,1,A320neo,"economy,business",252.55,active,2026-08-18T10:00:00+05:30
flt_63bcbbd8,arl_28f00e8b,EK-2320,apt_c1f65e85,apt_ceec186e,2026-09-01T07:40:00+05:30,2026-09-01T13:49:00+05:30,369,1,B787-8,"economy,business",334.393,active,2026-08-18T10:00:00+05:30
flt_fae13703,arl_7f79d7b3,AF-9377,apt_6ddc2fb6,apt_a7ea97c3,2026-11-08T21:30:00+05:30,2026-11-09T00:03:00+05:30,153,0,B787-8,"economy,business",142.91,active,2026-08-18T10:00:00+05:30
flt_ecb501ac,arl_a487a152,RA-4493,apt_2d4c99ed,apt_86c2c516,2026-09-22T15:50:00+05:30,2026-09-22T21:31:00+05:30,341,0,A320neo,"economy,business",384.293,active,2026-08-18T10:00:00+05:30
flt_820f4910,arl_403656a7,LX-4857,apt_2d4c99ed,apt_6be6a548,2026-09-10T13:10:00+05:30,2026-09-10T15:48:00+05:30,158,0,B787-8,"economy,business",147.544,active,2026-08-18T10:00:00+05:30
flt_b82444da,arl_4939343e,SG-3632,apt_9a8714fa,apt_496144db,2026-11-08T13:20:00+05:30,2026-11-08T15:29:00+05:30,129,0,A321,economy,117.88,active,2026-08-18T10:00:00+05:30
flt_8b27a4ad,arl_c56d378a,TG-2773,apt_eb8717c7,apt_c1f65e85,2026-10-02T08:50:00+05:30,2026-10-02T13:06:00+05:30,256,0,B737-800,"economy,business",300.35,active,2026-08-18T10:00:00+05:30
flt_6201b223,arl_841c6e99,AI-8021,apt_ee6be440,apt_98416c9d,2026-09-04T14:20:00+05:30,2026-09-04T17:05:00+05:30,165,0,,"economy,business",172.78,active,2026-08-18T10:00:00+05:30
flt_2078c572,arl_ef62470d,IX-7028,apt_c1f65e85,apt_3810f0b5,2026-09-01T21:20:00+05:30,2026-09-02T00:07:00+05:30,167,0,ATR-72,economy,158.068,active,2026-08-18T10:00:00+05:30
flt_93584dc1,arl_508d631b,UL-8945,apt_a7ea97c3,apt_eb8717c7,2026-09-10T17:20:00+05:30,2026-09-10T23:25:00+05:30,365,0,,"economy,business",439.176,active,2026-08-18T10:00:00+05:30
flt_d31408b6,arl_2a88a2c3,UA-8113,apt_3810f0b5,apt_c0496aae,2026-09-11T06:40:00+05:30,2026-09-11T07:57:00+05:30,77,0,ATR-72,"economy,business",58.053,active,2026-08-18T10:00:00+05:30
flt_fe8cf0a6,arl_841c6e99,AI-6530,apt_86c2c516,apt_2d4c99ed,2026-10-13T09:20:00+05:30,2026-10-13T14:43:00+05:30,323,0,A321,"economy,business",384.293,active,2026-08-18T10:00:00+05:30
flt_d69ecea5,arl_ef62470d,IX-3583,apt_ceec186e,apt_9a8714fa,2026-10-06T14:40:00+05:30,2026-10-06T19:50:00+05:30,310,0,B787-8,economy,332.804,active,2026-08-18T10:00:00+05:30
flt_a618373e,arl_534d3a8a,LH-132,apt_ee6be440,apt_eb8717c7,2026-10-27T20:40:00+05:30,2026-10-28T03:04:00+05:30,384,1,A321,"economy,business",335.263,active,2026-08-18T10:00:00+05:30
flt_67677f7c,arl_68688da8,NZ-2721,apt_30500fc8,apt_e6c1d884,2026-11-14T14:30:00+05:30,2026-11-14T16:02:00+05:30,92,0,B787-8,"economy,business",65.609,active,2026-08-18T10:00:00+05:30
flt_99992845,arl_7784367f,KB-2199,apt_c0496aae,apt_5377e1f8,2026-11-04T18:30:00+05:30,2026-11-04T19:46:00+05:30,76,0,B737-800,"economy,business",55.403,active,2026-08-18T10:00:00+05:30
flt_1a359b37,arl_2a88a2c3,UA-5038,apt_86c2c516,apt_a7ea97c3,2026-10-31T05:40:00+05:30,2026-10-31T08:43:00+05:30,183,0,B737-800,"economy,business",203.142,active,2026-08-18T10:00:00+05:30
flt_931dcac0,arl_692cd6f4,JL-2692,apt_ee6be440,apt_6be6a548,2026-11-03T12:20:00+05:30,2026-11-03T15:57:00+05:30,217,0,,"economy,business",239.849,active,2026-08-18T10:00:00+05:30
flt_a201bfa2,arl_666b65b1,AC-6060,apt_ceec186e,apt_30500fc8,2026-10-13T11:40:00+05:30,2026-10-13T17:00:00+05:30,320,0,ATR-72,"economy,business",366.079,active,2026-08-18T10:00:00+05:30
flt_dcaa603f,arl_2a88a2c3,UA-264,apt_ebff6148,apt_33c2d61a,2026-09-02T06:40:00+05:30,2026-09-02T11:24:00+05:30,284,0,ATR-72,"economy,business",340.885,active,2026-08-18T10:00:00+05:30
flt_226ddc7c,arl_a487a152,RA-4419,apt_5835fac1,apt_d3a5784e,2026-10-07T12:30:00+05:30,2026-10-07T14:59:00+05:30,149,0,B787-8,"economy,business",126.922,active,2026-08-18T10:00:00+05:30
flt_6bf7180e,arl_403656a7,LX-2241,apt_ee6be440,apt_bfd02a38,2026-11-17T16:40:00+05:30,2026-11-17T20:39:00+05:30,239,0,A321,"economy,business",242.412,active,2026-08-18T10:00:00+05:30
flt_34b3c310,arl_508d631b,UL-7234,apt_ceec186e,apt_bdf57d77,2026-09-09T14:10:00+05:30,2026-09-09T20:16:00+05:30,366,0,B787-8,"economy,business",447.654,active,2026-08-18T10:00:00+05:30
flt_9886cae9,arl_666b65b1,AC-8943,apt_faa26bd2,apt_08ebf678,2026-11-21T22:10:00+05:30,2026-11-22T00:26:00+05:30,136,0,A321,"economy,business",136.017,active,2026-08-18T10:00:00+05:30
flt_bbf1ab56,arl_841c6e99,AI-3891,apt_3e80f233,apt_c077a39a,2026-10-06T15:30:00+05:30,2026-10-06T22:45:00+05:30,435,1,A321,"economy,business",437.774,active,2026-08-18T10:00:00+05:30
flt_41c68c10,arl_7784367f,KB-2684,apt_5835fac1,apt_ee6be440,2026-11-08T20:50:00+05:30,2026-11-08T22:42:00+05:30,112,0,B737-800,"economy,business",101.887,active,2026-08-18T10:00:00+05:30
flt_332a390c,arl_154ebf3d,EY-6918,apt_3e80f233,apt_bdf57d77,2026-11-13T13:00:00+05:30,2026-11-13T14:58:00+05:30,118,0,A321,"economy,business",101.944,active,2026-08-18T10:00:00+05:30
flt_e2986778,arl_077dea23,MH-4832,apt_30500fc8,apt_e6d0e6bf,2026-10-23T21:30:00+05:30,2026-10-23T23:38:00+05:30,128,0,B787-8,"economy,business",115.614,active,2026-08-18T10:00:00+05:30
flt_32f6b5ab,arl_3a276287,BA-6548,apt_c1f65e85,apt_bdf57d77,2026-11-04T08:40:00+05:30,2026-11-04T11:51:00+05:30,191,0,ATR-72,"economy,business",189.163,active,2026-08-18T10:00:00+05:30
flt_0b09f266,arl_4939343e,SG-9755,apt_ebff6148,apt_3e80f233,2026-09-17T18:50:00+05:30,2026-09-17T23:38:00+05:30,288,0,A320neo,economy,339.407,active,2026-08-18T10:00:00+05:30
flt_113a0ecc,arl_403656a7,LX-9866,apt_757e32fe,apt_6be6a548,2026-11-02T08:50:00+05:30,2026-11-02T13:52:00+05:30,302,0,A321,"economy,business",334.486,active,2026-08-18T10:00:00+05:30
flt_5b687412,arl_cbee96ac,GF-5481,apt_54ebca59,apt_496144db,2026-11-05T21:20:00+05:30,2026-11-05T23:40:00+05:30,140,0,ATR-72,"economy,business",141.216,active,2026-08-18T10:00:00+05:30
flt_690149c7,arl_534d3a8a,LH-5881,apt_9a8714fa,apt_6be6a548,2026-11-17T09:00:00+05:30,2026-11-17T11:22:00+05:30,142,0,B737-800,"economy,business",152.681,active,2026-08-18T10:00:00+05:30
flt_083da29b,arl_1cfc4640,SQ-6321,apt_a7ea97c3,apt_86c2c516,2026-11-27T05:10:00+05:30,2026-11-27T08:14:00+05:30,184,0,ATR-72,"economy,business",203.142,active,2026-08-18T10:00:00+05:30
flt_a7f78ef6,arl_508d631b,UL-6065,apt_08ebf678,apt_ee6be440,2026-10-05T15:50:00+05:30,2026-10-05T18:15:00+05:30,145,0,ATR-72,"economy,business",113.926,active,2026-08-18T10:00:00+05:30
flt_db01e4ae,arl_3a276287,BA-2782,apt_faa26bd2,apt_cb1113d2,2026-09-28T08:30:00+05:30,2026-09-28T16:48:00+05:30,498,0,B787-8,"economy,business",619.512,active,2026-08-18T10:00:00+05:30
flt_c9cdcf03,arl_3a276287,BA-8118,apt_c1f65e85,apt_86c2c516,2026-09-21T05:20:00+05:30,2026-09-21T12:13:00+05:30,413,1,B787-8,"economy,business",384.635,active,2026-08-18T10:00:00+05:30
flt_36d5aa50,arl_cbee96ac,GF-1834,apt_05897d58,apt_5835fac1,2026-09-26T15:10:00+05:30,2026-09-26T16:41:00+05:30,91,0,A320neo,"economy,business",57.281,active,2026-08-18T10:00:00+05:30
flt_0b49fa96,arl_077dea23,MH-5401,apt_faa26bd2,apt_9a8714fa,2026-11-29T09:20:00+05:30,2026-11-29T11:22:00+05:30,122,0,B787-8,"economy,business",117.288,active,2026-08-18T10:00:00+05:30
flt_9bd16f53,arl_7f79d7b3,AF-789,apt_2d4c99ed,apt_faa26bd2,2026-09-15T08:10:00+05:30,2026-09-15T10:16:00+05:30,126,0,A320neo,"economy,business",101.013,active,2026-08-18T10:00:00+05:30
flt_3f9e2260,arl_28f00e8b,EK-3928,apt_c0496aae,apt_cb1113d2,2026-11-24T13:10:00+05:30,2026-11-24T22:32:00+05:30,562,1,A320neo,"economy,business",568.668,active,2026-08-18T10:00:00+05:30
flt_523a20f7,arl_154ebf3d,EY-8722,apt_30500fc8,apt_c0496aae,2026-11-20T13:50:00+05:30,2026-11-20T15:58:00+05:30,128,0,ATR-72,"economy,business",100.53,active,2026-08-18T10:00:00+05:30
flt_70421848,arl_403656a7,LX-1984,apt_757e32fe,apt_30500fc8,2026-11-15T09:40:00+05:30,2026-11-15T15:32:00+05:30,352,1,A321,"economy,business",307.754,active,2026-08-18T10:00:00+05:30
flt_579a8a86,arl_077dea23,MH-503,apt_eb8717c7,apt_e6d0e6bf,2026-09-30T08:40:00+05:30,2026-09-30T14:27:00+05:30,347,0,B737-800,"economy,business",399.395,active,2026-08-18T10:00:00+05:30
flt_b825b7ce,arl_692cd6f4,JL-4216,apt_c0496aae,apt_ad38af67,2026-11-07T15:30:00+05:30,2026-11-07T22:18:00+05:30,408,1,A320neo,"economy,business",377.646,active,2026-08-18T10:00:00+05:30
flt_fb1cdad1,arl_ef62470d,IX-4801,apt_ebff6148,apt_d3a5784e,2026-10-18T10:10:00+05:30,2026-10-18T15:08:00+05:30,298,0,B787-8,economy,339.961,active,2026-08-18T10:00:00+05:30
flt_0b337a96,arl_4939343e,SG-7506,apt_e6c1d884,apt_9dd20d55,2026-10-08T20:30:00+05:30,2026-10-09T01:13:00+05:30,283,0,B787-8,economy,338.416,active,2026-08-18T10:00:00+05:30
flt_ac8bdf50,arl_cbee96ac,GF-5883,apt_30500fc8,apt_c1f65e85,2026-10-25T05:00:00+05:30,2026-10-25T09:41:00+05:30,281,1,B787-8,"economy,business",222.047,active,2026-08-18T10:00:00+05:30
flt_332e7d8a,arl_692cd6f4,JL-7094,apt_6ddc2fb6,apt_e6d0e6bf,2026-11-01T16:40:00+05:30,2026-11-01T18:35:00+05:30,115,0,A320neo,"economy,business",114.214,active,2026-08-18T10:00:00+05:30
flt_dc9ad97c,arl_508d631b,UL-3332,apt_ceec186e,apt_3e80f233,2026-09-27T10:10:00+05:30,2026-09-27T18:17:00+05:30,487,1,B737-800,"economy,business",473.189,active,2026-08-18T10:00:00+05:30
flt_e19f2b17,arl_692cd6f4,JL-4238,apt_d3a5784e,apt_ebff6148,2026-11-10T20:50:00+05:30,2026-11-11T03:05:00+05:30,375,1,ATR-72,"economy,business",339.961,active,2026-08-18T10:00:00+05:30
flt_61aa437a,arl_c56d378a,TG-2562,apt_eb8717c7,apt_757e32fe,2026-11-20T11:10:00+05:30,2026-11-20T13:51:00+05:30,161,0,B787-8,"economy,business",136.13,active,2026-08-18T10:00:00+05:30
flt_7739158e,arl_403656a7,LX-3814,apt_757e32fe,apt_ee6be440,2026-11-21T07:10:00+05:30,2026-11-21T12:01:00+05:30,291,0,ATR-72,"economy,business",309.061,active,2026-08-18T10:00:00+05:30
flt_a335ceb3,arl_077dea23,MH-4943,apt_faa26bd2,apt_5835fac1,2026-09-23T05:40:00+05:30,2026-09-23T07:55:00+05:30,135,0,ATR-72,"economy,business",123.989,active,2026-08-18T10:00:00+05:30
flt_8842e916,arl_508d631b,UL-1026,apt_bdf57d77,apt_e6c1d884,2026-09-04T07:20:00+05:30,2026-09-04T09:35:00+05:30,135,0,A321,"economy,business",117.056,active,2026-08-18T10:00:00+05:30
flt_2ac36e73,arl_7784367f,KB-7222,apt_ceec186e,apt_33c2d61a,2026-09-10T20:40:00+05:30,2026-09-10T23:34:00+05:30,174,0,A320neo,"economy,business",194.722,active,2026-08-18T10:00:00+05:30
flt_ff55fee4,arl_c56d378a,TG-8803,apt_a7ea97c3,apt_3810f0b5,2026-10-04T06:10:00+05:30,2026-10-04T08:37:00+05:30,147,0,B737-800,"economy,business",154.733,active,2026-08-18T10:00:00+05:30
flt_908e8f9f,arl_a0bf222e,KE-1650,apt_ee6be440,apt_496144db,2026-10-24T21:10:00+05:30,2026-10-25T01:52:00+05:30,282,1,A320neo,"economy,business",227.654,active,2026-08-18T10:00:00+05:30
flt_11632a9d,arl_841c6e99,AI-1527,apt_6be6a548,apt_9a8714fa,2026-10-23T08:10:00+05:30,2026-10-23T10:43:00+05:30,153,0,B737-800,"economy,business",152.681,active,2026-08-18T10:00:00+05:30
flt_2ed726fe,arl_534d3a8a,LH-7255,apt_54ebca59,apt_496144db,2026-10-06T16:00:00+05:30,2026-10-06T18:19:00+05:30,139,0,A321,"economy,business",141.216,active,2026-08-18T10:00:00+05:30
flt_7e23af7a,arl_508d631b,UL-1015,apt_a7ea97c3,apt_bfd02a38,2026-09-15T20:50:00+05:30,2026-09-15T22:50:00+05:30,120,0,B737-800,"economy,business",89.714,active,2026-08-18T10:00:00+05:30
flt_4ca4399b,arl_3a276287,BA-9728,apt_eb8717c7,apt_c1f65e85,2026-11-16T21:10:00+05:30,2026-11-17T01:54:00+05:30,284,0,B787-8,"economy,business",300.35,active,2026-08-18T10:00:00+05:30
flt_eba27c5a,arl_3a276287,BA-5382,apt_faa26bd2,apt_3e80f233,2026-11-19T11:30:00+05:30,2026-11-19T12:46:00+05:30,76,0,A320neo,"economy,business",59.167,active,2026-08-18T10:00:00+05:30
flt_ddb48252,arl_7f79d7b3,AF-942,apt_98416c9d,apt_ee6be440,2026-09-02T16:30:00+05:30,2026-09-02T19:15:00+05:30,165,0,A321,"economy,business",172.78,active,2026-08-18T10:00:00+05:30
flt_e8734149,arl_2a88a2c3,UA-6278,apt_08ebf678,apt_3e80f233,2026-09-16T08:30:00+05:30,2026-09-16T10:26:00+05:30,116,0,A320neo,"economy,business",108.707,active,2026-08-18T10:00:00+05:30
flt_2bfb609c,arl_ef62470d,IX-7835,apt_faa26bd2,apt_ad38af67,2026-10-26T07:50:00+05:30,2026-10-26T15:17:00+05:30,447,1,ATR-72,economy,429.993,active,2026-08-18T10:00:00+05:30
flt_5aaf6dd3,arl_077dea23,MH-124,apt_a7ea97c3,apt_3e80f233,2026-10-29T08:30:00+05:30,2026-10-29T09:50:00+05:30,80,0,A320neo,"economy,business",60.622,active,2026-08-18T10:00:00+05:30
flt_07eab00b,arl_dbae8242,QR-969,apt_08ebf678,apt_c077a39a,2026-09-14T19:30:00+05:30,2026-09-15T00:56:00+05:30,326,0,B787-8,"economy,business",398.44,active,2026-08-18T10:00:00+05:30
flt_0e2bbac1,arl_7f79d7b3,AF-1343,apt_496144db,apt_54ebca59,2026-11-01T10:30:00+05:30,2026-11-01T13:04:00+05:30,154,0,A321,"economy,business",141.216,active,2026-08-18T10:00:00+05:30
flt_260bf8c3,arl_534d3a8a,LH-906,apt_ceec186e,apt_ee6be440,2026-11-22T06:00:00+05:30,2026-11-22T11:15:00+05:30,315,0,B787-8,"economy,business",366.895,active,2026-08-18T10:00:00+05:30
flt_b6c93df4,arl_692cd6f4,JL-8405,apt_86c2c516,apt_d3a5784e,2026-11-24T12:20:00+05:30,2026-11-24T17:04:00+05:30,284,1,A321,"economy,business",234.495,active,2026-08-18T10:00:00+05:30
flt_40f39368,arl_cbee96ac,GF-7166,apt_05897d58,apt_496144db,2026-10-12T21:00:00+05:30,2026-10-12T23:51:00+05:30,171,0,A321,"economy,business",183.028,active,2026-08-18T10:00:00+05:30
flt_52cf9d82,arl_a487a152,RA-540,apt_3e80f233,apt_bdf57d77,2026-10-03T05:10:00+05:30,2026-10-03T06:52:00+05:30,102,0,,"economy,business",101.944,active,2026-08-18T10:00:00+05:30
flt_4c85363f,arl_841c6e99,AI-1116,apt_ee6be440,apt_86c2c516,2026-10-20T18:40:00+05:30,2026-10-20T23:38:00+05:30,298,0,ATR-72,"economy,business",320.687,active,2026-08-18T10:00:00+05:30
flt_df097c6f,arl_1cfc4640,SQ-7586,apt_496144db,apt_d3a5784e,2026-09-08T22:00:00+05:30,2026-09-08T23:33:00+05:30,93,0,A321,"economy,business",60.392,active,2026-08-18T10:00:00+05:30
flt_71da7a33,arl_28f00e8b,EK-5080,apt_6ddc2fb6,apt_eb8717c7,2026-09-26T22:30:00+05:30,2026-09-27T03:09:00+05:30,279,0,B737-800,"economy,business",297.44,active,2026-08-18T10:00:00+05:30
flt_62ad22d7,arl_154ebf3d,EY-3134,apt_6ddc2fb6,apt_ebff6148,2026-10-09T19:50:00+05:30,2026-10-09T23:31:00+05:30,221,0,B787-8,"economy,business",217.125,active,2026-08-18T10:00:00+05:30
flt_f45d27cd,arl_2981080f,6E-7674,apt_33c2d61a,apt_ebff6148,2026-09-24T12:10:00+05:30,2026-09-24T17:14:00+05:30,304,0,ATR-72,economy,340.885,active,2026-08-18T10:00:00+05:30
flt_c5622e6d,arl_6317d870,UK-1029,apt_ad38af67,apt_496144db,2026-10-13T22:30:00+05:30,2026-10-14T04:49:00+05:30,379,0,,"economy,business",429.111,active,2026-08-18T10:00:00+05:30
flt_f587884b,arl_508d631b,UL-3121,apt_eb8717c7,apt_bdf57d77,2026-11-17T10:10:00+05:30,2026-11-17T16:13:00+05:30,363,0,A320neo,"economy,business",413.121,active,2026-08-18T10:00:00+05:30
flt_8108fc3a,arl_75d2a12c,QF-4127,apt_e6c1d884,apt_faa26bd2,2026-09-23T11:50:00+05:30,2026-09-23T14:27:00+05:30,157,0,B737-800,"economy,business",174.711,active,2026-08-18T10:00:00+05:30
flt_dbdf61f1,arl_6317d870,UK-5826,apt_33c2d61a,apt_c0496aae,2026-09-19T08:10:00+05:30,2026-09-19T17:10:00+05:30,540,1,B787-8,"economy,business",571.563,active,2026-08-18T10:00:00+05:30
flt_9a6f0844,arl_7f79d7b3,AF-6283,apt_496144db,apt_757e32fe,2026-10-22T13:10:00+05:30,2026-10-22T18:52:00+05:30,342,1,B787-8,"economy,business",286.531,active,2026-08-18T10:00:00+05:30
flt_69731cc2,arl_841c6e99,AI-4347,apt_e6c1d884,apt_ad38af67,2026-10-04T21:20:00+05:30,2026-10-05T02:28:00+05:30,308,0,B737-800,"economy,business",334.647,active,2026-08-18T10:00:00+05:30
flt_679797d2,arl_508d631b,UL-8791,apt_c077a39a,apt_e6c1d884,2026-11-07T16:20:00+05:30,2026-11-07T21:54:00+05:30,334,1,ATR-72,"economy,business",299.788,active,2026-08-18T10:00:00+05:30
flt_68b36acb,arl_75d2a12c,QF-3727,apt_2d4c99ed,apt_eb8717c7,2026-09-02T13:50:00+05:30,2026-09-02T18:09:00+05:30,259,0,ATR-72,"economy,business",299.793,active,2026-08-18T10:00:00+05:30
flt_81e405d2,arl_666b65b1,AC-3305,apt_9a8714fa,apt_98416c9d,2026-10-12T06:50:00+05:30,2026-10-12T09:09:00+05:30,139,0,A320neo,"economy,business",143.719,active,2026-08-18T10:00:00+05:30
flt_b2a479f8,arl_a0bf222e,KE-1002,apt_c1f65e85,apt_c077a39a,2026-09-20T13:50:00+05:30,2026-09-20T18:25:00+05:30,275,0,A321,"economy,business",300.204,active,2026-08-18T10:00:00+05:30
flt_5e9d843e,arl_28f00e8b,EK-3169,apt_98416c9d,apt_e6c1d884,2026-10-22T12:10:00+05:30,2026-10-22T14:58:00+05:30,168,0,,"economy,business",154.399,active,2026-08-18T10:00:00+05:30
flt_65911ee6,arl_2fae0fe3,KU-6159,apt_ee6be440,apt_3810f0b5,2026-10-16T13:40:00+05:30,2026-10-16T15:13:00+05:30,93,0,,"economy,business",66.59,active,2026-08-18T10:00:00+05:30
flt_ff721875,arl_666b65b1,AC-9769,apt_e6c1d884,apt_3e80f233,2026-10-04T10:50:00+05:30,2026-10-04T13:46:00+05:30,176,0,B787-8,"economy,business",181.244,active,2026-08-18T10:00:00+05:30
flt_68614f05,arl_8ac08b06,CZ-9568,apt_9a8714fa,apt_3e80f233,2026-10-11T19:10:00+05:30,2026-10-11T21:41:00+05:30,151,0,B737-800,"economy,business",143.95,active,2026-08-18T10:00:00+05:30
flt_d2abd928,arl_c56d378a,TG-2415,apt_bdf57d77,apt_9a8714fa,2026-11-04T08:00:00+05:30,2026-11-04T10:26:00+05:30,146,0,B737-800,"economy,business",126.681,active,2026-08-18T10:00:00+05:30
flt_bba917c9,arl_2a88a2c3,UA-2335,apt_eb8717c7,apt_c1f65e85,2026-10-10T08:40:00+05:30,2026-10-10T14:33:00+05:30,353,1,A320neo,"economy,business",300.35,active,2026-08-18T10:00:00+05:30
flt_3ab24953,arl_2981080f,6E-4565,apt_cb1113d2,apt_ad38af67,2026-11-19T15:50:00+05:30,2026-11-19T19:13:00+05:30,203,0,B787-8,economy,191.855,active,2026-08-18T10:00:00+05:30
flt_fa8ec5a2,arl_2981080f,6E-3955,apt_6be6a548,apt_9a8714fa,2026-09-09T08:00:00+05:30,2026-09-09T10:43:00+05:30,163,0,ATR-72,economy,152.681,active,2026-08-18T10:00:00+05:30
flt_7757969b,arl_403656a7,LX-7482,apt_757e32fe,apt_c077a39a,2026-11-22T09:30:00+05:30,2026-11-22T11:53:00+05:30,143,0,A320neo,"economy,business",136.441,active,2026-08-18T10:00:00+05:30
flt_671c3883,arl_56da328b,GA-6053,apt_eb8717c7,apt_2d4c99ed,2026-09-03T07:00:00+05:30,2026-09-03T11:30:00+05:30,270,0,A321,"economy,business",299.793,active,2026-08-18T10:00:00+05:30
flt_1dd5990f,arl_1cfc4640,SQ-1406,apt_c1f65e85,apt_9a8714fa,2026-10-04T10:20:00+05:30,2026-10-04T12:17:00+05:30,117,0,B787-8,"economy,business",85.961,active,2026-08-18T10:00:00+05:30
flt_796fd018,arl_692cd6f4,JL-2589,apt_ceec186e,apt_05897d58,2026-10-03T10:50:00+05:30,2026-10-03T17:15:00+05:30,385,1,A321,"economy,business",362.64,active,2026-08-18T10:00:00+05:30
flt_4e4a4b3a,arl_c56d378a,TG-3822,apt_05897d58,apt_9a8714fa,2026-11-01T08:40:00+05:30,2026-11-01T10:44:00+05:30,124,0,B737-800,"economy,business",94.682,active,2026-08-18T10:00:00+05:30
flt_65f37d25,arl_56da328b,GA-3187,apt_496144db,apt_eb8717c7,2026-09-07T07:10:00+05:30,2026-09-07T13:04:00+05:30,354,0,A321,"economy,business",394.726,active,2026-08-18T10:00:00+05:30
flt_a60b5232,arl_508d631b,UL-8718,apt_9a8714fa,apt_54ebca59,2026-10-16T12:20:00+05:30,2026-10-16T14:23:00+05:30,123,0,B737-800,"economy,business",130.515,active,2026-08-18T10:00:00+05:30
flt_3454bbf4,arl_a487a152,RA-3033,apt_e6c1d884,apt_e6d0e6bf,2026-11-04T14:30:00+05:30,2026-11-04T16:30:00+05:30,120,0,B737-800,"economy,business",103.463,active,2026-08-18T10:00:00+05:30
flt_90d508a5,arl_841c6e99,AI-7504,apt_6ddc2fb6,apt_bfd02a38,2026-10-14T22:30:00+05:30,2026-10-15T01:17:00+05:30,167,0,A321,"economy,business",156.839,active,2026-08-18T10:00:00+05:30
flt_0437d7ca,arl_508d631b,UL-5769,apt_5835fac1,apt_c077a39a,2026-10-15T11:10:00+05:30,2026-10-15T17:40:00+05:30,390,1,B737-800,"economy,business",343.213,active,2026-08-18T10:00:00+05:30
flt_3699a930,arl_c56d378a,TG-3172,apt_05897d58,apt_faa26bd2,2026-10-11T05:10:00+05:30,2026-10-11T07:53:00+05:30,163,0,B787-8,"economy,business",181.228,active,2026-08-18T10:00:00+05:30
flt_da02cd6b,arl_a487a152,RA-9030,apt_c0496aae,apt_faa26bd2,2026-11-06T16:10:00+05:30,2026-11-06T18:38:00+05:30,148,0,B787-8,"economy,business",124.139,active,2026-08-18T10:00:00+05:30
flt_73347326,arl_1cfc4640,SQ-716,apt_bfd02a38,apt_a7ea97c3,2026-10-21T08:00:00+05:30,2026-10-21T09:45:00+05:30,105,0,B737-800,"economy,business",89.714,active,2026-08-18T10:00:00+05:30
flt_4eaabef9,arl_077dea23,MH-5648,apt_c077a39a,apt_c0496aae,2026-09-25T17:10:00+05:30,2026-09-25T23:17:00+05:30,367,1,,"economy,business",342.198,active,2026-08-18T10:00:00+05:30
flt_8220d8f9,arl_c56d378a,TG-3123,apt_ee6be440,apt_bdf57d77,2026-09-24T11:10:00+05:30,2026-09-24T13:11:00+05:30,121,0,B787-8,"economy,business",126.44,active,2026-08-18T10:00:00+05:30
flt_931449fc,arl_508d631b,UL-7215,apt_ee6be440,apt_d3a5784e,2026-11-06T21:50:00+05:30,2026-11-07T02:21:00+05:30,271,1,A321,"economy,business",220.829,active,2026-08-18T10:00:00+05:30
flt_3a2be700,arl_8ac08b06,CZ-3788,apt_3e80f233,apt_86c2c516,2026-10-01T17:20:00+05:30,2026-10-01T22:11:00+05:30,291,1,B787-8,"economy,business",233.286,active,2026-08-18T10:00:00+05:30
flt_0f4cb2ac,arl_28f00e8b,EK-284,apt_3e80f233,apt_e6c1d884,2026-09-22T20:50:00+05:30,2026-09-22T23:37:00+05:30,167,0,ATR-72,"economy,business",181.244,active,2026-08-18T10:00:00+05:30
flt_f8213d21,arl_508d631b,UL-9774,apt_c1f65e85,apt_eb8717c7,2026-10-08T06:10:00+05:30,2026-10-08T11:40:00+05:30,330,1,B787-8,"economy,business",300.35,active,2026-08-18T10:00:00+05:30
flt_f488e1ec,arl_b97400e0,QP-9523,apt_2d4c99ed,apt_3810f0b5,2026-10-16T17:40:00+05:30,2026-10-16T20:37:00+05:30,177,0,ATR-72,economy,156.862,active,2026-08-18T10:00:00+05:30
flt_6a76f1f2,arl_a487a152,RA-2474,apt_6be6a548,apt_9a8714fa,2026-09-01T11:50:00+05:30,2026-09-01T14:10:00+05:30,140,0,,"economy,business",152.681,active,2026-08-18T10:00:00+05:30
flt_a5957196,arl_3a276287,BA-5184,apt_bdf57d77,apt_ad38af67,2026-09-21T17:20:00+05:30,2026-09-22T00:41:00+05:30,441,1,A320neo,"economy,business",447.891,active,2026-08-18T10:00:00+05:30
flt_4250723e,arl_154ebf3d,EY-8122,apt_3e80f233,apt_d3a5784e,2026-09-03T19:20:00+05:30,2026-09-03T20:09:00+05:30,49,0,A320neo,"economy,business",4.053,active,2026-08-18T10:00:00+05:30
flt_55f5b3be,arl_7f79d7b3,AF-2517,apt_6be6a548,apt_3e80f233,2026-09-13T05:20:00+05:30,2026-09-13T06:27:00+05:30,67,0,B787-8,"economy,business",28.387,active,2026-08-18T10:00:00+05:30
flt_881d14da,arl_2fae0fe3,KU-1392,apt_33c2d61a,apt_cb1113d2,2026-11-11T22:30:00+05:30,2026-11-11T23:11:00+05:30,41,0,A320neo,"economy,business",2.971,active,2026-08-18T10:00:00+05:30
flt_059a034b,arl_2981080f,6E-7814,apt_496144db,apt_d3a5784e,2026-10-05T21:10:00+05:30,2026-10-05T22:47:00+05:30,97,0,B787-8,economy,60.392,active,2026-08-18T10:00:00+05:30
flt_df166393,arl_28f00e8b,EK-3396,apt_c1f65e85,apt_faa26bd2,2026-10-09T17:00:00+05:30,2026-10-09T18:52:00+05:30,112,0,ATR-72,"economy,business",100.903,active,2026-08-18T10:00:00+05:30
flt_e4571e8f,arl_c56d378a,TG-1715,apt_ceec186e,apt_ad38af67,2026-11-04T09:20:00+05:30,2026-11-04T10:12:00+05:30,52,0,B737-800,"economy,business",1.555,active,2026-08-18T10:00:00+05:30
flt_68900a30,arl_a852cdd9,VJ-9764,apt_08ebf678,apt_ceec186e,2026-11-20T06:30:00+05:30,2026-11-20T13:41:00+05:30,431,1,A320neo,economy,433.487,active,2026-08-18T10:00:00+05:30
flt_859cdd07,arl_534d3a8a,LH-5073,apt_c1f65e85,apt_cb1113d2,2026-10-14T15:20:00+05:30,2026-10-14T22:47:00+05:30,447,0,ATR-72,"economy,business",521.279,active,2026-08-18T10:00:00+05:30
flt_b9e63002,arl_2fae0fe3,KU-5575,apt_c1f65e85,apt_a7ea97c3,2026-11-21T13:20:00+05:30,2026-11-21T16:13:00+05:30,173,0,A321,"economy,business",184.885,active,2026-08-18T10:00:00+05:30
flt_2dc6ca24,arl_1cfc4640,SQ-6634,apt_a7ea97c3,apt_d3a5784e,2026-09-28T06:30:00+05:30,2026-09-28T08:03:00+05:30,93,0,B787-8,"economy,business",64.458,active,2026-08-18T10:00:00+05:30
flt_44be1c29,arl_2981080f,6E-5450,apt_bfd02a38,apt_98416c9d,2026-10-24T17:00:00+05:30,2026-10-24T19:04:00+05:30,124,0,B787-8,economy,91.09,active,2026-08-18T10:00:00+05:30
flt_54c6d7fe,arl_692cd6f4,JL-218,apt_ebff6148,apt_e6c1d884,2026-09-25T18:40:00+05:30,2026-09-25T23:57:00+05:30,317,1,ATR-72,"economy,business",251.437,active,2026-08-18T10:00:00+05:30
flt_5102b2ed,arl_a852cdd9,VJ-9304,apt_6be6a548,apt_a7ea97c3,2026-11-17T13:00:00+05:30,2026-11-17T14:39:00+05:30,99,0,B737-800,economy,89.008,active,2026-08-18T10:00:00+05:30
flt_b1775001,arl_403656a7,LX-5081,apt_6ddc2fb6,apt_5835fac1,2026-10-13T19:50:00+05:30,2026-10-13T21:12:00+05:30,82,0,B787-8,"economy,business",59.63,active,2026-08-18T10:00:00+05:30
flt_5e5a9d1a,arl_841c6e99,AI-2328,apt_5377e1f8,apt_bfd02a38,2026-11-03T09:00:00+05:30,2026-11-03T12:00:00+05:30,180,0,B737-800,"economy,business",198.907,active,2026-08-18T10:00:00+05:30
flt_329e45c1,arl_2981080f,6E-2851,apt_5835fac1,apt_3e80f233,2026-10-30T10:30:00+05:30,2026-10-30T12:36:00+05:30,126,0,B737-800,economy,123.5,active,2026-08-18T10:00:00+05:30
flt_236ab6e7,arl_a0bf222e,KE-3155,apt_496144db,apt_05897d58,2026-10-23T09:00:00+05:30,2026-10-23T11:48:00+05:30,168,0,ATR-72,"economy,business",183.028,active,2026-08-18T10:00:00+05:30
flt_9cc4d3ac,arl_cbee96ac,GF-4156,apt_05897d58,apt_faa26bd2,2026-11-03T14:00:00+05:30,2026-11-03T16:57:00+05:30,177,0,A320neo,"economy,business",181.228,active,2026-08-18T10:00:00+05:30
flt_bccf27c0,arl_6317d870,UK-9803,apt_6ddc2fb6,apt_bfd02a38,2026-09-04T18:30:00+05:30,2026-09-04T21:12:00+05:30,162,0,B787-8,"economy,business",156.839,active,2026-08-18T10:00:00+05:30
flt_8ba38001,arl_cbee96ac,GF-8398,apt_08ebf678,apt_cb1113d2,2026-09-13T10:50:00+05:30,2026-09-13T19:30:00+05:30,520,0,ATR-72,"economy,business",623.971,active,2026-08-18T10:00:00+05:30
flt_383f3d8e,arl_508d631b,UL-906,apt_ee6be440,apt_30500fc8,2026-11-11T17:20:00+05:30,2026-11-11T18:18:00+05:30,58,0,B787-8,"economy,business",1.507,active,2026-08-18T10:00:00+05:30
flt_614e1c80,arl_b97400e0,QP-1138,apt_08ebf678,apt_33c2d61a,2026-10-07T19:20:00+05:30,2026-10-08T05:10:00+05:30,590,1,B787-8,economy,626.887,active,2026-08-18T10:00:00+05:30
flt_00bf312b,arl_841c6e99,AI-6374,apt_e6d0e6bf,apt_05897d58,2026-11-04T17:40:00+05:30,2026-11-04T19:24:00+05:30,104,0,B787-8,"economy,business",84.802,active,2026-08-18T10:00:00+05:30
flt_0f750f59,arl_8ac08b06,CZ-9479,apt_cb1113d2,apt_6ddc2fb6,2026-09-11T05:40:00+05:30,2026-09-11T14:00:00+05:30,500,1,ATR-72,"economy,business",524.41,active,2026-08-18T10:00:00+05:30
flt_2791cec6,arl_534d3a8a,LH-9927,apt_c077a39a,apt_ceec186e,2026-09-05T05:30:00+05:30,2026-09-05T06:32:00+05:30,62,0,,"economy,business",35.534,active,2026-08-18T10:00:00+05:30
flt_bf387362,arl_28f00e8b,EK-7959,apt_33c2d61a,apt_496144db,2026-10-28T15:30:00+05:30,2026-10-29T01:33:00+05:30,603,1,B737-800,"economy,business",621.142,active,2026-08-18T10:00:00+05:30
flt_7e0053eb,arl_56da328b,GA-6595,apt_6ddc2fb6,apt_a7ea97c3,2026-09-23T15:50:00+05:30,2026-09-23T18:06:00+05:30,136,0,ATR-72,"economy,business",142.91,active,2026-08-18T10:00:00+05:30
flt_44bce64b,arl_3a276287,BA-9795,apt_c077a39a,apt_e6c1d884,2026-09-16T13:10:00+05:30,2026-09-16T18:48:00+05:30,338,1,A320neo,"economy,business",299.788,active,2026-08-18T10:00:00+05:30
flt_e0a95248,arl_7f79d7b3,AF-1572,apt_ebff6148,apt_ceec186e,2026-09-29T11:20:00+05:30,2026-09-29T14:08:00+05:30,168,0,ATR-72,"economy,business",163.248,active,2026-08-18T10:00:00+05:30
flt_5f15f6ed,arl_1cfc4640,SQ-8119,apt_05897d58,apt_5835fac1,2026-11-05T08:50:00+05:30,2026-11-05T10:09:00+05:30,79,0,A320neo,"economy,business",57.281,active,2026-08-18T10:00:00+05:30
flt_ba9f3bf1,arl_28f00e8b,EK-9435,apt_faa26bd2,apt_e6c1d884,2026-10-24T11:00:00+05:30,2026-10-24T14:11:00+05:30,191,0,A320neo,"economy,business",174.711,active,2026-08-18T10:00:00+05:30
flt_08a921dd,arl_c56d378a,TG-4319,apt_c1f65e85,apt_496144db,2026-10-29T13:20:00+05:30,2026-10-29T15:12:00+05:30,112,0,A320neo,"economy,business",99.34,active,2026-08-18T10:00:00+05:30
flt_22460f9a,arl_841c6e99,AI-2435,apt_9a8714fa,apt_2d4c99ed,2026-11-21T18:50:00+05:30,2026-11-21T20:29:00+05:30,99,0,B787-8,"economy,business",84.784,active,2026-08-18T10:00:00+05:30
flt_a9af1b74,arl_2a88a2c3,UA-8226,apt_2d4c99ed,apt_9a8714fa,2026-10-09T21:00:00+05:30,2026-10-09T22:32:00+05:30,92,0,A321,"economy,business",84.784,active,2026-08-18T10:00:00+05:30
flt_139602ef,arl_a487a152,RA-1787,apt_5377e1f8,apt_e6d0e6bf,2026-11-13T14:30:00+05:30,2026-11-13T16:20:00+05:30,110,0,A321,"economy,business",82.479,active,2026-08-18T10:00:00+05:30
flt_e90f5dfc,arl_841c6e99,AI-1295,apt_2d4c99ed,apt_c1f65e85,2026-09-12T20:50:00+05:30,2026-09-12T21:18:00+05:30,28,0,B787-8,"economy,business",1.235,active,2026-08-18T10:00:00+05:30
flt_2dbb9b2d,arl_28f00e8b,EK-1236,apt_e6c1d884,apt_ee6be440,2026-10-25T10:20:00+05:30,2026-10-25T11:35:00+05:30,75,0,A321,"economy,business",67.116,active,2026-08-18T10:00:00+05:30
flt_dc9d44ec,arl_534d3a8a,LH-2454,apt_bdf57d77,apt_54ebca59,2026-09-29T11:00:00+05:30,2026-09-29T11:43:00+05:30,43,0,A321,"economy,business",3.999,active,2026-08-18T10:00:00+05:30
flt_d3fda2c6,arl_8ac08b06,CZ-2819,apt_ceec186e,apt_6be6a548,2026-09-06T16:10:00+05:30,2026-09-06T22:46:00+05:30,396,0,ATR-72,"economy,business",474.791,active,2026-08-18T10:00:00+05:30
flt_f24af3c5,arl_28f00e8b,EK-8145,apt_98416c9d,apt_ebff6148,2026-09-19T18:20:00+05:30,2026-09-19T23:41:00+05:30,321,0,A321,"economy,business",357.62,active,2026-08-18T10:00:00+05:30
flt_ff1f3efb,arl_1cfc4640,SQ-397,apt_757e32fe,apt_9dd20d55,2026-11-18T13:20:00+05:30,2026-11-18T22:22:00+05:30,542,1,A321,"economy,business",563.154,active,2026-08-18T10:00:00+05:30
flt_2f1d295c,arl_534d3a8a,LH-415,apt_9a8714fa,apt_9dd20d55,2026-10-03T20:50:00+05:30,2026-10-04T02:05:00+05:30,315,0,B737-800,"economy,business",347.046,active,2026-08-18T10:00:00+05:30
flt_c90993fe,arl_cbee96ac,GF-9966,apt_bfd02a38,apt_5835fac1,2026-11-08T11:00:00+05:30,2026-11-08T13:35:00+05:30,155,0,B787-8,"economy,business",145.423,active,2026-08-18T10:00:00+05:30
flt_327281f5,arl_2fae0fe3,KU-5555,apt_3e80f233,apt_08ebf678,2026-11-06T20:10:00+05:30,2026-11-06T22:10:00+05:30,120,0,,"economy,business",108.707,active,2026-08-18T10:00:00+05:30
flt_b9748c81,arl_1cfc4640,SQ-4517,apt_6be6a548,apt_bfd02a38,2026-11-14T13:50:00+05:30,2026-11-14T14:29:00+05:30,39,0,A321,"economy,business",3.673,active,2026-08-18T10:00:00+05:30
flt_2b3b4f02,arl_2fae0fe3,KU-9287,apt_98416c9d,apt_6be6a548,2026-10-06T14:10:00+05:30,2026-10-06T16:17:00+05:30,127,0,B737-800,"economy,business",90.412,active,2026-08-18T10:00:00+05:30
flt_98a2542c,arl_7784367f,KB-8412,apt_e6d0e6bf,apt_bfd02a38,2026-10-03T15:40:00+05:30,2026-10-03T18:16:00+05:30,156,0,B787-8,"economy,business",133.958,active,2026-08-18T10:00:00+05:30
flt_b149b2ad,arl_508d631b,UL-5618,apt_3e80f233,apt_98416c9d,2026-09-05T09:30:00+05:30,2026-09-05T11:11:00+05:30,101,0,A320neo,"economy,business",62.025,active,2026-08-18T10:00:00+05:30
flt_711a3a2d,arl_3a276287,BA-3824,apt_d3a5784e,apt_5377e1f8,2026-09-11T17:50:00+05:30,2026-09-11T20:43:00+05:30,173,0,,"economy,business",178.597,active,2026-08-18T10:00:00+05:30
flt_87d5d88e,arl_56da328b,GA-1992,apt_33c2d61a,apt_05897d58,2026-11-14T21:50:00+05:30,2026-11-15T05:36:00+05:30,466,0,ATR-72,"economy,business",553.183,active,2026-08-18T10:00:00+05:30
flt_ebaa6978,arl_68688da8,NZ-7300,apt_757e32fe,apt_a7ea97c3,2026-10-03T18:10:00+05:30,2026-10-04T00:51:00+05:30,401,1,B787-8,"economy,business",356.999,active,2026-08-18T10:00:00+05:30
flt_f78d473a,arl_8ac08b06,CZ-1899,apt_c077a39a,apt_30500fc8,2026-10-29T06:00:00+05:30,2026-10-29T11:00:00+05:30,300,0,A321,"economy,business",333.616,active,2026-08-18T10:00:00+05:30
flt_e2180dee,arl_a852cdd9,VJ-6590,apt_ee6be440,apt_3810f0b5,2026-10-29T12:10:00+05:30,2026-10-29T13:53:00+05:30,103,0,B787-8,economy,66.59,active,2026-08-18T10:00:00+05:30
flt_a2cd4384,arl_7784367f,KB-1074,apt_c0496aae,apt_5377e1f8,2026-09-07T15:10:00+05:30,2026-09-07T16:36:00+05:30,86,0,B737-800,"economy,business",55.403,active,2026-08-18T10:00:00+05:30
flt_b3d7fcf1,arl_2a88a2c3,UA-2939,apt_9dd20d55,apt_30500fc8,2026-11-24T18:30:00+05:30,2026-11-24T23:30:00+05:30,300,0,A321,"economy,business",322.793,active,2026-08-18T10:00:00+05:30
flt_561a31c3,arl_692cd6f4,JL-8170,apt_5377e1f8,apt_3810f0b5,2026-09-21T10:40:00+05:30,2026-09-21T11:53:00+05:30,73,0,ATR-72,"economy,business",33.174,active,2026-08-18T10:00:00+05:30
flt_6b031a1f,arl_7784367f,KB-6025,apt_2d4c99ed,apt_faa26bd2,2026-10-11T20:50:00+05:30,2026-10-11T22:45:00+05:30,115,0,B737-800,"economy,business",101.013,active,2026-08-18T10:00:00+05:30
flt_a5dfa979,arl_154ebf3d,EY-2691,apt_757e32fe,apt_ee6be440,2026-11-21T21:50:00+05:30,2026-11-22T02:17:00+05:30,267,0,ATR-72,"economy,business",309.061,active,2026-08-18T10:00:00+05:30
flt_3586232d,arl_75d2a12c,QF-3906,apt_30500fc8,apt_6ddc2fb6,2026-10-27T14:30:00+05:30,2026-10-27T17:04:00+05:30,154,0,ATR-72,"economy,business",135.343,active,2026-08-18T10:00:00+05:30
flt_3237d731,arl_666b65b1,AC-6671,apt_d3a5784e,apt_e6d0e6bf,2026-10-31T20:50:00+05:30,2026-10-31T22:56:00+05:30,126,0,B787-8,"economy,business",109.917,active,2026-08-18T10:00:00+05:30
flt_6a4d5808,arl_692cd6f4,JL-8839,apt_33c2d61a,apt_05897d58,2026-10-06T22:10:00+05:30,2026-10-07T06:50:00+05:30,520,1,B737-800,"economy,business",553.183,active,2026-08-18T10:00:00+05:30
flt_0fdc085c,arl_28f00e8b,EK-2469,apt_d3a5784e,apt_eb8717c7,2026-10-31T15:40:00+05:30,2026-10-31T21:48:00+05:30,368,0,ATR-72,"economy,business",439.646,active,2026-08-18T10:00:00+05:30
flt_982068ed,arl_75d2a12c,QF-3676,apt_ee6be440,apt_e6c1d884,2026-10-16T13:10:00+05:30,2026-10-16T14:58:00+05:30,108,0,A320neo,"economy,business",67.116,active,2026-08-18T10:00:00+05:30
flt_67c35961,arl_6317d870,UK-1237,apt_bfd02a38,apt_496144db,2026-09-12T17:40:00+05:30,2026-09-12T18:53:00+05:30,73,0,A320neo,"economy,business",51.644,active,2026-08-18T10:00:00+05:30
flt_cc2d81a9,arl_2981080f,6E-5451,apt_faa26bd2,apt_5835fac1,2026-09-03T12:10:00+05:30,2026-09-03T14:37:00+05:30,147,0,B737-800,economy,123.989,active,2026-08-18T10:00:00+05:30
flt_14e9d205,arl_8ac08b06,CZ-2942,apt_5835fac1,apt_cb1113d2,2026-11-16T16:00:00+05:30,2026-11-17T01:03:00+05:30,543,1,B737-800,"economy,business",569.674,active,2026-08-18T10:00:00+05:30
flt_0b1cd8c0,arl_b97400e0,QP-7671,apt_54ebca59,apt_d3a5784e,2026-11-25T14:50:00+05:30,2026-11-25T17:10:00+05:30,140,0,B787-8,economy,108.003,active,2026-08-18T10:00:00+05:30
flt_4b50b80b,arl_2a88a2c3,UA-9589,apt_6ddc2fb6,apt_a7ea97c3,2026-10-24T17:10:00+05:30,2026-10-24T19:48:00+05:30,158,0,A320neo,"economy,business",142.91,active,2026-08-18T10:00:00+05:30
flt_6d653f14,arl_403656a7,LX-9753,apt_d3a5784e,apt_9a8714fa,2026-09-04T13:50:00+05:30,2026-09-04T16:36:00+05:30,166,0,A320neo,"economy,business",146.17,active,2026-08-18T10:00:00+05:30
flt_b8b3bd53,arl_c56d378a,TG-4406,apt_bfd02a38,apt_08ebf678,2026-11-28T11:20:00+05:30,2026-11-28T13:59:00+05:30,159,0,ATR-72,"economy,business",136.801,active,2026-08-18T10:00:00+05:30
flt_69b51b03,arl_4939343e,SG-989,apt_d3a5784e,apt_9dd20d55,2026-09-16T14:30:00+05:30,2026-09-16T18:01:00+05:30,211,0,A321,economy,237.944,active,2026-08-18T10:00:00+05:30
flt_6a88cdf9,arl_a487a152,RA-8988,apt_bfd02a38,apt_e6d0e6bf,2026-11-27T10:30:00+05:30,2026-11-27T12:58:00+05:30,148,0,A320neo,"economy,business",133.958,active,2026-08-18T10:00:00+05:30
flt_a791904d,arl_508d631b,UL-7259,apt_496144db,apt_e6d0e6bf,2026-09-01T22:40:00+05:30,2026-09-02T01:07:00+05:30,147,0,,"economy,business",135.88,active,2026-08-18T10:00:00+05:30
flt_557cc498,arl_a0bf222e,KE-4771,apt_c0496aae,apt_5835fac1,2026-11-15T06:10:00+05:30,2026-11-15T06:57:00+05:30,47,0,B737-800,"economy,business",1.026,active,2026-08-18T10:00:00+05:30
flt_c221243e,arl_4939343e,SG-4537,apt_757e32fe,apt_54ebca59,2026-11-09T11:10:00+05:30,2026-11-09T17:13:00+05:30,363,1,B787-8,economy,348.075,active,2026-08-18T10:00:00+05:30
flt_363207d6,arl_6317d870,UK-8197,apt_faa26bd2,apt_c077a39a,2026-09-19T14:30:00+05:30,2026-09-19T21:15:00+05:30,405,1,A321,"economy,business",395.314,active,2026-08-18T10:00:00+05:30
flt_8d864b41,arl_2fae0fe3,KU-4783,apt_bfd02a38,apt_33c2d61a,2026-09-21T22:00:00+05:30,2026-09-22T08:15:00+05:30,615,1,B787-8,"economy,business",671.121,active,2026-08-18T10:00:00+05:30
flt_54b582c0,arl_7784367f,KB-8962,apt_bdf57d77,apt_e6c1d884,2026-11-02T07:00:00+05:30,2026-11-02T09:03:00+05:30,123,0,ATR-72,"economy,business",117.056,active,2026-08-18T10:00:00+05:30
flt_dc9bdc4f,arl_692cd6f4,JL-3787,apt_6ddc2fb6,apt_6be6a548,2026-09-01T11:50:00+05:30,2026-09-01T14:13:00+05:30,143,0,B737-800,"economy,business",153.267,active,2026-08-18T10:00:00+05:30
flt_392e0e62,arl_2a88a2c3,UA-5133,apt_ad38af67,apt_5835fac1,2026-11-12T10:00:00+05:30,2026-11-12T15:15:00+05:30,315,0,B787-8,"economy,business",378.66,active,2026-08-18T10:00:00+05:30
flt_2e6c7e9d,arl_68688da8,NZ-4718,apt_d3a5784e,apt_3e80f233,2026-11-09T14:10:00+05:30,2026-11-09T14:48:00+05:30,38,0,A320neo,"economy,business",4.053,active,2026-08-18T10:00:00+05:30
flt_43b1c309,arl_a487a152,RA-3778,apt_ebff6148,apt_c0496aae,2026-09-10T22:20:00+05:30,2026-09-11T03:50:00+05:30,330,1,B737-800,"economy,business",273.647,active,2026-08-18T10:00:00+05:30
flt_d5b5015d,arl_a0bf222e,KE-7358,apt_bfd02a38,apt_5377e1f8,2026-10-12T17:30:00+05:30,2026-10-12T20:59:00+05:30,209,0,A321,"economy,business",198.907,active,2026-08-18T10:00:00+05:30
flt_6d5110ba,arl_154ebf3d,EY-2074,apt_faa26bd2,apt_ebff6148,2026-09-09T11:10:00+05:30,2026-09-09T16:32:00+05:30,322,1,B787-8,"economy,business",287.965,active,2026-08-18T10:00:00+05:30
flt_43783b73,arl_56da328b,GA-6311,apt_d3a5784e,apt_ad38af67,2026-11-01T18:00:00+05:30,2026-11-02T00:57:00+05:30,417,0,ATR-72,"economy,business",474.564,active,2026-08-18T10:00:00+05:30
flt_c5fc4f5a,arl_154ebf3d,EY-3619,apt_ebff6148,apt_08ebf678,2026-11-24T13:10:00+05:30,2026-11-24T18:17:00+05:30,307,0,B787-8,"economy,business",331.502,active,2026-08-18T10:00:00+05:30
flt_d7e62ae1,arl_7784367f,KB-182,apt_2d4c99ed,apt_e6c1d884,2026-09-04T20:50:00+05:30,2026-09-04T23:23:00+05:30,153,0,B787-8,"economy,business",156.233,active,2026-08-18T10:00:00+05:30
flt_87e96a18,arl_4939343e,SG-7399,apt_ebff6148,apt_9dd20d55,2026-09-13T11:00:00+05:30,2026-09-13T18:39:00+05:30,459,0,ATR-72,economy,562.608,active,2026-08-18T10:00:00+05:30
flt_ad0289e2,arl_534d3a8a,LH-4752,apt_6ddc2fb6,apt_2d4c99ed,2026-11-09T20:30:00+05:30,2026-11-09T22:20:00+05:30,110,0,B737-800,"economy,business",85.547,active,2026-08-18T10:00:00+05:30
flt_62c3a585,arl_3a276287,BA-1734,apt_6be6a548,apt_5377e1f8,2026-10-28T21:30:00+05:30,2026-10-29T00:53:00+05:30,203,0,B737-800,"economy,business",196.146,active,2026-08-18T10:00:00+05:30
flt_c7ae72b1,arl_4939343e,SG-5853,apt_bdf57d77,apt_33c2d61a,2026-09-15T15:10:00+05:30,2026-09-16T00:07:00+05:30,537,0,ATR-72,economy,641.212,active,2026-08-18T10:00:00+05:30
flt_ea623f19,arl_3a276287,BA-2119,apt_bfd02a38,apt_9a8714fa,2026-09-02T19:00:00+05:30,2026-09-02T21:47:00+05:30,167,0,A321,"economy,business",156.257,active,2026-08-18T10:00:00+05:30
flt_5382a1a0,arl_a0bf222e,KE-2978,apt_ad38af67,apt_54ebca59,2026-10-03T22:00:00+05:30,2026-10-04T04:10:00+05:30,370,0,B737-800,"economy,business",451.04,active,2026-08-18T10:00:00+05:30
flt_e75897ea,arl_841c6e99,AI-137,apt_c0496aae,apt_c077a39a,2026-09-22T18:30:00+05:30,2026-09-23T01:01:00+05:30,391,1,A320neo,"economy,business",342.198,active,2026-08-18T10:00:00+05:30
flt_10228d94,arl_75d2a12c,QF-5264,apt_c077a39a,apt_757e32fe,2026-11-18T22:30:00+05:30,2026-11-19T01:01:00+05:30,151,0,ATR-72,"economy,business",136.441,active,2026-08-18T10:00:00+05:30
flt_cf18dc2a,arl_cbee96ac,GF-4815,apt_a7ea97c3,apt_30500fc8,2026-10-10T13:40:00+05:30,2026-10-10T16:39:00+05:30,179,0,A321,"economy,business",172.447,active,2026-08-18T10:00:00+05:30
flt_218ba8b3,arl_403656a7,LX-8991,apt_c0496aae,apt_05897d58,2026-10-18T19:40:00+05:30,2026-10-18T21:17:00+05:30,97,0,ATR-72,"economy,business",57.097,active,2026-08-18T10:00:00+05:30
flt_f668e4bd,arl_28f00e8b,EK-329,apt_757e32fe,apt_bdf57d77,2026-10-16T16:00:00+05:30,2026-10-16T20:51:00+05:30,291,0,A321,"economy,business",344.287,active,2026-08-18T10:00:00+05:30
flt_712918ed,arl_7f79d7b3,AF-2672,apt_cb1113d2,apt_496144db,2026-11-22T16:30:00+05:30,2026-11-23T02:26:00+05:30,596,1,A321,"economy,business",618.46,active,2026-08-18T10:00:00+05:30
flt_e8e8a2f8,arl_4939343e,SG-8319,apt_496144db,apt_05897d58,2026-11-03T05:10:00+05:30,2026-11-03T08:25:00+05:30,195,0,A320neo,economy,183.028,active,2026-08-18T10:00:00+05:30
flt_553e711e,arl_508d631b,UL-9704,apt_86c2c516,apt_c0496aae,2026-11-01T18:30:00+05:30,2026-11-01T22:45:00+05:30,255,0,ATR-72,"economy,business",292.709,active,2026-08-18T10:00:00+05:30
flt_97764c50,arl_2a88a2c3,UA-8358,apt_05897d58,apt_3e80f233,2026-11-12T05:40:00+05:30,2026-11-12T08:22:00+05:30,162,0,A321,"economy,business",177.024,active,2026-08-18T10:00:00+05:30
flt_818c6ff7,arl_c56d378a,TG-3080,apt_ebff6148,apt_9a8714fa,2026-09-04T17:00:00+05:30,2026-09-04T21:57:00+05:30,297,1,B787-8,"economy,business",217.026,active,2026-08-18T10:00:00+05:30
flt_c48d5376,arl_68688da8,NZ-6837,apt_c077a39a,apt_9dd20d55,2026-11-18T11:10:00+05:30,2026-11-18T21:17:00+05:30,607,1,,"economy,business",636.842,active,2026-08-18T10:00:00+05:30
flt_c8fd28a5,arl_7784367f,KB-8115,apt_05897d58,apt_ee6be440,2026-09-18T18:40:00+05:30,2026-09-18T20:02:00+05:30,82,0,A320neo,"economy,business",45.386,active,2026-08-18T10:00:00+05:30
flt_b7f08a2d,arl_3a276287,BA-2259,apt_e6c1d884,apt_5377e1f8,2026-10-30T14:50:00+05:30,2026-10-30T16:13:00+05:30,83,0,B737-800,"economy,business",33.222,active,2026-08-18T10:00:00+05:30
flt_dd296b86,arl_6317d870,UK-5890,apt_757e32fe,apt_ceec186e,2026-10-30T06:00:00+05:30,2026-10-30T09:02:00+05:30,182,0,A320neo,"economy,business",164.242,active,2026-08-18T10:00:00+05:30
flt_1355eba1,arl_3a276287,BA-7613,apt_ee6be440,apt_496144db,2026-09-08T14:20:00+05:30,2026-09-08T17:56:00+05:30,216,0,ATR-72,"economy,business",227.654,active,2026-08-18T10:00:00+05:30
flt_55fb1de6,arl_841c6e99,AI-6119,apt_c1f65e85,apt_ad38af67,2026-11-08T17:10:00+05:30,2026-11-08T21:55:00+05:30,285,0,B787-8,"economy,business",333.995,active,2026-08-18T10:00:00+05:30
flt_9501273b,arl_666b65b1,AC-4132,apt_c1f65e85,apt_54ebca59,2026-11-22T22:20:00+05:30,2026-11-23T01:37:00+05:30,197,0,ATR-72,"economy,business",193.144,active,2026-08-18T10:00:00+05:30
flt_55ecdace,arl_7f79d7b3,AF-1213,apt_3e80f233,apt_3810f0b5,2026-11-26T21:40:00+05:30,2026-11-27T00:41:00+05:30,181,0,A320neo,"economy,business",181.955,active,2026-08-18T10:00:00+05:30
flt_0486ea67,arl_1cfc4640,SQ-1778,apt_a7ea97c3,apt_9a8714fa,2026-11-18T13:20:00+05:30,2026-11-18T15:35:00+05:30,135,0,A321,"economy,business",142.775,active,2026-08-18T10:00:00+05:30
flt_0a8690de,arl_56da328b,GA-8630,apt_08ebf678,apt_30500fc8,2026-11-28T20:20:00+05:30,2026-11-28T22:29:00+05:30,129,0,B787-8,"economy,business",113.234,active,2026-08-18T10:00:00+05:30
flt_9cf7a383,arl_cbee96ac,GF-5161,apt_ceec186e,apt_30500fc8,2026-11-17T12:30:00+05:30,2026-11-17T18:48:00+05:30,378,1,A320neo,"economy,business",366.079,active,2026-08-18T10:00:00+05:30
flt_305bac96,arl_508d631b,UL-9445,apt_08ebf678,apt_6be6a548,2026-11-19T22:40:00+05:30,2026-11-20T01:08:00+05:30,148,0,B737-800,"economy,business",134.948,active,2026-08-18T10:00:00+05:30
flt_248e00e7,arl_4939343e,SG-3451,apt_86c2c516,apt_e6c1d884,2026-11-23T05:50:00+05:30,2026-11-23T10:39:00+05:30,289,0,A321,economy,335.946,active,2026-08-18T10:00:00+05:30
flt_703a6ddc,arl_ef62470d,IX-8373,apt_cb1113d2,apt_c1f65e85,2026-11-26T05:30:00+05:30,2026-11-26T13:00:00+05:30,450,0,A320neo,economy,521.279,active,2026-08-18T10:00:00+05:30
flt_31d72e6a,arl_7f79d7b3,AF-8284,apt_3810f0b5,apt_ceec186e,2026-09-25T15:10:00+05:30,2026-09-25T19:53:00+05:30,283,0,B737-800,"economy,business",334.014,active,2026-08-18T10:00:00+05:30
flt_04a58868,arl_4939343e,SG-7355,apt_54ebca59,apt_c1f65e85,2026-09-18T14:00:00+05:30,2026-09-18T17:18:00+05:30,198,0,ATR-72,economy,193.144,active,2026-08-18T10:00:00+05:30
flt_d60af821,arl_2a88a2c3,UA-1265,apt_05897d58,apt_ad38af67,2026-11-19T16:20:00+05:30,2026-11-19T22:42:00+05:30,382,1,A321,"economy,business",363.066,active,2026-08-18T10:00:00+05:30
flt_793b27ad,arl_154ebf3d,EY-2065,apt_bfd02a38,apt_30500fc8,2026-10-21T07:10:00+05:30,2026-10-21T11:05:00+05:30,235,0,B787-8,"economy,business",241.367,active,2026-08-18T10:00:00+05:30
flt_53213382,arl_1cfc4640,SQ-7844,apt_c1f65e85,apt_e6c1d884,2026-10-10T12:40:00+05:30,2026-10-10T15:08:00+05:30,148,0,A320neo,"economy,business",157.438,active,2026-08-18T10:00:00+05:30
flt_ad6376bd,arl_1cfc4640,SQ-3708,apt_eb8717c7,apt_33c2d61a,2026-09-19T19:10:00+05:30,2026-09-19T22:30:00+05:30,200,0,A321,"economy,business",229.806,active,2026-08-18T10:00:00+05:30
flt_c2b43c55,arl_28f00e8b,EK-9276,apt_c1f65e85,apt_08ebf678,2026-11-26T05:10:00+05:30,2026-11-26T08:18:00+05:30,188,0,A321,"economy,business",181.941,active,2026-08-18T10:00:00+05:30
flt_5b49ef0a,arl_c56d378a,TG-8265,apt_3810f0b5,apt_d3a5784e,2026-11-23T08:30:00+05:30,2026-11-23T11:45:00+05:30,195,0,ATR-72,"economy,business",185.283,active,2026-08-18T10:00:00+05:30
flt_f01807dc,arl_cbee96ac,GF-5266,apt_e6c1d884,apt_faa26bd2,2026-11-26T17:00:00+05:30,2026-11-26T19:37:00+05:30,157,0,A320neo,"economy,business",174.711,active,2026-08-18T10:00:00+05:30
flt_86af99b4,arl_a852cdd9,VJ-5831,apt_ebff6148,apt_a7ea97c3,2026-11-14T19:40:00+05:30,2026-11-15T00:52:00+05:30,312,0,ATR-72,economy,356.482,active,2026-08-18T10:00:00+05:30
flt_20e11079,arl_56da328b,GA-6288,apt_30500fc8,apt_2d4c99ed,2026-09-14T20:50:00+05:30,2026-09-15T00:13:00+05:30,203,0,B737-800,"economy,business",220.861,active,2026-08-18T10:00:00+05:30
flt_5e8a71ca,arl_ef62470d,IX-8350,apt_496144db,apt_5377e1f8,2026-09-03T17:10:00+05:30,2026-09-03T20:19:00+05:30,189,0,B737-800,economy,181.361,active,2026-08-18T10:00:00+05:30
flt_64c528e0,arl_6317d870,UK-3748,apt_86c2c516,apt_496144db,2026-10-24T11:20:00+05:30,2026-10-24T15:36:00+05:30,256,0,A320neo,"economy,business",294.885,active,2026-08-18T10:00:00+05:30
flt_4485c567,arl_a487a152,RA-9662,apt_86c2c516,apt_54ebca59,2026-09-22T11:50:00+05:30,2026-09-22T15:09:00+05:30,199,0,,"economy,business",218.517,active,2026-08-18T10:00:00+05:30
flt_75239ada,arl_841c6e99,AI-5455,apt_e6c1d884,apt_6ddc2fb6,2026-11-07T10:00:00+05:30,2026-11-07T11:34:00+05:30,94,0,A321,"economy,business",71.316,active,2026-08-18T10:00:00+05:30
flt_2e3e6da0,arl_ef62470d,IX-6220,apt_ad38af67,apt_54ebca59,2026-11-05T06:10:00+05:30,2026-11-05T12:34:00+05:30,384,0,B737-800,economy,451.04,active,2026-08-18T10:00:00+05:30
flt_884a7e36,arl_cbee96ac,GF-1257,apt_33c2d61a,apt_ee6be440,2026-10-13T15:20:00+05:30,2026-10-14T00:30:00+05:30,550,1,B737-800,"economy,business",552.02,active,2026-08-18T10:00:00+05:30
flt_4b178571,arl_7784367f,KB-4845,apt_ebff6148,apt_bdf57d77,2026-11-03T17:00:00+05:30,2026-11-03T22:04:00+05:30,304,0,A321,"economy,business",343.548,active,2026-08-18T10:00:00+05:30
flt_73011d61,arl_534d3a8a,LH-374,apt_ebff6148,apt_54ebca59,2026-11-04T18:10:00+05:30,2026-11-04T23:28:00+05:30,318,0,B787-8,"economy,business",347.33,active,2026-08-18T10:00:00+05:30
flt_3b3ab696,arl_692cd6f4,JL-7811,apt_33c2d61a,apt_5377e1f8,2026-11-13T13:50:00+05:30,2026-11-13T22:50:00+05:30,540,1,B737-800,"economy,business",555.174,active,2026-08-18T10:00:00+05:30
flt_2e62513a,arl_8ac08b06,CZ-896,apt_c1f65e85,apt_2d4c99ed,2026-09-03T18:50:00+05:30,2026-09-03T19:15:00+05:30,25,0,B737-800,"economy,business",1.235,active,2026-08-18T10:00:00+05:30
flt_9ec714aa,arl_508d631b,UL-3772,apt_c0496aae,apt_5835fac1,2026-10-18T22:20:00+05:30,2026-10-18T23:07:00+05:30,47,0,B737-800,"economy,business",1.026,active,2026-08-18T10:00:00+05:30
flt_7c91eb7b,arl_6317d870,UK-1526,apt_ee6be440,apt_5835fac1,2026-10-09T11:50:00+05:30,2026-10-09T13:44:00+05:30,114,0,,"economy,business",101.887,active,2026-08-18T10:00:00+05:30
flt_dad84add,arl_28f00e8b,EK-7415,apt_9dd20d55,apt_c0496aae,2026-10-07T08:50:00+05:30,2026-10-07T13:32:00+05:30,282,0,A321,"economy,business",295.474,active,2026-08-18T10:00:00+05:30
flt_ea5aec86,arl_2981080f,6E-845,apt_757e32fe,apt_9a8714fa,2026-11-16T11:30:00+05:30,2026-11-16T16:28:00+05:30,298,1,ATR-72,economy,217.729,active,2026-08-18T10:00:00+05:30
flt_159ba3a7,arl_56da328b,GA-278,apt_c1f65e85,apt_ee6be440,2026-09-11T10:30:00+05:30,2026-09-11T15:21:00+05:30,291,1,A320neo,"economy,business",223.54,active,2026-08-18T10:00:00+05:30
flt_96476c31,arl_534d3a8a,LH-6190,apt_eb8717c7,apt_c1f65e85,2026-10-26T14:10:00+05:30,2026-10-26T18:31:00+05:30,261,0,B787-8,"economy,business",300.35,active,2026-08-18T10:00:00+05:30
flt_39945a6d,arl_dbae8242,QR-2655,apt_496144db,apt_bfd02a38,2026-11-26T12:50:00+05:30,2026-11-26T14:28:00+05:30,98,0,B787-8,"economy,business",51.644,active,2026-08-18T10:00:00+05:30
flt_6bc31241,arl_077dea23,MH-1783,apt_bfd02a38,apt_30500fc8,2026-11-23T09:20:00+05:30,2026-11-23T14:24:00+05:30,304,1,ATR-72,"economy,business",241.367,active,2026-08-18T10:00:00+05:30
flt_0edc62de,arl_dbae8242,QR-2472,apt_54ebca59,apt_ad38af67,2026-10-09T15:30:00+05:30,2026-10-09T23:21:00+05:30,471,1,A321,"economy,business",451.04,active,2026-08-18T10:00:00+05:30
flt_4f1634e4,arl_534d3a8a,LH-2141,apt_54ebca59,apt_98416c9d,2026-11-07T06:00:00+05:30,2026-11-07T07:31:00+05:30,91,0,,"economy,business",47.647,active,2026-08-18T10:00:00+05:30
flt_d8270fdb,arl_6317d870,UK-3284,apt_ebff6148,apt_3810f0b5,2026-10-21T14:40:00+05:30,2026-10-21T19:43:00+05:30,303,1,A321,"economy,business",251.537,active,2026-08-18T10:00:00+05:30
flt_6a7ee607,arl_7784367f,KB-4236,apt_30500fc8,apt_bdf57d77,2026-11-11T22:20:00+05:30,2026-11-12T00:35:00+05:30,135,0,A321,"economy,business",125.835,active,2026-08-18T10:00:00+05:30
flt_e1460bed,arl_8ac08b06,CZ-735,apt_a7ea97c3,apt_86c2c516,2026-11-04T19:20:00+05:30,2026-11-04T22:38:00+05:30,198,0,ATR-72,"economy,business",203.142,active,2026-08-18T10:00:00+05:30
flt_06ad303d,arl_6317d870,UK-5512,apt_86c2c516,apt_05897d58,2026-09-16T09:40:00+05:30,2026-09-16T14:04:00+05:30,264,0,A321,"economy,business",310.254,active,2026-08-18T10:00:00+05:30
flt_19d570c2,arl_a487a152,RA-4322,apt_5377e1f8,apt_05897d58,2026-10-04T11:50:00+05:30,2026-10-04T12:37:00+05:30,47,0,A321,"economy,business",2.323,active,2026-08-18T10:00:00+05:30
flt_8627c602,arl_28f00e8b,EK-3513,apt_bfd02a38,apt_e6d0e6bf,2026-11-02T21:00:00+05:30,2026-11-02T23:20:00+05:30,140,0,B737-800,"economy,business",133.958,active,2026-08-18T10:00:00+05:30
flt_212ca68a,arl_75d2a12c,QF-3324,apt_cb1113d2,apt_ee6be440,2026-10-28T17:50:00+05:30,2026-10-29T01:44:00+05:30,474,0,A321,"economy,business",549.05,active,2026-08-18T10:00:00+05:30
flt_db84ec1b,arl_8ac08b06,CZ-473,apt_9dd20d55,apt_5377e1f8,2026-11-25T11:20:00+05:30,2026-11-25T15:46:00+05:30,266,0,B787-8,"economy,business",310.467,active,2026-08-18T10:00:00+05:30
flt_0c6ef7d6,arl_154ebf3d,EY-3852,apt_54ebca59,apt_6be6a548,2026-10-03T18:00:00+05:30,2026-10-03T20:13:00+05:30,133,0,ATR-72,"economy,business",131.472,active,2026-08-18T10:00:00+05:30
flt_46fdd398,arl_8ac08b06,CZ-3776,apt_e6d0e6bf,apt_ceec186e,2026-10-20T20:30:00+05:30,2026-10-21T03:58:00+05:30,448,1,B737-800,"economy,business",433.912,active,2026-08-18T10:00:00+05:30
flt_e44418c6,arl_dbae8242,QR-840,apt_08ebf678,apt_3810f0b5,2026-11-25T16:40:00+05:30,2026-11-25T18:44:00+05:30,124,0,A320neo,"economy,business",102.864,active,2026-08-18T10:00:00+05:30
flt_db202cab,arl_1cfc4640,SQ-9730,apt_bdf57d77,apt_c1f65e85,2026-11-27T09:50:00+05:30,2026-11-27T12:59:00+05:30,189,0,ATR-72,"economy,business",189.163,active,2026-08-18T10:00:00+05:30
flt_ec8dab59,arl_077dea23,MH-5128,apt_496144db,apt_eb8717c7,2026-09-13T09:20:00+05:30,2026-09-13T15:14:00+05:30,354,0,B787-8,"economy,business",394.726,active,2026-08-18T10:00:00+05:30
flt_61c4117e,arl_56da328b,GA-2236,apt_54ebca59,apt_33c2d61a,2026-11-13T11:00:00+05:30,2026-11-13T19:38:00+05:30,518,0,A320neo,"economy,business",644.239,active,2026-08-18T10:00:00+05:30
flt_1af942b3,arl_cbee96ac,GF-7449,apt_98416c9d,apt_c0496aae,2026-09-04T21:20:00+05:30,2026-09-04T23:09:00+05:30,109,0,A321,"economy,business",100.164,active,2026-08-18T10:00:00+05:30
flt_642f4308,arl_a487a152,RA-1458,apt_6be6a548,apt_30500fc8,2026-09-03T06:20:00+05:30,2026-09-03T10:04:00+05:30,224,0,B787-8,"economy,business",238.791,active,2026-08-18T10:00:00+05:30
flt_5f15d9e4,arl_2981080f,6E-9512,apt_c077a39a,apt_9a8714fa,2026-09-15T16:40:00+05:30,2026-09-15T21:05:00+05:30,265,0,A321,economy,297.271,active,2026-08-18T10:00:00+05:30
flt_995ef990,arl_154ebf3d,EY-948,apt_6be6a548,apt_496144db,2026-11-17T20:10:00+05:30,2026-11-17T21:41:00+05:30,91,0,B737-800,"economy,business",48.264,active,2026-08-18T10:00:00+05:30
flt_2830ee27,arl_841c6e99,AI-5275,apt_cb1113d2,apt_6be6a548,2026-11-22T11:00:00+05:30,2026-11-22T20:12:00+05:30,552,0,A321,"economy,business",664.773,active,2026-08-18T10:00:00+05:30
flt_a662050c,arl_7784367f,KB-2894,apt_9a8714fa,apt_e6d0e6bf,2026-09-14T05:50:00+05:30,2026-09-14T07:47:00+05:30,117,0,A321,"economy,business",114.404,active,2026-08-18T10:00:00+05:30
flt_f49eea42,arl_508d631b,UL-1214,apt_86c2c516,apt_08ebf678,2026-11-17T20:50:00+05:30,2026-11-18T01:45:00+05:30,295,1,B737-800,"economy,business",235.774,active,2026-08-18T10:00:00+05:30
flt_9bf9498d,arl_4939343e,SG-432,apt_3e80f233,apt_2d4c99ed,2026-10-26T12:20:00+05:30,2026-10-26T14:59:00+05:30,159,0,B787-8,economy,154.97,active,2026-08-18T10:00:00+05:30
flt_50b43508,arl_534d3a8a,LH-4325,apt_3810f0b5,apt_30500fc8,2026-09-25T06:40:00+05:30,2026-09-25T08:15:00+05:30,95,0,A320neo,"economy,business",65.083,active,2026-08-18T10:00:00+05:30
flt_b7bcdd28,arl_154ebf3d,EY-4782,apt_c1f65e85,apt_a7ea97c3,2026-10-28T09:00:00+05:30,2026-10-28T11:54:00+05:30,174,0,B737-800,"economy,business",184.885,active,2026-08-18T10:00:00+05:30
flt_43ca16a9,arl_a852cdd9,VJ-9549,apt_05897d58,apt_e6c1d884,2026-10-09T05:20:00+05:30,2026-10-09T06:22:00+05:30,62,0,A321,economy,32.118,active,2026-08-18T10:00:00+05:30
flt_21370433,arl_a0bf222e,KE-3518,apt_a7ea97c3,apt_e6c1d884,2026-09-13T05:20:00+05:30,2026-09-13T08:00:00+05:30,160,0,A321,"economy,business",154.145,active,2026-08-18T10:00:00+05:30
flt_fd2d405e,arl_28f00e8b,EK-8817,apt_e6c1d884,apt_c1f65e85,2026-09-23T09:10:00+05:30,2026-09-23T12:02:00+05:30,172,0,A321,"economy,business",157.438,active,2026-08-18T10:00:00+05:30
flt_d8a45c85,arl_692cd6f4,JL-9517,apt_33c2d61a,apt_c1f65e85,2026-10-03T16:10:00+05:30,2026-10-04T00:46:00+05:30,516,1,A320neo,"economy,business",523.908,active,2026-08-18T10:00:00+05:30
flt_73bfe97d,arl_534d3a8a,LH-3074,apt_9dd20d55,apt_86c2c516,2026-11-29T07:40:00+05:30,2026-11-29T08:11:00+05:30,31,0,B737-800,"economy,business",3.544,active,2026-08-18T10:00:00+05:30
flt_1e3ea866,arl_a0bf222e,KE-873,apt_6ddc2fb6,apt_faa26bd2,2026-11-18T09:10:00+05:30,2026-11-18T11:19:00+05:30,129,0,A320neo,"economy,business",117.994,active,2026-08-18T10:00:00+05:30
flt_a136fafa,arl_dbae8242,QR-2094,apt_05897d58,apt_5377e1f8,2026-10-28T05:40:00+05:30,2026-10-28T06:10:00+05:30,30,0,A320neo,"economy,business",2.323,active,2026-08-18T10:00:00+05:30
flt_820c94f3,arl_b97400e0,QP-6141,apt_54ebca59,apt_33c2d61a,2026-11-13T07:20:00+05:30,2026-11-13T15:58:00+05:30,518,0,ATR-72,economy,644.239,active,2026-08-18T10:00:00+05:30
flt_4974e835,arl_4939343e,SG-1330,apt_a7ea97c3,apt_e6c1d884,2026-11-28T05:10:00+05:30,2026-11-28T07:36:00+05:30,146,0,A321,economy,154.145,active,2026-08-18T10:00:00+05:30
flt_55df606b,arl_68688da8,NZ-1269,apt_9dd20d55,apt_3810f0b5,2026-10-21T13:20:00+05:30,2026-10-21T18:21:00+05:30,301,0,,"economy,business",338.76,active,2026-08-18T10:00:00+05:30
flt_78570c3e,arl_4939343e,SG-8167,apt_cb1113d2,apt_bdf57d77,2026-10-02T16:30:00+05:30,2026-10-03T01:03:00+05:30,513,0,,economy,638.3,active,2026-08-18T10:00:00+05:30
flt_c2169583,arl_666b65b1,AC-4883,apt_08ebf678,apt_e6c1d884,2026-11-19T15:20:00+05:30,2026-11-19T17:04:00+05:30,104,0,A321,"economy,business",102.4,active,2026-08-18T10:00:00+05:30
flt_1393b10e,arl_ef62470d,IX-5040,apt_ebff6148,apt_3e80f233,2026-10-30T10:50:00+05:30,2026-10-30T17:13:00+05:30,383,1,B787-8,economy,339.407,active,2026-08-18T10:00:00+05:30
flt_1a8486f4,arl_508d631b,UL-7820,apt_2d4c99ed,apt_6ddc2fb6,2026-10-04T20:40:00+05:30,2026-10-04T22:37:00+05:30,117,0,B787-8,"economy,business",85.547,active,2026-08-18T10:00:00+05:30
flt_f9920dfd,arl_4939343e,SG-3146,apt_cb1113d2,apt_c1f65e85,2026-11-18T05:50:00+05:30,2026-11-18T14:24:00+05:30,514,1,B787-8,economy,521.279,active,2026-08-18T10:00:00+05:30
flt_38258a2e,arl_c56d378a,TG-7573,apt_05897d58,apt_ebff6148,2026-09-29T15:10:00+05:30,2026-09-29T20:37:00+05:30,327,1,A320neo,"economy,business",283.554,active,2026-08-18T10:00:00+05:30
flt_4484f5e0,arl_a0bf222e,KE-1032,apt_ee6be440,apt_3e80f233,2026-11-06T17:40:00+05:30,2026-11-06T21:16:00+05:30,216,0,B787-8,"economy,business",216.983,active,2026-08-18T10:00:00+05:30
flt_e0cd9a1c,arl_cbee96ac,GF-6672,apt_33c2d61a,apt_05897d58,2026-10-09T05:50:00+05:30,2026-10-09T13:27:00+05:30,457,0,ATR-72,"economy,business",553.183,active,2026-08-18T10:00:00+05:30
flt_c9a45b3e,arl_2fae0fe3,KU-6317,apt_08ebf678,apt_eb8717c7,2026-11-09T21:00:00+05:30,2026-11-10T02:26:00+05:30,326,0,B737-800,"economy,business",399.017,active,2026-08-18T10:00:00+05:30
flt_484ca77f,arl_154ebf3d,EY-9005,apt_05897d58,apt_5835fac1,2026-09-05T19:40:00+05:30,2026-09-05T21:22:00+05:30,102,0,B737-800,"economy,business",57.281,active,2026-08-18T10:00:00+05:30
flt_9e961301,arl_403656a7,LX-7147,apt_5377e1f8,apt_c077a39a,2026-10-01T15:40:00+05:30,2026-10-01T20:18:00+05:30,278,0,B737-800,"economy,business",330.394,active,2026-08-18T10:00:00+05:30
flt_ec4f14dc,arl_dbae8242,QR-1491,apt_33c2d61a,apt_54ebca59,2026-10-20T11:20:00+05:30,2026-10-20T21:31:00+05:30,611,1,B787-8,"economy,business",644.239,active,2026-08-18T10:00:00+05:30
flt_782b2f10,arl_154ebf3d,EY-5120,apt_c1f65e85,apt_3810f0b5,2026-09-01T06:10:00+05:30,2026-09-01T08:35:00+05:30,145,0,ATR-72,"economy,business",158.068,active,2026-08-18T10:00:00+05:30
flt_606ebc0e,arl_6317d870,UK-5038,apt_c077a39a,apt_ee6be440,2026-11-18T22:50:00+05:30,2026-11-19T03:45:00+05:30,295,0,ATR-72,"economy,business",334.485,active,2026-08-18T10:00:00+05:30
flt_ee9c0e16,arl_666b65b1,AC-6583,apt_86c2c516,apt_e6d0e6bf,2026-11-25T07:40:00+05:30,2026-11-25T11:22:00+05:30,222,0,A320neo,"economy,business",235.446,active,2026-08-18T10:00:00+05:30
flt_06dc23f3,arl_692cd6f4,JL-7830,apt_30500fc8,apt_5835fac1,2026-09-25T14:00:00+05:30,2026-09-25T15:48:00+05:30,108,0,B787-8,"economy,business",100.614,active,2026-08-18T10:00:00+05:30
flt_a19f66fe,arl_2a88a2c3,UA-5839,apt_05897d58,apt_cb1113d2,2026-11-16T19:30:00+05:30,2026-11-17T03:23:00+05:30,473,0,ATR-72,"economy,business",550.233,active,2026-08-18T10:00:00+05:30
flt_2b070013,arl_dbae8242,QR-6486,apt_5377e1f8,apt_3810f0b5,2026-11-16T06:40:00+05:30,2026-11-16T07:49:00+05:30,69,0,B787-8,"economy,business",33.174,active,2026-08-18T10:00:00+05:30
flt_e9dc880a,arl_3a276287,BA-3751,apt_54ebca59,apt_ee6be440,2026-11-09T14:30:00+05:30,2026-11-09T16:41:00+05:30,131,0,B787-8,"economy,business",126.998,active,2026-08-18T10:00:00+05:30
flt_b375413e,arl_a852cdd9,VJ-4957,apt_ceec186e,apt_496144db,2026-09-05T05:50:00+05:30,2026-09-05T13:08:00+05:30,438,1,B737-800,economy,429.389,active,2026-08-18T10:00:00+05:30
flt_3361590a,arl_6317d870,UK-4316,apt_a7ea97c3,apt_faa26bd2,2026-11-07T11:40:00+05:30,2026-11-07T13:51:00+05:30,131,0,B787-8,"economy,business",108.132,active,2026-08-18T10:00:00+05:30
flt_b024a7de,arl_841c6e99,AI-3197,apt_98416c9d,apt_08ebf678,2026-10-08T20:50:00+05:30,2026-10-08T22:23:00+05:30,93,0,,"economy,business",58.859,active,2026-08-18T10:00:00+05:30
flt_c42cf14c,arl_dbae8242,QR-5723,apt_bdf57d77,apt_757e32fe,2026-09-23T18:30:00+05:30,2026-09-23T23:34:00+05:30,304,0,B737-800,"economy,business",344.287,active,2026-08-18T10:00:00+05:30
flt_24348e65,arl_2fae0fe3,KU-1208,apt_9dd20d55,apt_faa26bd2,2026-09-14T11:20:00+05:30,2026-09-14T17:02:00+05:30,342,1,B737-800,"economy,business",295.841,active,2026-08-18T10:00:00+05:30
flt_79ab1bb7,arl_692cd6f4,JL-7717,apt_30500fc8,apt_5377e1f8,2026-09-25T18:10:00+05:30,2026-09-25T19:43:00+05:30,93,0,B787-8,"economy,business",45.395,active,2026-08-18T10:00:00+05:30
flt_9e2c8342,arl_56da328b,GA-6101,apt_08ebf678,apt_c1f65e85,2026-09-26T05:50:00+05:30,2026-09-26T09:02:00+05:30,192,0,ATR-72,"economy,business",181.941,active,2026-08-18T10:00:00+05:30
flt_e521e35f,arl_28f00e8b,EK-7073,apt_ceec186e,apt_e6d0e6bf,2026-10-27T05:20:00+05:30,2026-10-27T12:39:00+05:30,439,1,A320neo,"economy,business",433.912,active,2026-08-18T10:00:00+05:30
flt_6bd92f56,arl_2fae0fe3,KU-1258,apt_c1f65e85,apt_9a8714fa,2026-10-04T21:40:00+05:30,2026-10-04T23:17:00+05:30,97,0,B787-8,"economy,business",85.961,active,2026-08-18T10:00:00+05:30
flt_5a896353,arl_154ebf3d,EY-1891,apt_faa26bd2,apt_ebff6148,2026-09-11T16:20:00+05:30,2026-09-11T20:53:00+05:30,273,0,B737-800,"economy,business",287.965,active,2026-08-18T10:00:00+05:30
flt_e8cdca60,arl_dbae8242,QR-7865,apt_cb1113d2,apt_ad38af67,2026-10-30T20:10:00+05:30,2026-10-30T23:15:00+05:30,185,0,A321,"economy,business",191.855,active,2026-08-18T10:00:00+05:30
flt_fea2e94a,arl_7f79d7b3,AF-8279,apt_3810f0b5,apt_a7ea97c3,2026-09-13T12:20:00+05:30,2026-09-13T15:14:00+05:30,174,0,A320neo,"economy,business",154.733,active,2026-08-18T10:00:00+05:30
flt_d868cac0,arl_534d3a8a,LH-972,apt_08ebf678,apt_c077a39a,2026-10-23T12:00:00+05:30,2026-10-23T17:48:00+05:30,348,0,B737-800,"economy,business",398.44,active,2026-08-18T10:00:00+05:30
flt_26d29c5f,arl_7f79d7b3,AF-1871,apt_9dd20d55,apt_ee6be440,2026-09-14T09:00:00+05:30,2026-09-14T13:41:00+05:30,281,0,ATR-72,"economy,business",322.586,active,2026-08-18T10:00:00+05:30
flt_d05f9bbd,arl_841c6e99,AI-363,apt_3810f0b5,apt_08ebf678,2026-11-22T18:40:00+05:30,2026-11-22T20:32:00+05:30,112,0,A320neo,"economy,business",102.864,active,2026-08-18T10:00:00+05:30
flt_c1a4cf6c,arl_75d2a12c,QF-7177,apt_5377e1f8,apt_c1f65e85,2026-10-16T20:10:00+05:30,2026-10-16T23:10:00+05:30,180,0,A320neo,"economy,business",179.884,active,2026-08-18T10:00:00+05:30
flt_137b38ea,arl_dbae8242,QR-8790,apt_08ebf678,apt_a7ea97c3,2026-11-23T13:10:00+05:30,2026-11-23T14:46:00+05:30,96,0,A320neo,"economy,business",59.222,active,2026-08-18T10:00:00+05:30
flt_e5142acb,arl_154ebf3d,EY-1010,apt_757e32fe,apt_05897d58,2026-09-13T07:10:00+05:30,2026-09-13T12:39:00+05:30,329,1,B737-800,"economy,business",284.668,active,2026-08-18T10:00:00+05:30
flt_5fd08c12,arl_a487a152,RA-3699,apt_2d4c99ed,apt_cb1113d2,2026-09-06T11:10:00+05:30,2026-09-06T18:25:00+05:30,435,0,,"economy,business",520.879,active,2026-08-18T10:00:00+05:30
flt_95327912,arl_a0bf222e,KE-2601,apt_bdf57d77,apt_5835fac1,2026-11-25T19:30:00+05:30,2026-11-25T21:04:00+05:30,94,0,B737-800,"economy,business",70.248,active,2026-08-18T10:00:00+05:30
flt_d7a62960,arl_2981080f,6E-9401,apt_bfd02a38,apt_98416c9d,2026-10-15T20:40:00+05:30,2026-10-15T22:20:00+05:30,100,0,ATR-72,economy,91.09,active,2026-08-18T10:00:00+05:30
flt_842ccb08,arl_403656a7,LX-5149,apt_bdf57d77,apt_e6d0e6bf,2026-10-25T15:40:00+05:30,2026-10-25T16:39:00+05:30,59,0,A320neo,"economy,business",13.775,active,2026-08-18T10:00:00+05:30
flt_f12af843,arl_c56d378a,TG-6837,apt_5835fac1,apt_cb1113d2,2026-09-28T06:00:00+05:30,2026-09-28T15:19:00+05:30,559,1,A320neo,"economy,business",569.674,active,2026-08-18T10:00:00+05:30
flt_0ac97d04,arl_a0bf222e,KE-4498,apt_cb1113d2,apt_bfd02a38,2026-10-20T08:40:00+05:30,2026-10-20T18:52:00+05:30,612,1,B737-800,"economy,business",668.41,active,2026-08-18T10:00:00+05:30
flt_94005ad1,arl_6317d870,UK-6066,apt_faa26bd2,apt_98416c9d,2026-11-23T22:30:00+05:30,2026-11-24T00:35:00+05:30,125,0,B737-800,"economy,business",109.69,active,2026-08-18T10:00:00+05:30
flt_ab4f5c34,arl_c56d378a,TG-4299,apt_faa26bd2,apt_54ebca59,2026-09-01T22:20:00+05:30,2026-09-02T00:38:00+05:30,138,0,ATR-72,"economy,business",138.526,active,2026-08-18T10:00:00+05:30
flt_df30074c,arl_077dea23,MH-906,apt_faa26bd2,apt_757e32fe,2026-11-14T20:00:00+05:30,2026-11-15T01:34:00+05:30,334,1,A321,"economy,business",288.019,active,2026-08-18T10:00:00+05:30
flt_1dd8d5bf,arl_a487a152,RA-5893,apt_e6d0e6bf,apt_ee6be440,2026-11-01T15:50:00+05:30,2026-11-01T17:49:00+05:30,119,0,A320neo,"economy,business",116.324,active,2026-08-18T10:00:00+05:30
flt_03ae7e7b,arl_508d631b,UL-8964,apt_5835fac1,apt_faa26bd2,2026-11-18T17:50:00+05:30,2026-11-18T19:56:00+05:30,126,0,B787-8,"economy,business",123.989,active,2026-08-18T10:00:00+05:30
flt_c574d53c,arl_68688da8,NZ-7675,apt_9dd20d55,apt_faa26bd2,2026-11-25T13:40:00+05:30,2026-11-25T18:01:00+05:30,261,0,B787-8,"economy,business",295.841,active,2026-08-18T10:00:00+05:30
flt_51297788,arl_077dea23,MH-2609,apt_5835fac1,apt_9a8714fa,2026-09-30T22:00:00+05:30,2026-09-30T23:36:00+05:30,96,0,ATR-72,"economy,business",59.978,active,2026-08-18T10:00:00+05:30
flt_011434a2,arl_75d2a12c,QF-6364,apt_ceec186e,apt_c0496aae,2026-10-27T07:10:00+05:30,2026-10-27T14:08:00+05:30,418,1,,"economy,business",377.457,active,2026-08-18T10:00:00+05:30
flt_432d9518,arl_75d2a12c,QF-2097,apt_ceec186e,apt_faa26bd2,2026-09-05T19:00:00+05:30,2026-09-06T02:37:00+05:30,457,1,B737-800,"economy,business",430.261,active,2026-08-18T10:00:00+05:30
flt_5b97cadd,arl_2981080f,6E-7828,apt_c1f65e85,apt_5377e1f8,2026-11-19T11:50:00+05:30,2026-11-19T14:41:00+05:30,171,0,A320neo,economy,179.884,active,2026-08-18T10:00:00+05:30
flt_2c3a0f4c,arl_75d2a12c,QF-3207,apt_98416c9d,apt_54ebca59,2026-10-14T17:30:00+05:30,2026-10-14T18:51:00+05:30,81,0,ATR-72,"economy,business",47.647,active,2026-08-18T10:00:00+05:30
flt_117464f9,arl_28f00e8b,EK-8493,apt_86c2c516,apt_e6d0e6bf,2026-11-12T13:10:00+05:30,2026-11-12T16:36:00+05:30,206,0,B737-800,"economy,business",235.446,active,2026-08-18T10:00:00+05:30
flt_d4397215,arl_841c6e99,AI-1670,apt_cb1113d2,apt_5377e1f8,2026-09-13T10:30:00+05:30,2026-09-13T19:13:00+05:30,523,1,B737-800,"economy,business",552.225,active,2026-08-18T10:00:00+05:30
flt_b8261597,arl_a852cdd9,VJ-4989,apt_9a8714fa,apt_c077a39a,2026-09-14T19:30:00+05:30,2026-09-15T00:57:00+05:30,327,1,ATR-72,economy,297.271,active,2026-08-18T10:00:00+05:30
flt_e9ca1bf2,arl_2fae0fe3,KU-5538,apt_9a8714fa,apt_ceec186e,2026-10-22T11:00:00+05:30,2026-10-22T17:20:00+05:30,380,1,A321,"economy,business",332.804,active,2026-08-18T10:00:00+05:30
flt_66ad178e,arl_a0bf222e,KE-6773,apt_5377e1f8,apt_c077a39a,2026-09-13T16:10:00+05:30,2026-09-13T21:01:00+05:30,291,0,ATR-72,"economy,business",330.394,active,2026-08-18T10:00:00+05:30
flt_a20de436,arl_154ebf3d,EY-408,apt_eb8717c7,apt_2d4c99ed,2026-11-05T08:30:00+05:30,2026-11-05T13:14:00+05:30,284,0,ATR-72,"economy,business",299.793,active,2026-08-18T10:00:00+05:30
flt_761a1b16,arl_8ac08b06,CZ-9653,apt_3e80f233,apt_05897d58,2026-11-02T09:30:00+05:30,2026-11-02T12:30:00+05:30,180,0,A321,"economy,business",177.024,active,2026-08-18T10:00:00+05:30
flt_a34b0751,arl_2981080f,6E-8905,apt_757e32fe,apt_33c2d61a,2026-09-12T10:30:00+05:30,2026-09-12T15:35:00+05:30,305,0,ATR-72,economy,341.33,active,2026-08-18T10:00:00+05:30
flt_ef6570c0,arl_077dea23,MH-8293,apt_eb8717c7,apt_2d4c99ed,2026-10-21T05:40:00+05:30,2026-10-21T10:02:00+05:30,262,0,B737-800,"economy,business",299.793,active,2026-08-18T10:00:00+05:30
flt_2ef88fb9,arl_1cfc4640,SQ-3648,apt_6ddc2fb6,apt_6be6a548,2026-11-04T11:50:00+05:30,2026-11-04T14:13:00+05:30,143,0,A321,"economy,business",153.267,active,2026-08-18T10:00:00+05:30
flt_ddd4e44f,arl_dbae8242,QR-9508,apt_86c2c516,apt_33c2d61a,2026-11-24T08:10:00+05:30,2026-11-24T19:46:00+05:30,696,0,A321,"economy,business",862.157,active,2026-08-18T10:00:00+05:30
flt_d5f0d15c,arl_4939343e,SG-6072,apt_9a8714fa,apt_30500fc8,2026-11-16T07:50:00+05:30,2026-11-16T10:07:00+05:30,137,0,,economy,136.119,active,2026-08-18T10:00:00+05:30
flt_7cf2750c,arl_ef62470d,IX-7009,apt_2d4c99ed,apt_ad38af67,2026-10-26T09:50:00+05:30,2026-10-26T14:28:00+05:30,278,0,B737-800,economy,333.475,active,2026-08-18T10:00:00+05:30
flt_2b20a918,arl_68688da8,NZ-368,apt_eb8717c7,apt_30500fc8,2026-09-18T09:10:00+05:30,2026-09-18T15:04:00+05:30,354,1,A321,"economy,business",334.391,active,2026-08-18T10:00:00+05:30
flt_1a7fe9b7,arl_1cfc4640,SQ-9655,apt_a7ea97c3,apt_9dd20d55,2026-09-26T20:10:00+05:30,2026-09-26T23:16:00+05:30,186,0,B737-800,"economy,business",206.265,active,2026-08-18T10:00:00+05:30
flt_90fa3c88,arl_56da328b,GA-4267,apt_5835fac1,apt_86c2c516,2026-09-21T18:20:00+05:30,2026-09-21T22:40:00+05:30,260,0,ATR-72,"economy,business",291.684,active,2026-08-18T10:00:00+05:30
flt_a5ab5e2f,arl_841c6e99,AI-4373,apt_98416c9d,apt_08ebf678,2026-09-25T08:40:00+05:30,2026-09-25T10:14:00+05:30,94,0,A321,"economy,business",58.859,active,2026-08-18T10:00:00+05:30
flt_1fa3d8aa,arl_c56d378a,TG-833,apt_ad38af67,apt_c077a39a,2026-09-10T17:00:00+05:30,2026-09-10T18:14:00+05:30,74,0,ATR-72,"economy,business",35.569,active,2026-08-18T10:00:00+05:30
flt_e125775e,arl_56da328b,GA-967,apt_6ddc2fb6,apt_c1f65e85,2026-10-22T19:30:00+05:30,2026-10-22T21:04:00+05:30,94,0,B737-800,"economy,business",86.726,active,2026-08-18T10:00:00+05:30
flt_a99fd673,arl_4939343e,SG-8443,apt_9dd20d55,apt_5835fac1,2026-10-27T21:20:00+05:30,2026-10-28T02:58:00+05:30,338,1,,economy,294.449,active,2026-08-18T10:00:00+05:30
flt_a9baa83a,arl_6317d870,UK-1073,apt_ee6be440,apt_08ebf678,2026-10-23T19:30:00+05:30,2026-10-23T21:37:00+05:30,127,0,ATR-72,"economy,business",113.926,active,2026-08-18T10:00:00+05:30
flt_d728307e,arl_692cd6f4,JL-6841,apt_ceec186e,apt_d3a5784e,2026-09-15T09:40:00+05:30,2026-09-15T16:27:00+05:30,407,0,,"economy,business",474.696,active,2026-08-18T10:00:00+05:30
flt_95cdf2bf,arl_75d2a12c,QF-3746,apt_faa26bd2,apt_08ebf678,2026-11-19T10:30:00+05:30,2026-11-19T12:49:00+05:30,139,0,B787-8,"economy,business",136.017,active,2026-08-18T10:00:00+05:30
flt_72d47a2f,arl_7f79d7b3,AF-9058,apt_5377e1f8,apt_c0496aae,2026-10-02T14:10:00+05:30,2026-10-02T15:17:00+05:30,67,0,,"economy,business",55.403,active,2026-08-18T10:00:00+05:30
flt_baeaf86d,arl_508d631b,UL-2502,apt_98416c9d,apt_ee6be440,2026-10-11T08:50:00+05:30,2026-10-11T11:48:00+05:30,178,0,B787-8,"economy,business",172.78,active,2026-08-18T10:00:00+05:30
flt_cc8c2ef8,arl_a0bf222e,KE-3784,apt_ebff6148,apt_6ddc2fb6,2026-11-11T08:50:00+05:30,2026-11-11T13:19:00+05:30,269,1,B787-8,"economy,business",217.125,active,2026-08-18T10:00:00+05:30
flt_88047959,arl_dbae8242,QR-5617,apt_e6c1d884,apt_9dd20d55,2026-10-29T10:00:00+05:30,2026-10-29T16:16:00+05:30,376,1,B787-8,"economy,business",338.416,active,2026-08-18T10:00:00+05:30
flt_6ef5c9ba,arl_ef62470d,IX-2756,apt_bfd02a38,apt_86c2c516,2026-10-10T14:30:00+05:30,2026-10-10T18:11:00+05:30,221,0,A320neo,economy,248.999,active,2026-08-18T10:00:00+05:30
flt_a25d2880,arl_7f79d7b3,AF-5485,apt_496144db,apt_08ebf678,2026-10-27T08:30:00+05:30,2026-10-27T10:53:00+05:30,143,0,B737-800,"economy,business",138.582,active,2026-08-18T10:00:00+05:30
flt_a677ee1e,arl_508d631b,UL-5081,apt_bdf57d77,apt_86c2c516,2026-11-09T15:30:00+05:30,2026-11-09T20:16:00+05:30,286,1,B737-800,"economy,business",221.763,active,2026-08-18T10:00:00+05:30
flt_88e1c82d,arl_7784367f,KB-9903,apt_cb1113d2,apt_757e32fe,2026-09-28T21:30:00+05:30,2026-09-29T03:28:00+05:30,358,1,B737-800,"economy,business",338.86,active,2026-08-18T10:00:00+05:30
flt_885e296e,arl_6317d870,UK-6105,apt_2d4c99ed,apt_c1f65e85,2026-11-09T21:40:00+05:30,2026-11-09T22:38:00+05:30,58,0,A320neo,"economy,business",1.235,active,2026-08-18T10:00:00+05:30
flt_35fa6844,arl_c56d378a,TG-2167,apt_bdf57d77,apt_2d4c99ed,2026-09-23T09:10:00+05:30,2026-09-23T12:15:00+05:30,185,0,ATR-72,"economy,business",188.388,active,2026-08-18T10:00:00+05:30
flt_edb8a301,arl_7f79d7b3,AF-4887,apt_54ebca59,apt_ebff6148,2026-09-25T07:30:00+05:30,2026-09-25T12:32:00+05:30,302,0,B737-800,"economy,business",347.33,active,2026-08-18T10:00:00+05:30
flt_5c25fd53,arl_666b65b1,AC-9627,apt_05897d58,apt_6ddc2fb6,2026-09-08T21:40:00+05:30,2026-09-08T23:34:00+05:30,114,0,,"economy,business",93.956,active,2026-08-18T10:00:00+05:30
flt_b956885c,arl_56da328b,GA-6039,apt_6ddc2fb6,apt_e6d0e6bf,2026-09-15T14:20:00+05:30,2026-09-15T16:43:00+05:30,143,0,A321,"economy,business",114.214,active,2026-08-18T10:00:00+05:30
flt_9d49514b,arl_8ac08b06,CZ-8470,apt_e6c1d884,apt_9dd20d55,2026-11-29T18:20:00+05:30,2026-11-29T23:26:00+05:30,306,0,B787-8,"economy,business",338.416,active,2026-08-18T10:00:00+05:30
flt_d92404c7,arl_4939343e,SG-6141,apt_c077a39a,apt_ceec186e,2026-11-15T22:30:00+05:30,2026-11-15T23:33:00+05:30,63,0,ATR-72,economy,35.534,active,2026-08-18T10:00:00+05:30
flt_32275bcb,arl_2981080f,6E-131,apt_9dd20d55,apt_5835fac1,2026-10-26T19:20:00+05:30,2026-10-26T23:28:00+05:30,248,0,B787-8,economy,294.449,active,2026-08-18T10:00:00+05:30
flt_4685b42b,arl_2fae0fe3,KU-6050,apt_9dd20d55,apt_2d4c99ed,2026-09-07T05:50:00+05:30,2026-09-07T12:55:00+05:30,425,1,B787-8,"economy,business",387.599,active,2026-08-18T10:00:00+05:30
flt_70b86fdb,arl_534d3a8a,LH-3616,apt_05897d58,apt_d3a5784e,2026-11-17T22:00:00+05:30,2026-11-18T00:42:00+05:30,162,0,ATR-72,"economy,business",180.707,active,2026-08-18T10:00:00+05:30
flt_23c75bd7,arl_8ac08b06,CZ-2046,apt_bfd02a38,apt_bdf57d77,2026-10-20T09:00:00+05:30,2026-10-20T11:19:00+05:30,139,0,A321,"economy,business",130.761,active,2026-08-18T10:00:00+05:30
flt_fb00927d,arl_75d2a12c,QF-5081,apt_3810f0b5,apt_05897d58,2026-09-10T11:20:00+05:30,2026-09-10T12:22:00+05:30,62,0,A321,"economy,business",32.022,active,2026-08-18T10:00:00+05:30
flt_ea87ab43,arl_a0bf222e,KE-2107,apt_5835fac1,apt_bdf57d77,2026-11-17T20:10:00+05:30,2026-11-17T21:58:00+05:30,108,0,A321,"economy,business",70.248,active,2026-08-18T10:00:00+05:30
flt_eb136dd9,arl_077dea23,MH-2539,apt_eb8717c7,apt_98416c9d,2026-09-11T14:40:00+05:30,2026-09-11T22:11:00+05:30,451,1,B737-800,"economy,business",439.97,active,2026-08-18T10:00:00+05:30
flt_9c527451,arl_56da328b,GA-3670,apt_5835fac1,apt_9a8714fa,2026-09-17T14:30:00+05:30,2026-09-17T16:05:00+05:30,95,0,B787-8,"economy,business",59.978,active,2026-08-18T10:00:00+05:30
flt_5a7b5fde,arl_6317d870,UK-551,apt_54ebca59,apt_5377e1f8,2026-10-25T15:30:00+05:30,2026-10-25T17:22:00+05:30,112,0,A321,"economy,business",96.833,active,2026-08-18T10:00:00+05:30
flt_9941587f,arl_7784367f,KB-814,apt_cb1113d2,apt_5835fac1,2026-10-13T21:50:00+05:30,2026-10-14T05:31:00+05:30,461,0,A320neo,"economy,business",569.674,active,2026-08-18T10:00:00+05:30
flt_e00037de,arl_7f79d7b3,AF-481,apt_3e80f233,apt_c077a39a,2026-10-08T06:30:00+05:30,2026-10-08T12:56:00+05:30,386,0,A320neo,"economy,business",437.774,active,2026-08-18T10:00:00+05:30
flt_48fe7d0f,arl_2981080f,6E-2961,apt_a7ea97c3,apt_bdf57d77,2026-11-19T12:50:00+05:30,2026-11-19T14:01:00+05:30,71,0,A321,economy,47.738,active,2026-08-18T10:00:00+05:30
flt_04a8972e,arl_a0bf222e,KE-5306,apt_30500fc8,apt_9dd20d55,2026-11-21T09:20:00+05:30,2026-11-21T13:49:00+05:30,269,0,A320neo,"economy,business",322.793,active,2026-08-18T10:00:00+05:30
flt_8be47e33,arl_1cfc4640,SQ-5210,apt_c1f65e85,apt_faa26bd2,2026-09-21T13:50:00+05:30,2026-09-21T15:58:00+05:30,128,0,,"economy,business",100.903,active,2026-08-18T10:00:00+05:30
flt_4fe8909d,arl_841c6e99,AI-9900,apt_e6c1d884,apt_2d4c99ed,2026-09-20T06:40:00+05:30,2026-09-20T09:07:00+05:30,147,0,,"economy,business",156.233,active,2026-08-18T10:00:00+05:30
flt_a8003ae1,arl_154ebf3d,EY-7368,apt_3e80f233,apt_5835fac1,2026-11-19T08:30:00+05:30,2026-11-19T10:33:00+05:30,123,0,B737-800,"economy,business",123.5,active,2026-08-18T10:00:00+05:30
flt_cbef8fef,arl_077dea23,MH-1540,apt_5377e1f8,apt_faa26bd2,2026-11-17T12:40:00+05:30,2026-11-17T15:46:00+05:30,186,0,A320neo,"economy,business",179.541,active,2026-08-18T10:00:00+05:30
flt_ac7bf5eb,arl_2fae0fe3,KU-4080,apt_86c2c516,apt_05897d58,2026-09-23T10:50:00+05:30,2026-09-23T16:31:00+05:30,341,1,ATR-72,"economy,business",310.254,active,2026-08-18T10:00:00+05:30
flt_48c65228,arl_2981080f,6E-8356,apt_6be6a548,apt_ceec186e,2026-10-31T08:50:00+05:30,2026-10-31T17:02:00+05:30,492,1,B787-8,economy,474.791,active,2026-08-18T10:00:00+05:30
flt_f7e75e5f,arl_68688da8,NZ-4137,apt_30500fc8,apt_bdf57d77,2026-10-13T22:00:00+05:30,2026-10-14T00:31:00+05:30,151,0,B787-8,"economy,business",125.835,active,2026-08-18T10:00:00+05:30
flt_de8f66c6,arl_ef62470d,IX-2514,apt_3810f0b5,apt_d3a5784e,2026-09-10T06:20:00+05:30,2026-09-10T09:34:00+05:30,194,0,A320neo,economy,185.283,active,2026-08-18T10:00:00+05:30
flt_961d9d04,arl_b97400e0,QP-4591,apt_d3a5784e,apt_6ddc2fb6,2026-11-27T11:50:00+05:30,2026-11-27T14:26:00+05:30,156,0,B737-800,economy,146.653,active,2026-08-18T10:00:00+05:30
flt_876518c1,arl_4939343e,SG-8393,apt_3e80f233,apt_5377e1f8,2026-10-09T13:50:00+05:30,2026-10-09T16:42:00+05:30,172,0,B787-8,economy,174.906,active,2026-08-18T10:00:00+05:30
flt_b57b40e9,arl_68688da8,NZ-6185,apt_05897d58,apt_cb1113d2,2026-11-27T16:10:00+05:30,2026-11-28T01:01:00+05:30,531,1,ATR-72,"economy,business",550.233,active,2026-08-18T10:00:00+05:30
flt_6ceecefc,arl_077dea23,MH-7300,apt_cb1113d2,apt_6be6a548,2026-10-31T16:00:00+05:30,2026-11-01T02:35:00+05:30,635,1,A321,"economy,business",664.773,active,2026-08-18T10:00:00+05:30
flt_6c890494,arl_692cd6f4,JL-3877,apt_30500fc8,apt_6be6a548,2026-10-03T17:20:00+05:30,2026-10-03T21:06:00+05:30,226,0,B787-8,"economy,business",238.791,active,2026-08-18T10:00:00+05:30
flt_c5d59fb6,arl_154ebf3d,EY-1172,apt_33c2d61a,apt_bdf57d77,2026-09-08T11:10:00+05:30,2026-09-08T20:13:00+05:30,543,0,B737-800,"economy,business",641.212,active,2026-08-18T10:00:00+05:30
flt_0744da52,arl_2fae0fe3,KU-3715,apt_05897d58,apt_2d4c99ed,2026-10-17T12:50:00+05:30,2026-10-17T16:04:00+05:30,194,0,,"economy,business",179.277,active,2026-08-18T10:00:00+05:30
flt_f8447ef2,arl_7784367f,KB-3342,apt_c1f65e85,apt_2d4c99ed,2026-11-15T20:10:00+05:30,2026-11-15T20:51:00+05:30,41,0,ATR-72,"economy,business",1.235,active,2026-08-18T10:00:00+05:30
flt_f63399c0,arl_534d3a8a,LH-4098,apt_496144db,apt_eb8717c7,2026-11-14T09:50:00+05:30,2026-11-14T16:34:00+05:30,404,1,A320neo,"economy,business",394.726,active,2026-08-18T10:00:00+05:30
flt_3f70f0aa,arl_b97400e0,QP-2805,apt_d3a5784e,apt_6be6a548,2026-09-25T15:00:00+05:30,2026-09-25T15:44:00+05:30,44,0,A320neo,economy,24.614,active,2026-08-18T10:00:00+05:30
flt_01cf317e,arl_077dea23,MH-8125,apt_faa26bd2,apt_e6d0e6bf,2026-11-18T08:00:00+05:30,2026-11-18T10:17:00+05:30,137,0,A320neo,"economy,business",133.308,active,2026-08-18T10:00:00+05:30
flt_f2198a7a,arl_b97400e0,QP-6843,apt_98416c9d,apt_e6d0e6bf,2026-10-22T09:20:00+05:30,2026-10-22T10:31:00+05:30,71,0,B737-800,economy,56.52,active,2026-08-18T10:00:00+05:30
flt_501cb605,arl_692cd6f4,JL-8696,apt_ee6be440,apt_98416c9d,2026-09-04T07:50:00+05:30,2026-09-04T10:49:00+05:30,179,0,A320neo,"economy,business",172.78,active,2026-08-18T10:00:00+05:30
flt_31451327,arl_a852cdd9,VJ-3971,apt_9dd20d55,apt_c077a39a,2026-10-04T21:40:00+05:30,2026-10-05T06:15:00+05:30,515,0,ATR-72,economy,636.842,active,2026-08-18T10:00:00+05:30
flt_4c865432,arl_508d631b,UL-337,apt_bfd02a38,apt_e6c1d884,2026-10-10T18:30:00+05:30,2026-10-10T22:01:00+05:30,211,0,A321,"economy,business",201.951,active,2026-08-18T10:00:00+05:30
flt_8ce289b4,arl_75d2a12c,QF-9139,apt_3810f0b5,apt_496144db,2026-09-10T19:00:00+05:30,2026-09-10T21:38:00+05:30,158,0,B787-8,"economy,business",176.858,active,2026-08-18T10:00:00+05:30
flt_765fca61,arl_2a88a2c3,UA-5313,apt_9a8714fa,apt_9dd20d55,2026-10-23T22:00:00+05:30,2026-10-24T04:10:00+05:30,370,1,B787-8,"economy,business",347.046,active,2026-08-18T10:00:00+05:30
flt_8b846378,arl_c56d378a,TG-1136,apt_5835fac1,apt_bfd02a38,2026-10-13T14:40:00+05:30,2026-10-13T17:01:00+05:30,141,0,A321,"economy,business",145.423,active,2026-08-18T10:00:00+05:30
flt_24e07a07,arl_403656a7,LX-2611,apt_c077a39a,apt_9a8714fa,2026-11-29T16:50:00+05:30,2026-11-29T21:26:00+05:30,276,0,B787-8,"economy,business",297.271,active,2026-08-18T10:00:00+05:30
flt_e92e4199,arl_b97400e0,QP-149,apt_98416c9d,apt_33c2d61a,2026-09-27T12:10:00+05:30,2026-09-27T22:49:00+05:30,639,1,ATR-72,economy,669.562,active,2026-08-18T10:00:00+05:30
flt_d806fc92,arl_75d2a12c,QF-5029,apt_9dd20d55,apt_5377e1f8,2026-11-25T13:20:00+05:30,2026-11-25T18:09:00+05:30,289,0,A320neo,"economy,business",310.467,active,2026-08-18T10:00:00+05:30
flt_83cf7486,arl_6317d870,UK-7026,apt_e6d0e6bf,apt_2d4c99ed,2026-10-09T17:40:00+05:30,2026-10-09T20:29:00+05:30,169,0,B737-800,"economy,business",179.341,active,2026-08-18T10:00:00+05:30
flt_a0285fd2,arl_666b65b1,AC-2811,apt_e6d0e6bf,apt_ee6be440,2026-10-19T09:20:00+05:30,2026-10-19T11:33:00+05:30,133,0,ATR-72,"economy,business",116.324,active,2026-08-18T10:00:00+05:30
flt_5e003aa2,arl_dbae8242,QR-6628,apt_bdf57d77,apt_86c2c516,2026-11-15T22:20:00+05:30,2026-11-16T01:48:00+05:30,208,0,B737-800,"economy,business",221.763,active,2026-08-18T10:00:00+05:30
flt_5b2f1788,arl_a0bf222e,KE-4450,apt_33c2d61a,apt_c1f65e85,2026-11-17T11:50:00+05:30,2026-11-17T19:21:00+05:30,451,0,B787-8,"economy,business",523.908,active,2026-08-18T10:00:00+05:30
flt_6423e531,arl_75d2a12c,QF-9343,apt_6be6a548,apt_faa26bd2,2026-11-17T07:10:00+05:30,2026-11-17T08:20:00+05:30,70,0,ATR-72,"economy,business",46.556,active,2026-08-18T10:00:00+05:30
flt_647bc8c1,arl_2fae0fe3,KU-7852,apt_e6c1d884,apt_ad38af67,2026-10-11T13:40:00+05:30,2026-10-11T18:42:00+05:30,302,0,B787-8,"economy,business",334.647,active,2026-08-18T10:00:00+05:30
flt_0cc7d3ff,arl_1cfc4640,SQ-3943,apt_98416c9d,apt_eb8717c7,2026-10-23T21:10:00+05:30,2026-10-24T04:47:00+05:30,457,1,B737-800,"economy,business",439.97,active,2026-08-18T10:00:00+05:30
flt_4d3e499d,arl_2a88a2c3,UA-7766,apt_54ebca59,apt_08ebf678,2026-09-04T17:10:00+05:30,2026-09-04T17:59:00+05:30,49,0,ATR-72,"economy,business",17.362,active,2026-08-18T10:00:00+05:30
flt_401cdce5,arl_ef62470d,IX-3724,apt_eb8717c7,apt_ebff6148,2026-09-09T19:30:00+05:30,2026-09-09T21:54:00+05:30,144,0,B737-800,economy,134.943,active,2026-08-18T10:00:00+05:30
flt_1650dfea,arl_dbae8242,QR-4778,apt_bdf57d77,apt_3e80f233,2026-10-30T10:00:00+05:30,2026-10-30T12:06:00+05:30,126,0,B787-8,"economy,business",101.944,active,2026-08-18T10:00:00+05:30
flt_3289c468,arl_68688da8,NZ-4570,apt_9a8714fa,apt_86c2c516,2026-09-11T11:30:00+05:30,2026-09-11T16:38:00+05:30,308,0,ATR-72,"economy,business",344.085,active,2026-08-18T10:00:00+05:30
flt_90d04227,arl_154ebf3d,EY-3160,apt_eb8717c7,apt_5835fac1,2026-10-26T12:40:00+05:30,2026-10-26T17:26:00+05:30,286,0,,"economy,business",343.755,active,2026-08-18T10:00:00+05:30
flt_234a0baa,arl_841c6e99,AI-7991,apt_eb8717c7,apt_30500fc8,2026-09-21T05:10:00+05:30,2026-09-21T11:07:00+05:30,357,1,B787-8,"economy,business",334.391,active,2026-08-18T10:00:00+05:30
flt_f2521ef0,arl_077dea23,MH-8282,apt_3810f0b5,apt_496144db,2026-11-17T07:10:00+05:30,2026-11-17T10:18:00+05:30,188,0,ATR-72,"economy,business",176.858,active,2026-08-18T10:00:00+05:30
flt_807e5345,arl_2fae0fe3,KU-6231,apt_c1f65e85,apt_86c2c516,2026-11-14T13:40:00+05:30,2026-11-14T19:07:00+05:30,327,0,A320neo,"economy,business",384.635,active,2026-08-18T10:00:00+05:30
flt_0a894c90,arl_7f79d7b3,AF-3517,apt_5835fac1,apt_05897d58,2026-09-26T20:30:00+05:30,2026-09-26T21:45:00+05:30,75,0,B787-8,"economy,business",57.281,active,2026-08-18T10:00:00+05:30
flt_c57aafe3,arl_a852cdd9,VJ-4048,apt_bfd02a38,apt_9dd20d55,2026-11-17T19:50:00+05:30,2026-11-18T00:46:00+05:30,296,1,ATR-72,economy,252.505,active,2026-08-18T10:00:00+05:30
flt_c01cecfb,arl_4939343e,SG-3113,apt_c1f65e85,apt_33c2d61a,2026-11-08T22:10:00+05:30,2026-11-09T06:38:00+05:30,508,1,ATR-72,economy,523.908,active,2026-08-18T10:00:00+05:30
flt_0cb0f142,arl_2a88a2c3,UA-1583,apt_ad38af67,apt_86c2c516,2026-10-10T11:50:00+05:30,2026-10-10T20:59:00+05:30,549,0,B787-8,"economy,business",669.473,active,2026-08-18T10:00:00+05:30
flt_a88b32e5,arl_ef62470d,IX-682,apt_6ddc2fb6,apt_d3a5784e,2026-09-09T22:10:00+05:30,2026-09-10T00:33:00+05:30,143,0,A321,economy,146.653,active,2026-08-18T10:00:00+05:30
flt_658e7d50,arl_4939343e,SG-4441,apt_54ebca59,apt_9a8714fa,2026-10-11T11:00:00+05:30,2026-10-11T13:05:00+05:30,125,0,A320neo,economy,130.515,active,2026-08-18T10:00:00+05:30
flt_de391d5d,arl_6317d870,UK-1677,apt_86c2c516,apt_ad38af67,2026-10-14T17:50:00+05:30,2026-10-15T03:00:00+05:30,550,0,ATR-72,"economy,business",669.473,active,2026-08-18T10:00:00+05:30
flt_b140532a,arl_a487a152,RA-3530,apt_c0496aae,apt_c077a39a,2026-09-15T12:40:00+05:30,2026-09-15T17:49:00+05:30,309,0,ATR-72,"economy,business",342.198,active,2026-08-18T10:00:00+05:30
flt_3a5c6087,arl_666b65b1,AC-7074,apt_e6c1d884,apt_5835fac1,2026-09-08T20:10:00+05:30,2026-09-08T21:30:00+05:30,80,0,ATR-72,"economy,business",58.06,active,2026-08-18T10:00:00+05:30
flt_d158ce35,arl_8ac08b06,CZ-634,apt_d3a5784e,apt_496144db,2026-10-02T11:30:00+05:30,2026-10-02T13:11:00+05:30,101,0,A321,"economy,business",60.392,active,2026-08-18T10:00:00+05:30
flt_cd0acdfa,arl_6317d870,UK-1072,apt_bfd02a38,apt_08ebf678,2026-09-21T16:20:00+05:30,2026-09-21T18:53:00+05:30,153,0,B787-8,"economy,business",136.801,active,2026-08-18T10:00:00+05:30
flt_6e6ac459,arl_56da328b,GA-6852,apt_757e32fe,apt_d3a5784e,2026-10-29T09:30:00+05:30,2026-10-29T14:25:00+05:30,295,0,A321,"economy,business",340.161,active,2026-08-18T10:00:00+05:30
flt_0a8232f3,arl_3a276287,BA-8941,apt_54ebca59,apt_9a8714fa,2026-11-09T15:00:00+05:30,2026-11-09T17:27:00+05:30,147,0,B787-8,"economy,business",130.515,active,2026-08-18T10:00:00+05:30
flt_73d2f5c5,arl_7f79d7b3,AF-5395,apt_08ebf678,apt_05897d58,2026-10-09T05:00:00+05:30,2026-10-09T06:50:00+05:30,110,0,A321,"economy,business",83.05,active,2026-08-18T10:00:00+05:30
flt_84a7e626,arl_4939343e,SG-9750,apt_c1f65e85,apt_bfd02a38,2026-10-26T06:00:00+05:30,2026-10-26T08:48:00+05:30,168,0,B737-800,economy,150.902,active,2026-08-18T10:00:00+05:30
flt_e27159ed,arl_403656a7,LX-9265,apt_bfd02a38,apt_98416c9d,2026-10-27T16:20:00+05:30,2026-10-27T18:23:00+05:30,123,0,ATR-72,"economy,business",91.09,active,2026-08-18T10:00:00+05:30
flt_a7f717ff,arl_3a276287,BA-4607,apt_30500fc8,apt_faa26bd2,2026-10-10T12:50:00+05:30,2026-10-10T17:36:00+05:30,286,1,A320neo,"economy,business",224.517,active,2026-08-18T10:00:00+05:30
flt_ec84dd1d,arl_a0bf222e,KE-5398,apt_86c2c516,apt_30500fc8,2026-09-04T07:30:00+05:30,2026-09-04T13:32:00+05:30,362,1,B737-800,"economy,business",320.879,active,2026-08-18T10:00:00+05:30
flt_04ba007b,arl_cbee96ac,GF-6290,apt_6ddc2fb6,apt_86c2c516,2026-10-02T11:40:00+05:30,2026-10-02T16:44:00+05:30,304,0,,"economy,business",344.114,active,2026-08-18T10:00:00+05:30
flt_639d6a0a,arl_534d3a8a,LH-3803,apt_05897d58,apt_5377e1f8,2026-09-21T05:00:00+05:30,2026-09-21T05:47:00+05:30,47,0,ATR-72,"economy,business",2.323,active,2026-08-18T10:00:00+05:30
flt_fdfde8d1,arl_508d631b,UL-6158,apt_9dd20d55,apt_c077a39a,2026-09-24T06:00:00+05:30,2026-09-24T14:32:00+05:30,512,0,,"economy,business",636.842,active,2026-08-18T10:00:00+05:30
flt_55210d60,arl_8ac08b06,CZ-1545,apt_9dd20d55,apt_ad38af67,2026-11-16T12:20:00+05:30,2026-11-16T21:41:00+05:30,561,0,A321,"economy,business",672.09,active,2026-08-18T10:00:00+05:30
flt_db9c39c4,arl_666b65b1,AC-4769,apt_ebff6148,apt_757e32fe,2026-09-03T19:00:00+05:30,2026-09-03T19:47:00+05:30,47,0,B787-8,"economy,business",1.747,active,2026-08-18T10:00:00+05:30
flt_d692d0a8,arl_2fae0fe3,KU-1167,apt_05897d58,apt_3e80f233,2026-11-18T21:30:00+05:30,2026-11-19T00:26:00+05:30,176,0,A320neo,"economy,business",177.024,active,2026-08-18T10:00:00+05:30
flt_c970b981,arl_75d2a12c,QF-8652,apt_bdf57d77,apt_bfd02a38,2026-10-03T07:00:00+05:30,2026-10-03T09:29:00+05:30,149,0,,"economy,business",130.761,active,2026-08-18T10:00:00+05:30
flt_9220755c,arl_ef62470d,IX-5807,apt_c077a39a,apt_ee6be440,2026-10-14T17:30:00+05:30,2026-10-14T23:31:00+05:30,361,1,A321,economy,334.485,active,2026-08-18T10:00:00+05:30
flt_9c18656e,arl_508d631b,UL-6485,apt_3810f0b5,apt_faa26bd2,2026-11-28T13:10:00+05:30,2026-11-28T16:14:00+05:30,184,0,,"economy,business",175.469,active,2026-08-18T10:00:00+05:30
flt_4a230237,arl_3a276287,BA-8412,apt_ebff6148,apt_5377e1f8,2026-11-14T06:30:00+05:30,2026-11-14T12:11:00+05:30,341,1,B737-800,"economy,business",284.614,active,2026-08-18T10:00:00+05:30
flt_7f7db9e3,arl_077dea23,MH-1534,apt_cb1113d2,apt_33c2d61a,2026-11-15T13:30:00+05:30,2026-11-15T14:02:00+05:30,32,0,B737-800,"economy,business",2.971,active,2026-08-18T10:00:00+05:30
flt_bec2044c,arl_c56d378a,TG-7756,apt_3e80f233,apt_faa26bd2,2026-11-01T20:20:00+05:30,2026-11-01T21:58:00+05:30,98,0,A320neo,"economy,business",59.167,active,2026-08-18T10:00:00+05:30
flt_9d94df9a,arl_68688da8,NZ-5360,apt_30500fc8,apt_5835fac1,2026-10-17T18:40:00+05:30,2026-10-17T20:26:00+05:30,106,0,B737-800,"economy,business",100.614,active,2026-08-18T10:00:00+05:30
flt_74aeb732,arl_4939343e,SG-7487,apt_6ddc2fb6,apt_ebff6148,2026-10-17T14:10:00+05:30,2026-10-17T17:51:00+05:30,221,0,B737-800,economy,217.125,active,2026-08-18T10:00:00+05:30
flt_b3d06e84,arl_28f00e8b,EK-7592,apt_2d4c99ed,apt_ee6be440,2026-10-26T17:10:00+05:30,2026-10-26T20:46:00+05:30,216,0,A321,"economy,business",222.354,active,2026-08-18T10:00:00+05:30
flt_a31da836,arl_3a276287,BA-2919,apt_a7ea97c3,apt_faa26bd2,2026-11-01T22:40:00+05:30,2026-11-02T00:44:00+05:30,124,0,B737-800,"economy,business",108.132,active,2026-08-18T10:00:00+05:30
flt_dcac1a72,arl_ef62470d,IX-8873,apt_a7ea97c3,apt_3810f0b5,2026-09-30T13:30:00+05:30,2026-09-30T16:19:00+05:30,169,0,ATR-72,economy,154.733,active,2026-08-18T10:00:00+05:30
flt_c7a6cf4e,arl_28f00e8b,EK-4274,apt_a7ea97c3,apt_6be6a548,2026-09-11T18:10:00+05:30,2026-09-11T20:06:00+05:30,116,0,ATR-72,"economy,business",89.008,active,2026-08-18T10:00:00+05:30
flt_95b44b37,arl_154ebf3d,EY-2226,apt_ad38af67,apt_d3a5784e,2026-10-07T21:30:00+05:30,2026-10-08T04:11:00+05:30,401,0,ATR-72,"economy,business",474.564,active,2026-08-18T10:00:00+05:30
flt_771da3b6,arl_6317d870,UK-8483,apt_2d4c99ed,apt_9dd20d55,2026-09-13T07:50:00+05:30,2026-09-13T13:33:00+05:30,343,0,B737-800,"economy,business",387.599,active,2026-08-18T10:00:00+05:30
flt_9922d623,arl_1cfc4640,SQ-3062,apt_08ebf678,apt_9dd20d55,2026-09-09T13:40:00+05:30,2026-09-09T18:54:00+05:30,314,1,A321,"economy,business",238.436,active,2026-08-18T10:00:00+05:30
flt_2d5563d0,arl_7f79d7b3,AF-1306,apt_d3a5784e,apt_c077a39a,2026-11-12T08:40:00+05:30,2026-11-12T14:54:00+05:30,374,0,B737-800,"economy,business",439.308,active,2026-08-18T10:00:00+05:30
flt_5db8cb3f,arl_2981080f,6E-1136,apt_bdf57d77,apt_757e32fe,2026-09-14T10:30:00+05:30,2026-09-14T15:38:00+05:30,308,0,B787-8,economy,344.287,active,2026-08-18T10:00:00+05:30
flt_fa02f7f7,arl_b97400e0,QP-621,apt_9dd20d55,apt_e6d0e6bf,2026-10-19T21:50:00+05:30,2026-10-20T01:41:00+05:30,231,0,ATR-72,economy,238.136,active,2026-08-18T10:00:00+05:30
flt_2f01c088,arl_dbae8242,QR-4913,apt_3e80f233,apt_e6d0e6bf,2026-09-05T14:30:00+05:30,2026-09-05T16:49:00+05:30,139,0,B787-8,"economy,business",105.882,active,2026-08-18T10:00:00+05:30
flt_df1e4ff5,arl_1cfc4640,SQ-8289,apt_bdf57d77,apt_bfd02a38,2026-10-14T05:40:00+05:30,2026-10-14T08:03:00+05:30,143,0,ATR-72,"economy,business",130.761,active,2026-08-18T10:00:00+05:30
flt_b6486542,arl_ef62470d,IX-1399,apt_a7ea97c3,apt_98416c9d,2026-10-20T06:30:00+05:30,2026-10-20T07:15:00+05:30,45,0,A320neo,economy,1.558,active,2026-08-18T10:00:00+05:30
flt_8c372d7e,arl_a0bf222e,KE-8687,apt_faa26bd2,apt_5835fac1,2026-09-11T08:50:00+05:30,2026-09-11T11:06:00+05:30,136,0,B787-8,"economy,business",123.989,active,2026-08-18T10:00:00+05:30
flt_04fa3a02,arl_b97400e0,QP-3182,apt_bfd02a38,apt_c077a39a,2026-10-12T07:20:00+05:30,2026-10-12T14:41:00+05:30,441,1,A321,economy,443.309,active,2026-08-18T10:00:00+05:30
flt_0c77e553,arl_841c6e99,AI-1278,apt_30500fc8,apt_ebff6148,2026-09-03T14:50:00+05:30,2026-09-03T20:49:00+05:30,359,1,A321,"economy,business",306.475,active,2026-08-18T10:00:00+05:30
flt_a64a60aa,arl_2a88a2c3,UA-4758,apt_9a8714fa,apt_757e32fe,2026-10-19T22:00:00+05:30,2026-10-20T01:31:00+05:30,211,0,ATR-72,"economy,business",217.729,active,2026-08-18T10:00:00+05:30
flt_4dc54e05,arl_ef62470d,IX-4091,apt_496144db,apt_e6d0e6bf,2026-11-22T14:30:00+05:30,2026-11-22T17:11:00+05:30,161,0,A320neo,economy,135.88,active,2026-08-18T10:00:00+05:30
flt_1532db9a,arl_8ac08b06,CZ-7696,apt_a7ea97c3,apt_98416c9d,2026-11-26T22:10:00+05:30,2026-11-26T22:48:00+05:30,38,0,B737-800,"economy,business",1.558,active,2026-08-18T10:00:00+05:30
flt_9b27d009,arl_403656a7,LX-6856,apt_9dd20d55,apt_54ebca59,2026-11-04T12:00:00+05:30,2026-11-04T15:31:00+05:30,211,0,B787-8,"economy,business",221.2,active,2026-08-18T10:00:00+05:30
flt_907600dc,arl_2981080f,6E-564,apt_ee6be440,apt_c1f65e85,2026-10-13T18:00:00+05:30,2026-10-13T21:36:00+05:30,216,0,ATR-72,economy,223.54,active,2026-08-18T10:00:00+05:30
flt_079bd403,arl_666b65b1,AC-4876,apt_6be6a548,apt_86c2c516,2026-09-30T10:50:00+05:30,2026-09-30T15:52:00+05:30,302,1,B787-8,"economy,business",251.274,active,2026-08-18T10:00:00+05:30
flt_8b8b9d90,arl_a0bf222e,KE-780,apt_496144db,apt_d3a5784e,2026-09-26T15:30:00+05:30,2026-09-26T17:03:00+05:30,93,0,A321,"economy,business",60.392,active,2026-08-18T10:00:00+05:30
flt_f244cd12,arl_56da328b,GA-3328,apt_ee6be440,apt_d3a5784e,2026-11-14T06:50:00+05:30,2026-11-14T10:07:00+05:30,197,0,B737-800,"economy,business",220.829,active,2026-08-18T10:00:00+05:30
flt_e1adf315,arl_a0bf222e,KE-9282,apt_3810f0b5,apt_05897d58,2026-10-01T16:00:00+05:30,2026-10-01T16:49:00+05:30,49,0,ATR-72,"economy,business",32.022,active,2026-08-18T10:00:00+05:30
flt_bf67570a,arl_4939343e,SG-3573,apt_bfd02a38,apt_33c2d61a,2026-10-09T05:20:00+05:30,2026-10-09T14:35:00+05:30,555,0,B737-800,economy,671.121,active,2026-08-18T10:00:00+05:30
flt_154ccb77,arl_dbae8242,QR-309,apt_33c2d61a,apt_08ebf678,2026-09-16T09:50:00+05:30,2026-09-16T18:37:00+05:30,527,0,A321,"economy,business",626.887,active,2026-08-18T10:00:00+05:30
flt_8e56271e,arl_a487a152,RA-8472,apt_5835fac1,apt_3e80f233,2026-09-04T21:00:00+05:30,2026-09-04T22:58:00+05:30,118,0,B787-8,"economy,business",123.5,active,2026-08-18T10:00:00+05:30
flt_8feb1e36,arl_7784367f,KB-4305,apt_c077a39a,apt_86c2c516,2026-11-14T14:40:00+05:30,2026-11-15T00:35:00+05:30,595,1,ATR-72,"economy,business",634.205,active,2026-08-18T10:00:00+05:30
flt_bc83e51c,arl_841c6e99,AI-9915,apt_c0496aae,apt_98416c9d,2026-11-13T17:50:00+05:30,2026-11-13T20:01:00+05:30,131,0,B787-8,"economy,business",100.164,active,2026-08-18T10:00:00+05:30
flt_a954d0d0,arl_1cfc4640,SQ-2472,apt_05897d58,apt_30500fc8,2026-09-26T17:30:00+05:30,2026-09-26T19:01:00+05:30,91,0,B737-800,"economy,business",44.016,active,2026-08-18T10:00:00+05:30
flt_dfa79b94,arl_2fae0fe3,KU-4436,apt_a7ea97c3,apt_54ebca59,2026-11-20T18:50:00+05:30,2026-11-20T20:02:00+05:30,72,0,B787-8,"economy,business",48.377,active,2026-08-18T10:00:00+05:30
flt_a23ce25c,arl_692cd6f4,JL-5778,apt_d3a5784e,apt_6ddc2fb6,2026-09-24T20:20:00+05:30,2026-09-24T22:48:00+05:30,148,0,ATR-72,"economy,business",146.653,active,2026-08-18T10:00:00+05:30
flt_01258f55,arl_b97400e0,QP-299,apt_3e80f233,apt_2d4c99ed,2026-10-30T17:10:00+05:30,2026-10-30T20:04:00+05:30,174,0,A321,economy,154.97,active,2026-08-18T10:00:00+05:30
flt_1c05b24d,arl_077dea23,MH-1652,apt_2d4c99ed,apt_3810f0b5,2026-09-13T18:30:00+05:30,2026-09-13T20:57:00+05:30,147,0,A321,"economy,business",156.862,active,2026-08-18T10:00:00+05:30
flt_2cc41aa0,arl_dbae8242,QR-301,apt_e6d0e6bf,apt_ceec186e,2026-10-06T07:00:00+05:30,2026-10-06T13:09:00+05:30,369,0,A321,"economy,business",433.912,active,2026-08-18T10:00:00+05:30
flt_21b62f30,arl_403656a7,LX-7635,apt_3e80f233,apt_30500fc8,2026-11-22T08:10:00+05:30,2026-11-22T11:50:00+05:30,220,0,A320neo,"economy,business",216.009,active,2026-08-18T10:00:00+05:30
flt_92dba93e,arl_7784367f,KB-8667,apt_bfd02a38,apt_9dd20d55,2026-10-20T18:50:00+05:30,2026-10-20T23:45:00+05:30,295,1,A320neo,"economy,business",252.505,active,2026-08-18T10:00:00+05:30
flt_22fd1c3d,arl_75d2a12c,QF-1412,apt_cb1113d2,apt_54ebca59,2026-10-05T17:10:00+05:30,2026-10-06T03:19:00+05:30,609,1,B737-800,"economy,business",641.324,active,2026-08-18T10:00:00+05:30
flt_d2388814,arl_077dea23,MH-7704,apt_3e80f233,apt_c1f65e85,2026-10-27T20:10:00+05:30,2026-10-27T22:33:00+05:30,143,0,A320neo,"economy,business",155.098,active,2026-08-18T10:00:00+05:30
flt_e0fadf34,arl_077dea23,MH-2053,apt_c077a39a,apt_86c2c516,2026-11-14T05:50:00+05:30,2026-11-14T14:47:00+05:30,537,0,B787-8,"economy,business",634.205,active,2026-08-18T10:00:00+05:30
flt_4e350219,arl_a487a152,RA-8871,apt_33c2d61a,apt_08ebf678,2026-10-23T12:00:00+05:30,2026-10-23T21:35:00+05:30,575,1,A321,"economy,business",626.887,active,2026-08-18T10:00:00+05:30
flt_da5d1194,arl_56da328b,GA-5141,apt_6be6a548,apt_496144db,2026-10-18T07:50:00+05:30,2026-10-18T09:10:00+05:30,80,0,A320neo,"economy,business",48.264,active,2026-08-18T10:00:00+05:30
flt_564f84b7,arl_68688da8,NZ-4742,apt_a7ea97c3,apt_e6c1d884,2026-09-05T09:00:00+05:30,2026-09-05T11:41:00+05:30,161,0,B737-800,"economy,business",154.145,active,2026-08-18T10:00:00+05:30
flt_fb583dae,arl_56da328b,GA-9865,apt_9dd20d55,apt_2d4c99ed,2026-09-21T06:30:00+05:30,2026-09-21T11:57:00+05:30,327,0,A321,"economy,business",387.599,active,2026-08-18T10:00:00+05:30
flt_f6fa9032,arl_a852cdd9,VJ-7879,apt_cb1113d2,apt_33c2d61a,2026-10-31T10:40:00+05:30,2026-10-31T11:40:00+05:30,60,0,ATR-72,economy,2.971,active,2026-08-18T10:00:00+05:30
flt_77fcd277,arl_28f00e8b,EK-4872,apt_bfd02a38,apt_6be6a548,2026-11-14T12:20:00+05:30,2026-11-14T12:59:00+05:30,39,0,B787-8,"economy,business",3.673,active,2026-08-18T10:00:00+05:30
flt_53c32b0e,arl_8ac08b06,CZ-3757,apt_08ebf678,apt_ebff6148,2026-11-20T22:10:00+05:30,2026-11-21T02:55:00+05:30,285,0,ATR-72,"economy,business",331.502,active,2026-08-18T10:00:00+05:30
flt_10a9c93a,arl_1cfc4640,SQ-1198,apt_ebff6148,apt_98416c9d,2026-11-20T21:50:00+05:30,2026-11-21T02:47:00+05:30,297,0,A320neo,"economy,business",357.62,active,2026-08-18T10:00:00+05:30
flt_7ac028a1,arl_68688da8,NZ-2434,apt_bdf57d77,apt_98416c9d,2026-10-16T08:00:00+05:30,2026-10-16T09:29:00+05:30,89,0,,"economy,business",47.125,active,2026-08-18T10:00:00+05:30
flt_6191be9c,arl_666b65b1,AC-6809,apt_33c2d61a,apt_3810f0b5,2026-10-05T18:20:00+05:30,2026-10-06T03:11:00+05:30,531,1,ATR-72,"economy,business",525.95,active,2026-08-18T10:00:00+05:30
flt_db6988cd,arl_534d3a8a,LH-6683,apt_ebff6148,apt_3e80f233,2026-11-21T19:10:00+05:30,2026-11-22T01:17:00+05:30,367,1,B737-800,"economy,business",339.407,active,2026-08-18T10:00:00+05:30
flt_74ae3ebc,arl_3a276287,BA-3709,apt_6ddc2fb6,apt_08ebf678,2026-10-17T18:20:00+05:30,2026-10-17T20:43:00+05:30,143,0,B787-8,"economy,business",115,active,2026-08-18T10:00:00+05:30
flt_0a3033f8,arl_666b65b1,AC-4699,apt_c077a39a,apt_98416c9d,2026-11-10T05:00:00+05:30,2026-11-10T12:14:00+05:30,434,1,B737-800,"economy,business",439.485,active,2026-08-18T10:00:00+05:30
flt_9a41fa71,arl_154ebf3d,EY-5395,apt_757e32fe,apt_3e80f233,2026-10-25T15:30:00+05:30,2026-10-25T20:45:00+05:30,315,0,B737-800,"economy,business",339.628,active,2026-08-18T10:00:00+05:30
flt_68bd6a7d,arl_8ac08b06,CZ-476,apt_e6c1d884,apt_3810f0b5,2026-11-21T17:10:00+05:30,2026-11-21T17:57:00+05:30,47,0,ATR-72,"economy,business",0.758,active,2026-08-18T10:00:00+05:30
flt_c8ca3472,arl_2981080f,6E-6825,apt_54ebca59,apt_c077a39a,2026-09-23T22:50:00+05:30,2026-09-24T06:14:00+05:30,444,1,ATR-72,economy,415.726,active,2026-08-18T10:00:00+05:30
flt_06d7567d,arl_7784367f,KB-7189,apt_3810f0b5,apt_3e80f233,2026-09-27T18:00:00+05:30,2026-09-27T20:44:00+05:30,164,0,,"economy,business",181.955,active,2026-08-18T10:00:00+05:30
flt_bd8ac536,arl_75d2a12c,QF-7993,apt_33c2d61a,apt_a7ea97c3,2026-09-14T18:10:00+05:30,2026-09-15T03:04:00+05:30,534,0,,"economy,business",668.794,active,2026-08-18T10:00:00+05:30
flt_c003e33c,arl_68688da8,NZ-7703,apt_30500fc8,apt_33c2d61a,2026-09-09T07:10:00+05:30,2026-09-09T14:54:00+05:30,464,0,A320neo,"economy,business",551.393,active,2026-08-18T10:00:00+05:30
flt_8f96a772,arl_7f79d7b3,AF-5261,apt_496144db,apt_5377e1f8,2026-09-23T09:50:00+05:30,2026-09-23T13:05:00+05:30,195,0,A321,"economy,business",181.361,active,2026-08-18T10:00:00+05:30
flt_3dd988b2,arl_508d631b,UL-3703,apt_6ddc2fb6,apt_86c2c516,2026-10-04T18:00:00+05:30,2026-10-05T00:06:00+05:30,366,1,A320neo,"economy,business",344.114,active,2026-08-18T10:00:00+05:30
flt_c609202e,arl_2fae0fe3,KU-6016,apt_c077a39a,apt_05897d58,2026-09-04T13:10:00+05:30,2026-09-04T19:24:00+05:30,374,1,B787-8,"economy,business",328.567,active,2026-08-18T10:00:00+05:30
flt_1cfb899e,arl_666b65b1,AC-3387,apt_bdf57d77,apt_08ebf678,2026-10-21T19:00:00+05:30,2026-10-21T20:07:00+05:30,67,0,A320neo,"economy,business",14.668,active,2026-08-18T10:00:00+05:30
flt_7386ec74,arl_a0bf222e,KE-8749,apt_6be6a548,apt_ceec186e,2026-11-27T12:20:00+05:30,2026-11-27T19:09:00+05:30,409,0,A321,"economy,business",474.791,active,2026-08-18T10:00:00+05:30
flt_7cd0aff5,arl_2981080f,6E-1727,apt_ceec186e,apt_6ddc2fb6,2026-09-03T22:10:00+05:30,2026-09-04T02:49:00+05:30,279,0,A321,economy,332.538,active,2026-08-18T10:00:00+05:30
flt_c3876ad6,arl_154ebf3d,EY-2710,apt_3810f0b5,apt_86c2c516,2026-09-09T19:30:00+05:30,2026-09-10T01:38:00+05:30,368,1,B737-800,"economy,business",336.296,active,2026-08-18T10:00:00+05:30
flt_0923ad34,arl_c56d378a,TG-4163,apt_5377e1f8,apt_d3a5784e,2026-11-07T21:30:00+05:30,2026-11-08T00:32:00+05:30,182,0,B787-8,"economy,business",178.597,active,2026-08-18T10:00:00+05:30
flt_1185b165,arl_dbae8242,QR-8624,apt_5377e1f8,apt_30500fc8,2026-10-05T05:30:00+05:30,2026-10-05T07:02:00+05:30,92,0,,"economy,business",45.395,active,2026-08-18T10:00:00+05:30
flt_a56340f7,arl_692cd6f4,JL-7380,apt_ee6be440,apt_bdf57d77,2026-11-28T21:50:00+05:30,2026-11-29T00:20:00+05:30,150,0,A321,"economy,business",126.44,active,2026-08-18T10:00:00+05:30
flt_65fcc4e0,arl_1cfc4640,SQ-9594,apt_c1f65e85,apt_08ebf678,2026-10-21T07:40:00+05:30,2026-10-21T10:37:00+05:30,177,0,A321,"economy,business",181.941,active,2026-08-18T10:00:00+05:30
flt_a3281d98,arl_3a276287,BA-2303,apt_05897d58,apt_3e80f233,2026-09-23T18:00:00+05:30,2026-09-23T21:02:00+05:30,182,0,A320neo,"economy,business",177.024,active,2026-08-18T10:00:00+05:30
flt_46bf7676,arl_a487a152,RA-5533,apt_e6c1d884,apt_08ebf678,2026-10-17T22:10:00+05:30,2026-10-18T00:16:00+05:30,126,0,A320neo,"economy,business",102.4,active,2026-08-18T10:00:00+05:30
flt_b7318e84,arl_4939343e,SG-7298,apt_08ebf678,apt_e6d0e6bf,2026-10-23T17:50:00+05:30,2026-10-23T18:26:00+05:30,36,0,B737-800,economy,2.848,active,2026-08-18T10:00:00+05:30
flt_8eeb21d0,arl_a852cdd9,VJ-6058,apt_54ebca59,apt_eb8717c7,2026-11-08T12:20:00+05:30,2026-11-08T18:01:00+05:30,341,0,ATR-72,economy,416.3,active,2026-08-18T10:00:00+05:30
flt_1755b26f,arl_841c6e99,AI-1781,apt_ad38af67,apt_6be6a548,2026-10-01T18:30:00+05:30,2026-10-02T01:15:00+05:30,405,0,B737-800,"economy,business",474.573,active,2026-08-18T10:00:00+05:30
flt_fa4ea056,arl_4939343e,SG-9133,apt_9a8714fa,apt_496144db,2026-11-28T20:40:00+05:30,2026-11-28T23:07:00+05:30,147,0,B737-800,economy,117.88,active,2026-08-18T10:00:00+05:30
flt_73a42754,arl_692cd6f4,JL-7202,apt_6ddc2fb6,apt_e6d0e6bf,2026-11-22T22:40:00+05:30,2026-11-23T00:40:00+05:30,120,0,B737-800,"economy,business",114.214,active,2026-08-18T10:00:00+05:30
flt_8ec35fc0,arl_666b65b1,AC-7263,apt_cb1113d2,apt_e6c1d884,2026-10-14T13:40:00+05:30,2026-10-14T21:05:00+05:30,445,0,A320neo,"economy,business",523.347,active,2026-08-18T10:00:00+05:30
flt_d082cee8,arl_077dea23,MH-390,apt_ee6be440,apt_30500fc8,2026-09-02T22:40:00+05:30,2026-09-02T23:12:00+05:30,32,0,B787-8,"economy,business",1.507,active,2026-08-18T10:00:00+05:30
flt_3f5f5d49,arl_6317d870,UK-1898,apt_bfd02a38,apt_ad38af67,2026-09-29T20:10:00+05:30,2026-09-30T02:53:00+05:30,403,0,B737-800,"economy,business",478.231,active,2026-08-18T10:00:00+05:30
flt_a8a0a1f0,arl_508d631b,UL-5919,apt_54ebca59,apt_9dd20d55,2026-10-22T05:00:00+05:30,2026-10-22T08:15:00+05:30,195,0,A321,"economy,business",221.2,active,2026-08-18T10:00:00+05:30
flt_49ae47b6,arl_403656a7,LX-4795,apt_ebff6148,apt_faa26bd2,2026-09-14T06:20:00+05:30,2026-09-14T10:55:00+05:30,275,0,A320neo,"economy,business",287.965,active,2026-08-18T10:00:00+05:30
flt_35ea84f4,arl_841c6e99,AI-2323,apt_3e80f233,apt_5377e1f8,2026-11-07T17:40:00+05:30,2026-11-07T20:27:00+05:30,167,0,A321,"economy,business",174.906,active,2026-08-18T10:00:00+05:30
flt_251b4a9e,arl_077dea23,MH-5687,apt_33c2d61a,apt_d3a5784e,2026-09-01T14:10:00+05:30,2026-09-01T23:12:00+05:30,542,0,B787-8,"economy,business",668.519,active,2026-08-18T10:00:00+05:30
flt_d38478e3,arl_2a88a2c3,UA-8874,apt_5835fac1,apt_c0496aae,2026-11-10T20:10:00+05:30,2026-11-10T20:56:00+05:30,46,0,,"economy,business",1.026,active,2026-08-18T10:00:00+05:30
flt_bc728f55,arl_dbae8242,QR-2477,apt_9dd20d55,apt_3810f0b5,2026-09-01T18:40:00+05:30,2026-09-01T23:48:00+05:30,308,0,A320neo,"economy,business",338.76,active,2026-08-18T10:00:00+05:30
flt_1762ba02,arl_841c6e99,AI-4080,apt_a7ea97c3,apt_e6c1d884,2026-11-10T06:50:00+05:30,2026-11-10T09:15:00+05:30,145,0,A320neo,"economy,business",154.145,active,2026-08-18T10:00:00+05:30
flt_388419b9,arl_692cd6f4,JL-8076,apt_c1f65e85,apt_5835fac1,2026-10-24T17:00:00+05:30,2026-10-24T19:17:00+05:30,137,0,A320neo,"economy,business",137.079,active,2026-08-18T10:00:00+05:30
flt_5618d672,arl_154ebf3d,EY-2143,apt_2d4c99ed,apt_757e32fe,2026-09-22T14:00:00+05:30,2026-09-22T16:53:00+05:30,173,0,,"economy,business",187.061,active,2026-08-18T10:00:00+05:30
flt_634ece5e,arl_56da328b,GA-2039,apt_54ebca59,apt_5377e1f8,2026-11-08T07:50:00+05:30,2026-11-08T09:33:00+05:30,103,0,A320neo,"economy,business",96.833,active,2026-08-18T10:00:00+05:30
flt_346db882,arl_2fae0fe3,KU-9358,apt_496144db,apt_98416c9d,2026-10-01T18:40:00+05:30,2026-10-01T20:42:00+05:30,122,0,B737-800,"economy,business",112.51,active,2026-08-18T10:00:00+05:30
flt_20af7891,arl_2981080f,6E-2425,apt_08ebf678,apt_6be6a548,2026-11-02T07:50:00+05:30,2026-11-02T10:01:00+05:30,131,0,A321,economy,134.948,active,2026-08-18T10:00:00+05:30
flt_1909cbaf,arl_a0bf222e,KE-6644,apt_ebff6148,apt_e6d0e6bf,2026-11-11T16:10:00+05:30,2026-11-11T22:30:00+05:30,380,1,B737-800,"economy,business",330.93,active,2026-08-18T10:00:00+05:30
flt_241f5728,arl_6317d870,UK-5279,apt_ceec186e,apt_54ebca59,2026-11-28T05:20:00+05:30,2026-11-28T13:13:00+05:30,473,1,A320neo,"economy,business",450.794,active,2026-08-18T10:00:00+05:30
flt_e4b84a20,arl_28f00e8b,EK-7452,apt_c077a39a,apt_c0496aae,2026-11-10T18:20:00+05:30,2026-11-10T23:37:00+05:30,317,0,A320neo,"economy,business",342.198,active,2026-08-18T10:00:00+05:30
flt_71beae5b,arl_75d2a12c,QF-2789,apt_86c2c516,apt_d3a5784e,2026-10-19T22:20:00+05:30,2026-10-20T02:01:00+05:30,221,0,ATR-72,"economy,business",234.495,active,2026-08-18T10:00:00+05:30
flt_80115533,arl_a0bf222e,KE-3644,apt_757e32fe,apt_eb8717c7,2026-10-29T08:50:00+05:30,2026-10-29T11:14:00+05:30,144,0,B787-8,"economy,business",136.13,active,2026-08-18T10:00:00+05:30
flt_b0d9cc06,arl_cbee96ac,GF-881,apt_faa26bd2,apt_6be6a548,2026-11-24T14:30:00+05:30,2026-11-24T15:45:00+05:30,75,0,B787-8,"economy,business",46.556,active,2026-08-18T10:00:00+05:30
flt_526200cf,arl_1cfc4640,SQ-270,apt_5835fac1,apt_e6d0e6bf,2026-11-17T05:10:00+05:30,2026-11-17T06:33:00+05:30,83,0,B737-800,"economy,business",56.919,active,2026-08-18T10:00:00+05:30
flt_2c05a3e7,arl_c56d378a,TG-5121,apt_5835fac1,apt_757e32fe,2026-09-25T07:20:00+05:30,2026-09-25T11:45:00+05:30,265,0,B787-8,"economy,business",275.453,active,2026-08-18T10:00:00+05:30
flt_6cba1fea,arl_cbee96ac,GF-7950,apt_05897d58,apt_98416c9d,2026-11-08T14:20:00+05:30,2026-11-08T17:03:00+05:30,163,0,B787-8,"economy,business",140.054,active,2026-08-18T10:00:00+05:30
flt_b0eab371,arl_a852cdd9,VJ-5988,apt_9dd20d55,apt_ceec186e,2026-11-13T10:00:00+05:30,2026-11-13T19:13:00+05:30,553,0,B787-8,economy,671.818,active,2026-08-18T10:00:00+05:30
flt_874e91be,arl_508d631b,UL-6032,apt_d3a5784e,apt_bfd02a38,2026-10-05T18:40:00+05:30,2026-10-05T19:48:00+05:30,68,0,B787-8,"economy,business",25.288,active,2026-08-18T10:00:00+05:30
flt_f96787d0,arl_2a88a2c3,UA-4610,apt_6ddc2fb6,apt_757e32fe,2026-10-20T20:50:00+05:30,2026-10-20T23:59:00+05:30,189,0,B787-8,"economy,business",217.835,active,2026-08-18T10:00:00+05:30
flt_7d734169,arl_a852cdd9,VJ-8843,apt_33c2d61a,apt_a7ea97c3,2026-11-26T06:20:00+05:30,2026-11-26T15:20:00+05:30,540,0,ATR-72,economy,668.794,active,2026-08-18T10:00:00+05:30
flt_7896ad18,arl_2981080f,6E-1435,apt_08ebf678,apt_ebff6148,2026-11-05T08:40:00+05:30,2026-11-05T15:01:00+05:30,381,1,B787-8,economy,331.502,active,2026-08-18T10:00:00+05:30
flt_8f035858,arl_534d3a8a,LH-7092,apt_54ebca59,apt_5377e1f8,2026-09-30T06:00:00+05:30,2026-09-30T07:45:00+05:30,105,0,A320neo,"economy,business",96.833,active,2026-08-18T10:00:00+05:30
flt_d7c7821c,arl_2981080f,6E-2019,apt_e6d0e6bf,apt_bfd02a38,2026-10-26T21:30:00+05:30,2026-10-27T00:02:00+05:30,152,0,ATR-72,economy,133.958,active,2026-08-18T10:00:00+05:30
flt_bb483cb7,arl_cbee96ac,GF-4990,apt_9dd20d55,apt_eb8717c7,2026-10-24T12:50:00+05:30,2026-10-24T21:18:00+05:30,508,0,ATR-72,"economy,business",637.426,active,2026-08-18T10:00:00+05:30
flt_69310cd3,arl_2981080f,6E-5780,apt_3e80f233,apt_2d4c99ed,2026-10-13T21:40:00+05:30,2026-10-14T00:10:00+05:30,150,0,A320neo,economy,154.97,active,2026-08-18T10:00:00+05:30
flt_cb2320ce,arl_1cfc4640,SQ-2769,apt_cb1113d2,apt_9a8714fa,2026-09-22T06:10:00+05:30,2026-09-22T13:22:00+05:30,432,0,A320neo,"economy,business",524.673,active,2026-08-18T10:00:00+05:30
flt_b69a26fe,arl_28f00e8b,EK-475,apt_ceec186e,apt_6ddc2fb6,2026-11-01T09:10:00+05:30,2026-11-01T13:48:00+05:30,278,0,A320neo,"economy,business",332.538,active,2026-08-18T10:00:00+05:30
flt_3fc9f821,arl_534d3a8a,LH-9065,apt_e6c1d884,apt_05897d58,2026-10-11T16:00:00+05:30,2026-10-11T17:17:00+05:30,77,0,A320neo,"economy,business",32.118,active,2026-08-18T10:00:00+05:30
flt_ab329c6c,arl_4939343e,SG-7991,apt_496144db,apt_c077a39a,2026-10-12T18:30:00+05:30,2026-10-13T01:08:00+05:30,398,1,A321,economy,394.488,active,2026-08-18T10:00:00+05:30
flt_d0b71c9f,arl_c56d378a,TG-9072,apt_5377e1f8,apt_496144db,2026-11-07T22:30:00+05:30,2026-11-08T01:45:00+05:30,195,0,A320neo,"economy,business",181.361,active,2026-08-18T10:00:00+05:30
flt_046b071e,arl_077dea23,MH-9699,apt_08ebf678,apt_9dd20d55,2026-10-29T13:40:00+05:30,2026-10-29T17:24:00+05:30,224,0,B737-800,"economy,business",238.436,active,2026-08-18T10:00:00+05:30
flt_bf4eee8a,arl_666b65b1,AC-4377,apt_cb1113d2,apt_d3a5784e,2026-11-07T17:00:00+05:30,2026-11-08T02:21:00+05:30,561,0,B737-800,"economy,business",665.758,active,2026-08-18T10:00:00+05:30
flt_7a78a921,arl_75d2a12c,QF-5999,apt_2d4c99ed,apt_3e80f233,2026-11-03T21:00:00+05:30,2026-11-03T23:40:00+05:30,160,0,B737-800,"economy,business",154.97,active,2026-08-18T10:00:00+05:30
flt_fda89a5d,arl_7784367f,KB-9009,apt_30500fc8,apt_9dd20d55,2026-10-03T14:20:00+05:30,2026-10-03T19:18:00+05:30,298,0,ATR-72,"economy,business",322.793,active,2026-08-18T10:00:00+05:30
flt_5d068efb,arl_a487a152,RA-1605,apt_3810f0b5,apt_c0496aae,2026-11-01T12:30:00+05:30,2026-11-01T13:53:00+05:30,83,0,A321,"economy,business",58.053,active,2026-08-18T10:00:00+05:30
flt_dfeb178f,arl_2a88a2c3,UA-7133,apt_e6d0e6bf,apt_2d4c99ed,2026-11-21T14:20:00+05:30,2026-11-21T17:12:00+05:30,172,0,A321,"economy,business",179.341,active,2026-08-18T10:00:00+05:30
flt_34c213e7,arl_2fae0fe3,KU-8966,apt_e6d0e6bf,apt_a7ea97c3,2026-09-06T10:40:00+05:30,2026-09-06T11:58:00+05:30,78,0,A321,"economy,business",56.841,active,2026-08-18T10:00:00+05:30
flt_e3bf9b75,arl_403656a7,LX-7302,apt_9a8714fa,apt_5835fac1,2026-10-02T22:00:00+05:30,2026-10-02T23:23:00+05:30,83,0,B737-800,"economy,business",59.978,active,2026-08-18T10:00:00+05:30
flt_4c139bb8,arl_2981080f,6E-8067,apt_2d4c99ed,apt_86c2c516,2026-10-07T15:40:00+05:30,2026-10-07T22:33:00+05:30,413,1,A320neo,economy,384.293,active,2026-08-18T10:00:00+05:30
flt_bd649d62,arl_1cfc4640,SQ-3499,apt_2d4c99ed,apt_cb1113d2,2026-09-05T14:50:00+05:30,2026-09-05T21:48:00+05:30,418,0,A320neo,"economy,business",520.879,active,2026-08-18T10:00:00+05:30
flt_43e04547,arl_2981080f,6E-5815,apt_08ebf678,apt_c0496aae,2026-10-27T15:50:00+05:30,2026-10-27T17:29:00+05:30,99,0,B737-800,economy,58.183,active,2026-08-18T10:00:00+05:30
flt_fdc81d66,arl_8ac08b06,CZ-1914,apt_ee6be440,apt_6ddc2fb6,2026-09-03T18:00:00+05:30,2026-09-03T20:37:00+05:30,157,0,A320neo,"economy,business",136.834,active,2026-08-18T10:00:00+05:30
flt_e16bd3e7,arl_2981080f,6E-9330,apt_bdf57d77,apt_c0496aae,2026-11-11T20:20:00+05:30,2026-11-11T21:51:00+05:30,91,0,B787-8,economy,71.273,active,2026-08-18T10:00:00+05:30
flt_3ac0e142,arl_8ac08b06,CZ-6866,apt_bfd02a38,apt_c0496aae,2026-09-24T10:20:00+05:30,2026-09-24T12:53:00+05:30,153,0,A320neo,"economy,business",145.902,active,2026-08-18T10:00:00+05:30
flt_4b78ca92,arl_6317d870,UK-5459,apt_ee6be440,apt_ad38af67,2026-09-05T13:40:00+05:30,2026-09-05T19:04:00+05:30,324,0,B737-800,"economy,business",367.51,active,2026-08-18T10:00:00+05:30
flt_894a9455,arl_841c6e99,AI-9188,apt_bdf57d77,apt_33c2d61a,2026-11-07T06:40:00+05:30,2026-11-07T15:19:00+05:30,519,0,ATR-72,"economy,business",641.212,active,2026-08-18T10:00:00+05:30
flt_379f525a,arl_666b65b1,AC-9915,apt_6be6a548,apt_33c2d61a,2026-10-10T18:20:00+05:30,2026-10-11T03:30:00+05:30,550,0,B737-800,"economy,business",667.485,active,2026-08-18T10:00:00+05:30
flt_690467d2,arl_8ac08b06,CZ-5785,apt_bdf57d77,apt_ceec186e,2026-11-28T19:00:00+05:30,2026-11-29T01:20:00+05:30,380,0,A321,"economy,business",447.654,active,2026-08-18T10:00:00+05:30
flt_6d404d21,arl_c56d378a,TG-5902,apt_bfd02a38,apt_54ebca59,2026-11-02T16:20:00+05:30,2026-11-02T18:54:00+05:30,154,0,B787-8,"economy,business",132.907,active,2026-08-18T10:00:00+05:30
flt_9df30b52,arl_8ac08b06,CZ-1575,apt_c0496aae,apt_30500fc8,2026-10-19T20:40:00+05:30,2026-10-19T22:48:00+05:30,128,0,A320neo,"economy,business",100.53,active,2026-08-18T10:00:00+05:30
flt_7b88b626,arl_c56d378a,TG-1271,apt_2d4c99ed,apt_ceec186e,2026-11-01T07:20:00+05:30,2026-11-01T12:15:00+05:30,295,0,,"economy,business",333.868,active,2026-08-18T10:00:00+05:30
flt_e1f50f42,arl_ef62470d,IX-7998,apt_eb8717c7,apt_05897d58,2026-11-20T15:20:00+05:30,2026-11-20T20:00:00+05:30,280,0,ATR-72,economy,329.247,active,2026-08-18T10:00:00+05:30
flt_eba2cd25,arl_56da328b,GA-5966,apt_33c2d61a,apt_cb1113d2,2026-11-18T14:50:00+05:30,2026-11-18T15:45:00+05:30,55,0,B787-8,"economy,business",2.971,active,2026-08-18T10:00:00+05:30
flt_b8c0ed12,arl_a0bf222e,KE-1643,apt_08ebf678,apt_98416c9d,2026-10-28T12:00:00+05:30,2026-10-28T13:35:00+05:30,95,0,A321,"economy,business",58.859,active,2026-08-18T10:00:00+05:30
flt_38383acf,arl_cbee96ac,GF-1548,apt_08ebf678,apt_2d4c99ed,2026-11-09T12:00:00+05:30,2026-11-09T14:58:00+05:30,178,0,A320neo,"economy,business",181.101,active,2026-08-18T10:00:00+05:30
flt_bbf6919e,arl_56da328b,GA-1217,apt_bdf57d77,apt_ee6be440,2026-11-16T18:40:00+05:30,2026-11-16T20:47:00+05:30,127,0,,"economy,business",126.44,active,2026-08-18T10:00:00+05:30
flt_1e0c7d26,arl_28f00e8b,EK-4194,apt_ee6be440,apt_bfd02a38,2026-09-29T15:00:00+05:30,2026-09-29T18:34:00+05:30,214,0,A321,"economy,business",242.412,active,2026-08-18T10:00:00+05:30
flt_ffe2a501,arl_dbae8242,QR-2315,apt_ee6be440,apt_86c2c516,2026-11-11T10:00:00+05:30,2026-11-11T14:44:00+05:30,284,0,B737-800,"economy,business",320.687,active,2026-08-18T10:00:00+05:30
flt_779db92c,arl_56da328b,GA-7465,apt_c0496aae,apt_e6c1d884,2026-10-30T06:50:00+05:30,2026-10-30T08:28:00+05:30,98,0,B787-8,"economy,business",57.362,active,2026-08-18T10:00:00+05:30
flt_0751240c,arl_68688da8,NZ-5440,apt_757e32fe,apt_33c2d61a,2026-10-16T17:40:00+05:30,2026-10-16T22:57:00+05:30,317,0,ATR-72,"economy,business",341.33,active,2026-08-18T10:00:00+05:30
flt_58ffb244,arl_7f79d7b3,AF-3590,apt_ceec186e,apt_30500fc8,2026-09-27T12:40:00+05:30,2026-09-27T18:08:00+05:30,328,0,ATR-72,"economy,business",366.079,active,2026-08-18T10:00:00+05:30
flt_d6856492,arl_2fae0fe3,KU-5218,apt_9a8714fa,apt_ebff6148,2026-11-02T19:10:00+05:30,2026-11-02T22:39:00+05:30,209,0,B787-8,"economy,business",217.026,active,2026-08-18T10:00:00+05:30
flt_9eb32ba2,arl_1cfc4640,SQ-1788,apt_2d4c99ed,apt_33c2d61a,2026-11-06T16:40:00+05:30,2026-11-06T23:41:00+05:30,421,0,A321,"economy,business",523.511,active,2026-08-18T10:00:00+05:30
flt_e3f431b2,arl_b97400e0,QP-3791,apt_30500fc8,apt_e6c1d884,2026-09-09T09:20:00+05:30,2026-09-09T11:07:00+05:30,107,0,A320neo,economy,65.609,active,2026-08-18T10:00:00+05:30
flt_8714645d,arl_7784367f,KB-5548,apt_33c2d61a,apt_d3a5784e,2026-09-21T06:20:00+05:30,2026-09-21T16:41:00+05:30,621,1,B787-8,"economy,business",668.519,active,2026-08-18T10:00:00+05:30
flt_fe154ae2,arl_a0bf222e,KE-9928,apt_6be6a548,apt_ebff6148,2026-10-17T18:50:00+05:30,2026-10-18T00:50:00+05:30,360,1,B737-800,"economy,business",334.414,active,2026-08-18T10:00:00+05:30
flt_30897405,arl_75d2a12c,QF-4039,apt_05897d58,apt_5377e1f8,2026-10-25T09:40:00+05:30,2026-10-25T10:20:00+05:30,40,0,B737-800,"economy,business",2.323,active,2026-08-18T10:00:00+05:30
flt_3ffc75bb,arl_692cd6f4,JL-6329,apt_cb1113d2,apt_6be6a548,2026-11-21T18:10:00+05:30,2026-11-22T04:46:00+05:30,636,1,A321,"economy,business",664.773,active,2026-08-18T10:00:00+05:30
flt_b0cc61c6,arl_68688da8,NZ-7188,apt_bfd02a38,apt_6be6a548,2026-11-20T13:50:00+05:30,2026-11-20T14:46:00+05:30,56,0,A320neo,"economy,business",3.673,active,2026-08-18T10:00:00+05:30
flt_f18be2fa,arl_a0bf222e,KE-4207,apt_c0496aae,apt_2d4c99ed,2026-10-06T10:40:00+05:30,2026-10-06T13:09:00+05:30,149,0,,"economy,business",135.436,active,2026-08-18T10:00:00+05:30
flt_54b3be3a,arl_7784367f,KB-3818,apt_757e32fe,apt_e6d0e6bf,2026-10-13T11:10:00+05:30,2026-10-13T16:05:00+05:30,295,0,B737-800,"economy,business",331.696,active,2026-08-18T10:00:00+05:30
flt_599cddbd,arl_508d631b,UL-366,apt_9a8714fa,apt_cb1113d2,2026-11-09T16:40:00+05:30,2026-11-10T01:08:00+05:30,508,1,A320neo,"economy,business",524.673,active,2026-08-18T10:00:00+05:30
flt_421d21ec,arl_841c6e99,AI-2432,apt_54ebca59,apt_3810f0b5,2026-11-17T13:00:00+05:30,2026-11-17T15:04:00+05:30,124,0,B787-8,"economy,business",120.062,active,2026-08-18T10:00:00+05:30
flt_182527af,arl_28f00e8b,EK-6956,apt_6be6a548,apt_a7ea97c3,2026-11-17T22:00:00+05:30,2026-11-17T23:55:00+05:30,115,0,B787-8,"economy,business",89.008,active,2026-08-18T10:00:00+05:30
flt_167d144f,arl_8ac08b06,CZ-9178,apt_9dd20d55,apt_ceec186e,2026-10-27T22:50:00+05:30,2026-10-28T08:08:00+05:30,558,0,ATR-72,"economy,business",671.818,active,2026-08-18T10:00:00+05:30
flt_5c1e4675,arl_4939343e,SG-5891,apt_9dd20d55,apt_d3a5784e,2026-09-12T08:30:00+05:30,2026-09-12T12:04:00+05:30,214,0,B737-800,economy,237.944,active,2026-08-18T10:00:00+05:30
flt_e8954692,arl_1cfc4640,SQ-5567,apt_05897d58,apt_2d4c99ed,2026-09-16T10:50:00+05:30,2026-09-16T13:44:00+05:30,174,0,B787-8,"economy,business",179.277,active,2026-08-18T10:00:00+05:30
flt_5527b823,arl_534d3a8a,LH-7253,apt_bdf57d77,apt_98416c9d,2026-11-22T20:10:00+05:30,2026-11-22T21:19:00+05:30,69,0,ATR-72,"economy,business",47.125,active,2026-08-18T10:00:00+05:30
flt_9d9fadb1,arl_a852cdd9,VJ-6860,apt_2d4c99ed,apt_cb1113d2,2026-11-13T13:10:00+05:30,2026-11-13T21:27:00+05:30,497,1,B737-800,economy,520.879,active,2026-08-18T10:00:00+05:30
flt_e74c2329,arl_28f00e8b,EK-5746,apt_e6d0e6bf,apt_98416c9d,2026-11-13T13:00:00+05:30,2026-11-13T14:24:00+05:30,84,0,B787-8,"economy,business",56.52,active,2026-08-18T10:00:00+05:30
flt_415c9e7e,arl_077dea23,MH-6265,apt_30500fc8,apt_ceec186e,2026-10-20T21:20:00+05:30,2026-10-21T02:51:00+05:30,331,0,B787-8,"economy,business",366.079,active,2026-08-18T10:00:00+05:30
flt_9ec67c29,arl_c56d378a,TG-3338,apt_e6d0e6bf,apt_54ebca59,2026-10-18T15:40:00+05:30,2026-10-18T16:50:00+05:30,70,0,B787-8,"economy,business",16.948,active,2026-08-18T10:00:00+05:30
flt_710932dc,arl_2981080f,6E-5403,apt_c1f65e85,apt_bfd02a38,2026-09-03T11:00:00+05:30,2026-09-03T13:48:00+05:30,168,0,A320neo,economy,150.902,active,2026-08-18T10:00:00+05:30
flt_51588dbc,arl_ef62470d,IX-7787,apt_05897d58,apt_9dd20d55,2026-10-03T15:20:00+05:30,2026-10-03T20:06:00+05:30,286,0,A320neo,economy,312.564,active,2026-08-18T10:00:00+05:30
flt_5316bf84,arl_1cfc4640,SQ-9804,apt_d3a5784e,apt_c077a39a,2026-10-21T13:30:00+05:30,2026-10-21T19:37:00+05:30,367,0,,"economy,business",439.308,active,2026-08-18T10:00:00+05:30
flt_f185b57b,arl_75d2a12c,QF-6934,apt_86c2c516,apt_faa26bd2,2026-11-26T06:20:00+05:30,2026-11-26T10:26:00+05:30,246,0,ATR-72,"economy,business",292.398,active,2026-08-18T10:00:00+05:30
flt_d00fefe4,arl_cbee96ac,GF-910,apt_757e32fe,apt_496144db,2026-09-16T19:40:00+05:30,2026-09-17T01:25:00+05:30,345,1,ATR-72,"economy,business",286.531,active,2026-08-18T10:00:00+05:30
flt_1e02e901,arl_4939343e,SG-1673,apt_86c2c516,apt_757e32fe,2026-09-06T07:40:00+05:30,2026-09-06T15:18:00+05:30,458,0,B787-8,economy,560.072,active,2026-08-18T10:00:00+05:30
flt_16a69714,arl_1cfc4640,SQ-8535,apt_05897d58,apt_9a8714fa,2026-10-25T17:40:00+05:30,2026-10-25T19:49:00+05:30,129,0,A321,"economy,business",94.682,active,2026-08-18T10:00:00+05:30
flt_7f032234,arl_a0bf222e,KE-5918,apt_54ebca59,apt_ceec186e,2026-11-13T05:20:00+05:30,2026-11-13T11:46:00+05:30,386,0,A321,"economy,business",450.794,active,2026-08-18T10:00:00+05:30
flt_2b690aae,arl_2981080f,6E-6161,apt_54ebca59,apt_3e80f233,2026-11-05T05:30:00+05:30,2026-11-05T07:47:00+05:30,137,0,A321,economy,103.959,active,2026-08-18T10:00:00+05:30
flt_68ac94a1,arl_508d631b,UL-8565,apt_3e80f233,apt_cb1113d2,2026-10-22T20:50:00+05:30,2026-10-23T07:11:00+05:30,621,1,A321,"economy,business",664.378,active,2026-08-18T10:00:00+05:30
flt_a6d5ee94,arl_cbee96ac,GF-9071,apt_496144db,apt_30500fc8,2026-09-30T14:50:00+05:30,2026-09-30T18:40:00+05:30,230,0,ATR-72,"economy,business",226.401,active,2026-08-18T10:00:00+05:30
flt_67a6f736,arl_8ac08b06,CZ-1032,apt_9a8714fa,apt_bdf57d77,2026-10-26T22:50:00+05:30,2026-10-27T01:12:00+05:30,142,0,B737-800,"economy,business",126.681,active,2026-08-18T10:00:00+05:30
flt_d43b306b,arl_2981080f,6E-1057,apt_54ebca59,apt_5835fac1,2026-09-11T10:10:00+05:30,2026-09-11T11:31:00+05:30,81,0,ATR-72,economy,73.766,active,2026-08-18T10:00:00+05:30
flt_2474b444,arl_68688da8,NZ-8589,apt_ceec186e,apt_faa26bd2,2026-11-17T18:40:00+05:30,2026-11-18T00:55:00+05:30,375,0,A320neo,"economy,business",430.261,active,2026-08-18T10:00:00+05:30
flt_9c4ef5f5,arl_841c6e99,AI-7072,apt_cb1113d2,apt_ceec186e,2026-10-14T06:20:00+05:30,2026-10-14T09:44:00+05:30,204,0,B737-800,"economy,business",191.879,active,2026-08-18T10:00:00+05:30
flt_d68c6e87,arl_4939343e,SG-7434,apt_3e80f233,apt_5835fac1,2026-09-26T06:50:00+05:30,2026-09-26T08:49:00+05:30,119,0,A320neo,economy,123.5,active,2026-08-18T10:00:00+05:30
flt_8f2dc519,arl_077dea23,MH-5039,apt_bfd02a38,apt_08ebf678,2026-11-29T18:40:00+05:30,2026-11-29T21:03:00+05:30,143,0,ATR-72,"economy,business",136.801,active,2026-08-18T10:00:00+05:30
flt_bf9eb4ea,arl_7784367f,KB-8448,apt_ad38af67,apt_faa26bd2,2026-10-16T07:40:00+05:30,2026-10-16T14:52:00+05:30,432,1,A320neo,"economy,business",429.993,active,2026-08-18T10:00:00+05:30
flt_4663aee5,arl_077dea23,MH-9596,apt_2d4c99ed,apt_54ebca59,2026-11-10T20:50:00+05:30,2026-11-10T23:50:00+05:30,180,0,B737-800,"economy,business",192.371,active,2026-08-18T10:00:00+05:30
flt_70dc4e2a,arl_7f79d7b3,AF-6039,apt_d3a5784e,apt_c0496aae,2026-11-18T18:40:00+05:30,2026-11-18T21:09:00+05:30,149,0,ATR-72,"economy,business",127.513,active,2026-08-18T10:00:00+05:30
flt_7c83830d,arl_56da328b,GA-2175,apt_bfd02a38,apt_33c2d61a,2026-10-09T18:30:00+05:30,2026-10-10T03:50:00+05:30,560,0,ATR-72,"economy,business",671.121,active,2026-08-18T10:00:00+05:30
flt_df657d20,arl_154ebf3d,EY-7877,apt_33c2d61a,apt_05897d58,2026-11-22T06:40:00+05:30,2026-11-22T14:11:00+05:30,451,0,A320neo,"economy,business",553.183,active,2026-08-18T10:00:00+05:30
flt_c4d1cd3e,arl_ef62470d,IX-7957,apt_ebff6148,apt_98416c9d,2026-10-22T05:30:00+05:30,2026-10-22T10:51:00+05:30,321,0,B737-800,economy,357.62,active,2026-08-18T10:00:00+05:30
flt_d0f2be94,arl_3a276287,BA-4745,apt_eb8717c7,apt_c077a39a,2026-10-18T09:30:00+05:30,2026-10-18T10:21:00+05:30,51,0,ATR-72,"economy,business",1.013,active,2026-08-18T10:00:00+05:30
flt_1c811b8b,arl_841c6e99,AI-5323,apt_08ebf678,apt_ad38af67,2026-09-25T12:30:00+05:30,2026-09-25T20:05:00+05:30,455,1,A320neo,"economy,business",433.738,active,2026-08-18T10:00:00+05:30
flt_97cd971e,arl_ef62470d,IX-7610,apt_05897d58,apt_5377e1f8,2026-10-14T13:30:00+05:30,2026-10-14T14:12:00+05:30,42,0,A321,economy,2.323,active,2026-08-18T10:00:00+05:30
flt_1a0f3ec6,arl_cbee96ac,GF-5010,apt_ebff6148,apt_ceec186e,2026-09-15T20:50:00+05:30,2026-09-15T23:46:00+05:30,176,0,B737-800,"economy,business",163.248,active,2026-08-18T10:00:00+05:30
flt_1f9dcbda,arl_8ac08b06,CZ-824,apt_9dd20d55,apt_a7ea97c3,2026-10-01T10:10:00+05:30,2026-10-01T13:35:00+05:30,205,0,ATR-72,"economy,business",206.265,active,2026-08-18T10:00:00+05:30
flt_3134f9e2,arl_2981080f,6E-3111,apt_98416c9d,apt_5835fac1,2026-09-13T17:30:00+05:30,2026-09-13T19:38:00+05:30,128,0,A321,economy,99.226,active,2026-08-18T10:00:00+05:30
flt_fd013728,arl_6317d870,UK-9874,apt_86c2c516,apt_ad38af67,2026-11-15T11:00:00+05:30,2026-11-15T19:57:00+05:30,537,0,B737-800,"economy,business",669.473,active,2026-08-18T10:00:00+05:30
flt_b1d192f3,arl_666b65b1,AC-1900,apt_bfd02a38,apt_5377e1f8,2026-09-10T12:10:00+05:30,2026-09-10T15:24:00+05:30,194,0,B787-8,"economy,business",198.907,active,2026-08-18T10:00:00+05:30
flt_ed5a1050,arl_75d2a12c,QF-7570,apt_c1f65e85,apt_bfd02a38,2026-10-08T09:10:00+05:30,2026-10-08T11:36:00+05:30,146,0,A320neo,"economy,business",150.902,active,2026-08-18T10:00:00+05:30
flt_8315261e,arl_b97400e0,QP-9680,apt_c077a39a,apt_5377e1f8,2026-09-18T18:00:00+05:30,2026-09-18T22:38:00+05:30,278,0,,economy,330.394,active,2026-08-18T10:00:00+05:30
flt_85f85d68,arl_841c6e99,AI-6311,apt_d3a5784e,apt_ad38af67,2026-11-03T15:30:00+05:30,2026-11-03T23:12:00+05:30,462,1,ATR-72,"economy,business",474.564,active,2026-08-18T10:00:00+05:30
flt_73d95252,arl_6317d870,UK-1276,apt_08ebf678,apt_496144db,2026-11-13T08:50:00+05:30,2026-11-13T11:06:00+05:30,136,0,A320neo,"economy,business",138.582,active,2026-08-18T10:00:00+05:30
flt_5f712719,arl_7784367f,KB-5829,apt_86c2c516,apt_54ebca59,2026-11-25T05:00:00+05:30,2026-11-25T09:35:00+05:30,275,1,A320neo,"economy,business",218.517,active,2026-08-18T10:00:00+05:30
flt_06afd902,arl_c56d378a,TG-7331,apt_ad38af67,apt_3810f0b5,2026-09-29T12:40:00+05:30,2026-09-29T17:33:00+05:30,293,0,A320neo,"economy,business",334.375,active,2026-08-18T10:00:00+05:30
flt_d846d06e,arl_3a276287,BA-1017,apt_3e80f233,apt_6ddc2fb6,2026-09-10T22:20:00+05:30,2026-09-11T01:02:00+05:30,162,0,ATR-72,"economy,business",144.417,active,2026-08-18T10:00:00+05:30
flt_6d19a305,arl_56da328b,GA-1150,apt_ceec186e,apt_d3a5784e,2026-11-18T21:40:00+05:30,2026-11-19T04:21:00+05:30,401,0,A320neo,"economy,business",474.696,active,2026-08-18T10:00:00+05:30
flt_f9d91260,arl_68688da8,NZ-4262,apt_5377e1f8,apt_2d4c99ed,2026-09-02T18:10:00+05:30,2026-09-02T21:06:00+05:30,176,0,A320neo,"economy,business",178.732,active,2026-08-18T10:00:00+05:30
flt_952afa87,arl_7f79d7b3,AF-932,apt_ee6be440,apt_c077a39a,2026-11-17T22:10:00+05:30,2026-11-18T04:10:00+05:30,360,1,B787-8,"economy,business",334.485,active,2026-08-18T10:00:00+05:30
flt_b7fb7c48,arl_2a88a2c3,UA-3737,apt_5835fac1,apt_eb8717c7,2026-11-13T15:20:00+05:30,2026-11-13T20:17:00+05:30,297,0,A321,"economy,business",343.755,active,2026-08-18T10:00:00+05:30
flt_8210bcf0,arl_ef62470d,IX-1816,apt_2d4c99ed,apt_86c2c516,2026-09-18T07:50:00+05:30,2026-09-18T14:45:00+05:30,415,1,B787-8,economy,384.293,active,2026-08-18T10:00:00+05:30
flt_ed6df6ce,arl_dbae8242,QR-9315,apt_e6d0e6bf,apt_3810f0b5,2026-10-09T19:30:00+05:30,2026-10-09T21:16:00+05:30,106,0,A321,"economy,business",103.942,active,2026-08-18T10:00:00+05:30
flt_5c6ff605,arl_ef62470d,IX-862,apt_3810f0b5,apt_08ebf678,2026-11-29T06:30:00+05:30,2026-11-29T08:22:00+05:30,112,0,ATR-72,economy,102.864,active,2026-08-18T10:00:00+05:30
flt_31c1a7a2,arl_75d2a12c,QF-3133,apt_e6c1d884,apt_6be6a548,2026-11-05T13:30:00+05:30,2026-11-05T16:25:00+05:30,175,0,B787-8,"economy,business",198.822,active,2026-08-18T10:00:00+05:30
flt_add64f01,arl_692cd6f4,JL-6052,apt_eb8717c7,apt_bdf57d77,2026-09-01T20:40:00+05:30,2026-09-02T04:00:00+05:30,440,1,ATR-72,"economy,business",413.121,active,2026-08-18T10:00:00+05:30
flt_d409c590,arl_7f79d7b3,AF-1302,apt_9a8714fa,apt_ad38af67,2026-10-18T09:30:00+05:30,2026-10-18T14:37:00+05:30,307,0,ATR-72,"economy,business",332.817,active,2026-08-18T10:00:00+05:30
flt_92306c1b,arl_154ebf3d,EY-213,apt_cb1113d2,apt_6be6a548,2026-10-28T14:20:00+05:30,2026-10-28T23:15:00+05:30,535,0,A320neo,"economy,business",664.773,active,2026-08-18T10:00:00+05:30
flt_97e00e8b,arl_2fae0fe3,KU-1795,apt_54ebca59,apt_08ebf678,2026-11-28T18:00:00+05:30,2026-11-28T19:08:00+05:30,68,0,,"economy,business",17.362,active,2026-08-18T10:00:00+05:30
flt_f1d67417,arl_2981080f,6E-5593,apt_c077a39a,apt_cb1113d2,2026-11-28T08:20:00+05:30,2026-11-28T12:03:00+05:30,223,0,,economy,227.408,active,2026-08-18T10:00:00+05:30
flt_aee8275e,arl_154ebf3d,EY-4558,apt_d3a5784e,apt_33c2d61a,2026-11-11T10:50:00+05:30,2026-11-11T21:24:00+05:30,634,1,B737-800,"economy,business",668.519,active,2026-08-18T10:00:00+05:30
flt_7e54326f,arl_692cd6f4,JL-8022,apt_cb1113d2,apt_5835fac1,2026-11-29T16:30:00+05:30,2026-11-30T01:42:00+05:30,552,1,A321,"economy,business",569.674,active,2026-08-18T10:00:00+05:30
flt_46ddc076,arl_cbee96ac,GF-9610,apt_e6d0e6bf,apt_5835fac1,2026-09-30T06:50:00+05:30,2026-09-30T08:04:00+05:30,74,0,ATR-72,"economy,business",56.919,active,2026-08-18T10:00:00+05:30
flt_765a8a60,arl_75d2a12c,QF-6953,apt_ceec186e,apt_9a8714fa,2026-09-14T21:40:00+05:30,2026-09-15T02:43:00+05:30,303,0,A321,"economy,business",332.804,active,2026-08-18T10:00:00+05:30
flt_8d0d0a20,arl_7784367f,KB-4291,apt_33c2d61a,apt_3810f0b5,2026-10-20T11:50:00+05:30,2026-10-20T18:59:00+05:30,429,0,,"economy,business",525.95,active,2026-08-18T10:00:00+05:30
flt_734758c2,arl_a852cdd9,VJ-7641,apt_d3a5784e,apt_e6d0e6bf,2026-10-05T10:50:00+05:30,2026-10-05T12:42:00+05:30,112,0,A320neo,economy,109.917,active,2026-08-18T10:00:00+05:30
flt_a788185d,arl_3a276287,BA-4602,apt_e6c1d884,apt_6be6a548,2026-10-15T10:30:00+05:30,2026-10-15T13:31:00+05:30,181,0,A321,"economy,business",198.822,active,2026-08-18T10:00:00+05:30
flt_81688730,arl_c56d378a,TG-2162,apt_a7ea97c3,apt_9dd20d55,2026-09-15T10:20:00+05:30,2026-09-15T13:46:00+05:30,206,0,ATR-72,"economy,business",206.265,active,2026-08-18T10:00:00+05:30
flt_9076e3fb,arl_841c6e99,AI-1441,apt_30500fc8,apt_c077a39a,2026-09-12T15:40:00+05:30,2026-09-12T20:41:00+05:30,301,0,ATR-72,"economy,business",333.616,active,2026-08-18T10:00:00+05:30
flt_0a3008df,arl_841c6e99,AI-5603,apt_30500fc8,apt_2d4c99ed,2026-10-20T21:30:00+05:30,2026-10-21T01:02:00+05:30,212,0,A320neo,"economy,business",220.861,active,2026-08-18T10:00:00+05:30
flt_91e6a007,arl_dbae8242,QR-9620,apt_eb8717c7,apt_bdf57d77,2026-11-15T12:50:00+05:30,2026-11-15T19:53:00+05:30,423,1,A321,"economy,business",413.121,active,2026-08-18T10:00:00+05:30
flt_db63cfb3,arl_28f00e8b,EK-4783,apt_bdf57d77,apt_ceec186e,2026-10-28T22:20:00+05:30,2026-10-29T04:29:00+05:30,369,0,,"economy,business",447.654,active,2026-08-18T10:00:00+05:30
flt_909a0999,arl_2fae0fe3,KU-3894,apt_c077a39a,apt_cb1113d2,2026-09-22T19:20:00+05:30,2026-09-22T23:00:00+05:30,220,0,ATR-72,"economy,business",227.408,active,2026-08-18T10:00:00+05:30
flt_04ce3185,arl_1cfc4640,SQ-4086,apt_33c2d61a,apt_496144db,2026-11-01T11:40:00+05:30,2026-11-01T21:13:00+05:30,573,1,A321,"economy,business",621.142,active,2026-08-18T10:00:00+05:30
flt_5ad9118c,arl_3a276287,BA-7990,apt_bdf57d77,apt_86c2c516,2026-11-25T05:20:00+05:30,2026-11-25T08:58:00+05:30,218,0,A321,"economy,business",221.763,active,2026-08-18T10:00:00+05:30
flt_19fd9e80,arl_56da328b,GA-4486,apt_faa26bd2,apt_5835fac1,2026-11-06T07:40:00+05:30,2026-11-06T09:58:00+05:30,138,0,A321,"economy,business",123.989,active,2026-08-18T10:00:00+05:30
flt_beedf8bc,arl_841c6e99,AI-1417,apt_98416c9d,apt_5835fac1,2026-11-07T16:50:00+05:30,2026-11-07T18:45:00+05:30,115,0,,"economy,business",99.226,active,2026-08-18T10:00:00+05:30
flt_94d5c945,arl_6317d870,UK-8171,apt_faa26bd2,apt_ebff6148,2026-10-29T19:20:00+05:30,2026-10-29T23:54:00+05:30,274,0,B787-8,"economy,business",287.965,active,2026-08-18T10:00:00+05:30
flt_60ec0fc0,arl_a0bf222e,KE-1444,apt_86c2c516,apt_e6d0e6bf,2026-11-24T08:20:00+05:30,2026-11-24T12:14:00+05:30,234,0,A320neo,"economy,business",235.446,active,2026-08-18T10:00:00+05:30
flt_af9b6852,arl_8ac08b06,CZ-4881,apt_5377e1f8,apt_3e80f233,2026-10-04T17:10:00+05:30,2026-10-04T19:51:00+05:30,161,0,ATR-72,"economy,business",174.906,active,2026-08-18T10:00:00+05:30
flt_269ba0d6,arl_1cfc4640,SQ-4663,apt_eb8717c7,apt_ad38af67,2026-10-05T19:30:00+05:30,2026-10-05T20:23:00+05:30,53,0,A320neo,"economy,business",35.116,active,2026-08-18T10:00:00+05:30
flt_eed9c500,arl_508d631b,UL-8867,apt_98416c9d,apt_c077a39a,2026-11-27T20:00:00+05:30,2026-11-28T03:34:00+05:30,454,1,B787-8,"economy,business",439.485,active,2026-08-18T10:00:00+05:30
flt_1c641871,arl_666b65b1,AC-3146,apt_c077a39a,apt_54ebca59,2026-11-04T22:50:00+05:30,2026-11-05T06:12:00+05:30,442,1,A320neo,"economy,business",415.726,active,2026-08-18T10:00:00+05:30
flt_fef1454b,arl_692cd6f4,JL-5088,apt_30500fc8,apt_33c2d61a,2026-09-03T15:30:00+05:30,2026-09-04T00:23:00+05:30,533,1,ATR-72,"economy,business",551.393,active,2026-08-18T10:00:00+05:30
flt_11168c6a,arl_56da328b,GA-8529,apt_9dd20d55,apt_33c2d61a,2026-09-23T17:00:00+05:30,2026-09-24T04:27:00+05:30,687,0,A321,"economy,business",864.664,active,2026-08-18T10:00:00+05:30
flt_ebb1e696,arl_4939343e,SG-2612,apt_cb1113d2,apt_ad38af67,2026-09-21T20:50:00+05:30,2026-09-22T00:03:00+05:30,193,0,,economy,191.855,active,2026-08-18T10:00:00+05:30
flt_52192e09,arl_8ac08b06,CZ-2242,apt_bfd02a38,apt_3810f0b5,2026-10-19T22:10:00+05:30,2026-10-20T01:38:00+05:30,208,0,B787-8,"economy,business",202.686,active,2026-08-18T10:00:00+05:30
flt_d5b51a7b,arl_8ac08b06,CZ-1731,apt_bdf57d77,apt_d3a5784e,2026-11-20T11:50:00+05:30,2026-11-20T13:46:00+05:30,116,0,B787-8,"economy,business",105.995,active,2026-08-18T10:00:00+05:30
flt_999af5dc,arl_8ac08b06,CZ-4547,apt_e6d0e6bf,apt_3e80f233,2026-09-20T13:10:00+05:30,2026-09-20T15:09:00+05:30,119,0,A320neo,"economy,business",105.882,active,2026-08-18T10:00:00+05:30
flt_01dc7eff,arl_7f79d7b3,AF-7526,apt_757e32fe,apt_bfd02a38,2026-10-01T14:30:00+05:30,2026-10-01T20:39:00+05:30,369,1,B787-8,"economy,business",337.984,active,2026-08-18T10:00:00+05:30
flt_7fb799aa,arl_a852cdd9,VJ-4943,apt_c077a39a,apt_496144db,2026-09-09T13:00:00+05:30,2026-09-09T19:53:00+05:30,413,1,,economy,394.488,active,2026-08-18T10:00:00+05:30
flt_67413068,arl_a0bf222e,KE-1640,apt_a7ea97c3,apt_33c2d61a,2026-10-12T12:40:00+05:30,2026-10-12T21:50:00+05:30,550,0,ATR-72,"economy,business",668.794,active,2026-08-18T10:00:00+05:30
flt_179d31ab,arl_3a276287,BA-415,apt_496144db,apt_05897d58,2026-09-23T06:50:00+05:30,2026-09-23T10:07:00+05:30,197,0,A321,"economy,business",183.028,active,2026-08-18T10:00:00+05:30
flt_80121a1b,arl_a852cdd9,VJ-3948,apt_ee6be440,apt_54ebca59,2026-10-16T14:00:00+05:30,2026-10-16T16:10:00+05:30,130,0,A320neo,economy,126.998,active,2026-08-18T10:00:00+05:30
flt_394656ea,arl_28f00e8b,EK-7901,apt_ee6be440,apt_757e32fe,2026-09-05T09:00:00+05:30,2026-09-05T14:44:00+05:30,344,1,A321,"economy,business",309.061,active,2026-08-18T10:00:00+05:30
flt_b9772087,arl_ef62470d,IX-1091,apt_cb1113d2,apt_6ddc2fb6,2026-11-24T06:00:00+05:30,2026-11-24T13:12:00+05:30,432,0,A321,economy,524.41,active,2026-08-18T10:00:00+05:30
flt_8be14974,arl_534d3a8a,LH-4504,apt_faa26bd2,apt_c1f65e85,2026-10-03T05:40:00+05:30,2026-10-03T07:29:00+05:30,109,0,A320neo,"economy,business",100.903,active,2026-08-18T10:00:00+05:30
flt_aa19e153,arl_6317d870,UK-652,apt_05897d58,apt_30500fc8,2026-10-08T11:40:00+05:30,2026-10-08T13:05:00+05:30,85,0,ATR-72,"economy,business",44.016,active,2026-08-18T10:00:00+05:30
flt_4ff5707f,arl_666b65b1,AC-7042,apt_faa26bd2,apt_c1f65e85,2026-09-30T12:20:00+05:30,2026-09-30T14:08:00+05:30,108,0,,"economy,business",100.903,active,2026-08-18T10:00:00+05:30
flt_df0423fd,arl_a852cdd9,VJ-6039,apt_9dd20d55,apt_a7ea97c3,2026-09-30T13:20:00+05:30,2026-09-30T16:25:00+05:30,185,0,A320neo,economy,206.265,active,2026-08-18T10:00:00+05:30
flt_85c26363,arl_a487a152,RA-8643,apt_e6c1d884,apt_e6d0e6bf,2026-09-06T16:50:00+05:30,2026-09-06T18:55:00+05:30,125,0,ATR-72,"economy,business",103.463,active,2026-08-18T10:00:00+05:30
flt_1699210d,arl_a0bf222e,KE-2974,apt_33c2d61a,apt_2d4c99ed,2026-11-09T16:50:00+05:30,2026-11-10T01:21:00+05:30,511,1,A320neo,"economy,business",523.511,active,2026-08-18T10:00:00+05:30
flt_7a6e6a64,arl_7784367f,KB-2459,apt_ebff6148,apt_e6c1d884,2026-09-03T20:50:00+05:30,2026-09-04T00:42:00+05:30,232,0,,"economy,business",251.437,active,2026-08-18T10:00:00+05:30
flt_9ae3279d,arl_508d631b,UL-2799,apt_c0496aae,apt_5377e1f8,2026-11-02T18:40:00+05:30,2026-11-02T19:57:00+05:30,77,0,A321,"economy,business",55.403,active,2026-08-18T10:00:00+05:30
flt_eda8a30d,arl_403656a7,LX-8587,apt_e6c1d884,apt_faa26bd2,2026-09-16T09:00:00+05:30,2026-09-16T11:48:00+05:30,168,0,ATR-72,"economy,business",174.711,active,2026-08-18T10:00:00+05:30
flt_3ce7c2f9,arl_3a276287,BA-1164,apt_3810f0b5,apt_08ebf678,2026-11-15T20:40:00+05:30,2026-11-15T22:35:00+05:30,115,0,B737-800,"economy,business",102.864,active,2026-08-18T10:00:00+05:30
flt_345dccac,arl_841c6e99,AI-1502,apt_c077a39a,apt_eb8717c7,2026-11-20T15:40:00+05:30,2026-11-20T16:33:00+05:30,53,0,A321,"economy,business",1.013,active,2026-08-18T10:00:00+05:30
flt_d52163a6,arl_508d631b,UL-5530,apt_54ebca59,apt_bfd02a38,2026-09-06T15:40:00+05:30,2026-09-06T18:16:00+05:30,156,0,A321,"economy,business",132.907,active,2026-08-18T10:00:00+05:30
flt_b1ddabc1,arl_c56d378a,TG-5529,apt_ee6be440,apt_3e80f233,2026-10-21T10:30:00+05:30,2026-10-21T14:00:00+05:30,210,0,B787-8,"economy,business",216.983,active,2026-08-18T10:00:00+05:30
flt_e356885d,arl_841c6e99,AI-888,apt_cb1113d2,apt_3810f0b5,2026-09-08T19:30:00+05:30,2026-09-09T02:56:00+05:30,446,0,B737-800,"economy,business",523.015,active,2026-08-18T10:00:00+05:30
flt_613e1dc6,arl_cbee96ac,GF-6065,apt_faa26bd2,apt_d3a5784e,2026-09-02T07:40:00+05:30,2026-09-02T08:54:00+05:30,74,0,B787-8,"economy,business",57.929,active,2026-08-18T10:00:00+05:30
flt_be06d5bc,arl_534d3a8a,LH-8652,apt_e6d0e6bf,apt_86c2c516,2026-09-21T21:10:00+05:30,2026-09-22T01:58:00+05:30,288,1,A321,"economy,business",235.446,active,2026-08-18T10:00:00+05:30
flt_a11a9667,arl_c56d378a,TG-4598,apt_496144db,apt_eb8717c7,2026-11-04T07:30:00+05:30,2026-11-04T14:18:00+05:30,408,1,ATR-72,"economy,business",394.726,active,2026-08-18T10:00:00+05:30
flt_69a6f867,arl_7784367f,KB-7932,apt_6be6a548,apt_c077a39a,2026-10-31T20:20:00+05:30,2026-11-01T04:03:00+05:30,463,1,,"economy,business",439.646,active,2026-08-18T10:00:00+05:30
flt_9f228477,arl_dbae8242,QR-5808,apt_9a8714fa,apt_98416c9d,2026-09-21T12:40:00+05:30,2026-09-21T15:26:00+05:30,166,0,ATR-72,"economy,business",143.719,active,2026-08-18T10:00:00+05:30
flt_cda9b041,arl_b97400e0,QP-2472,apt_6be6a548,apt_757e32fe,2026-11-13T19:10:00+05:30,2026-11-14T01:13:00+05:30,363,1,A320neo,economy,334.486,active,2026-08-18T10:00:00+05:30
flt_7e8ac17a,arl_a852cdd9,VJ-9672,apt_496144db,apt_3e80f233,2026-09-14T16:40:00+05:30,2026-09-14T18:08:00+05:30,88,0,B787-8,economy,61.713,active,2026-08-18T10:00:00+05:30
flt_45a3efc4,arl_2981080f,6E-8184,apt_496144db,apt_e6c1d884,2026-10-14T06:40:00+05:30,2026-10-14T09:27:00+05:30,167,0,A321,economy,176.1,active,2026-08-18T10:00:00+05:30
flt_f18f1177,arl_b97400e0,QP-2308,apt_3810f0b5,apt_faa26bd2,2026-09-07T16:30:00+05:30,2026-09-07T19:14:00+05:30,164,0,B787-8,economy,175.469,active,2026-08-18T10:00:00+05:30
flt_69492621,arl_154ebf3d,EY-4114,apt_bfd02a38,apt_3810f0b5,2026-10-27T07:00:00+05:30,2026-10-27T10:23:00+05:30,203,0,,"economy,business",202.686,active,2026-08-18T10:00:00+05:30
flt_cd5b98df,arl_1cfc4640,SQ-6039,apt_54ebca59,apt_6ddc2fb6,2026-11-28T06:10:00+05:30,2026-11-28T08:40:00+05:30,150,0,ATR-72,"economy,business",130.361,active,2026-08-18T10:00:00+05:30
flt_1a134537,arl_1cfc4640,SQ-1928,apt_54ebca59,apt_ceec186e,2026-09-01T16:10:00+05:30,2026-09-02T00:03:00+05:30,473,1,A320neo,"economy,business",450.794,active,2026-08-18T10:00:00+05:30
flt_acb0d90a,arl_8ac08b06,CZ-7501,apt_86c2c516,apt_757e32fe,2026-11-03T14:20:00+05:30,2026-11-03T22:09:00+05:30,469,0,B737-800,"economy,business",560.072,active,2026-08-18T10:00:00+05:30
flt_6bf2d56d,arl_4939343e,SG-7393,apt_c077a39a,apt_54ebca59,2026-09-07T08:20:00+05:30,2026-09-07T14:21:00+05:30,361,0,A321,economy,415.726,active,2026-08-18T10:00:00+05:30
flt_0dbcfaa7,arl_c56d378a,TG-3079,apt_bfd02a38,apt_757e32fe,2026-10-11T10:10:00+05:30,2026-10-11T16:33:00+05:30,383,1,A320neo,"economy,business",337.984,active,2026-08-18T10:00:00+05:30
flt_c5c0ea31,arl_534d3a8a,LH-2507,apt_a7ea97c3,apt_5377e1f8,2026-09-13T07:10:00+05:30,2026-09-13T09:50:00+05:30,160,0,A320neo,"economy,business",137.799,active,2026-08-18T10:00:00+05:30
flt_e07670f6,arl_2fae0fe3,KU-9833,apt_ee6be440,apt_3e80f233,2026-09-27T11:00:00+05:30,2026-09-27T15:26:00+05:30,266,1,ATR-72,"economy,business",216.983,active,2026-08-18T10:00:00+05:30
flt_53e96ab9,arl_ef62470d,IX-792,apt_c1f65e85,apt_eb8717c7,2026-11-24T19:30:00+05:30,2026-11-25T00:07:00+05:30,277,0,B737-800,economy,300.35,active,2026-08-18T10:00:00+05:30
flt_73c99dda,arl_75d2a12c,QF-1785,apt_c0496aae,apt_9dd20d55,2026-09-10T21:00:00+05:30,2026-09-11T02:27:00+05:30,327,1,A321,"economy,business",295.474,active,2026-08-18T10:00:00+05:30
flt_a403af21,arl_28f00e8b,EK-9792,apt_9dd20d55,apt_496144db,2026-10-26T11:00:00+05:30,2026-10-26T15:32:00+05:30,272,0,ATR-72,"economy,business",298.331,active,2026-08-18T10:00:00+05:30
flt_b6870fb8,arl_6317d870,UK-8015,apt_3810f0b5,apt_d3a5784e,2026-10-14T18:40:00+05:30,2026-10-14T21:37:00+05:30,177,0,B787-8,"economy,business",185.283,active,2026-08-18T10:00:00+05:30
flt_4dca18a6,arl_cbee96ac,GF-8260,apt_6be6a548,apt_08ebf678,2026-10-15T07:10:00+05:30,2026-10-15T09:44:00+05:30,154,0,,"economy,business",134.948,active,2026-08-18T10:00:00+05:30
flt_bdd7185b,arl_75d2a12c,QF-9677,apt_ee6be440,apt_d3a5784e,2026-10-01T07:50:00+05:30,2026-10-01T11:32:00+05:30,222,0,A321,"economy,business",220.829,active,2026-08-18T10:00:00+05:30
flt_33e45cee,arl_841c6e99,AI-5425,apt_33c2d61a,apt_c1f65e85,2026-10-22T15:10:00+05:30,2026-10-22T22:15:00+05:30,425,0,ATR-72,"economy,business",523.908,active,2026-08-18T10:00:00+05:30
flt_ab6ba1b4,arl_dbae8242,QR-4556,apt_3e80f233,apt_c077a39a,2026-09-03T05:00:00+05:30,2026-09-03T12:16:00+05:30,436,1,A321,"economy,business",437.774,active,2026-08-18T10:00:00+05:30
flt_a53adcd7,arl_7784367f,KB-6582,apt_54ebca59,apt_ee6be440,2026-10-31T22:00:00+05:30,2026-11-01T00:09:00+05:30,129,0,ATR-72,"economy,business",126.998,active,2026-08-18T10:00:00+05:30
flt_812ef925,arl_1cfc4640,SQ-8072,apt_33c2d61a,apt_496144db,2026-11-05T08:40:00+05:30,2026-11-05T18:39:00+05:30,599,1,ATR-72,"economy,business",621.142,active,2026-08-18T10:00:00+05:30
flt_55c411df,arl_2981080f,6E-8531,apt_08ebf678,apt_bfd02a38,2026-11-09T14:20:00+05:30,2026-11-09T16:32:00+05:30,132,0,A321,economy,136.801,active,2026-08-18T10:00:00+05:30
flt_c0acfaf3,arl_8ac08b06,CZ-4262,apt_bfd02a38,apt_98416c9d,2026-11-09T07:20:00+05:30,2026-11-09T09:05:00+05:30,105,0,,"economy,business",91.09,active,2026-08-18T10:00:00+05:30
flt_1fd5e725,arl_a852cdd9,VJ-2245,apt_2d4c99ed,apt_d3a5784e,2026-11-08T07:40:00+05:30,2026-11-08T10:09:00+05:30,149,0,A321,economy,154.997,active,2026-08-18T10:00:00+05:30
flt_b248e588,arl_508d631b,UL-1021,apt_33c2d61a,apt_86c2c516,2026-09-14T22:00:00+05:30,2026-09-15T09:33:00+05:30,693,0,A321,"economy,business",862.157,active,2026-08-18T10:00:00+05:30
flt_e8752b9b,arl_4939343e,SG-9076,apt_5835fac1,apt_bfd02a38,2026-10-11T12:30:00+05:30,2026-10-11T14:53:00+05:30,143,0,B787-8,economy,145.423,active,2026-08-18T10:00:00+05:30
flt_8caa7383,arl_56da328b,GA-2759,apt_c0496aae,apt_a7ea97c3,2026-09-24T06:10:00+05:30,2026-09-24T08:07:00+05:30,117,0,A321,"economy,business",99.685,active,2026-08-18T10:00:00+05:30
flt_15be24b8,arl_c56d378a,TG-3893,apt_98416c9d,apt_faa26bd2,2026-10-12T15:00:00+05:30,2026-10-12T17:10:00+05:30,130,0,ATR-72,"economy,business",109.69,active,2026-08-18T10:00:00+05:30
flt_fe4ed982,arl_8ac08b06,CZ-7150,apt_ee6be440,apt_a7ea97c3,2026-10-15T05:00:00+05:30,2026-10-15T07:46:00+05:30,166,0,B787-8,"economy,business",173.146,active,2026-08-18T10:00:00+05:30
flt_f88ee945,arl_403656a7,LX-1776,apt_6be6a548,apt_ad38af67,2026-10-04T06:30:00+05:30,2026-10-04T13:02:00+05:30,392,0,A321,"economy,business",474.573,active,2026-08-18T10:00:00+05:30
flt_208828e2,arl_2fae0fe3,KU-5526,apt_08ebf678,apt_05897d58,2026-09-11T15:40:00+05:30,2026-09-11T17:41:00+05:30,121,0,ATR-72,"economy,business",83.05,active,2026-08-18T10:00:00+05:30
flt_7b5bbdb9,arl_077dea23,MH-1804,apt_2d4c99ed,apt_eb8717c7,2026-11-06T08:10:00+05:30,2026-11-06T13:39:00+05:30,329,1,A321,"economy,business",299.793,active,2026-08-18T10:00:00+05:30
flt_c1670129,arl_2981080f,6E-3766,apt_5835fac1,apt_bdf57d77,2026-11-07T10:40:00+05:30,2026-11-07T12:23:00+05:30,103,0,ATR-72,economy,70.248,active,2026-08-18T10:00:00+05:30
flt_4ccdcae8,arl_1cfc4640,SQ-1166,apt_ceec186e,apt_ebff6148,2026-10-25T06:20:00+05:30,2026-10-25T09:19:00+05:30,179,0,B737-800,"economy,business",163.248,active,2026-08-18T10:00:00+05:30
flt_2deda6a1,arl_ef62470d,IX-204,apt_ad38af67,apt_c0496aae,2026-11-18T17:50:00+05:30,2026-11-18T23:02:00+05:30,312,0,A320neo,economy,377.646,active,2026-08-18T10:00:00+05:30
flt_9b011a94,arl_75d2a12c,QF-1067,apt_c077a39a,apt_6be6a548,2026-10-29T09:00:00+05:30,2026-10-29T15:16:00+05:30,376,0,ATR-72,"economy,business",439.646,active,2026-08-18T10:00:00+05:30
flt_bbfb68b0,arl_077dea23,MH-1392,apt_496144db,apt_a7ea97c3,2026-11-25T13:10:00+05:30,2026-11-25T15:24:00+05:30,134,0,A320neo,"economy,business",110.952,active,2026-08-18T10:00:00+05:30
flt_a96e531b,arl_666b65b1,AC-698,apt_ebff6148,apt_08ebf678,2026-09-24T18:40:00+05:30,2026-09-24T23:26:00+05:30,286,0,B737-800,"economy,business",331.502,active,2026-08-18T10:00:00+05:30
flt_34fc08b1,arl_56da328b,GA-7400,apt_496144db,apt_c0496aae,2026-09-20T05:20:00+05:30,2026-09-20T07:41:00+05:30,141,0,A320neo,"economy,business",125.96,active,2026-08-18T10:00:00+05:30
flt_14fcb1a4,arl_7784367f,KB-8218,apt_e6d0e6bf,apt_98416c9d,2026-11-20T05:30:00+05:30,2026-11-20T06:53:00+05:30,83,0,A321,"economy,business",56.52,active,2026-08-18T10:00:00+05:30
flt_89940b27,arl_508d631b,UL-8332,apt_faa26bd2,apt_6ddc2fb6,2026-10-31T16:50:00+05:30,2026-10-31T19:16:00+05:30,146,0,B787-8,"economy,business",117.994,active,2026-08-18T10:00:00+05:30
flt_19856ac9,arl_154ebf3d,EY-4087,apt_cb1113d2,apt_5377e1f8,2026-10-19T08:20:00+05:30,2026-10-19T15:42:00+05:30,442,0,A321,"economy,business",552.225,active,2026-08-18T10:00:00+05:30
flt_61be2491,arl_7784367f,KB-2929,apt_86c2c516,apt_9dd20d55,2026-11-21T19:00:00+05:30,2026-11-21T19:41:00+05:30,41,0,B737-800,"economy,business",3.544,active,2026-08-18T10:00:00+05:30
flt_853e0ee3,arl_508d631b,UL-7030,apt_3810f0b5,apt_33c2d61a,2026-11-05T16:50:00+05:30,2026-11-06T00:17:00+05:30,447,0,B787-8,"economy,business",525.95,active,2026-08-18T10:00:00+05:30
flt_c945fd81,arl_154ebf3d,EY-5269,apt_eb8717c7,apt_05897d58,2026-11-08T22:00:00+05:30,2026-11-09T03:51:00+05:30,351,1,ATR-72,"economy,business",329.247,active,2026-08-18T10:00:00+05:30
flt_1e4e4e31,arl_692cd6f4,JL-9725,apt_33c2d61a,apt_e6c1d884,2026-10-14T05:30:00+05:30,2026-10-14T14:03:00+05:30,513,1,ATR-72,"economy,business",526.282,active,2026-08-18T10:00:00+05:30
flt_bb3dc547,arl_a852cdd9,VJ-1509,apt_ceec186e,apt_9a8714fa,2026-10-22T11:30:00+05:30,2026-10-22T16:11:00+05:30,281,0,ATR-72,economy,332.804,active,2026-08-18T10:00:00+05:30
flt_c4905b7d,arl_56da328b,GA-3478,apt_33c2d61a,apt_bfd02a38,2026-11-11T12:40:00+05:30,2026-11-11T21:52:00+05:30,552,0,B737-800,"economy,business",671.121,active,2026-08-18T10:00:00+05:30
flt_79e691e9,arl_68688da8,NZ-8382,apt_c0496aae,apt_33c2d61a,2026-09-11T12:20:00+05:30,2026-09-11T21:37:00+05:30,557,1,B787-8,"economy,business",571.563,active,2026-08-18T10:00:00+05:30
flt_c90ad6cf,arl_403656a7,LX-9509,apt_6ddc2fb6,apt_86c2c516,2026-11-22T22:40:00+05:30,2026-11-23T05:10:00+05:30,390,1,A320neo,"economy,business",344.114,active,2026-08-18T10:00:00+05:30
flt_44a3e8b8,arl_3a276287,BA-4376,apt_496144db,apt_e6d0e6bf,2026-10-01T11:20:00+05:30,2026-10-01T13:35:00+05:30,135,0,ATR-72,"economy,business",135.88,active,2026-08-18T10:00:00+05:30
flt_eeff0963,arl_cbee96ac,GF-3639,apt_86c2c516,apt_c0496aae,2026-09-07T05:50:00+05:30,2026-09-07T10:23:00+05:30,273,0,A321,"economy,business",292.709,active,2026-08-18T10:00:00+05:30
flt_e03c6bf5,arl_cbee96ac,GF-6682,apt_98416c9d,apt_6be6a548,2026-11-19T21:30:00+05:30,2026-11-19T23:05:00+05:30,95,0,B787-8,"economy,business",90.412,active,2026-08-18T10:00:00+05:30
flt_b97cc17e,arl_a852cdd9,VJ-8498,apt_98416c9d,apt_c0496aae,2026-11-19T19:30:00+05:30,2026-11-19T21:37:00+05:30,127,0,B737-800,economy,100.164,active,2026-08-18T10:00:00+05:30
flt_a3e65016,arl_dbae8242,QR-2790,apt_ceec186e,apt_e6c1d884,2026-11-02T14:20:00+05:30,2026-11-02T20:13:00+05:30,353,1,B737-800,"economy,business",334.288,active,2026-08-18T10:00:00+05:30
flt_bc479b2c,arl_692cd6f4,JL-5733,apt_3810f0b5,apt_98416c9d,2026-09-19T08:20:00+05:30,2026-09-19T10:42:00+05:30,142,0,A320neo,"economy,business",154.982,active,2026-08-18T10:00:00+05:30
flt_3a396be6,arl_a852cdd9,VJ-3149,apt_e6c1d884,apt_c0496aae,2026-09-10T12:50:00+05:30,2026-09-10T14:27:00+05:30,97,0,A320neo,economy,57.362,active,2026-08-18T10:00:00+05:30
flt_7a557cbc,arl_2981080f,6E-7463,apt_5835fac1,apt_c077a39a,2026-09-10T08:20:00+05:30,2026-09-10T13:34:00+05:30,314,0,A320neo,economy,343.213,active,2026-08-18T10:00:00+05:30
flt_784294d8,arl_403656a7,LX-9050,apt_faa26bd2,apt_eb8717c7,2026-10-06T06:00:00+05:30,2026-10-06T12:46:00+05:30,406,1,ATR-72,"economy,business",395.56,active,2026-08-18T10:00:00+05:30
flt_146b4626,arl_6317d870,UK-9067,apt_9a8714fa,apt_cb1113d2,2026-09-28T17:20:00+05:30,2026-09-29T00:21:00+05:30,421,0,B787-8,"economy,business",524.673,active,2026-08-18T10:00:00+05:30
flt_93336fab,arl_cbee96ac,GF-1097,apt_33c2d61a,apt_496144db,2026-10-26T05:00:00+05:30,2026-10-26T13:16:00+05:30,496,0,B737-800,"economy,business",621.142,active,2026-08-18T10:00:00+05:30
flt_9e18ffe9,arl_3a276287,BA-1732,apt_3810f0b5,apt_757e32fe,2026-10-27T19:00:00+05:30,2026-10-28T00:16:00+05:30,316,1,ATR-72,"economy,business",252.654,active,2026-08-18T10:00:00+05:30
flt_ef1ee360,arl_c56d378a,TG-4684,apt_bfd02a38,apt_30500fc8,2026-11-13T06:30:00+05:30,2026-11-13T10:19:00+05:30,229,0,B787-8,"economy,business",241.367,active,2026-08-18T10:00:00+05:30
flt_c88ccec0,arl_a487a152,RA-9520,apt_ad38af67,apt_bdf57d77,2026-11-24T18:20:00+05:30,2026-11-25T01:57:00+05:30,457,1,,"economy,business",447.891,active,2026-08-18T10:00:00+05:30
flt_b846a089,arl_a852cdd9,VJ-2960,apt_bfd02a38,apt_e6c1d884,2026-10-24T18:50:00+05:30,2026-10-24T21:59:00+05:30,189,0,B787-8,economy,201.951,active,2026-08-18T10:00:00+05:30
flt_457895d5,arl_3a276287,BA-239,apt_faa26bd2,apt_496144db,2026-11-24T13:00:00+05:30,2026-11-24T13:55:00+05:30,55,0,ATR-72,"economy,business",2.82,active,2026-08-18T10:00:00+05:30
flt_b60d9160,arl_28f00e8b,EK-6107,apt_c0496aae,apt_30500fc8,2026-09-16T18:50:00+05:30,2026-09-16T20:32:00+05:30,102,0,A320neo,"economy,business",100.53,active,2026-08-18T10:00:00+05:30
flt_2aef9496,arl_1cfc4640,SQ-2833,apt_5835fac1,apt_c077a39a,2026-09-08T14:30:00+05:30,2026-09-08T19:24:00+05:30,294,0,B737-800,"economy,business",343.213,active,2026-08-18T10:00:00+05:30
flt_822dcc4c,arl_56da328b,GA-3407,apt_30500fc8,apt_9dd20d55,2026-11-23T18:20:00+05:30,2026-11-24T00:32:00+05:30,372,1,A321,"economy,business",322.793,active,2026-08-18T10:00:00+05:30
flt_ae2459f1,arl_666b65b1,AC-4054,apt_c077a39a,apt_3810f0b5,2026-09-28T14:50:00+05:30,2026-09-28T20:34:00+05:30,344,1,B787-8,"economy,business",299.533,active,2026-08-18T10:00:00+05:30
flt_addf722b,arl_56da328b,GA-3937,apt_08ebf678,apt_ebff6148,2026-10-02T19:30:00+05:30,2026-10-03T01:23:00+05:30,353,1,ATR-72,"economy,business",331.502,active,2026-08-18T10:00:00+05:30
flt_6adba940,arl_c56d378a,TG-3580,apt_3810f0b5,apt_757e32fe,2026-11-19T17:00:00+05:30,2026-11-19T20:59:00+05:30,239,0,A321,"economy,business",252.654,active,2026-08-18T10:00:00+05:30
flt_2b0d69f0,arl_7784367f,KB-5300,apt_ee6be440,apt_9dd20d55,2026-11-09T09:10:00+05:30,2026-11-09T14:10:00+05:30,300,0,A320neo,"economy,business",322.586,active,2026-08-18T10:00:00+05:30
flt_b12a885a,arl_28f00e8b,EK-6009,apt_faa26bd2,apt_ad38af67,2026-09-18T14:20:00+05:30,2026-09-18T20:36:00+05:30,376,0,B787-8,"economy,business",429.993,active,2026-08-18T10:00:00+05:30
flt_139b83bf,arl_a852cdd9,VJ-9935,apt_c1f65e85,apt_e6d0e6bf,2026-11-23T08:00:00+05:30,2026-11-23T10:43:00+05:30,163,0,B787-8,economy,180.169,active,2026-08-18T10:00:00+05:30
flt_36858b4a,arl_8ac08b06,CZ-2907,apt_05897d58,apt_757e32fe,2026-11-27T20:20:00+05:30,2026-11-28T01:47:00+05:30,327,1,B737-800,"economy,business",284.668,active,2026-08-18T10:00:00+05:30
flt_b38eede0,arl_56da328b,GA-2693,apt_bdf57d77,apt_757e32fe,2026-09-05T12:10:00+05:30,2026-09-05T18:15:00+05:30,365,1,A321,"economy,business",344.287,active,2026-08-18T10:00:00+05:30
flt_c453b408,arl_a487a152,RA-9399,apt_9a8714fa,apt_cb1113d2,2026-10-31T06:20:00+05:30,2026-10-31T13:38:00+05:30,438,0,A320neo,"economy,business",524.673,active,2026-08-18T10:00:00+05:30
flt_f416afb4,arl_a487a152,RA-867,apt_5377e1f8,apt_86c2c516,2026-09-15T16:20:00+05:30,2026-09-15T22:03:00+05:30,343,1,B787-8,"economy,business",308.148,active,2026-08-18T10:00:00+05:30
flt_f7d63544,arl_841c6e99,AI-2847,apt_3810f0b5,apt_e6d0e6bf,2026-11-19T14:00:00+05:30,2026-11-19T15:53:00+05:30,113,0,A320neo,"economy,business",103.942,active,2026-08-18T10:00:00+05:30
flt_8762958a,arl_cbee96ac,GF-1856,apt_54ebca59,apt_86c2c516,2026-09-27T05:30:00+05:30,2026-09-27T10:28:00+05:30,298,1,A320neo,"economy,business",218.517,active,2026-08-18T10:00:00+05:30
flt_21c92dd0,arl_c56d378a,TG-4063,apt_ebff6148,apt_e6d0e6bf,2026-09-24T10:50:00+05:30,2026-09-24T15:59:00+05:30,309,0,B787-8,"economy,business",330.93,active,2026-08-18T10:00:00+05:30
flt_ab4e6b09,arl_b97400e0,QP-9567,apt_d3a5784e,apt_3e80f233,2026-09-11T07:20:00+05:30,2026-09-11T07:58:00+05:30,38,0,ATR-72,economy,4.053,active,2026-08-18T10:00:00+05:30
flt_057e31ed,arl_3a276287,BA-7420,apt_eb8717c7,apt_5835fac1,2026-11-15T16:50:00+05:30,2026-11-15T22:58:00+05:30,368,1,,"economy,business",343.755,active,2026-08-18T10:00:00+05:30
flt_7881f88d,arl_403656a7,LX-196,apt_33c2d61a,apt_98416c9d,2026-11-05T08:20:00+05:30,2026-11-05T17:25:00+05:30,545,0,B787-8,"economy,business",669.562,active,2026-08-18T10:00:00+05:30
flt_afcf541e,arl_2fae0fe3,KU-6433,apt_ad38af67,apt_bfd02a38,2026-10-03T09:30:00+05:30,2026-10-03T17:42:00+05:30,492,1,B787-8,"economy,business",478.231,active,2026-08-18T10:00:00+05:30
flt_4836f48e,arl_2a88a2c3,UA-2902,apt_2d4c99ed,apt_757e32fe,2026-09-29T13:10:00+05:30,2026-09-29T16:11:00+05:30,181,0,A321,"economy,business",187.061,active,2026-08-18T10:00:00+05:30
flt_5d5c3e09,arl_28f00e8b,EK-7593,apt_ceec186e,apt_c077a39a,2026-11-17T18:00:00+05:30,2026-11-17T19:23:00+05:30,83,0,B737-800,"economy,business",35.534,active,2026-08-18T10:00:00+05:30
flt_2d5c8883,arl_2a88a2c3,UA-2644,apt_bfd02a38,apt_cb1113d2,2026-11-26T14:00:00+05:30,2026-11-26T23:03:00+05:30,543,0,ATR-72,"economy,business",668.41,active,2026-08-18T10:00:00+05:30
flt_38f245ce,arl_534d3a8a,LH-2223,apt_98416c9d,apt_05897d58,2026-09-07T20:30:00+05:30,2026-09-07T22:48:00+05:30,138,0,ATR-72,"economy,business",140.054,active,2026-08-18T10:00:00+05:30
flt_b5ed3622,arl_68688da8,NZ-5604,apt_757e32fe,apt_c0496aae,2026-09-09T11:50:00+05:30,2026-09-09T16:16:00+05:30,266,0,B737-800,"economy,business",274.46,active,2026-08-18T10:00:00+05:30
flt_36c0821a,arl_7784367f,KB-7913,apt_e6d0e6bf,apt_ad38af67,2026-10-02T14:00:00+05:30,2026-10-02T20:06:00+05:30,366,0,A321,"economy,business",434.153,active,2026-08-18T10:00:00+05:30
flt_3ad4f110,arl_8ac08b06,CZ-3838,apt_d3a5784e,apt_bdf57d77,2026-11-24T09:50:00+05:30,2026-11-24T11:49:00+05:30,119,0,B787-8,"economy,business",105.995,active,2026-08-18T10:00:00+05:30
flt_5b1df004,arl_c56d378a,TG-911,apt_c0496aae,apt_cb1113d2,2026-10-21T10:10:00+05:30,2026-10-21T19:26:00+05:30,556,1,B737-800,"economy,business",568.668,active,2026-08-18T10:00:00+05:30
flt_ad8b1289,arl_dbae8242,QR-7745,apt_bdf57d77,apt_05897d58,2026-10-12T13:00:00+05:30,2026-10-12T15:04:00+05:30,124,0,A320neo,"economy,business",97.369,active,2026-08-18T10:00:00+05:30
flt_3f724d6e,arl_508d631b,UL-5911,apt_05897d58,apt_faa26bd2,2026-09-06T08:20:00+05:30,2026-09-06T11:32:00+05:30,192,0,A320neo,"economy,business",181.228,active,2026-08-18T10:00:00+05:30
flt_a9115d19,arl_077dea23,MH-9660,apt_9a8714fa,apt_cb1113d2,2026-09-26T09:40:00+05:30,2026-09-26T16:43:00+05:30,423,0,ATR-72,"economy,business",524.673,active,2026-08-18T10:00:00+05:30
flt_0012d99d,arl_6317d870,UK-4882,apt_cb1113d2,apt_05897d58,2026-09-24T16:10:00+05:30,2026-09-25T01:11:00+05:30,541,1,B787-8,"economy,business",550.233,active,2026-08-18T10:00:00+05:30
flt_3bf95184,arl_841c6e99,AI-8385,apt_05897d58,apt_c077a39a,2026-11-22T06:00:00+05:30,2026-11-22T11:50:00+05:30,350,1,A320neo,"economy,business",328.567,active,2026-08-18T10:00:00+05:30
flt_4c10c866,arl_a0bf222e,KE-9077,apt_757e32fe,apt_a7ea97c3,2026-11-10T18:20:00+05:30,2026-11-11T00:42:00+05:30,382,1,A320neo,"economy,business",356.999,active,2026-08-18T10:00:00+05:30
flt_a50f2fda,arl_6317d870,UK-9699,apt_cb1113d2,apt_9a8714fa,2026-10-09T18:20:00+05:30,2026-10-10T01:27:00+05:30,427,0,A320neo,"economy,business",524.673,active,2026-08-18T10:00:00+05:30
flt_f57cae28,arl_56da328b,GA-7646,apt_08ebf678,apt_c077a39a,2026-10-01T17:50:00+05:30,2026-10-01T23:43:00+05:30,353,0,B737-800,"economy,business",398.44,active,2026-08-18T10:00:00+05:30
flt_633da58b,arl_7784367f,KB-146,apt_e6c1d884,apt_c1f65e85,2026-10-11T13:40:00+05:30,2026-10-11T16:22:00+05:30,162,0,B787-8,"economy,business",157.438,active,2026-08-18T10:00:00+05:30
flt_fe4c3f6f,arl_666b65b1,AC-4739,apt_c077a39a,apt_3810f0b5,2026-10-04T07:30:00+05:30,2026-10-04T11:53:00+05:30,263,0,ATR-72,"economy,business",299.533,active,2026-08-18T10:00:00+05:30
flt_f74a6293,arl_666b65b1,AC-4975,apt_c077a39a,apt_30500fc8,2026-11-04T16:40:00+05:30,2026-11-04T23:04:00+05:30,384,1,ATR-72,"economy,business",333.616,active,2026-08-18T10:00:00+05:30
flt_7bef929e,arl_841c6e99,AI-5545,apt_30500fc8,apt_c0496aae,2026-11-08T13:40:00+05:30,2026-11-08T15:46:00+05:30,126,0,B787-8,"economy,business",100.53,active,2026-08-18T10:00:00+05:30
flt_684f85bf,arl_077dea23,MH-1957,apt_496144db,apt_86c2c516,2026-09-08T15:30:00+05:30,2026-09-08T20:08:00+05:30,278,0,ATR-72,"economy,business",294.885,active,2026-08-18T10:00:00+05:30
flt_a6140203,arl_7f79d7b3,AF-8564,apt_86c2c516,apt_3810f0b5,2026-10-31T20:40:00+05:30,2026-11-01T02:51:00+05:30,371,1,ATR-72,"economy,business",336.296,active,2026-08-18T10:00:00+05:30
flt_f9e49e12,arl_7784367f,KB-4640,apt_e6c1d884,apt_c0496aae,2026-10-26T08:10:00+05:30,2026-10-26T09:49:00+05:30,99,0,A320neo,"economy,business",57.362,active,2026-08-18T10:00:00+05:30
flt_dd7d1e92,arl_a0bf222e,KE-1384,apt_d3a5784e,apt_c1f65e85,2026-11-17T14:30:00+05:30,2026-11-17T17:04:00+05:30,154,0,A320neo,"economy,business",155.093,active,2026-08-18T10:00:00+05:30
flt_9858e12a,arl_75d2a12c,QF-6160,apt_3810f0b5,apt_6ddc2fb6,2026-11-05T12:50:00+05:30,2026-11-05T14:15:00+05:30,85,0,B737-800,"economy,business",71.984,active,2026-08-18T10:00:00+05:30
flt_9be53f5d,arl_8ac08b06,CZ-3805,apt_05897d58,apt_ad38af67,2026-10-19T16:40:00+05:30,2026-10-19T23:02:00+05:30,382,1,B787-8,"economy,business",363.066,active,2026-08-18T10:00:00+05:30
flt_3bd145f6,arl_2fae0fe3,KU-2097,apt_bfd02a38,apt_d3a5784e,2026-11-25T18:10:00+05:30,2026-11-25T19:25:00+05:30,75,0,B737-800,"economy,business",25.288,active,2026-08-18T10:00:00+05:30
flt_7b57fbd9,arl_508d631b,UL-3518,apt_ceec186e,apt_98416c9d,2026-11-10T10:00:00+05:30,2026-11-10T17:44:00+05:30,464,1,ATR-72,"economy,business",474.947,active,2026-08-18T10:00:00+05:30
flt_e22fef7f,arl_7f79d7b3,AF-8774,apt_05897d58,apt_3810f0b5,2026-09-26T12:40:00+05:30,2026-09-26T13:41:00+05:30,61,0,B787-8,"economy,business",32.022,active,2026-08-18T10:00:00+05:30
flt_f4c65914,arl_666b65b1,AC-3738,apt_c1f65e85,apt_ee6be440,2026-11-16T21:00:00+05:30,2026-11-17T00:24:00+05:30,204,0,A320neo,"economy,business",223.54,active,2026-08-18T10:00:00+05:30
flt_798976d1,arl_3a276287,BA-1126,apt_eb8717c7,apt_ebff6148,2026-11-25T14:50:00+05:30,2026-11-25T17:11:00+05:30,141,0,B787-8,"economy,business",134.943,active,2026-08-18T10:00:00+05:30
flt_9334cd20,arl_75d2a12c,QF-5618,apt_ceec186e,apt_2d4c99ed,2026-10-04T14:10:00+05:30,2026-10-04T20:08:00+05:30,358,1,,"economy,business",333.868,active,2026-08-18T10:00:00+05:30
flt_e2409b0f,arl_dbae8242,QR-5286,apt_d3a5784e,apt_5377e1f8,2026-10-10T10:30:00+05:30,2026-10-10T13:37:00+05:30,187,0,A321,"economy,business",178.597,active,2026-08-18T10:00:00+05:30
flt_24cfe015,arl_a852cdd9,VJ-942,apt_a7ea97c3,apt_5377e1f8,2026-09-30T19:20:00+05:30,2026-09-30T21:30:00+05:30,130,0,B787-8,economy,137.799,active,2026-08-18T10:00:00+05:30
flt_aa130c9e,arl_3a276287,BA-3584,apt_86c2c516,apt_ebff6148,2026-10-29T21:20:00+05:30,2026-10-30T05:09:00+05:30,469,0,,"economy,business",559.533,active,2026-08-18T10:00:00+05:30
flt_06c62dac,arl_2981080f,6E-9615,apt_9dd20d55,apt_05897d58,2026-11-21T08:10:00+05:30,2026-11-21T13:59:00+05:30,349,1,B787-8,economy,312.564,active,2026-08-18T10:00:00+05:30
flt_7921a94c,arl_c56d378a,TG-1836,apt_bdf57d77,apt_9dd20d55,2026-10-22T22:50:00+05:30,2026-10-23T02:33:00+05:30,223,0,A320neo,"economy,business",224.47,active,2026-08-18T10:00:00+05:30
flt_42c6603e,arl_6317d870,UK-9975,apt_3e80f233,apt_9a8714fa,2026-10-26T17:20:00+05:30,2026-10-26T19:52:00+05:30,152,0,B787-8,"economy,business",143.95,active,2026-08-18T10:00:00+05:30
flt_642e27c1,arl_7f79d7b3,AF-5270,apt_86c2c516,apt_33c2d61a,2026-09-18T13:00:00+05:30,2026-09-19T01:52:00+05:30,772,1,ATR-72,"economy,business",862.157,active,2026-08-18T10:00:00+05:30
flt_750d479a,arl_077dea23,MH-9361,apt_eb8717c7,apt_6ddc2fb6,2026-10-29T17:50:00+05:30,2026-10-29T22:11:00+05:30,261,0,B737-800,"economy,business",297.44,active,2026-08-18T10:00:00+05:30
flt_b539795b,arl_b97400e0,QP-6346,apt_2d4c99ed,apt_6be6a548,2026-09-04T18:10:00+05:30,2026-09-04T20:31:00+05:30,141,0,B787-8,economy,147.544,active,2026-08-18T10:00:00+05:30
flt_80cf6b4c,arl_508d631b,UL-6614,apt_2d4c99ed,apt_e6d0e6bf,2026-11-25T22:00:00+05:30,2026-11-26T01:12:00+05:30,192,0,B737-800,"economy,business",179.341,active,2026-08-18T10:00:00+05:30
flt_06ca07b2,arl_c56d378a,TG-7199,apt_ebff6148,apt_6ddc2fb6,2026-09-20T10:40:00+05:30,2026-09-20T15:28:00+05:30,288,1,A321,"economy,business",217.125,active,2026-08-18T10:00:00+05:30
flt_da9977d9,arl_ef62470d,IX-9720,apt_bfd02a38,apt_eb8717c7,2026-09-07T11:20:00+05:30,2026-09-07T17:33:00+05:30,373,0,A321,economy,443.589,active,2026-08-18T10:00:00+05:30
flt_3ce8b063,arl_3a276287,BA-7201,apt_08ebf678,apt_bdf57d77,2026-09-05T18:40:00+05:30,2026-09-05T19:17:00+05:30,37,0,A321,"economy,business",14.668,active,2026-08-18T10:00:00+05:30
flt_2169ff3f,arl_56da328b,GA-3531,apt_33c2d61a,apt_c1f65e85,2026-10-17T18:20:00+05:30,2026-10-18T01:32:00+05:30,432,0,,"economy,business",523.908,active,2026-08-18T10:00:00+05:30
flt_f236ceed,arl_666b65b1,AC-6712,apt_c077a39a,apt_ad38af67,2026-09-21T06:10:00+05:30,2026-09-21T07:24:00+05:30,74,0,ATR-72,"economy,business",35.569,active,2026-08-18T10:00:00+05:30
flt_93e75e9d,arl_4939343e,SG-8776,apt_9dd20d55,apt_ceec186e,2026-11-20T14:30:00+05:30,2026-11-20T23:42:00+05:30,552,0,ATR-72,economy,671.818,active,2026-08-18T10:00:00+05:30
flt_4b37819b,arl_56da328b,GA-9988,apt_e6d0e6bf,apt_bdf57d77,2026-10-02T16:30:00+05:30,2026-10-02T17:06:00+05:30,36,0,A320neo,"economy,business",13.775,active,2026-08-18T10:00:00+05:30
flt_d9ab8f57,arl_2981080f,6E-8359,apt_757e32fe,apt_faa26bd2,2026-10-02T10:20:00+05:30,2026-10-02T15:53:00+05:30,333,1,A321,economy,288.019,active,2026-08-18T10:00:00+05:30
flt_6e5151bf,arl_692cd6f4,JL-7648,apt_30500fc8,apt_6be6a548,2026-09-26T08:10:00+05:30,2026-09-26T11:45:00+05:30,215,0,B787-8,"economy,business",238.791,active,2026-08-18T10:00:00+05:30
flt_0f8a80c6,arl_75d2a12c,QF-7169,apt_5377e1f8,apt_ebff6148,2026-11-03T20:40:00+05:30,2026-11-04T00:41:00+05:30,241,0,B737-800,"economy,business",284.614,active,2026-08-18T10:00:00+05:30
flt_6fd16bde,arl_508d631b,UL-2987,apt_2d4c99ed,apt_ad38af67,2026-10-06T07:30:00+05:30,2026-10-06T12:16:00+05:30,286,0,A321,"economy,business",333.475,active,2026-08-18T10:00:00+05:30
flt_2b157f4c,arl_a0bf222e,KE-6545,apt_05897d58,apt_bfd02a38,2026-11-24T09:30:00+05:30,2026-11-24T12:35:00+05:30,185,0,A321,"economy,business",200.932,active,2026-08-18T10:00:00+05:30
flt_49abe790,arl_2981080f,6E-9235,apt_eb8717c7,apt_3e80f233,2026-09-02T07:10:00+05:30,2026-09-02T14:43:00+05:30,453,1,B787-8,economy,438.121,active,2026-08-18T10:00:00+05:30
flt_3b308270,arl_b97400e0,QP-7294,apt_9a8714fa,apt_5377e1f8,2026-11-13T17:50:00+05:30,2026-11-13T19:52:00+05:30,122,0,A320neo,economy,94.249,active,2026-08-18T10:00:00+05:30
flt_071f95e2,arl_6317d870,UK-6323,apt_ee6be440,apt_ceec186e,2026-10-16T14:20:00+05:30,2026-10-16T19:51:00+05:30,331,0,B737-800,"economy,business",366.895,active,2026-08-18T10:00:00+05:30
flt_ff238128,arl_7784367f,KB-190,apt_bfd02a38,apt_86c2c516,2026-10-27T13:50:00+05:30,2026-10-27T19:08:00+05:30,318,1,B787-8,"economy,business",248.999,active,2026-08-18T10:00:00+05:30
flt_ae1573c4,arl_a0bf222e,KE-8108,apt_3e80f233,apt_54ebca59,2026-09-18T19:00:00+05:30,2026-09-18T20:53:00+05:30,113,0,B787-8,"economy,business",103.959,active,2026-08-18T10:00:00+05:30
flt_a707566f,arl_a0bf222e,KE-1626,apt_757e32fe,apt_ad38af67,2026-11-23T15:30:00+05:30,2026-11-23T18:31:00+05:30,181,0,B737-800,"economy,business",163.367,active,2026-08-18T10:00:00+05:30
flt_991d12ba,arl_ef62470d,IX-274,apt_08ebf678,apt_98416c9d,2026-09-18T20:50:00+05:30,2026-09-18T22:14:00+05:30,84,0,A321,economy,58.859,active,2026-08-18T10:00:00+05:30
flt_c1fb23b9,arl_666b65b1,AC-1070,apt_757e32fe,apt_e6d0e6bf,2026-10-04T22:00:00+05:30,2026-10-05T02:44:00+05:30,284,0,B737-800,"economy,business",331.696,active,2026-08-18T10:00:00+05:30
flt_3f350b59,arl_8ac08b06,CZ-7937,apt_c0496aae,apt_54ebca59,2026-09-13T18:30:00+05:30,2026-09-13T19:51:00+05:30,81,0,A320neo,"economy,business",74.79,active,2026-08-18T10:00:00+05:30
flt_6733fd67,arl_b97400e0,QP-7340,apt_6ddc2fb6,apt_ceec186e,2026-10-09T10:20:00+05:30,2026-10-09T15:02:00+05:30,282,0,B787-8,economy,332.538,active,2026-08-18T10:00:00+05:30
flt_5edb0291,arl_841c6e99,AI-2175,apt_5835fac1,apt_6be6a548,2026-09-02T17:40:00+05:30,2026-09-02T20:22:00+05:30,162,0,ATR-72,"economy,business",142.46,active,2026-08-18T10:00:00+05:30
flt_665015a0,arl_ef62470d,IX-3417,apt_6ddc2fb6,apt_05897d58,2026-09-01T19:50:00+05:30,2026-09-01T21:30:00+05:30,100,0,B787-8,economy,93.956,active,2026-08-18T10:00:00+05:30
flt_5d4daf12,arl_dbae8242,QR-713,apt_5377e1f8,apt_bdf57d77,2026-09-03T20:10:00+05:30,2026-09-03T21:50:00+05:30,100,0,B737-800,"economy,business",95.052,active,2026-08-18T10:00:00+05:30
flt_d95e6aab,arl_56da328b,GA-7701,apt_3e80f233,apt_c0496aae,2026-11-22T16:20:00+05:30,2026-11-22T18:19:00+05:30,119,0,B737-800,"economy,business",124.106,active,2026-08-18T10:00:00+05:30
flt_aa3ee150,arl_b97400e0,QP-2670,apt_ebff6148,apt_3810f0b5,2026-10-13T06:20:00+05:30,2026-10-13T10:09:00+05:30,229,0,A320neo,economy,251.537,active,2026-08-18T10:00:00+05:30
flt_731768d8,arl_154ebf3d,EY-568,apt_cb1113d2,apt_faa26bd2,2026-11-09T16:00:00+05:30,2026-11-10T01:44:00+05:30,584,1,B787-8,"economy,business",619.512,active,2026-08-18T10:00:00+05:30
flt_9944e984,arl_75d2a12c,QF-4954,apt_c077a39a,apt_9a8714fa,2026-10-21T07:00:00+05:30,2026-10-21T11:21:00+05:30,261,0,A321,"economy,business",297.271,active,2026-08-18T10:00:00+05:30
flt_af801df4,arl_2fae0fe3,KU-4761,apt_bfd02a38,apt_6be6a548,2026-10-29T22:00:00+05:30,2026-10-29T22:55:00+05:30,55,0,ATR-72,"economy,business",3.673,active,2026-08-18T10:00:00+05:30
flt_f3c147d1,arl_154ebf3d,EY-8280,apt_ebff6148,apt_ceec186e,2026-09-05T16:40:00+05:30,2026-09-05T19:36:00+05:30,176,0,A320neo,"economy,business",163.248,active,2026-08-18T10:00:00+05:30
flt_5ad6c71f,arl_ef62470d,IX-6939,apt_c077a39a,apt_496144db,2026-10-15T14:40:00+05:30,2026-10-15T21:23:00+05:30,403,1,,economy,394.488,active,2026-08-18T10:00:00+05:30
flt_74b360f8,arl_28f00e8b,EK-9122,apt_33c2d61a,apt_ceec186e,2026-10-19T14:50:00+05:30,2026-10-19T18:07:00+05:30,197,0,B737-800,"economy,business",194.722,active,2026-08-18T10:00:00+05:30
flt_481730c1,arl_2fae0fe3,KU-6907,apt_2d4c99ed,apt_6ddc2fb6,2026-10-29T18:50:00+05:30,2026-10-29T20:42:00+05:30,112,0,ATR-72,"economy,business",85.547,active,2026-08-18T10:00:00+05:30
flt_2a77db9f,arl_56da328b,GA-3287,apt_54ebca59,apt_bdf57d77,2026-09-17T09:00:00+05:30,2026-09-17T09:39:00+05:30,39,0,,"economy,business",3.999,active,2026-08-18T10:00:00+05:30
flt_81608c91,arl_666b65b1,AC-1428,apt_08ebf678,apt_c077a39a,2026-09-28T18:10:00+05:30,2026-09-29T01:18:00+05:30,428,1,A320neo,"economy,business",398.44,active,2026-08-18T10:00:00+05:30
flt_40583a44,arl_cbee96ac,GF-7470,apt_e6c1d884,apt_6be6a548,2026-11-19T10:00:00+05:30,2026-11-19T13:01:00+05:30,181,0,A321,"economy,business",198.822,active,2026-08-18T10:00:00+05:30
flt_a7bde0a1,arl_ef62470d,IX-4543,apt_3e80f233,apt_faa26bd2,2026-09-10T21:40:00+05:30,2026-09-10T23:20:00+05:30,100,0,A320neo,economy,59.167,active,2026-08-18T10:00:00+05:30
flt_e712433e,arl_56da328b,GA-9221,apt_eb8717c7,apt_98416c9d,2026-11-06T22:30:00+05:30,2026-11-07T04:27:00+05:30,357,0,A320neo,"economy,business",439.97,active,2026-08-18T10:00:00+05:30
flt_5768d2cf,arl_56da328b,GA-5868,apt_33c2d61a,apt_9a8714fa,2026-09-26T08:20:00+05:30,2026-09-26T15:56:00+05:30,456,0,A321,"economy,business",527.506,active,2026-08-18T10:00:00+05:30
flt_8e8e6968,arl_534d3a8a,LH-5824,apt_9dd20d55,apt_5835fac1,2026-09-16T08:40:00+05:30,2026-09-16T14:02:00+05:30,322,1,A321,"economy,business",294.449,active,2026-08-18T10:00:00+05:30
flt_a7d75d22,arl_6317d870,UK-2962,apt_e6c1d884,apt_ceec186e,2026-10-11T12:00:00+05:30,2026-10-11T18:20:00+05:30,380,1,B787-8,"economy,business",334.288,active,2026-08-18T10:00:00+05:30
flt_744e64e2,arl_b97400e0,QP-9300,apt_3e80f233,apt_c1f65e85,2026-09-12T22:40:00+05:30,2026-09-13T01:20:00+05:30,160,0,A321,economy,155.098,active,2026-08-18T10:00:00+05:30
flt_8435e502,arl_cbee96ac,GF-3716,apt_6ddc2fb6,apt_a7ea97c3,2026-10-28T08:40:00+05:30,2026-10-28T10:53:00+05:30,133,0,ATR-72,"economy,business",142.91,active,2026-08-18T10:00:00+05:30
flt_25857099,arl_75d2a12c,QF-2852,apt_c1f65e85,apt_54ebca59,2026-09-17T18:50:00+05:30,2026-09-17T21:42:00+05:30,172,0,A321,"economy,business",193.144,active,2026-08-18T10:00:00+05:30
flt_18f9e0d8,arl_8ac08b06,CZ-8951,apt_d3a5784e,apt_c1f65e85,2026-09-18T07:40:00+05:30,2026-09-18T10:12:00+05:30,152,0,B787-8,"economy,business",155.093,active,2026-08-18T10:00:00+05:30
flt_e26d900b,arl_ef62470d,IX-1527,apt_757e32fe,apt_bfd02a38,2026-10-02T11:10:00+05:30,2026-10-02T17:14:00+05:30,364,1,,economy,337.984,active,2026-08-18T10:00:00+05:30
flt_e060b458,arl_8ac08b06,CZ-8504,apt_bdf57d77,apt_3e80f233,2026-10-06T19:10:00+05:30,2026-10-06T21:18:00+05:30,128,0,A320neo,"economy,business",101.944,active,2026-08-18T10:00:00+05:30
flt_6bec0307,arl_077dea23,MH-3449,apt_a7ea97c3,apt_e6c1d884,2026-10-13T21:50:00+05:30,2026-10-14T00:27:00+05:30,157,0,A320neo,"economy,business",154.145,active,2026-08-18T10:00:00+05:30
flt_4db994b5,arl_4939343e,SG-5601,apt_c1f65e85,apt_c077a39a,2026-10-31T05:00:00+05:30,2026-10-31T09:28:00+05:30,268,0,B787-8,economy,300.204,active,2026-08-18T10:00:00+05:30
flt_97ae3256,arl_3a276287,BA-5437,apt_2d4c99ed,apt_bfd02a38,2026-10-10T08:00:00+05:30,2026-10-10T10:41:00+05:30,161,0,A321,"economy,business",151.009,active,2026-08-18T10:00:00+05:30
flt_d0a37700,arl_7f79d7b3,AF-4104,apt_5835fac1,apt_ad38af67,2026-09-27T07:50:00+05:30,2026-09-27T13:04:00+05:30,314,0,B737-800,"economy,business",378.66,active,2026-08-18T10:00:00+05:30
flt_4d8fdc6e,arl_c56d378a,TG-1175,apt_6be6a548,apt_08ebf678,2026-11-26T20:00:00+05:30,2026-11-26T22:30:00+05:30,150,0,B737-800,"economy,business",134.948,active,2026-08-18T10:00:00+05:30
flt_9c749a25,arl_666b65b1,AC-3682,apt_05897d58,apt_e6c1d884,2026-09-15T22:40:00+05:30,2026-09-15T23:43:00+05:30,63,0,B737-800,"economy,business",32.118,active,2026-08-18T10:00:00+05:30
flt_83e62a3a,arl_7784367f,KB-4231,apt_faa26bd2,apt_9dd20d55,2026-09-28T06:20:00+05:30,2026-09-28T10:40:00+05:30,260,0,,"economy,business",295.841,active,2026-08-18T10:00:00+05:30
flt_b1a64cfe,arl_a0bf222e,KE-1112,apt_5835fac1,apt_86c2c516,2026-09-07T15:20:00+05:30,2026-09-07T19:48:00+05:30,268,0,A320neo,"economy,business",291.684,active,2026-08-18T10:00:00+05:30
flt_f4b4836f,arl_534d3a8a,LH-8584,apt_54ebca59,apt_d3a5784e,2026-11-12T20:40:00+05:30,2026-11-12T22:38:00+05:30,118,0,B787-8,"economy,business",108.003,active,2026-08-18T10:00:00+05:30
flt_b1871f69,arl_dbae8242,QR-4118,apt_496144db,apt_3810f0b5,2026-10-23T19:30:00+05:30,2026-10-23T22:36:00+05:30,186,0,B737-800,"economy,business",176.858,active,2026-08-18T10:00:00+05:30
flt_18e9802d,arl_2a88a2c3,UA-4004,apt_faa26bd2,apt_6ddc2fb6,2026-10-30T20:20:00+05:30,2026-10-30T22:24:00+05:30,124,0,ATR-72,"economy,business",117.994,active,2026-08-18T10:00:00+05:30
flt_5460f8ba,arl_154ebf3d,EY-3653,apt_faa26bd2,apt_ebff6148,2026-09-10T06:00:00+05:30,2026-09-10T10:28:00+05:30,268,0,A321,"economy,business",287.965,active,2026-08-18T10:00:00+05:30
flt_d42e38b5,arl_cbee96ac,GF-1115,apt_d3a5784e,apt_faa26bd2,2026-09-03T08:00:00+05:30,2026-09-03T09:09:00+05:30,69,0,ATR-72,"economy,business",57.929,active,2026-08-18T10:00:00+05:30
flt_5ab2f9cb,arl_8ac08b06,CZ-8501,apt_86c2c516,apt_c1f65e85,2026-10-03T18:20:00+05:30,2026-10-04T00:07:00+05:30,347,0,A320neo,"economy,business",384.635,active,2026-08-18T10:00:00+05:30
flt_b803ed1d,arl_c56d378a,TG-1269,apt_faa26bd2,apt_30500fc8,2026-11-28T09:10:00+05:30,2026-11-28T12:32:00+05:30,202,0,A321,"economy,business",224.517,active,2026-08-18T10:00:00+05:30
flt_8db53da9,arl_7f79d7b3,AF-3103,apt_a7ea97c3,apt_5377e1f8,2026-11-17T14:10:00+05:30,2026-11-17T16:45:00+05:30,155,0,B787-8,"economy,business",137.799,active,2026-08-18T10:00:00+05:30
flt_af66700d,arl_7f79d7b3,AF-2055,apt_a7ea97c3,apt_eb8717c7,2026-10-28T09:20:00+05:30,2026-10-28T15:23:00+05:30,363,0,ATR-72,"economy,business",439.176,active,2026-08-18T10:00:00+05:30
flt_cb1eec85,arl_a0bf222e,KE-4529,apt_6ddc2fb6,apt_ebff6148,2026-09-04T11:00:00+05:30,2026-09-04T14:13:00+05:30,193,0,B737-800,"economy,business",217.125,active,2026-08-18T10:00:00+05:30
flt_e5cbdf89,arl_7f79d7b3,AF-6703,apt_9a8714fa,apt_6ddc2fb6,2026-10-02T22:00:00+05:30,2026-10-02T22:34:00+05:30,34,0,B737-800,"economy,business",0.84,active,2026-08-18T10:00:00+05:30
flt_5270eea2,arl_3a276287,BA-5096,apt_6be6a548,apt_e6c1d884,2026-10-28T21:10:00+05:30,2026-10-29T00:15:00+05:30,185,0,B737-800,"economy,business",198.822,active,2026-08-18T10:00:00+05:30
flt_7a952982,arl_a0bf222e,KE-3888,apt_d3a5784e,apt_30500fc8,2026-10-05T08:40:00+05:30,2026-10-05T13:34:00+05:30,294,1,ATR-72,"economy,business",219.848,active,2026-08-18T10:00:00+05:30
flt_e44ad90f,arl_666b65b1,AC-5488,apt_6ddc2fb6,apt_05897d58,2026-11-13T13:00:00+05:30,2026-11-13T15:07:00+05:30,127,0,A320neo,"economy,business",93.956,active,2026-08-18T10:00:00+05:30
flt_a4c0c601,arl_ef62470d,IX-745,apt_3e80f233,apt_30500fc8,2026-11-13T12:30:00+05:30,2026-11-13T16:03:00+05:30,213,0,B737-800,economy,216.009,active,2026-08-18T10:00:00+05:30
flt_288f3606,arl_a0bf222e,KE-2765,apt_6be6a548,apt_a7ea97c3,2026-11-09T11:00:00+05:30,2026-11-09T13:06:00+05:30,126,0,B737-800,"economy,business",89.008,active,2026-08-18T10:00:00+05:30
flt_11caabff,arl_666b65b1,AC-1465,apt_a7ea97c3,apt_bdf57d77,2026-10-10T13:30:00+05:30,2026-10-10T14:32:00+05:30,62,0,B737-800,"economy,business",47.738,active,2026-08-18T10:00:00+05:30
flt_cf044d07,arl_154ebf3d,EY-8137,apt_ebff6148,apt_6be6a548,2026-09-21T07:20:00+05:30,2026-09-21T12:23:00+05:30,303,0,A321,"economy,business",334.414,active,2026-08-18T10:00:00+05:30
flt_40713928,arl_154ebf3d,EY-7459,apt_33c2d61a,apt_757e32fe,2026-10-19T19:20:00+05:30,2026-10-20T01:36:00+05:30,376,1,ATR-72,"economy,business",341.33,active,2026-08-18T10:00:00+05:30
flt_a40f6b92,arl_534d3a8a,LH-4182,apt_9a8714fa,apt_6be6a548,2026-11-16T16:30:00+05:30,2026-11-16T18:58:00+05:30,148,0,ATR-72,"economy,business",152.681,active,2026-08-18T10:00:00+05:30
flt_7c7dce07,arl_692cd6f4,JL-7614,apt_faa26bd2,apt_9a8714fa,2026-10-15T11:20:00+05:30,2026-10-15T13:31:00+05:30,131,0,B787-8,"economy,business",117.288,active,2026-08-18T10:00:00+05:30
flt_924133c9,arl_28f00e8b,EK-3393,apt_05897d58,apt_c1f65e85,2026-10-23T08:20:00+05:30,2026-10-23T11:18:00+05:30,178,0,B787-8,"economy,business",180.435,active,2026-08-18T10:00:00+05:30
flt_fe7d51e0,arl_3a276287,BA-3806,apt_3810f0b5,apt_e6d0e6bf,2026-10-12T19:20:00+05:30,2026-10-12T21:17:00+05:30,117,0,A320neo,"economy,business",103.942,active,2026-08-18T10:00:00+05:30
flt_fb74df70,arl_a487a152,RA-9178,apt_eb8717c7,apt_54ebca59,2026-09-11T08:20:00+05:30,2026-09-11T14:02:00+05:30,342,0,A321,"economy,business",416.3,active,2026-08-18T10:00:00+05:30
flt_0d95694e,arl_68688da8,NZ-6776,apt_9dd20d55,apt_9a8714fa,2026-11-12T22:00:00+05:30,2026-11-13T03:08:00+05:30,308,0,B737-800,"economy,business",347.046,active,2026-08-18T10:00:00+05:30
flt_1c5c458b,arl_8ac08b06,CZ-1602,apt_9a8714fa,apt_c1f65e85,2026-10-17T12:40:00+05:30,2026-10-17T14:39:00+05:30,119,0,B787-8,"economy,business",85.961,active,2026-08-18T10:00:00+05:30
flt_f3091706,arl_534d3a8a,LH-7212,apt_a7ea97c3,apt_33c2d61a,2026-10-06T09:10:00+05:30,2026-10-06T18:07:00+05:30,537,0,B787-8,"economy,business",668.794,active,2026-08-18T10:00:00+05:30
flt_2ca079b8,arl_b97400e0,QP-5293,apt_ebff6148,apt_5835fac1,2026-10-08T16:00:00+05:30,2026-10-08T20:02:00+05:30,242,0,ATR-72,economy,274.641,active,2026-08-18T10:00:00+05:30
flt_2a58c8d1,arl_6317d870,UK-8993,apt_5835fac1,apt_e6c1d884,2026-10-31T18:20:00+05:30,2026-10-31T20:02:00+05:30,102,0,B737-800,"economy,business",58.06,active,2026-08-18T10:00:00+05:30
flt_b5bcd2bf,arl_68688da8,NZ-3474,apt_3810f0b5,apt_e6d0e6bf,2026-09-20T05:40:00+05:30,2026-09-20T07:29:00+05:30,109,0,B737-800,"economy,business",103.942,active,2026-08-18T10:00:00+05:30
flt_0569e9e3,arl_3a276287,BA-6397,apt_ceec186e,apt_eb8717c7,2026-11-13T20:20:00+05:30,2026-11-13T21:28:00+05:30,68,0,A320neo,"economy,business",35.121,active,2026-08-18T10:00:00+05:30
flt_91dd51d2,arl_154ebf3d,EY-7130,apt_a7ea97c3,apt_c1f65e85,2026-10-04T11:50:00+05:30,2026-10-04T15:08:00+05:30,198,0,A321,"economy,business",184.885,active,2026-08-18T10:00:00+05:30
flt_522ac1fd,arl_cbee96ac,GF-5820,apt_bfd02a38,apt_cb1113d2,2026-10-09T09:00:00+05:30,2026-10-09T17:59:00+05:30,539,0,B737-800,"economy,business",668.41,active,2026-08-18T10:00:00+05:30
flt_a3cf72ba,arl_154ebf3d,EY-9688,apt_e6d0e6bf,apt_98416c9d,2026-09-22T11:50:00+05:30,2026-09-22T13:22:00+05:30,92,0,ATR-72,"economy,business",56.52,active,2026-08-18T10:00:00+05:30
flt_d3e91269,arl_56da328b,GA-2168,apt_e6d0e6bf,apt_ee6be440,2026-09-30T07:10:00+05:30,2026-09-30T09:04:00+05:30,114,0,B787-8,"economy,business",116.324,active,2026-08-18T10:00:00+05:30
flt_f284783d,arl_7f79d7b3,AF-6537,apt_d3a5784e,apt_54ebca59,2026-09-04T08:00:00+05:30,2026-09-04T09:54:00+05:30,114,0,A321,"economy,business",108.003,active,2026-08-18T10:00:00+05:30
flt_64d21ce9,arl_2a88a2c3,UA-7554,apt_9dd20d55,apt_5377e1f8,2026-11-22T07:20:00+05:30,2026-11-22T12:59:00+05:30,339,1,B737-800,"economy,business",310.467,active,2026-08-18T10:00:00+05:30
flt_d03660b8,arl_154ebf3d,EY-701,apt_05897d58,apt_ceec186e,2026-10-31T11:30:00+05:30,2026-10-31T18:04:00+05:30,394,1,B787-8,"economy,business",362.64,active,2026-08-18T10:00:00+05:30
flt_68768adb,arl_dbae8242,QR-2735,apt_496144db,apt_05897d58,2026-11-28T20:40:00+05:30,2026-11-28T23:56:00+05:30,196,0,A321,"economy,business",183.028,active,2026-08-18T10:00:00+05:30
flt_5a2d7147,arl_dbae8242,QR-4071,apt_e6d0e6bf,apt_e6c1d884,2026-10-14T20:50:00+05:30,2026-10-14T22:54:00+05:30,124,0,,"economy,business",103.463,active,2026-08-18T10:00:00+05:30
flt_5f64dbe0,arl_841c6e99,AI-826,apt_08ebf678,apt_98416c9d,2026-09-03T13:10:00+05:30,2026-09-03T14:24:00+05:30,74,0,B737-800,"economy,business",58.859,active,2026-08-18T10:00:00+05:30
flt_27fb79c6,arl_3a276287,BA-1616,apt_c1f65e85,apt_e6c1d884,2026-11-13T08:30:00+05:30,2026-11-13T11:03:00+05:30,153,0,A320neo,"economy,business",157.438,active,2026-08-18T10:00:00+05:30
flt_8d0c4cdf,arl_7784367f,KB-9140,apt_30500fc8,apt_9dd20d55,2026-10-04T11:20:00+05:30,2026-10-04T16:10:00+05:30,290,0,B787-8,"economy,business",322.793,active,2026-08-18T10:00:00+05:30
flt_63b6b250,arl_56da328b,GA-8239,apt_c077a39a,apt_cb1113d2,2026-10-21T10:40:00+05:30,2026-10-21T15:42:00+05:30,302,1,A321,"economy,business",227.408,active,2026-08-18T10:00:00+05:30
flt_cde42caf,arl_666b65b1,AC-3632,apt_08ebf678,apt_ceec186e,2026-10-02T14:30:00+05:30,2026-10-02T20:47:00+05:30,377,0,A320neo,"economy,business",433.487,active,2026-08-18T10:00:00+05:30
flt_63f7fa03,arl_cbee96ac,GF-4319,apt_ad38af67,apt_d3a5784e,2026-10-16T19:30:00+05:30,2026-10-17T03:29:00+05:30,479,1,B737-800,"economy,business",474.564,active,2026-08-18T10:00:00+05:30
flt_ebcc7600,arl_7784367f,KB-5520,apt_98416c9d,apt_ee6be440,2026-09-14T16:50:00+05:30,2026-09-14T19:35:00+05:30,165,0,B787-8,"economy,business",172.78,active,2026-08-18T10:00:00+05:30
flt_f3c3fe6a,arl_68688da8,NZ-7950,apt_bdf57d77,apt_e6c1d884,2026-09-19T09:10:00+05:30,2026-09-19T11:37:00+05:30,147,0,ATR-72,"economy,business",117.056,active,2026-08-18T10:00:00+05:30
flt_7718c255,arl_ef62470d,IX-9977,apt_c077a39a,apt_05897d58,2026-11-13T13:50:00+05:30,2026-11-13T20:04:00+05:30,374,1,A321,economy,328.567,active,2026-08-18T10:00:00+05:30
flt_db70887e,arl_68688da8,NZ-3956,apt_ee6be440,apt_d3a5784e,2026-10-27T22:00:00+05:30,2026-10-28T02:42:00+05:30,282,1,A320neo,"economy,business",220.829,active,2026-08-18T10:00:00+05:30
flt_4e8f49de,arl_c56d378a,TG-2329,apt_e6c1d884,apt_30500fc8,2026-10-15T18:10:00+05:30,2026-10-15T19:48:00+05:30,98,0,,"economy,business",65.609,active,2026-08-18T10:00:00+05:30
flt_4b030dbd,arl_68688da8,NZ-7069,apt_86c2c516,apt_05897d58,2026-10-07T11:00:00+05:30,2026-10-07T15:25:00+05:30,265,0,B787-8,"economy,business",310.254,active,2026-08-18T10:00:00+05:30
flt_7ff39f1e,arl_28f00e8b,EK-5584,apt_eb8717c7,apt_757e32fe,2026-10-30T09:10:00+05:30,2026-10-30T11:50:00+05:30,160,0,A321,"economy,business",136.13,active,2026-08-18T10:00:00+05:30
flt_1453b084,arl_692cd6f4,JL-1980,apt_ad38af67,apt_54ebca59,2026-10-20T06:20:00+05:30,2026-10-20T14:07:00+05:30,467,1,A321,"economy,business",451.04,active,2026-08-18T10:00:00+05:30
flt_1b767de6,arl_c56d378a,TG-8457,apt_cb1113d2,apt_eb8717c7,2026-11-14T06:20:00+05:30,2026-11-14T09:58:00+05:30,218,0,B787-8,"economy,business",226.97,active,2026-08-18T10:00:00+05:30
flt_bc98afa0,arl_2fae0fe3,KU-6402,apt_bdf57d77,apt_e6d0e6bf,2026-10-10T10:40:00+05:30,2026-10-10T11:48:00+05:30,68,0,B787-8,"economy,business",13.775,active,2026-08-18T10:00:00+05:30
flt_8ccf325d,arl_8ac08b06,CZ-5273,apt_cb1113d2,apt_ceec186e,2026-10-30T14:00:00+05:30,2026-10-30T17:03:00+05:30,183,0,B787-8,"economy,business",191.879,active,2026-08-18T10:00:00+05:30
flt_91d28416,arl_28f00e8b,EK-5750,apt_6be6a548,apt_54ebca59,2026-11-11T22:50:00+05:30,2026-11-12T01:26:00+05:30,156,0,B787-8,"economy,business",131.472,active,2026-08-18T10:00:00+05:30
flt_b5e0884e,arl_4939343e,SG-5286,apt_9a8714fa,apt_6be6a548,2026-10-18T19:40:00+05:30,2026-10-18T22:05:00+05:30,145,0,B787-8,economy,152.681,active,2026-08-18T10:00:00+05:30
flt_5cb82674,arl_75d2a12c,QF-8914,apt_54ebca59,apt_e6d0e6bf,2026-10-16T12:20:00+05:30,2026-10-16T13:26:00+05:30,66,0,A321,"economy,business",16.948,active,2026-08-18T10:00:00+05:30
flt_8adb38d8,arl_692cd6f4,JL-7988,apt_c1f65e85,apt_a7ea97c3,2026-11-09T20:20:00+05:30,2026-11-09T23:04:00+05:30,164,0,A321,"economy,business",184.885,active,2026-08-18T10:00:00+05:30
flt_67a253ad,arl_2981080f,6E-3696,apt_ad38af67,apt_ee6be440,2026-09-25T10:20:00+05:30,2026-09-25T16:43:00+05:30,383,1,A321,economy,367.51,active,2026-08-18T10:00:00+05:30
flt_6f52b1f4,arl_a0bf222e,KE-9320,apt_ceec186e,apt_05897d58,2026-10-05T12:20:00+05:30,2026-10-05T17:47:00+05:30,327,0,ATR-72,"economy,business",362.64,active,2026-08-18T10:00:00+05:30
flt_cb8655ff,arl_a852cdd9,VJ-1082,apt_e6d0e6bf,apt_c0496aae,2026-11-22T11:30:00+05:30,2026-11-22T12:50:00+05:30,80,0,B787-8,economy,57.941,active,2026-08-18T10:00:00+05:30
flt_ce329d48,arl_56da328b,GA-2728,apt_3810f0b5,apt_cb1113d2,2026-11-25T09:30:00+05:30,2026-11-25T16:40:00+05:30,430,0,B737-800,"economy,business",523.015,active,2026-08-18T10:00:00+05:30
flt_47451c04,arl_a0bf222e,KE-2785,apt_86c2c516,apt_2d4c99ed,2026-10-07T11:20:00+05:30,2026-10-07T17:52:00+05:30,392,1,A320neo,"economy,business",384.293,active,2026-08-18T10:00:00+05:30
flt_61135cde,arl_6317d870,UK-7046,apt_e6d0e6bf,apt_3810f0b5,2026-11-11T14:50:00+05:30,2026-11-11T17:01:00+05:30,131,0,ATR-72,"economy,business",103.942,active,2026-08-18T10:00:00+05:30
flt_be3b1dcf,arl_7f79d7b3,AF-2716,apt_30500fc8,apt_bdf57d77,2026-11-15T07:00:00+05:30,2026-11-15T09:31:00+05:30,151,0,A320neo,"economy,business",125.835,active,2026-08-18T10:00:00+05:30
flt_24ba9ebb,arl_ef62470d,IX-1187,apt_757e32fe,apt_ebff6148,2026-10-21T19:10:00+05:30,2026-10-21T19:42:00+05:30,32,0,A321,economy,1.747,active,2026-08-18T10:00:00+05:30
flt_4d235ea8,arl_6317d870,UK-7680,apt_ebff6148,apt_c1f65e85,2026-11-14T12:10:00+05:30,2026-11-14T15:01:00+05:30,171,0,A321,"economy,business",187.219,active,2026-08-18T10:00:00+05:30
flt_7b883d6d,arl_403656a7,LX-7688,apt_ad38af67,apt_ceec186e,2026-11-12T11:00:00+05:30,2026-11-12T11:32:00+05:30,32,0,A320neo,"economy,business",1.555,active,2026-08-18T10:00:00+05:30
flt_876a2b7e,arl_3a276287,BA-280,apt_c077a39a,apt_496144db,2026-10-06T13:00:00+05:30,2026-10-06T18:35:00+05:30,335,0,ATR-72,"economy,business",394.488,active,2026-08-18T10:00:00+05:30
flt_c00f99db,arl_ef62470d,IX-4657,apt_5835fac1,apt_e6d0e6bf,2026-09-26T08:50:00+05:30,2026-09-26T10:19:00+05:30,89,0,ATR-72,economy,56.919,active,2026-08-18T10:00:00+05:30
flt_5fe6d3f6,arl_2a88a2c3,UA-8228,apt_c1f65e85,apt_e6c1d884,2026-09-18T14:10:00+05:30,2026-09-18T16:50:00+05:30,160,0,ATR-72,"economy,business",157.438,active,2026-08-18T10:00:00+05:30
flt_8018345d,arl_2981080f,6E-7218,apt_a7ea97c3,apt_d3a5784e,2026-10-13T10:00:00+05:30,2026-10-13T11:42:00+05:30,102,0,ATR-72,economy,64.458,active,2026-08-18T10:00:00+05:30
flt_deca6518,arl_6317d870,UK-3935,apt_3e80f233,apt_6be6a548,2026-09-06T20:10:00+05:30,2026-09-06T21:01:00+05:30,51,0,B737-800,"economy,business",28.387,active,2026-08-18T10:00:00+05:30
flt_8c9d37ae,arl_841c6e99,AI-742,apt_c0496aae,apt_54ebca59,2026-11-22T22:20:00+05:30,2026-11-22T23:49:00+05:30,89,0,A321,"economy,business",74.79,active,2026-08-18T10:00:00+05:30
flt_831bd016,arl_154ebf3d,EY-1844,apt_eb8717c7,apt_a7ea97c3,2026-10-30T09:20:00+05:30,2026-10-30T15:45:00+05:30,385,0,ATR-72,"economy,business",439.176,active,2026-08-18T10:00:00+05:30
flt_dba322e2,arl_cbee96ac,GF-6604,apt_5835fac1,apt_757e32fe,2026-10-17T18:50:00+05:30,2026-10-17T22:59:00+05:30,249,0,A320neo,"economy,business",275.453,active,2026-08-18T10:00:00+05:30
flt_577e87e1,arl_1cfc4640,SQ-4150,apt_9dd20d55,apt_ceec186e,2026-11-23T06:10:00+05:30,2026-11-23T15:24:00+05:30,554,0,B787-8,"economy,business",671.818,active,2026-08-18T10:00:00+05:30
flt_bdff6064,arl_7784367f,KB-7764,apt_2d4c99ed,apt_ebff6148,2026-11-04T12:30:00+05:30,2026-11-04T15:17:00+05:30,167,0,A321,"economy,business",187.036,active,2026-08-18T10:00:00+05:30
flt_84fb4df0,arl_cbee96ac,GF-491,apt_54ebca59,apt_08ebf678,2026-11-24T13:30:00+05:30,2026-11-24T14:18:00+05:30,48,0,A320neo,"economy,business",17.362,active,2026-08-18T10:00:00+05:30
flt_fcefa316,arl_154ebf3d,EY-9751,apt_9a8714fa,apt_08ebf678,2026-11-01T22:30:00+05:30,2026-11-02T00:50:00+05:30,140,0,B787-8,"economy,business",115.209,active,2026-08-18T10:00:00+05:30
flt_a2f789d4,arl_28f00e8b,EK-8230,apt_9a8714fa,apt_cb1113d2,2026-09-24T08:40:00+05:30,2026-09-24T16:07:00+05:30,447,0,B787-8,"economy,business",524.673,active,2026-08-18T10:00:00+05:30
flt_66a7bfd5,arl_c56d378a,TG-2947,apt_6ddc2fb6,apt_3810f0b5,2026-11-10T15:40:00+05:30,2026-11-10T17:32:00+05:30,112,0,,"economy,business",71.984,active,2026-08-18T10:00:00+05:30
flt_0d1f7447,arl_1cfc4640,SQ-5527,apt_ad38af67,apt_eb8717c7,2026-09-19T13:40:00+05:30,2026-09-19T14:31:00+05:30,51,0,A320neo,"economy,business",35.116,active,2026-08-18T10:00:00+05:30
flt_4ac23fba,arl_154ebf3d,EY-2626,apt_bdf57d77,apt_e6c1d884,2026-11-07T19:20:00+05:30,2026-11-07T21:41:00+05:30,141,0,B787-8,"economy,business",117.056,active,2026-08-18T10:00:00+05:30
flt_a9151698,arl_c56d378a,TG-8547,apt_cb1113d2,apt_a7ea97c3,2026-10-11T18:40:00+05:30,2026-10-12T03:58:00+05:30,558,0,A320neo,"economy,business",665.928,active,2026-08-18T10:00:00+05:30
flt_4a11a94e,arl_3a276287,BA-3955,apt_5835fac1,apt_9a8714fa,2026-09-10T06:20:00+05:30,2026-09-10T07:31:00+05:30,71,0,,"economy,business",59.978,active,2026-08-18T10:00:00+05:30
flt_a977aa1d,arl_a0bf222e,KE-8498,apt_faa26bd2,apt_a7ea97c3,2026-10-28T11:00:00+05:30,2026-10-28T13:16:00+05:30,136,0,ATR-72,"economy,business",108.132,active,2026-08-18T10:00:00+05:30
flt_5500e5df,arl_154ebf3d,EY-415,apt_6ddc2fb6,apt_9dd20d55,2026-11-06T15:50:00+05:30,2026-11-06T22:23:00+05:30,393,1,B787-8,"economy,business",347.07,active,2026-08-18T10:00:00+05:30
flt_a3b1c0f7,arl_534d3a8a,LH-3880,apt_30500fc8,apt_bfd02a38,2026-09-20T06:30:00+05:30,2026-09-20T11:45:00+05:30,315,1,A320neo,"economy,business",241.367,active,2026-08-18T10:00:00+05:30
flt_f27b4105,arl_7784367f,KB-8107,apt_d3a5784e,apt_08ebf678,2026-10-18T07:10:00+05:30,2026-10-18T09:34:00+05:30,144,0,B737-800,"economy,business",112.743,active,2026-08-18T10:00:00+05:30
flt_3c377d34,arl_ef62470d,IX-4718,apt_c1f65e85,apt_30500fc8,2026-11-09T12:40:00+05:30,2026-11-09T16:06:00+05:30,206,0,B787-8,economy,222.047,active,2026-08-18T10:00:00+05:30
flt_cb46256e,arl_403656a7,LX-5145,apt_30500fc8,apt_ceec186e,2026-10-10T17:00:00+05:30,2026-10-10T22:03:00+05:30,303,0,A321,"economy,business",366.079,active,2026-08-18T10:00:00+05:30
flt_d5d4217d,arl_2981080f,6E-1522,apt_05897d58,apt_6be6a548,2026-11-20T21:10:00+05:30,2026-11-21T00:16:00+05:30,186,0,B737-800,economy,198.156,active,2026-08-18T10:00:00+05:30
flt_251c8134,arl_b97400e0,QP-5368,apt_e6d0e6bf,apt_faa26bd2,2026-09-05T22:20:00+05:30,2026-09-06T00:37:00+05:30,137,0,ATR-72,economy,133.308,active,2026-08-18T10:00:00+05:30
flt_a606f3fe,arl_7784367f,KB-6920,apt_98416c9d,apt_e6d0e6bf,2026-09-24T20:00:00+05:30,2026-09-24T21:30:00+05:30,90,0,ATR-72,"economy,business",56.52,active,2026-08-18T10:00:00+05:30
flt_fe878cd6,arl_2a88a2c3,UA-7366,apt_6ddc2fb6,apt_ad38af67,2026-11-25T08:20:00+05:30,2026-11-25T13:16:00+05:30,296,0,A320neo,"economy,business",332.555,active,2026-08-18T10:00:00+05:30
flt_bc60a953,arl_2981080f,6E-2878,apt_30500fc8,apt_c1f65e85,2026-09-27T18:20:00+05:30,2026-09-27T21:41:00+05:30,201,0,A320neo,economy,222.047,active,2026-08-18T10:00:00+05:30
flt_be57e83d,arl_4939343e,SG-4504,apt_496144db,apt_ceec186e,2026-10-15T07:30:00+05:30,2026-10-15T15:08:00+05:30,458,1,A321,economy,429.389,active,2026-08-18T10:00:00+05:30
flt_e5ee32de,arl_75d2a12c,QF-8472,apt_3810f0b5,apt_c0496aae,2026-10-06T13:50:00+05:30,2026-10-06T15:14:00+05:30,84,0,A321,"economy,business",58.053,active,2026-08-18T10:00:00+05:30
flt_85fed222,arl_508d631b,UL-7116,apt_c1f65e85,apt_bfd02a38,2026-11-27T20:20:00+05:30,2026-11-27T22:50:00+05:30,150,0,B787-8,"economy,business",150.902,active,2026-08-18T10:00:00+05:30
flt_7852d2ed,arl_7784367f,KB-3557,apt_86c2c516,apt_ceec186e,2026-10-03T22:10:00+05:30,2026-10-04T08:16:00+05:30,606,1,,"economy,business",669.207,active,2026-08-18T10:00:00+05:30
flt_1c0d328a,arl_8ac08b06,CZ-7463,apt_33c2d61a,apt_5377e1f8,2026-09-20T19:30:00+05:30,2026-09-21T03:10:00+05:30,460,0,A321,"economy,business",555.174,active,2026-08-18T10:00:00+05:30
flt_488e9f47,arl_534d3a8a,LH-2985,apt_9a8714fa,apt_bfd02a38,2026-11-17T09:10:00+05:30,2026-11-17T11:52:00+05:30,162,0,B737-800,"economy,business",156.257,active,2026-08-18T10:00:00+05:30
flt_57a850fa,arl_2fae0fe3,KU-1693,apt_2d4c99ed,apt_e6d0e6bf,2026-10-23T17:30:00+05:30,2026-10-23T20:20:00+05:30,170,0,A320neo,"economy,business",179.341,active,2026-08-18T10:00:00+05:30
flt_909e9fd9,arl_1cfc4640,SQ-8354,apt_ee6be440,apt_98416c9d,2026-11-07T05:30:00+05:30,2026-11-07T08:37:00+05:30,187,0,,"economy,business",172.78,active,2026-08-18T10:00:00+05:30
flt_626fc0c7,arl_c56d378a,TG-3891,apt_ebff6148,apt_5377e1f8,2026-11-04T22:30:00+05:30,2026-11-05T02:54:00+05:30,264,0,A320neo,"economy,business",284.614,active,2026-08-18T10:00:00+05:30
flt_204ca482,arl_a487a152,RA-3972,apt_33c2d61a,apt_9dd20d55,2026-09-15T21:40:00+05:30,2026-09-16T09:25:00+05:30,705,0,A321,"economy,business",864.664,active,2026-08-18T10:00:00+05:30
flt_563e9224,arl_28f00e8b,EK-7993,apt_ceec186e,apt_6be6a548,2026-09-21T16:00:00+05:30,2026-09-21T22:44:00+05:30,404,0,B787-8,"economy,business",474.791,active,2026-08-18T10:00:00+05:30
flt_b02fdf44,arl_7f79d7b3,AF-8263,apt_eb8717c7,apt_3810f0b5,2026-11-09T09:00:00+05:30,2026-11-09T14:32:00+05:30,332,1,,"economy,business",300.179,active,2026-08-18T10:00:00+05:30
flt_688f64f6,arl_3a276287,BA-9165,apt_6ddc2fb6,apt_a7ea97c3,2026-10-04T16:40:00+05:30,2026-10-04T18:55:00+05:30,135,0,A320neo,"economy,business",142.91,active,2026-08-18T10:00:00+05:30
flt_8a98b44e,arl_75d2a12c,QF-4285,apt_496144db,apt_bfd02a38,2026-11-27T06:50:00+05:30,2026-11-27T08:08:00+05:30,78,0,B737-800,"economy,business",51.644,active,2026-08-18T10:00:00+05:30
flt_dd33fc5c,arl_7784367f,KB-8548,apt_6be6a548,apt_6ddc2fb6,2026-11-05T13:10:00+05:30,2026-11-05T15:52:00+05:30,162,0,,"economy,business",153.267,active,2026-08-18T10:00:00+05:30
flt_3c3cf6b9,arl_8ac08b06,CZ-1957,apt_757e32fe,apt_c0496aae,2026-09-16T19:50:00+05:30,2026-09-17T00:15:00+05:30,265,0,,"economy,business",274.46,active,2026-08-18T10:00:00+05:30
flt_c5a98c5b,arl_2fae0fe3,KU-8220,apt_54ebca59,apt_faa26bd2,2026-11-13T20:30:00+05:30,2026-11-13T22:57:00+05:30,147,0,,"economy,business",138.526,active,2026-08-18T10:00:00+05:30
flt_bac19b90,arl_a0bf222e,KE-1073,apt_faa26bd2,apt_6ddc2fb6,2026-11-15T15:20:00+05:30,2026-11-15T17:30:00+05:30,130,0,B787-8,"economy,business",117.994,active,2026-08-18T10:00:00+05:30
flt_54aab4b3,arl_2a88a2c3,UA-7590,apt_e6d0e6bf,apt_c1f65e85,2026-09-07T13:30:00+05:30,2026-09-07T16:23:00+05:30,173,0,ATR-72,"economy,business",180.169,active,2026-08-18T10:00:00+05:30
flt_b0549b23,arl_dbae8242,QR-1391,apt_08ebf678,apt_5835fac1,2026-11-15T06:10:00+05:30,2026-11-15T07:19:00+05:30,69,0,,"economy,business",57.166,active,2026-08-18T10:00:00+05:30
flt_fe5c9238,arl_403656a7,LX-8107,apt_ee6be440,apt_d3a5784e,2026-10-28T21:50:00+05:30,2026-10-29T02:27:00+05:30,277,1,B787-8,"economy,business",220.829,active,2026-08-18T10:00:00+05:30
flt_2004e3c9,arl_b97400e0,QP-9094,apt_54ebca59,apt_496144db,2026-11-02T21:00:00+05:30,2026-11-02T23:20:00+05:30,140,0,ATR-72,economy,141.216,active,2026-08-18T10:00:00+05:30
flt_fcb65e39,arl_6317d870,UK-7498,apt_5377e1f8,apt_98416c9d,2026-09-02T16:30:00+05:30,2026-09-02T19:02:00+05:30,152,0,B737-800,"economy,business",137.742,active,2026-08-18T10:00:00+05:30
flt_397bcd68,arl_28f00e8b,EK-5123,apt_a7ea97c3,apt_c077a39a,2026-09-15T09:40:00+05:30,2026-09-15T17:00:00+05:30,440,1,B737-800,"economy,business",438.694,active,2026-08-18T10:00:00+05:30
flt_4578174b,arl_cbee96ac,GF-2624,apt_ee6be440,apt_33c2d61a,2026-11-06T09:30:00+05:30,2026-11-06T17:16:00+05:30,466,0,B737-800,"economy,business",552.02,active,2026-08-18T10:00:00+05:30
flt_f3594188,arl_28f00e8b,EK-3250,apt_cb1113d2,apt_ad38af67,2026-11-09T06:40:00+05:30,2026-11-09T09:42:00+05:30,182,0,B737-800,"economy,business",191.855,active,2026-08-18T10:00:00+05:30
flt_f1fd124d,arl_1cfc4640,SQ-8993,apt_e6c1d884,apt_c077a39a,2026-09-21T10:50:00+05:30,2026-09-21T16:35:00+05:30,345,1,,"economy,business",299.788,active,2026-08-18T10:00:00+05:30
flt_460f3036,arl_a487a152,RA-7465,apt_3e80f233,apt_30500fc8,2026-11-25T15:00:00+05:30,2026-11-25T19:46:00+05:30,286,1,A321,"economy,business",216.009,active,2026-08-18T10:00:00+05:30
flt_6b5bd4f6,arl_841c6e99,AI-6826,apt_98416c9d,apt_bfd02a38,2026-11-22T07:40:00+05:30,2026-11-22T09:25:00+05:30,105,0,ATR-72,"economy,business",91.09,active,2026-08-18T10:00:00+05:30
flt_934891b3,arl_8ac08b06,CZ-3117,apt_757e32fe,apt_5835fac1,2026-10-11T08:20:00+05:30,2026-10-11T12:25:00+05:30,245,0,B737-800,"economy,business",275.453,active,2026-08-18T10:00:00+05:30
flt_c217367e,arl_dbae8242,QR-6105,apt_08ebf678,apt_c0496aae,2026-09-17T12:00:00+05:30,2026-09-17T13:25:00+05:30,85,0,ATR-72,"economy,business",58.183,active,2026-08-18T10:00:00+05:30
flt_15c336c7,arl_8ac08b06,CZ-8612,apt_c0496aae,apt_d3a5784e,2026-10-13T16:00:00+05:30,2026-10-13T18:06:00+05:30,126,0,A321,"economy,business",127.513,active,2026-08-18T10:00:00+05:30
flt_283ba8a9,arl_a852cdd9,VJ-4804,apt_ebff6148,apt_3810f0b5,2026-10-08T05:30:00+05:30,2026-10-08T10:32:00+05:30,302,1,A321,economy,251.537,active,2026-08-18T10:00:00+05:30
flt_20a1dc2a,arl_6317d870,UK-2811,apt_5377e1f8,apt_ad38af67,2026-10-29T14:50:00+05:30,2026-10-29T19:52:00+05:30,302,0,B737-800,"economy,business",364.93,active,2026-08-18T10:00:00+05:30
flt_8586eae3,arl_3a276287,BA-7620,apt_e6d0e6bf,apt_c1f65e85,2026-11-24T18:50:00+05:30,2026-11-24T21:47:00+05:30,177,0,ATR-72,"economy,business",180.169,active,2026-08-18T10:00:00+05:30
flt_7aea6264,arl_a0bf222e,KE-1619,apt_08ebf678,apt_05897d58,2026-09-22T11:00:00+05:30,2026-09-22T12:29:00+05:30,89,0,A321,"economy,business",83.05,active,2026-08-18T10:00:00+05:30
flt_e66b18d3,arl_8ac08b06,CZ-4402,apt_08ebf678,apt_3e80f233,2026-09-03T09:30:00+05:30,2026-09-03T11:29:00+05:30,119,0,ATR-72,"economy,business",108.707,active,2026-08-18T10:00:00+05:30
flt_3ce591a0,arl_cbee96ac,GF-755,apt_d3a5784e,apt_496144db,2026-11-11T12:00:00+05:30,2026-11-11T13:35:00+05:30,95,0,B737-800,"economy,business",60.392,active,2026-08-18T10:00:00+05:30
flt_c23c4e9c,arl_2a88a2c3,UA-6638,apt_08ebf678,apt_5835fac1,2026-10-09T06:20:00+05:30,2026-10-09T07:55:00+05:30,95,0,B737-800,"economy,business",57.166,active,2026-08-18T10:00:00+05:30
flt_d8872596,arl_077dea23,MH-3789,apt_5377e1f8,apt_08ebf678,2026-10-14T09:20:00+05:30,2026-10-14T10:46:00+05:30,86,0,B787-8,"economy,business",80.728,active,2026-08-18T10:00:00+05:30
flt_7516c92b,arl_2a88a2c3,UA-1738,apt_ee6be440,apt_6be6a548,2026-09-21T06:30:00+05:30,2026-09-21T10:08:00+05:30,218,0,,"economy,business",239.849,active,2026-08-18T10:00:00+05:30
flt_c1cd7ac7,arl_7784367f,KB-5969,apt_c1f65e85,apt_bfd02a38,2026-09-03T10:00:00+05:30,2026-09-03T12:42:00+05:30,162,0,A320neo,"economy,business",150.902,active,2026-08-18T10:00:00+05:30
flt_ad33f428,arl_b97400e0,QP-1601,apt_33c2d61a,apt_c1f65e85,2026-09-14T16:00:00+05:30,2026-09-14T23:15:00+05:30,435,0,A320neo,economy,523.908,active,2026-08-18T10:00:00+05:30
flt_3762a2dc,arl_666b65b1,AC-4897,apt_ceec186e,apt_e6d0e6bf,2026-10-30T07:30:00+05:30,2026-10-30T13:46:00+05:30,376,0,B787-8,"economy,business",433.912,active,2026-08-18T10:00:00+05:30
flt_505f0661,arl_692cd6f4,JL-3498,apt_ee6be440,apt_3810f0b5,2026-10-25T17:30:00+05:30,2026-10-25T19:10:00+05:30,100,0,A321,"economy,business",66.59,active,2026-08-18T10:00:00+05:30
flt_ad71680e,arl_1cfc4640,SQ-1042,apt_faa26bd2,apt_3810f0b5,2026-11-29T12:00:00+05:30,2026-11-29T14:54:00+05:30,174,0,B737-800,"economy,business",175.469,active,2026-08-18T10:00:00+05:30
flt_922bc9a5,arl_b97400e0,QP-2780,apt_86c2c516,apt_6be6a548,2026-10-06T14:10:00+05:30,2026-10-06T19:04:00+05:30,294,1,A320neo,economy,251.274,active,2026-08-18T10:00:00+05:30
flt_781e6632,arl_508d631b,UL-7522,apt_d3a5784e,apt_e6c1d884,2026-10-04T16:00:00+05:30,2026-10-04T18:48:00+05:30,168,0,A320neo,"economy,business",184.569,active,2026-08-18T10:00:00+05:30
flt_cc77161d,arl_6317d870,UK-577,apt_bfd02a38,apt_05897d58,2026-10-30T08:30:00+05:30,2026-10-30T11:40:00+05:30,190,0,ATR-72,"economy,business",200.932,active,2026-08-18T10:00:00+05:30
flt_f2475357,arl_b97400e0,QP-6350,apt_86c2c516,apt_3810f0b5,2026-09-05T07:50:00+05:30,2026-09-05T12:33:00+05:30,283,0,B737-800,economy,336.296,active,2026-08-18T10:00:00+05:30
flt_11d24e09,arl_154ebf3d,EY-5806,apt_e6d0e6bf,apt_08ebf678,2026-11-01T10:50:00+05:30,2026-11-01T11:47:00+05:30,57,0,B787-8,"economy,business",2.848,active,2026-08-18T10:00:00+05:30
flt_e1c19b35,arl_154ebf3d,EY-2815,apt_2d4c99ed,apt_3810f0b5,2026-11-20T19:40:00+05:30,2026-11-20T22:32:00+05:30,172,0,A321,"economy,business",156.862,active,2026-08-18T10:00:00+05:30
flt_8bcb65d0,arl_b97400e0,QP-7986,apt_c077a39a,apt_5377e1f8,2026-11-13T20:10:00+05:30,2026-11-14T02:16:00+05:30,366,1,A320neo,economy,330.394,active,2026-08-18T10:00:00+05:30
flt_1e86ee41,arl_56da328b,GA-6400,apt_faa26bd2,apt_2d4c99ed,2026-10-27T07:50:00+05:30,2026-10-27T10:05:00+05:30,135,0,ATR-72,"economy,business",101.013,active,2026-08-18T10:00:00+05:30
flt_6bc14db4,arl_7784367f,KB-2292,apt_5835fac1,apt_98416c9d,2026-10-19T22:40:00+05:30,2026-10-20T00:52:00+05:30,132,0,B737-800,"economy,business",99.226,active,2026-08-18T10:00:00+05:30
flt_79248bc4,arl_7784367f,KB-6952,apt_ebff6148,apt_2d4c99ed,2026-11-09T15:30:00+05:30,2026-11-09T18:28:00+05:30,178,0,A321,"economy,business",187.036,active,2026-08-18T10:00:00+05:30
flt_cd459199,arl_692cd6f4,JL-6682,apt_54ebca59,apt_ebff6148,2026-10-01T05:50:00+05:30,2026-10-01T12:16:00+05:30,386,1,A320neo,"economy,business",347.33,active,2026-08-18T10:00:00+05:30
flt_8a7836dd,arl_2981080f,6E-2937,apt_5377e1f8,apt_86c2c516,2026-09-10T11:00:00+05:30,2026-09-10T15:48:00+05:30,288,0,B787-8,economy,308.148,active,2026-08-18T10:00:00+05:30
flt_a4c820cd,arl_8ac08b06,CZ-5653,apt_ee6be440,apt_3e80f233,2026-09-03T13:30:00+05:30,2026-09-03T16:46:00+05:30,196,0,ATR-72,"economy,business",216.983,active,2026-08-18T10:00:00+05:30
flt_582d7b94,arl_4939343e,SG-9080,apt_3810f0b5,apt_a7ea97c3,2026-11-15T22:20:00+05:30,2026-11-16T00:58:00+05:30,158,0,A321,economy,154.733,active,2026-08-18T10:00:00+05:30
flt_84afd3e2,arl_75d2a12c,QF-7065,apt_5835fac1,apt_faa26bd2,2026-09-26T12:00:00+05:30,2026-09-26T14:31:00+05:30,151,0,A320neo,"economy,business",123.989,active,2026-08-18T10:00:00+05:30
flt_814fd5c2,arl_534d3a8a,LH-3926,apt_d3a5784e,apt_a7ea97c3,2026-09-18T12:50:00+05:30,2026-09-18T14:08:00+05:30,78,0,A320neo,"economy,business",64.458,active,2026-08-18T10:00:00+05:30
flt_b85015ea,arl_154ebf3d,EY-6949,apt_2d4c99ed,apt_e6d0e6bf,2026-11-06T08:30:00+05:30,2026-11-06T11:30:00+05:30,180,0,A321,"economy,business",179.341,active,2026-08-18T10:00:00+05:30
flt_afa935ee,arl_6317d870,UK-8770,apt_ceec186e,apt_3e80f233,2026-11-12T12:20:00+05:30,2026-11-12T20:04:00+05:30,464,1,B737-800,"economy,business",473.189,active,2026-08-18T10:00:00+05:30
flt_7f28b972,arl_508d631b,UL-9848,apt_ebff6148,apt_5377e1f8,2026-11-20T17:00:00+05:30,2026-11-20T21:22:00+05:30,262,0,B787-8,"economy,business",284.614,active,2026-08-18T10:00:00+05:30
flt_b84bf511,arl_75d2a12c,QF-3471,apt_496144db,apt_98416c9d,2026-10-31T22:30:00+05:30,2026-11-01T00:47:00+05:30,137,0,ATR-72,"economy,business",112.51,active,2026-08-18T10:00:00+05:30
flt_e09f191d,arl_b97400e0,QP-1603,apt_54ebca59,apt_86c2c516,2026-10-20T05:20:00+05:30,2026-10-20T10:14:00+05:30,294,1,B787-8,economy,218.517,active,2026-08-18T10:00:00+05:30
flt_a89589db,arl_dbae8242,QR-6757,apt_ceec186e,apt_5835fac1,2026-11-03T14:10:00+05:30,2026-11-03T19:44:00+05:30,334,0,A320neo,"economy,business",378.47,active,2026-08-18T10:00:00+05:30
flt_5aabafd1,arl_077dea23,MH-8477,apt_c077a39a,apt_e6d0e6bf,2026-10-15T11:50:00+05:30,2026-10-15T17:20:00+05:30,330,0,B787-8,"economy,business",398.825,active,2026-08-18T10:00:00+05:30
flt_f81b61e3,arl_692cd6f4,JL-9769,apt_6ddc2fb6,apt_5377e1f8,2026-10-03T11:50:00+05:30,2026-10-03T13:54:00+05:30,124,0,A320neo,"economy,business",93.533,active,2026-08-18T10:00:00+05:30
flt_1a195f15,arl_cbee96ac,GF-2570,apt_eb8717c7,apt_3e80f233,2026-11-13T20:20:00+05:30,2026-11-14T02:39:00+05:30,379,0,,"economy,business",438.121,active,2026-08-18T10:00:00+05:30
flt_eec9fc46,arl_692cd6f4,JL-3058,apt_5835fac1,apt_faa26bd2,2026-11-05T12:30:00+05:30,2026-11-05T14:53:00+05:30,143,0,,"economy,business",123.989,active,2026-08-18T10:00:00+05:30
flt_6c85a194,arl_077dea23,MH-6461,apt_ceec186e,apt_6be6a548,2026-09-04T07:30:00+05:30,2026-09-04T14:00:00+05:30,390,0,,"economy,business",474.791,active,2026-08-18T10:00:00+05:30
flt_2b3ae5e0,arl_56da328b,GA-2036,apt_3e80f233,apt_6be6a548,2026-11-01T19:30:00+05:30,2026-11-01T20:24:00+05:30,54,0,ATR-72,"economy,business",28.387,active,2026-08-18T10:00:00+05:30
flt_94210ded,arl_2981080f,6E-7939,apt_30500fc8,apt_c0496aae,2026-10-11T15:50:00+05:30,2026-10-11T17:38:00+05:30,108,0,A320neo,economy,100.53,active,2026-08-18T10:00:00+05:30
flt_a5533368,arl_8ac08b06,CZ-1953,apt_5377e1f8,apt_5835fac1,2026-10-05T12:10:00+05:30,2026-10-05T13:17:00+05:30,67,0,,"economy,business",55.559,active,2026-08-18T10:00:00+05:30
flt_db9249f1,arl_b97400e0,QP-1681,apt_757e32fe,apt_faa26bd2,2026-10-25T18:00:00+05:30,2026-10-25T23:25:00+05:30,325,1,B787-8,economy,288.019,active,2026-08-18T10:00:00+05:30
flt_af72567d,arl_a0bf222e,KE-5241,apt_e6d0e6bf,apt_54ebca59,2026-11-10T05:50:00+05:30,2026-11-10T06:29:00+05:30,39,0,ATR-72,"economy,business",16.948,active,2026-08-18T10:00:00+05:30
flt_be887c0e,arl_2fae0fe3,KU-143,apt_ceec186e,apt_05897d58,2026-11-16T09:00:00+05:30,2026-11-16T15:47:00+05:30,407,1,A320neo,"economy,business",362.64,active,2026-08-18T10:00:00+05:30
flt_c1d2af59,arl_ef62470d,IX-2462,apt_bdf57d77,apt_ee6be440,2026-11-12T15:20:00+05:30,2026-11-12T17:43:00+05:30,143,0,A320neo,economy,126.44,active,2026-08-18T10:00:00+05:30
flt_03f25f91,arl_6317d870,UK-9509,apt_3e80f233,apt_d3a5784e,2026-10-22T20:50:00+05:30,2026-10-22T21:49:00+05:30,59,0,,"economy,business",4.053,active,2026-08-18T10:00:00+05:30
flt_dfb2caa3,arl_28f00e8b,EK-6705,apt_e6c1d884,apt_faa26bd2,2026-09-05T11:40:00+05:30,2026-09-05T14:38:00+05:30,178,0,B737-800,"economy,business",174.711,active,2026-08-18T10:00:00+05:30
flt_6a3d5661,arl_4939343e,SG-3946,apt_9a8714fa,apt_30500fc8,2026-11-22T18:20:00+05:30,2026-11-22T20:35:00+05:30,135,0,B737-800,economy,136.119,active,2026-08-18T10:00:00+05:30
flt_1dae5539,arl_28f00e8b,EK-7397,apt_c077a39a,apt_cb1113d2,2026-09-29T18:40:00+05:30,2026-09-29T23:15:00+05:30,275,1,B737-800,"economy,business",227.408,active,2026-08-18T10:00:00+05:30
flt_f542cfb8,arl_a487a152,RA-7075,apt_5835fac1,apt_6ddc2fb6,2026-11-11T06:30:00+05:30,2026-11-11T08:13:00+05:30,103,0,ATR-72,"economy,business",59.63,active,2026-08-18T10:00:00+05:30
flt_ae78aa00,arl_7784367f,KB-1876,apt_ebff6148,apt_3e80f233,2026-10-12T08:40:00+05:30,2026-10-12T13:34:00+05:30,294,0,B737-800,"economy,business",339.407,active,2026-08-18T10:00:00+05:30
flt_98d5e8ff,arl_dbae8242,QR-3942,apt_9dd20d55,apt_33c2d61a,2026-11-22T08:40:00+05:30,2026-11-22T21:32:00+05:30,772,1,A321,"economy,business",864.664,active,2026-08-18T10:00:00+05:30
flt_e8b3dc28,arl_8ac08b06,CZ-5908,apt_33c2d61a,apt_c077a39a,2026-10-06T16:00:00+05:30,2026-10-06T19:49:00+05:30,229,0,A320neo,"economy,business",230.247,active,2026-08-18T10:00:00+05:30
flt_72a28f7b,arl_56da328b,GA-4257,apt_ee6be440,apt_6be6a548,2026-09-23T05:10:00+05:30,2026-09-23T08:36:00+05:30,206,0,A321,"economy,business",239.849,active,2026-08-18T10:00:00+05:30
flt_f906f8a1,arl_8ac08b06,CZ-947,apt_ceec186e,apt_6ddc2fb6,2026-10-20T19:00:00+05:30,2026-10-20T23:52:00+05:30,292,0,A321,"economy,business",332.538,active,2026-08-18T10:00:00+05:30
flt_328772cf,arl_4939343e,SG-2059,apt_9a8714fa,apt_33c2d61a,2026-09-08T09:10:00+05:30,2026-09-08T16:26:00+05:30,436,0,B787-8,economy,527.506,active,2026-08-18T10:00:00+05:30
flt_0977a758,arl_a487a152,RA-5439,apt_5835fac1,apt_9a8714fa,2026-10-01T06:10:00+05:30,2026-10-01T07:22:00+05:30,72,0,ATR-72,"economy,business",59.978,active,2026-08-18T10:00:00+05:30
flt_4da0e85a,arl_a0bf222e,KE-9166,apt_6be6a548,apt_08ebf678,2026-11-05T21:30:00+05:30,2026-11-05T23:58:00+05:30,148,0,A321,"economy,business",134.948,active,2026-08-18T10:00:00+05:30
flt_503db6e2,arl_75d2a12c,QF-6950,apt_bdf57d77,apt_cb1113d2,2026-10-11T09:10:00+05:30,2026-10-11T18:07:00+05:30,537,0,B787-8,"economy,business",638.3,active,2026-08-18T10:00:00+05:30
flt_8257174c,arl_2fae0fe3,KU-8465,apt_54ebca59,apt_e6d0e6bf,2026-09-16T09:40:00+05:30,2026-09-16T10:29:00+05:30,49,0,B737-800,"economy,business",16.948,active,2026-08-18T10:00:00+05:30
flt_5a48a41d,arl_c56d378a,TG-6483,apt_05897d58,apt_d3a5784e,2026-11-27T17:00:00+05:30,2026-11-27T19:59:00+05:30,179,0,,"economy,business",180.707,active,2026-08-18T10:00:00+05:30
flt_5373d887,arl_68688da8,NZ-6773,apt_d3a5784e,apt_ad38af67,2026-09-23T10:10:00+05:30,2026-09-23T16:38:00+05:30,388,0,A321,"economy,business",474.564,active,2026-08-18T10:00:00+05:30
flt_7c425b6b,arl_2a88a2c3,UA-3318,apt_3810f0b5,apt_ebff6148,2026-11-23T09:40:00+05:30,2026-11-23T15:03:00+05:30,323,1,B787-8,"economy,business",251.537,active,2026-08-18T10:00:00+05:30
flt_d2799fce,arl_154ebf3d,EY-9553,apt_6ddc2fb6,apt_c1f65e85,2026-11-02T21:20:00+05:30,2026-11-02T23:18:00+05:30,118,0,A321,"economy,business",86.726,active,2026-08-18T10:00:00+05:30
flt_603e3aa6,arl_508d631b,UL-4644,apt_30500fc8,apt_05897d58,2026-11-08T10:10:00+05:30,2026-11-08T11:29:00+05:30,79,0,A320neo,"economy,business",44.016,active,2026-08-18T10:00:00+05:30
flt_b13989c0,arl_28f00e8b,EK-990,apt_c0496aae,apt_6ddc2fb6,2026-09-05T13:40:00+05:30,2026-09-05T15:16:00+05:30,96,0,B787-8,"economy,business",58.725,active,2026-08-18T10:00:00+05:30
flt_080f9739,arl_4939343e,SG-8906,apt_5377e1f8,apt_e6c1d884,2026-10-05T21:20:00+05:30,2026-10-05T22:13:00+05:30,53,0,B737-800,economy,33.222,active,2026-08-18T10:00:00+05:30
flt_ea5c76b9,arl_28f00e8b,EK-9099,apt_30500fc8,apt_eb8717c7,2026-09-15T19:20:00+05:30,2026-09-16T01:39:00+05:30,379,1,B787-8,"economy,business",334.391,active,2026-08-18T10:00:00+05:30
flt_d825bf36,arl_534d3a8a,LH-2345,apt_bfd02a38,apt_98416c9d,2026-09-16T16:30:00+05:30,2026-09-16T18:04:00+05:30,94,0,ATR-72,"economy,business",91.09,active,2026-08-18T10:00:00+05:30
flt_5c034f60,arl_c56d378a,TG-7146,apt_ee6be440,apt_ceec186e,2026-11-28T10:30:00+05:30,2026-11-28T17:12:00+05:30,402,1,B787-8,"economy,business",366.895,active,2026-08-18T10:00:00+05:30
flt_43d92511,arl_4939343e,SG-9236,apt_3e80f233,apt_bfd02a38,2026-10-24T15:00:00+05:30,2026-10-24T15:50:00+05:30,50,0,B737-800,economy,29.225,active,2026-08-18T10:00:00+05:30
flt_cd77bc5a,arl_508d631b,UL-6734,apt_30500fc8,apt_c077a39a,2026-11-21T12:50:00+05:30,2026-11-21T17:52:00+05:30,302,0,,"economy,business",333.616,active,2026-08-18T10:00:00+05:30
flt_297437a5,arl_28f00e8b,EK-2187,apt_54ebca59,apt_496144db,2026-11-25T11:40:00+05:30,2026-11-25T13:53:00+05:30,133,0,B737-800,"economy,business",141.216,active,2026-08-18T10:00:00+05:30
flt_4735e663,arl_403656a7,LX-7762,apt_ebff6148,apt_a7ea97c3,2026-10-09T06:40:00+05:30,2026-10-09T12:53:00+05:30,373,1,B737-800,"economy,business",356.482,active,2026-08-18T10:00:00+05:30
flt_099072e0,arl_841c6e99,AI-421,apt_e6c1d884,apt_bfd02a38,2026-09-19T20:20:00+05:30,2026-09-19T23:17:00+05:30,177,0,B787-8,"economy,business",201.951,active,2026-08-18T10:00:00+05:30
flt_293ec984,arl_4939343e,SG-306,apt_3e80f233,apt_c1f65e85,2026-11-07T15:00:00+05:30,2026-11-07T17:48:00+05:30,168,0,ATR-72,economy,155.098,active,2026-08-18T10:00:00+05:30
flt_c4b18437,arl_68688da8,NZ-194,apt_05897d58,apt_d3a5784e,2026-10-28T07:20:00+05:30,2026-10-28T10:02:00+05:30,162,0,A321,"economy,business",180.707,active,2026-08-18T10:00:00+05:30
flt_ef1d4056,arl_75d2a12c,QF-1159,apt_e6c1d884,apt_bfd02a38,2026-09-21T21:10:00+05:30,2026-09-22T00:09:00+05:30,179,0,A320neo,"economy,business",201.951,active,2026-08-18T10:00:00+05:30
flt_1b3dd391,arl_c56d378a,TG-9557,apt_eb8717c7,apt_5835fac1,2026-11-16T21:10:00+05:30,2026-11-17T02:09:00+05:30,299,0,B737-800,"economy,business",343.755,active,2026-08-18T10:00:00+05:30
flt_933fd3f7,arl_8ac08b06,CZ-807,apt_3810f0b5,apt_faa26bd2,2026-11-07T11:50:00+05:30,2026-11-07T14:37:00+05:30,167,0,A320neo,"economy,business",175.469,active,2026-08-18T10:00:00+05:30
flt_77bb9279,arl_508d631b,UL-3677,apt_d3a5784e,apt_08ebf678,2026-10-14T08:00:00+05:30,2026-10-14T10:04:00+05:30,124,0,B737-800,"economy,business",112.743,active,2026-08-18T10:00:00+05:30
flt_c420fcb3,arl_cbee96ac,GF-3063,apt_faa26bd2,apt_6be6a548,2026-10-02T13:30:00+05:30,2026-10-02T14:44:00+05:30,74,0,B737-800,"economy,business",46.556,active,2026-08-18T10:00:00+05:30
flt_12cf5a93,arl_403656a7,LX-358,apt_86c2c516,apt_30500fc8,2026-10-14T17:00:00+05:30,2026-10-14T23:03:00+05:30,363,1,ATR-72,"economy,business",320.879,active,2026-08-18T10:00:00+05:30
flt_b2186bff,arl_666b65b1,AC-5280,apt_e6c1d884,apt_6ddc2fb6,2026-09-04T08:50:00+05:30,2026-09-04T10:14:00+05:30,84,0,ATR-72,"economy,business",71.316,active,2026-08-18T10:00:00+05:30
flt_ccbfcc2f,arl_7f79d7b3,AF-9030,apt_33c2d61a,apt_2d4c99ed,2026-11-09T10:20:00+05:30,2026-11-09T17:21:00+05:30,421,0,A321,"economy,business",523.511,active,2026-08-18T10:00:00+05:30
flt_bde533ce,arl_8ac08b06,CZ-8270,apt_bdf57d77,apt_bfd02a38,2026-09-03T06:30:00+05:30,2026-09-03T08:51:00+05:30,141,0,A320neo,"economy,business",130.761,active,2026-08-18T10:00:00+05:30
flt_cfa015fc,arl_3a276287,BA-6594,apt_ad38af67,apt_a7ea97c3,2026-10-05T08:00:00+05:30,2026-10-05T14:54:00+05:30,414,0,B737-800,"economy,business",474.257,active,2026-08-18T10:00:00+05:30
flt_ab7c6220,arl_534d3a8a,LH-2340,apt_757e32fe,apt_05897d58,2026-10-21T19:00:00+05:30,2026-10-22T00:28:00+05:30,328,1,,"economy,business",284.668,active,2026-08-18T10:00:00+05:30
flt_209785b2,arl_3a276287,BA-226,apt_3e80f233,apt_08ebf678,2026-10-20T15:50:00+05:30,2026-10-20T17:56:00+05:30,126,0,ATR-72,"economy,business",108.707,active,2026-08-18T10:00:00+05:30
flt_6cf668fc,arl_2981080f,6E-7765,apt_9dd20d55,apt_ceec186e,2026-10-01T15:40:00+05:30,2026-10-02T00:48:00+05:30,548,0,A321,economy,671.818,active,2026-08-18T10:00:00+05:30
flt_ff53ae09,arl_8ac08b06,CZ-6707,apt_ceec186e,apt_33c2d61a,2026-09-28T06:40:00+05:30,2026-09-28T10:06:00+05:30,206,0,ATR-72,"economy,business",194.722,active,2026-08-18T10:00:00+05:30
flt_c0c11f2e,arl_7784367f,KB-8314,apt_cb1113d2,apt_6ddc2fb6,2026-11-09T21:10:00+05:30,2026-11-10T04:11:00+05:30,421,0,A320neo,"economy,business",524.41,active,2026-08-18T10:00:00+05:30
flt_d42df45f,arl_508d631b,UL-1204,apt_faa26bd2,apt_bdf57d77,2026-09-05T10:50:00+05:30,2026-09-05T13:17:00+05:30,147,0,A320neo,"economy,business",135.295,active,2026-08-18T10:00:00+05:30
flt_e63bee2e,arl_1cfc4640,SQ-6717,apt_e6d0e6bf,apt_757e32fe,2026-11-24T05:20:00+05:30,2026-11-24T11:14:00+05:30,354,1,A321,"economy,business",331.696,active,2026-08-18T10:00:00+05:30
flt_68e80c92,arl_7f79d7b3,AF-1848,apt_c0496aae,apt_ceec186e,2026-09-15T21:40:00+05:30,2026-09-16T03:02:00+05:30,322,0,B787-8,"economy,business",377.457,active,2026-08-18T10:00:00+05:30
flt_189c6abe,arl_841c6e99,AI-6537,apt_bdf57d77,apt_86c2c516,2026-10-16T06:20:00+05:30,2026-10-16T09:57:00+05:30,217,0,ATR-72,"economy,business",221.763,active,2026-08-18T10:00:00+05:30
flt_05eb93c8,arl_1cfc4640,SQ-5262,apt_6be6a548,apt_757e32fe,2026-10-02T05:30:00+05:30,2026-10-02T10:08:00+05:30,278,0,B737-800,"economy,business",334.486,active,2026-08-18T10:00:00+05:30
flt_5a9de684,arl_692cd6f4,JL-451,apt_e6d0e6bf,apt_cb1113d2,2026-11-20T21:10:00+05:30,2026-11-21T07:11:00+05:30,601,1,A320neo,"economy,business",624.529,active,2026-08-18T10:00:00+05:30
flt_31ad62fa,arl_ef62470d,IX-1425,apt_c077a39a,apt_496144db,2026-10-22T18:00:00+05:30,2026-10-23T01:08:00+05:30,428,1,A320neo,economy,394.488,active,2026-08-18T10:00:00+05:30
flt_80975e00,arl_a852cdd9,VJ-7172,apt_496144db,apt_c1f65e85,2026-11-15T20:20:00+05:30,2026-11-15T22:09:00+05:30,109,0,B787-8,economy,99.34,active,2026-08-18T10:00:00+05:30
flt_7054e8f8,arl_077dea23,MH-9659,apt_c077a39a,apt_cb1113d2,2026-10-30T21:10:00+05:30,2026-10-31T00:40:00+05:30,210,0,A321,"economy,business",227.408,active,2026-08-18T10:00:00+05:30
flt_5523b50f,arl_7f79d7b3,AF-2471,apt_d3a5784e,apt_6be6a548,2026-10-07T06:20:00+05:30,2026-10-07T07:25:00+05:30,65,0,B787-8,"economy,business",24.614,active,2026-08-18T10:00:00+05:30
flt_076f847c,arl_dbae8242,QR-2806,apt_3e80f233,apt_ceec186e,2026-11-01T05:20:00+05:30,2026-11-01T13:20:00+05:30,480,1,ATR-72,"economy,business",473.189,active,2026-08-18T10:00:00+05:30
flt_244c7426,arl_c56d378a,TG-5561,apt_9a8714fa,apt_ad38af67,2026-10-05T05:40:00+05:30,2026-10-05T10:48:00+05:30,308,0,ATR-72,"economy,business",332.817,active,2026-08-18T10:00:00+05:30
flt_a12e8a17,arl_1cfc4640,SQ-5847,apt_c1f65e85,apt_2d4c99ed,2026-10-14T16:40:00+05:30,2026-10-14T17:13:00+05:30,33,0,A320neo,"economy,business",1.235,active,2026-08-18T10:00:00+05:30
flt_d94fc446,arl_a852cdd9,VJ-8619,apt_ad38af67,apt_2d4c99ed,2026-11-09T15:20:00+05:30,2026-11-09T21:14:00+05:30,354,1,ATR-72,economy,333.475,active,2026-08-18T10:00:00+05:30
flt_41d4d06f,arl_2a88a2c3,UA-6953,apt_6ddc2fb6,apt_a7ea97c3,2026-10-10T20:30:00+05:30,2026-10-10T23:00:00+05:30,150,0,A320neo,"economy,business",142.91,active,2026-08-18T10:00:00+05:30
flt_c0f59fc5,arl_dbae8242,QR-8952,apt_05897d58,apt_cb1113d2,2026-09-04T09:30:00+05:30,2026-09-04T16:51:00+05:30,441,0,A320neo,"economy,business",550.233,active,2026-08-18T10:00:00+05:30
flt_0921c72c,arl_666b65b1,AC-9889,apt_ee6be440,apt_d3a5784e,2026-09-16T13:30:00+05:30,2026-09-16T18:10:00+05:30,280,1,B787-8,"economy,business",220.829,active,2026-08-18T10:00:00+05:30
flt_91bfeef0,arl_7784367f,KB-2436,apt_496144db,apt_05897d58,2026-10-01T18:50:00+05:30,2026-10-01T21:41:00+05:30,171,0,,"economy,business",183.028,active,2026-08-18T10:00:00+05:30
flt_c4070a8b,arl_403656a7,LX-5837,apt_2d4c99ed,apt_6be6a548,2026-11-05T22:10:00+05:30,2026-11-06T00:33:00+05:30,143,0,B737-800,"economy,business",147.544,active,2026-08-18T10:00:00+05:30
flt_6f9cdf79,arl_2fae0fe3,KU-2912,apt_c077a39a,apt_30500fc8,2026-11-22T22:40:00+05:30,2026-11-23T03:37:00+05:30,297,0,ATR-72,"economy,business",333.616,active,2026-08-18T10:00:00+05:30
flt_27e3fe9a,arl_403656a7,LX-6125,apt_9dd20d55,apt_3e80f233,2026-10-24T05:50:00+05:30,2026-10-24T10:28:00+05:30,278,1,A320neo,"economy,business",236.721,active,2026-08-18T10:00:00+05:30
flt_1ac50372,arl_8ac08b06,CZ-1415,apt_d3a5784e,apt_54ebca59,2026-11-03T13:30:00+05:30,2026-11-03T15:38:00+05:30,128,0,B737-800,"economy,business",108.003,active,2026-08-18T10:00:00+05:30
flt_7e7d047c,arl_692cd6f4,JL-6658,apt_3810f0b5,apt_c077a39a,2026-10-10T06:20:00+05:30,2026-10-10T10:40:00+05:30,260,0,A321,"economy,business",299.533,active,2026-08-18T10:00:00+05:30
flt_6c6da481,arl_a852cdd9,VJ-2981,apt_757e32fe,apt_2d4c99ed,2026-11-08T17:30:00+05:30,2026-11-08T20:24:00+05:30,174,0,,economy,187.061,active,2026-08-18T10:00:00+05:30
flt_c4755f77,arl_56da328b,GA-4854,apt_54ebca59,apt_ceec186e,2026-10-16T20:30:00+05:30,2026-10-17T04:21:00+05:30,471,1,B737-800,"economy,business",450.794,active,2026-08-18T10:00:00+05:30
flt_08881b2f,arl_dbae8242,QR-7609,apt_faa26bd2,apt_ee6be440,2026-09-18T14:50:00+05:30,2026-09-18T19:35:00+05:30,285,1,B787-8,"economy,business",225.763,active,2026-08-18T10:00:00+05:30
flt_8b82eed6,arl_403656a7,LX-8200,apt_a7ea97c3,apt_496144db,2026-09-07T05:10:00+05:30,2026-09-07T07:25:00+05:30,135,0,B737-800,"economy,business",110.952,active,2026-08-18T10:00:00+05:30
flt_d865161c,arl_68688da8,NZ-2624,apt_2d4c99ed,apt_c077a39a,2026-09-27T08:00:00+05:30,2026-09-27T12:13:00+05:30,253,0,B737-800,"economy,business",299.644,active,2026-08-18T10:00:00+05:30
flt_db2e28e7,arl_508d631b,UL-1635,apt_bfd02a38,apt_98416c9d,2026-09-22T07:20:00+05:30,2026-09-22T09:02:00+05:30,102,0,ATR-72,"economy,business",91.09,active,2026-08-18T10:00:00+05:30
flt_a6a8e4bd,arl_3a276287,BA-8110,apt_e6d0e6bf,apt_faa26bd2,2026-09-21T16:30:00+05:30,2026-09-21T18:56:00+05:30,146,0,ATR-72,"economy,business",133.308,active,2026-08-18T10:00:00+05:30
flt_d80d5b0a,arl_403656a7,LX-4709,apt_6be6a548,apt_3810f0b5,2026-10-12T21:20:00+05:30,2026-10-13T00:15:00+05:30,175,0,,"economy,business",199.559,active,2026-08-18T10:00:00+05:30
flt_be85e952,arl_28f00e8b,EK-9700,apt_98416c9d,apt_2d4c99ed,2026-10-01T09:10:00+05:30,2026-10-01T12:11:00+05:30,181,0,B787-8,"economy,business",185.778,active,2026-08-18T10:00:00+05:30
flt_fc7ed997,arl_2a88a2c3,UA-2367,apt_496144db,apt_ceec186e,2026-10-08T15:40:00+05:30,2026-10-08T23:14:00+05:30,454,1,B787-8,"economy,business",429.389,active,2026-08-18T10:00:00+05:30
flt_acf685f9,arl_75d2a12c,QF-4287,apt_9dd20d55,apt_33c2d61a,2026-11-07T22:50:00+05:30,2026-11-08T11:45:00+05:30,775,1,A320neo,"economy,business",864.664,active,2026-08-18T10:00:00+05:30
flt_8d95e8eb,arl_8ac08b06,CZ-2672,apt_e6d0e6bf,apt_c1f65e85,2026-09-22T05:20:00+05:30,2026-09-22T08:03:00+05:30,163,0,B787-8,"economy,business",180.169,active,2026-08-18T10:00:00+05:30
flt_11407b02,arl_4939343e,SG-7430,apt_9dd20d55,apt_ceec186e,2026-09-20T08:40:00+05:30,2026-09-20T17:41:00+05:30,541,0,ATR-72,economy,671.818,active,2026-08-18T10:00:00+05:30
flt_ec23c3c9,arl_a852cdd9,VJ-2998,apt_757e32fe,apt_3810f0b5,2026-10-23T15:10:00+05:30,2026-10-23T19:05:00+05:30,235,0,B787-8,economy,252.654,active,2026-08-18T10:00:00+05:30
flt_0fcb827a,arl_6317d870,UK-5502,apt_ceec186e,apt_c1f65e85,2026-09-07T22:00:00+05:30,2026-09-08T04:22:00+05:30,382,1,A321,"economy,business",334.393,active,2026-08-18T10:00:00+05:30
flt_6f78f237,arl_692cd6f4,JL-2751,apt_33c2d61a,apt_86c2c516,2026-11-21T10:40:00+05:30,2026-11-21T22:09:00+05:30,689,0,B787-8,"economy,business",862.157,active,2026-08-18T10:00:00+05:30
flt_1b559a56,arl_8ac08b06,CZ-4419,apt_54ebca59,apt_ebff6148,2026-11-14T10:50:00+05:30,2026-11-14T15:54:00+05:30,304,0,ATR-72,"economy,business",347.33,active,2026-08-18T10:00:00+05:30
flt_abd1d7cb,arl_2a88a2c3,UA-2304,apt_e6c1d884,apt_ee6be440,2026-09-15T19:10:00+05:30,2026-09-15T20:49:00+05:30,99,0,B737-800,"economy,business",67.116,active,2026-08-18T10:00:00+05:30
flt_41b02b5e,arl_154ebf3d,EY-1970,apt_c0496aae,apt_c077a39a,2026-10-29T10:50:00+05:30,2026-10-29T17:16:00+05:30,386,1,A320neo,"economy,business",342.198,active,2026-08-18T10:00:00+05:30
flt_4e545ce0,arl_75d2a12c,QF-9904,apt_3810f0b5,apt_ceec186e,2026-10-22T18:20:00+05:30,2026-10-23T00:28:00+05:30,368,1,A320neo,"economy,business",334.014,active,2026-08-18T10:00:00+05:30
flt_471aa268,arl_666b65b1,AC-2955,apt_c1f65e85,apt_9a8714fa,2026-11-26T14:50:00+05:30,2026-11-26T16:23:00+05:30,93,0,B737-800,"economy,business",85.961,active,2026-08-18T10:00:00+05:30
flt_c90c4f94,arl_6317d870,UK-943,apt_cb1113d2,apt_eb8717c7,2026-09-14T08:40:00+05:30,2026-09-14T13:45:00+05:30,305,1,B787-8,"economy,business",226.97,active,2026-08-18T10:00:00+05:30
flt_2c38ede7,arl_cbee96ac,GF-2797,apt_bfd02a38,apt_33c2d61a,2026-10-11T16:40:00+05:30,2026-10-12T03:01:00+05:30,621,1,ATR-72,"economy,business",671.121,active,2026-08-18T10:00:00+05:30
flt_b526ffe5,arl_841c6e99,AI-9900,apt_05897d58,apt_3e80f233,2026-09-28T09:00:00+05:30,2026-09-28T11:59:00+05:30,179,0,A321,"economy,business",177.024,active,2026-08-18T10:00:00+05:30
flt_81fd4bca,arl_841c6e99,AI-4459,apt_98416c9d,apt_ceec186e,2026-10-06T21:30:00+05:30,2026-10-07T04:17:00+05:30,407,0,B787-8,"economy,business",474.947,active,2026-08-18T10:00:00+05:30
flt_1f89f76a,arl_a0bf222e,KE-7894,apt_5377e1f8,apt_3e80f233,2026-10-22T16:20:00+05:30,2026-10-22T19:02:00+05:30,162,0,B737-800,"economy,business",174.906,active,2026-08-18T10:00:00+05:30
flt_e82e326c,arl_403656a7,LX-9789,apt_ebff6148,apt_c077a39a,2026-10-02T15:00:00+05:30,2026-10-02T17:18:00+05:30,138,0,A321,"economy,business",135.245,active,2026-08-18T10:00:00+05:30
flt_e30c7b59,arl_a852cdd9,VJ-1214,apt_86c2c516,apt_a7ea97c3,2026-10-28T14:00:00+05:30,2026-10-28T17:23:00+05:30,203,0,B787-8,economy,203.142,active,2026-08-18T10:00:00+05:30
flt_c45b817a,arl_8ac08b06,CZ-8283,apt_2d4c99ed,apt_3810f0b5,2026-10-02T18:00:00+05:30,2026-10-02T20:30:00+05:30,150,0,A321,"economy,business",156.862,active,2026-08-18T10:00:00+05:30
flt_9ee05470,arl_c56d378a,TG-870,apt_5835fac1,apt_3e80f233,2026-11-07T05:50:00+05:30,2026-11-07T08:00:00+05:30,130,0,ATR-72,"economy,business",123.5,active,2026-08-18T10:00:00+05:30
flt_2d84314b,arl_a487a152,RA-6413,apt_bfd02a38,apt_9a8714fa,2026-10-13T22:40:00+05:30,2026-10-14T01:03:00+05:30,143,0,ATR-72,"economy,business",156.257,active,2026-08-18T10:00:00+05:30
flt_34a5a7fa,arl_a0bf222e,KE-1880,apt_86c2c516,apt_08ebf678,2026-09-02T14:30:00+05:30,2026-09-02T18:21:00+05:30,231,0,A320neo,"economy,business",235.774,active,2026-08-18T10:00:00+05:30
flt_b1892432,arl_1cfc4640,SQ-409,apt_e6d0e6bf,apt_86c2c516,2026-10-31T14:30:00+05:30,2026-10-31T19:24:00+05:30,294,1,A320neo,"economy,business",235.446,active,2026-08-18T10:00:00+05:30
flt_b975a6c0,arl_28f00e8b,EK-8045,apt_9dd20d55,apt_05897d58,2026-09-20T19:00:00+05:30,2026-09-21T00:41:00+05:30,341,1,B787-8,"economy,business",312.564,active,2026-08-18T10:00:00+05:30
flt_bda6ff87,arl_75d2a12c,QF-8775,apt_d3a5784e,apt_faa26bd2,2026-09-24T21:30:00+05:30,2026-09-24T23:00:00+05:30,90,0,ATR-72,"economy,business",57.929,active,2026-08-18T10:00:00+05:30
flt_b27f56dd,arl_56da328b,GA-3977,apt_bfd02a38,apt_e6c1d884,2026-11-10T07:10:00+05:30,2026-11-10T10:18:00+05:30,188,0,A320neo,"economy,business",201.951,active,2026-08-18T10:00:00+05:30
flt_f71d7d37,arl_2981080f,6E-7572,apt_496144db,apt_e6d0e6bf,2026-09-19T11:20:00+05:30,2026-09-19T13:51:00+05:30,151,0,A321,economy,135.88,active,2026-08-18T10:00:00+05:30
flt_3c73f594,arl_403656a7,LX-251,apt_33c2d61a,apt_3810f0b5,2026-11-19T18:50:00+05:30,2026-11-20T03:33:00+05:30,523,1,A320neo,"economy,business",525.95,active,2026-08-18T10:00:00+05:30
flt_8d43a9f0,arl_403656a7,LX-4257,apt_bfd02a38,apt_c1f65e85,2026-09-18T10:30:00+05:30,2026-09-18T12:57:00+05:30,147,0,B787-8,"economy,business",150.902,active,2026-08-18T10:00:00+05:30
flt_a7646cfd,arl_2fae0fe3,KU-3900,apt_bfd02a38,apt_86c2c516,2026-09-03T22:50:00+05:30,2026-09-04T02:31:00+05:30,221,0,A321,"economy,business",248.999,active,2026-08-18T10:00:00+05:30
flt_2144fd06,arl_508d631b,UL-5618,apt_c0496aae,apt_ebff6148,2026-11-06T19:10:00+05:30,2026-11-07T00:33:00+05:30,323,1,B737-800,"economy,business",273.647,active,2026-08-18T10:00:00+05:30
flt_ea080436,arl_692cd6f4,JL-9045,apt_05897d58,apt_98416c9d,2026-10-06T20:30:00+05:30,2026-10-06T23:03:00+05:30,153,0,B787-8,"economy,business",140.054,active,2026-08-18T10:00:00+05:30
flt_64a455cc,arl_692cd6f4,JL-9603,apt_30500fc8,apt_5377e1f8,2026-11-28T20:50:00+05:30,2026-11-28T22:08:00+05:30,78,0,ATR-72,"economy,business",45.395,active,2026-08-18T10:00:00+05:30
flt_3125db64,arl_a852cdd9,VJ-2910,apt_bfd02a38,apt_c077a39a,2026-09-28T07:20:00+05:30,2026-09-28T14:53:00+05:30,453,1,B737-800,economy,443.309,active,2026-08-18T10:00:00+05:30
flt_ef6ed1aa,arl_68688da8,NZ-4271,apt_33c2d61a,apt_30500fc8,2026-11-04T08:00:00+05:30,2026-11-04T15:55:00+05:30,475,0,,"economy,business",551.393,active,2026-08-18T10:00:00+05:30
flt_43c491b0,arl_68688da8,NZ-3994,apt_e6d0e6bf,apt_757e32fe,2026-09-25T08:00:00+05:30,2026-09-25T12:52:00+05:30,292,0,A321,"economy,business",331.696,active,2026-08-18T10:00:00+05:30
flt_88119bde,arl_c56d378a,TG-9152,apt_c0496aae,apt_ad38af67,2026-11-12T13:30:00+05:30,2026-11-12T20:06:00+05:30,396,1,B737-800,"economy,business",377.646,active,2026-08-18T10:00:00+05:30
flt_0be40aaf,arl_56da328b,GA-1463,apt_c077a39a,apt_cb1113d2,2026-09-05T05:50:00+05:30,2026-09-05T10:53:00+05:30,303,1,A320neo,"economy,business",227.408,active,2026-08-18T10:00:00+05:30
flt_495f3e73,arl_b97400e0,QP-7283,apt_757e32fe,apt_d3a5784e,2026-09-02T14:00:00+05:30,2026-09-02T18:51:00+05:30,291,0,ATR-72,economy,340.161,active,2026-08-18T10:00:00+05:30
flt_a5d2b677,arl_b97400e0,QP-9866,apt_bdf57d77,apt_757e32fe,2026-10-24T12:40:00+05:30,2026-10-24T17:49:00+05:30,309,0,A320neo,economy,344.287,active,2026-08-18T10:00:00+05:30
flt_ab2383cc,arl_154ebf3d,EY-3594,apt_08ebf678,apt_c077a39a,2026-10-09T11:10:00+05:30,2026-10-09T16:56:00+05:30,346,0,ATR-72,"economy,business",398.44,active,2026-08-18T10:00:00+05:30
flt_b8f54cb2,arl_077dea23,MH-8591,apt_d3a5784e,apt_c0496aae,2026-11-26T19:50:00+05:30,2026-11-26T21:58:00+05:30,128,0,A320neo,"economy,business",127.513,active,2026-08-18T10:00:00+05:30
flt_25cecc66,arl_4939343e,SG-7846,apt_86c2c516,apt_e6d0e6bf,2026-10-26T14:40:00+05:30,2026-10-26T18:08:00+05:30,208,0,ATR-72,economy,235.446,active,2026-08-18T10:00:00+05:30
flt_cc99f396,arl_56da328b,GA-3090,apt_9dd20d55,apt_e6d0e6bf,2026-09-07T19:10:00+05:30,2026-09-07T22:57:00+05:30,227,0,B737-800,"economy,business",238.136,active,2026-08-18T10:00:00+05:30
flt_a2fd660a,arl_2981080f,6E-2352,apt_6be6a548,apt_05897d58,2026-10-13T17:30:00+05:30,2026-10-13T20:30:00+05:30,180,0,B737-800,economy,198.156,active,2026-08-18T10:00:00+05:30
flt_6b30cba7,arl_7f79d7b3,AF-6863,apt_3810f0b5,apt_5835fac1,2026-10-26T13:40:00+05:30,2026-10-26T14:54:00+05:30,74,0,A321,"economy,business",58.746,active,2026-08-18T10:00:00+05:30
flt_21ce13fb,arl_b97400e0,QP-713,apt_c077a39a,apt_eb8717c7,2026-10-28T16:00:00+05:30,2026-10-28T16:42:00+05:30,42,0,B737-800,economy,1.013,active,2026-08-18T10:00:00+05:30
flt_0acdf620,arl_666b65b1,AC-1792,apt_3e80f233,apt_d3a5784e,2026-11-14T20:40:00+05:30,2026-11-14T21:32:00+05:30,52,0,ATR-72,"economy,business",4.053,active,2026-08-18T10:00:00+05:30
flt_312ffebb,arl_2a88a2c3,UA-9968,apt_3810f0b5,apt_bdf57d77,2026-10-21T17:40:00+05:30,2026-10-21T19:58:00+05:30,138,0,A321,"economy,business",117.523,active,2026-08-18T10:00:00+05:30
flt_1025e416,arl_c56d378a,TG-325,apt_05897d58,apt_bfd02a38,2026-09-13T20:40:00+05:30,2026-09-13T23:43:00+05:30,183,0,,"economy,business",200.932,active,2026-08-18T10:00:00+05:30
flt_8390e489,arl_dbae8242,QR-3660,apt_5835fac1,apt_86c2c516,2026-10-21T06:00:00+05:30,2026-10-21T11:50:00+05:30,350,1,A321,"economy,business",291.684,active,2026-08-18T10:00:00+05:30
flt_88f574c1,arl_692cd6f4,JL-1659,apt_eb8717c7,apt_e6c1d884,2026-11-01T08:30:00+05:30,2026-11-01T13:15:00+05:30,285,0,B737-800,"economy,business",300.432,active,2026-08-18T10:00:00+05:30
flt_08093095,arl_4939343e,SG-7194,apt_5835fac1,apt_c0496aae,2026-09-25T05:40:00+05:30,2026-09-25T06:35:00+05:30,55,0,A320neo,economy,1.026,active,2026-08-18T10:00:00+05:30
flt_5fe6abe7,arl_7f79d7b3,AF-6338,apt_ee6be440,apt_9dd20d55,2026-11-28T20:00:00+05:30,2026-11-29T00:50:00+05:30,290,0,ATR-72,"economy,business",322.586,active,2026-08-18T10:00:00+05:30
flt_428dfa7b,arl_56da328b,GA-4478,apt_54ebca59,apt_98416c9d,2026-11-04T08:40:00+05:30,2026-11-04T09:55:00+05:30,75,0,A321,"economy,business",47.647,active,2026-08-18T10:00:00+05:30
flt_33a2b4f4,arl_dbae8242,QR-3899,apt_ebff6148,apt_496144db,2026-09-30T22:40:00+05:30,2026-10-01T04:18:00+05:30,338,1,A321,"economy,business",286.492,active,2026-08-18T10:00:00+05:30
flt_d5c30bff,arl_403656a7,LX-5955,apt_c1f65e85,apt_2d4c99ed,2026-10-20T22:50:00+05:30,2026-10-20T23:18:00+05:30,28,0,B737-800,"economy,business",1.235,active,2026-08-18T10:00:00+05:30
flt_20e96035,arl_56da328b,GA-7841,apt_e6d0e6bf,apt_c077a39a,2026-11-17T15:20:00+05:30,2026-11-17T21:09:00+05:30,349,0,ATR-72,"economy,business",398.825,active,2026-08-18T10:00:00+05:30
flt_55451ff3,arl_534d3a8a,LH-5444,apt_6ddc2fb6,apt_ceec186e,2026-10-27T18:20:00+05:30,2026-10-27T23:22:00+05:30,302,0,A321,"economy,business",332.538,active,2026-08-18T10:00:00+05:30
flt_ee40fc12,arl_4939343e,SG-8926,apt_e6d0e6bf,apt_ad38af67,2026-10-03T22:20:00+05:30,2026-10-04T05:51:00+05:30,451,1,B737-800,economy,434.153,active,2026-08-18T10:00:00+05:30
flt_1957abcd,arl_ef62470d,IX-1675,apt_2d4c99ed,apt_faa26bd2,2026-11-10T13:50:00+05:30,2026-11-10T15:38:00+05:30,108,0,A321,economy,101.013,active,2026-08-18T10:00:00+05:30
flt_765eb903,arl_534d3a8a,LH-9736,apt_a7ea97c3,apt_faa26bd2,2026-11-29T10:30:00+05:30,2026-11-29T12:30:00+05:30,120,0,B787-8,"economy,business",108.132,active,2026-08-18T10:00:00+05:30
flt_0744d3b4,arl_4939343e,SG-1553,apt_bfd02a38,apt_bdf57d77,2026-11-10T15:00:00+05:30,2026-11-10T17:30:00+05:30,150,0,A320neo,economy,130.761,active,2026-08-18T10:00:00+05:30
flt_71a5339c,arl_7784367f,KB-6123,apt_05897d58,apt_bfd02a38,2026-11-21T21:30:00+05:30,2026-11-22T00:58:00+05:30,208,0,A321,"economy,business",200.932,active,2026-08-18T10:00:00+05:30
flt_f2f4c94a,arl_2981080f,6E-2859,apt_9a8714fa,apt_d3a5784e,2026-11-02T05:00:00+05:30,2026-11-02T07:28:00+05:30,148,0,ATR-72,economy,146.17,active,2026-08-18T10:00:00+05:30
flt_5ecfe6dc,arl_28f00e8b,EK-3909,apt_757e32fe,apt_5377e1f8,2026-10-01T14:40:00+05:30,2026-10-01T19:01:00+05:30,261,0,B737-800,"economy,business",285.717,active,2026-08-18T10:00:00+05:30
flt_f0220c2c,arl_6317d870,UK-6306,apt_757e32fe,apt_496144db,2026-11-15T08:50:00+05:30,2026-11-15T13:02:00+05:30,252,0,ATR-72,"economy,business",286.531,active,2026-08-18T10:00:00+05:30
flt_6e3c9408,arl_a487a152,RA-3262,apt_757e32fe,apt_98416c9d,2026-11-20T20:20:00+05:30,2026-11-21T02:34:00+05:30,374,1,A321,"economy,business",358.142,active,2026-08-18T10:00:00+05:30
flt_22183d48,arl_1cfc4640,SQ-9333,apt_2d4c99ed,apt_eb8717c7,2026-11-16T22:00:00+05:30,2026-11-17T03:53:00+05:30,353,1,A321,"economy,business",299.793,active,2026-08-18T10:00:00+05:30
flt_b3d8e2e1,arl_841c6e99,AI-354,apt_cb1113d2,apt_eb8717c7,2026-09-20T19:20:00+05:30,2026-09-20T22:50:00+05:30,210,0,B737-800,"economy,business",226.97,active,2026-08-18T10:00:00+05:30
flt_f0c23e4a,arl_cbee96ac,GF-3785,apt_3e80f233,apt_eb8717c7,2026-09-01T19:50:00+05:30,2026-09-02T01:54:00+05:30,364,0,A320neo,"economy,business",438.121,active,2026-08-18T10:00:00+05:30
flt_ff4336b8,arl_692cd6f4,JL-5709,apt_ad38af67,apt_ee6be440,2026-11-21T16:30:00+05:30,2026-11-21T21:50:00+05:30,320,0,B737-800,"economy,business",367.51,active,2026-08-18T10:00:00+05:30
flt_e7e1a080,arl_a487a152,RA-7375,apt_3e80f233,apt_c077a39a,2026-10-01T05:20:00+05:30,2026-10-01T11:49:00+05:30,389,0,A320neo,"economy,business",437.774,active,2026-08-18T10:00:00+05:30
flt_7dcd9acc,arl_1cfc4640,SQ-1526,apt_5835fac1,apt_ceec186e,2026-10-18T05:10:00+05:30,2026-10-18T11:39:00+05:30,389,1,A320neo,"economy,business",378.47,active,2026-08-18T10:00:00+05:30
flt_5ab28ca3,arl_75d2a12c,QF-6655,apt_d3a5784e,apt_6ddc2fb6,2026-10-08T22:00:00+05:30,2026-10-09T00:25:00+05:30,145,0,A320neo,"economy,business",146.653,active,2026-08-18T10:00:00+05:30
flt_c826beca,arl_403656a7,LX-2627,apt_c0496aae,apt_e6d0e6bf,2026-10-30T09:40:00+05:30,2026-10-30T10:55:00+05:30,75,0,ATR-72,"economy,business",57.941,active,2026-08-18T10:00:00+05:30
flt_17e39adf,arl_a852cdd9,VJ-7864,apt_c1f65e85,apt_33c2d61a,2026-10-24T05:00:00+05:30,2026-10-24T13:39:00+05:30,519,1,ATR-72,economy,523.908,active,2026-08-18T10:00:00+05:30
flt_eaf41f1f,arl_2981080f,6E-1402,apt_c0496aae,apt_496144db,2026-09-15T11:20:00+05:30,2026-09-15T13:20:00+05:30,120,0,A321,economy,125.96,active,2026-08-18T10:00:00+05:30
flt_5ebddc3d,arl_6317d870,UK-9778,apt_05897d58,apt_5377e1f8,2026-11-26T19:00:00+05:30,2026-11-26T19:48:00+05:30,48,0,ATR-72,"economy,business",2.323,active,2026-08-18T10:00:00+05:30
flt_f36e135a,arl_403656a7,LX-2951,apt_6be6a548,apt_c077a39a,2026-11-10T11:20:00+05:30,2026-11-10T17:29:00+05:30,369,0,ATR-72,"economy,business",439.646,active,2026-08-18T10:00:00+05:30
flt_587c0981,arl_2a88a2c3,UA-6077,apt_08ebf678,apt_faa26bd2,2026-11-28T18:30:00+05:30,2026-11-28T21:09:00+05:30,159,0,,"economy,business",136.017,active,2026-08-18T10:00:00+05:30
flt_a0433f72,arl_403656a7,LX-3524,apt_ad38af67,apt_5377e1f8,2026-09-29T13:00:00+05:30,2026-09-29T19:32:00+05:30,392,1,ATR-72,"economy,business",364.93,active,2026-08-18T10:00:00+05:30
flt_cf93fb63,arl_8ac08b06,CZ-1824,apt_6be6a548,apt_3810f0b5,2026-11-10T20:50:00+05:30,2026-11-11T00:01:00+05:30,191,0,B787-8,"economy,business",199.559,active,2026-08-18T10:00:00+05:30
flt_584cbc5c,arl_154ebf3d,EY-9041,apt_faa26bd2,apt_cb1113d2,2026-10-11T09:20:00+05:30,2026-10-11T18:00:00+05:30,520,0,A320neo,"economy,business",619.512,active,2026-08-18T10:00:00+05:30
flt_4ac50780,arl_666b65b1,AC-5867,apt_c1f65e85,apt_ad38af67,2026-09-22T22:30:00+05:30,2026-09-23T04:32:00+05:30,362,1,B737-800,"economy,business",333.995,active,2026-08-18T10:00:00+05:30
flt_359eadff,arl_508d631b,UL-9513,apt_ee6be440,apt_6be6a548,2026-10-19T19:20:00+05:30,2026-10-20T00:30:00+05:30,310,1,B787-8,"economy,business",239.849,active,2026-08-18T10:00:00+05:30
flt_0b466bf4,arl_077dea23,MH-5727,apt_3e80f233,apt_3810f0b5,2026-10-01T06:40:00+05:30,2026-10-01T09:41:00+05:30,181,0,B737-800,"economy,business",181.955,active,2026-08-18T10:00:00+05:30
flt_61c05b16,arl_7784367f,KB-8190,apt_5377e1f8,apt_bdf57d77,2026-11-02T10:40:00+05:30,2026-11-02T12:39:00+05:30,119,0,B737-800,"economy,business",95.052,active,2026-08-18T10:00:00+05:30
flt_7320579b,arl_cbee96ac,GF-5399,apt_c1f65e85,apt_c077a39a,2026-10-28T13:50:00+05:30,2026-10-28T18:10:00+05:30,260,0,A321,"economy,business",300.204,active,2026-08-18T10:00:00+05:30
flt_5ca93604,arl_2981080f,6E-1525,apt_faa26bd2,apt_c0496aae,2026-09-25T20:10:00+05:30,2026-09-25T22:33:00+05:30,143,0,A320neo,economy,124.139,active,2026-08-18T10:00:00+05:30
flt_682f7c98,arl_1cfc4640,SQ-8017,apt_98416c9d,apt_eb8717c7,2026-10-26T12:20:00+05:30,2026-10-26T19:43:00+05:30,443,1,A321,"economy,business",439.97,active,2026-08-18T10:00:00+05:30
flt_f0e190c6,arl_692cd6f4,JL-4720,apt_757e32fe,apt_54ebca59,2026-11-06T09:30:00+05:30,2026-11-06T15:48:00+05:30,378,1,A320neo,"economy,business",348.075,active,2026-08-18T10:00:00+05:30
flt_904928ed,arl_4939343e,SG-8962,apt_5835fac1,apt_3e80f233,2026-10-18T21:20:00+05:30,2026-10-18T23:19:00+05:30,119,0,A321,economy,123.5,active,2026-08-18T10:00:00+05:30
flt_377e5950,arl_75d2a12c,QF-4367,apt_3810f0b5,apt_e6d0e6bf,2026-11-15T21:20:00+05:30,2026-11-15T23:31:00+05:30,131,0,A321,"economy,business",103.942,active,2026-08-18T10:00:00+05:30
flt_d4193a7c,arl_6317d870,UK-2740,apt_6be6a548,apt_2d4c99ed,2026-11-01T11:20:00+05:30,2026-11-01T13:58:00+05:30,158,0,A321,"economy,business",147.544,active,2026-08-18T10:00:00+05:30
flt_d5a406eb,arl_cbee96ac,GF-7753,apt_ee6be440,apt_2d4c99ed,2026-10-29T14:20:00+05:30,2026-10-29T17:38:00+05:30,198,0,B787-8,"economy,business",222.354,active,2026-08-18T10:00:00+05:30
flt_06391bf6,arl_666b65b1,AC-2580,apt_2d4c99ed,apt_98416c9d,2026-10-27T10:00:00+05:30,2026-10-27T12:50:00+05:30,170,0,B787-8,"economy,business",185.778,active,2026-08-18T10:00:00+05:30
flt_4f75767f,arl_a0bf222e,KE-2594,apt_6ddc2fb6,apt_08ebf678,2026-09-22T07:50:00+05:30,2026-09-22T10:09:00+05:30,139,0,ATR-72,"economy,business",115,active,2026-08-18T10:00:00+05:30
flt_d98ca7f2,arl_c56d378a,TG-9296,apt_9dd20d55,apt_faa26bd2,2026-10-25T14:20:00+05:30,2026-10-25T18:32:00+05:30,252,0,B737-800,"economy,business",295.841,active,2026-08-18T10:00:00+05:30
flt_30b25e2f,arl_a487a152,RA-2855,apt_98416c9d,apt_ceec186e,2026-09-10T08:30:00+05:30,2026-09-10T15:03:00+05:30,393,0,,"economy,business",474.947,active,2026-08-18T10:00:00+05:30
flt_2abfe668,arl_3a276287,BA-9791,apt_c0496aae,apt_faa26bd2,2026-09-14T08:30:00+05:30,2026-09-14T10:48:00+05:30,138,0,A320neo,"economy,business",124.139,active,2026-08-18T10:00:00+05:30
flt_f4a80fdd,arl_2981080f,6E-279,apt_c077a39a,apt_3810f0b5,2026-11-04T08:10:00+05:30,2026-11-04T14:06:00+05:30,356,1,A321,economy,299.533,active,2026-08-18T10:00:00+05:30
flt_efaa34ea,arl_2a88a2c3,UA-7755,apt_5377e1f8,apt_e6c1d884,2026-09-06T13:50:00+05:30,2026-09-06T14:52:00+05:30,62,0,B787-8,"economy,business",33.222,active,2026-08-18T10:00:00+05:30
flt_a97a734d,arl_a0bf222e,KE-9802,apt_ebff6148,apt_757e32fe,2026-11-08T17:00:00+05:30,2026-11-08T17:59:00+05:30,59,0,A320neo,"economy,business",1.747,active,2026-08-18T10:00:00+05:30
flt_4ff52676,arl_403656a7,LX-8055,apt_faa26bd2,apt_757e32fe,2026-09-24T19:50:00+05:30,2026-09-25T00:20:00+05:30,270,0,A320neo,"economy,business",288.019,active,2026-08-18T10:00:00+05:30
flt_21700dcf,arl_534d3a8a,LH-8959,apt_2d4c99ed,apt_ceec186e,2026-11-09T19:40:00+05:30,2026-11-10T00:36:00+05:30,296,0,ATR-72,"economy,business",333.868,active,2026-08-18T10:00:00+05:30
flt_1d2bdfdc,arl_154ebf3d,EY-5172,apt_2d4c99ed,apt_30500fc8,2026-11-16T18:30:00+05:30,2026-11-16T23:26:00+05:30,296,1,B787-8,"economy,business",220.861,active,2026-08-18T10:00:00+05:30
flt_8ad28614,arl_2981080f,6E-3058,apt_bdf57d77,apt_05897d58,2026-10-31T11:50:00+05:30,2026-10-31T14:01:00+05:30,131,0,A321,economy,97.369,active,2026-08-18T10:00:00+05:30
flt_04546aa2,arl_3a276287,BA-9728,apt_9a8714fa,apt_6ddc2fb6,2026-10-22T11:30:00+05:30,2026-10-22T12:06:00+05:30,36,0,B787-8,"economy,business",0.84,active,2026-08-18T10:00:00+05:30
flt_c675cb29,arl_154ebf3d,EY-2365,apt_a7ea97c3,apt_ee6be440,2026-09-14T10:30:00+05:30,2026-09-14T13:17:00+05:30,167,0,B787-8,"economy,business",173.146,active,2026-08-18T10:00:00+05:30
flt_6b36782a,arl_1cfc4640,SQ-9915,apt_5377e1f8,apt_ee6be440,2026-11-02T15:40:00+05:30,2026-11-02T16:51:00+05:30,71,0,A321,"economy,business",46.738,active,2026-08-18T10:00:00+05:30
flt_1504f341,arl_534d3a8a,LH-7647,apt_cb1113d2,apt_98416c9d,2026-09-07T19:30:00+05:30,2026-09-08T04:42:00+05:30,552,0,B787-8,"economy,business",666.694,active,2026-08-18T10:00:00+05:30
flt_8ae7a81f,arl_4939343e,SG-4294,apt_98416c9d,apt_2d4c99ed,2026-09-02T22:40:00+05:30,2026-09-03T01:28:00+05:30,168,0,ATR-72,economy,185.778,active,2026-08-18T10:00:00+05:30
flt_13b52b14,arl_841c6e99,AI-3771,apt_faa26bd2,apt_6ddc2fb6,2026-11-23T07:30:00+05:30,2026-11-23T09:54:00+05:30,144,0,A321,"economy,business",117.994,active,2026-08-18T10:00:00+05:30
flt_23b56fd1,arl_3a276287,BA-2701,apt_bfd02a38,apt_496144db,2026-09-15T19:40:00+05:30,2026-09-15T20:56:00+05:30,76,0,B737-800,"economy,business",51.644,active,2026-08-18T10:00:00+05:30
flt_a7505141,arl_a852cdd9,VJ-9411,apt_3810f0b5,apt_496144db,2026-10-28T05:40:00+05:30,2026-10-28T08:19:00+05:30,159,0,ATR-72,economy,176.858,active,2026-08-18T10:00:00+05:30
flt_36000098,arl_2fae0fe3,KU-209,apt_bfd02a38,apt_54ebca59,2026-09-21T17:10:00+05:30,2026-09-21T19:15:00+05:30,125,0,ATR-72,"economy,business",132.907,active,2026-08-18T10:00:00+05:30
flt_ade8cfb6,arl_692cd6f4,JL-5714,apt_bdf57d77,apt_eb8717c7,2026-10-05T17:10:00+05:30,2026-10-06T00:36:00+05:30,446,1,ATR-72,"economy,business",413.121,active,2026-08-18T10:00:00+05:30
flt_4666cdb1,arl_154ebf3d,EY-5817,apt_2d4c99ed,apt_05897d58,2026-10-22T13:40:00+05:30,2026-10-22T16:52:00+05:30,192,0,B737-800,"economy,business",179.277,active,2026-08-18T10:00:00+05:30
flt_5a829b65,arl_154ebf3d,EY-9305,apt_bdf57d77,apt_ceec186e,2026-11-11T08:30:00+05:30,2026-11-11T14:37:00+05:30,367,0,B737-800,"economy,business",447.654,active,2026-08-18T10:00:00+05:30
flt_e30cd095,arl_a0bf222e,KE-2139,apt_c077a39a,apt_6be6a548,2026-09-10T17:30:00+05:30,2026-09-11T01:11:00+05:30,461,1,A321,"economy,business",439.646,active,2026-08-18T10:00:00+05:30
flt_69b20ee5,arl_2fae0fe3,KU-1482,apt_2d4c99ed,apt_c077a39a,2026-10-29T10:30:00+05:30,2026-10-29T14:41:00+05:30,251,0,B737-800,"economy,business",299.644,active,2026-08-18T10:00:00+05:30
flt_64e70b6b,arl_077dea23,MH-9125,apt_5377e1f8,apt_bfd02a38,2026-11-19T09:50:00+05:30,2026-11-19T12:56:00+05:30,186,0,A320neo,"economy,business",198.907,active,2026-08-18T10:00:00+05:30
flt_a34efd05,arl_2fae0fe3,KU-1810,apt_757e32fe,apt_9a8714fa,2026-10-24T08:00:00+05:30,2026-10-24T12:33:00+05:30,273,1,B737-800,"economy,business",217.729,active,2026-08-18T10:00:00+05:30
flt_513636f7,arl_2a88a2c3,UA-8003,apt_3e80f233,apt_eb8717c7,2026-10-20T13:20:00+05:30,2026-10-20T19:28:00+05:30,368,0,ATR-72,"economy,business",438.121,active,2026-08-18T10:00:00+05:30
flt_6a2300bb,arl_534d3a8a,LH-1105,apt_ad38af67,apt_2d4c99ed,2026-11-03T11:30:00+05:30,2026-11-03T16:16:00+05:30,286,0,A320neo,"economy,business",333.475,active,2026-08-18T10:00:00+05:30
flt_b14c59ce,arl_68688da8,NZ-1349,apt_d3a5784e,apt_bdf57d77,2026-11-17T20:40:00+05:30,2026-11-17T22:59:00+05:30,139,0,A321,"economy,business",105.995,active,2026-08-18T10:00:00+05:30
flt_922a7998,arl_4939343e,SG-7752,apt_54ebca59,apt_08ebf678,2026-11-01T16:00:00+05:30,2026-11-01T16:53:00+05:30,53,0,A320neo,economy,17.362,active,2026-08-18T10:00:00+05:30
flt_bee8310a,arl_ef62470d,IX-6610,apt_e6d0e6bf,apt_6ddc2fb6,2026-11-05T10:00:00+05:30,2026-11-05T12:25:00+05:30,145,0,A320neo,economy,114.214,active,2026-08-18T10:00:00+05:30
flt_2b068657,arl_75d2a12c,QF-3857,apt_c0496aae,apt_5835fac1,2026-11-08T17:50:00+05:30,2026-11-08T18:17:00+05:30,27,0,B787-8,"economy,business",1.026,active,2026-08-18T10:00:00+05:30
flt_1178595f,arl_534d3a8a,LH-7876,apt_bdf57d77,apt_86c2c516,2026-11-09T19:10:00+05:30,2026-11-09T22:40:00+05:30,210,0,A321,"economy,business",221.763,active,2026-08-18T10:00:00+05:30
flt_198b27cf,arl_8ac08b06,CZ-766,apt_3810f0b5,apt_757e32fe,2026-10-05T07:50:00+05:30,2026-10-05T11:33:00+05:30,223,0,A321,"economy,business",252.654,active,2026-08-18T10:00:00+05:30
flt_696a6163,arl_c56d378a,TG-1536,apt_cb1113d2,apt_3810f0b5,2026-11-29T21:40:00+05:30,2026-11-30T06:22:00+05:30,522,1,B787-8,"economy,business",523.015,active,2026-08-18T10:00:00+05:30
flt_5c5638c0,arl_666b65b1,AC-3845,apt_cb1113d2,apt_c077a39a,2026-09-09T17:50:00+05:30,2026-09-09T21:24:00+05:30,214,0,ATR-72,"economy,business",227.408,active,2026-08-18T10:00:00+05:30
flt_a7425448,arl_7784367f,KB-6885,apt_d3a5784e,apt_3810f0b5,2026-09-09T05:20:00+05:30,2026-09-09T08:16:00+05:30,176,0,B737-800,"economy,business",185.283,active,2026-08-18T10:00:00+05:30
flt_f55c9b17,arl_666b65b1,AC-3490,apt_3e80f233,apt_54ebca59,2026-10-14T19:10:00+05:30,2026-10-14T21:00:00+05:30,110,0,B737-800,"economy,business",103.959,active,2026-08-18T10:00:00+05:30
flt_0bf23a44,arl_403656a7,LX-231,apt_08ebf678,apt_3e80f233,2026-09-17T06:30:00+05:30,2026-09-17T08:32:00+05:30,122,0,A321,"economy,business",108.707,active,2026-08-18T10:00:00+05:30
flt_fc9ca707,arl_2a88a2c3,UA-8598,apt_2d4c99ed,apt_c0496aae,2026-11-05T15:10:00+05:30,2026-11-05T17:31:00+05:30,141,0,ATR-72,"economy,business",135.436,active,2026-08-18T10:00:00+05:30
flt_40a86d3f,arl_75d2a12c,QF-8863,apt_496144db,apt_9dd20d55,2026-09-29T22:40:00+05:30,2026-09-30T04:24:00+05:30,344,1,ATR-72,"economy,business",298.331,active,2026-08-18T10:00:00+05:30
flt_f0123f00,arl_1cfc4640,SQ-6177,apt_5835fac1,apt_e6c1d884,2026-10-06T11:50:00+05:30,2026-10-06T13:23:00+05:30,93,0,B737-800,"economy,business",58.06,active,2026-08-18T10:00:00+05:30
flt_c7380e7f,arl_cbee96ac,GF-6145,apt_e6d0e6bf,apt_d3a5784e,2026-11-22T08:00:00+05:30,2026-11-22T10:20:00+05:30,140,0,B787-8,"economy,business",109.917,active,2026-08-18T10:00:00+05:30
flt_2014f26d,arl_6317d870,UK-3983,apt_6be6a548,apt_98416c9d,2026-09-11T05:30:00+05:30,2026-09-11T07:09:00+05:30,99,0,B787-8,"economy,business",90.412,active,2026-08-18T10:00:00+05:30
flt_337e24d6,arl_a852cdd9,VJ-5096,apt_a7ea97c3,apt_bdf57d77,2026-11-04T13:10:00+05:30,2026-11-04T14:12:00+05:30,62,0,B787-8,economy,47.738,active,2026-08-18T10:00:00+05:30
flt_c0a92d28,arl_4939343e,SG-2169,apt_e6d0e6bf,apt_6be6a548,2026-11-28T18:00:00+05:30,2026-11-28T20:08:00+05:30,128,0,A321,economy,132.102,active,2026-08-18T10:00:00+05:30
flt_dfed62a7,arl_28f00e8b,EK-6329,apt_eb8717c7,apt_bfd02a38,2026-09-16T14:20:00+05:30,2026-09-16T21:39:00+05:30,439,1,ATR-72,"economy,business",443.589,active,2026-08-18T10:00:00+05:30
flt_8ec09de5,arl_841c6e99,AI-7237,apt_cb1113d2,apt_5835fac1,2026-10-27T05:00:00+05:30,2026-10-27T13:56:00+05:30,536,1,A321,"economy,business",569.674,active,2026-08-18T10:00:00+05:30
flt_f0fd2203,arl_56da328b,GA-4411,apt_faa26bd2,apt_e6c1d884,2026-10-19T19:10:00+05:30,2026-10-19T21:52:00+05:30,162,0,A320neo,"economy,business",174.711,active,2026-08-18T10:00:00+05:30
flt_2dd8edcc,arl_a0bf222e,KE-242,apt_3810f0b5,apt_33c2d61a,2026-10-10T20:00:00+05:30,2026-10-11T03:25:00+05:30,445,0,B737-800,"economy,business",525.95,active,2026-08-18T10:00:00+05:30
flt_be0d952f,arl_a0bf222e,KE-3074,apt_98416c9d,apt_eb8717c7,2026-10-11T11:00:00+05:30,2026-10-11T18:26:00+05:30,446,1,B737-800,"economy,business",439.97,active,2026-08-18T10:00:00+05:30
flt_8dc5254d,arl_534d3a8a,LH-2746,apt_bdf57d77,apt_5835fac1,2026-09-29T22:10:00+05:30,2026-09-29T23:47:00+05:30,97,0,B787-8,"economy,business",70.248,active,2026-08-18T10:00:00+05:30
flt_d955152c,arl_4939343e,SG-4379,apt_9a8714fa,apt_ebff6148,2026-10-01T12:10:00+05:30,2026-10-01T15:22:00+05:30,192,0,ATR-72,economy,217.026,active,2026-08-18T10:00:00+05:30
flt_faf88125,arl_534d3a8a,LH-8986,apt_05897d58,apt_e6d0e6bf,2026-09-06T05:30:00+05:30,2026-09-06T07:33:00+05:30,123,0,ATR-72,"economy,business",84.802,active,2026-08-18T10:00:00+05:30
flt_e9f2085b,arl_56da328b,GA-3588,apt_c1f65e85,apt_ee6be440,2026-09-15T13:00:00+05:30,2026-09-15T16:39:00+05:30,219,0,B737-800,"economy,business",223.54,active,2026-08-18T10:00:00+05:30
flt_2f9fc05e,arl_a0bf222e,KE-9390,apt_bfd02a38,apt_5377e1f8,2026-11-17T10:20:00+05:30,2026-11-17T13:38:00+05:30,198,0,B787-8,"economy,business",198.907,active,2026-08-18T10:00:00+05:30
flt_ba052949,arl_077dea23,MH-3740,apt_30500fc8,apt_9a8714fa,2026-09-05T09:20:00+05:30,2026-09-05T12:01:00+05:30,161,0,A321,"economy,business",136.119,active,2026-08-18T10:00:00+05:30
flt_5a3f4c91,arl_692cd6f4,JL-5718,apt_08ebf678,apt_e6d0e6bf,2026-10-16T18:00:00+05:30,2026-10-16T18:41:00+05:30,41,0,ATR-72,"economy,business",2.848,active,2026-08-18T10:00:00+05:30
flt_088db8f9,arl_3a276287,BA-4477,apt_5377e1f8,apt_c0496aae,2026-10-12T06:00:00+05:30,2026-10-12T07:09:00+05:30,69,0,B737-800,"economy,business",55.403,active,2026-08-18T10:00:00+05:30
flt_7bd8e3d4,arl_cbee96ac,GF-7480,apt_e6d0e6bf,apt_54ebca59,2026-11-20T16:40:00+05:30,2026-11-20T17:17:00+05:30,37,0,A320neo,"economy,business",16.948,active,2026-08-18T10:00:00+05:30
flt_27cf19ef,arl_3a276287,BA-9249,apt_ceec186e,apt_5377e1f8,2026-09-21T07:10:00+05:30,2026-09-21T12:15:00+05:30,305,0,A320neo,"economy,business",364.51,active,2026-08-18T10:00:00+05:30
flt_91c966e3,arl_c56d378a,TG-805,apt_cb1113d2,apt_ebff6148,2026-10-15T06:00:00+05:30,2026-10-15T10:41:00+05:30,281,0,,"economy,business",338.407,active,2026-08-18T10:00:00+05:30
flt_e34af003,arl_68688da8,NZ-1909,apt_e6c1d884,apt_bdf57d77,2026-09-08T06:20:00+05:30,2026-09-08T08:38:00+05:30,138,0,A320neo,"economy,business",117.056,active,2026-08-18T10:00:00+05:30
flt_e13b5c8c,arl_a852cdd9,VJ-7397,apt_9a8714fa,apt_5377e1f8,2026-11-20T19:40:00+05:30,2026-11-20T21:41:00+05:30,121,0,B737-800,economy,94.249,active,2026-08-18T10:00:00+05:30
flt_5f49990a,arl_2981080f,6E-8987,apt_98416c9d,apt_9dd20d55,2026-11-23T19:30:00+05:30,2026-11-23T22:51:00+05:30,201,0,B787-8,economy,205.085,active,2026-08-18T10:00:00+05:30
flt_79228002,arl_dbae8242,QR-6672,apt_faa26bd2,apt_eb8717c7,2026-10-22T21:10:00+05:30,2026-10-23T02:34:00+05:30,324,0,A320neo,"economy,business",395.56,active,2026-08-18T10:00:00+05:30
flt_c1cf6fe6,arl_1cfc4640,SQ-2307,apt_bfd02a38,apt_cb1113d2,2026-11-19T14:40:00+05:30,2026-11-19T23:32:00+05:30,532,0,B737-800,"economy,business",668.41,active,2026-08-18T10:00:00+05:30
flt_e3f24a86,arl_75d2a12c,QF-2658,apt_3e80f233,apt_496144db,2026-11-21T16:20:00+05:30,2026-11-21T18:01:00+05:30,101,0,A321,"economy,business",61.713,active,2026-08-18T10:00:00+05:30
flt_f4bbc379,arl_a852cdd9,VJ-7765,apt_08ebf678,apt_ee6be440,2026-10-23T07:00:00+05:30,2026-10-23T09:01:00+05:30,121,0,ATR-72,economy,113.926,active,2026-08-18T10:00:00+05:30
flt_02612657,arl_7784367f,KB-6692,apt_bdf57d77,apt_bfd02a38,2026-10-01T06:20:00+05:30,2026-10-01T08:49:00+05:30,149,0,B787-8,"economy,business",130.761,active,2026-08-18T10:00:00+05:30
flt_a3b5fa92,arl_403656a7,LX-4694,apt_6be6a548,apt_ee6be440,2026-09-05T13:10:00+05:30,2026-09-05T16:43:00+05:30,213,0,ATR-72,"economy,business",239.849,active,2026-08-18T10:00:00+05:30
flt_f7ac03ad,arl_75d2a12c,QF-2583,apt_33c2d61a,apt_c077a39a,2026-11-06T19:20:00+05:30,2026-11-06T22:50:00+05:30,210,0,B737-800,"economy,business",230.247,active,2026-08-18T10:00:00+05:30
flt_e663c56a,arl_3a276287,BA-7991,apt_496144db,apt_ceec186e,2026-10-17T22:40:00+05:30,2026-10-18T04:47:00+05:30,367,0,ATR-72,"economy,business",429.389,active,2026-08-18T10:00:00+05:30
flt_5af4e8b0,arl_28f00e8b,EK-5839,apt_30500fc8,apt_86c2c516,2026-10-26T10:00:00+05:30,2026-10-26T15:51:00+05:30,351,1,A320neo,"economy,business",320.879,active,2026-08-18T10:00:00+05:30
flt_19de4c0f,arl_68688da8,NZ-3951,apt_e6c1d884,apt_3810f0b5,2026-09-13T14:30:00+05:30,2026-09-13T15:10:00+05:30,40,0,A320neo,"economy,business",0.758,active,2026-08-18T10:00:00+05:30
flt_b106b63c,arl_2a88a2c3,UA-3876,apt_9a8714fa,apt_a7ea97c3,2026-09-28T21:00:00+05:30,2026-09-28T23:33:00+05:30,153,0,B737-800,"economy,business",142.775,active,2026-08-18T10:00:00+05:30
flt_a057a8ec,arl_dbae8242,QR-9039,apt_08ebf678,apt_bfd02a38,2026-09-05T14:30:00+05:30,2026-09-05T17:03:00+05:30,153,0,A321,"economy,business",136.801,active,2026-08-18T10:00:00+05:30
flt_1da94c50,arl_ef62470d,IX-1447,apt_54ebca59,apt_e6d0e6bf,2026-11-27T14:40:00+05:30,2026-11-27T15:30:00+05:30,50,0,A321,economy,16.948,active,2026-08-18T10:00:00+05:30
flt_879a676a,arl_7f79d7b3,AF-2659,apt_cb1113d2,apt_c1f65e85,2026-10-15T15:50:00+05:30,2026-10-16T00:28:00+05:30,518,1,B737-800,"economy,business",521.279,active,2026-08-18T10:00:00+05:30
flt_4ac2e0ba,arl_c56d378a,TG-1136,apt_c077a39a,apt_9dd20d55,2026-11-01T08:30:00+05:30,2026-11-01T17:05:00+05:30,515,0,A321,"economy,business",636.842,active,2026-08-18T10:00:00+05:30
flt_ed81bc5f,arl_077dea23,MH-6412,apt_cb1113d2,apt_08ebf678,2026-10-24T16:00:00+05:30,2026-10-25T01:53:00+05:30,593,1,B737-800,"economy,business",623.971,active,2026-08-18T10:00:00+05:30
flt_9d7e8437,arl_cbee96ac,GF-5063,apt_c077a39a,apt_2d4c99ed,2026-10-19T17:50:00+05:30,2026-10-19T22:11:00+05:30,261,0,B787-8,"economy,business",299.644,active,2026-08-18T10:00:00+05:30
flt_1096c57f,arl_7784367f,KB-7728,apt_c077a39a,apt_e6d0e6bf,2026-09-13T12:20:00+05:30,2026-09-13T19:15:00+05:30,415,1,B737-800,"economy,business",398.825,active,2026-08-18T10:00:00+05:30
flt_297f2a12,arl_692cd6f4,JL-6040,apt_757e32fe,apt_5835fac1,2026-09-26T12:00:00+05:30,2026-09-26T17:38:00+05:30,338,1,A321,"economy,business",275.453,active,2026-08-18T10:00:00+05:30
flt_2c273e60,arl_2fae0fe3,KU-8786,apt_eb8717c7,apt_e6c1d884,2026-10-27T10:00:00+05:30,2026-10-27T15:41:00+05:30,341,1,A321,"economy,business",300.432,active,2026-08-18T10:00:00+05:30
flt_0ecbaa44,arl_2a88a2c3,UA-4938,apt_bdf57d77,apt_98416c9d,2026-10-13T10:10:00+05:30,2026-10-13T11:12:00+05:30,62,0,ATR-72,"economy,business",47.125,active,2026-08-18T10:00:00+05:30
flt_d7bca405,arl_534d3a8a,LH-7331,apt_c077a39a,apt_ebff6148,2026-11-10T18:50:00+05:30,2026-11-10T21:03:00+05:30,133,0,ATR-72,"economy,business",135.245,active,2026-08-18T10:00:00+05:30
flt_27a27235,arl_56da328b,GA-1241,apt_5835fac1,apt_ebff6148,2026-11-08T18:00:00+05:30,2026-11-08T21:57:00+05:30,237,0,A320neo,"economy,business",274.641,active,2026-08-18T10:00:00+05:30
flt_6154cb56,arl_1cfc4640,SQ-6010,apt_cb1113d2,apt_c0496aae,2026-11-26T11:30:00+05:30,2026-11-26T19:17:00+05:30,467,0,A321,"economy,business",568.668,active,2026-08-18T10:00:00+05:30
flt_a8ca3bf8,arl_75d2a12c,QF-4847,apt_e6d0e6bf,apt_e6c1d884,2026-10-01T11:10:00+05:30,2026-10-01T12:59:00+05:30,109,0,B787-8,"economy,business",103.463,active,2026-08-18T10:00:00+05:30
flt_6c905aa2,arl_8ac08b06,CZ-1530,apt_ee6be440,apt_bdf57d77,2026-11-28T12:10:00+05:30,2026-11-28T14:27:00+05:30,137,0,A320neo,"economy,business",126.44,active,2026-08-18T10:00:00+05:30
flt_cb16fcbf,arl_841c6e99,AI-5547,apt_3810f0b5,apt_757e32fe,2026-11-12T11:10:00+05:30,2026-11-12T15:01:00+05:30,231,0,,"economy,business",252.654,active,2026-08-18T10:00:00+05:30
flt_0f0a39f6,arl_ef62470d,IX-3633,apt_c1f65e85,apt_ad38af67,2026-10-20T12:00:00+05:30,2026-10-20T18:05:00+05:30,365,1,B787-8,economy,333.995,active,2026-08-18T10:00:00+05:30
flt_0b1abbf6,arl_4939343e,SG-1205,apt_c1f65e85,apt_a7ea97c3,2026-11-15T11:50:00+05:30,2026-11-15T15:08:00+05:30,198,0,A321,economy,184.885,active,2026-08-18T10:00:00+05:30
flt_3798104c,arl_75d2a12c,QF-3495,apt_ee6be440,apt_3810f0b5,2026-11-27T08:10:00+05:30,2026-11-27T09:57:00+05:30,107,0,ATR-72,"economy,business",66.59,active,2026-08-18T10:00:00+05:30
flt_a4c41a33,arl_56da328b,GA-1984,apt_e6c1d884,apt_eb8717c7,2026-09-02T13:10:00+05:30,2026-09-02T17:36:00+05:30,266,0,A321,"economy,business",300.432,active,2026-08-18T10:00:00+05:30
flt_afbe5a84,arl_ef62470d,IX-5428,apt_5835fac1,apt_bdf57d77,2026-09-16T12:50:00+05:30,2026-09-16T14:36:00+05:30,106,0,A320neo,economy,70.248,active,2026-08-18T10:00:00+05:30
flt_75147d1c,arl_c56d378a,TG-3333,apt_5835fac1,apt_c077a39a,2026-10-23T21:30:00+05:30,2026-10-24T02:20:00+05:30,290,0,A321,"economy,business",343.213,active,2026-08-18T10:00:00+05:30
flt_ba802952,arl_077dea23,MH-7337,apt_c0496aae,apt_05897d58,2026-11-15T07:10:00+05:30,2026-11-15T08:32:00+05:30,82,0,B787-8,"economy,business",57.097,active,2026-08-18T10:00:00+05:30
flt_54feadb7,arl_28f00e8b,EK-9645,apt_3e80f233,apt_9a8714fa,2026-10-19T08:10:00+05:30,2026-10-19T10:34:00+05:30,144,0,A321,"economy,business",143.95,active,2026-08-18T10:00:00+05:30
flt_3d023e20,arl_077dea23,MH-1614,apt_a7ea97c3,apt_9dd20d55,2026-11-12T08:20:00+05:30,2026-11-12T11:23:00+05:30,183,0,A320neo,"economy,business",206.265,active,2026-08-18T10:00:00+05:30
flt_f78aa39d,arl_7f79d7b3,AF-5897,apt_6be6a548,apt_ee6be440,2026-09-27T18:10:00+05:30,2026-09-27T23:04:00+05:30,294,1,A321,"economy,business",239.849,active,2026-08-18T10:00:00+05:30
flt_4248ea7a,arl_692cd6f4,JL-2847,apt_5377e1f8,apt_bfd02a38,2026-09-01T08:10:00+05:30,2026-09-01T11:39:00+05:30,209,0,B737-800,"economy,business",198.907,active,2026-08-18T10:00:00+05:30
flt_0aaab8d3,arl_a0bf222e,KE-6102,apt_ad38af67,apt_98416c9d,2026-11-07T07:50:00+05:30,2026-11-07T14:14:00+05:30,384,0,B737-800,"economy,business",475.046,active,2026-08-18T10:00:00+05:30
flt_4ab0ca9f,arl_a0bf222e,KE-8389,apt_ebff6148,apt_eb8717c7,2026-11-14T12:00:00+05:30,2026-11-14T14:26:00+05:30,146,0,A320neo,"economy,business",134.943,active,2026-08-18T10:00:00+05:30
flt_772be8e6,arl_28f00e8b,EK-2176,apt_2d4c99ed,apt_bfd02a38,2026-09-06T09:20:00+05:30,2026-09-06T11:42:00+05:30,142,0,ATR-72,"economy,business",151.009,active,2026-08-18T10:00:00+05:30
flt_e18617cf,arl_c56d378a,TG-276,apt_33c2d61a,apt_86c2c516,2026-10-29T21:30:00+05:30,2026-10-30T09:01:00+05:30,691,0,ATR-72,"economy,business",862.157,active,2026-08-18T10:00:00+05:30
flt_8a1ec878,arl_28f00e8b,EK-5344,apt_9dd20d55,apt_d3a5784e,2026-10-24T19:10:00+05:30,2026-10-24T22:56:00+05:30,226,0,B737-800,"economy,business",237.944,active,2026-08-18T10:00:00+05:30
flt_c688170a,arl_a487a152,RA-7188,apt_c1f65e85,apt_08ebf678,2026-10-03T05:20:00+05:30,2026-10-03T08:03:00+05:30,163,0,ATR-72,"economy,business",181.941,active,2026-08-18T10:00:00+05:30
flt_e4dd985f,arl_508d631b,UL-7499,apt_ebff6148,apt_33c2d61a,2026-10-18T15:10:00+05:30,2026-10-18T21:41:00+05:30,391,1,B737-800,"economy,business",340.885,active,2026-08-18T10:00:00+05:30
flt_452da4ec,arl_6317d870,UK-5038,apt_54ebca59,apt_faa26bd2,2026-11-20T22:50:00+05:30,2026-11-21T01:27:00+05:30,157,0,B737-800,"economy,business",138.526,active,2026-08-18T10:00:00+05:30
flt_4b582e00,arl_ef62470d,IX-5419,apt_c077a39a,apt_ee6be440,2026-10-27T15:50:00+05:30,2026-10-27T20:46:00+05:30,296,0,ATR-72,economy,334.485,active,2026-08-18T10:00:00+05:30
flt_a4b69a77,arl_841c6e99,AI-410,apt_e6c1d884,apt_3810f0b5,2026-09-08T21:00:00+05:30,2026-09-08T21:52:00+05:30,52,0,B787-8,"economy,business",0.758,active,2026-08-18T10:00:00+05:30
flt_65bb2e90,arl_2fae0fe3,KU-604,apt_3e80f233,apt_c0496aae,2026-11-28T10:30:00+05:30,2026-11-28T12:48:00+05:30,138,0,ATR-72,"economy,business",124.106,active,2026-08-18T10:00:00+05:30
flt_3361b383,arl_c56d378a,TG-9512,apt_98416c9d,apt_e6c1d884,2026-09-09T08:00:00+05:30,2026-09-09T10:46:00+05:30,166,0,ATR-72,"economy,business",154.399,active,2026-08-18T10:00:00+05:30
flt_7bc6e125,arl_508d631b,UL-1362,apt_d3a5784e,apt_ceec186e,2026-09-23T10:10:00+05:30,2026-09-23T17:57:00+05:30,467,1,B737-800,"economy,business",474.696,active,2026-08-18T10:00:00+05:30
flt_ee34f3a6,arl_1cfc4640,SQ-8360,apt_05897d58,apt_ad38af67,2026-10-01T08:00:00+05:30,2026-10-01T13:04:00+05:30,304,0,ATR-72,"economy,business",363.066,active,2026-08-18T10:00:00+05:30
flt_b8532bae,arl_508d631b,UL-9446,apt_86c2c516,apt_e6d0e6bf,2026-11-28T21:00:00+05:30,2026-11-29T00:36:00+05:30,216,0,ATR-72,"economy,business",235.446,active,2026-08-18T10:00:00+05:30
flt_bae3978a,arl_841c6e99,AI-2018,apt_757e32fe,apt_6be6a548,2026-11-10T19:00:00+05:30,2026-11-11T00:59:00+05:30,359,1,B787-8,"economy,business",334.486,active,2026-08-18T10:00:00+05:30
flt_2a4b5731,arl_a487a152,RA-450,apt_33c2d61a,apt_30500fc8,2026-10-31T12:50:00+05:30,2026-10-31T21:56:00+05:30,546,1,A320neo,"economy,business",551.393,active,2026-08-18T10:00:00+05:30
flt_6c973a88,arl_3a276287,BA-7556,apt_9dd20d55,apt_98416c9d,2026-09-08T19:30:00+05:30,2026-09-08T22:30:00+05:30,180,0,,"economy,business",205.085,active,2026-08-18T10:00:00+05:30
flt_d749572e,arl_7784367f,KB-1936,apt_3810f0b5,apt_ebff6148,2026-10-24T11:00:00+05:30,2026-10-24T14:52:00+05:30,232,0,B737-800,"economy,business",251.537,active,2026-08-18T10:00:00+05:30
flt_1b21a3c2,arl_a487a152,RA-3232,apt_98416c9d,apt_757e32fe,2026-09-17T06:30:00+05:30,2026-09-17T11:46:00+05:30,316,0,B737-800,"economy,business",358.142,active,2026-08-18T10:00:00+05:30
flt_3318a868,arl_8ac08b06,CZ-4528,apt_bfd02a38,apt_33c2d61a,2026-11-17T19:00:00+05:30,2026-11-18T04:26:00+05:30,566,0,B737-800,"economy,business",671.121,active,2026-08-18T10:00:00+05:30
flt_59715207,arl_cbee96ac,GF-6600,apt_c077a39a,apt_ad38af67,2026-10-07T12:00:00+05:30,2026-10-07T13:13:00+05:30,73,0,ATR-72,"economy,business",35.569,active,2026-08-18T10:00:00+05:30
flt_4afb7ea4,arl_68688da8,NZ-7868,apt_e6d0e6bf,apt_05897d58,2026-09-10T13:40:00+05:30,2026-09-10T15:19:00+05:30,99,0,A320neo,"economy,business",84.802,active,2026-08-18T10:00:00+05:30
flt_b2f96ad0,arl_dbae8242,QR-354,apt_54ebca59,apt_08ebf678,2026-09-01T09:40:00+05:30,2026-09-01T10:28:00+05:30,48,0,A320neo,"economy,business",17.362,active,2026-08-18T10:00:00+05:30
flt_2a2cc33b,arl_666b65b1,AC-4853,apt_757e32fe,apt_08ebf678,2026-09-06T17:00:00+05:30,2026-09-06T23:20:00+05:30,380,1,ATR-72,"economy,business",332.282,active,2026-08-18T10:00:00+05:30
flt_108e162f,arl_68688da8,NZ-9368,apt_5377e1f8,apt_33c2d61a,2026-10-12T22:00:00+05:30,2026-10-13T05:55:00+05:30,475,0,ATR-72,"economy,business",555.174,active,2026-08-18T10:00:00+05:30
flt_64bcc694,arl_8ac08b06,CZ-4878,apt_c1f65e85,apt_496144db,2026-11-21T08:50:00+05:30,2026-11-21T11:00:00+05:30,130,0,A320neo,"economy,business",99.34,active,2026-08-18T10:00:00+05:30
flt_be2d777a,arl_534d3a8a,LH-9305,apt_05897d58,apt_c077a39a,2026-10-29T09:00:00+05:30,2026-10-29T13:57:00+05:30,297,0,A320neo,"economy,business",328.567,active,2026-08-18T10:00:00+05:30
flt_d08432e1,arl_2981080f,6E-3369,apt_bdf57d77,apt_5377e1f8,2026-10-10T09:30:00+05:30,2026-10-10T11:35:00+05:30,125,0,B787-8,economy,95.052,active,2026-08-18T10:00:00+05:30
flt_92d6b3fc,arl_666b65b1,AC-6013,apt_3e80f233,apt_9dd20d55,2026-10-17T14:00:00+05:30,2026-10-17T17:55:00+05:30,235,0,B787-8,"economy,business",236.721,active,2026-08-18T10:00:00+05:30
flt_719c9a14,arl_ef62470d,IX-8977,apt_757e32fe,apt_30500fc8,2026-09-22T15:50:00+05:30,2026-09-22T21:51:00+05:30,361,1,,economy,307.754,active,2026-08-18T10:00:00+05:30
flt_851efdd2,arl_8ac08b06,CZ-9991,apt_cb1113d2,apt_c1f65e85,2026-09-21T12:40:00+05:30,2026-09-21T20:13:00+05:30,453,0,B737-800,"economy,business",521.279,active,2026-08-18T10:00:00+05:30
flt_18312696,arl_7784367f,KB-6291,apt_86c2c516,apt_c077a39a,2026-09-01T22:20:00+05:30,2026-09-02T06:56:00+05:30,516,0,B737-800,"economy,business",634.205,active,2026-08-18T10:00:00+05:30
flt_a60a5984,arl_ef62470d,IX-1741,apt_9dd20d55,apt_ad38af67,2026-09-10T10:10:00+05:30,2026-09-10T20:25:00+05:30,615,1,B787-8,economy,672.09,active,2026-08-18T10:00:00+05:30
flt_74984127,arl_c56d378a,TG-3965,apt_ad38af67,apt_e6c1d884,2026-09-24T18:00:00+05:30,2026-09-24T23:04:00+05:30,304,0,A321,"economy,business",334.647,active,2026-08-18T10:00:00+05:30
flt_43d39449,arl_1cfc4640,SQ-580,apt_496144db,apt_ebff6148,2026-09-08T13:30:00+05:30,2026-09-08T19:10:00+05:30,340,1,A320neo,"economy,business",286.492,active,2026-08-18T10:00:00+05:30
flt_ae130166,arl_6317d870,UK-697,apt_6be6a548,apt_08ebf678,2026-11-15T20:30:00+05:30,2026-11-15T23:05:00+05:30,155,0,B737-800,"economy,business",134.948,active,2026-08-18T10:00:00+05:30
flt_aa580e20,arl_3a276287,BA-2573,apt_2d4c99ed,apt_33c2d61a,2026-10-12T10:10:00+05:30,2026-10-12T17:44:00+05:30,454,0,B787-8,"economy,business",523.511,active,2026-08-18T10:00:00+05:30
flt_36f84d71,arl_8ac08b06,CZ-5820,apt_ceec186e,apt_a7ea97c3,2026-11-11T11:40:00+05:30,2026-11-11T19:37:00+05:30,477,1,A320neo,"economy,business",474.163,active,2026-08-18T10:00:00+05:30
flt_61120070,arl_c56d378a,TG-4803,apt_ad38af67,apt_eb8717c7,2026-11-07T06:30:00+05:30,2026-11-07T07:38:00+05:30,68,0,B787-8,"economy,business",35.116,active,2026-08-18T10:00:00+05:30
flt_02b0263a,arl_2981080f,6E-3711,apt_08ebf678,apt_3810f0b5,2026-09-17T06:00:00+05:30,2026-09-17T08:09:00+05:30,129,0,A320neo,economy,102.864,active,2026-08-18T10:00:00+05:30
flt_e787f03b,arl_28f00e8b,EK-9361,apt_e6d0e6bf,apt_496144db,2026-11-22T08:10:00+05:30,2026-11-22T10:27:00+05:30,137,0,ATR-72,"economy,business",135.88,active,2026-08-18T10:00:00+05:30
flt_99119534,arl_dbae8242,QR-529,apt_3e80f233,apt_757e32fe,2026-10-10T16:50:00+05:30,2026-10-10T21:46:00+05:30,296,0,A321,"economy,business",339.628,active,2026-08-18T10:00:00+05:30
flt_6dd4ef45,arl_4939343e,SG-1366,apt_08ebf678,apt_ad38af67,2026-09-01T07:50:00+05:30,2026-09-01T13:45:00+05:30,355,0,B737-800,economy,433.738,active,2026-08-18T10:00:00+05:30
flt_1a346b4e,arl_75d2a12c,QF-4616,apt_a7ea97c3,apt_bfd02a38,2026-09-07T12:40:00+05:30,2026-09-07T14:19:00+05:30,99,0,B737-800,"economy,business",89.714,active,2026-08-18T10:00:00+05:30
flt_6f63809c,arl_3a276287,BA-3062,apt_ad38af67,apt_6ddc2fb6,2026-09-15T18:00:00+05:30,2026-09-16T00:02:00+05:30,362,1,B787-8,"economy,business",332.555,active,2026-08-18T10:00:00+05:30
flt_80c89607,arl_a487a152,RA-4323,apt_3810f0b5,apt_6be6a548,2026-11-04T21:40:00+05:30,2026-11-05T00:55:00+05:30,195,0,A321,"economy,business",199.559,active,2026-08-18T10:00:00+05:30
flt_e13e078c,arl_a487a152,RA-1046,apt_ad38af67,apt_ebff6148,2026-11-20T17:20:00+05:30,2026-11-20T19:58:00+05:30,158,0,B787-8,"economy,business",162.384,active,2026-08-18T10:00:00+05:30
flt_59c2764c,arl_cbee96ac,GF-9900,apt_a7ea97c3,apt_eb8717c7,2026-09-19T15:50:00+05:30,2026-09-19T23:23:00+05:30,453,1,ATR-72,"economy,business",439.176,active,2026-08-18T10:00:00+05:30
flt_de2c4f3c,arl_a487a152,RA-1892,apt_3e80f233,apt_9a8714fa,2026-10-11T17:50:00+05:30,2026-10-11T20:34:00+05:30,164,0,A320neo,"economy,business",143.95,active,2026-08-18T10:00:00+05:30
flt_5dc9bed1,arl_666b65b1,AC-597,apt_05897d58,apt_5835fac1,2026-09-18T10:20:00+05:30,2026-09-18T11:28:00+05:30,68,0,B787-8,"economy,business",57.281,active,2026-08-18T10:00:00+05:30
flt_d4afe688,arl_dbae8242,QR-3393,apt_ee6be440,apt_2d4c99ed,2026-09-13T22:40:00+05:30,2026-09-14T03:16:00+05:30,276,1,,"economy,business",222.354,active,2026-08-18T10:00:00+05:30
flt_5749845c,arl_68688da8,NZ-135,apt_3810f0b5,apt_bdf57d77,2026-10-01T09:40:00+05:30,2026-10-01T12:07:00+05:30,147,0,B737-800,"economy,business",117.523,active,2026-08-18T10:00:00+05:30
flt_d6fdbcb5,arl_8ac08b06,CZ-2457,apt_3e80f233,apt_2d4c99ed,2026-11-23T21:10:00+05:30,2026-11-23T23:55:00+05:30,165,0,B787-8,"economy,business",154.97,active,2026-08-18T10:00:00+05:30
flt_da88c61b,arl_cbee96ac,GF-283,apt_ad38af67,apt_98416c9d,2026-10-27T18:30:00+05:30,2026-10-28T02:09:00+05:30,459,1,ATR-72,"economy,business",475.046,active,2026-08-18T10:00:00+05:30
flt_afca6ed5,arl_a0bf222e,KE-6752,apt_a7ea97c3,apt_e6c1d884,2026-10-02T12:40:00+05:30,2026-10-02T15:04:00+05:30,144,0,,"economy,business",154.145,active,2026-08-18T10:00:00+05:30
flt_8a3c58e8,arl_692cd6f4,JL-7876,apt_496144db,apt_86c2c516,2026-11-09T11:10:00+05:30,2026-11-09T15:22:00+05:30,252,0,B787-8,"economy,business",294.885,active,2026-08-18T10:00:00+05:30
flt_f6bfa8d5,arl_dbae8242,QR-6720,apt_6ddc2fb6,apt_eb8717c7,2026-10-02T08:00:00+05:30,2026-10-02T13:39:00+05:30,339,1,A320neo,"economy,business",297.44,active,2026-08-18T10:00:00+05:30
flt_9f6fb42e,arl_2a88a2c3,UA-8711,apt_faa26bd2,apt_757e32fe,2026-11-04T11:10:00+05:30,2026-11-04T16:36:00+05:30,326,1,B787-8,"economy,business",288.019,active,2026-08-18T10:00:00+05:30
flt_debe2ef7,arl_a852cdd9,VJ-2276,apt_ad38af67,apt_faa26bd2,2026-09-19T13:20:00+05:30,2026-09-19T19:26:00+05:30,366,0,A320neo,economy,429.993,active,2026-08-18T10:00:00+05:30
flt_2304655f,arl_7784367f,KB-9959,apt_496144db,apt_757e32fe,2026-09-12T15:00:00+05:30,2026-09-12T20:46:00+05:30,346,1,B787-8,"economy,business",286.531,active,2026-08-18T10:00:00+05:30
flt_2a028d40,arl_1cfc4640,SQ-1663,apt_e6d0e6bf,apt_6be6a548,2026-09-22T19:50:00+05:30,2026-09-22T22:06:00+05:30,136,0,B787-8,"economy,business",132.102,active,2026-08-18T10:00:00+05:30
flt_f8d7f66a,arl_692cd6f4,JL-3669,apt_9a8714fa,apt_bdf57d77,2026-09-09T10:30:00+05:30,2026-09-09T12:35:00+05:30,125,0,B737-800,"economy,business",126.681,active,2026-08-18T10:00:00+05:30
flt_1bac3091,arl_508d631b,UL-928,apt_eb8717c7,apt_05897d58,2026-09-22T17:30:00+05:30,2026-09-22T22:15:00+05:30,285,0,,"economy,business",329.247,active,2026-08-18T10:00:00+05:30
flt_1050015f,arl_a852cdd9,VJ-2851,apt_6ddc2fb6,apt_bfd02a38,2026-10-09T09:20:00+05:30,2026-10-09T11:49:00+05:30,149,0,A321,economy,156.839,active,2026-08-18T10:00:00+05:30
flt_2cd91aba,arl_b97400e0,QP-3141,apt_cb1113d2,apt_3810f0b5,2026-09-08T05:50:00+05:30,2026-09-08T12:55:00+05:30,425,0,A321,economy,523.015,active,2026-08-18T10:00:00+05:30
flt_0925f8d9,arl_403656a7,LX-6141,apt_05897d58,apt_bdf57d77,2026-10-22T22:50:00+05:30,2026-10-23T00:45:00+05:30,115,0,B737-800,"economy,business",97.369,active,2026-08-18T10:00:00+05:30
flt_7f4a52a5,arl_154ebf3d,EY-6392,apt_2d4c99ed,apt_3810f0b5,2026-11-14T20:30:00+05:30,2026-11-14T23:01:00+05:30,151,0,ATR-72,"economy,business",156.862,active,2026-08-18T10:00:00+05:30
flt_c548d337,arl_cbee96ac,GF-7386,apt_c077a39a,apt_c1f65e85,2026-09-19T17:40:00+05:30,2026-09-19T22:10:00+05:30,270,0,ATR-72,"economy,business",300.204,active,2026-08-18T10:00:00+05:30
flt_153947af,arl_68688da8,NZ-5625,apt_757e32fe,apt_ee6be440,2026-10-05T11:40:00+05:30,2026-10-05T17:42:00+05:30,362,1,,"economy,business",309.061,active,2026-08-18T10:00:00+05:30
flt_9bcbf5aa,arl_508d631b,UL-2174,apt_757e32fe,apt_ceec186e,2026-11-20T11:30:00+05:30,2026-11-20T14:26:00+05:30,176,0,A321,"economy,business",164.242,active,2026-08-18T10:00:00+05:30
flt_7cb0af28,arl_7784367f,KB-4594,apt_ee6be440,apt_d3a5784e,2026-09-05T20:50:00+05:30,2026-09-06T01:24:00+05:30,274,1,ATR-72,"economy,business",220.829,active,2026-08-18T10:00:00+05:30
flt_53781335,arl_3a276287,BA-9363,apt_86c2c516,apt_ebff6148,2026-10-14T06:10:00+05:30,2026-10-14T14:08:00+05:30,478,0,ATR-72,"economy,business",559.533,active,2026-08-18T10:00:00+05:30
flt_deb088ca,arl_508d631b,UL-7950,apt_cb1113d2,apt_e6c1d884,2026-11-19T17:20:00+05:30,2026-11-20T00:40:00+05:30,440,0,,"economy,business",523.347,active,2026-08-18T10:00:00+05:30
flt_852576df,arl_b97400e0,QP-5762,apt_a7ea97c3,apt_c0496aae,2026-10-19T05:50:00+05:30,2026-10-19T07:44:00+05:30,114,0,ATR-72,economy,99.685,active,2026-08-18T10:00:00+05:30
flt_97488638,arl_c56d378a,TG-2825,apt_08ebf678,apt_ee6be440,2026-09-28T13:40:00+05:30,2026-09-28T15:38:00+05:30,118,0,A320neo,"economy,business",113.926,active,2026-08-18T10:00:00+05:30
flt_40a84bca,arl_8ac08b06,CZ-362,apt_05897d58,apt_ebff6148,2026-10-25T18:50:00+05:30,2026-10-25T23:18:00+05:30,268,0,B737-800,"economy,business",283.554,active,2026-08-18T10:00:00+05:30
flt_06b768f7,arl_534d3a8a,LH-2088,apt_ebff6148,apt_a7ea97c3,2026-10-11T20:40:00+05:30,2026-10-12T03:20:00+05:30,400,1,A320neo,"economy,business",356.482,active,2026-08-18T10:00:00+05:30
flt_58ab3d63,arl_2981080f,6E-2772,apt_eb8717c7,apt_3e80f233,2026-11-06T22:20:00+05:30,2026-11-07T06:03:00+05:30,463,1,A320neo,economy,438.121,active,2026-08-18T10:00:00+05:30
flt_1a46d18f,arl_c56d378a,TG-3188,apt_cb1113d2,apt_a7ea97c3,2026-11-05T22:30:00+05:30,2026-11-06T07:27:00+05:30,537,0,A321,"economy,business",665.928,active,2026-08-18T10:00:00+05:30
flt_7ea2719f,arl_841c6e99,AI-3305,apt_757e32fe,apt_6be6a548,2026-09-16T06:00:00+05:30,2026-09-16T10:46:00+05:30,286,0,A321,"economy,business",334.486,active,2026-08-18T10:00:00+05:30
flt_cbf2a7f7,arl_841c6e99,AI-1876,apt_3810f0b5,apt_faa26bd2,2026-10-26T10:40:00+05:30,2026-10-26T13:39:00+05:30,179,0,A320neo,"economy,business",175.469,active,2026-08-18T10:00:00+05:30
flt_73f8502a,arl_a0bf222e,KE-8663,apt_ad38af67,apt_9dd20d55,2026-09-11T20:20:00+05:30,2026-09-12T05:17:00+05:30,537,0,B787-8,"economy,business",672.09,active,2026-08-18T10:00:00+05:30
flt_2e95340c,arl_8ac08b06,CZ-124,apt_bdf57d77,apt_496144db,2026-11-01T18:10:00+05:30,2026-11-01T20:34:00+05:30,144,0,B737-800,"economy,business",137.97,active,2026-08-18T10:00:00+05:30
flt_0bbf1cb7,arl_a487a152,RA-5755,apt_5377e1f8,apt_c0496aae,2026-09-23T21:30:00+05:30,2026-09-23T22:39:00+05:30,69,0,B787-8,"economy,business",55.403,active,2026-08-18T10:00:00+05:30
flt_71f83382,arl_692cd6f4,JL-9800,apt_e6c1d884,apt_ad38af67,2026-09-30T05:50:00+05:30,2026-09-30T10:38:00+05:30,288,0,B737-800,"economy,business",334.647,active,2026-08-18T10:00:00+05:30
flt_180ac95a,arl_2981080f,6E-4970,apt_05897d58,apt_e6c1d884,2026-09-04T20:00:00+05:30,2026-09-04T21:08:00+05:30,68,0,ATR-72,economy,32.118,active,2026-08-18T10:00:00+05:30
flt_93aa15b5,arl_ef62470d,IX-1099,apt_6be6a548,apt_cb1113d2,2026-10-29T10:00:00+05:30,2026-10-29T18:59:00+05:30,539,0,A321,economy,664.773,active,2026-08-18T10:00:00+05:30
flt_4dfdf996,arl_3a276287,BA-3330,apt_bdf57d77,apt_ee6be440,2026-10-03T05:00:00+05:30,2026-10-03T07:01:00+05:30,121,0,B737-800,"economy,business",126.44,active,2026-08-18T10:00:00+05:30
flt_2c9331cd,arl_7f79d7b3,AF-8154,apt_757e32fe,apt_ee6be440,2026-10-12T18:00:00+05:30,2026-10-12T23:46:00+05:30,346,1,B737-800,"economy,business",309.061,active,2026-08-18T10:00:00+05:30
flt_e6d9f696,arl_077dea23,MH-4135,apt_c1f65e85,apt_c0496aae,2026-10-01T07:20:00+05:30,2026-10-01T09:30:00+05:30,130,0,A320neo,"economy,business",136.461,active,2026-08-18T10:00:00+05:30
flt_ee84c5e5,arl_154ebf3d,EY-3223,apt_6ddc2fb6,apt_08ebf678,2026-11-17T09:00:00+05:30,2026-11-17T11:05:00+05:30,125,0,A320neo,"economy,business",115,active,2026-08-18T10:00:00+05:30
flt_1e1de8e1,arl_2fae0fe3,KU-4017,apt_c0496aae,apt_08ebf678,2026-11-22T09:50:00+05:30,2026-11-22T11:18:00+05:30,88,0,ATR-72,"economy,business",58.183,active,2026-08-18T10:00:00+05:30
flt_0606c9a3,arl_154ebf3d,EY-9503,apt_5835fac1,apt_ebff6148,2026-11-22T10:00:00+05:30,2026-11-22T15:15:00+05:30,315,1,A320neo,"economy,business",274.641,active,2026-08-18T10:00:00+05:30
flt_3b134d93,arl_2a88a2c3,UA-5356,apt_a7ea97c3,apt_30500fc8,2026-10-24T16:20:00+05:30,2026-10-24T19:13:00+05:30,173,0,B737-800,"economy,business",172.447,active,2026-08-18T10:00:00+05:30
flt_56176e9b,arl_2981080f,6E-6623,apt_54ebca59,apt_757e32fe,2026-10-26T13:10:00+05:30,2026-10-26T18:29:00+05:30,319,0,A320neo,economy,348.075,active,2026-08-18T10:00:00+05:30
flt_4cbaa483,arl_c56d378a,TG-1418,apt_a7ea97c3,apt_9a8714fa,2026-11-07T19:00:00+05:30,2026-11-07T21:27:00+05:30,147,0,B787-8,"economy,business",142.775,active,2026-08-18T10:00:00+05:30
flt_a8bedc9f,arl_ef62470d,IX-1636,apt_c0496aae,apt_5835fac1,2026-11-29T17:30:00+05:30,2026-11-29T18:26:00+05:30,56,0,A321,economy,1.026,active,2026-08-18T10:00:00+05:30
flt_d8ee8fa5,arl_154ebf3d,EY-6768,apt_ee6be440,apt_6be6a548,2026-10-09T10:20:00+05:30,2026-10-09T15:26:00+05:30,306,1,ATR-72,"economy,business",239.849,active,2026-08-18T10:00:00+05:30
flt_83f1c51a,arl_508d631b,UL-3663,apt_ebff6148,apt_30500fc8,2026-09-17T18:20:00+05:30,2026-09-17T22:43:00+05:30,263,0,A320neo,"economy,business",306.475,active,2026-08-18T10:00:00+05:30
flt_f814d33b,arl_56da328b,GA-5696,apt_bfd02a38,apt_30500fc8,2026-09-25T21:40:00+05:30,2026-09-26T01:35:00+05:30,235,0,ATR-72,"economy,business",241.367,active,2026-08-18T10:00:00+05:30
flt_62da0e53,arl_dbae8242,QR-5873,apt_cb1113d2,apt_6be6a548,2026-11-22T21:30:00+05:30,2026-11-23T07:36:00+05:30,606,1,,"economy,business",664.773,active,2026-08-18T10:00:00+05:30
flt_c146cb38,arl_a852cdd9,VJ-4500,apt_2d4c99ed,apt_54ebca59,2026-09-15T10:20:00+05:30,2026-09-15T13:35:00+05:30,195,0,A320neo,economy,192.371,active,2026-08-18T10:00:00+05:30
flt_0219cead,arl_7784367f,KB-4227,apt_30500fc8,apt_33c2d61a,2026-10-19T16:20:00+05:30,2026-10-20T00:06:00+05:30,466,0,B787-8,"economy,business",551.393,active,2026-08-18T10:00:00+05:30
flt_773b29a6,arl_a487a152,RA-644,apt_d3a5784e,apt_757e32fe,2026-09-08T18:10:00+05:30,2026-09-09T00:10:00+05:30,360,1,B737-800,"economy,business",340.161,active,2026-08-18T10:00:00+05:30
flt_4622d0d0,arl_2fae0fe3,KU-964,apt_bfd02a38,apt_6ddc2fb6,2026-10-22T15:10:00+05:30,2026-10-22T17:46:00+05:30,156,0,A321,"economy,business",156.839,active,2026-08-18T10:00:00+05:30
flt_870c6c2a,arl_a852cdd9,VJ-1592,apt_c0496aae,apt_98416c9d,2026-10-24T19:40:00+05:30,2026-10-24T21:52:00+05:30,132,0,B737-800,economy,100.164,active,2026-08-18T10:00:00+05:30
flt_57b00286,arl_1cfc4640,SQ-8563,apt_bdf57d77,apt_05897d58,2026-10-21T06:30:00+05:30,2026-10-21T08:27:00+05:30,117,0,A320neo,"economy,business",97.369,active,2026-08-18T10:00:00+05:30
flt_f9280b38,arl_508d631b,UL-6217,apt_c0496aae,apt_e6c1d884,2026-11-16T21:30:00+05:30,2026-11-16T22:54:00+05:30,84,0,A320neo,"economy,business",57.362,active,2026-08-18T10:00:00+05:30
flt_ccffcf11,arl_6317d870,UK-9690,apt_faa26bd2,apt_2d4c99ed,2026-10-04T09:20:00+05:30,2026-10-04T11:17:00+05:30,117,0,A321,"economy,business",101.013,active,2026-08-18T10:00:00+05:30
flt_54eca679,arl_841c6e99,AI-9852,apt_bfd02a38,apt_ebff6148,2026-11-10T07:40:00+05:30,2026-11-10T13:42:00+05:30,362,1,,"economy,business",337.918,active,2026-08-18T10:00:00+05:30
flt_c3f9cced,arl_c56d378a,TG-3316,apt_86c2c516,apt_c1f65e85,2026-10-05T21:20:00+05:30,2026-10-06T03:58:00+05:30,398,1,B787-8,"economy,business",384.635,active,2026-08-18T10:00:00+05:30
flt_fb6e5829,arl_cbee96ac,GF-8106,apt_bdf57d77,apt_6ddc2fb6,2026-09-18T21:50:00+05:30,2026-09-19T00:19:00+05:30,149,0,A320neo,"economy,business",126.534,active,2026-08-18T10:00:00+05:30
flt_d2348de6,arl_3a276287,BA-6758,apt_98416c9d,apt_faa26bd2,2026-10-10T19:00:00+05:30,2026-10-10T21:10:00+05:30,130,0,B787-8,"economy,business",109.69,active,2026-08-18T10:00:00+05:30
flt_19bf422c,arl_2fae0fe3,KU-7487,apt_6ddc2fb6,apt_6be6a548,2026-11-04T08:30:00+05:30,2026-11-04T11:06:00+05:30,156,0,A320neo,"economy,business",153.267,active,2026-08-18T10:00:00+05:30
flt_ac172519,arl_4939343e,SG-769,apt_3e80f233,apt_3810f0b5,2026-10-07T22:30:00+05:30,2026-10-08T01:33:00+05:30,183,0,B737-800,economy,181.955,active,2026-08-18T10:00:00+05:30
flt_001f7f21,arl_b97400e0,QP-2959,apt_c077a39a,apt_757e32fe,2026-11-01T10:40:00+05:30,2026-11-01T13:16:00+05:30,156,0,B787-8,economy,136.441,active,2026-08-18T10:00:00+05:30
flt_19552d2a,arl_154ebf3d,EY-4110,apt_5377e1f8,apt_bdf57d77,2026-10-11T20:00:00+05:30,2026-10-11T21:37:00+05:30,97,0,A320neo,"economy,business",95.052,active,2026-08-18T10:00:00+05:30
flt_12d7c57a,arl_534d3a8a,LH-1319,apt_3e80f233,apt_6ddc2fb6,2026-11-02T06:50:00+05:30,2026-11-02T09:05:00+05:30,135,0,B737-800,"economy,business",144.417,active,2026-08-18T10:00:00+05:30
flt_82620a19,arl_b97400e0,QP-8599,apt_ebff6148,apt_30500fc8,2026-11-12T09:50:00+05:30,2026-11-12T15:30:00+05:30,340,1,B737-800,economy,306.475,active,2026-08-18T10:00:00+05:30
flt_2f321e53,arl_508d631b,UL-7510,apt_6be6a548,apt_3810f0b5,2026-11-23T10:10:00+05:30,2026-11-23T13:28:00+05:30,198,0,A320neo,"economy,business",199.559,active,2026-08-18T10:00:00+05:30
flt_0f44c5d4,arl_cbee96ac,GF-1236,apt_30500fc8,apt_ee6be440,2026-11-01T10:00:00+05:30,2026-11-01T10:35:00+05:30,35,0,A321,"economy,business",1.507,active,2026-08-18T10:00:00+05:30
flt_616a69f6,arl_ef62470d,IX-5072,apt_ceec186e,apt_86c2c516,2026-10-16T08:10:00+05:30,2026-10-16T18:16:00+05:30,606,1,ATR-72,economy,669.207,active,2026-08-18T10:00:00+05:30
flt_f98ec877,arl_8ac08b06,CZ-1851,apt_3e80f233,apt_c0496aae,2026-10-02T15:50:00+05:30,2026-10-02T18:10:00+05:30,140,0,,"economy,business",124.106,active,2026-08-18T10:00:00+05:30
flt_bb8fba06,arl_c56d378a,TG-4745,apt_5377e1f8,apt_757e32fe,2026-10-29T07:20:00+05:30,2026-10-29T11:21:00+05:30,241,0,A320neo,"economy,business",285.717,active,2026-08-18T10:00:00+05:30
flt_fb4bd672,arl_1cfc4640,SQ-6906,apt_30500fc8,apt_faa26bd2,2026-09-25T14:10:00+05:30,2026-09-25T19:08:00+05:30,298,1,,"economy,business",224.517,active,2026-08-18T10:00:00+05:30
flt_51f0c97e,arl_4939343e,SG-8454,apt_33c2d61a,apt_08ebf678,2026-10-07T21:50:00+05:30,2026-10-08T06:29:00+05:30,519,0,B737-800,economy,626.887,active,2026-08-18T10:00:00+05:30
flt_7850d94b,arl_2a88a2c3,UA-1077,apt_bdf57d77,apt_3810f0b5,2026-10-18T09:00:00+05:30,2026-10-18T11:08:00+05:30,128,0,B737-800,"economy,business",117.523,active,2026-08-18T10:00:00+05:30
flt_00e8edf3,arl_2a88a2c3,UA-7607,apt_bdf57d77,apt_3e80f233,2026-10-28T06:20:00+05:30,2026-10-28T08:02:00+05:30,102,0,B737-800,"economy,business",101.944,active,2026-08-18T10:00:00+05:30
flt_7bcb3c81,arl_a852cdd9,VJ-7903,apt_ad38af67,apt_6ddc2fb6,2026-10-22T05:30:00+05:30,2026-10-22T11:50:00+05:30,380,1,B787-8,economy,332.555,active,2026-08-18T10:00:00+05:30
flt_0d42a07d,arl_56da328b,GA-3915,apt_ee6be440,apt_ebff6148,2026-11-04T19:50:00+05:30,2026-11-05T00:17:00+05:30,267,0,B787-8,"economy,business",307.779,active,2026-08-18T10:00:00+05:30
flt_8bc10769,arl_403656a7,LX-5766,apt_e6d0e6bf,apt_9dd20d55,2026-11-25T21:10:00+05:30,2026-11-26T01:01:00+05:30,231,0,A321,"economy,business",238.136,active,2026-08-18T10:00:00+05:30
flt_ab7d5017,arl_2981080f,6E-8119,apt_33c2d61a,apt_08ebf678,2026-09-21T14:00:00+05:30,2026-09-21T22:21:00+05:30,501,0,B787-8,economy,626.887,active,2026-08-18T10:00:00+05:30
flt_2c357013,arl_c56d378a,TG-7755,apt_c0496aae,apt_86c2c516,2026-10-24T17:20:00+05:30,2026-10-24T21:26:00+05:30,246,0,A320neo,"economy,business",292.709,active,2026-08-18T10:00:00+05:30
flt_9909916b,arl_508d631b,UL-9827,apt_6ddc2fb6,apt_3810f0b5,2026-10-01T10:50:00+05:30,2026-10-01T12:43:00+05:30,113,0,B787-8,"economy,business",71.984,active,2026-08-18T10:00:00+05:30
flt_4832ecdd,arl_6317d870,UK-6881,apt_e6c1d884,apt_757e32fe,2026-11-04T21:10:00+05:30,2026-11-05T02:00:00+05:30,290,1,ATR-72,"economy,business",252.55,active,2026-08-18T10:00:00+05:30
flt_f685c982,arl_75d2a12c,QF-6402,apt_9dd20d55,apt_c077a39a,2026-11-21T18:20:00+05:30,2026-11-22T04:11:00+05:30,591,1,ATR-72,"economy,business",636.842,active,2026-08-18T10:00:00+05:30
flt_38f49ef0,arl_692cd6f4,JL-2905,apt_9a8714fa,apt_757e32fe,2026-11-26T20:40:00+05:30,2026-11-27T01:26:00+05:30,286,1,A321,"economy,business",217.729,active,2026-08-18T10:00:00+05:30
flt_be34368a,arl_534d3a8a,LH-3710,apt_c0496aae,apt_ebff6148,2026-10-18T15:00:00+05:30,2026-10-18T20:17:00+05:30,317,1,A320neo,"economy,business",273.647,active,2026-08-18T10:00:00+05:30
flt_250b2080,arl_2a88a2c3,UA-7797,apt_496144db,apt_757e32fe,2026-10-10T09:10:00+05:30,2026-10-10T13:42:00+05:30,272,0,B737-800,"economy,business",286.531,active,2026-08-18T10:00:00+05:30
flt_9d954206,arl_a0bf222e,KE-5529,apt_98416c9d,apt_05897d58,2026-09-02T05:30:00+05:30,2026-09-02T08:00:00+05:30,150,0,ATR-72,"economy,business",140.054,active,2026-08-18T10:00:00+05:30
flt_fbd6a270,arl_cbee96ac,GF-8618,apt_757e32fe,apt_496144db,2026-10-01T18:00:00+05:30,2026-10-01T23:23:00+05:30,323,1,,"economy,business",286.531,active,2026-08-18T10:00:00+05:30
flt_1ab14c7a,arl_7784367f,KB-3406,apt_d3a5784e,apt_c1f65e85,2026-11-01T10:30:00+05:30,2026-11-01T13:13:00+05:30,163,0,,"economy,business",155.093,active,2026-08-18T10:00:00+05:30
flt_296653dd,arl_a0bf222e,KE-3710,apt_c0496aae,apt_5835fac1,2026-10-10T20:30:00+05:30,2026-10-10T21:29:00+05:30,59,0,B787-8,"economy,business",1.026,active,2026-08-18T10:00:00+05:30
flt_1f066089,arl_68688da8,NZ-4693,apt_33c2d61a,apt_cb1113d2,2026-10-31T11:10:00+05:30,2026-10-31T12:01:00+05:30,51,0,ATR-72,"economy,business",2.971,active,2026-08-18T10:00:00+05:30
flt_be0642e8,arl_534d3a8a,LH-2288,apt_e6c1d884,apt_ee6be440,2026-09-26T15:30:00+05:30,2026-09-26T16:49:00+05:30,79,0,B787-8,"economy,business",67.116,active,2026-08-18T10:00:00+05:30
flt_4f4b9fdd,arl_403656a7,LX-431,apt_757e32fe,apt_5835fac1,2026-11-04T15:40:00+05:30,2026-11-04T21:14:00+05:30,334,1,A320neo,"economy,business",275.453,active,2026-08-18T10:00:00+05:30
flt_161d2e5d,arl_2fae0fe3,KU-8501,apt_c077a39a,apt_ad38af67,2026-09-19T05:20:00+05:30,2026-09-19T06:18:00+05:30,58,0,ATR-72,"economy,business",35.569,active,2026-08-18T10:00:00+05:30
flt_48795341,arl_508d631b,UL-9653,apt_c1f65e85,apt_bfd02a38,2026-11-13T08:20:00+05:30,2026-11-13T11:05:00+05:30,165,0,B787-8,"economy,business",150.902,active,2026-08-18T10:00:00+05:30
flt_c3fe47b6,arl_8ac08b06,CZ-6803,apt_6ddc2fb6,apt_6be6a548,2026-09-29T13:40:00+05:30,2026-09-29T16:08:00+05:30,148,0,B737-800,"economy,business",153.267,active,2026-08-18T10:00:00+05:30
flt_c72a869e,arl_a852cdd9,VJ-2087,apt_86c2c516,apt_3810f0b5,2026-09-24T07:10:00+05:30,2026-09-24T12:14:00+05:30,304,0,A320neo,economy,336.296,active,2026-08-18T10:00:00+05:30
flt_94e79463,arl_534d3a8a,LH-7306,apt_33c2d61a,apt_496144db,2026-11-05T10:10:00+05:30,2026-11-05T18:46:00+05:30,516,0,ATR-72,"economy,business",621.142,active,2026-08-18T10:00:00+05:30
flt_392f0bc5,arl_ef62470d,IX-4039,apt_30500fc8,apt_a7ea97c3,2026-11-07T15:10:00+05:30,2026-11-07T17:45:00+05:30,155,0,B737-800,economy,172.447,active,2026-08-18T10:00:00+05:30
flt_591adbda,arl_154ebf3d,EY-7070,apt_bfd02a38,apt_5377e1f8,2026-10-28T14:10:00+05:30,2026-10-28T17:14:00+05:30,184,0,A320neo,"economy,business",198.907,active,2026-08-18T10:00:00+05:30
flt_304c88f3,arl_a0bf222e,KE-3369,apt_6ddc2fb6,apt_30500fc8,2026-11-23T08:40:00+05:30,2026-11-23T11:21:00+05:30,161,0,A320neo,"economy,business",135.343,active,2026-08-18T10:00:00+05:30
flt_2da417f0,arl_75d2a12c,QF-5808,apt_496144db,apt_e6c1d884,2026-11-26T15:40:00+05:30,2026-11-26T18:47:00+05:30,187,0,A320neo,"economy,business",176.1,active,2026-08-18T10:00:00+05:30
flt_fb7bc513,arl_cbee96ac,GF-4015,apt_ad38af67,apt_08ebf678,2026-11-22T10:00:00+05:30,2026-11-22T16:08:00+05:30,368,0,B737-800,"economy,business",433.738,active,2026-08-18T10:00:00+05:30
flt_9289ed8f,arl_a852cdd9,VJ-6790,apt_3810f0b5,apt_bfd02a38,2026-11-13T18:50:00+05:30,2026-11-13T22:08:00+05:30,198,0,ATR-72,economy,202.686,active,2026-08-18T10:00:00+05:30
flt_95150726,arl_dbae8242,QR-407,apt_ad38af67,apt_05897d58,2026-10-04T20:40:00+05:30,2026-10-05T01:55:00+05:30,315,0,B787-8,"economy,business",363.066,active,2026-08-18T10:00:00+05:30
flt_923eaff2,arl_56da328b,GA-9555,apt_3e80f233,apt_9dd20d55,2026-11-07T17:50:00+05:30,2026-11-07T21:25:00+05:30,215,0,B737-800,"economy,business",236.721,active,2026-08-18T10:00:00+05:30
flt_b5ad01b3,arl_4939343e,SG-513,apt_3e80f233,apt_eb8717c7,2026-10-18T08:10:00+05:30,2026-10-18T14:21:00+05:30,371,0,B737-800,economy,438.121,active,2026-08-18T10:00:00+05:30
flt_abcb465f,arl_2a88a2c3,UA-7263,apt_e6d0e6bf,apt_bdf57d77,2026-10-24T09:40:00+05:30,2026-10-24T10:43:00+05:30,63,0,B787-8,"economy,business",13.775,active,2026-08-18T10:00:00+05:30
flt_1dbb0a1c,arl_077dea23,MH-7240,apt_ee6be440,apt_6ddc2fb6,2026-10-31T09:00:00+05:30,2026-10-31T11:37:00+05:30,157,0,A321,"economy,business",136.834,active,2026-08-18T10:00:00+05:30
flt_dde97f90,arl_1cfc4640,SQ-6156,apt_a7ea97c3,apt_3810f0b5,2026-11-14T07:10:00+05:30,2026-11-14T09:54:00+05:30,164,0,B787-8,"economy,business",154.733,active,2026-08-18T10:00:00+05:30
flt_e08c36db,arl_2a88a2c3,UA-4737,apt_08ebf678,apt_6be6a548,2026-09-06T08:20:00+05:30,2026-09-06T10:50:00+05:30,150,0,ATR-72,"economy,business",134.948,active,2026-08-18T10:00:00+05:30
flt_78cfa0fd,arl_a0bf222e,KE-9221,apt_86c2c516,apt_5835fac1,2026-11-18T11:40:00+05:30,2026-11-18T17:02:00+05:30,322,1,B787-8,"economy,business",291.684,active,2026-08-18T10:00:00+05:30
flt_89ef1ebe,arl_508d631b,UL-1559,apt_c1f65e85,apt_6ddc2fb6,2026-09-05T13:10:00+05:30,2026-09-05T14:46:00+05:30,96,0,B787-8,"economy,business",86.726,active,2026-08-18T10:00:00+05:30
flt_977d5045,arl_56da328b,GA-4504,apt_3810f0b5,apt_c1f65e85,2026-09-09T05:20:00+05:30,2026-09-09T08:01:00+05:30,161,0,A321,"economy,business",158.068,active,2026-08-18T10:00:00+05:30
flt_f6ab0b60,arl_75d2a12c,QF-3379,apt_6be6a548,apt_cb1113d2,2026-11-27T15:20:00+05:30,2026-11-28T01:49:00+05:30,629,1,ATR-72,"economy,business",664.773,active,2026-08-18T10:00:00+05:30
flt_7c90b497,arl_ef62470d,IX-8863,apt_a7ea97c3,apt_bdf57d77,2026-11-05T20:30:00+05:30,2026-11-05T21:45:00+05:30,75,0,A320neo,economy,47.738,active,2026-08-18T10:00:00+05:30
flt_dba43eeb,arl_508d631b,UL-3768,apt_3810f0b5,apt_9dd20d55,2026-09-18T17:40:00+05:30,2026-09-19T00:09:00+05:30,389,1,A320neo,"economy,business",338.76,active,2026-08-18T10:00:00+05:30
flt_2884d556,arl_2981080f,6E-3634,apt_bdf57d77,apt_33c2d61a,2026-09-26T13:20:00+05:30,2026-09-26T21:49:00+05:30,509,0,A321,economy,641.212,active,2026-08-18T10:00:00+05:30
flt_407dd6f2,arl_a0bf222e,KE-3832,apt_cb1113d2,apt_33c2d61a,2026-10-04T19:20:00+05:30,2026-10-04T20:05:00+05:30,45,0,A321,"economy,business",2.971,active,2026-08-18T10:00:00+05:30
flt_c39e6749,arl_534d3a8a,LH-7499,apt_54ebca59,apt_6be6a548,2026-10-11T21:00:00+05:30,2026-10-11T23:24:00+05:30,144,0,B737-800,"economy,business",131.472,active,2026-08-18T10:00:00+05:30
flt_5f887000,arl_508d631b,UL-9221,apt_cb1113d2,apt_eb8717c7,2026-09-30T10:40:00+05:30,2026-09-30T14:15:00+05:30,215,0,A320neo,"economy,business",226.97,active,2026-08-18T10:00:00+05:30
flt_bc8c26b0,arl_6317d870,UK-608,apt_86c2c516,apt_5377e1f8,2026-11-16T16:00:00+05:30,2026-11-16T21:46:00+05:30,346,1,ATR-72,"economy,business",308.148,active,2026-08-18T10:00:00+05:30
flt_6fb0e5b6,arl_a852cdd9,VJ-6208,apt_496144db,apt_6be6a548,2026-11-02T16:20:00+05:30,2026-11-02T17:55:00+05:30,95,0,A321,economy,48.264,active,2026-08-18T10:00:00+05:30
flt_0f0afa8a,arl_154ebf3d,EY-6587,apt_a7ea97c3,apt_ebff6148,2026-09-06T10:00:00+05:30,2026-09-06T15:00:00+05:30,300,0,B787-8,"economy,business",356.482,active,2026-08-18T10:00:00+05:30
flt_d329ca7a,arl_a487a152,RA-6516,apt_3e80f233,apt_ceec186e,2026-11-22T06:20:00+05:30,2026-11-22T12:45:00+05:30,385,0,B737-800,"economy,business",473.189,active,2026-08-18T10:00:00+05:30
flt_a6f0ed04,arl_2981080f,6E-7147,apt_33c2d61a,apt_e6d0e6bf,2026-09-21T13:00:00+05:30,2026-09-21T22:40:00+05:30,580,1,B787-8,economy,627.442,active,2026-08-18T10:00:00+05:30
flt_dc1985be,arl_7784367f,KB-1868,apt_33c2d61a,apt_08ebf678,2026-11-24T05:20:00+05:30,2026-11-24T13:55:00+05:30,515,0,A321,"economy,business",626.887,active,2026-08-18T10:00:00+05:30
flt_0fe518ba,arl_841c6e99,AI-7818,apt_c1f65e85,apt_cb1113d2,2026-10-11T18:20:00+05:30,2026-10-12T01:48:00+05:30,448,0,B737-800,"economy,business",521.279,active,2026-08-18T10:00:00+05:30
flt_cd1badd5,arl_cbee96ac,GF-6495,apt_30500fc8,apt_ceec186e,2026-09-07T07:00:00+05:30,2026-09-07T13:27:00+05:30,387,1,,"economy,business",366.079,active,2026-08-18T10:00:00+05:30
flt_03f1a4f7,arl_28f00e8b,EK-1434,apt_e6c1d884,apt_9a8714fa,2026-09-11T12:50:00+05:30,2026-09-11T14:34:00+05:30,104,0,ATR-72,"economy,business",72.13,active,2026-08-18T10:00:00+05:30
flt_3d75986f,arl_cbee96ac,GF-924,apt_05897d58,apt_ceec186e,2026-11-17T18:20:00+05:30,2026-11-18T00:51:00+05:30,391,1,A321,"economy,business",362.64,active,2026-08-18T10:00:00+05:30
flt_61231f90,arl_28f00e8b,EK-4249,apt_cb1113d2,apt_e6c1d884,2026-09-07T16:40:00+05:30,2026-09-08T01:24:00+05:30,524,1,B737-800,"economy,business",523.347,active,2026-08-18T10:00:00+05:30
flt_4962a041,arl_c56d378a,TG-9542,apt_9dd20d55,apt_6ddc2fb6,2026-09-15T07:50:00+05:30,2026-09-15T12:38:00+05:30,288,0,B787-8,"economy,business",347.07,active,2026-08-18T10:00:00+05:30
flt_adfc1e85,arl_cbee96ac,GF-3171,apt_e6c1d884,apt_98416c9d,2026-10-06T09:50:00+05:30,2026-10-06T12:34:00+05:30,164,0,A320neo,"economy,business",154.399,active,2026-08-18T10:00:00+05:30
flt_5e6e02fe,arl_7784367f,KB-8570,apt_a7ea97c3,apt_9dd20d55,2026-10-20T18:30:00+05:30,2026-10-20T21:45:00+05:30,195,0,,"economy,business",206.265,active,2026-08-18T10:00:00+05:30
flt_7ab1a8cc,arl_a487a152,RA-4240,apt_9dd20d55,apt_cb1113d2,2026-11-19T20:30:00+05:30,2026-11-20T08:13:00+05:30,703,0,B787-8,"economy,business",861.733,active,2026-08-18T10:00:00+05:30
flt_3260ac0d,arl_1cfc4640,SQ-3828,apt_faa26bd2,apt_bfd02a38,2026-11-06T20:10:00+05:30,2026-11-06T21:28:00+05:30,78,0,A321,"economy,business",49.999,active,2026-08-18T10:00:00+05:30
flt_a1432aad,arl_534d3a8a,LH-6111,apt_3810f0b5,apt_54ebca59,2026-11-01T18:00:00+05:30,2026-11-01T20:28:00+05:30,148,0,B737-800,"economy,business",120.062,active,2026-08-18T10:00:00+05:30
flt_18aa9790,arl_534d3a8a,LH-8860,apt_6be6a548,apt_05897d58,2026-11-19T09:00:00+05:30,2026-11-19T12:28:00+05:30,208,0,B737-800,"economy,business",198.156,active,2026-08-18T10:00:00+05:30
flt_5441eddc,arl_1cfc4640,SQ-5522,apt_6ddc2fb6,apt_98416c9d,2026-10-27T16:50:00+05:30,2026-10-27T19:32:00+05:30,162,0,A320neo,"economy,business",143.847,active,2026-08-18T10:00:00+05:30
flt_01748344,arl_534d3a8a,LH-102,apt_6be6a548,apt_3810f0b5,2026-10-07T10:50:00+05:30,2026-10-07T13:59:00+05:30,189,0,B787-8,"economy,business",199.559,active,2026-08-18T10:00:00+05:30
flt_4e0ff658,arl_2981080f,6E-154,apt_3e80f233,apt_ad38af67,2026-10-12T09:40:00+05:30,2026-10-12T17:18:00+05:30,458,1,B787-8,economy,473.07,active,2026-08-18T10:00:00+05:30
flt_2be766b4,arl_1cfc4640,SQ-231,apt_e6d0e6bf,apt_ee6be440,2026-11-04T11:00:00+05:30,2026-11-04T13:25:00+05:30,145,0,B737-800,"economy,business",116.324,active,2026-08-18T10:00:00+05:30
flt_84c60ab5,arl_7f79d7b3,AF-6541,apt_cb1113d2,apt_86c2c516,2026-11-08T12:00:00+05:30,2026-11-08T23:42:00+05:30,702,0,,"economy,business",859.227,active,2026-08-18T10:00:00+05:30
flt_b1882fda,arl_154ebf3d,EY-515,apt_cb1113d2,apt_54ebca59,2026-10-03T16:00:00+05:30,2026-10-04T00:47:00+05:30,527,0,A321,"economy,business",641.324,active,2026-08-18T10:00:00+05:30
flt_5f6a0405,arl_56da328b,GA-6007,apt_05897d58,apt_33c2d61a,2026-11-13T15:50:00+05:30,2026-11-14T00:43:00+05:30,533,1,B737-800,"economy,business",553.183,active,2026-08-18T10:00:00+05:30
flt_6a5e83f9,arl_a487a152,RA-945,apt_ee6be440,apt_e6d0e6bf,2026-09-09T14:50:00+05:30,2026-09-09T16:50:00+05:30,120,0,A320neo,"economy,business",116.324,active,2026-08-18T10:00:00+05:30
flt_e3c576c4,arl_1cfc4640,SQ-5411,apt_9a8714fa,apt_ad38af67,2026-10-07T20:20:00+05:30,2026-10-08T00:59:00+05:30,279,0,B737-800,"economy,business",332.817,active,2026-08-18T10:00:00+05:30
flt_180c92d8,arl_4939343e,SG-6601,apt_30500fc8,apt_757e32fe,2026-11-19T17:30:00+05:30,2026-11-19T23:36:00+05:30,366,1,B737-800,economy,307.754,active,2026-08-18T10:00:00+05:30
flt_3eabc50e,arl_666b65b1,AC-590,apt_e6c1d884,apt_33c2d61a,2026-11-06T12:20:00+05:30,2026-11-06T19:50:00+05:30,450,0,B787-8,"economy,business",526.282,active,2026-08-18T10:00:00+05:30
flt_321e58f8,arl_3a276287,BA-3732,apt_757e32fe,apt_c077a39a,2026-09-11T15:10:00+05:30,2026-09-11T17:50:00+05:30,160,0,A321,"economy,business",136.441,active,2026-08-18T10:00:00+05:30
flt_43708fe6,arl_c56d378a,TG-7242,apt_33c2d61a,apt_05897d58,2026-11-08T16:20:00+05:30,2026-11-09T00:12:00+05:30,472,0,ATR-72,"economy,business",553.183,active,2026-08-18T10:00:00+05:30
flt_dce172b9,arl_154ebf3d,EY-9922,apt_c0496aae,apt_bdf57d77,2026-11-08T12:40:00+05:30,2026-11-08T14:32:00+05:30,112,0,ATR-72,"economy,business",71.273,active,2026-08-18T10:00:00+05:30
flt_d5515e12,arl_1cfc4640,SQ-7566,apt_c0496aae,apt_54ebca59,2026-09-28T20:30:00+05:30,2026-09-28T22:16:00+05:30,106,0,A320neo,"economy,business",74.79,active,2026-08-18T10:00:00+05:30
flt_e66770da,arl_7784367f,KB-4961,apt_496144db,apt_05897d58,2026-10-20T06:00:00+05:30,2026-10-20T08:55:00+05:30,175,0,B787-8,"economy,business",183.028,active,2026-08-18T10:00:00+05:30
flt_d01a8848,arl_077dea23,MH-7866,apt_d3a5784e,apt_2d4c99ed,2026-11-18T05:40:00+05:30,2026-11-18T08:34:00+05:30,174,0,B737-800,"economy,business",154.997,active,2026-08-18T10:00:00+05:30
flt_addfb81d,arl_077dea23,MH-6145,apt_a7ea97c3,apt_33c2d61a,2026-09-15T18:10:00+05:30,2026-09-16T04:45:00+05:30,635,1,A320neo,"economy,business",668.794,active,2026-08-18T10:00:00+05:30
flt_feb1bbc6,arl_1cfc4640,SQ-1440,apt_bdf57d77,apt_496144db,2026-10-20T13:20:00+05:30,2026-10-20T15:30:00+05:30,130,0,ATR-72,"economy,business",137.97,active,2026-08-18T10:00:00+05:30
flt_a44dd0e8,arl_ef62470d,IX-9027,apt_ee6be440,apt_5377e1f8,2026-11-19T22:00:00+05:30,2026-11-19T23:18:00+05:30,78,0,A321,economy,46.738,active,2026-08-18T10:00:00+05:30
flt_34c99d59,arl_28f00e8b,EK-1116,apt_c1f65e85,apt_bfd02a38,2026-09-10T07:40:00+05:30,2026-09-10T10:02:00+05:30,142,0,B787-8,"economy,business",150.902,active,2026-08-18T10:00:00+05:30
flt_81748f0e,arl_a487a152,RA-2006,apt_98416c9d,apt_cb1113d2,2026-09-16T15:40:00+05:30,2026-09-17T02:17:00+05:30,637,1,ATR-72,"economy,business",666.694,active,2026-08-18T10:00:00+05:30
flt_28cf8da8,arl_75d2a12c,QF-4296,apt_c077a39a,apt_98416c9d,2026-09-17T07:00:00+05:30,2026-09-17T13:18:00+05:30,378,0,A320neo,"economy,business",439.485,active,2026-08-18T10:00:00+05:30
flt_8cd44817,arl_077dea23,MH-4489,apt_e6c1d884,apt_2d4c99ed,2026-11-01T17:20:00+05:30,2026-11-01T19:53:00+05:30,153,0,ATR-72,"economy,business",156.233,active,2026-08-18T10:00:00+05:30
flt_5d66fd08,arl_75d2a12c,QF-4840,apt_9a8714fa,apt_757e32fe,2026-10-04T08:20:00+05:30,2026-10-04T13:15:00+05:30,295,1,A320neo,"economy,business",217.729,active,2026-08-18T10:00:00+05:30
flt_6ac0859c,arl_2981080f,6E-8376,apt_3e80f233,apt_54ebca59,2026-11-02T21:30:00+05:30,2026-11-02T23:31:00+05:30,121,0,A320neo,economy,103.959,active,2026-08-18T10:00:00+05:30
flt_e9917557,arl_dbae8242,QR-1405,apt_ceec186e,apt_c077a39a,2026-11-10T07:50:00+05:30,2026-11-10T08:42:00+05:30,52,0,ATR-72,"economy,business",35.534,active,2026-08-18T10:00:00+05:30
flt_eaec8b98,arl_4939343e,SG-3330,apt_c0496aae,apt_3e80f233,2026-09-20T12:00:00+05:30,2026-09-20T13:58:00+05:30,118,0,A320neo,economy,124.106,active,2026-08-18T10:00:00+05:30
flt_58306778,arl_7784367f,KB-2933,apt_08ebf678,apt_33c2d61a,2026-09-23T16:40:00+05:30,2026-09-24T01:12:00+05:30,512,0,B737-800,"economy,business",626.887,active,2026-08-18T10:00:00+05:30
flt_ff3d86e4,arl_4939343e,SG-4420,apt_30500fc8,apt_d3a5784e,2026-10-27T14:40:00+05:30,2026-10-27T18:02:00+05:30,202,0,A321,economy,219.848,active,2026-08-18T10:00:00+05:30
flt_e34085d7,arl_4939343e,SG-3128,apt_6ddc2fb6,apt_9a8714fa,2026-11-25T05:30:00+05:30,2026-11-25T06:22:00+05:30,52,0,B737-800,economy,0.84,active,2026-08-18T10:00:00+05:30
flt_7399af2f,arl_077dea23,MH-5475,apt_e6d0e6bf,apt_ebff6148,2026-09-12T19:50:00+05:30,2026-09-13T00:39:00+05:30,289,0,ATR-72,"economy,business",330.93,active,2026-08-18T10:00:00+05:30
flt_0ad8a326,arl_692cd6f4,JL-6907,apt_3e80f233,apt_6ddc2fb6,2026-11-24T19:20:00+05:30,2026-11-24T21:59:00+05:30,159,0,B787-8,"economy,business",144.417,active,2026-08-18T10:00:00+05:30
flt_9a46f5f7,arl_666b65b1,AC-5229,apt_757e32fe,apt_ceec186e,2026-10-02T14:30:00+05:30,2026-10-02T17:21:00+05:30,171,0,ATR-72,"economy,business",164.242,active,2026-08-18T10:00:00+05:30
flt_2d928fe5,arl_68688da8,NZ-8732,apt_54ebca59,apt_05897d58,2026-09-12T12:30:00+05:30,2026-09-12T14:22:00+05:30,112,0,ATR-72,"economy,business",99.142,active,2026-08-18T10:00:00+05:30
flt_0781dc5f,arl_666b65b1,AC-1686,apt_ebff6148,apt_33c2d61a,2026-11-28T05:50:00+05:30,2026-11-28T11:04:00+05:30,314,0,A321,"economy,business",340.885,active,2026-08-18T10:00:00+05:30
flt_07df3cad,arl_841c6e99,AI-2131,apt_9a8714fa,apt_6be6a548,2026-09-30T21:20:00+05:30,2026-09-30T23:50:00+05:30,150,0,,"economy,business",152.681,active,2026-08-18T10:00:00+05:30
flt_2664d453,arl_534d3a8a,LH-5035,apt_ebff6148,apt_bdf57d77,2026-10-27T16:30:00+05:30,2026-10-27T21:31:00+05:30,301,0,A321,"economy,business",343.548,active,2026-08-18T10:00:00+05:30
flt_2358916d,arl_c56d378a,TG-5218,apt_a7ea97c3,apt_c077a39a,2026-11-24T07:30:00+05:30,2026-11-24T13:43:00+05:30,373,0,A321,"economy,business",438.694,active,2026-08-18T10:00:00+05:30
flt_4d6b3fa2,arl_2981080f,6E-4584,apt_05897d58,apt_757e32fe,2026-10-05T11:10:00+05:30,2026-10-05T15:25:00+05:30,255,0,A321,economy,284.668,active,2026-08-18T10:00:00+05:30
flt_e812ffcc,arl_534d3a8a,LH-1515,apt_bdf57d77,apt_33c2d61a,2026-10-19T06:20:00+05:30,2026-10-19T14:52:00+05:30,512,0,B737-800,"economy,business",641.212,active,2026-08-18T10:00:00+05:30
flt_692d11d5,arl_2fae0fe3,KU-4457,apt_3810f0b5,apt_a7ea97c3,2026-09-22T15:00:00+05:30,2026-09-22T17:32:00+05:30,152,0,A321,"economy,business",154.733,active,2026-08-18T10:00:00+05:30
flt_6c086b4d,arl_692cd6f4,JL-9840,apt_c0496aae,apt_05897d58,2026-09-24T17:10:00+05:30,2026-09-24T18:50:00+05:30,100,0,B737-800,"economy,business",57.097,active,2026-08-18T10:00:00+05:30
flt_bb0767ea,arl_154ebf3d,EY-7488,apt_e6c1d884,apt_86c2c516,2026-11-06T19:20:00+05:30,2026-11-07T00:04:00+05:30,284,0,A320neo,"economy,business",335.946,active,2026-08-18T10:00:00+05:30
flt_abfc022a,arl_68688da8,NZ-8061,apt_c0496aae,apt_2d4c99ed,2026-09-07T17:30:00+05:30,2026-09-07T19:40:00+05:30,130,0,B787-8,"economy,business",135.436,active,2026-08-18T10:00:00+05:30
flt_90ca5bcb,arl_841c6e99,AI-7761,apt_5835fac1,apt_6ddc2fb6,2026-09-27T10:50:00+05:30,2026-09-27T12:34:00+05:30,104,0,ATR-72,"economy,business",59.63,active,2026-08-18T10:00:00+05:30
flt_1a40e532,arl_68688da8,NZ-8507,apt_d3a5784e,apt_33c2d61a,2026-09-16T07:30:00+05:30,2026-09-16T16:28:00+05:30,538,0,B787-8,"economy,business",668.519,active,2026-08-18T10:00:00+05:30
flt_aad2888d,arl_b97400e0,QP-1342,apt_6ddc2fb6,apt_5835fac1,2026-10-08T05:30:00+05:30,2026-10-08T07:11:00+05:30,101,0,B737-800,economy,59.63,active,2026-08-18T10:00:00+05:30
flt_572750b3,arl_2981080f,6E-7257,apt_9dd20d55,apt_05897d58,2026-09-04T12:10:00+05:30,2026-09-04T16:42:00+05:30,272,0,A320neo,economy,312.564,active,2026-08-18T10:00:00+05:30
flt_0eeca397,arl_2a88a2c3,UA-5680,apt_2d4c99ed,apt_c077a39a,2026-09-10T22:40:00+05:30,2026-09-11T03:25:00+05:30,285,0,A321,"economy,business",299.644,active,2026-08-18T10:00:00+05:30
flt_caedc8de,arl_841c6e99,AI-4628,apt_c0496aae,apt_08ebf678,2026-09-04T12:50:00+05:30,2026-09-04T14:19:00+05:30,89,0,ATR-72,"economy,business",58.183,active,2026-08-18T10:00:00+05:30
flt_0261cb1a,arl_403656a7,LX-6007,apt_e6d0e6bf,apt_ee6be440,2026-11-02T12:30:00+05:30,2026-11-02T14:32:00+05:30,122,0,B787-8,"economy,business",116.324,active,2026-08-18T10:00:00+05:30
flt_1b62f9a0,arl_508d631b,UL-8987,apt_33c2d61a,apt_c077a39a,2026-11-16T20:20:00+05:30,2026-11-17T00:56:00+05:30,276,1,B787-8,"economy,business",230.247,active,2026-08-18T10:00:00+05:30
flt_cd07ded3,arl_56da328b,GA-6918,apt_86c2c516,apt_5835fac1,2026-09-15T18:40:00+05:30,2026-09-15T23:06:00+05:30,266,0,A321,"economy,business",291.684,active,2026-08-18T10:00:00+05:30
flt_20e3730b,arl_b97400e0,QP-3003,apt_ceec186e,apt_5377e1f8,2026-11-17T06:50:00+05:30,2026-11-17T13:23:00+05:30,393,1,ATR-72,economy,364.51,active,2026-08-18T10:00:00+05:30
flt_99d87596,arl_534d3a8a,LH-9642,apt_ee6be440,apt_5377e1f8,2026-09-15T16:30:00+05:30,2026-09-15T18:00:00+05:30,90,0,B787-8,"economy,business",46.738,active,2026-08-18T10:00:00+05:30
flt_345469ce,arl_28f00e8b,EK-6300,apt_c1f65e85,apt_86c2c516,2026-11-28T10:20:00+05:30,2026-11-28T17:17:00+05:30,417,1,B737-800,"economy,business",384.635,active,2026-08-18T10:00:00+05:30
flt_7230f056,arl_2981080f,6E-5969,apt_08ebf678,apt_33c2d61a,2026-11-24T22:00:00+05:30,2026-11-25T07:36:00+05:30,576,1,A320neo,economy,626.887,active,2026-08-18T10:00:00+05:30
flt_b2a25165,arl_841c6e99,AI-1940,apt_2d4c99ed,apt_c1f65e85,2026-10-06T05:20:00+05:30,2026-10-06T06:02:00+05:30,42,0,ATR-72,"economy,business",1.235,active,2026-08-18T10:00:00+05:30
flt_5747ecf1,arl_56da328b,GA-2013,apt_6ddc2fb6,apt_54ebca59,2026-09-25T16:00:00+05:30,2026-09-25T18:36:00+05:30,156,0,A321,"economy,business",130.361,active,2026-08-18T10:00:00+05:30
flt_aaba38e8,arl_75d2a12c,QF-1158,apt_30500fc8,apt_6be6a548,2026-11-13T10:40:00+05:30,2026-11-13T15:48:00+05:30,308,1,A321,"economy,business",238.791,active,2026-08-18T10:00:00+05:30
flt_d35f09d8,arl_841c6e99,AI-2094,apt_6be6a548,apt_cb1113d2,2026-09-30T11:40:00+05:30,2026-09-30T20:30:00+05:30,530,0,,"economy,business",664.773,active,2026-08-18T10:00:00+05:30
flt_07a54e10,arl_c56d378a,TG-7799,apt_c0496aae,apt_9dd20d55,2026-09-13T20:40:00+05:30,2026-09-14T01:10:00+05:30,270,0,B737-800,"economy,business",295.474,active,2026-08-18T10:00:00+05:30
flt_3590fd44,arl_a852cdd9,VJ-3272,apt_9dd20d55,apt_ceec186e,2026-11-07T05:00:00+05:30,2026-11-07T15:29:00+05:30,629,1,B787-8,economy,671.818,active,2026-08-18T10:00:00+05:30
flt_c2866a43,arl_b97400e0,QP-7525,apt_05897d58,apt_496144db,2026-10-17T20:30:00+05:30,2026-10-17T23:23:00+05:30,173,0,B737-800,economy,183.028,active,2026-08-18T10:00:00+05:30
flt_31bb94ab,arl_6317d870,UK-8500,apt_2d4c99ed,apt_9dd20d55,2026-11-10T05:50:00+05:30,2026-11-10T11:29:00+05:30,339,0,A320neo,"economy,business",387.599,active,2026-08-18T10:00:00+05:30
flt_9f7bca82,arl_a0bf222e,KE-5641,apt_08ebf678,apt_ceec186e,2026-09-13T17:40:00+05:30,2026-09-14T00:47:00+05:30,427,1,A320neo,"economy,business",433.487,active,2026-08-18T10:00:00+05:30
flt_959c4b42,arl_2a88a2c3,UA-9324,apt_d3a5784e,apt_c0496aae,2026-09-10T14:40:00+05:30,2026-09-10T17:15:00+05:30,155,0,A320neo,"economy,business",127.513,active,2026-08-18T10:00:00+05:30
flt_7370d716,arl_3a276287,BA-4020,apt_98416c9d,apt_c077a39a,2026-09-25T07:40:00+05:30,2026-09-25T15:11:00+05:30,451,1,ATR-72,"economy,business",439.485,active,2026-08-18T10:00:00+05:30
flt_78314a42,arl_68688da8,NZ-7154,apt_98416c9d,apt_d3a5784e,2026-11-06T18:30:00+05:30,2026-11-06T20:17:00+05:30,107,0,A320neo,"economy,business",65.847,active,2026-08-18T10:00:00+05:30
flt_c7e53fe1,arl_692cd6f4,JL-1692,apt_30500fc8,apt_5835fac1,2026-10-31T10:50:00+05:30,2026-10-31T12:40:00+05:30,110,0,B787-8,"economy,business",100.614,active,2026-08-18T10:00:00+05:30
flt_1b12e647,arl_534d3a8a,LH-1010,apt_c077a39a,apt_2d4c99ed,2026-10-24T11:30:00+05:30,2026-10-24T17:23:00+05:30,353,1,B737-800,"economy,business",299.644,active,2026-08-18T10:00:00+05:30
flt_e93eb9c6,arl_841c6e99,AI-3272,apt_30500fc8,apt_faa26bd2,2026-10-31T08:10:00+05:30,2026-10-31T11:52:00+05:30,222,0,B787-8,"economy,business",224.517,active,2026-08-18T10:00:00+05:30
flt_638d1e20,arl_dbae8242,QR-7104,apt_e6c1d884,apt_86c2c516,2026-09-10T21:40:00+05:30,2026-09-11T02:45:00+05:30,305,0,A320neo,"economy,business",335.946,active,2026-08-18T10:00:00+05:30
flt_ff6c6cbf,arl_c56d378a,TG-8747,apt_3e80f233,apt_bdf57d77,2026-10-19T21:50:00+05:30,2026-10-19T23:49:00+05:30,119,0,B737-800,"economy,business",101.944,active,2026-08-18T10:00:00+05:30
flt_de9450f8,arl_dbae8242,QR-3017,apt_9a8714fa,apt_ebff6148,2026-10-07T07:40:00+05:30,2026-10-07T12:32:00+05:30,292,1,A321,"economy,business",217.026,active,2026-08-18T10:00:00+05:30
flt_38fcd8e0,arl_68688da8,NZ-8005,apt_faa26bd2,apt_6ddc2fb6,2026-11-11T14:40:00+05:30,2026-11-11T16:36:00+05:30,116,0,A320neo,"economy,business",117.994,active,2026-08-18T10:00:00+05:30
flt_0be038de,arl_841c6e99,AI-3752,apt_cb1113d2,apt_faa26bd2,2026-10-11T20:10:00+05:30,2026-10-12T04:30:00+05:30,500,0,ATR-72,"economy,business",619.512,active,2026-08-18T10:00:00+05:30
flt_7be0318f,arl_841c6e99,AI-8027,apt_ad38af67,apt_bdf57d77,2026-11-17T05:00:00+05:30,2026-11-17T11:11:00+05:30,371,0,A320neo,"economy,business",447.891,active,2026-08-18T10:00:00+05:30
flt_d738db4c,arl_2981080f,6E-8817,apt_ad38af67,apt_d3a5784e,2026-10-17T06:50:00+05:30,2026-10-17T13:40:00+05:30,410,0,A321,economy,474.564,active,2026-08-18T10:00:00+05:30
flt_0263dd2f,arl_6317d870,UK-2538,apt_ad38af67,apt_33c2d61a,2026-10-23T14:50:00+05:30,2026-10-23T17:59:00+05:30,189,0,ATR-72,"economy,business",194.69,active,2026-08-18T10:00:00+05:30
flt_b4296503,arl_dbae8242,QR-248,apt_c0496aae,apt_e6d0e6bf,2026-11-17T21:10:00+05:30,2026-11-17T22:25:00+05:30,75,0,B787-8,"economy,business",57.941,active,2026-08-18T10:00:00+05:30
flt_f4e5ba3a,arl_3a276287,BA-997,apt_d3a5784e,apt_5835fac1,2026-11-19T05:30:00+05:30,2026-11-19T07:52:00+05:30,142,0,A321,"economy,business",126.922,active,2026-08-18T10:00:00+05:30
flt_8b4d2b38,arl_cbee96ac,GF-2113,apt_54ebca59,apt_496144db,2026-10-27T18:20:00+05:30,2026-10-27T20:53:00+05:30,153,0,ATR-72,"economy,business",141.216,active,2026-08-18T10:00:00+05:30
flt_52cb1fc5,arl_28f00e8b,EK-6312,apt_e6d0e6bf,apt_98416c9d,2026-09-29T20:50:00+05:30,2026-09-29T22:00:00+05:30,70,0,,"economy,business",56.52,active,2026-08-18T10:00:00+05:30
flt_9b8a3f86,arl_508d631b,UL-301,apt_bfd02a38,apt_33c2d61a,2026-10-23T08:30:00+05:30,2026-10-23T17:23:00+05:30,533,0,B787-8,"economy,business",671.121,active,2026-08-18T10:00:00+05:30
flt_5c070635,arl_2a88a2c3,UA-5719,apt_ad38af67,apt_a7ea97c3,2026-10-06T15:10:00+05:30,2026-10-06T23:09:00+05:30,479,1,,"economy,business",474.257,active,2026-08-18T10:00:00+05:30
flt_0c1dbb64,arl_2fae0fe3,KU-537,apt_d3a5784e,apt_c0496aae,2026-09-02T17:50:00+05:30,2026-09-02T20:23:00+05:30,153,0,B737-800,"economy,business",127.513,active,2026-08-18T10:00:00+05:30
flt_9df1c04b,arl_a0bf222e,KE-7343,apt_a7ea97c3,apt_d3a5784e,2026-10-31T14:20:00+05:30,2026-10-31T15:44:00+05:30,84,0,ATR-72,"economy,business",64.458,active,2026-08-18T10:00:00+05:30
flt_41b8fe13,arl_b97400e0,QP-2014,apt_757e32fe,apt_cb1113d2,2026-09-07T12:30:00+05:30,2026-09-07T17:11:00+05:30,281,0,B787-8,economy,338.86,active,2026-08-18T10:00:00+05:30
flt_a7ea3eb9,arl_a852cdd9,VJ-3568,apt_bfd02a38,apt_08ebf678,2026-09-22T08:50:00+05:30,2026-09-22T11:06:00+05:30,136,0,A321,economy,136.801,active,2026-08-18T10:00:00+05:30
flt_e137b19c,arl_75d2a12c,QF-2530,apt_ad38af67,apt_98416c9d,2026-09-02T12:40:00+05:30,2026-09-02T20:37:00+05:30,477,1,B737-800,"economy,business",475.046,active,2026-08-18T10:00:00+05:30
flt_7bbd25f6,arl_2fae0fe3,KU-8307,apt_c077a39a,apt_ee6be440,2026-10-09T08:00:00+05:30,2026-10-09T14:15:00+05:30,375,1,,"economy,business",334.485,active,2026-08-18T10:00:00+05:30
flt_488f3f93,arl_4939343e,SG-6175,apt_30500fc8,apt_ad38af67,2026-09-25T12:50:00+05:30,2026-09-25T19:25:00+05:30,395,1,A320neo,economy,366.689,active,2026-08-18T10:00:00+05:30
flt_632cb0a2,arl_a0bf222e,KE-9782,apt_5377e1f8,apt_05897d58,2026-09-24T10:40:00+05:30,2026-09-24T11:33:00+05:30,53,0,,"economy,business",2.323,active,2026-08-18T10:00:00+05:30
flt_cab0f9e3,arl_8ac08b06,CZ-4667,apt_86c2c516,apt_c0496aae,2026-10-08T22:10:00+05:30,2026-10-09T02:25:00+05:30,255,0,,"economy,business",292.709,active,2026-08-18T10:00:00+05:30
flt_a4cec579,arl_56da328b,GA-7256,apt_5377e1f8,apt_bfd02a38,2026-10-19T07:10:00+05:30,2026-10-19T10:10:00+05:30,180,0,ATR-72,"economy,business",198.907,active,2026-08-18T10:00:00+05:30
flt_572a56dd,arl_7784367f,KB-3344,apt_d3a5784e,apt_5835fac1,2026-09-19T12:40:00+05:30,2026-09-19T14:55:00+05:30,135,0,B737-800,"economy,business",126.922,active,2026-08-18T10:00:00+05:30
flt_74321452,arl_68688da8,NZ-5470,apt_a7ea97c3,apt_ebff6148,2026-11-24T16:10:00+05:30,2026-11-24T22:37:00+05:30,387,1,ATR-72,"economy,business",356.482,active,2026-08-18T10:00:00+05:30
flt_cba9fd0d,arl_a852cdd9,VJ-2024,apt_bdf57d77,apt_08ebf678,2026-11-26T21:20:00+05:30,2026-11-26T22:23:00+05:30,63,0,A321,economy,14.668,active,2026-08-18T10:00:00+05:30
flt_89ccbce7,arl_4939343e,SG-5514,apt_5835fac1,apt_5377e1f8,2026-09-27T11:00:00+05:30,2026-09-27T12:20:00+05:30,80,0,B787-8,economy,55.559,active,2026-08-18T10:00:00+05:30
flt_3ca55b2f,arl_cbee96ac,GF-5799,apt_757e32fe,apt_3810f0b5,2026-09-11T12:20:00+05:30,2026-09-11T16:16:00+05:30,236,0,A321,"economy,business",252.654,active,2026-08-18T10:00:00+05:30
flt_c925ac30,arl_3a276287,BA-8416,apt_496144db,apt_a7ea97c3,2026-10-01T20:50:00+05:30,2026-10-01T23:00:00+05:30,130,0,A320neo,"economy,business",110.952,active,2026-08-18T10:00:00+05:30
flt_747a4add,arl_28f00e8b,EK-5801,apt_98416c9d,apt_08ebf678,2026-09-19T22:20:00+05:30,2026-09-19T23:56:00+05:30,96,0,ATR-72,"economy,business",58.859,active,2026-08-18T10:00:00+05:30
flt_9a3b1c18,arl_2a88a2c3,UA-730,apt_a7ea97c3,apt_3e80f233,2026-11-15T14:10:00+05:30,2026-11-15T15:30:00+05:30,80,0,A321,"economy,business",60.622,active,2026-08-18T10:00:00+05:30
flt_d6c05440,arl_2fae0fe3,KU-8086,apt_eb8717c7,apt_faa26bd2,2026-10-18T12:10:00+05:30,2026-10-18T18:06:00+05:30,356,0,B737-800,"economy,business",395.56,active,2026-08-18T10:00:00+05:30
flt_d38b850c,arl_508d631b,UL-6730,apt_ceec186e,apt_33c2d61a,2026-10-01T11:00:00+05:30,2026-10-01T14:00:00+05:30,180,0,B787-8,"economy,business",194.722,active,2026-08-18T10:00:00+05:30
flt_3669ff75,arl_403656a7,LX-4465,apt_e6c1d884,apt_5377e1f8,2026-09-10T12:00:00+05:30,2026-09-10T12:51:00+05:30,51,0,A320neo,"economy,business",33.222,active,2026-08-18T10:00:00+05:30
flt_aa423f39,arl_4939343e,SG-3528,apt_6be6a548,apt_757e32fe,2026-11-10T19:00:00+05:30,2026-11-11T00:00:00+05:30,300,0,ATR-72,economy,334.486,active,2026-08-18T10:00:00+05:30
flt_f513f280,arl_7f79d7b3,AF-489,apt_33c2d61a,apt_496144db,2026-09-24T12:50:00+05:30,2026-09-24T21:16:00+05:30,506,0,A320neo,"economy,business",621.142,active,2026-08-18T10:00:00+05:30
flt_ec2fe288,arl_56da328b,GA-836,apt_6ddc2fb6,apt_30500fc8,2026-10-19T17:40:00+05:30,2026-10-19T19:59:00+05:30,139,0,B787-8,"economy,business",135.343,active,2026-08-18T10:00:00+05:30
flt_f243f8bc,arl_154ebf3d,EY-1700,apt_bfd02a38,apt_9dd20d55,2026-11-05T10:10:00+05:30,2026-11-05T15:30:00+05:30,320,1,A321,"economy,business",252.505,active,2026-08-18T10:00:00+05:30
flt_9d972c7a,arl_2fae0fe3,KU-7127,apt_ad38af67,apt_496144db,2026-11-04T18:00:00+05:30,2026-11-05T01:35:00+05:30,455,1,A320neo,"economy,business",429.111,active,2026-08-18T10:00:00+05:30
flt_871bba58,arl_4939343e,SG-1475,apt_e6d0e6bf,apt_05897d58,2026-10-29T13:10:00+05:30,2026-10-29T14:59:00+05:30,109,0,ATR-72,economy,84.802,active,2026-08-18T10:00:00+05:30
flt_8b1089e4,arl_dbae8242,QR-2106,apt_54ebca59,apt_3810f0b5,2026-10-19T09:20:00+05:30,2026-10-19T11:43:00+05:30,143,0,B737-800,"economy,business",120.062,active,2026-08-18T10:00:00+05:30
flt_79a786fd,arl_dbae8242,QR-4105,apt_bdf57d77,apt_3810f0b5,2026-11-21T08:50:00+05:30,2026-11-21T10:57:00+05:30,127,0,A321,"economy,business",117.523,active,2026-08-18T10:00:00+05:30
flt_22c38894,arl_68688da8,NZ-9707,apt_5835fac1,apt_ebff6148,2026-09-05T11:30:00+05:30,2026-09-05T15:56:00+05:30,266,0,B737-800,"economy,business",274.641,active,2026-08-18T10:00:00+05:30
flt_a54e17aa,arl_a0bf222e,KE-7870,apt_e6d0e6bf,apt_05897d58,2026-09-27T16:40:00+05:30,2026-09-27T18:35:00+05:30,115,0,A320neo,"economy,business",84.802,active,2026-08-18T10:00:00+05:30
flt_88ae4e5d,arl_75d2a12c,QF-647,apt_496144db,apt_d3a5784e,2026-11-01T15:50:00+05:30,2026-11-01T17:30:00+05:30,100,0,B787-8,"economy,business",60.392,active,2026-08-18T10:00:00+05:30
flt_f94bc4a7,arl_4939343e,SG-1449,apt_bdf57d77,apt_bfd02a38,2026-11-18T20:50:00+05:30,2026-11-18T23:08:00+05:30,138,0,A320neo,economy,130.761,active,2026-08-18T10:00:00+05:30
flt_573ed434,arl_077dea23,MH-9275,apt_496144db,apt_05897d58,2026-11-06T18:30:00+05:30,2026-11-06T21:42:00+05:30,192,0,B787-8,"economy,business",183.028,active,2026-08-18T10:00:00+05:30
flt_561dfb6c,arl_75d2a12c,QF-9678,apt_faa26bd2,apt_08ebf678,2026-11-28T20:20:00+05:30,2026-11-28T22:52:00+05:30,152,0,B787-8,"economy,business",136.017,active,2026-08-18T10:00:00+05:30
flt_a63ad5cd,arl_403656a7,LX-7566,apt_bfd02a38,apt_5835fac1,2026-09-19T06:50:00+05:30,2026-09-19T09:15:00+05:30,145,0,A320neo,"economy,business",145.423,active,2026-08-18T10:00:00+05:30
flt_adc2bce5,arl_1cfc4640,SQ-9422,apt_ad38af67,apt_757e32fe,2026-10-11T11:50:00+05:30,2026-10-11T14:49:00+05:30,179,0,B787-8,"economy,business",163.367,active,2026-08-18T10:00:00+05:30
flt_28e22c5f,arl_666b65b1,AC-3089,apt_d3a5784e,apt_08ebf678,2026-09-28T06:30:00+05:30,2026-09-28T08:25:00+05:30,115,0,B787-8,"economy,business",112.743,active,2026-08-18T10:00:00+05:30
flt_066b7379,arl_3a276287,BA-8289,apt_e6c1d884,apt_eb8717c7,2026-09-04T12:00:00+05:30,2026-09-04T16:32:00+05:30,272,0,B787-8,"economy,business",300.432,active,2026-08-18T10:00:00+05:30
flt_2c78bf3c,arl_2fae0fe3,KU-4576,apt_a7ea97c3,apt_05897d58,2026-09-19T15:50:00+05:30,2026-09-19T18:27:00+05:30,157,0,A320neo,"economy,business",140.107,active,2026-08-18T10:00:00+05:30
flt_7ab61107,arl_75d2a12c,QF-4330,apt_c077a39a,apt_3810f0b5,2026-11-28T07:00:00+05:30,2026-11-28T11:40:00+05:30,280,0,B787-8,"economy,business",299.533,active,2026-08-18T10:00:00+05:30
flt_db298e91,arl_75d2a12c,QF-8591,apt_c077a39a,apt_05897d58,2026-10-30T14:50:00+05:30,2026-10-30T20:53:00+05:30,363,1,A321,"economy,business",328.567,active,2026-08-18T10:00:00+05:30
flt_8df25e20,arl_a852cdd9,VJ-6069,apt_cb1113d2,apt_86c2c516,2026-11-18T17:50:00+05:30,2026-11-19T05:32:00+05:30,702,0,B737-800,economy,859.227,active,2026-08-18T10:00:00+05:30
flt_049d921a,arl_68688da8,NZ-2175,apt_33c2d61a,apt_ee6be440,2026-10-02T16:00:00+05:30,2026-10-03T00:52:00+05:30,532,1,A320neo,"economy,business",552.02,active,2026-08-18T10:00:00+05:30
flt_6b108d34,arl_6317d870,UK-6839,apt_faa26bd2,apt_6be6a548,2026-11-18T08:40:00+05:30,2026-11-18T10:08:00+05:30,88,0,,"economy,business",46.556,active,2026-08-18T10:00:00+05:30
flt_47a556a3,arl_692cd6f4,JL-1407,apt_e6d0e6bf,apt_757e32fe,2026-09-05T09:50:00+05:30,2026-09-05T14:51:00+05:30,301,0,B787-8,"economy,business",331.696,active,2026-08-18T10:00:00+05:30
flt_3332d821,arl_68688da8,NZ-7132,apt_757e32fe,apt_cb1113d2,2026-11-26T21:40:00+05:30,2026-11-27T02:53:00+05:30,313,0,A321,"economy,business",338.86,active,2026-08-18T10:00:00+05:30
flt_93b4de3b,arl_841c6e99,AI-6074,apt_496144db,apt_2d4c99ed,2026-10-09T19:00:00+05:30,2026-10-09T20:52:00+05:30,112,0,,"economy,business",99.479,active,2026-08-18T10:00:00+05:30
flt_85ca8f66,arl_403656a7,LX-5172,apt_ceec186e,apt_faa26bd2,2026-11-29T09:20:00+05:30,2026-11-29T15:44:00+05:30,384,0,B737-800,"economy,business",430.261,active,2026-08-18T10:00:00+05:30
flt_24d1cd8c,arl_75d2a12c,QF-5062,apt_ee6be440,apt_54ebca59,2026-09-19T05:30:00+05:30,2026-09-19T07:35:00+05:30,125,0,,"economy,business",126.998,active,2026-08-18T10:00:00+05:30
flt_110ecfb2,arl_077dea23,MH-8890,apt_757e32fe,apt_05897d58,2026-11-07T08:00:00+05:30,2026-11-07T12:00:00+05:30,240,0,B787-8,"economy,business",284.668,active,2026-08-18T10:00:00+05:30
flt_d4a9b510,arl_2981080f,6E-776,apt_757e32fe,apt_6be6a548,2026-10-03T14:50:00+05:30,2026-10-03T20:59:00+05:30,369,1,A321,economy,334.486,active,2026-08-18T10:00:00+05:30
flt_3eeeeb28,arl_077dea23,MH-9864,apt_30500fc8,apt_496144db,2026-09-26T08:10:00+05:30,2026-09-26T11:29:00+05:30,199,0,A320neo,"economy,business",226.401,active,2026-08-18T10:00:00+05:30
flt_3ff48271,arl_28f00e8b,EK-9981,apt_3810f0b5,apt_86c2c516,2026-10-27T19:50:00+05:30,2026-10-28T00:31:00+05:30,281,0,,"economy,business",336.296,active,2026-08-18T10:00:00+05:30
flt_b51ddb02,arl_6317d870,UK-8183,apt_5377e1f8,apt_eb8717c7,2026-10-25T09:50:00+05:30,2026-10-25T16:13:00+05:30,383,1,B737-800,"economy,business",331.071,active,2026-08-18T10:00:00+05:30
flt_921d87f1,arl_841c6e99,AI-8027,apt_33c2d61a,apt_5835fac1,2026-09-05T06:00:00+05:30,2026-09-05T14:10:00+05:30,490,0,ATR-72,"economy,business",572.569,active,2026-08-18T10:00:00+05:30
flt_cb82f0be,arl_dbae8242,QR-207,apt_eb8717c7,apt_3e80f233,2026-10-07T14:00:00+05:30,2026-10-07T20:25:00+05:30,385,0,B787-8,"economy,business",438.121,active,2026-08-18T10:00:00+05:30
flt_ef639ca5,arl_75d2a12c,QF-599,apt_08ebf678,apt_c077a39a,2026-11-08T10:40:00+05:30,2026-11-08T17:45:00+05:30,425,1,B737-800,"economy,business",398.44,active,2026-08-18T10:00:00+05:30
flt_2ff09bf3,arl_4939343e,SG-5592,apt_6be6a548,apt_bdf57d77,2026-11-05T10:50:00+05:30,2026-11-05T13:22:00+05:30,152,0,A320neo,economy,129.24,active,2026-08-18T10:00:00+05:30
flt_dfeeb343,arl_b97400e0,QP-9170,apt_54ebca59,apt_bdf57d77,2026-09-06T07:00:00+05:30,2026-09-06T07:38:00+05:30,38,0,B737-800,economy,3.999,active,2026-08-18T10:00:00+05:30
flt_f1f7a4f4,arl_68688da8,NZ-422,apt_33c2d61a,apt_e6d0e6bf,2026-10-13T06:00:00+05:30,2026-10-13T14:35:00+05:30,515,0,A321,"economy,business",627.442,active,2026-08-18T10:00:00+05:30
flt_30a8db81,arl_68688da8,NZ-6104,apt_3e80f233,apt_cb1113d2,2026-09-06T12:30:00+05:30,2026-09-06T22:38:00+05:30,608,1,B787-8,"economy,business",664.378,active,2026-08-18T10:00:00+05:30
flt_85f2e623,arl_a487a152,RA-6975,apt_e6d0e6bf,apt_d3a5784e,2026-09-26T19:40:00+05:30,2026-09-26T21:30:00+05:30,110,0,ATR-72,"economy,business",109.917,active,2026-08-18T10:00:00+05:30
flt_61a50382,arl_28f00e8b,EK-9568,apt_a7ea97c3,apt_c0496aae,2026-11-06T22:50:00+05:30,2026-11-07T00:52:00+05:30,122,0,B737-800,"economy,business",99.685,active,2026-08-18T10:00:00+05:30
flt_3ca87c2d,arl_a0bf222e,KE-4175,apt_98416c9d,apt_bfd02a38,2026-11-08T15:20:00+05:30,2026-11-08T17:20:00+05:30,120,0,ATR-72,"economy,business",91.09,active,2026-08-18T10:00:00+05:30
flt_753e7f51,arl_3a276287,BA-878,apt_86c2c516,apt_9dd20d55,2026-10-09T22:20:00+05:30,2026-10-09T23:02:00+05:30,42,0,B737-800,"economy,business",3.544,active,2026-08-18T10:00:00+05:30
flt_01d5d0e5,arl_7784367f,KB-9814,apt_2d4c99ed,apt_e6d0e6bf,2026-09-16T15:00:00+05:30,2026-09-16T18:08:00+05:30,188,0,B787-8,"economy,business",179.341,active,2026-08-18T10:00:00+05:30
flt_42b9aa7a,arl_077dea23,MH-5013,apt_eb8717c7,apt_54ebca59,2026-11-08T20:50:00+05:30,2026-11-09T03:46:00+05:30,416,1,B737-800,"economy,business",416.3,active,2026-08-18T10:00:00+05:30
flt_044cecda,arl_dbae8242,QR-6905,apt_33c2d61a,apt_e6d0e6bf,2026-10-01T15:20:00+05:30,2026-10-02T00:01:00+05:30,521,0,A321,"economy,business",627.442,active,2026-08-18T10:00:00+05:30
flt_32e51ba3,arl_68688da8,NZ-6787,apt_757e32fe,apt_faa26bd2,2026-11-07T06:10:00+05:30,2026-11-07T10:23:00+05:30,253,0,ATR-72,"economy,business",288.019,active,2026-08-18T10:00:00+05:30
flt_19442709,arl_534d3a8a,LH-4027,apt_9a8714fa,apt_5377e1f8,2026-10-09T11:20:00+05:30,2026-10-09T13:13:00+05:30,113,0,B787-8,"economy,business",94.249,active,2026-08-18T10:00:00+05:30
flt_7d65fe64,arl_4939343e,SG-2227,apt_9dd20d55,apt_54ebca59,2026-11-13T15:10:00+05:30,2026-11-13T18:22:00+05:30,192,0,B787-8,economy,221.2,active,2026-08-18T10:00:00+05:30
flt_f8fb6ffe,arl_666b65b1,AC-5840,apt_9dd20d55,apt_faa26bd2,2026-09-24T20:40:00+05:30,2026-09-25T01:06:00+05:30,266,0,A320neo,"economy,business",295.841,active,2026-08-18T10:00:00+05:30
flt_5dc79f99,arl_ef62470d,IX-2943,apt_c0496aae,apt_ceec186e,2026-10-22T09:10:00+05:30,2026-10-22T14:44:00+05:30,334,0,B787-8,economy,377.457,active,2026-08-18T10:00:00+05:30
flt_ed5525f6,arl_ef62470d,IX-2370,apt_5377e1f8,apt_2d4c99ed,2026-09-02T12:50:00+05:30,2026-09-02T15:48:00+05:30,178,0,B787-8,economy,178.732,active,2026-08-18T10:00:00+05:30
flt_beec91bc,arl_a852cdd9,VJ-130,apt_30500fc8,apt_08ebf678,2026-11-24T14:30:00+05:30,2026-11-24T16:28:00+05:30,118,0,B737-800,economy,113.234,active,2026-08-18T10:00:00+05:30
flt_6b3cead5,arl_28f00e8b,EK-2698,apt_ad38af67,apt_757e32fe,2026-11-14T06:40:00+05:30,2026-11-14T09:25:00+05:30,165,0,B737-800,"economy,business",163.367,active,2026-08-18T10:00:00+05:30
flt_198a159e,arl_8ac08b06,CZ-1848,apt_5377e1f8,apt_3e80f233,2026-10-30T09:50:00+05:30,2026-10-30T12:59:00+05:30,189,0,B737-800,"economy,business",174.906,active,2026-08-18T10:00:00+05:30
flt_610a23b0,arl_1cfc4640,SQ-5658,apt_98416c9d,apt_c1f65e85,2026-11-21T17:20:00+05:30,2026-11-21T20:07:00+05:30,167,0,ATR-72,"economy,business",186.286,active,2026-08-18T10:00:00+05:30
flt_662511a7,arl_28f00e8b,EK-2381,apt_ad38af67,apt_98416c9d,2026-11-22T19:20:00+05:30,2026-11-23T02:13:00+05:30,413,0,ATR-72,"economy,business",475.046,active,2026-08-18T10:00:00+05:30
flt_3265f2ad,arl_2981080f,6E-8830,apt_9dd20d55,apt_e6c1d884,2026-09-14T20:30:00+05:30,2026-09-15T01:15:00+05:30,285,0,A320neo,economy,338.416,active,2026-08-18T10:00:00+05:30
flt_ea699465,arl_534d3a8a,LH-8804,apt_faa26bd2,apt_9a8714fa,2026-09-06T19:30:00+05:30,2026-09-06T21:41:00+05:30,131,0,B737-800,"economy,business",117.288,active,2026-08-18T10:00:00+05:30
flt_8cd75aa1,arl_077dea23,MH-6401,apt_33c2d61a,apt_86c2c516,2026-09-01T18:30:00+05:30,2026-09-02T05:57:00+05:30,687,0,ATR-72,"economy,business",862.157,active,2026-08-18T10:00:00+05:30
flt_b6ef0fb8,arl_2fae0fe3,KU-2508,apt_5835fac1,apt_a7ea97c3,2026-11-20T08:20:00+05:30,2026-11-20T10:11:00+05:30,111,0,A320neo,"economy,business",98.754,active,2026-08-18T10:00:00+05:30
flt_0a385209,arl_3a276287,BA-2616,apt_d3a5784e,apt_30500fc8,2026-10-26T20:10:00+05:30,2026-10-27T01:06:00+05:30,296,1,ATR-72,"economy,business",219.848,active,2026-08-18T10:00:00+05:30
flt_a405375f,arl_a0bf222e,KE-1121,apt_e6d0e6bf,apt_3e80f233,2026-09-29T21:40:00+05:30,2026-09-29T23:36:00+05:30,116,0,ATR-72,"economy,business",105.882,active,2026-08-18T10:00:00+05:30
flt_9cf05cc1,arl_4939343e,SG-804,apt_5377e1f8,apt_c1f65e85,2026-09-01T16:20:00+05:30,2026-09-01T19:28:00+05:30,188,0,A321,economy,179.884,active,2026-08-18T10:00:00+05:30
flt_53ff21be,arl_dbae8242,QR-2157,apt_757e32fe,apt_e6c1d884,2026-10-10T12:40:00+05:30,2026-10-10T16:49:00+05:30,249,0,,"economy,business",252.55,active,2026-08-18T10:00:00+05:30
flt_2ef3645d,arl_6317d870,UK-2050,apt_3e80f233,apt_d3a5784e,2026-10-08T13:10:00+05:30,2026-10-08T14:01:00+05:30,51,0,A320neo,"economy,business",4.053,active,2026-08-18T10:00:00+05:30
flt_6148b896,arl_c56d378a,TG-5895,apt_54ebca59,apt_33c2d61a,2026-11-04T15:20:00+05:30,2026-11-05T00:16:00+05:30,536,0,B787-8,"economy,business",644.239,active,2026-08-18T10:00:00+05:30
flt_567d6b77,arl_a0bf222e,KE-1926,apt_2d4c99ed,apt_9dd20d55,2026-10-14T13:00:00+05:30,2026-10-14T19:42:00+05:30,402,1,B737-800,"economy,business",387.599,active,2026-08-18T10:00:00+05:30
flt_22f4cacf,arl_508d631b,UL-3155,apt_c0496aae,apt_c1f65e85,2026-11-18T05:20:00+05:30,2026-11-18T07:41:00+05:30,141,0,B787-8,"economy,business",136.461,active,2026-08-18T10:00:00+05:30
flt_ac558bc0,arl_a852cdd9,VJ-7261,apt_ceec186e,apt_30500fc8,2026-10-14T22:00:00+05:30,2026-10-15T03:15:00+05:30,315,0,B787-8,economy,366.079,active,2026-08-18T10:00:00+05:30
flt_be9da287,arl_692cd6f4,JL-5559,apt_5377e1f8,apt_9a8714fa,2026-09-03T07:30:00+05:30,2026-09-03T09:11:00+05:30,101,0,A321,"economy,business",94.249,active,2026-08-18T10:00:00+05:30
flt_4c194e31,arl_154ebf3d,EY-499,apt_08ebf678,apt_bfd02a38,2026-10-03T14:20:00+05:30,2026-10-03T16:36:00+05:30,136,0,B737-800,"economy,business",136.801,active,2026-08-18T10:00:00+05:30
flt_ffe929f5,arl_1cfc4640,SQ-2366,apt_6be6a548,apt_6ddc2fb6,2026-11-26T09:30:00+05:30,2026-11-26T12:14:00+05:30,164,0,A321,"economy,business",153.267,active,2026-08-18T10:00:00+05:30
flt_ef9b6451,arl_dbae8242,QR-6072,apt_cb1113d2,apt_05897d58,2026-10-20T09:10:00+05:30,2026-10-20T16:31:00+05:30,441,0,A320neo,"economy,business",550.233,active,2026-08-18T10:00:00+05:30
flt_cb48848f,arl_a0bf222e,KE-5322,apt_bfd02a38,apt_5835fac1,2026-10-08T05:50:00+05:30,2026-10-08T08:09:00+05:30,139,0,B737-800,"economy,business",145.423,active,2026-08-18T10:00:00+05:30
flt_d84f5f64,arl_8ac08b06,CZ-4474,apt_9dd20d55,apt_ad38af67,2026-10-30T14:10:00+05:30,2026-10-30T23:21:00+05:30,551,0,B737-800,"economy,business",672.09,active,2026-08-18T10:00:00+05:30
flt_9cbdda2d,arl_4939343e,SG-2949,apt_05897d58,apt_33c2d61a,2026-11-14T17:40:00+05:30,2026-11-15T02:52:00+05:30,552,1,A321,economy,553.183,active,2026-08-18T10:00:00+05:30
flt_76c405b9,arl_154ebf3d,EY-7557,apt_eb8717c7,apt_ad38af67,2026-11-05T15:20:00+05:30,2026-11-05T16:15:00+05:30,55,0,B787-8,"economy,business",35.116,active,2026-08-18T10:00:00+05:30
flt_a2977c05,arl_3a276287,BA-8272,apt_30500fc8,apt_86c2c516,2026-10-10T11:10:00+05:30,2026-10-10T15:55:00+05:30,285,0,A321,"economy,business",320.879,active,2026-08-18T10:00:00+05:30
flt_abb7af9c,arl_2a88a2c3,UA-4604,apt_ee6be440,apt_5835fac1,2026-10-24T10:50:00+05:30,2026-10-24T12:55:00+05:30,125,0,ATR-72,"economy,business",101.887,active,2026-08-18T10:00:00+05:30
flt_2a617416,arl_8ac08b06,CZ-4505,apt_bfd02a38,apt_30500fc8,2026-11-19T11:50:00+05:30,2026-11-19T15:22:00+05:30,212,0,A320neo,"economy,business",241.367,active,2026-08-18T10:00:00+05:30
flt_2aca4f66,arl_68688da8,NZ-9224,apt_3e80f233,apt_5835fac1,2026-10-28T15:00:00+05:30,2026-10-28T17:06:00+05:30,126,0,ATR-72,"economy,business",123.5,active,2026-08-18T10:00:00+05:30
flt_c09d0ea1,arl_c56d378a,TG-7674,apt_9dd20d55,apt_eb8717c7,2026-09-08T22:20:00+05:30,2026-09-09T07:11:00+05:30,531,0,A320neo,"economy,business",637.426,active,2026-08-18T10:00:00+05:30
flt_19bf8dd1,arl_7f79d7b3,AF-2034,apt_08ebf678,apt_d3a5784e,2026-11-26T20:20:00+05:30,2026-11-26T22:26:00+05:30,126,0,ATR-72,"economy,business",112.743,active,2026-08-18T10:00:00+05:30
flt_3d008cfc,arl_28f00e8b,EK-336,apt_33c2d61a,apt_2d4c99ed,2026-09-26T10:00:00+05:30,2026-09-26T18:42:00+05:30,522,1,A320neo,"economy,business",523.511,active,2026-08-18T10:00:00+05:30
flt_5e0bdd09,arl_56da328b,GA-6713,apt_496144db,apt_08ebf678,2026-09-30T08:10:00+05:30,2026-09-30T10:28:00+05:30,138,0,B737-800,"economy,business",138.582,active,2026-08-18T10:00:00+05:30
flt_640e1f8c,arl_841c6e99,AI-1791,apt_ebff6148,apt_33c2d61a,2026-11-26T17:40:00+05:30,2026-11-26T22:28:00+05:30,288,0,B787-8,"economy,business",340.885,active,2026-08-18T10:00:00+05:30
flt_54735eac,arl_077dea23,MH-4233,apt_e6d0e6bf,apt_05897d58,2026-10-03T14:30:00+05:30,2026-10-03T16:26:00+05:30,116,0,B787-8,"economy,business",84.802,active,2026-08-18T10:00:00+05:30
flt_3db2b02a,arl_1cfc4640,SQ-8305,apt_30500fc8,apt_ee6be440,2026-09-18T05:20:00+05:30,2026-09-18T06:06:00+05:30,46,0,A321,"economy,business",1.507,active,2026-08-18T10:00:00+05:30
flt_c36041c0,arl_68688da8,NZ-288,apt_c0496aae,apt_98416c9d,2026-09-30T07:30:00+05:30,2026-09-30T09:28:00+05:30,118,0,B737-800,"economy,business",100.164,active,2026-08-18T10:00:00+05:30
flt_80c40c64,arl_a487a152,RA-3842,apt_bdf57d77,apt_c1f65e85,2026-10-26T15:10:00+05:30,2026-10-26T18:11:00+05:30,181,0,ATR-72,"economy,business",189.163,active,2026-08-18T10:00:00+05:30
flt_61c3e045,arl_692cd6f4,JL-5349,apt_c077a39a,apt_6ddc2fb6,2026-10-21T06:50:00+05:30,2026-10-21T11:04:00+05:30,254,0,ATR-72,"economy,business",297.006,active,2026-08-18T10:00:00+05:30
flt_1dc07faa,arl_666b65b1,AC-8105,apt_d3a5784e,apt_496144db,2026-10-31T11:50:00+05:30,2026-10-31T13:09:00+05:30,79,0,B787-8,"economy,business",60.392,active,2026-08-18T10:00:00+05:30
flt_6d9d091e,arl_077dea23,MH-9599,apt_ee6be440,apt_c077a39a,2026-10-19T19:00:00+05:30,2026-10-20T00:59:00+05:30,359,1,A320neo,"economy,business",334.485,active,2026-08-18T10:00:00+05:30
flt_ecabf0dd,arl_666b65b1,AC-2186,apt_c0496aae,apt_2d4c99ed,2026-11-17T07:40:00+05:30,2026-11-17T10:15:00+05:30,155,0,B787-8,"economy,business",135.436,active,2026-08-18T10:00:00+05:30
flt_cd6680e8,arl_6317d870,UK-3612,apt_33c2d61a,apt_c077a39a,2026-11-26T05:10:00+05:30,2026-11-26T08:50:00+05:30,220,0,B737-800,"economy,business",230.247,active,2026-08-18T10:00:00+05:30
flt_f7c64b53,arl_2fae0fe3,KU-5662,apt_e6d0e6bf,apt_05897d58,2026-09-13T07:40:00+05:30,2026-09-13T09:38:00+05:30,118,0,A321,"economy,business",84.802,active,2026-08-18T10:00:00+05:30
flt_f9e7dbbf,arl_dbae8242,QR-5491,apt_eb8717c7,apt_3e80f233,2026-10-13T14:50:00+05:30,2026-10-13T21:13:00+05:30,383,0,A320neo,"economy,business",438.121,active,2026-08-18T10:00:00+05:30
flt_48943a41,arl_7f79d7b3,AF-1847,apt_30500fc8,apt_a7ea97c3,2026-09-22T06:30:00+05:30,2026-09-22T09:32:00+05:30,182,0,B787-8,"economy,business",172.447,active,2026-08-18T10:00:00+05:30
flt_5cc9f27e,arl_403656a7,LX-2202,apt_54ebca59,apt_05897d58,2026-10-18T12:00:00+05:30,2026-10-18T13:43:00+05:30,103,0,,"economy,business",99.142,active,2026-08-18T10:00:00+05:30
flt_79a9d1d4,arl_4939343e,SG-3073,apt_9dd20d55,apt_ceec186e,2026-10-20T19:50:00+05:30,2026-10-21T04:59:00+05:30,549,0,A320neo,economy,671.818,active,2026-08-18T10:00:00+05:30
flt_b781da0e,arl_7784367f,KB-1290,apt_e6d0e6bf,apt_6ddc2fb6,2026-10-20T17:30:00+05:30,2026-10-20T19:44:00+05:30,134,0,B737-800,"economy,business",114.214,active,2026-08-18T10:00:00+05:30
flt_5e66b23b,arl_7784367f,KB-9820,apt_ceec186e,apt_faa26bd2,2026-09-13T10:50:00+05:30,2026-09-13T18:11:00+05:30,441,1,A321,"economy,business",430.261,active,2026-08-18T10:00:00+05:30
flt_576d96fe,arl_c56d378a,TG-1267,apt_c0496aae,apt_a7ea97c3,2026-10-02T09:30:00+05:30,2026-10-02T11:33:00+05:30,123,0,B737-800,"economy,business",99.685,active,2026-08-18T10:00:00+05:30
flt_04614ebc,arl_403656a7,LX-6749,apt_08ebf678,apt_5377e1f8,2026-09-23T16:50:00+05:30,2026-09-23T18:46:00+05:30,116,0,,"economy,business",80.728,active,2026-08-18T10:00:00+05:30
flt_45f854d9,arl_077dea23,MH-3075,apt_faa26bd2,apt_cb1113d2,2026-10-16T16:30:00+05:30,2026-10-17T00:58:00+05:30,508,0,B737-800,"economy,business",619.512,active,2026-08-18T10:00:00+05:30
flt_43de3338,arl_692cd6f4,JL-4248,apt_3810f0b5,apt_54ebca59,2026-09-06T18:50:00+05:30,2026-09-06T21:11:00+05:30,141,0,ATR-72,"economy,business",120.062,active,2026-08-18T10:00:00+05:30
flt_a5e78d34,arl_666b65b1,AC-6128,apt_ceec186e,apt_c0496aae,2026-11-22T22:30:00+05:30,2026-11-23T05:07:00+05:30,397,1,,"economy,business",377.457,active,2026-08-18T10:00:00+05:30
flt_c3026076,arl_75d2a12c,QF-9692,apt_faa26bd2,apt_d3a5784e,2026-11-24T21:00:00+05:30,2026-11-24T22:22:00+05:30,82,0,A321,"economy,business",57.929,active,2026-08-18T10:00:00+05:30
flt_572c7477,arl_403656a7,LX-1631,apt_bdf57d77,apt_54ebca59,2026-10-04T10:30:00+05:30,2026-10-04T11:31:00+05:30,61,0,B787-8,"economy,business",3.999,active,2026-08-18T10:00:00+05:30
flt_1673b8a8,arl_403656a7,LX-4671,apt_ad38af67,apt_5835fac1,2026-09-23T09:30:00+05:30,2026-09-23T15:04:00+05:30,334,0,,"economy,business",378.66,active,2026-08-18T10:00:00+05:30
flt_b86524d9,arl_56da328b,GA-4163,apt_3810f0b5,apt_a7ea97c3,2026-11-10T17:10:00+05:30,2026-11-10T19:33:00+05:30,143,0,B787-8,"economy,business",154.733,active,2026-08-18T10:00:00+05:30
flt_55fe5b06,arl_c56d378a,TG-707,apt_c0496aae,apt_c1f65e85,2026-10-29T07:20:00+05:30,2026-10-29T09:59:00+05:30,159,0,B787-8,"economy,business",136.461,active,2026-08-18T10:00:00+05:30
flt_7556b9fa,arl_077dea23,MH-5925,apt_6be6a548,apt_bfd02a38,2026-10-29T16:50:00+05:30,2026-10-29T17:42:00+05:30,52,0,B737-800,"economy,business",3.673,active,2026-08-18T10:00:00+05:30
flt_05b5cb74,arl_b97400e0,QP-3664,apt_9a8714fa,apt_54ebca59,2026-09-15T13:10:00+05:30,2026-09-15T15:28:00+05:30,138,0,A321,economy,130.515,active,2026-08-18T10:00:00+05:30
flt_93853280,arl_2a88a2c3,UA-1662,apt_e6d0e6bf,apt_6be6a548,2026-09-26T17:20:00+05:30,2026-09-26T19:46:00+05:30,146,0,,"economy,business",132.102,active,2026-08-18T10:00:00+05:30
flt_f0bc5de9,arl_3a276287,BA-3600,apt_3e80f233,apt_faa26bd2,2026-10-14T12:20:00+05:30,2026-10-14T13:57:00+05:30,97,0,B737-800,"economy,business",59.167,active,2026-08-18T10:00:00+05:30
flt_4ebd413d,arl_1cfc4640,SQ-4394,apt_9a8714fa,apt_c0496aae,2026-09-26T21:40:00+05:30,2026-09-26T22:50:00+05:30,70,0,A321,"economy,business",59.079,active,2026-08-18T10:00:00+05:30
flt_64d1e5e4,arl_403656a7,LX-3256,apt_757e32fe,apt_3e80f233,2026-09-11T11:00:00+05:30,2026-09-11T17:19:00+05:30,379,1,B787-8,"economy,business",339.628,active,2026-08-18T10:00:00+05:30
flt_2212fc6f,arl_403656a7,LX-7748,apt_33c2d61a,apt_3810f0b5,2026-09-22T11:40:00+05:30,2026-09-22T18:45:00+05:30,425,0,ATR-72,"economy,business",525.95,active,2026-08-18T10:00:00+05:30
flt_07763d77,arl_2981080f,6E-2173,apt_6be6a548,apt_ad38af67,2026-10-11T09:20:00+05:30,2026-10-11T16:01:00+05:30,401,0,A320neo,economy,474.573,active,2026-08-18T10:00:00+05:30
flt_24f54820,arl_841c6e99,AI-8445,apt_33c2d61a,apt_3e80f233,2026-10-12T14:40:00+05:30,2026-10-12T23:51:00+05:30,551,0,B737-800,"economy,business",667.146,active,2026-08-18T10:00:00+05:30
flt_c433e970,arl_7784367f,KB-9093,apt_e6d0e6bf,apt_d3a5784e,2026-10-11T08:30:00+05:30,2026-10-11T10:19:00+05:30,109,0,A320neo,"economy,business",109.917,active,2026-08-18T10:00:00+05:30
flt_fff2edbc,arl_7f79d7b3,AF-3825,apt_2d4c99ed,apt_5835fac1,2026-10-02T14:00:00+05:30,2026-10-02T16:09:00+05:30,129,0,B787-8,"economy,business",136.057,active,2026-08-18T10:00:00+05:30
flt_3d200c57,arl_c56d378a,TG-4187,apt_ceec186e,apt_08ebf678,2026-10-04T22:50:00+05:30,2026-10-05T05:06:00+05:30,376,0,A321,"economy,business",433.487,active,2026-08-18T10:00:00+05:30
flt_4f0d5cc0,arl_cbee96ac,GF-4772,apt_e6d0e6bf,apt_eb8717c7,2026-11-11T11:00:00+05:30,2026-11-11T16:38:00+05:30,338,0,A320neo,"economy,business",399.395,active,2026-08-18T10:00:00+05:30
flt_25610e80,arl_28f00e8b,EK-5750,apt_cb1113d2,apt_bdf57d77,2026-11-22T22:30:00+05:30,2026-11-23T07:19:00+05:30,529,0,B737-800,"economy,business",638.3,active,2026-08-18T10:00:00+05:30
flt_75ea71d3,arl_4939343e,SG-2500,apt_ceec186e,apt_c077a39a,2026-11-05T05:50:00+05:30,2026-11-05T06:48:00+05:30,58,0,A320neo,economy,35.534,active,2026-08-18T10:00:00+05:30
flt_293f0be3,arl_68688da8,NZ-8968,apt_bdf57d77,apt_6be6a548,2026-10-05T21:00:00+05:30,2026-10-05T23:32:00+05:30,152,0,A321,"economy,business",129.24,active,2026-08-18T10:00:00+05:30
flt_d76745cb,arl_8ac08b06,CZ-9892,apt_5377e1f8,apt_9a8714fa,2026-11-08T07:10:00+05:30,2026-11-08T09:20:00+05:30,130,0,B787-8,"economy,business",94.249,active,2026-08-18T10:00:00+05:30
flt_4f24539d,arl_28f00e8b,EK-5013,apt_a7ea97c3,apt_6be6a548,2026-11-17T12:50:00+05:30,2026-11-17T14:49:00+05:30,119,0,A320neo,"economy,business",89.008,active,2026-08-18T10:00:00+05:30
flt_cb82cd2a,arl_7784367f,KB-102,apt_05897d58,apt_e6d0e6bf,2026-10-16T22:30:00+05:30,2026-10-17T00:33:00+05:30,123,0,B737-800,"economy,business",84.802,active,2026-08-18T10:00:00+05:30
flt_1365914d,arl_a0bf222e,KE-4204,apt_c1f65e85,apt_98416c9d,2026-09-22T13:30:00+05:30,2026-09-22T16:49:00+05:30,199,0,A321,"economy,business",186.286,active,2026-08-18T10:00:00+05:30
flt_fcb005a6,arl_2a88a2c3,UA-8597,apt_3810f0b5,apt_5835fac1,2026-11-04T15:20:00+05:30,2026-11-04T16:42:00+05:30,82,0,B787-8,"economy,business",58.746,active,2026-08-18T10:00:00+05:30
flt_03e6ed28,arl_7f79d7b3,AF-8795,apt_d3a5784e,apt_2d4c99ed,2026-09-21T16:10:00+05:30,2026-09-21T18:54:00+05:30,164,0,A321,"economy,business",154.997,active,2026-08-18T10:00:00+05:30
flt_178bdb5e,arl_ef62470d,IX-9046,apt_86c2c516,apt_757e32fe,2026-11-12T17:50:00+05:30,2026-11-13T02:36:00+05:30,526,1,,economy,560.072,active,2026-08-18T10:00:00+05:30
flt_f30b329c,arl_56da328b,GA-841,apt_2d4c99ed,apt_bfd02a38,2026-09-06T06:20:00+05:30,2026-09-06T09:12:00+05:30,172,0,B737-800,"economy,business",151.009,active,2026-08-18T10:00:00+05:30
flt_e1c78d7c,arl_1cfc4640,SQ-6110,apt_c0496aae,apt_eb8717c7,2026-09-02T06:10:00+05:30,2026-09-02T11:22:00+05:30,312,0,B787-8,"economy,business",342.74,active,2026-08-18T10:00:00+05:30
flt_945e9ca8,arl_a487a152,RA-1961,apt_3e80f233,apt_e6d0e6bf,2026-10-04T07:00:00+05:30,2026-10-04T09:18:00+05:30,138,0,B787-8,"economy,business",105.882,active,2026-08-18T10:00:00+05:30
flt_6f41a3d0,arl_1cfc4640,SQ-4982,apt_6ddc2fb6,apt_cb1113d2,2026-11-29T12:30:00+05:30,2026-11-29T19:58:00+05:30,448,0,B787-8,"economy,business",524.41,active,2026-08-18T10:00:00+05:30
flt_e1553443,arl_c56d378a,TG-695,apt_ceec186e,apt_496144db,2026-11-14T10:20:00+05:30,2026-11-14T16:11:00+05:30,351,0,B787-8,"economy,business",429.389,active,2026-08-18T10:00:00+05:30
flt_ad754ea1,arl_666b65b1,AC-4347,apt_bfd02a38,apt_86c2c516,2026-11-24T17:50:00+05:30,2026-11-24T22:49:00+05:30,299,1,A321,"economy,business",248.999,active,2026-08-18T10:00:00+05:30
flt_471b9b3d,arl_8ac08b06,CZ-9259,apt_3e80f233,apt_3810f0b5,2026-10-27T18:20:00+05:30,2026-10-27T21:26:00+05:30,186,0,A321,"economy,business",181.955,active,2026-08-18T10:00:00+05:30
flt_17194ffb,arl_154ebf3d,EY-195,apt_c077a39a,apt_5835fac1,2026-11-13T10:40:00+05:30,2026-11-13T15:46:00+05:30,306,0,A320neo,"economy,business",343.213,active,2026-08-18T10:00:00+05:30
flt_746ff811,arl_154ebf3d,EY-7842,apt_d3a5784e,apt_496144db,2026-09-26T21:40:00+05:30,2026-09-26T23:05:00+05:30,85,0,B787-8,"economy,business",60.392,active,2026-08-18T10:00:00+05:30
flt_f634d558,arl_534d3a8a,LH-8940,apt_eb8717c7,apt_6ddc2fb6,2026-10-02T16:00:00+05:30,2026-10-02T21:54:00+05:30,354,1,B737-800,"economy,business",297.44,active,2026-08-18T10:00:00+05:30
flt_5c2b1c56,arl_56da328b,GA-8383,apt_6be6a548,apt_c0496aae,2026-09-12T07:30:00+05:30,2026-09-12T10:10:00+05:30,160,0,ATR-72,"economy,business",142.925,active,2026-08-18T10:00:00+05:30
flt_80f96bdb,arl_403656a7,LX-7995,apt_6ddc2fb6,apt_e6d0e6bf,2026-10-01T11:10:00+05:30,2026-10-01T13:01:00+05:30,111,0,A321,"economy,business",114.214,active,2026-08-18T10:00:00+05:30
flt_4dc9ff64,arl_ef62470d,IX-5691,apt_a7ea97c3,apt_05897d58,2026-10-19T19:30:00+05:30,2026-10-19T22:06:00+05:30,156,0,B787-8,economy,140.107,active,2026-08-18T10:00:00+05:30
flt_6b4fd713,arl_508d631b,UL-3649,apt_05897d58,apt_ee6be440,2026-10-10T16:30:00+05:30,2026-10-10T17:58:00+05:30,88,0,A320neo,"economy,business",45.386,active,2026-08-18T10:00:00+05:30
flt_59109d11,arl_28f00e8b,EK-951,apt_faa26bd2,apt_98416c9d,2026-10-08T18:20:00+05:30,2026-10-08T20:34:00+05:30,134,0,B737-800,"economy,business",109.69,active,2026-08-18T10:00:00+05:30
flt_888d366e,arl_a0bf222e,KE-7396,apt_86c2c516,apt_3e80f233,2026-11-12T13:00:00+05:30,2026-11-12T16:54:00+05:30,234,0,B787-8,"economy,business",233.286,active,2026-08-18T10:00:00+05:30
flt_d89f8bf3,arl_403656a7,LX-6407,apt_d3a5784e,apt_ad38af67,2026-11-03T21:10:00+05:30,2026-11-04T04:55:00+05:30,465,1,A321,"economy,business",474.564,active,2026-08-18T10:00:00+05:30
flt_622eddc1,arl_666b65b1,AC-7359,apt_ad38af67,apt_9dd20d55,2026-10-04T21:40:00+05:30,2026-10-05T07:55:00+05:30,615,1,B737-800,"economy,business",672.09,active,2026-08-18T10:00:00+05:30
flt_894a0de4,arl_508d631b,UL-5704,apt_33c2d61a,apt_496144db,2026-09-24T05:10:00+05:30,2026-09-24T14:53:00+05:30,583,1,ATR-72,"economy,business",621.142,active,2026-08-18T10:00:00+05:30
flt_1c8fdc86,arl_cbee96ac,GF-6332,apt_08ebf678,apt_6ddc2fb6,2026-09-04T20:20:00+05:30,2026-09-04T22:14:00+05:30,114,0,B787-8,"economy,business",115,active,2026-08-18T10:00:00+05:30
flt_4a602e90,arl_508d631b,UL-9112,apt_eb8717c7,apt_54ebca59,2026-10-21T21:10:00+05:30,2026-10-22T02:51:00+05:30,341,0,,"economy,business",416.3,active,2026-08-18T10:00:00+05:30
flt_2d4940fc,arl_a487a152,RA-6933,apt_9dd20d55,apt_05897d58,2026-11-28T21:30:00+05:30,2026-11-29T03:13:00+05:30,343,1,B737-800,"economy,business",312.564,active,2026-08-18T10:00:00+05:30
flt_20d4dad8,arl_68688da8,NZ-5886,apt_cb1113d2,apt_3e80f233,2026-09-19T16:50:00+05:30,2026-09-20T03:01:00+05:30,611,1,B737-800,"economy,business",664.378,active,2026-08-18T10:00:00+05:30
flt_61bcbf05,arl_ef62470d,IX-8096,apt_05897d58,apt_bdf57d77,2026-09-17T07:10:00+05:30,2026-09-17T08:58:00+05:30,108,0,B737-800,economy,97.369,active,2026-08-18T10:00:00+05:30
flt_2ac3d9ec,arl_2a88a2c3,UA-4632,apt_3e80f233,apt_c1f65e85,2026-11-15T10:00:00+05:30,2026-11-15T12:26:00+05:30,146,0,ATR-72,"economy,business",155.098,active,2026-08-18T10:00:00+05:30
flt_1d5beb1d,arl_4939343e,SG-4727,apt_757e32fe,apt_6be6a548,2026-10-27T09:20:00+05:30,2026-10-27T15:19:00+05:30,359,1,A321,economy,334.486,active,2026-08-18T10:00:00+05:30
flt_b9fb0f13,arl_dbae8242,QR-9936,apt_eb8717c7,apt_3810f0b5,2026-10-08T18:50:00+05:30,2026-10-08T23:01:00+05:30,251,0,ATR-72,"economy,business",300.179,active,2026-08-18T10:00:00+05:30
flt_560efec5,arl_dbae8242,QR-2739,apt_d3a5784e,apt_98416c9d,2026-10-31T21:10:00+05:30,2026-10-31T22:24:00+05:30,74,0,A320neo,"economy,business",65.847,active,2026-08-18T10:00:00+05:30
flt_85e6d51e,arl_56da328b,GA-2454,apt_86c2c516,apt_e6d0e6bf,2026-11-02T19:30:00+05:30,2026-11-02T22:54:00+05:30,204,0,A320neo,"economy,business",235.446,active,2026-08-18T10:00:00+05:30
flt_5649fff4,arl_841c6e99,AI-1225,apt_eb8717c7,apt_2d4c99ed,2026-09-22T07:10:00+05:30,2026-09-22T11:49:00+05:30,279,0,B787-8,"economy,business",299.793,active,2026-08-18T10:00:00+05:30
flt_c1f8d437,arl_403656a7,LX-2700,apt_bfd02a38,apt_e6d0e6bf,2026-11-24T05:10:00+05:30,2026-11-24T07:48:00+05:30,158,0,A321,"economy,business",133.958,active,2026-08-18T10:00:00+05:30
flt_61cfab4d,arl_077dea23,MH-8120,apt_08ebf678,apt_6ddc2fb6,2026-11-09T22:50:00+05:30,2026-11-10T00:48:00+05:30,118,0,B737-800,"economy,business",115,active,2026-08-18T10:00:00+05:30
flt_a8b20580,arl_dbae8242,QR-8546,apt_86c2c516,apt_757e32fe,2026-09-28T17:50:00+05:30,2026-09-29T01:18:00+05:30,448,0,A321,"economy,business",560.072,active,2026-08-18T10:00:00+05:30
flt_9b9ba948,arl_1cfc4640,SQ-5358,apt_3e80f233,apt_08ebf678,2026-10-27T07:20:00+05:30,2026-10-27T09:11:00+05:30,111,0,B787-8,"economy,business",108.707,active,2026-08-18T10:00:00+05:30
flt_a779e110,arl_75d2a12c,QF-5610,apt_6be6a548,apt_bfd02a38,2026-10-26T16:20:00+05:30,2026-10-26T17:17:00+05:30,57,0,ATR-72,"economy,business",3.673,active,2026-08-18T10:00:00+05:30
flt_a684f2ea,arl_ef62470d,IX-4110,apt_faa26bd2,apt_e6d0e6bf,2026-11-09T10:50:00+05:30,2026-11-09T12:56:00+05:30,126,0,B737-800,economy,133.308,active,2026-08-18T10:00:00+05:30
flt_baee68e3,arl_154ebf3d,EY-6748,apt_5835fac1,apt_33c2d61a,2026-09-22T09:40:00+05:30,2026-09-22T17:38:00+05:30,478,0,A320neo,"economy,business",572.569,active,2026-08-18T10:00:00+05:30
flt_34c3781d,arl_077dea23,MH-3696,apt_ceec186e,apt_757e32fe,2026-10-26T16:30:00+05:30,2026-10-26T19:07:00+05:30,157,0,B737-800,"economy,business",164.242,active,2026-08-18T10:00:00+05:30
flt_0bd0595c,arl_b97400e0,QP-1902,apt_5835fac1,apt_3e80f233,2026-10-21T17:10:00+05:30,2026-10-21T19:40:00+05:30,150,0,B737-800,economy,123.5,active,2026-08-18T10:00:00+05:30
flt_575f07fe,arl_8ac08b06,CZ-5785,apt_757e32fe,apt_faa26bd2,2026-10-26T18:50:00+05:30,2026-10-27T00:26:00+05:30,336,1,ATR-72,"economy,business",288.019,active,2026-08-18T10:00:00+05:30
flt_9df685a1,arl_508d631b,UL-7268,apt_33c2d61a,apt_c0496aae,2026-09-12T12:30:00+05:30,2026-09-12T20:18:00+05:30,468,0,A321,"economy,business",571.563,active,2026-08-18T10:00:00+05:30
flt_9117912d,arl_cbee96ac,GF-7871,apt_9dd20d55,apt_e6c1d884,2026-10-12T15:00:00+05:30,2026-10-12T20:04:00+05:30,304,0,B737-800,"economy,business",338.416,active,2026-08-18T10:00:00+05:30
flt_b78db8e6,arl_b97400e0,QP-6852,apt_c0496aae,apt_6ddc2fb6,2026-09-27T09:20:00+05:30,2026-09-27T10:42:00+05:30,82,0,B787-8,economy,58.725,active,2026-08-18T10:00:00+05:30
flt_b054a473,arl_3a276287,BA-8509,apt_e6d0e6bf,apt_9a8714fa,2026-09-23T14:00:00+05:30,2026-09-23T15:56:00+05:30,116,0,B787-8,"economy,business",114.404,active,2026-08-18T10:00:00+05:30
flt_75946c13,arl_1cfc4640,SQ-1734,apt_6ddc2fb6,apt_bdf57d77,2026-09-26T18:30:00+05:30,2026-09-26T20:40:00+05:30,130,0,B787-8,"economy,business",126.534,active,2026-08-18T10:00:00+05:30
flt_57b2f316,arl_ef62470d,IX-6346,apt_2d4c99ed,apt_c0496aae,2026-09-27T15:40:00+05:30,2026-09-27T18:21:00+05:30,161,0,A321,economy,135.436,active,2026-08-18T10:00:00+05:30
flt_2b5ef77e,arl_dbae8242,QR-5876,apt_eb8717c7,apt_6ddc2fb6,2026-10-01T12:10:00+05:30,2026-10-01T16:35:00+05:30,265,0,B787-8,"economy,business",297.44,active,2026-08-18T10:00:00+05:30
flt_51a8f0b9,arl_1cfc4640,SQ-5042,apt_86c2c516,apt_9dd20d55,2026-10-20T08:20:00+05:30,2026-10-20T08:51:00+05:30,31,0,A321,"economy,business",3.544,active,2026-08-18T10:00:00+05:30
flt_5686599f,arl_077dea23,MH-8468,apt_e6d0e6bf,apt_5835fac1,2026-11-11T15:50:00+05:30,2026-11-11T17:26:00+05:30,96,0,,"economy,business",56.919,active,2026-08-18T10:00:00+05:30
flt_623013a4,arl_a0bf222e,KE-2269,apt_2d4c99ed,apt_3e80f233,2026-10-14T08:00:00+05:30,2026-10-14T10:54:00+05:30,174,0,B737-800,"economy,business",154.97,active,2026-08-18T10:00:00+05:30
flt_56b93ddf,arl_a487a152,RA-2921,apt_05897d58,apt_d3a5784e,2026-10-25T12:30:00+05:30,2026-10-25T15:17:00+05:30,167,0,ATR-72,"economy,business",180.707,active,2026-08-18T10:00:00+05:30
flt_53adc02c,arl_692cd6f4,JL-4024,apt_c0496aae,apt_5377e1f8,2026-10-20T05:30:00+05:30,2026-10-20T06:48:00+05:30,78,0,ATR-72,"economy,business",55.403,active,2026-08-18T10:00:00+05:30
flt_9d7de933,arl_ef62470d,IX-5478,apt_3810f0b5,apt_86c2c516,2026-10-08T14:00:00+05:30,2026-10-08T20:22:00+05:30,382,1,B737-800,economy,336.296,active,2026-08-18T10:00:00+05:30
flt_415037ea,arl_403656a7,LX-6869,apt_30500fc8,apt_3810f0b5,2026-09-22T09:30:00+05:30,2026-09-22T11:15:00+05:30,105,0,ATR-72,"economy,business",65.083,active,2026-08-18T10:00:00+05:30
flt_23564ec4,arl_cbee96ac,GF-291,apt_3810f0b5,apt_757e32fe,2026-11-20T21:20:00+05:30,2026-11-21T02:22:00+05:30,302,1,A320neo,"economy,business",252.654,active,2026-08-18T10:00:00+05:30
flt_930ce732,arl_692cd6f4,JL-9964,apt_e6d0e6bf,apt_496144db,2026-10-04T13:30:00+05:30,2026-10-04T16:00:00+05:30,150,0,B787-8,"economy,business",135.88,active,2026-08-18T10:00:00+05:30
flt_39005ed1,arl_a487a152,RA-6253,apt_faa26bd2,apt_30500fc8,2026-09-04T15:50:00+05:30,2026-09-04T19:04:00+05:30,194,0,B787-8,"economy,business",224.517,active,2026-08-18T10:00:00+05:30
flt_93e28e11,arl_077dea23,MH-648,apt_5835fac1,apt_e6c1d884,2026-10-04T19:50:00+05:30,2026-10-04T21:31:00+05:30,101,0,A321,"economy,business",58.06,active,2026-08-18T10:00:00+05:30
flt_762f75b4,arl_692cd6f4,JL-8353,apt_98416c9d,apt_9a8714fa,2026-09-09T21:30:00+05:30,2026-09-09T23:46:00+05:30,136,0,B737-800,"economy,business",143.719,active,2026-08-18T10:00:00+05:30
flt_da3a3beb,arl_b97400e0,QP-1471,apt_e6d0e6bf,apt_ebff6148,2026-10-12T08:50:00+05:30,2026-10-12T13:38:00+05:30,288,0,A321,economy,330.93,active,2026-08-18T10:00:00+05:30
flt_2a18cda0,arl_841c6e99,AI-4986,apt_9a8714fa,apt_5377e1f8,2026-09-09T14:30:00+05:30,2026-09-09T16:12:00+05:30,102,0,A320neo,"economy,business",94.249,active,2026-08-18T10:00:00+05:30
flt_b11f8c97,arl_2981080f,6E-9787,apt_ceec186e,apt_e6d0e6bf,2026-09-14T11:50:00+05:30,2026-09-14T19:16:00+05:30,446,1,B787-8,economy,433.912,active,2026-08-18T10:00:00+05:30
flt_e99de487,arl_56da328b,GA-9318,apt_c1f65e85,apt_e6c1d884,2026-10-24T17:00:00+05:30,2026-10-24T19:48:00+05:30,168,0,,"economy,business",157.438,active,2026-08-18T10:00:00+05:30
flt_4cf015c5,arl_a0bf222e,KE-5869,apt_05897d58,apt_757e32fe,2026-10-09T22:40:00+05:30,2026-10-10T02:50:00+05:30,250,0,A320neo,"economy,business",284.668,active,2026-08-18T10:00:00+05:30
flt_1afe537e,arl_4939343e,SG-6078,apt_d3a5784e,apt_496144db,2026-10-04T14:30:00+05:30,2026-10-04T15:48:00+05:30,78,0,,economy,60.392,active,2026-08-18T10:00:00+05:30
flt_6234891c,arl_7784367f,KB-8142,apt_cb1113d2,apt_05897d58,2026-11-22T09:30:00+05:30,2026-11-22T18:16:00+05:30,526,1,B737-800,"economy,business",550.233,active,2026-08-18T10:00:00+05:30
flt_b14ace18,arl_2981080f,6E-6930,apt_08ebf678,apt_c1f65e85,2026-10-27T17:20:00+05:30,2026-10-27T20:02:00+05:30,162,0,A320neo,economy,181.941,active,2026-08-18T10:00:00+05:30
flt_54108d3c,arl_56da328b,GA-8100,apt_a7ea97c3,apt_6ddc2fb6,2026-11-22T14:10:00+05:30,2026-11-22T16:41:00+05:30,151,0,A321,"economy,business",142.91,active,2026-08-18T10:00:00+05:30
flt_bc99dc87,arl_cbee96ac,GF-5822,apt_e6c1d884,apt_30500fc8,2026-09-06T05:40:00+05:30,2026-09-06T07:09:00+05:30,89,0,ATR-72,"economy,business",65.609,active,2026-08-18T10:00:00+05:30
flt_f7447389,arl_534d3a8a,LH-8633,apt_3e80f233,apt_33c2d61a,2026-11-16T11:00:00+05:30,2026-11-16T20:14:00+05:30,554,0,ATR-72,"economy,business",667.146,active,2026-08-18T10:00:00+05:30
flt_b91a76e9,arl_666b65b1,AC-1169,apt_e6c1d884,apt_08ebf678,2026-10-12T17:10:00+05:30,2026-10-12T19:15:00+05:30,125,0,A320neo,"economy,business",102.4,active,2026-08-18T10:00:00+05:30
flt_b39a1840,arl_077dea23,MH-9004,apt_2d4c99ed,apt_9a8714fa,2026-10-13T08:20:00+05:30,2026-10-13T10:08:00+05:30,108,0,,"economy,business",84.784,active,2026-08-18T10:00:00+05:30
flt_95b9222c,arl_2981080f,6E-6341,apt_98416c9d,apt_54ebca59,2026-10-13T09:40:00+05:30,2026-10-13T10:53:00+05:30,73,0,A321,economy,47.647,active,2026-08-18T10:00:00+05:30
flt_af434396,arl_508d631b,UL-4793,apt_98416c9d,apt_757e32fe,2026-11-10T22:30:00+05:30,2026-11-11T03:29:00+05:30,299,0,,"economy,business",358.142,active,2026-08-18T10:00:00+05:30
flt_38b0a495,arl_a487a152,RA-9691,apt_496144db,apt_e6c1d884,2026-09-03T17:20:00+05:30,2026-09-03T20:14:00+05:30,174,0,A321,"economy,business",176.1,active,2026-08-18T10:00:00+05:30
flt_16a24264,arl_2fae0fe3,KU-8246,apt_3e80f233,apt_ceec186e,2026-11-01T16:30:00+05:30,2026-11-02T00:17:00+05:30,467,1,B737-800,"economy,business",473.189,active,2026-08-18T10:00:00+05:30
flt_bdc6492d,arl_7f79d7b3,AF-226,apt_9dd20d55,apt_bdf57d77,2026-11-13T10:40:00+05:30,2026-11-13T15:22:00+05:30,282,1,A321,"economy,business",224.47,active,2026-08-18T10:00:00+05:30
flt_911c052c,arl_6317d870,UK-6386,apt_496144db,apt_5835fac1,2026-09-09T10:40:00+05:30,2026-09-09T13:04:00+05:30,144,0,B787-8,"economy,business",125.827,active,2026-08-18T10:00:00+05:30
flt_e66b4546,arl_666b65b1,AC-2546,apt_5835fac1,apt_496144db,2026-11-20T11:40:00+05:30,2026-11-20T13:49:00+05:30,129,0,B737-800,"economy,business",125.827,active,2026-08-18T10:00:00+05:30
flt_a7ae1128,arl_6317d870,UK-3956,apt_9a8714fa,apt_496144db,2026-10-09T05:20:00+05:30,2026-10-09T07:41:00+05:30,141,0,A320neo,"economy,business",117.88,active,2026-08-18T10:00:00+05:30
flt_87bcd31a,arl_3a276287,BA-8780,apt_3810f0b5,apt_d3a5784e,2026-10-03T16:40:00+05:30,2026-10-03T19:38:00+05:30,178,0,A320neo,"economy,business",185.283,active,2026-08-18T10:00:00+05:30
flt_ae7998ff,arl_56da328b,GA-4175,apt_e6d0e6bf,apt_cb1113d2,2026-11-20T19:30:00+05:30,2026-11-21T05:11:00+05:30,581,1,,"economy,business",624.529,active,2026-08-18T10:00:00+05:30
flt_f9031a31,arl_2fae0fe3,KU-2134,apt_54ebca59,apt_c0496aae,2026-11-18T12:40:00+05:30,2026-11-18T14:25:00+05:30,105,0,B737-800,"economy,business",74.79,active,2026-08-18T10:00:00+05:30
flt_d0016bb5,arl_666b65b1,AC-7942,apt_3810f0b5,apt_86c2c516,2026-09-13T18:50:00+05:30,2026-09-14T00:02:00+05:30,312,0,B787-8,"economy,business",336.296,active,2026-08-18T10:00:00+05:30
flt_03ab89d4,arl_a852cdd9,VJ-5001,apt_54ebca59,apt_98416c9d,2026-10-27T07:20:00+05:30,2026-10-27T08:42:00+05:30,82,0,ATR-72,economy,47.647,active,2026-08-18T10:00:00+05:30
flt_c73ddecc,arl_666b65b1,AC-9305,apt_c077a39a,apt_ee6be440,2026-10-26T07:50:00+05:30,2026-10-26T12:45:00+05:30,295,0,B737-800,"economy,business",334.485,active,2026-08-18T10:00:00+05:30
flt_f316f778,arl_c56d378a,TG-941,apt_757e32fe,apt_c1f65e85,2026-09-19T17:40:00+05:30,2026-09-19T20:43:00+05:30,183,0,ATR-72,"economy,business",187.233,active,2026-08-18T10:00:00+05:30
flt_92384a9b,arl_b97400e0,QP-7605,apt_bdf57d77,apt_5835fac1,2026-11-03T09:50:00+05:30,2026-11-03T11:28:00+05:30,98,0,B737-800,economy,70.248,active,2026-08-18T10:00:00+05:30
flt_d63a1c8f,arl_6317d870,UK-3550,apt_ad38af67,apt_faa26bd2,2026-11-19T07:00:00+05:30,2026-11-19T14:10:00+05:30,430,1,A320neo,"economy,business",429.993,active,2026-08-18T10:00:00+05:30
flt_4f32f2d9,arl_56da328b,GA-3037,apt_98416c9d,apt_2d4c99ed,2026-09-16T09:00:00+05:30,2026-09-16T11:50:00+05:30,170,0,ATR-72,"economy,business",185.778,active,2026-08-18T10:00:00+05:30
flt_7f6ed89d,arl_a0bf222e,KE-5334,apt_c1f65e85,apt_5835fac1,2026-11-19T05:20:00+05:30,2026-11-19T07:59:00+05:30,159,0,ATR-72,"economy,business",137.079,active,2026-08-18T10:00:00+05:30
flt_3e26fedb,arl_68688da8,NZ-6569,apt_c077a39a,apt_98416c9d,2026-09-18T17:00:00+05:30,2026-09-18T23:18:00+05:30,378,0,,"economy,business",439.485,active,2026-08-18T10:00:00+05:30
flt_f78367c1,arl_154ebf3d,EY-2522,apt_98416c9d,apt_33c2d61a,2026-11-28T11:30:00+05:30,2026-11-28T20:24:00+05:30,534,0,A321,"economy,business",669.562,active,2026-08-18T10:00:00+05:30
flt_514af3a0,arl_666b65b1,AC-1024,apt_eb8717c7,apt_33c2d61a,2026-11-02T22:20:00+05:30,2026-11-03T03:12:00+05:30,292,1,B737-800,"economy,business",229.806,active,2026-08-18T10:00:00+05:30
flt_33f51b56,arl_6317d870,UK-5452,apt_05897d58,apt_33c2d61a,2026-09-27T19:00:00+05:30,2026-09-28T02:45:00+05:30,465,0,A321,"economy,business",553.183,active,2026-08-18T10:00:00+05:30
flt_e25ff998,arl_28f00e8b,EK-7947,apt_08ebf678,apt_ceec186e,2026-11-25T14:20:00+05:30,2026-11-25T22:00:00+05:30,460,1,B787-8,"economy,business",433.487,active,2026-08-18T10:00:00+05:30
flt_38372547,arl_508d631b,UL-9900,apt_ebff6148,apt_eb8717c7,2026-11-16T14:40:00+05:30,2026-11-16T17:19:00+05:30,159,0,ATR-72,"economy,business",134.943,active,2026-08-18T10:00:00+05:30
flt_daa4712b,arl_8ac08b06,CZ-9122,apt_757e32fe,apt_496144db,2026-09-11T20:00:00+05:30,2026-09-12T01:42:00+05:30,342,1,A321,"economy,business",286.531,active,2026-08-18T10:00:00+05:30
flt_2a96969d,arl_1cfc4640,SQ-8923,apt_2d4c99ed,apt_5835fac1,2026-09-08T15:00:00+05:30,2026-09-08T17:20:00+05:30,140,0,A321,"economy,business",136.057,active,2026-08-18T10:00:00+05:30
flt_41a5f734,arl_2a88a2c3,UA-381,apt_757e32fe,apt_496144db,2026-09-18T18:00:00+05:30,2026-09-18T23:31:00+05:30,331,1,ATR-72,"economy,business",286.531,active,2026-08-18T10:00:00+05:30
flt_5b71efd3,arl_a0bf222e,KE-1578,apt_c0496aae,apt_54ebca59,2026-09-04T06:40:00+05:30,2026-09-04T08:16:00+05:30,96,0,A320neo,"economy,business",74.79,active,2026-08-18T10:00:00+05:30
flt_d5ef3f18,arl_077dea23,MH-8400,apt_5377e1f8,apt_05897d58,2026-10-29T12:10:00+05:30,2026-10-29T12:46:00+05:30,36,0,A320neo,"economy,business",2.323,active,2026-08-18T10:00:00+05:30
flt_92d6f06a,arl_c56d378a,TG-113,apt_86c2c516,apt_ee6be440,2026-10-24T17:10:00+05:30,2026-10-24T21:50:00+05:30,280,0,A321,"economy,business",320.687,active,2026-08-18T10:00:00+05:30
flt_d1a5af52,arl_75d2a12c,QF-7139,apt_ee6be440,apt_c0496aae,2026-09-09T07:10:00+05:30,2026-09-09T09:17:00+05:30,127,0,A320neo,"economy,business",101.811,active,2026-08-18T10:00:00+05:30
flt_799f335f,arl_68688da8,NZ-6183,apt_c077a39a,apt_757e32fe,2026-09-12T08:40:00+05:30,2026-09-12T11:09:00+05:30,149,0,A320neo,"economy,business",136.441,active,2026-08-18T10:00:00+05:30
flt_469d6890,arl_2fae0fe3,KU-8370,apt_a7ea97c3,apt_e6d0e6bf,2026-11-04T07:00:00+05:30,2026-11-04T08:11:00+05:30,71,0,ATR-72,"economy,business",56.841,active,2026-08-18T10:00:00+05:30
flt_9cbf9fd0,arl_b97400e0,QP-6191,apt_faa26bd2,apt_9a8714fa,2026-09-24T12:20:00+05:30,2026-09-24T14:30:00+05:30,130,0,B737-800,economy,117.288,active,2026-08-18T10:00:00+05:30
flt_a2c2c5b4,arl_508d631b,UL-5592,apt_5835fac1,apt_6ddc2fb6,2026-09-17T08:40:00+05:30,2026-09-17T09:59:00+05:30,79,0,B787-8,"economy,business",59.63,active,2026-08-18T10:00:00+05:30
flt_4fa78087,arl_2a88a2c3,UA-1472,apt_faa26bd2,apt_ee6be440,2026-11-26T13:20:00+05:30,2026-11-26T18:19:00+05:30,299,1,B737-800,"economy,business",225.763,active,2026-08-18T10:00:00+05:30
flt_0cf0ed36,arl_1cfc4640,SQ-5441,apt_05897d58,apt_c077a39a,2026-09-13T05:50:00+05:30,2026-09-13T10:41:00+05:30,291,0,A320neo,"economy,business",328.567,active,2026-08-18T10:00:00+05:30
flt_242ce8e2,arl_1cfc4640,SQ-7061,apt_3810f0b5,apt_c1f65e85,2026-10-07T17:10:00+05:30,2026-10-07T20:02:00+05:30,172,0,,"economy,business",158.068,active,2026-08-18T10:00:00+05:30
flt_a5cdef8d,arl_ef62470d,IX-633,apt_c077a39a,apt_faa26bd2,2026-09-04T12:40:00+05:30,2026-09-04T18:32:00+05:30,352,0,A321,economy,395.314,active,2026-08-18T10:00:00+05:30
flt_045e0a73,arl_b97400e0,QP-2460,apt_ee6be440,apt_9a8714fa,2026-10-26T11:00:00+05:30,2026-10-26T13:19:00+05:30,139,0,B737-800,economy,137.609,active,2026-08-18T10:00:00+05:30
flt_2586299f,arl_8ac08b06,CZ-5601,apt_ad38af67,apt_496144db,2026-09-02T11:20:00+05:30,2026-09-02T17:37:00+05:30,377,0,ATR-72,"economy,business",429.111,active,2026-08-18T10:00:00+05:30
flt_4b1090d3,arl_077dea23,MH-7488,apt_ebff6148,apt_eb8717c7,2026-09-13T06:10:00+05:30,2026-09-13T08:26:00+05:30,136,0,A320neo,"economy,business",134.943,active,2026-08-18T10:00:00+05:30
flt_029c0ee1,arl_a0bf222e,KE-5047,apt_08ebf678,apt_eb8717c7,2026-10-08T16:00:00+05:30,2026-10-08T21:28:00+05:30,328,0,B737-800,"economy,business",399.017,active,2026-08-18T10:00:00+05:30
flt_95a6b94b,arl_6317d870,UK-454,apt_e6c1d884,apt_c1f65e85,2026-09-28T12:10:00+05:30,2026-09-28T14:43:00+05:30,153,0,B787-8,"economy,business",157.438,active,2026-08-18T10:00:00+05:30
flt_a925fd65,arl_c56d378a,TG-2005,apt_ad38af67,apt_98416c9d,2026-09-08T12:20:00+05:30,2026-09-08T19:10:00+05:30,410,0,ATR-72,"economy,business",475.046,active,2026-08-18T10:00:00+05:30
flt_e0a1c50d,arl_dbae8242,QR-4992,apt_faa26bd2,apt_5835fac1,2026-10-27T11:50:00+05:30,2026-10-27T14:13:00+05:30,143,0,A321,"economy,business",123.989,active,2026-08-18T10:00:00+05:30
flt_cdaf2f39,arl_692cd6f4,JL-7793,apt_a7ea97c3,apt_bfd02a38,2026-11-19T15:10:00+05:30,2026-11-19T16:48:00+05:30,98,0,A321,"economy,business",89.714,active,2026-08-18T10:00:00+05:30
flt_f95dc2b6,arl_a852cdd9,VJ-2079,apt_c1f65e85,apt_6be6a548,2026-10-06T22:30:00+05:30,2026-10-07T00:49:00+05:30,139,0,ATR-72,economy,147.447,active,2026-08-18T10:00:00+05:30
flt_4480c760,arl_dbae8242,QR-1179,apt_c1f65e85,apt_9dd20d55,2026-11-10T08:10:00+05:30,2026-11-10T14:45:00+05:30,395,1,A320neo,"economy,business",387.945,active,2026-08-18T10:00:00+05:30
flt_155a3888,arl_692cd6f4,JL-2327,apt_ee6be440,apt_c077a39a,2026-11-14T17:00:00+05:30,2026-11-14T22:00:00+05:30,300,0,B737-800,"economy,business",334.485,active,2026-08-18T10:00:00+05:30
flt_9e029699,arl_841c6e99,AI-6291,apt_d3a5784e,apt_98416c9d,2026-11-25T20:50:00+05:30,2026-11-25T22:21:00+05:30,91,0,ATR-72,"economy,business",65.847,active,2026-08-18T10:00:00+05:30
flt_067672fc,arl_b97400e0,QP-7798,apt_5377e1f8,apt_6be6a548,2026-09-05T08:50:00+05:30,2026-09-05T12:00:00+05:30,190,0,B737-800,economy,196.146,active,2026-08-18T10:00:00+05:30
flt_1c34a31a,arl_2fae0fe3,KU-1136,apt_5835fac1,apt_ebff6148,2026-09-15T08:00:00+05:30,2026-09-15T12:14:00+05:30,254,0,A321,"economy,business",274.641,active,2026-08-18T10:00:00+05:30
flt_86ed42bf,arl_2a88a2c3,UA-7836,apt_c1f65e85,apt_c077a39a,2026-11-03T08:20:00+05:30,2026-11-03T13:05:00+05:30,285,0,A321,"economy,business",300.204,active,2026-08-18T10:00:00+05:30
flt_220b1b7c,arl_a487a152,RA-7094,apt_05897d58,apt_54ebca59,2026-11-01T19:10:00+05:30,2026-11-01T20:53:00+05:30,103,0,B737-800,"economy,business",99.142,active,2026-08-18T10:00:00+05:30
flt_fd46ac9b,arl_cbee96ac,GF-4383,apt_bdf57d77,apt_08ebf678,2026-10-19T17:50:00+05:30,2026-10-19T18:33:00+05:30,43,0,B737-800,"economy,business",14.668,active,2026-08-18T10:00:00+05:30
flt_c75a7efd,arl_2981080f,6E-9503,apt_757e32fe,apt_6be6a548,2026-11-20T11:30:00+05:30,2026-11-20T17:52:00+05:30,382,1,B737-800,economy,334.486,active,2026-08-18T10:00:00+05:30
flt_243a983b,arl_a487a152,RA-3635,apt_2d4c99ed,apt_9a8714fa,2026-09-29T09:50:00+05:30,2026-09-29T11:31:00+05:30,101,0,A320neo,"economy,business",84.784,active,2026-08-18T10:00:00+05:30
flt_df2805fb,arl_077dea23,MH-8686,apt_ee6be440,apt_2d4c99ed,2026-11-06T22:40:00+05:30,2026-11-07T02:03:00+05:30,203,0,B787-8,"economy,business",222.354,active,2026-08-18T10:00:00+05:30
flt_492a60e9,arl_7784367f,KB-2434,apt_05897d58,apt_33c2d61a,2026-09-20T17:40:00+05:30,2026-09-21T02:33:00+05:30,533,1,A321,"economy,business",553.183,active,2026-08-18T10:00:00+05:30
flt_0e67bde7,arl_2a88a2c3,UA-3315,apt_9dd20d55,apt_bfd02a38,2026-11-26T12:40:00+05:30,2026-11-26T16:20:00+05:30,220,0,,"economy,business",252.505,active,2026-08-18T10:00:00+05:30
flt_afdbfd12,arl_508d631b,UL-6578,apt_cb1113d2,apt_ceec186e,2026-11-25T17:30:00+05:30,2026-11-25T20:31:00+05:30,181,0,A321,"economy,business",191.879,active,2026-08-18T10:00:00+05:30
flt_cdf7ee68,arl_8ac08b06,CZ-6240,apt_3e80f233,apt_05897d58,2026-09-01T10:40:00+05:30,2026-09-01T13:45:00+05:30,185,0,A321,"economy,business",177.024,active,2026-08-18T10:00:00+05:30
flt_51eb9640,arl_666b65b1,AC-5574,apt_08ebf678,apt_05897d58,2026-09-04T07:20:00+05:30,2026-09-04T08:53:00+05:30,93,0,B737-800,"economy,business",83.05,active,2026-08-18T10:00:00+05:30
flt_f6aa08da,arl_534d3a8a,LH-6804,apt_faa26bd2,apt_9dd20d55,2026-09-11T09:40:00+05:30,2026-09-11T13:52:00+05:30,252,0,A321,"economy,business",295.841,active,2026-08-18T10:00:00+05:30
flt_6520c15d,arl_28f00e8b,EK-2583,apt_e6d0e6bf,apt_bdf57d77,2026-09-08T18:30:00+05:30,2026-09-08T19:27:00+05:30,57,0,B737-800,"economy,business",13.775,active,2026-08-18T10:00:00+05:30
flt_7575237f,arl_508d631b,UL-429,apt_c0496aae,apt_c1f65e85,2026-09-27T12:20:00+05:30,2026-09-27T14:51:00+05:30,151,0,B787-8,"economy,business",136.461,active,2026-08-18T10:00:00+05:30
flt_c0787e55,arl_7784367f,KB-1413,apt_bdf57d77,apt_ad38af67,2026-10-03T10:30:00+05:30,2026-10-03T18:15:00+05:30,465,1,ATR-72,"economy,business",447.891,active,2026-08-18T10:00:00+05:30
flt_cb439d07,arl_b97400e0,QP-3927,apt_86c2c516,apt_2d4c99ed,2026-11-29T19:10:00+05:30,2026-11-30T00:26:00+05:30,316,0,A321,economy,384.293,active,2026-08-18T10:00:00+05:30
flt_4d9f0f99,arl_666b65b1,AC-414,apt_05897d58,apt_6ddc2fb6,2026-10-21T15:20:00+05:30,2026-10-21T17:27:00+05:30,127,0,A320neo,"economy,business",93.956,active,2026-08-18T10:00:00+05:30
flt_8dd72ef2,arl_cbee96ac,GF-3537,apt_6be6a548,apt_ceec186e,2026-10-22T17:20:00+05:30,2026-10-23T00:07:00+05:30,407,0,A321,"economy,business",474.791,active,2026-08-18T10:00:00+05:30
flt_ba74817d,arl_2fae0fe3,KU-6364,apt_6ddc2fb6,apt_3810f0b5,2026-09-29T11:50:00+05:30,2026-09-29T13:29:00+05:30,99,0,ATR-72,"economy,business",71.984,active,2026-08-18T10:00:00+05:30
flt_e479a73c,arl_666b65b1,AC-6243,apt_d3a5784e,apt_eb8717c7,2026-09-03T19:00:00+05:30,2026-09-04T01:21:00+05:30,381,0,A320neo,"economy,business",439.646,active,2026-08-18T10:00:00+05:30
flt_6bb9562c,arl_75d2a12c,QF-5959,apt_bfd02a38,apt_6be6a548,2026-09-13T07:50:00+05:30,2026-09-13T08:48:00+05:30,58,0,A321,"economy,business",3.673,active,2026-08-18T10:00:00+05:30
flt_57780164,arl_75d2a12c,QF-9773,apt_bdf57d77,apt_54ebca59,2026-09-20T22:00:00+05:30,2026-09-20T22:35:00+05:30,35,0,A321,"economy,business",3.999,active,2026-08-18T10:00:00+05:30
flt_cf3c43c0,arl_7f79d7b3,AF-4811,apt_c0496aae,apt_a7ea97c3,2026-09-15T09:30:00+05:30,2026-09-15T11:31:00+05:30,121,0,B787-8,"economy,business",99.685,active,2026-08-18T10:00:00+05:30
flt_b3a21863,arl_666b65b1,AC-1989,apt_bfd02a38,apt_c0496aae,2026-11-27T13:10:00+05:30,2026-11-27T15:49:00+05:30,159,0,,"economy,business",145.902,active,2026-08-18T10:00:00+05:30
flt_21e81d75,arl_56da328b,GA-5663,apt_54ebca59,apt_e6d0e6bf,2026-09-26T10:00:00+05:30,2026-09-26T10:51:00+05:30,51,0,,"economy,business",16.948,active,2026-08-18T10:00:00+05:30
flt_017d4eb8,arl_3a276287,BA-6865,apt_c077a39a,apt_c0496aae,2026-11-08T14:10:00+05:30,2026-11-08T19:05:00+05:30,295,0,B787-8,"economy,business",342.198,active,2026-08-18T10:00:00+05:30
flt_0a543f0d,arl_7784367f,KB-4057,apt_eb8717c7,apt_33c2d61a,2026-09-29T05:10:00+05:30,2026-09-29T08:31:00+05:30,201,0,B787-8,"economy,business",229.806,active,2026-08-18T10:00:00+05:30
flt_3678b3ab,arl_a852cdd9,VJ-7357,apt_6be6a548,apt_9dd20d55,2026-11-22T19:10:00+05:30,2026-11-22T23:01:00+05:30,231,0,ATR-72,economy,254.775,active,2026-08-18T10:00:00+05:30
flt_cc2cd6b4,arl_c56d378a,TG-1369,apt_33c2d61a,apt_e6d0e6bf,2026-09-17T11:00:00+05:30,2026-09-17T19:47:00+05:30,527,0,B737-800,"economy,business",627.442,active,2026-08-18T10:00:00+05:30
flt_af99e946,arl_841c6e99,AI-4966,apt_d3a5784e,apt_54ebca59,2026-09-18T07:20:00+05:30,2026-09-18T09:15:00+05:30,115,0,A320neo,"economy,business",108.003,active,2026-08-18T10:00:00+05:30
flt_6ef9c6cd,arl_8ac08b06,CZ-8332,apt_86c2c516,apt_c0496aae,2026-09-15T18:20:00+05:30,2026-09-15T22:28:00+05:30,248,0,A320neo,"economy,business",292.709,active,2026-08-18T10:00:00+05:30
flt_303f6bf6,arl_154ebf3d,EY-1117,apt_bfd02a38,apt_d3a5784e,2026-09-04T11:00:00+05:30,2026-09-04T12:03:00+05:30,63,0,ATR-72,"economy,business",25.288,active,2026-08-18T10:00:00+05:30
flt_7cf5e03d,arl_1cfc4640,SQ-7825,apt_faa26bd2,apt_5835fac1,2026-11-13T08:30:00+05:30,2026-11-13T10:30:00+05:30,120,0,A320neo,"economy,business",123.989,active,2026-08-18T10:00:00+05:30
flt_588c9668,arl_666b65b1,AC-5161,apt_a7ea97c3,apt_ad38af67,2026-10-28T13:40:00+05:30,2026-10-28T21:39:00+05:30,479,1,A321,"economy,business",474.257,active,2026-08-18T10:00:00+05:30
flt_1dfd6d5a,arl_dbae8242,QR-7774,apt_9dd20d55,apt_3e80f233,2026-10-23T10:50:00+05:30,2026-10-23T14:40:00+05:30,230,0,A321,"economy,business",236.721,active,2026-08-18T10:00:00+05:30
flt_72474a54,arl_2981080f,6E-2984,apt_5377e1f8,apt_c0496aae,2026-10-06T20:00:00+05:30,2026-10-06T21:21:00+05:30,81,0,B737-800,economy,55.403,active,2026-08-18T10:00:00+05:30
flt_2368a7a1,arl_56da328b,GA-3670,apt_2d4c99ed,apt_54ebca59,2026-10-14T16:20:00+05:30,2026-10-14T19:10:00+05:30,170,0,A320neo,"economy,business",192.371,active,2026-08-18T10:00:00+05:30
flt_4b2a4a6b,arl_6317d870,UK-2447,apt_08ebf678,apt_496144db,2026-10-18T08:30:00+05:30,2026-10-18T11:00:00+05:30,150,0,B787-8,"economy,business",138.582,active,2026-08-18T10:00:00+05:30
flt_3c84db88,arl_8ac08b06,CZ-6919,apt_86c2c516,apt_05897d58,2026-09-01T17:30:00+05:30,2026-09-01T23:13:00+05:30,343,1,B787-8,"economy,business",310.254,active,2026-08-18T10:00:00+05:30
flt_10aa9f3e,arl_077dea23,MH-7143,apt_ad38af67,apt_08ebf678,2026-11-02T05:50:00+05:30,2026-11-02T13:24:00+05:30,454,1,A321,"economy,business",433.738,active,2026-08-18T10:00:00+05:30
flt_0d181ff8,arl_7784367f,KB-3025,apt_e6d0e6bf,apt_e6c1d884,2026-09-14T06:50:00+05:30,2026-09-14T09:06:00+05:30,136,0,ATR-72,"economy,business",103.463,active,2026-08-18T10:00:00+05:30
flt_f94ec183,arl_154ebf3d,EY-3265,apt_5835fac1,apt_c0496aae,2026-09-01T21:50:00+05:30,2026-09-01T22:48:00+05:30,58,0,A320neo,"economy,business",1.026,active,2026-08-18T10:00:00+05:30
flt_8d3d7da6,arl_2981080f,6E-7271,apt_54ebca59,apt_98416c9d,2026-11-16T10:00:00+05:30,2026-11-16T11:27:00+05:30,87,0,A320neo,economy,47.647,active,2026-08-18T10:00:00+05:30
flt_606b23af,arl_2981080f,6E-165,apt_c1f65e85,apt_a7ea97c3,2026-10-03T12:10:00+05:30,2026-10-03T14:57:00+05:30,167,0,ATR-72,economy,184.885,active,2026-08-18T10:00:00+05:30
flt_de2f0886,arl_a487a152,RA-4680,apt_3810f0b5,apt_496144db,2026-10-09T06:00:00+05:30,2026-10-09T09:09:00+05:30,189,0,A321,"economy,business",176.858,active,2026-08-18T10:00:00+05:30
flt_3fd2469b,arl_c56d378a,TG-935,apt_ad38af67,apt_3810f0b5,2026-10-30T10:50:00+05:30,2026-10-30T15:50:00+05:30,300,0,ATR-72,"economy,business",334.375,active,2026-08-18T10:00:00+05:30
flt_90f4b707,arl_2a88a2c3,UA-4108,apt_ebff6148,apt_ceec186e,2026-09-01T13:10:00+05:30,2026-09-01T16:08:00+05:30,178,0,B787-8,"economy,business",163.248,active,2026-08-18T10:00:00+05:30
flt_d90fd56d,arl_75d2a12c,QF-6679,apt_6ddc2fb6,apt_cb1113d2,2026-09-07T13:40:00+05:30,2026-09-07T20:53:00+05:30,433,0,B787-8,"economy,business",524.41,active,2026-08-18T10:00:00+05:30
flt_a8ffc187,arl_8ac08b06,CZ-1029,apt_ee6be440,apt_e6c1d884,2026-11-28T11:20:00+05:30,2026-11-28T12:47:00+05:30,87,0,,"economy,business",67.116,active,2026-08-18T10:00:00+05:30
flt_0acdb708,arl_666b65b1,AC-1599,apt_2d4c99ed,apt_9a8714fa,2026-09-23T22:40:00+05:30,2026-09-24T00:14:00+05:30,94,0,B737-800,"economy,business",84.784,active,2026-08-18T10:00:00+05:30
flt_877cf24d,arl_ef62470d,IX-8711,apt_6be6a548,apt_5835fac1,2026-10-21T06:20:00+05:30,2026-10-21T08:59:00+05:30,159,0,B787-8,economy,142.46,active,2026-08-18T10:00:00+05:30
flt_1c84c2ba,arl_692cd6f4,JL-6751,apt_a7ea97c3,apt_6ddc2fb6,2026-10-20T13:40:00+05:30,2026-10-20T15:54:00+05:30,134,0,B787-8,"economy,business",142.91,active,2026-08-18T10:00:00+05:30
flt_af73e4b7,arl_077dea23,MH-1795,apt_c077a39a,apt_eb8717c7,2026-09-06T07:40:00+05:30,2026-09-06T08:17:00+05:30,37,0,,"economy,business",1.013,active,2026-08-18T10:00:00+05:30
flt_babc4204,arl_2a88a2c3,UA-750,apt_c1f65e85,apt_9dd20d55,2026-10-21T11:00:00+05:30,2026-10-21T18:05:00+05:30,425,1,A320neo,"economy,business",387.945,active,2026-08-18T10:00:00+05:30
flt_066d824c,arl_666b65b1,AC-7199,apt_3e80f233,apt_6ddc2fb6,2026-09-05T21:40:00+05:30,2026-09-06T00:17:00+05:30,157,0,A320neo,"economy,business",144.417,active,2026-08-18T10:00:00+05:30
flt_91afc086,arl_ef62470d,IX-7377,apt_6ddc2fb6,apt_5835fac1,2026-09-18T17:00:00+05:30,2026-09-18T18:18:00+05:30,78,0,B787-8,economy,59.63,active,2026-08-18T10:00:00+05:30
flt_3cd9524f,arl_a852cdd9,VJ-3756,apt_5377e1f8,apt_9dd20d55,2026-09-11T21:40:00+05:30,2026-09-12T03:24:00+05:30,344,1,A321,economy,310.467,active,2026-08-18T10:00:00+05:30
flt_9076bb0c,arl_68688da8,NZ-2595,apt_e6d0e6bf,apt_c077a39a,2026-09-21T16:50:00+05:30,2026-09-21T23:55:00+05:30,425,1,ATR-72,"economy,business",398.825,active,2026-08-18T10:00:00+05:30
flt_4d87a1b7,arl_a852cdd9,VJ-1012,apt_e6d0e6bf,apt_05897d58,2026-11-11T07:20:00+05:30,2026-11-11T09:10:00+05:30,110,0,A320neo,economy,84.802,active,2026-08-18T10:00:00+05:30
flt_308d9080,arl_ef62470d,IX-372,apt_86c2c516,apt_6be6a548,2026-09-30T11:50:00+05:30,2026-09-30T16:55:00+05:30,305,1,ATR-72,economy,251.274,active,2026-08-18T10:00:00+05:30
flt_dd74ae41,arl_cbee96ac,GF-4531,apt_ad38af67,apt_bfd02a38,2026-09-27T05:20:00+05:30,2026-09-27T13:07:00+05:30,467,1,ATR-72,"economy,business",478.231,active,2026-08-18T10:00:00+05:30
flt_35d4ed46,arl_a852cdd9,VJ-5953,apt_9a8714fa,apt_c0496aae,2026-09-20T14:40:00+05:30,2026-09-20T16:13:00+05:30,93,0,A321,economy,59.079,active,2026-08-18T10:00:00+05:30
flt_d667759f,arl_508d631b,UL-1905,apt_33c2d61a,apt_ee6be440,2026-11-16T15:40:00+05:30,2026-11-17T00:37:00+05:30,537,1,A320neo,"economy,business",552.02,active,2026-08-18T10:00:00+05:30
flt_853b96d7,arl_4939343e,SG-8237,apt_d3a5784e,apt_bdf57d77,2026-10-24T14:50:00+05:30,2026-10-24T16:36:00+05:30,106,0,A321,economy,105.995,active,2026-08-18T10:00:00+05:30
flt_4eca5cb8,arl_8ac08b06,CZ-7625,apt_c077a39a,apt_faa26bd2,2026-10-15T06:00:00+05:30,2026-10-15T11:27:00+05:30,327,0,B787-8,"economy,business",395.314,active,2026-08-18T10:00:00+05:30
flt_8c871d5b,arl_b97400e0,QP-9565,apt_496144db,apt_ebff6148,2026-09-12T22:30:00+05:30,2026-09-13T04:19:00+05:30,349,1,A321,economy,286.492,active,2026-08-18T10:00:00+05:30
flt_6de1ebd9,arl_cbee96ac,GF-2754,apt_9dd20d55,apt_bfd02a38,2026-10-31T13:40:00+05:30,2026-10-31T17:32:00+05:30,232,0,A320neo,"economy,business",252.505,active,2026-08-18T10:00:00+05:30
flt_635b53c3,arl_692cd6f4,JL-265,apt_9dd20d55,apt_08ebf678,2026-10-30T09:50:00+05:30,2026-10-30T14:48:00+05:30,298,1,ATR-72,"economy,business",238.436,active,2026-08-18T10:00:00+05:30
flt_16494d0d,arl_403656a7,LX-5676,apt_c1f65e85,apt_3810f0b5,2026-09-22T10:30:00+05:30,2026-09-22T12:58:00+05:30,148,0,A321,"economy,business",158.068,active,2026-08-18T10:00:00+05:30
flt_c6f3e563,arl_666b65b1,AC-9103,apt_ceec186e,apt_e6d0e6bf,2026-10-29T17:50:00+05:30,2026-10-30T00:01:00+05:30,371,0,B787-8,"economy,business",433.912,active,2026-08-18T10:00:00+05:30
flt_709825a8,arl_1cfc4640,SQ-9584,apt_e6c1d884,apt_86c2c516,2026-10-28T16:50:00+05:30,2026-10-28T23:15:00+05:30,385,1,A320neo,"economy,business",335.946,active,2026-08-18T10:00:00+05:30
flt_44d54c38,arl_c56d378a,TG-4055,apt_86c2c516,apt_496144db,2026-10-21T22:10:00+05:30,2026-10-22T02:49:00+05:30,279,0,A321,"economy,business",294.885,active,2026-08-18T10:00:00+05:30
flt_0284f088,arl_2a88a2c3,UA-655,apt_a7ea97c3,apt_cb1113d2,2026-09-21T09:40:00+05:30,2026-09-21T18:50:00+05:30,550,0,A321,"economy,business",665.928,active,2026-08-18T10:00:00+05:30
flt_a5039f9a,arl_7784367f,KB-2949,apt_faa26bd2,apt_c0496aae,2026-11-01T19:00:00+05:30,2026-11-01T21:12:00+05:30,132,0,A321,"economy,business",124.139,active,2026-08-18T10:00:00+05:30
flt_06df2ad4,arl_cbee96ac,GF-555,apt_757e32fe,apt_d3a5784e,2026-11-05T09:30:00+05:30,2026-11-05T15:41:00+05:30,371,1,A321,"economy,business",340.161,active,2026-08-18T10:00:00+05:30
flt_97de8cfc,arl_7784367f,KB-9460,apt_d3a5784e,apt_757e32fe,2026-10-17T18:00:00+05:30,2026-10-17T22:45:00+05:30,285,0,B787-8,"economy,business",340.161,active,2026-08-18T10:00:00+05:30
flt_1b8ed823,arl_a852cdd9,VJ-3509,apt_6ddc2fb6,apt_5377e1f8,2026-11-13T13:50:00+05:30,2026-11-13T15:50:00+05:30,120,0,B737-800,economy,93.533,active,2026-08-18T10:00:00+05:30
flt_48e3c89b,arl_cbee96ac,GF-8051,apt_6be6a548,apt_d3a5784e,2026-10-15T22:00:00+05:30,2026-10-15T23:11:00+05:30,71,0,A320neo,"economy,business",24.614,active,2026-08-18T10:00:00+05:30
flt_c72ff8ee,arl_ef62470d,IX-1564,apt_ceec186e,apt_6ddc2fb6,2026-11-14T13:40:00+05:30,2026-11-14T18:16:00+05:30,276,0,A320neo,economy,332.538,active,2026-08-18T10:00:00+05:30
flt_3c2ce64d,arl_56da328b,GA-8469,apt_ebff6148,apt_bfd02a38,2026-11-21T11:50:00+05:30,2026-11-21T18:10:00+05:30,380,1,A321,"economy,business",337.918,active,2026-08-18T10:00:00+05:30
flt_5a867305,arl_dbae8242,QR-8737,apt_3e80f233,apt_30500fc8,2026-09-03T13:00:00+05:30,2026-09-03T16:32:00+05:30,212,0,A320neo,"economy,business",216.009,active,2026-08-18T10:00:00+05:30
flt_ca2c5f61,arl_8ac08b06,CZ-4481,apt_08ebf678,apt_496144db,2026-10-04T08:20:00+05:30,2026-10-04T11:02:00+05:30,162,0,B787-8,"economy,business",138.582,active,2026-08-18T10:00:00+05:30
flt_dd56ae47,arl_75d2a12c,QF-6543,apt_3e80f233,apt_9dd20d55,2026-09-16T20:20:00+05:30,2026-09-16T23:57:00+05:30,217,0,B737-800,"economy,business",236.721,active,2026-08-18T10:00:00+05:30
flt_2cdccf4c,arl_cbee96ac,GF-5742,apt_bdf57d77,apt_e6c1d884,2026-11-25T07:10:00+05:30,2026-11-25T09:13:00+05:30,123,0,A321,"economy,business",117.056,active,2026-08-18T10:00:00+05:30
flt_42f915a6,arl_666b65b1,AC-7685,apt_ebff6148,apt_6be6a548,2026-09-17T11:30:00+05:30,2026-09-17T16:18:00+05:30,288,0,B737-800,"economy,business",334.414,active,2026-08-18T10:00:00+05:30
flt_e3162783,arl_841c6e99,AI-7139,apt_9a8714fa,apt_eb8717c7,2026-09-22T10:50:00+05:30,2026-09-22T15:03:00+05:30,253,0,A321,"economy,business",297.703,active,2026-08-18T10:00:00+05:30
flt_3d258e0e,arl_56da328b,GA-643,apt_2d4c99ed,apt_ad38af67,2026-09-19T11:10:00+05:30,2026-09-19T17:17:00+05:30,367,1,A321,"economy,business",333.475,active,2026-08-18T10:00:00+05:30
flt_f6ede690,arl_a852cdd9,VJ-3511,apt_6ddc2fb6,apt_9a8714fa,2026-09-24T18:30:00+05:30,2026-09-24T19:27:00+05:30,57,0,B787-8,economy,0.84,active,2026-08-18T10:00:00+05:30
flt_b026b9a3,arl_2981080f,6E-3999,apt_3e80f233,apt_cb1113d2,2026-10-20T21:30:00+05:30,2026-10-21T06:23:00+05:30,533,0,B737-800,economy,664.378,active,2026-08-18T10:00:00+05:30
flt_9eafbdcc,arl_ef62470d,IX-7678,apt_ebff6148,apt_eb8717c7,2026-09-25T14:00:00+05:30,2026-09-25T16:30:00+05:30,150,0,B737-800,economy,134.943,active,2026-08-18T10:00:00+05:30
flt_f4c38b53,arl_508d631b,UL-5630,apt_cb1113d2,apt_2d4c99ed,2026-09-09T12:10:00+05:30,2026-09-09T19:38:00+05:30,448,0,B737-800,"economy,business",520.879,active,2026-08-18T10:00:00+05:30
flt_a150ab75,arl_56da328b,GA-5905,apt_54ebca59,apt_ceec186e,2026-11-02T20:50:00+05:30,2026-11-03T04:44:00+05:30,474,1,B737-800,"economy,business",450.794,active,2026-08-18T10:00:00+05:30
flt_904b5dcb,arl_56da328b,GA-3706,apt_6ddc2fb6,apt_a7ea97c3,2026-10-31T21:00:00+05:30,2026-10-31T23:20:00+05:30,140,0,A320neo,"economy,business",142.91,active,2026-08-18T10:00:00+05:30
flt_776361df,arl_a852cdd9,VJ-8005,apt_ad38af67,apt_6ddc2fb6,2026-11-29T09:40:00+05:30,2026-11-29T15:31:00+05:30,351,1,A320neo,economy,332.555,active,2026-08-18T10:00:00+05:30
flt_dfda20f7,arl_a487a152,RA-6596,apt_bdf57d77,apt_5835fac1,2026-09-16T22:10:00+05:30,2026-09-16T23:31:00+05:30,81,0,A320neo,"economy,business",70.248,active,2026-08-18T10:00:00+05:30
flt_0329406f,arl_ef62470d,IX-3803,apt_86c2c516,apt_ceec186e,2026-10-20T19:00:00+05:30,2026-10-21T05:18:00+05:30,618,1,B787-8,economy,669.207,active,2026-08-18T10:00:00+05:30
flt_6c6356a5,arl_6317d870,UK-230,apt_c1f65e85,apt_ceec186e,2026-11-05T09:10:00+05:30,2026-11-05T15:25:00+05:30,375,1,B787-8,"economy,business",334.393,active,2026-08-18T10:00:00+05:30
flt_43c75c58,arl_c56d378a,TG-3798,apt_ceec186e,apt_05897d58,2026-11-11T13:50:00+05:30,2026-11-11T18:51:00+05:30,301,0,ATR-72,"economy,business",362.64,active,2026-08-18T10:00:00+05:30
flt_354e348f,arl_4939343e,SG-5644,apt_33c2d61a,apt_05897d58,2026-10-29T12:20:00+05:30,2026-10-29T21:18:00+05:30,538,1,ATR-72,economy,553.183,active,2026-08-18T10:00:00+05:30
flt_ab08005a,arl_a0bf222e,KE-9936,apt_05897d58,apt_757e32fe,2026-10-03T07:50:00+05:30,2026-10-03T13:07:00+05:30,317,1,ATR-72,"economy,business",284.668,active,2026-08-18T10:00:00+05:30
flt_fa4648a6,arl_1cfc4640,SQ-3997,apt_86c2c516,apt_2d4c99ed,2026-09-28T21:20:00+05:30,2026-09-29T02:44:00+05:30,324,0,A320neo,"economy,business",384.293,active,2026-08-18T10:00:00+05:30
flt_35a57995,arl_75d2a12c,QF-4819,apt_5377e1f8,apt_bfd02a38,2026-11-24T14:00:00+05:30,2026-11-24T16:56:00+05:30,176,0,A320neo,"economy,business",198.907,active,2026-08-18T10:00:00+05:30
flt_41ee22c8,arl_534d3a8a,LH-5698,apt_9a8714fa,apt_6ddc2fb6,2026-10-19T10:00:00+05:30,2026-10-19T10:49:00+05:30,49,0,B737-800,"economy,business",0.84,active,2026-08-18T10:00:00+05:30
flt_4ae65b77,arl_8ac08b06,CZ-6825,apt_757e32fe,apt_3810f0b5,2026-11-24T11:30:00+05:30,2026-11-24T15:07:00+05:30,217,0,A320neo,"economy,business",252.654,active,2026-08-18T10:00:00+05:30
flt_641eda70,arl_2fae0fe3,KU-4687,apt_c0496aae,apt_86c2c516,2026-10-07T09:10:00+05:30,2026-10-07T15:01:00+05:30,351,1,A321,"economy,business",292.709,active,2026-08-18T10:00:00+05:30
flt_6c4c5c6b,arl_692cd6f4,JL-3618,apt_9a8714fa,apt_33c2d61a,2026-09-23T05:50:00+05:30,2026-09-23T13:13:00+05:30,443,0,B787-8,"economy,business",527.506,active,2026-08-18T10:00:00+05:30
flt_b36851f6,arl_841c6e99,AI-764,apt_ad38af67,apt_e6d0e6bf,2026-11-06T22:50:00+05:30,2026-11-07T04:49:00+05:30,359,0,A321,"economy,business",434.153,active,2026-08-18T10:00:00+05:30
flt_8cae0c6b,arl_cbee96ac,GF-2426,apt_c077a39a,apt_2d4c99ed,2026-09-29T17:30:00+05:30,2026-09-29T23:06:00+05:30,336,1,B787-8,"economy,business",299.644,active,2026-08-18T10:00:00+05:30
flt_7419c731,arl_154ebf3d,EY-8224,apt_3810f0b5,apt_05897d58,2026-10-28T08:00:00+05:30,2026-10-28T08:52:00+05:30,52,0,B787-8,"economy,business",32.022,active,2026-08-18T10:00:00+05:30
flt_011167fe,arl_28f00e8b,EK-9618,apt_c077a39a,apt_bfd02a38,2026-09-13T18:30:00+05:30,2026-09-14T01:02:00+05:30,392,0,B737-800,"economy,business",443.309,active,2026-08-18T10:00:00+05:30
flt_f535fb3a,arl_a0bf222e,KE-7348,apt_d3a5784e,apt_05897d58,2026-10-31T20:00:00+05:30,2026-10-31T23:08:00+05:30,188,0,A320neo,"economy,business",180.707,active,2026-08-18T10:00:00+05:30
flt_4fa2d70e,arl_68688da8,NZ-6713,apt_e6c1d884,apt_c0496aae,2026-11-22T12:40:00+05:30,2026-11-22T14:06:00+05:30,86,0,B737-800,"economy,business",57.362,active,2026-08-18T10:00:00+05:30
flt_52f4bc9d,arl_6317d870,UK-5627,apt_5377e1f8,apt_98416c9d,2026-11-18T22:20:00+05:30,2026-11-19T00:42:00+05:30,142,0,A321,"economy,business",137.742,active,2026-08-18T10:00:00+05:30
flt_e3a0547c,arl_154ebf3d,EY-1618,apt_faa26bd2,apt_5377e1f8,2026-09-15T08:20:00+05:30,2026-09-15T11:23:00+05:30,183,0,ATR-72,"economy,business",179.541,active,2026-08-18T10:00:00+05:30
flt_f4108395,arl_28f00e8b,EK-8078,apt_d3a5784e,apt_5377e1f8,2026-09-07T06:20:00+05:30,2026-09-07T09:15:00+05:30,175,0,A321,"economy,business",178.597,active,2026-08-18T10:00:00+05:30
flt_484dc1db,arl_4939343e,SG-9476,apt_496144db,apt_86c2c516,2026-09-13T15:30:00+05:30,2026-09-13T21:20:00+05:30,350,1,ATR-72,economy,294.885,active,2026-08-18T10:00:00+05:30
flt_2d88e5e6,arl_6317d870,UK-7553,apt_2d4c99ed,apt_c0496aae,2026-11-24T06:00:00+05:30,2026-11-24T08:16:00+05:30,136,0,A320neo,"economy,business",135.436,active,2026-08-18T10:00:00+05:30
flt_80f12c0b,arl_c56d378a,TG-3492,apt_e6c1d884,apt_a7ea97c3,2026-10-11T17:50:00+05:30,2026-10-11T20:42:00+05:30,172,0,B787-8,"economy,business",154.145,active,2026-08-18T10:00:00+05:30
flt_1a77b16c,arl_b97400e0,QP-5889,apt_ee6be440,apt_86c2c516,2026-11-26T21:30:00+05:30,2026-11-27T02:23:00+05:30,293,0,B737-800,economy,320.687,active,2026-08-18T10:00:00+05:30
flt_3a1df8d6,arl_3a276287,BA-854,apt_5835fac1,apt_ceec186e,2026-10-09T15:10:00+05:30,2026-10-09T21:42:00+05:30,392,1,B737-800,"economy,business",378.47,active,2026-08-18T10:00:00+05:30
flt_f18906c5,arl_154ebf3d,EY-7755,apt_bdf57d77,apt_c077a39a,2026-10-03T08:00:00+05:30,2026-10-03T13:56:00+05:30,356,0,B787-8,"economy,business",412.553,active,2026-08-18T10:00:00+05:30
flt_afc25e6b,arl_154ebf3d,EY-8434,apt_ee6be440,apt_86c2c516,2026-10-28T12:30:00+05:30,2026-10-28T17:31:00+05:30,301,0,A321,"economy,business",320.687,active,2026-08-18T10:00:00+05:30
flt_53e6cfdc,arl_68688da8,NZ-1434,apt_98416c9d,apt_08ebf678,2026-11-18T18:00:00+05:30,2026-11-18T19:23:00+05:30,83,0,A321,"economy,business",58.859,active,2026-08-18T10:00:00+05:30
flt_ce8f68e4,arl_b97400e0,QP-7384,apt_c077a39a,apt_05897d58,2026-10-04T12:50:00+05:30,2026-10-04T17:49:00+05:30,299,0,A321,economy,328.567,active,2026-08-18T10:00:00+05:30
flt_799b7c9c,arl_ef62470d,IX-9922,apt_eb8717c7,apt_496144db,2026-10-02T12:40:00+05:30,2026-10-02T19:31:00+05:30,411,1,B787-8,economy,394.726,active,2026-08-18T10:00:00+05:30
flt_4d0d3781,arl_6317d870,UK-6895,apt_08ebf678,apt_86c2c516,2026-10-20T12:40:00+05:30,2026-10-20T17:39:00+05:30,299,1,A321,"economy,business",235.774,active,2026-08-18T10:00:00+05:30
flt_aa092e77,arl_2981080f,6E-8871,apt_eb8717c7,apt_2d4c99ed,2026-09-24T16:10:00+05:30,2026-09-24T20:23:00+05:30,253,0,A320neo,economy,299.793,active,2026-08-18T10:00:00+05:30
flt_3fe68bd6,arl_666b65b1,AC-8218,apt_757e32fe,apt_c1f65e85,2026-10-03T13:30:00+05:30,2026-10-03T16:17:00+05:30,167,0,,"economy,business",187.233,active,2026-08-18T10:00:00+05:30
flt_fa047adc,arl_68688da8,NZ-9329,apt_05897d58,apt_ee6be440,2026-11-24T08:40:00+05:30,2026-11-24T10:11:00+05:30,91,0,ATR-72,"economy,business",45.386,active,2026-08-18T10:00:00+05:30
flt_930f302b,arl_1cfc4640,SQ-2930,apt_a7ea97c3,apt_eb8717c7,2026-11-16T16:10:00+05:30,2026-11-16T22:11:00+05:30,361,0,,"economy,business",439.176,active,2026-08-18T10:00:00+05:30
flt_853ddc9e,arl_6317d870,UK-6283,apt_5835fac1,apt_ebff6148,2026-11-27T19:00:00+05:30,2026-11-27T23:14:00+05:30,254,0,A321,"economy,business",274.641,active,2026-08-18T10:00:00+05:30
flt_8df22634,arl_28f00e8b,EK-4147,apt_a7ea97c3,apt_bfd02a38,2026-09-17T08:20:00+05:30,2026-09-17T10:25:00+05:30,125,0,ATR-72,"economy,business",89.714,active,2026-08-18T10:00:00+05:30
flt_2ce734a6,arl_403656a7,LX-4100,apt_3e80f233,apt_c077a39a,2026-10-25T07:30:00+05:30,2026-10-25T15:01:00+05:30,451,1,B787-8,"economy,business",437.774,active,2026-08-18T10:00:00+05:30
flt_d073d932,arl_841c6e99,AI-542,apt_ee6be440,apt_5835fac1,2026-09-22T13:20:00+05:30,2026-09-22T15:18:00+05:30,118,0,ATR-72,"economy,business",101.887,active,2026-08-18T10:00:00+05:30
flt_cd99adb2,arl_a0bf222e,KE-852,apt_eb8717c7,apt_33c2d61a,2026-10-21T05:10:00+05:30,2026-10-21T08:33:00+05:30,203,0,ATR-72,"economy,business",229.806,active,2026-08-18T10:00:00+05:30
flt_0613c780,arl_2981080f,6E-1917,apt_ebff6148,apt_757e32fe,2026-10-11T22:30:00+05:30,2026-10-11T23:23:00+05:30,53,0,ATR-72,economy,1.747,active,2026-08-18T10:00:00+05:30
flt_6c05ea8c,arl_2fae0fe3,KU-5099,apt_d3a5784e,apt_496144db,2026-11-21T22:10:00+05:30,2026-11-21T23:35:00+05:30,85,0,B737-800,"economy,business",60.392,active,2026-08-18T10:00:00+05:30
flt_6f9370a8,arl_1cfc4640,SQ-3647,apt_c1f65e85,apt_c077a39a,2026-11-14T07:40:00+05:30,2026-11-14T11:59:00+05:30,259,0,B787-8,"economy,business",300.204,active,2026-08-18T10:00:00+05:30
flt_9827d093,arl_68688da8,NZ-9930,apt_ad38af67,apt_cb1113d2,2026-09-03T17:40:00+05:30,2026-09-03T20:48:00+05:30,188,0,B737-800,"economy,business",191.855,active,2026-08-18T10:00:00+05:30
flt_d4f3803f,arl_1cfc4640,SQ-3803,apt_ebff6148,apt_bdf57d77,2026-10-02T21:50:00+05:30,2026-10-03T04:11:00+05:30,381,1,,"economy,business",343.548,active,2026-08-18T10:00:00+05:30
flt_7d6b2a10,arl_534d3a8a,LH-1133,apt_e6c1d884,apt_ebff6148,2026-10-05T18:10:00+05:30,2026-10-05T22:16:00+05:30,246,0,A321,"economy,business",251.437,active,2026-08-18T10:00:00+05:30
