room_type_id,hotel_id,name,max_occupancy,max_adults,max_children,bed_config,size_sqm,base_rate,currency,total_units,smoking_allowed,status,updated_at
rmt_d3c6ad86,htl_06d140bd,Heritage Room,2,2,0,twin,34,7199.14,INR,10,0,active,2026-08-18T10:00:00+05:30
rmt_79ee35e1,htl_06d140bd,Deluxe Garden View,3,3,1,twin,47,8998.93,INR,6,0,active,2026-08-18T10:00:00+05:30
rmt_654f0c33,htl_06d140bd,Twin Economy,2,2,0,bunk,47,11518.63,INR,24,0,active,2026-08-18T10:00:00+05:30
rmt_dc3186dc,htl_06d140bd,Executive,2,2,0,twin_double,56,15838.11,INR,18,0,active,2026-08-18T10:00:00+05:30
rmt_6499086b,htl_d8608c0c,Standard,2,2,0,king,36,1775.54,INR,4,0,active,2026-08-18T10:00:00+05:30
rmt_b7b6d115,htl_d8608c0c,Deluxe,2,2,0,king,51,2219.43,INR,25,0,active,2026-08-18T10:00:00+05:30
rmt_02c452c7,htl_d8608c0c,Deluxe Garden View,3,3,1,queen,57,2840.87,INR,11,0,active,2026-08-18T10:00:00+05:30
rmt_4f3886f8,htl_d8608c0c,Heritage Room,2,2,0,twin,33,3906.20,INR,22,0,active,2026-08-18T10:00:00+05:30
rmt_4d69cd72,htl_51d644a1,Heritage Room,2,2,0,double,34,2869.69,INR,7,0,active,2026-08-18T10:00:00+05:30
rmt_18090453,htl_51d644a1,Deluxe Garden View,3,3,1,queen,28,3587.11,INR,8,0,active,2026-08-18T10:00:00+05:30
rmt_062dea81,htl_51d644a1,Twin Economy,2,2,0,double,43,4591.50,INR,23,0,active,2026-08-18T10:00:00+05:30
rmt_a1a42253,htl_51d644a1,Standard,2,2,0,king,,6313.32,INR,4,0,active,2026-08-18T10:00:00+05:30
rmt_b2228b31,htl_34e56f8c,Standard,2,2,0,twin_double,44,3544.01,INR,2,0,active,2026-08-18T10:00:00+05:30
rmt_f01a2942,htl_34e56f8c,Family Room,4,3,2,single,22,4430.01,INR,4,0,active,2026-08-18T10:00:00+05:30
rmt_8ca5526e,htl_34e56f8c,Twin Economy,2,2,0,twin_double,58,5670.41,INR,23,0,active,2026-08-18T10:00:00+05:30
rmt_6b804d20,htl_34e56f8c,Deluxe Garden View,3,3,1,twin,52,7796.82,INR,15,1,active,2026-08-18T10:00:00+05:30
rmt_0b9115b1,htl_a4a12699,Heritage Room,2,2,0,bunk,30,6755.13,INR,4,0,active,2026-08-18T10:00:00+05:30
rmt_16e525d2,htl_a4a12699,Family Room,4,3,2,queen,37,8443.91,INR,17,0,active,2026-08-18T10:00:00+05:30
rmt_4da4065d,htl_a4a12699,Deluxe Garden View,3,3,1,twin,21,10808.21,INR,12,0,active,2026-08-18T10:00:00+05:30
rmt_1e984702,htl_a4a12699,Executive,2,2,0,king,41,14861.29,INR,13,0,active,2026-08-18T10:00:00+05:30
rmt_55863f33,htl_aacfaa8f,Executive,2,2,0,twin,35,1691.22,INR,3,0,active,2026-08-18T10:00:00+05:30
rmt_693809d0,htl_aacfaa8f,Premier Suite,4,3,2,bunk,,2114.03,INR,2,0,active,2026-08-18T10:00:00+05:30
rmt_69fb5df6,htl_aacfaa8f,Family Room,4,3,2,king,51,2705.96,INR,21,0,active,2026-08-18T10:00:00+05:30
rmt_169b1014,htl_aacfaa8f,Standard,2,2,0,twin,23,3720.69,INR,19,0,active,2026-08-18T10:00:00+05:30
rmt_093f1827,htl_82a0debc,Deluxe Garden View,3,3,1,bunk,37,5917.40,INR,12,0,active,2026-08-18T10:00:00+05:30
rmt_95c0de07,htl_82a0debc,Heritage Room,2,2,0,queen,,7396.75,INR,25,0,active,2026-08-18T10:00:00+05:30
rmt_466c1e57,htl_82a0debc,Premier Suite,4,3,2,king,43,9467.84,INR,19,0,active,2026-08-18T10:00:00+05:30
rmt_498722f7,htl_82a0debc,Deluxe,2,2,0,king,25,13018.28,INR,17,0,active,2026-08-18T10:00:00+05:30
rmt_d7fc6eac,htl_e64a06ef,Premier Suite,4,3,2,double,32,2231.61,INR,15,0,active,2026-08-18T10:00:00+05:30
rmt_ce7264de,htl_e64a06ef,Executive,2,2,0,king,47,2789.51,INR,2,0,active,2026-08-18T10:00:00+05:30
rmt_4d20e260,htl_e64a06ef,Twin Economy,2,2,0,twin_double,24,3570.57,INR,25,0,active,2026-08-18T10:00:00+05:30
rmt_039a87b5,htl_e64a06ef,Deluxe,2,2,0,king,35,4909.54,INR,17,0,active,2026-08-18T10:00:00+05:30
rmt_cbb0df6c,htl_f4edf35d,Heritage Room,2,2,0,bunk,49,3431.45,INR,16,0,active,2026-08-18T10:00:00+05:30
rmt_8a3c3697,htl_f4edf35d,Twin Economy,2,2,0,single,36,4289.31,INR,15,0,active,2026-08-18T10:00:00+05:30
rmt_8203d582,htl_f4edf35d,Family Room,4,3,2,king,27,5490.31,INR,20,0,active,2026-08-18T10:00:00+05:30
rmt_ebdd19b2,htl_f4edf35d,Standard,2,2,0,twin_double,51,7549.18,INR,13,1,active,2026-08-18T10:00:00+05:30
rmt_36ac3085,htl_6c7be3f3,Executive,2,2,0,bunk,52,4978.34,INR,18,0,active,2026-08-18T10:00:00+05:30
rmt_eaf663ad,htl_6c7be3f3,Family Room,4,3,2,twin_double,32,6222.92,INR,23,1,active,2026-08-18T10:00:00+05:30
rmt_c74c450f,htl_6c7be3f3,Deluxe,2,2,0,double,26,7965.34,INR,19,0,active,2026-08-18T10:00:00+05:30
rmt_d74c67e8,htl_6c7be3f3,Heritage Room,2,2,0,twin_double,37,10952.34,INR,4,0,active,2026-08-18T10:00:00+05:30
rmt_35141503,htl_9191e906,Premier Suite,4,3,2,bunk,21,10503.44,INR,15,0,active,2026-08-18T10:00:00+05:30
rmt_18d4ad52,htl_9191e906,Family Room,4,3,2,twin,55,13129.30,INR,7,0,active,2026-08-18T10:00:00+05:30
rmt_f3f78d57,htl_9191e906,Executive,2,2,0,double,26,16805.51,INR,21,0,active,2026-08-18T10:00:00+05:30
rmt_67dcd384,htl_9191e906,Deluxe Garden View,3,3,1,bunk,32,23107.57,INR,11,0,active,2026-08-18T10:00:00+05:30
rmt_56ab8a0a,htl_16ca75ac,Premier Suite,4,3,2,twin,17,1620.78,INR,19,0,active,2026-08-18T10:00:00+05:30
rmt_87180367,htl_16ca75ac,Executive,2,2,0,twin_double,,2025.97,INR,9,0,active,2026-08-18T10:00:00+05:30
rmt_68485f3b,htl_16ca75ac,Family Room,4,3,2,twin_double,53,2593.25,INR,14,0,active,2026-08-18T10:00:00+05:30
rmt_47767cdd,htl_16ca75ac,Standard,2,2,0,twin,36,3565.71,INR,18,0,active,2026-08-18T10:00:00+05:30
rmt_eb1e0a09,htl_fe66f74b,Family Room,4,3,2,double,23,3986.40,INR,7,0,active,2026-08-18T10:00:00+05:30
rmt_ce8c8b08,htl_fe66f74b,Deluxe,2,2,0,twin,31,4982.99,INR,12,0,active,2026-08-18T10:00:00+05:30
rmt_4d079c91,htl_fe66f74b,Heritage Room,2,2,0,twin_double,44,6378.23,INR,24,0,active,2026-08-18T10:00:00+05:30
rmt_74cb0474,htl_fe66f74b,Deluxe Garden View,3,3,1,twin,23,8770.07,INR,15,0,active,2026-08-18T10:00:00+05:30
rmt_bbe2ad27,htl_d149da7c,Premier Suite,4,3,2,single,28,2955.59,INR,17,0,active,2026-08-18T10:00:00+05:30
rmt_65be3cc2,htl_d149da7c,Deluxe Garden View,3,3,1,double,16,3694.48,INR,22,0,active,2026-08-18T10:00:00+05:30
rmt_32063ec7,htl_d149da7c,Heritage Room,2,2,0,queen,34,4728.94,INR,17,0,active,2026-08-18T10:00:00+05:30
rmt_67acf930,htl_d149da7c,Standard,2,2,0,double,,6502.29,INR,19,0,active,2026-08-18T10:00:00+05:30
rmt_e995c07b,htl_8ceae759,Executive,2,2,0,single,57,3448.86,INR,12,0,active,2026-08-18T10:00:00+05:30
rmt_fb35debd,htl_8ceae759,Family Room,4,3,2,queen,50,4311.07,INR,10,0,active,2026-08-18T10:00:00+05:30
rmt_81879895,htl_8ceae759,Standard,2,2,0,king,16,5518.17,INR,18,0,active,2026-08-18T10:00:00+05:30
rmt_a50b1a34,htl_8ceae759,Premier Suite,4,3,2,king,34,7587.49,INR,15,0,active,2026-08-18T10:00:00+05:30
rmt_1664a3ef,htl_97daa761,Heritage Room,2,2,0,king,34,3789.21,INR,4,0,active,2026-08-18T10:00:00+05:30
rmt_9a44634e,htl_97daa761,Premier Suite,4,3,2,king,48,4736.51,INR,4,0,active,2026-08-18T10:00:00+05:30
rmt_4b888cdb,htl_97daa761,Executive,2,2,0,twin,23,6062.73,INR,3,0,active,2026-08-18T10:00:00+05:30
rmt_4806123d,htl_97daa761,Family Room,4,3,2,twin,55,8336.25,INR,23,0,active,2026-08-18T10:00:00+05:30
rmt_a499242d,htl_ca3e3a74,Executive,2,2,0,king,52,6468.95,INR,4,0,active,2026-08-18T10:00:00+05:30
rmt_df2d2be7,htl_ca3e3a74,Premier Suite,4,3,2,twin_double,35,8086.18,INR,3,0,active,2026-08-18T10:00:00+05:30
rmt_0fc40170,htl_ca3e3a74,Deluxe,2,2,0,single,25,10350.31,INR,3,0,active,2026-08-18T10:00:00+05:30
rmt_ea1bc834,htl_ca3e3a74,Twin Economy,2,2,0,bunk,60,14231.68,INR,19,1,active,2026-08-18T10:00:00+05:30
rmt_f8b487b4,htl_b4eb0f44,Premier Suite,4,3,2,single,60,3255.52,INR,19,0,active,2026-08-18T10:00:00+05:30
rmt_6cc18233,htl_b4eb0f44,Deluxe Garden View,3,3,1,king,41,4069.40,INR,6,0,active,2026-08-18T10:00:00+05:30
rmt_79b9dffc,htl_b4eb0f44,Twin Economy,2,2,0,double,32,5208.83,INR,15,0,active,2026-08-18T10:00:00+05:30
rmt_f6cc532b,htl_b4eb0f44,Deluxe,2,2,0,bunk,47,7162.14,INR,20,0,active,2026-08-18T10:00:00+05:30
rmt_fdc08ffa,htl_832544af,Premier Suite,4,3,2,twin,,5743.91,INR,2,0,active,2026-08-18T10:00:00+05:30
rmt_ba37d6d6,htl_832544af,Heritage Room,2,2,0,bunk,55,7179.89,INR,13,0,active,2026-08-18T10:00:00+05:30
rmt_abf76879,htl_832544af,Standard,2,2,0,single,52,9190.26,INR,20,0,active,2026-08-18T10:00:00+05:30
rmt_f62c2e52,htl_832544af,Deluxe,2,2,0,twin,38,12636.61,INR,21,0,active,2026-08-18T10:00:00+05:30
rmt_8e329c08,htl_68af15a1,Executive,2,2,0,twin_double,26,1676.38,INR,7,1,active,2026-08-18T10:00:00+05:30
rmt_0d437b01,htl_68af15a1,Heritage Room,2,2,0,queen,19,2095.47,INR,3,0,active,2026-08-18T10:00:00+05:30
rmt_d98cf881,htl_68af15a1,Deluxe Garden View,3,3,1,twin,32,2682.20,INR,8,0,active,2026-08-18T10:00:00+05:30
rmt_28b68b92,htl_68af15a1,Deluxe,2,2,0,double,22,3688.03,INR,24,0,active,2026-08-18T10:00:00+05:30
rmt_26f79673,htl_f89975f1,Premier Suite,4,3,2,bunk,40,7734.15,INR,21,0,active,2026-08-18T10:00:00+05:30
rmt_88ce3091,htl_f89975f1,Deluxe,2,2,0,queen,26,9667.69,INR,21,0,active,2026-08-18T10:00:00+05:30
rmt_f11f8933,htl_f89975f1,Deluxe Garden View,3,3,1,single,26,12374.65,INR,13,0,active,2026-08-18T10:00:00+05:30
rmt_7da49a3b,htl_f89975f1,Standard,2,2,0,double,44,17015.14,INR,11,0,active,2026-08-18T10:00:00+05:30
rmt_55c522a8,htl_3f98054b,Heritage Room,2,2,0,twin,57,3980.64,INR,4,0,active,2026-08-18T10:00:00+05:30
rmt_b3a2ad07,htl_3f98054b,Deluxe,2,2,0,single,60,4975.80,INR,11,0,active,2026-08-18T10:00:00+05:30
rmt_5ad272e6,htl_3f98054b,Premier Suite,4,3,2,king,57,6369.03,INR,12,0,active,2026-08-18T10:00:00+05:30
rmt_97174185,htl_3f98054b,Deluxe Garden View,3,3,1,king,33,8757.41,INR,3,0,active,2026-08-18T10:00:00+05:30
rmt_c7feb9b7,htl_437c0b59,Heritage Room,2,2,0,queen,35,14599.95,INR,25,0,active,2026-08-18T10:00:00+05:30
rmt_80d53c61,htl_437c0b59,Premier Suite,4,3,2,bunk,27,18249.94,INR,3,0,active,2026-08-18T10:00:00+05:30
rmt_031c6f90,htl_437c0b59,Family Room,4,3,2,double,18,23359.92,INR,4,0,active,2026-08-18T10:00:00+05:30
rmt_a9cac23c,htl_437c0b59,Twin Economy,2,2,0,queen,47,32119.89,INR,6,0,active,2026-08-18T10:00:00+05:30
rmt_38d11d09,htl_abcdbceb,Deluxe,2,2,0,single,23,5033.39,INR,4,0,active,2026-08-18T10:00:00+05:30
rmt_3805cbd2,htl_abcdbceb,Family Room,4,3,2,single,35,1132.51,INR,6,0,active,2026-08-18T10:00:00+05:30
rmt_2db0c6c3,htl_abcdbceb,Heritage Room,2,2,0,queen,45,8053.42,INR,4,0,active,2026-08-18T10:00:00+05:30
rmt_57ea2198,htl_abcdbceb,Premier Suite,4,3,2,twin,38,11073.46,INR,25,0,active,2026-08-18T10:00:00+05:30
rmt_605d2d42,htl_d1c721fa,Family Room,4,3,2,twin_double,21,3730.11,INR,4,0,active,2026-08-18T10:00:00+05:30
rmt_e80871dd,htl_d1c721fa,Standard,2,2,0,twin,60,4662.64,INR,8,0,active,2026-08-18T10:00:00+05:30
rmt_4804f8a1,htl_d1c721fa,Deluxe Garden View,3,3,1,king,21,5968.18,INR,20,0,active,2026-08-18T10:00:00+05:30
rmt_f1aa536a,htl_d1c721fa,Heritage Room,2,2,0,single,24,8206.25,INR,16,0,active,2026-08-18T10:00:00+05:30
rmt_0b8a155f,htl_af9267ba,Heritage Room,2,2,0,bunk,19,5705.18,INR,3,0,active,2026-08-18T10:00:00+05:30
rmt_f63f6226,htl_af9267ba,Twin Economy,2,2,0,bunk,17,7131.47,INR,24,0,active,2026-08-18T10:00:00+05:30
rmt_1aa74dbb,htl_af9267ba,Premier Suite,4,3,2,single,30,9128.28,INR,6,0,active,2026-08-18T10:00:00+05:30
rmt_799621f4,htl_af9267ba,Family Room,4,3,2,twin,24,12551.39,INR,16,0,active,2026-08-18T10:00:00+05:30
rmt_8ec9a685,htl_9c129ce4,Heritage Room,2,2,0,queen,47,6035.36,INR,11,0,active,2026-08-18T10:00:00+05:30
rmt_c946b4c2,htl_9c129ce4,Premier Suite,4,3,2,king,52,7544.20,INR,2,0,active,2026-08-18T10:00:00+05:30
rmt_2b67c1df,htl_9c129ce4,Deluxe,2,2,0,single,44,9656.58,INR,4,0,active,2026-08-18T10:00:00+05:30
rmt_afec0845,htl_9c129ce4,Executive,2,2,0,twin,,13277.80,INR,18,0,active,2026-08-18T10:00:00+05:30
rmt_ddb7c473,htl_d1d22033,Deluxe,2,2,0,queen,38,3141.42,INR,4,0,active,2026-08-18T10:00:00+05:30
rmt_9947d92b,htl_d1d22033,Twin Economy,2,2,0,twin,33,3926.77,INR,17,0,active,2026-08-18T10:00:00+05:30
rmt_762d6fb4,htl_d1d22033,Standard,2,2,0,bunk,31,5026.27,INR,25,0,active,2026-08-18T10:00:00+05:30
rmt_275eaa9e,htl_d1d22033,Family Room,4,3,2,king,,6911.12,INR,24,0,active,2026-08-18T10:00:00+05:30
rmt_3a584d76,htl_1b0f8353,Heritage Room,2,2,0,twin,51,2763.30,INR,18,0,active,2026-08-18T10:00:00+05:30
rmt_da45524e,htl_1b0f8353,Premier Suite,4,3,2,double,16,3454.12,INR,23,1,active,2026-08-18T10:00:00+05:30
rmt_a990cc08,htl_1b0f8353,Deluxe,2,2,0,queen,16,4421.28,INR,14,0,active,2026-08-18T10:00:00+05:30
rmt_24f68d46,htl_1b0f8353,Executive,2,2,0,king,36,6079.26,INR,2,0,active,2026-08-18T10:00:00+05:30
rmt_d34a3325,htl_d190083e,Premier Suite,4,3,2,twin,42,14156.99,INR,2,0,active,2026-08-18T10:00:00+05:30
rmt_06f0a27d,htl_d190083e,Heritage Room,2,2,0,single,22,17696.24,INR,3,0,active,2026-08-18T10:00:00+05:30
rmt_869e7f7d,htl_d190083e,Deluxe,2,2,0,twin,17,22651.18,INR,12,0,active,2026-08-18T10:00:00+05:30
rmt_6a7df85e,htl_d190083e,Deluxe Garden View,3,3,1,double,25,31145.37,INR,6,0,active,2026-08-18T10:00:00+05:30
rmt_188dccb2,htl_3c8db5e1,Heritage Room,2,2,0,bunk,23,6046.71,INR,4,0,active,2026-08-18T10:00:00+05:30
rmt_3720831a,htl_3c8db5e1,Twin Economy,2,2,0,queen,43,7558.39,INR,20,0,active,2026-08-18T10:00:00+05:30
rmt_4cdda78e,htl_3c8db5e1,Premier Suite,4,3,2,twin,59,9674.74,INR,11,0,active,2026-08-18T10:00:00+05:30
rmt_225fff85,htl_3c8db5e1,Family Room,4,3,2,twin_double,59,13302.77,INR,16,0,active,2026-08-18T10:00:00+05:30
rmt_088faae1,htl_95e7afb1,Standard,2,2,0,bunk,28,3448.47,INR,25,0,active,2026-08-18T10:00:00+05:30
rmt_3f0b8e63,htl_95e7afb1,Family Room,4,3,2,bunk,36,4310.59,INR,20,0,active,2026-08-18T10:00:00+05:30
rmt_91b575ba,htl_95e7afb1,Executive,2,2,0,twin,25,5517.55,INR,3,0,active,2026-08-18T10:00:00+05:30
rmt_1e240f61,htl_95e7afb1,Deluxe,2,2,0,twin_double,45,7586.63,INR,23,0,active,2026-08-18T10:00:00+05:30
rmt_034dffff,htl_f32a6fab,Deluxe,2,2,0,bunk,27,5588.34,INR,17,0,active,2026-08-18T10:00:00+05:30
rmt_7f9f494c,htl_f32a6fab,Twin Economy,2,2,0,twin,32,6985.43,INR,19,0,active,2026-08-18T10:00:00+05:30
rmt_632cc1f3,htl_f32a6fab,Family Room,4,3,2,single,25,8941.35,INR,21,0,active,2026-08-18T10:00:00+05:30
rmt_92601702,htl_f32a6fab,Executive,2,2,0,single,59,12294.35,INR,7,0,active,2026-08-18T10:00:00+05:30
rmt_7cebcac9,htl_edfb03a8,Executive,2,2,0,bunk,59,1911.61,INR,8,1,active,2026-08-18T10:00:00+05:30
rmt_7a6d1768,htl_edfb03a8,Deluxe Garden View,3,3,1,double,44,2389.52,INR,2,0,active,2026-08-18T10:00:00+05:30
rmt_58eeb2ee,htl_edfb03a8,Standard,2,2,0,double,43,3058.58,INR,3,0,active,2026-08-18T10:00:00+05:30
rmt_bd571c9a,htl_edfb03a8,Heritage Room,2,2,0,twin_double,54,4205.55,INR,25,0,active,2026-08-18T10:00:00+05:30
rmt_319a657b,htl_a4d27c8c,Deluxe,2,2,0,single,34,1696.95,INR,21,0,active,2026-08-18T10:00:00+05:30
rmt_fcb045a1,htl_a4d27c8c,Family Room,4,3,2,twin_double,51,2121.19,INR,2,0,active,2026-08-18T10:00:00+05:30
rmt_e99927f7,htl_a4d27c8c,Standard,2,2,0,double,39,2715.12,INR,2,0,active,2026-08-18T10:00:00+05:30
rmt_4be4b5c2,htl_a4d27c8c,Executive,2,2,0,king,29,3733.29,INR,4,0,active,2026-08-18T10:00:00+05:30
rmt_236b4df9,htl_68ea7979,Deluxe,2,2,0,king,22,7435.15,INR,6,0,active,2026-08-18T10:00:00+05:30
rmt_616f0ab4,htl_68ea7979,Twin Economy,2,2,0,single,46,9293.93,INR,15,0,active,2026-08-18T10:00:00+05:30
rmt_9abeddeb,htl_68ea7979,Premier Suite,4,3,2,single,25,11896.24,INR,23,0,active,2026-08-18T10:00:00+05:30
rmt_56416285,htl_68ea7979,Family Room,4,3,2,queen,25,16357.33,INR,4,0,active,2026-08-18T10:00:00+05:30
rmt_315d2584,htl_43f3566e,Executive,2,2,0,twin,47,3924.54,INR,2,1,active,2026-08-18T10:00:00+05:30
rmt_5951d936,htl_43f3566e,Deluxe,2,2,0,double,16,4905.68,INR,4,0,active,2026-08-18T10:00:00+05:30
rmt_4f1d0d38,htl_43f3566e,Heritage Room,2,2,0,bunk,36,6279.27,INR,25,0,active,2026-08-18T10:00:00+05:30
rmt_9a171b36,htl_43f3566e,Twin Economy,2,2,0,single,44,8634.00,INR,3,0,active,2026-08-18T10:00:00+05:30
rmt_c015a465,htl_ace63054,Executive,2,2,0,bunk,24,7734.07,INR,3,0,active,2026-08-18T10:00:00+05:30
rmt_3e0f14b7,htl_ace63054,Deluxe,2,2,0,twin_double,41,9667.58,INR,13,0,active,2026-08-18T10:00:00+05:30
rmt_4432ea46,htl_ace63054,Twin Economy,2,2,0,queen,32,12374.51,INR,14,0,active,2026-08-18T10:00:00+05:30
rmt_ad2452fd,htl_ace63054,Deluxe Garden View,3,3,1,twin,50,17014.95,INR,24,0,active,2026-08-18T10:00:00+05:30
rmt_0b8a6b18,htl_40a881e8,Deluxe Garden View,3,3,1,double,22,2585.17,INR,3,0,active,2026-08-18T10:00:00+05:30
rmt_44d57f99,htl_40a881e8,Standard,2,2,0,twin_double,18,3231.47,INR,11,0,active,2026-08-18T10:00:00+05:30
rmt_67bc39b7,htl_40a881e8,Deluxe,2,2,0,bunk,32,4136.28,INR,12,0,active,2026-08-18T10:00:00+05:30
rmt_b8fc1bd0,htl_40a881e8,Premier Suite,4,3,2,twin,50,31280.62,INR,8,0,active,2026-08-18T10:00:00+05:30
rmt_f72ec4e5,htl_df6e2340,Executive,2,2,0,double,32,5816.49,INR,20,1,active,2026-08-18T10:00:00+05:30
rmt_b4972b6b,htl_df6e2340,Family Room,4,3,2,twin_double,29,7270.62,INR,3,0,active,2026-08-18T10:00:00+05:30
rmt_a2bd4417,htl_df6e2340,Heritage Room,2,2,0,twin_double,54,9306.39,INR,9,0,active,2026-08-18T10:00:00+05:30
rmt_9e3a33aa,htl_df6e2340,Deluxe Garden View,3,3,1,bunk,34,12796.29,INR,8,0,active,2026-08-18T10:00:00+05:30
rmt_3bf92d12,htl_3e3a38c5,Twin Economy,2,2,0,twin,16,11410.55,INR,10,0,active,2026-08-18T10:00:00+05:30
rmt_03e3757c,htl_3e3a38c5,Premier Suite,4,3,2,twin,39,14263.18,INR,11,1,active,2026-08-18T10:00:00+05:30
rmt_37928dbf,htl_3e3a38c5,Executive,2,2,0,double,31,100412.81,INR,10,0,active,2026-08-18T10:00:00+05:30
rmt_2ecf1620,htl_3e3a38c5,Deluxe Garden View,3,3,1,twin_double,,25103.20,INR,10,0,active,2026-08-18T10:00:00+05:30
rmt_090d2307,htl_d07e29f4,Deluxe Garden View,3,3,1,queen,21,11063.74,INR,13,0,active,2026-08-18T10:00:00+05:30
rmt_f41a96ee,htl_d07e29f4,Family Room,4,3,2,twin_double,,13829.68,INR,9,0,active,2026-08-18T10:00:00+05:30
rmt_ce0551dd,htl_d07e29f4,Standard,2,2,0,double,43,17701.99,INR,17,0,active,2026-08-18T10:00:00+05:30
rmt_a8f140d8,htl_d07e29f4,Twin Economy,2,2,0,queen,48,24340.24,INR,20,0,active,2026-08-18T10:00:00+05:30
rmt_54db1870,htl_fb894fd0,Deluxe,2,2,0,bunk,43,2220.53,INR,16,0,active,2026-08-18T10:00:00+05:30
rmt_9145d827,htl_fb894fd0,Standard,2,2,0,bunk,51,2775.66,INR,10,0,active,2026-08-18T10:00:00+05:30
rmt_76f62025,htl_fb894fd0,Deluxe Garden View,3,3,1,double,42,3552.85,INR,11,0,active,2026-08-18T10:00:00+05:30
rmt_f09dd267,htl_fb894fd0,Executive,2,2,0,bunk,29,4885.17,INR,6,0,active,2026-08-18T10:00:00+05:30
rmt_465c592e,htl_7b47fb46,Twin Economy,2,2,0,bunk,37,6742.57,INR,19,0,active,2026-08-18T10:00:00+05:30
rmt_f7c68cca,htl_7b47fb46,Standard,2,2,0,twin_double,44,8428.22,INR,13,1,active,2026-08-18T10:00:00+05:30
rmt_23e56fd9,htl_7b47fb46,Heritage Room,2,2,0,twin,42,10788.12,INR,4,0,active,2026-08-18T10:00:00+05:30
rmt_61db34ed,htl_7b47fb46,Family Room,4,3,2,double,,14833.66,INR,20,0,active,2026-08-18T10:00:00+05:30
rmt_f5a6d0c3,htl_34abcc09,Heritage Room,2,2,0,king,61,3965.40,INR,19,0,active,2026-08-18T10:00:00+05:30
rmt_f782afc8,htl_34abcc09,Twin Economy,2,2,0,queen,16,4956.76,INR,10,0,active,2026-08-18T10:00:00+05:30
rmt_1805b104,htl_34abcc09,Deluxe,2,2,0,double,,6344.65,INR,10,0,active,2026-08-18T10:00:00+05:30
rmt_81e245d4,htl_34abcc09,Family Room,4,3,2,single,38,8723.89,INR,14,0,active,2026-08-18T10:00:00+05:30
rmt_afbf54c3,htl_2ca76c96,Twin Economy,2,2,0,bunk,30,3951.97,INR,22,1,active,2026-08-18T10:00:00+05:30
rmt_5868aefd,htl_2ca76c96,Deluxe,2,2,0,bunk,,4939.96,INR,3,0,active,2026-08-18T10:00:00+05:30
rmt_64346e8a,htl_2ca76c96,Executive,2,2,0,twin_double,27,6323.15,INR,16,0,active,2026-08-18T10:00:00+05:30
rmt_aacaeea2,htl_2ca76c96,Family Room,4,3,2,king,48,8694.33,INR,6,0,active,2026-08-18T10:00:00+05:30
rmt_a79553dd,htl_d9b34d26,Premier Suite,4,3,2,twin_double,22,7048.62,INR,13,0,active,2026-08-18T10:00:00+05:30
rmt_2a598ebb,htl_d9b34d26,Deluxe,2,2,0,double,38,8810.78,INR,2,0,active,2026-08-18T10:00:00+05:30
rmt_9273b587,htl_d9b34d26,Heritage Room,2,2,0,double,46,11277.80,INR,24,0,active,2026-08-18T10:00:00+05:30
rmt_a4546207,htl_d9b34d26,Deluxe Garden View,3,3,1,double,58,15506.97,INR,23,0,active,2026-08-18T10:00:00+05:30
rmt_3334f1db,htl_b868ebcf,Family Room,4,3,2,twin_double,35,14300.79,INR,4,0,active,2026-08-18T10:00:00+05:30
rmt_e56009dd,htl_b868ebcf,Standard,2,2,0,double,,3250.18,INR,24,1,active,2026-08-18T10:00:00+05:30
rmt_9e7cce83,htl_b868ebcf,Deluxe,2,2,0,bunk,55,4160.23,INR,2,0,active,2026-08-18T10:00:00+05:30
rmt_aca68442,htl_b868ebcf,Executive,2,2,0,double,34,5720.32,INR,23,0,active,2026-08-18T10:00:00+05:30
rmt_2de3c592,htl_4e4752d8,Heritage Room,2,2,0,double,18,14081.74,INR,16,0,active,2026-08-18T10:00:00+05:30
rmt_ff826355,htl_4e4752d8,Deluxe,2,2,0,king,61,17602.17,INR,20,1,active,2026-08-18T10:00:00+05:30
rmt_0c4e074c,htl_4e4752d8,Premier Suite,4,3,2,twin,40,22530.78,INR,15,0,active,2026-08-18T10:00:00+05:30
rmt_5a97e8a0,htl_4e4752d8,Executive,2,2,0,single,31,30979.82,INR,16,0,active,2026-08-18T10:00:00+05:30
rmt_3b3f28a1,htl_9e900d70,Twin Economy,2,2,0,bunk,23,2608.41,INR,4,0,active,2026-08-18T10:00:00+05:30
rmt_201a160d,htl_9e900d70,Executive,2,2,0,double,50,3260.51,INR,18,0,active,2026-08-18T10:00:00+05:30
rmt_e539203f,htl_9e900d70,Deluxe,2,2,0,twin,31,4173.46,INR,9,0,active,2026-08-18T10:00:00+05:30
rmt_fc43c21f,htl_9e900d70,Family Room,4,3,2,twin_double,29,5738.50,INR,17,0,active,2026-08-18T10:00:00+05:30
rmt_e11b20fc,htl_64b0b167,Premier Suite,4,3,2,twin,20,10649.44,INR,20,0,active,2026-08-18T10:00:00+05:30
rmt_419d3a58,htl_64b0b167,Family Room,4,3,2,queen,54,13311.80,INR,20,0,active,2026-08-18T10:00:00+05:30
rmt_b9868e2d,htl_64b0b167,Standard,2,2,0,twin,34,17039.11,INR,21,0,active,2026-08-18T10:00:00+05:30
rmt_71da0158,htl_64b0b167,Deluxe,2,2,0,queen,29,23428.77,INR,13,0,active,2026-08-18T10:00:00+05:30
rmt_963ad866,htl_7a46102c,Deluxe,2,2,0,twin,41,2955.17,INR,2,0,active,2026-08-18T10:00:00+05:30
rmt_edd5323e,htl_7a46102c,Standard,2,2,0,double,56,3693.97,INR,9,0,active,2026-08-18T10:00:00+05:30
rmt_db3ec392,htl_7a46102c,Heritage Room,2,2,0,single,24,4728.28,INR,4,0,active,2026-08-18T10:00:00+05:30
rmt_d4ace0f4,htl_7a46102c,Deluxe Garden View,3,3,1,king,22,6501.38,INR,2,0,active,2026-08-18T10:00:00+05:30
rmt_7aedb95f,htl_c758f72a,Standard,2,2,0,single,47,6844.70,INR,24,0,active,2026-08-18T10:00:00+05:30
rmt_e6e267b9,htl_c758f72a,Family Room,4,3,2,bunk,19,8555.87,INR,18,0,active,2026-08-18T10:00:00+05:30
rmt_5826708f,htl_c758f72a,Deluxe,2,2,0,bunk,16,10951.51,INR,3,0,active,2026-08-18T10:00:00+05:30
rmt_372183b1,htl_c758f72a,Executive,2,2,0,single,31,15058.33,INR,3,0,active,2026-08-18T10:00:00+05:30
rmt_51b7ae14,htl_623c41c5,Standard,2,2,0,twin,33,2093.17,INR,13,0,active,2026-08-18T10:00:00+05:30
rmt_cf4717f5,htl_623c41c5,Deluxe Garden View,3,3,1,twin_double,41,2616.46,INR,18,0,active,2026-08-18T10:00:00+05:30
rmt_48c1970b,htl_623c41c5,Twin Economy,2,2,0,queen,55,3349.07,INR,16,0,active,2026-08-18T10:00:00+05:30
rmt_8ae47434,htl_623c41c5,Deluxe,2,2,0,bunk,61,4604.97,INR,18,0,active,2026-08-18T10:00:00+05:30
rmt_3e369548,htl_97c0591b,Heritage Room,2,2,0,king,,2232.21,INR,13,0,active,2026-08-18T10:00:00+05:30
rmt_1b2435c6,htl_97c0591b,Deluxe,2,2,0,king,16,2790.26,INR,17,0,active,2026-08-18T10:00:00+05:30
rmt_73d9920d,htl_97c0591b,Deluxe Garden View,3,3,1,queen,42,3571.54,INR,2,0,active,2026-08-18T10:00:00+05:30
rmt_ddfb7c69,htl_97c0591b,Family Room,4,3,2,bunk,,4910.86,INR,18,0,active,2026-08-18T10:00:00+05:30
rmt_0d517e28,htl_2b79009c,Premier Suite,4,3,2,king,33,6250.87,INR,22,0,active,2026-08-18T10:00:00+05:30
rmt_0f009220,htl_2b79009c,Deluxe,2,2,0,twin,46,7813.59,INR,23,0,active,2026-08-18T10:00:00+05:30
rmt_86ef7278,htl_2b79009c,Twin Economy,2,2,0,twin_double,18,10001.39,INR,15,0,active,2026-08-18T10:00:00+05:30
rmt_296871dc,htl_2b79009c,Deluxe Garden View,3,3,1,queen,23,13751.91,INR,21,0,active,2026-08-18T10:00:00+05:30
rmt_2678c966,htl_a7f2c402,Premier Suite,4,3,2,single,49,1588.16,INR,7,0,active,2026-08-18T10:00:00+05:30
rmt_db3de30c,htl_a7f2c402,Standard,2,2,0,bunk,52,1985.20,INR,7,0,active,2026-08-18T10:00:00+05:30
rmt_b0159276,htl_a7f2c402,Deluxe Garden View,3,3,1,king,53,2541.06,INR,9,0,active,2026-08-18T10:00:00+05:30
rmt_ee15aca6,htl_a7f2c402,Deluxe,2,2,0,single,18,3493.96,INR,16,0,active,2026-08-18T10:00:00+05:30
rmt_dd931f5b,htl_64e6662b,Executive,2,2,0,king,46,6396.53,INR,6,0,active,2026-08-18T10:00:00+05:30
rmt_6b160278,htl_64e6662b,Premier Suite,4,3,2,single,26,7995.67,INR,4,0,active,2026-08-18T10:00:00+05:30
rmt_15de3a69,htl_64e6662b,Deluxe,2,2,0,bunk,36,10234.45,INR,2,0,active,2026-08-18T10:00:00+05:30
rmt_db78dfab,htl_64e6662b,Twin Economy,2,2,0,single,30,14072.38,INR,3,0,active,2026-08-18T10:00:00+05:30
rmt_6c573e06,htl_0e2c0e6e,Deluxe,2,2,0,bunk,53,3383.31,INR,20,0,active,2026-08-18T10:00:00+05:30
rmt_c5a671f6,htl_0e2c0e6e,Twin Economy,2,2,0,king,52,4229.13,INR,17,0,active,2026-08-18T10:00:00+05:30
rmt_1afa9c98,htl_0e2c0e6e,Family Room,4,3,2,double,37,5413.29,INR,24,0,active,2026-08-18T10:00:00+05:30
rmt_67e1e532,htl_0e2c0e6e,Heritage Room,2,2,0,double,49,7443.27,INR,7,0,active,2026-08-18T10:00:00+05:30
rmt_db8d07d3,htl_34a81c98,Deluxe Garden View,3,3,1,queen,40,7146.89,INR,18,0,active,2026-08-18T10:00:00+05:30
rmt_7943a300,htl_34a81c98,Family Room,4,3,2,double,39,8933.62,INR,9,0,active,2026-08-18T10:00:00+05:30
rmt_3d4d5716,htl_34a81c98,Standard,2,2,0,king,52,11435.03,INR,2,0,active,2026-08-18T10:00:00+05:30
rmt_79cb87ec,htl_34a81c98,Premier Suite,4,3,2,twin_double,24,15723.16,INR,24,0,active,2026-08-18T10:00:00+05:30
rmt_d1499d65,htl_fc4f2312,Premier Suite,4,3,2,queen,18,11649.56,INR,3,0,active,2026-08-18T10:00:00+05:30
rmt_28c9b46c,htl_fc4f2312,Standard,2,2,0,twin_double,30,14561.95,INR,10,0,active,2026-08-18T10:00:00+05:30
rmt_a7956122,htl_fc4f2312,Deluxe,2,2,0,king,,18639.29,INR,6,0,active,2026-08-18T10:00:00+05:30
rmt_0cd82f06,htl_fc4f2312,Family Room,4,3,2,twin_double,17,25629.03,INR,4,0,active,2026-08-18T10:00:00+05:30
rmt_f7b8722c,htl_2c61b5c9,Deluxe Garden View,3,3,1,king,35,3821.74,INR,14,0,active,2026-08-18T10:00:00+05:30
rmt_5b75d1bb,htl_2c61b5c9,Executive,2,2,0,double,37,4777.17,INR,4,0,active,2026-08-18T10:00:00+05:30
rmt_54abd084,htl_2c61b5c9,Family Room,4,3,2,king,18,6114.78,INR,10,0,active,2026-08-18T10:00:00+05:30
rmt_8f603e4f,htl_2c61b5c9,Premier Suite,4,3,2,king,40,8407.82,INR,15,0,active,2026-08-18T10:00:00+05:30
rmt_8f366505,htl_7920dc76,Twin Economy,2,2,0,single,22,2218.80,INR,19,0,active,2026-08-18T10:00:00+05:30
rmt_281cdffe,htl_7920dc76,Deluxe Garden View,3,3,1,double,40,2773.50,INR,19,0,active,2026-08-18T10:00:00+05:30
rmt_4163a512,htl_7920dc76,Premier Suite,4,3,2,twin_double,45,3550.08,INR,10,0,active,2026-08-18T10:00:00+05:30
rmt_5205cb45,htl_7920dc76,Standard,2,2,0,twin,16,4881.36,INR,18,0,active,2026-08-18T10:00:00+05:30
rmt_923a8916,htl_07bfe1c5,Standard,2,2,0,queen,48,1944.35,INR,6,0,active,2026-08-18T10:00:00+05:30
rmt_aca31c09,htl_07bfe1c5,Family Room,4,3,2,bunk,49,2430.44,INR,20,0,active,2026-08-18T10:00:00+05:30
rmt_1aa70708,htl_07bfe1c5,Heritage Room,2,2,0,king,61,3110.96,INR,11,0,active,2026-08-18T10:00:00+05:30
rmt_f151034c,htl_07bfe1c5,Premier Suite,4,3,2,single,51,4277.57,INR,12,0,active,2026-08-18T10:00:00+05:30
rmt_84950119,htl_8727e865,Heritage Room,2,2,0,king,58,5367.11,INR,7,0,active,2026-08-18T10:00:00+05:30
rmt_eafcf781,htl_8727e865,Family Room,4,3,2,double,23,6708.88,INR,8,0,active,2026-08-18T10:00:00+05:30
rmt_dec6e52e,htl_8727e865,Twin Economy,2,2,0,queen,21,8587.37,INR,3,0,active,2026-08-18T10:00:00+05:30
rmt_050e238e,htl_8727e865,Executive,2,2,0,twin_double,22,11807.63,INR,10,0,active,2026-08-18T10:00:00+05:30
rmt_2dd1de63,htl_edab68d0,Standard,2,2,0,single,49,11513.65,INR,15,0,active,2026-08-18T10:00:00+05:30
rmt_48fcd6e9,htl_edab68d0,Premier Suite,4,3,2,double,,14392.06,INR,22,0,active,2026-08-18T10:00:00+05:30
rmt_4477c345,htl_edab68d0,Heritage Room,2,2,0,double,61,18421.84,INR,6,0,active,2026-08-18T10:00:00+05:30
rmt_bff5ea54,htl_edab68d0,Executive,2,2,0,bunk,25,25330.03,INR,4,0,active,2026-08-18T10:00:00+05:30
rmt_b6e168a7,htl_76c57a96,Heritage Room,2,2,0,double,41,1613.05,INR,19,0,active,2026-08-18T10:00:00+05:30
rmt_3f20cfe3,htl_76c57a96,Family Room,4,3,2,twin_double,21,2016.32,INR,9,0,active,2026-08-18T10:00:00+05:30
rmt_2e6b37c4,htl_76c57a96,Deluxe,2,2,0,king,19,2580.88,INR,15,0,active,2026-08-18T10:00:00+05:30
rmt_40239d2c,htl_76c57a96,Twin Economy,2,2,0,single,23,3548.72,INR,3,0,active,2026-08-18T10:00:00+05:30
rmt_363b952e,htl_f6df417b,Family Room,4,3,2,bunk,31,10422.42,INR,8,0,active,2026-08-18T10:00:00+05:30
rmt_89a1197c,htl_f6df417b,Deluxe,2,2,0,twin,16,13028.03,INR,25,0,active,2026-08-18T10:00:00+05:30
rmt_22c2a674,htl_f6df417b,Standard,2,2,0,twin,,16675.88,INR,7,0,active,2026-08-18T10:00:00+05:30
rmt_58af0d23,htl_f6df417b,Executive,2,2,0,twin_double,40,22929.33,INR,4,0,active,2026-08-18T10:00:00+05:30
rmt_e156013c,htl_73b94512,Deluxe Garden View,3,3,1,twin,52,356.11,INR,20,0,active,2026-08-18T10:00:00+05:30
rmt_f7dde849,htl_73b94512,Standard,2,2,0,queen,20,2472.97,INR,13,0,active,2026-08-18T10:00:00+05:30
rmt_bfbec016,htl_73b94512,Family Room,4,3,2,queen,50,3165.40,INR,22,0,active,2026-08-18T10:00:00+05:30
rmt_25f397a2,htl_73b94512,Deluxe,2,2,0,twin_double,44,4352.43,INR,7,0,active,2026-08-18T10:00:00+05:30
rmt_c867633e,htl_d526541d,Standard,2,2,0,twin_double,42,14955.76,INR,7,0,active,2026-08-18T10:00:00+05:30
rmt_032042e7,htl_d526541d,Twin Economy,2,2,0,king,58,18694.70,INR,23,0,active,2026-08-18T10:00:00+05:30
rmt_cd58fb6c,htl_d526541d,Family Room,4,3,2,double,53,23929.22,INR,18,0,active,2026-08-18T10:00:00+05:30
rmt_e67cfa4b,htl_d526541d,Executive,2,2,0,king,42,32902.68,INR,9,0,active,2026-08-18T10:00:00+05:30
rmt_94a3c5f2,htl_c6ab89b1,Deluxe Garden View,3,3,1,double,41,3236.71,INR,2,0,active,2026-08-18T10:00:00+05:30
rmt_9c7f9ef3,htl_c6ab89b1,Family Room,4,3,2,queen,53,4045.89,INR,2,0,active,2026-08-18T10:00:00+05:30
rmt_e1c91b66,htl_c6ab89b1,Deluxe,2,2,0,double,17,5178.74,INR,10,0,active,2026-08-18T10:00:00+05:30
rmt_4a3554c4,htl_c6ab89b1,Twin Economy,2,2,0,twin_double,32,7120.76,INR,11,0,active,2026-08-18T10:00:00+05:30
rmt_4def1ddd,htl_cb869e4b,Premier Suite,4,3,2,single,36,6272.25,INR,3,0,active,2026-08-18T10:00:00+05:30
rmt_f2f2c965,htl_cb869e4b,Executive,2,2,0,double,37,7840.32,INR,18,0,active,2026-08-18T10:00:00+05:30
rmt_31045f8d,htl_cb869e4b,Standard,2,2,0,single,54,10035.61,INR,16,0,active,2026-08-18T10:00:00+05:30
rmt_b8d9eb24,htl_cb869e4b,Twin Economy,2,2,0,twin_double,24,13798.96,INR,22,0,active,2026-08-18T10:00:00+05:30
rmt_a99668b1,htl_53f95667,Premier Suite,4,3,2,queen,59,2627.57,INR,13,0,active,2026-08-18T10:00:00+05:30
rmt_1d640259,htl_53f95667,Deluxe Garden View,3,3,1,twin_double,21,3284.47,INR,18,0,active,2026-08-18T10:00:00+05:30
rmt_160cfd98,htl_53f95667,Executive,2,2,0,twin_double,35,4204.12,INR,12,0,active,2026-08-18T10:00:00+05:30
rmt_000c0568,htl_53f95667,Family Room,4,3,2,twin_double,23,5780.66,INR,25,0,active,2026-08-18T10:00:00+05:30
rmt_712b5e11,htl_4449653d,Twin Economy,2,2,0,bunk,29,14052.63,INR,14,0,active,2026-08-18T10:00:00+05:30
rmt_a6f63f5a,htl_4449653d,Heritage Room,2,2,0,double,24,17565.78,INR,23,0,active,2026-08-18T10:00:00+05:30
rmt_5742e95a,htl_4449653d,Standard,2,2,0,twin,53,22484.20,INR,20,0,active,2026-08-18T10:00:00+05:30
rmt_afa1e735,htl_4449653d,Deluxe,2,2,0,double,54,30915.78,INR,6,0,active,2026-08-18T10:00:00+05:30
rmt_5ad7ba13,htl_6439d03a,Premier Suite,4,3,2,twin_double,23,11476.68,INR,23,0,active,2026-08-18T10:00:00+05:30
rmt_d6753252,htl_6439d03a,Deluxe,2,2,0,queen,27,14345.85,INR,8,0,active,2026-08-18T10:00:00+05:30
rmt_fa2ef6ea,htl_6439d03a,Heritage Room,2,2,0,twin_double,43,18362.68,INR,17,1,active,2026-08-18T10:00:00+05:30
rmt_ec814c1b,htl_6439d03a,Standard,2,2,0,king,19,25248.69,INR,10,1,active,2026-08-18T10:00:00+05:30
rmt_e788942c,htl_e28207c9,Deluxe Garden View,3,3,1,double,49,2645.76,INR,10,0,active,2026-08-18T10:00:00+05:30
rmt_0984138d,htl_e28207c9,Standard,2,2,0,single,43,3307.21,INR,11,0,active,2026-08-18T10:00:00+05:30
rmt_b98688cb,htl_e28207c9,Executive,2,2,0,twin,22,4233.22,INR,17,0,active,2026-08-18T10:00:00+05:30
rmt_2be23202,htl_e28207c9,Premier Suite,4,3,2,double,50,5820.68,INR,9,1,active,2026-08-18T10:00:00+05:30
rmt_42ee9a69,htl_6fdb8c08,Standard,2,2,0,double,21,3903.08,INR,2,0,active,2026-08-18T10:00:00+05:30
rmt_ce262e92,htl_6fdb8c08,Premier Suite,4,3,2,queen,42,4878.86,INR,17,0,active,2026-08-18T10:00:00+05:30
rmt_41f20a24,htl_6fdb8c08,Deluxe Garden View,3,3,1,queen,30,6244.94,INR,17,0,active,2026-08-18T10:00:00+05:30
rmt_8c0f9254,htl_6fdb8c08,Family Room,4,3,2,queen,23,8586.79,INR,19,0,active,2026-08-18T10:00:00+05:30
rmt_21f02a51,htl_f819e1d6,Deluxe Garden View,3,3,1,queen,46,1728.22,INR,2,0,active,2026-08-18T10:00:00+05:30
rmt_a831ecbe,htl_f819e1d6,Twin Economy,2,2,0,bunk,,2160.27,INR,16,1,active,2026-08-18T10:00:00+05:30
rmt_25f29e90,htl_f819e1d6,Standard,2,2,0,queen,46,2765.15,INR,6,0,active,2026-08-18T10:00:00+05:30
rmt_27a442c4,htl_f819e1d6,Executive,2,2,0,single,34,3802.07,INR,20,0,active,2026-08-18T10:00:00+05:30
rmt_c4bb0df8,htl_7e8acd66,Standard,2,2,0,king,,2642.65,INR,4,0,active,2026-08-18T10:00:00+05:30
rmt_5408036b,htl_7e8acd66,Premier Suite,4,3,2,bunk,46,3303.31,INR,17,0,active,2026-08-18T10:00:00+05:30
rmt_a89f152d,htl_7e8acd66,Deluxe Garden View,3,3,1,single,44,4228.24,INR,3,0,active,2026-08-18T10:00:00+05:30
rmt_61459536,htl_7e8acd66,Executive,2,2,0,twin_double,,5813.82,INR,10,0,active,2026-08-18T10:00:00+05:30
rmt_c2b24a4a,htl_52debcee,Deluxe Garden View,3,3,1,bunk,51,6308.21,INR,20,0,active,2026-08-18T10:00:00+05:30
rmt_fe4c30eb,htl_52debcee,Family Room,4,3,2,king,56,7885.27,INR,18,0,active,2026-08-18T10:00:00+05:30
rmt_0113eeb3,htl_52debcee,Standard,2,2,0,single,60,10093.14,INR,13,0,active,2026-08-18T10:00:00+05:30
rmt_ff9c44ca,htl_52debcee,Deluxe,2,2,0,twin_double,19,13878.07,INR,4,0,active,2026-08-18T10:00:00+05:30
rmt_0f9bc16e,htl_b76950b4,Deluxe Garden View,3,3,1,single,16,3274.43,INR,18,0,active,2026-08-18T10:00:00+05:30
rmt_3cd4eb6d,htl_b76950b4,Deluxe,2,2,0,queen,34,4093.03,INR,15,0,active,2026-08-18T10:00:00+05:30
rmt_014d864d,htl_b76950b4,Premier Suite,4,3,2,queen,39,5239.08,INR,14,0,active,2026-08-18T10:00:00+05:30
rmt_4f3fa69d,htl_b76950b4,Twin Economy,2,2,0,twin_double,49,7203.74,INR,3,0,active,2026-08-18T10:00:00+05:30
rmt_37a43ed3,htl_bf05fe97,Standard,2,2,0,single,23,2973.00,INR,8,0,active,2026-08-18T10:00:00+05:30
rmt_3a8fdf65,htl_bf05fe97,Deluxe Garden View,3,3,1,single,42,3716.26,INR,7,0,active,2026-08-18T10:00:00+05:30
rmt_0a4424bd,htl_bf05fe97,Heritage Room,2,2,0,single,59,4756.81,INR,3,0,active,2026-08-18T10:00:00+05:30
rmt_b3b1eab5,htl_bf05fe97,Family Room,4,3,2,twin_double,,6540.61,INR,11,0,active,2026-08-18T10:00:00+05:30
rmt_06a3711f,htl_4a6af4a8,Twin Economy,2,2,0,twin,20,1479.13,INR,22,1,active,2026-08-18T10:00:00+05:30
rmt_71adb7eb,htl_4a6af4a8,Deluxe Garden View,3,3,1,queen,,1848.91,INR,19,0,active,2026-08-18T10:00:00+05:30
rmt_2e70cc92,htl_4a6af4a8,Family Room,4,3,2,double,30,2366.60,INR,8,0,active,2026-08-18T10:00:00+05:30
rmt_e83b097a,htl_4a6af4a8,Heritage Room,2,2,0,single,59,3254.08,INR,3,0,active,2026-08-18T10:00:00+05:30
rmt_351c3194,htl_692b71cc,Family Room,4,3,2,queen,21,2962.20,INR,15,0,active,2026-08-18T10:00:00+05:30
rmt_74c057c9,htl_692b71cc,Deluxe,2,2,0,single,21,3702.75,INR,24,0,active,2026-08-18T10:00:00+05:30
rmt_53e05e64,htl_692b71cc,Executive,2,2,0,twin,61,4739.51,INR,19,0,active,2026-08-18T10:00:00+05:30
rmt_69b4a71d,htl_692b71cc,Deluxe Garden View,3,3,1,king,37,6516.83,INR,8,0,active,2026-08-18T10:00:00+05:30
rmt_d0f7d9a3,htl_6961a498,Standard,2,2,0,bunk,57,2882.74,INR,2,0,active,2026-08-18T10:00:00+05:30
rmt_bb6fd965,htl_6961a498,Deluxe,2,2,0,double,29,3603.43,INR,2,0,active,2026-08-18T10:00:00+05:30
rmt_50ad8a4a,htl_6961a498,Premier Suite,4,3,2,double,51,4612.39,INR,11,0,active,2026-08-18T10:00:00+05:30
rmt_9c46aba3,htl_6961a498,Family Room,4,3,2,twin,28,6342.03,INR,3,0,active,2026-08-18T10:00:00+05:30
rmt_1ccb5b81,htl_1dc2d45a,Heritage Room,2,2,0,king,52,6584.07,INR,24,0,active,2026-08-18T10:00:00+05:30
rmt_e1c75857,htl_1dc2d45a,Deluxe Garden View,3,3,1,queen,49,8230.09,INR,9,1,active,2026-08-18T10:00:00+05:30
rmt_bde6c4e8,htl_1dc2d45a,Executive,2,2,0,queen,42,10534.51,INR,3,0,active,2026-08-18T10:00:00+05:30
rmt_e92e5f89,htl_1dc2d45a,Family Room,4,3,2,queen,16,14484.96,INR,18,0,active,2026-08-18T10:00:00+05:30
rmt_71f221d5,htl_d1ff6baa,Executive,2,2,0,twin_double,20,3757.83,INR,2,0,active,2026-08-18T10:00:00+05:30
rmt_36e72487,htl_d1ff6baa,Deluxe,2,2,0,bunk,55,4697.29,INR,2,1,active,2026-08-18T10:00:00+05:30
rmt_00657163,htl_d1ff6baa,Standard,2,2,0,king,61,6012.53,INR,4,0,active,2026-08-18T10:00:00+05:30
rmt_c7b8ff94,htl_d1ff6baa,Heritage Room,2,2,0,bunk,59,8267.23,INR,17,0,active,2026-08-18T10:00:00+05:30
rmt_a3594036,htl_28873757,Heritage Room,2,2,0,double,59,6590.02,INR,15,1,active,2026-08-18T10:00:00+05:30
rmt_5ded57e5,htl_28873757,Twin Economy,2,2,0,single,49,8237.53,INR,11,0,active,2026-08-18T10:00:00+05:30
rmt_a1181b1e,htl_28873757,Deluxe,2,2,0,single,31,10544.04,INR,2,0,active,2026-08-18T10:00:00+05:30
rmt_90ba0cc3,htl_28873757,Deluxe Garden View,3,3,1,bunk,39,14498.05,INR,11,0,active,2026-08-18T10:00:00+05:30
rmt_67b30175,htl_be32214e,Standard,2,2,0,twin,28,2672.02,INR,11,0,active,2026-08-18T10:00:00+05:30
rmt_7be6dd38,htl_be32214e,Executive,2,2,0,single,46,3340.03,INR,16,0,active,2026-08-18T10:00:00+05:30
rmt_aadbb36a,htl_be32214e,Premier Suite,4,3,2,twin_double,,4275.24,INR,21,0,active,2026-08-18T10:00:00+05:30
rmt_057cb85a,htl_be32214e,Deluxe Garden View,3,3,1,twin_double,57,5878.45,INR,2,0,active,2026-08-18T10:00:00+05:30
rmt_e85f70fe,htl_9553dd98,Premier Suite,4,3,2,bunk,26,6638.46,INR,25,0,active,2026-08-18T10:00:00+05:30
rmt_2a746672,htl_9553dd98,Executive,2,2,0,bunk,21,8298.07,INR,15,0,active,2026-08-18T10:00:00+05:30
rmt_c28b8198,htl_9553dd98,Heritage Room,2,2,0,bunk,60,10621.53,INR,9,0,active,2026-08-18T10:00:00+05:30
rmt_67041579,htl_9553dd98,Family Room,4,3,2,single,27,14604.61,INR,9,0,active,2026-08-18T10:00:00+05:30
rmt_cceb6055,htl_7d0e7ea3,Heritage Room,2,2,0,bunk,35,5419.17,INR,12,0,active,2026-08-18T10:00:00+05:30
rmt_e9242d64,htl_7d0e7ea3,Twin Economy,2,2,0,king,20,6773.96,INR,20,0,active,2026-08-18T10:00:00+05:30
rmt_6369ff13,htl_7d0e7ea3,Executive,2,2,0,bunk,24,8670.67,INR,19,0,active,2026-08-18T10:00:00+05:30
rmt_2f599743,htl_7d0e7ea3,Family Room,4,3,2,bunk,47,11922.18,INR,11,0,active,2026-08-18T10:00:00+05:30
rmt_a4e11464,htl_7cacf12d,Standard,2,2,0,queen,58,15599.75,INR,6,0,active,2026-08-18T10:00:00+05:30
rmt_5615446c,htl_7cacf12d,Family Room,4,3,2,twin,34,19499.69,INR,20,0,active,2026-08-18T10:00:00+05:30
rmt_1b395694,htl_7cacf12d,Deluxe Garden View,3,3,1,king,20,24959.61,INR,20,0,active,2026-08-18T10:00:00+05:30
rmt_ba5d7ad1,htl_7cacf12d,Executive,2,2,0,bunk,48,34319.46,INR,10,0,active,2026-08-18T10:00:00+05:30
rmt_0beb6ec4,htl_107cf306,Heritage Room,2,2,0,bunk,42,2829.87,INR,13,0,active,2026-08-18T10:00:00+05:30
rmt_19b2eaa0,htl_107cf306,Executive,2,2,0,queen,50,3537.34,INR,24,0,active,2026-08-18T10:00:00+05:30
rmt_bb3ff33f,htl_107cf306,Deluxe,2,2,0,twin_double,27,4527.79,INR,8,0,active,2026-08-18T10:00:00+05:30
rmt_7c90bc9e,htl_107cf306,Standard,2,2,0,double,27,6225.71,INR,11,0,active,2026-08-18T10:00:00+05:30
rmt_c8ebae04,htl_9fca9e1c,Twin Economy,2,2,0,double,25,10198.77,INR,4,0,active,2026-08-18T10:00:00+05:30
rmt_df122cab,htl_9fca9e1c,Deluxe,2,2,0,bunk,50,12748.46,INR,7,0,active,2026-08-18T10:00:00+05:30
rmt_857bd06f,htl_9fca9e1c,Executive,2,2,0,double,29,16318.03,INR,17,0,active,2026-08-18T10:00:00+05:30
rmt_ac758da4,htl_9fca9e1c,Family Room,4,3,2,twin_double,35,22437.30,INR,19,0,active,2026-08-18T10:00:00+05:30
rmt_a2f931b4,htl_55eda192,Twin Economy,2,2,0,king,35,3067.29,INR,13,0,active,2026-08-18T10:00:00+05:30
rmt_15ac4f1d,htl_55eda192,Standard,2,2,0,single,56,3834.11,INR,21,0,active,2026-08-18T10:00:00+05:30
rmt_2ffaeba4,htl_55eda192,Heritage Room,2,2,0,single,39,4907.66,INR,23,0,active,2026-08-18T10:00:00+05:30
rmt_2bfbfea7,htl_55eda192,Executive,2,2,0,double,55,6748.03,INR,13,0,active,2026-08-18T10:00:00+05:30
rmt_11bc705e,htl_85d1f924,Deluxe,2,2,0,single,18,3176.73,INR,19,0,active,2026-08-18T10:00:00+05:30
rmt_5226ac27,htl_85d1f924,Heritage Room,2,2,0,queen,44,3970.92,INR,9,0,active,2026-08-18T10:00:00+05:30
rmt_77a7165a,htl_85d1f924,Twin Economy,2,2,0,king,56,5082.77,INR,13,0,active,2026-08-18T10:00:00+05:30
rmt_51edc116,htl_85d1f924,Standard,2,2,0,twin,37,6988.81,INR,10,0,active,2026-08-18T10:00:00+05:30
rmt_658eac3f,htl_fa769a3e,Standard,2,2,0,king,42,10940.21,INR,2,0,active,2026-08-18T10:00:00+05:30
rmt_616e81e4,htl_fa769a3e,Executive,2,2,0,king,27,13675.26,INR,4,0,active,2026-08-18T10:00:00+05:30
rmt_c81be325,htl_fa769a3e,Deluxe Garden View,3,3,1,bunk,45,17504.34,INR,7,0,active,2026-08-18T10:00:00+05:30
rmt_1eabdfed,htl_fa769a3e,Premier Suite,4,3,2,bunk,31,24068.46,INR,24,0,active,2026-08-18T10:00:00+05:30
rmt_2698e098,htl_4906f5ef,Heritage Room,2,2,0,twin,34,14633.27,INR,17,0,active,2026-08-18T10:00:00+05:30
rmt_d22bc3ea,htl_4906f5ef,Twin Economy,2,2,0,single,22,18291.58,INR,15,1,active,2026-08-18T10:00:00+05:30
rmt_17ee9eea,htl_4906f5ef,Deluxe,2,2,0,twin_double,49,23413.22,INR,20,0,active,2026-08-18T10:00:00+05:30
rmt_5232dcaa,htl_4906f5ef,Executive,2,2,0,twin_double,51,32193.18,INR,17,0,active,2026-08-18T10:00:00+05:30
rmt_a1f469aa,htl_722f8202,Twin Economy,2,2,0,bunk,24,11576.88,INR,18,0,active,2026-08-18T10:00:00+05:30
rmt_4b2afc2f,htl_722f8202,Family Room,4,3,2,queen,33,14471.10,INR,12,0,active,2026-08-18T10:00:00+05:30
rmt_c0775d07,htl_722f8202,Deluxe,2,2,0,bunk,51,18523.00,INR,2,0,active,2026-08-18T10:00:00+05:30
rmt_7440b2f7,htl_722f8202,Premier Suite,4,3,2,double,59,25469.13,INR,20,1,active,2026-08-18T10:00:00+05:30
rmt_bba0da4f,htl_f8fc5376,Deluxe Garden View,3,3,1,bunk,54,6807.71,INR,3,0,active,2026-08-18T10:00:00+05:30
rmt_c5694dba,htl_f8fc5376,Executive,2,2,0,twin,46,8509.64,INR,4,0,active,2026-08-18T10:00:00+05:30
rmt_1e1423ce,htl_f8fc5376,Standard,2,2,0,twin,35,10892.34,INR,24,0,active,2026-08-18T10:00:00+05:30
rmt_f63d13a9,htl_f8fc5376,Family Room,4,3,2,twin,26,14976.97,INR,15,0,active,2026-08-18T10:00:00+05:30
rmt_df4758a1,htl_704d96f5,Executive,2,2,0,double,49,2707.61,INR,8,0,active,2026-08-18T10:00:00+05:30
rmt_2c314286,htl_704d96f5,Standard,2,2,0,twin,39,3384.52,INR,12,0,active,2026-08-18T10:00:00+05:30
rmt_00f0d517,htl_704d96f5,Deluxe,2,2,0,king,52,4332.18,INR,11,1,active,2026-08-18T10:00:00+05:30
rmt_65efe7b9,htl_704d96f5,Heritage Room,2,2,0,queen,22,5956.75,INR,6,0,active,2026-08-18T10:00:00+05:30
rmt_3194f20d,htl_14aa3026,Twin Economy,2,2,0,single,59,10524.98,INR,6,1,active,2026-08-18T10:00:00+05:30
rmt_10feab38,htl_14aa3026,Premier Suite,4,3,2,twin_double,,13156.23,INR,11,1,active,2026-08-18T10:00:00+05:30
rmt_5ebfe031,htl_14aa3026,Family Room,4,3,2,twin,,16839.98,INR,24,0,active,2026-08-18T10:00:00+05:30
rmt_bd238dcb,htl_14aa3026,Heritage Room,2,2,0,single,49,23154.97,INR,18,0,active,2026-08-18T10:00:00+05:30
rmt_60f52139,htl_1ef3de6b,Family Room,4,3,2,double,45,13948.97,INR,7,0,active,2026-08-18T10:00:00+05:30
rmt_38319111,htl_1ef3de6b,Twin Economy,2,2,0,twin_double,,17436.21,INR,25,0,active,2026-08-18T10:00:00+05:30
rmt_06ea2b02,htl_1ef3de6b,Deluxe,2,2,0,single,53,22318.35,INR,2,0,active,2026-08-18T10:00:00+05:30
rmt_d4cdc535,htl_1ef3de6b,Heritage Room,2,2,0,king,48,30687.74,INR,22,0,active,2026-08-18T10:00:00+05:30
rmt_2ed8db0d,htl_13ad06f2,Heritage Room,2,2,0,twin,53,5279.38,INR,21,0,active,2026-08-18T10:00:00+05:30
rmt_ea779021,htl_13ad06f2,Standard,2,2,0,double,33,6599.23,INR,20,0,active,2026-08-18T10:00:00+05:30
rmt_14ca2773,htl_13ad06f2,Executive,2,2,0,double,28,8447.01,INR,18,0,active,2026-08-18T10:00:00+05:30
rmt_92703e4f,htl_13ad06f2,Family Room,4,3,2,king,42,11614.64,INR,18,0,active,2026-08-18T10:00:00+05:30
rmt_a3047b7c,htl_5488ed63,Deluxe,2,2,0,bunk,44,13181.58,INR,4,0,active,2026-08-18T10:00:00+05:30
rmt_c4bbb0c6,htl_5488ed63,Heritage Room,2,2,0,double,33,16476.97,INR,2,0,active,2026-08-18T10:00:00+05:30
rmt_678528cd,htl_5488ed63,Deluxe Garden View,3,3,1,single,61,21090.52,INR,3,0,active,2026-08-18T10:00:00+05:30
rmt_8ab364a5,htl_5488ed63,Twin Economy,2,2,0,bunk,39,28999.47,INR,2,0,active,2026-08-18T10:00:00+05:30
rmt_4d4b46ba,htl_ed48c7a2,Deluxe,2,2,0,bunk,53,5857.33,INR,16,0,active,2026-08-18T10:00:00+05:30
rmt_d0edcf73,htl_ed48c7a2,Twin Economy,2,2,0,bunk,33,7321.67,INR,20,0,active,2026-08-18T10:00:00+05:30
rmt_530ea617,htl_ed48c7a2,Premier Suite,4,3,2,queen,17,9371.74,INR,10,0,active,2026-08-18T10:00:00+05:30
rmt_1fca396b,htl_ed48c7a2,Standard,2,2,0,king,,12886.14,INR,2,0,active,2026-08-18T10:00:00+05:30
rmt_ae6a797b,htl_aceeb75d,Heritage Room,2,2,0,twin_double,39,2663.91,INR,6,0,active,2026-08-18T10:00:00+05:30
rmt_e1b24db7,htl_aceeb75d,Family Room,4,3,2,twin_double,52,3329.88,INR,8,0,active,2026-08-18T10:00:00+05:30
rmt_445d4d30,htl_aceeb75d,Premier Suite,4,3,2,single,54,4262.25,INR,19,0,active,2026-08-18T10:00:00+05:30
rmt_f667f1f4,htl_aceeb75d,Deluxe Garden View,3,3,1,king,18,5860.59,INR,14,0,active,2026-08-18T10:00:00+05:30
rmt_e5de6e52,htl_df0a4506,Deluxe,2,2,0,twin,58,13824.12,INR,24,0,active,2026-08-18T10:00:00+05:30
rmt_5de51a17,htl_df0a4506,Twin Economy,2,2,0,double,16,17280.14,INR,3,1,active,2026-08-18T10:00:00+05:30
rmt_3cd04cb9,htl_df0a4506,Deluxe Garden View,3,3,1,double,51,22118.59,INR,9,0,active,2026-08-18T10:00:00+05:30
rmt_8a230a0d,htl_df0a4506,Premier Suite,4,3,2,queen,22,30413.05,INR,4,0,active,2026-08-18T10:00:00+05:30
rmt_ad5eda23,htl_5cc7b022,Standard,2,2,0,double,36,2868.26,INR,4,0,active,2026-08-18T10:00:00+05:30
rmt_32fa9828,htl_5cc7b022,Deluxe Garden View,3,3,1,twin_double,53,3585.33,INR,14,0,active,2026-08-18T10:00:00+05:30
rmt_a50c7c83,htl_5cc7b022,Family Room,4,3,2,twin,51,4589.22,INR,17,0,active,2026-08-18T10:00:00+05:30
rmt_d0ff4916,htl_5cc7b022,Heritage Room,2,2,0,bunk,45,6310.17,INR,6,0,active,2026-08-18T10:00:00+05:30
rmt_546d32f3,htl_436d4430,Executive,2,2,0,queen,28,6588.93,INR,10,0,active,2026-08-18T10:00:00+05:30
rmt_3cb6cd30,htl_436d4430,Heritage Room,2,2,0,double,54,8236.16,INR,12,0,active,2026-08-18T10:00:00+05:30
rmt_120e4dd2,htl_436d4430,Premier Suite,4,3,2,twin_double,43,10542.29,INR,16,0,active,2026-08-18T10:00:00+05:30
rmt_be3cf350,htl_436d4430,Deluxe,2,2,0,single,,14495.65,INR,15,0,active,2026-08-18T10:00:00+05:30
rmt_50331ee5,htl_ee1f6167,Premier Suite,4,3,2,double,45,7541.57,INR,4,0,active,2026-08-18T10:00:00+05:30
rmt_18beff3d,htl_ee1f6167,Family Room,4,3,2,queen,49,9426.97,INR,23,0,active,2026-08-18T10:00:00+05:30
rmt_0497b541,htl_ee1f6167,Deluxe Garden View,3,3,1,queen,50,12066.52,INR,10,0,active,2026-08-18T10:00:00+05:30
rmt_63be6614,htl_ee1f6167,Twin Economy,2,2,0,king,25,16591.46,INR,12,0,active,2026-08-18T10:00:00+05:30
rmt_ec8f2f1f,htl_6f9c55b9,Standard,2,2,0,king,38,6530.01,INR,11,0,active,2026-08-18T10:00:00+05:30
rmt_6660dd94,htl_6f9c55b9,Premier Suite,4,3,2,queen,54,8162.52,INR,19,0,active,2026-08-18T10:00:00+05:30
rmt_ff860aad,htl_6f9c55b9,Executive,2,2,0,twin,,10448.02,INR,9,0,active,2026-08-18T10:00:00+05:30
rmt_d2516451,htl_6f9c55b9,Family Room,4,3,2,twin_double,46,14366.03,INR,13,0,active,2026-08-18T10:00:00+05:30
rmt_f0cd7fd7,htl_e7f80c48,Deluxe Garden View,3,3,1,single,34,5205.03,INR,23,0,active,2026-08-18T10:00:00+05:30
rmt_435bfd43,htl_e7f80c48,Family Room,4,3,2,double,37,6506.29,INR,17,0,active,2026-08-18T10:00:00+05:30
rmt_5d642711,htl_e7f80c48,Premier Suite,4,3,2,twin_double,19,8328.05,INR,18,0,active,2026-08-18T10:00:00+05:30
rmt_b283a8b8,htl_e7f80c48,Executive,2,2,0,king,16,11451.06,INR,16,0,active,2026-08-18T10:00:00+05:30
rmt_aec8441a,htl_a7836911,Heritage Room,2,2,0,twin_double,51,6629.79,INR,13,0,active,2026-08-18T10:00:00+05:30
rmt_bfe306c2,htl_a7836911,Premier Suite,4,3,2,king,54,8287.24,INR,25,0,active,2026-08-18T10:00:00+05:30
rmt_43799d6c,htl_a7836911,Executive,2,2,0,queen,39,10607.67,INR,25,0,active,2026-08-18T10:00:00+05:30
rmt_2ee21607,htl_a7836911,Deluxe,2,2,0,double,59,14585.54,INR,19,0,active,2026-08-18T10:00:00+05:30
rmt_259e6353,htl_c649fa89,Standard,2,2,0,double,53,3407.55,INR,3,0,active,2026-08-18T10:00:00+05:30
rmt_d3ea4acb,htl_c649fa89,Deluxe,2,2,0,king,45,4259.44,INR,18,1,active,2026-08-18T10:00:00+05:30
rmt_d0b310f0,htl_c649fa89,Premier Suite,4,3,2,twin,21,5452.08,INR,21,0,active,2026-08-18T10:00:00+05:30
rmt_49bdf69e,htl_c649fa89,Heritage Room,2,2,0,twin,23,7496.62,INR,9,0,active,2026-08-18T10:00:00+05:30
rmt_cd0a1cfc,htl_62ba5d99,Executive,2,2,0,twin_double,52,5472.27,INR,23,0,active,2026-08-18T10:00:00+05:30
rmt_b4cf3ec4,htl_62ba5d99,Family Room,4,3,2,twin,59,6840.34,INR,19,0,active,2026-08-18T10:00:00+05:30
rmt_7edee5da,htl_62ba5d99,Twin Economy,2,2,0,bunk,54,8755.64,INR,12,0,active,2026-08-18T10:00:00+05:30
rmt_4fc4c4d3,htl_62ba5d99,Deluxe Garden View,3,3,1,bunk,31,12039.00,INR,7,1,active,2026-08-18T10:00:00+05:30
rmt_b206a2b9,htl_a131f5ce,Family Room,4,3,2,double,18,3733.09,INR,7,0,active,2026-08-18T10:00:00+05:30
rmt_423ed768,htl_a131f5ce,Deluxe Garden View,3,3,1,bunk,,4666.37,INR,2,0,active,2026-08-18T10:00:00+05:30
rmt_0a6f68c7,htl_a131f5ce,Executive,2,2,0,queen,59,5972.95,INR,24,0,active,2026-08-18T10:00:00+05:30
rmt_6cfc99b4,htl_a131f5ce,Standard,2,2,0,single,38,8212.80,INR,10,0,active,2026-08-18T10:00:00+05:30
rmt_4f14363b,htl_5f017daa,Twin Economy,2,2,0,double,26,1697.72,INR,14,0,active,2026-08-18T10:00:00+05:30
rmt_b6ed5055,htl_5f017daa,Executive,2,2,0,bunk,47,2122.15,INR,9,0,active,2026-08-18T10:00:00+05:30
rmt_e45d6f7e,htl_5f017daa,Family Room,4,3,2,twin,21,2716.35,INR,25,0,active,2026-08-18T10:00:00+05:30
rmt_ea7e5466,htl_5f017daa,Heritage Room,2,2,0,queen,16,3734.98,INR,25,0,active,2026-08-18T10:00:00+05:30
rmt_2f4f2596,htl_b58f3951,Executive,2,2,0,queen,38,5495.60,INR,20,0,active,2026-08-18T10:00:00+05:30
rmt_79f17c49,htl_b58f3951,Family Room,4,3,2,single,37,6869.50,INR,11,0,active,2026-08-18T10:00:00+05:30
rmt_fe3f72f1,htl_b58f3951,Twin Economy,2,2,0,queen,53,8792.96,INR,7,0,active,2026-08-18T10:00:00+05:30
rmt_eede5ffe,htl_b58f3951,Standard,2,2,0,twin,45,12090.32,INR,7,0,active,2026-08-18T10:00:00+05:30
rmt_650c9934,htl_f415989a,Deluxe,2,2,0,twin,25,1612.79,INR,20,0,active,2026-08-18T10:00:00+05:30
rmt_d5d1225e,htl_f415989a,Deluxe Garden View,3,3,1,twin_double,,2015.99,INR,6,0,active,2026-08-18T10:00:00+05:30
rmt_024aae3a,htl_f415989a,Premier Suite,4,3,2,twin,50,2580.47,INR,3,0,active,2026-08-18T10:00:00+05:30
rmt_60a7859f,htl_f415989a,Standard,2,2,0,single,61,3548.15,INR,17,0,active,2026-08-18T10:00:00+05:30
rmt_6548e2cd,htl_d1b123ad,Deluxe,2,2,0,double,16,3141.84,INR,16,0,active,2026-08-18T10:00:00+05:30
rmt_708dcfd3,htl_d1b123ad,Heritage Room,2,2,0,single,29,3927.30,INR,21,0,active,2026-08-18T10:00:00+05:30
rmt_8e5f928f,htl_d1b123ad,Premier Suite,4,3,2,double,48,5026.94,INR,21,0,active,2026-08-18T10:00:00+05:30
rmt_cbac9201,htl_d1b123ad,Twin Economy,2,2,0,queen,23,6912.05,INR,3,0,active,2026-08-18T10:00:00+05:30
rmt_f17c08e7,htl_0c108c67,Premier Suite,4,3,2,bunk,18,5311.90,INR,3,0,active,2026-08-18T10:00:00+05:30
rmt_784f7fe9,htl_0c108c67,Deluxe Garden View,3,3,1,single,28,6639.88,INR,7,0,active,2026-08-18T10:00:00+05:30
rmt_5e0e2577,htl_0c108c67,Standard,2,2,0,twin,33,8499.04,INR,22,0,active,2026-08-18T10:00:00+05:30
rmt_905576da,htl_0c108c67,Executive,2,2,0,twin,29,11686.18,INR,4,0,active,2026-08-18T10:00:00+05:30
rmt_56701d68,htl_3e63856a,Standard,2,2,0,twin_double,24,7353.19,INR,4,0,active,2026-08-18T10:00:00+05:30
rmt_f0305071,htl_3e63856a,Heritage Room,2,2,0,twin_double,32,9191.49,INR,6,0,active,2026-08-18T10:00:00+05:30
rmt_1b34ab4d,htl_3e63856a,Premier Suite,4,3,2,twin_double,22,11765.11,INR,23,0,active,2026-08-18T10:00:00+05:30
rmt_d1abd407,htl_3e63856a,Executive,2,2,0,double,37,16177.03,INR,23,0,active,2026-08-18T10:00:00+05:30
rmt_5e647c40,htl_b1b494c7,Executive,2,2,0,queen,49,10799.84,INR,9,0,active,2026-08-18T10:00:00+05:30
rmt_709c7acc,htl_b1b494c7,Heritage Room,2,2,0,bunk,,13499.80,INR,12,0,active,2026-08-18T10:00:00+05:30
rmt_2ef10b2a,htl_b1b494c7,Standard,2,2,0,king,54,17279.75,INR,20,1,active,2026-08-18T10:00:00+05:30
rmt_2d887c26,htl_b1b494c7,Premier Suite,4,3,2,twin,39,23759.65,INR,25,0,active,2026-08-18T10:00:00+05:30
rmt_a47d4809,htl_c134b947,Deluxe,2,2,0,double,45,7432.52,INR,15,0,active,2026-08-18T10:00:00+05:30
rmt_39bad24e,htl_c134b947,Twin Economy,2,2,0,bunk,55,9290.65,INR,22,0,active,2026-08-18T10:00:00+05:30
rmt_0e860876,htl_c134b947,Standard,2,2,0,double,32,11892.03,INR,2,0,active,2026-08-18T10:00:00+05:30
rmt_268a4873,htl_c134b947,Heritage Room,2,2,0,king,47,16351.54,INR,2,0,active,2026-08-18T10:00:00+05:30
rmt_bcf88c61,htl_040c557e,Executive,2,2,0,bunk,52,2692.64,INR,11,0,active,2026-08-18T10:00:00+05:30
rmt_0ac76f1f,htl_040c557e,Standard,2,2,0,single,19,3365.80,INR,20,0,active,2026-08-18T10:00:00+05:30
rmt_d7a0cdfe,htl_040c557e,Twin Economy,2,2,0,twin_double,38,4308.22,INR,11,0,active,2026-08-18T10:00:00+05:30
rmt_9731daf4,htl_040c557e,Family Room,4,3,2,king,20,5923.80,INR,4,0,active,2026-08-18T10:00:00+05:30
rmt_22a0518f,htl_8179b205,Family Room,4,3,2,queen,18,2565.55,INR,13,0,active,2026-08-18T10:00:00+05:30
rmt_8039634d,htl_8179b205,Heritage Room,2,2,0,bunk,40,3206.94,INR,21,0,active,2026-08-18T10:00:00+05:30
rmt_6d92f523,htl_8179b205,Standard,2,2,0,king,27,4104.88,INR,20,1,active,2026-08-18T10:00:00+05:30
rmt_0eac32b1,htl_8179b205,Deluxe,2,2,0,king,22,5644.21,INR,24,0,active,2026-08-18T10:00:00+05:30
rmt_47eaeab8,htl_9b015642,Family Room,4,3,2,twin,44,14787.26,INR,10,0,active,2026-08-18T10:00:00+05:30
rmt_013959d4,htl_9b015642,Twin Economy,2,2,0,queen,52,18484.08,INR,15,1,active,2026-08-18T10:00:00+05:30
rmt_cab3c669,htl_9b015642,Deluxe Garden View,3,3,1,single,42,23659.62,INR,3,0,active,2026-08-18T10:00:00+05:30
rmt_add53bc2,htl_9b015642,Deluxe,2,2,0,twin_double,48,32531.98,INR,8,0,active,2026-08-18T10:00:00+05:30
rmt_bc84cb85,htl_e13e7c6e,Executive,2,2,0,twin_double,53,3087.67,INR,4,0,active,2026-08-18T10:00:00+05:30
rmt_a68f0c81,htl_e13e7c6e,Twin Economy,2,2,0,double,27,3859.58,INR,15,0,active,2026-08-18T10:00:00+05:30
rmt_1ea3d32f,htl_e13e7c6e,Heritage Room,2,2,0,queen,20,4940.26,INR,14,0,active,2026-08-18T10:00:00+05:30
rmt_f891a134,htl_e13e7c6e,Family Room,4,3,2,bunk,42,6792.86,INR,7,0,active,2026-08-18T10:00:00+05:30
rmt_48fca746,htl_b93e42eb,Executive,2,2,0,king,40,3580.09,INR,2,0,active,2026-08-18T10:00:00+05:30
rmt_d2833983,htl_b93e42eb,Twin Economy,2,2,0,twin_double,36,4475.11,INR,13,0,active,2026-08-18T10:00:00+05:30
rmt_35c23c39,htl_b93e42eb,Premier Suite,4,3,2,bunk,55,5728.14,INR,21,0,active,2026-08-18T10:00:00+05:30
rmt_cf661344,htl_b93e42eb,Family Room,4,3,2,twin,56,7876.19,INR,14,0,active,2026-08-18T10:00:00+05:30
rmt_f4767b7e,htl_9643ee61,Standard,2,2,0,double,59,35861.65,INR,14,0,active,2026-08-18T10:00:00+05:30
rmt_4726f8c7,htl_9643ee61,Deluxe,2,2,0,king,,8150.37,INR,3,0,active,2026-08-18T10:00:00+05:30
rmt_7fd36665,htl_9643ee61,Deluxe Garden View,3,3,1,double,58,10432.48,INR,2,0,active,2026-08-18T10:00:00+05:30
rmt_dd8fc98d,htl_9643ee61,Executive,2,2,0,bunk,20,14344.66,INR,3,0,active,2026-08-18T10:00:00+05:30
rmt_4a787963,htl_c9bc505f,Executive,2,2,0,double,46,6287.10,INR,10,0,active,2026-08-18T10:00:00+05:30
rmt_22e18967,htl_c9bc505f,Family Room,4,3,2,double,16,7858.87,INR,4,0,active,2026-08-18T10:00:00+05:30
rmt_19e0b184,htl_c9bc505f,Twin Economy,2,2,0,double,29,10059.35,INR,22,0,active,2026-08-18T10:00:00+05:30
rmt_c55ccaef,htl_c9bc505f,Standard,2,2,0,single,50,13831.61,INR,3,1,active,2026-08-18T10:00:00+05:30
rmt_fd5ae932,htl_7aa20f17,Family Room,4,3,2,queen,51,3427.39,INR,18,0,active,2026-08-18T10:00:00+05:30
rmt_2ee7481d,htl_7aa20f17,Twin Economy,2,2,0,single,49,4284.24,INR,15,0,active,2026-08-18T10:00:00+05:30
rmt_3661f45e,htl_7aa20f17,Heritage Room,2,2,0,queen,48,5483.82,INR,3,0,active,2026-08-18T10:00:00+05:30
rmt_1393d496,htl_7aa20f17,Executive,2,2,0,twin_double,23,7540.26,INR,15,0,active,2026-08-18T10:00:00+05:30
rmt_bbe3b35d,htl_ec9ef535,Heritage Room,2,2,0,double,47,1495.81,INR,17,0,active,2026-08-18T10:00:00+05:30
rmt_da84c2a1,htl_ec9ef535,Premier Suite,4,3,2,twin,44,1869.76,INR,3,0,active,2026-08-18T10:00:00+05:30
rmt_82174bde,htl_ec9ef535,Deluxe Garden View,3,3,1,single,47,2393.29,INR,22,0,active,2026-08-18T10:00:00+05:30
rmt_6b108445,htl_ec9ef535,Twin Economy,2,2,0,twin,28,3290.77,INR,21,0,active,2026-08-18T10:00:00+05:30
rmt_adfde93d,htl_bc107f55,Deluxe,2,2,0,single,,6039.74,INR,7,0,active,2026-08-18T10:00:00+05:30
rmt_abcb8af5,htl_bc107f55,Deluxe Garden View,3,3,1,queen,25,7549.67,INR,13,0,active,2026-08-18T10:00:00+05:30
rmt_90cd3c11,htl_bc107f55,Premier Suite,4,3,2,twin,60,9663.58,INR,18,1,active,2026-08-18T10:00:00+05:30
rmt_889298aa,htl_bc107f55,Twin Economy,2,2,0,king,31,13287.43,INR,20,1,active,2026-08-18T10:00:00+05:30
rmt_5b220b9c,htl_7bdd1aff,Deluxe Garden View,3,3,1,twin,61,3989.94,INR,7,1,active,2026-08-18T10:00:00+05:30
rmt_4cd1e779,htl_7bdd1aff,Standard,2,2,0,twin,24,4987.43,INR,25,0,active,2026-08-18T10:00:00+05:30
rmt_5e6f1662,htl_7bdd1aff,Family Room,4,3,2,twin_double,35,6383.91,INR,16,0,active,2026-08-18T10:00:00+05:30
rmt_17514b94,htl_7bdd1aff,Twin Economy,2,2,0,twin,24,8777.88,INR,19,0,active,2026-08-18T10:00:00+05:30
rmt_7a6bb96a,htl_e3c2d87b,Heritage Room,2,2,0,double,54,15105.00,INR,18,0,active,2026-08-18T10:00:00+05:30
rmt_818bfa97,htl_e3c2d87b,Deluxe Garden View,3,3,1,twin_double,43,18881.25,INR,2,0,active,2026-08-18T10:00:00+05:30
rmt_140c165e,htl_e3c2d87b,Premier Suite,4,3,2,queen,,24168.00,INR,9,0,active,2026-08-18T10:00:00+05:30
rmt_5b68a891,htl_e3c2d87b,Family Room,4,3,2,queen,41,33231.00,INR,19,0,active,2026-08-18T10:00:00+05:30
rmt_b91c7e7c,htl_bf678135,Deluxe,2,2,0,single,35,12950.38,INR,23,0,active,2026-08-18T10:00:00+05:30
rmt_c5263905,htl_bf678135,Deluxe Garden View,3,3,1,king,16,16187.97,INR,3,0,active,2026-08-18T10:00:00+05:30
rmt_9cbe2d8e,htl_bf678135,Twin Economy,2,2,0,king,58,20720.60,INR,6,0,active,2026-08-18T10:00:00+05:30
rmt_b9c59920,htl_bf678135,Family Room,4,3,2,twin_double,35,28490.83,INR,4,0,active,2026-08-18T10:00:00+05:30
rmt_2e6d19e7,htl_13418139,Deluxe,2,2,0,double,21,2835.27,INR,3,0,active,2026-08-18T10:00:00+05:30
rmt_da87f9bd,htl_13418139,Twin Economy,2,2,0,bunk,36,3544.09,INR,7,1,active,2026-08-18T10:00:00+05:30
rmt_63eb94a0,htl_13418139,Premier Suite,4,3,2,twin_double,33,4536.44,INR,2,0,active,2026-08-18T10:00:00+05:30
rmt_20470f7b,htl_13418139,Executive,2,2,0,bunk,45,6237.60,INR,6,0,active,2026-08-18T10:00:00+05:30
rmt_08a2564d,htl_5a20d360,Executive,2,2,0,single,27,3677.25,INR,3,0,active,2026-08-18T10:00:00+05:30
rmt_63e35ab2,htl_5a20d360,Deluxe,2,2,0,twin_double,38,4596.57,INR,8,0,active,2026-08-18T10:00:00+05:30
rmt_800763ea,htl_5a20d360,Heritage Room,2,2,0,king,32,5883.60,INR,3,0,active,2026-08-18T10:00:00+05:30
rmt_591c4f11,htl_5a20d360,Twin Economy,2,2,0,bunk,59,8089.96,INR,2,0,active,2026-08-18T10:00:00+05:30
rmt_47227828,htl_b9dc154f,Heritage Room,2,2,0,twin_double,52,7094.37,INR,2,0,active,2026-08-18T10:00:00+05:30
rmt_e22a33fa,htl_b9dc154f,Executive,2,2,0,bunk,45,8867.96,INR,16,0,active,2026-08-18T10:00:00+05:30
rmt_ed96e2ba,htl_b9dc154f,Premier Suite,4,3,2,single,18,11350.99,INR,2,0,active,2026-08-18T10:00:00+05:30
rmt_e561c575,htl_b9dc154f,Deluxe,2,2,0,double,,15607.62,INR,12,0,active,2026-08-18T10:00:00+05:30
rmt_22def478,htl_7bb07d85,Heritage Room,2,2,0,bunk,54,5557.48,INR,11,1,active,2026-08-18T10:00:00+05:30
rmt_528294fe,htl_7bb07d85,Deluxe Garden View,3,3,1,bunk,33,6946.85,INR,22,0,active,2026-08-18T10:00:00+05:30
rmt_21ed1f88,htl_7bb07d85,Twin Economy,2,2,0,twin_double,34,8891.96,INR,6,1,active,2026-08-18T10:00:00+05:30
rmt_05727d62,htl_7bb07d85,Executive,2,2,0,bunk,54,12226.45,INR,19,0,active,2026-08-18T10:00:00+05:30
rmt_b69a22dd,htl_718f3718,Premier Suite,4,3,2,twin,57,1787.06,INR,18,0,active,2026-08-18T10:00:00+05:30
rmt_55884246,htl_718f3718,Standard,2,2,0,king,42,2233.83,INR,23,0,active,2026-08-18T10:00:00+05:30
rmt_94c7cd5d,htl_718f3718,Twin Economy,2,2,0,king,45,2859.30,INR,23,0,active,2026-08-18T10:00:00+05:30
rmt_87e691a5,htl_718f3718,Deluxe,2,2,0,single,45,3931.54,INR,4,0,active,2026-08-18T10:00:00+05:30
rmt_1c05fa87,htl_4aef7a7a,Executive,2,2,0,double,26,3054.63,INR,20,0,active,2026-08-18T10:00:00+05:30
rmt_35f045d9,htl_4aef7a7a,Twin Economy,2,2,0,twin,42,3818.29,INR,3,0,active,2026-08-18T10:00:00+05:30
rmt_0be75b1e,htl_4aef7a7a,Standard,2,2,0,bunk,30,4887.41,INR,17,0,active,2026-08-18T10:00:00+05:30
rmt_7e538eb3,htl_4aef7a7a,Deluxe Garden View,3,3,1,twin_double,19,6720.19,INR,2,0,active,2026-08-18T10:00:00+05:30
rmt_b384b31a,htl_101afcbe,Deluxe Garden View,3,3,1,twin_double,44,2618.97,INR,16,0,active,2026-08-18T10:00:00+05:30
rmt_3d9c34a3,htl_101afcbe,Premier Suite,4,3,2,double,53,3273.72,INR,17,0,active,2026-08-18T10:00:00+05:30
rmt_551b2c94,htl_101afcbe,Deluxe,2,2,0,twin_double,25,4190.36,INR,8,0,active,2026-08-18T10:00:00+05:30
rmt_688b73f3,htl_101afcbe,Executive,2,2,0,twin_double,56,5761.74,INR,2,0,active,2026-08-18T10:00:00+05:30
rmt_41693e02,htl_ddccdc31,Deluxe,2,2,0,double,35,3581.59,INR,19,0,active,2026-08-18T10:00:00+05:30
rmt_d7416d52,htl_ddccdc31,Twin Economy,2,2,0,bunk,31,4476.99,INR,13,0,active,2026-08-18T10:00:00+05:30
rmt_167f1e72,htl_ddccdc31,Standard,2,2,0,twin_double,21,5730.55,INR,21,0,active,2026-08-18T10:00:00+05:30
rmt_f0431bad,htl_ddccdc31,Deluxe Garden View,3,3,1,king,47,7879.50,INR,2,1,active,2026-08-18T10:00:00+05:30
rmt_a1a9c79e,htl_960025d2,Premier Suite,4,3,2,twin_double,27,2889.98,INR,14,0,active,2026-08-18T10:00:00+05:30
rmt_25fa9250,htl_960025d2,Heritage Room,2,2,0,twin,34,3612.47,INR,25,0,active,2026-08-18T10:00:00+05:30
rmt_ef9de2f5,htl_960025d2,Deluxe,2,2,0,double,48,4623.96,INR,2,0,active,2026-08-18T10:00:00+05:30
rmt_26f40faa,htl_960025d2,Executive,2,2,0,single,,6357.95,INR,22,0,active,2026-08-18T10:00:00+05:30
rmt_3a595898,htl_c8a743dd,Executive,2,2,0,bunk,26,1798.50,INR,3,0,active,2026-08-18T10:00:00+05:30
rmt_2fe512ad,htl_c8a743dd,Twin Economy,2,2,0,double,41,2248.12,INR,15,0,active,2026-08-18T10:00:00+05:30
rmt_ab072c2e,htl_c8a743dd,Deluxe,2,2,0,single,23,2877.59,INR,13,0,active,2026-08-18T10:00:00+05:30
rmt_dc0f7b12,htl_c8a743dd,Heritage Room,2,2,0,king,37,3956.69,INR,7,0,active,2026-08-18T10:00:00+05:30
rmt_b06c1e04,htl_cebc7d14,Premier Suite,4,3,2,twin,47,1992.51,INR,3,0,active,2026-08-18T10:00:00+05:30
rmt_79aa251b,htl_cebc7d14,Twin Economy,2,2,0,bunk,17,2490.63,INR,11,0,active,2026-08-18T10:00:00+05:30
rmt_110f3683,htl_cebc7d14,Executive,2,2,0,twin_double,32,3188.01,INR,2,0,active,2026-08-18T10:00:00+05:30
rmt_4d32f357,htl_cebc7d14,Heritage Room,2,2,0,king,52,4383.52,INR,4,0,active,2026-08-18T10:00:00+05:30
rmt_e2da1aca,htl_0271c63d,Deluxe,2,2,0,double,,2992.70,INR,20,0,active,2026-08-18T10:00:00+05:30
rmt_a369d34e,htl_0271c63d,Twin Economy,2,2,0,king,44,3740.88,INR,4,1,active,2026-08-18T10:00:00+05:30
rmt_4e6c1c8f,htl_0271c63d,Premier Suite,4,3,2,king,25,4788.32,INR,7,0,active,2026-08-18T10:00:00+05:30
rmt_f2618bda,htl_0271c63d,Executive,2,2,0,double,61,6583.94,INR,19,0,active,2026-08-18T10:00:00+05:30
rmt_687cf1e5,htl_90bb6e48,Family Room,4,3,2,queen,23,6599.49,INR,16,0,active,2026-08-18T10:00:00+05:30
rmt_72f89279,htl_90bb6e48,Heritage Room,2,2,0,single,35,8249.36,INR,11,0,active,2026-08-18T10:00:00+05:30
rmt_f52bde0d,htl_90bb6e48,Executive,2,2,0,single,,10559.18,INR,3,1,active,2026-08-18T10:00:00+05:30
rmt_ca3c8b4b,htl_90bb6e48,Deluxe Garden View,3,3,1,king,39,14518.87,INR,9,0,active,2026-08-18T10:00:00+05:30
rmt_27d1faf1,htl_871f7548,Deluxe Garden View,3,3,1,bunk,,2058.49,INR,2,0,active,2026-08-18T10:00:00+05:30
rmt_f0522faf,htl_871f7548,Twin Economy,2,2,0,single,31,2573.12,INR,24,0,active,2026-08-18T10:00:00+05:30
rmt_926cc9e2,htl_871f7548,Standard,2,2,0,double,57,3293.59,INR,21,0,active,2026-08-18T10:00:00+05:30
rmt_3fea1993,htl_871f7548,Deluxe,2,2,0,twin,51,4528.69,INR,15,0,active,2026-08-18T10:00:00+05:30
rmt_77174029,htl_fd99a5e3,Heritage Room,2,2,0,twin,24,5102.72,INR,3,0,active,2026-08-18T10:00:00+05:30
rmt_a1d067ea,htl_fd99a5e3,Deluxe Garden View,3,3,1,twin,58,6378.40,INR,7,0,active,2026-08-18T10:00:00+05:30
rmt_fd4ca39c,htl_fd99a5e3,Deluxe,2,2,0,queen,52,8164.36,INR,8,0,active,2026-08-18T10:00:00+05:30
rmt_3f460fd8,htl_fd99a5e3,Standard,2,2,0,queen,19,11225.99,INR,21,0,active,2026-08-18T10:00:00+05:30
rmt_648449a2,htl_02220bb1,Twin Economy,2,2,0,single,53,6224.30,INR,13,0,active,2026-08-18T10:00:00+05:30
rmt_65903ede,htl_02220bb1,Heritage Room,2,2,0,bunk,32,7780.37,INR,13,0,active,2026-08-18T10:00:00+05:30
rmt_15cd7381,htl_02220bb1,Standard,2,2,0,king,21,9958.88,INR,13,0,active,2026-08-18T10:00:00+05:30
rmt_b56bcaf9,htl_02220bb1,Deluxe Garden View,3,3,1,bunk,16,13693.45,INR,4,0,active,2026-08-18T10:00:00+05:30
rmt_59d60883,htl_068a2e31,Standard,2,2,0,twin_double,33,3107.46,INR,11,0,active,2026-08-18T10:00:00+05:30
rmt_96469ce5,htl_068a2e31,Family Room,4,3,2,twin,49,3884.33,INR,22,0,active,2026-08-18T10:00:00+05:30
rmt_7d0cef5a,htl_068a2e31,Deluxe Garden View,3,3,1,single,28,4971.94,INR,11,0,active,2026-08-18T10:00:00+05:30
rmt_e50b47af,htl_068a2e31,Twin Economy,2,2,0,bunk,46,6836.41,INR,3,1,active,2026-08-18T10:00:00+05:30
rmt_8d89007b,htl_8dd76814,Standard,2,2,0,bunk,28,1456.54,INR,17,0,active,2026-08-18T10:00:00+05:30
rmt_a02efde1,htl_8dd76814,Deluxe Garden View,3,3,1,queen,37,1820.68,INR,23,0,active,2026-08-18T10:00:00+05:30
rmt_8b9d4102,htl_8dd76814,Premier Suite,4,3,2,bunk,42,2330.47,INR,11,0,active,2026-08-18T10:00:00+05:30
rmt_49b7d67a,htl_8dd76814,Twin Economy,2,2,0,twin,32,3204.39,INR,12,0,active,2026-08-18T10:00:00+05:30
rmt_fe825282,htl_ea1d6629,Twin Economy,2,2,0,queen,50,3822.56,INR,16,0,active,2026-08-18T10:00:00+05:30
rmt_5de8d57d,htl_ea1d6629,Premier Suite,4,3,2,single,53,4778.20,INR,6,0,active,2026-08-18T10:00:00+05:30
rmt_3d14ceda,htl_ea1d6629,Deluxe,2,2,0,bunk,50,6116.10,INR,16,0,active,2026-08-18T10:00:00+05:30
rmt_8e081aa6,htl_ea1d6629,Standard,2,2,0,single,43,8409.64,INR,12,0,active,2026-08-18T10:00:00+05:30
rmt_7f9540cd,htl_8f2c9fd3,Executive,2,2,0,twin,26,7403.91,INR,19,0,active,2026-08-18T10:00:00+05:30
rmt_0fb2e967,htl_8f2c9fd3,Deluxe Garden View,3,3,1,single,,9254.88,INR,15,1,active,2026-08-18T10:00:00+05:30
rmt_a133dc21,htl_8f2c9fd3,Heritage Room,2,2,0,queen,,11846.25,INR,25,0,active,2026-08-18T10:00:00+05:30
rmt_ff264dc6,htl_8f2c9fd3,Deluxe,2,2,0,twin,34,16288.60,INR,8,0,active,2026-08-18T10:00:00+05:30
rmt_1d79d927,htl_25648fce,Twin Economy,2,2,0,queen,20,2602.42,INR,3,0,active,2026-08-18T10:00:00+05:30
rmt_8b45755c,htl_25648fce,Executive,2,2,0,single,41,3253.02,INR,4,0,active,2026-08-18T10:00:00+05:30
rmt_a1b9987b,htl_25648fce,Premier Suite,4,3,2,single,,4163.87,INR,11,0,active,2026-08-18T10:00:00+05:30
rmt_d68490f5,htl_25648fce,Heritage Room,2,2,0,double,,5725.32,INR,3,0,active,2026-08-18T10:00:00+05:30
rmt_f5240945,htl_2755e47d,Premier Suite,4,3,2,twin_double,22,11579.95,INR,12,0,active,2026-08-18T10:00:00+05:30
rmt_fc34ce18,htl_2755e47d,Deluxe,2,2,0,double,29,14474.93,INR,7,0,active,2026-08-18T10:00:00+05:30
rmt_0346ba24,htl_2755e47d,Standard,2,2,0,king,60,18527.91,INR,6,0,active,2026-08-18T10:00:00+05:30
rmt_37f39d35,htl_2755e47d,Family Room,4,3,2,double,42,25475.88,INR,23,0,active,2026-08-18T10:00:00+05:30
rmt_ad4e3f27,htl_84019428,Deluxe,2,2,0,double,55,3085.14,INR,17,1,active,2026-08-18T10:00:00+05:30
rmt_a1864caa,htl_84019428,Twin Economy,2,2,0,twin,52,3856.42,INR,10,0,active,2026-08-18T10:00:00+05:30
rmt_5dfd49b7,htl_84019428,Executive,2,2,0,bunk,,4936.22,INR,10,0,active,2026-08-18T10:00:00+05:30
rmt_27f6649c,htl_84019428,Deluxe Garden View,3,3,1,double,46,6787.30,INR,3,1,active,2026-08-18T10:00:00+05:30
rmt_bd9ee392,htl_4e72ba4d,Heritage Room,2,2,0,double,36,1933.74,INR,10,0,active,2026-08-18T10:00:00+05:30
rmt_c0bde6cb,htl_4e72ba4d,Deluxe Garden View,3,3,1,single,40,2417.18,INR,9,0,active,2026-08-18T10:00:00+05:30
rmt_cde81eb8,htl_4e72ba4d,Deluxe,2,2,0,twin,22,3093.99,INR,12,0,active,2026-08-18T10:00:00+05:30
rmt_d6a2032a,htl_4e72ba4d,Executive,2,2,0,single,59,4254.24,INR,23,0,active,2026-08-18T10:00:00+05:30
rmt_cd0a1f4d,htl_a47cd4c7,Executive,2,2,0,king,34,11076.43,INR,13,0,active,2026-08-18T10:00:00+05:30
rmt_0f2f5bb4,htl_a47cd4c7,Twin Economy,2,2,0,single,48,13845.54,INR,11,0,active,2026-08-18T10:00:00+05:30
rmt_30d93e64,htl_a47cd4c7,Premier Suite,4,3,2,queen,60,17722.29,INR,2,0,active,2026-08-18T10:00:00+05:30
rmt_81466de1,htl_a47cd4c7,Heritage Room,2,2,0,double,,24368.15,INR,9,1,active,2026-08-18T10:00:00+05:30
rmt_8159f767,htl_48fec9af,Heritage Room,2,2,0,single,,5098.47,INR,4,0,active,2026-08-18T10:00:00+05:30
rmt_564bfbf6,htl_48fec9af,Standard,2,2,0,double,57,6373.09,INR,4,0,active,2026-08-18T10:00:00+05:30
rmt_26ce7f6b,htl_48fec9af,Deluxe Garden View,3,3,1,twin_double,54,8157.55,INR,3,1,active,2026-08-18T10:00:00+05:30
rmt_08652597,htl_48fec9af,Family Room,4,3,2,twin,22,11216.63,INR,2,0,active,2026-08-18T10:00:00+05:30
rmt_903c62d8,htl_b36fd517,Deluxe,2,2,0,king,19,1879.61,INR,9,0,active,2026-08-18T10:00:00+05:30
rmt_ad910333,htl_b36fd517,Executive,2,2,0,twin_double,44,2349.51,INR,2,0,active,2026-08-18T10:00:00+05:30
rmt_dac67beb,htl_b36fd517,Family Room,4,3,2,double,18,3007.37,INR,12,0,active,2026-08-18T10:00:00+05:30
rmt_e9c79daa,htl_b36fd517,Twin Economy,2,2,0,king,23,4135.14,INR,14,0,active,2026-08-18T10:00:00+05:30
rmt_ff6ee93d,htl_298b4ec1,Premier Suite,4,3,2,bunk,40,10932.50,INR,17,0,active,2026-08-18T10:00:00+05:30
rmt_245d2660,htl_298b4ec1,Standard,2,2,0,queen,16,13665.63,INR,23,0,active,2026-08-18T10:00:00+05:30
rmt_e092be55,htl_298b4ec1,Family Room,4,3,2,double,18,17492.01,INR,14,0,active,2026-08-18T10:00:00+05:30
rmt_e68f231a,htl_298b4ec1,Twin Economy,2,2,0,bunk,39,24051.51,INR,17,0,active,2026-08-18T10:00:00+05:30
rmt_9cf80dff,htl_d205a5e4,Premier Suite,4,3,2,twin,,1856.23,INR,9,0,active,2026-08-18T10:00:00+05:30
rmt_1d6916d7,htl_d205a5e4,Deluxe Garden View,3,3,1,single,31,2320.28,INR,13,0,active,2026-08-18T10:00:00+05:30
rmt_4fd23018,htl_d205a5e4,Family Room,4,3,2,twin,56,2969.96,INR,20,0,active,2026-08-18T10:00:00+05:30
rmt_62d11505,htl_d205a5e4,Heritage Room,2,2,0,twin,44,4083.70,INR,24,0,active,2026-08-18T10:00:00+05:30
rmt_2e76c825,htl_c0de65d4,Heritage Room,2,2,0,king,36,3001.36,INR,10,0,active,2026-08-18T10:00:00+05:30
rmt_96d1418d,htl_c0de65d4,Deluxe,2,2,0,bunk,36,3751.71,INR,7,1,active,2026-08-18T10:00:00+05:30
rmt_4a338652,htl_c0de65d4,Deluxe Garden View,3,3,1,queen,58,4802.18,INR,6,1,active,2026-08-18T10:00:00+05:30
rmt_ba41e2e7,htl_c0de65d4,Executive,2,2,0,queen,32,6603.00,INR,19,0,active,2026-08-18T10:00:00+05:30
rmt_cea22577,htl_dc149b42,Standard,2,2,0,single,25,6222.47,INR,14,0,active,2026-08-18T10:00:00+05:30
rmt_fdc49e70,htl_dc149b42,Premier Suite,4,3,2,queen,31,7778.09,INR,18,0,active,2026-08-18T10:00:00+05:30
rmt_4c559d42,htl_dc149b42,Executive,2,2,0,queen,31,9955.95,INR,2,0,active,2026-08-18T10:00:00+05:30
rmt_12804e9a,htl_dc149b42,Heritage Room,2,2,0,double,16,13689.43,INR,12,0,active,2026-08-18T10:00:00+05:30
rmt_d27cc80e,htl_4d461be6,Premier Suite,4,3,2,queen,19,1798.27,INR,16,0,active,2026-08-18T10:00:00+05:30
rmt_95014fdd,htl_4d461be6,Twin Economy,2,2,0,twin,61,2247.84,INR,17,0,active,2026-08-18T10:00:00+05:30
rmt_10cf2e43,htl_4d461be6,Heritage Room,2,2,0,twin_double,57,2877.23,INR,23,0,active,2026-08-18T10:00:00+05:30
rmt_308cd361,htl_4d461be6,Deluxe,2,2,0,double,25,3956.20,INR,14,0,active,2026-08-18T10:00:00+05:30
rmt_e6b6703d,htl_273028a1,Twin Economy,2,2,0,king,20,2827.34,INR,20,0,active,2026-08-18T10:00:00+05:30
rmt_5f2b0922,htl_273028a1,Family Room,4,3,2,bunk,21,3534.17,INR,2,1,active,2026-08-18T10:00:00+05:30
rmt_060c5796,htl_273028a1,Deluxe,2,2,0,queen,33,4523.74,INR,4,0,active,2026-08-18T10:00:00+05:30
rmt_1e991e8e,htl_273028a1,Premier Suite,4,3,2,twin_double,38,6220.15,INR,7,0,active,2026-08-18T10:00:00+05:30
rmt_e2eb5354,htl_30653890,Premier Suite,4,3,2,twin_double,16,5835.35,INR,10,0,active,2026-08-18T10:00:00+05:30
rmt_9359fd43,htl_30653890,Deluxe Garden View,3,3,1,double,23,7294.18,INR,18,0,active,2026-08-18T10:00:00+05:30
rmt_212ee201,htl_30653890,Executive,2,2,0,king,45,9336.55,INR,10,0,active,2026-08-18T10:00:00+05:30
rmt_012c2d17,htl_30653890,Deluxe,2,2,0,twin,51,12837.76,INR,4,0,active,2026-08-18T10:00:00+05:30
rmt_4cf7dfce,htl_bfce4849,Twin Economy,2,2,0,bunk,,10953.78,INR,4,0,active,2026-08-18T10:00:00+05:30
rmt_9efd9ddb,htl_bfce4849,Heritage Room,2,2,0,twin,60,13692.23,INR,19,0,active,2026-08-18T10:00:00+05:30
rmt_e2cbaed4,htl_bfce4849,Deluxe,2,2,0,single,41,17526.05,INR,25,1,active,2026-08-18T10:00:00+05:30
rmt_62a96035,htl_bfce4849,Deluxe Garden View,3,3,1,twin,25,24098.32,INR,14,0,active,2026-08-18T10:00:00+05:30
rmt_6c44eee0,htl_bf31f384,Twin Economy,2,2,0,double,36,5313.08,INR,23,0,active,2026-08-18T10:00:00+05:30
rmt_6658b960,htl_bf31f384,Premier Suite,4,3,2,twin,16,6641.35,INR,15,0,active,2026-08-18T10:00:00+05:30
rmt_9eb5053c,htl_bf31f384,Standard,2,2,0,twin,50,8500.92,INR,22,0,active,2026-08-18T10:00:00+05:30
rmt_6459e588,htl_bf31f384,Deluxe,2,2,0,single,,11688.77,INR,13,0,active,2026-08-18T10:00:00+05:30
rmt_807baba0,htl_48b38cd2,Heritage Room,2,2,0,twin_double,52,3475.02,INR,13,0,active,2026-08-18T10:00:00+05:30
rmt_96ba4750,htl_48b38cd2,Twin Economy,2,2,0,twin,49,4343.78,INR,17,0,active,2026-08-18T10:00:00+05:30
rmt_57402874,htl_48b38cd2,Executive,2,2,0,double,,5560.04,INR,20,0,active,2026-08-18T10:00:00+05:30
rmt_67fe59d3,htl_48b38cd2,Deluxe,2,2,0,twin,39,7645.05,INR,18,0,active,2026-08-18T10:00:00+05:30
rmt_4a3dd2d6,htl_9591edb5,Premier Suite,4,3,2,bunk,40,7735.29,INR,16,0,active,2026-08-18T10:00:00+05:30
rmt_04e2744e,htl_9591edb5,Standard,2,2,0,double,21,9669.12,INR,25,0,active,2026-08-18T10:00:00+05:30
rmt_e0d53248,htl_9591edb5,Heritage Room,2,2,0,single,27,12376.47,INR,22,0,active,2026-08-18T10:00:00+05:30
rmt_fc4b3dd0,htl_9591edb5,Twin Economy,2,2,0,bunk,24,17017.64,INR,10,0,active,2026-08-18T10:00:00+05:30
rmt_0f48416c,htl_44f1ae8b,Family Room,4,3,2,queen,55,3443.96,INR,12,0,active,2026-08-18T10:00:00+05:30
rmt_1ab8e4b4,htl_44f1ae8b,Deluxe Garden View,3,3,1,double,,4304.95,INR,18,0,active,2026-08-18T10:00:00+05:30
rmt_68283a6c,htl_44f1ae8b,Standard,2,2,0,single,38,5510.34,INR,2,0,active,2026-08-18T10:00:00+05:30
rmt_4a96fc9e,htl_44f1ae8b,Executive,2,2,0,queen,36,7576.71,INR,20,0,active,2026-08-18T10:00:00+05:30
rmt_5b79bb89,htl_01cc0635,Deluxe Garden View,3,3,1,single,49,6455.11,INR,17,0,active,2026-08-18T10:00:00+05:30
rmt_db364ae9,htl_01cc0635,Executive,2,2,0,queen,51,8068.88,INR,21,0,active,2026-08-18T10:00:00+05:30
rmt_41137ff6,htl_01cc0635,Deluxe,2,2,0,double,51,10328.17,INR,12,0,active,2026-08-18T10:00:00+05:30
rmt_8fde2496,htl_01cc0635,Standard,2,2,0,twin,39,14201.24,INR,22,0,active,2026-08-18T10:00:00+05:30
rmt_c0463b3f,htl_14e0ebdc,Deluxe Garden View,3,3,1,queen,,2843.52,INR,4,0,active,2026-08-18T10:00:00+05:30
rmt_0de7aff3,htl_14e0ebdc,Executive,2,2,0,twin,31,3554.40,INR,2,0,active,2026-08-18T10:00:00+05:30
rmt_bb74f599,htl_14e0ebdc,Heritage Room,2,2,0,single,,4549.63,INR,10,0,active,2026-08-18T10:00:00+05:30
rmt_67af9717,htl_14e0ebdc,Premier Suite,4,3,2,king,40,6255.74,INR,7,0,active,2026-08-18T10:00:00+05:30
rmt_ecd29352,htl_b24e5527,Heritage Room,2,2,0,double,49,2572.65,INR,21,0,active,2026-08-18T10:00:00+05:30
rmt_34911919,htl_b24e5527,Family Room,4,3,2,double,35,3215.82,INR,15,0,active,2026-08-18T10:00:00+05:30
rmt_ca2fad13,htl_b24e5527,Standard,2,2,0,twin,17,4116.25,INR,13,0,active,2026-08-18T10:00:00+05:30
rmt_efb6138e,htl_b24e5527,Deluxe,2,2,0,twin_double,29,5659.84,INR,13,0,active,2026-08-18T10:00:00+05:30
rmt_48b7503e,htl_33999106,Heritage Room,2,2,0,twin_double,39,6001.53,INR,12,0,active,2026-08-18T10:00:00+05:30
rmt_86c135a7,htl_33999106,Deluxe Garden View,3,3,1,twin_double,28,7501.91,INR,7,0,active,2026-08-18T10:00:00+05:30
rmt_71209ce8,htl_33999106,Executive,2,2,0,twin,56,9602.45,INR,3,0,active,2026-08-18T10:00:00+05:30
rmt_f382b35e,htl_33999106,Premier Suite,4,3,2,single,36,72618.51,INR,18,0,active,2026-08-18T10:00:00+05:30
rmt_eb54fcb4,htl_0a785439,Deluxe Garden View,3,3,1,twin_double,49,2987.28,INR,8,0,active,2026-08-18T10:00:00+05:30
rmt_2c39a2e4,htl_0a785439,Executive,2,2,0,king,48,3734.10,INR,20,0,active,2026-08-18T10:00:00+05:30
rmt_7e669087,htl_0a785439,Premier Suite,4,3,2,twin_double,58,4779.65,INR,8,0,active,2026-08-18T10:00:00+05:30
rmt_12d96357,htl_0a785439,Standard,2,2,0,twin_double,55,6572.02,INR,11,0,active,2026-08-18T10:00:00+05:30
rmt_bcb91a76,htl_b3c102fc,Twin Economy,2,2,0,bunk,30,2588.82,INR,11,0,active,2026-08-18T10:00:00+05:30
rmt_ea2548a6,htl_b3c102fc,Family Room,4,3,2,king,48,3236.02,INR,3,0,active,2026-08-18T10:00:00+05:30
rmt_d871900f,htl_b3c102fc,Standard,2,2,0,twin_double,61,4142.10,INR,4,0,active,2026-08-18T10:00:00+05:30
rmt_fe247a78,htl_b3c102fc,Premier Suite,4,3,2,double,56,5695.39,INR,18,0,active,2026-08-18T10:00:00+05:30
rmt_d5a4164b,htl_76cb1dd1,Standard,2,2,0,twin_double,50,6250.84,INR,10,0,active,2026-08-18T10:00:00+05:30
rmt_123b3134,htl_76cb1dd1,Heritage Room,2,2,0,twin_double,49,7813.55,INR,24,1,active,2026-08-18T10:00:00+05:30
rmt_4dea171d,htl_76cb1dd1,Premier Suite,4,3,2,twin_double,51,10001.35,INR,25,0,active,2026-08-18T10:00:00+05:30
rmt_d2829726,htl_76cb1dd1,Deluxe Garden View,3,3,1,bunk,59,13751.85,INR,3,0,active,2026-08-18T10:00:00+05:30
rmt_bc8ca093,htl_dfe97fda,Heritage Room,2,2,0,king,42,5283.92,INR,13,0,active,2026-08-18T10:00:00+05:30
rmt_6be95631,htl_dfe97fda,Standard,2,2,0,double,16,6604.90,INR,18,1,active,2026-08-18T10:00:00+05:30
rmt_947b8fd9,htl_dfe97fda,Deluxe Garden View,3,3,1,bunk,56,8454.28,INR,7,0,active,2026-08-18T10:00:00+05:30
rmt_ec1be9b1,htl_dfe97fda,Executive,2,2,0,twin_double,,11624.63,INR,2,0,active,2026-08-18T10:00:00+05:30
rmt_1685725d,htl_245a6528,Twin Economy,2,2,0,double,37,2882.67,INR,16,0,active,2026-08-18T10:00:00+05:30
rmt_4613ddfe,htl_245a6528,Deluxe,2,2,0,queen,58,3603.34,INR,8,0,active,2026-08-18T10:00:00+05:30
rmt_695ef3d6,htl_245a6528,Standard,2,2,0,bunk,48,4612.28,INR,2,0,active,2026-08-18T10:00:00+05:30
rmt_8ba9b9b0,htl_245a6528,Executive,2,2,0,queen,25,6341.88,INR,10,0,active,2026-08-18T10:00:00+05:30
rmt_5b5dc9f7,htl_79d42624,Premier Suite,4,3,2,single,61,5598.23,INR,6,0,active,2026-08-18T10:00:00+05:30
rmt_791fd305,htl_79d42624,Standard,2,2,0,twin,50,6997.79,INR,15,0,active,2026-08-18T10:00:00+05:30
rmt_02b3a69d,htl_79d42624,Family Room,4,3,2,single,42,8957.17,INR,20,0,active,2026-08-18T10:00:00+05:30
rmt_78186c3e,htl_79d42624,Deluxe,2,2,0,single,48,12316.10,INR,16,1,active,2026-08-18T10:00:00+05:30
rmt_f0ddcc24,htl_764cb54e,Deluxe,2,2,0,twin,29,2705.07,INR,2,1,active,2026-08-18T10:00:00+05:30
rmt_4932cbeb,htl_764cb54e,Family Room,4,3,2,twin_double,28,3381.33,INR,19,0,active,2026-08-18T10:00:00+05:30
rmt_32d56b97,htl_764cb54e,Standard,2,2,0,double,29,4328.11,INR,6,0,active,2026-08-18T10:00:00+05:30
rmt_54b9f7b5,htl_764cb54e,Deluxe Garden View,3,3,1,twin_double,57,5951.15,INR,21,0,active,2026-08-18T10:00:00+05:30
rmt_3f01716a,htl_abb24469,Family Room,4,3,2,twin,,6669.57,INR,3,0,active,2026-08-18T10:00:00+05:30
rmt_8392386e,htl_abb24469,Twin Economy,2,2,0,double,48,8336.96,INR,2,0,active,2026-08-18T10:00:00+05:30
rmt_51a62204,htl_abb24469,Executive,2,2,0,single,59,10671.31,INR,13,0,active,2026-08-18T10:00:00+05:30
rmt_c23f77dc,htl_abb24469,Deluxe,2,2,0,king,61,14673.05,INR,3,0,active,2026-08-18T10:00:00+05:30
rmt_ee14d963,htl_02acd495,Standard,2,2,0,bunk,,3820.14,INR,2,0,active,2026-08-18T10:00:00+05:30
rmt_54dddda2,htl_02acd495,Family Room,4,3,2,queen,18,4775.17,INR,17,0,active,2026-08-18T10:00:00+05:30
rmt_4fb25af9,htl_02acd495,Executive,2,2,0,bunk,27,6112.22,INR,11,0,active,2026-08-18T10:00:00+05:30
rmt_487bb3c1,htl_02acd495,Twin Economy,2,2,0,king,25,8404.31,INR,18,0,active,2026-08-18T10:00:00+05:30
rmt_b9773ac8,htl_47d978bd,Deluxe,2,2,0,single,27,7472.59,INR,18,0,active,2026-08-18T10:00:00+05:30
rmt_39b5ca42,htl_47d978bd,Executive,2,2,0,bunk,60,9340.74,INR,20,0,active,2026-08-18T10:00:00+05:30
rmt_d1336e5e,htl_47d978bd,Twin Economy,2,2,0,bunk,61,11956.15,INR,23,0,active,2026-08-18T10:00:00+05:30
rmt_d080184a,htl_47d978bd,Premier Suite,4,3,2,single,34,16439.71,INR,4,0,active,2026-08-18T10:00:00+05:30
rmt_2e1211ac,htl_3ae2dcdc,Premier Suite,4,3,2,queen,51,5170.10,INR,11,0,active,2026-08-18T10:00:00+05:30
rmt_7b889ec3,htl_3ae2dcdc,Family Room,4,3,2,bunk,,6462.62,INR,2,1,active,2026-08-18T10:00:00+05:30
rmt_6edcf4fb,htl_3ae2dcdc,Executive,2,2,0,queen,48,8272.16,INR,4,1,active,2026-08-18T10:00:00+05:30
rmt_67e12f63,htl_3ae2dcdc,Standard,2,2,0,double,27,11374.22,INR,6,0,active,2026-08-18T10:00:00+05:30
rmt_93075070,htl_e2de8e67,Standard,2,2,0,twin,50,6771.66,INR,4,0,active,2026-08-18T10:00:00+05:30
rmt_261249fc,htl_e2de8e67,Heritage Room,2,2,0,twin_double,61,8464.57,INR,9,0,active,2026-08-18T10:00:00+05:30
rmt_8c74a732,htl_e2de8e67,Deluxe Garden View,3,3,1,single,23,10834.65,INR,19,0,active,2026-08-18T10:00:00+05:30
rmt_6683f5bb,htl_e2de8e67,Twin Economy,2,2,0,double,42,14897.65,INR,12,0,active,2026-08-18T10:00:00+05:30
rmt_038714ae,htl_bae73dee,Executive,2,2,0,twin_double,,11345.34,INR,3,0,active,2026-08-18T10:00:00+05:30
rmt_eea5cfbe,htl_bae73dee,Family Room,4,3,2,king,59,14181.68,INR,21,0,active,2026-08-18T10:00:00+05:30
rmt_4278ac16,htl_bae73dee,Deluxe,2,2,0,twin_double,57,18152.55,INR,3,0,active,2026-08-18T10:00:00+05:30
rmt_aa7ef978,htl_bae73dee,Premier Suite,4,3,2,single,31,24959.75,INR,15,0,active,2026-08-18T10:00:00+05:30
rmt_ce868f5a,htl_f240ca58,Standard,2,2,0,queen,,10975.26,INR,4,0,active,2026-08-18T10:00:00+05:30
rmt_17ec4994,htl_f240ca58,Deluxe Garden View,3,3,1,twin,,13719.07,INR,10,0,active,2026-08-18T10:00:00+05:30
rmt_9bee6be6,htl_f240ca58,Executive,2,2,0,king,48,17560.41,INR,20,0,active,2026-08-18T10:00:00+05:30
rmt_3765650e,htl_f240ca58,Twin Economy,2,2,0,twin_double,60,24145.56,INR,18,0,active,2026-08-18T10:00:00+05:30
rmt_c412fbac,htl_8355f0e8,Standard,2,2,0,double,28,1514.64,INR,16,0,active,2026-08-18T10:00:00+05:30
rmt_051ebbd9,htl_8355f0e8,Executive,2,2,0,bunk,30,1893.30,INR,21,0,active,2026-08-18T10:00:00+05:30
rmt_a721c712,htl_8355f0e8,Deluxe,2,2,0,twin,52,2423.42,INR,9,0,active,2026-08-18T10:00:00+05:30
rmt_505f143d,htl_8355f0e8,Family Room,4,3,2,bunk,33,3332.20,INR,24,0,active,2026-08-18T10:00:00+05:30
rmt_98fb80d3,htl_56eca5af,Family Room,4,3,2,king,33,3507.44,INR,15,0,active,2026-08-18T10:00:00+05:30
rmt_94546c51,htl_56eca5af,Premier Suite,4,3,2,single,57,4384.29,INR,14,0,active,2026-08-18T10:00:00+05:30
rmt_ed290e0e,htl_56eca5af,Twin Economy,2,2,0,bunk,23,5611.90,INR,21,0,active,2026-08-18T10:00:00+05:30
rmt_d1a084e4,htl_56eca5af,Standard,2,2,0,single,16,7716.36,INR,16,0,active,2026-08-18T10:00:00+05:30
rmt_2b83e4d5,htl_436b30f2,Heritage Room,2,2,0,queen,36,6294.38,INR,20,0,active,2026-08-18T10:00:00+05:30
rmt_a18229b0,htl_436b30f2,Executive,2,2,0,single,26,7867.97,INR,23,0,active,2026-08-18T10:00:00+05:30
rmt_bee7b144,htl_436b30f2,Deluxe Garden View,3,3,1,king,31,10071.01,INR,19,0,active,2026-08-18T10:00:00+05:30
rmt_96314b6b,htl_436b30f2,Family Room,4,3,2,king,36,13847.63,INR,2,0,active,2026-08-18T10:00:00+05:30
rmt_03c53624,htl_856e726b,Premier Suite,4,3,2,double,22,2694.92,INR,6,0,active,2026-08-18T10:00:00+05:30
rmt_2f5d3c4f,htl_856e726b,Deluxe,2,2,0,double,31,3368.65,INR,25,0,active,2026-08-18T10:00:00+05:30
rmt_e6402633,htl_856e726b,Deluxe Garden View,3,3,1,single,53,4311.87,INR,13,0,active,2026-08-18T10:00:00+05:30
rmt_67c20089,htl_856e726b,Standard,2,2,0,double,35,5928.82,INR,7,0,active,2026-08-18T10:00:00+05:30
rmt_609a2def,htl_8af8dc5e,Heritage Room,2,2,0,bunk,17,4999.24,INR,8,0,active,2026-08-18T10:00:00+05:30
rmt_f42e207b,htl_8af8dc5e,Twin Economy,2,2,0,king,17,6249.04,INR,4,0,active,2026-08-18T10:00:00+05:30
rmt_ee5f0347,htl_8af8dc5e,Deluxe Garden View,3,3,1,queen,56,7998.78,INR,2,0,active,2026-08-18T10:00:00+05:30
rmt_49af63f5,htl_8af8dc5e,Executive,2,2,0,king,61,10998.32,INR,23,0,active,2026-08-18T10:00:00+05:30
rmt_8a9eaa37,htl_a4e3bbe6,Executive,2,2,0,twin,44,11400.53,INR,12,0,active,2026-08-18T10:00:00+05:30
rmt_29dd9fd3,htl_a4e3bbe6,Premier Suite,4,3,2,twin_double,27,14250.67,INR,2,0,active,2026-08-18T10:00:00+05:30
rmt_efe926e5,htl_a4e3bbe6,Standard,2,2,0,double,61,18240.85,INR,23,0,active,2026-08-18T10:00:00+05:30
rmt_796b88e6,htl_a4e3bbe6,Deluxe,2,2,0,double,31,25081.17,INR,4,0,active,2026-08-18T10:00:00+05:30
rmt_73eb73d3,htl_601e876f,Deluxe Garden View,3,3,1,queen,51,3989.60,INR,12,0,active,2026-08-18T10:00:00+05:30
rmt_7bae76fc,htl_601e876f,Twin Economy,2,2,0,bunk,42,897.66,INR,21,0,active,2026-08-18T10:00:00+05:30
rmt_c5f1ab45,htl_601e876f,Standard,2,2,0,single,55,6383.36,INR,16,1,active,2026-08-18T10:00:00+05:30
rmt_07be71c5,htl_601e876f,Deluxe,2,2,0,twin,61,8777.12,INR,20,0,active,2026-08-18T10:00:00+05:30
rmt_4150ea86,htl_4374ecd9,Premier Suite,4,3,2,twin_double,24,5036.19,INR,22,0,active,2026-08-18T10:00:00+05:30
rmt_d8baed0f,htl_4374ecd9,Executive,2,2,0,twin,57,6295.24,INR,8,0,active,2026-08-18T10:00:00+05:30
rmt_882fcc70,htl_4374ecd9,Deluxe,2,2,0,twin,40,8057.90,INR,2,0,active,2026-08-18T10:00:00+05:30
rmt_8c3d4bbe,htl_4374ecd9,Heritage Room,2,2,0,twin,57,11079.62,INR,4,0,active,2026-08-18T10:00:00+05:30
rmt_e1b794e9,htl_33ef8894,Deluxe,2,2,0,double,27,14048.27,INR,16,0,active,2026-08-18T10:00:00+05:30
rmt_60630f27,htl_33ef8894,Deluxe Garden View,3,3,1,queen,48,17560.34,INR,17,0,active,2026-08-18T10:00:00+05:30
rmt_5c02afa1,htl_33ef8894,Executive,2,2,0,bunk,54,22477.24,INR,21,0,active,2026-08-18T10:00:00+05:30
rmt_eb03ef2d,htl_33ef8894,Premier Suite,4,3,2,bunk,,30906.20,INR,2,1,active,2026-08-18T10:00:00+05:30
rmt_b578589b,htl_2cbf2c51,Standard,2,2,0,single,59,3513.93,INR,23,0,active,2026-08-18T10:00:00+05:30
rmt_f10be577,htl_2cbf2c51,Family Room,4,3,2,twin,21,4392.41,INR,12,0,active,2026-08-18T10:00:00+05:30
rmt_2d0e11c8,htl_2cbf2c51,Executive,2,2,0,single,34,5622.29,INR,8,0,active,2026-08-18T10:00:00+05:30
rmt_fa1c9f5b,htl_2cbf2c51,Deluxe Garden View,3,3,1,twin_double,43,7730.65,INR,24,0,active,2026-08-18T10:00:00+05:30
rmt_ee49f76d,htl_134fd9ab,Family Room,4,3,2,twin,23,4974.14,INR,4,0,active,2026-08-18T10:00:00+05:30
rmt_ed786640,htl_134fd9ab,Premier Suite,4,3,2,double,42,6217.67,INR,15,1,active,2026-08-18T10:00:00+05:30
rmt_83239f67,htl_134fd9ab,Executive,2,2,0,double,57,7958.62,INR,21,0,active,2026-08-18T10:00:00+05:30
rmt_67eca6c8,htl_134fd9ab,Standard,2,2,0,queen,55,10943.10,INR,19,1,active,2026-08-18T10:00:00+05:30
rmt_124fe810,htl_33095d0f,Deluxe Garden View,3,3,1,twin_double,24,12335.75,INR,10,0,active,2026-08-18T10:00:00+05:30
rmt_ff2e3524,htl_33095d0f,Premier Suite,4,3,2,king,46,15419.68,INR,13,0,active,2026-08-18T10:00:00+05:30
rmt_edad1281,htl_33095d0f,Twin Economy,2,2,0,queen,42,19737.19,INR,15,0,active,2026-08-18T10:00:00+05:30
rmt_7349db73,htl_33095d0f,Heritage Room,2,2,0,twin_double,47,27138.64,INR,13,0,active,2026-08-18T10:00:00+05:30
rmt_33c3e9d0,htl_6cf4a14b,Premier Suite,4,3,2,bunk,50,1899.45,INR,8,1,active,2026-08-18T10:00:00+05:30
rmt_c134d5fe,htl_6cf4a14b,Deluxe Garden View,3,3,1,bunk,59,2374.31,INR,14,0,active,2026-08-18T10:00:00+05:30
rmt_66d8cbf0,htl_6cf4a14b,Executive,2,2,0,bunk,52,3039.12,INR,18,0,active,2026-08-18T10:00:00+05:30
rmt_87189c11,htl_6cf4a14b,Standard,2,2,0,bunk,32,4178.79,INR,8,0,active,2026-08-18T10:00:00+05:30
rmt_bb92cf57,htl_c5416060,Premier Suite,4,3,2,single,56,3298.71,INR,15,0,active,2026-08-18T10:00:00+05:30
rmt_3882e37c,htl_c5416060,Executive,2,2,0,bunk,42,4123.39,INR,25,0,active,2026-08-18T10:00:00+05:30
rmt_26276dc5,htl_c5416060,Heritage Room,2,2,0,single,56,5277.94,INR,17,0,active,2026-08-18T10:00:00+05:30
rmt_fc40a0df,htl_c5416060,Twin Economy,2,2,0,double,55,7257.17,INR,4,0,active,2026-08-18T10:00:00+05:30
rmt_8e0d0906,htl_886263e9,Heritage Room,2,2,0,bunk,,3594.48,INR,4,0,active,2026-08-18T10:00:00+05:30
rmt_576ef766,htl_886263e9,Standard,2,2,0,twin_double,48,4493.10,INR,24,0,active,2026-08-18T10:00:00+05:30
rmt_876453d9,htl_886263e9,Deluxe Garden View,3,3,1,twin_double,22,5751.17,INR,6,0,active,2026-08-18T10:00:00+05:30
rmt_fc346c00,htl_886263e9,Premier Suite,4,3,2,single,51,7907.86,INR,8,0,active,2026-08-18T10:00:00+05:30
rmt_ca1974aa,htl_29ab8d35,Deluxe Garden View,3,3,1,double,28,3000.49,INR,7,0,active,2026-08-18T10:00:00+05:30
rmt_6988b190,htl_29ab8d35,Family Room,4,3,2,king,51,3750.61,INR,6,0,active,2026-08-18T10:00:00+05:30
rmt_425eabfe,htl_29ab8d35,Premier Suite,4,3,2,twin_double,39,4800.78,INR,15,0,active,2026-08-18T10:00:00+05:30
rmt_793a6875,htl_29ab8d35,Twin Economy,2,2,0,twin,60,6601.07,INR,3,0,active,2026-08-18T10:00:00+05:30
rmt_bae3f771,htl_2794421e,Deluxe,2,2,0,single,40,7485.41,INR,8,0,active,2026-08-18T10:00:00+05:30
rmt_7358e844,htl_2794421e,Standard,2,2,0,double,56,9356.76,INR,19,0,active,2026-08-18T10:00:00+05:30
rmt_5d53b983,htl_2794421e,Executive,2,2,0,king,36,11976.65,INR,10,0,active,2026-08-18T10:00:00+05:30
rmt_69632260,htl_2794421e,Family Room,4,3,2,double,54,16467.89,INR,3,0,active,2026-08-18T10:00:00+05:30
rmt_cda87db6,htl_c1021bb3,Deluxe,2,2,0,twin_double,50,3305.53,INR,2,0,active,2026-08-18T10:00:00+05:30
rmt_09228b8b,htl_c1021bb3,Family Room,4,3,2,single,49,4131.92,INR,9,0,active,2026-08-18T10:00:00+05:30
rmt_198576c1,htl_c1021bb3,Premier Suite,4,3,2,bunk,53,5288.85,INR,19,0,active,2026-08-18T10:00:00+05:30
rmt_18bef650,htl_c1021bb3,Standard,2,2,0,twin,56,7272.17,INR,12,0,active,2026-08-18T10:00:00+05:30
rmt_1854e628,htl_f8bfa434,Premier Suite,4,3,2,twin_double,21,3618.48,INR,2,0,active,2026-08-18T10:00:00+05:30
rmt_42b5e366,htl_f8bfa434,Standard,2,2,0,single,57,4523.10,INR,13,0,active,2026-08-18T10:00:00+05:30
rmt_c6dd7cd5,htl_f8bfa434,Deluxe,2,2,0,queen,,5789.57,INR,2,0,active,2026-08-18T10:00:00+05:30
rmt_2919bbfe,htl_f8bfa434,Heritage Room,2,2,0,king,44,7960.66,INR,17,0,active,2026-08-18T10:00:00+05:30
rmt_68e9fa10,htl_a8390357,Deluxe Garden View,3,3,1,single,47,3121.12,INR,23,0,active,2026-08-18T10:00:00+05:30
rmt_22951945,htl_a8390357,Heritage Room,2,2,0,twin_double,21,3901.40,INR,10,0,active,2026-08-18T10:00:00+05:30
rmt_f9cc01ab,htl_a8390357,Premier Suite,4,3,2,bunk,29,4993.79,INR,17,0,active,2026-08-18T10:00:00+05:30
rmt_122240ca,htl_a8390357,Executive,2,2,0,king,45,6866.46,INR,18,0,active,2026-08-18T10:00:00+05:30
rmt_5dd21cc9,htl_c3b644f4,Deluxe Garden View,3,3,1,single,30,3315.39,INR,8,0,active,2026-08-18T10:00:00+05:30
rmt_e689a931,htl_c3b644f4,Family Room,4,3,2,single,55,4144.24,INR,3,0,active,2026-08-18T10:00:00+05:30
rmt_251b5172,htl_c3b644f4,Deluxe,2,2,0,king,57,5304.62,INR,4,0,active,2026-08-18T10:00:00+05:30
rmt_6cf93c8a,htl_c3b644f4,Premier Suite,4,3,2,queen,31,7293.86,INR,15,0,active,2026-08-18T10:00:00+05:30
rmt_61b98998,htl_eb7ff223,Standard,2,2,0,twin_double,45,6474.56,INR,15,1,active,2026-08-18T10:00:00+05:30
rmt_2389fcc4,htl_eb7ff223,Executive,2,2,0,twin,32,8093.20,INR,4,0,active,2026-08-18T10:00:00+05:30
rmt_991c2988,htl_eb7ff223,Premier Suite,4,3,2,twin_double,16,10359.30,INR,3,0,active,2026-08-18T10:00:00+05:30
rmt_8cffb570,htl_eb7ff223,Heritage Room,2,2,0,double,,14244.04,INR,2,0,active,2026-08-18T10:00:00+05:30
rmt_ca9540b1,htl_8d39efd7,Premier Suite,4,3,2,queen,33,3951.11,INR,17,0,active,2026-08-18T10:00:00+05:30
rmt_ab027498,htl_8d39efd7,Deluxe,2,2,0,twin_double,17,4938.89,INR,9,0,active,2026-08-18T10:00:00+05:30
rmt_889f0ce8,htl_8d39efd7,Deluxe Garden View,3,3,1,king,16,6321.78,INR,3,0,active,2026-08-18T10:00:00+05:30
rmt_d3ebff16,htl_8d39efd7,Executive,2,2,0,king,51,8692.44,INR,25,0,active,2026-08-18T10:00:00+05:30
rmt_e7196437,htl_7c198d6d,Deluxe,2,2,0,twin_double,16,3112.12,INR,15,0,active,2026-08-18T10:00:00+05:30
rmt_595fdd0f,htl_7c198d6d,Deluxe Garden View,3,3,1,twin_double,31,3890.15,INR,20,0,active,2026-08-18T10:00:00+05:30
rmt_85aa328c,htl_7c198d6d,Twin Economy,2,2,0,queen,21,4979.39,INR,3,0,active,2026-08-18T10:00:00+05:30
rmt_3aa4f9b8,htl_7c198d6d,Premier Suite,4,3,2,queen,51,6846.67,INR,7,0,active,2026-08-18T10:00:00+05:30
rmt_1c6321fa,htl_66ddcad3,Executive,2,2,0,twin_double,44,5184.59,INR,18,0,active,2026-08-18T10:00:00+05:30
rmt_12d2459d,htl_66ddcad3,Family Room,4,3,2,queen,51,6480.74,INR,11,0,active,2026-08-18T10:00:00+05:30
rmt_b9e39ea9,htl_66ddcad3,Premier Suite,4,3,2,double,39,8295.35,INR,20,1,active,2026-08-18T10:00:00+05:30
rmt_81287aa5,htl_66ddcad3,Deluxe Garden View,3,3,1,queen,27,11406.11,INR,7,0,active,2026-08-18T10:00:00+05:30
rmt_cdfde07d,htl_15d2dc78,Deluxe Garden View,3,3,1,queen,19,3351.90,INR,11,0,active,2026-08-18T10:00:00+05:30
rmt_3d4805f9,htl_15d2dc78,Twin Economy,2,2,0,twin_double,17,4189.87,INR,10,0,active,2026-08-18T10:00:00+05:30
rmt_31cf3b15,htl_15d2dc78,Executive,2,2,0,double,18,29496.70,INR,4,1,active,2026-08-18T10:00:00+05:30
rmt_54ff0bab,htl_15d2dc78,Family Room,4,3,2,single,56,7374.17,INR,18,0,active,2026-08-18T10:00:00+05:30
rmt_9eb28021,htl_5204cc3f,Executive,2,2,0,twin_double,45,1609.28,INR,14,0,active,2026-08-18T10:00:00+05:30
rmt_aa7eb6d2,htl_5204cc3f,Deluxe,2,2,0,king,30,2011.60,INR,12,0,active,2026-08-18T10:00:00+05:30
rmt_978f040c,htl_5204cc3f,Standard,2,2,0,single,38,2574.85,INR,17,0,active,2026-08-18T10:00:00+05:30
rmt_8bd77770,htl_5204cc3f,Twin Economy,2,2,0,bunk,29,3540.41,INR,8,0,active,2026-08-18T10:00:00+05:30
rmt_c9808e2a,htl_9ce8d068,Family Room,4,3,2,twin_double,33,1607.50,INR,9,0,active,2026-08-18T10:00:00+05:30
rmt_6185fc06,htl_9ce8d068,Deluxe Garden View,3,3,1,single,,2009.38,INR,2,0,active,2026-08-18T10:00:00+05:30
rmt_3587dd85,htl_9ce8d068,Deluxe,2,2,0,twin_double,,2572.01,INR,3,0,active,2026-08-18T10:00:00+05:30
rmt_32c905d4,htl_9ce8d068,Twin Economy,2,2,0,queen,,3536.51,INR,3,0,active,2026-08-18T10:00:00+05:30
rmt_c78dc711,htl_f7f9a831,Premier Suite,4,3,2,twin_double,41,2828.15,INR,17,0,active,2026-08-18T10:00:00+05:30
rmt_9cd25b0a,htl_f7f9a831,Deluxe,2,2,0,twin_double,,3535.19,INR,22,0,active,2026-08-18T10:00:00+05:30
rmt_778752d6,htl_f7f9a831,Twin Economy,2,2,0,double,28,4525.04,INR,15,0,active,2026-08-18T10:00:00+05:30
rmt_b4bbc602,htl_f7f9a831,Heritage Room,2,2,0,twin,34,6221.93,INR,2,0,active,2026-08-18T10:00:00+05:30
rmt_dd8d5238,htl_02bb587c,Twin Economy,2,2,0,double,51,2590.91,INR,6,0,active,2026-08-18T10:00:00+05:30
rmt_12f49609,htl_02bb587c,Heritage Room,2,2,0,single,36,3238.64,INR,24,0,active,2026-08-18T10:00:00+05:30
rmt_c58858c3,htl_02bb587c,Premier Suite,4,3,2,twin_double,28,4145.46,INR,3,0,active,2026-08-18T10:00:00+05:30
rmt_ed1c7e50,htl_02bb587c,Deluxe,2,2,0,queen,48,5700.01,INR,3,0,active,2026-08-18T10:00:00+05:30
rmt_2e8faaef,htl_fe5eb48a,Deluxe Garden View,3,3,1,twin_double,44,3719.86,LKR,25,0,active,2026-08-18T10:00:00+05:30
rmt_c07b1f2a,htl_fe5eb48a,Executive,2,2,0,single,19,4649.83,LKR,15,0,active,2026-08-18T10:00:00+05:30
rmt_96f11d2a,htl_fe5eb48a,Twin Economy,2,2,0,bunk,22,5951.78,LKR,14,0,active,2026-08-18T10:00:00+05:30
rmt_3f6e65a4,htl_fe5eb48a,Standard,2,2,0,single,29,8183.70,LKR,11,0,active,2026-08-18T10:00:00+05:30
rmt_f8bcfbd9,htl_0c78227f,Family Room,4,3,2,double,57,2139.44,LKR,22,0,active,2026-08-18T10:00:00+05:30
rmt_ac9a1c90,htl_0c78227f,Deluxe,2,2,0,twin,32,2674.30,LKR,24,0,active,2026-08-18T10:00:00+05:30
rmt_5a9c0630,htl_0c78227f,Standard,2,2,0,king,26,3423.11,LKR,9,0,active,2026-08-18T10:00:00+05:30
rmt_2388e4fc,htl_0c78227f,Premier Suite,4,3,2,single,53,4706.77,LKR,3,0,active,2026-08-18T10:00:00+05:30
rmt_06acc632,htl_81469f7e,Executive,2,2,0,king,46,11451.19,LKR,3,0,active,2026-08-18T10:00:00+05:30
rmt_c5ff567c,htl_81469f7e,Heritage Room,2,2,0,twin,25,14313.99,LKR,15,0,active,2026-08-18T10:00:00+05:30
rmt_47b9982c,htl_81469f7e,Deluxe Garden View,3,3,1,twin_double,60,18321.91,LKR,13,0,active,2026-08-18T10:00:00+05:30
rmt_ffd0d6b1,htl_81469f7e,Deluxe,2,2,0,single,47,25192.63,LKR,8,0,active,2026-08-18T10:00:00+05:30
rmt_b4ed94c8,htl_4ad0f6f7,Deluxe,2,2,0,twin,27,7329.86,LKR,10,0,active,2026-08-18T10:00:00+05:30
rmt_b04df287,htl_4ad0f6f7,Twin Economy,2,2,0,bunk,30,9162.32,LKR,4,0,active,2026-08-18T10:00:00+05:30
rmt_d2524d3b,htl_4ad0f6f7,Heritage Room,2,2,0,bunk,42,11727.78,LKR,6,0,active,2026-08-18T10:00:00+05:30
rmt_585c4ce8,htl_4ad0f6f7,Premier Suite,4,3,2,bunk,58,16125.69,LKR,4,0,active,2026-08-18T10:00:00+05:30
rmt_9f858e23,htl_926da217,Twin Economy,2,2,0,twin_double,18,3577.77,LKR,4,1,active,2026-08-18T10:00:00+05:30
rmt_3d20e0d7,htl_926da217,Standard,2,2,0,queen,52,4472.22,LKR,10,0,active,2026-08-18T10:00:00+05:30
rmt_a61b0ab3,htl_926da217,Premier Suite,4,3,2,double,52,5724.44,LKR,17,0,active,2026-08-18T10:00:00+05:30
rmt_276b64cd,htl_926da217,Family Room,4,3,2,king,,7871.10,LKR,10,0,active,2026-08-18T10:00:00+05:30
rmt_2e485666,htl_5e432970,Deluxe Garden View,3,3,1,bunk,23,5820.18,LKR,22,0,active,2026-08-18T10:00:00+05:30
rmt_02a13c4d,htl_5e432970,Deluxe,2,2,0,bunk,59,7275.23,LKR,18,0,active,2026-08-18T10:00:00+05:30
rmt_066230cc,htl_5e432970,Family Room,4,3,2,single,19,9312.29,LKR,4,0,active,2026-08-18T10:00:00+05:30
rmt_d03da3b4,htl_5e432970,Heritage Room,2,2,0,twin_double,59,12804.40,LKR,4,0,active,2026-08-18T10:00:00+05:30
rmt_798b7d41,htl_c8c81865,Family Room,4,3,2,single,31,15150.40,LKR,6,0,active,2026-08-18T10:00:00+05:30
rmt_fcdfb4e0,htl_c8c81865,Deluxe Garden View,3,3,1,queen,19,18938.00,LKR,15,0,active,2026-08-18T10:00:00+05:30
rmt_1993184f,htl_c8c81865,Premier Suite,4,3,2,queen,29,24240.64,LKR,16,0,active,2026-08-18T10:00:00+05:30
rmt_5a2a6fbb,htl_c8c81865,Twin Economy,2,2,0,twin_double,28,33330.87,LKR,17,0,active,2026-08-18T10:00:00+05:30
rmt_575a1552,htl_742928a2,Premier Suite,4,3,2,bunk,21,12175.97,LKR,19,0,active,2026-08-18T10:00:00+05:30
rmt_2a318b8b,htl_742928a2,Heritage Room,2,2,0,twin_double,49,15219.96,LKR,4,0,active,2026-08-18T10:00:00+05:30
rmt_1936f8b0,htl_742928a2,Deluxe Garden View,3,3,1,queen,46,19481.55,LKR,7,0,active,2026-08-18T10:00:00+05:30
rmt_45e23275,htl_742928a2,Deluxe,2,2,0,double,54,26787.13,LKR,3,0,active,2026-08-18T10:00:00+05:30
rmt_9ab2b6fb,htl_472830e6,Deluxe,2,2,0,king,23,15301.84,LKR,11,0,active,2026-08-18T10:00:00+05:30
rmt_6ec0c5e2,htl_472830e6,Family Room,4,3,2,bunk,59,19127.30,LKR,7,0,active,2026-08-18T10:00:00+05:30
rmt_6c818289,htl_472830e6,Deluxe Garden View,3,3,1,queen,40,24482.94,LKR,2,0,active,2026-08-18T10:00:00+05:30
rmt_92dd27a3,htl_472830e6,Executive,2,2,0,queen,61,33664.04,LKR,2,0,active,2026-08-18T10:00:00+05:30
rmt_8919fc46,htl_de3e4a9f,Deluxe Garden View,3,3,1,queen,39,6832.29,LKR,20,0,active,2026-08-18T10:00:00+05:30
rmt_bffdc2e6,htl_de3e4a9f,Twin Economy,2,2,0,single,26,8540.36,LKR,4,0,active,2026-08-18T10:00:00+05:30
rmt_f3ccf019,htl_de3e4a9f,Family Room,4,3,2,single,,10931.67,LKR,13,0,active,2026-08-18T10:00:00+05:30
rmt_93930eb7,htl_de3e4a9f,Deluxe,2,2,0,twin,22,15031.04,LKR,2,0,active,2026-08-18T10:00:00+05:30
rmt_e44b3207,htl_bd6ac349,Family Room,4,3,2,twin,40,3034.13,NPR,22,0,active,2026-08-18T10:00:00+05:30
rmt_c1a1484c,htl_bd6ac349,Standard,2,2,0,queen,,3792.66,NPR,15,0,active,2026-08-18T10:00:00+05:30
rmt_b9e9619a,htl_bd6ac349,Deluxe,2,2,0,twin,25,4854.61,NPR,2,1,active,2026-08-18T10:00:00+05:30
rmt_40250c2d,htl_bd6ac349,Heritage Room,2,2,0,king,38,6675.09,NPR,13,0,active,2026-08-18T10:00:00+05:30
rmt_4f9e0577,htl_b88b0c27,Standard,2,2,0,double,58,3044.27,NPR,22,0,active,2026-08-18T10:00:00+05:30
rmt_17786d31,htl_b88b0c27,Twin Economy,2,2,0,twin,16,3805.34,NPR,21,0,active,2026-08-18T10:00:00+05:30
rmt_ce0d150b,htl_b88b0c27,Family Room,4,3,2,twin_double,59,4870.84,NPR,8,1,active,2026-08-18T10:00:00+05:30
rmt_abd28887,htl_b88b0c27,Premier Suite,4,3,2,king,16,6697.40,NPR,4,0,active,2026-08-18T10:00:00+05:30
rmt_dc653562,htl_26fee559,Deluxe,2,2,0,bunk,24,2667.47,NPR,23,0,active,2026-08-18T10:00:00+05:30
rmt_7c698f68,htl_26fee559,Deluxe Garden View,3,3,1,twin,51,3334.34,NPR,20,0,active,2026-08-18T10:00:00+05:30
rmt_51187086,htl_26fee559,Standard,2,2,0,queen,54,4267.96,NPR,10,0,active,2026-08-18T10:00:00+05:30
rmt_2a8aa24f,htl_26fee559,Twin Economy,2,2,0,single,35,5868.44,NPR,2,0,active,2026-08-18T10:00:00+05:30
rmt_f1cc0d66,htl_c8756032,Family Room,4,3,2,single,56,6486.31,NPR,23,0,active,2026-08-18T10:00:00+05:30
rmt_bc554dab,htl_c8756032,Heritage Room,2,2,0,queen,20,8107.89,NPR,9,0,active,2026-08-18T10:00:00+05:30
rmt_b281f5c6,htl_c8756032,Deluxe,2,2,0,queen,20,10378.10,NPR,10,0,active,2026-08-18T10:00:00+05:30
rmt_8f5a5270,htl_c8756032,Premier Suite,4,3,2,queen,,14269.89,NPR,10,0,active,2026-08-18T10:00:00+05:30
rmt_34c4a125,htl_fa8543cb,Deluxe Garden View,3,3,1,twin,,7134.67,NPR,19,0,active,2026-08-18T10:00:00+05:30
rmt_42d4a7b7,htl_fa8543cb,Premier Suite,4,3,2,double,,8918.34,NPR,16,0,active,2026-08-18T10:00:00+05:30
rmt_2e83c7aa,htl_fa8543cb,Deluxe,2,2,0,single,23,11415.48,NPR,23,0,active,2026-08-18T10:00:00+05:30
rmt_722e56d5,htl_fa8543cb,Twin Economy,2,2,0,twin_double,30,15696.28,NPR,15,0,active,2026-08-18T10:00:00+05:30
rmt_51d3ffc0,htl_285912dc,Standard,2,2,0,double,58,1561.31,NPR,9,0,active,2026-08-18T10:00:00+05:30
rmt_f67eaf75,htl_285912dc,Family Room,4,3,2,king,56,1951.64,NPR,16,0,active,2026-08-18T10:00:00+05:30
rmt_be50afe4,htl_285912dc,Premier Suite,4,3,2,king,18,2498.09,NPR,3,1,active,2026-08-18T10:00:00+05:30
rmt_dfac7623,htl_285912dc,Deluxe Garden View,3,3,1,double,,3434.88,NPR,16,0,active,2026-08-18T10:00:00+05:30
rmt_46356f5b,htl_24e39565,Heritage Room,2,2,0,bunk,29,3059.93,NPR,24,0,active,2026-08-18T10:00:00+05:30
rmt_de90b723,htl_24e39565,Executive,2,2,0,king,25,3824.91,NPR,2,0,active,2026-08-18T10:00:00+05:30
rmt_4bc5f5a8,htl_24e39565,Twin Economy,2,2,0,double,57,4895.88,NPR,22,0,active,2026-08-18T10:00:00+05:30
rmt_d525547c,htl_24e39565,Deluxe Garden View,3,3,1,king,35,6731.84,NPR,2,0,active,2026-08-18T10:00:00+05:30
rmt_b80932d3,htl_be3b648f,Standard,2,2,0,double,26,5586.74,NPR,18,0,active,2026-08-18T10:00:00+05:30
rmt_7d7c83f2,htl_be3b648f,Deluxe,2,2,0,queen,36,6983.43,NPR,12,1,active,2026-08-18T10:00:00+05:30
rmt_39822fad,htl_be3b648f,Executive,2,2,0,queen,61,49163.33,NPR,17,1,active,2026-08-18T10:00:00+05:30
rmt_f5d7014b,htl_be3b648f,Deluxe Garden View,3,3,1,single,25,12290.83,NPR,2,1,active,2026-08-18T10:00:00+05:30
rmt_da1d4fb3,htl_67190be7,Family Room,4,3,2,twin,20,5192.95,NPR,15,0,active,2026-08-18T10:00:00+05:30
rmt_0d2aedd6,htl_67190be7,Executive,2,2,0,queen,53,6491.18,NPR,11,0,active,2026-08-18T10:00:00+05:30
rmt_95656aa9,htl_67190be7,Deluxe,2,2,0,twin,19,8308.71,NPR,12,0,active,2026-08-18T10:00:00+05:30
rmt_e2915c22,htl_67190be7,Twin Economy,2,2,0,queen,,11424.48,NPR,10,0,active,2026-08-18T10:00:00+05:30
rmt_f59b8b4f,htl_afcb3490,Deluxe Garden View,3,3,1,single,46,3829.53,NPR,8,0,active,2026-08-18T10:00:00+05:30
rmt_b726c4f6,htl_afcb3490,Heritage Room,2,2,0,twin,35,4786.91,NPR,13,0,active,2026-08-18T10:00:00+05:30
rmt_67d7c1a1,htl_afcb3490,Executive,2,2,0,single,60,6127.24,NPR,6,0,active,2026-08-18T10:00:00+05:30
rmt_33ff52e8,htl_afcb3490,Premier Suite,4,3,2,bunk,26,8424.96,NPR,20,0,active,2026-08-18T10:00:00+05:30
rmt_ca391f47,htl_c91a804e,Family Room,4,3,2,bunk,32,3313.88,BTN,6,0,active,2026-08-18T10:00:00+05:30
rmt_191c3361,htl_c91a804e,Standard,2,2,0,twin,37,4142.35,BTN,4,0,active,2026-08-18T10:00:00+05:30
rmt_5da9bf35,htl_c91a804e,Deluxe Garden View,3,3,1,double,56,5302.21,BTN,3,0,active,2026-08-18T10:00:00+05:30
rmt_cbd96966,htl_c91a804e,Deluxe,2,2,0,twin_double,25,7290.54,BTN,12,0,active,2026-08-18T10:00:00+05:30
rmt_9ec4005b,htl_6eff866f,Family Room,4,3,2,bunk,18,2051.68,BTN,7,0,active,2026-08-18T10:00:00+05:30
rmt_e0b40760,htl_6eff866f,Standard,2,2,0,king,23,2564.60,BTN,14,0,active,2026-08-18T10:00:00+05:30
rmt_df4528d8,htl_6eff866f,Twin Economy,2,2,0,queen,48,3282.68,BTN,24,0,active,2026-08-18T10:00:00+05:30
rmt_bfd4e8b2,htl_6eff866f,Heritage Room,2,2,0,bunk,61,4513.69,BTN,12,0,active,2026-08-18T10:00:00+05:30
rmt_d3369b73,htl_81c1c288,Standard,2,2,0,queen,40,3807.85,BTN,25,0,active,2026-08-18T10:00:00+05:30
rmt_dbab151d,htl_81c1c288,Executive,2,2,0,twin,45,4759.82,BTN,20,0,active,2026-08-18T10:00:00+05:30
rmt_ece81fbf,htl_81c1c288,Twin Economy,2,2,0,twin,51,6092.57,BTN,25,0,active,2026-08-18T10:00:00+05:30
rmt_f1db66bc,htl_81c1c288,Deluxe,2,2,0,twin_double,29,8377.28,BTN,3,0,active,2026-08-18T10:00:00+05:30
rmt_03a21d7f,htl_d73d2dd8,Premier Suite,4,3,2,twin,49,1008.01,BTN,2,0,active,2026-08-18T10:00:00+05:30
rmt_1ddb9e35,htl_d73d2dd8,Heritage Room,2,2,0,queen,61,7000.07,BTN,21,0,active,2026-08-18T10:00:00+05:30
rmt_45454f4c,htl_d73d2dd8,Executive,2,2,0,queen,,8960.09,BTN,12,0,active,2026-08-18T10:00:00+05:30
rmt_c580f9ff,htl_d73d2dd8,Family Room,4,3,2,twin_double,33,12320.12,BTN,19,0,active,2026-08-18T10:00:00+05:30
rmt_a03efd9a,htl_25fd9c00,Heritage Room,2,2,0,single,44,2695.75,BTN,19,0,active,2026-08-18T10:00:00+05:30
rmt_7b136e9b,htl_25fd9c00,Standard,2,2,0,twin_double,50,3369.69,BTN,15,0,active,2026-08-18T10:00:00+05:30
rmt_f6899a89,htl_25fd9c00,Premier Suite,4,3,2,twin_double,44,4313.21,BTN,19,0,active,2026-08-18T10:00:00+05:30
rmt_6ffbe923,htl_25fd9c00,Deluxe,2,2,0,double,25,5930.66,BTN,19,0,active,2026-08-18T10:00:00+05:30
rmt_dcefa882,htl_15b1ea5e,Twin Economy,2,2,0,twin_double,58,5787.03,MVR,2,0,active,2026-08-18T10:00:00+05:30
rmt_b607fda3,htl_15b1ea5e,Heritage Room,2,2,0,bunk,60,7233.78,MVR,12,0,active,2026-08-18T10:00:00+05:30
rmt_4a49715e,htl_15b1ea5e,Standard,2,2,0,single,31,9259.24,MVR,2,0,active,2026-08-18T10:00:00+05:30
rmt_9c7873ee,htl_15b1ea5e,Deluxe,2,2,0,queen,32,12731.46,MVR,2,0,active,2026-08-18T10:00:00+05:30
rmt_40c33495,htl_2a2ca88d,Family Room,4,3,2,twin_double,61,1758.40,MVR,14,0,active,2026-08-18T10:00:00+05:30
rmt_b53f426a,htl_2a2ca88d,Premier Suite,4,3,2,single,47,2198.00,MVR,4,0,active,2026-08-18T10:00:00+05:30
rmt_b88c287c,htl_2a2ca88d,Heritage Room,2,2,0,bunk,47,2813.44,MVR,24,0,active,2026-08-18T10:00:00+05:30
rmt_61a4e7bb,htl_2a2ca88d,Deluxe Garden View,3,3,1,double,,3868.48,MVR,10,0,active,2026-08-18T10:00:00+05:30
rmt_a9b58258,htl_98896cce,Deluxe,2,2,0,bunk,52,1936.93,MVR,11,0,active,2026-08-18T10:00:00+05:30
rmt_4d763b85,htl_98896cce,Deluxe Garden View,3,3,1,twin_double,59,2421.17,MVR,3,0,active,2026-08-18T10:00:00+05:30
rmt_85f2c357,htl_98896cce,Executive,2,2,0,queen,52,3099.09,MVR,24,0,active,2026-08-18T10:00:00+05:30
rmt_31bf14ff,htl_98896cce,Family Room,4,3,2,twin,37,4261.25,MVR,12,0,active,2026-08-18T10:00:00+05:30
rmt_67ee73c1,htl_a143dbb9,Heritage Room,2,2,0,single,28,7060.17,MVR,8,0,active,2026-08-18T10:00:00+05:30
rmt_cd365e82,htl_a143dbb9,Deluxe Garden View,3,3,1,twin,33,8825.21,MVR,9,0,active,2026-08-18T10:00:00+05:30
rmt_33c6c9be,htl_a143dbb9,Deluxe,2,2,0,twin,16,11296.27,MVR,24,0,active,2026-08-18T10:00:00+05:30
rmt_3576973e,htl_a143dbb9,Family Room,4,3,2,twin,51,15532.37,MVR,3,0,active,2026-08-18T10:00:00+05:30
rmt_ee411f9f,htl_0cf91d4d,Deluxe Garden View,3,3,1,bunk,58,6488.86,MVR,19,0,active,2026-08-18T10:00:00+05:30
rmt_fe3115ce,htl_0cf91d4d,Premier Suite,4,3,2,bunk,56,8111.07,MVR,24,0,active,2026-08-18T10:00:00+05:30
rmt_f4ddc0d1,htl_0cf91d4d,Standard,2,2,0,twin_double,,10382.17,MVR,11,0,active,2026-08-18T10:00:00+05:30
rmt_4fa5d384,htl_0cf91d4d,Family Room,4,3,2,twin_double,32,14275.48,MVR,18,0,active,2026-08-18T10:00:00+05:30
rmt_4faddc19,htl_12e2327a,Family Room,4,3,2,queen,57,4974.87,AED,19,0,active,2026-08-18T10:00:00+05:30
rmt_08a1e3c2,htl_12e2327a,Standard,2,2,0,twin_double,26,6218.59,AED,15,0,active,2026-08-18T10:00:00+05:30
rmt_5df6ca92,htl_12e2327a,Heritage Room,2,2,0,double,56,7959.80,AED,3,0,active,2026-08-18T10:00:00+05:30
rmt_3640c8c5,htl_12e2327a,Twin Economy,2,2,0,twin,40,10944.72,AED,3,0,active,2026-08-18T10:00:00+05:30
rmt_09e5b767,htl_a26dc64e,Heritage Room,2,2,0,bunk,42,3565.21,AED,23,0,active,2026-08-18T10:00:00+05:30
rmt_b4375cba,htl_a26dc64e,Twin Economy,2,2,0,single,36,4456.51,AED,2,0,active,2026-08-18T10:00:00+05:30
rmt_d329c900,htl_a26dc64e,Deluxe Garden View,3,3,1,king,29,5704.33,AED,8,0,active,2026-08-18T10:00:00+05:30
rmt_51048be0,htl_a26dc64e,Deluxe,2,2,0,bunk,56,7843.45,AED,2,0,active,2026-08-18T10:00:00+05:30
rmt_d8517891,htl_17ac7c07,Executive,2,2,0,double,59,3089.63,AED,2,0,active,2026-08-18T10:00:00+05:30
rmt_07a565b8,htl_17ac7c07,Deluxe,2,2,0,twin,18,3862.04,AED,13,0,active,2026-08-18T10:00:00+05:30
rmt_23ff1e0c,htl_17ac7c07,Premier Suite,4,3,2,double,,4943.41,AED,9,0,active,2026-08-18T10:00:00+05:30
rmt_af47d451,htl_17ac7c07,Deluxe Garden View,3,3,1,single,41,6797.19,AED,23,0,active,2026-08-18T10:00:00+05:30
rmt_b2b5ae4a,htl_f9f0bde3,Executive,2,2,0,single,55,14265.13,AED,24,0,active,2026-08-18T10:00:00+05:30
rmt_3e31fe20,htl_f9f0bde3,Heritage Room,2,2,0,double,54,17831.42,AED,12,0,active,2026-08-18T10:00:00+05:30
rmt_5e7938aa,htl_f9f0bde3,Deluxe Garden View,3,3,1,twin,54,22824.21,AED,22,0,active,2026-08-18T10:00:00+05:30
rmt_2db75636,htl_f9f0bde3,Twin Economy,2,2,0,king,57,31383.29,AED,8,0,active,2026-08-18T10:00:00+05:30
rmt_a178be91,htl_abfe8a53,Standard,2,2,0,queen,21,1949.11,AED,8,0,active,2026-08-18T10:00:00+05:30
rmt_6657438d,htl_abfe8a53,Executive,2,2,0,twin_double,25,2436.38,AED,22,0,active,2026-08-18T10:00:00+05:30
rmt_8342dc40,htl_abfe8a53,Deluxe,2,2,0,single,59,3118.57,AED,3,0,active,2026-08-18T10:00:00+05:30
rmt_f339c4ef,htl_abfe8a53,Premier Suite,4,3,2,twin,58,4288.03,AED,14,0,active,2026-08-18T10:00:00+05:30
rmt_227a4718,htl_29faa3d7,Premier Suite,4,3,2,double,40,1702.91,AED,4,0,active,2026-08-18T10:00:00+05:30
rmt_67051bd1,htl_29faa3d7,Family Room,4,3,2,double,44,2128.64,AED,25,0,active,2026-08-18T10:00:00+05:30
rmt_85a4674c,htl_29faa3d7,Twin Economy,2,2,0,twin_double,19,2724.66,AED,18,0,active,2026-08-18T10:00:00+05:30
rmt_8b43e412,htl_29faa3d7,Standard,2,2,0,twin_double,32,3746.41,AED,20,0,active,2026-08-18T10:00:00+05:30
rmt_1a108dbf,htl_19193f4f,Twin Economy,2,2,0,double,56,3263.88,AED,11,0,active,2026-08-18T10:00:00+05:30
rmt_3eef78a6,htl_19193f4f,Deluxe,2,2,0,bunk,52,4079.85,AED,14,0,active,2026-08-18T10:00:00+05:30
rmt_79b4537e,htl_19193f4f,Premier Suite,4,3,2,twin_double,26,5222.20,AED,20,0,active,2026-08-18T10:00:00+05:30
rmt_b9292037,htl_19193f4f,Family Room,4,3,2,double,42,7180.53,AED,13,0,active,2026-08-18T10:00:00+05:30
rmt_027df3a5,htl_885db404,Twin Economy,2,2,0,double,37,3048.99,AED,23,0,active,2026-08-18T10:00:00+05:30
rmt_c394622c,htl_885db404,Deluxe,2,2,0,double,47,3811.23,AED,7,0,active,2026-08-18T10:00:00+05:30
rmt_8a41a51b,htl_885db404,Heritage Room,2,2,0,queen,35,4878.38,AED,2,0,active,2026-08-18T10:00:00+05:30
rmt_7b7b4e1f,htl_885db404,Deluxe Garden View,3,3,1,single,21,6707.77,AED,21,0,active,2026-08-18T10:00:00+05:30
rmt_7d26f88e,htl_58292b84,Premier Suite,4,3,2,single,38,3943.57,AED,8,0,active,2026-08-18T10:00:00+05:30
rmt_9849d401,htl_58292b84,Deluxe Garden View,3,3,1,single,27,4929.46,AED,16,0,active,2026-08-18T10:00:00+05:30
rmt_5427e81f,htl_58292b84,Executive,2,2,0,twin_double,23,6309.70,AED,19,0,active,2026-08-18T10:00:00+05:30
rmt_e9ccd6de,htl_58292b84,Twin Economy,2,2,0,queen,37,8675.84,AED,15,0,active,2026-08-18T10:00:00+05:30
rmt_3c899749,htl_ace6d341,Premier Suite,4,3,2,queen,61,7132.37,AED,18,0,active,2026-08-18T10:00:00+05:30
rmt_8b608681,htl_ace6d341,Deluxe,2,2,0,single,30,8915.46,AED,7,0,active,2026-08-18T10:00:00+05:30
rmt_457f966c,htl_ace6d341,Heritage Room,2,2,0,bunk,22,11411.79,AED,3,0,active,2026-08-18T10:00:00+05:30
rmt_904f1084,htl_ace6d341,Family Room,4,3,2,queen,33,15691.21,AED,8,0,active,2026-08-18T10:00:00+05:30
rmt_eb19de1f,htl_1723889f,Standard,2,2,0,bunk,39,3371.98,QAR,4,0,active,2026-08-18T10:00:00+05:30
rmt_6013d7cb,htl_1723889f,Heritage Room,2,2,0,double,18,4214.97,QAR,11,0,active,2026-08-18T10:00:00+05:30
rmt_a11ada2c,htl_1723889f,Family Room,4,3,2,twin_double,59,5395.16,QAR,22,0,active,2026-08-18T10:00:00+05:30
rmt_cfd1cf7f,htl_1723889f,Twin Economy,2,2,0,king,32,7418.35,QAR,2,0,active,2026-08-18T10:00:00+05:30
rmt_6599afa5,htl_94be8798,Standard,2,2,0,queen,33,7038.28,QAR,21,0,active,2026-08-18T10:00:00+05:30
rmt_f75b9cce,htl_94be8798,Deluxe,2,2,0,single,61,8797.85,QAR,2,0,active,2026-08-18T10:00:00+05:30
rmt_b1bac4cf,htl_94be8798,Deluxe Garden View,3,3,1,single,46,11261.25,QAR,13,0,active,2026-08-18T10:00:00+05:30
rmt_630b3581,htl_94be8798,Family Room,4,3,2,queen,28,15484.22,QAR,13,0,active,2026-08-18T10:00:00+05:30
rmt_e73af44f,htl_986e57e9,Standard,2,2,0,queen,28,3635.66,QAR,4,0,active,2026-08-18T10:00:00+05:30
rmt_ade39944,htl_986e57e9,Heritage Room,2,2,0,queen,58,4544.58,QAR,12,0,active,2026-08-18T10:00:00+05:30
rmt_9e667a25,htl_986e57e9,Twin Economy,2,2,0,queen,30,5817.06,QAR,6,1,active,2026-08-18T10:00:00+05:30
rmt_ddb1998b,htl_986e57e9,Deluxe,2,2,0,single,33,7998.46,QAR,21,0,active,2026-08-18T10:00:00+05:30
rmt_bc2235c7,htl_bbafa1bd,Twin Economy,2,2,0,queen,36,13120.64,QAR,20,0,active,2026-08-18T10:00:00+05:30
rmt_f8c1a843,htl_bbafa1bd,Executive,2,2,0,double,49,16400.79,QAR,15,0,active,2026-08-18T10:00:00+05:30
rmt_e6bf63d1,htl_bbafa1bd,Standard,2,2,0,queen,61,20993.02,QAR,21,0,active,2026-08-18T10:00:00+05:30
rmt_b25aa779,htl_bbafa1bd,Heritage Room,2,2,0,bunk,26,28865.40,QAR,4,0,active,2026-08-18T10:00:00+05:30
rmt_e8b1a597,htl_dabb8548,Deluxe,2,2,0,twin,22,3379.14,QAR,22,0,active,2026-08-18T10:00:00+05:30
rmt_37ade1d3,htl_dabb8548,Twin Economy,2,2,0,single,45,4223.92,QAR,14,0,active,2026-08-18T10:00:00+05:30
rmt_c6a0cb62,htl_dabb8548,Deluxe Garden View,3,3,1,double,34,5406.62,QAR,14,0,active,2026-08-18T10:00:00+05:30
rmt_0303733d,htl_dabb8548,Heritage Room,2,2,0,twin_double,,7434.10,QAR,25,0,active,2026-08-18T10:00:00+05:30
rmt_93ae9d01,htl_6ae380cf,Executive,2,2,0,queen,19,7123.05,SGD,25,0,active,2026-08-18T10:00:00+05:30
rmt_49106d07,htl_6ae380cf,Premier Suite,4,3,2,queen,37,8903.81,SGD,8,0,active,2026-08-18T10:00:00+05:30
rmt_b20be792,htl_6ae380cf,Family Room,4,3,2,twin_double,48,11396.87,SGD,3,0,active,2026-08-18T10:00:00+05:30
rmt_6b51e2cf,htl_6ae380cf,Deluxe,2,2,0,queen,18,15670.70,SGD,14,0,active,2026-08-18T10:00:00+05:30
rmt_3cecf326,htl_521bb81f,Premier Suite,4,3,2,double,45,3310.88,SGD,13,0,active,2026-08-18T10:00:00+05:30
rmt_a094f957,htl_521bb81f,Twin Economy,2,2,0,double,38,4138.60,SGD,17,0,active,2026-08-18T10:00:00+05:30
rmt_7c3a3b1b,htl_521bb81f,Heritage Room,2,2,0,queen,40,5297.41,SGD,25,0,active,2026-08-18T10:00:00+05:30
rmt_16b20612,htl_521bb81f,Deluxe Garden View,3,3,1,bunk,54,7283.94,SGD,3,0,active,2026-08-18T10:00:00+05:30
rmt_87628375,htl_30f184fa,Family Room,4,3,2,single,35,1347.79,SGD,21,0,active,2026-08-18T10:00:00+05:30
rmt_dc673d27,htl_30f184fa,Deluxe Garden View,3,3,1,queen,43,9359.63,SGD,4,0,active,2026-08-18T10:00:00+05:30
rmt_4acc0255,htl_30f184fa,Deluxe,2,2,0,twin_double,22,11980.33,SGD,23,0,active,2026-08-18T10:00:00+05:30
rmt_37d146de,htl_30f184fa,Standard,2,2,0,bunk,52,16472.95,SGD,17,0,active,2026-08-18T10:00:00+05:30
rmt_89dac96b,htl_ef749d59,Twin Economy,2,2,0,queen,31,3709.89,SGD,16,0,active,2026-08-18T10:00:00+05:30
rmt_3a748a28,htl_ef749d59,Executive,2,2,0,single,,4637.37,SGD,2,0,active,2026-08-18T10:00:00+05:30
rmt_65e655e6,htl_ef749d59,Deluxe Garden View,3,3,1,double,,5935.83,SGD,6,0,active,2026-08-18T10:00:00+05:30
rmt_a87c01e9,htl_ef749d59,Standard,2,2,0,bunk,17,8161.77,SGD,11,0,active,2026-08-18T10:00:00+05:30
rmt_ddbcc0c8,htl_488b1796,Heritage Room,2,2,0,twin,17,1889.41,SGD,11,0,active,2026-08-18T10:00:00+05:30
rmt_9c8b8a23,htl_488b1796,Standard,2,2,0,bunk,48,2361.76,SGD,9,0,active,2026-08-18T10:00:00+05:30
rmt_6c644151,htl_488b1796,Twin Economy,2,2,0,bunk,61,3023.05,SGD,2,1,active,2026-08-18T10:00:00+05:30
rmt_9e88e378,htl_488b1796,Premier Suite,4,3,2,twin_double,,4156.70,SGD,14,0,active,2026-08-18T10:00:00+05:30
rmt_ffe36440,htl_a0afc350,Executive,2,2,0,king,61,14351.20,THB,8,0,active,2026-08-18T10:00:00+05:30
rmt_4f39f1ff,htl_a0afc350,Deluxe Garden View,3,3,1,bunk,61,17939.00,THB,20,0,active,2026-08-18T10:00:00+05:30
rmt_9ba12419,htl_a0afc350,Family Room,4,3,2,twin,57,22961.92,THB,13,0,active,2026-08-18T10:00:00+05:30
rmt_6026e158,htl_a0afc350,Standard,2,2,0,twin_double,34,31572.63,THB,3,0,active,2026-08-18T10:00:00+05:30
rmt_27cc581f,htl_c4166776,Twin Economy,2,2,0,single,55,3050.86,THB,8,0,active,2026-08-18T10:00:00+05:30
rmt_65a29424,htl_c4166776,Executive,2,2,0,bunk,23,3813.57,THB,4,0,active,2026-08-18T10:00:00+05:30
rmt_5ad12780,htl_c4166776,Deluxe,2,2,0,bunk,60,4881.37,THB,16,0,active,2026-08-18T10:00:00+05:30
rmt_3777a0de,htl_c4166776,Family Room,4,3,2,single,52,6711.89,THB,22,0,active,2026-08-18T10:00:00+05:30
rmt_811fad7f,htl_ca1c579e,Premier Suite,4,3,2,bunk,29,5073.91,THB,2,0,active,2026-08-18T10:00:00+05:30
rmt_28b409a4,htl_ca1c579e,Twin Economy,2,2,0,twin_double,21,6342.39,THB,3,0,active,2026-08-18T10:00:00+05:30
rmt_146c863c,htl_ca1c579e,Executive,2,2,0,double,25,8118.26,THB,19,0,active,2026-08-18T10:00:00+05:30
rmt_b68eeee0,htl_ca1c579e,Heritage Room,2,2,0,twin_double,57,11162.60,THB,14,0,active,2026-08-18T10:00:00+05:30
rmt_0a292d71,htl_14e2ae81,Heritage Room,2,2,0,bunk,25,2647.95,THB,14,0,active,2026-08-18T10:00:00+05:30
rmt_3028f078,htl_14e2ae81,Standard,2,2,0,queen,35,3309.94,THB,7,0,active,2026-08-18T10:00:00+05:30
rmt_83c9a6e0,htl_14e2ae81,Deluxe Garden View,3,3,1,king,41,4236.72,THB,7,0,active,2026-08-18T10:00:00+05:30
rmt_6b07b23f,htl_14e2ae81,Twin Economy,2,2,0,single,60,5825.49,THB,7,0,active,2026-08-18T10:00:00+05:30
rmt_358bb73f,htl_64d03366,Premier Suite,4,3,2,king,52,2866.23,THB,3,0,active,2026-08-18T10:00:00+05:30
rmt_9e504ff3,htl_64d03366,Executive,2,2,0,king,36,3582.79,THB,20,0,active,2026-08-18T10:00:00+05:30
rmt_6577d1ca,htl_64d03366,Family Room,4,3,2,double,57,4585.97,THB,17,0,active,2026-08-18T10:00:00+05:30
rmt_c4047f29,htl_64d03366,Twin Economy,2,2,0,twin_double,26,6305.71,THB,14,0,active,2026-08-18T10:00:00+05:30
rmt_acb7b88d,htl_5cf7dd7d,Premier Suite,4,3,2,queen,41,12321.89,MYR,19,0,active,2026-08-18T10:00:00+05:30
rmt_b1a6886d,htl_5cf7dd7d,Deluxe,2,2,0,double,32,15402.36,MYR,11,1,active,2026-08-18T10:00:00+05:30
rmt_4d12b404,htl_5cf7dd7d,Family Room,4,3,2,twin,37,19715.02,MYR,13,0,active,2026-08-18T10:00:00+05:30
rmt_a89c4f37,htl_5cf7dd7d,Deluxe Garden View,3,3,1,twin_double,39,27108.16,MYR,10,0,active,2026-08-18T10:00:00+05:30
rmt_a2bee2d5,htl_48e9885c,Executive,2,2,0,twin,46,1741.74,MYR,2,0,active,2026-08-18T10:00:00+05:30
rmt_2f760d36,htl_48e9885c,Heritage Room,2,2,0,double,59,2177.17,MYR,12,0,active,2026-08-18T10:00:00+05:30
rmt_b21e09a9,htl_48e9885c,Deluxe,2,2,0,bunk,46,2786.78,MYR,8,0,active,2026-08-18T10:00:00+05:30
rmt_f99fe2fc,htl_48e9885c,Standard,2,2,0,bunk,55,3831.83,MYR,2,0,active,2026-08-18T10:00:00+05:30
rmt_a697de82,htl_f5d9d235,Deluxe,2,2,0,king,30,3642.73,MYR,14,0,active,2026-08-18T10:00:00+05:30
rmt_734917b8,htl_f5d9d235,Heritage Room,2,2,0,single,42,4553.41,MYR,14,0,active,2026-08-18T10:00:00+05:30
rmt_d77fb947,htl_f5d9d235,Premier Suite,4,3,2,twin_double,60,5828.37,MYR,13,0,active,2026-08-18T10:00:00+05:30
rmt_f879ccdf,htl_f5d9d235,Deluxe Garden View,3,3,1,single,,8014.01,MYR,2,0,active,2026-08-18T10:00:00+05:30
rmt_363659ec,htl_c05586df,Heritage Room,2,2,0,double,,6098.19,MYR,2,0,active,2026-08-18T10:00:00+05:30
rmt_b8954e33,htl_c05586df,Deluxe,2,2,0,twin,27,7622.74,MYR,8,0,active,2026-08-18T10:00:00+05:30
rmt_1d409895,htl_c05586df,Twin Economy,2,2,0,twin,26,9757.11,MYR,16,0,active,2026-08-18T10:00:00+05:30
rmt_e98be601,htl_c05586df,Family Room,4,3,2,twin,32,13416.02,MYR,7,0,active,2026-08-18T10:00:00+05:30
rmt_2228846d,htl_628ee540,Executive,2,2,0,queen,43,11806.66,MYR,23,0,active,2026-08-18T10:00:00+05:30
rmt_0acb7b5c,htl_628ee540,Deluxe Garden View,3,3,1,bunk,58,14758.33,MYR,4,1,active,2026-08-18T10:00:00+05:30
rmt_3c54b927,htl_628ee540,Twin Economy,2,2,0,single,27,18890.66,MYR,25,0,active,2026-08-18T10:00:00+05:30
rmt_0b836f77,htl_628ee540,Deluxe,2,2,0,double,39,25974.66,MYR,18,0,active,2026-08-18T10:00:00+05:30
rmt_041941d2,htl_fe67eead,Heritage Room,2,2,0,bunk,19,2582.84,IDR,20,0,active,2026-08-18T10:00:00+05:30
rmt_274eb639,htl_fe67eead,Standard,2,2,0,single,42,3228.55,IDR,13,0,active,2026-08-18T10:00:00+05:30
rmt_629d88b3,htl_fe67eead,Executive,2,2,0,king,29,4132.54,IDR,10,0,active,2026-08-18T10:00:00+05:30
rmt_163a5573,htl_fe67eead,Deluxe Garden View,3,3,1,bunk,30,5682.24,IDR,13,0,active,2026-08-18T10:00:00+05:30
rmt_18ae9b53,htl_1fc52e5d,Standard,2,2,0,queen,16,6673.99,IDR,2,0,active,2026-08-18T10:00:00+05:30
rmt_7866dc07,htl_1fc52e5d,Deluxe,2,2,0,single,16,8342.49,IDR,4,0,active,2026-08-18T10:00:00+05:30
rmt_1d483907,htl_1fc52e5d,Heritage Room,2,2,0,single,58,10678.39,IDR,12,1,active,2026-08-18T10:00:00+05:30
rmt_d8114f77,htl_1fc52e5d,Family Room,4,3,2,double,17,14682.79,IDR,20,0,active,2026-08-18T10:00:00+05:30
rmt_3d4b5c07,htl_30408181,Executive,2,2,0,king,23,2879.14,IDR,4,0,active,2026-08-18T10:00:00+05:30
rmt_6f1ebd3e,htl_30408181,Family Room,4,3,2,twin_double,,3598.93,IDR,4,0,active,2026-08-18T10:00:00+05:30
rmt_438cfcdc,htl_30408181,Deluxe Garden View,3,3,1,king,36,4606.63,IDR,12,0,active,2026-08-18T10:00:00+05:30
rmt_e47a2e88,htl_30408181,Heritage Room,2,2,0,bunk,45,6334.12,IDR,13,0,active,2026-08-18T10:00:00+05:30
rmt_0b14ba9c,htl_15145914,Family Room,4,3,2,queen,43,3826.21,IDR,2,0,active,2026-08-18T10:00:00+05:30
rmt_78f9c9f4,htl_15145914,Premier Suite,4,3,2,bunk,47,4782.76,IDR,18,0,active,2026-08-18T10:00:00+05:30
rmt_90438c3c,htl_15145914,Heritage Room,2,2,0,twin,53,6121.93,IDR,9,0,active,2026-08-18T10:00:00+05:30
rmt_3cac5263,htl_15145914,Executive,2,2,0,twin_double,59,8417.66,IDR,21,0,active,2026-08-18T10:00:00+05:30
rmt_11f5382b,htl_faf784c8,Deluxe Garden View,3,3,1,twin_double,60,3226.01,IDR,2,0,active,2026-08-18T10:00:00+05:30
rmt_ea923c1e,htl_faf784c8,Premier Suite,4,3,2,bunk,28,4032.51,IDR,15,0,active,2026-08-18T10:00:00+05:30
rmt_9983b248,htl_faf784c8,Deluxe,2,2,0,double,58,5161.61,IDR,11,0,active,2026-08-18T10:00:00+05:30
rmt_fac0fd45,htl_faf784c8,Heritage Room,2,2,0,king,39,7097.22,IDR,4,0,active,2026-08-18T10:00:00+05:30
rmt_52ff82de,htl_b7ca8001,Twin Economy,2,2,0,queen,40,3071.71,JPY,2,0,active,2026-08-18T10:00:00+05:30
rmt_db498e20,htl_b7ca8001,Standard,2,2,0,double,61,3839.64,JPY,12,0,active,2026-08-18T10:00:00+05:30
rmt_376bcb30,htl_b7ca8001,Executive,2,2,0,king,41,4914.73,JPY,8,0,active,2026-08-18T10:00:00+05:30
rmt_01009717,htl_b7ca8001,Deluxe,2,2,0,twin_double,38,6757.76,JPY,2,0,active,2026-08-18T10:00:00+05:30
rmt_1bed80c5,htl_647a13b7,Deluxe,2,2,0,single,47,13634.95,JPY,16,0,active,2026-08-18T10:00:00+05:30
rmt_182c1390,htl_647a13b7,Premier Suite,4,3,2,twin_double,24,17043.69,JPY,11,0,active,2026-08-18T10:00:00+05:30
rmt_10afc965,htl_647a13b7,Standard,2,2,0,twin_double,,21815.92,JPY,7,0,active,2026-08-18T10:00:00+05:30
rmt_21874df4,htl_647a13b7,Deluxe Garden View,3,3,1,double,57,29996.89,JPY,13,0,active,2026-08-18T10:00:00+05:30
rmt_8a789085,htl_5ea20ea8,Premier Suite,4,3,2,single,32,3815.93,JPY,2,0,active,2026-08-18T10:00:00+05:30
rmt_3191a5b4,htl_5ea20ea8,Family Room,4,3,2,bunk,61,4769.92,JPY,7,0,active,2026-08-18T10:00:00+05:30
rmt_841c8103,htl_5ea20ea8,Deluxe Garden View,3,3,1,single,30,6105.49,JPY,18,0,active,2026-08-18T10:00:00+05:30
rmt_16ef5eb2,htl_5ea20ea8,Standard,2,2,0,king,59,8395.05,JPY,15,0,active,2026-08-18T10:00:00+05:30
rmt_c15be1a0,htl_92768774,Twin Economy,2,2,0,twin_double,32,6833.59,JPY,4,0,active,2026-08-18T10:00:00+05:30
rmt_b4e8bb06,htl_92768774,Executive,2,2,0,king,30,8541.99,JPY,19,0,active,2026-08-18T10:00:00+05:30
rmt_505f071e,htl_92768774,Heritage Room,2,2,0,queen,41,10933.74,JPY,3,0,active,2026-08-18T10:00:00+05:30
rmt_c95b893d,htl_92768774,Deluxe Garden View,3,3,1,double,40,2706.10,JPY,23,0,active,2026-08-18T10:00:00+05:30
rmt_2466b8b6,htl_6583da9d,Twin Economy,2,2,0,double,,10204.86,JPY,4,0,active,2026-08-18T10:00:00+05:30
rmt_ed5919b8,htl_6583da9d,Standard,2,2,0,single,37,12756.08,JPY,2,0,active,2026-08-18T10:00:00+05:30
rmt_e5fb22cb,htl_6583da9d,Premier Suite,4,3,2,king,36,16327.78,JPY,6,0,active,2026-08-18T10:00:00+05:30
rmt_59bdcf0b,htl_6583da9d,Deluxe,2,2,0,single,32,22450.69,JPY,11,0,active,2026-08-18T10:00:00+05:30
rmt_00c81387,htl_861fb9d1,Heritage Room,2,2,0,twin_double,,2176.90,CHF,24,0,active,2026-08-18T10:00:00+05:30
rmt_1d1c6517,htl_861fb9d1,Deluxe Garden View,3,3,1,twin,56,2721.12,CHF,4,0,active,2026-08-18T10:00:00+05:30
rmt_f1f910a7,htl_861fb9d1,Family Room,4,3,2,king,21,3483.03,CHF,19,0,active,2026-08-18T10:00:00+05:30
rmt_7ff54089,htl_861fb9d1,Premier Suite,4,3,2,single,43,4789.17,CHF,2,0,active,2026-08-18T10:00:00+05:30
rmt_921dede2,htl_36af7bab,Premier Suite,4,3,2,king,16,3096.65,CHF,18,0,active,2026-08-18T10:00:00+05:30
rmt_72d2bca1,htl_36af7bab,Standard,2,2,0,queen,27,3870.82,CHF,7,0,active,2026-08-18T10:00:00+05:30
rmt_4167b902,htl_36af7bab,Heritage Room,2,2,0,single,35,4954.65,CHF,13,1,active,2026-08-18T10:00:00+05:30
rmt_640b18e3,htl_36af7bab,Deluxe,2,2,0,king,32,6812.64,CHF,22,0,active,2026-08-18T10:00:00+05:30
rmt_0b92b461,htl_f73ed585,Heritage Room,2,2,0,queen,27,15496.61,CHF,12,0,active,2026-08-18T10:00:00+05:30
rmt_00534217,htl_f73ed585,Executive,2,2,0,queen,51,19370.76,CHF,2,0,active,2026-08-18T10:00:00+05:30
rmt_af6204bb,htl_f73ed585,Deluxe Garden View,3,3,1,single,42,24794.58,CHF,4,0,active,2026-08-18T10:00:00+05:30
rmt_ba2a6a3c,htl_f73ed585,Standard,2,2,0,single,,34092.55,CHF,2,0,active,2026-08-18T10:00:00+05:30
rmt_8ba4ad3c,htl_daff4ec9,Twin Economy,2,2,0,bunk,,3609.81,CHF,15,0,active,2026-08-18T10:00:00+05:30
rmt_0fa8117b,htl_daff4ec9,Standard,2,2,0,single,,4512.26,CHF,14,0,active,2026-08-18T10:00:00+05:30
rmt_acc1af70,htl_daff4ec9,Deluxe,2,2,0,bunk,25,5775.69,CHF,4,0,active,2026-08-18T10:00:00+05:30
rmt_1b8a9b54,htl_daff4ec9,Heritage Room,2,2,0,queen,20,7941.58,CHF,20,0,active,2026-08-18T10:00:00+05:30
rmt_5b428d28,htl_4a4eea20,Standard,2,2,0,single,34,3969.82,CHF,10,0,active,2026-08-18T10:00:00+05:30
rmt_7e03200c,htl_4a4eea20,Deluxe,2,2,0,single,54,4962.28,CHF,11,0,active,2026-08-18T10:00:00+05:30
rmt_a6d366f8,htl_4a4eea20,Heritage Room,2,2,0,queen,49,6351.72,CHF,20,0,active,2026-08-18T10:00:00+05:30
rmt_58db3ea9,htl_4a4eea20,Twin Economy,2,2,0,twin_double,40,8733.61,CHF,14,0,active,2026-08-18T10:00:00+05:30
