trip_id,owner_user_id,title,origin_city_id,destination_city_id,start_date,end_date,party_size,adults,children,trip_type,is_group_trip,status,home_currency,notes,created_at,updated_at
trp_dba33c33,usr_b5327682,Lucknow — Aug 2026,cty_ab50efee,cty_5698a7ab,2026-08-23,2026-08-26,4,4,0,senior,1,confirmed,INR,,2026-07-04T09:00:00+05:30,2026-08-18T10:00:00+05:30
trp_c183d169,usr_ecb18174,Singapore — May 2026,cty_c97e6cd5,cty_905fd8a1,2026-05-24,2026-05-27,6,6,1,family,1,completed,INR,,2026-01-28T09:00:00+05:30,2026-08-18T10:00:00+05:30
trp_5c81e163,usr_18260fc4,Bhuj — Oct 2026,cty_0d9ab6ff,cty_caf3c1ee,2026-10-12,2026-10-19,1,1,0,friends,0,planning,INR,,2026-06-25T09:00:00+05:30,2026-08-18T10:00:00+05:30
trp_13423f49,usr_5de9da21,Rishikesh — Jun 2026,cty_a50bc5dd,cty_d35a9652,2026-06-18,2026-06-22,6,6,0,business,1,completed,LKR,,2026-03-01T09:00:00+05:30,2026-08-18T10:00:00+05:30
trp_d0565c09,usr_65b43f7e,Bangkok — Oct 2026,cty_3503e391,cty_a5f16904,2026-10-06,2026-10-11,5,5,1,friends,1,draft,INR,Flexible on dates by a day either way.,2026-09-09T09:00:00+05:30,2026-08-18T10:00:00+05:30
trp_929cc01b,usr_df582802,Male — Nov 2026,cty_0b92e2e7,cty_9aa02925,2026-11-08,2026-11-10,5,4,1,backpacker,1,draft,INR,,2026-09-06T09:00:00+05:30,2026-08-18T10:00:00+05:30
trp_5843b90d,usr_d7d11d69,Udaipur — Sep 2026,cty_8fc1539e,cty_5d572c8a,2026-09-12,2026-09-19,2,2,0,solo,0,confirmed,INR,Flexible on dates by a day either way.,2026-07-27T09:00:00+05:30,2026-08-18T10:00:00+05:30
trp_3901f712,usr_aef2d4f6,Chennai — Nov 2026,cty_bbb31d67,cty_f8b75f8e,2026-11-14,2026-11-18,2,2,0,business,1,cancelled,INR,,2026-10-16T09:00:00+05:30,2026-08-18T10:00:00+05:30
trp_e842e287,usr_4794174d,Alleppey — Aug 2026,cty_c07454f1,cty_34bbfdfe,2026-08-26,2026-08-30,1,1,0,solo,0,confirmed,INR,,2026-07-07T09:00:00+05:30,2026-08-18T10:00:00+05:30
trp_ebd8ca83,usr_c010ce3c,Mysuru — Oct 2026,cty_828a7777,cty_8fc1539e,2026-10-07,2026-10-10,2,2,0,family,0,confirmed,INR,,2026-08-08T09:00:00+05:30,2026-08-18T10:00:00+05:30
trp_31e8bc24,usr_ca24d130,Kolkata — Jun 2026,cty_34bbfdfe,cty_ab50efee,2026-06-19,2026-06-26,1,1,0,couple,0,completed,INR,,2026-05-26T09:00:00+05:30,2026-08-18T10:00:00+05:30
trp_9656ff69,usr_7faf6134,Ooty — May 2026,cty_c97e6cd5,cty_7fc82336,2026-05-27,2026-06-01,5,5,0,backpacker,1,completed,INR,,2026-05-01T09:00:00+05:30,2026-08-18T10:00:00+05:30
trp_358447d8,usr_701b0010,Tirupati — Oct 2026,cty_7f673457,cty_d4f5e3a5,2026-10-14,2026-10-16,2,2,0,couple,0,planning,INR,Flexible on dates by a day either way.,2026-08-29T09:00:00+05:30,2026-08-18T10:00:00+05:30
trp_79c91f6b,usr_e076a69d,Guwahati — May 2026,,cty_cf1c6ac5,2026-05-17,2026-05-20,2,2,0,senior,1,completed,INR,,2026-04-23T09:00:00+05:30,2026-08-18T10:00:00+05:30
trp_4a195a07,usr_ab49979e,Alleppey — Oct 2026,cty_590d4b7b,cty_34bbfdfe,2026-10-19,2026-10-21,2,2,0,senior,0,planning,INR,,2026-09-24T09:00:00+05:30,2026-08-18T10:00:00+05:30
trp_27260494,usr_ee03ca6c,Mumbai — Sep 2026,cty_10cbee86,cty_95e7c8ca,2026-09-29,2026-10-05,2,2,0,family,0,cancelled,INR,,2026-06-29T09:00:00+05:30,2026-08-18T10:00:00+05:30
trp_0ea3db93,usr_1cec1f14,Manali — Oct 2026,cty_621f4a84,cty_9327d518,2026-10-26,2026-11-03,2,2,0,friends,1,cancelled,INR,,2026-10-03T09:00:00+05:30,2026-08-18T10:00:00+05:30
trp_fc64f16e,usr_ea269383,Srinagar — May 2026,cty_f8b75f8e,cty_828a7777,2026-05-21,2026-05-25,2,2,0,couple,1,completed,INR,,2026-04-21T09:00:00+05:30,2026-08-18T10:00:00+05:30
trp_f996a70f,usr_b86dd891,Aurangabad — Dec 2026,cty_076e8e86,cty_f29656ff,2026-12-08,2026-12-15,3,3,0,senior,1,planning,INR,,2026-11-14T09:00:00+05:30,2026-08-18T10:00:00+05:30
trp_c6136493,usr_8b3ba681,Ahmedabad — Sep 2026,cty_f8b75f8e,cty_cfec17b6,2026-09-18,2026-09-25,6,6,1,senior,1,planning,INR,,2026-08-05T09:00:00+05:30,2026-08-18T10:00:00+05:30
trp_aaec0d9c,usr_0e9166f0,Alleppey — Jun 2026,cty_cf1c6ac5,cty_34bbfdfe,2026-06-16,2026-06-18,1,1,0,friends,0,completed,INR,Flexible on dates by a day either way.,2026-03-01T09:00:00+05:30,2026-08-18T10:00:00+05:30
trp_5162b851,usr_756ce6b3,Udaipur — Jun 2026,cty_828a7777,cty_5d572c8a,2026-06-21,2026-06-23,6,6,1,backpacker,1,completed,INR,Flexible on dates by a day either way.,2026-03-02T09:00:00+05:30,2026-08-18T10:00:00+05:30
trp_909e59bc,usr_17b45921,Colombo — Nov 2026,cty_0b7f5985,cty_a50bc5dd,2026-11-25,2026-12-03,1,1,0,solo,0,cancelled,CHF,,2026-09-06T09:00:00+05:30,2026-08-18T10:00:00+05:30
trp_799607b3,usr_55b114d5,Panaji — Jun 2026,cty_10cbee86,cty_43d0a650,2026-06-29,2026-07-01,3,2,0,backpacker,1,completed,INR,Flexible on dates by a day either way.,2026-06-04T09:00:00+05:30,2026-08-18T10:00:00+05:30
trp_a00e9d0f,usr_7f9533ad,Leh — Nov 2026,cty_36afaa5c,cty_aa759717,2026-11-07,2026-11-11,5,5,1,senior,1,planning,IDR,,2026-07-24T09:00:00+05:30,2026-08-18T10:00:00+05:30
trp_55127690,usr_2de68d4f,Nainital — Sep 2026,,cty_0d9ab6ff,2026-09-16,2026-09-23,2,2,0,senior,0,planning,INR,Flexible on dates by a day either way.,2026-06-08T09:00:00+05:30,2026-08-18T10:00:00+05:30
trp_f272c28c,usr_8f32fd7a,Darjeeling — Jul 2026,cty_a50bc5dd,cty_c43cfa94,2026-07-31,2026-08-05,1,1,0,business,0,completed,LKR,Flexible on dates by a day either way.,2026-06-20T09:00:00+05:30,2026-08-18T10:00:00+05:30
trp_06892c8d,usr_656b5a35,Alleppey — Aug 2026,cty_c0f2d9de,cty_34bbfdfe,2026-08-23,2026-08-26,6,5,0,backpacker,1,confirmed,NPR,,2026-07-15T09:00:00+05:30,2026-08-18T10:00:00+05:30
trp_2ee981f7,usr_0389057b,Gokarna — Jul 2026,cty_5698a7ab,cty_a97c33ad,2026-07-26,2026-07-30,2,2,0,solo,0,completed,INR,Flexible on dates by a day either way.,2026-05-06T09:00:00+05:30,2026-08-18T10:00:00+05:30
trp_d04f7574,usr_18b5561e,Pondicherry — Jun 2026,cty_7be8559f,cty_f288c6a0,2026-06-01,2026-06-09,5,5,0,friends,1,completed,INR,,2026-03-22T09:00:00+05:30,2026-08-18T10:00:00+05:30
trp_bd724666,usr_dace411a,Tirupati — Sep 2026,cty_c9f34ba7,cty_d4f5e3a5,2026-09-13,2026-09-19,6,6,0,friends,1,confirmed,MYR,,2026-08-04T09:00:00+05:30,2026-08-18T10:00:00+05:30
trp_72f16fa8,usr_8e272905,Pondicherry — Nov 2026,cty_cfec17b6,cty_f288c6a0,2026-11-21,2026-11-27,3,3,0,family,1,confirmed,INR,,2026-10-04T09:00:00+05:30,2026-08-18T10:00:00+05:30
trp_a62adcb1,usr_08b8f8e9,Kolkata — Jul 2026,cty_36afaa5c,cty_ab50efee,2026-07-04,2026-07-07,2,2,0,friends,0,completed,IDR,Flexible on dates by a day either way.,2026-03-16T09:00:00+05:30,2026-08-18T10:00:00+05:30
trp_46f6a107,usr_7d0ce609,Alleppey — Sep 2026,cty_c9f34ba7,cty_34bbfdfe,2026-09-29,2026-10-02,2,2,0,backpacker,0,cancelled,MYR,,2026-07-03T09:00:00+05:30,2026-08-18T10:00:00+05:30
trp_0c26fee1,usr_8ba42edb,Dubai — Jun 2026,cty_7fc82336,cty_7b89639e,2026-06-12,2026-06-17,1,1,0,business,0,completed,INR,,2026-02-20T09:00:00+05:30,2026-08-18T10:00:00+05:30
trp_71d9ea27,usr_0a31df91,Thiruvananthapuram — Sep 2026,cty_7cb0b529,cty_67ee7f6f,2026-09-01,2026-09-08,2,2,0,backpacker,1,planning,INR,,2026-06-27T09:00:00+05:30,2026-08-18T10:00:00+05:30
trp_cc443308,usr_49c29e32,Alleppey — Aug 2026,cty_caf3c1ee,cty_34bbfdfe,2026-08-31,2026-09-02,2,2,0,couple,0,confirmed,INR,,2026-05-10T09:00:00+05:30,2026-08-18T10:00:00+05:30
trp_aad6a7fa,usr_3b70ae01,Jodhpur — Aug 2026,cty_d401ef6b,cty_076e8e86,2026-08-09,2026-08-12,2,2,0,friends,1,completed,INR,,2026-06-16T09:00:00+05:30,2026-08-18T10:00:00+05:30
trp_a9612ee9,usr_61ab0eaf,Bengaluru — Jul 2026,cty_5d572c8a,cty_17b8ef2f,2026-07-22,2026-07-29,1,1,0,friends,0,completed,INR,,2026-03-25T09:00:00+05:30,2026-08-18T10:00:00+05:30
trp_25a53353,usr_24e54a31,Bangkok — Jul 2026,cty_32e8e65c,cty_a5f16904,2026-07-12,2026-07-19,1,1,0,senior,0,completed,INR,,2026-04-06T09:00:00+05:30,2026-08-18T10:00:00+05:30
trp_3c03178d,usr_f855344d,Nainital — Oct 2026,cty_9327d518,cty_0d9ab6ff,2026-10-19,2026-10-25,1,1,0,solo,0,confirmed,INR,Flexible on dates by a day either way.,2026-06-22T09:00:00+05:30,2026-08-18T10:00:00+05:30
trp_ffd35a10,usr_ca24d130,Madurai — Aug 2026,cty_34bbfdfe,cty_3503e391,2026-08-29,2026-09-05,1,1,0,couple,0,confirmed,INR,Flexible on dates by a day either way.,2026-08-08T09:00:00+05:30,2026-08-18T10:00:00+05:30
trp_8804c5b5,usr_037c5821,Madurai — Aug 2026,cty_621f4a84,cty_3503e391,2026-08-19,2026-08-26,6,6,1,backpacker,1,draft,INR,,2026-06-28T09:00:00+05:30,2026-08-18T10:00:00+05:30
trp_152be4e1,usr_c582abb2,Gokarna — Jul 2026,cty_c97e6cd5,cty_a97c33ad,2026-07-11,2026-07-16,2,2,0,couple,1,completed,INR,Flexible on dates by a day either way.,2026-03-28T09:00:00+05:30,2026-08-18T10:00:00+05:30
trp_b8ab5705,usr_492b38ba,Chennai — May 2026,cty_67ee7f6f,cty_f8b75f8e,2026-05-24,2026-06-01,5,4,1,family,1,completed,INR,,2026-03-04T09:00:00+05:30,2026-08-18T10:00:00+05:30
trp_2ee78a2e,usr_20594684,Shimla — May 2026,cty_5698a7ab,cty_32e8e65c,2026-05-30,2026-06-02,1,1,0,solo,0,completed,INR,,2026-04-23T09:00:00+05:30,2026-08-18T10:00:00+05:30
trp_c4c131cd,usr_f12ab863,Varanasi — Jun 2026,,cty_c97e6cd5,2026-06-05,2026-06-09,5,4,1,couple,1,completed,AED,,2026-03-08T09:00:00+05:30,2026-08-18T10:00:00+05:30
trp_894ef822,usr_fedbd227,Ooty — Jun 2026,,cty_7fc82336,2026-06-15,2026-06-22,2,2,0,backpacker,0,completed,INR,,2026-04-22T09:00:00+05:30,2026-08-18T10:00:00+05:30
trp_75c88e52,usr_2e562f89,Alleppey — Aug 2026,cty_0d9ab6ff,cty_34bbfdfe,2026-08-09,2026-08-12,2,2,0,senior,1,completed,INR,,2026-04-16T09:00:00+05:30,2026-08-18T10:00:00+05:30
trp_81ba1051,usr_65303113,Rishikesh — Aug 2026,cty_c97e6cd5,cty_d35a9652,2026-08-22,2026-08-29,3,3,1,backpacker,1,planning,INR,Flexible on dates by a day either way.,2026-06-04T09:00:00+05:30,2026-08-18T10:00:00+05:30
trp_357dbb6b,usr_72d88a70,Bali — May 2026,cty_17b8ef2f,cty_36afaa5c,2026-05-20,2026-05-23,2,2,0,couple,1,completed,INR,,2026-02-11T09:00:00+05:30,2026-08-18T10:00:00+05:30
trp_49911bd2,usr_1f670e21,Jaipur — Aug 2026,cty_95d040d8,cty_c07454f1,2026-08-27,2026-08-31,1,1,0,senior,0,planning,NPR,,2026-07-11T09:00:00+05:30,2026-08-18T10:00:00+05:30
trp_47cb5f68,usr_b2323a23,Kuala Lumpur — Nov 2026,cty_5d572c8a,cty_c9f34ba7,2026-11-28,2026-12-03,1,1,0,backpacker,0,confirmed,INR,Flexible on dates by a day either way.,2026-09-11T09:00:00+05:30,2026-08-18T10:00:00+05:30
trp_cdc63a8d,usr_5b31e64c,Pondicherry — Aug 2026,cty_0d9ab6ff,cty_f288c6a0,2026-08-10,2026-08-17,1,1,0,solo,0,completed,INR,Flexible on dates by a day either way.,2026-07-09T09:00:00+05:30,2026-08-18T10:00:00+05:30
trp_bfc1339e,usr_8e84ba7a,Shimla — Aug 2026,,cty_32e8e65c,2026-08-23,2026-08-31,4,4,0,friends,1,planning,MYR,,2026-05-25T09:00:00+05:30,2026-08-18T10:00:00+05:30
trp_f861423a,usr_85c09ee4,Thanjavur — Jun 2026,cty_7cb0b529,cty_7f673457,2026-06-14,2026-06-20,3,3,1,couple,1,completed,INR,,2026-05-09T09:00:00+05:30,2026-08-18T10:00:00+05:30
trp_5764aee3,usr_78513cd2,Panaji — May 2026,cty_caf3c1ee,cty_43d0a650,2026-05-12,2026-05-15,6,5,1,business,1,completed,INR,,2026-02-23T09:00:00+05:30,2026-08-18T10:00:00+05:30
trp_493ac8fc,usr_540d307a,Thanjavur — Nov 2026,cty_c0f2d9de,cty_7f673457,2026-11-12,2026-11-15,3,3,0,friends,1,planning,NPR,Flexible on dates by a day either way.,2026-08-20T09:00:00+05:30,2026-08-18T10:00:00+05:30
trp_603a2836,usr_b831f448,Bhubaneswar — May 2026,cty_c43cfa94,cty_7be8559f,2026-05-29,2026-05-31,5,5,0,backpacker,1,completed,INR,,2026-04-09T09:00:00+05:30,2026-08-18T10:00:00+05:30
trp_77b09e9a,usr_7a9bb1ad,Amritsar — Oct 2026,cty_0b7f5985,cty_0d062a51,2026-10-09,2026-10-11,5,4,0,backpacker,1,confirmed,CHF,,2026-09-13T09:00:00+05:30,2026-08-18T10:00:00+05:30
trp_11c9d5a3,usr_77e91c3a,Jaisalmer — Nov 2026,cty_caf3c1ee,cty_10cbee86,2026-11-12,2026-11-14,2,2,0,business,0,cancelled,INR,,2026-10-04T09:00:00+05:30,2026-08-18T10:00:00+05:30
trp_55e4cc10,usr_b829ab46,Kuala Lumpur — Sep 2026,cty_7cb0b529,cty_c9f34ba7,2026-09-30,2026-10-02,6,5,0,business,1,planning,INR,,2026-08-10T09:00:00+05:30,2026-08-18T10:00:00+05:30
trp_e4e09b00,usr_17b45921,Abu Dhabi — Jul 2026,cty_0b7f5985,cty_1ced6ede,2026-07-30,2026-08-04,1,1,0,solo,0,completed,CHF,,2026-06-19T09:00:00+05:30,2026-08-18T10:00:00+05:30
trp_2dbec2dd,usr_e076a69d,Bhubaneswar — Oct 2026,cty_c43cfa94,cty_7be8559f,2026-10-15,2026-10-23,1,1,0,senior,0,draft,INR,,2026-07-06T09:00:00+05:30,2026-08-18T10:00:00+05:30
trp_a0a40e8a,usr_63d6db20,Nainital — Sep 2026,cty_7f673457,cty_0d9ab6ff,2026-09-26,2026-10-02,1,1,0,senior,0,confirmed,INR,Flexible on dates by a day either way.,2026-08-02T09:00:00+05:30,2026-08-18T10:00:00+05:30
trp_90e2fb40,usr_e572b881,Bangkok — Jun 2026,cty_f8b75f8e,cty_a5f16904,2026-06-19,2026-06-26,2,2,0,family,0,completed,INR,Flexible on dates by a day either way.,2026-03-23T09:00:00+05:30,2026-08-18T10:00:00+05:30
trp_cdf7d1fa,usr_8e84ba7a,Gokarna — Oct 2026,cty_c9f34ba7,cty_a97c33ad,2026-10-09,2026-10-16,1,1,0,friends,0,confirmed,MYR,,2026-08-10T09:00:00+05:30,2026-08-18T10:00:00+05:30
trp_fd9a2525,usr_40edb5af,Abu Dhabi — Aug 2026,cty_ccb4fb74,cty_1ced6ede,2026-08-12,2026-08-20,2,2,0,senior,1,in_progress,INR,Flexible on dates by a day either way.,2026-07-17T09:00:00+05:30,2026-08-18T10:00:00+05:30
trp_0053b2f7,usr_cf744020,Pondicherry — Aug 2026,cty_67ee7f6f,cty_f288c6a0,2026-08-01,2026-08-06,2,2,0,senior,0,completed,INR,Flexible on dates by a day either way.,2026-06-11T09:00:00+05:30,2026-08-18T10:00:00+05:30
trp_e086bae2,usr_ef2f6a43,Kyoto — Jun 2026,cty_718f03c7,cty_51a149b7,2026-06-19,2026-06-21,5,4,1,backpacker,1,completed,INR,,2026-02-21T09:00:00+05:30,2026-08-18T10:00:00+05:30
trp_4a923b00,usr_ddfd9a4a,Bhuj — Sep 2026,cty_b43cdd57,cty_caf3c1ee,2026-09-26,2026-09-28,2,2,0,business,0,planning,INR,,2026-08-10T09:00:00+05:30,2026-08-18T10:00:00+05:30
trp_c1603110,usr_abeaa148,Munnar — May 2026,,cty_d401ef6b,2026-05-04,2026-05-11,4,4,0,couple,1,completed,SGD,,2026-03-16T09:00:00+05:30,2026-08-18T10:00:00+05:30
trp_77e61eba,usr_633c636b,Chennai — Oct 2026,cty_7fc82336,cty_f8b75f8e,2026-10-19,2026-10-23,6,6,0,senior,1,draft,INR,,2026-07-12T09:00:00+05:30,2026-08-18T10:00:00+05:30
trp_b367a36c,usr_6be041f5,Guwahati — Jul 2026,cty_a50bc5dd,cty_cf1c6ac5,2026-07-01,2026-07-07,1,1,0,solo,0,completed,LKR,,2026-04-29T09:00:00+05:30,2026-08-18T10:00:00+05:30
trp_f18e9739,usr_b10b6018,Jodhpur — Aug 2026,cty_6320eea9,cty_076e8e86,2026-08-26,2026-09-02,2,2,0,business,0,confirmed,QAR,Flexible on dates by a day either way.,2026-05-31T09:00:00+05:30,2026-08-18T10:00:00+05:30
trp_7945b3eb,usr_5f1e6e1c,Visakhapatnam — Sep 2026,cty_a97c33ad,cty_7cb0b529,2026-09-14,2026-09-17,5,5,0,solo,1,cancelled,INR,,2026-06-14T09:00:00+05:30,2026-08-18T10:00:00+05:30
trp_994bc238,usr_db178dbf,Mysuru — Jun 2026,cty_95d040d8,cty_8fc1539e,2026-06-07,2026-06-12,3,3,0,backpacker,1,completed,NPR,,2026-02-14T09:00:00+05:30,2026-08-18T10:00:00+05:30
trp_4eec7794,usr_2de68d4f,Jodhpur — Jul 2026,cty_621f4a84,cty_076e8e86,2026-07-26,2026-07-31,5,5,1,senior,1,completed,INR,,2026-06-04T09:00:00+05:30,2026-08-18T10:00:00+05:30
trp_1aeefd3e,usr_d23b92e9,Guwahati — Oct 2026,cty_3503e391,cty_cf1c6ac5,2026-10-19,2026-10-24,6,6,1,business,1,cancelled,INR,,2026-08-24T09:00:00+05:30,2026-08-18T10:00:00+05:30
trp_76c2a4af,usr_68f38693,Kuala Lumpur — Dec 2026,cty_67ee7f6f,cty_c9f34ba7,2026-12-02,2026-12-06,4,4,0,friends,1,planning,INR,,2026-10-02T09:00:00+05:30,2026-08-18T10:00:00+05:30
trp_afb42eab,usr_228f37bd,Jaipur — Nov 2026,cty_9327d518,cty_c07454f1,2026-11-25,2026-12-02,1,1,0,family,0,cancelled,INR,Flexible on dates by a day either way.,2026-10-07T09:00:00+05:30,2026-08-18T10:00:00+05:30
trp_89eafa58,usr_d0571b95,Bhuj — Sep 2026,cty_34bbfdfe,cty_caf3c1ee,2026-09-20,2026-09-27,2,2,0,solo,0,planning,INR,,2026-07-18T09:00:00+05:30,2026-08-18T10:00:00+05:30
trp_5a3f0c25,usr_12f95c97,Jaisalmer — Sep 2026,cty_d4f5e3a5,cty_10cbee86,2026-09-14,2026-09-19,2,2,0,senior,0,draft,INR,,2026-07-26T09:00:00+05:30,2026-08-18T10:00:00+05:30
trp_77488f6d,usr_44ec53b5,Jaipur — Jul 2026,cty_7be8559f,cty_c07454f1,2026-07-07,2026-07-09,3,3,0,family,1,completed,INR,Flexible on dates by a day either way.,2026-03-16T09:00:00+05:30,2026-08-18T10:00:00+05:30
trp_9fc37785,usr_42202df5,Udaipur — Jun 2026,cty_7cb0b529,cty_5d572c8a,2026-06-03,2026-06-11,2,2,0,family,0,completed,INR,Flexible on dates by a day either way.,2026-04-04T09:00:00+05:30,2026-08-18T10:00:00+05:30
trp_22fafc52,usr_ddfa0cd0,Gangtok — May 2026,cty_a50bc5dd,cty_ccb4fb74,2026-05-22,2026-05-30,1,1,0,friends,0,completed,LKR,,2026-03-15T09:00:00+05:30,2026-08-18T10:00:00+05:30
trp_c2f959a5,usr_a531d952,Bangkok — Jun 2026,cty_32e8e65c,cty_a5f16904,2026-06-05,2026-06-12,6,5,1,business,1,completed,INR,,2026-03-20T09:00:00+05:30,2026-08-18T10:00:00+05:30
trp_0f1dfedf,usr_c426b4e1,Bangkok — Nov 2026,cty_67ee7f6f,cty_a5f16904,2026-11-08,2026-11-16,2,2,0,friends,0,planning,INR,,2026-08-30T09:00:00+05:30,2026-08-18T10:00:00+05:30
trp_5a52c165,usr_76c235d5,Kuala Lumpur — Aug 2026,cty_7cb0b529,cty_c9f34ba7,2026-08-13,2026-08-21,4,4,0,family,1,in_progress,INR,,2026-06-22T09:00:00+05:30,2026-08-18T10:00:00+05:30
trp_32ae8bfe,usr_63d19d4c,Aurangabad — May 2026,cty_9327d518,cty_f29656ff,2026-05-19,2026-05-22,1,1,0,friends,0,completed,INR,,2026-03-27T09:00:00+05:30,2026-08-18T10:00:00+05:30
trp_f80fc406,usr_424aaa79,Jaisalmer — Oct 2026,cty_828a7777,cty_10cbee86,2026-10-23,2026-10-28,1,1,0,solo,0,confirmed,INR,,2026-06-28T09:00:00+05:30,2026-08-18T10:00:00+05:30
trp_44ecb435,usr_2109396c,Mumbai — Dec 2026,,cty_95e7c8ca,2026-12-03,2026-12-08,2,2,0,couple,0,planning,SGD,,2026-10-24T09:00:00+05:30,2026-08-18T10:00:00+05:30
trp_53739538,usr_8eb4e3e7,Zurich — May 2026,cty_f29656ff,cty_0b7f5985,2026-05-11,2026-05-16,6,6,0,friends,1,completed,INR,,2026-03-10T09:00:00+05:30,2026-08-18T10:00:00+05:30
trp_ecb6fa2a,usr_f50e2299,Kandy — Aug 2026,cty_590d4b7b,cty_009c9fd2,2026-08-03,2026-08-09,1,1,0,business,0,completed,INR,,2026-06-09T09:00:00+05:30,2026-08-18T10:00:00+05:30
trp_3178fc73,usr_546ab7b6,Bhuj — Jun 2026,cty_f29656ff,cty_caf3c1ee,2026-06-22,2026-06-28,2,2,0,senior,0,completed,INR,Flexible on dates by a day either way.,2026-04-17T09:00:00+05:30,2026-08-18T10:00:00+05:30
trp_41efeeee,usr_d1506bce,Pondicherry — May 2026,cty_5698a7ab,cty_f288c6a0,2026-05-15,2026-05-20,6,6,1,couple,1,completed,INR,,2026-03-14T09:00:00+05:30,2026-08-18T10:00:00+05:30
trp_c4b22e96,usr_5f1e6e1c,Kyoto — Aug 2026,cty_a97c33ad,cty_51a149b7,2026-08-10,2026-08-13,1,1,0,solo,0,completed,INR,,2026-05-21T09:00:00+05:30,2026-08-18T10:00:00+05:30
trp_f05ed67d,usr_6ec8f18d,Puri — Oct 2026,cty_905fd8a1,cty_b6ccbb3b,2026-10-16,2026-10-24,1,1,0,couple,0,cancelled,SGD,,2026-08-28T09:00:00+05:30,2026-08-18T10:00:00+05:30
trp_ab02433c,usr_464e9998,Thanjavur — Nov 2026,cty_8fc1539e,cty_7f673457,2026-11-19,2026-11-21,5,5,1,senior,1,planning,INR,,2026-10-06T09:00:00+05:30,2026-08-18T10:00:00+05:30
trp_92b064f2,usr_c659e4bf,Jaisalmer — Jun 2026,cty_36afaa5c,cty_10cbee86,2026-06-10,2026-06-14,1,1,0,couple,0,completed,IDR,,2026-05-07T09:00:00+05:30,2026-08-18T10:00:00+05:30
trp_78241f22,usr_e5b92b52,Leh — Oct 2026,cty_f29656ff,cty_aa759717,2026-10-05,2026-10-11,2,2,0,senior,1,confirmed,INR,,2026-08-18T09:00:00+05:30,2026-08-18T10:00:00+05:30
trp_84855866,usr_9473419d,Bengaluru — Aug 2026,cty_d4f5e3a5,cty_17b8ef2f,2026-08-28,2026-08-31,5,4,1,solo,1,planning,INR,,2026-05-23T09:00:00+05:30,2026-08-18T10:00:00+05:30
trp_7844b321,usr_2b11a6c9,Puri — May 2026,cty_95e7c8ca,cty_b6ccbb3b,2026-05-27,2026-06-04,1,1,0,business,0,completed,INR,,2026-03-26T09:00:00+05:30,2026-08-18T10:00:00+05:30
trp_c1e34627,usr_05d0be25,Mumbai — Sep 2026,cty_d4f5e3a5,cty_95e7c8ca,2026-09-14,2026-09-22,1,1,0,backpacker,0,draft,INR,,2026-06-26T09:00:00+05:30,2026-08-18T10:00:00+05:30
trp_74917bfb,usr_d56927f7,Jaisalmer — Jul 2026,cty_3503e391,cty_10cbee86,2026-07-12,2026-07-18,1,1,0,backpacker,0,completed,INR,,2026-03-15T09:00:00+05:30,2026-08-18T10:00:00+05:30
trp_53200b9d,usr_81ed406f,Leh — Jun 2026,cty_a5f16904,cty_aa759717,2026-06-18,2026-06-21,4,4,0,business,1,completed,THB,,2026-04-13T09:00:00+05:30,2026-08-18T10:00:00+05:30
trp_69a5e32d,usr_96a8d3c5,Nainital — Aug 2026,cty_95d040d8,cty_0d9ab6ff,2026-08-09,2026-08-12,6,6,0,family,1,completed,NPR,,2026-07-07T09:00:00+05:30,2026-08-18T10:00:00+05:30
trp_ef522093,usr_ae648c19,Bangkok — Aug 2026,cty_ccb4fb74,cty_a5f16904,2026-08-19,2026-08-23,5,4,0,backpacker,1,planning,INR,,2026-07-07T09:00:00+05:30,2026-08-18T10:00:00+05:30
trp_627dd5f6,usr_ce38459a,Chennai — Jul 2026,,cty_f8b75f8e,2026-07-06,2026-07-09,2,2,0,family,0,completed,QAR,Flexible on dates by a day either way.,2026-03-22T09:00:00+05:30,2026-08-18T10:00:00+05:30
trp_f9bdd86b,usr_7ad82b11,Shillong — Jun 2026,cty_43d0a650,cty_590d4b7b,2026-06-16,2026-06-21,1,1,0,friends,0,completed,INR,Flexible on dates by a day either way.,2026-02-22T09:00:00+05:30,2026-08-18T10:00:00+05:30
trp_09f90a77,usr_07f03d4c,Pokhara — Nov 2026,cty_f8b75f8e,cty_95d040d8,2026-11-13,2026-11-17,2,2,0,family,1,cancelled,INR,,2026-09-07T09:00:00+05:30,2026-08-18T10:00:00+05:30
trp_ff8e9fec,usr_a386ca28,Shimla — Nov 2026,cty_ab50efee,cty_32e8e65c,2026-11-25,2026-11-28,2,2,0,family,0,confirmed,INR,,2026-10-07T09:00:00+05:30,2026-08-18T10:00:00+05:30
trp_d6b492f9,usr_0389057b,Abu Dhabi — May 2026,cty_5698a7ab,cty_1ced6ede,2026-05-29,2026-06-03,2,2,0,solo,0,completed,INR,,2026-04-10T09:00:00+05:30,2026-08-18T10:00:00+05:30
trp_962e90a6,usr_96740172,Hampi — Aug 2026,cty_828a7777,cty_bbb31d67,2026-08-26,2026-09-02,2,2,0,backpacker,1,draft,INR,,2026-05-31T09:00:00+05:30,2026-08-18T10:00:00+05:30
trp_25a980cf,usr_2da5bb04,Pondicherry — Sep 2026,cty_51a149b7,cty_f288c6a0,2026-09-13,2026-09-17,2,2,0,family,1,draft,JPY,,2026-07-24T09:00:00+05:30,2026-08-18T10:00:00+05:30
trp_c403d6fa,usr_ce9ee3ae,Alleppey — Jun 2026,cty_0b7f5985,cty_34bbfdfe,2026-06-22,2026-06-29,2,2,0,friends,0,completed,CHF,,2026-05-03T09:00:00+05:30,2026-08-18T10:00:00+05:30
trp_e427f350,usr_51294c66,Guwahati — Jul 2026,cty_95d040d8,cty_cf1c6ac5,2026-07-11,2026-07-15,1,1,0,senior,0,completed,NPR,,2026-06-03T09:00:00+05:30,2026-08-18T10:00:00+05:30
trp_e8b8c651,usr_4efab0b7,Manali — Nov 2026,cty_cfec17b6,cty_9327d518,2026-11-30,2026-12-06,5,5,0,couple,1,cancelled,INR,,2026-08-11T09:00:00+05:30,2026-08-18T10:00:00+05:30
trp_8e6dec68,usr_22d1a7e5,Kochi — Dec 2026,cty_cf1c6ac5,cty_8b6b1652,2026-12-09,2026-12-15,3,3,1,friends,1,cancelled,INR,,2026-09-09T09:00:00+05:30,2026-08-18T10:00:00+05:30
trp_ad48f44b,usr_ea269383,Puri — Aug 2026,cty_f8b75f8e,cty_b6ccbb3b,2026-08-11,2026-08-15,5,5,1,couple,1,completed,INR,,2026-05-20T09:00:00+05:30,2026-08-18T10:00:00+05:30
trp_43e313f5,usr_e0853a17,Amritsar — Oct 2026,cty_7be8559f,cty_0d062a51,2026-10-28,2026-11-05,4,3,0,family,1,planning,INR,,2026-09-16T09:00:00+05:30,2026-08-18T10:00:00+05:30
trp_49772eb7,usr_b4a877b0,Doha — Jul 2026,cty_d4f5e3a5,cty_6320eea9,2026-07-14,2026-07-20,2,2,0,backpacker,0,completed,INR,,2026-04-09T09:00:00+05:30,2026-08-18T10:00:00+05:30
trp_d647222e,usr_42a441dc,Thanjavur — Aug 2026,cty_5d572c8a,cty_7f673457,2026-08-05,2026-08-10,4,3,0,friends,1,completed,INR,,2026-05-31T09:00:00+05:30,2026-08-18T10:00:00+05:30
trp_7013467c,usr_5bbebfef,Male — Nov 2026,cty_590d4b7b,cty_9aa02925,2026-11-18,2026-11-24,1,1,0,solo,0,planning,INR,,2026-08-29T09:00:00+05:30,2026-08-18T10:00:00+05:30
trp_631ad6a9,usr_196ca537,Zurich — Sep 2026,cty_d4f5e3a5,cty_0b7f5985,2026-09-03,2026-09-11,2,2,0,couple,0,planning,INR,,2026-07-11T09:00:00+05:30,2026-08-18T10:00:00+05:30
trp_bab07b17,usr_b6d5d98c,Doha — Jun 2026,cty_cf1c6ac5,cty_6320eea9,2026-06-24,2026-06-27,1,1,0,couple,0,completed,INR,,2026-03-03T09:00:00+05:30,2026-08-18T10:00:00+05:30
trp_e11af79e,usr_3d56531d,Manali — Aug 2026,cty_5d572c8a,cty_9327d518,2026-08-11,2026-08-14,2,2,0,solo,1,completed,INR,,2026-06-05T09:00:00+05:30,2026-08-18T10:00:00+05:30
trp_c67254e9,usr_3f50fbcb,Manali — Nov 2026,cty_590d4b7b,cty_9327d518,2026-11-07,2026-11-10,2,2,0,family,1,draft,INR,,2026-08-19T09:00:00+05:30,2026-08-18T10:00:00+05:30
trp_b7a82392,usr_4022bd9b,Varanasi — Jul 2026,cty_c0f2d9de,cty_c97e6cd5,2026-07-22,2026-07-29,2,2,0,business,1,completed,NPR,Flexible on dates by a day either way.,2026-06-01T09:00:00+05:30,2026-08-18T10:00:00+05:30
trp_12e18a88,usr_ee03ca6c,Munnar — Sep 2026,cty_10cbee86,cty_d401ef6b,2026-09-30,2026-10-05,4,3,0,family,1,planning,INR,,2026-07-29T09:00:00+05:30,2026-08-18T10:00:00+05:30
trp_43aa1b9f,usr_1cfaf7a0,Kathmandu — Oct 2026,cty_0d062a51,cty_c0f2d9de,2026-10-08,2026-10-11,1,1,0,friends,0,confirmed,INR,,2026-08-18T09:00:00+05:30,2026-08-18T10:00:00+05:30
trp_7156f558,usr_2433031a,Kathmandu — Nov 2026,cty_1ced6ede,cty_c0f2d9de,2026-11-23,2026-11-28,2,2,0,senior,1,confirmed,AED,,2026-10-15T09:00:00+05:30,2026-08-18T10:00:00+05:30
trp_bca7f130,usr_bc9d20fa,Jodhpur — Nov 2026,cty_cf1c6ac5,cty_076e8e86,2026-11-05,2026-11-10,1,1,0,couple,0,planning,INR,,2026-07-09T09:00:00+05:30,2026-08-18T10:00:00+05:30
trp_8580f983,usr_e3b9431c,Abu Dhabi — May 2026,cty_d35a9652,cty_1ced6ede,2026-05-16,2026-05-20,1,1,0,family,0,completed,INR,,2026-02-11T09:00:00+05:30,2026-08-18T10:00:00+05:30
trp_37519e08,usr_16017e92,Jaipur — Jul 2026,cty_34bbfdfe,cty_c07454f1,2026-07-30,2026-08-02,1,1,0,friends,0,completed,INR,Flexible on dates by a day either way.,2026-06-26T09:00:00+05:30,2026-08-18T10:00:00+05:30
trp_cb0bf61d,usr_c538bbe8,Srinagar — Aug 2026,,cty_828a7777,2026-08-18,2026-08-23,2,2,0,solo,0,in_progress,INR,Flexible on dates by a day either way.,2026-07-05T09:00:00+05:30,2026-08-18T10:00:00+05:30
trp_fdbf106b,usr_7a1346e6,Bhuj — May 2026,cty_cfec17b6,cty_caf3c1ee,2026-05-04,2026-05-09,4,3,1,business,1,completed,INR,,2026-01-10T09:00:00+05:30,2026-08-18T10:00:00+05:30
trp_098ba70a,usr_4e65d08a,Alleppey — Dec 2026,cty_cfec17b6,cty_34bbfdfe,2026-12-08,2026-12-15,3,2,1,business,1,confirmed,INR,,2026-11-14T09:00:00+05:30,2026-08-18T10:00:00+05:30
trp_7a5e7bd8,usr_e94f06ca,Chennai — Jul 2026,cty_d35a9652,cty_f8b75f8e,2026-07-11,2026-07-18,2,2,0,friends,0,completed,INR,Flexible on dates by a day either way.,2026-06-02T09:00:00+05:30,2026-08-18T10:00:00+05:30
trp_8f860be9,usr_81cc2de0,Visakhapatnam — Oct 2026,,cty_7cb0b529,2026-10-26,2026-10-30,2,2,0,backpacker,0,cancelled,INR,,2026-07-09T09:00:00+05:30,2026-08-18T10:00:00+05:30
trp_cc0bc071,usr_c582abb2,Shimla — May 2026,cty_c97e6cd5,cty_32e8e65c,2026-05-10,2026-05-18,6,5,1,couple,1,completed,INR,,2026-02-13T09:00:00+05:30,2026-08-18T10:00:00+05:30
trp_e0e73f4f,usr_651a4d17,Thanjavur — Jun 2026,cty_7fc82336,cty_7f673457,2026-06-10,2026-06-12,2,2,0,family,1,completed,INR,,2026-05-16T09:00:00+05:30,2026-08-18T10:00:00+05:30
trp_c675b49c,usr_02b3a36d,Abu Dhabi — Oct 2026,cty_0b92e2e7,cty_1ced6ede,2026-10-08,2026-10-11,5,5,1,senior,1,cancelled,INR,,2026-08-21T09:00:00+05:30,2026-08-18T10:00:00+05:30
trp_14bf5f65,usr_65303113,Rishikesh — Aug 2026,cty_c97e6cd5,cty_d35a9652,2026-08-02,2026-08-07,1,1,0,backpacker,0,completed,INR,Flexible on dates by a day either way.,2026-04-06T09:00:00+05:30,2026-08-18T10:00:00+05:30
trp_0d9ed6f6,usr_525b1d3c,Hyderabad — Jun 2026,cty_d4f5e3a5,cty_718f03c7,2026-06-05,2026-06-12,1,1,0,family,0,completed,INR,Flexible on dates by a day either way.,2026-05-10T09:00:00+05:30,2026-08-18T10:00:00+05:30
trp_01716435,usr_17bacb4e,Mysuru — Aug 2026,cty_bbb31d67,cty_8fc1539e,2026-08-16,2026-08-19,4,4,1,business,1,in_progress,INR,,2026-06-20T09:00:00+05:30,2026-08-18T10:00:00+05:30
trp_8a12a715,usr_3349b18a,Udaipur — Oct 2026,cty_aa759717,cty_5d572c8a,2026-10-20,2026-10-26,6,6,1,friends,1,cancelled,INR,,2026-07-26T09:00:00+05:30,2026-08-18T10:00:00+05:30
trp_eda7ae24,usr_bedf358a,Puri — Nov 2026,,cty_b6ccbb3b,2026-11-09,2026-11-11,2,2,0,solo,1,planning,INR,,2026-08-04T09:00:00+05:30,2026-08-18T10:00:00+05:30
trp_b61bda4b,usr_7f6e49de,Kolkata — Sep 2026,cty_43d0a650,cty_ab50efee,2026-09-15,2026-09-18,2,2,0,family,0,confirmed,INR,,2026-05-21T09:00:00+05:30,2026-08-18T10:00:00+05:30
trp_d8f6113f,usr_a3f4f2d9,Chennai — May 2026,cty_1ced6ede,cty_f8b75f8e,2026-05-27,2026-06-02,1,1,0,friends,0,completed,AED,,2026-02-02T09:00:00+05:30,2026-08-18T10:00:00+05:30
trp_b4864e6f,usr_c221a5aa,Gokarna — Aug 2026,cty_c0f2d9de,cty_a97c33ad,2026-08-25,2026-09-02,4,4,0,business,1,planning,NPR,Flexible on dates by a day either way.,2026-05-03T09:00:00+05:30,2026-08-18T10:00:00+05:30
trp_0f181044,usr_6303c026,Pondicherry — Sep 2026,cty_6320eea9,cty_f288c6a0,2026-09-08,2026-09-11,1,1,0,senior,0,cancelled,QAR,,2026-08-01T09:00:00+05:30,2026-08-18T10:00:00+05:30
trp_90f6480d,usr_a7185e16,Thiruvananthapuram — Sep 2026,cty_d35a9652,cty_67ee7f6f,2026-09-10,2026-09-14,1,1,0,business,0,planning,INR,,2026-06-24T09:00:00+05:30,2026-08-18T10:00:00+05:30
trp_be2b6219,usr_1b4fe68e,Kandy — Oct 2026,,cty_009c9fd2,2026-10-15,2026-10-21,1,1,0,solo,0,confirmed,LKR,,2026-07-13T09:00:00+05:30,2026-08-18T10:00:00+05:30
trp_1ceb9811,usr_6e6d6fef,Ahmedabad — Oct 2026,cty_3503e391,cty_cfec17b6,2026-10-13,2026-10-19,6,6,1,senior,1,planning,INR,Flexible on dates by a day either way.,2026-06-21T09:00:00+05:30,2026-08-18T10:00:00+05:30
trp_856b6452,usr_5c4f42ed,Shillong — Oct 2026,cty_c0f2d9de,cty_590d4b7b,2026-10-04,2026-10-08,2,2,0,business,0,confirmed,NPR,,2026-08-31T09:00:00+05:30,2026-08-18T10:00:00+05:30
trp_32bc8fa5,usr_95492664,Nainital — Dec 2026,cty_95d040d8,cty_0d9ab6ff,2026-12-03,2026-12-09,6,6,1,solo,1,confirmed,NPR,,2026-10-02T09:00:00+05:30,2026-08-18T10:00:00+05:30
trp_0e4ac002,usr_54e4f5fd,Hampi — Dec 2026,cty_aa759717,cty_bbb31d67,2026-12-03,2026-12-11,2,2,0,backpacker,0,draft,INR,,2026-10-05T09:00:00+05:30,2026-08-18T10:00:00+05:30
trp_d6cd4f40,usr_ad8b46f0,Male — May 2026,cty_cf1c6ac5,cty_9aa02925,2026-05-20,2026-05-28,2,2,0,family,0,completed,INR,Flexible on dates by a day either way.,2026-01-31T09:00:00+05:30,2026-08-18T10:00:00+05:30
trp_d5063ed0,usr_6361ffdd,Darjeeling — Jun 2026,,cty_c43cfa94,2026-06-09,2026-06-17,2,2,0,solo,1,completed,AED,,2026-02-22T09:00:00+05:30,2026-08-18T10:00:00+05:30
trp_1dd09ed0,usr_fedbd227,Puri — Jul 2026,cty_7cb0b529,cty_b6ccbb3b,2026-07-20,2026-07-25,1,1,0,backpacker,0,completed,INR,,2026-05-17T09:00:00+05:30,2026-08-18T10:00:00+05:30
trp_ed8dc5fe,usr_efe9a3aa,Udaipur — Sep 2026,cty_34bbfdfe,cty_5d572c8a,2026-09-25,2026-10-03,1,1,0,backpacker,0,confirmed,INR,,2026-08-17T09:00:00+05:30,2026-08-18T10:00:00+05:30
trp_20b372f1,usr_6e3b5c10,Ahmedabad — May 2026,cty_0d9ab6ff,cty_cfec17b6,2026-05-17,2026-05-23,2,2,0,backpacker,0,completed,INR,Flexible on dates by a day either way.,2026-04-21T09:00:00+05:30,2026-08-18T10:00:00+05:30
trp_1002157a,usr_6a108f4e,Nainital — Jun 2026,cty_7fc82336,cty_0d9ab6ff,2026-06-11,2026-06-13,3,2,0,family,1,completed,INR,,2026-04-11T09:00:00+05:30,2026-08-18T10:00:00+05:30
trp_aa8d192e,usr_2de68d4f,Varanasi — Jul 2026,cty_621f4a84,cty_c97e6cd5,2026-07-29,2026-08-04,3,3,1,senior,1,completed,INR,,2026-04-24T09:00:00+05:30,2026-08-18T10:00:00+05:30
trp_b355e443,usr_22e61dad,Nainital — Oct 2026,cty_621f4a84,cty_0d9ab6ff,2026-10-25,2026-10-30,3,3,0,couple,1,planning,INR,,2026-08-01T09:00:00+05:30,2026-08-18T10:00:00+05:30
trp_d128a566,usr_e1d938d9,Panaji — Oct 2026,cty_7cb0b529,cty_43d0a650,2026-10-25,2026-10-28,2,2,0,solo,0,confirmed,INR,Flexible on dates by a day either way.,2026-09-12T09:00:00+05:30,2026-08-18T10:00:00+05:30
trp_e72a3a42,usr_8a133f67,Pondicherry — May 2026,cty_8b6b1652,cty_f288c6a0,2026-05-16,2026-05-19,2,2,0,couple,0,completed,INR,Flexible on dates by a day either way.,2026-01-18T09:00:00+05:30,2026-08-18T10:00:00+05:30
trp_11c3f9e5,usr_afacd025,Gokarna — May 2026,cty_a50bc5dd,cty_a97c33ad,2026-05-13,2026-05-15,2,2,0,friends,0,completed,LKR,,2026-04-10T09:00:00+05:30,2026-08-18T10:00:00+05:30
trp_44abe323,usr_21700d8e,Aurangabad — May 2026,cty_b6ccbb3b,cty_f29656ff,2026-05-28,2026-06-01,3,3,0,solo,1,completed,INR,Flexible on dates by a day either way.,2026-02-25T09:00:00+05:30,2026-08-18T10:00:00+05:30
trp_9af6e7d4,usr_e7b2dd09,Pondicherry — Jun 2026,,cty_f288c6a0,2026-06-09,2026-06-13,1,1,0,friends,0,completed,INR,,2026-04-10T09:00:00+05:30,2026-08-18T10:00:00+05:30
trp_90548bc9,usr_dbcf6091,Pokhara — May 2026,cty_a50bc5dd,cty_95d040d8,2026-05-14,2026-05-20,5,5,0,couple,1,completed,LKR,Flexible on dates by a day either way.,2026-02-14T09:00:00+05:30,2026-08-18T10:00:00+05:30
trp_3e0e98ed,usr_cf6d7fc2,Ooty — Jul 2026,cty_590d4b7b,cty_7fc82336,2026-07-11,2026-07-13,2,2,0,family,1,completed,INR,,2026-05-07T09:00:00+05:30,2026-08-18T10:00:00+05:30
trp_706fdf80,usr_fcd9bdf6,Panaji — Jul 2026,cty_905fd8a1,cty_43d0a650,2026-07-16,2026-07-18,5,5,1,senior,1,completed,SGD,,2026-06-09T09:00:00+05:30,2026-08-18T10:00:00+05:30
trp_aa766de3,usr_d8cab59f,Doha — May 2026,cty_36afaa5c,cty_6320eea9,2026-05-12,2026-05-18,6,5,0,solo,1,completed,IDR,Flexible on dates by a day either way.,2026-03-31T09:00:00+05:30,2026-08-18T10:00:00+05:30
trp_3e798eae,usr_c4b23b72,Kandy — Jun 2026,cty_076e8e86,cty_009c9fd2,2026-06-04,2026-06-10,2,2,0,solo,0,completed,INR,,2026-02-23T09:00:00+05:30,2026-08-18T10:00:00+05:30
trp_c7b6e5c7,usr_61710d50,Tirupati — Jun 2026,cty_905fd8a1,cty_d4f5e3a5,2026-06-07,2026-06-13,5,5,0,business,1,completed,SGD,,2026-02-14T09:00:00+05:30,2026-08-18T10:00:00+05:30
trp_7afc863d,usr_a386ca28,Colombo — Jun 2026,,cty_a50bc5dd,2026-06-28,2026-07-06,5,5,1,family,1,completed,INR,,2026-04-06T09:00:00+05:30,2026-08-18T10:00:00+05:30
trp_fc58b9bd,usr_1c8154b9,Jaisalmer — Jun 2026,cty_cf1c6ac5,cty_10cbee86,2026-06-25,2026-06-27,1,1,0,couple,0,completed,INR,,2026-02-27T09:00:00+05:30,2026-08-18T10:00:00+05:30
trp_e6cd4e0f,usr_949a215d,Amritsar — Jun 2026,cty_34bbfdfe,cty_0d062a51,2026-06-27,2026-07-02,3,3,0,business,1,completed,INR,,2026-04-10T09:00:00+05:30,2026-08-18T10:00:00+05:30
trp_ec5e83d5,usr_11c77a9c,Udaipur — May 2026,,cty_5d572c8a,2026-05-31,2026-06-07,2,2,0,business,0,completed,BTN,Flexible on dates by a day either way.,2026-05-02T09:00:00+05:30,2026-08-18T10:00:00+05:30
trp_5843566d,usr_57995796,Gangtok — Oct 2026,cty_d401ef6b,cty_ccb4fb74,2026-10-26,2026-10-28,2,2,0,solo,0,draft,INR,,2026-09-02T09:00:00+05:30,2026-08-18T10:00:00+05:30
trp_79899032,usr_40c95b13,Kandy — Jun 2026,cty_43d0a650,cty_009c9fd2,2026-06-14,2026-06-19,1,1,0,business,0,completed,INR,,2026-04-27T09:00:00+05:30,2026-08-18T10:00:00+05:30
trp_e5d6ad9d,usr_357e579a,Jaisalmer — Jun 2026,cty_7fc82336,cty_10cbee86,2026-06-24,2026-07-02,1,1,0,couple,0,completed,INR,,2026-03-02T09:00:00+05:30,2026-08-18T10:00:00+05:30
trp_c6e23791,usr_3038e2f7,Panaji — Jun 2026,cty_0d062a51,cty_43d0a650,2026-06-18,2026-06-24,1,1,0,friends,0,completed,INR,Flexible on dates by a day either way.,2026-04-06T09:00:00+05:30,2026-08-18T10:00:00+05:30
trp_6b90fe6a,usr_0567fe37,Srinagar — May 2026,cty_7b89639e,cty_828a7777,2026-05-20,2026-05-27,2,2,0,couple,1,completed,AED,Flexible on dates by a day either way.,2026-04-24T09:00:00+05:30,2026-08-18T10:00:00+05:30
trp_4567900f,usr_e94f06ca,Dubai — May 2026,cty_d35a9652,cty_7b89639e,2026-05-08,2026-05-14,2,2,0,friends,0,completed,INR,,2026-01-14T09:00:00+05:30,2026-08-18T10:00:00+05:30
trp_ce030396,usr_67de0711,Amritsar — Sep 2026,cty_d401ef6b,cty_0d062a51,2026-09-25,2026-10-03,6,6,0,couple,1,confirmed,INR,,2026-06-04T09:00:00+05:30,2026-08-18T10:00:00+05:30
trp_ae6b4527,usr_98212b28,Rishikesh — Jun 2026,cty_32e8e65c,cty_d35a9652,2026-06-07,2026-06-10,6,5,0,friends,1,completed,INR,,2026-03-15T09:00:00+05:30,2026-08-18T10:00:00+05:30
trp_4158f34b,usr_9473419d,Shimla — Oct 2026,cty_d4f5e3a5,cty_32e8e65c,2026-10-20,2026-10-22,1,1,0,solo,0,confirmed,INR,,2026-09-16T09:00:00+05:30,2026-08-18T10:00:00+05:30
trp_0ab1cb2b,usr_ab49979e,Aurangabad — Jun 2026,cty_590d4b7b,cty_f29656ff,2026-06-22,2026-06-26,2,2,0,senior,0,completed,INR,,2026-03-18T09:00:00+05:30,2026-08-18T10:00:00+05:30
trp_de13fbb8,usr_638c6951,Munnar — Sep 2026,cty_b43cdd57,cty_d401ef6b,2026-09-27,2026-09-29,4,4,0,senior,1,confirmed,INR,Flexible on dates by a day either way.,2026-06-12T09:00:00+05:30,2026-08-18T10:00:00+05:30
trp_6d961db4,usr_fd8f7b49,Thanjavur — Jul 2026,cty_10cbee86,cty_7f673457,2026-07-19,2026-07-22,3,3,0,backpacker,1,completed,INR,Flexible on dates by a day either way.,2026-06-23T09:00:00+05:30,2026-08-18T10:00:00+05:30
trp_4c87ad6d,usr_94e62241,Kolkata — Jun 2026,cty_43d0a650,cty_ab50efee,2026-06-20,2026-06-27,1,1,0,business,0,completed,INR,Flexible on dates by a day either way.,2026-04-25T09:00:00+05:30,2026-08-18T10:00:00+05:30
trp_e5fcba16,usr_b021d103,Pune — Oct 2026,cty_9327d518,cty_621f4a84,2026-10-27,2026-11-03,2,2,0,senior,1,draft,INR,,2026-08-21T09:00:00+05:30,2026-08-18T10:00:00+05:30
trp_64726e5f,usr_f9060fbb,Tirupati — Sep 2026,,cty_d4f5e3a5,2026-09-18,2026-09-26,2,2,0,friends,0,cancelled,INR,,2026-07-31T09:00:00+05:30,2026-08-18T10:00:00+05:30
trp_e9978e3e,usr_1805266d,Panaji — Jun 2026,cty_7cb0b529,cty_43d0a650,2026-06-25,2026-06-29,2,2,0,business,0,completed,INR,,2026-04-30T09:00:00+05:30,2026-08-18T10:00:00+05:30
trp_4507663e,usr_05e40dfc,Jaisalmer — Jun 2026,,cty_10cbee86,2026-06-03,2026-06-06,2,2,0,solo,0,completed,INR,,2026-05-13T09:00:00+05:30,2026-08-18T10:00:00+05:30
trp_7b77aa24,usr_88af6903,Visakhapatnam — Aug 2026,cty_828a7777,cty_7cb0b529,2026-08-30,2026-09-06,1,1,0,solo,0,cancelled,INR,,2026-07-05T09:00:00+05:30,2026-08-18T10:00:00+05:30
trp_087633e3,usr_4cbf6de6,Lucknow — Dec 2026,cty_f29656ff,cty_5698a7ab,2026-12-09,2026-12-16,5,5,1,senior,1,confirmed,INR,,2026-08-24T09:00:00+05:30,2026-08-18T10:00:00+05:30
trp_3e263e75,usr_51275e79,Kathmandu — Oct 2026,cty_d401ef6b,cty_c0f2d9de,2026-10-20,2026-10-25,3,3,0,business,1,planning,INR,Flexible on dates by a day either way.,2026-07-31T09:00:00+05:30,2026-08-18T10:00:00+05:30
trp_f0bbd941,usr_58d2b52f,Jaisalmer — Jul 2026,cty_590d4b7b,cty_10cbee86,2026-07-18,2026-07-24,1,1,0,solo,0,completed,INR,,2026-06-25T09:00:00+05:30,2026-08-18T10:00:00+05:30
trp_03ebe095,usr_0389057b,Manali — Jul 2026,cty_5698a7ab,cty_9327d518,2026-07-17,2026-07-20,1,1,0,solo,0,completed,INR,,2026-05-02T09:00:00+05:30,2026-08-18T10:00:00+05:30
trp_e5ff1490,usr_2e849b83,Thimphu — Sep 2026,cty_9327d518,cty_79cbc59b,2026-09-24,2026-09-29,6,6,0,backpacker,1,planning,INR,,2026-07-30T09:00:00+05:30,2026-08-18T10:00:00+05:30
trp_c31653d2,usr_ab49979e,Gokarna — Aug 2026,cty_590d4b7b,cty_a97c33ad,2026-08-25,2026-08-29,1,1,0,senior,0,confirmed,INR,,2026-07-26T09:00:00+05:30,2026-08-18T10:00:00+05:30
trp_ebe52e65,usr_f52d271a,Pune — Jul 2026,,cty_621f4a84,2026-07-19,2026-07-26,2,2,0,couple,1,completed,INR,Flexible on dates by a day either way.,2026-05-28T09:00:00+05:30,2026-08-18T10:00:00+05:30
trp_95715c8a,usr_0dc99bd5,Aurangabad — May 2026,cty_9327d518,cty_f29656ff,2026-05-23,2026-05-28,1,1,0,senior,0,completed,INR,,2026-02-02T09:00:00+05:30,2026-08-18T10:00:00+05:30
trp_ab774ec9,usr_74e3ecb1,Thiruvananthapuram — Jul 2026,cty_a5f16904,cty_67ee7f6f,2026-07-11,2026-07-19,3,2,0,business,1,completed,THB,,2026-04-22T09:00:00+05:30,2026-08-18T10:00:00+05:30
trp_f8995cd0,usr_29b0484e,Leh — Nov 2026,cty_c97e6cd5,cty_aa759717,2026-11-30,2026-12-02,6,6,0,couple,1,planning,INR,,2026-09-07T09:00:00+05:30,2026-08-18T10:00:00+05:30
trp_2472305e,usr_aaf1c470,Tirupati — Nov 2026,cty_9aa02925,cty_d4f5e3a5,2026-11-23,2026-11-27,2,2,0,business,1,confirmed,MVR,,2026-09-16T09:00:00+05:30,2026-08-18T10:00:00+05:30
trp_24b6d605,usr_f4863900,Chennai — Oct 2026,cty_9aa02925,cty_f8b75f8e,2026-10-18,2026-10-23,2,2,0,solo,0,draft,MVR,,2026-09-09T09:00:00+05:30,2026-08-18T10:00:00+05:30
trp_91d592b2,usr_8d937b9e,Jaisalmer — Nov 2026,cty_cfec17b6,cty_10cbee86,2026-11-28,2026-12-06,1,1,0,solo,0,planning,INR,,2026-11-05T09:00:00+05:30,2026-08-18T10:00:00+05:30
trp_bcc3e676,usr_f23dc3eb,Ahmedabad — Sep 2026,cty_c43cfa94,cty_cfec17b6,2026-09-06,2026-09-08,2,2,0,solo,1,confirmed,INR,,2026-05-25T09:00:00+05:30,2026-08-18T10:00:00+05:30
trp_e469328d,usr_d8cab59f,Jaipur — Jul 2026,,cty_c07454f1,2026-07-08,2026-07-12,4,4,0,solo,1,completed,IDR,,2026-04-05T09:00:00+05:30,2026-08-18T10:00:00+05:30
trp_cb526c8f,usr_538f6e20,Varanasi — Dec 2026,cty_cf1c6ac5,cty_c97e6cd5,2026-12-04,2026-12-12,2,2,0,couple,1,planning,INR,,2026-09-26T09:00:00+05:30,2026-08-18T10:00:00+05:30
trp_47080e5b,usr_2fca7c46,Udaipur — Oct 2026,cty_7be8559f,cty_5d572c8a,2026-10-22,2026-10-26,6,5,1,friends,1,planning,INR,,2026-08-14T09:00:00+05:30,2026-08-18T10:00:00+05:30
trp_d1b2a8eb,usr_24e54a31,Bangkok — Nov 2026,cty_32e8e65c,cty_a5f16904,2026-11-25,2026-11-29,2,2,0,senior,1,cancelled,INR,,2026-10-07T09:00:00+05:30,2026-08-18T10:00:00+05:30
trp_b2aef743,usr_7796e5e8,Hyderabad — Jun 2026,cty_67ee7f6f,cty_718f03c7,2026-06-21,2026-06-23,2,2,0,business,0,completed,INR,Flexible on dates by a day either way.,2026-03-07T09:00:00+05:30,2026-08-18T10:00:00+05:30
trp_9805085a,usr_02d5e350,Bhubaneswar — Nov 2026,cty_95d040d8,cty_7be8559f,2026-11-10,2026-11-12,2,2,0,friends,0,cancelled,NPR,,2026-08-18T09:00:00+05:30,2026-08-18T10:00:00+05:30
trp_3faed012,usr_8add6423,Visakhapatnam — Aug 2026,cty_621f4a84,cty_7cb0b529,2026-08-10,2026-08-15,4,3,1,senior,1,completed,INR,,2026-07-09T09:00:00+05:30,2026-08-18T10:00:00+05:30
trp_7a22e52a,usr_0551c67a,Wayanad — Nov 2026,cty_f288c6a0,cty_541018a9,2026-11-24,2026-11-26,4,3,1,senior,1,cancelled,INR,,2026-08-30T09:00:00+05:30,2026-08-18T10:00:00+05:30
trp_cab596c9,usr_afaebefa,Udaipur — Oct 2026,cty_f288c6a0,cty_5d572c8a,2026-10-22,2026-10-26,1,1,0,senior,0,planning,INR,,2026-08-24T09:00:00+05:30,2026-08-18T10:00:00+05:30
trp_3addadca,usr_ce09de03,Nainital — Jul 2026,cty_0b7f5985,cty_0d9ab6ff,2026-07-30,2026-08-01,1,1,0,senior,0,completed,CHF,Flexible on dates by a day either way.,2026-05-14T09:00:00+05:30,2026-08-18T10:00:00+05:30
trp_acaf45e7,usr_b96ef58c,Gokarna — Jul 2026,cty_ab50efee,cty_a97c33ad,2026-07-13,2026-07-17,4,4,1,senior,1,completed,INR,,2026-06-11T09:00:00+05:30,2026-08-18T10:00:00+05:30
trp_53f18756,usr_b8779399,Kyoto — Oct 2026,cty_1ced6ede,cty_51a149b7,2026-10-29,2026-11-04,1,1,0,couple,0,confirmed,AED,Flexible on dates by a day either way.,2026-09-25T09:00:00+05:30,2026-08-18T10:00:00+05:30
trp_13f532df,usr_ab44eb3e,Mysuru — Sep 2026,cty_0d9ab6ff,cty_8fc1539e,2026-09-10,2026-09-12,5,5,1,family,1,confirmed,INR,Flexible on dates by a day either way.,2026-06-24T09:00:00+05:30,2026-08-18T10:00:00+05:30
trp_234af87a,usr_856079e2,Guwahati — Jul 2026,cty_10cbee86,cty_cf1c6ac5,2026-07-21,2026-07-25,1,1,0,friends,0,completed,INR,,2026-05-27T09:00:00+05:30,2026-08-18T10:00:00+05:30
trp_fd4e6af3,usr_35d340e3,Nainital — Nov 2026,cty_36afaa5c,cty_0d9ab6ff,2026-11-27,2026-12-03,2,2,0,solo,1,confirmed,IDR,,2026-11-02T09:00:00+05:30,2026-08-18T10:00:00+05:30
trp_2b1c9a53,usr_1a6892bf,Mumbai — Nov 2026,cty_541018a9,cty_95e7c8ca,2026-11-14,2026-11-22,4,4,0,friends,1,confirmed,INR,Flexible on dates by a day either way.,2026-07-31T09:00:00+05:30,2026-08-18T10:00:00+05:30
trp_058d5aea,usr_e3e0cd9d,Kolkata — Aug 2026,cty_5698a7ab,cty_ab50efee,2026-08-04,2026-08-07,1,1,0,couple,0,completed,INR,,2026-04-20T09:00:00+05:30,2026-08-18T10:00:00+05:30
trp_f83ed4d2,usr_840ca16a,Puri — Nov 2026,cty_bbb31d67,cty_b6ccbb3b,2026-11-26,2026-11-29,4,3,0,backpacker,1,confirmed,INR,,2026-10-06T09:00:00+05:30,2026-08-18T10:00:00+05:30
trp_de13b938,usr_4420259c,Pune — Oct 2026,,cty_621f4a84,2026-10-19,2026-10-24,5,5,1,senior,1,confirmed,INR,,2026-09-02T09:00:00+05:30,2026-08-18T10:00:00+05:30
trp_572d4b08,usr_5bbebfef,Thanjavur — Sep 2026,cty_590d4b7b,cty_7f673457,2026-09-24,2026-09-30,1,1,0,solo,0,confirmed,INR,,2026-06-17T09:00:00+05:30,2026-08-18T10:00:00+05:30
trp_3a5885a5,usr_5385053d,Manali — Oct 2026,cty_7be8559f,cty_9327d518,2026-10-03,2026-10-07,2,2,0,solo,0,confirmed,INR,,2026-08-27T09:00:00+05:30,2026-08-18T10:00:00+05:30
trp_ba83403f,usr_7af1e427,Wayanad — Oct 2026,cty_c07454f1,cty_541018a9,2026-10-30,2026-11-07,4,4,1,senior,1,cancelled,INR,,2026-08-03T09:00:00+05:30,2026-08-18T10:00:00+05:30
trp_97bcd5c8,usr_e851fdeb,Pondicherry — Jul 2026,cty_8fc1539e,cty_f288c6a0,2026-07-24,2026-07-30,6,5,0,friends,1,completed,INR,,2026-05-07T09:00:00+05:30,2026-08-18T10:00:00+05:30
trp_1f82c042,usr_fc3617c0,Bengaluru — Jun 2026,cty_a5f16904,cty_17b8ef2f,2026-06-22,2026-06-29,1,1,0,couple,0,completed,THB,,2026-03-17T09:00:00+05:30,2026-08-18T10:00:00+05:30
trp_cafb851c,usr_be4ecc52,Kyoto — Oct 2026,cty_076e8e86,cty_51a149b7,2026-10-19,2026-10-21,1,1,0,friends,0,confirmed,INR,,2026-07-05T09:00:00+05:30,2026-08-18T10:00:00+05:30
trp_df4fb834,usr_55b114d5,Ooty — Nov 2026,,cty_7fc82336,2026-11-26,2026-12-01,5,5,0,backpacker,1,confirmed,INR,Flexible on dates by a day either way.,2026-10-07T09:00:00+05:30,2026-08-18T10:00:00+05:30
trp_16836146,usr_209a82fa,Tirupati — Dec 2026,cty_7fc82336,cty_d4f5e3a5,2026-12-01,2026-12-03,2,2,0,couple,0,confirmed,INR,,2026-09-29T09:00:00+05:30,2026-08-18T10:00:00+05:30
trp_45a660c5,usr_1f0f9af9,Kolkata — Jun 2026,cty_cf1c6ac5,cty_ab50efee,2026-06-05,2026-06-11,2,2,0,backpacker,1,completed,INR,,2026-03-21T09:00:00+05:30,2026-08-18T10:00:00+05:30
trp_a8e65113,usr_db9c91fe,Srinagar — Aug 2026,,cty_828a7777,2026-08-18,2026-08-21,2,2,0,backpacker,0,in_progress,LKR,,2026-07-04T09:00:00+05:30,2026-08-18T10:00:00+05:30
trp_95ffc5b8,usr_2b7e8931,New Delhi — Nov 2026,cty_10cbee86,cty_0b92e2e7,2026-11-07,2026-11-10,2,2,0,friends,0,planning,INR,,2026-08-04T09:00:00+05:30,2026-08-18T10:00:00+05:30
trp_418cd9f5,usr_8659fe93,Male — Nov 2026,,cty_9aa02925,2026-11-14,2026-11-17,2,2,0,business,0,draft,INR,,2026-08-21T09:00:00+05:30,2026-08-18T10:00:00+05:30
trp_fe962840,usr_95492664,Kandy — Sep 2026,cty_95d040d8,cty_009c9fd2,2026-09-17,2026-09-23,1,1,0,solo,0,planning,NPR,,2026-07-13T09:00:00+05:30,2026-08-18T10:00:00+05:30
trp_60fe0650,usr_7af770b2,Tirupati — Jun 2026,,cty_d4f5e3a5,2026-06-28,2026-06-30,2,2,0,senior,0,completed,INR,,2026-03-03T09:00:00+05:30,2026-08-18T10:00:00+05:30
trp_3e1f142c,usr_22e61dad,Aurangabad — Sep 2026,cty_621f4a84,cty_f29656ff,2026-09-11,2026-09-19,5,5,0,couple,1,planning,INR,,2026-05-30T09:00:00+05:30,2026-08-18T10:00:00+05:30
trp_f1bbbfc4,usr_d89a661b,Pune — Nov 2026,,cty_621f4a84,2026-11-15,2026-11-21,2,2,0,couple,0,confirmed,INR,,2026-09-10T09:00:00+05:30,2026-08-18T10:00:00+05:30
trp_e19281ce,usr_ea41e115,Shimla — Aug 2026,cty_bbb31d67,cty_32e8e65c,2026-08-13,2026-08-20,2,2,0,solo,0,in_progress,INR,,2026-06-23T09:00:00+05:30,2026-08-18T10:00:00+05:30
trp_f45d3ef9,usr_c4dc3602,Rishikesh — Jun 2026,cty_95e7c8ca,cty_d35a9652,2026-06-25,2026-06-29,1,1,0,senior,0,completed,INR,Flexible on dates by a day either way.,2026-03-15T09:00:00+05:30,2026-08-18T10:00:00+05:30
trp_d44e94e7,usr_e4f15778,Bengaluru — Jun 2026,cty_95d040d8,cty_17b8ef2f,2026-06-12,2026-06-16,1,1,0,solo,0,completed,NPR,Flexible on dates by a day either way.,2026-05-02T09:00:00+05:30,2026-08-18T10:00:00+05:30
trp_897d9724,usr_8af9206e,Udaipur — Jul 2026,cty_ab50efee,cty_5d572c8a,2026-07-13,2026-07-19,1,1,0,business,0,completed,INR,,2026-06-15T09:00:00+05:30,2026-08-18T10:00:00+05:30
trp_e16227b5,usr_d1c73fb8,Agra — Oct 2026,cty_a97c33ad,cty_b43cdd57,2026-10-11,2026-10-18,1,1,0,couple,0,draft,INR,,2026-07-12T09:00:00+05:30,2026-08-18T10:00:00+05:30
trp_edc2177c,usr_c94b68cc,Amritsar — Jun 2026,cty_bbb31d67,cty_0d062a51,2026-06-21,2026-06-26,6,6,1,business,1,completed,INR,,2026-04-12T09:00:00+05:30,2026-08-18T10:00:00+05:30
trp_67de89e5,usr_9de6bd6d,Bhubaneswar — Jul 2026,cty_d401ef6b,cty_7be8559f,2026-07-21,2026-07-28,2,2,0,backpacker,0,completed,INR,,2026-06-09T09:00:00+05:30,2026-08-18T10:00:00+05:30
trp_22fefa8b,usr_29fdaeb0,Shillong — Aug 2026,cty_5d572c8a,cty_590d4b7b,2026-08-28,2026-08-30,1,1,0,business,0,draft,INR,,2026-05-12T09:00:00+05:30,2026-08-18T10:00:00+05:30
trp_773ff3c5,usr_14c738e0,Varanasi — Sep 2026,cty_8b6b1652,cty_c97e6cd5,2026-09-28,2026-10-03,1,1,0,friends,0,cancelled,INR,,2026-08-22T09:00:00+05:30,2026-08-18T10:00:00+05:30
trp_73f84cd3,usr_f855344d,Amritsar — Sep 2026,cty_9327d518,cty_0d062a51,2026-09-12,2026-09-15,2,2,0,solo,0,planning,INR,,2026-07-18T09:00:00+05:30,2026-08-18T10:00:00+05:30
trp_f2bf08e7,usr_cb0928ac,Kolkata — Nov 2026,cty_43d0a650,cty_ab50efee,2026-11-09,2026-11-17,5,4,0,backpacker,1,planning,INR,,2026-09-26T09:00:00+05:30,2026-08-18T10:00:00+05:30
trp_154f5086,usr_8e56e75b,Kolkata — Sep 2026,cty_7b89639e,cty_ab50efee,2026-09-01,2026-09-06,1,1,0,senior,0,confirmed,AED,Flexible on dates by a day either way.,2026-07-02T09:00:00+05:30,2026-08-18T10:00:00+05:30
trp_e59e0b3d,usr_48f9bd76,Kyoto — Sep 2026,cty_d401ef6b,cty_51a149b7,2026-09-30,2026-10-07,6,5,0,business,1,confirmed,INR,,2026-06-21T09:00:00+05:30,2026-08-18T10:00:00+05:30
trp_1b20de3f,usr_6c3fae7b,Singapore — Nov 2026,cty_f288c6a0,cty_905fd8a1,2026-11-18,2026-11-25,2,2,0,family,0,confirmed,INR,,2026-08-07T09:00:00+05:30,2026-08-18T10:00:00+05:30
trp_0c58e20b,usr_dc1bd238,Jaipur — May 2026,cty_590d4b7b,cty_c07454f1,2026-05-28,2026-06-01,1,1,0,business,0,completed,INR,,2026-04-17T09:00:00+05:30,2026-08-18T10:00:00+05:30
trp_9b05bb65,usr_0ae483ef,Thiruvananthapuram — Sep 2026,cty_a97c33ad,cty_67ee7f6f,2026-09-11,2026-09-15,4,3,1,backpacker,1,confirmed,INR,,2026-05-18T09:00:00+05:30,2026-08-18T10:00:00+05:30
trp_86a8180b,usr_a25f0129,Male — Nov 2026,,cty_9aa02925,2026-11-09,2026-11-12,1,1,0,couple,0,confirmed,INR,,2026-07-14T09:00:00+05:30,2026-08-18T10:00:00+05:30
trp_0c4edd73,usr_a6eaecde,Wayanad — Nov 2026,cty_d35a9652,cty_541018a9,2026-11-29,2026-12-03,2,2,0,friends,0,confirmed,INR,,2026-08-19T09:00:00+05:30,2026-08-18T10:00:00+05:30
trp_6dccaaae,usr_b829ab46,Bali — Oct 2026,cty_7cb0b529,cty_36afaa5c,2026-10-20,2026-10-27,1,1,0,business,0,confirmed,INR,,2026-06-28T09:00:00+05:30,2026-08-18T10:00:00+05:30
trp_3d0f7e84,usr_bac1ae76,Lucknow — Oct 2026,cty_718f03c7,cty_5698a7ab,2026-10-18,2026-10-25,2,2,0,friends,1,planning,INR,,2026-08-01T09:00:00+05:30,2026-08-18T10:00:00+05:30
trp_87c1afde,usr_f60ade8b,Abu Dhabi — Sep 2026,cty_17b8ef2f,cty_1ced6ede,2026-09-12,2026-09-14,6,6,0,family,1,planning,INR,Flexible on dates by a day either way.,2026-07-12T09:00:00+05:30,2026-08-18T10:00:00+05:30
trp_1958f050,usr_bedf358a,Pokhara — Jul 2026,cty_95e7c8ca,cty_95d040d8,2026-07-03,2026-07-08,4,3,0,solo,1,completed,INR,,2026-05-21T09:00:00+05:30,2026-08-18T10:00:00+05:30
trp_fad7e244,usr_e851fdeb,Varanasi — Oct 2026,cty_8fc1539e,cty_c97e6cd5,2026-10-22,2026-10-25,1,1,0,friends,0,confirmed,INR,,2026-09-29T09:00:00+05:30,2026-08-18T10:00:00+05:30
trp_feb381e2,usr_e9e3f281,Tirupati — Oct 2026,cty_3503e391,cty_d4f5e3a5,2026-10-09,2026-10-11,3,3,1,solo,1,planning,INR,Flexible on dates by a day either way.,2026-07-20T09:00:00+05:30,2026-08-18T10:00:00+05:30
trp_9dfd38b4,usr_c41a26c3,Bali — Oct 2026,cty_718f03c7,cty_36afaa5c,2026-10-05,2026-10-08,4,3,1,business,1,cancelled,INR,,2026-08-29T09:00:00+05:30,2026-08-18T10:00:00+05:30
trp_a090d1f1,usr_1239733b,Guwahati — Aug 2026,cty_b43cdd57,cty_cf1c6ac5,2026-08-22,2026-08-25,1,1,0,senior,0,confirmed,INR,,2026-05-13T09:00:00+05:30,2026-08-18T10:00:00+05:30
trp_8e052cdf,usr_74ed32ff,Darjeeling — May 2026,cty_67ee7f6f,cty_c43cfa94,2026-05-09,2026-05-16,1,1,0,friends,0,completed,INR,,2026-02-25T09:00:00+05:30,2026-08-18T10:00:00+05:30
trp_db8edb3f,usr_d20b2a69,Aurangabad — Sep 2026,cty_905fd8a1,cty_f29656ff,2026-09-19,2026-09-21,3,2,1,couple,1,confirmed,SGD,,2026-07-14T09:00:00+05:30,2026-08-18T10:00:00+05:30
trp_fd96ecd9,usr_b452b228,Shimla — Aug 2026,cty_9aa02925,cty_32e8e65c,2026-08-29,2026-09-05,1,1,0,business,0,planning,MVR,,2026-06-24T09:00:00+05:30,2026-08-18T10:00:00+05:30
trp_a22b16f6,usr_6feac3d4,Leh — Nov 2026,cty_cf1c6ac5,cty_aa759717,2026-11-14,2026-11-21,2,2,0,solo,1,cancelled,INR,Flexible on dates by a day either way.,2026-08-28T09:00:00+05:30,2026-08-18T10:00:00+05:30
trp_aa498437,usr_e2966606,Lucknow — Sep 2026,cty_34bbfdfe,cty_5698a7ab,2026-09-18,2026-09-20,2,2,0,backpacker,0,planning,INR,Flexible on dates by a day either way.,2026-08-13T09:00:00+05:30,2026-08-18T10:00:00+05:30
trp_70ac83bf,usr_b021d103,Thiruvananthapuram — Nov 2026,cty_9327d518,cty_67ee7f6f,2026-11-08,2026-11-10,2,2,0,senior,0,planning,INR,Flexible on dates by a day either way.,2026-09-02T09:00:00+05:30,2026-08-18T10:00:00+05:30
trp_10a5cdc9,usr_58d2b52f,Male — Sep 2026,cty_590d4b7b,cty_9aa02925,2026-09-30,2026-10-06,2,2,0,solo,0,confirmed,INR,,2026-07-11T09:00:00+05:30,2026-08-18T10:00:00+05:30
trp_997cc8cc,usr_d7bc2e8d,Pokhara — Oct 2026,,cty_95d040d8,2026-10-22,2026-10-27,4,3,1,friends,1,cancelled,MVR,,2026-08-13T09:00:00+05:30,2026-08-18T10:00:00+05:30
trp_0c34e3f4,usr_c94b68cc,Jaipur — Jun 2026,cty_bbb31d67,cty_c07454f1,2026-06-07,2026-06-15,6,5,0,business,1,completed,INR,Flexible on dates by a day either way.,2026-02-20T09:00:00+05:30,2026-08-18T10:00:00+05:30
trp_fefb6d73,usr_4b9412c5,Nainital — Aug 2026,cty_c43cfa94,cty_0d9ab6ff,2026-08-06,2026-08-14,1,1,0,solo,0,completed,INR,,2026-06-29T09:00:00+05:30,2026-08-18T10:00:00+05:30
trp_520dc671,usr_74ed32ff,Bhuj — Aug 2026,cty_67ee7f6f,cty_caf3c1ee,2026-08-05,2026-08-07,4,4,0,friends,1,completed,INR,Flexible on dates by a day either way.,2026-04-22T09:00:00+05:30,2026-08-18T10:00:00+05:30
trp_8cceaae7,usr_32a5a217,Nainital — Nov 2026,cty_f288c6a0,cty_0d9ab6ff,2026-11-20,2026-11-24,1,1,0,solo,0,confirmed,INR,,2026-09-30T09:00:00+05:30,2026-08-18T10:00:00+05:30
trp_26ad6ac9,usr_da5d7284,Manali — Nov 2026,cty_8fc1539e,cty_9327d518,2026-11-06,2026-11-09,5,4,0,senior,1,planning,INR,,2026-10-11T09:00:00+05:30,2026-08-18T10:00:00+05:30
trp_4b9e6595,usr_f271c461,Leh — Aug 2026,cty_36afaa5c,cty_aa759717,2026-08-13,2026-08-18,1,1,0,business,0,in_progress,IDR,,2026-07-14T09:00:00+05:30,2026-08-18T10:00:00+05:30
trp_9e0e3864,usr_bc9d20fa,Gokarna — Jun 2026,,cty_a97c33ad,2026-06-27,2026-07-01,1,1,0,couple,0,completed,INR,,2026-04-27T09:00:00+05:30,2026-08-18T10:00:00+05:30
trp_67a041ab,usr_8fe264b1,Leh — Oct 2026,cty_95d040d8,cty_aa759717,2026-10-05,2026-10-13,1,1,0,solo,0,draft,NPR,,2026-07-23T09:00:00+05:30,2026-08-18T10:00:00+05:30
trp_2fee6106,usr_dcf3a4ae,Thimphu — Dec 2026,cty_d401ef6b,cty_79cbc59b,2026-12-06,2026-12-10,2,2,0,senior,0,cancelled,INR,,2026-11-05T09:00:00+05:30,2026-08-18T10:00:00+05:30
trp_ca5546b3,usr_bbd1ced8,Male — Jul 2026,cty_c43cfa94,cty_9aa02925,2026-07-08,2026-07-16,2,2,0,couple,0,completed,INR,,2026-04-18T09:00:00+05:30,2026-08-18T10:00:00+05:30
trp_34f84795,usr_8e84ba7a,Madurai — Sep 2026,cty_c9f34ba7,cty_3503e391,2026-09-18,2026-09-26,3,3,0,friends,1,confirmed,MYR,Flexible on dates by a day either way.,2026-06-23T09:00:00+05:30,2026-08-18T10:00:00+05:30
trp_cb6840c6,usr_05306731,Mumbai — Jun 2026,,cty_95e7c8ca,2026-06-11,2026-06-16,2,2,0,business,1,completed,INR,,2026-02-22T09:00:00+05:30,2026-08-18T10:00:00+05:30
trp_6b3bd54e,usr_7796e5e8,Kandy — Sep 2026,,cty_009c9fd2,2026-09-04,2026-09-09,4,4,1,business,1,planning,INR,Flexible on dates by a day either way.,2026-05-29T09:00:00+05:30,2026-08-18T10:00:00+05:30
trp_0e4afde6,usr_0b8f3bdc,Kolkata — Sep 2026,cty_828a7777,cty_ab50efee,2026-09-11,2026-09-14,1,1,0,solo,0,cancelled,INR,,2026-06-16T09:00:00+05:30,2026-08-18T10:00:00+05:30
trp_bd69fea3,usr_70139660,Dubai — Sep 2026,cty_d401ef6b,cty_7b89639e,2026-09-03,2026-09-11,1,1,0,couple,0,confirmed,INR,,2026-05-08T09:00:00+05:30,2026-08-18T10:00:00+05:30
trp_89b7c125,usr_78afc45f,Kandy — Jul 2026,cty_c07454f1,cty_009c9fd2,2026-07-09,2026-07-16,1,1,0,business,0,completed,INR,,2026-04-01T09:00:00+05:30,2026-08-18T10:00:00+05:30
trp_bc0dd54e,usr_b9d5e7c6,Kolkata — May 2026,cty_1ced6ede,cty_ab50efee,2026-05-08,2026-05-11,6,5,0,backpacker,1,completed,AED,Flexible on dates by a day either way.,2026-02-27T09:00:00+05:30,2026-08-18T10:00:00+05:30
trp_3a3fe157,usr_6c3fae7b,Jaisalmer — Jul 2026,cty_f288c6a0,cty_10cbee86,2026-07-09,2026-07-16,1,1,0,family,0,completed,INR,,2026-03-21T09:00:00+05:30,2026-08-18T10:00:00+05:30
trp_844f6374,usr_5c20b1bf,Lucknow — Oct 2026,cty_8b6b1652,cty_5698a7ab,2026-10-31,2026-11-03,1,1,0,senior,0,planning,INR,,2026-07-20T09:00:00+05:30,2026-08-18T10:00:00+05:30
trp_634a2f2f,usr_91afdeed,Gangtok — Nov 2026,cty_95e7c8ca,cty_ccb4fb74,2026-11-10,2026-11-17,3,3,1,solo,1,draft,INR,,2026-09-12T09:00:00+05:30,2026-08-18T10:00:00+05:30
trp_bbf16dcd,usr_2209582f,Bhuj — Oct 2026,cty_7cb0b529,cty_caf3c1ee,2026-10-30,2026-11-04,6,6,1,senior,1,cancelled,INR,,2026-07-05T09:00:00+05:30,2026-08-18T10:00:00+05:30
trp_0eaece39,usr_67d03584,Bangkok — Jun 2026,cty_a97c33ad,cty_a5f16904,2026-06-19,2026-06-23,6,5,0,business,1,completed,INR,,2026-05-15T09:00:00+05:30,2026-08-18T10:00:00+05:30
trp_c39c8f75,usr_0deee6d9,Zurich — May 2026,cty_ccb4fb74,cty_0b7f5985,2026-05-05,2026-05-12,4,3,1,solo,1,completed,INR,,2026-03-05T09:00:00+05:30,2026-08-18T10:00:00+05:30
trp_c2089a00,usr_1dc66e29,Chennai — Sep 2026,cty_f29656ff,cty_f8b75f8e,2026-09-29,2026-10-05,2,2,0,friends,0,confirmed,INR,,2026-06-23T09:00:00+05:30,2026-08-18T10:00:00+05:30
trp_73e63df2,usr_3b2b4279,Darjeeling — Nov 2026,cty_621f4a84,cty_c43cfa94,2026-11-26,2026-11-30,2,2,0,backpacker,0,confirmed,INR,,2026-09-08T09:00:00+05:30,2026-08-18T10:00:00+05:30
trp_c59e8ff4,usr_33bed572,Visakhapatnam — Oct 2026,cty_d4f5e3a5,cty_7cb0b529,2026-10-16,2026-10-19,2,2,0,backpacker,0,planning,INR,,2026-09-15T09:00:00+05:30,2026-08-18T10:00:00+05:30
trp_299b74ad,usr_be1c9458,Bhubaneswar — May 2026,cty_43d0a650,cty_7be8559f,2026-05-11,2026-05-16,6,6,1,friends,1,completed,INR,Flexible on dates by a day either way.,2026-01-25T09:00:00+05:30,2026-08-18T10:00:00+05:30
trp_6579c710,usr_c24f45f3,Hampi — Jun 2026,cty_caf3c1ee,cty_bbb31d67,2026-06-14,2026-06-20,5,5,0,couple,1,completed,INR,,2026-04-12T09:00:00+05:30,2026-08-18T10:00:00+05:30
trp_9f0e2c12,usr_ee57ec9a,Panaji — May 2026,cty_bbb31d67,cty_43d0a650,2026-05-23,2026-05-25,2,2,0,senior,0,completed,INR,,2026-02-15T09:00:00+05:30,2026-08-18T10:00:00+05:30
trp_ca70f1c6,usr_b50df034,Leh — Dec 2026,cty_541018a9,cty_aa759717,2026-12-03,2026-12-09,2,2,0,friends,0,draft,INR,,2026-10-26T09:00:00+05:30,2026-08-18T10:00:00+05:30
trp_5f84d260,usr_5307f01f,Gangtok — Oct 2026,cty_3503e391,cty_ccb4fb74,2026-10-18,2026-10-22,1,1,0,senior,0,draft,INR,,2026-08-18T09:00:00+05:30,2026-08-18T10:00:00+05:30
trp_2f330bc2,usr_63531f2d,Panaji — Nov 2026,cty_7f673457,cty_43d0a650,2026-11-18,2026-11-25,2,2,0,business,1,confirmed,INR,,2026-07-23T09:00:00+05:30,2026-08-18T10:00:00+05:30
trp_3b4b53a6,usr_8846d546,Hyderabad — Sep 2026,,cty_718f03c7,2026-09-01,2026-09-08,3,2,0,friends,1,planning,INR,,2026-05-20T09:00:00+05:30,2026-08-18T10:00:00+05:30
trp_42b0f9e2,usr_e0853a17,Ahmedabad — Aug 2026,cty_7be8559f,cty_cfec17b6,2026-08-04,2026-08-09,2,2,0,family,1,completed,INR,,2026-05-01T09:00:00+05:30,2026-08-18T10:00:00+05:30
trp_8ec37f48,usr_13fe39d3,Pondicherry — Nov 2026,cty_7be8559f,cty_f288c6a0,2026-11-22,2026-11-29,2,2,0,couple,0,cancelled,INR,,2026-08-15T09:00:00+05:30,2026-08-18T10:00:00+05:30
trp_1bb1485b,usr_7101a5b5,Darjeeling — Oct 2026,cty_c97e6cd5,cty_c43cfa94,2026-10-05,2026-10-07,6,6,1,solo,1,confirmed,INR,Flexible on dates by a day either way.,2026-06-13T09:00:00+05:30,2026-08-18T10:00:00+05:30
trp_12961d3c,usr_dc032205,Gangtok — Oct 2026,cty_718f03c7,cty_ccb4fb74,2026-10-06,2026-10-09,4,4,1,family,1,confirmed,INR,Flexible on dates by a day either way.,2026-06-29T09:00:00+05:30,2026-08-18T10:00:00+05:30
trp_411ac676,usr_88af6903,Ahmedabad — Sep 2026,cty_828a7777,cty_cfec17b6,2026-09-26,2026-09-30,1,1,0,solo,0,confirmed,INR,Flexible on dates by a day either way.,2026-06-22T09:00:00+05:30,2026-08-18T10:00:00+05:30
trp_75b9d7b8,usr_ae35e63d,Bhuj — Oct 2026,cty_5d572c8a,cty_caf3c1ee,2026-10-26,2026-10-30,2,2,0,solo,1,confirmed,INR,,2026-09-09T09:00:00+05:30,2026-08-18T10:00:00+05:30
trp_d46d667f,usr_e6dca418,Ahmedabad — Oct 2026,cty_9aa02925,cty_cfec17b6,2026-10-06,2026-10-14,6,5,1,business,1,planning,MVR,,2026-08-28T09:00:00+05:30,2026-08-18T10:00:00+05:30
trp_4e648420,usr_dc1bd238,Agra — Aug 2026,cty_590d4b7b,cty_b43cdd57,2026-08-11,2026-08-19,1,1,0,business,0,in_progress,INR,,2026-05-14T09:00:00+05:30,2026-08-18T10:00:00+05:30
trp_d17c30b0,usr_268fdb85,Panaji — May 2026,cty_cf1c6ac5,cty_43d0a650,2026-05-25,2026-05-28,6,6,1,solo,1,completed,INR,,2026-02-19T09:00:00+05:30,2026-08-18T10:00:00+05:30
trp_37763b22,usr_34f98272,Guwahati — Oct 2026,cty_d401ef6b,cty_cf1c6ac5,2026-10-30,2026-11-03,1,1,0,couple,0,confirmed,INR,,2026-07-16T09:00:00+05:30,2026-08-18T10:00:00+05:30
trp_19a962e4,usr_76ac5087,Leh — Jun 2026,cty_b6ccbb3b,cty_aa759717,2026-06-27,2026-06-29,2,2,0,friends,0,completed,INR,,2026-03-11T09:00:00+05:30,2026-08-18T10:00:00+05:30
trp_d98bd293,usr_d8024b62,Guwahati — Jul 2026,cty_b43cdd57,cty_cf1c6ac5,2026-07-08,2026-07-12,1,1,0,family,0,completed,INR,Flexible on dates by a day either way.,2026-04-29T09:00:00+05:30,2026-08-18T10:00:00+05:30
trp_4950beba,usr_520d9624,Gokarna — Jul 2026,cty_f288c6a0,cty_a97c33ad,2026-07-15,2026-07-23,2,2,0,senior,1,completed,INR,Flexible on dates by a day either way.,2026-05-11T09:00:00+05:30,2026-08-18T10:00:00+05:30
trp_0bf61ffe,usr_596ee95d,Doha — Sep 2026,cty_79cbc59b,cty_6320eea9,2026-09-25,2026-09-28,1,1,0,business,0,cancelled,BTN,,2026-08-17T09:00:00+05:30,2026-08-18T10:00:00+05:30
trp_0cf04e06,usr_9cb9eedc,Thiruvananthapuram — Oct 2026,,cty_67ee7f6f,2026-10-20,2026-10-28,2,2,0,solo,0,planning,INR,,2026-08-10T09:00:00+05:30,2026-08-18T10:00:00+05:30
trp_6ff162fb,usr_4787696f,Zurich — Jul 2026,cty_a5f16904,cty_0b7f5985,2026-07-14,2026-07-16,1,1,0,business,0,completed,THB,,2026-04-06T09:00:00+05:30,2026-08-18T10:00:00+05:30
trp_f61c2fce,usr_e7b2dd09,Udaipur — Jul 2026,cty_c43cfa94,cty_5d572c8a,2026-07-30,2026-08-01,2,2,0,friends,0,completed,INR,,2026-04-25T09:00:00+05:30,2026-08-18T10:00:00+05:30
trp_57a36f81,usr_aaf1c470,Shimla — Jun 2026,cty_9aa02925,cty_32e8e65c,2026-06-28,2026-07-03,1,1,0,business,0,completed,MVR,Flexible on dates by a day either way.,2026-05-20T09:00:00+05:30,2026-08-18T10:00:00+05:30
trp_82116fda,usr_07f03d4c,Aurangabad — Sep 2026,cty_f8b75f8e,cty_f29656ff,2026-09-22,2026-09-29,2,2,0,family,0,planning,INR,Flexible on dates by a day either way.,2026-08-06T09:00:00+05:30,2026-08-18T10:00:00+05:30
trp_f57f5855,usr_5b0e5805,Kuala Lumpur — Sep 2026,cty_a50bc5dd,cty_c9f34ba7,2026-09-24,2026-09-26,4,4,0,couple,1,planning,LKR,,2026-05-31T09:00:00+05:30,2026-08-18T10:00:00+05:30
trp_00dab028,usr_b831f448,Varanasi — Sep 2026,cty_c43cfa94,cty_c97e6cd5,2026-09-24,2026-09-29,2,2,0,backpacker,1,draft,INR,,2026-06-18T09:00:00+05:30,2026-08-18T10:00:00+05:30
trp_df3f7a38,usr_b83115d3,Jodhpur — May 2026,cty_cfec17b6,cty_076e8e86,2026-05-26,2026-06-03,1,1,0,senior,0,completed,INR,Flexible on dates by a day either way.,2026-01-28T09:00:00+05:30,2026-08-18T10:00:00+05:30
trp_2f814928,usr_2b7e8931,Kochi — Nov 2026,cty_10cbee86,cty_8b6b1652,2026-11-10,2026-11-14,1,1,0,friends,0,confirmed,INR,,2026-09-22T09:00:00+05:30,2026-08-18T10:00:00+05:30
trp_8adc5179,usr_d312cbff,Tirupati — Jun 2026,cty_36afaa5c,cty_d4f5e3a5,2026-06-19,2026-06-25,1,1,0,solo,0,completed,IDR,,2026-04-11T09:00:00+05:30,2026-08-18T10:00:00+05:30
trp_4171ee4e,usr_7af1e427,Amritsar — May 2026,cty_c07454f1,cty_0d062a51,2026-05-24,2026-05-26,2,2,0,senior,0,completed,INR,,2026-01-28T09:00:00+05:30,2026-08-18T10:00:00+05:30
trp_cfa5ee66,usr_c8025f92,Colombo — Jul 2026,cty_c0f2d9de,cty_a50bc5dd,2026-07-28,2026-07-30,1,1,0,backpacker,0,completed,NPR,,2026-06-06T09:00:00+05:30,2026-08-18T10:00:00+05:30
trp_604a54fd,usr_76c235d5,Gokarna — Aug 2026,cty_7cb0b529,cty_a97c33ad,2026-08-30,2026-09-04,1,1,0,family,0,draft,INR,,2026-06-12T09:00:00+05:30,2026-08-18T10:00:00+05:30
trp_e31ab00a,usr_0e9166f0,Doha — Aug 2026,cty_cf1c6ac5,cty_6320eea9,2026-08-04,2026-08-09,1,1,0,friends,0,completed,INR,,2026-04-12T09:00:00+05:30,2026-08-18T10:00:00+05:30
trp_2a380c8a,usr_8700ba48,Dubai — Nov 2026,cty_79cbc59b,cty_7b89639e,2026-11-26,2026-11-29,2,2,0,couple,0,planning,BTN,Flexible on dates by a day either way.,2026-09-04T09:00:00+05:30,2026-08-18T10:00:00+05:30
trp_10f1523f,usr_04b21637,Manali — Sep 2026,cty_10cbee86,cty_9327d518,2026-09-25,2026-10-02,2,2,0,couple,1,cancelled,INR,,2026-07-30T09:00:00+05:30,2026-08-18T10:00:00+05:30
trp_07ee6d2b,usr_24f139e5,Lucknow — Dec 2026,cty_8fc1539e,cty_5698a7ab,2026-12-04,2026-12-06,2,2,0,backpacker,1,cancelled,INR,Flexible on dates by a day either way.,2026-09-18T09:00:00+05:30,2026-08-18T10:00:00+05:30
trp_776da560,usr_1f2ffeef,Varanasi — Aug 2026,cty_f288c6a0,cty_c97e6cd5,2026-08-16,2026-08-23,5,4,0,business,1,in_progress,INR,,2026-07-14T09:00:00+05:30,2026-08-18T10:00:00+05:30
trp_e53d9a08,usr_9c28ee85,Tirupati — Dec 2026,cty_bbb31d67,cty_d4f5e3a5,2026-12-05,2026-12-12,2,2,0,family,0,confirmed,INR,Flexible on dates by a day either way.,2026-08-26T09:00:00+05:30,2026-08-18T10:00:00+05:30
trp_cef915ff,usr_7796e5e8,Bhubaneswar — May 2026,cty_67ee7f6f,cty_7be8559f,2026-05-20,2026-05-25,1,1,0,business,0,completed,INR,,2026-01-21T09:00:00+05:30,2026-08-18T10:00:00+05:30
trp_dbe8a03a,usr_62b3f8b8,Alleppey — Nov 2026,cty_a97c33ad,cty_34bbfdfe,2026-11-22,2026-11-25,1,1,0,friends,0,planning,INR,,2026-10-18T09:00:00+05:30,2026-08-18T10:00:00+05:30
trp_c946e9df,usr_d245dd5d,Nainital — May 2026,cty_ccb4fb74,cty_0d9ab6ff,2026-05-12,2026-05-17,2,2,0,backpacker,0,completed,INR,,2026-01-18T09:00:00+05:30,2026-08-18T10:00:00+05:30
trp_03ce3598,usr_e0853a17,Visakhapatnam — May 2026,,cty_7cb0b529,2026-05-08,2026-05-13,1,1,0,family,0,completed,INR,,2026-01-20T09:00:00+05:30,2026-08-18T10:00:00+05:30
trp_f6a466fb,usr_90a46b92,Kandy — Jun 2026,cty_3503e391,cty_009c9fd2,2026-06-30,2026-07-03,4,4,0,backpacker,1,completed,INR,,2026-04-17T09:00:00+05:30,2026-08-18T10:00:00+05:30
trp_f9407f9b,usr_98a69060,Alleppey — May 2026,cty_aa759717,cty_34bbfdfe,2026-05-09,2026-05-13,1,1,0,family,0,completed,INR,,2026-02-20T09:00:00+05:30,2026-08-18T10:00:00+05:30
trp_45ab4600,usr_541840e2,Pune — Oct 2026,cty_67ee7f6f,cty_621f4a84,2026-10-04,2026-10-12,1,1,0,backpacker,0,confirmed,INR,Flexible on dates by a day either way.,2026-08-04T09:00:00+05:30,2026-08-18T10:00:00+05:30
trp_bd664180,usr_6479c45c,Rishikesh — Oct 2026,cty_95e7c8ca,cty_d35a9652,2026-10-10,2026-10-18,6,6,0,senior,1,planning,INR,,2026-08-01T09:00:00+05:30,2026-08-18T10:00:00+05:30
trp_924dd4a3,usr_2109396c,Manali — Nov 2026,cty_905fd8a1,cty_9327d518,2026-11-03,2026-11-11,2,2,0,couple,1,confirmed,SGD,,2026-09-16T09:00:00+05:30,2026-08-18T10:00:00+05:30
trp_81b0e4f1,usr_e2490a9e,Thanjavur — Aug 2026,cty_8fc1539e,cty_7f673457,2026-08-08,2026-08-16,1,1,0,senior,0,completed,INR,,2026-05-14T09:00:00+05:30,2026-08-18T10:00:00+05:30
trp_d2c39f89,usr_45175b03,Manali — Oct 2026,,cty_9327d518,2026-10-26,2026-10-30,5,4,0,business,1,planning,INR,Flexible on dates by a day either way.,2026-08-31T09:00:00+05:30,2026-08-18T10:00:00+05:30
trp_f9b54c2c,usr_196ca537,Amritsar — Nov 2026,cty_d4f5e3a5,cty_0d062a51,2026-11-17,2026-11-25,6,6,0,couple,1,planning,INR,,2026-10-10T09:00:00+05:30,2026-08-18T10:00:00+05:30
trp_89ad1eee,usr_8ddbc4ab,Ooty — May 2026,cty_95d040d8,cty_7fc82336,2026-05-21,2026-05-23,4,4,1,solo,1,completed,NPR,,2026-02-12T09:00:00+05:30,2026-08-18T10:00:00+05:30
trp_7f4c80ca,usr_3ccdc15e,Tirupati — Jun 2026,cty_67ee7f6f,cty_d4f5e3a5,2026-06-06,2026-06-13,6,5,1,solo,1,completed,INR,,2026-04-23T09:00:00+05:30,2026-08-18T10:00:00+05:30
trp_97869c6a,usr_67de0711,Kathmandu — Sep 2026,cty_d401ef6b,cty_c0f2d9de,2026-09-02,2026-09-05,2,2,0,couple,0,confirmed,INR,,2026-07-08T09:00:00+05:30,2026-08-18T10:00:00+05:30
trp_360afa3a,usr_1886c078,Mysuru — Jul 2026,cty_9aa02925,cty_8fc1539e,2026-07-21,2026-07-27,2,2,0,solo,0,completed,MVR,Flexible on dates by a day either way.,2026-06-12T09:00:00+05:30,2026-08-18T10:00:00+05:30
trp_8b6125c3,usr_2c93ab7f,Pondicherry — Oct 2026,,cty_f288c6a0,2026-10-11,2026-10-17,2,2,0,couple,0,cancelled,INR,,2026-07-06T09:00:00+05:30,2026-08-18T10:00:00+05:30
trp_f25ef2fa,usr_322bb31e,Kuala Lumpur — Oct 2026,cty_590d4b7b,cty_c9f34ba7,2026-10-29,2026-11-05,5,5,1,solo,1,confirmed,INR,,2026-08-16T09:00:00+05:30,2026-08-18T10:00:00+05:30
trp_db7b894e,usr_a5077371,Bengaluru — Aug 2026,cty_b6ccbb3b,cty_17b8ef2f,2026-08-01,2026-08-07,2,2,0,solo,1,completed,INR,,2026-04-18T09:00:00+05:30,2026-08-18T10:00:00+05:30
trp_08207645,usr_cb3be250,Shimla — Nov 2026,cty_79cbc59b,cty_32e8e65c,2026-11-29,2026-12-03,6,5,0,family,1,confirmed,BTN,,2026-08-17T09:00:00+05:30,2026-08-18T10:00:00+05:30
trp_bc925fdc,usr_22e61dad,Ooty — Oct 2026,cty_621f4a84,cty_7fc82336,2026-10-11,2026-10-19,2,2,0,couple,0,cancelled,INR,,2026-07-01T09:00:00+05:30,2026-08-18T10:00:00+05:30
trp_4a6fffa7,usr_acb4c4ba,Bhubaneswar — Nov 2026,,cty_7be8559f,2026-11-22,2026-11-28,2,2,0,solo,0,confirmed,INR,,2026-08-10T09:00:00+05:30,2026-08-18T10:00:00+05:30
trp_fda57035,usr_72796feb,Bali — Jul 2026,cty_f288c6a0,cty_36afaa5c,2026-07-16,2026-07-22,1,1,0,solo,0,completed,INR,,2026-05-29T09:00:00+05:30,2026-08-18T10:00:00+05:30
trp_c795bd25,usr_1b4fe68e,Abu Dhabi — Aug 2026,cty_a50bc5dd,cty_1ced6ede,2026-08-25,2026-08-29,1,1,0,solo,0,draft,LKR,,2026-05-09T09:00:00+05:30,2026-08-18T10:00:00+05:30
trp_64030cdd,usr_5307f01f,Darjeeling — Jul 2026,cty_3503e391,cty_c43cfa94,2026-07-12,2026-07-19,4,3,1,senior,1,completed,INR,,2026-05-25T09:00:00+05:30,2026-08-18T10:00:00+05:30
trp_61372035,usr_c61e810b,Colombo — Jul 2026,cty_cfec17b6,cty_a50bc5dd,2026-07-11,2026-07-18,3,3,0,couple,1,completed,INR,,2026-05-01T09:00:00+05:30,2026-08-18T10:00:00+05:30
trp_77576097,usr_9115fc7c,Bengaluru — Dec 2026,cty_009c9fd2,cty_17b8ef2f,2026-12-02,2026-12-08,6,6,1,senior,1,planning,LKR,Flexible on dates by a day either way.,2026-10-14T09:00:00+05:30,2026-08-18T10:00:00+05:30
trp_6d082956,usr_de458aa5,Thimphu — May 2026,cty_c9f34ba7,cty_79cbc59b,2026-05-23,2026-05-29,2,2,0,friends,0,completed,MYR,,2026-03-20T09:00:00+05:30,2026-08-18T10:00:00+05:30
trp_92aba9c1,usr_dce3bc90,Bhuj — Nov 2026,,cty_caf3c1ee,2026-11-28,2026-12-03,1,1,0,senior,0,confirmed,INR,,2026-08-09T09:00:00+05:30,2026-08-18T10:00:00+05:30
trp_8d9b71fd,usr_81dbf021,Pokhara — Jun 2026,,cty_95d040d8,2026-06-09,2026-06-12,2,2,0,solo,0,completed,NPR,,2026-03-20T09:00:00+05:30,2026-08-18T10:00:00+05:30
trp_8500bc75,usr_d504f21d,Doha — Nov 2026,cty_076e8e86,cty_6320eea9,2026-11-10,2026-11-16,1,1,0,couple,0,confirmed,INR,,2026-09-22T09:00:00+05:30,2026-08-18T10:00:00+05:30
trp_06e06151,usr_3a36b154,Udaipur — Nov 2026,cty_f8b75f8e,cty_5d572c8a,2026-11-08,2026-11-10,1,1,0,couple,0,planning,INR,,2026-09-23T09:00:00+05:30,2026-08-18T10:00:00+05:30
trp_3eae7fcb,usr_ca6dc019,Colombo — Jun 2026,cty_076e8e86,cty_a50bc5dd,2026-06-12,2026-06-18,2,2,0,backpacker,0,completed,INR,,2026-04-15T09:00:00+05:30,2026-08-18T10:00:00+05:30
trp_73c65d38,usr_41431693,Abu Dhabi — May 2026,cty_c0f2d9de,cty_1ced6ede,2026-05-19,2026-05-23,1,1,0,couple,0,completed,NPR,,2026-01-27T09:00:00+05:30,2026-08-18T10:00:00+05:30
trp_32136d40,usr_57995796,Leh — Jul 2026,cty_d401ef6b,cty_aa759717,2026-07-30,2026-08-04,4,4,1,solo,1,completed,INR,Flexible on dates by a day either way.,2026-04-17T09:00:00+05:30,2026-08-18T10:00:00+05:30
trp_d10b37ba,usr_51247360,Ahmedabad — Oct 2026,cty_5d572c8a,cty_cfec17b6,2026-10-07,2026-10-09,1,1,0,solo,0,confirmed,INR,,2026-08-21T09:00:00+05:30,2026-08-18T10:00:00+05:30
trp_39a1ce04,usr_488b3ced,New Delhi — May 2026,cty_5d572c8a,cty_0b92e2e7,2026-05-07,2026-05-15,1,1,0,senior,0,completed,INR,Flexible on dates by a day either way.,2026-02-25T09:00:00+05:30,2026-08-18T10:00:00+05:30
trp_309cee62,usr_61710d50,Shillong — Sep 2026,cty_905fd8a1,cty_590d4b7b,2026-09-15,2026-09-20,2,2,0,business,1,confirmed,SGD,Flexible on dates by a day either way.,2026-07-20T09:00:00+05:30,2026-08-18T10:00:00+05:30
trp_223d5f10,usr_28c5ee24,Pokhara — Sep 2026,cty_009c9fd2,cty_95d040d8,2026-09-12,2026-09-20,1,1,0,family,0,planning,LKR,,2026-06-14T09:00:00+05:30,2026-08-18T10:00:00+05:30
trp_e51fe665,usr_107ab982,Singapore — May 2026,cty_36afaa5c,cty_905fd8a1,2026-05-20,2026-05-26,2,2,0,business,0,completed,IDR,,2026-02-22T09:00:00+05:30,2026-08-18T10:00:00+05:30
trp_dd037e63,usr_b1a4b433,Manali — Aug 2026,cty_bbb31d67,cty_9327d518,2026-08-10,2026-08-13,1,1,0,business,0,completed,INR,,2026-04-18T09:00:00+05:30,2026-08-18T10:00:00+05:30
trp_6a550f89,usr_7576a6e0,Nainital — Sep 2026,cty_34bbfdfe,cty_0d9ab6ff,2026-09-10,2026-09-18,4,4,1,couple,1,confirmed,INR,,2026-06-11T09:00:00+05:30,2026-08-18T10:00:00+05:30
trp_4be0ba46,usr_1501196b,Ahmedabad — Sep 2026,,cty_cfec17b6,2026-09-20,2026-09-24,1,1,0,friends,0,planning,BTN,Flexible on dates by a day either way.,2026-06-22T09:00:00+05:30,2026-08-18T10:00:00+05:30
trp_15632e85,usr_bc67142c,Male — Sep 2026,cty_17b8ef2f,cty_9aa02925,2026-09-11,2026-09-18,2,2,0,family,0,draft,INR,Flexible on dates by a day either way.,2026-06-27T09:00:00+05:30,2026-08-18T10:00:00+05:30
trp_d7693837,usr_353c55a8,Kochi — Nov 2026,cty_67ee7f6f,cty_8b6b1652,2026-11-16,2026-11-21,4,4,0,solo,1,planning,INR,,2026-09-03T09:00:00+05:30,2026-08-18T10:00:00+05:30
trp_9de9979d,usr_4f4d8587,Zurich — Jul 2026,,cty_0b7f5985,2026-07-31,2026-08-03,1,1,0,family,0,completed,INR,,2026-07-07T09:00:00+05:30,2026-08-18T10:00:00+05:30
trp_d03225c9,usr_e4376908,Pondicherry — Nov 2026,cty_0b7f5985,cty_f288c6a0,2026-11-24,2026-11-30,1,1,0,backpacker,0,planning,CHF,,2026-07-30T09:00:00+05:30,2026-08-18T10:00:00+05:30
trp_07cf1d5b,usr_9115fc7c,Leh — Aug 2026,,cty_aa759717,2026-08-06,2026-08-14,2,2,0,senior,0,completed,LKR,,2026-07-14T09:00:00+05:30,2026-08-18T10:00:00+05:30
trp_3912eedc,usr_1a6892bf,Jaipur — Nov 2026,cty_541018a9,cty_c07454f1,2026-11-16,2026-11-20,1,1,0,friends,0,confirmed,INR,,2026-09-26T09:00:00+05:30,2026-08-18T10:00:00+05:30
trp_1765a1ad,usr_8cace6bd,Kathmandu — Aug 2026,cty_f8b75f8e,cty_c0f2d9de,2026-08-18,2026-08-25,4,3,0,solo,1,in_progress,INR,,2026-07-28T09:00:00+05:30,2026-08-18T10:00:00+05:30
trp_aebbbd34,usr_8eb4e3e7,Bangkok — Oct 2026,cty_f29656ff,cty_a5f16904,2026-10-28,2026-11-02,2,2,0,friends,0,confirmed,INR,Flexible on dates by a day either way.,2026-08-09T09:00:00+05:30,2026-08-18T10:00:00+05:30
trp_05fa9ee5,usr_ddcb196c,Kyoto — Aug 2026,cty_7f673457,cty_51a149b7,2026-08-31,2026-09-05,2,2,0,couple,1,confirmed,INR,,2026-07-19T09:00:00+05:30,2026-08-18T10:00:00+05:30
trp_5df5ff0b,usr_ab2353de,Alleppey — Sep 2026,cty_3503e391,cty_34bbfdfe,2026-09-17,2026-09-19,5,5,0,family,1,planning,INR,,2026-07-15T09:00:00+05:30,2026-08-18T10:00:00+05:30
trp_6c9581df,usr_bedf358a,Dubai — Jun 2026,cty_95e7c8ca,cty_7b89639e,2026-06-27,2026-07-05,3,3,1,solo,1,completed,INR,,2026-05-26T09:00:00+05:30,2026-08-18T10:00:00+05:30
trp_672c1a74,usr_8eb4e3e7,Mysuru — May 2026,cty_f29656ff,cty_8fc1539e,2026-05-25,2026-06-02,2,2,0,friends,1,completed,INR,Flexible on dates by a day either way.,2026-04-04T09:00:00+05:30,2026-08-18T10:00:00+05:30
trp_8080637f,usr_42dc4da4,Varanasi — May 2026,cty_6320eea9,cty_c97e6cd5,2026-05-18,2026-05-22,5,4,1,backpacker,1,completed,QAR,,2026-04-28T09:00:00+05:30,2026-08-18T10:00:00+05:30
trp_19bd0b98,usr_5dec704e,Rishikesh — Jul 2026,cty_43d0a650,cty_d35a9652,2026-07-01,2026-07-03,1,1,0,couple,0,completed,INR,,2026-03-18T09:00:00+05:30,2026-08-18T10:00:00+05:30
trp_b32d3e05,usr_247f37bf,Kyoto — Jul 2026,cty_17b8ef2f,cty_51a149b7,2026-07-14,2026-07-17,1,1,0,solo,0,completed,INR,,2026-06-12T09:00:00+05:30,2026-08-18T10:00:00+05:30
trp_2e6bf66f,usr_1b4fe68e,Kochi — Aug 2026,cty_a50bc5dd,cty_8b6b1652,2026-08-20,2026-08-22,1,1,0,solo,0,planning,LKR,,2026-04-24T09:00:00+05:30,2026-08-18T10:00:00+05:30
trp_e060228a,usr_abb36fee,Jodhpur — Sep 2026,cty_c07454f1,cty_076e8e86,2026-09-05,2026-09-07,2,2,0,backpacker,0,confirmed,INR,,2026-05-16T09:00:00+05:30,2026-08-18T10:00:00+05:30
trp_12c07e4d,usr_693c20b9,Abu Dhabi — Sep 2026,cty_3503e391,cty_1ced6ede,2026-09-24,2026-09-26,4,4,1,couple,1,confirmed,INR,Flexible on dates by a day either way.,2026-07-10T09:00:00+05:30,2026-08-18T10:00:00+05:30
trp_39d6963e,usr_65303113,Colombo — May 2026,cty_c97e6cd5,cty_a50bc5dd,2026-05-13,2026-05-16,3,3,1,backpacker,1,completed,INR,,2026-03-02T09:00:00+05:30,2026-08-18T10:00:00+05:30
trp_ce0a9b4e,usr_13d8f6bd,Varanasi — Nov 2026,cty_c07454f1,cty_c97e6cd5,2026-11-22,2026-11-30,4,3,1,senior,1,planning,INR,Flexible on dates by a day either way.,2026-07-27T09:00:00+05:30,2026-08-18T10:00:00+05:30
trp_caf05844,usr_5f5edf0f,Tirupati — May 2026,cty_7be8559f,cty_d4f5e3a5,2026-05-22,2026-05-27,4,3,0,couple,1,completed,INR,,2026-03-31T09:00:00+05:30,2026-08-18T10:00:00+05:30
trp_1c384989,usr_52de2228,Amritsar — Aug 2026,cty_aa759717,cty_0d062a51,2026-08-18,2026-08-22,2,2,0,business,1,in_progress,INR,,2026-07-25T09:00:00+05:30,2026-08-18T10:00:00+05:30
trp_66313d66,usr_1dc8f83e,Bangkok — May 2026,cty_95e7c8ca,cty_a5f16904,2026-05-10,2026-05-13,1,1,0,family,0,completed,INR,,2026-02-28T09:00:00+05:30,2026-08-18T10:00:00+05:30
trp_0512bf41,usr_8e272905,Guwahati — Aug 2026,,cty_cf1c6ac5,2026-08-31,2026-09-05,6,5,1,family,1,planning,INR,,2026-05-21T09:00:00+05:30,2026-08-18T10:00:00+05:30
trp_3173cbf9,usr_7101a5b5,Zurich — Jul 2026,cty_c97e6cd5,cty_0b7f5985,2026-07-12,2026-07-18,2,2,0,solo,0,completed,INR,,2026-06-07T09:00:00+05:30,2026-08-18T10:00:00+05:30
trp_ffce7c33,usr_76ac5087,Chennai — Nov 2026,cty_b6ccbb3b,cty_f8b75f8e,2026-11-30,2026-12-05,2,2,0,friends,0,confirmed,INR,,2026-08-26T09:00:00+05:30,2026-08-18T10:00:00+05:30
trp_4a2eb05b,usr_99adb626,Kathmandu — Aug 2026,cty_7be8559f,cty_c0f2d9de,2026-08-05,2026-08-08,1,1,0,business,0,completed,INR,,2026-05-01T09:00:00+05:30,2026-08-18T10:00:00+05:30
trp_09e8a8fb,usr_c582abb2,Leh — Oct 2026,cty_c97e6cd5,cty_aa759717,2026-10-31,2026-11-03,1,1,0,couple,0,confirmed,INR,,2026-08-18T09:00:00+05:30,2026-08-18T10:00:00+05:30
trp_f1eefc06,usr_87ae707a,Kyoto — Nov 2026,cty_c07454f1,cty_51a149b7,2026-11-19,2026-11-26,2,2,0,couple,0,cancelled,INR,Flexible on dates by a day either way.,2026-08-10T09:00:00+05:30,2026-08-18T10:00:00+05:30
trp_79d0c6ca,usr_25e8a118,Bangkok — Oct 2026,,cty_a5f16904,2026-10-29,2026-10-31,1,1,0,family,0,confirmed,CHF,,2026-07-20T09:00:00+05:30,2026-08-18T10:00:00+05:30
trp_1094fbf4,usr_ae35e63d,Kyoto — Nov 2026,cty_5d572c8a,cty_51a149b7,2026-11-03,2026-11-07,5,4,0,solo,1,confirmed,INR,,2026-09-02T09:00:00+05:30,2026-08-18T10:00:00+05:30
trp_831241e0,usr_ae3758b7,Aurangabad — Sep 2026,cty_5698a7ab,cty_f29656ff,2026-09-26,2026-10-04,6,6,0,couple,1,planning,INR,,2026-08-18T09:00:00+05:30,2026-08-18T10:00:00+05:30
trp_a9d6d238,usr_8180c222,Pokhara — Jul 2026,cty_541018a9,cty_95d040d8,2026-07-25,2026-07-29,4,3,0,family,1,completed,INR,Flexible on dates by a day either way.,2026-05-23T09:00:00+05:30,2026-08-18T10:00:00+05:30
trp_ab6c0ec2,usr_36c3dbed,Shimla — Aug 2026,cty_bbb31d67,cty_32e8e65c,2026-08-09,2026-08-14,2,2,0,business,0,completed,INR,,2026-06-22T09:00:00+05:30,2026-08-18T10:00:00+05:30
trp_e8bed4a6,usr_32f091df,Visakhapatnam — May 2026,cty_7fc82336,cty_7cb0b529,2026-05-19,2026-05-25,1,1,0,family,0,completed,INR,,2026-02-18T09:00:00+05:30,2026-08-18T10:00:00+05:30
trp_a7356ab0,usr_c582abb2,Jodhpur — Jul 2026,cty_c97e6cd5,cty_076e8e86,2026-07-19,2026-07-24,2,2,0,couple,0,completed,INR,Flexible on dates by a day either way.,2026-06-20T09:00:00+05:30,2026-08-18T10:00:00+05:30
trp_fe3977e6,usr_2da5bb04,Aurangabad — Sep 2026,cty_51a149b7,cty_f29656ff,2026-09-05,2026-09-10,1,1,0,family,0,planning,JPY,,2026-07-15T09:00:00+05:30,2026-08-18T10:00:00+05:30
trp_23669283,usr_240785d4,Pondicherry — Jul 2026,cty_a97c33ad,cty_f288c6a0,2026-07-05,2026-07-08,2,2,0,business,0,completed,INR,,2026-03-25T09:00:00+05:30,2026-08-18T10:00:00+05:30
trp_7aed1147,usr_76c235d5,Madurai — Oct 2026,cty_7cb0b529,cty_3503e391,2026-10-29,2026-11-06,1,1,0,family,0,draft,INR,,2026-07-13T09:00:00+05:30,2026-08-18T10:00:00+05:30
trp_be19b00c,usr_4794cd34,Puri — Nov 2026,cty_95e7c8ca,cty_b6ccbb3b,2026-11-06,2026-11-11,6,6,1,solo,1,planning,INR,,2026-10-06T09:00:00+05:30,2026-08-18T10:00:00+05:30
trp_093fb740,usr_fc544c58,Jaipur — Jul 2026,cty_718f03c7,cty_c07454f1,2026-07-04,2026-07-06,1,1,0,backpacker,0,completed,INR,Flexible on dates by a day either way.,2026-03-24T09:00:00+05:30,2026-08-18T10:00:00+05:30
trp_534769b0,usr_bc8d5d3b,Aurangabad — May 2026,cty_aa759717,cty_f29656ff,2026-05-19,2026-05-24,2,2,0,couple,1,completed,INR,Flexible on dates by a day either way.,2026-02-12T09:00:00+05:30,2026-08-18T10:00:00+05:30
trp_6c80cfa7,usr_bedf358a,Nainital — Jun 2026,cty_95e7c8ca,cty_0d9ab6ff,2026-06-09,2026-06-13,6,6,0,solo,1,completed,INR,,2026-04-19T09:00:00+05:30,2026-08-18T10:00:00+05:30
trp_26392ac8,usr_0af476d1,Abu Dhabi — Jun 2026,cty_828a7777,cty_1ced6ede,2026-06-15,2026-06-17,3,3,0,family,1,completed,INR,,2026-04-24T09:00:00+05:30,2026-08-18T10:00:00+05:30
trp_1a355cfe,usr_b3f2baa1,Male — Jul 2026,cty_67ee7f6f,cty_9aa02925,2026-07-06,2026-07-08,2,2,0,family,0,completed,INR,Flexible on dates by a day either way.,2026-03-17T09:00:00+05:30,2026-08-18T10:00:00+05:30
trp_9f0fac81,usr_672d3dd6,Kathmandu — May 2026,cty_a50bc5dd,cty_c0f2d9de,2026-05-24,2026-05-31,1,1,0,family,0,completed,LKR,,2026-03-07T09:00:00+05:30,2026-08-18T10:00:00+05:30
trp_c5887464,usr_8a0aaa50,Colombo — Oct 2026,cty_7f673457,cty_a50bc5dd,2026-10-20,2026-10-27,3,2,1,couple,1,confirmed,INR,,2026-09-06T09:00:00+05:30,2026-08-18T10:00:00+05:30
trp_a06a57e3,usr_60cacdee,Shillong — Jul 2026,cty_10cbee86,cty_590d4b7b,2026-07-21,2026-07-24,4,4,0,friends,1,completed,INR,,2026-05-01T09:00:00+05:30,2026-08-18T10:00:00+05:30
trp_67af61b6,usr_d3acd59c,Gangtok — Aug 2026,cty_ab50efee,cty_ccb4fb74,2026-08-28,2026-08-31,5,4,0,backpacker,1,confirmed,INR,,2026-07-20T09:00:00+05:30,2026-08-18T10:00:00+05:30
trp_7f99f942,usr_65b43f7e,Nainital — Oct 2026,cty_3503e391,cty_0d9ab6ff,2026-10-23,2026-10-31,1,1,0,friends,0,confirmed,INR,,2026-08-17T09:00:00+05:30,2026-08-18T10:00:00+05:30
trp_5b0721fc,usr_d1c73fb8,Male — Aug 2026,,cty_9aa02925,2026-08-03,2026-08-05,3,2,1,couple,1,completed,INR,Flexible on dates by a day either way.,2026-05-12T09:00:00+05:30,2026-08-18T10:00:00+05:30
trp_bb5e3651,usr_d56927f7,Thimphu — Nov 2026,cty_3503e391,cty_79cbc59b,2026-11-03,2026-11-09,2,2,0,backpacker,0,cancelled,INR,,2026-08-03T09:00:00+05:30,2026-08-18T10:00:00+05:30
trp_388e9bd8,usr_1ef037a0,Thimphu — Jun 2026,,cty_79cbc59b,2026-06-01,2026-06-05,2,2,0,solo,0,completed,INR,,2026-05-01T09:00:00+05:30,2026-08-18T10:00:00+05:30
trp_4b2dcdb7,usr_9d604e2e,Darjeeling — Jul 2026,cty_3503e391,cty_c43cfa94,2026-07-07,2026-07-13,3,2,0,backpacker,1,completed,INR,,2026-06-13T09:00:00+05:30,2026-08-18T10:00:00+05:30
trp_034ee3ea,usr_991a1e29,Kuala Lumpur — Aug 2026,,cty_c9f34ba7,2026-08-01,2026-08-03,6,6,1,friends,1,completed,INR,,2026-07-06T09:00:00+05:30,2026-08-18T10:00:00+05:30
trp_7fa3c6c3,usr_c24f45f3,Singapore — Jul 2026,cty_caf3c1ee,cty_905fd8a1,2026-07-19,2026-07-23,2,2,0,couple,0,completed,INR,Flexible on dates by a day either way.,2026-04-22T09:00:00+05:30,2026-08-18T10:00:00+05:30
trp_026533d5,usr_ddfa0cd0,Abu Dhabi — Aug 2026,cty_a50bc5dd,cty_1ced6ede,2026-08-31,2026-09-04,2,2,0,friends,0,cancelled,LKR,,2026-07-06T09:00:00+05:30,2026-08-18T10:00:00+05:30
trp_994c9a51,usr_6be041f5,Guwahati — May 2026,cty_a50bc5dd,cty_cf1c6ac5,2026-05-31,2026-06-04,2,2,0,solo,0,completed,LKR,,2026-04-14T09:00:00+05:30,2026-08-18T10:00:00+05:30
trp_520c7693,usr_77e91c3a,Ahmedabad — Aug 2026,cty_caf3c1ee,cty_cfec17b6,2026-08-10,2026-08-14,1,1,0,business,0,completed,INR,Flexible on dates by a day either way.,2026-06-24T09:00:00+05:30,2026-08-18T10:00:00+05:30
trp_60a62e81,usr_bff7bdb8,Ooty — Jul 2026,cty_076e8e86,cty_7fc82336,2026-07-31,2026-08-02,2,2,0,solo,0,completed,INR,Flexible on dates by a day either way.,2026-06-16T09:00:00+05:30,2026-08-18T10:00:00+05:30
trp_6fb32210,usr_e076a69d,Hampi — Nov 2026,cty_c43cfa94,cty_bbb31d67,2026-11-28,2026-12-03,2,2,0,senior,0,planning,INR,,2026-10-23T09:00:00+05:30,2026-08-18T10:00:00+05:30
trp_8e5f0010,usr_76043d79,Bengaluru — Sep 2026,,cty_17b8ef2f,2026-09-24,2026-09-29,6,5,0,solo,1,planning,INR,Flexible on dates by a day either way.,2026-06-11T09:00:00+05:30,2026-08-18T10:00:00+05:30
trp_1898ff3a,usr_9afd8eab,Pokhara — Dec 2026,cty_10cbee86,cty_95d040d8,2026-12-04,2026-12-08,4,4,1,solo,1,planning,INR,,2026-08-15T09:00:00+05:30,2026-08-18T10:00:00+05:30
trp_af330315,usr_f50e2299,Kolkata — Aug 2026,cty_590d4b7b,cty_ab50efee,2026-08-04,2026-08-09,1,1,0,business,0,completed,INR,,2026-04-19T09:00:00+05:30,2026-08-18T10:00:00+05:30
trp_e1f3d0e8,usr_ce09de03,Doha — Aug 2026,cty_0b7f5985,cty_6320eea9,2026-08-29,2026-09-06,4,3,0,senior,1,confirmed,CHF,,2026-08-09T09:00:00+05:30,2026-08-18T10:00:00+05:30
trp_b0a35602,usr_8ed02105,Alleppey — Dec 2026,cty_aa759717,cty_34bbfdfe,2026-12-07,2026-12-09,2,2,0,family,1,planning,INR,Flexible on dates by a day either way.,2026-11-03T09:00:00+05:30,2026-08-18T10:00:00+05:30
trp_d5b99837,usr_4db9e8d2,Madurai — Aug 2026,cty_0d062a51,cty_3503e391,2026-08-16,2026-08-21,1,1,0,business,0,in_progress,INR,,2026-07-26T09:00:00+05:30,2026-08-18T10:00:00+05:30
trp_8c33db0b,usr_67ff2106,Colombo — Jun 2026,cty_0d062a51,cty_a50bc5dd,2026-06-09,2026-06-16,2,2,0,business,0,completed,INR,Flexible on dates by a day either way.,2026-03-28T09:00:00+05:30,2026-08-18T10:00:00+05:30
trp_fbce8226,usr_6a108f4e,Lucknow — Jun 2026,cty_7fc82336,cty_5698a7ab,2026-06-04,2026-06-08,6,6,0,family,1,completed,INR,Flexible on dates by a day either way.,2026-04-07T09:00:00+05:30,2026-08-18T10:00:00+05:30
trp_79045015,usr_72796feb,Bangkok — Oct 2026,cty_f288c6a0,cty_a5f16904,2026-10-18,2026-10-25,4,3,0,solo,1,planning,INR,,2026-07-21T09:00:00+05:30,2026-08-18T10:00:00+05:30
trp_f9ef6a50,usr_ddcb196c,Hyderabad — Jun 2026,cty_7f673457,cty_718f03c7,2026-06-11,2026-06-17,1,1,0,couple,0,completed,INR,,2026-04-09T09:00:00+05:30,2026-08-18T10:00:00+05:30
trp_a396cd51,usr_4d8f3b3a,Thiruvananthapuram — Oct 2026,cty_0d062a51,cty_67ee7f6f,2026-10-25,2026-11-02,1,1,0,backpacker,0,confirmed,INR,Flexible on dates by a day either way.,2026-10-03T09:00:00+05:30,2026-08-18T10:00:00+05:30
trp_5df54ac3,usr_4022bd9b,Jaisalmer — Jul 2026,cty_c0f2d9de,cty_10cbee86,2026-07-17,2026-07-21,2,2,0,business,1,completed,NPR,,2026-05-31T09:00:00+05:30,2026-08-18T10:00:00+05:30
trp_194fb6db,usr_d1a44892,Kuala Lumpur — May 2026,cty_43d0a650,cty_c9f34ba7,2026-05-15,2026-05-23,2,2,0,backpacker,0,completed,INR,,2026-02-05T09:00:00+05:30,2026-08-18T10:00:00+05:30
trp_5ac61fd8,usr_a93726c0,Hyderabad — Jun 2026,cty_34bbfdfe,cty_718f03c7,2026-06-22,2026-06-27,1,1,0,friends,0,completed,INR,,2026-03-07T09:00:00+05:30,2026-08-18T10:00:00+05:30
trp_372d222b,usr_9a5cd9cf,Bangkok — Jun 2026,cty_d35a9652,cty_a5f16904,2026-06-30,2026-07-02,2,2,0,solo,0,completed,INR,,2026-05-03T09:00:00+05:30,2026-08-18T10:00:00+05:30
trp_536f04bd,usr_44ef2e9c,Amritsar — Sep 2026,cty_95e7c8ca,cty_0d062a51,2026-09-11,2026-09-17,2,2,0,family,0,cancelled,INR,,2026-08-17T09:00:00+05:30,2026-08-18T10:00:00+05:30
trp_bacdeb91,usr_b6d5d98c,Srinagar — Jun 2026,cty_cf1c6ac5,cty_828a7777,2026-06-19,2026-06-26,2,2,0,couple,0,completed,INR,,2026-03-29T09:00:00+05:30,2026-08-18T10:00:00+05:30
trp_27e50a35,usr_3d2f73ea,Agra — Nov 2026,cty_ab50efee,cty_b43cdd57,2026-11-17,2026-11-25,2,2,0,senior,1,planning,INR,,2026-08-01T09:00:00+05:30,2026-08-18T10:00:00+05:30
trp_479e8ab9,usr_81005fa8,Bali — Oct 2026,cty_541018a9,cty_36afaa5c,2026-10-27,2026-11-04,2,2,0,senior,0,draft,INR,Flexible on dates by a day either way.,2026-09-08T09:00:00+05:30,2026-08-18T10:00:00+05:30
trp_73b4e062,usr_e851fdeb,Ahmedabad — Aug 2026,cty_8fc1539e,cty_cfec17b6,2026-08-28,2026-09-04,4,4,1,friends,1,planning,INR,,2026-06-26T09:00:00+05:30,2026-08-18T10:00:00+05:30
trp_cab2311d,usr_1a6892bf,Kuala Lumpur — Dec 2026,cty_541018a9,cty_c9f34ba7,2026-12-08,2026-12-11,2,2,0,friends,0,draft,INR,,2026-11-16T09:00:00+05:30,2026-08-18T10:00:00+05:30
trp_d275f261,usr_fa851b11,Hampi — Nov 2026,,cty_bbb31d67,2026-11-28,2026-11-30,3,3,0,backpacker,1,cancelled,JPY,,2026-10-12T09:00:00+05:30,2026-08-18T10:00:00+05:30
trp_1904a63d,usr_ca24d130,Madurai — Jul 2026,cty_34bbfdfe,cty_3503e391,2026-07-02,2026-07-08,2,2,0,couple,0,completed,INR,,2026-03-19T09:00:00+05:30,2026-08-18T10:00:00+05:30
trp_f6f16cbd,usr_e10845c8,Leh — Nov 2026,cty_f29656ff,cty_aa759717,2026-11-26,2026-12-03,6,5,1,senior,1,planning,INR,,2026-10-25T09:00:00+05:30,2026-08-18T10:00:00+05:30
trp_9fcf6ecc,usr_506012f1,Shillong — Nov 2026,cty_f288c6a0,cty_590d4b7b,2026-11-01,2026-11-05,6,5,1,business,1,planning,INR,,2026-07-29T09:00:00+05:30,2026-08-18T10:00:00+05:30
trp_550c7b3b,usr_1217680f,Pondicherry — Aug 2026,cty_67ee7f6f,cty_f288c6a0,2026-08-25,2026-08-31,2,2,0,senior,1,planning,INR,,2026-05-04T09:00:00+05:30,2026-08-18T10:00:00+05:30
trp_04666cc6,usr_9afd8eab,Thimphu — May 2026,cty_10cbee86,cty_79cbc59b,2026-05-10,2026-05-17,6,6,0,solo,1,completed,INR,,2026-04-06T09:00:00+05:30,2026-08-18T10:00:00+05:30
trp_4360e4bd,usr_76c235d5,Alleppey — Sep 2026,cty_7cb0b529,cty_34bbfdfe,2026-09-09,2026-09-11,2,2,0,family,1,cancelled,INR,,2026-08-18T09:00:00+05:30,2026-08-18T10:00:00+05:30
trp_510db93a,usr_3e25dcc6,Pokhara — Jul 2026,cty_828a7777,cty_95d040d8,2026-07-23,2026-07-25,2,2,0,business,0,completed,INR,,2026-06-16T09:00:00+05:30,2026-08-18T10:00:00+05:30
trp_0e7cf08e,usr_49c29e32,Kandy — Oct 2026,cty_caf3c1ee,cty_009c9fd2,2026-10-29,2026-11-06,4,4,0,couple,1,planning,INR,,2026-07-13T09:00:00+05:30,2026-08-18T10:00:00+05:30
trp_9d4a5a9e,usr_7b318031,Thimphu — Nov 2026,cty_cf1c6ac5,cty_79cbc59b,2026-11-01,2026-11-04,2,2,0,friends,0,planning,INR,,2026-07-24T09:00:00+05:30,2026-08-18T10:00:00+05:30
trp_1b3de2ea,usr_efe9a3aa,Jodhpur — Jun 2026,cty_34bbfdfe,cty_076e8e86,2026-06-24,2026-06-27,3,3,0,backpacker,1,completed,INR,,2026-05-16T09:00:00+05:30,2026-08-18T10:00:00+05:30
trp_13a7ffcc,usr_ae35e63d,Mumbai — Nov 2026,cty_5d572c8a,cty_95e7c8ca,2026-11-29,2026-12-04,2,2,0,solo,1,confirmed,INR,Flexible on dates by a day either way.,2026-10-02T09:00:00+05:30,2026-08-18T10:00:00+05:30
trp_26590ab5,usr_bff7bdb8,Gokarna — Jun 2026,cty_076e8e86,cty_a97c33ad,2026-06-08,2026-06-16,5,5,0,solo,1,completed,INR,,2026-03-21T09:00:00+05:30,2026-08-18T10:00:00+05:30
trp_42c7ee54,usr_7b318031,Hyderabad — Nov 2026,cty_cf1c6ac5,cty_718f03c7,2026-11-19,2026-11-26,1,1,0,friends,0,planning,INR,,2026-09-13T09:00:00+05:30,2026-08-18T10:00:00+05:30
trp_ab7c6472,usr_569f1f22,Mumbai — May 2026,cty_95d040d8,cty_95e7c8ca,2026-05-25,2026-05-30,4,3,0,solo,1,completed,NPR,,2026-03-10T09:00:00+05:30,2026-08-18T10:00:00+05:30
trp_c60c3b5a,usr_c426b4e1,Munnar — Aug 2026,cty_67ee7f6f,cty_d401ef6b,2026-08-19,2026-08-25,4,4,1,friends,1,confirmed,INR,Flexible on dates by a day either way.,2026-06-09T09:00:00+05:30,2026-08-18T10:00:00+05:30
trp_35d620ca,usr_54e0dc44,Gokarna — Jun 2026,cty_905fd8a1,cty_a97c33ad,2026-06-13,2026-06-21,6,5,1,senior,1,completed,SGD,Flexible on dates by a day either way.,2026-04-04T09:00:00+05:30,2026-08-18T10:00:00+05:30
trp_0c86284d,usr_98ca8444,Doha — May 2026,cty_ab50efee,cty_6320eea9,2026-05-27,2026-06-04,4,4,1,couple,1,completed,INR,,2026-05-07T09:00:00+05:30,2026-08-18T10:00:00+05:30
trp_79423633,usr_72818c78,Lucknow — Aug 2026,cty_828a7777,cty_5698a7ab,2026-08-15,2026-08-18,3,3,1,business,1,in_progress,INR,,2026-05-28T09:00:00+05:30,2026-08-18T10:00:00+05:30
trp_c523a05c,usr_abfc225a,Pondicherry — Oct 2026,cty_17b8ef2f,cty_f288c6a0,2026-10-02,2026-10-05,5,5,0,senior,1,planning,INR,,2026-09-06T09:00:00+05:30,2026-08-18T10:00:00+05:30
trp_ddc1ac3a,usr_969a0636,Udaipur — May 2026,cty_caf3c1ee,cty_5d572c8a,2026-05-10,2026-05-15,2,2,0,backpacker,1,completed,INR,,2026-02-08T09:00:00+05:30,2026-08-18T10:00:00+05:30
trp_7c20b912,usr_2b4223b2,Munnar — Jul 2026,cty_076e8e86,cty_d401ef6b,2026-07-13,2026-07-18,1,1,0,backpacker,0,completed,INR,,2026-05-16T09:00:00+05:30,2026-08-18T10:00:00+05:30
trp_d13da5c8,usr_95d28a5d,Dubai — Oct 2026,,cty_7b89639e,2026-10-24,2026-10-31,6,5,0,couple,1,cancelled,INR,,2026-09-12T09:00:00+05:30,2026-08-18T10:00:00+05:30
trp_1800f567,usr_9181bfe3,Aurangabad — Nov 2026,,cty_f29656ff,2026-11-11,2026-11-17,2,2,0,couple,0,planning,AED,,2026-08-04T09:00:00+05:30,2026-08-18T10:00:00+05:30
trp_ccff079f,usr_b8779399,Ahmedabad — May 2026,cty_1ced6ede,cty_cfec17b6,2026-05-19,2026-05-24,5,5,1,couple,1,completed,AED,,2026-03-28T09:00:00+05:30,2026-08-18T10:00:00+05:30
trp_f74bdeb1,usr_fae4d064,Kuala Lumpur — Sep 2026,cty_c97e6cd5,cty_c9f34ba7,2026-09-09,2026-09-11,2,2,0,backpacker,0,planning,INR,,2026-05-19T09:00:00+05:30,2026-08-18T10:00:00+05:30
trp_03e922d6,usr_e8f563b9,Pune — Nov 2026,cty_0d9ab6ff,cty_621f4a84,2026-11-24,2026-11-28,1,1,0,solo,0,draft,INR,,2026-08-05T09:00:00+05:30,2026-08-18T10:00:00+05:30
trp_11b70470,usr_b376fa1f,Tirupati — May 2026,cty_541018a9,cty_d4f5e3a5,2026-05-22,2026-05-25,3,3,1,solo,1,completed,INR,,2026-02-24T09:00:00+05:30,2026-08-18T10:00:00+05:30
trp_503f7948,usr_60e00854,Pokhara — Nov 2026,,cty_95d040d8,2026-11-10,2026-11-15,2,2,0,friends,0,confirmed,INR,,2026-08-09T09:00:00+05:30,2026-08-18T10:00:00+05:30
trp_ec11de60,usr_29fdaeb0,Doha — Aug 2026,cty_5d572c8a,cty_6320eea9,2026-08-15,2026-08-22,2,2,0,business,0,in_progress,INR,,2026-07-14T09:00:00+05:30,2026-08-18T10:00:00+05:30
trp_0050ebc1,usr_824b14a8,Wayanad — Sep 2026,cty_95e7c8ca,cty_541018a9,2026-09-11,2026-09-15,2,2,0,senior,0,confirmed,INR,Flexible on dates by a day either way.,2026-08-14T09:00:00+05:30,2026-08-18T10:00:00+05:30
trp_cdcc78b4,usr_d8ec0000,New Delhi — May 2026,cty_f288c6a0,cty_0b92e2e7,2026-05-20,2026-05-28,6,6,0,backpacker,1,completed,INR,,2026-04-28T09:00:00+05:30,2026-08-18T10:00:00+05:30
trp_22a4deac,usr_d59d0fa9,Agra — Jun 2026,,cty_b43cdd57,2026-06-16,2026-06-24,1,1,0,solo,0,completed,NPR,,2026-03-02T09:00:00+05:30,2026-08-18T10:00:00+05:30
trp_d9f8d682,usr_3b70ae01,Guwahati — Jul 2026,cty_d401ef6b,cty_cf1c6ac5,2026-07-01,2026-07-04,2,2,0,friends,0,completed,INR,,2026-04-11T09:00:00+05:30,2026-08-18T10:00:00+05:30
trp_074ec52a,usr_9738df4b,Udaipur — Sep 2026,cty_718f03c7,cty_5d572c8a,2026-09-03,2026-09-11,5,5,0,senior,1,draft,INR,,2026-07-29T09:00:00+05:30,2026-08-18T10:00:00+05:30
trp_b038cfbe,usr_e1fb52ea,Srinagar — Nov 2026,cty_541018a9,cty_828a7777,2026-11-09,2026-11-11,1,1,0,solo,0,cancelled,INR,,2026-08-11T09:00:00+05:30,2026-08-18T10:00:00+05:30
trp_fa67785b,usr_fae4d064,Kolkata — Jun 2026,,cty_ab50efee,2026-06-04,2026-06-11,1,1,0,backpacker,0,completed,INR,,2026-02-13T09:00:00+05:30,2026-08-18T10:00:00+05:30
trp_22d088b8,usr_72818c78,Varanasi — Jul 2026,cty_828a7777,cty_c97e6cd5,2026-07-15,2026-07-19,2,2,0,business,0,completed,INR,,2026-06-25T09:00:00+05:30,2026-08-18T10:00:00+05:30
trp_c4fe9d44,usr_96b84c82,Pune — Oct 2026,cty_7cb0b529,cty_621f4a84,2026-10-09,2026-10-13,1,1,0,senior,0,planning,INR,,2026-08-03T09:00:00+05:30,2026-08-18T10:00:00+05:30
trp_bcc5d027,usr_18a2e06d,Kochi — Oct 2026,cty_32e8e65c,cty_8b6b1652,2026-10-12,2026-10-18,2,2,0,family,0,planning,INR,,2026-06-24T09:00:00+05:30,2026-08-18T10:00:00+05:30
trp_d729f422,usr_78bee927,Jaisalmer — Jun 2026,cty_9327d518,cty_10cbee86,2026-06-25,2026-06-27,5,5,0,backpacker,1,completed,INR,,2026-04-19T09:00:00+05:30,2026-08-18T10:00:00+05:30
trp_5d6b6f99,usr_0dc68a1c,Bhuj — Aug 2026,,cty_caf3c1ee,2026-08-30,2026-09-01,2,2,0,business,1,cancelled,INR,Flexible on dates by a day either way.,2026-06-14T09:00:00+05:30,2026-08-18T10:00:00+05:30
trp_5263ffa3,usr_65303113,Bengaluru — Jul 2026,cty_c97e6cd5,cty_17b8ef2f,2026-07-28,2026-08-03,5,5,0,backpacker,1,completed,INR,,2026-05-18T09:00:00+05:30,2026-08-18T10:00:00+05:30
trp_33c5a895,usr_d23b92e9,Manali — Jun 2026,cty_3503e391,cty_9327d518,2026-06-26,2026-07-04,2,2,0,business,0,completed,INR,Flexible on dates by a day either way.,2026-06-06T09:00:00+05:30,2026-08-18T10:00:00+05:30
trp_94e301b8,usr_0382185a,Guwahati — Jun 2026,cty_95e7c8ca,cty_cf1c6ac5,2026-06-07,2026-06-13,2,2,0,couple,0,completed,INR,,2026-03-03T09:00:00+05:30,2026-08-18T10:00:00+05:30
trp_e900e96a,usr_2fca7c46,Pokhara — Jun 2026,cty_7be8559f,cty_95d040d8,2026-06-08,2026-06-12,3,2,0,friends,1,completed,INR,Flexible on dates by a day either way.,2026-04-26T09:00:00+05:30,2026-08-18T10:00:00+05:30
trp_377a871a,usr_d0571b95,Kathmandu — Jun 2026,cty_34bbfdfe,cty_c0f2d9de,2026-06-05,2026-06-13,3,2,0,solo,1,completed,INR,,2026-04-17T09:00:00+05:30,2026-08-18T10:00:00+05:30
trp_5ad6c4c8,usr_c60b1837,Abu Dhabi — Dec 2026,cty_3503e391,cty_1ced6ede,2026-12-05,2026-12-07,1,1,0,senior,0,confirmed,INR,,2026-11-12T09:00:00+05:30,2026-08-18T10:00:00+05:30
trp_2d23dd64,usr_7e340c2a,Ahmedabad — May 2026,cty_7be8559f,cty_cfec17b6,2026-05-08,2026-05-15,1,1,0,friends,0,completed,INR,,2026-04-17T09:00:00+05:30,2026-08-18T10:00:00+05:30
trp_31015abc,usr_a0f188fa,Bhuj — May 2026,cty_f288c6a0,cty_caf3c1ee,2026-05-11,2026-05-18,2,2,0,family,0,completed,INR,,2026-01-24T09:00:00+05:30,2026-08-18T10:00:00+05:30
trp_9818ae06,usr_36c3dbed,Pune — Dec 2026,cty_bbb31d67,cty_621f4a84,2026-12-01,2026-12-05,4,4,0,business,1,confirmed,INR,,2026-11-07T09:00:00+05:30,2026-08-18T10:00:00+05:30
trp_9a841c7e,usr_7f6d27fe,Kolkata — May 2026,cty_905fd8a1,cty_ab50efee,2026-05-23,2026-05-28,1,1,0,business,0,completed,SGD,,2026-02-23T09:00:00+05:30,2026-08-18T10:00:00+05:30
trp_8c188c27,usr_40c95b13,Mysuru — Aug 2026,cty_43d0a650,cty_8fc1539e,2026-08-17,2026-08-20,1,1,0,business,0,in_progress,INR,,2026-04-29T09:00:00+05:30,2026-08-18T10:00:00+05:30
trp_baeb9644,usr_0000ca76,Alleppey — Oct 2026,cty_0d062a51,cty_34bbfdfe,2026-10-03,2026-10-05,2,2,0,friends,0,cancelled,INR,,2026-06-28T09:00:00+05:30,2026-08-18T10:00:00+05:30
trp_96b44a87,usr_5d24ab68,Bengaluru — Sep 2026,cty_34bbfdfe,cty_17b8ef2f,2026-09-10,2026-09-18,3,2,0,friends,1,confirmed,INR,,2026-06-28T09:00:00+05:30,2026-08-18T10:00:00+05:30
trp_0e733795,usr_97d7df2b,Darjeeling — Oct 2026,cty_aa759717,cty_c43cfa94,2026-10-21,2026-10-25,1,1,0,backpacker,0,planning,INR,,2026-07-13T09:00:00+05:30,2026-08-18T10:00:00+05:30
trp_63451510,usr_44604a9d,Mysuru — Nov 2026,cty_d401ef6b,cty_8fc1539e,2026-11-20,2026-11-28,2,2,0,business,0,confirmed,INR,,2026-09-09T09:00:00+05:30,2026-08-18T10:00:00+05:30
trp_ed7e580e,usr_17083a9e,Shillong — Aug 2026,cty_d35a9652,cty_590d4b7b,2026-08-05,2026-08-12,2,2,0,backpacker,1,completed,INR,,2026-07-01T09:00:00+05:30,2026-08-18T10:00:00+05:30
trp_5b79ffd1,usr_dabbaf95,Munnar — Dec 2026,cty_b43cdd57,cty_d401ef6b,2026-12-05,2026-12-08,6,5,0,couple,1,cancelled,INR,,2026-08-24T09:00:00+05:30,2026-08-18T10:00:00+05:30
trp_574e5595,usr_05d0be25,Abu Dhabi — May 2026,cty_d4f5e3a5,cty_1ced6ede,2026-05-10,2026-05-13,1,1,0,backpacker,0,completed,INR,,2026-03-16T09:00:00+05:30,2026-08-18T10:00:00+05:30
trp_2035c85a,usr_6c3fae7b,Kuala Lumpur — Jun 2026,cty_f288c6a0,cty_c9f34ba7,2026-06-18,2026-06-25,6,6,1,family,1,completed,INR,,2026-04-18T09:00:00+05:30,2026-08-18T10:00:00+05:30
trp_f7736bd6,usr_79248234,Kandy — Oct 2026,cty_cfec17b6,cty_009c9fd2,2026-10-26,2026-10-29,2,2,0,senior,1,planning,INR,,2026-08-27T09:00:00+05:30,2026-08-18T10:00:00+05:30
trp_f6031e74,usr_b8779399,Gokarna — Jul 2026,cty_1ced6ede,cty_a97c33ad,2026-07-20,2026-07-26,2,2,0,couple,1,completed,AED,,2026-06-28T09:00:00+05:30,2026-08-18T10:00:00+05:30
trp_8b48ae6e,usr_520d9624,Bhubaneswar — Dec 2026,cty_f288c6a0,cty_7be8559f,2026-12-07,2026-12-11,2,2,0,senior,0,planning,INR,Flexible on dates by a day either way.,2026-08-12T09:00:00+05:30,2026-08-18T10:00:00+05:30
trp_cf3db507,usr_e27e3b52,Guwahati — Oct 2026,cty_7cb0b529,cty_cf1c6ac5,2026-10-17,2026-10-22,1,1,0,backpacker,0,planning,INR,,2026-07-08T09:00:00+05:30,2026-08-18T10:00:00+05:30
trp_25e25e9c,usr_a370271a,Doha — Nov 2026,cty_aa759717,cty_6320eea9,2026-11-29,2026-12-02,2,2,0,couple,1,confirmed,INR,Flexible on dates by a day either way.,2026-08-14T09:00:00+05:30,2026-08-18T10:00:00+05:30
trp_ecb44c64,usr_b2323a23,Thiruvananthapuram — Jul 2026,cty_5d572c8a,cty_67ee7f6f,2026-07-12,2026-07-20,1,1,0,backpacker,0,completed,INR,,2026-03-16T09:00:00+05:30,2026-08-18T10:00:00+05:30
trp_2c538bd5,usr_c659e4bf,Doha — May 2026,cty_36afaa5c,cty_6320eea9,2026-05-29,2026-06-01,2,2,0,couple,0,completed,IDR,Flexible on dates by a day either way.,2026-02-15T09:00:00+05:30,2026-08-18T10:00:00+05:30
trp_9eb0f5fe,usr_40edb5af,Bangkok — Aug 2026,cty_ccb4fb74,cty_a5f16904,2026-08-04,2026-08-12,5,4,0,senior,1,completed,INR,,2026-07-05T09:00:00+05:30,2026-08-18T10:00:00+05:30
trp_4c04b27d,usr_50dd9495,Bangkok — May 2026,cty_8b6b1652,cty_a5f16904,2026-05-16,2026-05-19,2,2,0,solo,0,completed,INR,,2026-01-29T09:00:00+05:30,2026-08-18T10:00:00+05:30
trp_32a84989,usr_edf2bbfa,Jaipur — Jun 2026,cty_7be8559f,cty_c07454f1,2026-06-18,2026-06-20,5,5,1,business,1,completed,INR,Flexible on dates by a day either way.,2026-03-01T09:00:00+05:30,2026-08-18T10:00:00+05:30
trp_76677b52,usr_e21b6644,Ahmedabad — Jul 2026,cty_0d9ab6ff,cty_cfec17b6,2026-07-18,2026-07-23,2,2,0,business,1,completed,INR,,2026-04-20T09:00:00+05:30,2026-08-18T10:00:00+05:30
trp_c9e5981e,usr_e2490a9e,Shimla — Jun 2026,cty_8fc1539e,cty_32e8e65c,2026-06-12,2026-06-18,2,2,0,senior,1,completed,INR,,2026-03-02T09:00:00+05:30,2026-08-18T10:00:00+05:30
trp_835b8b9f,usr_5dec704e,Shimla — Dec 2026,cty_43d0a650,cty_32e8e65c,2026-12-06,2026-12-10,4,4,0,couple,1,planning,INR,,2026-10-11T09:00:00+05:30,2026-08-18T10:00:00+05:30
trp_cf3635ee,usr_5dec704e,Mysuru — Dec 2026,cty_43d0a650,cty_8fc1539e,2026-12-05,2026-12-10,1,1,0,couple,0,planning,INR,,2026-09-09T09:00:00+05:30,2026-08-18T10:00:00+05:30
trp_7507ac91,usr_6c3fae7b,Gangtok — Aug 2026,cty_f288c6a0,cty_ccb4fb74,2026-08-21,2026-08-27,2,2,0,family,1,planning,INR,Flexible on dates by a day either way.,2026-07-14T09:00:00+05:30,2026-08-18T10:00:00+05:30
trp_1af71903,usr_81dbf021,Tirupati — May 2026,cty_c0f2d9de,cty_d4f5e3a5,2026-05-06,2026-05-09,1,1,0,solo,0,completed,NPR,,2026-04-04T09:00:00+05:30,2026-08-18T10:00:00+05:30
trp_7a17c8a1,usr_b8c5bfe0,Jaipur — Nov 2026,cty_f29656ff,cty_c07454f1,2026-11-22,2026-11-25,2,2,0,friends,0,confirmed,INR,Flexible on dates by a day either way.,2026-08-22T09:00:00+05:30,2026-08-18T10:00:00+05:30
trp_73adc9df,usr_1dd8f348,Bali — May 2026,cty_ccb4fb74,cty_36afaa5c,2026-05-27,2026-06-02,1,1,0,senior,0,completed,INR,,2026-03-14T09:00:00+05:30,2026-08-18T10:00:00+05:30
trp_c3b40723,usr_4b816f33,Varanasi — Jul 2026,cty_5d572c8a,cty_c97e6cd5,2026-07-27,2026-07-30,2,2,0,backpacker,1,completed,INR,,2026-05-07T09:00:00+05:30,2026-08-18T10:00:00+05:30
trp_96471330,usr_243cefe8,Zurich — Nov 2026,cty_bbb31d67,cty_0b7f5985,2026-11-26,2026-12-01,2,2,0,couple,0,confirmed,INR,,2026-09-08T09:00:00+05:30,2026-08-18T10:00:00+05:30
trp_56eeb108,usr_de5d9e34,Kathmandu — Nov 2026,cty_7b89639e,cty_c0f2d9de,2026-11-24,2026-11-27,2,2,0,senior,0,confirmed,AED,Flexible on dates by a day either way.,2026-10-07T09:00:00+05:30,2026-08-18T10:00:00+05:30
trp_9bebde0c,usr_fe056e56,Udaipur — Jun 2026,cty_cfec17b6,cty_5d572c8a,2026-06-20,2026-06-24,2,2,0,backpacker,0,completed,INR,,2026-04-24T09:00:00+05:30,2026-08-18T10:00:00+05:30
trp_adec5721,usr_61710d50,Puri — Aug 2026,cty_905fd8a1,cty_b6ccbb3b,2026-08-17,2026-08-22,3,3,1,business,1,in_progress,SGD,,2026-04-26T09:00:00+05:30,2026-08-18T10:00:00+05:30
trp_d4204375,usr_e10845c8,Bhubaneswar — Aug 2026,cty_f29656ff,cty_7be8559f,2026-08-07,2026-08-12,2,2,0,senior,0,completed,INR,,2026-07-13T09:00:00+05:30,2026-08-18T10:00:00+05:30
trp_0629deb2,usr_5307f01f,Udaipur — Sep 2026,,cty_5d572c8a,2026-09-21,2026-09-29,3,2,0,senior,1,cancelled,INR,,2026-08-28T09:00:00+05:30,2026-08-18T10:00:00+05:30
trp_cdb13358,usr_5f22c672,Visakhapatnam — May 2026,cty_a5f16904,cty_7cb0b529,2026-05-25,2026-05-29,2,2,0,family,1,completed,THB,Flexible on dates by a day either way.,2026-02-03T09:00:00+05:30,2026-08-18T10:00:00+05:30
trp_c81c4b8e,usr_9694b4a3,Kolkata — Jun 2026,cty_caf3c1ee,cty_ab50efee,2026-06-28,2026-07-01,1,1,0,senior,0,completed,INR,,2026-04-16T09:00:00+05:30,2026-08-18T10:00:00+05:30
trp_d22f372f,usr_e5415ac7,Manali — Sep 2026,cty_718f03c7,cty_9327d518,2026-09-20,2026-09-24,4,3,0,senior,1,planning,INR,Flexible on dates by a day either way.,2026-08-18T09:00:00+05:30,2026-08-18T10:00:00+05:30
trp_ac2f90d3,usr_05d0be25,Male — Nov 2026,cty_d4f5e3a5,cty_9aa02925,2026-11-18,2026-11-24,4,4,1,backpacker,1,draft,INR,Flexible on dates by a day either way.,2026-08-23T09:00:00+05:30,2026-08-18T10:00:00+05:30
trp_7d8e2e3c,usr_44604a9d,Bengaluru — Jul 2026,cty_d401ef6b,cty_17b8ef2f,2026-07-27,2026-07-29,3,3,1,business,1,completed,INR,,2026-06-20T09:00:00+05:30,2026-08-18T10:00:00+05:30
trp_9158f558,usr_fa7951d2,Puri — Jul 2026,cty_541018a9,cty_b6ccbb3b,2026-07-29,2026-08-02,3,3,0,solo,1,completed,INR,Flexible on dates by a day either way.,2026-06-20T09:00:00+05:30,2026-08-18T10:00:00+05:30
trp_740a0028,usr_651a4d17,Aurangabad — Jul 2026,cty_7fc82336,cty_f29656ff,2026-07-25,2026-07-27,2,2,0,family,0,completed,INR,,2026-06-06T09:00:00+05:30,2026-08-18T10:00:00+05:30
trp_dbfef2b5,usr_5527167d,Chennai — Jun 2026,cty_0d062a51,cty_f8b75f8e,2026-06-09,2026-06-14,1,1,0,senior,0,completed,INR,,2026-04-12T09:00:00+05:30,2026-08-18T10:00:00+05:30
trp_b18bf78b,usr_d245dd5d,Singapore — Nov 2026,cty_ccb4fb74,cty_905fd8a1,2026-11-30,2026-12-03,1,1,0,backpacker,0,planning,INR,,2026-09-23T09:00:00+05:30,2026-08-18T10:00:00+05:30
trp_566e3eb3,usr_424fbf1a,Bangkok — Sep 2026,cty_828a7777,cty_a5f16904,2026-09-26,2026-09-30,2,2,0,family,1,planning,INR,Flexible on dates by a day either way.,2026-07-31T09:00:00+05:30,2026-08-18T10:00:00+05:30
trp_a0b8b8af,usr_8e89346c,Kandy — Nov 2026,cty_d35a9652,cty_009c9fd2,2026-11-18,2026-11-20,1,1,0,backpacker,0,planning,INR,,2026-08-22T09:00:00+05:30,2026-08-18T10:00:00+05:30
trp_ed2f3b97,usr_d8cab59f,Gangtok — May 2026,cty_36afaa5c,cty_ccb4fb74,2026-05-27,2026-05-31,2,2,0,solo,0,completed,IDR,,2026-03-14T09:00:00+05:30,2026-08-18T10:00:00+05:30
trp_2578a1a2,usr_157e58e7,Gangtok — May 2026,cty_1ced6ede,cty_ccb4fb74,2026-05-27,2026-06-03,1,1,0,business,0,completed,AED,,2026-04-15T09:00:00+05:30,2026-08-18T10:00:00+05:30
trp_f2b92037,usr_3d92578a,Gokarna — Oct 2026,cty_8fc1539e,cty_a97c33ad,2026-10-19,2026-10-21,6,6,0,family,1,planning,INR,,2026-07-07T09:00:00+05:30,2026-08-18T10:00:00+05:30
trp_f4115fa9,usr_bbd1ced8,Zurich — Sep 2026,cty_c43cfa94,cty_0b7f5985,2026-09-20,2026-09-23,4,4,0,couple,1,planning,INR,,2026-06-01T09:00:00+05:30,2026-08-18T10:00:00+05:30
trp_5ad4267c,usr_7da99ef5,Munnar — Oct 2026,cty_f8b75f8e,cty_d401ef6b,2026-10-08,2026-10-10,2,2,0,family,0,draft,INR,,2026-09-01T09:00:00+05:30,2026-08-18T10:00:00+05:30
trp_854e1930,usr_ba25cb52,Guwahati — May 2026,,cty_cf1c6ac5,2026-05-06,2026-05-10,2,2,0,family,0,completed,INR,,2026-02-24T09:00:00+05:30,2026-08-18T10:00:00+05:30
trp_e617ca9d,usr_72dfb712,Tirupati — Sep 2026,cty_0b92e2e7,cty_d4f5e3a5,2026-09-23,2026-09-25,1,1,0,backpacker,0,planning,INR,,2026-06-15T09:00:00+05:30,2026-08-18T10:00:00+05:30
trp_7543950b,usr_e93a9eef,Kolkata — Oct 2026,cty_009c9fd2,cty_ab50efee,2026-10-10,2026-10-16,4,3,1,family,1,draft,LKR,Flexible on dates by a day either way.,2026-09-10T09:00:00+05:30,2026-08-18T10:00:00+05:30
trp_3ebf9280,usr_beeb010f,Jaipur — Sep 2026,cty_0b7f5985,cty_c07454f1,2026-09-27,2026-09-30,2,2,0,friends,1,confirmed,CHF,,2026-08-13T09:00:00+05:30,2026-08-18T10:00:00+05:30
trp_2342ddcb,usr_34d33978,Kathmandu — Jul 2026,cty_cf1c6ac5,cty_c0f2d9de,2026-07-05,2026-07-09,2,2,0,friends,0,completed,INR,,2026-03-08T09:00:00+05:30,2026-08-18T10:00:00+05:30
trp_5bb207b2,usr_b96ef58c,Tirupati — Oct 2026,cty_ab50efee,cty_d4f5e3a5,2026-10-30,2026-11-06,1,1,0,senior,0,cancelled,INR,,2026-09-06T09:00:00+05:30,2026-08-18T10:00:00+05:30
trp_940ac1af,usr_3f4f4c52,Mysuru — Aug 2026,cty_3503e391,cty_8fc1539e,2026-08-24,2026-08-27,2,2,0,solo,0,cancelled,INR,,2026-07-06T09:00:00+05:30,2026-08-18T10:00:00+05:30
trp_d923c276,usr_865c98a2,Doha — Sep 2026,cty_8fc1539e,cty_6320eea9,2026-09-25,2026-10-01,2,2,0,business,0,draft,INR,,2026-08-12T09:00:00+05:30,2026-08-18T10:00:00+05:30
trp_0e658b9d,usr_3d92578a,Visakhapatnam — Jun 2026,cty_8fc1539e,cty_7cb0b529,2026-06-03,2026-06-11,1,1,0,family,0,completed,INR,,2026-02-09T09:00:00+05:30,2026-08-18T10:00:00+05:30
trp_876b6bd2,usr_e1f3dfbc,Aurangabad — May 2026,cty_6320eea9,cty_f29656ff,2026-05-14,2026-05-16,3,2,0,family,1,completed,QAR,,2026-01-27T09:00:00+05:30,2026-08-18T10:00:00+05:30
trp_b14214a6,usr_78afc45f,Mumbai — Nov 2026,cty_c07454f1,cty_95e7c8ca,2026-11-17,2026-11-20,2,2,0,business,1,confirmed,INR,,2026-10-02T09:00:00+05:30,2026-08-18T10:00:00+05:30
trp_7fe2e631,usr_cb0928ac,Abu Dhabi — Jun 2026,cty_43d0a650,cty_1ced6ede,2026-06-20,2026-06-28,3,2,1,backpacker,1,completed,INR,,2026-03-04T09:00:00+05:30,2026-08-18T10:00:00+05:30
trp_3dee7b31,usr_3393c7a2,Male — Nov 2026,,cty_9aa02925,2026-11-25,2026-12-01,4,3,0,senior,1,confirmed,INR,Flexible on dates by a day either way.,2026-09-16T09:00:00+05:30,2026-08-18T10:00:00+05:30
trp_a41af335,usr_dcc95fd2,Hyderabad — May 2026,cty_f29656ff,cty_718f03c7,2026-05-17,2026-05-24,1,1,0,senior,0,completed,INR,Flexible on dates by a day either way.,2026-04-12T09:00:00+05:30,2026-08-18T10:00:00+05:30
trp_e97f3f1c,usr_f60ade8b,Udaipur — Nov 2026,cty_17b8ef2f,cty_5d572c8a,2026-11-14,2026-11-18,2,2,0,family,0,confirmed,INR,,2026-08-20T09:00:00+05:30,2026-08-18T10:00:00+05:30
trp_bf65331c,usr_32f091df,Kuala Lumpur — Jul 2026,cty_7fc82336,cty_c9f34ba7,2026-07-28,2026-07-30,1,1,0,family,0,completed,INR,,2026-04-17T09:00:00+05:30,2026-08-18T10:00:00+05:30
trp_4c256d1e,usr_da6b9625,Amritsar — Jun 2026,cty_a5f16904,cty_0d062a51,2026-06-04,2026-06-07,5,5,0,friends,1,completed,THB,Flexible on dates by a day either way.,2026-04-13T09:00:00+05:30,2026-08-18T10:00:00+05:30
trp_2e23ea17,usr_afacd025,Manali — Oct 2026,cty_a50bc5dd,cty_9327d518,2026-10-16,2026-10-19,6,5,1,friends,1,planning,LKR,,2026-07-18T09:00:00+05:30,2026-08-18T10:00:00+05:30
trp_cfff63af,usr_b86dd891,Thimphu — Aug 2026,cty_076e8e86,cty_79cbc59b,2026-08-01,2026-08-06,1,1,0,senior,0,completed,INR,,2026-07-02T09:00:00+05:30,2026-08-18T10:00:00+05:30
trp_aa024588,usr_74e3ecb1,Bhuj — May 2026,cty_a5f16904,cty_caf3c1ee,2026-05-21,2026-05-23,3,2,0,business,1,completed,THB,,2026-04-11T09:00:00+05:30,2026-08-18T10:00:00+05:30
trp_32db6373,usr_24d10368,Chennai — Dec 2026,cty_0d9ab6ff,cty_f8b75f8e,2026-12-03,2026-12-09,2,2,0,family,0,confirmed,INR,,2026-11-05T09:00:00+05:30,2026-08-18T10:00:00+05:30
trp_c0c1da94,usr_2aa556d6,Mumbai — Oct 2026,cty_b43cdd57,cty_95e7c8ca,2026-10-08,2026-10-13,2,2,0,friends,0,confirmed,INR,,2026-07-15T09:00:00+05:30,2026-08-18T10:00:00+05:30
trp_1c6b709c,usr_2433031a,Pokhara — Jul 2026,cty_1ced6ede,cty_95d040d8,2026-07-24,2026-07-30,2,2,0,senior,0,completed,AED,Flexible on dates by a day either way.,2026-03-30T09:00:00+05:30,2026-08-18T10:00:00+05:30
trp_d8d828d7,usr_9b3b547f,Doha — Aug 2026,cty_0b7f5985,cty_6320eea9,2026-08-10,2026-08-16,5,4,1,friends,1,completed,CHF,,2026-04-15T09:00:00+05:30,2026-08-18T10:00:00+05:30
trp_2974df6f,usr_c8025f92,Kyoto — Nov 2026,cty_c0f2d9de,cty_51a149b7,2026-11-01,2026-11-07,2,2,0,backpacker,0,cancelled,NPR,Flexible on dates by a day either way.,2026-07-31T09:00:00+05:30,2026-08-18T10:00:00+05:30
