fare_id,flight_id,cabin_class,fare_class,base_fare,taxes,currency,baggage_kg,cabin_baggage_kg,changeable,change_fee,refundable,seats_total,status,updated_at
far_5a8bce18,flt_dc85bfc2,economy,saver,4787.74,766.04,INR,15,7,0,,0,94,active,2026-08-18T10:00:00+05:30
far_a3f7b5cf,flt_dc85bfc2,economy,promo,4243.67,678.99,INR,15,7,0,,0,167,active,2026-08-18T10:00:00+05:30
far_9d931f82,flt_dc85bfc2,business,promo,13155.39,2104.86,INR,30,7,0,,0,19,active,2026-08-18T10:00:00+05:30
far_3282c94e,flt_dc85bfc2,business,standard,16865.89,2698.54,INR,30,7,0,2023.91,0,13,active,2026-08-18T10:00:00+05:30
far_f4e58559,flt_dd79d087,economy,flex,5772.01,923.52,INR,15,7,1,692.64,1,69,active,2026-08-18T10:00:00+05:30
far_d306c336,flt_dd79d087,economy,promo,3690.30,590.45,INR,15,7,0,,0,124,active,2026-08-18T10:00:00+05:30
far_1a109ded,flt_dd79d087,business,standard,14666.59,2346.65,INR,30,7,0,,0,4,active,2026-08-18T10:00:00+05:30
far_5e6e22d2,flt_dd79d087,business,saver,12906.60,2065.06,INR,30,7,0,,0,23,active,2026-08-18T10:00:00+05:30
far_4d308e0c,flt_55388de6,economy,standard,4813.91,770.23,THB,15,7,0,,0,164,active,2026-08-18T10:00:00+05:30
far_8495828a,flt_afe26d50,economy,flex,6304.09,1008.65,INR,15,7,1,756.49,1,123,active,2026-08-18T10:00:00+05:30
far_f3c125f1,flt_afe26d50,economy,standard,5167.29,826.77,INR,15,7,0,620.07,0,30,active,2026-08-18T10:00:00+05:30
far_2cc8935c,flt_afe26d50,business,flex,19542.68,3126.83,INR,30,7,1,2345.12,1,39,active,2026-08-18T10:00:00+05:30
far_bf203cd2,flt_afe26d50,business,promo,12494.50,1999.12,INR,30,7,0,,0,10,active,2026-08-18T10:00:00+05:30
far_593ebca6,flt_09392f2b,economy,corporate,5515.04,882.41,INR,15,7,1,,0,112,active,2026-08-18T10:00:00+05:30
far_091ec17f,flt_09392f2b,economy,saver,4412.03,705.92,INR,15,7,0,529.44,0,149,active,2026-08-18T10:00:00+05:30
far_3fabdb64,flt_09392f2b,business,flex,18961.69,3033.87,INR,30,7,1,2275.40,1,18,active,2026-08-18T10:00:00+05:30
far_1662971f,flt_09392f2b,business,promo,12123.05,1939.69,INR,30,7,0,1454.77,0,34,active,2026-08-18T10:00:00+05:30
far_09594d15,flt_4d32701e,economy,promo,4478.95,716.63,INR,15,7,0,537.47,0,73,active,2026-08-18T10:00:00+05:30
far_02155462,flt_4d32701e,economy,standard,5742.24,918.76,INR,15,7,0,689.07,0,89,active,2026-08-18T10:00:00+05:30
far_1681fe4b,flt_4d32701e,business,corporate,19581.05,3132.97,INR,30,7,1,,0,37,active,2026-08-18T10:00:00+05:30
far_96155e80,flt_4d32701e,business,standard,17800.95,2848.15,INR,30,7,0,2136.11,0,14,active,2026-08-18T10:00:00+05:30
far_47bd96fb,flt_9e2dcf0a,economy,flex,5220.14,835.22,INR,15,7,1,626.42,1,40,active,2026-08-18T10:00:00+05:30
far_36a4a7b5,flt_651bf739,economy,saver,3260186.34,521629.81,IDR,15,7,0,391222.36,0,41,active,2026-08-18T10:00:00+05:30
far_c937f49b,flt_651bf739,economy,promo,2889710.62,462353.70,IDR,15,7,0,346765.27,0,165,active,2026-08-18T10:00:00+05:30
far_2f3ebac0,flt_651bf739,business,saver,10106577.65,1617052.42,IDR,30,7,0,1212789.32,0,12,active,2026-08-18T10:00:00+05:30
far_584b0dee,flt_651bf739,business,corporate,12633222.06,2021315.53,IDR,30,7,1,,0,37,active,2026-08-18T10:00:00+05:30
far_e2546ddd,flt_04c86c81,economy,promo,5311.59,849.85,INR,15,7,0,637.39,0,137,active,2026-08-18T10:00:00+05:30
far_9b63bae4,flt_04c86c81,economy,corporate,7490.70,1198.51,INR,15,7,1,,0,146,active,2026-08-18T10:00:00+05:30
far_82ecab7c,flt_04c86c81,business,corporate,23221.16,3715.39,INR,30,7,1,,0,34,active,2026-08-18T10:00:00+05:30
far_7ac64a1d,flt_04c86c81,business,standard,21110.15,3377.62,INR,30,7,0,2533.22,0,14,active,2026-08-18T10:00:00+05:30
far_da0a3217,flt_72928f41,economy,saver,8374.64,1339.94,INR,15,7,0,1004.96,0,72,active,2026-08-18T10:00:00+05:30
far_a164aadb,flt_72928f41,economy,promo,7422.98,1187.68,INR,15,7,0,890.76,0,153,active,2026-08-18T10:00:00+05:30
far_bb706f02,flt_72928f41,business,corporate,32451.73,5192.28,INR,30,7,1,3894.21,0,30,active,2026-08-18T10:00:00+05:30
far_a6e85292,flt_72928f41,business,promo,23011.23,3681.80,INR,30,7,0,,0,34,active,2026-08-18T10:00:00+05:30
far_03ab7c11,flt_16525814,economy,standard,4525951.80,724152.29,IDR,15,7,0,543114.22,0,92,active,2026-08-18T10:00:00+05:30
far_8033c953,flt_16525814,economy,saver,3982837.58,637254.01,IDR,15,7,0,477940.51,0,51,active,2026-08-18T10:00:00+05:30
far_e88d6266,flt_16525814,business,flex,17117149.71,2738743.95,IDR,30,7,1,,1,11,active,2026-08-18T10:00:00+05:30
far_688f0d6e,flt_16525814,business,standard,14030450.58,2244872.09,IDR,30,7,0,,0,29,active,2026-08-18T10:00:00+05:30
far_45ef4de7,flt_44880b46,economy,flex,9394.64,1503.14,INR,15,7,1,,1,117,active,2026-08-18T10:00:00+05:30
far_0ca5ffbc,flt_44880b46,economy,promo,6006.41,961.03,INR,15,7,0,720.77,0,23,active,2026-08-18T10:00:00+05:30
far_24d5f2b0,flt_44880b46,business,saver,21007.03,3361.12,INR,30,7,0,2520.84,0,16,active,2026-08-18T10:00:00+05:30
far_4ce3f28e,flt_44880b46,business,flex,29123.38,4659.74,INR,30,7,1,3494.81,1,16,active,2026-08-18T10:00:00+05:30
far_115af54e,flt_0b50a867,economy,flex,353.31,56.53,AED,15,7,1,,1,167,active,2026-08-18T10:00:00+05:30
far_b86eff41,flt_350df905,economy,promo,2719.82,435.17,INR,15,7,0,326.38,0,106,active,2026-08-18T10:00:00+05:30
far_29df1487,flt_350df905,economy,saver,3068.52,490.96,INR,15,7,0,368.22,0,31,active,2026-08-18T10:00:00+05:30
far_e3697d92,flt_350df905,business,saver,9512.41,1521.99,INR,30,7,0,1141.49,0,8,active,2026-08-18T10:00:00+05:30
far_dce9eff5,flt_350df905,business,flex,13187.66,2110.03,INR,30,7,1,,1,22,active,2026-08-18T10:00:00+05:30
far_c6b53b1d,flt_47126bb5,economy,saver,11755.50,1880.88,INR,15,7,0,,0,78,active,2026-08-18T10:00:00+05:30
far_465a8f04,flt_47126bb5,economy,standard,13358.52,2137.36,INR,15,7,0,,0,126,active,2026-08-18T10:00:00+05:30
far_e2eed63c,flt_47126bb5,business,promo,32300.90,5168.14,INR,30,7,0,3876.11,0,34,active,2026-08-18T10:00:00+05:30
far_15f0689f,flt_47126bb5,business,standard,41411.41,6625.83,INR,30,7,0,,0,27,active,2026-08-18T10:00:00+05:30
far_6d00eac9,flt_00e4954f,economy,standard,15300.78,2448.13,INR,15,7,0,1836.09,0,118,active,2026-08-18T10:00:00+05:30
far_1f4f89fb,flt_00e4954f,economy,corporate,16830.86,2692.94,INR,15,7,1,2019.70,0,86,active,2026-08-18T10:00:00+05:30
far_1716125d,flt_00e4954f,business,promo,36997.29,5919.57,INR,30,7,0,,0,11,active,2026-08-18T10:00:00+05:30
far_dd4243b7,flt_00e4954f,business,saver,41740.53,6678.49,INR,30,7,0,,0,11,active,2026-08-18T10:00:00+05:30
far_da31123b,flt_c1111ee1,economy,standard,5449.61,871.94,INR,15,7,0,,0,133,active,2026-08-18T10:00:00+05:30
far_b92ae94f,flt_c1111ee1,economy,saver,4795.65,767.30,INR,15,7,0,,0,53,active,2026-08-18T10:00:00+05:30
far_7b414556,flt_c1111ee1,business,saver,14866.53,2378.64,INR,30,7,0,,0,7,active,2026-08-18T10:00:00+05:30
far_dbbc8cf8,flt_c1111ee1,business,promo,13177.15,2108.34,INR,30,7,0,1581.26,0,15,active,2026-08-18T10:00:00+05:30
far_cdb42f0e,flt_d414eb3e,economy,saver,2274322.69,363891.63,IDR,15,7,0,,0,51,active,2026-08-18T10:00:00+05:30
far_de586ecc,flt_d414eb3e,economy,flex,3153038.27,504486.12,IDR,15,7,1,378364.59,1,115,active,2026-08-18T10:00:00+05:30
far_02b4c9c7,flt_d414eb3e,business,corporate,8813000.41,1410080.06,IDR,30,7,1,1057560.05,0,22,active,2026-08-18T10:00:00+05:30
far_e08edee7,flt_d414eb3e,business,promo,6249218.47,999874.96,IDR,30,7,0,749906.22,0,6,active,2026-08-18T10:00:00+05:30
far_21744b6d,flt_91976f00,economy,flex,6084.99,973.60,INR,15,7,1,730.20,1,36,active,2026-08-18T10:00:00+05:30
far_001c31d2,flt_4d30d0ae,economy,flex,4599374.42,735899.91,IDR,15,7,1,551924.93,1,38,active,2026-08-18T10:00:00+05:30
far_e2aea0c4,flt_4d30d0ae,economy,corporate,4146976.94,663516.31,IDR,15,7,1,497637.23,0,164,active,2026-08-18T10:00:00+05:30
far_5f8739a1,flt_4d30d0ae,business,standard,11686935.00,1869909.60,IDR,30,7,0,1402432.20,0,17,active,2026-08-18T10:00:00+05:30
far_65ef61ff,flt_4d30d0ae,business,flex,14258060.70,2281289.71,IDR,30,7,1,,1,35,active,2026-08-18T10:00:00+05:30
far_00e1f702,flt_28a5d7fc,economy,saver,12996.58,2079.45,INR,15,7,0,1559.59,0,137,active,2026-08-18T10:00:00+05:30
far_2e0ea8cd,flt_28a5d7fc,economy,corporate,16245.72,2599.32,INR,15,7,1,1949.49,0,64,active,2026-08-18T10:00:00+05:30
far_3b038f90,flt_28a5d7fc,business,standard,45783.41,7325.34,INR,30,7,0,5494.01,0,18,active,2026-08-18T10:00:00+05:30
far_bfd50bb2,flt_28a5d7fc,business,promo,35711.06,5713.77,INR,30,7,0,4285.33,0,26,active,2026-08-18T10:00:00+05:30
far_b8591b00,flt_bf118f5e,economy,promo,275.77,44.12,AED,15,7,0,33.09,0,136,active,2026-08-18T10:00:00+05:30
far_01ec3e29,flt_bf118f5e,economy,flex,431.34,69.01,AED,15,7,1,51.76,1,107,active,2026-08-18T10:00:00+05:30
far_19fc3568,flt_bf118f5e,business,corporate,1205.63,192.90,AED,30,7,1,144.68,0,6,active,2026-08-18T10:00:00+05:30
far_7b8b2713,flt_bf118f5e,business,saver,964.50,154.32,AED,30,7,0,115.74,0,9,active,2026-08-18T10:00:00+05:30
far_4f7a3a5c,flt_f7e92ee6,economy,corporate,6582.34,1053.17,INR,15,7,1,,0,20,active,2026-08-18T10:00:00+05:30
far_2e983028,flt_f7e92ee6,economy,flex,7300.42,1168.07,INR,15,7,1,,1,107,active,2026-08-18T10:00:00+05:30
far_93751b2d,flt_f7e92ee6,business,corporate,20405.26,3264.84,INR,30,7,1,2448.63,0,16,active,2026-08-18T10:00:00+05:30
far_e5d8e287,flt_f7e92ee6,business,flex,22631.29,3621.01,INR,30,7,1,,1,12,active,2026-08-18T10:00:00+05:30
far_a1b2fdc7,flt_da277eda,economy,flex,1189.13,190.26,MYR,15,7,1,142.70,1,47,active,2026-08-18T10:00:00+05:30
far_9efa2496,flt_da277eda,economy,standard,974.69,155.95,MYR,15,7,0,,0,35,active,2026-08-18T10:00:00+05:30
far_3a0300db,flt_da277eda,business,promo,2356.81,377.09,MYR,30,7,0,282.82,0,5,active,2026-08-18T10:00:00+05:30
far_0c108f7e,flt_da277eda,business,flex,3686.29,589.81,MYR,30,7,1,442.35,1,8,active,2026-08-18T10:00:00+05:30
far_2810109f,flt_ceb27f91,economy,standard,23.69,3.79,SGD,15,7,0,2.84,0,58,active,2026-08-18T10:00:00+05:30
far_b76c93eb,flt_ceb27f91,economy,corporate,26.05,4.17,SGD,15,7,1,3.13,0,115,active,2026-08-18T10:00:00+05:30
far_3118373f,flt_ceb27f91,business,saver,64.61,10.34,SGD,30,7,0,7.75,0,19,active,2026-08-18T10:00:00+05:30
far_a9ee4497,flt_ceb27f91,business,flex,89.58,14.33,SGD,30,7,1,,1,24,active,2026-08-18T10:00:00+05:30
far_0ae66936,flt_4e7e261d,economy,saver,3787.73,606.04,INR,15,7,0,,0,40,active,2026-08-18T10:00:00+05:30
far_41f94577,flt_0dce2ed4,economy,promo,7453.07,1192.49,INR,15,7,0,,0,60,active,2026-08-18T10:00:00+05:30
far_67bcfa15,flt_0dce2ed4,economy,standard,9555.22,1528.84,INR,15,7,0,1146.63,0,37,active,2026-08-18T10:00:00+05:30
far_c4d31cfd,flt_0dce2ed4,business,corporate,32583.31,5213.33,INR,30,7,1,3910.00,0,25,active,2026-08-18T10:00:00+05:30
far_b3652b63,flt_0dce2ed4,business,promo,23104.53,3696.72,INR,30,7,0,,0,27,active,2026-08-18T10:00:00+05:30
far_3d503b92,flt_acabaf80,economy,promo,513.04,82.09,AED,15,7,0,,0,161,active,2026-08-18T10:00:00+05:30
far_dec149e6,flt_acabaf80,economy,corporate,723.52,115.76,AED,15,7,1,,0,46,active,2026-08-18T10:00:00+05:30
far_09e0fdad,flt_acabaf80,business,flex,2487.60,398.02,AED,30,7,1,298.51,1,33,active,2026-08-18T10:00:00+05:30
far_eface4df,flt_acabaf80,business,promo,1590.43,254.47,AED,30,7,0,190.85,0,18,active,2026-08-18T10:00:00+05:30
far_f169011e,flt_8c762bfc,economy,corporate,7424.23,1187.88,INR,15,7,1,,0,129,active,2026-08-18T10:00:00+05:30
far_54fb6000,flt_4346a787,economy,flex,4107.43,657.19,INR,15,7,1,492.89,1,161,active,2026-08-18T10:00:00+05:30
far_362caca7,flt_4346a787,economy,corporate,3703.42,592.55,INR,15,7,1,,0,138,active,2026-08-18T10:00:00+05:30
far_c095f943,flt_4346a787,business,corporate,11480.62,1836.90,INR,30,7,1,1377.67,0,30,active,2026-08-18T10:00:00+05:30
far_e86caa56,flt_4346a787,business,standard,10436.92,1669.91,INR,30,7,0,1252.43,0,18,active,2026-08-18T10:00:00+05:30
far_0b3e4a30,flt_3af8fed0,economy,corporate,4494.07,719.05,INR,15,7,1,,0,93,active,2026-08-18T10:00:00+05:30
far_e29bff5d,flt_3af8fed0,economy,saver,3595.26,575.24,INR,15,7,0,431.43,0,22,active,2026-08-18T10:00:00+05:30
far_712e83ea,flt_3af8fed0,business,saver,11145.29,1783.25,INR,30,7,0,1337.44,0,26,active,2026-08-18T10:00:00+05:30
far_c4a1659a,flt_3af8fed0,business,corporate,13931.62,2229.06,INR,30,7,1,,0,30,active,2026-08-18T10:00:00+05:30
far_d5df8467,flt_0919587b,economy,corporate,5721.44,915.43,INR,15,7,1,686.57,0,43,active,2026-08-18T10:00:00+05:30
far_d9ffdc4c,flt_325e33b5,economy,flex,7824.28,1251.88,INR,15,7,1,938.91,1,158,active,2026-08-18T10:00:00+05:30
far_b1de9fe0,flt_325e33b5,economy,corporate,7054.68,1128.75,INR,15,7,1,846.56,0,156,active,2026-08-18T10:00:00+05:30
far_3512fc6c,flt_325e33b5,business,flex,24255.26,3880.84,INR,30,7,1,2910.63,1,22,active,2026-08-18T10:00:00+05:30
far_17104818,flt_325e33b5,business,promo,15507.46,2481.19,INR,30,7,0,,0,11,active,2026-08-18T10:00:00+05:30
far_312817b1,flt_acb837d6,economy,promo,2727.42,436.39,INR,15,7,0,,0,156,active,2026-08-18T10:00:00+05:30
far_79af1ed0,flt_acb837d6,economy,corporate,3846.36,615.42,INR,15,7,1,461.56,0,26,active,2026-08-18T10:00:00+05:30
far_7898c33e,flt_acb837d6,business,saver,9538.97,1526.24,INR,30,7,0,,0,34,active,2026-08-18T10:00:00+05:30
far_a530a1a5,flt_acb837d6,business,standard,10839.74,1734.36,INR,30,7,0,1300.77,0,7,active,2026-08-18T10:00:00+05:30
far_f91851a7,flt_b224b955,economy,flex,7981.16,1276.99,INR,15,7,1,957.74,1,96,active,2026-08-18T10:00:00+05:30
far_985d4965,flt_b224b955,economy,standard,6541.93,1046.71,INR,15,7,0,785.03,0,35,active,2026-08-18T10:00:00+05:30
far_ff047916,flt_b224b955,business,standard,20280.00,3244.80,INR,30,7,0,2433.60,0,36,active,2026-08-18T10:00:00+05:30
far_e6730988,flt_b224b955,business,corporate,22308.00,3569.28,INR,30,7,1,,0,23,active,2026-08-18T10:00:00+05:30
far_3d87d83e,flt_87f15b4f,economy,flex,10143.22,1622.92,INR,15,7,1,,1,116,active,2026-08-18T10:00:00+05:30
far_f7ffd3ec,flt_87f15b4f,economy,promo,6485.01,1037.60,INR,15,7,0,778.20,0,97,active,2026-08-18T10:00:00+05:30
far_286406ec,flt_87f15b4f,business,flex,31444.00,5031.04,INR,30,7,1,,1,31,active,2026-08-18T10:00:00+05:30
far_d88b5e68,flt_87f15b4f,business,standard,25773.77,4123.80,INR,30,7,0,3092.85,0,24,active,2026-08-18T10:00:00+05:30
far_7a4b07e3,flt_b97d3c9f,economy,saver,6643.82,1063.01,INR,15,7,0,,0,121,active,2026-08-18T10:00:00+05:30
far_28e7dd6a,flt_b97d3c9f,economy,promo,5888.84,942.21,INR,15,7,0,706.66,0,63,active,2026-08-18T10:00:00+05:30
far_cac30db4,flt_b97d3c9f,business,promo,18255.41,2920.87,INR,30,7,0,2190.65,0,25,active,2026-08-18T10:00:00+05:30
far_3e8d8610,flt_b97d3c9f,business,corporate,25744.81,4119.17,INR,30,7,1,3089.38,0,13,active,2026-08-18T10:00:00+05:30
far_bb8cccfe,flt_e662199e,economy,corporate,5890.34,942.45,INR,15,7,1,,0,134,active,2026-08-18T10:00:00+05:30
far_ac2db204,flt_e662199e,economy,flex,6532.93,1045.27,INR,15,7,1,,1,123,active,2026-08-18T10:00:00+05:30
far_b64d7d46,flt_e662199e,business,saver,14608.05,2337.29,INR,30,7,0,1752.97,0,30,active,2026-08-18T10:00:00+05:30
far_5bf8104f,flt_e662199e,business,corporate,18260.06,2921.61,INR,30,7,1,2191.21,0,27,active,2026-08-18T10:00:00+05:30
far_43081676,flt_1a6e4dce,economy,standard,5290.88,846.54,THB,15,7,0,634.91,0,87,active,2026-08-18T10:00:00+05:30
far_0f017df3,flt_1a6e4dce,economy,flex,6454.88,1032.78,THB,15,7,1,774.59,1,23,active,2026-08-18T10:00:00+05:30
far_13ff179d,flt_1a6e4dce,business,corporate,18041.91,2886.71,THB,30,7,1,2165.03,0,20,active,2026-08-18T10:00:00+05:30
far_e7342d43,flt_1a6e4dce,business,flex,20010.12,3201.62,THB,30,7,1,,1,28,active,2026-08-18T10:00:00+05:30
far_54d721ce,flt_cd8bb43c,economy,flex,5073.61,811.78,INR,15,7,1,608.83,1,134,active,2026-08-18T10:00:00+05:30
far_23d9bd76,flt_be457b05,economy,corporate,7057.08,1129.13,INR,15,7,1,,0,79,active,2026-08-18T10:00:00+05:30
far_ea66119b,flt_be457b05,economy,flex,7826.94,1252.31,INR,15,7,1,939.23,1,151,active,2026-08-18T10:00:00+05:30
far_b588d0ef,flt_be457b05,business,standard,19888.13,3182.10,INR,30,7,0,2386.58,0,37,active,2026-08-18T10:00:00+05:30
far_c814200d,flt_be457b05,business,flex,24263.52,3882.16,INR,30,7,1,,1,20,active,2026-08-18T10:00:00+05:30
far_3ac61261,flt_5775d41f,economy,promo,2399.22,383.87,INR,15,7,0,287.91,0,161,active,2026-08-18T10:00:00+05:30
far_74c93b9b,flt_5775d41f,economy,flex,3752.62,600.42,INR,15,7,1,,1,63,active,2026-08-18T10:00:00+05:30
far_38eb7344,flt_5775d41f,business,corporate,10488.88,1678.22,INR,30,7,1,1258.67,0,23,active,2026-08-18T10:00:00+05:30
far_8b122a0b,flt_5775d41f,business,saver,8391.10,1342.58,INR,30,7,0,,0,8,active,2026-08-18T10:00:00+05:30
far_a5ba0a12,flt_25724580,economy,standard,4443842.68,711014.83,IDR,15,7,0,,0,169,active,2026-08-18T10:00:00+05:30
far_233e3feb,flt_25724580,economy,saver,3910581.56,625693.05,IDR,15,7,0,,0,132,active,2026-08-18T10:00:00+05:30
far_345b1cbd,flt_25724580,business,standard,13775912.30,2204145.97,IDR,30,7,0,1653109.48,0,18,active,2026-08-18T10:00:00+05:30
far_391e7504,flt_25724580,business,saver,12122802.82,1939648.45,IDR,30,7,0,,0,20,active,2026-08-18T10:00:00+05:30
far_07ca5a7a,flt_91231433,economy,saver,3242620.54,518819.29,IDR,15,7,0,389114.47,0,93,active,2026-08-18T10:00:00+05:30
far_0b8ef986,flt_3c0c6448,economy,standard,8325.48,1332.08,INR,15,7,0,,0,34,active,2026-08-18T10:00:00+05:30
far_0fa22a98,flt_3c0c6448,economy,promo,6493.88,1039.02,INR,15,7,0,779.27,0,91,active,2026-08-18T10:00:00+05:30
far_82fb83a7,flt_3c0c6448,business,flex,31486.97,5037.92,INR,30,7,1,3778.44,1,5,active,2026-08-18T10:00:00+05:30
far_0c43094c,flt_3c0c6448,business,corporate,28389.89,4542.38,INR,30,7,1,3406.79,0,7,active,2026-08-18T10:00:00+05:30
far_f64f527b,flt_8946416f,economy,promo,320.71,51.31,AED,15,7,0,,0,20,active,2026-08-18T10:00:00+05:30
far_c1d4053c,flt_6dc27fde,economy,promo,7917.91,1266.87,INR,15,7,0,950.15,0,43,active,2026-08-18T10:00:00+05:30
far_d57b24c4,flt_6dc27fde,economy,saver,8933.03,1429.28,INR,15,7,0,,0,91,active,2026-08-18T10:00:00+05:30
far_65aea346,flt_6dc27fde,business,standard,31468.63,5034.98,INR,30,7,0,,0,25,active,2026-08-18T10:00:00+05:30
far_3f31dc61,flt_6dc27fde,business,saver,27692.40,4430.78,INR,30,7,0,3323.09,0,23,active,2026-08-18T10:00:00+05:30
far_db361706,flt_a29d29ce,economy,standard,4400.22,704.04,INR,15,7,0,528.03,0,112,active,2026-08-18T10:00:00+05:30
far_0455bcad,flt_a29d29ce,economy,promo,3432.17,549.15,INR,15,7,0,,0,80,active,2026-08-18T10:00:00+05:30
far_9ef453a6,flt_a29d29ce,business,flex,16641.64,2662.66,INR,30,7,1,,1,37,active,2026-08-18T10:00:00+05:30
far_69e4ac0b,flt_a29d29ce,business,promo,10639.73,1702.36,INR,30,7,0,,0,28,active,2026-08-18T10:00:00+05:30
far_2bccd708,flt_6033bfdb,economy,corporate,7587.96,1214.07,INR,15,7,1,910.56,0,26,active,2026-08-18T10:00:00+05:30
far_7d55a2c1,flt_6033bfdb,economy,saver,6070.37,971.26,INR,15,7,0,,0,21,active,2026-08-18T10:00:00+05:30
far_a83b94e0,flt_6033bfdb,business,saver,18818.14,3010.90,INR,30,7,0,,0,32,active,2026-08-18T10:00:00+05:30
far_24c1a747,flt_6033bfdb,business,standard,21384.25,3421.48,INR,30,7,0,2566.11,0,26,active,2026-08-18T10:00:00+05:30
far_bd802181,flt_ffe8b7bc,economy,corporate,917.70,146.83,MYR,15,7,1,,0,133,active,2026-08-18T10:00:00+05:30
far_accb38cb,flt_ffe8b7bc,economy,standard,834.27,133.48,MYR,15,7,0,,0,41,active,2026-08-18T10:00:00+05:30
far_d09eb3ef,flt_ffe8b7bc,business,promo,2017.27,322.76,MYR,30,7,0,,0,28,active,2026-08-18T10:00:00+05:30
far_b5c955d5,flt_ffe8b7bc,business,flex,3155.22,504.83,MYR,30,7,1,,1,31,active,2026-08-18T10:00:00+05:30
far_e7f49a2f,flt_d9b9be75,economy,standard,8382.42,1341.19,INR,15,7,0,,0,74,active,2026-08-18T10:00:00+05:30
far_88e63f37,flt_d9b9be75,economy,promo,6538.28,1046.13,INR,15,7,0,784.59,0,72,active,2026-08-18T10:00:00+05:30
far_7ff8e1c3,flt_d9b9be75,business,corporate,28584.04,4573.45,INR,30,7,1,,0,28,active,2026-08-18T10:00:00+05:30
far_64b5e056,flt_d9b9be75,business,saver,22867.23,3658.76,INR,30,7,0,,0,34,active,2026-08-18T10:00:00+05:30
far_2ef31f87,flt_adae9ec1,economy,standard,2540.11,406.42,INR,15,7,0,304.81,0,41,active,2026-08-18T10:00:00+05:30
far_08458ba2,flt_089657d8,economy,corporate,13334.17,2133.47,INR,15,7,1,1600.10,0,69,active,2026-08-18T10:00:00+05:30
far_ddaf4b05,flt_089657d8,economy,saver,10667.33,1706.77,INR,15,7,0,1280.08,0,47,active,2026-08-18T10:00:00+05:30
far_7e3dc3fb,flt_089657d8,business,flex,45845.29,7335.25,INR,30,7,1,5501.43,1,25,active,2026-08-18T10:00:00+05:30
far_b63a55fc,flt_089657d8,business,corporate,41335.92,6613.75,INR,30,7,1,,0,8,active,2026-08-18T10:00:00+05:30
far_d4068e8a,flt_19cbb719,economy,corporate,7850.61,1256.10,INR,15,7,1,942.07,0,69,active,2026-08-18T10:00:00+05:30
far_2b47103e,flt_58a343e2,economy,standard,1428.28,228.53,INR,15,7,0,171.39,0,48,active,2026-08-18T10:00:00+05:30
far_90596406,flt_58a343e2,economy,corporate,1571.11,251.38,INR,15,7,1,188.53,0,27,active,2026-08-18T10:00:00+05:30
far_aeddab37,flt_58a343e2,business,saver,3896.36,623.42,INR,30,7,0,467.56,0,30,active,2026-08-18T10:00:00+05:30
far_b37f6eda,flt_58a343e2,business,corporate,4870.45,779.27,INR,30,7,1,584.45,0,27,active,2026-08-18T10:00:00+05:30
far_57e2589e,flt_73e29e55,economy,saver,4591465.58,734634.49,IDR,15,7,0,550975.87,0,100,active,2026-08-18T10:00:00+05:30
far_9873da38,flt_73e29e55,economy,standard,5217574.52,834811.92,IDR,15,7,0,626108.94,0,92,active,2026-08-18T10:00:00+05:30
far_855de6e4,flt_73e29e55,business,flex,19732866.84,3157258.69,IDR,30,7,1,2367944.02,1,30,active,2026-08-18T10:00:00+05:30
far_b69c0125,flt_73e29e55,business,standard,16174481.02,2587916.96,IDR,30,7,0,1940937.72,0,38,active,2026-08-18T10:00:00+05:30
far_6f866cad,flt_2fddfe2f,economy,saver,5743.94,919.03,INR,15,7,0,,0,142,active,2026-08-18T10:00:00+05:30
far_ce7c4a77,flt_d2e8fa57,economy,flex,12349.00,1975.84,INR,15,7,1,,1,28,active,2026-08-18T10:00:00+05:30
far_0c9ec0f3,flt_d2e8fa57,economy,standard,10122.13,1619.54,INR,15,7,0,1214.66,0,28,active,2026-08-18T10:00:00+05:30
far_e1e97cf2,flt_d2e8fa57,business,saver,27613.18,4418.11,INR,30,7,0,3313.58,0,11,active,2026-08-18T10:00:00+05:30
far_011771e3,flt_d2e8fa57,business,flex,38281.90,6125.10,INR,30,7,1,4593.83,1,31,active,2026-08-18T10:00:00+05:30
far_8d974075,flt_2f1d1545,economy,saver,5124.71,819.95,INR,15,7,0,614.97,0,169,active,2026-08-18T10:00:00+05:30
far_ed20a048,flt_fa51bb3d,economy,standard,4591.71,734.67,INR,15,7,0,551.01,0,51,active,2026-08-18T10:00:00+05:30
far_764ec57c,flt_fa51bb3d,economy,flex,5601.88,896.30,INR,15,7,1,,1,149,active,2026-08-18T10:00:00+05:30
far_9387419a,flt_fa51bb3d,business,standard,14234.30,2277.49,INR,30,7,0,1708.12,0,10,active,2026-08-18T10:00:00+05:30
far_05932de2,flt_fa51bb3d,business,saver,12526.18,2004.19,INR,30,7,0,1503.14,0,22,active,2026-08-18T10:00:00+05:30
far_e8df5997,flt_c2f042d2,economy,flex,26235.34,4197.65,INR,15,7,1,3148.24,1,67,active,2026-08-18T10:00:00+05:30
far_260b7e32,flt_c2f042d2,economy,promo,16773.41,2683.75,INR,15,7,0,,0,84,active,2026-08-18T10:00:00+05:30
far_f3bed607,flt_c2f042d2,business,standard,66663.57,10666.17,INR,30,7,0,7999.63,0,10,active,2026-08-18T10:00:00+05:30
far_44e4ebda,flt_c2f042d2,business,promo,51997.58,8319.61,INR,30,7,0,,0,18,active,2026-08-18T10:00:00+05:30
far_e49ced04,flt_1c819f10,economy,promo,3700.37,592.06,INR,15,7,0,444.04,0,160,active,2026-08-18T10:00:00+05:30
far_01c7d842,flt_1c819f10,economy,standard,4744.06,759.05,INR,15,7,0,569.29,0,152,active,2026-08-18T10:00:00+05:30
far_d5a1a624,flt_1c819f10,business,corporate,16177.26,2588.36,INR,30,7,1,1941.27,0,27,active,2026-08-18T10:00:00+05:30
far_365c3b1b,flt_1c819f10,business,standard,14706.60,2353.06,INR,30,7,0,,0,7,active,2026-08-18T10:00:00+05:30
far_7f82f2a4,flt_65d350cc,economy,corporate,16330.55,2612.89,INR,15,7,1,1959.67,0,80,active,2026-08-18T10:00:00+05:30
far_e88e3e3f,flt_65d350cc,economy,flex,18112.06,2897.93,INR,15,7,1,,1,101,active,2026-08-18T10:00:00+05:30
far_794a24f2,flt_65d350cc,business,flex,56147.39,8983.58,INR,30,7,1,,1,14,active,2026-08-18T10:00:00+05:30
far_7c0d0614,flt_65d350cc,business,standard,46022.45,7363.59,INR,30,7,0,,0,38,active,2026-08-18T10:00:00+05:30
far_ef12fd6a,flt_51e13fe4,economy,flex,18719.64,2995.14,INR,15,7,1,,1,39,active,2026-08-18T10:00:00+05:30
far_9d593f45,flt_51e13fe4,economy,saver,13502.69,2160.43,INR,15,7,0,,0,110,active,2026-08-18T10:00:00+05:30
far_6867d173,flt_51e13fe4,business,promo,37101.71,5936.27,INR,30,7,0,,0,4,active,2026-08-18T10:00:00+05:30
far_5d89fd8f,flt_51e13fe4,business,corporate,52322.93,8371.67,INR,30,7,1,,0,36,active,2026-08-18T10:00:00+05:30
far_9306c846,flt_bdec89a0,economy,standard,1859.24,297.48,INR,15,7,0,223.11,0,119,active,2026-08-18T10:00:00+05:30
far_4f69c592,flt_b45c74a6,economy,standard,4232.35,677.18,INR,15,7,0,507.88,0,104,active,2026-08-18T10:00:00+05:30
far_c7b7cf7b,flt_b45c74a6,economy,promo,3301.23,528.20,INR,15,7,0,396.15,0,54,active,2026-08-18T10:00:00+05:30
far_07355246,flt_b45c74a6,business,corporate,14432.31,2309.17,INR,30,7,1,1731.88,0,19,active,2026-08-18T10:00:00+05:30
far_2873a40a,flt_b45c74a6,business,flex,16006.75,2561.08,INR,30,7,1,1920.81,1,37,active,2026-08-18T10:00:00+05:30
far_98ea19c4,flt_442b718a,economy,saver,18065.38,2890.46,INR,15,7,0,,0,34,active,2026-08-18T10:00:00+05:30
far_15211ec9,flt_442b718a,economy,flex,25045.18,4007.23,INR,15,7,1,,1,21,active,2026-08-18T10:00:00+05:30
far_bd784e6d,flt_442b718a,business,promo,49638.72,7942.20,INR,30,7,0,,0,5,active,2026-08-18T10:00:00+05:30
far_8bdf0e7d,flt_442b718a,business,standard,63639.39,10182.30,INR,30,7,0,7636.73,0,39,active,2026-08-18T10:00:00+05:30
far_e9d0d777,flt_795cbcc1,economy,saver,223.70,35.79,SGD,15,7,0,26.84,0,54,active,2026-08-18T10:00:00+05:30
far_482949ef,flt_795cbcc1,economy,flex,310.13,49.62,SGD,15,7,1,37.22,1,158,active,2026-08-18T10:00:00+05:30
far_db36af21,flt_795cbcc1,business,standard,788.04,126.09,SGD,30,7,0,94.57,0,5,active,2026-08-18T10:00:00+05:30
far_58687d29,flt_795cbcc1,business,promo,614.67,98.35,SGD,30,7,0,73.76,0,25,active,2026-08-18T10:00:00+05:30
far_29a4c48d,flt_db94a3ce,economy,standard,388.11,62.10,AED,15,7,0,46.57,0,142,active,2026-08-18T10:00:00+05:30
far_216d2653,flt_1ccd630f,economy,saver,5541.35,886.62,INR,15,7,0,664.96,0,141,active,2026-08-18T10:00:00+05:30
far_4c245bd4,flt_1ccd630f,economy,flex,7682.33,1229.17,INR,15,7,1,921.88,1,90,active,2026-08-18T10:00:00+05:30
far_e320ace5,flt_1ccd630f,business,saver,17178.20,2748.51,INR,30,7,0,2061.38,0,4,active,2026-08-18T10:00:00+05:30
far_404f7689,flt_1ccd630f,business,promo,15226.13,2436.18,INR,30,7,0,1827.14,0,30,active,2026-08-18T10:00:00+05:30
far_9ad2c6b3,flt_5669d885,economy,flex,5639.31,902.29,INR,15,7,1,,1,137,active,2026-08-18T10:00:00+05:30
far_f9c84d4a,flt_5669d885,economy,corporate,5084.63,813.54,INR,15,7,1,610.16,0,25,active,2026-08-18T10:00:00+05:30
far_d04f2c41,flt_5669d885,business,corporate,15762.34,2521.97,INR,30,7,1,1891.48,0,20,active,2026-08-18T10:00:00+05:30
far_70df6f36,flt_5669d885,business,promo,11176.93,1788.31,INR,30,7,0,1341.23,0,23,active,2026-08-18T10:00:00+05:30
far_09d9f568,flt_119bfb46,economy,flex,4143.48,662.96,INR,15,7,1,,1,23,active,2026-08-18T10:00:00+05:30
far_ee8ea6fb,flt_119bfb46,economy,promo,2649.11,423.86,INR,15,7,0,,0,113,active,2026-08-18T10:00:00+05:30
far_c05551eb,flt_119bfb46,business,flex,12844.77,2055.16,INR,30,7,1,,1,23,active,2026-08-18T10:00:00+05:30
far_15a55dea,flt_119bfb46,business,promo,8212.23,1313.96,INR,30,7,0,985.47,0,6,active,2026-08-18T10:00:00+05:30
far_9760bed0,flt_dcbbbfb1,economy,corporate,11925.10,1908.02,INR,15,7,1,1431.01,0,156,active,2026-08-18T10:00:00+05:30
far_2c674a60,flt_dcbbbfb1,economy,saver,9540.08,1526.41,INR,15,7,0,1144.81,0,127,active,2026-08-18T10:00:00+05:30
far_d3d15660,flt_dcbbbfb1,business,promo,26213.53,4194.17,INR,30,7,0,3145.62,0,35,active,2026-08-18T10:00:00+05:30
far_46ee255d,flt_dcbbbfb1,business,saver,29574.24,4731.88,INR,30,7,0,3548.91,0,35,active,2026-08-18T10:00:00+05:30
far_084cdc46,flt_6675a591,economy,flex,5846.31,935.41,INR,15,7,1,701.56,1,161,active,2026-08-18T10:00:00+05:30
far_e8e0da9f,flt_6675a591,economy,corporate,5271.26,843.40,INR,15,7,1,632.55,0,86,active,2026-08-18T10:00:00+05:30
far_d73df45b,flt_6675a591,business,flex,18123.56,2899.77,INR,30,7,1,2174.83,1,9,active,2026-08-18T10:00:00+05:30
far_3bf009df,flt_6675a591,business,promo,11587.19,1853.95,INR,30,7,0,,0,12,active,2026-08-18T10:00:00+05:30
far_45e12daf,flt_78b84e29,economy,saver,6015.75,962.52,INR,15,7,0,721.89,0,73,active,2026-08-18T10:00:00+05:30
far_0776edde,flt_78b84e29,economy,promo,5332.14,853.14,INR,15,7,0,,0,52,active,2026-08-18T10:00:00+05:30
far_8966e25f,flt_78b84e29,business,saver,18648.82,2983.81,INR,30,7,0,2237.86,0,5,active,2026-08-18T10:00:00+05:30
far_ce0ce9bb,flt_78b84e29,business,promo,16529.64,2644.74,INR,30,7,0,1983.56,0,17,active,2026-08-18T10:00:00+05:30
far_f2a39b46,flt_378beb6a,economy,saver,969.24,155.08,MYR,15,7,0,,0,31,active,2026-08-18T10:00:00+05:30
far_7a050035,flt_378beb6a,economy,standard,1101.41,176.23,MYR,15,7,0,132.17,0,69,active,2026-08-18T10:00:00+05:30
far_154d0e30,flt_378beb6a,business,corporate,3755.80,600.93,MYR,30,7,1,,0,36,active,2026-08-18T10:00:00+05:30
far_7f4e94e0,flt_378beb6a,business,promo,2663.20,426.11,MYR,30,7,0,319.58,0,14,active,2026-08-18T10:00:00+05:30
far_41682371,flt_9b9f6d51,economy,saver,4784.53,765.52,INR,15,7,0,574.14,0,167,active,2026-08-18T10:00:00+05:30
far_81afd8c6,flt_9b9f6d51,economy,corporate,5980.66,956.91,INR,15,7,1,717.68,0,21,active,2026-08-18T10:00:00+05:30
far_64b48b56,flt_9b9f6d51,business,flex,20562.59,3290.01,INR,30,7,1,2467.51,1,32,active,2026-08-18T10:00:00+05:30
far_f87ee7a4,flt_9b9f6d51,business,standard,16854.58,2696.73,INR,30,7,0,2022.55,0,18,active,2026-08-18T10:00:00+05:30
far_6d366f7a,flt_01eb5ad0,economy,promo,2737.58,438.01,INR,15,7,0,328.51,0,47,active,2026-08-18T10:00:00+05:30
far_723924f4,flt_a7fe7cb0,economy,corporate,9106.57,1457.05,INR,15,7,1,1092.79,0,34,active,2026-08-18T10:00:00+05:30
far_abd1a8f3,flt_a7fe7cb0,economy,saver,7285.26,1165.64,INR,15,7,0,,0,60,active,2026-08-18T10:00:00+05:30
far_405f4fb3,flt_a7fe7cb0,business,flex,31310.04,5009.61,INR,30,7,1,3757.20,1,22,active,2026-08-18T10:00:00+05:30
far_dd3415e1,flt_a7fe7cb0,business,corporate,28230.36,4516.86,INR,30,7,1,3387.64,0,7,active,2026-08-18T10:00:00+05:30
far_15efac1d,flt_50b0973a,economy,promo,529.89,84.78,MYR,15,7,0,,0,77,active,2026-08-18T10:00:00+05:30
far_e1ee4248,flt_50b0973a,economy,corporate,747.27,119.56,MYR,15,7,1,,0,138,active,2026-08-18T10:00:00+05:30
far_ef619d73,flt_50b0973a,business,saver,1853.24,296.52,MYR,30,7,0,222.39,0,10,active,2026-08-18T10:00:00+05:30
far_b6131cef,flt_50b0973a,business,promo,1642.64,262.82,MYR,30,7,0,,0,31,active,2026-08-18T10:00:00+05:30
far_76445fb2,flt_6049fa2d,economy,corporate,5556.92,889.11,INR,15,7,1,666.83,0,22,active,2026-08-18T10:00:00+05:30
far_8345e086,flt_6049fa2d,economy,standard,5051.75,808.28,INR,15,7,0,,0,130,active,2026-08-18T10:00:00+05:30
far_faf37c76,flt_6049fa2d,business,saver,13781.17,2204.99,INR,30,7,0,,0,29,active,2026-08-18T10:00:00+05:30
far_a018c801,flt_6049fa2d,business,corporate,17226.47,2756.23,INR,30,7,1,2067.18,0,13,active,2026-08-18T10:00:00+05:30
far_f766b501,flt_859180d6,economy,promo,6308.21,1009.31,INR,15,7,0,756.98,0,144,active,2026-08-18T10:00:00+05:30
far_6c6d5d50,flt_859180d6,economy,standard,8087.44,1293.99,INR,15,7,0,970.49,0,90,active,2026-08-18T10:00:00+05:30
far_5d76e4b1,flt_859180d6,business,standard,25071.08,4011.37,INR,30,7,0,,0,19,active,2026-08-18T10:00:00+05:30
far_51286c28,flt_859180d6,business,flex,30586.72,4893.87,INR,30,7,1,3670.41,1,24,active,2026-08-18T10:00:00+05:30
far_91a0f0a6,flt_2d24da41,economy,flex,4805.74,768.92,INR,15,7,1,,1,108,active,2026-08-18T10:00:00+05:30
far_2d4a62e9,flt_2d24da41,economy,corporate,4333.04,693.29,INR,15,7,1,,0,114,active,2026-08-18T10:00:00+05:30
far_ddf5c40c,flt_2d24da41,business,flex,14897.79,2383.65,INR,30,7,1,1787.73,1,14,active,2026-08-18T10:00:00+05:30
far_597bfc61,flt_2d24da41,business,saver,10745.95,1719.35,INR,30,7,0,1289.51,0,8,active,2026-08-18T10:00:00+05:30
far_a8d91d15,flt_b7f9f9b5,economy,flex,276.94,44.31,SGD,15,7,1,,1,155,active,2026-08-18T10:00:00+05:30
far_a31f48c3,flt_b7f9f9b5,economy,standard,227.00,36.32,SGD,15,7,0,,0,62,active,2026-08-18T10:00:00+05:30
far_ad1b22db,flt_b7f9f9b5,business,saver,619.26,99.08,SGD,30,7,0,74.31,0,21,active,2026-08-18T10:00:00+05:30
far_a01ef6a8,flt_b7f9f9b5,business,corporate,774.08,123.85,SGD,30,7,1,92.89,0,17,active,2026-08-18T10:00:00+05:30
far_52baf6d6,flt_7897e96a,economy,promo,471.61,75.46,THB,15,7,0,,0,79,active,2026-08-18T10:00:00+05:30
far_c97ea893,flt_52b3642a,economy,corporate,3942.03,630.73,INR,15,7,1,473.04,0,156,active,2026-08-18T10:00:00+05:30
far_7c5646b2,flt_52b3642a,economy,flex,4372.07,699.53,INR,15,7,1,524.65,1,72,active,2026-08-18T10:00:00+05:30
far_ef5a7075,flt_52b3642a,business,standard,11109.37,1777.50,INR,30,7,0,,0,22,active,2026-08-18T10:00:00+05:30
far_6b172ad6,flt_52b3642a,business,promo,8665.31,1386.45,INR,30,7,0,,0,5,active,2026-08-18T10:00:00+05:30
far_b0a068d6,flt_e53ef72e,economy,standard,2726.91,436.30,INR,15,7,0,327.23,0,114,active,2026-08-18T10:00:00+05:30
far_134a84fa,flt_e53ef72e,economy,saver,2399.68,383.95,INR,15,7,0,,0,117,active,2026-08-18T10:00:00+05:30
far_d192ab3b,flt_e53ef72e,business,saver,7439.00,1190.24,INR,30,7,0,,0,5,active,2026-08-18T10:00:00+05:30
far_92d2e582,flt_e53ef72e,business,flex,10313.15,1650.10,INR,30,7,1,,1,37,active,2026-08-18T10:00:00+05:30
far_94a86b8b,flt_e8e4d6c7,economy,corporate,1544675.49,247148.08,IDR,15,7,1,185361.06,0,80,active,2026-08-18T10:00:00+05:30
far_4623c5dc,flt_e8e4d6c7,economy,promo,1095315.35,175250.46,IDR,15,7,0,,0,68,active,2026-08-18T10:00:00+05:30
far_10aeef17,flt_e8e4d6c7,business,flex,5310875.18,849740.03,IDR,30,7,1,637305.02,1,11,active,2026-08-18T10:00:00+05:30
far_195b97a7,flt_e8e4d6c7,business,corporate,4788494.01,766159.04,IDR,30,7,1,574619.28,0,39,active,2026-08-18T10:00:00+05:30
far_05a524d9,flt_08625cb4,economy,promo,6068.26,970.92,INR,15,7,0,728.19,0,69,active,2026-08-18T10:00:00+05:30
far_bf55ae2f,flt_08625cb4,economy,corporate,8557.80,1369.25,INR,15,7,1,1026.94,0,75,active,2026-08-18T10:00:00+05:30
far_97034f69,flt_08625cb4,business,standard,24117.43,3858.79,INR,30,7,0,,0,14,active,2026-08-18T10:00:00+05:30
far_5c040a50,flt_08625cb4,business,corporate,26529.17,4244.67,INR,30,7,1,3183.50,0,26,active,2026-08-18T10:00:00+05:30
far_33395eab,flt_7a80953b,economy,corporate,326.01,52.16,SGD,15,7,1,,0,138,active,2026-08-18T10:00:00+05:30
far_d3c41a20,flt_7a80953b,economy,standard,296.37,47.42,SGD,15,7,0,,0,61,active,2026-08-18T10:00:00+05:30
far_e3383c32,flt_7a80953b,business,corporate,1010.63,161.70,SGD,30,7,1,121.28,0,34,active,2026-08-18T10:00:00+05:30
far_0f6902e3,flt_7a80953b,business,promo,716.63,114.66,SGD,30,7,0,,0,37,active,2026-08-18T10:00:00+05:30
far_866d900e,flt_2e8b32af,economy,corporate,17859.37,2857.50,INR,15,7,1,,0,148,active,2026-08-18T10:00:00+05:30
far_75547e7f,flt_2e8b32af,economy,promo,12663.92,2026.23,INR,15,7,0,,0,36,active,2026-08-18T10:00:00+05:30
far_fd9d4ae8,flt_2e8b32af,business,corporate,55364.04,8858.25,INR,30,7,1,,0,34,active,2026-08-18T10:00:00+05:30
far_b4b29b4c,flt_2e8b32af,business,flex,61403.75,9824.60,INR,30,7,1,,1,7,active,2026-08-18T10:00:00+05:30
far_16cdadef,flt_5d22791f,economy,standard,8023.87,1283.82,INR,15,7,0,962.86,0,74,active,2026-08-18T10:00:00+05:30
far_fc3ce230,flt_5d22791f,economy,saver,7061.01,1129.76,INR,15,7,0,847.32,0,101,active,2026-08-18T10:00:00+05:30
far_1a9ed864,flt_5d22791f,business,promo,19401.73,3104.28,INR,30,7,0,,0,32,active,2026-08-18T10:00:00+05:30
far_09bbd5e9,flt_5d22791f,business,flex,30346.29,4855.41,INR,30,7,1,,1,18,active,2026-08-18T10:00:00+05:30
far_290a7655,flt_962213bf,economy,corporate,570.47,91.27,AED,15,7,1,68.46,0,164,active,2026-08-18T10:00:00+05:30
far_5952a8cb,flt_962213bf,economy,saver,456.37,73.02,AED,15,7,0,54.76,0,119,active,2026-08-18T10:00:00+05:30
far_911c0c15,flt_962213bf,business,corporate,1768.45,282.95,AED,30,7,1,212.21,0,35,active,2026-08-18T10:00:00+05:30
far_9e418dea,flt_962213bf,business,saver,1414.76,226.36,AED,30,7,0,169.77,0,9,active,2026-08-18T10:00:00+05:30
far_68ec79c7,flt_f5797219,economy,corporate,8693.69,1390.99,INR,15,7,1,,0,48,active,2026-08-18T10:00:00+05:30
far_c215d460,flt_f5797219,economy,flex,9642.09,1542.73,INR,15,7,1,1157.05,1,129,active,2026-08-18T10:00:00+05:30
far_dd14d0c3,flt_f5797219,business,promo,19110.31,3057.65,INR,30,7,0,2293.24,0,38,active,2026-08-18T10:00:00+05:30
far_58c87f51,flt_f5797219,business,flex,29890.49,4782.48,INR,30,7,1,3586.86,1,23,active,2026-08-18T10:00:00+05:30
far_cbe363b0,flt_69fb41b2,economy,saver,15844.74,2535.16,INR,15,7,0,,0,56,active,2026-08-18T10:00:00+05:30
far_d4d6489f,flt_69fb41b2,economy,standard,18005.39,2880.86,INR,15,7,0,2160.65,0,50,active,2026-08-18T10:00:00+05:30
far_cdda74f4,flt_69fb41b2,business,saver,49118.71,7858.99,INR,30,7,0,5894.24,0,32,active,2026-08-18T10:00:00+05:30
far_747d1f40,flt_69fb41b2,business,corporate,61398.38,9823.74,INR,30,7,1,7367.81,0,28,active,2026-08-18T10:00:00+05:30
far_8063fc97,flt_1ef6e241,economy,standard,5570.56,891.29,THB,15,7,0,668.47,0,89,active,2026-08-18T10:00:00+05:30
far_0d672d29,flt_1ef6e241,economy,corporate,6127.61,980.42,THB,15,7,1,735.31,0,76,active,2026-08-18T10:00:00+05:30
far_b64a5ded,flt_1ef6e241,business,corporate,18995.59,3039.29,THB,30,7,1,2279.47,0,8,active,2026-08-18T10:00:00+05:30
far_e93ad556,flt_1ef6e241,business,flex,21067.84,3370.85,THB,30,7,1,2528.14,1,4,active,2026-08-18T10:00:00+05:30
far_127fd437,flt_7a8372d4,economy,saver,5157.94,825.27,INR,15,7,0,,0,118,active,2026-08-18T10:00:00+05:30
far_637b0e81,flt_7a8372d4,economy,promo,4571.81,731.49,INR,15,7,0,548.62,0,94,active,2026-08-18T10:00:00+05:30
far_2f9003d5,flt_7a8372d4,business,standard,18170.00,2907.20,INR,30,7,0,,0,19,active,2026-08-18T10:00:00+05:30
far_bea5a9c5,flt_7a8372d4,business,corporate,19987.01,3197.92,INR,30,7,1,2398.44,0,31,active,2026-08-18T10:00:00+05:30
far_003e9494,flt_4b2f6503,economy,flex,1272.38,203.58,AED,15,7,1,,1,94,active,2026-08-18T10:00:00+05:30
far_411bb7a3,flt_4b2f6503,economy,saver,917.78,146.85,AED,15,7,0,110.13,0,141,active,2026-08-18T10:00:00+05:30
far_5f39107d,flt_4b2f6503,business,flex,3944.38,631.10,AED,30,7,1,,1,7,active,2026-08-18T10:00:00+05:30
far_f62ab068,flt_4b2f6503,business,saver,2845.12,455.22,AED,30,7,0,341.41,0,16,active,2026-08-18T10:00:00+05:30
far_3447676a,flt_067e8cd5,economy,corporate,1127.92,180.47,MYR,15,7,1,135.35,0,77,active,2026-08-18T10:00:00+05:30
far_7e709a0e,flt_067e8cd5,economy,saver,902.34,144.37,MYR,15,7,0,108.28,0,93,active,2026-08-18T10:00:00+05:30
far_d08fe295,flt_067e8cd5,business,flex,3878.00,620.48,MYR,30,7,1,465.36,1,25,active,2026-08-18T10:00:00+05:30
far_0e4e6168,flt_067e8cd5,business,standard,3178.69,508.59,MYR,30,7,0,381.44,0,18,active,2026-08-18T10:00:00+05:30
far_5e3a0b0d,flt_b3febfe0,economy,standard,3189.33,510.29,INR,15,7,0,,0,80,active,2026-08-18T10:00:00+05:30
far_edd7ea86,flt_b3febfe0,economy,corporate,3508.27,561.32,INR,15,7,1,420.99,0,146,active,2026-08-18T10:00:00+05:30
far_5fbce89d,flt_b3febfe0,business,corporate,10875.63,1740.10,INR,30,7,1,1305.08,0,9,active,2026-08-18T10:00:00+05:30
far_78539604,flt_b3febfe0,business,promo,7711.81,1233.89,INR,30,7,0,925.42,0,28,active,2026-08-18T10:00:00+05:30
far_6ecb9d28,flt_54ef905c,economy,promo,36.60,5.86,SGD,15,7,0,4.39,0,66,active,2026-08-18T10:00:00+05:30
far_ba63b766,flt_54ef905c,economy,standard,46.92,7.51,SGD,15,7,0,5.63,0,124,active,2026-08-18T10:00:00+05:30
far_e931084b,flt_54ef905c,business,saver,127.99,20.48,SGD,30,7,0,,0,22,active,2026-08-18T10:00:00+05:30
far_370c12ba,flt_54ef905c,business,promo,113.45,18.15,SGD,30,7,0,13.61,0,39,active,2026-08-18T10:00:00+05:30
far_36a7bb51,flt_d901c76f,economy,promo,7145.98,1143.36,INR,15,7,0,857.52,0,43,active,2026-08-18T10:00:00+05:30
far_2a19d2e8,flt_d901c76f,economy,standard,9161.51,1465.84,INR,15,7,0,1099.38,0,103,active,2026-08-18T10:00:00+05:30
far_af0ec0ef,flt_d901c76f,business,promo,22152.53,3544.41,INR,30,7,0,,0,32,active,2026-08-18T10:00:00+05:30
far_00695c1f,flt_d901c76f,business,saver,24992.60,3998.82,INR,30,7,0,2999.11,0,32,active,2026-08-18T10:00:00+05:30
far_b9e09dcc,flt_27fb3a31,economy,standard,824.96,131.99,AED,15,7,0,99.00,0,149,active,2026-08-18T10:00:00+05:30
far_d245e4da,flt_27fb3a31,economy,saver,725.96,116.15,AED,15,7,0,87.12,0,97,active,2026-08-18T10:00:00+05:30
far_42dd8dd5,flt_27fb3a31,business,standard,2557.37,409.18,AED,30,7,0,306.88,0,23,active,2026-08-18T10:00:00+05:30
far_3e95d692,flt_27fb3a31,business,saver,2250.49,360.08,AED,30,7,0,270.06,0,12,active,2026-08-18T10:00:00+05:30
far_7ca1fc3e,flt_c2d7273d,economy,corporate,6404.77,1024.76,INR,15,7,1,,0,84,active,2026-08-18T10:00:00+05:30
far_aa6a9886,flt_c2d7273d,economy,standard,5822.52,931.60,INR,15,7,0,698.70,0,73,active,2026-08-18T10:00:00+05:30
far_6ac0a537,flt_c2d7273d,business,flex,22020.75,3523.32,INR,30,7,1,,1,39,active,2026-08-18T10:00:00+05:30
far_3be6b7fa,flt_c2d7273d,business,promo,14078.84,2252.61,INR,30,7,0,1689.46,0,14,active,2026-08-18T10:00:00+05:30
far_b715841c,flt_525aa3ca,economy,promo,20587.29,3293.97,INR,15,7,0,,0,65,active,2026-08-18T10:00:00+05:30
far_e50b263b,flt_525aa3ca,economy,flex,32200.63,5152.10,INR,15,7,1,,1,123,active,2026-08-18T10:00:00+05:30
far_c597d417,flt_525aa3ca,business,saver,72002.71,11520.43,INR,30,7,0,8640.33,0,22,active,2026-08-18T10:00:00+05:30
far_261cb5ef,flt_525aa3ca,business,corporate,90003.39,14400.54,INR,30,7,1,10800.41,0,30,active,2026-08-18T10:00:00+05:30
far_511b5288,flt_f3e4de80,economy,standard,463.51,74.16,AED,15,7,0,55.62,0,151,active,2026-08-18T10:00:00+05:30
far_c3cf2f80,flt_f3e4de80,economy,saver,407.89,65.26,AED,15,7,0,,0,158,active,2026-08-18T10:00:00+05:30
far_cc442b73,flt_f3e4de80,business,flex,1753.00,280.48,AED,30,7,1,210.36,1,29,active,2026-08-18T10:00:00+05:30
far_4212cc1d,flt_f3e4de80,business,promo,1120.77,179.32,AED,30,7,0,134.49,0,30,active,2026-08-18T10:00:00+05:30
far_bc60c31b,flt_06c17f54,economy,corporate,3385.32,541.65,INR,15,7,1,,0,81,active,2026-08-18T10:00:00+05:30
far_80b75256,flt_06c17f54,economy,flex,3754.63,600.74,INR,15,7,1,450.56,1,58,active,2026-08-18T10:00:00+05:30
far_7bd2400b,flt_06c17f54,business,promo,7441.55,1190.65,INR,30,7,0,,0,20,active,2026-08-18T10:00:00+05:30
far_1969a817,flt_06c17f54,business,corporate,10494.50,1679.12,INR,30,7,1,,0,34,active,2026-08-18T10:00:00+05:30
far_a67f4aa7,flt_e91f9eb6,economy,saver,2265.83,362.53,THB,15,7,0,,0,71,active,2026-08-18T10:00:00+05:30
far_986edb5f,flt_e91f9eb6,economy,corporate,2832.29,453.17,THB,15,7,1,,0,142,active,2026-08-18T10:00:00+05:30
far_d8a0bb8f,flt_e91f9eb6,business,corporate,8780.11,1404.82,THB,30,7,1,1053.61,0,37,active,2026-08-18T10:00:00+05:30
far_62baba47,flt_e91f9eb6,business,standard,7981.91,1277.11,THB,30,7,0,,0,37,active,2026-08-18T10:00:00+05:30
far_e4cd604d,flt_c69b34f9,economy,corporate,4986.13,797.78,THB,15,7,1,598.34,0,38,active,2026-08-18T10:00:00+05:30
far_1414edeb,flt_c69b34f9,economy,standard,4532.84,725.25,THB,15,7,0,543.94,0,95,active,2026-08-18T10:00:00+05:30
far_c5e7c707,flt_c69b34f9,business,flex,17143.21,2742.91,THB,30,7,1,2057.19,1,33,active,2026-08-18T10:00:00+05:30
far_a0b219e9,flt_c69b34f9,business,standard,14051.81,2248.29,THB,30,7,0,1686.22,0,19,active,2026-08-18T10:00:00+05:30
far_718d7fb0,flt_4ef45661,economy,corporate,11959.01,1913.44,INR,15,7,1,1435.08,0,66,active,2026-08-18T10:00:00+05:30
far_54fc13d3,flt_4ef45661,economy,flex,13263.63,2122.18,INR,15,7,1,1591.64,1,131,active,2026-08-18T10:00:00+05:30
far_446f3c99,flt_4ef45661,business,corporate,37072.94,5931.67,INR,30,7,1,,0,21,active,2026-08-18T10:00:00+05:30
far_f03b3e26,flt_4ef45661,business,saver,29658.35,4745.34,INR,30,7,0,3559.00,0,12,active,2026-08-18T10:00:00+05:30
far_44d861a1,flt_a3b79ef0,economy,corporate,5972.40,955.58,INR,15,7,1,,0,136,active,2026-08-18T10:00:00+05:30
far_77e520f1,flt_a3b79ef0,economy,standard,5429.45,868.71,INR,15,7,0,651.53,0,57,active,2026-08-18T10:00:00+05:30
far_cc40ff85,flt_a3b79ef0,business,standard,16831.31,2693.01,INR,30,7,0,2019.76,0,26,active,2026-08-18T10:00:00+05:30
far_1cfa5a8f,flt_a3b79ef0,business,flex,20534.19,3285.47,INR,30,7,1,2464.10,1,39,active,2026-08-18T10:00:00+05:30
far_7e82b7ec,flt_7daaa470,economy,promo,6575.50,1052.08,INR,15,7,0,789.06,0,156,active,2026-08-18T10:00:00+05:30
far_721cc96e,flt_f02f9bc0,economy,standard,6488.99,1038.24,INR,15,7,0,,0,44,active,2026-08-18T10:00:00+05:30
far_8c745dcd,flt_b80c1a94,economy,standard,1552.86,248.46,INR,15,7,0,,0,26,active,2026-08-18T10:00:00+05:30
far_376efe22,flt_b80c1a94,economy,saver,1366.51,218.64,INR,15,7,0,,0,33,active,2026-08-18T10:00:00+05:30
far_fcf3917c,flt_b80c1a94,business,corporate,5295.24,847.24,INR,30,7,1,635.43,0,29,active,2026-08-18T10:00:00+05:30
far_185898ba,flt_b80c1a94,business,promo,3754.81,600.77,INR,30,7,0,450.58,0,19,active,2026-08-18T10:00:00+05:30
far_dc91a6f1,flt_7d72e94c,economy,promo,6156.94,985.11,INR,15,7,0,738.83,0,111,active,2026-08-18T10:00:00+05:30
far_4bedc1b3,flt_7d72e94c,economy,standard,7893.51,1262.96,INR,15,7,0,947.22,0,104,active,2026-08-18T10:00:00+05:30
far_567e9a93,flt_7d72e94c,business,corporate,26916.87,4306.70,INR,30,7,1,3230.02,0,34,active,2026-08-18T10:00:00+05:30
far_8663e83f,flt_7d72e94c,business,saver,21533.49,3445.36,INR,30,7,0,2584.02,0,15,active,2026-08-18T10:00:00+05:30
far_e50e36e5,flt_d109428e,economy,saver,4502.26,720.36,INR,15,7,0,,0,97,active,2026-08-18T10:00:00+05:30
far_267bd426,flt_d109428e,economy,promo,3990.64,638.50,INR,15,7,0,,0,151,active,2026-08-18T10:00:00+05:30
far_d17ca7c3,flt_d109428e,business,promo,12370.98,1979.36,INR,30,7,0,,0,31,active,2026-08-18T10:00:00+05:30
far_ff06ea22,flt_d109428e,business,standard,15860.23,2537.64,INR,30,7,0,,0,5,active,2026-08-18T10:00:00+05:30
far_a792c309,flt_b60c7178,economy,corporate,3227.16,516.35,INR,15,7,1,387.26,0,138,active,2026-08-18T10:00:00+05:30
far_08bde540,flt_b60c7178,economy,standard,2933.78,469.40,INR,15,7,0,352.05,0,93,active,2026-08-18T10:00:00+05:30
far_1c4fba2d,flt_b60c7178,business,saver,8003.35,1280.54,INR,30,7,0,960.40,0,6,active,2026-08-18T10:00:00+05:30
far_6acc26a2,flt_b60c7178,business,promo,7093.88,1135.02,INR,30,7,0,851.27,0,6,active,2026-08-18T10:00:00+05:30
far_38534fba,flt_54e12dd3,economy,standard,3805.44,608.87,INR,15,7,0,,0,108,active,2026-08-18T10:00:00+05:30
far_ef28c530,flt_3349ff40,economy,promo,9935.84,1589.73,INR,15,7,0,,0,164,active,2026-08-18T10:00:00+05:30
far_6c97719e,flt_3349ff40,economy,standard,12738.26,2038.12,INR,15,7,0,1528.59,0,150,active,2026-08-18T10:00:00+05:30
far_dc735fe0,flt_3349ff40,business,flex,48176.10,7708.18,INR,30,7,1,5781.13,1,33,active,2026-08-18T10:00:00+05:30
far_d477d5ca,flt_3349ff40,business,saver,34749.97,5560.00,INR,30,7,0,,0,24,active,2026-08-18T10:00:00+05:30
far_03d62dd2,flt_e5558caf,economy,promo,7799.80,1247.97,INR,15,7,0,,0,148,active,2026-08-18T10:00:00+05:30
far_d4defcba,flt_81b08736,economy,promo,431.70,69.07,AED,15,7,0,,0,112,active,2026-08-18T10:00:00+05:30
far_63406328,flt_81b08736,economy,corporate,608.81,97.41,AED,15,7,1,73.06,0,125,active,2026-08-18T10:00:00+05:30
far_685b4b5f,flt_81b08736,business,promo,1338.27,214.12,AED,30,7,0,,0,7,active,2026-08-18T10:00:00+05:30
far_efed6002,flt_81b08736,business,standard,1715.73,274.52,AED,30,7,0,205.89,0,17,active,2026-08-18T10:00:00+05:30
far_023a2aa7,flt_3f9efd05,economy,promo,430.73,68.92,MYR,15,7,0,51.69,0,122,active,2026-08-18T10:00:00+05:30
far_1fb2c5ff,flt_5f8ed6bd,economy,standard,5323855.40,851816.86,IDR,15,7,0,638862.65,0,137,active,2026-08-18T10:00:00+05:30
far_c501d3c0,flt_5f8ed6bd,economy,corporate,5856240.94,936998.55,IDR,15,7,1,,0,110,active,2026-08-18T10:00:00+05:30
far_10de6111,flt_5f8ed6bd,business,corporate,18154346.91,2904695.51,IDR,30,7,1,,0,23,active,2026-08-18T10:00:00+05:30
far_84d7677e,flt_5f8ed6bd,business,saver,14523477.53,2323756.41,IDR,30,7,0,,0,11,active,2026-08-18T10:00:00+05:30
far_4802d573,flt_63ad8e2a,economy,promo,4235885.50,677741.68,IDR,15,7,0,508306.26,0,28,active,2026-08-18T10:00:00+05:30
far_55928acb,flt_63ad8e2a,economy,corporate,5973684.68,955789.55,IDR,15,7,1,716842.16,0,166,active,2026-08-18T10:00:00+05:30
far_b48dc318,flt_63ad8e2a,business,saver,14814738.01,2370358.08,IDR,30,7,0,,0,34,active,2026-08-18T10:00:00+05:30
far_0003d168,flt_63ad8e2a,business,standard,16834929.56,2693588.73,IDR,30,7,0,,0,37,active,2026-08-18T10:00:00+05:30
far_bb34f5dd,flt_caa62386,economy,corporate,703.35,112.54,AED,15,7,1,,0,129,active,2026-08-18T10:00:00+05:30
far_ba311704,flt_caa62386,economy,promo,498.74,79.80,AED,15,7,0,59.85,0,133,active,2026-08-18T10:00:00+05:30
far_601368b8,flt_caa62386,business,promo,1546.10,247.38,AED,30,7,0,,0,38,active,2026-08-18T10:00:00+05:30
far_ae629abd,flt_caa62386,business,saver,1744.32,279.09,AED,30,7,0,,0,13,active,2026-08-18T10:00:00+05:30
far_778ec198,flt_635e476d,economy,promo,23197.56,3711.61,INR,15,7,0,,0,148,active,2026-08-18T10:00:00+05:30
far_01881209,flt_635e476d,economy,corporate,32714.50,5234.32,INR,15,7,1,,0,73,active,2026-08-18T10:00:00+05:30
far_6e40ea32,flt_635e476d,business,saver,81131.96,12981.11,INR,30,7,0,,0,32,active,2026-08-18T10:00:00+05:30
far_0b9adc3d,flt_635e476d,business,standard,92195.41,14751.27,INR,30,7,0,11063.45,0,13,active,2026-08-18T10:00:00+05:30
far_fd9eb9fb,flt_fad78e05,economy,corporate,14090.96,2254.55,INR,15,7,1,,0,103,active,2026-08-18T10:00:00+05:30
far_89857029,flt_fad78e05,economy,promo,9991.77,1598.68,INR,15,7,0,1199.01,0,77,active,2026-08-18T10:00:00+05:30
far_d6b1e46c,flt_fad78e05,business,standard,39710.88,6353.74,INR,30,7,0,4765.31,0,16,active,2026-08-18T10:00:00+05:30
far_623ed71e,flt_fad78e05,business,promo,30974.48,4955.92,INR,30,7,0,3716.94,0,37,active,2026-08-18T10:00:00+05:30
far_efcd4496,flt_4c5c1db0,economy,standard,15781.22,2525.00,INR,15,7,0,,0,98,active,2026-08-18T10:00:00+05:30
far_bffb9770,flt_4c5c1db0,economy,saver,13887.48,2222.00,INR,15,7,0,1666.50,0,123,active,2026-08-18T10:00:00+05:30
far_89a75a14,flt_4c5c1db0,business,corporate,53813.97,8610.23,INR,30,7,1,,0,14,active,2026-08-18T10:00:00+05:30
far_faa41e38,flt_4c5c1db0,business,standard,48921.79,7827.49,INR,30,7,0,5870.61,0,7,active,2026-08-18T10:00:00+05:30
far_6b12edd2,flt_4034dc04,economy,saver,7376.71,1180.27,INR,15,7,0,885.20,0,55,active,2026-08-18T10:00:00+05:30
far_f264eb42,flt_4034dc04,economy,promo,6538.44,1046.15,INR,15,7,0,784.61,0,110,active,2026-08-18T10:00:00+05:30
far_f0f365b6,flt_4034dc04,business,saver,22867.79,3658.85,INR,30,7,0,2744.13,0,17,active,2026-08-18T10:00:00+05:30
far_821afe08,flt_4034dc04,business,promo,20269.18,3243.07,INR,30,7,0,2432.30,0,13,active,2026-08-18T10:00:00+05:30
far_b95e033e,flt_d64b8916,economy,corporate,4168059.38,666889.50,IDR,15,7,1,500167.13,0,64,active,2026-08-18T10:00:00+05:30
far_53ab24ab,flt_df1a4449,economy,saver,4996.63,799.46,INR,15,7,0,599.60,0,62,active,2026-08-18T10:00:00+05:30
far_08d36f54,flt_df1a4449,economy,promo,4428.83,708.61,INR,15,7,0,,0,96,active,2026-08-18T10:00:00+05:30
far_f8129e2f,flt_df1a4449,business,standard,17601.75,2816.28,INR,30,7,0,2112.21,0,31,active,2026-08-18T10:00:00+05:30
far_5f67ed96,flt_df1a4449,business,flex,21474.14,3435.86,INR,30,7,1,2576.90,1,27,active,2026-08-18T10:00:00+05:30
far_2e56ee41,flt_cf3053d2,economy,standard,597.73,95.64,MYR,15,7,0,,0,84,active,2026-08-18T10:00:00+05:30
far_4fec7bc1,flt_cf3053d2,economy,corporate,657.51,105.20,MYR,15,7,1,78.90,0,26,active,2026-08-18T10:00:00+05:30
far_3371b83e,flt_cf3053d2,business,saver,1630.62,260.90,MYR,30,7,0,,0,30,active,2026-08-18T10:00:00+05:30
far_29643a08,flt_cf3053d2,business,flex,2260.63,361.70,MYR,30,7,1,271.28,1,17,active,2026-08-18T10:00:00+05:30
far_4f70b91d,flt_2d77e6a2,economy,corporate,2666.68,426.67,INR,15,7,1,320.00,0,87,active,2026-08-18T10:00:00+05:30
far_80d1508a,flt_ad25d814,economy,standard,1022.39,163.58,MYR,15,7,0,122.69,0,165,active,2026-08-18T10:00:00+05:30
far_b614e1ef,flt_ad25d814,economy,flex,1247.31,199.57,MYR,15,7,1,,1,83,active,2026-08-18T10:00:00+05:30
far_d6a9f2d1,flt_ad25d814,business,saver,2789.07,446.25,MYR,30,7,0,334.69,0,8,active,2026-08-18T10:00:00+05:30
far_2650aa2b,flt_ad25d814,business,promo,2472.13,395.54,MYR,30,7,0,,0,6,active,2026-08-18T10:00:00+05:30
far_24b9a587,flt_ec0fed31,economy,saver,5457.01,873.12,INR,15,7,0,,0,117,active,2026-08-18T10:00:00+05:30
far_d947b59e,flt_ec0fed31,economy,standard,6201.15,992.18,INR,15,7,0,,0,91,active,2026-08-18T10:00:00+05:30
far_a7382a1e,flt_ec0fed31,business,promo,14994.37,2399.10,INR,30,7,0,1799.32,0,10,active,2026-08-18T10:00:00+05:30
far_1fbf5559,flt_ec0fed31,business,standard,19223.55,3075.77,INR,30,7,0,2306.83,0,32,active,2026-08-18T10:00:00+05:30
far_97828171,flt_4c6e91ac,economy,standard,6387.50,1022.00,INR,15,7,0,,0,117,active,2026-08-18T10:00:00+05:30
far_9b88c9f5,flt_4c6e91ac,economy,flex,7792.75,1246.84,INR,15,7,1,,1,108,active,2026-08-18T10:00:00+05:30
far_b0ad6f55,flt_4c6e91ac,business,promo,15444.98,2471.20,INR,30,7,0,1853.40,0,36,active,2026-08-18T10:00:00+05:30
far_bcd7328b,flt_4c6e91ac,business,saver,17425.10,2788.02,INR,30,7,0,2091.01,0,33,active,2026-08-18T10:00:00+05:30
far_b4377399,flt_5601e06c,economy,flex,14745.63,2359.30,INR,15,7,1,1769.48,1,42,active,2026-08-18T10:00:00+05:30
far_ef63833c,flt_5601e06c,economy,corporate,13295.24,2127.24,INR,15,7,1,,0,132,active,2026-08-18T10:00:00+05:30
far_2f383c90,flt_5601e06c,business,promo,29225.36,4676.06,INR,30,7,0,3507.04,0,8,active,2026-08-18T10:00:00+05:30
far_a287243e,flt_5601e06c,business,corporate,41215.25,6594.44,INR,30,7,1,4945.83,0,29,active,2026-08-18T10:00:00+05:30
far_84a64032,flt_175f4dd6,economy,promo,10510.89,1681.74,INR,15,7,0,,0,146,active,2026-08-18T10:00:00+05:30
far_4dda55c8,flt_175f4dd6,economy,saver,11858.44,1897.35,INR,15,7,0,1423.01,0,66,active,2026-08-18T10:00:00+05:30
far_ea3206bb,flt_175f4dd6,business,saver,36761.16,5881.78,INR,30,7,0,,0,17,active,2026-08-18T10:00:00+05:30
far_26037f31,flt_175f4dd6,business,standard,41774.04,6683.85,INR,30,7,0,,0,7,active,2026-08-18T10:00:00+05:30
far_a8b00cb9,flt_95eed82f,economy,corporate,6447.79,1031.65,INR,15,7,1,773.74,0,128,active,2026-08-18T10:00:00+05:30
far_3fa92146,flt_95eed82f,economy,saver,5158.24,825.32,INR,15,7,0,618.99,0,141,active,2026-08-18T10:00:00+05:30
far_ed315492,flt_95eed82f,business,promo,14173.42,2267.75,INR,30,7,0,,0,29,active,2026-08-18T10:00:00+05:30
far_8040c90d,flt_95eed82f,business,flex,22168.69,3546.99,INR,30,7,1,2660.24,1,14,active,2026-08-18T10:00:00+05:30
far_7ad48cc1,flt_e057c38e,economy,promo,153.55,24.57,SGD,15,7,0,18.43,0,106,active,2026-08-18T10:00:00+05:30
far_1b303618,flt_e057c38e,economy,flex,240.16,38.43,SGD,15,7,1,28.82,1,140,active,2026-08-18T10:00:00+05:30
far_f2e0321f,flt_e057c38e,business,flex,744.51,119.12,SGD,30,7,1,89.34,1,32,active,2026-08-18T10:00:00+05:30
far_1d255788,flt_e057c38e,business,saver,537.02,85.92,SGD,30,7,0,64.44,0,11,active,2026-08-18T10:00:00+05:30
far_09c8ee0e,flt_d3545698,economy,flex,130.03,20.80,SGD,15,7,1,15.60,1,139,active,2026-08-18T10:00:00+05:30
far_e65a6a7a,flt_d3545698,economy,promo,83.13,13.30,SGD,15,7,0,9.98,0,143,active,2026-08-18T10:00:00+05:30
far_66b5a356,flt_d3545698,business,standard,330.40,52.86,SGD,30,7,0,39.65,0,20,active,2026-08-18T10:00:00+05:30
far_1a1f9852,flt_d3545698,business,saver,290.76,46.52,SGD,30,7,0,,0,26,active,2026-08-18T10:00:00+05:30
far_6f5eab8a,flt_dcdba7a4,economy,flex,979.83,156.77,MYR,15,7,1,,1,77,active,2026-08-18T10:00:00+05:30
far_7dcec66f,flt_dcdba7a4,economy,saver,706.76,113.08,MYR,15,7,0,84.81,0,74,active,2026-08-18T10:00:00+05:30
far_38d475df,flt_dcdba7a4,business,corporate,2738.70,438.19,MYR,30,7,1,328.64,0,23,active,2026-08-18T10:00:00+05:30
far_f897ece0,flt_dcdba7a4,business,saver,2190.96,350.55,MYR,30,7,0,262.92,0,28,active,2026-08-18T10:00:00+05:30
far_24867850,flt_62c643a2,economy,flex,23885.52,3821.68,INR,15,7,1,2866.26,1,112,active,2026-08-18T10:00:00+05:30
far_4449f067,flt_62c643a2,economy,corporate,21536.13,3445.78,INR,15,7,1,2584.34,0,86,active,2026-08-18T10:00:00+05:30
far_10c1edcc,flt_62c643a2,business,corporate,66761.99,10681.92,INR,30,7,1,8011.44,0,34,active,2026-08-18T10:00:00+05:30
far_23b2bc8a,flt_62c643a2,business,flex,74045.12,11847.22,INR,30,7,1,8885.41,1,14,active,2026-08-18T10:00:00+05:30
far_87fe16b4,flt_819b21d7,economy,promo,8937.73,1430.04,INR,15,7,0,1072.53,0,76,active,2026-08-18T10:00:00+05:30
far_e11f7c93,flt_819b21d7,economy,flex,13979.53,2236.73,INR,15,7,1,1677.54,1,128,active,2026-08-18T10:00:00+05:30
far_f9b91d33,flt_819b21d7,business,corporate,39073.94,6251.83,INR,30,7,1,4688.87,0,31,active,2026-08-18T10:00:00+05:30
far_b9338a1b,flt_819b21d7,business,saver,31259.15,5001.46,INR,30,7,0,3751.10,0,25,active,2026-08-18T10:00:00+05:30
far_0b174842,flt_a83b0777,economy,standard,3560.22,569.63,INR,15,7,0,,0,28,active,2026-08-18T10:00:00+05:30
far_7b7ba226,flt_a83b0777,economy,corporate,3916.24,626.60,INR,15,7,1,469.95,0,68,active,2026-08-18T10:00:00+05:30
far_10f57b20,flt_a83b0777,business,standard,11036.68,1765.87,INR,30,7,0,,0,18,active,2026-08-18T10:00:00+05:30
far_90761c89,flt_a83b0777,business,promo,8608.61,1377.38,INR,30,7,0,,0,16,active,2026-08-18T10:00:00+05:30
far_720a0cb0,flt_3746df7e,economy,standard,3824.57,611.93,INR,15,7,0,,0,72,active,2026-08-18T10:00:00+05:30
far_d83b5996,flt_8002cf8a,economy,saver,13834.92,2213.59,INR,15,7,0,,0,122,active,2026-08-18T10:00:00+05:30
far_e0ab6434,flt_8002cf8a,economy,standard,15721.50,2515.44,INR,15,7,0,1886.58,0,57,active,2026-08-18T10:00:00+05:30
far_46734779,flt_8002cf8a,business,flex,59458.73,9513.40,INR,30,7,1,7135.05,1,13,active,2026-08-18T10:00:00+05:30
far_060c58dd,flt_8002cf8a,business,promo,38014.60,6082.34,INR,30,7,0,4561.75,0,26,active,2026-08-18T10:00:00+05:30
far_397c0311,flt_67c3f129,economy,standard,4153145.80,664503.33,IDR,15,7,0,498377.50,0,109,active,2026-08-18T10:00:00+05:30
far_b4898f85,flt_67c3f129,economy,flex,5066837.88,810694.06,IDR,15,7,1,608020.55,1,111,active,2026-08-18T10:00:00+05:30
far_604b9d08,flt_67c3f129,business,standard,12874751.99,2059960.32,IDR,30,7,0,1544970.24,0,23,active,2026-08-18T10:00:00+05:30
far_d4776a66,flt_67c3f129,business,promo,10042306.56,1606769.05,IDR,30,7,0,1205076.79,0,15,active,2026-08-18T10:00:00+05:30
far_a52443f3,flt_cb93026c,economy,promo,10105.09,1616.82,INR,15,7,0,1212.61,0,45,active,2026-08-18T10:00:00+05:30
far_12d72a06,flt_cb93026c,economy,saver,11400.62,1824.10,INR,15,7,0,,0,137,active,2026-08-18T10:00:00+05:30
far_485bb681,flt_cb93026c,business,standard,40161.27,6425.80,INR,30,7,0,4819.35,0,18,active,2026-08-18T10:00:00+05:30
far_18969265,flt_cb93026c,business,corporate,44177.40,7068.38,INR,30,7,1,5301.29,0,11,active,2026-08-18T10:00:00+05:30
far_8f09fcdf,flt_c2f03089,economy,corporate,6510.96,1041.75,INR,15,7,1,781.31,0,126,active,2026-08-18T10:00:00+05:30
far_8d4b8254,flt_c2f03089,economy,flex,7221.24,1155.40,INR,15,7,1,866.55,1,114,active,2026-08-18T10:00:00+05:30
far_853a4c32,flt_c2f03089,business,flex,22385.85,3581.74,INR,30,7,1,,1,9,active,2026-08-18T10:00:00+05:30
far_656a7b21,flt_c2f03089,business,promo,14312.26,2289.96,INR,30,7,0,1717.47,0,27,active,2026-08-18T10:00:00+05:30
far_33a22d86,flt_66887698,economy,promo,6743.60,1078.98,INR,15,7,0,809.23,0,75,active,2026-08-18T10:00:00+05:30
far_64c08f07,flt_66887698,economy,corporate,9510.20,1521.63,INR,15,7,1,,0,134,active,2026-08-18T10:00:00+05:30
far_27a82533,flt_66887698,business,saver,23585.31,3773.65,INR,30,7,0,2830.24,0,19,active,2026-08-18T10:00:00+05:30
far_a0f5244f,flt_66887698,business,promo,20905.16,3344.83,INR,30,7,0,2508.62,0,39,active,2026-08-18T10:00:00+05:30
far_ce4b4998,flt_f8e609a0,economy,flex,436.76,69.88,AED,15,7,1,52.41,1,81,active,2026-08-18T10:00:00+05:30
far_eb87fd49,flt_f8e609a0,economy,corporate,393.80,63.01,AED,15,7,1,47.26,0,131,active,2026-08-18T10:00:00+05:30
far_62ba1fe6,flt_f8e609a0,business,flex,1353.96,216.63,AED,30,7,1,,1,36,active,2026-08-18T10:00:00+05:30
far_bea8706d,flt_f8e609a0,business,corporate,1220.78,195.32,AED,30,7,1,,0,25,active,2026-08-18T10:00:00+05:30
far_3a5dbf21,flt_c7657009,economy,saver,13541.84,2166.69,INR,15,7,0,,0,113,active,2026-08-18T10:00:00+05:30
far_89935ca4,flt_c7657009,economy,promo,12002.99,1920.48,INR,15,7,0,1440.36,0,90,active,2026-08-18T10:00:00+05:30
far_1eeb2f87,flt_c7657009,business,corporate,52474.63,8395.94,INR,30,7,1,6296.96,0,13,active,2026-08-18T10:00:00+05:30
far_a36a9c5e,flt_c7657009,business,promo,37209.28,5953.49,INR,30,7,0,,0,20,active,2026-08-18T10:00:00+05:30
far_90a22654,flt_a33bccda,economy,standard,11948.38,1911.74,INR,15,7,0,,0,22,active,2026-08-18T10:00:00+05:30
far_2fa6ec9e,flt_a33bccda,economy,corporate,13143.22,2102.92,INR,15,7,1,1577.19,0,130,active,2026-08-18T10:00:00+05:30
far_1e2a94ba,flt_a33bccda,business,flex,45188.78,7230.20,INR,30,7,1,5422.65,1,38,active,2026-08-18T10:00:00+05:30
far_8863cd2c,flt_a33bccda,business,corporate,40743.98,6519.04,INR,30,7,1,4889.28,0,29,active,2026-08-18T10:00:00+05:30
far_2455b0a7,flt_c4fe2d75,economy,promo,245.06,39.21,SGD,15,7,0,29.41,0,95,active,2026-08-18T10:00:00+05:30
far_c7394af0,flt_c4fe2d75,economy,saver,276.48,44.24,SGD,15,7,0,,0,35,active,2026-08-18T10:00:00+05:30
far_294f045d,flt_c4fe2d75,business,saver,857.10,137.14,SGD,30,7,0,,0,31,active,2026-08-18T10:00:00+05:30
far_634426a6,flt_c4fe2d75,business,promo,759.70,121.55,SGD,30,7,0,91.16,0,32,active,2026-08-18T10:00:00+05:30
far_0ca8b041,flt_96cd730c,economy,corporate,8830.82,1412.93,INR,15,7,1,1059.70,0,164,active,2026-08-18T10:00:00+05:30
far_a8c92aa7,flt_96cd730c,economy,standard,8028.02,1284.48,INR,15,7,0,963.36,0,34,active,2026-08-18T10:00:00+05:30
far_d367126c,flt_96cd730c,business,saver,21900.44,3504.07,INR,30,7,0,2628.05,0,37,active,2026-08-18T10:00:00+05:30
far_3e761162,flt_96cd730c,business,standard,24886.86,3981.90,INR,30,7,0,2986.42,0,25,active,2026-08-18T10:00:00+05:30
far_e0085873,flt_56dabfd7,economy,saver,529.69,84.75,AED,15,7,0,63.56,0,117,active,2026-08-18T10:00:00+05:30
far_f145b1ec,flt_56dabfd7,economy,promo,469.50,75.12,AED,15,7,0,,0,22,active,2026-08-18T10:00:00+05:30
far_3f27eff0,flt_56dabfd7,business,flex,2276.46,364.23,AED,30,7,1,,1,38,active,2026-08-18T10:00:00+05:30
far_062c2bef,flt_56dabfd7,business,saver,1642.04,262.73,AED,30,7,0,,0,6,active,2026-08-18T10:00:00+05:30
far_9821778f,flt_322bfc49,economy,promo,13227.67,2116.43,INR,15,7,0,1587.32,0,146,active,2026-08-18T10:00:00+05:30
far_d16b7c26,flt_c18d3e08,economy,corporate,2608.32,417.33,INR,15,7,1,,0,128,active,2026-08-18T10:00:00+05:30
far_673e9644,flt_c18d3e08,economy,promo,1849.53,295.93,INR,15,7,0,221.94,0,66,active,2026-08-18T10:00:00+05:30
far_b3c828a6,flt_c18d3e08,business,flex,8967.87,1434.86,INR,30,7,1,,1,14,active,2026-08-18T10:00:00+05:30
far_cd8edfce,flt_c18d3e08,business,saver,6468.63,1034.98,INR,30,7,0,776.24,0,19,active,2026-08-18T10:00:00+05:30
far_b77bf9d4,flt_58696a69,economy,flex,6217.83,994.85,INR,15,7,1,746.14,1,121,active,2026-08-18T10:00:00+05:30
far_0218c3f9,flt_ebec71fb,economy,flex,1114.71,178.35,AED,15,7,1,133.76,1,64,active,2026-08-18T10:00:00+05:30
far_4291e74c,flt_ebec71fb,economy,standard,913.69,146.19,AED,15,7,0,,0,38,active,2026-08-18T10:00:00+05:30
far_902a9d09,flt_ebec71fb,business,saver,2492.56,398.81,AED,30,7,0,,0,5,active,2026-08-18T10:00:00+05:30
far_15ce5159,flt_ebec71fb,business,flex,3455.59,552.89,AED,30,7,1,,1,17,active,2026-08-18T10:00:00+05:30
far_52ad759a,flt_14244152,economy,corporate,4567.07,730.73,INR,15,7,1,,0,137,active,2026-08-18T10:00:00+05:30
far_7550e1ed,flt_14244152,economy,flex,5065.29,810.45,INR,15,7,1,607.84,1,44,active,2026-08-18T10:00:00+05:30
far_9177e3a2,flt_14244152,business,standard,12870.82,2059.33,INR,30,7,0,,0,34,active,2026-08-18T10:00:00+05:30
far_3a217d49,flt_14244152,business,flex,15702.41,2512.38,INR,30,7,1,,1,29,active,2026-08-18T10:00:00+05:30
far_f15e8233,flt_7ad81814,economy,corporate,142.53,22.80,MYR,15,7,1,17.10,0,139,active,2026-08-18T10:00:00+05:30
far_94e6c1ed,flt_7ad81814,economy,promo,101.06,16.17,MYR,15,7,0,12.13,0,63,active,2026-08-18T10:00:00+05:30
far_1e532dc0,flt_7ad81814,business,corporate,441.83,70.69,MYR,30,7,1,53.02,0,24,active,2026-08-18T10:00:00+05:30
far_d41abdb9,flt_7ad81814,business,flex,490.03,78.40,MYR,30,7,1,58.80,1,17,active,2026-08-18T10:00:00+05:30
far_5e29b14f,flt_55cc0c2c,economy,flex,11569.95,1851.19,INR,15,7,1,,1,94,active,2026-08-18T10:00:00+05:30
far_c6216574,flt_10737281,economy,flex,4265.16,682.43,INR,15,7,1,511.82,1,101,active,2026-08-18T10:00:00+05:30
far_579d07e6,flt_10737281,economy,promo,2726.90,436.30,INR,15,7,0,327.23,0,167,active,2026-08-18T10:00:00+05:30
far_c73a0345,flt_10737281,business,promo,8453.40,1352.54,INR,30,7,0,1014.41,0,11,active,2026-08-18T10:00:00+05:30
far_4126a133,flt_10737281,business,saver,9537.17,1525.95,INR,30,7,0,,0,35,active,2026-08-18T10:00:00+05:30
far_00eabb57,flt_e70abae8,economy,standard,4174755.97,667960.96,IDR,15,7,0,500970.72,0,36,active,2026-08-18T10:00:00+05:30
far_6c7eb431,flt_e70abae8,economy,corporate,4592231.57,734757.05,IDR,15,7,1,,0,120,active,2026-08-18T10:00:00+05:30
far_f223a8c5,flt_e70abae8,business,saver,11388734.30,1822197.49,IDR,30,7,0,,0,32,active,2026-08-18T10:00:00+05:30
far_dc944001,flt_e70abae8,business,promo,10094559.95,1615129.59,IDR,30,7,0,1211347.19,0,22,active,2026-08-18T10:00:00+05:30
far_c91a07a8,flt_98e4e16f,economy,promo,4197.08,671.53,THB,15,7,0,,0,45,active,2026-08-18T10:00:00+05:30
far_8089f6be,flt_98e4e16f,economy,saver,4735.17,757.63,THB,15,7,0,568.22,0,162,active,2026-08-18T10:00:00+05:30
far_3bfc358f,flt_98e4e16f,business,saver,14679.02,2348.64,THB,30,7,0,1761.48,0,23,active,2026-08-18T10:00:00+05:30
far_e11db358,flt_98e4e16f,business,flex,20350.46,3256.07,THB,30,7,1,,1,17,active,2026-08-18T10:00:00+05:30
far_fb4f240a,flt_46fcb090,economy,standard,10010.28,1601.64,INR,15,7,0,1201.23,0,113,active,2026-08-18T10:00:00+05:30
far_9fad0773,flt_46fcb090,economy,promo,7808.02,1249.28,INR,15,7,0,936.96,0,131,active,2026-08-18T10:00:00+05:30
far_adb71063,flt_46fcb090,business,flex,37858.87,6057.42,INR,30,7,1,,1,27,active,2026-08-18T10:00:00+05:30
far_38349a95,flt_46fcb090,business,promo,24204.85,3872.78,INR,30,7,0,2904.58,0,37,active,2026-08-18T10:00:00+05:30
far_ce97df9a,flt_a48f5175,economy,flex,7814.97,1250.40,INR,15,7,1,937.80,1,40,active,2026-08-18T10:00:00+05:30
far_8faff353,flt_56764eed,economy,standard,244.79,39.17,SGD,15,7,0,29.37,0,68,active,2026-08-18T10:00:00+05:30
far_323e6c4d,flt_56764eed,economy,saver,215.41,34.47,SGD,15,7,0,,0,93,active,2026-08-18T10:00:00+05:30
far_d2aa75af,flt_56764eed,business,saver,667.78,106.85,SGD,30,7,0,80.13,0,14,active,2026-08-18T10:00:00+05:30
far_b3d24b10,flt_56764eed,business,corporate,834.73,133.56,SGD,30,7,1,100.17,0,6,active,2026-08-18T10:00:00+05:30
far_2bdc8935,flt_77bda389,economy,flex,665.78,106.52,AED,15,7,1,79.89,1,141,active,2026-08-18T10:00:00+05:30
far_2c6301fd,flt_77bda389,economy,saver,480.23,76.84,AED,15,7,0,,0,91,active,2026-08-18T10:00:00+05:30
far_70b07e05,flt_77bda389,business,saver,1488.73,238.20,AED,30,7,0,,0,20,active,2026-08-18T10:00:00+05:30
far_98c84448,flt_77bda389,business,promo,1319.55,211.13,AED,30,7,0,,0,31,active,2026-08-18T10:00:00+05:30
far_cfa43207,flt_767c8a10,economy,corporate,11843.09,1894.89,INR,15,7,1,1421.17,0,38,active,2026-08-18T10:00:00+05:30
far_7bd54197,flt_767c8a10,economy,saver,9474.47,1515.92,INR,15,7,0,,0,43,active,2026-08-18T10:00:00+05:30
far_b7d3792a,flt_767c8a10,business,standard,33375.99,5340.16,INR,30,7,0,4005.12,0,14,active,2026-08-18T10:00:00+05:30
far_b4765606,flt_767c8a10,business,saver,29370.87,4699.34,INR,30,7,0,3524.50,0,6,active,2026-08-18T10:00:00+05:30
far_a1b430d0,flt_21353d3c,economy,corporate,9814.71,1570.35,INR,15,7,1,1177.77,0,74,active,2026-08-18T10:00:00+05:30
far_78812ab1,flt_21353d3c,economy,saver,7851.77,1256.28,INR,15,7,0,942.21,0,161,active,2026-08-18T10:00:00+05:30
far_aad3f394,flt_21353d3c,business,flex,33744.77,5399.16,INR,30,7,1,4049.37,1,15,active,2026-08-18T10:00:00+05:30
far_328f007b,flt_21353d3c,business,saver,24340.49,3894.48,INR,30,7,0,2920.86,0,19,active,2026-08-18T10:00:00+05:30
far_1cdb934c,flt_272c599b,economy,promo,21936.60,3509.86,INR,15,7,0,2632.39,0,158,active,2026-08-18T10:00:00+05:30
far_9b2ecb66,flt_272c599b,economy,corporate,30936.23,4949.80,INR,15,7,1,,0,21,active,2026-08-18T10:00:00+05:30
far_c15f1bef,flt_272c599b,business,corporate,95902.33,15344.37,INR,30,7,1,11508.28,0,22,active,2026-08-18T10:00:00+05:30
far_c4f5a084,flt_272c599b,business,standard,87183.93,13949.43,INR,30,7,0,,0,39,active,2026-08-18T10:00:00+05:30
far_806ea709,flt_c47f620d,economy,corporate,15049.16,2407.86,INR,15,7,1,1805.90,0,21,active,2026-08-18T10:00:00+05:30
far_695b0176,flt_c47f620d,economy,promo,10671.22,1707.40,INR,15,7,0,1280.55,0,102,active,2026-08-18T10:00:00+05:30
far_5a91f3bf,flt_c47f620d,business,corporate,46652.38,7464.38,INR,30,7,1,5598.29,0,31,active,2026-08-18T10:00:00+05:30
far_1ea7a814,flt_c47f620d,business,promo,33080.78,5292.92,INR,30,7,0,,0,33,active,2026-08-18T10:00:00+05:30
far_efd37757,flt_7463539b,economy,standard,2665.19,426.43,INR,15,7,0,319.82,0,133,active,2026-08-18T10:00:00+05:30
far_b1357881,flt_7463539b,economy,saver,2345.37,375.26,INR,15,7,0,281.44,0,88,active,2026-08-18T10:00:00+05:30
far_df33147b,flt_7463539b,business,corporate,9088.29,1454.13,INR,30,7,1,1090.59,0,39,active,2026-08-18T10:00:00+05:30
far_c15e5ab8,flt_7463539b,business,promo,6444.42,1031.11,INR,30,7,0,773.33,0,11,active,2026-08-18T10:00:00+05:30
far_ed9bf88e,flt_49e82083,economy,standard,3677.06,588.33,INR,15,7,0,441.25,0,157,active,2026-08-18T10:00:00+05:30
far_ddde96e1,flt_9014fe62,economy,corporate,647.50,103.60,AED,15,7,1,,0,47,active,2026-08-18T10:00:00+05:30
far_b43e78cf,flt_9014fe62,economy,promo,459.14,73.46,AED,15,7,0,55.10,0,26,active,2026-08-18T10:00:00+05:30
far_72b2b338,flt_9014fe62,business,flex,2226.22,356.19,AED,30,7,1,267.15,1,21,active,2026-08-18T10:00:00+05:30
far_342c716a,flt_9014fe62,business,standard,1824.77,291.96,AED,30,7,0,218.97,0,16,active,2026-08-18T10:00:00+05:30
far_e07683ba,flt_63b201cd,economy,flex,9368.26,1498.92,INR,15,7,1,1124.19,1,84,active,2026-08-18T10:00:00+05:30
far_4c800bad,flt_63b201cd,economy,corporate,8446.79,1351.49,INR,15,7,1,1013.61,0,146,active,2026-08-18T10:00:00+05:30
far_f442b835,flt_63b201cd,business,corporate,26185.05,4189.61,INR,30,7,1,,0,24,active,2026-08-18T10:00:00+05:30
far_bf427ef0,flt_63b201cd,business,saver,20948.04,3351.69,INR,30,7,0,,0,9,active,2026-08-18T10:00:00+05:30
far_fad10c84,flt_14158166,economy,saver,8643.24,1382.92,INR,15,7,0,,0,127,active,2026-08-18T10:00:00+05:30
far_0b5a598a,flt_14158166,economy,standard,9821.86,1571.50,INR,15,7,0,1178.62,0,52,active,2026-08-18T10:00:00+05:30
far_263596bd,flt_14158166,business,promo,23749.26,3799.88,INR,30,7,0,2849.91,0,38,active,2026-08-18T10:00:00+05:30
far_54b62e4a,flt_14158166,business,standard,30447.76,4871.64,INR,30,7,0,,0,5,active,2026-08-18T10:00:00+05:30
far_db03bcdd,flt_5cef9a2d,economy,saver,9948.78,1591.81,INR,15,7,0,,0,134,active,2026-08-18T10:00:00+05:30
far_a12e78a1,flt_5cef9a2d,economy,promo,8818.24,1410.92,INR,15,7,0,,0,34,active,2026-08-18T10:00:00+05:30
far_cdccfec0,flt_5cef9a2d,business,saver,30841.23,4934.60,INR,30,7,0,,0,22,active,2026-08-18T10:00:00+05:30
far_9848db03,flt_5cef9a2d,business,corporate,38551.53,6168.25,INR,30,7,1,4626.18,0,39,active,2026-08-18T10:00:00+05:30
far_40fd2681,flt_036d40f8,economy,saver,4944.15,791.06,INR,15,7,0,,0,143,active,2026-08-18T10:00:00+05:30
far_c472cb92,flt_036d40f8,economy,promo,4382.31,701.17,INR,15,7,0,525.88,0,42,active,2026-08-18T10:00:00+05:30
far_a3ce021b,flt_036d40f8,business,standard,17416.88,2786.70,INR,30,7,0,,0,27,active,2026-08-18T10:00:00+05:30
far_542b8f43,flt_036d40f8,business,corporate,19158.57,3065.37,INR,30,7,1,2299.03,0,39,active,2026-08-18T10:00:00+05:30
far_ccb9604c,flt_afef1f32,economy,corporate,7634.81,1221.57,INR,15,7,1,,0,74,active,2026-08-18T10:00:00+05:30
far_39c44804,flt_afef1f32,economy,saver,6107.85,977.26,INR,15,7,0,732.94,0,102,active,2026-08-18T10:00:00+05:30
far_180727d6,flt_afef1f32,business,standard,21516.29,3442.61,INR,30,7,0,,0,11,active,2026-08-18T10:00:00+05:30
far_144e1cc4,flt_afef1f32,business,corporate,23667.91,3786.87,INR,30,7,1,2840.15,0,39,active,2026-08-18T10:00:00+05:30
far_75d32fc4,flt_cf844a1d,economy,corporate,3412230.52,545956.88,IDR,15,7,1,,0,94,active,2026-08-18T10:00:00+05:30
far_7197638d,flt_cf844a1d,economy,saver,2729784.41,436765.51,IDR,15,7,0,327574.13,0,105,active,2026-08-18T10:00:00+05:30
far_f5a36b79,flt_cf844a1d,business,flex,11731868.92,1877099.03,IDR,30,7,1,1407824.27,1,35,active,2026-08-18T10:00:00+05:30
far_9abf054e,flt_cf844a1d,business,standard,9616286.00,1538605.76,IDR,30,7,0,,0,22,active,2026-08-18T10:00:00+05:30
far_3ff65894,flt_2f2622a4,economy,promo,2342.17,374.75,THB,15,7,0,281.06,0,25,active,2026-08-18T10:00:00+05:30
far_8af229c2,flt_2f2622a4,economy,standard,3002.78,480.45,THB,15,7,0,360.33,0,101,active,2026-08-18T10:00:00+05:30
far_63b2ed9f,flt_2f2622a4,business,standard,9308.63,1489.38,THB,30,7,0,1117.04,0,20,active,2026-08-18T10:00:00+05:30
far_5edd4b6a,flt_2f2622a4,business,flex,11356.53,1817.04,THB,30,7,1,1362.78,1,28,active,2026-08-18T10:00:00+05:30
far_42665e0b,flt_08464b4d,economy,flex,11808.33,1889.33,INR,15,7,1,1417.00,1,164,active,2026-08-18T10:00:00+05:30
far_bcea6b12,flt_08464b4d,economy,corporate,10646.85,1703.50,INR,15,7,1,1277.62,0,153,active,2026-08-18T10:00:00+05:30
far_ecfdd7f4,flt_08464b4d,business,saver,26404.20,4224.67,INR,30,7,0,,0,21,active,2026-08-18T10:00:00+05:30
far_b69d8596,flt_08464b4d,business,standard,30004.77,4800.76,INR,30,7,0,3600.57,0,30,active,2026-08-18T10:00:00+05:30
far_5e21d74c,flt_b783bc92,economy,flex,28569.28,4571.08,INR,15,7,1,3428.31,1,79,active,2026-08-18T10:00:00+05:30
far_6ac9ee8f,flt_b783bc92,economy,standard,23417.44,3746.79,INR,15,7,0,,0,144,active,2026-08-18T10:00:00+05:30
far_c68db840,flt_b783bc92,business,standard,72594.07,11615.05,INR,30,7,0,,0,25,active,2026-08-18T10:00:00+05:30
far_16af0d66,flt_b783bc92,business,promo,56623.38,9059.74,INR,30,7,0,6794.81,0,27,active,2026-08-18T10:00:00+05:30
far_759603d3,flt_f04943fe,economy,flex,4264.64,682.34,INR,15,7,1,,1,52,active,2026-08-18T10:00:00+05:30
far_e7f327be,flt_09c89ccc,economy,standard,14544.48,2327.12,INR,15,7,0,1745.34,0,53,active,2026-08-18T10:00:00+05:30
far_35ef110b,flt_09c89ccc,economy,saver,12799.14,2047.86,INR,15,7,0,,0,163,active,2026-08-18T10:00:00+05:30
far_bdd83c59,flt_09c89ccc,business,flex,55007.23,8801.16,INR,30,7,1,,1,35,active,2026-08-18T10:00:00+05:30
far_691b4737,flt_09c89ccc,business,corporate,49596.69,7935.47,INR,30,7,1,,0,4,active,2026-08-18T10:00:00+05:30
far_2d89428f,flt_894bd007,economy,saver,5981.91,957.11,INR,15,7,0,717.83,0,77,active,2026-08-18T10:00:00+05:30
far_cb37a10e,flt_894bd007,economy,flex,8293.11,1326.90,INR,15,7,1,,1,32,active,2026-08-18T10:00:00+05:30
far_3d800bdb,flt_894bd007,business,saver,18543.93,2967.03,INR,30,7,0,2225.27,0,33,active,2026-08-18T10:00:00+05:30
far_837b390c,flt_894bd007,business,promo,16436.67,2629.87,INR,30,7,0,,0,32,active,2026-08-18T10:00:00+05:30
far_d208a36f,flt_18aa7957,economy,promo,2560.77,409.72,INR,15,7,0,307.29,0,41,active,2026-08-18T10:00:00+05:30
far_4657a3f6,flt_18aa7957,economy,corporate,3611.34,577.81,INR,15,7,1,,0,103,active,2026-08-18T10:00:00+05:30
far_76350a6c,flt_18aa7957,business,standard,10177.41,1628.39,INR,30,7,0,,0,24,active,2026-08-18T10:00:00+05:30
far_ea817c77,flt_18aa7957,business,promo,7938.38,1270.14,INR,30,7,0,,0,26,active,2026-08-18T10:00:00+05:30
far_d9ce2c02,flt_02687a7a,economy,promo,8772.68,1403.63,INR,15,7,0,1052.72,0,26,active,2026-08-18T10:00:00+05:30
far_1dbdb1bf,flt_02687a7a,economy,corporate,12371.72,1979.48,INR,15,7,1,,0,160,active,2026-08-18T10:00:00+05:30
far_b8169f69,flt_02687a7a,business,flex,42536.24,6805.80,INR,30,7,1,5104.35,1,9,active,2026-08-18T10:00:00+05:30
far_a54b348c,flt_02687a7a,business,standard,34865.77,5578.52,INR,30,7,0,,0,23,active,2026-08-18T10:00:00+05:30
far_852e7fee,flt_3a84c500,economy,corporate,5233.96,837.43,INR,15,7,1,,0,25,active,2026-08-18T10:00:00+05:30
far_66778f86,flt_3a84c500,economy,standard,4758.15,761.30,INR,15,7,0,570.98,0,30,active,2026-08-18T10:00:00+05:30
far_08f849f3,flt_3a84c500,business,saver,12980.23,2076.84,INR,30,7,0,,0,30,active,2026-08-18T10:00:00+05:30
far_14f806b9,flt_3a84c500,business,flex,17995.32,2879.25,INR,30,7,1,2159.44,1,27,active,2026-08-18T10:00:00+05:30
far_c87eb9f7,flt_7ec5d79b,economy,flex,354.65,56.74,MYR,15,7,1,42.56,1,111,active,2026-08-18T10:00:00+05:30
far_738db108,flt_7ec5d79b,economy,standard,290.70,46.51,MYR,15,7,0,34.88,0,127,active,2026-08-18T10:00:00+05:30
far_44c37970,flt_7ec5d79b,business,corporate,991.28,158.61,MYR,30,7,1,,0,38,active,2026-08-18T10:00:00+05:30
far_7ae230cf,flt_7ec5d79b,business,promo,702.91,112.47,MYR,30,7,0,84.35,0,21,active,2026-08-18T10:00:00+05:30
far_6e57fced,flt_ce45eb1d,economy,saver,3799508.90,607921.42,IDR,15,7,0,,0,22,active,2026-08-18T10:00:00+05:30
far_2861363f,flt_ce45eb1d,economy,flex,5267500.97,842800.16,IDR,15,7,1,632100.12,1,95,active,2026-08-18T10:00:00+05:30
far_382697d3,flt_ce45eb1d,business,corporate,14723096.97,2355695.52,IDR,30,7,1,1766771.64,0,37,active,2026-08-18T10:00:00+05:30
far_657e3b29,flt_ce45eb1d,business,flex,16329253.01,2612680.48,IDR,30,7,1,1959510.36,1,27,active,2026-08-18T10:00:00+05:30
far_ef9c3a8b,flt_4d0efa30,economy,saver,3913.78,626.20,INR,15,7,0,469.65,0,32,active,2026-08-18T10:00:00+05:30
far_8da3a239,flt_e2b541a1,economy,promo,11781.64,1885.06,INR,15,7,0,1413.80,0,64,active,2026-08-18T10:00:00+05:30
far_cd0b50cb,flt_e2b541a1,economy,corporate,16615.14,2658.42,INR,15,7,1,,0,58,active,2026-08-18T10:00:00+05:30
far_c8ec6401,flt_e2b541a1,business,standard,46824.47,7491.92,INR,30,7,0,5618.94,0,24,active,2026-08-18T10:00:00+05:30
far_0e766d84,flt_e2b541a1,business,corporate,51506.92,8241.11,INR,30,7,1,6180.83,0,25,active,2026-08-18T10:00:00+05:30
far_56772f10,flt_dc610f9a,economy,standard,5513.97,882.23,INR,15,7,0,661.68,0,103,active,2026-08-18T10:00:00+05:30
far_481ca49e,flt_dc610f9a,economy,promo,4300.89,688.14,INR,15,7,0,,0,42,active,2026-08-18T10:00:00+05:30
far_8a32a550,flt_dc610f9a,business,promo,13332.77,2133.24,INR,30,7,0,1599.93,0,17,active,2026-08-18T10:00:00+05:30
far_b66bf7c4,flt_dc610f9a,business,standard,17093.30,2734.93,INR,30,7,0,2051.20,0,11,active,2026-08-18T10:00:00+05:30
far_272f8d1c,flt_d10c6dfb,economy,promo,2431.47,389.04,INR,15,7,0,291.78,0,80,active,2026-08-18T10:00:00+05:30
far_9e40617f,flt_d10c6dfb,economy,flex,3803.07,608.49,INR,15,7,1,,1,75,active,2026-08-18T10:00:00+05:30
far_be0e03c7,flt_d10c6dfb,business,corporate,10629.89,1700.78,INR,30,7,1,1275.59,0,15,active,2026-08-18T10:00:00+05:30
far_b05dc071,flt_d10c6dfb,business,standard,9663.53,1546.17,INR,30,7,0,1159.62,0,6,active,2026-08-18T10:00:00+05:30
far_4b992185,flt_64794f2a,economy,promo,2578.12,412.50,INR,15,7,0,,0,148,active,2026-08-18T10:00:00+05:30
far_aa3dedbf,flt_64794f2a,economy,flex,4032.44,645.19,INR,15,7,1,,1,81,active,2026-08-18T10:00:00+05:30
far_1b36940d,flt_64794f2a,business,standard,10246.36,1639.42,INR,30,7,0,1229.56,0,20,active,2026-08-18T10:00:00+05:30
far_ed22dec1,flt_64794f2a,business,flex,12500.56,2000.09,INR,30,7,1,1500.07,1,16,active,2026-08-18T10:00:00+05:30
far_4e61846e,flt_9f661848,economy,standard,3518.61,562.98,INR,15,7,0,,0,137,active,2026-08-18T10:00:00+05:30
far_c7344e77,flt_869fc37f,economy,corporate,117.91,18.87,SGD,15,7,1,14.15,0,118,active,2026-08-18T10:00:00+05:30
far_f6caf0cd,flt_869fc37f,economy,saver,94.33,15.09,SGD,15,7,0,11.32,0,36,active,2026-08-18T10:00:00+05:30
far_8d0d7e79,flt_869fc37f,business,corporate,365.51,58.48,SGD,30,7,1,43.86,0,16,active,2026-08-18T10:00:00+05:30
far_564a0fd4,flt_869fc37f,business,flex,405.38,64.86,SGD,30,7,1,48.65,1,39,active,2026-08-18T10:00:00+05:30
far_30cfb017,flt_c3312b4f,economy,flex,4438657.89,710185.26,IDR,15,7,1,,1,74,active,2026-08-18T10:00:00+05:30
far_fbe4af33,flt_c3312b4f,economy,saver,3201654.87,512264.78,IDR,15,7,0,384198.58,0,76,active,2026-08-18T10:00:00+05:30
far_948c2ff8,flt_c3312b4f,business,flex,13759839.47,2201574.31,IDR,30,7,1,1651180.74,1,35,active,2026-08-18T10:00:00+05:30
far_f60ba03b,flt_c3312b4f,business,promo,8797274.41,1407563.91,IDR,30,7,0,1055672.93,0,26,active,2026-08-18T10:00:00+05:30
far_4c6758ed,flt_bccc3394,economy,corporate,841.82,134.69,MYR,15,7,1,101.02,0,80,active,2026-08-18T10:00:00+05:30
far_438b2cd6,flt_bccc3394,economy,standard,765.29,122.45,MYR,15,7,0,91.83,0,110,active,2026-08-18T10:00:00+05:30
far_31bfbd17,flt_bccc3394,business,flex,2894.32,463.09,MYR,30,7,1,347.32,1,26,active,2026-08-18T10:00:00+05:30
far_5e969df7,flt_bccc3394,business,promo,1850.46,296.07,MYR,30,7,0,,0,38,active,2026-08-18T10:00:00+05:30
far_c3a35a15,flt_f8e4e161,economy,flex,3443449.85,550951.98,IDR,15,7,1,,1,94,active,2026-08-18T10:00:00+05:30
far_6ed80f74,flt_a433b181,economy,promo,1171.07,187.37,INR,15,7,0,140.53,0,159,active,2026-08-18T10:00:00+05:30
far_1b1c878d,flt_a433b181,economy,saver,1321.20,211.39,INR,15,7,0,158.54,0,132,active,2026-08-18T10:00:00+05:30
far_d2d43b63,flt_a433b181,business,saver,4095.73,655.32,INR,30,7,0,,0,31,active,2026-08-18T10:00:00+05:30
far_8ce55da8,flt_a433b181,business,promo,3630.31,580.85,INR,30,7,0,,0,18,active,2026-08-18T10:00:00+05:30
far_e31bd9dd,flt_6502c19c,economy,flex,5472455.86,875592.94,IDR,15,7,1,656694.70,1,123,active,2026-08-18T10:00:00+05:30
far_345ef3b9,flt_6502c19c,economy,standard,4485619.56,717699.13,IDR,15,7,0,,0,89,active,2026-08-18T10:00:00+05:30
far_530fe732,flt_6502c19c,business,promo,10846228.09,1735396.49,IDR,30,7,0,,0,15,active,2026-08-18T10:00:00+05:30
far_cbc7157c,flt_6502c19c,business,corporate,15295962.69,2447354.03,IDR,30,7,1,1835515.52,0,11,active,2026-08-18T10:00:00+05:30
far_305dee72,flt_e69c5430,economy,flex,15873.81,2539.81,INR,15,7,1,,1,119,active,2026-08-18T10:00:00+05:30
far_fff1d9c5,flt_d07d52c4,economy,promo,4137326.31,661972.21,IDR,15,7,0,496479.16,0,151,active,2026-08-18T10:00:00+05:30
far_2b4bb0ad,flt_d07d52c4,economy,flex,6471202.68,1035392.43,IDR,15,7,1,776544.32,1,156,active,2026-08-18T10:00:00+05:30
far_d73e32fc,flt_d07d52c4,business,saver,14470033.54,2315205.37,IDR,30,7,0,1736404.02,0,38,active,2026-08-18T10:00:00+05:30
far_3554a4d1,flt_d07d52c4,business,flex,20060728.32,3209716.53,IDR,30,7,1,,1,37,active,2026-08-18T10:00:00+05:30
far_799fad59,flt_5ad20238,economy,corporate,408.54,65.37,MYR,15,7,1,,0,137,active,2026-08-18T10:00:00+05:30
far_a47f632b,flt_5ad20238,economy,standard,371.40,59.42,MYR,15,7,0,,0,109,active,2026-08-18T10:00:00+05:30
far_386462c7,flt_5ad20238,business,promo,898.04,143.69,MYR,30,7,0,107.77,0,6,active,2026-08-18T10:00:00+05:30
far_5e952c3c,flt_5ad20238,business,saver,1013.18,162.11,MYR,30,7,0,,0,9,active,2026-08-18T10:00:00+05:30
far_7790975f,flt_252899f5,economy,flex,245.95,39.35,SGD,15,7,1,29.51,1,76,active,2026-08-18T10:00:00+05:30
far_91b4a9ba,flt_bf5a4cfe,economy,standard,3809.53,609.53,INR,15,7,0,457.14,0,133,active,2026-08-18T10:00:00+05:30
far_522c523a,flt_06c02b07,economy,promo,6360.04,1017.61,INR,15,7,0,,0,144,active,2026-08-18T10:00:00+05:30
far_166f7466,flt_06c02b07,economy,saver,7175.42,1148.07,INR,15,7,0,861.05,0,120,active,2026-08-18T10:00:00+05:30
far_9778584e,flt_06c02b07,business,standard,25277.06,4044.33,INR,30,7,0,,0,26,active,2026-08-18T10:00:00+05:30
far_f356c032,flt_06c02b07,business,corporate,27804.77,4448.76,INR,30,7,1,3336.57,0,22,active,2026-08-18T10:00:00+05:30
far_f23940d3,flt_e7263476,economy,promo,9727.23,1556.36,INR,15,7,0,,0,69,active,2026-08-18T10:00:00+05:30
far_a8016670,flt_e7263476,economy,corporate,13717.88,2194.86,INR,15,7,1,,0,130,active,2026-08-18T10:00:00+05:30
far_dcd6f09c,flt_e7263476,business,saver,34020.35,5443.26,INR,30,7,0,4082.44,0,37,active,2026-08-18T10:00:00+05:30
far_bb9c4de8,flt_e7263476,business,promo,30154.40,4824.70,INR,30,7,0,3618.53,0,11,active,2026-08-18T10:00:00+05:30
far_3bdd540d,flt_505b8d29,economy,promo,4420.88,707.34,INR,15,7,0,530.51,0,50,active,2026-08-18T10:00:00+05:30
far_df89ebd3,flt_505b8d29,economy,standard,5667.79,906.85,INR,15,7,0,,0,83,active,2026-08-18T10:00:00+05:30
far_7da278f4,flt_505b8d29,business,flex,21435.58,3429.69,INR,30,7,1,2572.27,1,7,active,2026-08-18T10:00:00+05:30
far_ee202277,flt_505b8d29,business,standard,17570.15,2811.22,INR,30,7,0,2108.42,0,16,active,2026-08-18T10:00:00+05:30
far_c691bd83,flt_56c5f4b8,economy,saver,17525.87,2804.14,INR,15,7,0,2103.10,0,34,active,2026-08-18T10:00:00+05:30
far_129d2419,flt_56c5f4b8,economy,flex,24297.23,3887.56,INR,15,7,1,,1,31,active,2026-08-18T10:00:00+05:30
far_365a7df9,flt_56c5f4b8,business,saver,54330.19,8692.83,INR,30,7,0,,0,27,active,2026-08-18T10:00:00+05:30
far_9eda1e3b,flt_56c5f4b8,business,standard,61738.85,9878.22,INR,30,7,0,7408.66,0,27,active,2026-08-18T10:00:00+05:30
far_82754f5c,flt_ebec5546,economy,corporate,21340.59,3414.49,INR,15,7,1,2560.87,0,75,active,2026-08-18T10:00:00+05:30
far_f6f7e1a8,flt_ebec5546,economy,flex,23668.66,3786.98,INR,15,7,1,,1,77,active,2026-08-18T10:00:00+05:30
far_69f7f617,flt_ebec5546,business,saver,52924.66,8467.95,INR,30,7,0,6350.96,0,17,active,2026-08-18T10:00:00+05:30
far_12a1950a,flt_ebec5546,business,flex,73372.83,11739.65,INR,30,7,1,8804.74,1,9,active,2026-08-18T10:00:00+05:30
far_d8f7c37b,flt_cdfffb17,economy,corporate,6836.91,1093.91,INR,15,7,1,820.43,0,99,active,2026-08-18T10:00:00+05:30
far_0340c45c,flt_cdfffb17,economy,saver,5469.53,875.12,INR,15,7,0,656.34,0,126,active,2026-08-18T10:00:00+05:30
far_aaf2966f,flt_cdfffb17,business,saver,16955.54,2712.89,INR,30,7,0,2034.66,0,39,active,2026-08-18T10:00:00+05:30
far_5172ea01,flt_cdfffb17,business,corporate,21194.42,3391.11,INR,30,7,1,,0,33,active,2026-08-18T10:00:00+05:30
far_97af819a,flt_b9dd706a,economy,saver,5008.36,801.34,INR,15,7,0,,0,118,active,2026-08-18T10:00:00+05:30
far_c7fe1502,flt_2d1319b9,economy,standard,10498.94,1679.83,INR,15,7,0,1259.87,0,114,active,2026-08-18T10:00:00+05:30
far_204d4c84,flt_2d1319b9,economy,saver,9239.07,1478.25,INR,15,7,0,,0,45,active,2026-08-18T10:00:00+05:30
far_57473961,flt_2d1319b9,business,saver,28641.11,4582.58,INR,30,7,0,3436.93,0,14,active,2026-08-18T10:00:00+05:30
far_70bc148e,flt_2d1319b9,business,promo,25386.44,4061.83,INR,30,7,0,3046.37,0,39,active,2026-08-18T10:00:00+05:30
far_b2f54780,flt_5fd7c91b,economy,promo,3809.24,609.48,THB,15,7,0,,0,92,active,2026-08-18T10:00:00+05:30
far_503dda96,flt_5fd7c91b,economy,standard,4883.64,781.38,THB,15,7,0,,0,26,active,2026-08-18T10:00:00+05:30
far_f27460a1,flt_5fd7c91b,business,corporate,16653.22,2664.51,THB,30,7,1,,0,16,active,2026-08-18T10:00:00+05:30
far_0c031852,flt_5fd7c91b,business,promo,11808.65,1889.38,THB,30,7,0,1417.04,0,28,active,2026-08-18T10:00:00+05:30
far_a33485af,flt_143f7efa,economy,standard,18166.74,2906.68,INR,15,7,0,2180.01,0,117,active,2026-08-18T10:00:00+05:30
far_0c55db48,flt_143f7efa,economy,saver,15986.73,2557.88,INR,15,7,0,1918.41,0,122,active,2026-08-18T10:00:00+05:30
far_6571321c,flt_143f7efa,business,flex,68706.62,10993.06,INR,30,7,1,,1,36,active,2026-08-18T10:00:00+05:30
far_af7c2213,flt_143f7efa,business,saver,49558.87,7929.42,INR,30,7,0,,0,4,active,2026-08-18T10:00:00+05:30
far_41f790e5,flt_8b09e118,economy,corporate,12079.82,1932.77,INR,15,7,1,1449.58,0,136,active,2026-08-18T10:00:00+05:30
far_f66e3d86,flt_8b09e118,economy,standard,10981.65,1757.06,INR,15,7,0,1317.80,0,76,active,2026-08-18T10:00:00+05:30
far_1aef8e85,flt_8b09e118,business,saver,29957.95,4793.27,INR,30,7,0,3594.95,0,34,active,2026-08-18T10:00:00+05:30
far_bb06d684,flt_8b09e118,business,flex,41532.62,6645.22,INR,30,7,1,4983.91,1,8,active,2026-08-18T10:00:00+05:30
far_bcce7d87,flt_6bfd5437,economy,standard,9190.97,1470.55,INR,15,7,0,,0,112,active,2026-08-18T10:00:00+05:30
far_6de2876a,flt_fed5a42f,economy,saver,8458.94,1353.43,INR,15,7,0,1015.07,0,24,active,2026-08-18T10:00:00+05:30
far_b047c11f,flt_fed5a42f,economy,promo,7497.69,1199.63,INR,15,7,0,899.72,0,84,active,2026-08-18T10:00:00+05:30
far_34c132c5,flt_fed5a42f,business,corporate,32778.38,5244.54,INR,30,7,1,3933.41,0,13,active,2026-08-18T10:00:00+05:30
far_21550d11,flt_fed5a42f,business,promo,23242.85,3718.86,INR,30,7,0,2789.14,0,33,active,2026-08-18T10:00:00+05:30
far_de1eb7fa,flt_9baca848,economy,flex,4382.49,701.20,INR,15,7,1,525.90,1,24,active,2026-08-18T10:00:00+05:30
far_cf53cfd1,flt_9baca848,economy,saver,3161.14,505.78,INR,15,7,0,379.34,0,109,active,2026-08-18T10:00:00+05:30
far_6a1cd5f7,flt_9baca848,business,saver,9799.53,1567.92,INR,30,7,0,1175.94,0,7,active,2026-08-18T10:00:00+05:30
far_cfd78c79,flt_9baca848,business,standard,11135.83,1781.73,INR,30,7,0,,0,16,active,2026-08-18T10:00:00+05:30
far_b28d6e76,flt_b640e033,economy,standard,13489.56,2158.33,INR,15,7,0,,0,76,active,2026-08-18T10:00:00+05:30
far_7463316e,flt_b640e033,economy,saver,11870.81,1899.33,INR,15,7,0,1424.50,0,50,active,2026-08-18T10:00:00+05:30
far_e9aba3de,flt_b640e033,business,flex,51017.50,8162.80,INR,30,7,1,6122.10,1,24,active,2026-08-18T10:00:00+05:30
far_d67a1c22,flt_b640e033,business,saver,36799.51,5887.92,INR,30,7,0,4415.94,0,8,active,2026-08-18T10:00:00+05:30
far_549d7851,flt_1788d4db,economy,corporate,7044.70,1127.15,INR,15,7,1,845.36,0,139,active,2026-08-18T10:00:00+05:30
far_5f1f8984,flt_1788d4db,economy,saver,5635.76,901.72,INR,15,7,0,,0,61,active,2026-08-18T10:00:00+05:30
far_d6511573,flt_1788d4db,business,corporate,21838.57,3494.17,INR,30,7,1,2620.63,0,7,active,2026-08-18T10:00:00+05:30
far_b4140dd1,flt_1788d4db,business,saver,17470.86,2795.34,INR,30,7,0,2096.50,0,13,active,2026-08-18T10:00:00+05:30
far_4637e88f,flt_7f72876b,economy,saver,1254.14,200.66,INR,15,7,0,,0,96,active,2026-08-18T10:00:00+05:30
far_c23628cb,flt_acbc88f5,economy,promo,3837.03,613.92,INR,15,7,0,460.44,0,77,active,2026-08-18T10:00:00+05:30
far_b8857087,flt_acbc88f5,economy,flex,6001.50,960.24,INR,15,7,1,720.18,1,86,active,2026-08-18T10:00:00+05:30
far_93f7faea,flt_acbc88f5,business,corporate,16774.69,2683.95,INR,30,7,1,2012.96,0,7,active,2026-08-18T10:00:00+05:30
far_64190ee2,flt_acbc88f5,business,standard,15249.72,2439.96,INR,30,7,0,,0,21,active,2026-08-18T10:00:00+05:30
far_a13bae5f,flt_b5b2ce96,economy,standard,331.97,53.11,SGD,15,7,0,39.84,0,68,active,2026-08-18T10:00:00+05:30
far_23ca48b4,flt_b5b2ce96,economy,corporate,365.16,58.43,SGD,15,7,1,43.82,0,53,active,2026-08-18T10:00:00+05:30
far_08b0e8d3,flt_b5b2ce96,business,promo,802.69,128.43,SGD,30,7,0,96.32,0,31,active,2026-08-18T10:00:00+05:30
far_92f9f439,flt_b5b2ce96,business,corporate,1132.00,181.12,SGD,30,7,1,135.84,0,23,active,2026-08-18T10:00:00+05:30
far_0b1d8699,flt_655984e3,economy,flex,10594.66,1695.15,INR,15,7,1,1271.36,1,65,active,2026-08-18T10:00:00+05:30
far_6d771dbc,flt_655984e3,economy,corporate,9552.56,1528.41,INR,15,7,1,1146.31,0,86,active,2026-08-18T10:00:00+05:30
far_b8ec1364,flt_655984e3,business,flex,32843.45,5254.95,INR,30,7,1,3941.21,1,32,active,2026-08-18T10:00:00+05:30
far_65bbda2d,flt_655984e3,business,promo,20998.27,3359.72,INR,30,7,0,2519.79,0,19,active,2026-08-18T10:00:00+05:30
far_602dd70f,flt_4de00ee5,economy,saver,3655.13,584.82,INR,15,7,0,,0,76,active,2026-08-18T10:00:00+05:30
far_5980a6c4,flt_4de00ee5,economy,promo,3239.77,518.36,INR,15,7,0,388.77,0,28,active,2026-08-18T10:00:00+05:30
far_1105f352,flt_4de00ee5,business,promo,10043.30,1606.93,INR,30,7,0,1205.20,0,28,active,2026-08-18T10:00:00+05:30
far_5b765e63,flt_4de00ee5,business,standard,12876.02,2060.16,INR,30,7,0,,0,29,active,2026-08-18T10:00:00+05:30
far_ec8f2a42,flt_c4b5b2f8,economy,promo,10535.21,1685.63,INR,15,7,0,,0,71,active,2026-08-18T10:00:00+05:30
far_5aeecc0e,flt_c4b5b2f8,economy,flex,16478.14,2636.50,INR,15,7,1,1977.38,1,112,active,2026-08-18T10:00:00+05:30
far_74e354ca,flt_c4b5b2f8,business,promo,32659.14,5225.46,INR,30,7,0,,0,33,active,2026-08-18T10:00:00+05:30
far_9cbed64a,flt_c4b5b2f8,business,standard,41870.70,6699.31,INR,30,7,0,,0,19,active,2026-08-18T10:00:00+05:30
far_f7d449fd,flt_87523c15,economy,corporate,665.18,106.43,AED,15,7,1,,0,27,active,2026-08-18T10:00:00+05:30
far_0a085d07,flt_00639ea0,economy,promo,3778.49,604.56,INR,15,7,0,453.42,0,82,active,2026-08-18T10:00:00+05:30
far_7493da1a,flt_00639ea0,economy,saver,4262.91,682.07,INR,15,7,0,511.55,0,21,active,2026-08-18T10:00:00+05:30
far_50e0464d,flt_00639ea0,business,promo,11713.31,1874.13,INR,30,7,0,,0,13,active,2026-08-18T10:00:00+05:30
far_6b196a45,flt_00639ea0,business,saver,13215.01,2114.40,INR,30,7,0,1585.80,0,14,active,2026-08-18T10:00:00+05:30
far_bf25d60d,flt_ba85c627,economy,promo,13580.51,2172.88,INR,15,7,0,,0,57,active,2026-08-18T10:00:00+05:30
far_f9198126,flt_09c0a806,economy,corporate,202.65,32.42,SGD,15,7,1,24.32,0,141,active,2026-08-18T10:00:00+05:30
far_3463f3e1,flt_09c0a806,economy,promo,143.70,22.99,SGD,15,7,0,17.24,0,94,active,2026-08-18T10:00:00+05:30
far_47f6081e,flt_09c0a806,business,flex,696.76,111.48,SGD,30,7,1,83.61,1,37,active,2026-08-18T10:00:00+05:30
far_931ad3c9,flt_09c0a806,business,standard,571.11,91.38,SGD,30,7,0,68.53,0,14,active,2026-08-18T10:00:00+05:30
far_7d460c13,flt_6a80a25c,economy,saver,5489.22,878.27,INR,15,7,0,,0,85,active,2026-08-18T10:00:00+05:30
far_5e1ce50f,flt_6a80a25c,economy,corporate,6861.52,1097.84,INR,15,7,1,,0,31,active,2026-08-18T10:00:00+05:30
far_51ac768e,flt_6a80a25c,business,saver,17016.58,2722.65,INR,30,7,0,2041.99,0,14,active,2026-08-18T10:00:00+05:30
far_e89bfd2a,flt_6a80a25c,business,corporate,21270.72,3403.32,INR,30,7,1,2552.49,0,7,active,2026-08-18T10:00:00+05:30
far_de4bae40,flt_34ed9542,economy,saver,7347.82,1175.65,INR,15,7,0,881.74,0,106,active,2026-08-18T10:00:00+05:30
far_8607dd73,flt_34ed9542,economy,promo,6512.84,1042.05,INR,15,7,0,,0,129,active,2026-08-18T10:00:00+05:30
far_fd804ac9,flt_34ed9542,business,promo,20189.81,3230.37,INR,30,7,0,2422.78,0,26,active,2026-08-18T10:00:00+05:30
far_500e0802,flt_34ed9542,business,flex,31578.93,5052.63,INR,30,7,1,3789.47,1,16,active,2026-08-18T10:00:00+05:30
far_ace7199b,flt_20b88a51,economy,promo,446.68,71.47,MYR,15,7,0,,0,40,active,2026-08-18T10:00:00+05:30
far_2c6449f7,flt_2669adb7,economy,corporate,4347.86,695.66,INR,15,7,1,521.74,0,50,active,2026-08-18T10:00:00+05:30
far_1f5e9834,flt_2669adb7,economy,promo,3083.03,493.28,INR,15,7,0,,0,82,active,2026-08-18T10:00:00+05:30
far_d32ece2d,flt_2669adb7,business,promo,9557.39,1529.18,INR,30,7,0,,0,33,active,2026-08-18T10:00:00+05:30
far_3d7caa22,flt_2669adb7,business,standard,12253.06,1960.49,INR,30,7,0,,0,16,active,2026-08-18T10:00:00+05:30
far_0eaa620b,flt_afe40a0a,economy,promo,3778092.96,604494.87,IDR,15,7,0,453371.15,0,152,active,2026-08-18T10:00:00+05:30
far_7795d649,flt_afe40a0a,economy,flex,5909324.88,945491.98,IDR,15,7,1,709118.99,1,147,active,2026-08-18T10:00:00+05:30
far_9a81a3b8,flt_afe40a0a,business,promo,11712088.16,1873934.11,IDR,30,7,0,,0,10,active,2026-08-18T10:00:00+05:30
far_3d123885,flt_afe40a0a,business,standard,15015497.64,2402479.62,IDR,30,7,0,1801859.72,0,13,active,2026-08-18T10:00:00+05:30
far_ee0b89e6,flt_0a8088ec,economy,corporate,1262.15,201.94,MYR,15,7,1,,0,94,active,2026-08-18T10:00:00+05:30
far_926cc5c7,flt_0a8088ec,economy,flex,1399.84,223.97,MYR,15,7,1,,1,148,active,2026-08-18T10:00:00+05:30
far_7a344fe0,flt_0a8088ec,business,promo,2774.44,443.91,MYR,30,7,0,,0,39,active,2026-08-18T10:00:00+05:30
far_5e493877,flt_0a8088ec,business,flex,4339.50,694.32,MYR,30,7,1,520.74,1,21,active,2026-08-18T10:00:00+05:30
far_25bd93b5,flt_fed90ff6,economy,saver,6997.51,1119.60,INR,15,7,0,,0,43,active,2026-08-18T10:00:00+05:30
far_0aac08ec,flt_fed90ff6,economy,standard,7951.71,1272.27,INR,15,7,0,,0,28,active,2026-08-18T10:00:00+05:30
far_df589a94,flt_fed90ff6,business,flex,30073.38,4811.74,INR,30,7,1,3608.81,1,26,active,2026-08-18T10:00:00+05:30
far_6141da72,flt_fed90ff6,business,saver,21692.27,3470.76,INR,30,7,0,,0,26,active,2026-08-18T10:00:00+05:30
far_55f6f236,flt_62073f0d,economy,standard,13958.38,2233.34,INR,15,7,0,,0,128,active,2026-08-18T10:00:00+05:30
far_9258d74b,flt_62073f0d,economy,promo,10887.54,1742.01,INR,15,7,0,,0,156,active,2026-08-18T10:00:00+05:30
far_53ea6333,flt_62073f0d,business,flex,52790.60,8446.50,INR,30,7,1,6334.87,1,21,active,2026-08-18T10:00:00+05:30
far_6a9fa227,flt_62073f0d,business,corporate,47598.08,7615.69,INR,30,7,1,5711.77,0,13,active,2026-08-18T10:00:00+05:30
far_6c25b540,flt_75b43060,economy,corporate,1556.88,249.10,INR,15,7,1,186.83,0,54,active,2026-08-18T10:00:00+05:30
far_f5e11374,flt_557b60c4,economy,promo,5199.75,831.96,INR,15,7,0,623.97,0,146,active,2026-08-18T10:00:00+05:30
far_51bd9c32,flt_557b60c4,economy,standard,6666.35,1066.62,INR,15,7,0,799.96,0,132,active,2026-08-18T10:00:00+05:30
far_65ffa690,flt_557b60c4,business,flex,25212.14,4033.94,INR,30,7,1,,1,22,active,2026-08-18T10:00:00+05:30
far_a711db8e,flt_557b60c4,business,promo,16119.24,2579.08,INR,30,7,0,,0,4,active,2026-08-18T10:00:00+05:30
far_46e26e73,flt_24d4e4f7,economy,corporate,18887.92,3022.07,INR,15,7,1,2266.55,0,64,active,2026-08-18T10:00:00+05:30
far_74bbb552,flt_24d4e4f7,economy,promo,13393.25,2142.92,INR,15,7,0,,0,32,active,2026-08-18T10:00:00+05:30
far_79ede5da,flt_24d4e4f7,business,standard,53229.58,8516.73,INR,30,7,0,6387.55,0,13,active,2026-08-18T10:00:00+05:30
far_ae67f391,flt_24d4e4f7,business,flex,64940.09,10390.41,INR,30,7,1,7792.81,1,24,active,2026-08-18T10:00:00+05:30
far_a5f7d399,flt_09fccee8,economy,promo,1606.62,257.06,INR,15,7,0,192.79,0,70,active,2026-08-18T10:00:00+05:30
far_d5d3f49a,flt_09fccee8,economy,flex,2512.92,402.07,INR,15,7,1,301.55,1,104,active,2026-08-18T10:00:00+05:30
far_3d4a1908,flt_09fccee8,business,promo,4980.53,796.88,INR,30,7,0,,0,23,active,2026-08-18T10:00:00+05:30
far_d4468eef,flt_09fccee8,business,standard,6385.29,1021.65,INR,30,7,0,766.24,0,30,active,2026-08-18T10:00:00+05:30
far_00accfa7,flt_ca72c2e6,economy,promo,10212.29,1633.97,INR,15,7,0,,0,118,active,2026-08-18T10:00:00+05:30
far_926ac034,flt_dfc930d7,economy,corporate,384.51,61.52,SGD,15,7,1,46.14,0,146,active,2026-08-18T10:00:00+05:30
far_5ec52256,flt_dfc930d7,economy,promo,272.65,43.62,SGD,15,7,0,32.72,0,43,active,2026-08-18T10:00:00+05:30
far_8e858b97,flt_dfc930d7,business,standard,1083.62,173.38,SGD,30,7,0,130.03,0,12,active,2026-08-18T10:00:00+05:30
far_cab3df9b,flt_dfc930d7,business,corporate,1191.98,190.72,SGD,30,7,1,,0,11,active,2026-08-18T10:00:00+05:30
far_3232fd69,flt_9bf9e50c,economy,promo,6441.27,1030.60,INR,15,7,0,772.95,0,62,active,2026-08-18T10:00:00+05:30
far_c23fd6d1,flt_9bf9e50c,economy,standard,8258.03,1321.29,INR,15,7,0,,0,100,active,2026-08-18T10:00:00+05:30
far_a884d732,flt_9bf9e50c,business,promo,19967.93,3194.87,INR,30,7,0,,0,14,active,2026-08-18T10:00:00+05:30
far_e1ef4f85,flt_9bf9e50c,business,flex,31231.88,4997.10,INR,30,7,1,,1,8,active,2026-08-18T10:00:00+05:30
far_48a9821d,flt_0764ac8e,economy,flex,2278.17,364.51,INR,15,7,1,273.38,1,107,active,2026-08-18T10:00:00+05:30
far_2dc68ed3,flt_0764ac8e,economy,corporate,2054.09,328.65,INR,15,7,1,246.49,0,33,active,2026-08-18T10:00:00+05:30
far_a500fcdd,flt_0764ac8e,business,standard,5788.79,926.21,INR,30,7,0,,0,33,active,2026-08-18T10:00:00+05:30
far_8034852d,flt_0764ac8e,business,saver,5094.14,815.06,INR,30,7,0,611.30,0,35,active,2026-08-18T10:00:00+05:30
far_6e740a7f,flt_52fb0353,economy,corporate,85.33,13.65,MYR,15,7,1,,0,130,active,2026-08-18T10:00:00+05:30
far_eaafdbf4,flt_52fb0353,economy,saver,68.27,10.92,MYR,15,7,0,,0,34,active,2026-08-18T10:00:00+05:30
far_2284cb4d,flt_52fb0353,business,promo,187.58,30.01,MYR,30,7,0,22.51,0,27,active,2026-08-18T10:00:00+05:30
far_137a423b,flt_52fb0353,business,corporate,264.53,42.33,MYR,30,7,1,31.74,0,20,active,2026-08-18T10:00:00+05:30
far_46608479,flt_80cf4239,economy,standard,3457386.75,553181.88,IDR,15,7,0,,0,159,active,2026-08-18T10:00:00+05:30
far_b8700a1f,flt_80cf4239,economy,saver,3042500.34,486800.05,IDR,15,7,0,,0,68,active,2026-08-18T10:00:00+05:30
far_9d5b6021,flt_80cf4239,business,saver,9431751.04,1509080.17,IDR,30,7,0,,0,5,active,2026-08-18T10:00:00+05:30
far_90111a67,flt_80cf4239,business,standard,10717898.91,1714863.83,IDR,30,7,0,1286147.87,0,39,active,2026-08-18T10:00:00+05:30
far_777e8aba,flt_2c3ee1d2,economy,flex,6243.17,998.91,INR,15,7,1,749.18,1,142,active,2026-08-18T10:00:00+05:30
far_35f0792a,flt_2c3ee1d2,economy,corporate,5629.08,900.65,INR,15,7,1,675.49,0,157,active,2026-08-18T10:00:00+05:30
far_474f70c0,flt_2c3ee1d2,business,standard,15863.78,2538.21,INR,30,7,0,,0,10,active,2026-08-18T10:00:00+05:30
far_94eb0cdb,flt_2c3ee1d2,business,corporate,17450.16,2792.03,INR,30,7,1,2094.02,0,37,active,2026-08-18T10:00:00+05:30
far_945b4e4c,flt_0ff312da,economy,standard,1422.16,227.55,INR,15,7,0,170.66,0,52,active,2026-08-18T10:00:00+05:30
far_d784d9c5,flt_0ff312da,economy,corporate,1564.38,250.30,INR,15,7,1,187.73,0,132,active,2026-08-18T10:00:00+05:30
far_a68287ed,flt_0ff312da,business,saver,3879.65,620.74,INR,30,7,0,465.56,0,18,active,2026-08-18T10:00:00+05:30
far_be8c1897,flt_0ff312da,business,promo,3438.78,550.21,INR,30,7,0,,0,29,active,2026-08-18T10:00:00+05:30
far_d8647064,flt_63d3e987,economy,flex,23625.94,3780.15,INR,15,7,1,,1,141,active,2026-08-18T10:00:00+05:30
far_d212a593,flt_63d3e987,economy,saver,17041.66,2726.67,INR,15,7,0,,0,53,active,2026-08-18T10:00:00+05:30
far_94869945,flt_63d3e987,business,promo,46825.84,7492.13,INR,30,7,0,,0,34,active,2026-08-18T10:00:00+05:30
far_12685d34,flt_63d3e987,business,corporate,66036.44,10565.83,INR,30,7,1,7924.37,0,33,active,2026-08-18T10:00:00+05:30
far_05f38cb2,flt_7a077f1d,economy,saver,537.37,85.98,THB,15,7,0,,0,68,active,2026-08-18T10:00:00+05:30
far_30353adc,flt_7a077f1d,economy,standard,610.65,97.70,THB,15,7,0,73.28,0,48,active,2026-08-18T10:00:00+05:30
far_583afa02,flt_7a077f1d,business,corporate,2082.30,333.17,THB,30,7,1,249.88,0,37,active,2026-08-18T10:00:00+05:30
far_1be5ef6e,flt_7a077f1d,business,standard,1893.00,302.88,THB,30,7,0,,0,27,active,2026-08-18T10:00:00+05:30
far_844129f3,flt_4c16fa55,economy,saver,5245.23,839.24,INR,15,7,0,,0,43,active,2026-08-18T10:00:00+05:30
far_8123ac82,flt_4c16fa55,economy,standard,5960.49,953.68,INR,15,7,0,715.26,0,165,active,2026-08-18T10:00:00+05:30
far_590710a3,flt_4c16fa55,business,standard,18477.51,2956.40,INR,30,7,0,,0,25,active,2026-08-18T10:00:00+05:30
far_072775bb,flt_4c16fa55,business,corporate,20325.26,3252.04,INR,30,7,1,2439.03,0,8,active,2026-08-18T10:00:00+05:30
far_5ab3be15,flt_657dc34e,economy,saver,160.59,25.69,SGD,15,7,0,19.27,0,143,active,2026-08-18T10:00:00+05:30
far_12fd8289,flt_657dc34e,economy,flex,222.64,35.62,SGD,15,7,1,26.72,1,110,active,2026-08-18T10:00:00+05:30
far_080e96b3,flt_657dc34e,business,saver,497.83,79.65,SGD,30,7,0,,0,39,active,2026-08-18T10:00:00+05:30
far_799db589,flt_657dc34e,business,promo,441.26,70.60,SGD,30,7,0,52.95,0,29,active,2026-08-18T10:00:00+05:30
far_45d8f68a,flt_5ed3fcd4,economy,corporate,5886054.28,941768.68,IDR,15,7,1,,0,147,active,2026-08-18T10:00:00+05:30
far_2f42667f,flt_5ed3fcd4,economy,standard,5350958.43,856153.35,IDR,15,7,0,,0,135,active,2026-08-18T10:00:00+05:30
far_35f0881e,flt_5ed3fcd4,business,standard,16587971.15,2654075.38,IDR,30,7,0,,0,23,active,2026-08-18T10:00:00+05:30
far_091a0878,flt_5ed3fcd4,business,corporate,18246768.26,2919482.92,IDR,30,7,1,2189612.19,0,12,active,2026-08-18T10:00:00+05:30
far_57cd6084,flt_b9dcb79e,economy,corporate,11171.02,1787.36,INR,15,7,1,,0,165,active,2026-08-18T10:00:00+05:30
far_50227aca,flt_c5963cce,economy,saver,29.59,4.73,SGD,15,7,0,3.55,0,136,active,2026-08-18T10:00:00+05:30
far_f200baf1,flt_a918408c,economy,corporate,18811.19,3009.79,INR,15,7,1,,0,157,active,2026-08-18T10:00:00+05:30
far_a29edde0,flt_a918408c,economy,saver,15048.95,2407.83,INR,15,7,0,,0,163,active,2026-08-18T10:00:00+05:30
far_79540884,flt_a918408c,business,flex,64676.30,10348.21,INR,30,7,1,7761.16,1,8,active,2026-08-18T10:00:00+05:30
far_19a7dbb2,flt_a918408c,business,promo,41350.42,6616.07,INR,30,7,0,,0,37,active,2026-08-18T10:00:00+05:30
far_e85dd360,flt_dbe2333d,economy,promo,2951.41,472.23,INR,15,7,0,354.17,0,144,active,2026-08-18T10:00:00+05:30
far_9cc673d9,flt_dbe2333d,economy,standard,3783.86,605.42,INR,15,7,0,454.06,0,52,active,2026-08-18T10:00:00+05:30
far_1d1febf2,flt_dbe2333d,business,flex,14310.55,2289.69,INR,30,7,1,1717.27,1,15,active,2026-08-18T10:00:00+05:30
far_1a862f72,flt_dbe2333d,business,standard,11729.96,1876.79,INR,30,7,0,1407.60,0,12,active,2026-08-18T10:00:00+05:30
far_0d8e4618,flt_0160ee7c,economy,flex,6419.83,1027.17,INR,15,7,1,,1,156,active,2026-08-18T10:00:00+05:30
far_a6ae25b5,flt_0160ee7c,economy,corporate,5788.37,926.14,INR,15,7,1,,0,23,active,2026-08-18T10:00:00+05:30
far_f0711367,flt_0160ee7c,business,promo,12723.89,2035.82,INR,30,7,0,,0,13,active,2026-08-18T10:00:00+05:30
far_f07b270c,flt_0160ee7c,business,saver,14355.15,2296.82,INR,30,7,0,1722.62,0,5,active,2026-08-18T10:00:00+05:30
far_da5236a7,flt_490b0b4d,economy,flex,5950.34,952.05,INR,15,7,1,,1,65,active,2026-08-18T10:00:00+05:30
far_0fff614c,flt_490b0b4d,economy,corporate,5365.06,858.41,INR,15,7,1,643.81,0,79,active,2026-08-18T10:00:00+05:30
far_eeba7cbf,flt_490b0b4d,business,saver,13305.35,2128.86,INR,30,7,0,1596.64,0,4,active,2026-08-18T10:00:00+05:30
far_84bfa136,flt_490b0b4d,business,flex,18446.05,2951.37,INR,30,7,1,2213.53,1,19,active,2026-08-18T10:00:00+05:30
far_8391ba8b,flt_2bfd63ad,economy,corporate,12063.53,1930.17,INR,15,7,1,1447.62,0,88,active,2026-08-18T10:00:00+05:30
far_c2db6eed,flt_2bfd63ad,economy,standard,10966.85,1754.70,INR,15,7,0,1316.02,0,79,active,2026-08-18T10:00:00+05:30
far_9554fb6e,flt_2bfd63ad,business,saver,29917.57,4786.81,INR,30,7,0,,0,18,active,2026-08-18T10:00:00+05:30
far_7b383575,flt_2bfd63ad,business,promo,26517.84,4242.85,INR,30,7,0,3182.14,0,23,active,2026-08-18T10:00:00+05:30
far_0df1d304,flt_d0f49b72,economy,flex,5951.91,952.31,INR,15,7,1,,1,64,active,2026-08-18T10:00:00+05:30
far_0c594757,flt_d0f49b72,economy,corporate,5366.48,858.64,INR,15,7,1,,0,51,active,2026-08-18T10:00:00+05:30
far_ed43ce48,flt_d0f49b72,business,standard,15123.71,2419.79,INR,30,7,0,1814.84,0,17,active,2026-08-18T10:00:00+05:30
far_0940ad1e,flt_d0f49b72,business,promo,11796.49,1887.44,INR,30,7,0,1415.58,0,38,active,2026-08-18T10:00:00+05:30
far_22065dde,flt_6b4edc1b,economy,flex,4088.70,654.19,INR,15,7,1,,1,96,active,2026-08-18T10:00:00+05:30
far_e8f030b1,flt_6b4edc1b,economy,promo,2614.09,418.25,INR,15,7,0,313.69,0,114,active,2026-08-18T10:00:00+05:30
far_f7c96498,flt_6b4edc1b,business,corporate,11428.26,1828.52,INR,30,7,1,1371.39,0,20,active,2026-08-18T10:00:00+05:30
far_2491f4de,flt_6b4edc1b,business,flex,12674.98,2028.00,INR,30,7,1,1521.00,1,6,active,2026-08-18T10:00:00+05:30
far_c730dd95,flt_0d0a3beb,economy,saver,4051.89,648.30,INR,15,7,0,,0,164,active,2026-08-18T10:00:00+05:30
far_73654f82,flt_0d0a3beb,economy,flex,5617.40,898.78,INR,15,7,1,674.09,1,76,active,2026-08-18T10:00:00+05:30
far_d4fc164b,flt_0d0a3beb,business,saver,12560.87,2009.74,INR,30,7,0,1507.30,0,37,active,2026-08-18T10:00:00+05:30
far_e2a86bb8,flt_0d0a3beb,business,flex,17413.94,2786.23,INR,30,7,1,,1,28,active,2026-08-18T10:00:00+05:30
far_6653fbc7,flt_a3bb5d22,economy,saver,6399.52,1023.92,INR,15,7,0,767.94,0,37,active,2026-08-18T10:00:00+05:30
far_a057a2a0,flt_a3bb5d22,economy,flex,8872.06,1419.53,INR,15,7,1,,1,112,active,2026-08-18T10:00:00+05:30
far_cffd64ef,flt_a3bb5d22,business,corporate,24798.14,3967.70,INR,30,7,1,2975.78,0,10,active,2026-08-18T10:00:00+05:30
far_c2956c25,flt_a3bb5d22,business,saver,19838.51,3174.16,INR,30,7,0,2380.62,0,10,active,2026-08-18T10:00:00+05:30
far_f8112f92,flt_f6030446,economy,promo,5517.90,882.86,INR,15,7,0,662.15,0,112,active,2026-08-18T10:00:00+05:30
far_eace5a8e,flt_f6030446,economy,flex,8630.56,1380.89,INR,15,7,1,1035.67,1,75,active,2026-08-18T10:00:00+05:30
far_da9ab779,flt_f6030446,business,corporate,24123.12,3859.70,INR,30,7,1,2894.77,0,21,active,2026-08-18T10:00:00+05:30
far_e715ffb5,flt_f6030446,business,flex,26754.73,4280.76,INR,30,7,1,,1,25,active,2026-08-18T10:00:00+05:30
far_ade069d8,flt_a4ef727a,economy,standard,4493.46,718.95,INR,15,7,0,539.21,0,91,active,2026-08-18T10:00:00+05:30
far_cb7e203a,flt_a4ef727a,economy,saver,3954.24,632.68,INR,15,7,0,,0,22,active,2026-08-18T10:00:00+05:30
far_f8f70142,flt_a4ef727a,business,saver,12258.15,1961.30,INR,30,7,0,1470.98,0,4,active,2026-08-18T10:00:00+05:30
far_fb12cc22,flt_a4ef727a,business,corporate,15322.69,2451.63,INR,30,7,1,1838.72,0,18,active,2026-08-18T10:00:00+05:30
far_55378de1,flt_7c615001,economy,saver,41.35,6.62,SGD,15,7,0,,0,44,active,2026-08-18T10:00:00+05:30
far_24dcd431,flt_7c615001,economy,corporate,51.69,8.27,SGD,15,7,1,,0,78,active,2026-08-18T10:00:00+05:30
far_20c3a7c6,flt_7c615001,business,corporate,160.24,25.64,SGD,30,7,1,19.23,0,26,active,2026-08-18T10:00:00+05:30
far_368c63ff,flt_7c615001,business,saver,128.19,20.51,SGD,30,7,0,,0,30,active,2026-08-18T10:00:00+05:30
far_5f33485a,flt_27777f02,economy,corporate,1119.28,179.09,MYR,15,7,1,,0,56,active,2026-08-18T10:00:00+05:30
far_a6c3218e,flt_27777f02,economy,saver,895.43,143.27,MYR,15,7,0,,0,100,active,2026-08-18T10:00:00+05:30
far_e2e1cde1,flt_27777f02,business,flex,3848.29,615.73,MYR,30,7,1,461.80,1,31,active,2026-08-18T10:00:00+05:30
far_66a065dd,flt_27777f02,business,standard,3154.34,504.69,MYR,30,7,0,378.52,0,30,active,2026-08-18T10:00:00+05:30
far_c9472518,flt_5d102063,economy,saver,4649.21,743.87,INR,15,7,0,557.90,0,69,active,2026-08-18T10:00:00+05:30
far_721b33c8,flt_294f9b57,economy,flex,34318.93,5491.03,INR,15,7,1,4118.27,1,135,active,2026-08-18T10:00:00+05:30
far_a74acbe3,flt_294f9b57,economy,standard,28130.27,4500.84,INR,15,7,0,3375.63,0,97,active,2026-08-18T10:00:00+05:30
far_334984b0,flt_294f9b57,business,standard,87203.83,13952.61,INR,30,7,0,,0,11,active,2026-08-18T10:00:00+05:30
far_74bcead2,flt_294f9b57,business,flex,106388.67,17022.19,INR,30,7,1,12766.64,1,23,active,2026-08-18T10:00:00+05:30
far_9c6904fa,flt_7ae60ce0,economy,saver,3440.57,550.49,INR,15,7,0,412.87,0,131,active,2026-08-18T10:00:00+05:30
far_d15c42e6,flt_0372bbff,economy,corporate,7827.04,1252.33,INR,15,7,1,,0,136,active,2026-08-18T10:00:00+05:30
far_0e2b7766,flt_0372bbff,economy,standard,7115.49,1138.48,INR,15,7,0,,0,26,active,2026-08-18T10:00:00+05:30
far_45b2d841,flt_0372bbff,business,standard,22058.01,3529.28,INR,30,7,0,,0,32,active,2026-08-18T10:00:00+05:30
far_dc16f0db,flt_0372bbff,business,corporate,24263.81,3882.21,INR,30,7,1,,0,12,active,2026-08-18T10:00:00+05:30
far_44c26fce,flt_e12ad04d,economy,promo,6905.72,1104.92,INR,15,7,0,,0,22,active,2026-08-18T10:00:00+05:30
far_82e7d1e8,flt_e12ad04d,economy,flex,10801.26,1728.20,INR,15,7,1,,1,22,active,2026-08-18T10:00:00+05:30
far_96b6b12d,flt_e12ad04d,business,flex,33483.91,5357.43,INR,30,7,1,,1,34,active,2026-08-18T10:00:00+05:30
far_a2c7e7e2,flt_e12ad04d,business,standard,27445.83,4391.33,INR,30,7,0,3293.50,0,16,active,2026-08-18T10:00:00+05:30
far_cf87d762,flt_f9c4de7a,economy,standard,648.36,103.74,MYR,15,7,0,77.80,0,41,active,2026-08-18T10:00:00+05:30
far_ed52e69b,flt_f9c4de7a,economy,flex,790.99,126.56,MYR,15,7,1,94.92,1,88,active,2026-08-18T10:00:00+05:30
far_69cf0372,flt_f9c4de7a,business,standard,2009.90,321.58,MYR,30,7,0,,0,12,active,2026-08-18T10:00:00+05:30
far_0bed1983,flt_f9c4de7a,business,corporate,2210.89,353.74,MYR,30,7,1,265.31,0,12,active,2026-08-18T10:00:00+05:30
far_a0c97956,flt_5b58ec0e,economy,saver,5543.94,887.03,THB,15,7,0,665.27,0,56,active,2026-08-18T10:00:00+05:30
far_2095ff37,flt_5b58ec0e,economy,promo,4913.94,786.23,THB,15,7,0,589.67,0,77,active,2026-08-18T10:00:00+05:30
far_6c5fb16b,flt_5b58ec0e,business,standard,19529.78,3124.76,THB,30,7,0,2343.57,0,10,active,2026-08-18T10:00:00+05:30
far_82f27fbb,flt_5b58ec0e,business,corporate,21482.76,3437.24,THB,30,7,1,,0,24,active,2026-08-18T10:00:00+05:30
far_5cfffe28,flt_19126a61,economy,saver,580.67,92.91,AED,15,7,0,69.68,0,62,active,2026-08-18T10:00:00+05:30
far_72e1d3fe,flt_19126a61,economy,corporate,725.84,116.13,AED,15,7,1,,0,32,active,2026-08-18T10:00:00+05:30
far_ea468f66,flt_19126a61,business,saver,1800.09,288.01,AED,30,7,0,,0,33,active,2026-08-18T10:00:00+05:30
far_d48f0997,flt_19126a61,business,standard,2045.56,327.29,AED,30,7,0,245.47,0,29,active,2026-08-18T10:00:00+05:30
far_d349c04b,flt_bda363f0,economy,standard,247.58,39.61,SGD,15,7,0,,0,42,active,2026-08-18T10:00:00+05:30
far_82e9e397,flt_bda363f0,economy,flex,302.05,48.33,SGD,15,7,1,,1,26,active,2026-08-18T10:00:00+05:30
far_9011d8da,flt_bda363f0,business,flex,936.34,149.81,SGD,30,7,1,,1,33,active,2026-08-18T10:00:00+05:30
far_96882c87,flt_bda363f0,business,standard,767.49,122.80,SGD,30,7,0,,0,37,active,2026-08-18T10:00:00+05:30
far_9e95dc74,flt_2cee3ed3,economy,promo,176.28,28.20,SGD,15,7,0,21.15,0,107,active,2026-08-18T10:00:00+05:30
far_488534aa,flt_2cee3ed3,economy,saver,198.87,31.82,SGD,15,7,0,,0,36,active,2026-08-18T10:00:00+05:30
far_48081b72,flt_2cee3ed3,business,flex,854.71,136.75,SGD,30,7,1,,1,25,active,2026-08-18T10:00:00+05:30
far_6ac9a29e,flt_2cee3ed3,business,corporate,770.64,123.30,SGD,30,7,1,92.48,0,21,active,2026-08-18T10:00:00+05:30
far_5983e0f9,flt_27de27cf,economy,flex,8188.64,1310.18,THB,15,7,1,,1,107,active,2026-08-18T10:00:00+05:30
far_97745828,flt_27de27cf,economy,saver,5906.56,945.05,THB,15,7,0,,0,161,active,2026-08-18T10:00:00+05:30
far_805dbac4,flt_27de27cf,business,promo,16229.61,2596.74,THB,30,7,0,1947.55,0,23,active,2026-08-18T10:00:00+05:30
far_ec585a05,flt_27de27cf,business,standard,20807.19,3329.15,THB,30,7,0,,0,35,active,2026-08-18T10:00:00+05:30
far_a27530f8,flt_3cdf8323,economy,saver,1710.79,273.73,INR,15,7,0,,0,118,active,2026-08-18T10:00:00+05:30
far_8f0f57ba,flt_3cdf8323,economy,promo,1516.38,242.62,INR,15,7,0,181.97,0,65,active,2026-08-18T10:00:00+05:30
far_fa8f1985,flt_3cdf8323,business,promo,4700.78,752.12,INR,30,7,0,564.09,0,28,active,2026-08-18T10:00:00+05:30
far_f2f2607a,flt_3cdf8323,business,corporate,6629.30,1060.69,INR,30,7,1,795.52,0,16,active,2026-08-18T10:00:00+05:30
far_d63e9344,flt_1dce8b5b,economy,standard,1451.47,232.24,INR,15,7,0,,0,41,active,2026-08-18T10:00:00+05:30
far_0c184dac,flt_1dce8b5b,economy,corporate,1596.62,255.46,INR,15,7,1,,0,165,active,2026-08-18T10:00:00+05:30
far_a6fcb56b,flt_1dce8b5b,business,saver,3959.62,633.54,INR,30,7,0,475.15,0,38,active,2026-08-18T10:00:00+05:30
far_e8a3df3e,flt_1dce8b5b,business,flex,5489.48,878.32,INR,30,7,1,658.74,1,34,active,2026-08-18T10:00:00+05:30
far_3b9444a5,flt_3414ff09,economy,saver,9953.03,1592.48,INR,15,7,0,1194.36,0,169,active,2026-08-18T10:00:00+05:30
far_fd6e5516,flt_3414ff09,economy,corporate,12441.29,1990.61,INR,15,7,1,1492.95,0,95,active,2026-08-18T10:00:00+05:30
far_ba943531,flt_3414ff09,business,promo,27348.21,4375.71,INR,30,7,0,3281.79,0,26,active,2026-08-18T10:00:00+05:30
far_25cb706b,flt_3414ff09,business,corporate,38567.99,6170.88,INR,30,7,1,,0,24,active,2026-08-18T10:00:00+05:30
far_1dbbc0d0,flt_0314a789,economy,promo,3042.24,486.76,INR,15,7,0,,0,96,active,2026-08-18T10:00:00+05:30
far_e000be97,flt_0314a789,economy,corporate,4290.34,686.45,INR,15,7,1,514.84,0,167,active,2026-08-18T10:00:00+05:30
far_4cefda9e,flt_0314a789,business,promo,9430.94,1508.95,INR,30,7,0,,0,22,active,2026-08-18T10:00:00+05:30
far_38f8c870,flt_0314a789,business,saver,10640.04,1702.41,INR,30,7,0,,0,12,active,2026-08-18T10:00:00+05:30
far_b7dc2aa1,flt_c798b57d,economy,flex,19100.45,3056.07,INR,15,7,1,2292.05,1,119,active,2026-08-18T10:00:00+05:30
far_59cfbfa2,flt_c798b57d,economy,corporate,17221.72,2755.47,INR,15,7,1,2066.61,0,20,active,2026-08-18T10:00:00+05:30
far_9fdfe948,flt_c798b57d,business,saver,42709.86,6833.58,INR,30,7,0,5125.18,0,18,active,2026-08-18T10:00:00+05:30
far_953a9f2a,flt_c798b57d,business,standard,48533.93,7765.43,INR,30,7,0,5824.07,0,19,active,2026-08-18T10:00:00+05:30
far_db44d714,flt_e18a2b1f,economy,standard,3698092.63,591694.82,IDR,15,7,0,443771.12,0,60,active,2026-08-18T10:00:00+05:30
far_646e6d7e,flt_7a24ffd4,economy,flex,9277.48,1484.40,INR,15,7,1,1113.30,1,123,active,2026-08-18T10:00:00+05:30
far_21673fef,flt_7a24ffd4,economy,corporate,8364.94,1338.39,INR,15,7,1,,0,150,active,2026-08-18T10:00:00+05:30
far_431c6ad1,flt_7a24ffd4,business,promo,18387.66,2942.03,INR,30,7,0,2206.52,0,4,active,2026-08-18T10:00:00+05:30
far_63d8fdb9,flt_7a24ffd4,business,saver,20745.05,3319.21,INR,30,7,0,2489.41,0,32,active,2026-08-18T10:00:00+05:30
far_6a5e08c6,flt_42bef756,economy,flex,15576.57,2492.25,INR,15,7,1,1869.19,1,56,active,2026-08-18T10:00:00+05:30
far_bcaaf106,flt_fbaa5786,economy,saver,17745.34,2839.25,INR,15,7,0,,0,105,active,2026-08-18T10:00:00+05:30
far_59e16129,flt_fbaa5786,economy,standard,20165.16,3226.42,INR,15,7,0,,0,25,active,2026-08-18T10:00:00+05:30
far_3ce8bd3e,flt_fbaa5786,business,saver,55010.55,8801.69,INR,30,7,0,6601.27,0,18,active,2026-08-18T10:00:00+05:30
far_a7522bb4,flt_fbaa5786,business,promo,48759.35,7801.50,INR,30,7,0,,0,6,active,2026-08-18T10:00:00+05:30
far_c1388d62,flt_1acb9358,economy,corporate,7019.36,1123.10,INR,15,7,1,842.32,0,52,active,2026-08-18T10:00:00+05:30
far_018761a9,flt_1acb9358,economy,standard,6381.24,1021.00,INR,15,7,0,,0,99,active,2026-08-18T10:00:00+05:30
far_b1f41101,flt_1acb9358,business,promo,15429.83,2468.77,INR,30,7,0,1851.58,0,14,active,2026-08-18T10:00:00+05:30
far_f4d0ea30,flt_1acb9358,business,standard,19781.84,3165.09,INR,30,7,0,2373.82,0,12,active,2026-08-18T10:00:00+05:30
far_a14153f6,flt_9ab3c3a1,economy,corporate,6309.59,1009.53,INR,15,7,1,757.15,0,60,active,2026-08-18T10:00:00+05:30
far_75661e92,flt_9ab3c3a1,economy,saver,5047.67,807.63,INR,15,7,0,,0,51,active,2026-08-18T10:00:00+05:30
far_7e975472,flt_9ab3c3a1,business,corporate,19559.74,3129.56,INR,30,7,1,,0,8,active,2026-08-18T10:00:00+05:30
far_2335e508,flt_9ab3c3a1,business,promo,13869.63,2219.14,INR,30,7,0,,0,20,active,2026-08-18T10:00:00+05:30
far_21d2fd88,flt_914b1a24,economy,flex,8567.47,1370.80,INR,15,7,1,1028.10,1,30,active,2026-08-18T10:00:00+05:30
far_9fbcdc2a,flt_914b1a24,economy,standard,7022.52,1123.60,INR,15,7,0,842.70,0,142,active,2026-08-18T10:00:00+05:30
far_2ed2fcca,flt_914b1a24,business,flex,26559.17,4249.47,INR,30,7,1,3187.10,1,16,active,2026-08-18T10:00:00+05:30
far_5b07b8c4,flt_914b1a24,business,promo,16980.45,2716.87,INR,30,7,0,,0,14,active,2026-08-18T10:00:00+05:30
far_510c9105,flt_e6af60d5,economy,saver,751.96,120.31,MYR,15,7,0,90.24,0,126,active,2026-08-18T10:00:00+05:30
far_6bc2af14,flt_e6af60d5,economy,standard,854.50,136.72,MYR,15,7,0,,0,103,active,2026-08-18T10:00:00+05:30
far_ae624e9a,flt_e6af60d5,business,standard,2648.95,423.83,MYR,30,7,0,317.87,0,12,active,2026-08-18T10:00:00+05:30
far_9ea71094,flt_e6af60d5,business,saver,2331.08,372.97,MYR,30,7,0,,0,17,active,2026-08-18T10:00:00+05:30
far_cfa2b65c,flt_3bfd0973,economy,flex,3372722.21,539635.55,IDR,15,7,1,404726.66,1,113,active,2026-08-18T10:00:00+05:30
far_59ac043d,flt_f835ddbb,economy,promo,3258.57,521.37,INR,15,7,0,391.03,0,160,active,2026-08-18T10:00:00+05:30
far_6b381f70,flt_f835ddbb,economy,saver,3676.34,588.21,INR,15,7,0,441.16,0,44,active,2026-08-18T10:00:00+05:30
far_673c2ccb,flt_f835ddbb,business,saver,11396.65,1823.46,INR,30,7,0,,0,4,active,2026-08-18T10:00:00+05:30
far_8ac37a47,flt_f835ddbb,business,promo,10101.57,1616.25,INR,30,7,0,1212.19,0,12,active,2026-08-18T10:00:00+05:30
far_acc16737,flt_e6fab29e,economy,promo,397.83,63.65,AED,15,7,0,47.74,0,113,active,2026-08-18T10:00:00+05:30
far_b0a4543f,flt_e6fab29e,economy,standard,510.04,81.61,AED,15,7,0,,0,124,active,2026-08-18T10:00:00+05:30
far_7bd56582,flt_e6fab29e,business,flex,1928.98,308.64,AED,30,7,1,231.48,1,8,active,2026-08-18T10:00:00+05:30
far_0a45b58d,flt_e6fab29e,business,corporate,1739.25,278.28,AED,30,7,1,208.71,0,29,active,2026-08-18T10:00:00+05:30
far_2a8c2546,flt_18dc48ae,economy,standard,552.01,88.32,MYR,15,7,0,66.24,0,52,active,2026-08-18T10:00:00+05:30
far_91963cf5,flt_18dc48ae,economy,promo,430.56,68.89,MYR,15,7,0,51.67,0,117,active,2026-08-18T10:00:00+05:30
far_36bae0f6,flt_18dc48ae,business,saver,1505.87,240.94,MYR,30,7,0,,0,17,active,2026-08-18T10:00:00+05:30
far_f11ad496,flt_18dc48ae,business,flex,2087.69,334.03,MYR,30,7,1,,1,12,active,2026-08-18T10:00:00+05:30
far_7dda058b,flt_d0490eff,economy,flex,5471223.29,875395.73,IDR,15,7,1,656546.79,1,134,active,2026-08-18T10:00:00+05:30
far_2f2ab3a3,flt_d0490eff,economy,saver,3946456.14,631432.98,IDR,15,7,0,473574.74,0,52,active,2026-08-18T10:00:00+05:30
far_13a55ba6,flt_d0490eff,business,flex,16960792.20,2713726.75,IDR,30,7,1,2035295.06,1,39,active,2026-08-18T10:00:00+05:30
far_0fc41b9a,flt_d0490eff,business,corporate,15292517.56,2446802.81,IDR,30,7,1,,0,6,active,2026-08-18T10:00:00+05:30
far_281cdd1f,flt_efe5655d,economy,saver,5207.22,833.16,INR,15,7,0,624.87,0,153,active,2026-08-18T10:00:00+05:30
far_6a2d04b6,flt_efe5655d,economy,standard,5917.30,946.77,INR,15,7,0,710.08,0,112,active,2026-08-18T10:00:00+05:30
far_ad1e2d1d,flt_efe5655d,business,saver,16142.39,2582.78,INR,30,7,0,1937.09,0,25,active,2026-08-18T10:00:00+05:30
far_e3763796,flt_efe5655d,business,flex,22379.22,3580.67,INR,30,7,1,2685.51,1,31,active,2026-08-18T10:00:00+05:30
far_343bf443,flt_347fb677,economy,corporate,5269.48,843.12,INR,15,7,1,632.34,0,44,active,2026-08-18T10:00:00+05:30
far_ac8ffc9e,flt_347fb677,economy,flex,5844.34,935.09,INR,15,7,1,701.32,1,95,active,2026-08-18T10:00:00+05:30
far_f4197363,flt_347fb677,business,standard,14850.36,2376.06,INR,30,7,0,1782.04,0,23,active,2026-08-18T10:00:00+05:30
far_46ec0379,flt_347fb677,business,flex,18117.44,2898.79,INR,30,7,1,2174.09,1,34,active,2026-08-18T10:00:00+05:30
far_eaa46a2a,flt_370027ae,economy,standard,3667.16,586.75,INR,15,7,0,440.06,0,40,active,2026-08-18T10:00:00+05:30
far_4c2dfd3d,flt_370027ae,economy,flex,4473.94,715.83,INR,15,7,1,536.87,1,74,active,2026-08-18T10:00:00+05:30
far_69cc580f,flt_370027ae,business,flex,13869.20,2219.07,INR,30,7,1,,1,28,active,2026-08-18T10:00:00+05:30
far_1fea4a46,flt_370027ae,business,promo,8867.20,1418.75,INR,30,7,0,1064.06,0,21,active,2026-08-18T10:00:00+05:30
far_213a9fcf,flt_4760a91a,economy,saver,439.60,70.34,AED,15,7,0,52.75,0,122,active,2026-08-18T10:00:00+05:30
far_55303202,flt_4760a91a,economy,standard,499.55,79.93,AED,15,7,0,,0,28,active,2026-08-18T10:00:00+05:30
far_29293baa,flt_4760a91a,business,standard,1548.59,247.78,AED,30,7,0,,0,12,active,2026-08-18T10:00:00+05:30
far_9aa86643,flt_4760a91a,business,corporate,1703.45,272.55,AED,30,7,1,204.41,0,25,active,2026-08-18T10:00:00+05:30
far_023527b8,flt_2dd14dcb,economy,corporate,4791.28,766.60,INR,15,7,1,574.95,0,60,active,2026-08-18T10:00:00+05:30
far_c578168b,flt_2dd14dcb,economy,promo,3397.45,543.59,INR,15,7,0,407.69,0,24,active,2026-08-18T10:00:00+05:30
far_825e331b,flt_2dd14dcb,business,promo,10532.10,1685.14,INR,30,7,0,,0,21,active,2026-08-18T10:00:00+05:30
far_86de416d,flt_2dd14dcb,business,saver,11882.36,1901.18,INR,30,7,0,,0,10,active,2026-08-18T10:00:00+05:30
far_44fc7698,flt_78c0c1d6,economy,promo,3706818.35,593090.94,IDR,15,7,0,444818.20,0,140,active,2026-08-18T10:00:00+05:30
far_698218cf,flt_78c0c1d6,economy,corporate,5227564.35,836410.30,IDR,15,7,1,627307.72,0,45,active,2026-08-18T10:00:00+05:30
far_67efee35,flt_78c0c1d6,business,promo,11491136.90,1838581.90,IDR,30,7,0,,0,34,active,2026-08-18T10:00:00+05:30
far_10c77b03,flt_78c0c1d6,business,standard,14732226.79,2357156.29,IDR,30,7,0,1767867.22,0,13,active,2026-08-18T10:00:00+05:30
far_fd64e71c,flt_67356706,economy,flex,10230.50,1636.88,INR,15,7,1,,1,37,active,2026-08-18T10:00:00+05:30
far_f05b8cf2,flt_67356706,economy,promo,6540.81,1046.53,INR,15,7,0,784.90,0,43,active,2026-08-18T10:00:00+05:30
far_544359c2,flt_67356706,business,promo,20276.52,3244.24,INR,30,7,0,2433.18,0,24,active,2026-08-18T10:00:00+05:30
far_d9991967,flt_67356706,business,saver,22876.07,3660.17,INR,30,7,0,,0,29,active,2026-08-18T10:00:00+05:30
far_e843c120,flt_78930f49,economy,corporate,6324.11,1011.86,INR,15,7,1,,0,50,active,2026-08-18T10:00:00+05:30
far_1f432ac7,flt_78930f49,economy,promo,4484.37,717.50,INR,15,7,0,,0,20,active,2026-08-18T10:00:00+05:30
far_c7f33ce4,flt_78930f49,business,standard,17822.50,2851.60,INR,30,7,0,,0,17,active,2026-08-18T10:00:00+05:30
far_aeec6957,flt_78930f49,business,promo,13901.55,2224.25,INR,30,7,0,1668.19,0,28,active,2026-08-18T10:00:00+05:30
far_ff3b2356,flt_b3858c89,economy,saver,7294.30,1167.09,INR,15,7,0,875.32,0,51,active,2026-08-18T10:00:00+05:30
far_c7e3a6f6,flt_b3858c89,economy,standard,8288.98,1326.24,INR,15,7,0,,0,107,active,2026-08-18T10:00:00+05:30
far_4f2a701a,flt_b3858c89,business,flex,31348.91,5015.83,INR,30,7,1,3761.87,1,13,active,2026-08-18T10:00:00+05:30
far_3c4519ab,flt_b3858c89,business,saver,22612.33,3617.97,INR,30,7,0,,0,30,active,2026-08-18T10:00:00+05:30
far_06248664,flt_6a546003,economy,promo,8134.87,1301.58,INR,15,7,0,976.18,0,118,active,2026-08-18T10:00:00+05:30
far_e480d71b,flt_6a546003,economy,saver,9177.80,1468.45,INR,15,7,0,1101.34,0,110,active,2026-08-18T10:00:00+05:30
far_a9795a84,flt_6a546003,business,saver,28451.17,4552.19,INR,30,7,0,3414.14,0,37,active,2026-08-18T10:00:00+05:30
far_5cd80c86,flt_6a546003,business,corporate,35563.96,5690.23,INR,30,7,1,4267.68,0,30,active,2026-08-18T10:00:00+05:30
far_e19425a3,flt_fb00ffdb,economy,corporate,10838.42,1734.15,INR,15,7,1,,0,65,active,2026-08-18T10:00:00+05:30
far_86a5779c,flt_2ec4ed01,economy,standard,857.21,137.15,MYR,15,7,0,,0,22,active,2026-08-18T10:00:00+05:30
far_adf6ea27,flt_2ec4ed01,economy,flex,1045.80,167.33,MYR,15,7,1,125.50,1,107,active,2026-08-18T10:00:00+05:30
far_c9695514,flt_2ec4ed01,business,flex,3241.97,518.71,MYR,30,7,1,389.04,1,17,active,2026-08-18T10:00:00+05:30
far_e91ba469,flt_2ec4ed01,business,saver,2338.47,374.15,MYR,30,7,0,280.62,0,12,active,2026-08-18T10:00:00+05:30
far_20e88375,flt_7274d9e9,economy,flex,281.59,45.06,SGD,15,7,1,33.79,1,138,active,2026-08-18T10:00:00+05:30
far_96bf9e76,flt_7274d9e9,economy,promo,180.04,28.81,SGD,15,7,0,21.60,0,128,active,2026-08-18T10:00:00+05:30
far_6cc75a82,flt_7274d9e9,business,corporate,787.08,125.93,SGD,30,7,1,,0,14,active,2026-08-18T10:00:00+05:30
far_30b27a00,flt_7274d9e9,business,flex,872.94,139.67,SGD,30,7,1,104.75,1,38,active,2026-08-18T10:00:00+05:30
far_7ed18707,flt_29824608,economy,flex,5252.32,840.37,INR,15,7,1,630.28,1,32,active,2026-08-18T10:00:00+05:30
far_c0a55eb4,flt_29824608,economy,saver,3788.56,606.17,INR,15,7,0,,0,63,active,2026-08-18T10:00:00+05:30
far_8e6ed96b,flt_29824608,business,saver,11744.54,1879.13,INR,30,7,0,,0,35,active,2026-08-18T10:00:00+05:30
far_fe9ddddb,flt_29824608,business,flex,16282.20,2605.15,INR,30,7,1,,1,23,active,2026-08-18T10:00:00+05:30
far_86c7af2c,flt_e678ce09,economy,promo,15798.15,2527.70,INR,15,7,0,1895.78,0,112,active,2026-08-18T10:00:00+05:30
far_659da3fc,flt_e678ce09,economy,corporate,22279.44,3564.71,INR,15,7,1,2673.53,0,108,active,2026-08-18T10:00:00+05:30
far_b314ac41,flt_e678ce09,business,promo,48974.26,7835.88,INR,30,7,0,5876.91,0,36,active,2026-08-18T10:00:00+05:30
far_a48188b7,flt_e678ce09,business,flex,76600.76,12256.12,INR,30,7,1,9192.09,1,30,active,2026-08-18T10:00:00+05:30
far_44ecfdcb,flt_a0b1f655,economy,flex,7870.98,1259.36,INR,15,7,1,944.52,1,28,active,2026-08-18T10:00:00+05:30
far_cf065295,flt_a0b1f655,economy,standard,6451.63,1032.26,INR,15,7,0,,0,145,active,2026-08-18T10:00:00+05:30
far_1c7dfd56,flt_a0b1f655,business,standard,20000.04,3200.01,INR,30,7,0,2400.00,0,15,active,2026-08-18T10:00:00+05:30
far_c9ae6d06,flt_a0b1f655,business,saver,17600.03,2816.01,INR,30,7,0,,0,37,active,2026-08-18T10:00:00+05:30
far_2e3601bf,flt_f1165f96,economy,saver,6493.35,1038.94,INR,15,7,0,779.20,0,50,active,2026-08-18T10:00:00+05:30
far_a437bab2,flt_f1165f96,economy,corporate,8116.69,1298.67,INR,15,7,1,974.00,0,27,active,2026-08-18T10:00:00+05:30
far_3ba6ff9e,flt_f1165f96,business,standard,22874.30,3659.89,INR,30,7,0,,0,8,active,2026-08-18T10:00:00+05:30
far_83563c62,flt_f1165f96,business,corporate,25161.74,4025.88,INR,30,7,1,,0,6,active,2026-08-18T10:00:00+05:30
far_d9af0cd7,flt_714f68df,economy,flex,17293.86,2767.02,INR,15,7,1,,1,142,active,2026-08-18T10:00:00+05:30
far_cba6711e,flt_a0d28b49,economy,saver,17340.25,2774.44,INR,15,7,0,2080.83,0,87,active,2026-08-18T10:00:00+05:30
far_bd7b69bc,flt_a0d28b49,economy,standard,19704.83,3152.77,INR,15,7,0,2364.58,0,78,active,2026-08-18T10:00:00+05:30
far_da394d2b,flt_a0d28b49,business,promo,47646.27,7623.40,INR,30,7,0,,0,12,active,2026-08-18T10:00:00+05:30
far_e0b69926,flt_a0d28b49,business,corporate,67193.46,10750.95,INR,30,7,1,,0,13,active,2026-08-18T10:00:00+05:30
far_e1240906,flt_9df90495,economy,flex,9327.08,1492.33,INR,15,7,1,,1,44,active,2026-08-18T10:00:00+05:30
far_cb24d528,flt_42f65548,economy,corporate,15001.00,2400.16,INR,15,7,1,,0,160,active,2026-08-18T10:00:00+05:30
far_37b95e5a,flt_42f65548,economy,promo,10637.07,1701.93,INR,15,7,0,1276.45,0,36,active,2026-08-18T10:00:00+05:30
far_76cb4a20,flt_42f65548,business,flex,51576.16,8252.19,INR,30,7,1,,1,23,active,2026-08-18T10:00:00+05:30
far_d7fd1307,flt_42f65548,business,promo,32974.92,5275.99,INR,30,7,0,,0,31,active,2026-08-18T10:00:00+05:30
far_c7a72f40,flt_f1a2e5c7,economy,flex,13312.26,2129.96,INR,15,7,1,,1,165,active,2026-08-18T10:00:00+05:30
far_652e1f5e,flt_f1a2e5c7,economy,standard,10911.69,1745.87,INR,15,7,0,1309.40,0,81,active,2026-08-18T10:00:00+05:30
far_11cc2422,flt_f1a2e5c7,business,saver,29767.08,4762.73,INR,30,7,0,3572.05,0,24,active,2026-08-18T10:00:00+05:30
far_f1b9f780,flt_f1a2e5c7,business,flex,41268.00,6602.88,INR,30,7,1,,1,21,active,2026-08-18T10:00:00+05:30
far_6186f2bf,flt_ceed2f9a,economy,saver,2458.26,393.32,INR,15,7,0,294.99,0,86,active,2026-08-18T10:00:00+05:30
far_6e2bb505,flt_9862c617,economy,standard,7586.27,1213.80,INR,15,7,0,910.35,0,22,active,2026-08-18T10:00:00+05:30
far_5fd03e89,flt_9862c617,economy,promo,5917.29,946.77,INR,15,7,0,710.07,0,159,active,2026-08-18T10:00:00+05:30
far_af2e4b63,flt_9862c617,business,flex,28691.26,4590.60,INR,30,7,1,3442.95,1,33,active,2026-08-18T10:00:00+05:30
far_3850df8d,flt_9862c617,business,saver,20695.34,3311.25,INR,30,7,0,2483.44,0,38,active,2026-08-18T10:00:00+05:30
far_69e2ff9c,flt_5cdc3c88,economy,promo,9325.81,1492.13,INR,15,7,0,1119.10,0,87,active,2026-08-18T10:00:00+05:30
far_e264b53b,flt_5cdc3c88,economy,corporate,13151.78,2104.29,INR,15,7,1,1578.21,0,28,active,2026-08-18T10:00:00+05:30
far_b222b8be,flt_5cdc3c88,business,corporate,40770.52,6523.28,INR,30,7,1,,0,6,active,2026-08-18T10:00:00+05:30
far_9a8448df,flt_5cdc3c88,business,flex,45218.22,7234.91,INR,30,7,1,,1,29,active,2026-08-18T10:00:00+05:30
far_987beca1,flt_92a5edc2,economy,standard,8955.25,1432.84,INR,15,7,0,1074.63,0,131,active,2026-08-18T10:00:00+05:30
far_21a40a99,flt_92a5edc2,economy,saver,7880.62,1260.90,INR,15,7,0,945.67,0,151,active,2026-08-18T10:00:00+05:30
far_2f2c05d9,flt_92a5edc2,business,flex,33868.76,5419.00,INR,30,7,1,,1,30,active,2026-08-18T10:00:00+05:30
far_99b5c72f,flt_92a5edc2,business,saver,24429.93,3908.79,INR,30,7,0,2931.59,0,7,active,2026-08-18T10:00:00+05:30
far_a4a2ddbd,flt_9b64f550,economy,saver,1568681.47,250989.04,IDR,15,7,0,188241.78,0,59,active,2026-08-18T10:00:00+05:30
far_d2ccb5d6,flt_9b64f550,economy,promo,1390422.22,222467.55,IDR,15,7,0,166850.67,0,96,active,2026-08-18T10:00:00+05:30
far_be843827,flt_9b64f550,business,saver,4862912.57,778066.01,IDR,30,7,0,,0,7,active,2026-08-18T10:00:00+05:30
far_88a61656,flt_9b64f550,business,standard,5526037.01,884165.92,IDR,30,7,0,663124.44,0,13,active,2026-08-18T10:00:00+05:30
far_fc48adfd,flt_a45130c7,economy,promo,3276.48,524.24,INR,15,7,0,393.18,0,103,active,2026-08-18T10:00:00+05:30
far_b402f199,flt_a45130c7,economy,saver,3696.54,591.45,INR,15,7,0,443.59,0,125,active,2026-08-18T10:00:00+05:30
far_69a20e36,flt_a45130c7,business,promo,10157.09,1625.13,INR,30,7,0,,0,35,active,2026-08-18T10:00:00+05:30
far_419c1a89,flt_a45130c7,business,saver,11459.28,1833.49,INR,30,7,0,,0,25,active,2026-08-18T10:00:00+05:30
far_9773d7bb,flt_d9bc1412,economy,saver,1788.45,286.15,THB,15,7,0,,0,134,active,2026-08-18T10:00:00+05:30
far_6daed2a8,flt_97ba90b5,economy,flex,36226.03,5796.16,INR,15,7,1,,1,36,active,2026-08-18T10:00:00+05:30
far_3b5eb17a,flt_97ba90b5,economy,saver,26130.25,4180.84,INR,15,7,0,3135.63,0,25,active,2026-08-18T10:00:00+05:30
far_8ee9c253,flt_97ba90b5,business,standard,92049.74,14727.96,INR,30,7,0,,0,8,active,2026-08-18T10:00:00+05:30
far_b16d13f0,flt_97ba90b5,business,saver,81003.77,12960.60,INR,30,7,0,9720.45,0,34,active,2026-08-18T10:00:00+05:30
far_49d46fb4,flt_dbfdc7d1,economy,saver,14267.21,2282.75,INR,15,7,0,1712.06,0,69,active,2026-08-18T10:00:00+05:30
far_a6dbe0b2,flt_dbfdc7d1,economy,flex,19779.54,3164.73,INR,15,7,1,2373.54,1,156,active,2026-08-18T10:00:00+05:30
far_2934f803,flt_dbfdc7d1,business,flex,61316.57,9810.65,INR,30,7,1,7357.99,1,23,active,2026-08-18T10:00:00+05:30
far_a89ebf06,flt_dbfdc7d1,business,corporate,55285.43,8845.67,INR,30,7,1,,0,18,active,2026-08-18T10:00:00+05:30
far_fc650f4c,flt_ba5f93bf,economy,flex,4991.75,798.68,INR,15,7,1,599.01,1,159,active,2026-08-18T10:00:00+05:30
far_0819d41c,flt_ba5f93bf,economy,corporate,4500.76,720.12,INR,15,7,1,540.09,0,131,active,2026-08-18T10:00:00+05:30
far_462a5b35,flt_ba5f93bf,business,promo,9893.49,1582.96,INR,30,7,0,1187.22,0,14,active,2026-08-18T10:00:00+05:30
far_bb6f52f4,flt_ba5f93bf,business,saver,11161.89,1785.90,INR,30,7,0,1339.43,0,31,active,2026-08-18T10:00:00+05:30
far_32e667db,flt_3e69a5f7,economy,standard,3449.10,551.86,INR,15,7,0,,0,61,active,2026-08-18T10:00:00+05:30
far_0214da1b,flt_3e69a5f7,economy,saver,3035.21,485.63,INR,15,7,0,364.22,0,161,active,2026-08-18T10:00:00+05:30
far_8bfc4882,flt_3e69a5f7,business,corporate,11761.42,1881.83,INR,30,7,1,,0,6,active,2026-08-18T10:00:00+05:30
far_d0afff82,flt_3e69a5f7,business,promo,8339.92,1334.39,INR,30,7,0,,0,22,active,2026-08-18T10:00:00+05:30
far_86648d9a,flt_2683e86f,economy,flex,4895.66,783.31,THB,15,7,1,,1,166,active,2026-08-18T10:00:00+05:30
far_1aaa67cd,flt_2683e86f,economy,corporate,4414.12,706.26,THB,15,7,1,529.69,0,71,active,2026-08-18T10:00:00+05:30
far_6a5d9b29,flt_2683e86f,business,standard,12439.78,1990.37,THB,30,7,0,1492.77,0,36,active,2026-08-18T10:00:00+05:30
far_45fe95c8,flt_2683e86f,business,saver,10947.01,1751.52,THB,30,7,0,1313.64,0,18,active,2026-08-18T10:00:00+05:30
far_d78eafe4,flt_b25ccf69,economy,saver,5660.53,905.69,INR,15,7,0,,0,165,active,2026-08-18T10:00:00+05:30
far_7e87109b,flt_f6ad22b6,economy,promo,2631292.64,421006.82,IDR,15,7,0,315755.12,0,163,active,2026-08-18T10:00:00+05:30
far_abb0f2a8,flt_f6ad22b6,economy,corporate,3710797.31,593727.57,IDR,15,7,1,445295.68,0,120,active,2026-08-18T10:00:00+05:30
far_4c4bc9c8,flt_f6ad22b6,business,promo,8157007.17,1305121.15,IDR,30,7,0,,0,36,active,2026-08-18T10:00:00+05:30
far_22ee73f8,flt_f6ad22b6,business,flex,12758395.84,2041343.33,IDR,30,7,1,,1,9,active,2026-08-18T10:00:00+05:30
far_87a7ea2e,flt_66c51387,economy,flex,6873.83,1099.81,INR,15,7,1,,1,26,active,2026-08-18T10:00:00+05:30
far_70fcb6f4,flt_93cfb01f,economy,standard,3292.26,526.76,THB,15,7,0,395.07,0,153,active,2026-08-18T10:00:00+05:30
far_f11545d0,flt_93cfb01f,economy,flex,4016.55,642.65,THB,15,7,1,,1,82,active,2026-08-18T10:00:00+05:30
far_e52ecf20,flt_93cfb01f,business,standard,10206.00,1632.96,THB,30,7,0,,0,12,active,2026-08-18T10:00:00+05:30
far_264a8dd8,flt_93cfb01f,business,promo,7960.68,1273.71,THB,30,7,0,955.28,0,15,active,2026-08-18T10:00:00+05:30
far_cd1e07f6,flt_59069ec7,economy,saver,1957.78,313.25,INR,15,7,0,,0,89,active,2026-08-18T10:00:00+05:30
far_f03364bc,flt_59069ec7,economy,promo,1735.31,277.65,INR,15,7,0,208.24,0,35,active,2026-08-18T10:00:00+05:30
far_6ee7bbc2,flt_59069ec7,business,standard,6896.74,1103.48,INR,30,7,0,827.61,0,9,active,2026-08-18T10:00:00+05:30
far_51547930,flt_59069ec7,business,flex,8414.02,1346.24,INR,30,7,1,,1,12,active,2026-08-18T10:00:00+05:30
far_49353173,flt_ddef97d1,economy,promo,3660.57,585.69,INR,15,7,0,439.27,0,40,active,2026-08-18T10:00:00+05:30
far_a9f9cee0,flt_ddef97d1,economy,flex,5725.51,916.08,INR,15,7,1,687.06,1,103,active,2026-08-18T10:00:00+05:30
far_95f94cd8,flt_ddef97d1,business,flex,17749.07,2839.85,INR,30,7,1,,1,33,active,2026-08-18T10:00:00+05:30
far_f4edc009,flt_ddef97d1,business,promo,11347.77,1815.64,INR,30,7,0,,0,8,active,2026-08-18T10:00:00+05:30
far_5107bd19,flt_412aea9d,economy,flex,349200.86,55872.14,IDR,15,7,1,41904.10,1,69,active,2026-08-18T10:00:00+05:30
far_bf8b45f5,flt_3b0541e6,economy,saver,3097.93,495.67,INR,15,7,0,,0,82,active,2026-08-18T10:00:00+05:30
far_6d6023b0,flt_b22cfd1d,economy,promo,7696.21,1231.39,INR,15,7,0,923.54,0,130,active,2026-08-18T10:00:00+05:30
far_1a1e2985,flt_90444b0b,economy,standard,5441.48,870.64,INR,15,7,0,,0,137,active,2026-08-18T10:00:00+05:30
far_0f1de2f0,flt_90444b0b,economy,flex,6638.60,1062.18,INR,15,7,1,,1,147,active,2026-08-18T10:00:00+05:30
far_d6d634ce,flt_90444b0b,business,standard,16868.57,2698.97,INR,30,7,0,2024.23,0,23,active,2026-08-18T10:00:00+05:30
far_df4d3c63,flt_90444b0b,business,promo,13157.49,2105.20,INR,30,7,0,1578.90,0,35,active,2026-08-18T10:00:00+05:30
far_ec1cfeb3,flt_634a58f4,economy,promo,12448.02,1991.68,INR,15,7,0,1493.76,0,23,active,2026-08-18T10:00:00+05:30
far_a3786a48,flt_634a58f4,economy,saver,14043.92,2247.03,INR,15,7,0,,0,163,active,2026-08-18T10:00:00+05:30
far_a0fe2fa2,flt_634a58f4,business,saver,43536.16,6965.78,INR,30,7,0,5224.34,0,13,active,2026-08-18T10:00:00+05:30
far_e1085f86,flt_634a58f4,business,flex,60356.94,9657.11,INR,30,7,1,,1,23,active,2026-08-18T10:00:00+05:30
far_ec1f25e4,flt_b5c4cbb5,economy,promo,2787.12,445.94,INR,15,7,0,,0,65,active,2026-08-18T10:00:00+05:30
far_f9399a28,flt_b5c4cbb5,economy,flex,4359.35,697.50,INR,15,7,1,,1,105,active,2026-08-18T10:00:00+05:30
far_77df71a7,flt_b5c4cbb5,business,saver,9747.78,1559.65,INR,30,7,0,,0,36,active,2026-08-18T10:00:00+05:30
far_09f9a99b,flt_b5c4cbb5,business,standard,11077.03,1772.32,INR,30,7,0,1329.24,0,8,active,2026-08-18T10:00:00+05:30
far_1e46e8c6,flt_bc4b2928,economy,flex,8899.31,1423.89,THB,15,7,1,,1,81,active,2026-08-18T10:00:00+05:30
far_6a8e15a9,flt_bc4b2928,economy,saver,6419.17,1027.07,THB,15,7,0,,0,161,active,2026-08-18T10:00:00+05:30
far_a73b8a42,flt_bc4b2928,business,promo,17638.14,2822.10,THB,30,7,0,2116.58,0,25,active,2026-08-18T10:00:00+05:30
far_03710007,flt_bc4b2928,business,standard,22612.99,3618.08,THB,30,7,0,2713.56,0,10,active,2026-08-18T10:00:00+05:30
far_74d4367d,flt_273906c8,economy,promo,3811.99,609.92,THB,15,7,0,,0,120,active,2026-08-18T10:00:00+05:30
far_35d861f2,flt_273906c8,economy,saver,4300.71,688.11,THB,15,7,0,516.09,0,31,active,2026-08-18T10:00:00+05:30
far_81146c4e,flt_273906c8,business,promo,11817.18,1890.75,THB,30,7,0,1418.06,0,32,active,2026-08-18T10:00:00+05:30
far_2a39c06c,flt_273906c8,business,corporate,16665.25,2666.44,THB,30,7,1,,0,29,active,2026-08-18T10:00:00+05:30
far_bf85bc2b,flt_88916c8e,economy,promo,2909.65,465.54,THB,15,7,0,,0,164,active,2026-08-18T10:00:00+05:30
far_b128a153,flt_70fddbec,economy,flex,8224.67,1315.95,INR,15,7,1,986.96,1,105,active,2026-08-18T10:00:00+05:30
far_77aa28ae,flt_70fddbec,economy,standard,6741.53,1078.65,INR,15,7,0,808.98,0,88,active,2026-08-18T10:00:00+05:30
far_63d90af8,flt_70fddbec,business,saver,18390.90,2942.54,INR,30,7,0,,0,5,active,2026-08-18T10:00:00+05:30
far_206c72a7,flt_70fddbec,business,corporate,22988.62,3678.18,INR,30,7,1,,0,10,active,2026-08-18T10:00:00+05:30
far_caf6e472,flt_afd786f0,economy,flex,23810.52,3809.68,INR,15,7,1,,1,70,active,2026-08-18T10:00:00+05:30
far_4bd90282,flt_afd786f0,economy,standard,19516.82,3122.69,INR,15,7,0,,0,142,active,2026-08-18T10:00:00+05:30
far_1250a647,flt_afd786f0,business,corporate,66552.34,10648.38,INR,30,7,1,7986.28,0,34,active,2026-08-18T10:00:00+05:30
far_0f3af7d5,flt_afd786f0,business,saver,53241.88,8518.70,INR,30,7,0,6389.03,0,7,active,2026-08-18T10:00:00+05:30
far_15fe0194,flt_dbb5d5dc,economy,flex,12216.87,1954.70,INR,15,7,1,1466.02,1,44,active,2026-08-18T10:00:00+05:30
far_212314cc,flt_dbb5d5dc,economy,saver,8812.17,1409.95,INR,15,7,0,1057.46,0,162,active,2026-08-18T10:00:00+05:30
far_c64a07fd,flt_dbb5d5dc,business,standard,31042.85,4966.86,INR,30,7,0,3725.14,0,25,active,2026-08-18T10:00:00+05:30
far_40cc61e7,flt_dbb5d5dc,business,flex,37872.28,6059.57,INR,30,7,1,4544.67,1,27,active,2026-08-18T10:00:00+05:30
far_a2d7375b,flt_4153ca81,economy,flex,6752.11,1080.34,INR,15,7,1,,1,74,active,2026-08-18T10:00:00+05:30
far_3a24f7f2,flt_4153ca81,economy,corporate,6087.97,974.07,INR,15,7,1,730.56,0,37,active,2026-08-18T10:00:00+05:30
far_095c8f1b,flt_4153ca81,business,saver,15098.16,2415.71,INR,30,7,0,1811.78,0,10,active,2026-08-18T10:00:00+05:30
far_981930f9,flt_4153ca81,business,standard,17157.00,2745.12,INR,30,7,0,,0,34,active,2026-08-18T10:00:00+05:30
far_69386876,flt_63382fdb,economy,corporate,3583.59,573.37,INR,15,7,1,430.03,0,98,active,2026-08-18T10:00:00+05:30
far_68bf2ad8,flt_63382fdb,economy,promo,2541.09,406.57,INR,15,7,0,,0,167,active,2026-08-18T10:00:00+05:30
far_9ddb20e0,flt_63382fdb,business,promo,7877.39,1260.38,INR,30,7,0,945.29,0,32,active,2026-08-18T10:00:00+05:30
far_0a29da3d,flt_63382fdb,business,corporate,11109.13,1777.46,INR,30,7,1,,0,7,active,2026-08-18T10:00:00+05:30
far_40aed69a,flt_11cba190,economy,saver,3855.44,616.87,INR,15,7,0,462.65,0,92,active,2026-08-18T10:00:00+05:30
far_2d7ea8e5,flt_11cba190,economy,corporate,4819.31,771.09,INR,15,7,1,578.32,0,159,active,2026-08-18T10:00:00+05:30
far_2342e436,flt_11cba190,business,standard,13581.68,2173.07,INR,30,7,0,1629.80,0,18,active,2026-08-18T10:00:00+05:30
far_27087f26,flt_11cba190,business,flex,16569.65,2651.14,INR,30,7,1,,1,14,active,2026-08-18T10:00:00+05:30
far_9ba37751,flt_4a82575d,economy,promo,3752.06,600.33,INR,15,7,0,450.25,0,98,active,2026-08-18T10:00:00+05:30
far_884ce005,flt_4a82575d,economy,standard,4810.33,769.65,INR,15,7,0,,0,115,active,2026-08-18T10:00:00+05:30
far_cbe9cdfc,flt_4a82575d,business,flex,18192.66,2910.83,INR,30,7,1,,1,27,active,2026-08-18T10:00:00+05:30
far_7c28efd5,flt_4a82575d,business,corporate,16403.22,2624.51,INR,30,7,1,1968.39,0,34,active,2026-08-18T10:00:00+05:30
far_18298912,flt_8614c569,economy,saver,109.27,17.48,SGD,15,7,0,13.11,0,46,active,2026-08-18T10:00:00+05:30
far_f07ea083,flt_8614c569,economy,flex,151.49,24.24,SGD,15,7,1,18.18,1,161,active,2026-08-18T10:00:00+05:30
far_f8469fae,flt_8614c569,business,flex,469.62,75.14,SGD,30,7,1,,1,39,active,2026-08-18T10:00:00+05:30
far_7ca089c3,flt_8614c569,business,saver,338.74,54.20,SGD,30,7,0,,0,32,active,2026-08-18T10:00:00+05:30
far_868cc849,flt_a5046bdd,economy,saver,1186.35,189.82,AED,15,7,0,,0,93,active,2026-08-18T10:00:00+05:30
far_16c319d6,flt_a5046bdd,economy,corporate,1482.93,237.27,AED,15,7,1,177.95,0,29,active,2026-08-18T10:00:00+05:30
far_a2800c93,flt_a5046bdd,business,standard,4179.18,668.67,AED,30,7,0,,0,32,active,2026-08-18T10:00:00+05:30
far_33a0eb61,flt_a5046bdd,business,flex,5098.60,815.78,AED,30,7,1,611.83,1,23,active,2026-08-18T10:00:00+05:30
far_1680937a,flt_569977dc,economy,corporate,2449.81,391.97,THB,15,7,1,293.98,0,51,active,2026-08-18T10:00:00+05:30
far_ead12f0a,flt_3add0a5a,economy,corporate,17517.66,2802.82,INR,15,7,1,2102.12,0,125,active,2026-08-18T10:00:00+05:30
far_11661785,flt_3add0a5a,economy,standard,15925.14,2548.02,INR,15,7,0,1911.02,0,58,active,2026-08-18T10:00:00+05:30
far_708b47bc,flt_3add0a5a,business,flex,60228.89,9636.62,INR,30,7,1,7227.47,1,18,active,2026-08-18T10:00:00+05:30
far_a321d3cf,flt_3add0a5a,business,saver,43443.79,6951.01,INR,30,7,0,5213.25,0,29,active,2026-08-18T10:00:00+05:30
far_6a055a82,flt_b6c441fc,economy,corporate,4011.50,641.84,THB,15,7,1,481.38,0,107,active,2026-08-18T10:00:00+05:30
far_979bf5da,flt_b6c441fc,economy,standard,3646.82,583.49,THB,15,7,0,,0,157,active,2026-08-18T10:00:00+05:30
far_a6e7dd42,flt_b6c441fc,business,standard,11305.13,1808.82,THB,30,7,0,1356.62,0,28,active,2026-08-18T10:00:00+05:30
far_92e8ac2b,flt_b6c441fc,business,corporate,12435.64,1989.70,THB,30,7,1,1492.28,0,24,active,2026-08-18T10:00:00+05:30
far_a29f205a,flt_902c5f8d,economy,promo,5374.01,859.84,INR,15,7,0,,0,85,active,2026-08-18T10:00:00+05:30
far_b8a02149,flt_902c5f8d,economy,flex,8405.51,1344.88,INR,15,7,1,,1,158,active,2026-08-18T10:00:00+05:30
far_b62d01f8,flt_902c5f8d,business,flex,26057.08,4169.13,INR,30,7,1,,1,20,active,2026-08-18T10:00:00+05:30
far_cc93a479,flt_902c5f8d,business,promo,16659.44,2665.51,INR,30,7,0,1999.13,0,11,active,2026-08-18T10:00:00+05:30
far_04ce2de5,flt_4a5617f8,economy,saver,20705.13,3312.82,INR,15,7,0,2484.62,0,149,active,2026-08-18T10:00:00+05:30
far_4b83d789,flt_4a5617f8,economy,promo,18352.28,2936.36,INR,15,7,0,2202.27,0,94,active,2026-08-18T10:00:00+05:30
far_14f5c3d3,flt_4a5617f8,business,saver,64185.91,10269.75,INR,30,7,0,,0,22,active,2026-08-18T10:00:00+05:30
far_6f238413,flt_4a5617f8,business,standard,72938.53,11670.17,INR,30,7,0,8752.62,0,26,active,2026-08-18T10:00:00+05:30
far_998e010d,flt_824a32ad,economy,corporate,8851.32,1416.21,INR,15,7,1,,0,153,active,2026-08-18T10:00:00+05:30
far_882860ac,flt_824a32ad,economy,saver,7081.05,1132.97,INR,15,7,0,849.73,0,141,active,2026-08-18T10:00:00+05:30
far_78ab77be,flt_824a32ad,business,saver,21951.27,3512.20,INR,30,7,0,2634.15,0,14,active,2026-08-18T10:00:00+05:30
far_321fa443,flt_824a32ad,business,corporate,27439.08,4390.25,INR,30,7,1,,0,11,active,2026-08-18T10:00:00+05:30
far_eb34defd,flt_9942e00b,economy,flex,6462.23,1033.96,THB,15,7,1,775.47,1,62,active,2026-08-18T10:00:00+05:30
far_a8d65ada,flt_9942e00b,economy,promo,4131.59,661.05,THB,15,7,0,,0,79,active,2026-08-18T10:00:00+05:30
far_7e73cab7,flt_9942e00b,business,flex,20032.92,3205.27,THB,30,7,1,2403.95,1,20,active,2026-08-18T10:00:00+05:30
far_0999de85,flt_9942e00b,business,standard,16420.43,2627.27,THB,30,7,0,1970.45,0,27,active,2026-08-18T10:00:00+05:30
far_126f4c95,flt_5908cdd9,economy,flex,6411.74,1025.88,INR,15,7,1,769.41,1,38,active,2026-08-18T10:00:00+05:30
far_95fba9ca,flt_5908cdd9,economy,promo,4099.31,655.89,INR,15,7,0,491.92,0,27,active,2026-08-18T10:00:00+05:30
far_532107de,flt_5908cdd9,business,promo,12707.86,2033.26,INR,30,7,0,1524.94,0,28,active,2026-08-18T10:00:00+05:30
far_54042d83,flt_5908cdd9,business,saver,14337.08,2293.93,INR,30,7,0,1720.45,0,13,active,2026-08-18T10:00:00+05:30
far_38c5d091,flt_9bf5ec51,economy,standard,3849.06,615.85,THB,15,7,0,461.89,0,63,active,2026-08-18T10:00:00+05:30
far_4e253ac4,flt_9bf5ec51,economy,saver,3387.17,541.95,THB,15,7,0,406.46,0,83,active,2026-08-18T10:00:00+05:30
far_0220bd8e,flt_9bf5ec51,business,promo,9307.02,1489.12,THB,30,7,0,,0,18,active,2026-08-18T10:00:00+05:30
far_88ee7e42,flt_9bf5ec51,business,flex,14557.13,2329.14,THB,30,7,1,1746.86,1,16,active,2026-08-18T10:00:00+05:30
far_ccff0cd8,flt_f6b73d78,economy,saver,4405.95,704.95,THB,15,7,0,528.71,0,67,active,2026-08-18T10:00:00+05:30
far_c034fe4c,flt_f6b73d78,economy,promo,3905.28,624.84,THB,15,7,0,,0,68,active,2026-08-18T10:00:00+05:30
far_45b99ef5,flt_f6b73d78,business,saver,13658.46,2185.35,THB,30,7,0,,0,34,active,2026-08-18T10:00:00+05:30
far_c53cd1da,flt_f6b73d78,business,flex,18935.59,3029.69,THB,30,7,1,2272.27,1,19,active,2026-08-18T10:00:00+05:30
far_de61412f,flt_6f3bffab,economy,flex,38571.12,6171.38,INR,15,7,1,,1,101,active,2026-08-18T10:00:00+05:30
far_e82b09ce,flt_6f3bffab,economy,corporate,34777.24,5564.36,INR,15,7,1,4173.27,0,44,active,2026-08-18T10:00:00+05:30
far_dbfb326a,flt_6f3bffab,business,promo,76446.69,12231.47,INR,30,7,0,,0,21,active,2026-08-18T10:00:00+05:30
far_824d81d3,flt_6f3bffab,business,saver,86247.55,13799.61,INR,30,7,0,10349.71,0,13,active,2026-08-18T10:00:00+05:30
far_a82d9e6f,flt_148f994e,economy,saver,1261.22,201.80,INR,15,7,0,151.35,0,71,active,2026-08-18T10:00:00+05:30
far_61b1051d,flt_148f994e,economy,corporate,1576.53,252.24,INR,15,7,1,189.18,0,122,active,2026-08-18T10:00:00+05:30
far_64bfefbd,flt_148f994e,business,corporate,4887.23,781.96,INR,30,7,1,586.47,0,29,active,2026-08-18T10:00:00+05:30
far_a8f5e73f,flt_148f994e,business,promo,3465.49,554.48,INR,30,7,0,415.86,0,23,active,2026-08-18T10:00:00+05:30
far_448804e7,flt_c13b2205,economy,flex,18369.67,2939.15,INR,15,7,1,2204.36,1,131,active,2026-08-18T10:00:00+05:30
far_85190e2e,flt_c13b2205,economy,standard,15057.10,2409.14,INR,15,7,0,1806.85,0,146,active,2026-08-18T10:00:00+05:30
far_fda6ddaf,flt_c13b2205,business,flex,56945.96,9111.35,INR,30,7,1,6833.52,1,18,active,2026-08-18T10:00:00+05:30
far_8a2d5292,flt_c13b2205,business,standard,46677.02,7468.32,INR,30,7,0,,0,7,active,2026-08-18T10:00:00+05:30
far_365ecb3a,flt_bc041345,economy,saver,247.77,39.64,SGD,15,7,0,,0,152,active,2026-08-18T10:00:00+05:30
far_4c7144fe,flt_bc041345,economy,standard,281.56,45.05,SGD,15,7,0,33.79,0,165,active,2026-08-18T10:00:00+05:30
far_4c377534,flt_bc041345,business,corporate,960.11,153.62,SGD,30,7,1,115.21,0,34,active,2026-08-18T10:00:00+05:30
far_c1a36078,flt_bc041345,business,standard,872.83,139.65,SGD,30,7,0,,0,27,active,2026-08-18T10:00:00+05:30
far_8c0ca1b7,flt_4a1ff478,economy,standard,3839.03,614.24,INR,15,7,0,,0,27,active,2026-08-18T10:00:00+05:30
far_6a985ed8,flt_4a1ff478,economy,corporate,4222.93,675.67,INR,15,7,1,,0,51,active,2026-08-18T10:00:00+05:30
far_04a9732d,flt_4a1ff478,business,promo,9282.76,1485.24,INR,30,7,0,,0,31,active,2026-08-18T10:00:00+05:30
far_8ebb3629,flt_4a1ff478,business,flex,14519.19,2323.07,INR,30,7,1,1742.30,1,4,active,2026-08-18T10:00:00+05:30
far_e92dcb2f,flt_1cfea65c,economy,corporate,30699.69,4911.95,INR,15,7,1,3683.96,0,49,active,2026-08-18T10:00:00+05:30
far_0bd02129,flt_1cfea65c,economy,saver,24559.75,3929.56,INR,15,7,0,2947.17,0,36,active,2026-08-18T10:00:00+05:30
far_9da839ad,flt_1cfea65c,business,standard,86517.32,13842.77,INR,30,7,0,,0,26,active,2026-08-18T10:00:00+05:30
far_ed732e3b,flt_1cfea65c,business,corporate,95169.05,15227.05,INR,30,7,1,11420.29,0,28,active,2026-08-18T10:00:00+05:30
far_18979b28,flt_363761c4,economy,saver,756.85,121.10,MYR,15,7,0,90.82,0,169,active,2026-08-18T10:00:00+05:30
far_b99af5b4,flt_363761c4,economy,corporate,946.06,151.37,MYR,15,7,1,113.53,0,99,active,2026-08-18T10:00:00+05:30
far_d84168d0,flt_363761c4,business,standard,2666.18,426.59,MYR,30,7,0,,0,13,active,2026-08-18T10:00:00+05:30
far_ed1db11f,flt_363761c4,business,corporate,2932.80,469.25,MYR,30,7,1,,0,14,active,2026-08-18T10:00:00+05:30
far_35f99c8a,flt_aac1d29c,economy,flex,7225.81,1156.13,INR,15,7,1,,1,138,active,2026-08-18T10:00:00+05:30
far_5f69833f,flt_aac1d29c,economy,standard,5922.80,947.65,INR,15,7,0,,0,147,active,2026-08-18T10:00:00+05:30
far_854d2197,flt_aac1d29c,business,saver,16157.39,2585.18,INR,30,7,0,1938.89,0,37,active,2026-08-18T10:00:00+05:30
far_7300df91,flt_aac1d29c,business,flex,22400.02,3584.00,INR,30,7,1,,1,5,active,2026-08-18T10:00:00+05:30
far_abcc24f0,flt_e17a08a5,economy,saver,7006.36,1121.02,INR,15,7,0,840.76,0,143,active,2026-08-18T10:00:00+05:30
far_765bab86,flt_e17a08a5,economy,corporate,8757.95,1401.27,INR,15,7,1,1050.95,0,119,active,2026-08-18T10:00:00+05:30
far_d935c706,flt_e17a08a5,business,standard,24681.49,3949.04,INR,30,7,0,2961.78,0,31,active,2026-08-18T10:00:00+05:30
far_830c4c1c,flt_e17a08a5,business,promo,19251.56,3080.25,INR,30,7,0,2310.19,0,14,active,2026-08-18T10:00:00+05:30
far_cbbe78b0,flt_492b85c2,economy,flex,12644.32,2023.09,INR,15,7,1,,1,36,active,2026-08-18T10:00:00+05:30
far_75d8a791,flt_492b85c2,economy,corporate,11400.62,1824.10,INR,15,7,1,,0,130,active,2026-08-18T10:00:00+05:30
far_fc20bbea,flt_492b85c2,business,promo,25060.63,4009.70,INR,30,7,0,,0,6,active,2026-08-18T10:00:00+05:30
far_fadb6a3f,flt_492b85c2,business,standard,32129.01,5140.64,INR,30,7,0,,0,34,active,2026-08-18T10:00:00+05:30
far_2b75d393,flt_d19ca7a3,economy,standard,6311.00,1009.76,INR,15,7,0,757.32,0,96,active,2026-08-18T10:00:00+05:30
far_d7e2ab47,flt_d19ca7a3,economy,corporate,6942.10,1110.74,INR,15,7,1,,0,22,active,2026-08-18T10:00:00+05:30
far_da40c43d,flt_d19ca7a3,business,corporate,21520.50,3443.28,INR,30,7,1,2582.46,0,21,active,2026-08-18T10:00:00+05:30
far_0c75206d,flt_d19ca7a3,business,saver,17216.40,2754.62,INR,30,7,0,,0,21,active,2026-08-18T10:00:00+05:30
far_3e886db1,flt_03bc21a1,economy,saver,5287.82,846.05,THB,15,7,0,634.54,0,94,active,2026-08-18T10:00:00+05:30
far_b3642110,flt_03bc21a1,economy,flex,7330.83,1172.93,THB,15,7,1,,1,152,active,2026-08-18T10:00:00+05:30
far_a9e845e0,flt_03bc21a1,business,saver,16392.23,2622.76,THB,30,7,0,,0,11,active,2026-08-18T10:00:00+05:30
far_0c81f6fa,flt_03bc21a1,business,corporate,20490.28,3278.45,THB,30,7,1,2458.83,0,30,active,2026-08-18T10:00:00+05:30
far_e0d39f18,flt_fb57399e,economy,flex,7367.43,1178.79,INR,15,7,1,884.09,1,69,active,2026-08-18T10:00:00+05:30
far_c7c02a18,flt_fb57399e,economy,promo,4710.32,753.65,INR,15,7,0,,0,101,active,2026-08-18T10:00:00+05:30
far_04e31a24,flt_fb57399e,business,flex,22839.03,3654.24,INR,30,7,1,,1,28,active,2026-08-18T10:00:00+05:30
far_4f6dc2ba,flt_fb57399e,business,standard,18720.51,2995.28,INR,30,7,0,2246.46,0,35,active,2026-08-18T10:00:00+05:30
far_8e5578b9,flt_f3420044,economy,standard,4436.37,709.82,INR,15,7,0,,0,93,active,2026-08-18T10:00:00+05:30
far_0ae34733,flt_f3420044,economy,flex,5412.37,865.98,INR,15,7,1,649.48,1,57,active,2026-08-18T10:00:00+05:30
far_645496c9,flt_f3420044,business,standard,13752.74,2200.44,INR,30,7,0,,0,30,active,2026-08-18T10:00:00+05:30
far_3149dab2,flt_f3420044,business,promo,10727.13,1716.34,INR,30,7,0,1287.26,0,4,active,2026-08-18T10:00:00+05:30
far_b57881a7,flt_44ba0a06,economy,corporate,1586.28,253.81,INR,15,7,1,190.35,0,159,active,2026-08-18T10:00:00+05:30
far_d6bd6eb7,flt_9a116b90,economy,saver,5531.00,884.96,INR,15,7,0,663.72,0,156,active,2026-08-18T10:00:00+05:30
far_38f2f6f1,flt_9a116b90,economy,corporate,6913.75,1106.20,INR,15,7,1,,0,54,active,2026-08-18T10:00:00+05:30
far_9d8edda3,flt_9a116b90,business,standard,19484.21,3117.47,INR,30,7,0,2338.11,0,27,active,2026-08-18T10:00:00+05:30
far_01efc7dd,flt_9a116b90,business,saver,17146.11,2743.38,INR,30,7,0,2057.53,0,31,active,2026-08-18T10:00:00+05:30
far_783923ad,flt_9cbe1d3c,economy,standard,7267.43,1162.79,INR,15,7,0,872.09,0,59,active,2026-08-18T10:00:00+05:30
far_fbcb5dd0,flt_9cbe1d3c,economy,flex,8866.26,1418.60,INR,15,7,1,1063.95,1,70,active,2026-08-18T10:00:00+05:30
far_7a5d08e3,flt_9cbe1d3c,business,standard,22529.02,3604.64,INR,30,7,0,,0,35,active,2026-08-18T10:00:00+05:30
far_108b0467,flt_9cbe1d3c,business,promo,17572.63,2811.62,INR,30,7,0,2108.72,0,21,active,2026-08-18T10:00:00+05:30
far_999f75c5,flt_4c9202df,economy,standard,5673.21,907.71,INR,15,7,0,680.79,0,69,active,2026-08-18T10:00:00+05:30
far_fe44d6c4,flt_4c9202df,economy,promo,4425.10,708.02,INR,15,7,0,531.01,0,30,active,2026-08-18T10:00:00+05:30
far_6bfb2e6f,flt_4c9202df,business,flex,21456.08,3432.97,INR,30,7,1,2574.73,1,38,active,2026-08-18T10:00:00+05:30
far_9a1596e0,flt_4c9202df,business,corporate,19345.65,3095.30,INR,30,7,1,,0,20,active,2026-08-18T10:00:00+05:30
far_dcc84bee,flt_7f33434d,economy,standard,459.35,73.50,MYR,15,7,0,,0,162,active,2026-08-18T10:00:00+05:30
far_dc210fe6,flt_f5fc7e72,economy,corporate,371.11,59.38,SGD,15,7,1,44.53,0,123,active,2026-08-18T10:00:00+05:30
far_d7ba2130,flt_f5fc7e72,economy,promo,263.15,42.10,SGD,15,7,0,31.58,0,140,active,2026-08-18T10:00:00+05:30
far_165ae9b3,flt_f5fc7e72,business,corporate,1150.45,184.07,SGD,30,7,1,,0,5,active,2026-08-18T10:00:00+05:30
far_4f62c67b,flt_f5fc7e72,business,saver,920.36,147.26,SGD,30,7,0,,0,37,active,2026-08-18T10:00:00+05:30
far_ef3552f6,flt_3378589b,economy,corporate,6409.77,1025.56,INR,15,7,1,,0,77,active,2026-08-18T10:00:00+05:30
far_2500e947,flt_7f50b620,economy,corporate,24411.00,3905.76,INR,15,7,1,,0,47,active,2026-08-18T10:00:00+05:30
far_d0dbc4db,flt_7f50b620,economy,saver,19528.80,3124.61,INR,15,7,0,2343.46,0,20,active,2026-08-18T10:00:00+05:30
far_ac961916,flt_7f50b620,business,flex,83929.45,13428.71,INR,30,7,1,,1,7,active,2026-08-18T10:00:00+05:30
far_55320d1a,flt_7f50b620,business,saver,60539.28,9686.28,INR,30,7,0,7264.71,0,15,active,2026-08-18T10:00:00+05:30
far_f59e18a7,flt_fb44cf6d,economy,corporate,15575.74,2492.12,INR,15,7,1,1869.09,0,99,active,2026-08-18T10:00:00+05:30
far_2ebdff63,flt_fb44cf6d,economy,saver,12460.60,1993.70,INR,15,7,0,1495.27,0,164,active,2026-08-18T10:00:00+05:30
far_43e7aca3,flt_fb44cf6d,business,standard,43895.28,7023.24,INR,30,7,0,,0,39,active,2026-08-18T10:00:00+05:30
far_42f434e0,flt_fb44cf6d,business,saver,38627.84,6180.46,INR,30,7,0,4635.34,0,36,active,2026-08-18T10:00:00+05:30
far_bcfb99e3,flt_d8adec89,economy,standard,939.39,150.30,MYR,15,7,0,112.73,0,31,active,2026-08-18T10:00:00+05:30
far_b51fcf61,flt_d8adec89,economy,corporate,1033.32,165.33,MYR,15,7,1,124.00,0,35,active,2026-08-18T10:00:00+05:30
far_3ae25935,flt_d8adec89,business,corporate,3203.31,512.53,MYR,30,7,1,,0,38,active,2026-08-18T10:00:00+05:30
far_2fc6e5d0,flt_d8adec89,business,flex,3552.76,568.44,MYR,30,7,1,,1,8,active,2026-08-18T10:00:00+05:30
far_12505588,flt_e4c5a324,economy,corporate,5294.18,847.07,INR,15,7,1,,0,146,active,2026-08-18T10:00:00+05:30
far_21f83197,flt_e4c5a324,economy,flex,5871.73,939.48,INR,15,7,1,704.61,1,36,active,2026-08-18T10:00:00+05:30
far_10b0445e,flt_e4c5a324,business,flex,18202.36,2912.38,INR,30,7,1,2184.28,1,6,active,2026-08-18T10:00:00+05:30
far_0505dd01,flt_e4c5a324,business,standard,14919.96,2387.19,INR,30,7,0,,0,31,active,2026-08-18T10:00:00+05:30
far_8a49ca04,flt_06ccf422,economy,saver,4147.98,663.68,INR,15,7,0,,0,119,active,2026-08-18T10:00:00+05:30
far_7a7a8673,flt_6162e3b7,economy,promo,4145.74,663.32,INR,15,7,0,497.49,0,75,active,2026-08-18T10:00:00+05:30
far_728786ef,flt_6162e3b7,economy,standard,5315.05,850.41,INR,15,7,0,,0,48,active,2026-08-18T10:00:00+05:30
far_9cda950a,flt_6162e3b7,business,flex,20101.52,3216.24,INR,30,7,1,2412.18,1,31,active,2026-08-18T10:00:00+05:30
far_444955ba,flt_6162e3b7,business,standard,16476.66,2636.27,INR,30,7,0,1977.20,0,25,active,2026-08-18T10:00:00+05:30
far_7eefdba8,flt_c25d045f,economy,saver,585.57,93.69,MYR,15,7,0,70.27,0,71,active,2026-08-18T10:00:00+05:30
far_dc796f09,flt_207cbb24,economy,corporate,309.36,49.50,SGD,15,7,1,37.12,0,87,active,2026-08-18T10:00:00+05:30
far_2fa38fe0,flt_207cbb24,economy,flex,343.11,54.90,SGD,15,7,1,41.17,1,167,active,2026-08-18T10:00:00+05:30
far_1764c357,flt_207cbb24,business,flex,1063.63,170.18,SGD,30,7,1,127.64,1,4,active,2026-08-18T10:00:00+05:30
far_9860e895,flt_207cbb24,business,corporate,959.01,153.44,SGD,30,7,1,115.08,0,4,active,2026-08-18T10:00:00+05:30
far_0d07861b,flt_30359bea,economy,saver,3868.48,618.96,INR,15,7,0,,0,30,active,2026-08-18T10:00:00+05:30
far_7f3efe10,flt_e720be5a,economy,flex,3397.57,543.61,INR,15,7,1,407.71,1,135,active,2026-08-18T10:00:00+05:30
far_968ee7c8,flt_25be2e6c,economy,saver,455.21,72.83,AED,15,7,0,54.62,0,138,active,2026-08-18T10:00:00+05:30
far_c49a9d50,flt_25be2e6c,economy,promo,403.48,64.56,AED,15,7,0,,0,49,active,2026-08-18T10:00:00+05:30
far_73cee86d,flt_25be2e6c,business,saver,1411.14,225.78,AED,30,7,0,,0,32,active,2026-08-18T10:00:00+05:30
far_97414e0d,flt_25be2e6c,business,corporate,1763.92,282.23,AED,30,7,1,,0,20,active,2026-08-18T10:00:00+05:30
far_3884546d,flt_e987b654,economy,standard,5086.90,813.90,INR,15,7,0,610.43,0,97,active,2026-08-18T10:00:00+05:30
far_0d0fc0b5,flt_e987b654,economy,promo,3967.78,634.85,INR,15,7,0,,0,25,active,2026-08-18T10:00:00+05:30
far_ca9e5d0e,flt_e987b654,business,promo,12300.13,1968.02,INR,30,7,0,,0,39,active,2026-08-18T10:00:00+05:30
far_6464bf5f,flt_e987b654,business,corporate,17346.34,2775.41,INR,30,7,1,,0,20,active,2026-08-18T10:00:00+05:30
far_b163590a,flt_fc853031,economy,saver,7752.13,1240.34,INR,15,7,0,,0,23,active,2026-08-18T10:00:00+05:30
far_14d7b102,flt_fc853031,economy,standard,8809.24,1409.48,INR,15,7,0,,0,82,active,2026-08-18T10:00:00+05:30
far_e4936492,flt_fc853031,business,flex,33316.55,5330.65,INR,30,7,1,,1,37,active,2026-08-18T10:00:00+05:30
far_f027074d,flt_fc853031,business,corporate,30039.51,4806.32,INR,30,7,1,3604.74,0,16,active,2026-08-18T10:00:00+05:30
far_b963ae86,flt_dd58122f,economy,saver,2501955.13,400312.82,IDR,15,7,0,300234.62,0,106,active,2026-08-18T10:00:00+05:30
far_cdc51d38,flt_ba18e81e,economy,promo,3670.34,587.26,THB,15,7,0,440.44,0,37,active,2026-08-18T10:00:00+05:30
far_c5ae1d20,flt_ba18e81e,economy,standard,4705.57,752.89,THB,15,7,0,564.67,0,158,active,2026-08-18T10:00:00+05:30
far_95b6b6d5,flt_ba18e81e,business,standard,14587.27,2333.96,THB,30,7,0,1750.47,0,20,active,2026-08-18T10:00:00+05:30
far_c9f2c493,flt_ba18e81e,business,promo,11378.07,1820.49,THB,30,7,0,1365.37,0,39,active,2026-08-18T10:00:00+05:30
far_49c67bf5,flt_c83385c0,economy,flex,2632.05,421.13,INR,15,7,1,315.85,1,144,active,2026-08-18T10:00:00+05:30
far_3f3911e1,flt_c83385c0,economy,saver,1898.53,303.77,INR,15,7,0,,0,111,active,2026-08-18T10:00:00+05:30
far_74b13422,flt_c83385c0,business,promo,5216.65,834.66,INR,30,7,0,626.00,0,9,active,2026-08-18T10:00:00+05:30
far_d18733e2,flt_c83385c0,business,flex,8159.37,1305.50,INR,30,7,1,,1,16,active,2026-08-18T10:00:00+05:30
far_33c3acbe,flt_7dc9b29a,economy,flex,1047.59,167.61,AED,15,7,1,125.71,1,163,active,2026-08-18T10:00:00+05:30
far_04a9df85,flt_283a75f7,economy,flex,697.35,111.58,AED,15,7,1,83.68,1,158,active,2026-08-18T10:00:00+05:30
far_3e1fdf42,flt_283a75f7,economy,corporate,628.75,100.60,AED,15,7,1,,0,109,active,2026-08-18T10:00:00+05:30
far_1338c2d6,flt_283a75f7,business,corporate,1949.14,311.86,AED,30,7,1,233.90,0,29,active,2026-08-18T10:00:00+05:30
far_cd1debb5,flt_283a75f7,business,standard,1771.94,283.51,AED,30,7,0,212.63,0,39,active,2026-08-18T10:00:00+05:30
far_aeb34c92,flt_6079bc42,economy,saver,3695.05,591.21,INR,15,7,0,,0,113,active,2026-08-18T10:00:00+05:30
far_dc8a5d76,flt_6079bc42,economy,corporate,4618.81,739.01,INR,15,7,1,,0,54,active,2026-08-18T10:00:00+05:30
far_2548988c,flt_6079bc42,business,promo,10152.98,1624.48,INR,30,7,0,1218.36,0,26,active,2026-08-18T10:00:00+05:30
far_09ecdef3,flt_6079bc42,business,flex,15880.30,2540.85,INR,30,7,1,1905.64,1,15,active,2026-08-18T10:00:00+05:30
far_db1769ce,flt_5602315b,economy,flex,5717.84,914.85,INR,15,7,1,,1,86,active,2026-08-18T10:00:00+05:30
far_69a54e02,flt_32f0e420,economy,flex,552.35,88.38,SGD,15,7,1,,1,141,active,2026-08-18T10:00:00+05:30
far_05072cc8,flt_32f0e420,economy,standard,452.75,72.44,SGD,15,7,0,,0,34,active,2026-08-18T10:00:00+05:30
far_ddc4cf17,flt_32f0e420,business,flex,1712.29,273.97,SGD,30,7,1,205.47,1,12,active,2026-08-18T10:00:00+05:30
far_9f31d639,flt_32f0e420,business,promo,1094.74,175.16,SGD,30,7,0,,0,30,active,2026-08-18T10:00:00+05:30
far_c5f655ab,flt_29a54474,economy,standard,15986.77,2557.88,INR,15,7,0,,0,21,active,2026-08-18T10:00:00+05:30
far_dfcbadaa,flt_29a54474,economy,flex,19503.85,3120.62,INR,15,7,1,,1,115,active,2026-08-18T10:00:00+05:30
far_2be55d6f,flt_29a54474,business,saver,43611.90,6977.90,INR,30,7,0,5233.43,0,18,active,2026-08-18T10:00:00+05:30
far_bb411168,flt_29a54474,business,corporate,54514.87,8722.38,INR,30,7,1,6541.78,0,6,active,2026-08-18T10:00:00+05:30
far_7b0aae59,flt_2c24c53d,economy,saver,4815.69,770.51,INR,15,7,0,577.88,0,80,active,2026-08-18T10:00:00+05:30
far_b5026204,flt_2c24c53d,economy,standard,5472.37,875.58,INR,15,7,0,656.68,0,156,active,2026-08-18T10:00:00+05:30
far_2643b1e2,flt_2c24c53d,business,saver,14928.63,2388.58,INR,30,7,0,1791.44,0,11,active,2026-08-18T10:00:00+05:30
far_43461676,flt_2c24c53d,business,corporate,18660.79,2985.73,INR,30,7,1,2239.30,0,25,active,2026-08-18T10:00:00+05:30
far_289c5716,flt_73b8ebec,economy,standard,18952.77,3032.44,INR,15,7,0,2274.33,0,76,active,2026-08-18T10:00:00+05:30
far_bd2f56b5,flt_73b8ebec,economy,corporate,20848.04,3335.69,INR,15,7,1,,0,144,active,2026-08-18T10:00:00+05:30
far_c436954b,flt_73b8ebec,business,standard,58753.58,9400.57,INR,30,7,0,7050.43,0,19,active,2026-08-18T10:00:00+05:30
far_1adc5c68,flt_73b8ebec,business,flex,71679.36,11468.70,INR,30,7,1,,1,36,active,2026-08-18T10:00:00+05:30
far_7436778d,flt_a56545fa,economy,saver,3224.97,515.99,INR,15,7,0,,0,116,active,2026-08-18T10:00:00+05:30
far_a2b30279,flt_a56545fa,economy,corporate,4031.21,644.99,INR,15,7,1,483.74,0,71,active,2026-08-18T10:00:00+05:30
far_7ea34232,flt_a56545fa,business,promo,8861.33,1417.81,INR,30,7,0,1063.36,0,13,active,2026-08-18T10:00:00+05:30
far_ce6b2d94,flt_a56545fa,business,corporate,12496.74,1999.48,INR,30,7,1,,0,6,active,2026-08-18T10:00:00+05:30
far_1db46aa5,flt_716d92ac,economy,corporate,5597.40,895.58,INR,15,7,1,671.69,0,124,active,2026-08-18T10:00:00+05:30
far_8e817718,flt_716d92ac,economy,standard,5088.55,814.17,INR,15,7,0,610.63,0,49,active,2026-08-18T10:00:00+05:30
far_521317c1,flt_716d92ac,business,promo,12304.10,1968.66,INR,30,7,0,,0,20,active,2026-08-18T10:00:00+05:30
far_3908475c,flt_716d92ac,business,standard,15774.49,2523.92,INR,30,7,0,,0,27,active,2026-08-18T10:00:00+05:30
far_3eb8aadc,flt_7e56271c,economy,flex,13108.02,2097.28,INR,15,7,1,,1,147,active,2026-08-18T10:00:00+05:30
far_957d4ac9,flt_7e56271c,economy,corporate,11818.71,1890.99,INR,15,7,1,1418.24,0,130,active,2026-08-18T10:00:00+05:30
far_3fea7f77,flt_7e56271c,business,flex,40634.86,6501.58,INR,30,7,1,4876.18,1,36,active,2026-08-18T10:00:00+05:30
far_ae1d4edd,flt_7e56271c,business,saver,29310.39,4689.66,INR,30,7,0,3517.25,0,23,active,2026-08-18T10:00:00+05:30
far_7916b1a2,flt_4b1a67bf,economy,standard,10580.47,1692.87,INR,15,7,0,1269.66,0,89,active,2026-08-18T10:00:00+05:30
far_7345af3c,flt_f79eef9d,economy,corporate,7531.50,1205.04,THB,15,7,1,,0,77,active,2026-08-18T10:00:00+05:30
far_9909fb1b,flt_f79eef9d,economy,promo,5340.52,854.48,THB,15,7,0,640.86,0,32,active,2026-08-18T10:00:00+05:30
far_a68a7601,flt_f79eef9d,business,corporate,23347.64,3735.62,THB,30,7,1,2801.72,0,21,active,2026-08-18T10:00:00+05:30
far_71003e0e,flt_f79eef9d,business,flex,25894.66,4143.15,THB,30,7,1,,1,16,active,2026-08-18T10:00:00+05:30
far_6a66d671,flt_47ede628,economy,promo,3727.86,596.46,INR,15,7,0,447.34,0,73,active,2026-08-18T10:00:00+05:30
far_68f45812,flt_47ede628,economy,standard,4779.30,764.69,INR,15,7,0,573.52,0,124,active,2026-08-18T10:00:00+05:30
far_1f7ba08d,flt_47ede628,business,corporate,16297.43,2607.59,INR,30,7,1,1955.69,0,11,active,2026-08-18T10:00:00+05:30
far_bda3210a,flt_47ede628,business,saver,13037.94,2086.07,INR,30,7,0,1564.55,0,7,active,2026-08-18T10:00:00+05:30
far_106e5c6e,flt_b4b048a8,economy,corporate,4756.07,760.97,INR,15,7,1,570.73,0,154,active,2026-08-18T10:00:00+05:30
far_e255d8a9,flt_b4b048a8,economy,flex,5274.91,843.99,INR,15,7,1,632.99,1,75,active,2026-08-18T10:00:00+05:30
far_ca64f303,flt_b4b048a8,business,standard,13403.46,2144.55,INR,30,7,0,1608.41,0,18,active,2026-08-18T10:00:00+05:30
far_63d6268a,flt_b4b048a8,business,promo,10454.70,1672.75,INR,30,7,0,1254.56,0,27,active,2026-08-18T10:00:00+05:30
far_8bdd2fd8,flt_bc53e0cc,economy,standard,3649.04,583.85,THB,15,7,0,437.89,0,47,active,2026-08-18T10:00:00+05:30
far_b2f839ac,flt_bc53e0cc,economy,saver,3211.16,513.79,THB,15,7,0,,0,142,active,2026-08-18T10:00:00+05:30
far_50d6e6bd,flt_bc53e0cc,business,corporate,12443.24,1990.92,THB,30,7,1,,0,14,active,2026-08-18T10:00:00+05:30
far_efe29261,flt_bc53e0cc,business,flex,13800.68,2208.11,THB,30,7,1,,1,35,active,2026-08-18T10:00:00+05:30
far_2963fb6d,flt_bafada22,economy,standard,7599.38,1215.90,INR,15,7,0,,0,120,active,2026-08-18T10:00:00+05:30
far_d711eed5,flt_bafada22,economy,corporate,8359.32,1337.49,INR,15,7,1,1003.12,0,135,active,2026-08-18T10:00:00+05:30
far_6a35edd0,flt_bafada22,business,corporate,25913.89,4146.22,INR,30,7,1,,0,24,active,2026-08-18T10:00:00+05:30
far_52a41e59,flt_bafada22,business,saver,20731.11,3316.98,INR,30,7,0,2487.73,0,15,active,2026-08-18T10:00:00+05:30
far_09cbd443,flt_cfba6b38,economy,flex,856.27,137.00,AED,15,7,1,,1,119,active,2026-08-18T10:00:00+05:30
far_2892e2d5,flt_cfba6b38,economy,corporate,772.04,123.53,AED,15,7,1,,0,63,active,2026-08-18T10:00:00+05:30
far_96c8cefe,flt_cfba6b38,business,corporate,2393.33,382.93,AED,30,7,1,,0,6,active,2026-08-18T10:00:00+05:30
far_825ca74c,flt_cfba6b38,business,flex,2654.42,424.71,AED,30,7,1,318.53,1,18,active,2026-08-18T10:00:00+05:30
far_878fdcd2,flt_bc5718dd,economy,standard,613.14,98.10,MYR,15,7,0,73.58,0,83,active,2026-08-18T10:00:00+05:30
far_95beab63,flt_0ded3675,economy,promo,348.31,55.73,AED,15,7,0,,0,107,active,2026-08-18T10:00:00+05:30
far_e8df3a06,flt_0ded3675,economy,corporate,491.21,78.59,AED,15,7,1,58.95,0,28,active,2026-08-18T10:00:00+05:30
far_20a05c36,flt_0ded3675,business,corporate,1522.76,243.64,AED,30,7,1,,0,20,active,2026-08-18T10:00:00+05:30
far_88343af3,flt_0ded3675,business,flex,1688.88,270.22,AED,30,7,1,,1,35,active,2026-08-18T10:00:00+05:30
far_c0c36a65,flt_47db950f,economy,corporate,8240.43,1318.47,INR,15,7,1,,0,109,active,2026-08-18T10:00:00+05:30
far_80393283,flt_47db950f,economy,saver,6592.35,1054.78,INR,15,7,0,,0,124,active,2026-08-18T10:00:00+05:30
far_3b472de0,flt_47db950f,business,flex,28332.10,4533.14,INR,30,7,1,3399.85,1,21,active,2026-08-18T10:00:00+05:30
far_91c91d3d,flt_47db950f,business,promo,18113.97,2898.23,INR,30,7,0,2173.68,0,6,active,2026-08-18T10:00:00+05:30
far_0161e52e,flt_87093ad9,economy,promo,513.11,82.10,MYR,15,7,0,61.57,0,27,active,2026-08-18T10:00:00+05:30
far_c9dfdd3f,flt_1636dd4b,economy,corporate,8064.25,1290.28,INR,15,7,1,967.71,0,54,active,2026-08-18T10:00:00+05:30
far_7dafa8e6,flt_1636dd4b,economy,standard,7331.14,1172.98,INR,15,7,0,,0,142,active,2026-08-18T10:00:00+05:30
far_3d605dbb,flt_1636dd4b,business,standard,22726.52,3636.24,INR,30,7,0,2727.18,0,14,active,2026-08-18T10:00:00+05:30
far_814c20d4,flt_1636dd4b,business,corporate,24999.17,3999.87,INR,30,7,1,2999.90,0,16,active,2026-08-18T10:00:00+05:30
far_b9d040b2,flt_348fc1e5,economy,saver,5675.07,908.01,INR,15,7,0,681.01,0,145,active,2026-08-18T10:00:00+05:30
far_c153de57,flt_348fc1e5,economy,promo,5030.17,804.83,INR,15,7,0,603.62,0,140,active,2026-08-18T10:00:00+05:30
far_49d0c03a,flt_348fc1e5,business,promo,15593.53,2494.97,INR,30,7,0,,0,39,active,2026-08-18T10:00:00+05:30
far_1e277b5b,flt_348fc1e5,business,corporate,21990.88,3518.54,INR,30,7,1,2638.91,0,9,active,2026-08-18T10:00:00+05:30
far_4656ac62,flt_1cf2a796,economy,flex,312.16,49.95,SGD,15,7,1,,1,30,active,2026-08-18T10:00:00+05:30
far_4930d5c4,flt_1cf2a796,economy,saver,225.17,36.03,SGD,15,7,0,,0,129,active,2026-08-18T10:00:00+05:30
far_5fe574b1,flt_1cf2a796,business,flex,967.70,154.83,SGD,30,7,1,116.12,1,18,active,2026-08-18T10:00:00+05:30
far_c276449f,flt_1cf2a796,business,promo,618.69,98.99,SGD,30,7,0,,0,25,active,2026-08-18T10:00:00+05:30
far_0541e48e,flt_18cc9fa6,economy,promo,2797.10,447.54,INR,15,7,0,335.65,0,134,active,2026-08-18T10:00:00+05:30
far_26ddd141,flt_18cc9fa6,economy,standard,3586.02,573.76,INR,15,7,0,430.32,0,70,active,2026-08-18T10:00:00+05:30
far_c946d53d,flt_18cc9fa6,business,flex,13562.33,2169.97,INR,30,7,1,1627.48,1,20,active,2026-08-18T10:00:00+05:30
far_908475e4,flt_18cc9fa6,business,corporate,12228.33,1956.53,INR,30,7,1,1467.40,0,11,active,2026-08-18T10:00:00+05:30
far_846bc904,flt_4fc2106a,economy,saver,890.16,142.43,MYR,15,7,0,,0,99,active,2026-08-18T10:00:00+05:30
far_ece618cf,flt_4fc2106a,economy,promo,789.01,126.24,MYR,15,7,0,94.68,0,141,active,2026-08-18T10:00:00+05:30
far_91cbf21d,flt_4fc2106a,business,standard,3135.79,501.73,MYR,30,7,0,,0,8,active,2026-08-18T10:00:00+05:30
far_528a1770,flt_4fc2106a,business,saver,2759.50,441.52,MYR,30,7,0,331.14,0,28,active,2026-08-18T10:00:00+05:30
far_b0a0c26f,flt_a9965f57,economy,saver,4876.48,780.24,INR,15,7,0,585.18,0,101,active,2026-08-18T10:00:00+05:30
far_7b243320,flt_a9965f57,economy,flex,6760.58,1081.69,INR,15,7,1,811.27,1,110,active,2026-08-18T10:00:00+05:30
far_49a1e40b,flt_a9965f57,business,promo,13399.25,2143.88,INR,30,7,0,,0,36,active,2026-08-18T10:00:00+05:30
far_a20f38ca,flt_a9965f57,business,corporate,18896.38,3023.42,INR,30,7,1,,0,12,active,2026-08-18T10:00:00+05:30
far_ec548446,flt_97720190,economy,saver,3106348.09,497015.69,IDR,15,7,0,,0,27,active,2026-08-18T10:00:00+05:30
far_9c243758,flt_97720190,economy,promo,2753353.99,440536.64,IDR,15,7,0,330402.48,0,132,active,2026-08-18T10:00:00+05:30
far_a027344b,flt_97720190,business,corporate,12037098.85,1925935.82,IDR,30,7,1,1444451.86,0,18,active,2026-08-18T10:00:00+05:30
far_f6104a59,flt_97720190,business,saver,9629679.08,1540748.65,IDR,30,7,0,1155561.49,0,8,active,2026-08-18T10:00:00+05:30
far_1e79bd3b,flt_6c6f2b11,economy,flex,1570.73,251.32,AED,15,7,1,188.49,1,71,active,2026-08-18T10:00:00+05:30
far_8565cb5c,flt_6c6f2b11,economy,corporate,1416.23,226.60,AED,15,7,1,,0,115,active,2026-08-18T10:00:00+05:30
far_4a0e01ff,flt_6c6f2b11,business,saver,3512.25,561.96,AED,30,7,0,421.47,0,35,active,2026-08-18T10:00:00+05:30
far_60603c84,flt_6c6f2b11,business,flex,4869.26,779.08,AED,30,7,1,584.31,1,14,active,2026-08-18T10:00:00+05:30
far_bba2056e,flt_fb1fdaa5,economy,standard,6935.02,1109.60,INR,15,7,0,832.20,0,22,active,2026-08-18T10:00:00+05:30
far_c1aa6353,flt_fb1fdaa5,economy,flex,8460.72,1353.72,INR,15,7,1,,1,145,active,2026-08-18T10:00:00+05:30
far_eae4e7bd,flt_fb1fdaa5,business,promo,16768.88,2683.02,INR,30,7,0,2012.27,0,5,active,2026-08-18T10:00:00+05:30
far_52438433,flt_fb1fdaa5,business,standard,21498.56,3439.77,INR,30,7,0,,0,5,active,2026-08-18T10:00:00+05:30
far_b3f5f120,flt_ebd88e5b,economy,corporate,1614.49,258.32,INR,15,7,1,193.74,0,53,active,2026-08-18T10:00:00+05:30
far_7ef7ad14,flt_ebd88e5b,economy,flex,1790.61,286.50,INR,15,7,1,,1,86,active,2026-08-18T10:00:00+05:30
far_727dc560,flt_ebd88e5b,business,corporate,5004.91,800.79,INR,30,7,1,600.59,0,34,active,2026-08-18T10:00:00+05:30
far_b81c9655,flt_ebd88e5b,business,standard,4549.92,727.99,INR,30,7,0,545.99,0,14,active,2026-08-18T10:00:00+05:30
far_5e531763,flt_9167d5ad,economy,corporate,222.44,35.59,SGD,15,7,1,26.69,0,141,active,2026-08-18T10:00:00+05:30
far_0ea9c6d1,flt_9167d5ad,economy,promo,157.73,25.24,SGD,15,7,0,18.93,0,120,active,2026-08-18T10:00:00+05:30
far_49610f8d,flt_9167d5ad,business,standard,626.87,100.30,SGD,30,7,0,,0,9,active,2026-08-18T10:00:00+05:30
far_c568d357,flt_9167d5ad,business,corporate,689.56,110.33,SGD,30,7,1,82.75,0,14,active,2026-08-18T10:00:00+05:30
far_c77ba35c,flt_0c57b5d2,economy,standard,648.49,103.76,MYR,15,7,0,,0,149,active,2026-08-18T10:00:00+05:30
far_0cf6a94a,flt_0c57b5d2,economy,corporate,713.34,114.13,MYR,15,7,1,85.60,0,76,active,2026-08-18T10:00:00+05:30
far_234720fa,flt_0c57b5d2,business,promo,1568.05,250.89,MYR,30,7,0,,0,36,active,2026-08-18T10:00:00+05:30
far_faa1c010,flt_0c57b5d2,business,saver,1769.08,283.05,MYR,30,7,0,,0,16,active,2026-08-18T10:00:00+05:30
far_267388d0,flt_674131f9,economy,corporate,16271.00,2603.36,INR,15,7,1,,0,123,active,2026-08-18T10:00:00+05:30
far_653c2802,flt_674131f9,economy,flex,18046.01,2887.36,INR,15,7,1,2165.52,1,66,active,2026-08-18T10:00:00+05:30
far_422f06e0,flt_674131f9,business,corporate,50440.09,8070.41,INR,30,7,1,6052.81,0,25,active,2026-08-18T10:00:00+05:30
far_f6321ddf,flt_674131f9,business,standard,45854.62,7336.74,INR,30,7,0,,0,5,active,2026-08-18T10:00:00+05:30
far_f1898c44,flt_3141c50b,economy,corporate,9843.06,1574.89,INR,15,7,1,,0,62,active,2026-08-18T10:00:00+05:30
far_beaca4e6,flt_3141c50b,economy,flex,10916.84,1746.69,INR,15,7,1,1310.02,1,71,active,2026-08-18T10:00:00+05:30
far_cca31c0d,flt_3141c50b,business,promo,21636.83,3461.89,INR,30,7,0,2596.42,0,14,active,2026-08-18T10:00:00+05:30
far_f36cbdc4,flt_3141c50b,business,flex,33842.21,5414.75,INR,30,7,1,4061.07,1,18,active,2026-08-18T10:00:00+05:30
far_14505793,flt_10970faa,economy,corporate,6776.55,1084.25,INR,15,7,1,,0,117,active,2026-08-18T10:00:00+05:30
far_70145452,flt_10970faa,economy,saver,5421.24,867.40,INR,15,7,0,650.55,0,117,active,2026-08-18T10:00:00+05:30
far_7851233f,flt_10970faa,business,standard,19097.56,3055.61,INR,30,7,0,,0,6,active,2026-08-18T10:00:00+05:30
far_d33f6d8d,flt_10970faa,business,corporate,21007.31,3361.17,INR,30,7,1,2520.88,0,14,active,2026-08-18T10:00:00+05:30
far_0a7ddc33,flt_99bba794,economy,promo,3116.56,498.65,INR,15,7,0,,0,57,active,2026-08-18T10:00:00+05:30
far_d6813e2c,flt_99bba794,economy,standard,3995.59,639.29,INR,15,7,0,479.47,0,124,active,2026-08-18T10:00:00+05:30
far_a4fc2e25,flt_99bba794,business,standard,12386.33,1981.81,INR,30,7,0,,0,23,active,2026-08-18T10:00:00+05:30
far_e68e9198,flt_99bba794,business,corporate,13624.97,2179.99,INR,30,7,1,1635.00,0,31,active,2026-08-18T10:00:00+05:30
far_348df3d8,flt_89ea297a,economy,corporate,7627.58,1220.41,INR,15,7,1,,0,64,active,2026-08-18T10:00:00+05:30
far_cd4c27fc,flt_9981ba04,economy,corporate,17264.85,2762.38,INR,15,7,1,2071.78,0,28,active,2026-08-18T10:00:00+05:30
far_f2f97d88,flt_9981ba04,economy,standard,15695.31,2511.25,INR,15,7,0,1883.44,0,26,active,2026-08-18T10:00:00+05:30
far_d84faa74,flt_9981ba04,business,flex,59359.68,9497.55,INR,30,7,1,,1,20,active,2026-08-18T10:00:00+05:30
far_7232c831,flt_9981ba04,business,corporate,53521.02,8563.36,INR,30,7,1,6422.52,0,6,active,2026-08-18T10:00:00+05:30
far_3206ba10,flt_2944b60e,economy,standard,574.83,91.97,MYR,15,7,0,68.98,0,44,active,2026-08-18T10:00:00+05:30
far_7e98efc3,flt_2944b60e,economy,flex,701.29,112.21,MYR,15,7,1,84.16,1,144,active,2026-08-18T10:00:00+05:30
far_cea554d5,flt_2944b60e,business,flex,2174.01,347.84,MYR,30,7,1,260.88,1,24,active,2026-08-18T10:00:00+05:30
far_cfcbe2f4,flt_2944b60e,business,standard,1781.98,285.12,MYR,30,7,0,,0,16,active,2026-08-18T10:00:00+05:30
far_52f90ab3,flt_412c3bad,economy,promo,6079.99,972.80,INR,15,7,0,729.60,0,131,active,2026-08-18T10:00:00+05:30
far_890c0f26,flt_412c3bad,economy,standard,7794.85,1247.18,INR,15,7,0,935.38,0,104,active,2026-08-18T10:00:00+05:30
far_0da9ecc7,flt_412c3bad,business,promo,18847.95,3015.67,INR,30,7,0,2261.75,0,7,active,2026-08-18T10:00:00+05:30
far_ac7d69c8,flt_412c3bad,business,standard,24164.04,3866.25,INR,30,7,0,2899.69,0,25,active,2026-08-18T10:00:00+05:30
far_7318c7d0,flt_3a93aa7b,economy,standard,11258.70,1801.39,INR,15,7,0,1351.04,0,78,active,2026-08-18T10:00:00+05:30
far_1bbe4853,flt_3a93aa7b,economy,saver,9907.66,1585.23,INR,15,7,0,,0,145,active,2026-08-18T10:00:00+05:30
far_50f1603a,flt_3a93aa7b,business,flex,42580.42,6812.87,INR,30,7,1,5109.65,1,24,active,2026-08-18T10:00:00+05:30
far_e93ee665,flt_3a93aa7b,business,promo,27223.54,4355.77,INR,30,7,0,3266.83,0,19,active,2026-08-18T10:00:00+05:30
far_f21e7cee,flt_fb787df5,economy,flex,20792.29,3326.77,INR,15,7,1,2495.07,1,162,active,2026-08-18T10:00:00+05:30
far_91bd94ce,flt_fb787df5,economy,promo,13293.43,2126.95,INR,15,7,0,,0,131,active,2026-08-18T10:00:00+05:30
far_b1ebfe1b,flt_fb787df5,business,corporate,58116.14,9298.58,INR,30,7,1,,0,14,active,2026-08-18T10:00:00+05:30
far_c01fcb7a,flt_fb787df5,business,standard,52832.86,8453.26,INR,30,7,0,6339.94,0,37,active,2026-08-18T10:00:00+05:30
far_591633dc,flt_042775c9,economy,standard,5380.88,860.94,INR,15,7,0,645.71,0,74,active,2026-08-18T10:00:00+05:30
far_174ab3ba,flt_042775c9,economy,corporate,5918.97,947.04,INR,15,7,1,,0,136,active,2026-08-18T10:00:00+05:30
far_1ceb0fce,flt_042775c9,business,standard,16680.74,2668.92,INR,30,7,0,2001.69,0,37,active,2026-08-18T10:00:00+05:30
far_cfd6590d,flt_042775c9,business,flex,20350.50,3256.08,INR,30,7,1,2442.06,1,37,active,2026-08-18T10:00:00+05:30
far_42a2d39a,flt_4f4aca2b,economy,promo,245.22,39.23,AED,15,7,0,,0,166,active,2026-08-18T10:00:00+05:30
far_f6c1f058,flt_e80fa9ed,economy,promo,22669.91,3627.19,INR,15,7,0,2720.39,0,106,active,2026-08-18T10:00:00+05:30
far_7a338d07,flt_e80fa9ed,economy,standard,29063.99,4650.24,INR,15,7,0,3487.68,0,103,active,2026-08-18T10:00:00+05:30
far_c52c22cf,flt_e80fa9ed,business,flex,109920.02,17587.20,INR,30,7,1,13190.40,1,39,active,2026-08-18T10:00:00+05:30
far_ead25850,flt_e80fa9ed,business,promo,70276.73,11244.28,INR,30,7,0,,0,19,active,2026-08-18T10:00:00+05:30
far_33d41f45,flt_3caed359,economy,saver,127.12,20.34,MYR,15,7,0,15.25,0,92,active,2026-08-18T10:00:00+05:30
far_8f45782a,flt_3caed359,economy,standard,144.45,23.11,MYR,15,7,0,,0,101,active,2026-08-18T10:00:00+05:30
far_ee25cf58,flt_3caed359,business,saver,394.07,63.05,MYR,30,7,0,,0,21,active,2026-08-18T10:00:00+05:30
far_accd9e75,flt_3caed359,business,promo,349.29,55.89,MYR,30,7,0,41.91,0,34,active,2026-08-18T10:00:00+05:30
far_994cd11e,flt_eb570426,economy,corporate,4064787.96,650366.07,IDR,15,7,1,,0,145,active,2026-08-18T10:00:00+05:30
far_9673596c,flt_eb570426,economy,flex,4508219.38,721315.10,IDR,15,7,1,540986.33,1,85,active,2026-08-18T10:00:00+05:30
far_5133a4a6,flt_eb570426,business,flex,13975480.07,2236076.81,IDR,30,7,1,,1,13,active,2026-08-18T10:00:00+05:30
far_f737611d,flt_eb570426,business,saver,10080674.15,1612907.86,IDR,30,7,0,,0,20,active,2026-08-18T10:00:00+05:30
far_5a7b28d8,flt_52b2618c,economy,saver,5617.43,898.79,INR,15,7,0,,0,118,active,2026-08-18T10:00:00+05:30
far_7417d0f6,flt_52b2618c,economy,promo,4979.09,796.65,INR,15,7,0,,0,167,active,2026-08-18T10:00:00+05:30
far_0dabaf46,flt_52b2618c,business,promo,15435.17,2469.63,INR,30,7,0,1852.22,0,32,active,2026-08-18T10:00:00+05:30
far_f2ab1486,flt_52b2618c,business,standard,19788.68,3166.19,INR,30,7,0,2374.64,0,37,active,2026-08-18T10:00:00+05:30
far_5e61a329,flt_bd99b236,economy,flex,11055.93,1768.95,INR,15,7,1,1326.71,1,61,active,2026-08-18T10:00:00+05:30
far_73ec8657,flt_bd99b236,economy,promo,7068.55,1130.97,INR,15,7,0,848.23,0,141,active,2026-08-18T10:00:00+05:30
far_be12ee14,flt_bd99b236,business,corporate,30902.24,4944.36,INR,30,7,1,3708.27,0,12,active,2026-08-18T10:00:00+05:30
far_2ce64220,flt_bd99b236,business,saver,24721.79,3955.49,INR,30,7,0,2966.62,0,33,active,2026-08-18T10:00:00+05:30
far_175f8609,flt_45cde4dc,economy,saver,7446.53,1191.45,INR,15,7,0,893.58,0,95,active,2026-08-18T10:00:00+05:30
far_e4ccfc99,flt_45cde4dc,economy,flex,10323.60,1651.78,INR,15,7,1,1238.83,1,61,active,2026-08-18T10:00:00+05:30
far_22a19d0b,flt_45cde4dc,business,flex,32003.17,5120.51,INR,30,7,1,3840.38,1,10,active,2026-08-18T10:00:00+05:30
far_6de9d158,flt_45cde4dc,business,standard,26232.11,4197.14,INR,30,7,0,3147.85,0,5,active,2026-08-18T10:00:00+05:30
far_c53638cd,flt_d865cfbb,economy,corporate,3587708.79,574033.41,IDR,15,7,1,,0,89,active,2026-08-18T10:00:00+05:30
far_ebb3c557,flt_d865cfbb,economy,flex,3979095.20,636655.23,IDR,15,7,1,,1,21,active,2026-08-18T10:00:00+05:30
far_311f90e0,flt_d865cfbb,business,flex,12335195.13,1973631.22,IDR,30,7,1,1480223.42,1,20,active,2026-08-18T10:00:00+05:30
far_47b3bf91,flt_d865cfbb,business,standard,10110815.68,1617730.51,IDR,30,7,0,,0,20,active,2026-08-18T10:00:00+05:30
far_0a4f97b3,flt_630d133c,economy,promo,16048.97,2567.84,INR,15,7,0,1925.88,0,72,active,2026-08-18T10:00:00+05:30
far_817fda87,flt_630d133c,economy,corporate,22633.17,3621.31,INR,15,7,1,,0,100,active,2026-08-18T10:00:00+05:30
far_a51a38a3,flt_630d133c,business,flex,77816.95,12450.71,INR,30,7,1,,1,18,active,2026-08-18T10:00:00+05:30
far_c551158b,flt_630d133c,business,promo,49751.82,7960.29,INR,30,7,0,5970.22,0,15,active,2026-08-18T10:00:00+05:30
far_29a38bfd,flt_d65dbc92,economy,saver,923.61,147.78,MYR,15,7,0,,0,109,active,2026-08-18T10:00:00+05:30
far_690881d3,flt_d65dbc92,economy,corporate,1154.51,184.72,MYR,15,7,1,138.54,0,118,active,2026-08-18T10:00:00+05:30
far_894b2bf1,flt_d65dbc92,business,saver,2863.19,458.11,MYR,30,7,0,343.58,0,26,active,2026-08-18T10:00:00+05:30
far_587e9fb5,flt_d65dbc92,business,corporate,3578.99,572.64,MYR,30,7,1,429.48,0,24,active,2026-08-18T10:00:00+05:30
far_297d869a,flt_d7af3602,economy,promo,17365.03,2778.40,INR,15,7,0,,0,47,active,2026-08-18T10:00:00+05:30
far_b5650ea9,flt_d7af3602,economy,standard,22262.86,3562.06,INR,15,7,0,2671.54,0,115,active,2026-08-18T10:00:00+05:30
far_f166ecc4,flt_d7af3602,business,standard,69014.85,11042.38,INR,30,7,0,,0,14,active,2026-08-18T10:00:00+05:30
far_d6fb4918,flt_d7af3602,business,flex,84198.12,13471.70,INR,30,7,1,10103.77,1,12,active,2026-08-18T10:00:00+05:30
far_b4fdfb35,flt_69aa3c2f,economy,corporate,6331.60,1013.06,INR,15,7,1,,0,39,active,2026-08-18T10:00:00+05:30
far_5880a909,flt_69aa3c2f,economy,flex,7022.32,1123.57,INR,15,7,1,,1,121,active,2026-08-18T10:00:00+05:30
far_e42ca131,flt_69aa3c2f,business,standard,17843.61,2854.98,INR,30,7,0,,0,32,active,2026-08-18T10:00:00+05:30
far_e895898c,flt_69aa3c2f,business,promo,13918.01,2226.88,INR,30,7,0,1670.16,0,36,active,2026-08-18T10:00:00+05:30
far_4c42fe1f,flt_0eb58620,economy,flex,922.21,147.55,AED,15,7,1,110.67,1,159,active,2026-08-18T10:00:00+05:30
far_ae878643,flt_0eb58620,economy,corporate,831.50,133.04,AED,15,7,1,99.78,0,122,active,2026-08-18T10:00:00+05:30
far_0794e186,flt_0eb58620,business,flex,2858.85,457.42,AED,30,7,1,343.06,1,39,active,2026-08-18T10:00:00+05:30
far_74dc0070,flt_0eb58620,business,standard,2343.32,374.93,AED,30,7,0,281.20,0,6,active,2026-08-18T10:00:00+05:30
far_0eef01bc,flt_ec8156dc,economy,standard,5680.65,908.90,INR,15,7,0,681.68,0,146,active,2026-08-18T10:00:00+05:30
far_971f832a,flt_ec8156dc,economy,flex,6930.40,1108.86,INR,15,7,1,,1,64,active,2026-08-18T10:00:00+05:30
far_68911839,flt_ec8156dc,business,standard,17610.02,2817.60,INR,30,7,0,,0,6,active,2026-08-18T10:00:00+05:30
far_c1625fc5,flt_ec8156dc,business,saver,15496.82,2479.49,INR,30,7,0,1859.62,0,18,active,2026-08-18T10:00:00+05:30
far_d2bc86fa,flt_1ace6fb3,economy,flex,4570.25,731.24,INR,15,7,1,548.43,1,58,active,2026-08-18T10:00:00+05:30
far_2a1e1c7a,flt_1ace6fb3,economy,standard,3746.11,599.38,INR,15,7,0,449.53,0,125,active,2026-08-18T10:00:00+05:30
far_70b26628,flt_1ace6fb3,business,corporate,12774.23,2043.88,INR,30,7,1,,0,38,active,2026-08-18T10:00:00+05:30
far_cfe1f0fb,flt_1ace6fb3,business,flex,14167.78,2266.84,INR,30,7,1,,1,31,active,2026-08-18T10:00:00+05:30
far_cff985ab,flt_1fb62496,economy,flex,43.88,7.02,SGD,15,7,1,5.27,1,105,active,2026-08-18T10:00:00+05:30
far_ca7a8c0f,flt_8afcc468,economy,saver,708.40,113.34,AED,15,7,0,85.01,0,120,active,2026-08-18T10:00:00+05:30
far_23571b9d,flt_8afcc468,economy,corporate,885.50,141.68,AED,15,7,1,,0,167,active,2026-08-18T10:00:00+05:30
far_5f064403,flt_8afcc468,business,flex,3044.49,487.12,AED,30,7,1,365.34,1,15,active,2026-08-18T10:00:00+05:30
far_1b54f50e,flt_8afcc468,business,promo,1946.48,311.44,AED,30,7,0,233.58,0,28,active,2026-08-18T10:00:00+05:30
far_32b95131,flt_6290f42b,economy,saver,4700.49,752.08,INR,15,7,0,564.06,0,84,active,2026-08-18T10:00:00+05:30
far_cdfc6444,flt_a915d5ff,economy,flex,4992884.25,798861.48,IDR,15,7,1,,1,159,active,2026-08-18T10:00:00+05:30
far_6dfe208c,flt_a915d5ff,economy,standard,4092528.07,654804.49,IDR,15,7,0,491103.37,0,56,active,2026-08-18T10:00:00+05:30
far_84371714,flt_a915d5ff,business,promo,9895732.88,1583317.26,IDR,30,7,0,1187487.95,0,14,active,2026-08-18T10:00:00+05:30
far_43a061ab,flt_a915d5ff,business,saver,11164416.58,1786306.65,IDR,30,7,0,1339729.99,0,10,active,2026-08-18T10:00:00+05:30
far_64a9ee35,flt_44df6d45,economy,saver,3473.36,555.74,INR,15,7,0,416.80,0,166,active,2026-08-18T10:00:00+05:30
far_8e00dfd4,flt_44df6d45,economy,standard,3947.00,631.52,INR,15,7,0,473.64,0,61,active,2026-08-18T10:00:00+05:30
far_17b309e5,flt_44df6d45,business,standard,12235.70,1957.71,INR,30,7,0,1468.28,0,4,active,2026-08-18T10:00:00+05:30
far_cd1a6a05,flt_44df6d45,business,promo,9543.85,1527.02,INR,30,7,0,,0,5,active,2026-08-18T10:00:00+05:30
far_2c387920,flt_569cc5d6,economy,flex,6526.73,1044.28,THB,15,7,1,,1,99,active,2026-08-18T10:00:00+05:30
far_43df12ef,flt_569cc5d6,economy,promo,4172.83,667.65,THB,15,7,0,500.74,0,122,active,2026-08-18T10:00:00+05:30
far_4d6038b6,flt_569cc5d6,business,standard,16584.32,2653.49,THB,30,7,0,,0,5,active,2026-08-18T10:00:00+05:30
far_3b16842b,flt_569cc5d6,business,promo,12935.77,2069.72,THB,30,7,0,1552.29,0,7,active,2026-08-18T10:00:00+05:30
far_947d3bcb,flt_b7b08498,economy,promo,663.48,106.16,MYR,15,7,0,79.62,0,95,active,2026-08-18T10:00:00+05:30
far_ee2e6ce3,flt_b7b08498,economy,standard,850.61,136.10,MYR,15,7,0,102.07,0,73,active,2026-08-18T10:00:00+05:30
far_40f22ed8,flt_b7b08498,business,flex,3217.02,514.72,MYR,30,7,1,,1,17,active,2026-08-18T10:00:00+05:30
far_a04a0d58,flt_b7b08498,business,promo,2056.79,329.09,MYR,30,7,0,,0,18,active,2026-08-18T10:00:00+05:30
far_231fc965,flt_81b26b16,economy,standard,5421.47,867.44,INR,15,7,0,650.58,0,43,active,2026-08-18T10:00:00+05:30
far_10cfbdcb,flt_81b26b16,economy,flex,6614.20,1058.27,INR,15,7,1,793.70,1,28,active,2026-08-18T10:00:00+05:30
far_c6d05e72,flt_81b26b16,business,promo,13109.12,2097.46,INR,30,7,0,1573.09,0,19,active,2026-08-18T10:00:00+05:30
far_b2f6b382,flt_81b26b16,business,saver,14789.78,2366.36,INR,30,7,0,1774.77,0,18,active,2026-08-18T10:00:00+05:30
far_dcd0baf1,flt_f4155da7,economy,corporate,6331.48,1013.04,INR,15,7,1,,0,123,active,2026-08-18T10:00:00+05:30
far_ad341538,flt_f4155da7,economy,promo,4489.60,718.34,INR,15,7,0,,0,52,active,2026-08-18T10:00:00+05:30
far_43ff2176,flt_f4155da7,business,promo,13917.75,2226.84,INR,30,7,0,1670.13,0,5,active,2026-08-18T10:00:00+05:30
far_9b36ea4b,flt_f4155da7,business,saver,15702.07,2512.33,INR,30,7,0,,0,26,active,2026-08-18T10:00:00+05:30
far_8c6e0aab,flt_ae91fbff,economy,promo,2775.23,444.04,INR,15,7,0,333.03,0,96,active,2026-08-18T10:00:00+05:30
far_15e8c561,flt_ae91fbff,economy,saver,3131.03,500.97,INR,15,7,0,375.72,0,31,active,2026-08-18T10:00:00+05:30
far_d5bd3b08,flt_ae91fbff,business,corporate,12132.75,1941.24,INR,30,7,1,1455.93,0,32,active,2026-08-18T10:00:00+05:30
far_aed46faf,flt_ae91fbff,business,flex,13456.32,2153.01,INR,30,7,1,1614.76,1,39,active,2026-08-18T10:00:00+05:30
far_48d7e42b,flt_5ea14cd9,economy,saver,11068.54,1770.97,INR,15,7,0,,0,80,active,2026-08-18T10:00:00+05:30
far_aa2a8354,flt_26b6dabd,economy,corporate,6200.76,992.12,INR,15,7,1,,0,69,active,2026-08-18T10:00:00+05:30
far_cbc55006,flt_26b6dabd,economy,promo,4396.91,703.50,INR,15,7,0,,0,39,active,2026-08-18T10:00:00+05:30
far_ca611e02,flt_26b6dabd,business,promo,13630.41,2180.87,INR,30,7,0,,0,5,active,2026-08-18T10:00:00+05:30
far_a466adf0,flt_26b6dabd,business,saver,15377.90,2460.46,INR,30,7,0,,0,11,active,2026-08-18T10:00:00+05:30
far_8aff3645,flt_26047670,economy,standard,5079.16,812.67,INR,15,7,0,609.50,0,71,active,2026-08-18T10:00:00+05:30
far_f158d486,flt_26047670,economy,promo,3961.75,633.88,INR,15,7,0,,0,136,active,2026-08-18T10:00:00+05:30
far_6cd5cb1f,flt_26047670,business,saver,13855.96,2216.95,INR,30,7,0,1662.72,0,36,active,2026-08-18T10:00:00+05:30
far_1b0100a9,flt_26047670,business,standard,15745.41,2519.27,INR,30,7,0,1889.45,0,10,active,2026-08-18T10:00:00+05:30
far_d25c498f,flt_3d26e2f2,economy,corporate,10648.95,1703.83,INR,15,7,1,1277.87,0,121,active,2026-08-18T10:00:00+05:30
far_2eb5a274,flt_3d26e2f2,economy,saver,8519.16,1363.07,INR,15,7,0,1022.30,0,108,active,2026-08-18T10:00:00+05:30
far_93e7b0c5,flt_3d26e2f2,business,saver,26409.38,4225.50,INR,30,7,0,3169.13,0,18,active,2026-08-18T10:00:00+05:30
far_cd30e643,flt_3d26e2f2,business,promo,23408.32,3745.33,INR,30,7,0,2809.00,0,37,active,2026-08-18T10:00:00+05:30
far_4fda5219,flt_2f7832bb,economy,standard,4247061.31,679529.81,IDR,15,7,0,,0,80,active,2026-08-18T10:00:00+05:30
far_31fcca9a,flt_2f7832bb,economy,saver,3737413.95,597986.23,IDR,15,7,0,448489.67,0,65,active,2026-08-18T10:00:00+05:30
far_ca1b582c,flt_2f7832bb,business,standard,13165890.06,2106542.41,IDR,30,7,0,1579906.81,0,14,active,2026-08-18T10:00:00+05:30
far_2d40e5f7,flt_2f7832bb,business,promo,10269394.25,1643103.08,IDR,30,7,0,,0,9,active,2026-08-18T10:00:00+05:30
far_59079a26,flt_1313c83a,economy,saver,10529.12,1684.66,INR,15,7,0,1263.49,0,156,active,2026-08-18T10:00:00+05:30
far_ac05e6b2,flt_1313c83a,economy,corporate,13161.39,2105.82,INR,15,7,1,,0,148,active,2026-08-18T10:00:00+05:30
far_d7f7de46,flt_1313c83a,business,standard,37091.20,5934.59,INR,30,7,0,,0,7,active,2026-08-18T10:00:00+05:30
far_e81ad066,flt_1313c83a,business,corporate,40800.32,6528.05,INR,30,7,1,4896.04,0,22,active,2026-08-18T10:00:00+05:30
far_86522b74,flt_b8d200e6,economy,saver,4335.91,693.75,THB,15,7,0,,0,164,active,2026-08-18T10:00:00+05:30
far_833433d4,flt_b8d200e6,economy,corporate,5419.89,867.18,THB,15,7,1,650.39,0,98,active,2026-08-18T10:00:00+05:30
far_6c028acc,flt_b8d200e6,business,saver,13441.33,2150.61,THB,30,7,0,,0,38,active,2026-08-18T10:00:00+05:30
far_d80fdb6c,flt_b8d200e6,business,flex,18634.57,2981.53,THB,30,7,1,,1,33,active,2026-08-18T10:00:00+05:30
far_6bf49034,flt_b67ece4d,economy,saver,5198.88,831.82,INR,15,7,0,623.87,0,83,active,2026-08-18T10:00:00+05:30
far_eb05189f,flt_b67ece4d,economy,corporate,6498.60,1039.78,INR,15,7,1,779.83,0,120,active,2026-08-18T10:00:00+05:30
far_61470b0d,flt_b67ece4d,business,standard,18314.25,2930.28,INR,30,7,0,2197.71,0,24,active,2026-08-18T10:00:00+05:30
far_d46e6d8c,flt_b67ece4d,business,saver,16116.54,2578.65,INR,30,7,0,1933.98,0,25,active,2026-08-18T10:00:00+05:30
far_a57c8f74,flt_121be5ef,economy,promo,4081.51,653.04,INR,15,7,0,489.78,0,146,active,2026-08-18T10:00:00+05:30
far_0966aaeb,flt_121be5ef,economy,saver,4604.78,736.76,INR,15,7,0,552.57,0,89,active,2026-08-18T10:00:00+05:30
far_aabcb102,flt_121be5ef,business,flex,19790.09,3166.41,INR,30,7,1,,1,28,active,2026-08-18T10:00:00+05:30
far_f810ab5f,flt_121be5ef,business,standard,16221.38,2595.42,INR,30,7,0,1946.57,0,36,active,2026-08-18T10:00:00+05:30
far_b483538f,flt_8d2eaf17,economy,flex,559.13,89.46,AED,15,7,1,,1,78,active,2026-08-18T10:00:00+05:30
far_868b0b19,flt_8d2eaf17,economy,corporate,504.13,80.66,AED,15,7,1,60.50,0,50,active,2026-08-18T10:00:00+05:30
far_b76156fb,flt_8d2eaf17,business,flex,1733.29,277.33,AED,30,7,1,207.99,1,16,active,2026-08-18T10:00:00+05:30
far_0be6630a,flt_8d2eaf17,business,saver,1250.24,200.04,AED,30,7,0,150.03,0,33,active,2026-08-18T10:00:00+05:30
far_7ad14de7,flt_8f2ef63f,economy,flex,6851.87,1096.30,INR,15,7,1,822.22,1,108,active,2026-08-18T10:00:00+05:30
far_361a0c96,flt_8f2ef63f,economy,corporate,6177.92,988.47,INR,15,7,1,741.35,0,86,active,2026-08-18T10:00:00+05:30
far_1c865b28,flt_8f2ef63f,business,promo,13580.18,2172.83,INR,30,7,0,,0,31,active,2026-08-18T10:00:00+05:30
far_4e153b33,flt_8f2ef63f,business,saver,15321.23,2451.40,INR,30,7,0,1838.55,0,34,active,2026-08-18T10:00:00+05:30
far_2c212962,flt_60b1f7cd,economy,saver,3606.55,577.05,INR,15,7,0,432.79,0,117,active,2026-08-18T10:00:00+05:30
far_b1cbc74b,flt_2c79f073,economy,corporate,748.91,119.83,AED,15,7,1,89.87,0,77,active,2026-08-18T10:00:00+05:30
far_78c6d3eb,flt_2c79f073,economy,flex,830.61,132.90,AED,15,7,1,,1,109,active,2026-08-18T10:00:00+05:30
far_7306ce79,flt_2c79f073,business,corporate,2321.63,371.46,AED,30,7,1,278.60,0,32,active,2026-08-18T10:00:00+05:30
far_c6e86b59,flt_2c79f073,business,standard,2110.57,337.69,AED,30,7,0,253.27,0,8,active,2026-08-18T10:00:00+05:30
far_aa14ca45,flt_22b03cb5,economy,saver,3979.79,636.77,INR,15,7,0,,0,81,active,2026-08-18T10:00:00+05:30
far_54f1bdeb,flt_22b03cb5,economy,promo,3527.54,564.41,INR,15,7,0,,0,40,active,2026-08-18T10:00:00+05:30
far_9543a2d0,flt_22b03cb5,business,standard,14019.70,2243.15,INR,30,7,0,,0,28,active,2026-08-18T10:00:00+05:30
far_0367f54c,flt_22b03cb5,business,saver,12337.34,1973.97,INR,30,7,0,,0,33,active,2026-08-18T10:00:00+05:30
far_e3fabf5a,flt_404d17ac,economy,saver,5403.20,864.51,INR,15,7,0,,0,59,active,2026-08-18T10:00:00+05:30
far_7944604f,flt_404d17ac,economy,corporate,6754.00,1080.64,INR,15,7,1,810.48,0,125,active,2026-08-18T10:00:00+05:30
far_a552b6e3,flt_404d17ac,business,standard,19034.01,3045.44,INR,30,7,0,2284.08,0,24,active,2026-08-18T10:00:00+05:30
far_231030b6,flt_404d17ac,business,promo,14846.53,2375.44,INR,30,7,0,,0,14,active,2026-08-18T10:00:00+05:30
far_c6ae17f8,flt_31307f8f,economy,standard,15669.12,2507.06,INR,15,7,0,,0,165,active,2026-08-18T10:00:00+05:30
far_362f0825,flt_31307f8f,economy,promo,12221.91,1955.51,INR,15,7,0,,0,30,active,2026-08-18T10:00:00+05:30
far_2936d472,flt_31307f8f,business,standard,48574.28,7771.88,INR,30,7,0,5828.91,0,14,active,2026-08-18T10:00:00+05:30
far_4f0a9e60,flt_31307f8f,business,corporate,53431.70,8549.07,INR,30,7,1,6411.80,0,9,active,2026-08-18T10:00:00+05:30
far_5c5d6a8e,flt_11a25580,economy,flex,18355.78,2936.92,INR,15,7,1,2202.69,1,58,active,2026-08-18T10:00:00+05:30
far_6dbf811c,flt_11a25580,economy,corporate,16550.29,2648.05,INR,15,7,1,1986.04,0,78,active,2026-08-18T10:00:00+05:30
far_08e7bdd6,flt_11a25580,business,saver,41044.73,6567.16,INR,30,7,0,4925.37,0,27,active,2026-08-18T10:00:00+05:30
far_6cb047bc,flt_11a25580,business,flex,56902.92,9104.47,INR,30,7,1,,1,34,active,2026-08-18T10:00:00+05:30
far_a04116fa,flt_2d2b3f3f,economy,corporate,9951.03,1592.16,INR,15,7,1,1194.12,0,26,active,2026-08-18T10:00:00+05:30
far_aedfdfa1,flt_2d2b3f3f,economy,saver,7960.82,1273.73,INR,15,7,0,,0,126,active,2026-08-18T10:00:00+05:30
far_684b6ab4,flt_2d2b3f3f,business,corporate,30848.18,4935.71,INR,30,7,1,3701.78,0,26,active,2026-08-18T10:00:00+05:30
far_7bdd4e2f,flt_2d2b3f3f,business,promo,21874.17,3499.87,INR,30,7,0,,0,18,active,2026-08-18T10:00:00+05:30
far_9a67cef0,flt_bce6405f,economy,saver,5077.63,812.42,INR,15,7,0,609.32,0,84,active,2026-08-18T10:00:00+05:30
far_b62e3bba,flt_bce6405f,economy,flex,7039.44,1126.31,INR,15,7,1,844.73,1,117,active,2026-08-18T10:00:00+05:30
far_12a350b1,flt_bce6405f,business,standard,17887.10,2861.94,INR,30,7,0,2146.45,0,8,active,2026-08-18T10:00:00+05:30
far_4b130fb6,flt_bce6405f,business,flex,21822.26,3491.56,INR,30,7,1,2618.67,1,27,active,2026-08-18T10:00:00+05:30
far_3b43b418,flt_2565bb89,economy,corporate,14732.13,2357.14,INR,15,7,1,1767.86,0,112,active,2026-08-18T10:00:00+05:30
far_9d8500f4,flt_2565bb89,economy,promo,10446.42,1671.43,INR,15,7,0,,0,61,active,2026-08-18T10:00:00+05:30
far_48fe2195,flt_2565bb89,business,promo,32383.91,5181.43,INR,30,7,0,3886.07,0,16,active,2026-08-18T10:00:00+05:30
far_b9ce7b09,flt_2565bb89,business,flex,50651.75,8104.28,INR,30,7,1,6078.21,1,15,active,2026-08-18T10:00:00+05:30
far_c26d9432,flt_28da3c34,economy,corporate,3538.57,566.17,INR,15,7,1,,0,62,active,2026-08-18T10:00:00+05:30
far_d3416586,flt_b4323d94,economy,promo,12026.06,1924.17,INR,15,7,0,,0,105,active,2026-08-18T10:00:00+05:30
far_eaa22529,flt_b4323d94,economy,flex,18809.99,3009.60,INR,15,7,1,2257.20,1,139,active,2026-08-18T10:00:00+05:30
far_c9bb5d21,flt_b4323d94,business,promo,37280.78,5964.92,INR,30,7,0,4473.69,0,24,active,2026-08-18T10:00:00+05:30
far_f97caf2f,flt_b4323d94,business,saver,42060.36,6729.66,INR,30,7,0,5047.24,0,23,active,2026-08-18T10:00:00+05:30
far_3356fac7,flt_405afbe5,economy,standard,5138.36,822.14,INR,15,7,0,616.60,0,103,active,2026-08-18T10:00:00+05:30
far_510bfce3,flt_1ce5cfdc,economy,saver,3737.87,598.06,INR,15,7,0,448.54,0,148,active,2026-08-18T10:00:00+05:30
far_1a2f75e5,flt_1877a331,economy,flex,6377.70,1020.43,INR,15,7,1,,1,24,active,2026-08-18T10:00:00+05:30
far_89cdc7b0,flt_1877a331,economy,standard,5227.62,836.42,INR,15,7,0,627.31,0,166,active,2026-08-18T10:00:00+05:30
far_f77afe8a,flt_1877a331,business,saver,14260.95,2281.75,INR,30,7,0,1711.31,0,36,active,2026-08-18T10:00:00+05:30
far_bd9eab6e,flt_1877a331,business,corporate,17826.19,2852.19,INR,30,7,1,2139.14,0,32,active,2026-08-18T10:00:00+05:30
far_01cf86e2,flt_5450c1f0,economy,standard,8413.51,1346.16,INR,15,7,0,,0,162,active,2026-08-18T10:00:00+05:30
far_1a4012cb,flt_5450c1f0,economy,corporate,9254.86,1480.78,INR,15,7,1,,0,84,active,2026-08-18T10:00:00+05:30
far_0187e3df,flt_5450c1f0,business,saver,22952.06,3672.33,INR,30,7,0,2754.25,0,10,active,2026-08-18T10:00:00+05:30
far_e449a27d,flt_5450c1f0,business,standard,26081.88,4173.10,INR,30,7,0,,0,25,active,2026-08-18T10:00:00+05:30
far_458a1913,flt_e9ea7136,economy,corporate,2551.25,408.20,INR,15,7,1,306.15,0,24,active,2026-08-18T10:00:00+05:30
far_7aa9b7be,flt_e9ea7136,economy,saver,2041.00,326.56,INR,15,7,0,,0,59,active,2026-08-18T10:00:00+05:30
far_2feac60b,flt_e9ea7136,business,standard,7189.88,1150.38,INR,30,7,0,862.79,0,4,active,2026-08-18T10:00:00+05:30
far_51026dd3,flt_e9ea7136,business,promo,5608.11,897.30,INR,30,7,0,672.97,0,10,active,2026-08-18T10:00:00+05:30
far_b4ab8423,flt_a137e945,economy,promo,2869310.80,459089.73,IDR,15,7,0,,0,91,active,2026-08-18T10:00:00+05:30
far_84ac65f8,flt_a137e945,economy,saver,3237171.16,517947.39,IDR,15,7,0,388460.54,0,81,active,2026-08-18T10:00:00+05:30
far_47d4582f,flt_a137e945,business,flex,13912478.79,2225996.61,IDR,30,7,1,1669497.45,1,35,active,2026-08-18T10:00:00+05:30
far_4a9ce431,flt_a137e945,business,promo,8894863.49,1423178.16,IDR,30,7,0,1067383.62,0,27,active,2026-08-18T10:00:00+05:30
far_e16ec6e9,flt_83d35839,economy,standard,4816.52,770.64,INR,15,7,0,577.98,0,128,active,2026-08-18T10:00:00+05:30
far_c36ff702,flt_83d35839,economy,saver,4238.54,678.17,INR,15,7,0,508.63,0,93,active,2026-08-18T10:00:00+05:30
far_12f3aac7,flt_83d35839,business,promo,11646.36,1863.42,INR,30,7,0,,0,22,active,2026-08-18T10:00:00+05:30
far_f09818c6,flt_83d35839,business,standard,14931.23,2389.00,INR,30,7,0,,0,7,active,2026-08-18T10:00:00+05:30
far_8146684e,flt_ab1c504d,economy,flex,1280.67,204.91,MYR,15,7,1,153.68,1,36,active,2026-08-18T10:00:00+05:30
far_cd07fdfb,flt_ab1c504d,economy,standard,1049.73,167.96,MYR,15,7,0,125.97,0,156,active,2026-08-18T10:00:00+05:30
far_04c2d706,flt_ab1c504d,business,promo,2538.25,406.12,MYR,30,7,0,,0,39,active,2026-08-18T10:00:00+05:30
far_9b30b1bc,flt_ab1c504d,business,standard,3254.16,520.67,MYR,30,7,0,,0,27,active,2026-08-18T10:00:00+05:30
far_2941d869,flt_fbe74637,economy,standard,8992.00,1438.72,INR,15,7,0,1079.04,0,65,active,2026-08-18T10:00:00+05:30
far_c146d846,flt_fbe74637,economy,corporate,9891.20,1582.59,INR,15,7,1,,0,107,active,2026-08-18T10:00:00+05:30
far_05a50faa,flt_fbe74637,business,promo,21742.66,3478.83,INR,30,7,0,2609.12,0,38,active,2026-08-18T10:00:00+05:30
far_a290414b,flt_fbe74637,business,saver,24530.18,3924.83,INR,30,7,0,2943.62,0,21,active,2026-08-18T10:00:00+05:30
far_ee3081ad,flt_70c4fbed,economy,promo,9638.23,1542.12,INR,15,7,0,1156.59,0,93,active,2026-08-18T10:00:00+05:30
far_eae81fcf,flt_70c4fbed,economy,saver,10873.90,1739.82,INR,15,7,0,,0,50,active,2026-08-18T10:00:00+05:30
far_d1e6324e,flt_70c4fbed,business,corporate,42136.36,6741.82,INR,30,7,1,,0,15,active,2026-08-18T10:00:00+05:30
far_a7bca98b,flt_70c4fbed,business,flex,46733.06,7477.29,INR,30,7,1,5607.97,1,9,active,2026-08-18T10:00:00+05:30
far_769a1718,flt_ec390279,economy,corporate,6816.05,1090.57,INR,15,7,1,817.93,0,165,active,2026-08-18T10:00:00+05:30
far_b1fb460f,flt_ec390279,economy,flex,7559.62,1209.54,INR,15,7,1,,1,140,active,2026-08-18T10:00:00+05:30
far_5faf5053,flt_ec390279,business,promo,14982.92,2397.27,INR,30,7,0,1797.95,0,11,active,2026-08-18T10:00:00+05:30
far_24ae3e1e,flt_ec390279,business,saver,16903.81,2704.61,INR,30,7,0,2028.46,0,39,active,2026-08-18T10:00:00+05:30
far_740c92c6,flt_fb3512a1,economy,standard,15174.51,2427.92,INR,15,7,0,1820.94,0,106,active,2026-08-18T10:00:00+05:30
far_d7fe83f9,flt_fb3512a1,economy,promo,11836.12,1893.78,INR,15,7,0,,0,123,active,2026-08-18T10:00:00+05:30
far_3ef60495,flt_fb3512a1,business,saver,41396.05,6623.37,INR,30,7,0,,0,24,active,2026-08-18T10:00:00+05:30
far_5cd69691,flt_fb3512a1,business,promo,36691.96,5870.71,INR,30,7,0,4403.03,0,39,active,2026-08-18T10:00:00+05:30
far_e372022c,flt_43680923,economy,saver,911.93,145.91,MYR,15,7,0,109.43,0,133,active,2026-08-18T10:00:00+05:30
far_8fe5352e,flt_43680923,economy,flex,1264.27,202.28,MYR,15,7,1,151.71,1,117,active,2026-08-18T10:00:00+05:30
far_f8f20d86,flt_43680923,business,saver,2827.00,452.32,MYR,30,7,0,339.24,0,38,active,2026-08-18T10:00:00+05:30
far_9f528c17,flt_43680923,business,flex,3919.25,627.08,MYR,30,7,1,470.31,1,28,active,2026-08-18T10:00:00+05:30
far_3290369d,flt_34872d62,economy,saver,6010.01,961.60,INR,15,7,0,,0,30,active,2026-08-18T10:00:00+05:30
far_9797b1da,flt_34872d62,economy,standard,6829.56,1092.73,INR,15,7,0,819.55,0,64,active,2026-08-18T10:00:00+05:30
far_8065e631,flt_34872d62,business,flex,25829.38,4132.70,INR,30,7,1,,1,37,active,2026-08-18T10:00:00+05:30
far_542a58eb,flt_34872d62,business,corporate,23288.79,3726.21,INR,30,7,1,,0,36,active,2026-08-18T10:00:00+05:30
far_0f7067bb,flt_550de457,economy,standard,3334.26,533.48,INR,15,7,0,,0,112,active,2026-08-18T10:00:00+05:30
far_aebefc45,flt_550de457,economy,saver,2934.15,469.46,INR,15,7,0,352.10,0,142,active,2026-08-18T10:00:00+05:30
far_d0620111,flt_550de457,business,flex,12610.18,2017.63,INR,30,7,1,,1,10,active,2026-08-18T10:00:00+05:30
far_43ed8a2f,flt_550de457,business,promo,8062.24,1289.96,INR,30,7,0,967.47,0,37,active,2026-08-18T10:00:00+05:30
far_782d978b,flt_9ca3471c,economy,flex,8627.11,1380.34,INR,15,7,1,1035.25,1,128,active,2026-08-18T10:00:00+05:30
far_39dbe5d7,flt_9ca3471c,economy,standard,7071.40,1131.42,INR,15,7,0,,0,49,active,2026-08-18T10:00:00+05:30
far_e16027cd,flt_9ca3471c,business,flex,26744.05,4279.05,INR,30,7,1,3209.29,1,13,active,2026-08-18T10:00:00+05:30
far_787d4a6a,flt_9ca3471c,business,corporate,24113.49,3858.16,INR,30,7,1,2893.62,0,18,active,2026-08-18T10:00:00+05:30
far_53d27e74,flt_3bd650d5,economy,flex,4819.44,771.11,INR,15,7,1,,1,155,active,2026-08-18T10:00:00+05:30
far_811009b5,flt_3bd650d5,economy,standard,3950.36,632.06,INR,15,7,0,474.04,0,110,active,2026-08-18T10:00:00+05:30
far_6719a1b4,flt_3bd650d5,business,flex,14940.27,2390.44,INR,30,7,1,1792.83,1,19,active,2026-08-18T10:00:00+05:30
far_299a5403,flt_3bd650d5,business,saver,10776.59,1724.25,INR,30,7,0,1293.19,0,31,active,2026-08-18T10:00:00+05:30
far_4caf2595,flt_0dd24dad,economy,flex,1856.54,297.05,INR,15,7,1,,1,143,active,2026-08-18T10:00:00+05:30
far_3913a411,flt_0dd24dad,economy,promo,1186.97,189.91,INR,15,7,0,142.44,0,27,active,2026-08-18T10:00:00+05:30
far_decfb80f,flt_0dd24dad,business,saver,4151.34,664.22,INR,30,7,0,498.16,0,10,active,2026-08-18T10:00:00+05:30
far_5e0e51fe,flt_0dd24dad,business,flex,5755.27,920.84,INR,30,7,1,690.63,1,19,active,2026-08-18T10:00:00+05:30
far_f22b32a4,flt_b010d96a,economy,flex,29819.28,4771.08,INR,15,7,1,,1,51,active,2026-08-18T10:00:00+05:30
far_6961766c,flt_b010d96a,economy,standard,24442.03,3910.73,INR,15,7,0,2933.04,0,167,active,2026-08-18T10:00:00+05:30
far_a8396259,flt_b010d96a,business,flex,92439.77,14790.36,INR,30,7,1,11092.77,1,13,active,2026-08-18T10:00:00+05:30
far_05f65291,flt_b010d96a,business,saver,66677.87,10668.46,INR,30,7,0,,0,39,active,2026-08-18T10:00:00+05:30
far_22468575,flt_24e3091c,economy,corporate,7506.98,1201.12,INR,15,7,1,,0,34,active,2026-08-18T10:00:00+05:30
far_002c7849,flt_b088a430,economy,flex,8811.79,1409.89,INR,15,7,1,1057.41,1,32,active,2026-08-18T10:00:00+05:30
far_d345150d,flt_b088a430,economy,saver,6356.04,1016.97,INR,15,7,0,,0,135,active,2026-08-18T10:00:00+05:30
far_58bedfc3,flt_b088a430,business,standard,22390.61,3582.50,INR,30,7,0,2686.87,0,7,active,2026-08-18T10:00:00+05:30
far_5ceb4c6c,flt_b088a430,business,flex,27316.54,4370.65,INR,30,7,1,,1,5,active,2026-08-18T10:00:00+05:30
far_c919c338,flt_3cdc52ed,economy,saver,267.02,42.72,SGD,15,7,0,32.04,0,86,active,2026-08-18T10:00:00+05:30
far_a376ed37,flt_3cdc52ed,economy,standard,303.43,48.55,SGD,15,7,0,,0,60,active,2026-08-18T10:00:00+05:30
far_2b8eb673,flt_3cdc52ed,business,flex,1147.59,183.61,SGD,30,7,1,137.71,1,8,active,2026-08-18T10:00:00+05:30
far_ab3450e7,flt_3cdc52ed,business,promo,733.71,117.39,SGD,30,7,0,88.04,0,10,active,2026-08-18T10:00:00+05:30
far_8bb4895e,flt_c86dd9bd,economy,standard,773.25,123.72,MYR,15,7,0,92.79,0,54,active,2026-08-18T10:00:00+05:30
far_3af3faa1,flt_c86dd9bd,economy,promo,603.14,96.50,MYR,15,7,0,,0,79,active,2026-08-18T10:00:00+05:30
far_8fea9370,flt_c86dd9bd,business,saver,2109.44,337.51,MYR,30,7,0,253.13,0,30,active,2026-08-18T10:00:00+05:30
far_aa956d90,flt_c86dd9bd,business,promo,1869.73,299.16,MYR,30,7,0,224.37,0,4,active,2026-08-18T10:00:00+05:30
far_3e56f380,flt_3ed86100,economy,flex,13610.11,2177.62,INR,15,7,1,,1,42,active,2026-08-18T10:00:00+05:30
far_243087dc,flt_3ed86100,economy,corporate,12271.41,1963.43,INR,15,7,1,,0,125,active,2026-08-18T10:00:00+05:30
far_503e96b3,flt_3ed86100,business,saver,30433.09,4869.29,INR,30,7,0,3651.97,0,26,active,2026-08-18T10:00:00+05:30
far_c51fb8e4,flt_3ed86100,business,corporate,38041.36,6086.62,INR,30,7,1,,0,10,active,2026-08-18T10:00:00+05:30
far_2b5522e1,flt_489c37b9,economy,saver,3602.43,576.39,INR,15,7,0,432.29,0,75,active,2026-08-18T10:00:00+05:30
far_450959c2,flt_961f4b41,economy,flex,5401521.89,864243.50,IDR,15,7,1,,1,124,active,2026-08-18T10:00:00+05:30
far_fd272f9c,flt_961f4b41,economy,promo,3453432.03,552549.12,IDR,15,7,0,,0,84,active,2026-08-18T10:00:00+05:30
far_14c5b6b8,flt_961f4b41,business,corporate,15097696.43,2415631.43,IDR,30,7,1,1811723.57,0,17,active,2026-08-18T10:00:00+05:30
far_55098f3f,flt_961f4b41,business,promo,10705639.29,1712902.29,IDR,30,7,0,1284676.71,0,29,active,2026-08-18T10:00:00+05:30
far_dfb395ef,flt_524b75f1,economy,corporate,8259.58,1321.53,INR,15,7,1,991.15,0,20,active,2026-08-18T10:00:00+05:30
far_f9a9e944,flt_524b75f1,economy,flex,9160.63,1465.70,INR,15,7,1,1099.28,1,69,active,2026-08-18T10:00:00+05:30
far_e01a5472,flt_524b75f1,business,flex,28397.95,4543.67,INR,30,7,1,3407.75,1,29,active,2026-08-18T10:00:00+05:30
far_3595bc0f,flt_524b75f1,business,standard,23277.01,3724.32,INR,30,7,0,2793.24,0,20,active,2026-08-18T10:00:00+05:30
far_c4fb0a3b,flt_2a0097c6,economy,flex,7059.41,1129.51,INR,15,7,1,847.13,1,129,active,2026-08-18T10:00:00+05:30
far_2c134cbc,flt_2a0097c6,economy,saver,5092.03,814.73,INR,15,7,0,611.04,0,64,active,2026-08-18T10:00:00+05:30
far_ddd45611,flt_2a0097c6,business,flex,21884.17,3501.47,INR,30,7,1,,1,14,active,2026-08-18T10:00:00+05:30
far_f286df77,flt_2a0097c6,business,corporate,19731.63,3157.06,INR,30,7,1,2367.80,0,5,active,2026-08-18T10:00:00+05:30
far_1a1b9305,flt_172ee159,economy,corporate,3019.11,483.06,THB,15,7,1,362.29,0,124,active,2026-08-18T10:00:00+05:30
far_0a6f5775,flt_172ee159,economy,standard,2744.65,439.14,THB,15,7,0,329.36,0,110,active,2026-08-18T10:00:00+05:30
far_beb4ee8b,flt_172ee159,business,standard,8508.40,1361.34,THB,30,7,0,,0,26,active,2026-08-18T10:00:00+05:30
far_2e2b5937,flt_172ee159,business,flex,10380.25,1660.84,THB,30,7,1,1245.63,1,8,active,2026-08-18T10:00:00+05:30
far_e579f06a,flt_20b5c7a4,economy,corporate,6539.63,1046.34,INR,15,7,1,,0,161,active,2026-08-18T10:00:00+05:30
far_d3fb1ee5,flt_20b5c7a4,economy,promo,4637.19,741.95,INR,15,7,0,,0,50,active,2026-08-18T10:00:00+05:30
far_62db412a,flt_20b5c7a4,business,standard,18429.86,2948.78,INR,30,7,0,,0,29,active,2026-08-18T10:00:00+05:30
far_a38bdd32,flt_20b5c7a4,business,promo,14375.29,2300.05,INR,30,7,0,1725.03,0,39,active,2026-08-18T10:00:00+05:30
far_84c1bc2e,flt_dc516e9b,economy,promo,3349217.63,535874.82,IDR,15,7,0,401906.12,0,97,active,2026-08-18T10:00:00+05:30
far_ba81e856,flt_dc516e9b,economy,standard,4293868.75,687019.00,IDR,15,7,0,515264.25,0,150,active,2026-08-18T10:00:00+05:30
far_1882330b,flt_dc516e9b,business,standard,13310993.13,2129758.90,IDR,30,7,0,,0,19,active,2026-08-18T10:00:00+05:30
far_75bcd152,flt_dc516e9b,business,flex,16239411.62,2598305.86,IDR,30,7,1,,1,25,active,2026-08-18T10:00:00+05:30
far_a2b4845f,flt_04979190,economy,promo,4257058.34,681129.33,IDR,15,7,0,510847.00,0,99,active,2026-08-18T10:00:00+05:30
far_754079da,flt_04979190,economy,corporate,6003543.82,960567.01,IDR,15,7,1,720425.26,0,141,active,2026-08-18T10:00:00+05:30
far_86145636,flt_04979190,business,promo,13196880.86,2111500.94,IDR,30,7,0,,0,32,active,2026-08-18T10:00:00+05:30
far_30950b09,flt_04979190,business,saver,14888788.67,2382206.19,IDR,30,7,0,,0,19,active,2026-08-18T10:00:00+05:30
far_61115ea1,flt_1d45c134,economy,flex,332.24,53.16,MYR,15,7,1,,1,72,active,2026-08-18T10:00:00+05:30
far_067f06fc,flt_1d45c134,economy,corporate,299.56,47.93,MYR,15,7,1,35.95,0,78,active,2026-08-18T10:00:00+05:30
far_b1e3829c,flt_1d45c134,business,saver,742.91,118.87,MYR,30,7,0,89.15,0,28,active,2026-08-18T10:00:00+05:30
far_1a015614,flt_1d45c134,business,flex,1029.94,164.79,MYR,30,7,1,123.59,1,37,active,2026-08-18T10:00:00+05:30
far_0ecce615,flt_c1e58933,economy,standard,4788.86,766.22,THB,15,7,0,,0,169,active,2026-08-18T10:00:00+05:30
far_6e9fd93a,flt_c1e58933,economy,corporate,5267.75,842.84,THB,15,7,1,,0,38,active,2026-08-18T10:00:00+05:30
far_deaad299,flt_c1e58933,business,flex,18111.48,2897.84,THB,30,7,1,,1,24,active,2026-08-18T10:00:00+05:30
far_d41ee4d7,flt_c1e58933,business,promo,11579.47,1852.72,THB,30,7,0,1389.54,0,10,active,2026-08-18T10:00:00+05:30
far_8dadd630,flt_105984e7,economy,flex,13690.69,2190.51,INR,15,7,1,,1,111,active,2026-08-18T10:00:00+05:30
far_079960f5,flt_105984e7,economy,promo,8753.07,1400.49,INR,15,7,0,,0,126,active,2026-08-18T10:00:00+05:30
far_9c1f7ea7,flt_105984e7,business,corporate,38266.61,6122.66,INR,30,7,1,,0,9,active,2026-08-18T10:00:00+05:30
far_1b245297,flt_105984e7,business,flex,42441.15,6790.58,INR,30,7,1,5092.94,1,34,active,2026-08-18T10:00:00+05:30
far_7de07a6e,flt_eab16cd4,economy,saver,12469.05,1995.05,INR,15,7,0,,0,104,active,2026-08-18T10:00:00+05:30
far_5c42d454,flt_eab16cd4,economy,flex,17286.64,2765.86,INR,15,7,1,2074.40,1,93,active,2026-08-18T10:00:00+05:30
far_985eabb4,flt_eab16cd4,business,corporate,48317.56,7730.81,INR,30,7,1,5798.11,0,26,active,2026-08-18T10:00:00+05:30
far_9c9df4a0,flt_eab16cd4,business,promo,34261.54,5481.85,INR,30,7,0,4111.39,0,14,active,2026-08-18T10:00:00+05:30
far_4303dc85,flt_eefd4732,economy,flex,311.64,49.86,SGD,15,7,1,,1,112,active,2026-08-18T10:00:00+05:30
far_70972587,flt_eefd4732,economy,corporate,280.98,44.96,SGD,15,7,1,33.72,0,28,active,2026-08-18T10:00:00+05:30
far_da89c213,flt_eefd4732,business,saver,696.84,111.49,SGD,30,7,0,,0,26,active,2026-08-18T10:00:00+05:30
far_55497389,flt_eefd4732,business,corporate,871.05,139.37,SGD,30,7,1,104.53,0,27,active,2026-08-18T10:00:00+05:30
far_061de8ac,flt_be259a9e,economy,saver,3535.72,565.72,INR,15,7,0,,0,105,active,2026-08-18T10:00:00+05:30
far_d86773a6,flt_be259a9e,economy,promo,3133.93,501.43,INR,15,7,0,,0,65,active,2026-08-18T10:00:00+05:30
far_96e2e5db,flt_be259a9e,business,corporate,13700.91,2192.15,INR,30,7,1,1644.11,0,24,active,2026-08-18T10:00:00+05:30
far_706ad1b7,flt_be259a9e,business,standard,12455.38,1992.86,INR,30,7,0,1494.65,0,17,active,2026-08-18T10:00:00+05:30
far_4040f874,flt_7d8bf0c6,economy,saver,5553.87,888.62,INR,15,7,0,,0,46,active,2026-08-18T10:00:00+05:30
far_cd28666e,flt_7d8bf0c6,economy,flex,7699.69,1231.95,INR,15,7,1,,1,87,active,2026-08-18T10:00:00+05:30
far_518e0cdf,flt_7d8bf0c6,business,flex,23869.04,3819.05,INR,30,7,1,2864.28,1,37,active,2026-08-18T10:00:00+05:30
far_7a50618c,flt_7d8bf0c6,business,standard,19564.78,3130.37,INR,30,7,0,2347.77,0,15,active,2026-08-18T10:00:00+05:30
far_303af3b3,flt_3a790967,economy,corporate,21994.73,3519.16,INR,15,7,1,2639.37,0,157,active,2026-08-18T10:00:00+05:30
far_4963e0ff,flt_3a790967,economy,standard,19995.21,3199.23,INR,15,7,0,2399.43,0,60,active,2026-08-18T10:00:00+05:30
far_58c712ca,flt_3a790967,business,flex,75621.89,12099.50,INR,30,7,1,9074.63,1,7,active,2026-08-18T10:00:00+05:30
far_2cc67922,flt_3a790967,business,promo,48348.42,7735.75,INR,30,7,0,,0,30,active,2026-08-18T10:00:00+05:30
far_1809db21,flt_6e654191,economy,corporate,7774.29,1243.89,THB,15,7,1,932.92,0,122,active,2026-08-18T10:00:00+05:30
far_a82b1150,flt_6e654191,economy,saver,6219.43,995.11,THB,15,7,0,746.33,0,28,active,2026-08-18T10:00:00+05:30
far_de895d0b,flt_6e654191,business,corporate,24100.31,3856.05,THB,30,7,1,2892.04,0,31,active,2026-08-18T10:00:00+05:30
far_20849def,flt_6e654191,business,standard,21909.37,3505.50,THB,30,7,0,2629.12,0,8,active,2026-08-18T10:00:00+05:30
far_1eeca3c6,flt_7e1fd8fd,economy,flex,13628.61,2180.58,INR,15,7,1,,1,128,active,2026-08-18T10:00:00+05:30
far_ce214b5c,flt_7e1fd8fd,economy,promo,8713.37,1394.14,INR,15,7,0,,0,39,active,2026-08-18T10:00:00+05:30
far_ee0942e5,flt_7e1fd8fd,business,standard,34630.08,5540.81,INR,30,7,0,4155.61,0,24,active,2026-08-18T10:00:00+05:30
far_b1a41616,flt_7e1fd8fd,business,promo,27011.46,4321.83,INR,30,7,0,,0,32,active,2026-08-18T10:00:00+05:30
far_26d67bbc,flt_6ff02b2a,economy,promo,3470.46,555.27,INR,15,7,0,416.46,0,118,active,2026-08-18T10:00:00+05:30
far_0e06f9f2,flt_f649f15f,economy,flex,2981.78,477.08,INR,15,7,1,357.81,1,69,active,2026-08-18T10:00:00+05:30
far_61cbb85a,flt_f649f15f,economy,saver,2150.79,344.13,INR,15,7,0,258.09,0,140,active,2026-08-18T10:00:00+05:30
far_c07285ca,flt_f649f15f,business,standard,7576.65,1212.26,INR,30,7,0,,0,38,active,2026-08-18T10:00:00+05:30
far_e9405739,flt_f649f15f,business,promo,5909.79,945.57,INR,30,7,0,,0,6,active,2026-08-18T10:00:00+05:30
far_69ef01c9,flt_a117b27e,economy,saver,1648.25,263.72,INR,15,7,0,,0,98,active,2026-08-18T10:00:00+05:30
far_5c614366,flt_a117b27e,economy,corporate,2060.32,329.65,INR,15,7,1,,0,51,active,2026-08-18T10:00:00+05:30
far_282ff292,flt_a117b27e,business,standard,5806.34,929.02,INR,30,7,0,,0,37,active,2026-08-18T10:00:00+05:30
far_434bed04,flt_a117b27e,business,promo,4528.95,724.63,INR,30,7,0,543.47,0,39,active,2026-08-18T10:00:00+05:30
far_749401d4,flt_a95476a1,economy,promo,5381.33,861.01,INR,15,7,0,,0,133,active,2026-08-18T10:00:00+05:30
far_716188b2,flt_a95476a1,economy,corporate,7589.05,1214.25,INR,15,7,1,910.69,0,163,active,2026-08-18T10:00:00+05:30
far_84ce71ba,flt_a95476a1,business,promo,16682.11,2669.14,INR,30,7,0,2001.85,0,10,active,2026-08-18T10:00:00+05:30
far_b910c928,flt_a95476a1,business,saver,18820.84,3011.33,INR,30,7,0,2258.50,0,24,active,2026-08-18T10:00:00+05:30
far_8cedba78,flt_0a33bcd1,economy,flex,9160.87,1465.74,INR,15,7,1,,1,79,active,2026-08-18T10:00:00+05:30
far_6f3c1e95,flt_0a33bcd1,economy,saver,6607.84,1057.25,INR,15,7,0,,0,144,active,2026-08-18T10:00:00+05:30
far_64c46b3a,flt_0a33bcd1,business,flex,28398.71,4543.79,INR,30,7,1,3407.84,1,35,active,2026-08-18T10:00:00+05:30
far_64d0035f,flt_0a33bcd1,business,promo,18156.55,2905.05,INR,30,7,0,,0,18,active,2026-08-18T10:00:00+05:30
far_5f08228d,flt_01acb170,economy,saver,9911.89,1585.90,INR,15,7,0,1189.43,0,133,active,2026-08-18T10:00:00+05:30
far_082249a3,flt_01acb170,economy,standard,11263.52,1802.16,INR,15,7,0,,0,125,active,2026-08-18T10:00:00+05:30
far_4a8b537b,flt_01acb170,business,saver,30726.87,4916.30,INR,30,7,0,3687.22,0,7,active,2026-08-18T10:00:00+05:30
far_b5743d1e,flt_01acb170,business,promo,27235.18,4357.63,INR,30,7,0,,0,18,active,2026-08-18T10:00:00+05:30
far_01806505,flt_914bf913,economy,promo,5184.50,829.52,INR,15,7,0,622.14,0,58,active,2026-08-18T10:00:00+05:30
far_d06a6d4c,flt_914bf913,economy,corporate,7311.48,1169.84,INR,15,7,1,,0,165,active,2026-08-18T10:00:00+05:30
far_50e8f149,flt_914bf913,business,promo,16071.96,2571.51,INR,30,7,0,1928.64,0,19,active,2026-08-18T10:00:00+05:30
far_68b42057,flt_914bf913,business,flex,25138.20,4022.11,INR,30,7,1,3016.58,1,25,active,2026-08-18T10:00:00+05:30
far_ce5a1672,flt_82993076,economy,flex,2524.83,403.97,INR,15,7,1,302.98,1,125,active,2026-08-18T10:00:00+05:30
far_293a5834,flt_82993076,economy,standard,2069.54,331.13,INR,15,7,0,,0,37,active,2026-08-18T10:00:00+05:30
far_9ef9dcb7,flt_82993076,business,standard,6415.56,1026.49,INR,30,7,0,,0,21,active,2026-08-18T10:00:00+05:30
far_c3baa339,flt_82993076,business,promo,5004.14,800.66,INR,30,7,0,,0,37,active,2026-08-18T10:00:00+05:30
far_b070931f,flt_ea0e0038,economy,corporate,32690.12,5230.42,INR,15,7,1,,0,86,active,2026-08-18T10:00:00+05:30
far_500f9759,flt_ea0e0038,economy,saver,26152.10,4184.34,INR,15,7,0,3138.25,0,125,active,2026-08-18T10:00:00+05:30
far_4e353046,flt_ea0e0038,business,promo,71858.84,11497.41,INR,30,7,0,,0,29,active,2026-08-18T10:00:00+05:30
far_4bf686c1,flt_ea0e0038,business,corporate,101339.39,16214.30,INR,30,7,1,12160.73,0,25,active,2026-08-18T10:00:00+05:30
far_df748af2,flt_b4455501,economy,saver,275.61,44.10,SGD,15,7,0,33.07,0,100,active,2026-08-18T10:00:00+05:30
far_183b4a42,flt_1a3308d5,economy,standard,409.75,65.56,MYR,15,7,0,,0,126,active,2026-08-18T10:00:00+05:30
far_28bbc3d3,flt_26dea05f,economy,promo,5221.81,835.49,THB,15,7,0,626.62,0,91,active,2026-08-18T10:00:00+05:30
far_fccb2fb6,flt_26dea05f,economy,standard,6694.63,1071.14,THB,15,7,0,,0,63,active,2026-08-18T10:00:00+05:30
far_2c053c0e,flt_26dea05f,business,promo,16187.62,2590.02,THB,30,7,0,1942.51,0,21,active,2026-08-18T10:00:00+05:30
far_5b88ed3f,flt_26dea05f,business,standard,20753.35,3320.54,THB,30,7,0,,0,17,active,2026-08-18T10:00:00+05:30
far_7f8d8060,flt_45e9ee31,economy,flex,4946.77,791.48,INR,15,7,1,593.61,1,165,active,2026-08-18T10:00:00+05:30
far_a99264b9,flt_59c34756,economy,standard,5976.40,956.22,INR,15,7,0,,0,155,active,2026-08-18T10:00:00+05:30
far_8e511551,flt_f9e775d3,economy,corporate,9878.21,1580.51,INR,15,7,1,,0,37,active,2026-08-18T10:00:00+05:30
far_9522200c,flt_f9e775d3,economy,flex,10955.83,1752.93,INR,15,7,1,1314.70,1,169,active,2026-08-18T10:00:00+05:30
far_497e40a3,flt_f9e775d3,business,promo,21714.10,3474.26,INR,30,7,0,2605.69,0,9,active,2026-08-18T10:00:00+05:30
far_69822507,flt_f9e775d3,business,standard,27838.59,4454.17,INR,30,7,0,,0,16,active,2026-08-18T10:00:00+05:30
far_73a28dd6,flt_4eee4912,economy,promo,6631.36,1061.02,INR,15,7,0,795.76,0,118,active,2026-08-18T10:00:00+05:30
far_150c8026,flt_4eee4912,economy,flex,10372.12,1659.54,INR,15,7,1,,1,111,active,2026-08-18T10:00:00+05:30
far_4478649b,flt_4eee4912,business,saver,23192.74,3710.84,INR,30,7,0,2783.13,0,39,active,2026-08-18T10:00:00+05:30
far_4f7fd45f,flt_4eee4912,business,promo,20557.21,3289.15,INR,30,7,0,2466.86,0,15,active,2026-08-18T10:00:00+05:30
far_c2a472b4,flt_6de3dabd,economy,saver,5155.74,824.92,THB,15,7,0,618.69,0,74,active,2026-08-18T10:00:00+05:30
far_4da3d38d,flt_6de3dabd,economy,standard,5858.79,937.41,THB,15,7,0,703.06,0,166,active,2026-08-18T10:00:00+05:30
far_c529494c,flt_6de3dabd,business,promo,14166.56,2266.65,THB,30,7,0,1699.99,0,10,active,2026-08-18T10:00:00+05:30
far_9c81f9e0,flt_6de3dabd,business,corporate,19978.48,3196.56,THB,30,7,1,2397.42,0,8,active,2026-08-18T10:00:00+05:30
far_d545bd93,flt_7f95dceb,economy,corporate,1572.69,251.63,INR,15,7,1,188.72,0,48,active,2026-08-18T10:00:00+05:30
far_4516c8f2,flt_7f95dceb,economy,standard,1429.72,228.75,INR,15,7,0,171.57,0,124,active,2026-08-18T10:00:00+05:30
far_c3a85ee3,flt_7f95dceb,business,saver,3900.27,624.04,INR,30,7,0,468.03,0,30,active,2026-08-18T10:00:00+05:30
far_e32729cd,flt_7f95dceb,business,flex,5407.19,865.15,INR,30,7,1,,1,13,active,2026-08-18T10:00:00+05:30
far_50c8dec8,flt_26ac975f,economy,standard,6560.70,1049.71,INR,15,7,0,,0,34,active,2026-08-18T10:00:00+05:30
far_f48355e4,flt_26ac975f,economy,flex,8004.05,1280.65,INR,15,7,1,,1,120,active,2026-08-18T10:00:00+05:30
far_8abdf0c6,flt_26ac975f,business,promo,15863.77,2538.20,INR,30,7,0,1903.65,0,39,active,2026-08-18T10:00:00+05:30
far_3eeb7ed7,flt_26ac975f,business,flex,24812.56,3970.01,INR,30,7,1,2977.51,1,16,active,2026-08-18T10:00:00+05:30
far_8210358a,flt_0580a474,economy,flex,4759057.79,761449.25,IDR,15,7,1,571086.94,1,64,active,2026-08-18T10:00:00+05:30
far_339a72dc,flt_0580a474,economy,promo,3042676.29,486828.21,IDR,15,7,0,365121.16,0,33,active,2026-08-18T10:00:00+05:30
far_45e43aa1,flt_0580a474,business,flex,14753079.16,2360492.67,IDR,30,7,1,1770369.50,1,6,active,2026-08-18T10:00:00+05:30
far_99936032,flt_0580a474,business,standard,12092687.84,1934830.05,IDR,30,7,0,,0,22,active,2026-08-18T10:00:00+05:30
far_f2205283,flt_1e8eef77,economy,saver,6403.61,1024.58,INR,15,7,0,768.43,0,76,active,2026-08-18T10:00:00+05:30
far_8f1b96f3,flt_1e8eef77,economy,corporate,8004.52,1280.72,INR,15,7,1,960.54,0,46,active,2026-08-18T10:00:00+05:30
far_d0c229ce,flt_1e8eef77,business,corporate,24814.01,3970.24,INR,30,7,1,,0,28,active,2026-08-18T10:00:00+05:30
far_70bb2916,flt_1e8eef77,business,flex,27520.99,4403.36,INR,30,7,1,,1,7,active,2026-08-18T10:00:00+05:30
far_334a9e44,flt_54cf6fe8,economy,flex,10073.12,1611.70,INR,15,7,1,1208.77,1,60,active,2026-08-18T10:00:00+05:30
far_91305abe,flt_54cf6fe8,economy,standard,8256.66,1321.07,INR,15,7,0,990.80,0,99,active,2026-08-18T10:00:00+05:30
far_d0605269,flt_54cf6fe8,business,standard,25595.64,4095.30,INR,30,7,0,,0,30,active,2026-08-18T10:00:00+05:30
far_12170bce,flt_54cf6fe8,business,flex,31226.68,4996.27,INR,30,7,1,3747.20,1,10,active,2026-08-18T10:00:00+05:30
far_b79bd44e,flt_84463720,economy,saver,4445.96,711.35,INR,15,7,0,533.52,0,93,active,2026-08-18T10:00:00+05:30
far_8543b90f,flt_65c5e149,economy,corporate,8180.17,1308.83,INR,15,7,1,981.62,0,77,active,2026-08-18T10:00:00+05:30
far_7c019ebd,flt_65c5e149,economy,flex,9072.55,1451.61,INR,15,7,1,1088.71,1,133,active,2026-08-18T10:00:00+05:30
far_6981b60b,flt_65c5e149,business,corporate,25358.52,4057.36,INR,30,7,1,3043.02,0,19,active,2026-08-18T10:00:00+05:30
far_3f0a7b26,flt_65c5e149,business,standard,23053.20,3688.51,INR,30,7,0,,0,28,active,2026-08-18T10:00:00+05:30
far_59e43ffc,flt_f5c20b83,economy,saver,9183.32,1469.33,INR,15,7,0,1102.00,0,117,active,2026-08-18T10:00:00+05:30
far_a92ce45a,flt_3e1069d0,economy,standard,269.73,43.16,SGD,15,7,0,32.37,0,47,active,2026-08-18T10:00:00+05:30
far_135fe2cd,flt_3e1069d0,economy,saver,237.37,37.98,SGD,15,7,0,,0,61,active,2026-08-18T10:00:00+05:30
far_dd8e9414,flt_3e1069d0,business,promo,652.22,104.35,SGD,30,7,0,78.27,0,16,active,2026-08-18T10:00:00+05:30
far_462ed013,flt_3e1069d0,business,corporate,919.79,147.17,SGD,30,7,1,,0,14,active,2026-08-18T10:00:00+05:30
far_c1dcd87d,flt_3b3043e7,economy,standard,1564.21,250.27,INR,15,7,0,187.71,0,34,active,2026-08-18T10:00:00+05:30
far_85fa567d,flt_3b3043e7,economy,corporate,1720.63,275.30,INR,15,7,1,206.48,0,82,active,2026-08-18T10:00:00+05:30
far_c7896944,flt_3b3043e7,business,corporate,5333.96,853.43,INR,30,7,1,640.08,0,17,active,2026-08-18T10:00:00+05:30
far_e374009a,flt_3b3043e7,business,saver,4267.17,682.75,INR,30,7,0,,0,5,active,2026-08-18T10:00:00+05:30
far_0c6dc33a,flt_7430d575,economy,flex,7097.88,1135.66,INR,15,7,1,851.75,1,39,active,2026-08-18T10:00:00+05:30
far_94fe31b2,flt_7430d575,economy,standard,5817.93,930.87,INR,15,7,0,,0,169,active,2026-08-18T10:00:00+05:30
far_26c34f47,flt_7430d575,business,promo,14067.76,2250.84,INR,30,7,0,,0,7,active,2026-08-18T10:00:00+05:30
far_0a5c208b,flt_7430d575,business,corporate,19839.15,3174.26,INR,30,7,1,,0,8,active,2026-08-18T10:00:00+05:30
far_016256dc,flt_72dfc14c,economy,promo,1177.80,188.45,INR,15,7,0,,0,126,active,2026-08-18T10:00:00+05:30
far_d03fdbbe,flt_72dfc14c,economy,flex,1842.20,294.75,INR,15,7,1,,1,62,active,2026-08-18T10:00:00+05:30
far_ce69e7b9,flt_72dfc14c,business,corporate,5149.09,823.85,INR,30,7,1,617.89,0,4,active,2026-08-18T10:00:00+05:30
far_6b127b2b,flt_72dfc14c,business,standard,4680.99,748.96,INR,30,7,0,561.72,0,8,active,2026-08-18T10:00:00+05:30
far_2287b0a4,flt_eec8c00d,economy,flex,6128.81,980.61,INR,15,7,1,,1,83,active,2026-08-18T10:00:00+05:30
far_758a3419,flt_eec8c00d,economy,promo,3918.42,626.95,INR,15,7,0,,0,110,active,2026-08-18T10:00:00+05:30
far_731c331f,flt_eec8c00d,business,standard,15573.21,2491.71,INR,30,7,0,,0,12,active,2026-08-18T10:00:00+05:30
far_23ec0835,flt_eec8c00d,business,saver,13704.43,2192.71,INR,30,7,0,,0,16,active,2026-08-18T10:00:00+05:30
far_64d531bc,flt_2d2598d6,economy,flex,10807.15,1729.14,INR,15,7,1,1296.86,1,114,active,2026-08-18T10:00:00+05:30
far_8879fc40,flt_2d2598d6,economy,saver,7795.32,1247.25,INR,15,7,0,,0,32,active,2026-08-18T10:00:00+05:30
far_7c02e9d8,flt_2d2598d6,business,flex,33502.15,5360.34,INR,30,7,1,4020.26,1,15,active,2026-08-18T10:00:00+05:30
far_e5d92bf2,flt_2d2598d6,business,saver,24165.49,3866.48,INR,30,7,0,2899.86,0,32,active,2026-08-18T10:00:00+05:30
far_99390690,flt_c138641b,economy,flex,27942.49,4470.80,INR,15,7,1,3353.10,1,135,active,2026-08-18T10:00:00+05:30
far_00017145,flt_c138641b,economy,standard,22903.68,3664.59,INR,15,7,0,,0,47,active,2026-08-18T10:00:00+05:30
far_670260eb,flt_c138641b,business,promo,55381.11,8860.98,INR,30,7,0,6645.73,0,38,active,2026-08-18T10:00:00+05:30
far_75c79265,flt_c138641b,business,corporate,78101.56,12496.25,INR,30,7,1,9372.19,0,7,active,2026-08-18T10:00:00+05:30
far_d87f4247,flt_68fd88f4,economy,saver,591.16,94.59,AED,15,7,0,70.94,0,56,active,2026-08-18T10:00:00+05:30
far_ed012e9e,flt_216c2234,economy,flex,9222.87,1475.66,INR,15,7,1,1106.74,1,167,active,2026-08-18T10:00:00+05:30
far_669f8657,flt_c9ea34ab,economy,corporate,21671.44,3467.43,INR,15,7,1,,0,28,active,2026-08-18T10:00:00+05:30
far_e2bd9d1d,flt_c9ea34ab,economy,saver,17337.15,2773.94,INR,15,7,0,,0,100,active,2026-08-18T10:00:00+05:30
far_5b0868a5,flt_c9ea34ab,business,saver,53745.16,8599.23,INR,30,7,0,6449.42,0,33,active,2026-08-18T10:00:00+05:30
far_ce5a4689,flt_c9ea34ab,business,promo,47637.75,7622.04,INR,30,7,0,,0,32,active,2026-08-18T10:00:00+05:30
far_43d4ab8e,flt_8ec09df3,economy,standard,9271.16,1483.39,INR,15,7,0,,0,43,active,2026-08-18T10:00:00+05:30
far_af82ae7c,flt_8ec09df3,economy,promo,7231.51,1157.04,INR,15,7,0,867.78,0,100,active,2026-08-18T10:00:00+05:30
far_a2191004,flt_8ec09df3,business,corporate,31614.66,5058.35,INR,30,7,1,3793.76,0,11,active,2026-08-18T10:00:00+05:30
far_05fefe0f,flt_8ec09df3,business,promo,22417.67,3586.83,INR,30,7,0,,0,34,active,2026-08-18T10:00:00+05:30
far_8885be7a,flt_4f56ff6a,economy,corporate,7875.89,1260.14,INR,15,7,1,,0,91,active,2026-08-18T10:00:00+05:30
far_16b289fe,flt_4f56ff6a,economy,promo,5584.72,893.55,INR,15,7,0,,0,160,active,2026-08-18T10:00:00+05:30
far_1695467a,flt_4f56ff6a,business,standard,22195.68,3551.31,INR,30,7,0,2663.48,0,5,active,2026-08-18T10:00:00+05:30
far_443a12ad,flt_4f56ff6a,business,corporate,24415.24,3906.44,INR,30,7,1,2929.83,0,28,active,2026-08-18T10:00:00+05:30
far_57b2d6c9,flt_3743a395,economy,promo,276.96,44.31,AED,15,7,0,33.24,0,157,active,2026-08-18T10:00:00+05:30
far_0f689401,flt_9d4eb698,economy,corporate,7305.78,1168.92,INR,15,7,1,876.69,0,143,active,2026-08-18T10:00:00+05:30
far_88f18831,flt_9d4eb698,economy,standard,6641.62,1062.66,INR,15,7,0,,0,75,active,2026-08-18T10:00:00+05:30
far_503a6810,flt_9d4eb698,business,corporate,22647.92,3623.67,INR,30,7,1,,0,16,active,2026-08-18T10:00:00+05:30
far_b5e66085,flt_9d4eb698,business,saver,18118.33,2898.93,INR,30,7,0,2174.20,0,34,active,2026-08-18T10:00:00+05:30
far_b90ce787,flt_c1431663,economy,corporate,3520.90,563.34,THB,15,7,1,422.51,0,130,active,2026-08-18T10:00:00+05:30
far_228102c0,flt_c1431663,economy,standard,3200.82,512.13,THB,15,7,0,384.10,0,113,active,2026-08-18T10:00:00+05:30
far_b74d63f7,flt_c1431663,business,standard,9922.53,1587.60,THB,30,7,0,1190.70,0,8,active,2026-08-18T10:00:00+05:30
far_812edc32,flt_c1431663,business,promo,7739.57,1238.33,THB,30,7,0,,0,5,active,2026-08-18T10:00:00+05:30
far_b4644eaf,flt_35c10f06,economy,standard,5773.25,923.72,INR,15,7,0,,0,120,active,2026-08-18T10:00:00+05:30
far_fd845939,flt_35c10f06,economy,promo,4503.14,720.50,INR,15,7,0,540.38,0,107,active,2026-08-18T10:00:00+05:30
far_6b91dea5,flt_35c10f06,business,promo,13959.72,2233.56,INR,30,7,0,,0,34,active,2026-08-18T10:00:00+05:30
far_e321d1f5,flt_35c10f06,business,saver,15749.43,2519.91,INR,30,7,0,,0,12,active,2026-08-18T10:00:00+05:30
far_2947a30b,flt_edd7a00c,economy,saver,6183.29,989.33,INR,15,7,0,741.99,0,56,active,2026-08-18T10:00:00+05:30
far_69eeeedd,flt_edd7a00c,economy,promo,5480.64,876.90,INR,15,7,0,,0,31,active,2026-08-18T10:00:00+05:30
far_7b8a7e0b,flt_edd7a00c,business,saver,19168.20,3066.91,INR,30,7,0,,0,18,active,2026-08-18T10:00:00+05:30
far_4cc9929f,flt_edd7a00c,business,flex,26574.09,4251.85,INR,30,7,1,,1,6,active,2026-08-18T10:00:00+05:30
far_d1d02ef3,flt_ac0c58fc,economy,promo,8548.40,1367.74,INR,15,7,0,,0,95,active,2026-08-18T10:00:00+05:30
far_f54058da,flt_ac0c58fc,economy,standard,10959.48,1753.52,INR,15,7,0,1315.14,0,34,active,2026-08-18T10:00:00+05:30
far_79cac156,flt_ac0c58fc,business,saver,29897.47,4783.59,INR,30,7,0,3587.70,0,33,active,2026-08-18T10:00:00+05:30
far_2f6b2435,flt_ac0c58fc,business,flex,41448.76,6631.80,INR,30,7,1,,1,5,active,2026-08-18T10:00:00+05:30
far_54e6f90f,flt_f9d57a15,economy,promo,809.40,129.50,AED,15,7,0,97.13,0,42,active,2026-08-18T10:00:00+05:30
far_c0338c77,flt_f9d57a15,economy,saver,913.17,146.11,AED,15,7,0,,0,40,active,2026-08-18T10:00:00+05:30
far_ae291bd9,flt_f9d57a15,business,standard,3216.86,514.70,AED,30,7,0,386.02,0,32,active,2026-08-18T10:00:00+05:30
far_f9caa541,flt_f9d57a15,business,corporate,3538.55,566.17,AED,30,7,1,,0,4,active,2026-08-18T10:00:00+05:30
far_22ece642,flt_7f51b458,economy,promo,2228.53,356.57,INR,15,7,0,267.42,0,151,active,2026-08-18T10:00:00+05:30
far_add9e2c4,flt_7f51b458,economy,standard,2857.09,457.13,INR,15,7,0,342.85,0,129,active,2026-08-18T10:00:00+05:30
far_eb86ded6,flt_7f51b458,business,flex,10805.52,1728.88,INR,30,7,1,1296.66,1,18,active,2026-08-18T10:00:00+05:30
far_2cf511de,flt_7f51b458,business,standard,8856.99,1417.12,INR,30,7,0,,0,23,active,2026-08-18T10:00:00+05:30
far_342fa0bd,flt_207fad56,economy,flex,5474.28,875.88,INR,15,7,1,656.91,1,55,active,2026-08-18T10:00:00+05:30
far_72205418,flt_207fad56,economy,promo,3499.95,559.99,INR,15,7,0,,0,20,active,2026-08-18T10:00:00+05:30
far_96bce4ce,flt_207fad56,business,standard,13910.05,2225.61,INR,30,7,0,1669.21,0,8,active,2026-08-18T10:00:00+05:30
far_7d4c3e2f,flt_207fad56,business,saver,12240.84,1958.53,INR,30,7,0,1468.90,0,7,active,2026-08-18T10:00:00+05:30
far_db26654a,flt_274fedb7,economy,saver,23851.49,3816.24,INR,15,7,0,,0,22,active,2026-08-18T10:00:00+05:30
far_6238452c,flt_274fedb7,economy,promo,21141.10,3382.58,INR,15,7,0,,0,120,active,2026-08-18T10:00:00+05:30
far_69aa7f68,flt_274fedb7,business,saver,73939.63,11830.34,INR,30,7,0,8872.76,0,9,active,2026-08-18T10:00:00+05:30
far_897a1a9d,flt_274fedb7,business,standard,84022.31,13443.57,INR,30,7,0,10082.68,0,12,active,2026-08-18T10:00:00+05:30
far_799ddaa3,flt_b37f7b50,economy,standard,10271.64,1643.46,INR,15,7,0,,0,158,active,2026-08-18T10:00:00+05:30
far_dca96f8e,flt_2e3bce03,economy,saver,3690.86,590.54,INR,15,7,0,442.90,0,88,active,2026-08-18T10:00:00+05:30
far_b0c1c942,flt_2e3bce03,economy,promo,3271.45,523.43,INR,15,7,0,,0,63,active,2026-08-18T10:00:00+05:30
far_34531eb7,flt_2e3bce03,business,corporate,14302.10,2288.34,INR,30,7,1,,0,11,active,2026-08-18T10:00:00+05:30
far_8c5b8154,flt_2e3bce03,business,promo,10141.49,1622.64,INR,30,7,0,,0,9,active,2026-08-18T10:00:00+05:30
far_43708a89,flt_26d69359,economy,corporate,441.95,70.71,MYR,15,7,1,53.03,0,121,active,2026-08-18T10:00:00+05:30
far_0be59184,flt_26d69359,economy,saver,353.56,56.57,MYR,15,7,0,,0,97,active,2026-08-18T10:00:00+05:30
far_efcd9f4b,flt_26d69359,business,flex,1519.50,243.12,MYR,30,7,1,182.34,1,8,active,2026-08-18T10:00:00+05:30
far_206a3c7a,flt_26d69359,business,standard,1245.49,199.28,MYR,30,7,0,149.46,0,4,active,2026-08-18T10:00:00+05:30
far_68eca6a9,flt_a524a0da,economy,flex,3690.95,590.55,INR,15,7,1,442.91,1,93,active,2026-08-18T10:00:00+05:30
far_27fefbf9,flt_cfea3950,economy,promo,474.93,75.99,MYR,15,7,0,56.99,0,153,active,2026-08-18T10:00:00+05:30
far_bc40c66b,flt_d6109f84,economy,promo,15273.68,2443.79,INR,15,7,0,,0,70,active,2026-08-18T10:00:00+05:30
far_24a512d9,flt_d6109f84,economy,standard,19581.64,3133.06,INR,15,7,0,,0,37,active,2026-08-18T10:00:00+05:30
far_e430deca,flt_d6109f84,business,corporate,66773.39,10683.74,INR,30,7,1,8012.81,0,15,active,2026-08-18T10:00:00+05:30
far_22ea9cef,flt_d6109f84,business,standard,60703.08,9712.49,INR,30,7,0,,0,7,active,2026-08-18T10:00:00+05:30
far_36b54b8b,flt_a83dc076,economy,standard,1985196.99,317631.52,IDR,15,7,0,238223.64,0,120,active,2026-08-18T10:00:00+05:30
far_5346b2e0,flt_a83dc076,economy,promo,1548453.65,247752.58,IDR,15,7,0,185814.44,0,63,active,2026-08-18T10:00:00+05:30
far_5cc84243,flt_a83dc076,business,standard,6154110.68,984657.71,IDR,30,7,0,,0,17,active,2026-08-18T10:00:00+05:30
far_1592fa53,flt_a83dc076,business,flex,7508015.02,1201282.40,IDR,30,7,1,900961.80,1,12,active,2026-08-18T10:00:00+05:30
far_d977e49f,flt_8c9055c6,economy,saver,8160.90,1305.74,INR,15,7,0,,0,46,active,2026-08-18T10:00:00+05:30
far_b7a05e5d,flt_8c9055c6,economy,promo,7233.52,1157.36,INR,15,7,0,868.02,0,155,active,2026-08-18T10:00:00+05:30
far_c8d22607,flt_8c9055c6,business,flex,35073.32,5611.73,INR,30,7,1,,1,28,active,2026-08-18T10:00:00+05:30
far_17008ff7,flt_8c9055c6,business,promo,22423.92,3587.83,INR,30,7,0,2690.87,0,34,active,2026-08-18T10:00:00+05:30
far_14dcb1e3,flt_c34c8640,economy,promo,2363.88,378.22,INR,15,7,0,,0,166,active,2026-08-18T10:00:00+05:30
far_4df5e34c,flt_c34c8640,economy,saver,2666.95,426.71,INR,15,7,0,320.03,0,64,active,2026-08-18T10:00:00+05:30
far_09c04a70,flt_c34c8640,business,promo,7328.04,1172.49,INR,30,7,0,879.36,0,10,active,2026-08-18T10:00:00+05:30
far_fc52f63f,flt_c34c8640,business,flex,11461.81,1833.89,INR,30,7,1,1375.42,1,13,active,2026-08-18T10:00:00+05:30
far_6ddc2923,flt_3577d6a1,economy,saver,1745.78,279.32,INR,15,7,0,,0,134,active,2026-08-18T10:00:00+05:30
far_594aa588,flt_3577d6a1,economy,flex,2420.29,387.25,INR,15,7,1,,1,74,active,2026-08-18T10:00:00+05:30
far_b1acd384,flt_3577d6a1,business,saver,5411.92,865.91,INR,30,7,0,649.43,0,34,active,2026-08-18T10:00:00+05:30
far_dc599e7a,flt_3577d6a1,business,corporate,6764.90,1082.38,INR,30,7,1,,0,33,active,2026-08-18T10:00:00+05:30
far_565718a4,flt_38992d0c,economy,corporate,5638.29,902.13,INR,15,7,1,,0,108,active,2026-08-18T10:00:00+05:30
far_e7e2c326,flt_38992d0c,economy,flex,6253.38,1000.54,INR,15,7,1,750.41,1,83,active,2026-08-18T10:00:00+05:30
far_ebae5464,flt_38992d0c,business,flex,19385.47,3101.67,INR,30,7,1,2326.26,1,35,active,2026-08-18T10:00:00+05:30
far_e8708252,flt_38992d0c,business,saver,13982.96,2237.27,INR,30,7,0,1677.96,0,30,active,2026-08-18T10:00:00+05:30
far_38e81a2e,flt_20b818ff,economy,standard,3289.19,526.27,INR,15,7,0,394.70,0,30,active,2026-08-18T10:00:00+05:30
far_0a9cbcde,flt_20b818ff,economy,flex,4012.81,642.05,INR,15,7,1,481.54,1,87,active,2026-08-18T10:00:00+05:30
far_b84c7a24,flt_20b818ff,business,standard,10196.48,1631.44,INR,30,7,0,1223.58,0,34,active,2026-08-18T10:00:00+05:30
far_af10cc06,flt_20b818ff,business,saver,8972.90,1435.66,INR,30,7,0,1076.75,0,8,active,2026-08-18T10:00:00+05:30
far_59bb21ca,flt_db472f3d,economy,promo,4189.08,670.25,THB,15,7,0,502.69,0,136,active,2026-08-18T10:00:00+05:30
far_f8af8bf7,flt_db472f3d,economy,flex,6552.16,1048.34,THB,15,7,1,,1,128,active,2026-08-18T10:00:00+05:30
far_e81ed976,flt_db472f3d,business,saver,14651.05,2344.17,THB,30,7,0,,0,37,active,2026-08-18T10:00:00+05:30
far_38d9ffc2,flt_db472f3d,business,corporate,18313.81,2930.21,THB,30,7,1,2197.66,0,15,active,2026-08-18T10:00:00+05:30
far_9f3b6703,flt_d2648777,economy,standard,3279.33,524.69,INR,15,7,0,,0,28,active,2026-08-18T10:00:00+05:30
far_aa9a89fa,flt_d2648777,economy,saver,2885.81,461.73,INR,15,7,0,,0,32,active,2026-08-18T10:00:00+05:30
far_51d3819d,flt_d2648777,business,corporate,11182.51,1789.20,INR,30,7,1,1341.90,0,4,active,2026-08-18T10:00:00+05:30
far_faf9cdf1,flt_d2648777,business,standard,10165.92,1626.55,INR,30,7,0,1219.91,0,20,active,2026-08-18T10:00:00+05:30
far_dc32cff8,flt_cd007532,economy,promo,3824.37,611.90,INR,15,7,0,458.92,0,69,active,2026-08-18T10:00:00+05:30
far_fb133ede,flt_cd007532,economy,saver,4314.67,690.35,INR,15,7,0,,0,101,active,2026-08-18T10:00:00+05:30
far_cea422d3,flt_cd007532,business,saver,13375.49,2140.08,INR,30,7,0,1605.06,0,24,active,2026-08-18T10:00:00+05:30
far_63155459,flt_cd007532,business,corporate,16719.37,2675.10,INR,30,7,1,2006.32,0,8,active,2026-08-18T10:00:00+05:30
far_198d76c4,flt_9038a241,economy,saver,4662.47,746.00,INR,15,7,0,559.50,0,22,active,2026-08-18T10:00:00+05:30
far_8eb08b3f,flt_9038a241,economy,standard,5298.26,847.72,INR,15,7,0,635.79,0,164,active,2026-08-18T10:00:00+05:30
far_36593752,flt_9038a241,business,saver,14453.66,2312.59,INR,30,7,0,1734.44,0,38,active,2026-08-18T10:00:00+05:30
far_93d2c85d,flt_9038a241,business,corporate,18067.07,2890.73,INR,30,7,1,2168.05,0,23,active,2026-08-18T10:00:00+05:30
far_aa192ae5,flt_887452a2,economy,promo,3799.08,607.85,THB,15,7,0,455.89,0,93,active,2026-08-18T10:00:00+05:30
far_02f98113,flt_887452a2,economy,standard,4870.62,779.30,THB,15,7,0,584.47,0,154,active,2026-08-18T10:00:00+05:30
far_3c9bce90,flt_887452a2,business,flex,18420.67,2947.31,THB,30,7,1,2210.48,1,21,active,2026-08-18T10:00:00+05:30
far_872238bd,flt_887452a2,business,standard,15098.91,2415.83,THB,30,7,0,1811.87,0,12,active,2026-08-18T10:00:00+05:30
far_f0f58d59,flt_7cfcd04e,economy,standard,1511.64,241.86,AED,15,7,0,,0,152,active,2026-08-18T10:00:00+05:30
far_60916839,flt_7cfcd04e,economy,promo,1179.08,188.65,AED,15,7,0,,0,87,active,2026-08-18T10:00:00+05:30
far_a7e15a1d,flt_7cfcd04e,business,flex,5717.03,914.72,AED,30,7,1,686.04,1,18,active,2026-08-18T10:00:00+05:30
far_0c60f16a,flt_7cfcd04e,business,saver,4123.76,659.80,AED,30,7,0,494.85,0,19,active,2026-08-18T10:00:00+05:30
far_89601610,flt_fc553899,economy,flex,6206.51,993.04,INR,15,7,1,,1,135,active,2026-08-18T10:00:00+05:30
far_8b52fef3,flt_fc553899,economy,corporate,5596.04,895.37,INR,15,7,1,671.52,0,67,active,2026-08-18T10:00:00+05:30
far_e2f69b8f,flt_fc553899,business,saver,13878.17,2220.51,INR,30,7,0,,0,22,active,2026-08-18T10:00:00+05:30
far_7f988a67,flt_fc553899,business,standard,15770.65,2523.30,INR,30,7,0,,0,35,active,2026-08-18T10:00:00+05:30
far_fa735511,flt_b18da485,economy,flex,249.42,39.91,SGD,15,7,1,,1,70,active,2026-08-18T10:00:00+05:30
far_64682876,flt_b18da485,economy,corporate,224.89,35.98,SGD,15,7,1,26.99,0,94,active,2026-08-18T10:00:00+05:30
far_08126d80,flt_b18da485,business,promo,494.34,79.09,SGD,30,7,0,,0,14,active,2026-08-18T10:00:00+05:30
far_b8b0336d,flt_b18da485,business,standard,633.77,101.40,SGD,30,7,0,76.05,0,18,active,2026-08-18T10:00:00+05:30
far_acb768fd,flt_1bf0bc9c,economy,flex,7227.79,1156.45,INR,15,7,1,,1,102,active,2026-08-18T10:00:00+05:30
far_7963e337,flt_1bf0bc9c,economy,corporate,6516.86,1042.70,INR,15,7,1,782.02,0,82,active,2026-08-18T10:00:00+05:30
far_3e4746af,flt_1bf0bc9c,business,promo,14325.25,2292.04,INR,30,7,0,,0,12,active,2026-08-18T10:00:00+05:30
far_33991234,flt_1bf0bc9c,business,standard,18365.70,2938.51,INR,30,7,0,2203.88,0,12,active,2026-08-18T10:00:00+05:30
far_a2f12938,flt_621df9f1,economy,flex,33972.05,5435.53,INR,15,7,1,4076.65,1,102,active,2026-08-18T10:00:00+05:30
far_d00829fc,flt_621df9f1,economy,corporate,30630.54,4900.89,INR,15,7,1,,0,37,active,2026-08-18T10:00:00+05:30
far_6aea1626,flt_621df9f1,business,corporate,94954.67,15192.75,INR,30,7,1,,0,4,active,2026-08-18T10:00:00+05:30
far_c1b70033,flt_621df9f1,business,flex,105313.37,16850.14,INR,30,7,1,12637.60,1,7,active,2026-08-18T10:00:00+05:30
far_326651a3,flt_8b965a90,economy,corporate,3880.13,620.82,INR,15,7,1,,0,21,active,2026-08-18T10:00:00+05:30
far_8ea80339,flt_855c9c9f,economy,promo,5878.90,940.62,INR,15,7,0,705.47,0,137,active,2026-08-18T10:00:00+05:30
far_5ebd33ad,flt_855c9c9f,economy,saver,6632.61,1061.22,INR,15,7,0,795.91,0,107,active,2026-08-18T10:00:00+05:30
far_23c75b7d,flt_855c9c9f,business,standard,23364.87,3738.38,INR,30,7,0,2803.78,0,38,active,2026-08-18T10:00:00+05:30
far_837fa0d1,flt_855c9c9f,business,flex,28505.14,4560.82,INR,30,7,1,,1,12,active,2026-08-18T10:00:00+05:30
far_fa9642d4,flt_18f07774,economy,corporate,9601.00,1536.16,INR,15,7,1,,0,132,active,2026-08-18T10:00:00+05:30
far_76b2dd28,flt_18f07774,economy,flex,10648.38,1703.74,INR,15,7,1,1277.81,1,32,active,2026-08-18T10:00:00+05:30
far_aaab97cb,flt_18f07774,business,promo,21104.75,3376.76,INR,30,7,0,2532.57,0,14,active,2026-08-18T10:00:00+05:30
far_09bc75d8,flt_18f07774,business,corporate,29763.10,4762.10,INR,30,7,1,,0,22,active,2026-08-18T10:00:00+05:30
far_90d4c442,flt_7e9f9e42,economy,standard,14446.89,2311.50,INR,15,7,0,,0,115,active,2026-08-18T10:00:00+05:30
far_1c4982e7,flt_7e9f9e42,economy,flex,17625.20,2820.03,INR,15,7,1,2115.02,1,74,active,2026-08-18T10:00:00+05:30
far_d03b5ede,flt_7e9f9e42,business,saver,39411.11,6305.78,INR,30,7,0,4729.33,0,25,active,2026-08-18T10:00:00+05:30
far_d7cdec9e,flt_7e9f9e42,business,corporate,49263.89,7882.22,INR,30,7,1,5911.67,0,35,active,2026-08-18T10:00:00+05:30
far_46928c44,flt_8033e302,economy,standard,4003.44,640.55,THB,15,7,0,480.41,0,67,active,2026-08-18T10:00:00+05:30
far_f12c1c16,flt_8033e302,economy,corporate,4403.78,704.60,THB,15,7,1,528.45,0,129,active,2026-08-18T10:00:00+05:30
far_d049042c,flt_8033e302,business,corporate,13651.71,2184.27,THB,30,7,1,1638.21,0,35,active,2026-08-18T10:00:00+05:30
far_f8ec0e16,flt_8033e302,business,standard,12410.65,1985.70,THB,30,7,0,,0,21,active,2026-08-18T10:00:00+05:30
far_8bad8b99,flt_b387b9e0,economy,promo,233.63,37.38,SGD,15,7,0,28.04,0,108,active,2026-08-18T10:00:00+05:30
far_fc3f0d69,flt_b387b9e0,economy,flex,365.42,58.47,SGD,15,7,1,43.85,1,92,active,2026-08-18T10:00:00+05:30
far_0915d342,flt_b387b9e0,business,standard,928.54,148.57,SGD,30,7,0,111.42,0,39,active,2026-08-18T10:00:00+05:30
far_d87d03fe,flt_b387b9e0,business,corporate,1021.39,163.42,SGD,30,7,1,122.57,0,10,active,2026-08-18T10:00:00+05:30
far_8fa3fbd5,flt_5085c418,economy,corporate,6195.58,991.29,INR,15,7,1,,0,68,active,2026-08-18T10:00:00+05:30
far_25becac8,flt_579d9faa,economy,flex,5943.66,950.99,INR,15,7,1,713.24,1,22,active,2026-08-18T10:00:00+05:30
far_755800b7,flt_579d9faa,economy,corporate,5359.04,857.45,INR,15,7,1,,0,92,active,2026-08-18T10:00:00+05:30
far_170de438,flt_579d9faa,business,saver,13290.41,2126.47,INR,30,7,0,1594.85,0,28,active,2026-08-18T10:00:00+05:30
far_9121bfe1,flt_579d9faa,business,corporate,16613.02,2658.08,INR,30,7,1,,0,32,active,2026-08-18T10:00:00+05:30
far_8e102d1e,flt_69464b2b,economy,corporate,790.26,126.44,MYR,15,7,1,94.83,0,165,active,2026-08-18T10:00:00+05:30
far_946156ab,flt_69464b2b,economy,promo,560.37,89.66,MYR,15,7,0,,0,117,active,2026-08-18T10:00:00+05:30
far_58dc8073,flt_69464b2b,business,saver,1959.85,313.58,MYR,30,7,0,,0,36,active,2026-08-18T10:00:00+05:30
far_bfb6e5ea,flt_69464b2b,business,corporate,2449.82,391.97,MYR,30,7,1,,0,24,active,2026-08-18T10:00:00+05:30
far_3c58ff46,flt_44f8561a,economy,standard,212.41,33.98,SGD,15,7,0,25.49,0,23,active,2026-08-18T10:00:00+05:30
far_94f207b6,flt_21af6521,economy,corporate,5348.16,855.71,THB,15,7,1,641.78,0,151,active,2026-08-18T10:00:00+05:30
far_3e95c890,flt_21af6521,economy,promo,3792.33,606.77,THB,15,7,0,455.08,0,45,active,2026-08-18T10:00:00+05:30
far_8f7519be,flt_21af6521,business,corporate,16579.30,2652.69,THB,30,7,1,,0,37,active,2026-08-18T10:00:00+05:30
far_5c511607,flt_21af6521,business,standard,15072.09,2411.53,THB,30,7,0,1808.65,0,31,active,2026-08-18T10:00:00+05:30
far_0a6c6085,flt_238c6bd5,economy,corporate,5987.53,958.01,INR,15,7,1,718.50,0,159,active,2026-08-18T10:00:00+05:30
far_57cc9e18,flt_238c6bd5,economy,standard,5443.21,870.91,INR,15,7,0,,0,45,active,2026-08-18T10:00:00+05:30
far_84cb069d,flt_238c6bd5,business,promo,13161.69,2105.87,INR,30,7,0,1579.40,0,22,active,2026-08-18T10:00:00+05:30
far_b61aef6a,flt_238c6bd5,business,saver,14849.09,2375.85,INR,30,7,0,,0,39,active,2026-08-18T10:00:00+05:30
far_9a29ce0d,flt_fe1bc4a5,economy,standard,20718.21,3314.91,INR,15,7,0,2486.18,0,125,active,2026-08-18T10:00:00+05:30
far_7ab14a3e,flt_fe1bc4a5,economy,corporate,22790.03,3646.40,INR,15,7,1,,0,87,active,2026-08-18T10:00:00+05:30
far_94f19516,flt_fe1bc4a5,business,saver,56519.27,9043.08,INR,30,7,0,,0,22,active,2026-08-18T10:00:00+05:30
far_9b9944b1,flt_fe1bc4a5,business,promo,50096.62,8015.46,INR,30,7,0,6011.59,0,17,active,2026-08-18T10:00:00+05:30
far_9633ec95,flt_cc59b76b,economy,promo,8426.63,1348.26,INR,15,7,0,,0,168,active,2026-08-18T10:00:00+05:30
far_69821071,flt_cc59b76b,economy,corporate,11883.70,1901.39,INR,15,7,1,,0,48,active,2026-08-18T10:00:00+05:30
far_0b112c10,flt_cc59b76b,business,flex,40858.34,6537.33,INR,30,7,1,4903.00,1,39,active,2026-08-18T10:00:00+05:30
far_7bbf0e86,flt_cc59b76b,business,saver,29471.59,4715.45,INR,30,7,0,3536.59,0,6,active,2026-08-18T10:00:00+05:30
far_27599aa1,flt_fbc9d39e,economy,corporate,6414.95,1026.39,INR,15,7,1,769.79,0,75,active,2026-08-18T10:00:00+05:30
far_7d782f36,flt_fbc9d39e,economy,flex,7114.76,1138.36,INR,15,7,1,,1,125,active,2026-08-18T10:00:00+05:30
far_a2a7dd21,flt_fbc9d39e,business,saver,15909.08,2545.45,INR,30,7,0,1909.09,0,37,active,2026-08-18T10:00:00+05:30
far_c49d4115,flt_fbc9d39e,business,standard,18078.50,2892.56,INR,30,7,0,,0,20,active,2026-08-18T10:00:00+05:30
far_bcca9bac,flt_f2ccf014,economy,corporate,1589.67,254.35,INR,15,7,1,190.76,0,152,active,2026-08-18T10:00:00+05:30
far_2ad67de6,flt_f2ccf014,economy,standard,1445.16,231.23,INR,15,7,0,,0,157,active,2026-08-18T10:00:00+05:30
far_a6fed9ba,flt_f2ccf014,business,flex,5465.58,874.49,INR,30,7,1,655.87,1,15,active,2026-08-18T10:00:00+05:30
far_c50585e7,flt_f2ccf014,business,standard,4479.99,716.80,INR,30,7,0,,0,31,active,2026-08-18T10:00:00+05:30
far_9995d8e8,flt_ddeb1b08,economy,promo,513.08,82.09,MYR,15,7,0,,0,146,active,2026-08-18T10:00:00+05:30
far_fdc3feed,flt_ddeb1b08,economy,saver,578.86,92.62,MYR,15,7,0,69.46,0,88,active,2026-08-18T10:00:00+05:30
far_38546040,flt_ddeb1b08,business,corporate,2243.09,358.89,MYR,30,7,1,269.17,0,24,active,2026-08-18T10:00:00+05:30
far_325227d2,flt_ddeb1b08,business,flex,2487.79,398.05,MYR,30,7,1,298.54,1,37,active,2026-08-18T10:00:00+05:30
far_3b576c85,flt_2a17735a,economy,standard,239.39,38.30,SGD,15,7,0,28.73,0,112,active,2026-08-18T10:00:00+05:30
far_a605b774,flt_2a17735a,economy,corporate,263.33,42.13,SGD,15,7,1,31.60,0,20,active,2026-08-18T10:00:00+05:30
far_368758bb,flt_2a17735a,business,standard,742.10,118.74,SGD,30,7,0,89.05,0,13,active,2026-08-18T10:00:00+05:30
far_38e46632,flt_2a17735a,business,promo,578.84,92.61,SGD,30,7,0,,0,4,active,2026-08-18T10:00:00+05:30
far_93e8f3a4,flt_5bf14a9e,economy,saver,5385.51,861.68,INR,15,7,0,646.26,0,142,active,2026-08-18T10:00:00+05:30
far_6005734f,flt_5bf14a9e,economy,corporate,6731.89,1077.10,INR,15,7,1,,0,125,active,2026-08-18T10:00:00+05:30
far_58c1356f,flt_5bf14a9e,business,flex,23145.46,3703.27,INR,30,7,1,,1,17,active,2026-08-18T10:00:00+05:30
far_b1b820c6,flt_5bf14a9e,business,saver,16695.09,2671.21,INR,30,7,0,2003.41,0,32,active,2026-08-18T10:00:00+05:30
far_99dec751,flt_0bc8517c,economy,promo,4694.93,751.19,THB,15,7,0,,0,126,active,2026-08-18T10:00:00+05:30
far_300c617b,flt_0bc8517c,economy,corporate,6621.06,1059.37,THB,15,7,1,794.53,0,112,active,2026-08-18T10:00:00+05:30
far_0d5f78b1,flt_0bc8517c,business,promo,14554.30,2328.69,THB,30,7,0,1746.52,0,35,active,2026-08-18T10:00:00+05:30
far_c279bc54,flt_0bc8517c,business,flex,22764.41,3642.31,THB,30,7,1,,1,11,active,2026-08-18T10:00:00+05:30
far_69aa3e72,flt_52aabe3b,economy,flex,4885.71,781.71,INR,15,7,1,,1,65,active,2026-08-18T10:00:00+05:30
far_d46d460a,flt_9ce5d9d0,economy,saver,6676.95,1068.31,INR,15,7,0,801.23,0,140,active,2026-08-18T10:00:00+05:30
far_22817994,flt_9ce5d9d0,economy,flex,9256.69,1481.07,INR,15,7,1,1110.80,1,28,active,2026-08-18T10:00:00+05:30
far_ccd11fc4,flt_9ce5d9d0,business,promo,18346.45,2935.43,INR,30,7,0,2201.57,0,21,active,2026-08-18T10:00:00+05:30
far_877f0f20,flt_9ce5d9d0,business,saver,20698.56,3311.77,INR,30,7,0,2483.83,0,34,active,2026-08-18T10:00:00+05:30
far_570cc0bd,flt_f79540a3,economy,corporate,29626.46,4740.23,INR,15,7,1,3555.18,0,37,active,2026-08-18T10:00:00+05:30
far_c5435536,flt_f79540a3,economy,standard,26933.15,4309.30,INR,15,7,0,3231.98,0,109,active,2026-08-18T10:00:00+05:30
far_6a114e79,flt_f79540a3,business,saver,73473.63,11755.78,INR,30,7,0,,0,18,active,2026-08-18T10:00:00+05:30
far_61a9adb9,flt_f79540a3,business,flex,101861.17,16297.79,INR,30,7,1,,1,38,active,2026-08-18T10:00:00+05:30
far_2c1d1bd4,flt_2170a1d6,economy,saver,14035.60,2245.70,INR,15,7,0,1684.27,0,124,active,2026-08-18T10:00:00+05:30
far_e4d7de1e,flt_2170a1d6,economy,flex,19458.45,3113.35,INR,15,7,1,2335.01,1,115,active,2026-08-18T10:00:00+05:30
far_e1f81cb2,flt_2170a1d6,business,standard,49443.60,7910.98,INR,30,7,0,5933.23,0,10,active,2026-08-18T10:00:00+05:30
far_10404e56,flt_2170a1d6,business,corporate,54387.96,8702.07,INR,30,7,1,,0,17,active,2026-08-18T10:00:00+05:30
far_a5e033f6,flt_fe8bba88,economy,saver,753.69,120.59,MYR,15,7,0,90.44,0,105,active,2026-08-18T10:00:00+05:30
far_4a882332,flt_fe8bba88,economy,corporate,942.12,150.74,MYR,15,7,1,113.05,0,83,active,2026-08-18T10:00:00+05:30
far_c30574a7,flt_fe8bba88,business,flex,3239.17,518.27,MYR,30,7,1,,1,4,active,2026-08-18T10:00:00+05:30
far_a468a546,flt_fe8bba88,business,corporate,2920.57,467.29,MYR,30,7,1,,0,19,active,2026-08-18T10:00:00+05:30
far_5f1b4c70,flt_53938328,economy,flex,2072.70,331.63,AED,15,7,1,,1,62,active,2026-08-18T10:00:00+05:30
far_8f3c9db5,flt_53938328,economy,saver,1495.06,239.21,AED,15,7,0,179.41,0,37,active,2026-08-18T10:00:00+05:30
far_4e1bb4b9,flt_53938328,business,flex,6425.38,1028.06,AED,30,7,1,771.05,1,24,active,2026-08-18T10:00:00+05:30
far_3c565bc6,flt_53938328,business,standard,5266.70,842.67,AED,30,7,0,632.00,0,30,active,2026-08-18T10:00:00+05:30
far_9a4488fd,flt_8eb063de,economy,saver,4867.31,778.77,INR,15,7,0,584.08,0,131,active,2026-08-18T10:00:00+05:30
far_35379f2b,flt_8eb063de,economy,corporate,6084.14,973.46,INR,15,7,1,730.10,0,30,active,2026-08-18T10:00:00+05:30
far_824c197f,flt_8eb063de,business,corporate,18860.82,3017.73,INR,30,7,1,2263.30,0,33,active,2026-08-18T10:00:00+05:30
far_be02dd6a,flt_8eb063de,business,flex,20918.37,3346.94,INR,30,7,1,2510.20,1,16,active,2026-08-18T10:00:00+05:30
far_e3eb192c,flt_11f8150b,economy,promo,4295.97,687.36,INR,15,7,0,515.52,0,165,active,2026-08-18T10:00:00+05:30
far_b512c63c,flt_11f8150b,economy,saver,4846.74,775.48,INR,15,7,0,,0,82,active,2026-08-18T10:00:00+05:30
far_f7ae00dd,flt_11f8150b,business,flex,20829.97,3332.80,INR,30,7,1,2499.60,1,21,active,2026-08-18T10:00:00+05:30
far_ae7682d2,flt_11f8150b,business,promo,13317.52,2130.80,INR,30,7,0,1598.10,0,31,active,2026-08-18T10:00:00+05:30
far_f070d719,flt_85613b82,economy,standard,6585.08,1053.61,INR,15,7,0,790.21,0,49,active,2026-08-18T10:00:00+05:30
far_10b40c64,flt_85613b82,economy,flex,8033.80,1285.41,INR,15,7,1,,1,122,active,2026-08-18T10:00:00+05:30
far_8927dc3b,flt_85613b82,business,promo,15922.72,2547.64,INR,30,7,0,1910.73,0,17,active,2026-08-18T10:00:00+05:30
far_c8bbdb01,flt_85613b82,business,standard,20413.75,3266.20,INR,30,7,0,2449.65,0,38,active,2026-08-18T10:00:00+05:30
far_091bc7a1,flt_1999927a,economy,promo,6175.92,988.15,INR,15,7,0,741.11,0,61,active,2026-08-18T10:00:00+05:30
far_c743dfca,flt_1999927a,economy,flex,9659.78,1545.56,INR,15,7,1,,1,85,active,2026-08-18T10:00:00+05:30
far_ad9e55d0,flt_1999927a,business,corporate,26999.87,4319.98,INR,30,7,1,3239.98,0,38,active,2026-08-18T10:00:00+05:30
far_375d5d1e,flt_1999927a,business,standard,24545.34,3927.25,INR,30,7,0,2945.44,0,17,active,2026-08-18T10:00:00+05:30
far_2166234a,flt_7daeb3f9,economy,promo,3868.64,618.98,INR,15,7,0,464.24,0,110,active,2026-08-18T10:00:00+05:30
far_65494b90,flt_182ff673,economy,corporate,2589.62,414.34,INR,15,7,1,,0,72,active,2026-08-18T10:00:00+05:30
far_58a6431e,flt_290d0b69,economy,promo,4368342.54,698934.81,IDR,15,7,0,524201.10,0,135,active,2026-08-18T10:00:00+05:30
far_12364862,flt_290d0b69,economy,saver,4928386.45,788541.83,IDR,15,7,0,,0,111,active,2026-08-18T10:00:00+05:30
far_0125fb81,flt_290d0b69,business,standard,17361361.36,2777817.82,IDR,30,7,0,,0,8,active,2026-08-18T10:00:00+05:30
far_df58a728,flt_290d0b69,business,saver,15277998.00,2444479.68,IDR,30,7,0,,0,34,active,2026-08-18T10:00:00+05:30
far_283b4ede,flt_67c47062,economy,promo,2565.87,410.54,INR,15,7,0,307.90,0,134,active,2026-08-18T10:00:00+05:30
far_b2d053d7,flt_67c47062,economy,standard,3289.57,526.33,INR,15,7,0,,0,50,active,2026-08-18T10:00:00+05:30
far_f4b9d88b,flt_67c47062,business,saver,8973.96,1435.83,INR,30,7,0,,0,38,active,2026-08-18T10:00:00+05:30
far_d51f95bc,flt_67c47062,business,flex,12441.17,1990.59,INR,30,7,1,1492.94,1,31,active,2026-08-18T10:00:00+05:30
far_cc9214ab,flt_8644b768,economy,corporate,1560.09,249.61,INR,15,7,1,187.21,0,135,active,2026-08-18T10:00:00+05:30
far_8774e54d,flt_278b6781,economy,promo,7291.33,1166.61,INR,15,7,0,874.96,0,140,active,2026-08-18T10:00:00+05:30
far_897fd987,flt_278b6781,economy,corporate,10282.64,1645.22,INR,15,7,1,1233.92,0,131,active,2026-08-18T10:00:00+05:30
far_f6b66c87,flt_278b6781,business,corporate,31876.19,5100.19,INR,30,7,1,,0,22,active,2026-08-18T10:00:00+05:30
far_7b1dbbb6,flt_278b6781,business,standard,28978.35,4636.54,INR,30,7,0,3477.40,0,7,active,2026-08-18T10:00:00+05:30
far_9fc27fdb,flt_5fafc00f,economy,standard,2965.18,474.43,INR,15,7,0,,0,137,active,2026-08-18T10:00:00+05:30
far_63be29e1,flt_5fafc00f,economy,flex,3617.52,578.80,INR,15,7,1,434.10,1,160,active,2026-08-18T10:00:00+05:30
far_a8404e04,flt_5fafc00f,business,standard,9192.05,1470.73,INR,30,7,0,1103.05,0,32,active,2026-08-18T10:00:00+05:30
far_0953bae7,flt_5fafc00f,business,flex,11214.30,1794.29,INR,30,7,1,1345.72,1,16,active,2026-08-18T10:00:00+05:30
far_e9119f25,flt_293f7058,economy,flex,21643.56,3462.97,INR,15,7,1,2597.23,1,64,active,2026-08-18T10:00:00+05:30
far_fa12b21c,flt_293f7058,economy,corporate,19514.68,3122.35,INR,15,7,1,2341.76,0,104,active,2026-08-18T10:00:00+05:30
far_29873868,flt_293f7058,business,saver,48396.41,7743.43,INR,30,7,0,5807.57,0,37,active,2026-08-18T10:00:00+05:30
far_b1e999f9,flt_293f7058,business,standard,54995.93,8799.35,INR,30,7,0,,0,9,active,2026-08-18T10:00:00+05:30
far_06403e7b,flt_029ac0d8,economy,saver,12952.83,2072.45,INR,15,7,0,1554.34,0,48,active,2026-08-18T10:00:00+05:30
far_0f4a4d7c,flt_029ac0d8,economy,corporate,16191.03,2590.57,INR,15,7,1,,0,151,active,2026-08-18T10:00:00+05:30
far_e7090de4,flt_029ac0d8,business,standard,45629.28,7300.68,INR,30,7,0,,0,33,active,2026-08-18T10:00:00+05:30
far_08bb9054,flt_029ac0d8,business,promo,35590.83,5694.53,INR,30,7,0,,0,10,active,2026-08-18T10:00:00+05:30
far_1d9f6cf9,flt_51cbd6e7,economy,standard,16158.24,2585.32,INR,15,7,0,,0,100,active,2026-08-18T10:00:00+05:30
far_26e91625,flt_51cbd6e7,economy,saver,14219.26,2275.08,INR,15,7,0,1706.31,0,95,active,2026-08-18T10:00:00+05:30
far_62db2448,flt_51cbd6e7,business,corporate,55099.61,8815.94,INR,30,7,1,,0,16,active,2026-08-18T10:00:00+05:30
far_835ab27f,flt_51cbd6e7,business,standard,50090.56,8014.49,INR,30,7,0,6010.87,0,14,active,2026-08-18T10:00:00+05:30
far_d43aa294,flt_500cd764,economy,saver,4423.90,707.82,INR,15,7,0,530.87,0,37,active,2026-08-18T10:00:00+05:30
far_6d4a7203,flt_500cd764,economy,flex,6133.13,981.30,INR,15,7,1,735.98,1,160,active,2026-08-18T10:00:00+05:30
far_9451aa5c,flt_500cd764,business,flex,19012.69,3042.03,INR,30,7,1,2281.52,1,14,active,2026-08-18T10:00:00+05:30
far_3fd050a4,flt_500cd764,business,standard,15584.18,2493.47,INR,30,7,0,,0,31,active,2026-08-18T10:00:00+05:30
far_83a6ab07,flt_457eff6a,economy,saver,4164.67,666.35,INR,15,7,0,,0,150,active,2026-08-18T10:00:00+05:30
far_97f6a27e,flt_457eff6a,economy,standard,4732.58,757.21,INR,15,7,0,567.91,0,85,active,2026-08-18T10:00:00+05:30
far_abc7910d,flt_457eff6a,business,saver,12910.48,2065.68,INR,30,7,0,1549.26,0,17,active,2026-08-18T10:00:00+05:30
far_7a84a1d3,flt_457eff6a,business,flex,17898.63,2863.78,INR,30,7,1,2147.84,1,8,active,2026-08-18T10:00:00+05:30
far_ac4af5bc,flt_ba1e1ba5,economy,corporate,5271844.93,843495.19,IDR,15,7,1,632621.39,0,158,active,2026-08-18T10:00:00+05:30
far_35a1d9bc,flt_ba1e1ba5,economy,standard,4792586.30,766813.81,IDR,15,7,0,575110.36,0,94,active,2026-08-18T10:00:00+05:30
far_21dcbe90,flt_ba1e1ba5,business,promo,11588473.66,1854155.79,IDR,30,7,0,1390616.84,0,34,active,2026-08-18T10:00:00+05:30
far_d50df874,flt_ba1e1ba5,business,standard,14857017.52,2377122.80,IDR,30,7,0,1782842.10,0,7,active,2026-08-18T10:00:00+05:30
far_7fa53c6d,flt_8b4ec966,economy,promo,487.32,77.97,MYR,15,7,0,58.48,0,82,active,2026-08-18T10:00:00+05:30
far_63b08866,flt_270afe71,economy,standard,13350.88,2136.14,INR,15,7,0,,0,23,active,2026-08-18T10:00:00+05:30
far_49afc9b9,flt_270afe71,economy,corporate,14685.97,2349.75,INR,15,7,1,1762.32,0,81,active,2026-08-18T10:00:00+05:30
far_ecc0525a,flt_270afe71,business,saver,36421.20,5827.39,INR,30,7,0,4370.54,0,37,active,2026-08-18T10:00:00+05:30
far_e447a52c,flt_270afe71,business,standard,41387.72,6622.04,INR,30,7,0,,0,10,active,2026-08-18T10:00:00+05:30
far_8c1afada,flt_5d32dedb,economy,standard,5969.22,955.07,INR,15,7,0,716.31,0,129,active,2026-08-18T10:00:00+05:30
far_65f90d6e,flt_5d32dedb,economy,promo,4655.99,744.96,INR,15,7,0,558.72,0,34,active,2026-08-18T10:00:00+05:30
far_80849d32,flt_5d32dedb,business,flex,22575.57,3612.09,INR,30,7,1,,1,30,active,2026-08-18T10:00:00+05:30
far_5feeb555,flt_5d32dedb,business,corporate,20355.02,3256.80,INR,30,7,1,2442.60,0,21,active,2026-08-18T10:00:00+05:30
far_47f0a2df,flt_1efd7a7a,economy,flex,12914.29,2066.29,INR,15,7,1,1549.71,1,81,active,2026-08-18T10:00:00+05:30
far_85fab703,flt_1efd7a7a,economy,saver,9315.22,1490.44,INR,15,7,0,1117.83,0,79,active,2026-08-18T10:00:00+05:30
far_bd6d89a5,flt_1efd7a7a,business,promo,25595.70,4095.31,INR,30,7,0,3071.48,0,4,active,2026-08-18T10:00:00+05:30
far_608dd865,flt_1efd7a7a,business,saver,28877.20,4620.35,INR,30,7,0,3465.26,0,12,active,2026-08-18T10:00:00+05:30
far_2539beed,flt_ec106aa9,economy,flex,4315.23,690.44,INR,15,7,1,,1,91,active,2026-08-18T10:00:00+05:30
far_92b2843e,flt_ec106aa9,economy,saver,3112.62,498.02,INR,15,7,0,,0,64,active,2026-08-18T10:00:00+05:30
far_336ea560,flt_ec106aa9,business,flex,13377.20,2140.35,INR,30,7,1,1605.26,1,6,active,2026-08-18T10:00:00+05:30
far_5fa4ebf7,flt_ec106aa9,business,corporate,12061.41,1929.83,INR,30,7,1,1447.37,0,23,active,2026-08-18T10:00:00+05:30
far_f9a0a6e1,flt_07945e57,economy,saver,7380.51,1180.88,INR,15,7,0,,0,45,active,2026-08-18T10:00:00+05:30
far_a035ea75,flt_07945e57,economy,standard,8386.94,1341.91,INR,15,7,0,,0,100,active,2026-08-18T10:00:00+05:30
far_19ba3377,flt_07945e57,business,corporate,28599.46,4575.91,INR,30,7,1,,0,7,active,2026-08-18T10:00:00+05:30
far_7cb659fe,flt_07945e57,business,flex,31719.40,5075.10,INR,30,7,1,,1,19,active,2026-08-18T10:00:00+05:30
far_b5dd46e7,flt_69a71ea2,economy,standard,9217.50,1474.80,INR,15,7,0,1106.10,0,150,active,2026-08-18T10:00:00+05:30
far_60bcddb4,flt_69a71ea2,economy,promo,7189.65,1150.34,INR,15,7,0,862.76,0,73,active,2026-08-18T10:00:00+05:30
far_54874dd5,flt_69a71ea2,business,standard,28574.26,4571.88,INR,30,7,0,,0,31,active,2026-08-18T10:00:00+05:30
far_8a142622,flt_69a71ea2,business,flex,34860.60,5577.70,INR,30,7,1,,1,7,active,2026-08-18T10:00:00+05:30
far_05367e88,flt_3b602607,economy,flex,9806.01,1568.96,INR,15,7,1,1176.72,1,50,active,2026-08-18T10:00:00+05:30
far_5d881b11,flt_3b602607,economy,promo,6269.42,1003.11,INR,15,7,0,752.33,0,46,active,2026-08-18T10:00:00+05:30
far_ff294bd8,flt_3b602607,business,promo,19435.19,3109.63,INR,30,7,0,2332.22,0,20,active,2026-08-18T10:00:00+05:30
far_c3d61b04,flt_3b602607,business,saver,21926.89,3508.30,INR,30,7,0,2631.23,0,6,active,2026-08-18T10:00:00+05:30
far_21b4dbdf,flt_67bd3b77,economy,flex,3590.87,574.54,INR,15,7,1,,1,53,active,2026-08-18T10:00:00+05:30
far_137b13cf,flt_67bd3b77,economy,standard,2943.34,470.93,INR,15,7,0,353.20,0,166,active,2026-08-18T10:00:00+05:30
far_52b4604c,flt_67bd3b77,business,promo,7116.99,1138.72,INR,30,7,0,,0,25,active,2026-08-18T10:00:00+05:30
far_4798ab9b,flt_67bd3b77,business,corporate,10036.79,1605.89,INR,30,7,1,1204.41,0,22,active,2026-08-18T10:00:00+05:30
far_b40110a5,flt_394f1055,economy,saver,6978.76,1116.60,INR,15,7,0,,0,99,active,2026-08-18T10:00:00+05:30
far_1c028969,flt_394f1055,economy,standard,7930.40,1268.86,INR,15,7,0,951.65,0,140,active,2026-08-18T10:00:00+05:30
far_4ff3cfe2,flt_394f1055,business,flex,29992.79,4798.85,INR,30,7,1,3599.13,1,18,active,2026-08-18T10:00:00+05:30
far_975fff84,flt_394f1055,business,corporate,27042.68,4326.83,INR,30,7,1,3245.12,0,26,active,2026-08-18T10:00:00+05:30
far_1fbce578,flt_873be143,economy,flex,9912.66,1586.03,INR,15,7,1,1189.52,1,127,active,2026-08-18T10:00:00+05:30
far_9b43a57e,flt_873be143,economy,promo,6337.60,1014.02,INR,15,7,0,760.51,0,46,active,2026-08-18T10:00:00+05:30
far_97f7e374,flt_873be143,business,standard,25187.91,4030.07,INR,30,7,0,3022.55,0,39,active,2026-08-18T10:00:00+05:30
far_67d40413,flt_873be143,business,saver,22165.36,3546.46,INR,30,7,0,2659.84,0,30,active,2026-08-18T10:00:00+05:30
far_670027d5,flt_eebae845,economy,saver,3970.82,635.33,INR,15,7,0,,0,52,active,2026-08-18T10:00:00+05:30
far_b04bd63a,flt_eebae845,economy,flex,5505.00,880.80,INR,15,7,1,660.60,1,92,active,2026-08-18T10:00:00+05:30
far_44ae529d,flt_eebae845,business,promo,10910.73,1745.72,INR,30,7,0,1309.29,0,4,active,2026-08-18T10:00:00+05:30
far_7bb73bdf,flt_eebae845,business,standard,13988.11,2238.10,INR,30,7,0,1678.57,0,27,active,2026-08-18T10:00:00+05:30
far_fe0753b4,flt_908c20ab,economy,corporate,6253.90,1000.62,INR,15,7,1,750.47,0,130,active,2026-08-18T10:00:00+05:30
far_2e815101,flt_908c20ab,economy,saver,5003.12,800.50,INR,15,7,0,600.37,0,146,active,2026-08-18T10:00:00+05:30
far_61a4921f,flt_908c20ab,business,corporate,19387.09,3101.93,INR,30,7,1,,0,38,active,2026-08-18T10:00:00+05:30
far_54209ad3,flt_908c20ab,business,saver,15509.67,2481.55,INR,30,7,0,,0,37,active,2026-08-18T10:00:00+05:30
far_1c684b8b,flt_eaba1d0b,economy,corporate,117.23,18.76,SGD,15,7,1,,0,163,active,2026-08-18T10:00:00+05:30
far_e69e497a,flt_eaba1d0b,economy,saver,93.79,15.01,SGD,15,7,0,,0,71,active,2026-08-18T10:00:00+05:30
far_b2b0ed40,flt_eaba1d0b,business,flex,403.07,64.49,SGD,30,7,1,48.37,1,8,active,2026-08-18T10:00:00+05:30
far_43c9eb47,flt_eaba1d0b,business,promo,257.70,41.23,SGD,30,7,0,30.92,0,36,active,2026-08-18T10:00:00+05:30
far_9c051589,flt_bbe63061,economy,promo,1927.38,308.38,INR,15,7,0,,0,25,active,2026-08-18T10:00:00+05:30
far_06212cc1,flt_670026e2,economy,corporate,842.68,134.83,MYR,15,7,1,,0,73,active,2026-08-18T10:00:00+05:30
far_1384cb90,flt_670026e2,economy,flex,934.61,149.54,MYR,15,7,1,,1,27,active,2026-08-18T10:00:00+05:30
far_66a63721,flt_670026e2,business,standard,2374.83,379.97,MYR,30,7,0,,0,39,active,2026-08-18T10:00:00+05:30
far_b0389f99,flt_670026e2,business,promo,1852.37,296.38,MYR,30,7,0,222.28,0,39,active,2026-08-18T10:00:00+05:30
far_2421d06e,flt_5b60a7f1,economy,promo,3694.37,591.10,INR,15,7,0,443.32,0,23,active,2026-08-18T10:00:00+05:30
far_b6249dd6,flt_5b60a7f1,economy,saver,4168.01,666.88,INR,15,7,0,500.16,0,20,active,2026-08-18T10:00:00+05:30
far_2a37d7e3,flt_5b60a7f1,business,saver,12920.83,2067.33,INR,30,7,0,1550.50,0,7,active,2026-08-18T10:00:00+05:30
far_e24fd16b,flt_5b60a7f1,business,standard,14682.76,2349.24,INR,30,7,0,,0,6,active,2026-08-18T10:00:00+05:30
far_c7c75444,flt_5ed441a6,economy,corporate,8883.21,1421.31,INR,15,7,1,1065.99,0,145,active,2026-08-18T10:00:00+05:30
far_42cced23,flt_5ed441a6,economy,promo,6299.01,1007.84,INR,15,7,0,,0,164,active,2026-08-18T10:00:00+05:30
far_d326d24f,flt_5ed441a6,business,saver,22030.37,3524.86,INR,30,7,0,2643.64,0,13,active,2026-08-18T10:00:00+05:30
far_f69d6095,flt_5ed441a6,business,corporate,27537.97,4406.07,INR,30,7,1,,0,22,active,2026-08-18T10:00:00+05:30
far_3522cd2a,flt_88c5c14c,economy,saver,2715.62,434.50,INR,15,7,0,325.87,0,134,active,2026-08-18T10:00:00+05:30
far_66b7db6c,flt_88c5c14c,economy,standard,3085.94,493.75,INR,15,7,0,370.31,0,115,active,2026-08-18T10:00:00+05:30
far_292b1d70,flt_88c5c14c,business,flex,11671.01,1867.36,INR,30,7,1,1400.52,1,33,active,2026-08-18T10:00:00+05:30
far_2e491480,flt_88c5c14c,business,corporate,10523.04,1683.69,INR,30,7,1,1262.77,0,7,active,2026-08-18T10:00:00+05:30
far_6821af04,flt_ab142116,economy,promo,4272.82,683.65,INR,15,7,0,,0,145,active,2026-08-18T10:00:00+05:30
far_ed26f350,flt_ab142116,economy,corporate,6025.77,964.12,INR,15,7,1,,0,167,active,2026-08-18T10:00:00+05:30
far_d910b9c2,flt_ab142116,business,saver,14943.92,2391.03,INR,30,7,0,,0,7,active,2026-08-18T10:00:00+05:30
far_4e0df91d,flt_ab142116,business,promo,13245.74,2119.32,INR,30,7,0,1589.49,0,31,active,2026-08-18T10:00:00+05:30
far_ff60481f,flt_1f78921e,economy,corporate,5378.68,860.59,THB,15,7,1,645.44,0,130,active,2026-08-18T10:00:00+05:30
far_7267d3e0,flt_1f78921e,economy,standard,4889.71,782.35,THB,15,7,0,586.76,0,57,active,2026-08-18T10:00:00+05:30
far_95a994cd,flt_1f78921e,business,saver,13339.12,2134.26,THB,30,7,0,1600.69,0,33,active,2026-08-18T10:00:00+05:30
far_08e84280,flt_1f78921e,business,flex,18492.86,2958.86,THB,30,7,1,,1,31,active,2026-08-18T10:00:00+05:30
far_09778699,flt_c8cc014a,economy,standard,8767.77,1402.84,INR,15,7,0,,0,85,active,2026-08-18T10:00:00+05:30
far_3fbc84d6,flt_c8cc014a,economy,promo,6838.86,1094.22,INR,15,7,0,820.66,0,131,active,2026-08-18T10:00:00+05:30
far_60da431b,flt_c8cc014a,business,corporate,29898.09,4783.70,INR,30,7,1,3587.77,0,25,active,2026-08-18T10:00:00+05:30
far_879746c6,flt_c8cc014a,business,saver,23918.48,3826.96,INR,30,7,0,2870.22,0,17,active,2026-08-18T10:00:00+05:30
far_78e72ba3,flt_d7b3dda4,economy,corporate,11805.38,1888.86,INR,15,7,1,1416.65,0,105,active,2026-08-18T10:00:00+05:30
far_7f37fc58,flt_d7b3dda4,economy,promo,8371.09,1339.37,INR,15,7,0,,0,84,active,2026-08-18T10:00:00+05:30
far_422aca6b,flt_d7b3dda4,business,flex,40589.05,6494.25,INR,30,7,1,4870.69,1,17,active,2026-08-18T10:00:00+05:30
far_de563a0e,flt_d7b3dda4,business,saver,29277.35,4684.38,INR,30,7,0,,0,26,active,2026-08-18T10:00:00+05:30
far_026834c0,flt_f74d347b,economy,corporate,9070.24,1451.24,INR,15,7,1,,0,116,active,2026-08-18T10:00:00+05:30
far_6d7de9a2,flt_f74d347b,economy,flex,10059.72,1609.55,INR,15,7,1,1207.17,1,152,active,2026-08-18T10:00:00+05:30
far_fd055627,flt_f74d347b,business,promo,19938.03,3190.08,INR,30,7,0,2392.56,0,24,active,2026-08-18T10:00:00+05:30
far_8f495fa6,flt_f74d347b,business,saver,22494.18,3599.07,INR,30,7,0,2699.30,0,26,active,2026-08-18T10:00:00+05:30
far_3f5e8d06,flt_97b1776a,economy,flex,6236.82,997.89,INR,15,7,1,748.42,1,95,active,2026-08-18T10:00:00+05:30
far_17588be8,flt_97b1776a,economy,standard,5112.14,817.94,INR,15,7,0,613.46,0,101,active,2026-08-18T10:00:00+05:30
far_2af90595,flt_97b1776a,business,saver,13945.93,2231.35,INR,30,7,0,1673.51,0,17,active,2026-08-18T10:00:00+05:30
far_5268aed1,flt_97b1776a,business,flex,19334.13,3093.46,INR,30,7,1,,1,6,active,2026-08-18T10:00:00+05:30
far_b8709cb4,flt_19109eaf,economy,standard,9832.63,1573.22,INR,15,7,0,1179.92,0,102,active,2026-08-18T10:00:00+05:30
far_31248933,flt_19109eaf,economy,promo,7669.45,1227.11,INR,15,7,0,,0,130,active,2026-08-18T10:00:00+05:30
far_424c0d5d,flt_19109eaf,business,promo,23775.30,3804.05,INR,30,7,0,2853.04,0,27,active,2026-08-18T10:00:00+05:30
far_808dc3ad,flt_19109eaf,business,saver,26823.42,4291.75,INR,30,7,0,,0,26,active,2026-08-18T10:00:00+05:30
far_36e6335f,flt_285d9e83,economy,standard,5163.47,826.16,INR,15,7,0,,0,108,active,2026-08-18T10:00:00+05:30
far_22adcc0f,flt_9cf4e7c6,economy,promo,4330.61,692.90,INR,15,7,0,,0,65,active,2026-08-18T10:00:00+05:30
far_1ad3a489,flt_870b948d,economy,promo,3652.37,584.38,INR,15,7,0,,0,105,active,2026-08-18T10:00:00+05:30
far_cefde102,flt_c024ecf8,economy,flex,10883.80,1741.41,INR,15,7,1,1306.06,1,139,active,2026-08-18T10:00:00+05:30
far_cd532249,flt_c024ecf8,economy,corporate,9813.26,1570.12,INR,15,7,1,1177.59,0,84,active,2026-08-18T10:00:00+05:30
far_4a588fee,flt_c024ecf8,business,flex,33739.78,5398.37,INR,30,7,1,,1,33,active,2026-08-18T10:00:00+05:30
far_695db4f6,flt_c024ecf8,business,corporate,30421.11,4867.38,INR,30,7,1,3650.53,0,12,active,2026-08-18T10:00:00+05:30
far_d6c0df2e,flt_3e2c0c76,economy,promo,3297778.42,527644.55,IDR,15,7,0,395733.41,0,110,active,2026-08-18T10:00:00+05:30
far_a7830158,flt_3e2c0c76,economy,flex,5158063.69,825290.19,IDR,15,7,1,618967.64,1,49,active,2026-08-18T10:00:00+05:30
far_d9bc96f2,flt_3e2c0c76,business,standard,13106555.27,2097048.84,IDR,30,7,0,,0,38,active,2026-08-18T10:00:00+05:30
far_2c097aec,flt_3e2c0c76,business,saver,11533768.64,1845402.98,IDR,30,7,0,,0,34,active,2026-08-18T10:00:00+05:30
far_cb781974,flt_d94caeac,economy,corporate,9085.40,1453.66,INR,15,7,1,,0,45,active,2026-08-18T10:00:00+05:30
far_51f9edcb,flt_35882d47,economy,flex,13005.22,2080.84,INR,15,7,1,,1,110,active,2026-08-18T10:00:00+05:30
far_306c411c,flt_35882d47,economy,promo,8314.81,1330.37,INR,15,7,0,,0,158,active,2026-08-18T10:00:00+05:30
far_ce63a6ef,flt_35882d47,business,flex,40316.18,6450.59,INR,30,7,1,,1,29,active,2026-08-18T10:00:00+05:30
far_872f6c5b,flt_35882d47,business,promo,25775.92,4124.15,INR,30,7,0,3093.11,0,37,active,2026-08-18T10:00:00+05:30
far_54f523b0,flt_9783261a,economy,flex,12323.78,1971.80,INR,15,7,1,1478.85,1,142,active,2026-08-18T10:00:00+05:30
far_ddf24f6b,flt_9e54d434,economy,standard,26155.74,4184.92,INR,15,7,0,3138.69,0,90,active,2026-08-18T10:00:00+05:30
far_56e8ab6d,flt_9e54d434,economy,promo,20401.48,3264.24,INR,15,7,0,2448.18,0,136,active,2026-08-18T10:00:00+05:30
far_0f637338,flt_9e54d434,business,promo,63244.58,10119.13,INR,30,7,0,7589.35,0,15,active,2026-08-18T10:00:00+05:30
far_0aa8d531,flt_9e54d434,business,standard,81082.79,12973.25,INR,30,7,0,,0,37,active,2026-08-18T10:00:00+05:30
far_7aaa71f8,flt_f65d8046,economy,flex,426.43,68.23,AED,15,7,1,51.17,1,134,active,2026-08-18T10:00:00+05:30
far_40fa9429,flt_4d48e54b,economy,standard,4876.02,780.16,INR,15,7,0,585.12,0,70,active,2026-08-18T10:00:00+05:30
far_f0ff54d8,flt_4d48e54b,economy,corporate,5363.62,858.18,INR,15,7,1,,0,53,active,2026-08-18T10:00:00+05:30
far_d52ec522,flt_4d48e54b,business,standard,15115.67,2418.51,INR,30,7,0,,0,34,active,2026-08-18T10:00:00+05:30
far_7e161018,flt_4d48e54b,business,flex,18441.11,2950.58,INR,30,7,1,,1,33,active,2026-08-18T10:00:00+05:30
far_6c5fb4a8,flt_348cbb47,economy,standard,6733.99,1077.44,INR,15,7,0,808.08,0,56,active,2026-08-18T10:00:00+05:30
far_6d693e13,flt_348cbb47,economy,flex,8215.46,1314.47,INR,15,7,1,,1,75,active,2026-08-18T10:00:00+05:30
far_acb24c4e,flt_348cbb47,business,corporate,22962.89,3674.06,INR,30,7,1,2755.55,0,8,active,2026-08-18T10:00:00+05:30
far_58e2d8af,flt_348cbb47,business,promo,16282.78,2605.24,INR,30,7,0,,0,6,active,2026-08-18T10:00:00+05:30
far_17236369,flt_ba176be9,economy,flex,8027.54,1284.41,INR,15,7,1,963.30,1,155,active,2026-08-18T10:00:00+05:30
far_ccc6d768,flt_ba9f5f1d,economy,corporate,11247.01,1799.52,INR,15,7,1,,0,26,active,2026-08-18T10:00:00+05:30
far_7e5e012a,flt_ba9f5f1d,economy,standard,10224.55,1635.93,INR,15,7,0,1226.95,0,134,active,2026-08-18T10:00:00+05:30
far_3d98298a,flt_ba9f5f1d,business,corporate,34865.73,5578.52,INR,30,7,1,,0,13,active,2026-08-18T10:00:00+05:30
far_231df15b,flt_ba9f5f1d,business,standard,31696.12,5071.38,INR,30,7,0,3803.53,0,8,active,2026-08-18T10:00:00+05:30
far_37ca7f9f,flt_fe2444f2,economy,saver,2882.80,461.25,INR,15,7,0,345.94,0,149,active,2026-08-18T10:00:00+05:30
far_e200cf60,flt_fe2444f2,economy,flex,3996.61,639.46,INR,15,7,1,479.59,1,132,active,2026-08-18T10:00:00+05:30
far_55fc8fe0,flt_fe2444f2,business,promo,7921.15,1267.38,INR,30,7,0,950.54,0,39,active,2026-08-18T10:00:00+05:30
far_cb900061,flt_fe2444f2,business,flex,12389.50,1982.32,INR,30,7,1,1486.74,1,26,active,2026-08-18T10:00:00+05:30
far_4ee197b5,flt_aace45ce,economy,standard,457.07,73.13,AED,15,7,0,54.85,0,159,active,2026-08-18T10:00:00+05:30
far_a498a916,flt_aace45ce,economy,promo,356.51,57.04,AED,15,7,0,42.78,0,114,active,2026-08-18T10:00:00+05:30
far_7234be8d,flt_aace45ce,business,corporate,1558.60,249.38,AED,30,7,1,,0,35,active,2026-08-18T10:00:00+05:30
far_076ed3e7,flt_aace45ce,business,promo,1105.19,176.83,AED,30,7,0,,0,17,active,2026-08-18T10:00:00+05:30
far_78b9f7e4,flt_089295d8,economy,standard,15571.11,2491.38,INR,15,7,0,,0,93,active,2026-08-18T10:00:00+05:30
far_bbcb8562,flt_089295d8,economy,promo,12145.47,1943.28,INR,15,7,0,,0,165,active,2026-08-18T10:00:00+05:30
far_adf101d8,flt_089295d8,business,saver,42478.00,6796.48,INR,30,7,0,,0,33,active,2026-08-18T10:00:00+05:30
far_17d42b96,flt_089295d8,business,standard,48270.45,7723.27,INR,30,7,0,,0,32,active,2026-08-18T10:00:00+05:30
far_1ba40548,flt_7b583e8d,economy,saver,5589.75,894.36,INR,15,7,0,,0,150,active,2026-08-18T10:00:00+05:30
far_7402af8d,flt_7b583e8d,economy,promo,4954.55,792.73,INR,15,7,0,594.55,0,99,active,2026-08-18T10:00:00+05:30
far_b64e585d,flt_7b583e8d,business,promo,15359.12,2457.46,INR,30,7,0,1843.09,0,9,active,2026-08-18T10:00:00+05:30
far_1ada1480,flt_7b583e8d,business,corporate,21660.30,3465.65,INR,30,7,1,2599.24,0,37,active,2026-08-18T10:00:00+05:30
far_b5bcf16b,flt_fd9cf4ee,economy,saver,6003.95,960.63,INR,15,7,0,,0,52,active,2026-08-18T10:00:00+05:30
far_1536a292,flt_5b8bf7ea,economy,standard,9763.09,1562.09,THB,15,7,0,,0,139,active,2026-08-18T10:00:00+05:30
far_de629a88,flt_5b8bf7ea,economy,flex,11910.97,1905.76,THB,15,7,1,,1,148,active,2026-08-18T10:00:00+05:30
far_f4bf0c71,flt_5b8bf7ea,business,corporate,33292.13,5326.74,THB,30,7,1,,0,16,active,2026-08-18T10:00:00+05:30
far_a05da9a9,flt_5b8bf7ea,business,promo,23607.15,3777.14,THB,30,7,0,,0,36,active,2026-08-18T10:00:00+05:30
far_ccc7eb19,flt_15bc5393,economy,promo,7426.19,1188.19,INR,15,7,0,891.14,0,88,active,2026-08-18T10:00:00+05:30
far_45d8dbf9,flt_15bc5393,economy,flex,11615.32,1858.45,INR,15,7,1,1393.84,1,148,active,2026-08-18T10:00:00+05:30
far_5dcf0e16,flt_15bc5393,business,promo,23021.18,3683.39,INR,30,7,0,,0,22,active,2026-08-18T10:00:00+05:30
far_3c2cf7d2,flt_15bc5393,business,flex,36007.49,5761.20,INR,30,7,1,,1,4,active,2026-08-18T10:00:00+05:30
far_8ab0fc9e,flt_522254ab,economy,corporate,5947.90,951.66,INR,15,7,1,,0,78,active,2026-08-18T10:00:00+05:30
far_e2b06bd8,flt_72d0520c,economy,corporate,468.27,74.92,AED,15,7,1,56.19,0,44,active,2026-08-18T10:00:00+05:30
far_51d6f5ee,flt_72d0520c,economy,flex,519.35,83.10,AED,15,7,1,,1,169,active,2026-08-18T10:00:00+05:30
far_b6268211,flt_72d0520c,business,promo,1029.34,164.69,AED,30,7,0,123.52,0,30,active,2026-08-18T10:00:00+05:30
far_003648ca,flt_72d0520c,business,corporate,1451.63,232.26,AED,30,7,1,174.20,0,21,active,2026-08-18T10:00:00+05:30
far_af9c8797,flt_e823da73,economy,flex,15923.31,2547.73,INR,15,7,1,1910.80,1,124,active,2026-08-18T10:00:00+05:30
far_3f7cd521,flt_e823da73,economy,saver,11485.67,1837.71,INR,15,7,0,1378.28,0,32,active,2026-08-18T10:00:00+05:30
far_c84777d4,flt_e823da73,business,corporate,44506.97,7121.12,INR,30,7,1,5340.84,0,15,active,2026-08-18T10:00:00+05:30
far_d09a1546,flt_e823da73,business,standard,40460.88,6473.74,INR,30,7,0,4855.31,0,23,active,2026-08-18T10:00:00+05:30
far_a0cb8dd1,flt_e10e5886,economy,corporate,6824.77,1091.96,INR,15,7,1,818.97,0,139,active,2026-08-18T10:00:00+05:30
far_a687482e,flt_94c68bf1,economy,promo,7807.66,1249.23,INR,15,7,0,936.92,0,36,active,2026-08-18T10:00:00+05:30
far_48cf4cd3,flt_94c68bf1,economy,standard,10009.82,1601.57,INR,15,7,0,1201.18,0,79,active,2026-08-18T10:00:00+05:30
far_b63b5823,flt_94c68bf1,business,standard,31030.44,4964.87,INR,30,7,0,,0,17,active,2026-08-18T10:00:00+05:30
far_045a1ca8,flt_94c68bf1,business,corporate,34133.49,5461.36,INR,30,7,1,4096.02,0,13,active,2026-08-18T10:00:00+05:30
far_51914e32,flt_dfc05039,economy,corporate,5293.44,846.95,INR,15,7,1,,0,128,active,2026-08-18T10:00:00+05:30
far_57bb5bb4,flt_dfc05039,economy,promo,3753.53,600.56,INR,15,7,0,450.42,0,45,active,2026-08-18T10:00:00+05:30
far_9b9d99b5,flt_dfc05039,business,flex,18199.81,2911.97,INR,30,7,1,2183.98,1,31,active,2026-08-18T10:00:00+05:30
far_ac5c341b,flt_dfc05039,business,corporate,16409.67,2625.55,INR,30,7,1,1969.16,0,6,active,2026-08-18T10:00:00+05:30
far_5c2ad031,flt_417f3e57,economy,standard,6250.98,1000.16,INR,15,7,0,,0,55,active,2026-08-18T10:00:00+05:30
far_e744d8c3,flt_417f3e57,economy,flex,7626.19,1220.19,INR,15,7,1,915.14,1,155,active,2026-08-18T10:00:00+05:30
far_6c15ed67,flt_417f3e57,business,flex,23641.20,3782.59,INR,30,7,1,2836.94,1,24,active,2026-08-18T10:00:00+05:30
far_cb42c566,flt_417f3e57,business,standard,19378.03,3100.48,INR,30,7,0,2325.36,0,38,active,2026-08-18T10:00:00+05:30
far_139c7a57,flt_43940328,economy,corporate,4388.02,702.08,THB,15,7,1,,0,157,active,2026-08-18T10:00:00+05:30
far_f4c1a41a,flt_43940328,economy,flex,4866.72,778.67,THB,15,7,1,584.01,1,86,active,2026-08-18T10:00:00+05:30
far_7fcea154,flt_43940328,business,flex,15086.82,2413.89,THB,30,7,1,1810.42,1,25,active,2026-08-18T10:00:00+05:30
far_0c93fcd5,flt_43940328,business,corporate,13602.87,2176.46,THB,30,7,1,1632.34,0,9,active,2026-08-18T10:00:00+05:30
far_7f1e87bf,flt_0ee65a9f,economy,flex,16432.01,2629.12,INR,15,7,1,,1,61,active,2026-08-18T10:00:00+05:30
far_027cc6f8,flt_0ee65a9f,economy,standard,13468.86,2155.02,INR,15,7,0,,0,167,active,2026-08-18T10:00:00+05:30
far_ee703be0,flt_0ee65a9f,business,promo,32567.70,5210.83,INR,30,7,0,3908.12,0,21,active,2026-08-18T10:00:00+05:30
far_5d260161,flt_0ee65a9f,business,saver,36743.05,5878.89,INR,30,7,0,4409.17,0,20,active,2026-08-18T10:00:00+05:30
far_e9f66b52,flt_4a2b525a,economy,corporate,5062.96,810.07,INR,15,7,1,,0,77,active,2026-08-18T10:00:00+05:30
far_ccbd6597,flt_4a2b525a,economy,standard,4602.69,736.43,INR,15,7,0,,0,115,active,2026-08-18T10:00:00+05:30
far_077a0d97,flt_4a2b525a,business,standard,14268.34,2282.93,INR,30,7,0,,0,4,active,2026-08-18T10:00:00+05:30
far_0c53543b,flt_4a2b525a,business,corporate,15695.18,2511.23,INR,30,7,1,1883.42,0,38,active,2026-08-18T10:00:00+05:30
far_85714acb,flt_9907566b,economy,saver,5539.70,886.35,INR,15,7,0,664.76,0,23,active,2026-08-18T10:00:00+05:30
far_6d1a0a0c,flt_9907566b,economy,promo,4910.19,785.63,INR,15,7,0,589.22,0,145,active,2026-08-18T10:00:00+05:30
far_ac0ae5e6,flt_9907566b,business,promo,15221.59,2435.45,INR,30,7,0,1826.59,0,12,active,2026-08-18T10:00:00+05:30
far_a87871cf,flt_9907566b,business,corporate,21466.35,3434.62,INR,30,7,1,,0,12,active,2026-08-18T10:00:00+05:30
far_78348dfc,flt_f5870208,economy,flex,4982.23,797.16,INR,15,7,1,597.87,1,68,active,2026-08-18T10:00:00+05:30
far_48d286a9,flt_f5870208,economy,standard,4083.79,653.41,INR,15,7,0,490.06,0,42,active,2026-08-18T10:00:00+05:30
far_d2f38f53,flt_f5870208,business,standard,12659.75,2025.56,INR,30,7,0,1519.17,0,24,active,2026-08-18T10:00:00+05:30
far_35d0277c,flt_f5870208,business,saver,11140.58,1782.49,INR,30,7,0,1336.87,0,10,active,2026-08-18T10:00:00+05:30
far_5745226a,flt_b406c47c,economy,promo,5092.39,814.78,INR,15,7,0,611.09,0,139,active,2026-08-18T10:00:00+05:30
far_62433bb2,flt_b406c47c,economy,corporate,7181.58,1149.05,INR,15,7,1,861.79,0,38,active,2026-08-18T10:00:00+05:30
far_81d0b514,flt_b406c47c,business,corporate,22262.90,3562.06,INR,30,7,1,2671.55,0,20,active,2026-08-18T10:00:00+05:30
far_be66e98c,flt_b406c47c,business,promo,15786.42,2525.83,INR,30,7,0,,0,24,active,2026-08-18T10:00:00+05:30
far_a3b61e5e,flt_993ae401,economy,promo,2733.58,437.37,INR,15,7,0,,0,145,active,2026-08-18T10:00:00+05:30
far_83754c10,flt_993ae401,economy,standard,3504.59,560.73,INR,15,7,0,420.55,0,38,active,2026-08-18T10:00:00+05:30
far_8719b33c,flt_993ae401,business,saver,9560.52,1529.68,INR,30,7,0,,0,13,active,2026-08-18T10:00:00+05:30
far_b2d3aed5,flt_993ae401,business,corporate,11950.65,1912.10,INR,30,7,1,1434.08,0,27,active,2026-08-18T10:00:00+05:30
far_81072f0f,flt_cf0ad2a4,economy,standard,4991.06,798.57,THB,15,7,0,598.93,0,97,active,2026-08-18T10:00:00+05:30
far_01b9c647,flt_cf0ad2a4,economy,flex,6089.09,974.25,THB,15,7,1,730.69,1,140,active,2026-08-18T10:00:00+05:30
far_75d31705,flt_cf0ad2a4,business,promo,12068.37,1930.94,THB,30,7,0,1448.20,0,38,active,2026-08-18T10:00:00+05:30
far_ed45505d,flt_cf0ad2a4,business,saver,13615.60,2178.50,THB,30,7,0,,0,33,active,2026-08-18T10:00:00+05:30
far_3fbab910,flt_67ccf87e,economy,standard,361.96,57.91,AED,15,7,0,43.44,0,40,active,2026-08-18T10:00:00+05:30
far_ce007cfd,flt_67ccf87e,economy,promo,282.33,45.17,AED,15,7,0,,0,54,active,2026-08-18T10:00:00+05:30
far_45057ee0,flt_67ccf87e,business,corporate,1234.29,197.49,AED,30,7,1,148.11,0,7,active,2026-08-18T10:00:00+05:30
far_709971c7,flt_67ccf87e,business,saver,987.43,157.99,AED,30,7,0,,0,14,active,2026-08-18T10:00:00+05:30
far_d0a1ca97,flt_2821626d,economy,standard,115.12,18.42,SGD,15,7,0,13.81,0,153,active,2026-08-18T10:00:00+05:30
far_ca894ed1,flt_2821626d,economy,corporate,126.63,20.26,SGD,15,7,1,,0,61,active,2026-08-18T10:00:00+05:30
far_33416936,flt_2821626d,business,promo,278.36,44.54,SGD,30,7,0,33.40,0,17,active,2026-08-18T10:00:00+05:30
far_deedc1c9,flt_2821626d,business,saver,314.05,50.25,SGD,30,7,0,,0,18,active,2026-08-18T10:00:00+05:30
far_9407af7b,flt_c1a5cce1,economy,promo,5199.32,831.89,INR,15,7,0,,0,113,active,2026-08-18T10:00:00+05:30
far_6e5f6f98,flt_c1a5cce1,economy,standard,6665.80,1066.53,INR,15,7,0,,0,85,active,2026-08-18T10:00:00+05:30
far_4689f05e,flt_c1a5cce1,business,saver,18184.31,2909.49,INR,30,7,0,,0,25,active,2026-08-18T10:00:00+05:30
far_9105cabc,flt_c1a5cce1,business,promo,16117.91,2578.87,INR,30,7,0,1934.15,0,9,active,2026-08-18T10:00:00+05:30
far_690df830,flt_592ca615,economy,flex,6918.36,1106.94,INR,15,7,1,,1,44,active,2026-08-18T10:00:00+05:30
far_c0eddc2c,flt_592ca615,economy,standard,5670.79,907.33,INR,15,7,0,,0,103,active,2026-08-18T10:00:00+05:30
far_02e8b501,flt_592ca615,business,flex,21446.91,3431.51,INR,30,7,1,,1,37,active,2026-08-18T10:00:00+05:30
far_b2944683,flt_592ca615,business,corporate,19337.38,3093.98,INR,30,7,1,2320.49,0,7,active,2026-08-18T10:00:00+05:30
far_adcd8b10,flt_71186e87,economy,corporate,6798.94,1087.83,INR,15,7,1,815.87,0,146,active,2026-08-18T10:00:00+05:30
far_1fbb899e,flt_71186e87,economy,saver,5439.15,870.26,INR,15,7,0,,0,52,active,2026-08-18T10:00:00+05:30
far_c5f495f8,flt_71186e87,business,flex,23376.00,3740.16,INR,30,7,1,2805.12,1,38,active,2026-08-18T10:00:00+05:30
far_d575202b,flt_71186e87,business,standard,19160.66,3065.71,INR,30,7,0,2299.28,0,20,active,2026-08-18T10:00:00+05:30
far_1052c3ca,flt_10175b4e,economy,standard,24997.10,3999.54,INR,15,7,0,,0,78,active,2026-08-18T10:00:00+05:30
far_edecf993,flt_10175b4e,economy,corporate,27496.81,4399.49,INR,15,7,1,3299.62,0,132,active,2026-08-18T10:00:00+05:30
far_63abc8a2,flt_10175b4e,business,standard,77491.01,12398.56,INR,30,7,0,,0,33,active,2026-08-18T10:00:00+05:30
far_7b93a69b,flt_10175b4e,business,corporate,85240.11,13638.42,INR,30,7,1,10228.81,0,24,active,2026-08-18T10:00:00+05:30
far_c74f2188,flt_69d97667,economy,corporate,7638.77,1222.20,INR,15,7,1,,0,138,active,2026-08-18T10:00:00+05:30
far_e2a507a6,flt_69d97667,economy,saver,6111.01,977.76,INR,15,7,0,733.32,0,75,active,2026-08-18T10:00:00+05:30
far_3f53ddf2,flt_69d97667,business,standard,21527.44,3444.39,INR,30,7,0,,0,28,active,2026-08-18T10:00:00+05:30
far_11925bbe,flt_69d97667,business,corporate,23680.18,3788.83,INR,30,7,1,2841.62,0,35,active,2026-08-18T10:00:00+05:30
far_66130eb1,flt_56c59994,economy,flex,6828.34,1092.53,INR,15,7,1,,1,101,active,2026-08-18T10:00:00+05:30
far_78d4a33a,flt_56c59994,economy,standard,5597.00,895.52,INR,15,7,0,671.64,0,136,active,2026-08-18T10:00:00+05:30
far_370233df,flt_56c59994,business,standard,17350.69,2776.11,INR,30,7,0,2082.08,0,11,active,2026-08-18T10:00:00+05:30
far_67e36f3e,flt_56c59994,business,corporate,19085.76,3053.72,INR,30,7,1,,0,22,active,2026-08-18T10:00:00+05:30
far_aae36cd9,flt_956fdc30,economy,corporate,4724.07,755.85,INR,15,7,1,566.89,0,121,active,2026-08-18T10:00:00+05:30
far_c072cf49,flt_956fdc30,economy,flex,5239.42,838.31,INR,15,7,1,628.73,1,159,active,2026-08-18T10:00:00+05:30
far_80a20b3f,flt_956fdc30,business,corporate,14644.62,2343.14,INR,30,7,1,,0,16,active,2026-08-18T10:00:00+05:30
far_9bbf3220,flt_956fdc30,business,saver,11715.69,1874.51,INR,30,7,0,1405.88,0,32,active,2026-08-18T10:00:00+05:30
far_b728b7e5,flt_a62561bd,economy,promo,4384.29,701.49,INR,15,7,0,526.11,0,115,active,2026-08-18T10:00:00+05:30
far_f0196fe0,flt_a62561bd,economy,saver,4946.37,791.42,INR,15,7,0,593.56,0,26,active,2026-08-18T10:00:00+05:30
far_d27ede84,flt_a62561bd,business,promo,13591.28,2174.61,INR,30,7,0,,0,11,active,2026-08-18T10:00:00+05:30
far_724b42bb,flt_a62561bd,business,saver,15333.76,2453.40,INR,30,7,0,1840.05,0,18,active,2026-08-18T10:00:00+05:30
far_14d70888,flt_25ec25a5,economy,flex,3712567.52,594010.80,IDR,15,7,1,,1,129,active,2026-08-18T10:00:00+05:30
far_d4135d36,flt_25ec25a5,economy,promo,2373608.74,379777.40,IDR,15,7,0,284833.05,0,127,active,2026-08-18T10:00:00+05:30
far_a95fb487,flt_25ec25a5,business,promo,7358187.10,1177309.94,IDR,30,7,0,,0,5,active,2026-08-18T10:00:00+05:30
far_2b45d413,flt_25ec25a5,business,flex,11508959.32,1841433.49,IDR,30,7,1,1381075.12,1,4,active,2026-08-18T10:00:00+05:30
far_88232f85,flt_9cb96225,economy,promo,101.46,16.23,SGD,15,7,0,12.17,0,34,active,2026-08-18T10:00:00+05:30
far_b79c7565,flt_f3b381a3,economy,promo,287.76,46.04,SGD,15,7,0,34.53,0,152,active,2026-08-18T10:00:00+05:30
far_35efa853,flt_f3b381a3,economy,standard,368.92,59.03,SGD,15,7,0,,0,167,active,2026-08-18T10:00:00+05:30
far_90725a48,flt_f3b381a3,business,promo,892.04,142.73,SGD,30,7,0,107.04,0,28,active,2026-08-18T10:00:00+05:30
far_f1a3e3eb,flt_f3b381a3,business,flex,1395.24,223.24,SGD,30,7,1,167.43,1,18,active,2026-08-18T10:00:00+05:30
far_3297d602,flt_079d8b3c,economy,saver,3712.87,594.06,INR,15,7,0,,0,73,active,2026-08-18T10:00:00+05:30
far_4c76fa7c,flt_079d8b3c,economy,corporate,4641.08,742.57,INR,15,7,1,,0,151,active,2026-08-18T10:00:00+05:30
far_37f71610,flt_079d8b3c,business,promo,10201.94,1632.31,INR,30,7,0,1224.23,0,14,active,2026-08-18T10:00:00+05:30
far_f18ad428,flt_079d8b3c,business,standard,13079.41,2092.71,INR,30,7,0,,0,24,active,2026-08-18T10:00:00+05:30
far_972b75bb,flt_b1a30981,economy,promo,5973.26,955.72,INR,15,7,0,,0,64,active,2026-08-18T10:00:00+05:30
far_584bb28d,flt_b1a30981,economy,standard,7658.03,1225.29,INR,15,7,0,918.96,0,74,active,2026-08-18T10:00:00+05:30
far_9fda68c3,flt_b1a30981,business,saver,20891.11,3342.58,INR,30,7,0,2506.93,0,22,active,2026-08-18T10:00:00+05:30
far_002fc4d8,flt_b1a30981,business,standard,23739.90,3798.38,INR,30,7,0,2848.79,0,24,active,2026-08-18T10:00:00+05:30
far_0dcd549b,flt_648709d9,economy,flex,15956.78,2553.09,INR,15,7,1,,1,76,active,2026-08-18T10:00:00+05:30
far_13f84774,flt_361c0d71,economy,promo,1779.72,284.76,INR,15,7,0,213.57,0,107,active,2026-08-18T10:00:00+05:30
far_285c29ee,flt_361c0d71,economy,corporate,2509.86,401.58,INR,15,7,1,,0,75,active,2026-08-18T10:00:00+05:30
far_01436b8e,flt_361c0d71,business,flex,8629.35,1380.70,INR,30,7,1,1035.52,1,38,active,2026-08-18T10:00:00+05:30
far_55cfb8be,flt_361c0d71,business,standard,7073.24,1131.72,INR,30,7,0,848.79,0,25,active,2026-08-18T10:00:00+05:30
far_0415ca35,flt_c8fe9420,economy,standard,268.43,42.95,SGD,15,7,0,32.21,0,164,active,2026-08-18T10:00:00+05:30
far_532530f3,flt_c8fe9420,economy,flex,327.49,52.40,SGD,15,7,1,39.30,1,155,active,2026-08-18T10:00:00+05:30
far_24804dfe,flt_c8fe9420,business,promo,649.06,103.85,SGD,30,7,0,77.89,0,26,active,2026-08-18T10:00:00+05:30
far_65223885,flt_c8fe9420,business,corporate,915.35,146.46,SGD,30,7,1,,0,20,active,2026-08-18T10:00:00+05:30
far_9be39604,flt_7dbda03d,economy,saver,570.57,91.29,AED,15,7,0,,0,77,active,2026-08-18T10:00:00+05:30
far_ddb5055c,flt_7dbda03d,economy,promo,505.73,80.92,AED,15,7,0,60.69,0,133,active,2026-08-18T10:00:00+05:30
far_9e434eec,flt_7dbda03d,business,standard,2009.95,321.59,AED,30,7,0,241.19,0,18,active,2026-08-18T10:00:00+05:30
far_0f3b0356,flt_7dbda03d,business,corporate,2210.94,353.75,AED,30,7,1,265.31,0,28,active,2026-08-18T10:00:00+05:30
far_bf105bf4,flt_d3b1701d,economy,flex,239.33,38.29,SGD,15,7,1,28.72,1,34,active,2026-08-18T10:00:00+05:30
far_32f09854,flt_d3b1701d,economy,standard,196.18,31.39,SGD,15,7,0,,0,103,active,2026-08-18T10:00:00+05:30
far_b27b00f1,flt_d3b1701d,business,saver,535.17,85.63,SGD,30,7,0,64.22,0,4,active,2026-08-18T10:00:00+05:30
far_4a55c7d7,flt_d3b1701d,business,flex,741.94,118.71,SGD,30,7,1,,1,30,active,2026-08-18T10:00:00+05:30
far_1a14a9b8,flt_3f9e1388,economy,saver,1479.02,236.64,AED,15,7,0,177.48,0,119,active,2026-08-18T10:00:00+05:30
far_ca7d51e1,flt_3f9e1388,economy,flex,2050.45,328.07,AED,15,7,1,246.05,1,132,active,2026-08-18T10:00:00+05:30
far_2fbc8bbe,flt_3f9e1388,business,saver,4584.95,733.59,AED,30,7,0,,0,26,active,2026-08-18T10:00:00+05:30
far_8265643e,flt_3f9e1388,business,flex,6356.41,1017.03,AED,30,7,1,,1,33,active,2026-08-18T10:00:00+05:30
far_d6038ab3,flt_3d757cbc,economy,corporate,3794.01,607.04,THB,15,7,1,455.28,0,145,active,2026-08-18T10:00:00+05:30
far_805f5f51,flt_3d757cbc,economy,standard,3449.10,551.86,THB,15,7,0,413.89,0,67,active,2026-08-18T10:00:00+05:30
far_e8351d54,flt_3d757cbc,business,standard,10692.21,1710.75,THB,30,7,0,1283.07,0,24,active,2026-08-18T10:00:00+05:30
far_e6ef6a80,flt_3d757cbc,business,corporate,11761.43,1881.83,THB,30,7,1,,0,21,active,2026-08-18T10:00:00+05:30
far_f5efbfe4,flt_2c57220e,economy,corporate,23337.37,3733.98,INR,15,7,1,2800.48,0,137,active,2026-08-18T10:00:00+05:30
far_f4b10f01,flt_2c57220e,economy,promo,16548.32,2647.73,INR,15,7,0,1985.80,0,105,active,2026-08-18T10:00:00+05:30
far_f640b5cf,flt_2c57220e,business,saver,57876.67,9260.27,INR,30,7,0,6945.20,0,24,active,2026-08-18T10:00:00+05:30
far_43d67db8,flt_2c57220e,business,corporate,72345.84,11575.33,INR,30,7,1,,0,8,active,2026-08-18T10:00:00+05:30
far_2a60573a,flt_643108c9,economy,promo,562.09,89.93,MYR,15,7,0,67.45,0,142,active,2026-08-18T10:00:00+05:30
far_892b07b0,flt_11ebe2a0,economy,saver,8968.82,1435.01,INR,15,7,0,,0,64,active,2026-08-18T10:00:00+05:30
far_2c88d28d,flt_11ebe2a0,economy,flex,12434.05,1989.45,INR,15,7,1,1492.09,1,74,active,2026-08-18T10:00:00+05:30
far_989acc6b,flt_11ebe2a0,business,corporate,34754.19,5560.67,INR,30,7,1,4170.50,0,33,active,2026-08-18T10:00:00+05:30
far_c3c22cb1,flt_11ebe2a0,business,promo,24643.88,3943.02,INR,30,7,0,,0,28,active,2026-08-18T10:00:00+05:30
far_fadbc49c,flt_428d90ad,economy,standard,3572.89,571.66,INR,15,7,0,,0,114,active,2026-08-18T10:00:00+05:30
far_23ab8104,flt_bba35eab,economy,standard,10401.29,1664.21,INR,15,7,0,1248.16,0,104,active,2026-08-18T10:00:00+05:30
far_9b86b173,flt_6bfd3128,economy,flex,505.17,80.83,AED,15,7,1,60.62,1,81,active,2026-08-18T10:00:00+05:30
far_a171598d,flt_6bfd3128,economy,corporate,455.48,72.88,AED,15,7,1,,0,84,active,2026-08-18T10:00:00+05:30
far_5a26d9fd,flt_6bfd3128,business,promo,1001.23,160.20,AED,30,7,0,,0,20,active,2026-08-18T10:00:00+05:30
far_2c69b2ce,flt_6bfd3128,business,corporate,1411.99,225.92,AED,30,7,1,,0,37,active,2026-08-18T10:00:00+05:30
far_9db2d9dd,flt_1a1ef075,economy,flex,5125.69,820.11,INR,15,7,1,,1,144,active,2026-08-18T10:00:00+05:30
far_7e5a433a,flt_7a845ffb,economy,flex,4094588.62,655134.18,IDR,15,7,1,491350.63,1,56,active,2026-08-18T10:00:00+05:30
far_8b6ed160,flt_7a845ffb,economy,corporate,3691842.19,590694.75,IDR,15,7,1,443021.06,0,55,active,2026-08-18T10:00:00+05:30
far_9934caa6,flt_7a845ffb,business,standard,10404282.55,1664685.21,IDR,30,7,0,,0,13,active,2026-08-18T10:00:00+05:30
far_0e87748d,flt_7a845ffb,business,saver,9155768.64,1464922.98,IDR,30,7,0,1098692.24,0,9,active,2026-08-18T10:00:00+05:30
far_9bb2fc42,flt_4dfad6eb,economy,flex,4626.79,740.29,INR,15,7,1,,1,155,active,2026-08-18T10:00:00+05:30
far_3a79d55e,flt_4dfad6eb,economy,saver,3337.36,533.98,INR,15,7,0,400.48,0,59,active,2026-08-18T10:00:00+05:30
far_66ce918e,flt_4dfad6eb,business,corporate,12932.27,2069.16,INR,30,7,1,1551.87,0,39,active,2026-08-18T10:00:00+05:30
far_0f77664f,flt_4dfad6eb,business,saver,10345.82,1655.33,INR,30,7,0,,0,5,active,2026-08-18T10:00:00+05:30
far_7b37ef53,flt_62584803,economy,promo,4215.27,674.44,INR,15,7,0,505.83,0,116,active,2026-08-18T10:00:00+05:30
far_777785b2,flt_bae4a2be,economy,promo,10929.15,1748.66,INR,15,7,0,1311.50,0,51,active,2026-08-18T10:00:00+05:30
far_bf66a301,flt_bae4a2be,economy,saver,12330.33,1972.85,INR,15,7,0,1479.64,0,94,active,2026-08-18T10:00:00+05:30
far_f1d2c2a8,flt_bae4a2be,business,promo,33880.38,5420.86,INR,30,7,0,,0,34,active,2026-08-18T10:00:00+05:30
far_2dc29033,flt_bae4a2be,business,saver,38224.02,6115.84,INR,30,7,0,4586.88,0,6,active,2026-08-18T10:00:00+05:30
far_829e32d5,flt_f6fbbec6,economy,saver,4706.71,753.07,INR,15,7,0,,0,124,active,2026-08-18T10:00:00+05:30
far_331c0ad7,flt_f6fbbec6,economy,standard,5348.53,855.76,INR,15,7,0,641.82,0,151,active,2026-08-18T10:00:00+05:30
far_597cdf4b,flt_f6fbbec6,business,corporate,18238.49,2918.16,INR,30,7,1,2188.62,0,6,active,2026-08-18T10:00:00+05:30
far_f37a8e44,flt_f6fbbec6,business,flex,20228.14,3236.50,INR,30,7,1,2427.38,1,5,active,2026-08-18T10:00:00+05:30
far_771d5985,flt_b34797de,economy,corporate,6172.46,987.59,INR,15,7,1,740.70,0,58,active,2026-08-18T10:00:00+05:30
far_2e861c34,flt_b34797de,economy,saver,4937.97,790.08,INR,15,7,0,,0,158,active,2026-08-18T10:00:00+05:30
far_e9e57d9e,flt_b34797de,business,standard,17395.13,2783.22,INR,30,7,0,2087.42,0,28,active,2026-08-18T10:00:00+05:30
far_9be43338,flt_b34797de,business,saver,15307.71,2449.23,INR,30,7,0,1836.93,0,33,active,2026-08-18T10:00:00+05:30
far_60f68dac,flt_cbf4e39d,economy,saver,8871.70,1419.47,INR,15,7,0,,0,95,active,2026-08-18T10:00:00+05:30
far_699f5a5f,flt_cbf4e39d,economy,flex,12299.40,1967.90,INR,15,7,1,1475.93,1,69,active,2026-08-18T10:00:00+05:30
far_9a342d4c,flt_cbf4e39d,business,flex,38128.14,6100.50,INR,30,7,1,4575.38,1,9,active,2026-08-18T10:00:00+05:30
far_9790615d,flt_cbf4e39d,business,saver,27502.26,4400.36,INR,30,7,0,3300.27,0,5,active,2026-08-18T10:00:00+05:30
far_f183f0cc,flt_46626fb8,economy,saver,24490.14,3918.42,INR,15,7,0,,0,112,active,2026-08-18T10:00:00+05:30
far_6ff01707,flt_46626fb8,economy,promo,21707.17,3473.15,INR,15,7,0,2604.86,0,21,active,2026-08-18T10:00:00+05:30
far_dbd5dde8,flt_46626fb8,business,saver,75919.44,12147.11,INR,30,7,0,,0,22,active,2026-08-18T10:00:00+05:30
far_d6303f46,flt_46626fb8,business,flex,105251.96,16840.31,INR,30,7,1,,1,20,active,2026-08-18T10:00:00+05:30
far_7f81f079,flt_69e0d121,economy,corporate,3796.60,607.46,INR,15,7,1,455.59,0,116,active,2026-08-18T10:00:00+05:30
far_75ebb502,flt_039ed196,economy,standard,7414.67,1186.35,INR,15,7,0,,0,30,active,2026-08-18T10:00:00+05:30
far_20d83581,flt_039ed196,economy,flex,9045.90,1447.34,INR,15,7,1,1085.51,1,97,active,2026-08-18T10:00:00+05:30
far_2d288d25,flt_039ed196,business,standard,22985.47,3677.68,INR,30,7,0,2758.26,0,35,active,2026-08-18T10:00:00+05:30
far_f2e5c773,flt_039ed196,business,corporate,25284.02,4045.44,INR,30,7,1,3034.08,0,23,active,2026-08-18T10:00:00+05:30
far_a0a487b0,flt_8b8dc40c,economy,saver,4745.89,759.34,THB,15,7,0,,0,24,active,2026-08-18T10:00:00+05:30
far_932b481e,flt_8b8dc40c,economy,promo,4206.58,673.05,THB,15,7,0,504.79,0,98,active,2026-08-18T10:00:00+05:30
far_5472d124,flt_8b8dc40c,business,corporate,18390.32,2942.45,THB,30,7,1,2206.84,0,15,active,2026-08-18T10:00:00+05:30
far_d1edbacb,flt_8b8dc40c,business,standard,16718.47,2674.96,THB,30,7,0,2006.22,0,22,active,2026-08-18T10:00:00+05:30
far_05f49462,flt_76b373f4,economy,corporate,7341.45,1174.63,INR,15,7,1,880.97,0,153,active,2026-08-18T10:00:00+05:30
far_b15d50b6,flt_76b373f4,economy,flex,8142.33,1302.77,INR,15,7,1,977.08,1,55,active,2026-08-18T10:00:00+05:30
far_0a58b2e9,flt_76b373f4,business,saver,18206.79,2913.09,INR,30,7,0,,0,10,active,2026-08-18T10:00:00+05:30
far_cced9dac,flt_76b373f4,business,corporate,22758.48,3641.36,INR,30,7,1,2731.02,0,23,active,2026-08-18T10:00:00+05:30
far_68ed1ad6,flt_2ca50bc9,economy,corporate,4994.93,799.19,INR,15,7,1,599.39,0,70,active,2026-08-18T10:00:00+05:30
far_2eb9874f,flt_2ca50bc9,economy,promo,3541.86,566.70,INR,15,7,0,425.02,0,26,active,2026-08-18T10:00:00+05:30
far_7f3ac5e4,flt_2ca50bc9,business,corporate,15484.29,2477.49,INR,30,7,1,,0,28,active,2026-08-18T10:00:00+05:30
far_67fb12c6,flt_2ca50bc9,business,standard,14076.63,2252.26,INR,30,7,0,,0,24,active,2026-08-18T10:00:00+05:30
far_cac2e08b,flt_a7168e89,economy,flex,11019.03,1763.04,INR,15,7,1,1322.28,1,91,active,2026-08-18T10:00:00+05:30
far_3a9591dd,flt_a7168e89,economy,corporate,9935.19,1589.63,INR,15,7,1,1192.22,0,119,active,2026-08-18T10:00:00+05:30
far_7b0c242e,flt_a7168e89,business,flex,34158.99,5465.44,INR,30,7,1,,1,21,active,2026-08-18T10:00:00+05:30
far_b48e4027,flt_a7168e89,business,saver,24639.27,3942.28,INR,30,7,0,,0,31,active,2026-08-18T10:00:00+05:30
far_5b44b957,flt_84e90083,economy,promo,3099.52,495.92,INR,15,7,0,371.94,0,32,active,2026-08-18T10:00:00+05:30
far_d9369833,flt_c5eb05d8,economy,standard,6768.11,1082.90,INR,15,7,0,,0,72,active,2026-08-18T10:00:00+05:30
far_aaa0a9f2,flt_c5eb05d8,economy,corporate,7444.92,1191.19,INR,15,7,1,893.39,0,159,active,2026-08-18T10:00:00+05:30
far_ad6828f1,flt_c5eb05d8,business,promo,16365.30,2618.45,INR,30,7,0,1963.84,0,39,active,2026-08-18T10:00:00+05:30
far_2b62215e,flt_c5eb05d8,business,standard,20981.15,3356.98,INR,30,7,0,2517.74,0,23,active,2026-08-18T10:00:00+05:30
far_50f4b80e,flt_47a1f3eb,economy,saver,2110.60,337.70,INR,15,7,0,253.27,0,106,active,2026-08-18T10:00:00+05:30
far_e554aa72,flt_5013fcbd,economy,corporate,4189.03,670.24,INR,15,7,1,,0,26,active,2026-08-18T10:00:00+05:30
far_dcff0939,flt_812a4be3,economy,flex,1181.31,189.01,AED,15,7,1,,1,81,active,2026-08-18T10:00:00+05:30
far_78c973a4,flt_812a4be3,economy,saver,852.09,136.33,AED,15,7,0,102.25,0,99,active,2026-08-18T10:00:00+05:30
far_78aa6145,flt_812a4be3,business,saver,2641.48,422.64,AED,30,7,0,,0,36,active,2026-08-18T10:00:00+05:30
far_d9bacdf3,flt_812a4be3,business,flex,3662.05,585.93,AED,30,7,1,439.45,1,24,active,2026-08-18T10:00:00+05:30
far_ae919630,flt_4349dfd0,economy,corporate,6993.73,1119.00,INR,15,7,1,839.25,0,54,active,2026-08-18T10:00:00+05:30
far_b7d5d1a1,flt_4349dfd0,economy,standard,6357.93,1017.27,INR,15,7,0,762.95,0,145,active,2026-08-18T10:00:00+05:30
far_28c064ac,flt_4349dfd0,business,saver,17344.44,2775.11,INR,30,7,0,,0,10,active,2026-08-18T10:00:00+05:30
far_826d3211,flt_4349dfd0,business,promo,15373.48,2459.76,INR,30,7,0,1844.82,0,23,active,2026-08-18T10:00:00+05:30
far_e33bf245,flt_bfc1fd52,economy,saver,6764.58,1082.33,INR,15,7,0,,0,58,active,2026-08-18T10:00:00+05:30
far_2508d62d,flt_bfc1fd52,economy,standard,7687.02,1229.92,INR,15,7,0,922.44,0,45,active,2026-08-18T10:00:00+05:30
far_408cd645,flt_bfc1fd52,business,flex,29072.30,4651.57,INR,30,7,1,3488.68,1,28,active,2026-08-18T10:00:00+05:30
far_9f0c23ee,flt_bfc1fd52,business,saver,20970.19,3355.23,INR,30,7,0,2516.42,0,10,active,2026-08-18T10:00:00+05:30
far_5f754916,flt_b5031d0d,economy,promo,605.11,96.82,AED,15,7,0,,0,27,active,2026-08-18T10:00:00+05:30
far_12c35388,flt_b5031d0d,economy,corporate,853.36,136.54,AED,15,7,1,,0,47,active,2026-08-18T10:00:00+05:30
far_13aa3b8a,flt_b5031d0d,business,saver,2116.33,338.61,AED,30,7,0,253.96,0,24,active,2026-08-18T10:00:00+05:30
far_19c346ce,flt_b5031d0d,business,standard,2404.92,384.79,AED,30,7,0,288.59,0,7,active,2026-08-18T10:00:00+05:30
far_1654ffc2,flt_9c362688,economy,promo,12243.61,1958.98,INR,15,7,0,1469.23,0,72,active,2026-08-18T10:00:00+05:30
far_f88f6232,flt_9c362688,economy,corporate,17266.62,2762.66,INR,15,7,1,2071.99,0,80,active,2026-08-18T10:00:00+05:30
far_98d4ceca,flt_9c362688,business,standard,48660.49,7785.68,INR,30,7,0,,0,7,active,2026-08-18T10:00:00+05:30
far_29b9e651,flt_9c362688,business,saver,42821.23,6851.40,INR,30,7,0,5138.55,0,27,active,2026-08-18T10:00:00+05:30
far_2876fc7d,flt_16719881,economy,flex,7312113.52,1169938.16,IDR,15,7,1,877453.62,1,159,active,2026-08-18T10:00:00+05:30
far_1346364e,flt_16719881,economy,corporate,6592889.24,1054862.28,IDR,15,7,1,,0,32,active,2026-08-18T10:00:00+05:30
far_24449c9a,flt_16719881,business,promo,14492369.26,2318779.08,IDR,30,7,0,,0,39,active,2026-08-18T10:00:00+05:30
far_be8ea4d2,flt_16719881,business,corporate,20437956.65,3270073.06,IDR,30,7,1,,0,39,active,2026-08-18T10:00:00+05:30
far_e30bb5e2,flt_4b5cfd1d,economy,flex,10175.46,1628.07,INR,15,7,1,,1,41,active,2026-08-18T10:00:00+05:30
far_274dc3b6,flt_4b5cfd1d,economy,saver,7339.68,1174.35,INR,15,7,0,880.76,0,31,active,2026-08-18T10:00:00+05:30
far_c935a1c4,flt_4b5cfd1d,business,corporate,28441.26,4550.60,INR,30,7,1,,0,6,active,2026-08-18T10:00:00+05:30
far_0fa9719c,flt_4b5cfd1d,business,saver,22753.00,3640.48,INR,30,7,0,2730.36,0,30,active,2026-08-18T10:00:00+05:30
far_75a6ceff,flt_dbf2ee49,economy,standard,8457.10,1353.14,INR,15,7,0,1014.85,0,49,active,2026-08-18T10:00:00+05:30
far_576bcf37,flt_dbf2ee49,economy,promo,6596.54,1055.45,INR,15,7,0,,0,42,active,2026-08-18T10:00:00+05:30
far_7191f126,flt_dbf2ee49,business,standard,26217.00,4194.72,INR,30,7,0,3146.04,0,10,active,2026-08-18T10:00:00+05:30
far_42aa0057,flt_dbf2ee49,business,saver,23070.96,3691.35,INR,30,7,0,2768.52,0,21,active,2026-08-18T10:00:00+05:30
far_6f874f50,flt_22b7331a,economy,saver,3585.84,573.73,INR,15,7,0,430.30,0,113,active,2026-08-18T10:00:00+05:30
far_9372d7c3,flt_22b7331a,economy,promo,3178.36,508.54,INR,15,7,0,,0,145,active,2026-08-18T10:00:00+05:30
far_6803ec7c,flt_22b7331a,business,saver,11116.11,1778.58,INR,30,7,0,,0,15,active,2026-08-18T10:00:00+05:30
far_8335db00,flt_22b7331a,business,corporate,13895.13,2223.22,INR,30,7,1,1667.42,0,15,active,2026-08-18T10:00:00+05:30
far_68e69669,flt_3dd6070f,economy,promo,5022.79,803.65,INR,15,7,0,,0,161,active,2026-08-18T10:00:00+05:30
far_6efc36d0,flt_3dd6070f,economy,standard,6439.47,1030.32,INR,15,7,0,772.74,0,161,active,2026-08-18T10:00:00+05:30
far_f4a0ebed,flt_3dd6070f,business,corporate,21958.60,3513.38,INR,30,7,1,,0,22,active,2026-08-18T10:00:00+05:30
far_95d0e271,flt_3dd6070f,business,promo,15570.65,2491.30,INR,30,7,0,1868.48,0,27,active,2026-08-18T10:00:00+05:30
far_5f64ca79,flt_542dc0d1,economy,promo,5430.56,868.89,INR,15,7,0,651.67,0,165,active,2026-08-18T10:00:00+05:30
far_f112f952,flt_542dc0d1,economy,corporate,7658.49,1225.36,INR,15,7,1,,0,163,active,2026-08-18T10:00:00+05:30
far_29f3b6c4,flt_542dc0d1,business,corporate,23741.31,3798.61,INR,30,7,1,2848.96,0,17,active,2026-08-18T10:00:00+05:30
far_a3a63118,flt_542dc0d1,business,flex,26331.27,4213.00,INR,30,7,1,3159.75,1,13,active,2026-08-18T10:00:00+05:30
far_a48155bc,flt_6ed3b63c,economy,corporate,6861.95,1097.91,INR,15,7,1,823.43,0,99,active,2026-08-18T10:00:00+05:30
far_7eb08863,flt_6ed3b63c,economy,saver,5489.56,878.33,INR,15,7,0,658.75,0,48,active,2026-08-18T10:00:00+05:30
far_5d7aac27,flt_6ed3b63c,business,corporate,21272.06,3403.53,INR,30,7,1,,0,6,active,2026-08-18T10:00:00+05:30
far_e14d5c55,flt_6ed3b63c,business,flex,23592.65,3774.82,INR,30,7,1,2831.12,1,32,active,2026-08-18T10:00:00+05:30
far_a7abf681,flt_51079b86,economy,standard,6706.00,1072.96,INR,15,7,0,804.72,0,131,active,2026-08-18T10:00:00+05:30
far_b4e4ff6d,flt_51079b86,economy,corporate,7376.60,1180.26,INR,15,7,1,,0,21,active,2026-08-18T10:00:00+05:30
far_f8c3ac1d,flt_51079b86,business,saver,18293.96,2927.03,INR,30,7,0,2195.27,0,21,active,2026-08-18T10:00:00+05:30
far_b6b50615,flt_51079b86,business,corporate,22867.45,3658.79,INR,30,7,1,,0,26,active,2026-08-18T10:00:00+05:30
far_c40e0feb,flt_e4688e9b,economy,promo,5309.13,849.46,INR,15,7,0,637.10,0,157,active,2026-08-18T10:00:00+05:30
far_b875b0c8,flt_e4688e9b,economy,standard,6806.58,1089.05,INR,15,7,0,,0,127,active,2026-08-18T10:00:00+05:30
far_4acf5d34,flt_e4688e9b,business,saver,18568.34,2970.94,INR,30,7,0,2228.20,0,15,active,2026-08-18T10:00:00+05:30
far_cc7ee647,flt_e4688e9b,business,corporate,23210.43,3713.67,INR,30,7,1,2785.25,0,12,active,2026-08-18T10:00:00+05:30
far_85305cc2,flt_d572ac00,economy,corporate,9256.52,1481.04,INR,15,7,1,1110.78,0,136,active,2026-08-18T10:00:00+05:30
far_77f0299f,flt_d572ac00,economy,saver,7405.21,1184.83,INR,15,7,0,888.63,0,148,active,2026-08-18T10:00:00+05:30
far_46cf3989,flt_d572ac00,business,standard,26086.55,4173.85,INR,30,7,0,,0,9,active,2026-08-18T10:00:00+05:30
far_9ae94911,flt_d572ac00,business,corporate,28695.20,4591.23,INR,30,7,1,3443.42,0,13,active,2026-08-18T10:00:00+05:30
far_83e9f018,flt_3ade18e5,economy,corporate,7503.34,1200.54,INR,15,7,1,,0,116,active,2026-08-18T10:00:00+05:30
far_207a5362,flt_3ade18e5,economy,saver,6002.68,960.43,INR,15,7,0,720.32,0,85,active,2026-08-18T10:00:00+05:30
far_11750c55,flt_3ade18e5,business,promo,16493.71,2638.99,INR,30,7,0,,0,16,active,2026-08-18T10:00:00+05:30
far_27fe7612,flt_3ade18e5,business,standard,21145.79,3383.33,INR,30,7,0,2537.49,0,9,active,2026-08-18T10:00:00+05:30
far_4615c2f8,flt_8167bbf4,economy,saver,14509.27,2321.48,INR,15,7,0,,0,123,active,2026-08-18T10:00:00+05:30
far_841b6604,flt_8167bbf4,economy,corporate,18136.59,2901.85,INR,15,7,1,2176.39,0,157,active,2026-08-18T10:00:00+05:30
far_c6cdf074,flt_8167bbf4,business,flex,62356.90,9977.10,INR,30,7,1,7482.83,1,37,active,2026-08-18T10:00:00+05:30
far_87e32471,flt_8167bbf4,business,saver,44978.75,7196.60,INR,30,7,0,5397.45,0,34,active,2026-08-18T10:00:00+05:30
far_fa217404,flt_f4a5166e,economy,promo,4380.01,700.80,INR,15,7,0,,0,120,active,2026-08-18T10:00:00+05:30
far_23aa2352,flt_f4a5166e,economy,standard,5615.40,898.46,INR,15,7,0,,0,32,active,2026-08-18T10:00:00+05:30
far_c4411ebe,flt_f4a5166e,business,promo,13578.03,2172.48,INR,30,7,0,,0,39,active,2026-08-18T10:00:00+05:30
far_2949e9e6,flt_f4a5166e,business,standard,17407.72,2785.24,INR,30,7,0,2088.93,0,36,active,2026-08-18T10:00:00+05:30
far_9d0a5113,flt_17f8e115,economy,flex,9496.43,1519.43,INR,15,7,1,,1,98,active,2026-08-18T10:00:00+05:30
far_942c610f,flt_17f8e115,economy,standard,7783.96,1245.43,INR,15,7,0,934.07,0,148,active,2026-08-18T10:00:00+05:30
far_7a9359d1,flt_17f8e115,business,promo,18821.61,3011.46,INR,30,7,0,2258.59,0,8,active,2026-08-18T10:00:00+05:30
far_b4cd1094,flt_17f8e115,business,flex,29438.92,4710.23,INR,30,7,1,,1,18,active,2026-08-18T10:00:00+05:30
far_57f06517,flt_ed6c4311,economy,corporate,4192.61,670.82,INR,15,7,1,503.11,0,105,active,2026-08-18T10:00:00+05:30
far_e16cad26,flt_ed6c4311,economy,flex,4649.98,744.00,INR,15,7,1,,1,27,active,2026-08-18T10:00:00+05:30
far_469c91d5,flt_ed6c4311,business,promo,9216.11,1474.58,INR,30,7,0,1105.93,0,32,active,2026-08-18T10:00:00+05:30
far_10588455,flt_ed6c4311,business,standard,11815.53,1890.48,INR,30,7,0,1417.86,0,27,active,2026-08-18T10:00:00+05:30
far_64f74be0,flt_ae6a69f7,economy,promo,3136.63,501.86,INR,15,7,0,376.40,0,39,active,2026-08-18T10:00:00+05:30
far_de1a3816,flt_ae6a69f7,economy,saver,3538.76,566.20,INR,15,7,0,424.65,0,26,active,2026-08-18T10:00:00+05:30
far_b0280bb1,flt_ae6a69f7,business,corporate,13712.69,2194.03,INR,30,7,1,1645.52,0,22,active,2026-08-18T10:00:00+05:30
far_a86a0580,flt_ae6a69f7,business,flex,15208.62,2433.38,INR,30,7,1,1825.03,1,24,active,2026-08-18T10:00:00+05:30
far_f5ee7280,flt_764cc61d,economy,flex,1269.86,203.18,AED,15,7,1,152.38,1,42,active,2026-08-18T10:00:00+05:30
far_14b8da4c,flt_764cc61d,economy,standard,1040.87,166.54,AED,15,7,0,,0,155,active,2026-08-18T10:00:00+05:30
far_892f3064,flt_764cc61d,business,corporate,3549.37,567.90,AED,30,7,1,425.92,0,38,active,2026-08-18T10:00:00+05:30
far_6920efe9,flt_764cc61d,business,promo,2516.83,402.69,AED,30,7,0,,0,35,active,2026-08-18T10:00:00+05:30
far_f5dbde65,flt_cc14ff50,economy,flex,4592.19,734.75,INR,15,7,1,551.06,1,161,active,2026-08-18T10:00:00+05:30
far_0b33f269,flt_cc14ff50,economy,promo,2935.99,469.76,INR,15,7,0,352.32,0,109,active,2026-08-18T10:00:00+05:30
far_f7c4afff,flt_cc14ff50,business,promo,9101.58,1456.25,INR,30,7,0,1092.19,0,27,active,2026-08-18T10:00:00+05:30
far_67b86041,flt_cc14ff50,business,saver,10268.44,1642.95,INR,30,7,0,1232.21,0,30,active,2026-08-18T10:00:00+05:30
far_ba9d2598,flt_4b748217,economy,saver,13568.77,2171.00,INR,15,7,0,,0,64,active,2026-08-18T10:00:00+05:30
far_e180a7af,flt_4b748217,economy,flex,18811.25,3009.80,INR,15,7,1,2257.35,1,160,active,2026-08-18T10:00:00+05:30
far_1e8f244c,flt_4b748217,business,saver,42063.20,6730.11,INR,30,7,0,5047.58,0,23,active,2026-08-18T10:00:00+05:30
far_08ecd047,flt_4b748217,business,corporate,52578.99,8412.64,INR,30,7,1,,0,29,active,2026-08-18T10:00:00+05:30
far_a05bc9df,flt_977da928,economy,flex,6880.46,1100.87,INR,15,7,1,,1,30,active,2026-08-18T10:00:00+05:30
far_bf50ea25,flt_977da928,economy,corporate,6203.69,992.59,INR,15,7,1,,0,102,active,2026-08-18T10:00:00+05:30
far_e5ae80e2,flt_977da928,business,flex,21329.42,3412.71,INR,30,7,1,,1,28,active,2026-08-18T10:00:00+05:30
far_564f07ee,flt_977da928,business,promo,13636.84,2181.89,INR,30,7,0,1636.42,0,13,active,2026-08-18T10:00:00+05:30
far_a8cd00ad,flt_128aa841,economy,corporate,11043.35,1766.94,INR,15,7,1,1325.20,0,54,active,2026-08-18T10:00:00+05:30
far_0d749252,flt_128aa841,economy,promo,7830.74,1252.92,INR,15,7,0,,0,98,active,2026-08-18T10:00:00+05:30
far_fd18fa54,flt_128aa841,business,saver,27387.51,4382.00,INR,30,7,0,,0,36,active,2026-08-18T10:00:00+05:30
far_09f0423d,flt_128aa841,business,promo,24275.30,3884.05,INR,30,7,0,2913.04,0,38,active,2026-08-18T10:00:00+05:30
far_832dba55,flt_7624466e,economy,flex,11185.06,1789.61,INR,15,7,1,1342.21,1,43,active,2026-08-18T10:00:00+05:30
far_30a9209f,flt_7624466e,economy,standard,9168.08,1466.89,INR,15,7,0,,0,116,active,2026-08-18T10:00:00+05:30
far_5df2feff,flt_7624466e,business,saver,25010.53,4001.68,INR,30,7,0,3001.26,0,27,active,2026-08-18T10:00:00+05:30
far_1aa88ee3,flt_7624466e,business,flex,34673.69,5547.79,INR,30,7,1,4160.84,1,12,active,2026-08-18T10:00:00+05:30
far_1d86f3e3,flt_b08c9b09,economy,flex,18296.24,2927.40,INR,15,7,1,,1,105,active,2026-08-18T10:00:00+05:30
far_34907966,flt_b08c9b09,economy,promo,11697.60,1871.62,INR,15,7,0,1403.71,0,121,active,2026-08-18T10:00:00+05:30
far_c08564a0,flt_b08c9b09,business,flex,56718.35,9074.94,INR,30,7,1,,1,25,active,2026-08-18T10:00:00+05:30
far_49938423,flt_b08c9b09,business,corporate,51139.49,8182.32,INR,30,7,1,,0,13,active,2026-08-18T10:00:00+05:30
far_3423ed86,flt_e78e9296,economy,promo,378.95,60.63,AED,15,7,0,,0,81,active,2026-08-18T10:00:00+05:30
far_61e9a32c,flt_e78e9296,economy,corporate,534.42,85.51,AED,15,7,1,64.13,0,66,active,2026-08-18T10:00:00+05:30
far_c3f51863,flt_e78e9296,business,corporate,1656.70,265.07,AED,30,7,1,198.80,0,20,active,2026-08-18T10:00:00+05:30
far_8e708900,flt_e78e9296,business,saver,1325.36,212.06,AED,30,7,0,,0,23,active,2026-08-18T10:00:00+05:30
far_b43c6109,flt_f215ad71,economy,corporate,8614.26,1378.28,INR,15,7,1,,0,139,active,2026-08-18T10:00:00+05:30
far_23160c36,flt_f215ad71,economy,promo,6108.30,977.33,INR,15,7,0,733.00,0,168,active,2026-08-18T10:00:00+05:30
far_2e71476f,flt_f215ad71,business,saver,21363.38,3418.14,INR,30,7,0,2563.61,0,27,active,2026-08-18T10:00:00+05:30
far_0a34f00b,flt_f215ad71,business,promo,18935.72,3029.72,INR,30,7,0,2272.29,0,28,active,2026-08-18T10:00:00+05:30
far_936fb452,flt_3cd55d36,economy,promo,6395.93,1023.35,INR,15,7,0,767.51,0,49,active,2026-08-18T10:00:00+05:30
far_aa14da05,flt_350c113e,economy,saver,882.36,141.18,AED,15,7,0,105.88,0,97,active,2026-08-18T10:00:00+05:30
far_30b1cdfa,flt_350c113e,economy,promo,782.09,125.13,AED,15,7,0,93.85,0,96,active,2026-08-18T10:00:00+05:30
far_ad1dbadc,flt_350c113e,business,promo,2424.49,387.92,AED,30,7,0,290.94,0,20,active,2026-08-18T10:00:00+05:30
far_76376e7b,flt_350c113e,business,standard,3108.32,497.33,AED,30,7,0,,0,20,active,2026-08-18T10:00:00+05:30
far_68cad7b5,flt_3842258e,economy,promo,7209.87,1153.58,INR,15,7,0,,0,90,active,2026-08-18T10:00:00+05:30
far_96e8f686,flt_3842258e,economy,saver,8134.22,1301.47,INR,15,7,0,976.11,0,37,active,2026-08-18T10:00:00+05:30
far_49818fdc,flt_3842258e,business,standard,28654.63,4584.74,INR,30,7,0,,0,21,active,2026-08-18T10:00:00+05:30
far_e3b03349,flt_3842258e,business,corporate,31520.09,5043.21,INR,30,7,1,3782.41,0,35,active,2026-08-18T10:00:00+05:30
far_88249f31,flt_a72ae3a9,economy,saver,3620.26,579.24,INR,15,7,0,,0,165,active,2026-08-18T10:00:00+05:30
far_d48e5772,flt_a72ae3a9,economy,standard,4113.93,658.23,INR,15,7,0,493.67,0,142,active,2026-08-18T10:00:00+05:30
far_baa203c3,flt_a72ae3a9,business,corporate,14028.51,2244.56,INR,30,7,1,1683.42,0,39,active,2026-08-18T10:00:00+05:30
far_e6e15311,flt_a72ae3a9,business,promo,9947.49,1591.60,INR,30,7,0,,0,9,active,2026-08-18T10:00:00+05:30
far_d979340d,flt_ffd891fc,economy,saver,8030.68,1284.91,INR,15,7,0,963.68,0,152,active,2026-08-18T10:00:00+05:30
far_11f72bd6,flt_ffd891fc,economy,flex,11133.44,1781.35,INR,15,7,1,,1,57,active,2026-08-18T10:00:00+05:30
far_4dd0e537,flt_ffd891fc,business,standard,28289.88,4526.38,INR,30,7,0,3394.79,0,28,active,2026-08-18T10:00:00+05:30
far_8f19ca9a,flt_ffd891fc,business,flex,34513.66,5522.19,INR,30,7,1,,1,18,active,2026-08-18T10:00:00+05:30
far_70e76f11,flt_369f1706,economy,saver,4994.13,799.06,INR,15,7,0,599.30,0,84,active,2026-08-18T10:00:00+05:30
far_cdc05d26,flt_369f1706,economy,promo,4426.62,708.26,INR,15,7,0,,0,150,active,2026-08-18T10:00:00+05:30
far_bd378ace,flt_369f1706,business,standard,17592.97,2814.88,INR,30,7,0,2111.16,0,22,active,2026-08-18T10:00:00+05:30
far_d88c0b3f,flt_369f1706,business,flex,21463.42,3434.15,INR,30,7,1,2575.61,1,17,active,2026-08-18T10:00:00+05:30
far_f94d7b6a,flt_ab9831ee,economy,promo,5734.14,917.46,INR,15,7,0,688.10,0,116,active,2026-08-18T10:00:00+05:30
far_3d090343,flt_ab9831ee,economy,flex,8968.79,1435.01,INR,15,7,1,,1,51,active,2026-08-18T10:00:00+05:30
far_521640ca,flt_ab9831ee,business,corporate,25068.49,4010.96,INR,30,7,1,3008.22,0,18,active,2026-08-18T10:00:00+05:30
far_d2606f3a,flt_ab9831ee,business,flex,27803.24,4448.52,INR,30,7,1,,1,18,active,2026-08-18T10:00:00+05:30
far_039aeea4,flt_c6f1367a,economy,saver,1937652.54,310024.41,IDR,15,7,0,,0,166,active,2026-08-18T10:00:00+05:30
far_48175bcf,flt_c6f1367a,economy,corporate,2422065.67,387530.51,IDR,15,7,1,290647.88,0,95,active,2026-08-18T10:00:00+05:30
far_afa08e52,flt_c6f1367a,business,saver,6006722.87,961075.66,IDR,30,7,0,,0,9,active,2026-08-18T10:00:00+05:30
far_771f561e,flt_c6f1367a,business,flex,8327502.16,1332400.35,IDR,30,7,1,999300.26,1,6,active,2026-08-18T10:00:00+05:30
far_2c16d2d2,flt_664c8178,economy,flex,3674.96,587.99,INR,15,7,1,,1,78,active,2026-08-18T10:00:00+05:30
far_501e06f8,flt_664c8178,economy,corporate,3313.49,530.16,INR,15,7,1,,0,28,active,2026-08-18T10:00:00+05:30
far_f910d006,flt_664c8178,business,promo,7283.66,1165.39,INR,30,7,0,874.04,0,6,active,2026-08-18T10:00:00+05:30
far_893f4c7e,flt_664c8178,business,standard,9338.02,1494.08,INR,30,7,0,,0,22,active,2026-08-18T10:00:00+05:30
far_0a525710,flt_90b9b6fb,economy,standard,6677.96,1068.47,INR,15,7,0,801.35,0,27,active,2026-08-18T10:00:00+05:30
far_d86722c8,flt_90b9b6fb,economy,flex,8147.11,1303.54,INR,15,7,1,977.65,1,91,active,2026-08-18T10:00:00+05:30
far_80f0dfcf,flt_90b9b6fb,business,standard,20701.66,3312.27,INR,30,7,0,,0,27,active,2026-08-18T10:00:00+05:30
far_fecae894,flt_90b9b6fb,business,flex,25256.03,4040.96,INR,30,7,1,3030.72,1,30,active,2026-08-18T10:00:00+05:30
far_12610d95,flt_39aac8f9,economy,corporate,6035.47,965.68,INR,15,7,1,,0,167,active,2026-08-18T10:00:00+05:30
far_9d1e315e,flt_840ddc92,economy,corporate,5961.70,953.87,INR,15,7,1,715.40,0,87,active,2026-08-18T10:00:00+05:30
far_f019dcb4,flt_840ddc92,economy,promo,4227.38,676.38,INR,15,7,0,,0,48,active,2026-08-18T10:00:00+05:30
far_7b7a9207,flt_840ddc92,business,standard,16801.14,2688.18,INR,30,7,0,2016.14,0,8,active,2026-08-18T10:00:00+05:30
far_1b86e6ae,flt_840ddc92,business,flex,20497.39,3279.58,INR,30,7,1,2459.69,1,11,active,2026-08-18T10:00:00+05:30
far_7252ca4f,flt_4ed7ac92,economy,saver,4010.07,641.61,THB,15,7,0,,0,72,active,2026-08-18T10:00:00+05:30
far_83ce246a,flt_4ed7ac92,economy,promo,3554.38,568.70,THB,15,7,0,,0,62,active,2026-08-18T10:00:00+05:30
far_4ddce1fa,flt_4ed7ac92,business,corporate,15539.03,2486.25,THB,30,7,1,1864.68,0,12,active,2026-08-18T10:00:00+05:30
far_aa57f7a8,flt_4ed7ac92,business,saver,12431.23,1989.00,THB,30,7,0,1491.75,0,32,active,2026-08-18T10:00:00+05:30
far_a96b1b98,flt_e20b2408,economy,standard,2983.52,477.36,INR,15,7,0,358.02,0,80,active,2026-08-18T10:00:00+05:30
far_765c1e28,flt_e20b2408,economy,flex,3639.90,582.38,INR,15,7,1,,1,93,active,2026-08-18T10:00:00+05:30
far_d7d9d767,flt_e20b2408,business,saver,8139.05,1302.25,INR,30,7,0,976.69,0,26,active,2026-08-18T10:00:00+05:30
far_3a256a99,flt_e20b2408,business,corporate,10173.81,1627.81,INR,30,7,1,1220.86,0,17,active,2026-08-18T10:00:00+05:30
far_c332a03d,flt_786da581,economy,promo,181.13,28.98,SGD,15,7,0,,0,138,active,2026-08-18T10:00:00+05:30
far_8ff29ac9,flt_e5fe16f6,economy,promo,15390.05,2462.41,INR,15,7,0,,0,39,active,2026-08-18T10:00:00+05:30
far_d5a216f1,flt_e4e04ca5,economy,corporate,15662.98,2506.08,INR,15,7,1,,0,97,active,2026-08-18T10:00:00+05:30
far_fa88de5c,flt_e4e04ca5,economy,standard,14239.07,2278.25,INR,15,7,0,1708.69,0,75,active,2026-08-18T10:00:00+05:30
far_52896d56,flt_e4e04ca5,business,flex,53852.17,8616.35,INR,30,7,1,,1,11,active,2026-08-18T10:00:00+05:30
far_0d0ff4e6,flt_e4e04ca5,business,standard,44141.13,7062.58,INR,30,7,0,5296.94,0,27,active,2026-08-18T10:00:00+05:30
far_cee0f317,flt_f1782e19,economy,standard,4099246.75,655879.48,IDR,15,7,0,,0,107,active,2026-08-18T10:00:00+05:30
far_e0ecb1c9,flt_f1782e19,economy,flex,5001081.03,800172.97,IDR,15,7,1,600129.72,1,139,active,2026-08-18T10:00:00+05:30
far_6d1e62bf,flt_f1782e19,business,promo,9911978.64,1585916.58,IDR,30,7,0,1189437.44,0,17,active,2026-08-18T10:00:00+05:30
far_d8149722,flt_f1782e19,business,corporate,13978431.41,2236549.03,IDR,30,7,1,1677411.77,0,28,active,2026-08-18T10:00:00+05:30
far_43f3a062,flt_01b3ecf6,economy,promo,3552099.49,568335.92,IDR,15,7,0,,0,168,active,2026-08-18T10:00:00+05:30
far_bd757e91,flt_01b3ecf6,economy,saver,4007496.86,641199.50,IDR,15,7,0,480899.62,0,22,active,2026-08-18T10:00:00+05:30
far_a83f55cf,flt_01b3ecf6,business,corporate,15529050.32,2484648.05,IDR,30,7,1,,0,8,active,2026-08-18T10:00:00+05:30
far_bd619b94,flt_01b3ecf6,business,promo,11011508.41,1761841.35,IDR,30,7,0,,0,37,active,2026-08-18T10:00:00+05:30
far_0dd60cb6,flt_1ebd37fb,economy,promo,4479.65,716.74,INR,15,7,0,,0,87,active,2026-08-18T10:00:00+05:30
far_f1685823,flt_1ebd37fb,economy,saver,5053.97,808.63,INR,15,7,0,606.48,0,126,active,2026-08-18T10:00:00+05:30
far_838d62c0,flt_1ebd37fb,business,saver,15667.30,2506.77,INR,30,7,0,1880.08,0,36,active,2026-08-18T10:00:00+05:30
far_a02f45e1,flt_1ebd37fb,business,standard,17803.75,2848.60,INR,30,7,0,2136.45,0,39,active,2026-08-18T10:00:00+05:30
far_65163d41,flt_0f8336f7,economy,saver,3986.10,637.78,THB,15,7,0,478.33,0,90,active,2026-08-18T10:00:00+05:30
far_e8aa1aef,flt_0f8336f7,economy,flex,5526.19,884.19,THB,15,7,1,663.14,1,47,active,2026-08-18T10:00:00+05:30
far_d6127499,flt_0f8336f7,business,corporate,15446.15,2471.38,THB,30,7,1,1853.54,0,14,active,2026-08-18T10:00:00+05:30
far_2be8fa43,flt_0f8336f7,business,standard,14041.96,2246.71,THB,30,7,0,,0,38,active,2026-08-18T10:00:00+05:30
far_bb210f09,flt_e4cac288,economy,promo,2077.92,332.47,INR,15,7,0,249.35,0,84,active,2026-08-18T10:00:00+05:30
far_b5d8616f,flt_82f1a44a,economy,flex,5739.26,918.28,INR,15,7,1,,1,118,active,2026-08-18T10:00:00+05:30
far_5d84853d,flt_82f1a44a,economy,promo,3669.36,587.10,INR,15,7,0,440.32,0,25,active,2026-08-18T10:00:00+05:30
far_880fa6b3,flt_82f1a44a,business,saver,12833.36,2053.34,INR,30,7,0,1540.00,0,35,active,2026-08-18T10:00:00+05:30
far_4c5b82ab,flt_82f1a44a,business,flex,17791.71,2846.67,INR,30,7,1,2135.00,1,6,active,2026-08-18T10:00:00+05:30
far_b99f9bd3,flt_d4a6780a,economy,corporate,268.65,42.98,SGD,15,7,1,,0,162,active,2026-08-18T10:00:00+05:30
far_fc057c11,flt_d4a6780a,economy,promo,190.50,30.48,SGD,15,7,0,,0,34,active,2026-08-18T10:00:00+05:30
far_aa982413,flt_d4a6780a,business,corporate,832.81,133.25,SGD,30,7,1,99.94,0,37,active,2026-08-18T10:00:00+05:30
far_0cc3f621,flt_d4a6780a,business,saver,666.25,106.60,SGD,30,7,0,79.95,0,19,active,2026-08-18T10:00:00+05:30
far_ded5f058,flt_8d813591,economy,standard,8657.43,1385.19,INR,15,7,0,1038.89,0,169,active,2026-08-18T10:00:00+05:30
far_e06fcb30,flt_8d813591,economy,promo,6752.80,1080.45,INR,15,7,0,,0,36,active,2026-08-18T10:00:00+05:30
far_71ea7ddd,flt_8d813591,business,corporate,29521.85,4723.50,INR,30,7,1,,0,34,active,2026-08-18T10:00:00+05:30
far_762122e3,flt_8d813591,business,promo,20933.68,3349.39,INR,30,7,0,,0,15,active,2026-08-18T10:00:00+05:30
far_4ec82481,flt_ade2e185,economy,standard,11673.43,1867.75,INR,15,7,0,1400.81,0,45,active,2026-08-18T10:00:00+05:30
far_efdfd250,flt_ade2e185,economy,promo,9105.27,1456.84,INR,15,7,0,,0,126,active,2026-08-18T10:00:00+05:30
far_bb8a93c9,flt_ade2e185,business,flex,44148.90,7063.82,INR,30,7,1,,1,37,active,2026-08-18T10:00:00+05:30
far_2d4dff5c,flt_ade2e185,business,saver,31845.11,5095.22,INR,30,7,0,,0,13,active,2026-08-18T10:00:00+05:30
far_281d8f71,flt_fe5bf4f3,economy,standard,4061.57,649.85,INR,15,7,0,,0,93,active,2026-08-18T10:00:00+05:30
far_21240be2,flt_fe5bf4f3,economy,corporate,4467.72,714.84,INR,15,7,1,536.13,0,52,active,2026-08-18T10:00:00+05:30
far_4573bfe8,flt_fe5bf4f3,business,standard,12590.86,2014.54,INR,30,7,0,1510.90,0,18,active,2026-08-18T10:00:00+05:30
far_1e266663,flt_fe5bf4f3,business,promo,9820.87,1571.34,INR,30,7,0,1178.50,0,19,active,2026-08-18T10:00:00+05:30
far_e54260fd,flt_858f74b4,economy,standard,229.95,36.79,SGD,15,7,0,,0,44,active,2026-08-18T10:00:00+05:30
far_78ecb8af,flt_858f74b4,economy,saver,202.36,32.38,SGD,15,7,0,24.28,0,112,active,2026-08-18T10:00:00+05:30
far_9089bf25,flt_858f74b4,business,standard,712.84,114.06,SGD,30,7,0,85.54,0,23,active,2026-08-18T10:00:00+05:30
far_6e6a1529,flt_858f74b4,business,promo,556.02,88.96,SGD,30,7,0,66.72,0,20,active,2026-08-18T10:00:00+05:30
far_0f9e1782,flt_179be0d7,economy,standard,2928.48,468.56,THB,15,7,0,351.42,0,78,active,2026-08-18T10:00:00+05:30
far_8e0c6827,flt_179be0d7,economy,flex,3572.74,571.64,THB,15,7,1,,1,84,active,2026-08-18T10:00:00+05:30
far_73b167b4,flt_179be0d7,business,standard,9078.28,1452.53,THB,30,7,0,,0,10,active,2026-08-18T10:00:00+05:30
far_0a74bebf,flt_179be0d7,business,promo,7081.06,1132.97,THB,30,7,0,849.73,0,11,active,2026-08-18T10:00:00+05:30
far_707b7b18,flt_6ba0e8e9,economy,flex,3608.36,577.34,INR,15,7,1,,1,29,active,2026-08-18T10:00:00+05:30
far_75b3abff,flt_191045aa,economy,saver,339.71,54.35,AED,15,7,0,40.77,0,103,active,2026-08-18T10:00:00+05:30
far_9ea40147,flt_5e9e5370,economy,saver,969.32,155.09,MYR,15,7,0,116.32,0,123,active,2026-08-18T10:00:00+05:30
far_d32229e6,flt_5e9e5370,economy,promo,859.17,137.47,MYR,15,7,0,,0,52,active,2026-08-18T10:00:00+05:30
far_859a8e33,flt_5e9e5370,business,corporate,3756.11,600.98,MYR,30,7,1,450.73,0,31,active,2026-08-18T10:00:00+05:30
far_affe7cef,flt_5e9e5370,business,flex,4165.86,666.54,MYR,30,7,1,499.90,1,37,active,2026-08-18T10:00:00+05:30
far_66091f79,flt_23291abb,economy,flex,5215409.07,834465.45,IDR,15,7,1,625849.09,1,160,active,2026-08-18T10:00:00+05:30
far_d3dca4fd,flt_23291abb,economy,standard,4274925.47,683988.07,IDR,15,7,0,512991.06,0,80,active,2026-08-18T10:00:00+05:30
far_871f802f,flt_23291abb,business,flex,16167768.11,2586842.90,IDR,30,7,1,,1,37,active,2026-08-18T10:00:00+05:30
far_49991d57,flt_23291abb,business,corporate,14577495.84,2332399.33,IDR,30,7,1,1749299.50,0,7,active,2026-08-18T10:00:00+05:30
far_8a313ccd,flt_04c9fcf4,economy,promo,4461322.54,713811.61,IDR,15,7,0,535358.71,0,162,active,2026-08-18T10:00:00+05:30
far_12900f90,flt_04c9fcf4,economy,corporate,6291608.71,1006657.39,IDR,15,7,1,,0,124,active,2026-08-18T10:00:00+05:30
far_0e3e9143,flt_04c9fcf4,business,standard,17730897.29,2836943.57,IDR,30,7,0,,0,38,active,2026-08-18T10:00:00+05:30
far_d20f5332,flt_04c9fcf4,business,flex,21631694.69,3461071.15,IDR,30,7,1,,1,21,active,2026-08-18T10:00:00+05:30
far_7dbd1939,flt_457c0a13,economy,standard,6104.35,976.70,INR,15,7,0,732.52,0,98,active,2026-08-18T10:00:00+05:30
far_cd70a0bc,flt_457c0a13,economy,promo,4761.40,761.82,INR,15,7,0,,0,48,active,2026-08-18T10:00:00+05:30
far_affcf279,flt_457c0a13,business,flex,23086.67,3693.87,INR,30,7,1,,1,19,active,2026-08-18T10:00:00+05:30
far_83ebf04d,flt_457c0a13,business,saver,16652.68,2664.43,INR,30,7,0,,0,35,active,2026-08-18T10:00:00+05:30
far_2c698a75,flt_2fcc5c54,economy,standard,1522.33,243.57,INR,15,7,0,182.68,0,68,active,2026-08-18T10:00:00+05:30
far_8aba1765,flt_2fcc5c54,economy,saver,1339.65,214.34,INR,15,7,0,,0,26,active,2026-08-18T10:00:00+05:30
far_dc51223b,flt_2fcc5c54,business,corporate,5191.13,830.58,INR,30,7,1,,0,26,active,2026-08-18T10:00:00+05:30
far_0602b772,flt_2fcc5c54,business,promo,3680.99,588.96,INR,30,7,0,441.72,0,19,active,2026-08-18T10:00:00+05:30
far_1b435390,flt_117f4283,economy,corporate,165.56,26.49,MYR,15,7,1,,0,47,active,2026-08-18T10:00:00+05:30
far_d63bbf6a,flt_117f4283,economy,saver,132.45,21.19,MYR,15,7,0,15.89,0,58,active,2026-08-18T10:00:00+05:30
far_40a1cf4c,flt_117f4283,business,corporate,513.23,82.12,MYR,30,7,1,61.59,0,31,active,2026-08-18T10:00:00+05:30
far_aa22b1bc,flt_117f4283,business,promo,363.92,58.23,MYR,30,7,0,,0,10,active,2026-08-18T10:00:00+05:30
far_f948fa0c,flt_714c0f12,economy,corporate,6170.62,987.30,INR,15,7,1,740.47,0,132,active,2026-08-18T10:00:00+05:30
far_00575fbf,flt_714c0f12,economy,standard,5609.65,897.54,INR,15,7,0,673.16,0,51,active,2026-08-18T10:00:00+05:30
far_7e343a18,flt_714c0f12,business,corporate,19128.92,3060.63,INR,30,7,1,,0,17,active,2026-08-18T10:00:00+05:30
far_d0047741,flt_714c0f12,business,standard,17389.92,2782.39,INR,30,7,0,,0,11,active,2026-08-18T10:00:00+05:30
far_322421dc,flt_d0f5b812,economy,flex,21270.80,3403.33,INR,15,7,1,2552.50,1,36,active,2026-08-18T10:00:00+05:30
far_5d9e9783,flt_d0f5b812,economy,promo,13599.36,2175.90,INR,15,7,0,,0,78,active,2026-08-18T10:00:00+05:30
far_0a87d082,flt_d0f5b812,business,flex,65939.47,10550.32,INR,30,7,1,7912.74,1,4,active,2026-08-18T10:00:00+05:30
far_fb588aa7,flt_d0f5b812,business,corporate,59453.62,9512.58,INR,30,7,1,7134.43,0,17,active,2026-08-18T10:00:00+05:30
far_2811236f,flt_92f2f234,economy,flex,5130.25,820.84,INR,15,7,1,615.63,1,58,active,2026-08-18T10:00:00+05:30
far_53a1e1e6,flt_92f2f234,economy,standard,4205.13,672.82,INR,15,7,0,504.62,0,109,active,2026-08-18T10:00:00+05:30
far_e0a1c2d1,flt_92f2f234,business,saver,11471.59,1835.45,INR,30,7,0,1376.59,0,29,active,2026-08-18T10:00:00+05:30
far_6d8c4426,flt_92f2f234,business,flex,15903.79,2544.61,INR,30,7,1,1908.45,1,13,active,2026-08-18T10:00:00+05:30
far_da6cd1d8,flt_c13b6934,economy,promo,12968.26,2074.92,INR,15,7,0,1556.19,0,131,active,2026-08-18T10:00:00+05:30
far_18441294,flt_c13b6934,economy,standard,16625.97,2660.16,INR,15,7,0,1995.12,0,71,active,2026-08-18T10:00:00+05:30
far_187c6c2e,flt_c13b6934,business,standard,51540.50,8246.48,INR,30,7,0,6184.86,0,8,active,2026-08-18T10:00:00+05:30
far_437dd08a,flt_c13b6934,business,saver,45355.64,7256.90,INR,30,7,0,,0,30,active,2026-08-18T10:00:00+05:30
far_48cc1ef8,flt_b7f00aaa,economy,promo,4217.44,674.79,THB,15,7,0,,0,165,active,2026-08-18T10:00:00+05:30
far_6fcd50f5,flt_b7f00aaa,economy,saver,4758.14,761.30,THB,15,7,0,,0,44,active,2026-08-18T10:00:00+05:30
far_a2a6ce3e,flt_b7f00aaa,business,corporate,18437.80,2950.05,THB,30,7,1,,0,37,active,2026-08-18T10:00:00+05:30
far_784bda72,flt_b7f00aaa,business,promo,13074.08,2091.85,THB,30,7,0,1568.89,0,18,active,2026-08-18T10:00:00+05:30
far_b3d3fdac,flt_41b76b13,economy,saver,377.50,60.40,AED,15,7,0,45.30,0,136,active,2026-08-18T10:00:00+05:30
far_86c9b855,flt_76a518a0,economy,standard,536.03,85.76,AED,15,7,0,64.32,0,68,active,2026-08-18T10:00:00+05:30
far_fa53deb9,flt_76a518a0,economy,corporate,589.63,94.34,AED,15,7,1,70.76,0,127,active,2026-08-18T10:00:00+05:30
far_d9fcfbfc,flt_76a518a0,business,corporate,1827.85,292.46,AED,30,7,1,,0,31,active,2026-08-18T10:00:00+05:30
far_580d6016,flt_76a518a0,business,saver,1462.28,233.96,AED,30,7,0,175.47,0,18,active,2026-08-18T10:00:00+05:30
far_55b39f37,flt_b632adfe,economy,saver,7961.00,1273.76,INR,15,7,0,955.32,0,105,active,2026-08-18T10:00:00+05:30
far_0c182a33,flt_b632adfe,economy,standard,9046.60,1447.46,INR,15,7,0,1085.59,0,34,active,2026-08-18T10:00:00+05:30
far_351d3321,flt_b632adfe,business,corporate,30848.89,4935.82,INR,30,7,1,,0,12,active,2026-08-18T10:00:00+05:30
far_ce6fdaac,flt_b632adfe,business,saver,24679.11,3948.66,INR,30,7,0,,0,13,active,2026-08-18T10:00:00+05:30
far_4a20b0f1,flt_738b584c,economy,corporate,16644.57,2663.13,INR,15,7,1,1997.35,0,135,active,2026-08-18T10:00:00+05:30
far_7d2b491b,flt_738b584c,economy,saver,13315.66,2130.51,INR,15,7,0,1597.88,0,41,active,2026-08-18T10:00:00+05:30
far_138cd026,flt_738b584c,business,saver,41278.54,6604.57,INR,30,7,0,4953.43,0,29,active,2026-08-18T10:00:00+05:30
far_6d6f5428,flt_738b584c,business,standard,46907.43,7505.19,INR,30,7,0,5628.89,0,36,active,2026-08-18T10:00:00+05:30
far_d53d4113,flt_fd35edc5,economy,flex,757.46,121.19,AED,15,7,1,,1,53,active,2026-08-18T10:00:00+05:30
far_58cb827f,flt_fd35edc5,economy,standard,620.87,99.34,AED,15,7,0,,0,152,active,2026-08-18T10:00:00+05:30
far_e19f957c,flt_fd35edc5,business,standard,1924.68,307.95,AED,30,7,0,230.96,0,27,active,2026-08-18T10:00:00+05:30
far_5030597d,flt_fd35edc5,business,promo,1501.25,240.20,AED,30,7,0,,0,10,active,2026-08-18T10:00:00+05:30
far_c23accaa,flt_78f63e0f,economy,flex,7712.69,1234.03,INR,15,7,1,,1,54,active,2026-08-18T10:00:00+05:30
far_092f34c9,flt_78f63e0f,economy,standard,6321.88,1011.50,INR,15,7,0,,0,34,active,2026-08-18T10:00:00+05:30
far_2cc0c81c,flt_78f63e0f,business,saver,17246.09,2759.37,INR,30,7,0,2069.53,0,28,active,2026-08-18T10:00:00+05:30
far_0378eae8,flt_78f63e0f,business,corporate,21557.61,3449.22,INR,30,7,1,2586.91,0,17,active,2026-08-18T10:00:00+05:30
far_38058fc8,flt_ee2910f0,economy,promo,2096.88,335.50,INR,15,7,0,,0,84,active,2026-08-18T10:00:00+05:30
far_c3d19afd,flt_c4fdfdb3,economy,corporate,5874.72,939.95,INR,15,7,1,704.97,0,103,active,2026-08-18T10:00:00+05:30
far_0363f937,flt_2989f5d3,economy,standard,7503.87,1200.62,INR,15,7,0,900.46,0,132,active,2026-08-18T10:00:00+05:30
far_02536825,flt_2989f5d3,economy,promo,5853.02,936.48,INR,15,7,0,702.36,0,155,active,2026-08-18T10:00:00+05:30
far_90522681,flt_2989f5d3,business,promo,18144.35,2903.10,INR,30,7,0,2177.32,0,22,active,2026-08-18T10:00:00+05:30
far_5402ab4d,flt_2989f5d3,business,saver,20470.55,3275.29,INR,30,7,0,2456.47,0,25,active,2026-08-18T10:00:00+05:30
far_604b5f2d,flt_c113ca81,economy,standard,12092.91,1934.87,INR,15,7,0,,0,33,active,2026-08-18T10:00:00+05:30
far_13eb2602,flt_c113ca81,economy,promo,9432.47,1509.20,INR,15,7,0,1131.90,0,45,active,2026-08-18T10:00:00+05:30
far_0e41c801,flt_c113ca81,business,saver,32989.46,5278.31,INR,30,7,0,,0,25,active,2026-08-18T10:00:00+05:30
far_49d338c0,flt_c113ca81,business,standard,37488.02,5998.08,INR,30,7,0,4498.56,0,4,active,2026-08-18T10:00:00+05:30
far_bc8ec0c4,flt_b9099153,economy,corporate,535.39,85.66,AED,15,7,1,,0,45,active,2026-08-18T10:00:00+05:30
far_446278c7,flt_b9099153,economy,standard,486.72,77.87,AED,15,7,0,,0,95,active,2026-08-18T10:00:00+05:30
far_84aa0ab7,flt_b9099153,business,standard,1508.82,241.41,AED,30,7,0,181.06,0,18,active,2026-08-18T10:00:00+05:30
far_9f586e9a,flt_b9099153,business,promo,1176.88,188.30,AED,30,7,0,141.23,0,36,active,2026-08-18T10:00:00+05:30
far_1b38bd3f,flt_5eef6c66,economy,saver,3566.97,570.71,INR,15,7,0,428.04,0,20,active,2026-08-18T10:00:00+05:30
far_2578665b,flt_5eef6c66,economy,promo,3161.63,505.86,INR,15,7,0,,0,74,active,2026-08-18T10:00:00+05:30
far_4ddea2a7,flt_5eef6c66,business,promo,9801.05,1568.17,INR,30,7,0,,0,31,active,2026-08-18T10:00:00+05:30
far_1d51036b,flt_5eef6c66,business,saver,11057.60,1769.22,INR,30,7,0,,0,15,active,2026-08-18T10:00:00+05:30
far_efa7efe5,flt_04cc4c90,economy,standard,587.10,93.94,AED,15,7,0,,0,65,active,2026-08-18T10:00:00+05:30
far_737da4ae,flt_04cc4c90,economy,promo,457.94,73.27,AED,15,7,0,,0,163,active,2026-08-18T10:00:00+05:30
far_a2c118b2,flt_04cc4c90,business,flex,2220.41,355.27,AED,30,7,1,266.45,1,37,active,2026-08-18T10:00:00+05:30
far_60e67382,flt_04cc4c90,business,saver,1601.61,256.26,AED,30,7,0,192.19,0,38,active,2026-08-18T10:00:00+05:30
far_f63434d8,flt_2941367b,economy,flex,7476.00,1196.16,INR,15,7,1,,1,22,active,2026-08-18T10:00:00+05:30
far_f61aea49,flt_2941367b,economy,corporate,6740.65,1078.50,INR,15,7,1,,0,53,active,2026-08-18T10:00:00+05:30
far_e88ef203,flt_2941367b,business,saver,16716.82,2674.69,INR,30,7,0,2006.02,0,19,active,2026-08-18T10:00:00+05:30
far_a50e6dcf,flt_2941367b,business,flex,23175.59,3708.09,INR,30,7,1,,1,6,active,2026-08-18T10:00:00+05:30
far_99661df0,flt_bdab855c,economy,flex,8988.02,1438.08,INR,15,7,1,1078.56,1,168,active,2026-08-18T10:00:00+05:30
far_b550bf7c,flt_bdab855c,economy,standard,7367.23,1178.76,INR,15,7,0,,0,137,active,2026-08-18T10:00:00+05:30
far_ff94a368,flt_bdab855c,business,corporate,25122.25,4019.56,INR,30,7,1,3014.67,0,31,active,2026-08-18T10:00:00+05:30
far_5506d2a5,flt_bdab855c,business,standard,22838.41,3654.15,INR,30,7,0,2740.61,0,30,active,2026-08-18T10:00:00+05:30
far_fe917362,flt_48b13917,economy,corporate,8859.15,1417.46,INR,15,7,1,1063.10,0,61,active,2026-08-18T10:00:00+05:30
far_78bc0be2,flt_48b13917,economy,promo,6281.95,1005.11,INR,15,7,0,753.83,0,115,active,2026-08-18T10:00:00+05:30
far_3ab94be2,flt_48b13917,business,saver,21970.70,3515.31,INR,30,7,0,,0,12,active,2026-08-18T10:00:00+05:30
far_55814b78,flt_48b13917,business,standard,24966.71,3994.67,INR,30,7,0,,0,22,active,2026-08-18T10:00:00+05:30
far_45069ace,flt_f6d31fc1,economy,saver,13473.29,2155.73,INR,15,7,0,1616.79,0,75,active,2026-08-18T10:00:00+05:30
far_0503b3ea,flt_f6d31fc1,economy,standard,15310.55,2449.69,INR,15,7,0,,0,157,active,2026-08-18T10:00:00+05:30
far_b63b4fa7,flt_f6d31fc1,business,corporate,52208.99,8353.44,INR,30,7,1,6265.08,0,31,active,2026-08-18T10:00:00+05:30
far_4aad24fa,flt_f6d31fc1,business,flex,57904.51,9264.72,INR,30,7,1,6948.54,1,7,active,2026-08-18T10:00:00+05:30
far_28fe755c,flt_09654e55,economy,promo,11284.45,1805.51,INR,15,7,0,,0,85,active,2026-08-18T10:00:00+05:30
far_ab2e4c62,flt_09654e55,economy,saver,12731.17,2036.99,INR,15,7,0,1527.74,0,22,active,2026-08-18T10:00:00+05:30
far_11fff83f,flt_09654e55,business,standard,44848.46,7175.75,INR,30,7,0,5381.81,0,38,active,2026-08-18T10:00:00+05:30
far_db89d91d,flt_09654e55,business,saver,39466.64,6314.66,INR,30,7,0,4736.00,0,20,active,2026-08-18T10:00:00+05:30
far_e1616f5a,flt_8e01d6e5,economy,standard,7425.01,1188.00,INR,15,7,0,,0,129,active,2026-08-18T10:00:00+05:30
far_dfc07284,flt_8e01d6e5,economy,flex,9058.51,1449.36,INR,15,7,1,,1,78,active,2026-08-18T10:00:00+05:30
far_92ebd70c,flt_8e01d6e5,business,promo,17953.68,2872.59,INR,30,7,0,2154.44,0,30,active,2026-08-18T10:00:00+05:30
far_6b8c7b32,flt_8e01d6e5,business,corporate,25319.29,4051.09,INR,30,7,1,3038.31,0,22,active,2026-08-18T10:00:00+05:30
far_4ae40661,flt_4446ed44,economy,standard,7168.02,1146.88,INR,15,7,0,,0,139,active,2026-08-18T10:00:00+05:30
far_c744128c,flt_4446ed44,economy,corporate,7884.82,1261.57,INR,15,7,1,946.18,0,43,active,2026-08-18T10:00:00+05:30
far_956703bd,flt_4446ed44,business,promo,17332.27,2773.16,INR,30,7,0,2079.87,0,20,active,2026-08-18T10:00:00+05:30
far_fdb2902a,flt_4446ed44,business,standard,22220.86,3555.34,INR,30,7,0,2666.50,0,38,active,2026-08-18T10:00:00+05:30
far_270d2375,flt_04d29e1d,economy,promo,3616.74,578.68,INR,15,7,0,434.01,0,39,active,2026-08-18T10:00:00+05:30
far_5d331ddf,flt_04d29e1d,economy,corporate,5100.53,816.09,INR,15,7,1,,0,152,active,2026-08-18T10:00:00+05:30
far_2000da4f,flt_04d29e1d,business,standard,14374.23,2299.88,INR,30,7,0,1724.91,0,9,active,2026-08-18T10:00:00+05:30
far_49c27de0,flt_04d29e1d,business,promo,11211.90,1793.90,INR,30,7,0,,0,29,active,2026-08-18T10:00:00+05:30
far_cd653601,flt_4f878c3a,economy,corporate,1980.45,316.87,INR,15,7,1,,0,40,active,2026-08-18T10:00:00+05:30
far_03cbaa93,flt_6a7e9c1e,economy,corporate,3472.26,555.56,INR,15,7,1,416.67,0,87,active,2026-08-18T10:00:00+05:30
far_8bdf64e1,flt_6a7e9c1e,economy,flex,3851.05,616.17,INR,15,7,1,,1,117,active,2026-08-18T10:00:00+05:30
far_ad9ccbee,flt_6a7e9c1e,business,standard,9785.46,1565.67,INR,30,7,0,,0,22,active,2026-08-18T10:00:00+05:30
far_e6b10c2d,flt_6a7e9c1e,business,saver,8611.21,1377.79,INR,30,7,0,1033.35,0,20,active,2026-08-18T10:00:00+05:30
far_1324b24b,flt_7e47a875,economy,standard,3881664.82,621066.37,IDR,15,7,0,465799.78,0,23,active,2026-08-18T10:00:00+05:30
far_cd10b7b4,flt_3344408f,economy,saver,3012.51,482.00,INR,15,7,0,361.50,0,71,active,2026-08-18T10:00:00+05:30
far_881b529c,flt_3344408f,economy,flex,4176.44,668.23,INR,15,7,1,501.17,1,21,active,2026-08-18T10:00:00+05:30
far_dc6aaffa,flt_3344408f,business,standard,10612.27,1697.96,INR,30,7,0,,0,9,active,2026-08-18T10:00:00+05:30
far_f6301293,flt_3344408f,business,corporate,11673.49,1867.76,INR,30,7,1,,0,15,active,2026-08-18T10:00:00+05:30
far_279a4b34,flt_67028e3f,economy,flex,11107.35,1777.18,INR,15,7,1,1332.88,1,86,active,2026-08-18T10:00:00+05:30
far_d6b87f50,flt_67028e3f,economy,promo,7101.42,1136.23,INR,15,7,0,852.17,0,22,active,2026-08-18T10:00:00+05:30
far_223d8eac,flt_67028e3f,business,saver,24836.76,3973.88,INR,30,7,0,2980.41,0,24,active,2026-08-18T10:00:00+05:30
far_76be5143,flt_67028e3f,business,corporate,31045.95,4967.35,INR,30,7,1,3725.51,0,10,active,2026-08-18T10:00:00+05:30
far_e055e089,flt_98eecf39,economy,saver,4968.73,795.00,INR,15,7,0,596.25,0,51,active,2026-08-18T10:00:00+05:30
far_a8c1273b,flt_98eecf39,economy,standard,5646.29,903.41,INR,15,7,0,677.55,0,32,active,2026-08-18T10:00:00+05:30
far_8230a9c4,flt_98eecf39,business,promo,13652.72,2184.43,INR,30,7,0,,0,4,active,2026-08-18T10:00:00+05:30
far_12cba6a4,flt_98eecf39,business,flex,21354.25,3416.68,INR,30,7,1,2562.51,1,39,active,2026-08-18T10:00:00+05:30
far_60acffe5,flt_1782f2e9,economy,flex,5770.79,923.33,INR,15,7,1,,1,77,active,2026-08-18T10:00:00+05:30
far_26eb3a0d,flt_957eec7f,economy,flex,4184.41,669.51,INR,15,7,1,502.13,1,127,active,2026-08-18T10:00:00+05:30
far_9918b6ec,flt_957eec7f,economy,saver,3018.26,482.92,INR,15,7,0,,0,82,active,2026-08-18T10:00:00+05:30
far_24a53b3e,flt_957eec7f,business,saver,9356.61,1497.06,INR,30,7,0,,0,39,active,2026-08-18T10:00:00+05:30
far_6f330ab6,flt_957eec7f,business,promo,8293.36,1326.94,INR,30,7,0,,0,36,active,2026-08-18T10:00:00+05:30
far_7f6f2c86,flt_29c0347a,economy,flex,5326.85,852.30,INR,15,7,1,,1,61,active,2026-08-18T10:00:00+05:30
far_1a777fe4,flt_2d2eba8f,economy,saver,5269.26,843.08,THB,15,7,0,632.31,0,147,active,2026-08-18T10:00:00+05:30
far_20d7b647,flt_2d2eba8f,economy,promo,4670.48,747.28,THB,15,7,0,,0,33,active,2026-08-18T10:00:00+05:30
far_067db754,flt_2d2eba8f,business,saver,16334.70,2613.55,THB,30,7,0,1960.16,0,16,active,2026-08-18T10:00:00+05:30
far_caec2a74,flt_2d2eba8f,business,flex,22645.84,3623.33,THB,30,7,1,2717.50,1,15,active,2026-08-18T10:00:00+05:30
far_3a834122,flt_5b588427,economy,flex,6783.09,1085.29,INR,15,7,1,813.97,1,101,active,2026-08-18T10:00:00+05:30
far_da67ec32,flt_235f9071,economy,saver,11074.61,1771.94,INR,15,7,0,,0,100,active,2026-08-18T10:00:00+05:30
far_73040e61,flt_235f9071,economy,standard,12584.78,2013.56,INR,15,7,0,1510.17,0,92,active,2026-08-18T10:00:00+05:30
far_17e239fd,flt_235f9071,business,promo,30430.00,4868.80,INR,30,7,0,,0,9,active,2026-08-18T10:00:00+05:30
far_779362cf,flt_235f9071,business,standard,39012.82,6242.05,INR,30,7,0,,0,15,active,2026-08-18T10:00:00+05:30
far_ebdd9632,flt_04d9c5a4,economy,standard,8492.43,1358.79,INR,15,7,0,1019.09,0,53,active,2026-08-18T10:00:00+05:30
far_96d83cfc,flt_04d9c5a4,economy,corporate,9341.67,1494.67,INR,15,7,1,1121.00,0,124,active,2026-08-18T10:00:00+05:30
far_215d4ea8,flt_04d9c5a4,business,promo,20534.70,3285.55,INR,30,7,0,,0,15,active,2026-08-18T10:00:00+05:30
far_1f12f093,flt_04d9c5a4,business,standard,26326.53,4212.25,INR,30,7,0,3159.18,0,37,active,2026-08-18T10:00:00+05:30
far_15f47049,flt_b6507b15,economy,saver,4947.22,791.56,INR,15,7,0,593.67,0,121,active,2026-08-18T10:00:00+05:30
far_63b341f7,flt_b6507b15,economy,standard,5621.84,899.49,INR,15,7,0,674.62,0,66,active,2026-08-18T10:00:00+05:30
far_dd2cd154,flt_b6507b15,business,standard,17427.71,2788.43,INR,30,7,0,2091.33,0,19,active,2026-08-18T10:00:00+05:30
far_a3f9e836,flt_b6507b15,business,corporate,19170.49,3067.28,INR,30,7,1,,0,6,active,2026-08-18T10:00:00+05:30
far_236a682b,flt_10669987,economy,standard,16121.42,2579.43,INR,15,7,0,1934.57,0,44,active,2026-08-18T10:00:00+05:30
far_7443ea83,flt_10669987,economy,saver,14186.85,2269.90,INR,15,7,0,1702.42,0,135,active,2026-08-18T10:00:00+05:30
far_311a4cb5,flt_10669987,business,corporate,54974.03,8795.84,INR,30,7,1,,0,19,active,2026-08-18T10:00:00+05:30
far_8e73fe19,flt_10669987,business,flex,60971.20,9755.39,INR,30,7,1,7316.54,1,15,active,2026-08-18T10:00:00+05:30
far_39c8d36d,flt_4d97c6c4,economy,saver,8363.09,1338.09,INR,15,7,0,1003.57,0,92,active,2026-08-18T10:00:00+05:30
far_a8e2c820,flt_4d97c6c4,economy,flex,11594.28,1855.09,INR,15,7,1,,1,86,active,2026-08-18T10:00:00+05:30
far_8462f45d,flt_4d97c6c4,business,saver,25925.57,4148.09,INR,30,7,0,,0,20,active,2026-08-18T10:00:00+05:30
far_0456fc08,flt_4d97c6c4,business,flex,35942.27,5750.76,INR,30,7,1,4313.07,1,10,active,2026-08-18T10:00:00+05:30
far_d967043c,flt_b40246bc,economy,corporate,11772.57,1883.61,INR,15,7,1,,0,132,active,2026-08-18T10:00:00+05:30
far_ff42701f,flt_b40246bc,economy,standard,10702.34,1712.37,INR,15,7,0,,0,160,active,2026-08-18T10:00:00+05:30
far_0d837a7a,flt_b40246bc,business,flex,40476.25,6476.20,INR,30,7,1,,1,6,active,2026-08-18T10:00:00+05:30
far_b5b7228a,flt_b40246bc,business,promo,25878.26,4140.52,INR,30,7,0,,0,17,active,2026-08-18T10:00:00+05:30
far_fbf75a89,flt_abc2d51f,economy,corporate,8775.13,1404.02,INR,15,7,1,,0,88,active,2026-08-18T10:00:00+05:30
far_f860f12c,flt_abc2d51f,economy,flex,9732.41,1557.19,INR,15,7,1,1167.89,1,95,active,2026-08-18T10:00:00+05:30
far_f093c4b9,flt_abc2d51f,business,promo,19289.33,3086.29,INR,30,7,0,2314.72,0,24,active,2026-08-18T10:00:00+05:30
far_db107e9f,flt_abc2d51f,business,corporate,27202.90,4352.46,INR,30,7,1,,0,15,active,2026-08-18T10:00:00+05:30
far_27e096b7,flt_bb2d15da,economy,saver,399.82,63.97,AED,15,7,0,,0,132,active,2026-08-18T10:00:00+05:30
far_6b64f6fe,flt_bb2d15da,economy,standard,454.34,72.69,AED,15,7,0,54.52,0,53,active,2026-08-18T10:00:00+05:30
far_06f6d8dc,flt_bb2d15da,business,saver,1239.45,198.31,AED,30,7,0,,0,19,active,2026-08-18T10:00:00+05:30
far_fcca66b9,flt_bb2d15da,business,flex,1718.33,274.93,AED,30,7,1,,1,16,active,2026-08-18T10:00:00+05:30
far_615e1d76,flt_b93313c6,economy,standard,16155.97,2584.96,INR,15,7,0,1938.72,0,65,active,2026-08-18T10:00:00+05:30
far_7b78a5d6,flt_b93313c6,economy,promo,12601.66,2016.27,INR,15,7,0,,0,118,active,2026-08-18T10:00:00+05:30
far_69722346,flt_b93313c6,business,saver,44073.49,7051.76,INR,30,7,0,5288.82,0,13,active,2026-08-18T10:00:00+05:30
far_3e3cd0a6,flt_b93313c6,business,flex,61101.88,9776.30,INR,30,7,1,7332.23,1,27,active,2026-08-18T10:00:00+05:30
far_bccb6d82,flt_07ba2cd6,economy,flex,8653.68,1384.59,THB,15,7,1,1038.44,1,146,active,2026-08-18T10:00:00+05:30
far_44230e26,flt_07ba2cd6,economy,standard,7093.18,1134.91,THB,15,7,0,851.18,0,58,active,2026-08-18T10:00:00+05:30
far_c2f3828c,flt_07ba2cd6,business,standard,21988.87,3518.22,THB,30,7,0,2638.66,0,25,active,2026-08-18T10:00:00+05:30
far_a60e15ba,flt_07ba2cd6,business,corporate,24187.75,3870.04,THB,30,7,1,,0,39,active,2026-08-18T10:00:00+05:30
far_d43fe942,flt_2120a05b,economy,corporate,3277.13,524.34,INR,15,7,1,393.26,0,157,active,2026-08-18T10:00:00+05:30
far_ad78290b,flt_2120a05b,economy,standard,2979.21,476.67,INR,15,7,0,357.51,0,107,active,2026-08-18T10:00:00+05:30
far_279f08b5,flt_2120a05b,business,promo,7203.73,1152.60,INR,30,7,0,,0,16,active,2026-08-18T10:00:00+05:30
far_1025848f,flt_2120a05b,business,corporate,10159.11,1625.46,INR,30,7,1,1219.09,0,19,active,2026-08-18T10:00:00+05:30
far_490b22e0,flt_2139322d,economy,standard,19852.77,3176.44,INR,15,7,0,2382.33,0,144,active,2026-08-18T10:00:00+05:30
far_f3a79843,flt_2139322d,economy,corporate,21838.04,3494.09,INR,15,7,1,2620.57,0,75,active,2026-08-18T10:00:00+05:30
far_a0af7844,flt_2139322d,business,flex,75083.17,12013.31,INR,30,7,1,9009.98,1,7,active,2026-08-18T10:00:00+05:30
far_971f8480,flt_2139322d,business,promo,48003.99,7680.64,INR,30,7,0,5760.48,0,22,active,2026-08-18T10:00:00+05:30
far_fdc9571d,flt_b531d3ad,economy,saver,6832.68,1093.23,INR,15,7,0,,0,85,active,2026-08-18T10:00:00+05:30
far_3d9935a3,flt_b531d3ad,economy,promo,6056.24,969.00,INR,15,7,0,726.75,0,107,active,2026-08-18T10:00:00+05:30
far_f8f9bea3,flt_b531d3ad,business,flex,29365.01,4698.40,INR,30,7,1,3523.80,1,39,active,2026-08-18T10:00:00+05:30
far_ddc59791,flt_b531d3ad,business,corporate,26476.65,4236.26,INR,30,7,1,3177.20,0,14,active,2026-08-18T10:00:00+05:30
far_6bcd4926,flt_9c578d26,economy,promo,5520.11,883.22,INR,15,7,0,,0,105,active,2026-08-18T10:00:00+05:30
far_63a9cc18,flt_9c578d26,economy,corporate,7784.76,1245.56,INR,15,7,1,934.17,0,149,active,2026-08-18T10:00:00+05:30
far_a48fd765,flt_9c578d26,business,saver,19306.22,3088.99,INR,30,7,0,2316.75,0,31,active,2026-08-18T10:00:00+05:30
far_ec692a72,flt_9c578d26,business,standard,21938.88,3510.22,INR,30,7,0,2632.67,0,21,active,2026-08-18T10:00:00+05:30
far_66db6c7a,flt_35f89aca,economy,corporate,4158.80,665.41,INR,15,7,1,499.06,0,168,active,2026-08-18T10:00:00+05:30
far_43b8065b,flt_35f89aca,economy,flex,4612.49,738.00,INR,15,7,1,553.50,1,50,active,2026-08-18T10:00:00+05:30
far_da6a07e2,flt_35f89aca,business,saver,10313.83,1650.21,INR,30,7,0,1237.66,0,22,active,2026-08-18T10:00:00+05:30
far_adb4fd6f,flt_35f89aca,business,standard,11720.26,1875.24,INR,30,7,0,1406.43,0,33,active,2026-08-18T10:00:00+05:30
far_38498c03,flt_7b1019eb,economy,flex,18505.58,2960.89,INR,15,7,1,,1,73,active,2026-08-18T10:00:00+05:30
far_dba39b68,flt_7b1019eb,economy,saver,13348.29,2135.73,INR,15,7,0,1601.79,0,78,active,2026-08-18T10:00:00+05:30
far_0468888b,flt_7b1019eb,business,corporate,51724.62,8275.94,INR,30,7,1,6206.95,0,30,active,2026-08-18T10:00:00+05:30
far_d6ad5279,flt_7b1019eb,business,saver,41379.70,6620.75,INR,30,7,0,,0,23,active,2026-08-18T10:00:00+05:30
far_8211eb58,flt_11a41f58,economy,promo,595.38,95.26,MYR,15,7,0,71.45,0,98,active,2026-08-18T10:00:00+05:30
far_6a67bbbe,flt_11a41f58,economy,saver,671.71,107.47,MYR,15,7,0,80.61,0,126,active,2026-08-18T10:00:00+05:30
far_65deeddc,flt_11a41f58,business,saver,2082.31,333.17,MYR,30,7,0,249.88,0,16,active,2026-08-18T10:00:00+05:30
far_d02bd272,flt_11a41f58,business,corporate,2602.89,416.46,MYR,30,7,1,,0,22,active,2026-08-18T10:00:00+05:30
far_aa87f074,flt_69c2bcc4,economy,saver,474.30,75.89,MYR,15,7,0,56.92,0,49,active,2026-08-18T10:00:00+05:30
far_b280013c,flt_69c2bcc4,economy,promo,420.40,67.26,MYR,15,7,0,,0,42,active,2026-08-18T10:00:00+05:30
far_2d7dfe7a,flt_69c2bcc4,business,promo,1303.24,208.52,MYR,30,7,0,156.39,0,39,active,2026-08-18T10:00:00+05:30
far_abe3d896,flt_69c2bcc4,business,flex,2038.40,326.14,MYR,30,7,1,244.61,1,18,active,2026-08-18T10:00:00+05:30
far_8a212dd7,flt_6ade0971,economy,saver,4997.74,799.64,INR,15,7,0,599.73,0,95,active,2026-08-18T10:00:00+05:30
far_f4642874,flt_6ade0971,economy,flex,6928.69,1108.59,INR,15,7,1,,1,140,active,2026-08-18T10:00:00+05:30
far_2e21799f,flt_6ade0971,business,corporate,19366.26,3098.60,INR,30,7,1,2323.95,0,37,active,2026-08-18T10:00:00+05:30
far_82844378,flt_6ade0971,business,standard,17605.69,2816.91,INR,30,7,0,2112.68,0,39,active,2026-08-18T10:00:00+05:30
far_be6fde7b,flt_44c2893d,economy,corporate,17075.06,2732.01,INR,15,7,1,2049.01,0,105,active,2026-08-18T10:00:00+05:30
far_780ffad0,flt_44c2893d,economy,promo,12107.77,1937.24,INR,15,7,0,,0,166,active,2026-08-18T10:00:00+05:30
far_3a35643a,flt_44c2893d,business,promo,37534.10,6005.46,INR,30,7,0,,0,30,active,2026-08-18T10:00:00+05:30
far_84268bb1,flt_44c2893d,business,corporate,52932.70,8469.23,INR,30,7,1,,0,10,active,2026-08-18T10:00:00+05:30
far_b701c575,flt_594d7a56,economy,corporate,8223.67,1315.79,INR,15,7,1,,0,148,active,2026-08-18T10:00:00+05:30
far_54286e17,flt_eac93057,economy,standard,4682.55,749.21,INR,15,7,0,,0,94,active,2026-08-18T10:00:00+05:30
far_606e84ff,flt_eac93057,economy,flex,5712.71,914.03,INR,15,7,1,,1,104,active,2026-08-18T10:00:00+05:30
far_b8b3fa49,flt_eac93057,business,promo,11322.40,1811.58,INR,30,7,0,1358.69,0,6,active,2026-08-18T10:00:00+05:30
far_dd62c028,flt_eac93057,business,saver,12773.99,2043.84,INR,30,7,0,,0,22,active,2026-08-18T10:00:00+05:30
far_f79a52a2,flt_bc92e184,economy,standard,10068.73,1611.00,INR,15,7,0,,0,55,active,2026-08-18T10:00:00+05:30
far_29d8a795,flt_bbb63e00,economy,corporate,9338.79,1494.21,INR,15,7,1,,0,108,active,2026-08-18T10:00:00+05:30
far_39225536,flt_bbb63e00,economy,promo,6622.05,1059.53,INR,15,7,0,794.65,0,78,active,2026-08-18T10:00:00+05:30
far_5d5d94bd,flt_bbb63e00,business,promo,20528.37,3284.54,INR,30,7,0,,0,10,active,2026-08-18T10:00:00+05:30
far_57435e1b,flt_bbb63e00,business,standard,26318.42,4210.95,INR,30,7,0,3158.21,0,20,active,2026-08-18T10:00:00+05:30
far_f69b6eab,flt_5fbd0b03,economy,saver,367.48,58.80,AED,15,7,0,,0,56,active,2026-08-18T10:00:00+05:30
far_57ea1141,flt_5fbd0b03,economy,corporate,459.35,73.50,AED,15,7,1,,0,104,active,2026-08-18T10:00:00+05:30
far_bff70650,flt_5fbd0b03,business,corporate,1423.99,227.84,AED,30,7,1,170.88,0,18,active,2026-08-18T10:00:00+05:30
far_f21d2370,flt_5fbd0b03,business,standard,1294.54,207.13,AED,30,7,0,155.34,0,9,active,2026-08-18T10:00:00+05:30
far_ed494dad,flt_ac133a63,economy,standard,14006.99,2241.12,INR,15,7,0,1680.84,0,142,active,2026-08-18T10:00:00+05:30
far_e0da5060,flt_ac133a63,economy,promo,10925.45,1748.07,INR,15,7,0,,0,111,active,2026-08-18T10:00:00+05:30
far_58fb42f4,flt_ac133a63,business,promo,33868.90,5419.02,INR,30,7,0,4064.27,0,15,active,2026-08-18T10:00:00+05:30
far_971f55b4,flt_ac133a63,business,flex,52974.43,8475.91,INR,30,7,1,,1,39,active,2026-08-18T10:00:00+05:30
far_49a8d00d,flt_17e02dc9,economy,flex,6140.11,982.42,INR,15,7,1,,1,133,active,2026-08-18T10:00:00+05:30
far_9856bf62,flt_17e02dc9,economy,promo,3925.65,628.10,INR,15,7,0,,0,163,active,2026-08-18T10:00:00+05:30
far_c7d2cb43,flt_17e02dc9,business,flex,19034.35,3045.50,INR,30,7,1,2284.12,1,26,active,2026-08-18T10:00:00+05:30
far_c0e7a9c3,flt_17e02dc9,business,standard,15601.92,2496.31,INR,30,7,0,,0,21,active,2026-08-18T10:00:00+05:30
far_00072af0,flt_f3d20a5b,economy,standard,5948.71,951.79,INR,15,7,0,713.85,0,37,active,2026-08-18T10:00:00+05:30
far_49e8c394,flt_5763699e,economy,saver,5050.54,808.09,INR,15,7,0,606.07,0,28,active,2026-08-18T10:00:00+05:30
far_c91cb34e,flt_5763699e,economy,flex,7001.89,1120.30,INR,15,7,1,840.23,1,159,active,2026-08-18T10:00:00+05:30
far_8f0e8615,flt_5763699e,business,corporate,19570.86,3131.34,INR,30,7,1,2348.50,0,36,active,2026-08-18T10:00:00+05:30
far_f6df383d,flt_5763699e,business,promo,13877.52,2220.40,INR,30,7,0,1665.30,0,28,active,2026-08-18T10:00:00+05:30
far_4ddcee45,flt_5113cc90,economy,standard,288.87,46.22,SGD,15,7,0,,0,105,active,2026-08-18T10:00:00+05:30
far_35cba9f7,flt_5113cc90,economy,corporate,317.75,50.84,SGD,15,7,1,,0,160,active,2026-08-18T10:00:00+05:30
far_db1529f3,flt_5113cc90,business,corporate,985.04,157.61,SGD,30,7,1,,0,15,active,2026-08-18T10:00:00+05:30
far_d907ffc9,flt_5113cc90,business,promo,698.48,111.76,SGD,30,7,0,83.82,0,22,active,2026-08-18T10:00:00+05:30
far_6d366454,flt_900f06a6,economy,promo,7927.75,1268.44,INR,15,7,0,951.33,0,59,active,2026-08-18T10:00:00+05:30
far_fe4bbff4,flt_900f06a6,economy,saver,8944.12,1431.06,INR,15,7,0,1073.29,0,139,active,2026-08-18T10:00:00+05:30
far_64c30b41,flt_900f06a6,business,standard,31507.71,5041.23,INR,30,7,0,3780.92,0,31,active,2026-08-18T10:00:00+05:30
far_bf796781,flt_900f06a6,business,promo,24576.01,3932.16,INR,30,7,0,2949.12,0,16,active,2026-08-18T10:00:00+05:30
far_35cae9ce,flt_3dcb3188,economy,flex,16114.56,2578.33,INR,15,7,1,,1,55,active,2026-08-18T10:00:00+05:30
far_524d0161,flt_3dcb3188,economy,corporate,14529.52,2324.72,INR,15,7,1,1743.54,0,136,active,2026-08-18T10:00:00+05:30
far_9d47dfe8,flt_3dcb3188,business,promo,31938.53,5110.17,INR,30,7,0,,0,11,active,2026-08-18T10:00:00+05:30
far_831e1e1d,flt_3dcb3188,business,flex,49955.14,7992.82,INR,30,7,1,,1,4,active,2026-08-18T10:00:00+05:30
far_55bd4a7b,flt_a84f6cbe,economy,standard,4827.68,772.43,INR,15,7,0,579.32,0,33,active,2026-08-18T10:00:00+05:30
far_1e4a8dab,flt_a84f6cbe,economy,corporate,5310.45,849.67,INR,15,7,1,,0,44,active,2026-08-18T10:00:00+05:30
far_fe283149,flt_a84f6cbe,business,corporate,16462.40,2633.98,INR,30,7,1,1975.49,0,11,active,2026-08-18T10:00:00+05:30
far_c4be49c0,flt_a84f6cbe,business,promo,11673.34,1867.73,INR,30,7,0,1400.80,0,32,active,2026-08-18T10:00:00+05:30
far_fb9f7bb9,flt_4c383068,economy,promo,2916.28,466.60,INR,15,7,0,,0,68,active,2026-08-18T10:00:00+05:30
far_02544c9c,flt_4c383068,economy,saver,3290.16,526.43,INR,15,7,0,394.82,0,138,active,2026-08-18T10:00:00+05:30
far_2bee2215,flt_4c383068,business,promo,9040.46,1446.47,INR,30,7,0,,0,9,active,2026-08-18T10:00:00+05:30
far_4b3d702f,flt_4c383068,business,standard,11590.33,1854.45,INR,30,7,0,1390.84,0,5,active,2026-08-18T10:00:00+05:30
far_ff2de5ea,flt_b0ecc201,economy,promo,3567.82,570.85,INR,15,7,0,428.14,0,126,active,2026-08-18T10:00:00+05:30
far_dce3deab,flt_b0ecc201,economy,corporate,5031.55,805.05,INR,15,7,1,,0,146,active,2026-08-18T10:00:00+05:30
far_0257e7b5,flt_b0ecc201,business,standard,14179.82,2268.77,INR,30,7,0,1701.58,0,27,active,2026-08-18T10:00:00+05:30
far_6c049ec4,flt_b0ecc201,business,flex,17299.37,2767.90,INR,30,7,1,,1,32,active,2026-08-18T10:00:00+05:30
far_3175ec85,flt_06121bf0,economy,flex,1813.99,290.24,INR,15,7,1,,1,47,active,2026-08-18T10:00:00+05:30
far_ce0a5186,flt_06121bf0,economy,promo,1159.77,185.56,INR,15,7,0,139.17,0,82,active,2026-08-18T10:00:00+05:30
far_4450e7b5,flt_06121bf0,business,saver,4056.21,648.99,INR,30,7,0,486.74,0,33,active,2026-08-18T10:00:00+05:30
far_c465213c,flt_06121bf0,business,promo,3595.27,575.24,INR,30,7,0,,0,26,active,2026-08-18T10:00:00+05:30
far_0435e728,flt_06b311c4,economy,corporate,17703.63,2832.58,INR,15,7,1,2124.44,0,89,active,2026-08-18T10:00:00+05:30
far_47554119,flt_06b311c4,economy,saver,14162.90,2266.06,INR,15,7,0,1699.55,0,96,active,2026-08-18T10:00:00+05:30
far_d8268ddb,flt_06b311c4,business,promo,38915.80,6226.53,INR,30,7,0,4669.90,0,6,active,2026-08-18T10:00:00+05:30
far_f439bc91,flt_06b311c4,business,corporate,54881.25,8781.00,INR,30,7,1,6585.75,0,22,active,2026-08-18T10:00:00+05:30
far_6c4cdb41,flt_c77a4420,economy,corporate,5040.14,806.42,INR,15,7,1,,0,101,active,2026-08-18T10:00:00+05:30
far_73e440cc,flt_c77a4420,economy,saver,4032.11,645.14,INR,15,7,0,,0,156,active,2026-08-18T10:00:00+05:30
far_70896fa3,flt_c77a4420,business,corporate,15624.45,2499.91,INR,30,7,1,1874.93,0,29,active,2026-08-18T10:00:00+05:30
far_eaa94d07,flt_c77a4420,business,promo,11079.15,1772.66,INR,30,7,0,1329.50,0,13,active,2026-08-18T10:00:00+05:30
far_fa80d0af,flt_229c4353,economy,promo,6278.21,1004.51,INR,15,7,0,753.39,0,27,active,2026-08-18T10:00:00+05:30
far_2181a706,flt_cf6dc528,economy,flex,21678.09,3468.49,INR,15,7,1,2601.37,1,78,active,2026-08-18T10:00:00+05:30
far_9ababe6c,flt_cf6dc528,economy,corporate,19545.82,3127.33,INR,15,7,1,,0,127,active,2026-08-18T10:00:00+05:30
far_e2905de0,flt_cf6dc528,business,flex,67202.07,10752.33,INR,30,7,1,8064.25,1,34,active,2026-08-18T10:00:00+05:30
far_8d42a591,flt_cf6dc528,business,standard,55083.67,8813.39,INR,30,7,0,6610.04,0,38,active,2026-08-18T10:00:00+05:30
far_2eb4ffe3,flt_23533a45,economy,promo,2372396.83,379583.49,IDR,15,7,0,284687.62,0,32,active,2026-08-18T10:00:00+05:30
far_20024cf8,flt_23533a45,economy,standard,3041534.40,486645.50,IDR,15,7,0,364984.13,0,67,active,2026-08-18T10:00:00+05:30
far_913916ac,flt_23533a45,business,corporate,10371632.30,1659461.17,IDR,30,7,1,,0,13,active,2026-08-18T10:00:00+05:30
far_b45c09dc,flt_23533a45,business,saver,8297305.84,1327568.93,IDR,30,7,0,995676.70,0,35,active,2026-08-18T10:00:00+05:30
far_9a90de1f,flt_36b89638,economy,promo,12263.92,1962.23,INR,15,7,0,1471.67,0,34,active,2026-08-18T10:00:00+05:30
far_af00fcd9,flt_36b89638,economy,standard,15722.97,2515.68,INR,15,7,0,1886.76,0,164,active,2026-08-18T10:00:00+05:30
far_e7f1eae8,flt_36b89638,business,promo,38018.15,6082.90,INR,30,7,0,4562.18,0,20,active,2026-08-18T10:00:00+05:30
far_0717f24f,flt_36b89638,business,corporate,53615.33,8578.45,INR,30,7,1,,0,28,active,2026-08-18T10:00:00+05:30
far_ed50824e,flt_6bc35658,economy,saver,433.58,69.37,AED,15,7,0,52.03,0,113,active,2026-08-18T10:00:00+05:30
far_e60ba643,flt_6bc35658,economy,standard,492.71,78.83,AED,15,7,0,59.12,0,97,active,2026-08-18T10:00:00+05:30
far_3bf53839,flt_6bc35658,business,promo,1191.36,190.62,AED,30,7,0,142.96,0,25,active,2026-08-18T10:00:00+05:30
far_c6be2a62,flt_6bc35658,business,flex,1863.41,298.15,AED,30,7,1,223.61,1,10,active,2026-08-18T10:00:00+05:30
far_a25752e4,flt_007bed10,economy,promo,2227.33,356.37,INR,15,7,0,267.28,0,57,active,2026-08-18T10:00:00+05:30
far_3c07a713,flt_007bed10,economy,saver,2512.89,402.06,INR,15,7,0,,0,26,active,2026-08-18T10:00:00+05:30
far_f1466835,flt_007bed10,business,saver,7789.95,1246.39,INR,30,7,0,934.79,0,28,active,2026-08-18T10:00:00+05:30
far_eb35be26,flt_007bed10,business,promo,6904.73,1104.76,INR,30,7,0,828.57,0,25,active,2026-08-18T10:00:00+05:30
far_bfc813a3,flt_796db201,economy,flex,6053.56,968.57,INR,15,7,1,,1,143,active,2026-08-18T10:00:00+05:30
far_9c54a0f5,flt_796db201,economy,standard,4961.93,793.91,INR,15,7,0,,0,142,active,2026-08-18T10:00:00+05:30
far_b5681950,flt_796db201,business,corporate,16920.20,2707.23,INR,30,7,1,2030.42,0,15,active,2026-08-18T10:00:00+05:30
far_59668ec6,flt_796db201,business,flex,18766.04,3002.57,INR,30,7,1,,1,11,active,2026-08-18T10:00:00+05:30
far_9978336a,flt_8c82d865,economy,standard,193.50,30.96,SGD,15,7,0,23.22,0,131,active,2026-08-18T10:00:00+05:30
far_53f0f868,flt_8c82d865,economy,promo,150.93,24.15,SGD,15,7,0,18.11,0,85,active,2026-08-18T10:00:00+05:30
far_fc15c51e,flt_8c82d865,business,saver,527.85,84.46,SGD,30,7,0,,0,15,active,2026-08-18T10:00:00+05:30
far_dd5f4dee,flt_8c82d865,business,standard,599.83,95.97,SGD,30,7,0,71.98,0,27,active,2026-08-18T10:00:00+05:30
far_7ebce8bc,flt_42fc59b7,economy,standard,6756.11,1080.98,INR,15,7,0,810.73,0,109,active,2026-08-18T10:00:00+05:30
far_391ccc82,flt_42fc59b7,economy,flex,8242.46,1318.79,INR,15,7,1,989.09,1,143,active,2026-08-18T10:00:00+05:30
far_f436cc22,flt_42fc59b7,business,standard,20943.95,3351.03,INR,30,7,0,2513.27,0,7,active,2026-08-18T10:00:00+05:30
far_6c1f9ccc,flt_42fc59b7,business,flex,25551.62,4088.26,INR,30,7,1,3066.19,1,38,active,2026-08-18T10:00:00+05:30
far_3674c41b,flt_fd56bbc4,economy,flex,702.36,112.38,MYR,15,7,1,,1,22,active,2026-08-18T10:00:00+05:30
far_3b73562a,flt_fd56bbc4,economy,corporate,633.28,101.32,MYR,15,7,1,75.99,0,32,active,2026-08-18T10:00:00+05:30
far_8807a5d1,flt_fd56bbc4,business,promo,1392.06,222.73,MYR,30,7,0,,0,37,active,2026-08-18T10:00:00+05:30
far_1a1a9685,flt_fd56bbc4,business,saver,1570.52,251.28,MYR,30,7,0,,0,32,active,2026-08-18T10:00:00+05:30
far_e42b19b6,flt_1ae8d08f,economy,promo,6436.06,1029.77,INR,15,7,0,772.33,0,28,active,2026-08-18T10:00:00+05:30
far_d7820462,flt_1ae8d08f,economy,standard,8251.36,1320.22,INR,15,7,0,990.16,0,125,active,2026-08-18T10:00:00+05:30
far_81a6a41b,flt_1ae8d08f,business,standard,25579.20,4092.67,INR,30,7,0,,0,28,active,2026-08-18T10:00:00+05:30
far_09feb597,flt_1ae8d08f,business,flex,31206.63,4993.06,INR,30,7,1,3744.80,1,12,active,2026-08-18T10:00:00+05:30
far_cba54453,flt_8fb78220,economy,flex,6843.64,1094.98,INR,15,7,1,821.24,1,83,active,2026-08-18T10:00:00+05:30
far_0ea13085,flt_47016e70,economy,saver,5694.79,911.17,INR,15,7,0,683.37,0,164,active,2026-08-18T10:00:00+05:30
far_29639633,flt_47016e70,economy,standard,6471.35,1035.42,INR,15,7,0,776.56,0,158,active,2026-08-18T10:00:00+05:30
far_00d2ac1d,flt_47016e70,business,standard,20061.17,3209.79,INR,30,7,0,,0,23,active,2026-08-18T10:00:00+05:30
far_f6ac7f8a,flt_47016e70,business,saver,17653.83,2824.61,INR,30,7,0,2118.46,0,26,active,2026-08-18T10:00:00+05:30
far_3e4228bf,flt_51b53535,economy,corporate,4641.11,742.58,INR,15,7,1,556.93,0,36,active,2026-08-18T10:00:00+05:30
far_006b3628,flt_b13a5f28,economy,standard,4748.10,759.70,INR,15,7,0,569.77,0,88,active,2026-08-18T10:00:00+05:30
far_6acb6b13,flt_7363fcaa,economy,corporate,6571.05,1051.37,THB,15,7,1,,0,64,active,2026-08-18T10:00:00+05:30
far_617eed95,flt_7363fcaa,economy,promo,4659.47,745.52,THB,15,7,0,,0,162,active,2026-08-18T10:00:00+05:30
far_d72e8b5f,flt_7363fcaa,business,flex,22592.48,3614.80,THB,30,7,1,2711.10,1,21,active,2026-08-18T10:00:00+05:30
far_3e26e2f5,flt_7363fcaa,business,corporate,20370.27,3259.24,THB,30,7,1,,0,8,active,2026-08-18T10:00:00+05:30
far_3fa275e9,flt_25adb853,economy,flex,8570.47,1371.28,INR,15,7,1,,1,47,active,2026-08-18T10:00:00+05:30
far_0d8ede7c,flt_25adb853,economy,corporate,7727.47,1236.40,INR,15,7,1,,0,47,active,2026-08-18T10:00:00+05:30
far_3898533b,flt_25adb853,business,standard,21777.42,3484.39,INR,30,7,0,2613.29,0,36,active,2026-08-18T10:00:00+05:30
far_1c96b4bf,flt_25adb853,business,saver,19164.13,3066.26,INR,30,7,0,2299.70,0,31,active,2026-08-18T10:00:00+05:30
far_491402ea,flt_b13848f7,economy,promo,3708.14,593.30,INR,15,7,0,444.98,0,80,active,2026-08-18T10:00:00+05:30
far_0df5f587,flt_b13848f7,economy,flex,5799.92,927.99,INR,15,7,1,695.99,1,81,active,2026-08-18T10:00:00+05:30
far_88b161d8,flt_b13848f7,business,standard,14737.49,2358.00,INR,30,7,0,,0,30,active,2026-08-18T10:00:00+05:30
far_f9ffa181,flt_b13848f7,business,promo,11495.24,1839.24,INR,30,7,0,1379.43,0,38,active,2026-08-18T10:00:00+05:30
far_230b2349,flt_cb3791eb,economy,saver,3543625.65,566980.10,IDR,15,7,0,,0,44,active,2026-08-18T10:00:00+05:30
far_1a084697,flt_cb3791eb,economy,corporate,4429532.06,708725.13,IDR,15,7,1,,0,140,active,2026-08-18T10:00:00+05:30
far_8e44ec18,flt_cb3791eb,business,standard,12483226.71,1997316.27,IDR,30,7,0,1497987.21,0,39,active,2026-08-18T10:00:00+05:30
far_ce55a22c,flt_cb3791eb,business,saver,10985239.51,1757638.32,IDR,30,7,0,1318228.74,0,5,active,2026-08-18T10:00:00+05:30
far_9b2f812b,flt_77f3df99,economy,flex,10131.35,1621.02,INR,15,7,1,1215.76,1,37,active,2026-08-18T10:00:00+05:30
far_df6a8de3,flt_77f3df99,economy,standard,8304.38,1328.70,INR,15,7,0,,0,74,active,2026-08-18T10:00:00+05:30
far_d6a317df,flt_77f3df99,business,promo,20079.99,3212.80,INR,30,7,0,,0,16,active,2026-08-18T10:00:00+05:30
far_da7b8998,flt_77f3df99,business,corporate,28317.94,4530.87,INR,30,7,1,3398.15,0,9,active,2026-08-18T10:00:00+05:30
far_78900a66,flt_49f23927,economy,corporate,221.81,35.49,SGD,15,7,1,26.62,0,59,active,2026-08-18T10:00:00+05:30
far_1e4a5d12,flt_49f23927,economy,standard,201.65,32.26,SGD,15,7,0,,0,42,active,2026-08-18T10:00:00+05:30
far_62c3d202,flt_49f23927,business,promo,487.58,78.01,SGD,30,7,0,,0,36,active,2026-08-18T10:00:00+05:30
far_303408a6,flt_49f23927,business,corporate,687.61,110.02,SGD,30,7,1,,0,24,active,2026-08-18T10:00:00+05:30
far_259ea1d9,flt_c82ede7c,economy,flex,5587943.01,894070.88,IDR,15,7,1,,1,127,active,2026-08-18T10:00:00+05:30
far_629799c9,flt_c82ede7c,economy,promo,3572619.30,571619.09,IDR,15,7,0,428714.32,0,44,active,2026-08-18T10:00:00+05:30
far_43b30778,flt_c82ede7c,business,corporate,15618758.75,2499001.40,IDR,30,7,1,1874251.05,0,17,active,2026-08-18T10:00:00+05:30
far_982c1b44,flt_c82ede7c,business,flex,17322623.34,2771619.73,IDR,30,7,1,2078714.80,1,26,active,2026-08-18T10:00:00+05:30
far_2b6c1999,flt_f4374fc0,economy,saver,2816.47,450.64,INR,15,7,0,,0,116,active,2026-08-18T10:00:00+05:30
far_79c827ac,flt_f4374fc0,economy,corporate,3520.59,563.29,INR,15,7,1,422.47,0,145,active,2026-08-18T10:00:00+05:30
far_61ff4d32,flt_f4374fc0,business,flex,12104.42,1936.71,INR,30,7,1,,1,26,active,2026-08-18T10:00:00+05:30
far_394e4a09,flt_f4374fc0,business,promo,7738.89,1238.22,INR,30,7,0,,0,30,active,2026-08-18T10:00:00+05:30
far_38e08393,flt_b04b7649,economy,standard,793.87,127.02,MYR,15,7,0,95.26,0,122,active,2026-08-18T10:00:00+05:30
far_7cf2dfb2,flt_b04b7649,economy,saver,698.61,111.78,MYR,15,7,0,83.83,0,89,active,2026-08-18T10:00:00+05:30
far_fdff3c55,flt_b04b7649,business,promo,1919.58,307.13,MYR,30,7,0,230.35,0,10,active,2026-08-18T10:00:00+05:30
far_b76a495e,flt_b04b7649,business,flex,3002.42,480.39,MYR,30,7,1,,1,37,active,2026-08-18T10:00:00+05:30
far_faaaecb9,flt_92ab2ab9,economy,corporate,7308.03,1169.28,INR,15,7,1,876.96,0,62,active,2026-08-18T10:00:00+05:30
far_4524ce6e,flt_92ab2ab9,economy,saver,5846.42,935.43,INR,15,7,0,701.57,0,47,active,2026-08-18T10:00:00+05:30
far_6940be6b,flt_92ab2ab9,business,corporate,22654.89,3624.78,INR,30,7,1,,0,7,active,2026-08-18T10:00:00+05:30
far_daf3e46d,flt_92ab2ab9,business,saver,18123.91,2899.83,INR,30,7,0,,0,30,active,2026-08-18T10:00:00+05:30
far_772bc1db,flt_2bb99ef8,economy,flex,6888.99,1102.24,INR,15,7,1,826.68,1,80,active,2026-08-18T10:00:00+05:30
far_1a419312,flt_2bb99ef8,economy,corporate,6211.39,993.82,INR,15,7,1,745.37,0,62,active,2026-08-18T10:00:00+05:30
far_1124b2dd,flt_2bb99ef8,business,promo,13653.76,2184.60,INR,30,7,0,1638.45,0,36,active,2026-08-18T10:00:00+05:30
far_433763c6,flt_2bb99ef8,business,flex,21355.88,3416.94,INR,30,7,1,2562.71,1,34,active,2026-08-18T10:00:00+05:30
far_f1b6cc9a,flt_6ba85c51,economy,flex,8773.44,1403.75,INR,15,7,1,,1,100,active,2026-08-18T10:00:00+05:30
far_dec2f013,flt_6ba85c51,economy,saver,6328.38,1012.54,INR,15,7,0,759.41,0,82,active,2026-08-18T10:00:00+05:30
far_39a8c7bd,flt_6ba85c51,business,flex,27197.66,4351.63,INR,30,7,1,3263.72,1,13,active,2026-08-18T10:00:00+05:30
far_6dff8ff4,flt_6ba85c51,business,promo,17388.67,2782.19,INR,30,7,0,,0,39,active,2026-08-18T10:00:00+05:30
far_57c0eb5a,flt_4f8fbfa7,economy,promo,11340.11,1814.42,INR,15,7,0,1360.81,0,24,active,2026-08-18T10:00:00+05:30
far_9ffb090f,flt_4f8fbfa7,economy,saver,12793.97,2047.04,INR,15,7,0,,0,39,active,2026-08-18T10:00:00+05:30
far_d59a722b,flt_4f8fbfa7,business,saver,39661.32,6345.81,INR,30,7,0,4759.36,0,7,active,2026-08-18T10:00:00+05:30
far_a68124ca,flt_4f8fbfa7,business,standard,45069.68,7211.15,INR,30,7,0,,0,29,active,2026-08-18T10:00:00+05:30
far_38af2582,flt_1a4555e9,economy,promo,8449.21,1351.87,INR,15,7,0,1013.91,0,56,active,2026-08-18T10:00:00+05:30
far_3c1b46f5,flt_1a4555e9,economy,standard,10832.32,1733.17,INR,15,7,0,,0,61,active,2026-08-18T10:00:00+05:30
far_95003f3a,flt_1a4555e9,business,standard,33580.20,5372.83,INR,30,7,0,4029.62,0,32,active,2026-08-18T10:00:00+05:30
far_3ad80c68,flt_1a4555e9,business,corporate,36938.22,5910.12,INR,30,7,1,4432.59,0,34,active,2026-08-18T10:00:00+05:30
far_7261206b,flt_0206f33d,economy,saver,2866982.92,458717.27,IDR,15,7,0,344037.95,0,134,active,2026-08-18T10:00:00+05:30
far_804226e4,flt_0206f33d,economy,corporate,3583728.65,573396.58,IDR,15,7,1,430047.44,0,86,active,2026-08-18T10:00:00+05:30
far_c392c219,flt_0206f33d,business,corporate,11109558.81,1777529.41,IDR,30,7,1,1333147.06,0,37,active,2026-08-18T10:00:00+05:30
far_cd386611,flt_0206f33d,business,saver,8887647.05,1422023.53,IDR,30,7,0,1066517.65,0,5,active,2026-08-18T10:00:00+05:30
far_01560d10,flt_e7cf948d,economy,saver,5819.21,931.07,INR,15,7,0,698.31,0,115,active,2026-08-18T10:00:00+05:30
far_623d7454,flt_e7cf948d,economy,corporate,7274.01,1163.84,INR,15,7,1,872.88,0,169,active,2026-08-18T10:00:00+05:30
far_84eca22c,flt_e7cf948d,business,corporate,22549.44,3607.91,INR,30,7,1,2705.93,0,10,active,2026-08-18T10:00:00+05:30
far_2297e880,flt_e7cf948d,business,promo,15989.60,2558.34,INR,30,7,0,1918.75,0,39,active,2026-08-18T10:00:00+05:30
far_aeed757a,flt_42aee41b,economy,corporate,11196.70,1791.47,INR,15,7,1,,0,131,active,2026-08-18T10:00:00+05:30
far_0c5fb17e,flt_42aee41b,economy,flex,12418.16,1986.91,INR,15,7,1,,1,37,active,2026-08-18T10:00:00+05:30
far_ff595ce3,flt_42aee41b,business,saver,27767.83,4442.85,INR,30,7,0,3332.14,0,15,active,2026-08-18T10:00:00+05:30
far_519e0072,flt_42aee41b,business,flex,38496.31,6159.41,INR,30,7,1,,1,31,active,2026-08-18T10:00:00+05:30
far_76f7e388,flt_58bf2caf,economy,saver,4230.83,676.93,INR,15,7,0,507.70,0,81,active,2026-08-18T10:00:00+05:30
far_870469a3,flt_58bf2caf,economy,corporate,5288.54,846.17,INR,15,7,1,634.62,0,168,active,2026-08-18T10:00:00+05:30
far_84957e9f,flt_58bf2caf,business,standard,14904.06,2384.65,INR,30,7,0,1788.49,0,22,active,2026-08-18T10:00:00+05:30
far_4b7f329d,flt_58bf2caf,business,corporate,16394.46,2623.11,INR,30,7,1,,0,20,active,2026-08-18T10:00:00+05:30
far_87dec2e9,flt_476b29a7,economy,promo,3997.30,639.57,INR,15,7,0,,0,136,active,2026-08-18T10:00:00+05:30
far_7d2fe1c9,flt_476b29a7,economy,flex,6252.19,1000.35,INR,15,7,1,750.26,1,109,active,2026-08-18T10:00:00+05:30
far_4de7526f,flt_476b29a7,business,flex,19381.79,3101.09,INR,30,7,1,,1,9,active,2026-08-18T10:00:00+05:30
far_5da01dff,flt_476b29a7,business,corporate,17475.39,2796.06,INR,30,7,1,,0,9,active,2026-08-18T10:00:00+05:30
far_2bed78b5,flt_32ab55fc,economy,corporate,17781.14,2844.98,INR,15,7,1,,0,123,active,2026-08-18T10:00:00+05:30
far_8bef8139,flt_32ab55fc,economy,standard,16164.68,2586.35,INR,15,7,0,1939.76,0,142,active,2026-08-18T10:00:00+05:30
far_04d6ea5d,flt_32ab55fc,business,corporate,55121.55,8819.45,INR,30,7,1,6614.59,0,20,active,2026-08-18T10:00:00+05:30
far_c51aa085,flt_32ab55fc,business,saver,44097.24,7055.56,INR,30,7,0,,0,19,active,2026-08-18T10:00:00+05:30
far_31b9de06,flt_4dc1d855,economy,promo,7973.29,1275.73,INR,15,7,0,,0,30,active,2026-08-18T10:00:00+05:30
far_66a9af5a,flt_4dc1d855,economy,corporate,11244.38,1799.10,INR,15,7,1,1349.33,0,57,active,2026-08-18T10:00:00+05:30
far_4fbba87d,flt_4dc1d855,business,flex,38660.22,6185.64,INR,30,7,1,4639.23,1,26,active,2026-08-18T10:00:00+05:30
far_40984e62,flt_4dc1d855,business,promo,24717.19,3954.75,INR,30,7,0,2966.06,0,6,active,2026-08-18T10:00:00+05:30
far_fa9f0a0c,flt_99dc7bfc,economy,standard,4190.13,670.42,INR,15,7,0,,0,142,active,2026-08-18T10:00:00+05:30
far_d463926a,flt_99dc7bfc,economy,promo,3268.30,522.93,INR,15,7,0,392.20,0,25,active,2026-08-18T10:00:00+05:30
far_6bcb93d3,flt_99dc7bfc,business,saver,11430.66,1828.91,INR,30,7,0,,0,33,active,2026-08-18T10:00:00+05:30
far_59c4129e,flt_99dc7bfc,business,promo,10131.72,1621.08,INR,30,7,0,1215.81,0,25,active,2026-08-18T10:00:00+05:30
far_66688aca,flt_48fbd6ae,economy,flex,5314.52,850.32,INR,15,7,1,,1,124,active,2026-08-18T10:00:00+05:30
far_cef79110,flt_48fbd6ae,economy,standard,4356.16,696.99,INR,15,7,0,522.74,0,20,active,2026-08-18T10:00:00+05:30
far_cecff7ad,flt_48fbd6ae,business,flex,16475.01,2636.00,INR,30,7,1,,1,11,active,2026-08-18T10:00:00+05:30
far_92fbe04f,flt_48fbd6ae,business,standard,13504.11,2160.66,INR,30,7,0,1620.49,0,11,active,2026-08-18T10:00:00+05:30
far_dfa1c0c8,flt_b4cd1250,economy,flex,7392.09,1182.73,INR,15,7,1,,1,96,active,2026-08-18T10:00:00+05:30
far_83d89fa9,flt_b4cd1250,economy,standard,6059.09,969.45,INR,15,7,0,,0,106,active,2026-08-18T10:00:00+05:30
far_46934ed9,flt_b4cd1250,business,saver,16529.20,2644.67,INR,30,7,0,1983.50,0,26,active,2026-08-18T10:00:00+05:30
far_8470e96e,flt_b4cd1250,business,flex,22915.49,3666.48,INR,30,7,1,2749.86,1,11,active,2026-08-18T10:00:00+05:30
far_3d178c16,flt_2164b510,economy,standard,7562.29,1209.97,INR,15,7,0,907.47,0,155,active,2026-08-18T10:00:00+05:30
far_17f9a044,flt_2164b510,economy,corporate,8318.52,1330.96,INR,15,7,1,,0,86,active,2026-08-18T10:00:00+05:30
far_41e17f1c,flt_2164b510,business,standard,23443.10,3750.90,INR,30,7,0,2813.17,0,26,active,2026-08-18T10:00:00+05:30
far_ce149d78,flt_2164b510,business,promo,18285.62,2925.70,INR,30,7,0,,0,34,active,2026-08-18T10:00:00+05:30
far_e0782c5b,flt_c4f71369,economy,flex,15922.46,2547.59,INR,15,7,1,1910.70,1,161,active,2026-08-18T10:00:00+05:30
far_b1ea0b96,flt_c4f71369,economy,promo,10179.93,1628.79,INR,15,7,0,1221.59,0,64,active,2026-08-18T10:00:00+05:30
far_d1ac41da,flt_c4f71369,business,promo,31557.79,5049.25,INR,30,7,0,3786.94,0,13,active,2026-08-18T10:00:00+05:30
far_679d8e0a,flt_c4f71369,business,standard,40458.71,6473.39,INR,30,7,0,4855.05,0,17,active,2026-08-18T10:00:00+05:30
far_81f65cff,flt_047d6027,economy,standard,4747.98,759.68,INR,15,7,0,569.76,0,86,active,2026-08-18T10:00:00+05:30
far_bb1a7b31,flt_047d6027,economy,promo,3703.42,592.55,INR,15,7,0,,0,133,active,2026-08-18T10:00:00+05:30
far_55f7d7b7,flt_047d6027,business,flex,17956.85,2873.10,INR,30,7,1,2154.82,1,19,active,2026-08-18T10:00:00+05:30
far_189feaef,flt_047d6027,business,saver,12952.48,2072.40,INR,30,7,0,,0,30,active,2026-08-18T10:00:00+05:30
far_4ce3b698,flt_0aa436d4,economy,standard,11128.70,1780.59,INR,15,7,0,1335.44,0,159,active,2026-08-18T10:00:00+05:30
far_8d72c94b,flt_0aa436d4,economy,saver,9793.26,1566.92,INR,15,7,0,1175.19,0,133,active,2026-08-18T10:00:00+05:30
far_566d982c,flt_0aa436d4,business,standard,34498.97,5519.84,INR,30,7,0,,0,5,active,2026-08-18T10:00:00+05:30
far_db716db1,flt_0aa436d4,business,corporate,37948.87,6071.82,INR,30,7,1,,0,14,active,2026-08-18T10:00:00+05:30
far_7bf2f37a,flt_f2138bf4,economy,standard,563.57,90.17,AED,15,7,0,67.63,0,40,active,2026-08-18T10:00:00+05:30
far_5d68d42b,flt_f2138bf4,economy,corporate,619.93,99.19,AED,15,7,1,74.39,0,76,active,2026-08-18T10:00:00+05:30
far_88e52c37,flt_f2138bf4,business,standard,1747.08,279.53,AED,30,7,0,209.65,0,14,active,2026-08-18T10:00:00+05:30
far_d29389e6,flt_f2138bf4,business,promo,1362.72,218.04,AED,30,7,0,,0,32,active,2026-08-18T10:00:00+05:30
far_e30db179,flt_effed7a6,economy,promo,123.28,19.72,SGD,15,7,0,14.79,0,82,active,2026-08-18T10:00:00+05:30
far_a5c38f49,flt_03ba2306,economy,saver,7897.63,1263.62,INR,15,7,0,,0,87,active,2026-08-18T10:00:00+05:30
far_6157bdfd,flt_d47643da,economy,standard,257.74,41.24,SGD,15,7,0,30.93,0,77,active,2026-08-18T10:00:00+05:30
far_f3b5d9e6,flt_d47643da,economy,promo,201.04,32.17,SGD,15,7,0,24.12,0,145,active,2026-08-18T10:00:00+05:30
far_e8f4f294,flt_d47643da,business,standard,799.00,127.84,SGD,30,7,0,95.88,0,20,active,2026-08-18T10:00:00+05:30
far_51a37e67,flt_d47643da,business,promo,623.22,99.71,SGD,30,7,0,74.79,0,32,active,2026-08-18T10:00:00+05:30
far_a5f6ac0e,flt_16facebf,economy,promo,1914.77,306.36,INR,15,7,0,229.77,0,104,active,2026-08-18T10:00:00+05:30
far_285c32c2,flt_16facebf,economy,flex,2994.90,479.18,INR,15,7,1,,1,75,active,2026-08-18T10:00:00+05:30
far_55030f59,flt_16facebf,business,saver,6696.79,1071.49,INR,30,7,0,,0,10,active,2026-08-18T10:00:00+05:30
far_2ea09c3c,flt_16facebf,business,flex,9284.19,1485.47,INR,30,7,1,1114.10,1,32,active,2026-08-18T10:00:00+05:30
far_adbefc3a,flt_6fe03a86,economy,saver,5068.93,811.03,INR,15,7,0,,0,94,active,2026-08-18T10:00:00+05:30
far_ffa220b6,flt_6fe03a86,economy,standard,5760.15,921.62,INR,15,7,0,691.22,0,101,active,2026-08-18T10:00:00+05:30
far_7363ebb5,flt_6fe03a86,business,promo,13928.04,2228.49,INR,30,7,0,1671.36,0,28,active,2026-08-18T10:00:00+05:30
far_8ed13d5b,flt_6fe03a86,business,flex,21784.88,3485.58,INR,30,7,1,2614.19,1,28,active,2026-08-18T10:00:00+05:30
far_6914ffd3,flt_7ff2f32e,economy,standard,5636.40,901.82,INR,15,7,0,676.37,0,166,active,2026-08-18T10:00:00+05:30
far_e19b5b2f,flt_7ff2f32e,economy,corporate,6200.04,992.01,INR,15,7,1,744.01,0,130,active,2026-08-18T10:00:00+05:30
far_01bb6a6f,flt_7ff2f32e,business,corporate,19220.14,3075.22,INR,30,7,1,,0,22,active,2026-08-18T10:00:00+05:30
far_47e9b309,flt_7ff2f32e,business,standard,17472.85,2795.66,INR,30,7,0,2096.74,0,9,active,2026-08-18T10:00:00+05:30
far_b5ee0f65,flt_cafb179b,economy,promo,11721.88,1875.50,INR,15,7,0,,0,119,active,2026-08-18T10:00:00+05:30
far_52f02d70,flt_ee600158,economy,standard,767.77,122.84,MYR,15,7,0,92.13,0,49,active,2026-08-18T10:00:00+05:30
far_1bceb9d8,flt_ee600158,economy,saver,675.64,108.10,MYR,15,7,0,,0,59,active,2026-08-18T10:00:00+05:30
far_1d4de0a3,flt_ee600158,business,promo,1856.48,297.04,MYR,30,7,0,222.78,0,6,active,2026-08-18T10:00:00+05:30
far_6596eeaa,flt_ee600158,business,saver,2094.49,335.12,MYR,30,7,0,251.34,0,19,active,2026-08-18T10:00:00+05:30
far_dc152173,flt_023ae0bd,economy,promo,2308.98,369.44,INR,15,7,0,277.08,0,84,active,2026-08-18T10:00:00+05:30
far_9341f58d,flt_fd7b0da9,economy,flex,8540.01,1366.40,INR,15,7,1,,1,109,active,2026-08-18T10:00:00+05:30
far_84bc509c,flt_fd7b0da9,economy,corporate,7700.01,1232.00,INR,15,7,1,924.00,0,116,active,2026-08-18T10:00:00+05:30
far_37c5a3f8,flt_fd7b0da9,business,promo,16926.03,2708.16,INR,30,7,0,2031.12,0,33,active,2026-08-18T10:00:00+05:30
far_0d20d65d,flt_fd7b0da9,business,flex,26474.04,4235.85,INR,30,7,1,3176.88,1,32,active,2026-08-18T10:00:00+05:30
far_33549c53,flt_9fcf6e21,economy,corporate,550.51,88.08,AED,15,7,1,66.06,0,97,active,2026-08-18T10:00:00+05:30
far_1ac87411,flt_9fcf6e21,economy,promo,390.36,62.46,AED,15,7,0,46.84,0,24,active,2026-08-18T10:00:00+05:30
far_21740fe8,flt_9fcf6e21,business,standard,1551.43,248.23,AED,30,7,0,186.17,0,30,active,2026-08-18T10:00:00+05:30
far_8fc3d201,flt_9fcf6e21,business,corporate,1706.57,273.05,AED,30,7,1,204.79,0,38,active,2026-08-18T10:00:00+05:30
far_b43cf496,flt_d263b43f,economy,promo,4116.98,658.72,INR,15,7,0,,0,149,active,2026-08-18T10:00:00+05:30
far_40551b3f,flt_d263b43f,economy,saver,4644.80,743.17,INR,15,7,0,557.38,0,146,active,2026-08-18T10:00:00+05:30
far_03dcf1b9,flt_d263b43f,business,corporate,17998.61,2879.78,INR,30,7,1,2159.83,0,25,active,2026-08-18T10:00:00+05:30
far_aedd56f6,flt_d263b43f,business,standard,16362.37,2617.98,INR,30,7,0,1963.48,0,29,active,2026-08-18T10:00:00+05:30
far_b18cc464,flt_74a963d5,economy,standard,5812.70,930.03,INR,15,7,0,,0,107,active,2026-08-18T10:00:00+05:30
far_d7d1947e,flt_74a963d5,economy,flex,7091.50,1134.64,INR,15,7,1,850.98,1,130,active,2026-08-18T10:00:00+05:30
far_9ca7f8ac,flt_74a963d5,business,flex,21983.65,3517.38,INR,30,7,1,2638.04,1,24,active,2026-08-18T10:00:00+05:30
far_c489eae2,flt_74a963d5,business,corporate,19821.32,3171.41,INR,30,7,1,,0,32,active,2026-08-18T10:00:00+05:30
far_a3b7345e,flt_8bebb4ef,economy,promo,3707.18,593.15,INR,15,7,0,,0,158,active,2026-08-18T10:00:00+05:30
far_7702ac3d,flt_8bebb4ef,economy,corporate,5228.08,836.49,INR,15,7,1,627.37,0,42,active,2026-08-18T10:00:00+05:30
far_fe9a4da3,flt_8bebb4ef,business,flex,17975.08,2876.01,INR,30,7,1,2157.01,1,24,active,2026-08-18T10:00:00+05:30
far_438d7b11,flt_8bebb4ef,business,saver,12965.63,2074.50,INR,30,7,0,1555.88,0,15,active,2026-08-18T10:00:00+05:30
far_af4e1c53,flt_972f56ca,economy,promo,5551.76,888.28,INR,15,7,0,,0,82,active,2026-08-18T10:00:00+05:30
far_8d7965a4,flt_972f56ca,economy,standard,7117.64,1138.82,INR,15,7,0,,0,156,active,2026-08-18T10:00:00+05:30
far_91e41678,flt_972f56ca,business,promo,17210.45,2753.67,INR,30,7,0,2065.25,0,36,active,2026-08-18T10:00:00+05:30
far_fc113746,flt_972f56ca,business,saver,19416.92,3106.71,INR,30,7,0,,0,31,active,2026-08-18T10:00:00+05:30
far_c319b86d,flt_85d9e886,economy,promo,7427.17,1188.35,INR,15,7,0,,0,101,active,2026-08-18T10:00:00+05:30
far_7e5b3a96,flt_aaaca306,economy,saver,834.08,133.45,AED,15,7,0,100.09,0,162,active,2026-08-18T10:00:00+05:30
far_935b8ef4,flt_bdbb6b05,economy,corporate,4153.45,664.55,INR,15,7,1,,0,55,active,2026-08-18T10:00:00+05:30
far_4296a2f7,flt_bdbb6b05,economy,promo,2945.18,471.23,INR,15,7,0,353.42,0,62,active,2026-08-18T10:00:00+05:30
far_5de41117,flt_bdbb6b05,business,standard,11705.19,1872.83,INR,30,7,0,1404.62,0,8,active,2026-08-18T10:00:00+05:30
far_a56fa436,flt_bdbb6b05,business,corporate,12875.71,2060.11,INR,30,7,1,1545.08,0,5,active,2026-08-18T10:00:00+05:30
far_42e64e21,flt_e5b8bc67,economy,flex,15129.48,2420.72,INR,15,7,1,,1,28,active,2026-08-18T10:00:00+05:30
far_ad92e7f8,flt_e5b8bc67,economy,promo,9672.95,1547.67,INR,15,7,0,,0,111,active,2026-08-18T10:00:00+05:30
far_b1d986d9,flt_e5b8bc67,business,corporate,42288.15,6766.10,INR,30,7,1,5074.58,0,10,active,2026-08-18T10:00:00+05:30
far_8cded38e,flt_e5b8bc67,business,saver,33830.52,5412.88,INR,30,7,0,,0,24,active,2026-08-18T10:00:00+05:30
far_34901c32,flt_2c026f67,economy,corporate,775.19,124.03,MYR,15,7,1,93.02,0,102,active,2026-08-18T10:00:00+05:30
far_ab190349,flt_2c026f67,economy,promo,549.68,87.95,MYR,15,7,0,65.96,0,128,active,2026-08-18T10:00:00+05:30
far_f1abaf25,flt_2c026f67,business,corporate,2403.10,384.50,MYR,30,7,1,288.37,0,34,active,2026-08-18T10:00:00+05:30
far_a685f7af,flt_2c026f67,business,flex,2665.25,426.44,MYR,30,7,1,,1,37,active,2026-08-18T10:00:00+05:30
far_10162315,flt_53aa67c9,economy,promo,16072.69,2571.63,INR,15,7,0,1928.72,0,46,active,2026-08-18T10:00:00+05:30
far_c25ef449,flt_53aa67c9,economy,flex,25139.34,4022.29,INR,15,7,1,3016.72,1,44,active,2026-08-18T10:00:00+05:30
far_d85bbf54,flt_53aa67c9,business,corporate,70266.52,11242.64,INR,30,7,1,8431.98,0,29,active,2026-08-18T10:00:00+05:30
far_929df7cc,flt_53aa67c9,business,promo,49825.35,7972.06,INR,30,7,0,,0,14,active,2026-08-18T10:00:00+05:30
far_fc276c10,flt_75e3157c,economy,flex,5082.60,813.22,INR,15,7,1,609.91,1,148,active,2026-08-18T10:00:00+05:30
far_a465966b,flt_75e3157c,economy,corporate,4582.67,733.23,INR,15,7,1,,0,39,active,2026-08-18T10:00:00+05:30
far_c8de8bd6,flt_75e3157c,business,flex,15756.06,2520.97,INR,30,7,1,1890.73,1,33,active,2026-08-18T10:00:00+05:30
far_7950e595,flt_75e3157c,business,saver,11365.03,1818.40,INR,30,7,0,1363.80,0,31,active,2026-08-18T10:00:00+05:30
far_88206da7,flt_7d9dc6e1,economy,saver,10317.35,1650.78,INR,15,7,0,,0,157,active,2026-08-18T10:00:00+05:30
far_28d57244,flt_c5e8f9e7,economy,standard,2570201.10,411232.18,IDR,15,7,0,308424.13,0,53,active,2026-08-18T10:00:00+05:30
far_52a1d115,flt_c5e8f9e7,economy,saver,2261776.97,361884.32,IDR,15,7,0,,0,162,active,2026-08-18T10:00:00+05:30
far_e54c4f31,flt_c5e8f9e7,business,promo,6214746.27,994359.40,IDR,30,7,0,745769.55,0,10,active,2026-08-18T10:00:00+05:30
far_05f8871d,flt_c5e8f9e7,business,standard,7967623.42,1274819.75,IDR,30,7,0,,0,9,active,2026-08-18T10:00:00+05:30
far_f781ccbe,flt_7553386f,economy,flex,12284.24,1965.48,INR,15,7,1,1474.11,1,25,active,2026-08-18T10:00:00+05:30
far_0c0ac7dc,flt_7553386f,economy,promo,7853.86,1256.62,INR,15,7,0,942.46,0,113,active,2026-08-18T10:00:00+05:30
far_d4a16dec,flt_7553386f,business,saver,27468.36,4394.94,INR,30,7,0,3296.20,0,39,active,2026-08-18T10:00:00+05:30
far_d1c72ab5,flt_7553386f,business,flex,38081.14,6092.98,INR,30,7,1,4569.74,1,39,active,2026-08-18T10:00:00+05:30
far_62e8c3e8,flt_8f2d49db,economy,corporate,8803.20,1408.51,INR,15,7,1,,0,109,active,2026-08-18T10:00:00+05:30
far_382795c9,flt_8f2d49db,economy,saver,7042.56,1126.81,INR,15,7,0,845.11,0,143,active,2026-08-18T10:00:00+05:30
far_8fe88b97,flt_8f2d49db,business,standard,24809.03,3969.44,INR,30,7,0,,0,16,active,2026-08-18T10:00:00+05:30
far_1e8cc12b,flt_8f2d49db,business,promo,19351.04,3096.17,INR,30,7,0,,0,19,active,2026-08-18T10:00:00+05:30
far_24a3466e,flt_c4d96dcc,economy,standard,6432.40,1029.18,INR,15,7,0,771.89,0,97,active,2026-08-18T10:00:00+05:30
far_dc6f9428,flt_c4d96dcc,economy,corporate,7075.64,1132.10,INR,15,7,1,,0,110,active,2026-08-18T10:00:00+05:30
far_0c6b6872,flt_c4d96dcc,business,saver,17547.58,2807.61,INR,30,7,0,,0,17,active,2026-08-18T10:00:00+05:30
far_462881ea,flt_c4d96dcc,business,corporate,21934.48,3509.52,INR,30,7,1,2632.14,0,28,active,2026-08-18T10:00:00+05:30
far_8842166c,flt_07cdb106,economy,saver,4504.08,720.65,INR,15,7,0,,0,105,active,2026-08-18T10:00:00+05:30
far_26e32e59,flt_07cdb106,economy,standard,5118.27,818.92,INR,15,7,0,614.19,0,137,active,2026-08-18T10:00:00+05:30
far_f30889f6,flt_07cdb106,business,standard,15866.64,2538.66,INR,30,7,0,,0,39,active,2026-08-18T10:00:00+05:30
far_ab275bb7,flt_07cdb106,business,saver,13962.65,2234.02,INR,30,7,0,1675.52,0,33,active,2026-08-18T10:00:00+05:30
far_84d50617,flt_e66fab87,economy,standard,5906.82,945.09,INR,15,7,0,,0,42,active,2026-08-18T10:00:00+05:30
far_db85c5c2,flt_e66fab87,economy,flex,7206.32,1153.01,INR,15,7,1,,1,97,active,2026-08-18T10:00:00+05:30
far_1d6f22e7,flt_e66fab87,business,promo,14282.70,2285.23,INR,30,7,0,1713.92,0,19,active,2026-08-18T10:00:00+05:30
far_30d0729d,flt_e66fab87,business,standard,18311.15,2929.78,INR,30,7,0,2197.34,0,29,active,2026-08-18T10:00:00+05:30
far_fe744903,flt_a2f742d7,economy,standard,122.90,19.66,MYR,15,7,0,14.75,0,161,active,2026-08-18T10:00:00+05:30
far_9169814d,flt_ee31aaba,economy,promo,2388.25,382.12,THB,15,7,0,,0,107,active,2026-08-18T10:00:00+05:30
far_d3a9cbbc,flt_ee31aaba,economy,saver,2694.44,431.11,THB,15,7,0,323.33,0,160,active,2026-08-18T10:00:00+05:30
far_572ac1d8,flt_ee31aaba,business,flex,11579.96,1852.79,THB,30,7,1,,1,21,active,2026-08-18T10:00:00+05:30
far_37870330,flt_ee31aaba,business,promo,7403.58,1184.57,THB,30,7,0,888.43,0,14,active,2026-08-18T10:00:00+05:30
far_f74ddf8f,flt_ce5ba190,economy,flex,4945.72,791.32,INR,15,7,1,593.49,1,67,active,2026-08-18T10:00:00+05:30
far_42f0ef1b,flt_ce5ba190,economy,promo,3162.02,505.92,INR,15,7,0,,0,76,active,2026-08-18T10:00:00+05:30
far_9479cb87,flt_ce5ba190,business,saver,11058.96,1769.43,INR,30,7,0,1327.08,0,16,active,2026-08-18T10:00:00+05:30
far_95c6afa1,flt_ce5ba190,business,standard,12567.00,2010.72,INR,30,7,0,1508.04,0,35,active,2026-08-18T10:00:00+05:30
far_0309d181,flt_8763b90d,economy,flex,6627.70,1060.43,INR,15,7,1,,1,140,active,2026-08-18T10:00:00+05:30
far_00eeb7d5,flt_8763b90d,economy,saver,4780.64,764.90,INR,15,7,0,573.68,0,160,active,2026-08-18T10:00:00+05:30
far_33e716e8,flt_8763b90d,business,promo,13135.89,2101.74,INR,30,7,0,1576.31,0,17,active,2026-08-18T10:00:00+05:30
far_c3ad5316,flt_8763b90d,business,saver,14819.97,2371.20,INR,30,7,0,1778.40,0,24,active,2026-08-18T10:00:00+05:30
far_3605c74d,flt_e1baeaa8,economy,promo,3980.51,636.88,INR,15,7,0,,0,39,active,2026-08-18T10:00:00+05:30
far_ac138dc0,flt_e1baeaa8,economy,flex,6225.93,996.15,INR,15,7,1,747.11,1,99,active,2026-08-18T10:00:00+05:30
far_0bac1ee6,flt_e1baeaa8,business,standard,15819.98,2531.20,INR,30,7,0,,0,37,active,2026-08-18T10:00:00+05:30
far_30a8022a,flt_e1baeaa8,business,promo,12339.58,1974.33,INR,30,7,0,,0,13,active,2026-08-18T10:00:00+05:30
far_051f0356,flt_e6c2424f,economy,corporate,1993.26,318.92,INR,15,7,1,239.19,0,82,active,2026-08-18T10:00:00+05:30
far_e3bf39bc,flt_e6c2424f,economy,standard,1812.06,289.93,INR,15,7,0,,0,76,active,2026-08-18T10:00:00+05:30
far_92987ed9,flt_e6c2424f,business,promo,4381.56,701.05,INR,30,7,0,,0,17,active,2026-08-18T10:00:00+05:30
far_ad57ee53,flt_e6c2424f,business,flex,6853.20,1096.51,INR,30,7,1,822.38,1,26,active,2026-08-18T10:00:00+05:30
far_6adb9fe0,flt_75b9c5d6,economy,standard,8068.94,1291.03,INR,15,7,0,968.27,0,43,active,2026-08-18T10:00:00+05:30
far_769850b9,flt_75b9c5d6,economy,corporate,8875.84,1420.13,INR,15,7,1,,0,46,active,2026-08-18T10:00:00+05:30
far_86a1abae,flt_75b9c5d6,business,promo,19510.70,3121.71,INR,30,7,0,,0,23,active,2026-08-18T10:00:00+05:30
far_2d2ba746,flt_75b9c5d6,business,saver,22012.08,3521.93,INR,30,7,0,2641.45,0,26,active,2026-08-18T10:00:00+05:30
far_6f23e30e,flt_69a7e66e,economy,standard,6026.21,964.19,INR,15,7,0,723.15,0,63,active,2026-08-18T10:00:00+05:30
far_e8c4e031,flt_69a7e66e,economy,promo,4700.45,752.07,INR,15,7,0,,0,141,active,2026-08-18T10:00:00+05:30
far_3811af9e,flt_69a7e66e,business,standard,18681.26,2989.00,INR,30,7,0,2241.75,0,8,active,2026-08-18T10:00:00+05:30
far_5fa53720,flt_69a7e66e,business,promo,14571.39,2331.42,INR,30,7,0,1748.57,0,33,active,2026-08-18T10:00:00+05:30
far_95f55020,flt_9c13b1d1,economy,flex,18583.61,2973.38,INR,15,7,1,2230.03,1,154,active,2026-08-18T10:00:00+05:30
far_917799ce,flt_9c13b1d1,economy,corporate,16755.71,2680.91,INR,15,7,1,2010.69,0,64,active,2026-08-18T10:00:00+05:30
far_a93019b6,flt_9c13b1d1,business,standard,47220.65,7555.30,INR,30,7,0,5666.48,0,12,active,2026-08-18T10:00:00+05:30
far_8edc2e82,flt_9c13b1d1,business,promo,36832.11,5893.14,INR,30,7,0,,0,23,active,2026-08-18T10:00:00+05:30
far_64c35456,flt_52496fc0,economy,corporate,3005.21,480.83,INR,15,7,1,,0,110,active,2026-08-18T10:00:00+05:30
far_5d24ccbd,flt_1d3c38b1,economy,corporate,11981.27,1917.00,INR,15,7,1,1437.75,0,114,active,2026-08-18T10:00:00+05:30
far_2b89fd66,flt_1d3c38b1,economy,promo,8495.81,1359.33,INR,15,7,0,,0,89,active,2026-08-18T10:00:00+05:30
far_1d6c680c,flt_1d3c38b1,business,flex,41193.79,6591.01,INR,30,7,1,4943.25,1,32,active,2026-08-18T10:00:00+05:30
far_e496b900,flt_1d3c38b1,business,promo,26337.01,4213.92,INR,30,7,0,3160.44,0,29,active,2026-08-18T10:00:00+05:30
far_d921ae53,flt_dc2453f6,economy,flex,18609.22,2977.47,INR,15,7,1,,1,28,active,2026-08-18T10:00:00+05:30
far_89afe76a,flt_dc2453f6,economy,corporate,16778.80,2684.61,INR,15,7,1,,0,36,active,2026-08-18T10:00:00+05:30
far_96ca54b8,flt_dc2453f6,business,corporate,52014.29,8322.29,INR,30,7,1,,0,39,active,2026-08-18T10:00:00+05:30
far_dbb95719,flt_dc2453f6,business,standard,47285.72,7565.72,INR,30,7,0,,0,14,active,2026-08-18T10:00:00+05:30
far_f9ae2b6b,flt_a40691cb,economy,saver,6264.06,1002.25,INR,15,7,0,751.69,0,138,active,2026-08-18T10:00:00+05:30
far_628c748e,flt_a40691cb,economy,standard,7118.25,1138.92,INR,15,7,0,,0,146,active,2026-08-18T10:00:00+05:30
far_323a600a,flt_a40691cb,business,flex,26921.20,4307.39,INR,30,7,1,3230.54,1,24,active,2026-08-18T10:00:00+05:30
far_eb06b858,flt_a40691cb,business,promo,17211.92,2753.91,INR,30,7,0,,0,5,active,2026-08-18T10:00:00+05:30
far_cdb0197c,flt_0fc6e169,economy,standard,23.47,3.76,SGD,15,7,0,2.82,0,71,active,2026-08-18T10:00:00+05:30
far_553a6565,flt_0fc6e169,economy,promo,18.31,2.93,SGD,15,7,0,2.20,0,96,active,2026-08-18T10:00:00+05:30
far_244d6b1e,flt_0fc6e169,business,saver,64.03,10.24,SGD,30,7,0,7.68,0,22,active,2026-08-18T10:00:00+05:30
far_a6b3d735,flt_0fc6e169,business,flex,88.77,14.20,SGD,30,7,1,10.65,1,15,active,2026-08-18T10:00:00+05:30
far_0d3142dc,flt_b9e4a255,economy,promo,465.92,74.55,MYR,15,7,0,,0,58,active,2026-08-18T10:00:00+05:30
far_4619cbeb,flt_b9e4a255,economy,flex,728.74,116.60,MYR,15,7,1,87.45,1,167,active,2026-08-18T10:00:00+05:30
far_046ef39e,flt_b9e4a255,business,saver,1629.51,260.72,MYR,30,7,0,,0,32,active,2026-08-18T10:00:00+05:30
far_2eb6ad28,flt_b9e4a255,business,flex,2259.10,361.46,MYR,30,7,1,,1,4,active,2026-08-18T10:00:00+05:30
far_17d04588,flt_742fdfa2,economy,corporate,9582.30,1533.17,INR,15,7,1,,0,93,active,2026-08-18T10:00:00+05:30
far_259421da,flt_742fdfa2,economy,saver,7665.84,1226.53,INR,15,7,0,919.90,0,42,active,2026-08-18T10:00:00+05:30
far_5dfb2944,flt_742fdfa2,business,standard,27004.65,4320.74,INR,30,7,0,,0,4,active,2026-08-18T10:00:00+05:30
far_3ab75e32,flt_742fdfa2,business,saver,23764.09,3802.26,INR,30,7,0,,0,22,active,2026-08-18T10:00:00+05:30
far_ea317a1d,flt_d3b302da,economy,promo,173.46,27.75,SGD,15,7,0,,0,108,active,2026-08-18T10:00:00+05:30
far_3cf19403,flt_d3b302da,economy,flex,271.31,43.41,SGD,15,7,1,32.56,1,87,active,2026-08-18T10:00:00+05:30
far_54ade656,flt_d3b302da,business,standard,689.40,110.30,SGD,30,7,0,,0,28,active,2026-08-18T10:00:00+05:30
far_6b21d892,flt_d3b302da,business,corporate,758.34,121.33,SGD,30,7,1,91.00,0,7,active,2026-08-18T10:00:00+05:30
far_252c22dc,flt_9f9a42a5,economy,standard,510.00,81.60,AED,15,7,0,61.20,0,84,active,2026-08-18T10:00:00+05:30
far_753725d7,flt_9f9a42a5,economy,promo,397.80,63.65,AED,15,7,0,47.74,0,103,active,2026-08-18T10:00:00+05:30
far_a5bc17e5,flt_9f9a42a5,business,saver,1391.29,222.61,AED,30,7,0,,0,11,active,2026-08-18T10:00:00+05:30
far_d4ebaa7f,flt_9f9a42a5,business,promo,1233.19,197.31,AED,30,7,0,147.98,0,25,active,2026-08-18T10:00:00+05:30
far_28b45ebd,flt_36cad0a2,economy,flex,2671.36,427.42,INR,15,7,1,,1,160,active,2026-08-18T10:00:00+05:30
far_8671a1af,flt_36cad0a2,economy,promo,1707.92,273.27,INR,15,7,0,204.95,0,30,active,2026-08-18T10:00:00+05:30
far_68dbb8c0,flt_36cad0a2,business,saver,5973.35,955.74,INR,30,7,0,,0,11,active,2026-08-18T10:00:00+05:30
far_23a5bdad,flt_36cad0a2,business,flex,8281.23,1325.00,INR,30,7,1,993.75,1,15,active,2026-08-18T10:00:00+05:30
far_8b80564a,flt_553179cc,economy,flex,1188.70,190.19,AED,15,7,1,142.64,1,165,active,2026-08-18T10:00:00+05:30
far_30449b0d,flt_553179cc,economy,standard,974.35,155.90,AED,15,7,0,,0,52,active,2026-08-18T10:00:00+05:30
far_104302f6,flt_553179cc,business,standard,3020.47,483.28,AED,30,7,0,,0,12,active,2026-08-18T10:00:00+05:30
far_4f3b1b81,flt_553179cc,business,saver,2658.02,425.28,AED,30,7,0,,0,38,active,2026-08-18T10:00:00+05:30
far_cb05ae32,flt_e943cf3a,economy,saver,10219.19,1635.07,INR,15,7,0,1226.30,0,132,active,2026-08-18T10:00:00+05:30
far_cca9a70e,flt_e943cf3a,economy,promo,9057.92,1449.27,INR,15,7,0,1086.95,0,129,active,2026-08-18T10:00:00+05:30
far_e03a4a01,flt_e943cf3a,business,promo,28079.56,4492.73,INR,30,7,0,3369.55,0,26,active,2026-08-18T10:00:00+05:30
far_b3ecea3d,flt_e943cf3a,business,standard,35999.44,5759.91,INR,30,7,0,4319.93,0,28,active,2026-08-18T10:00:00+05:30
far_48d49d46,flt_029abf6c,economy,standard,13413.50,2146.16,INR,15,7,0,1609.62,0,148,active,2026-08-18T10:00:00+05:30
far_c3aa76e3,flt_029abf6c,economy,saver,11803.88,1888.62,INR,15,7,0,1416.47,0,99,active,2026-08-18T10:00:00+05:30
far_47f6c470,flt_029abf6c,business,promo,32433.85,5189.42,INR,30,7,0,3892.06,0,11,active,2026-08-18T10:00:00+05:30
far_ec023e75,flt_029abf6c,business,saver,36592.04,5854.73,INR,30,7,0,4391.04,0,33,active,2026-08-18T10:00:00+05:30
far_60b73af3,flt_73b2e1fd,economy,saver,4831.50,773.04,INR,15,7,0,579.78,0,66,active,2026-08-18T10:00:00+05:30
far_d18d376c,flt_73b2e1fd,economy,promo,4282.47,685.19,INR,15,7,0,513.90,0,68,active,2026-08-18T10:00:00+05:30
far_06fb87f7,flt_73b2e1fd,business,standard,17020.06,2723.21,INR,30,7,0,2042.41,0,33,active,2026-08-18T10:00:00+05:30
far_975b6725,flt_73b2e1fd,business,promo,13275.65,2124.10,INR,30,7,0,,0,21,active,2026-08-18T10:00:00+05:30
far_57bff99e,flt_b35aef5d,economy,saver,2891.52,462.64,THB,15,7,0,346.98,0,156,active,2026-08-18T10:00:00+05:30
far_dccb3f05,flt_bc2e636a,economy,promo,8793.22,1406.92,INR,15,7,0,1055.19,0,28,active,2026-08-18T10:00:00+05:30
far_a0ca2c40,flt_bc2e636a,economy,flex,13753.50,2200.56,INR,15,7,1,1650.42,1,46,active,2026-08-18T10:00:00+05:30
far_691b8218,flt_bc2e636a,business,promo,27258.98,4361.44,INR,30,7,0,,0,36,active,2026-08-18T10:00:00+05:30
far_0bd942c6,flt_bc2e636a,business,flex,42635.84,6821.74,INR,30,7,1,5116.30,1,7,active,2026-08-18T10:00:00+05:30
far_068c20f3,flt_666393e4,economy,promo,2462.92,394.07,INR,15,7,0,295.55,0,96,active,2026-08-18T10:00:00+05:30
far_00acf211,flt_666393e4,economy,flex,3852.25,616.36,INR,15,7,1,,1,27,active,2026-08-18T10:00:00+05:30
far_73357ed7,flt_666393e4,business,saver,8613.89,1378.22,INR,30,7,0,,0,31,active,2026-08-18T10:00:00+05:30
far_c087e6cc,flt_666393e4,business,promo,7635.04,1221.61,INR,30,7,0,,0,31,active,2026-08-18T10:00:00+05:30
far_63ff5cd0,flt_3c3b6bdf,economy,corporate,7261.60,1161.86,THB,15,7,1,871.39,0,115,active,2026-08-18T10:00:00+05:30
far_ebfaf30d,flt_3c3b6bdf,economy,standard,6601.45,1056.23,THB,15,7,0,,0,159,active,2026-08-18T10:00:00+05:30
far_9e95f005,flt_3c3b6bdf,business,promo,15962.32,2553.97,THB,30,7,0,1915.48,0,21,active,2026-08-18T10:00:00+05:30
far_7346b0bc,flt_3c3b6bdf,business,flex,24966.70,3994.67,THB,30,7,1,,1,13,active,2026-08-18T10:00:00+05:30
far_c312380c,flt_072dac76,economy,saver,6545.88,1047.34,INR,15,7,0,785.51,0,96,active,2026-08-18T10:00:00+05:30
far_1ee08da3,flt_072dac76,economy,standard,7438.50,1190.16,INR,15,7,0,892.62,0,91,active,2026-08-18T10:00:00+05:30
far_9de4349f,flt_072dac76,business,saver,20292.23,3246.76,INR,30,7,0,2435.07,0,14,active,2026-08-18T10:00:00+05:30
far_10ce6bd4,flt_072dac76,business,promo,17986.29,2877.81,INR,30,7,0,,0,22,active,2026-08-18T10:00:00+05:30
far_abd35547,flt_c3b7e716,economy,corporate,1588.83,254.21,INR,15,7,1,,0,130,active,2026-08-18T10:00:00+05:30
far_b5e9aa23,flt_c3b7e716,economy,promo,1126.63,180.26,INR,15,7,0,,0,100,active,2026-08-18T10:00:00+05:30
far_badf5bc3,flt_c3b7e716,business,standard,4477.62,716.42,INR,30,7,0,,0,7,active,2026-08-18T10:00:00+05:30
far_6c3d699c,flt_c3b7e716,business,corporate,4925.38,788.06,INR,30,7,1,,0,28,active,2026-08-18T10:00:00+05:30
far_7fe572f4,flt_7c753f16,economy,promo,5513.41,882.15,INR,15,7,0,,0,144,active,2026-08-18T10:00:00+05:30
far_c683e4e8,flt_7c753f16,economy,standard,7068.47,1130.96,INR,15,7,0,848.22,0,155,active,2026-08-18T10:00:00+05:30
far_1cfb0ece,flt_7c753f16,business,flex,26732.96,4277.27,INR,30,7,1,3207.95,1,4,active,2026-08-18T10:00:00+05:30
far_9f9b2ddb,flt_7c753f16,business,standard,21912.26,3505.96,INR,30,7,0,,0,39,active,2026-08-18T10:00:00+05:30
far_a7cc014b,flt_ed7b5e87,economy,corporate,7779.70,1244.75,INR,15,7,1,933.56,0,145,active,2026-08-18T10:00:00+05:30
far_fff812bd,flt_ed7b5e87,economy,promo,5516.51,882.64,INR,15,7,0,661.98,0,48,active,2026-08-18T10:00:00+05:30
far_e0c7750c,flt_ed7b5e87,business,standard,21924.61,3507.94,INR,30,7,0,2630.95,0,15,active,2026-08-18T10:00:00+05:30
far_45e08613,flt_ed7b5e87,business,corporate,24117.07,3858.73,INR,30,7,1,2894.05,0,13,active,2026-08-18T10:00:00+05:30
far_a9f7e4e8,flt_d4dbaa9a,economy,corporate,22329.79,3572.77,INR,15,7,1,2679.57,0,133,active,2026-08-18T10:00:00+05:30
far_2ea2912c,flt_d4dbaa9a,economy,standard,20299.81,3247.97,INR,15,7,0,2435.98,0,105,active,2026-08-18T10:00:00+05:30
far_28790ef9,flt_d4dbaa9a,business,saver,55377.87,8860.46,INR,30,7,0,,0,24,active,2026-08-18T10:00:00+05:30
far_c8108556,flt_d4dbaa9a,business,corporate,69222.34,11075.57,INR,30,7,1,8306.68,0,39,active,2026-08-18T10:00:00+05:30
far_57b1ba15,flt_eda3ba21,economy,standard,668.28,106.93,MYR,15,7,0,80.19,0,141,active,2026-08-18T10:00:00+05:30
far_f3ed14e5,flt_eda3ba21,economy,promo,521.26,83.40,MYR,15,7,0,,0,118,active,2026-08-18T10:00:00+05:30
far_48ac222e,flt_eda3ba21,business,standard,2071.68,331.47,MYR,30,7,0,,0,4,active,2026-08-18T10:00:00+05:30
far_4ea26e37,flt_eda3ba21,business,saver,1823.08,291.69,MYR,30,7,0,,0,31,active,2026-08-18T10:00:00+05:30
far_b1b6146d,flt_8ba56e15,economy,flex,8779.90,1404.78,INR,15,7,1,,1,94,active,2026-08-18T10:00:00+05:30
far_bdc00c40,flt_8ba56e15,economy,promo,5613.38,898.14,INR,15,7,0,673.61,0,89,active,2026-08-18T10:00:00+05:30
far_770580dc,flt_8ba56e15,business,corporate,24540.53,3926.48,INR,30,7,1,2944.86,0,35,active,2026-08-18T10:00:00+05:30
far_613d75d0,flt_8ba56e15,business,standard,22309.57,3569.53,INR,30,7,0,2677.15,0,30,active,2026-08-18T10:00:00+05:30
far_ca36fd70,flt_41ad71bd,economy,standard,10272.85,1643.66,INR,15,7,0,1232.74,0,39,active,2026-08-18T10:00:00+05:30
far_c9ac7d43,flt_41ad71bd,economy,promo,8012.82,1282.05,INR,15,7,0,,0,167,active,2026-08-18T10:00:00+05:30
far_754cfc9e,flt_41ad71bd,business,standard,31845.83,5095.33,INR,30,7,0,3821.50,0,16,active,2026-08-18T10:00:00+05:30
far_55f94a4e,flt_41ad71bd,business,corporate,35030.41,5604.87,INR,30,7,1,,0,17,active,2026-08-18T10:00:00+05:30
far_9bfdb191,flt_7c7d26a7,economy,flex,16820.00,2691.20,INR,15,7,1,2018.40,1,63,active,2026-08-18T10:00:00+05:30
far_77352a05,flt_7c7d26a7,economy,standard,13786.88,2205.90,INR,15,7,0,1654.43,0,90,active,2026-08-18T10:00:00+05:30
far_c74a5768,flt_7c7d26a7,business,flex,52141.99,8342.72,INR,30,7,1,6257.04,1,28,active,2026-08-18T10:00:00+05:30
far_08a60234,flt_7c7d26a7,business,saver,37610.62,6017.70,INR,30,7,0,,0,36,active,2026-08-18T10:00:00+05:30
far_cbc561d7,flt_6de12df1,economy,promo,3672.31,587.57,THB,15,7,0,,0,99,active,2026-08-18T10:00:00+05:30
far_b6c0fdce,flt_6de12df1,economy,saver,4143.12,662.90,THB,15,7,0,497.17,0,115,active,2026-08-18T10:00:00+05:30
far_df075b42,flt_6de12df1,business,standard,14595.07,2335.21,THB,30,7,0,1751.41,0,9,active,2026-08-18T10:00:00+05:30
far_a68e1465,flt_6de12df1,business,corporate,16054.58,2568.73,THB,30,7,1,1926.55,0,30,active,2026-08-18T10:00:00+05:30
far_6cb67816,flt_03a9b52c,economy,standard,2373.45,379.75,INR,15,7,0,,0,129,active,2026-08-18T10:00:00+05:30
far_a3bdea4a,flt_03a9b52c,economy,corporate,2610.79,417.73,INR,15,7,1,,0,128,active,2026-08-18T10:00:00+05:30
far_11e6575e,flt_03a9b52c,business,flex,8976.37,1436.22,INR,30,7,1,,1,19,active,2026-08-18T10:00:00+05:30
far_9a65a1d0,flt_03a9b52c,business,corporate,8093.45,1294.95,INR,30,7,1,971.21,0,34,active,2026-08-18T10:00:00+05:30
far_dbab86e6,flt_eacf9e7c,economy,flex,807.77,129.24,MYR,15,7,1,96.93,1,79,active,2026-08-18T10:00:00+05:30
far_4e2a0461,flt_eacf9e7c,economy,promo,516.44,82.63,MYR,15,7,0,,0,126,active,2026-08-18T10:00:00+05:30
far_b88bab71,flt_eacf9e7c,business,flex,2504.09,400.65,MYR,30,7,1,300.49,1,25,active,2026-08-18T10:00:00+05:30
far_403e9bbf,flt_eacf9e7c,business,promo,1600.97,256.16,MYR,30,7,0,192.12,0,22,active,2026-08-18T10:00:00+05:30
far_0a3b544a,flt_95cfb054,economy,saver,1002.45,160.39,AED,15,7,0,120.29,0,155,active,2026-08-18T10:00:00+05:30
far_87acc53a,flt_95cfb054,economy,promo,888.54,142.17,AED,15,7,0,106.62,0,34,active,2026-08-18T10:00:00+05:30
far_e9672c94,flt_95cfb054,business,standard,3531.37,565.02,AED,30,7,0,423.76,0,27,active,2026-08-18T10:00:00+05:30
far_6f9d1e14,flt_95cfb054,business,promo,2754.47,440.72,AED,30,7,0,330.54,0,19,active,2026-08-18T10:00:00+05:30
far_1fe4ccf1,flt_1ad85fb4,economy,corporate,7816.32,1250.61,INR,15,7,1,937.96,0,163,active,2026-08-18T10:00:00+05:30
far_e02169de,flt_1ad85fb4,economy,standard,7105.74,1136.92,INR,15,7,0,,0,62,active,2026-08-18T10:00:00+05:30
far_bd759220,flt_1ad85fb4,business,promo,17181.69,2749.07,INR,30,7,0,,0,30,active,2026-08-18T10:00:00+05:30
far_67a619f4,flt_1ad85fb4,business,flex,26873.92,4299.83,INR,30,7,1,3224.87,1,29,active,2026-08-18T10:00:00+05:30
far_95d1b3d4,flt_716fe7b3,economy,corporate,11665.93,1866.55,INR,15,7,1,,0,48,active,2026-08-18T10:00:00+05:30
far_48a12083,flt_716fe7b3,economy,promo,8272.21,1323.55,INR,15,7,0,992.66,0,39,active,2026-08-18T10:00:00+05:30
far_f1bfa500,flt_716fe7b3,business,flex,40109.59,6417.53,INR,30,7,1,,1,35,active,2026-08-18T10:00:00+05:30
far_ba191287,flt_716fe7b3,business,corporate,36164.39,5786.30,INR,30,7,1,4339.73,0,19,active,2026-08-18T10:00:00+05:30
far_a281cb98,flt_54bea179,economy,standard,4133.53,661.36,INR,15,7,0,496.02,0,100,active,2026-08-18T10:00:00+05:30
far_dc07f2e9,flt_54bea179,economy,saver,3637.50,582.00,INR,15,7,0,,0,72,active,2026-08-18T10:00:00+05:30
far_7d41b145,flt_54bea179,business,flex,15632.99,2501.28,INR,30,7,1,1875.96,1,20,active,2026-08-18T10:00:00+05:30
far_50e3327c,flt_54bea179,business,standard,12813.93,2050.23,INR,30,7,0,,0,36,active,2026-08-18T10:00:00+05:30
far_862f22a7,flt_f0423ef0,economy,standard,10970.16,1755.23,INR,15,7,0,1316.42,0,71,active,2026-08-18T10:00:00+05:30
far_1431609f,flt_f0423ef0,economy,promo,8556.72,1369.08,INR,15,7,0,1026.81,0,162,active,2026-08-18T10:00:00+05:30
far_9beb616a,flt_f0423ef0,business,flex,41489.15,6638.26,INR,30,7,1,4978.70,1,38,active,2026-08-18T10:00:00+05:30
far_6fe0ac60,flt_f0423ef0,business,standard,34007.50,5441.20,INR,30,7,0,4080.90,0,36,active,2026-08-18T10:00:00+05:30
far_dda67a69,flt_66481948,economy,corporate,6485.63,1037.70,INR,15,7,1,778.28,0,143,active,2026-08-18T10:00:00+05:30
far_acdc0872,flt_66481948,economy,flex,7193.16,1150.90,INR,15,7,1,863.18,1,129,active,2026-08-18T10:00:00+05:30
far_d69f029a,flt_66481948,business,corporate,20105.46,3216.87,INR,30,7,1,,0,25,active,2026-08-18T10:00:00+05:30
far_22314864,flt_66481948,business,saver,16084.37,2573.50,INR,30,7,0,1930.12,0,37,active,2026-08-18T10:00:00+05:30
far_edb1b3a0,flt_4208fb60,economy,corporate,355.96,56.95,SGD,15,7,1,,0,25,active,2026-08-18T10:00:00+05:30
far_662e1ddc,flt_4208fb60,economy,flex,394.80,63.17,SGD,15,7,1,47.38,1,127,active,2026-08-18T10:00:00+05:30
far_eb647681,flt_4208fb60,business,corporate,1103.49,176.56,SGD,30,7,1,,0,27,active,2026-08-18T10:00:00+05:30
far_887b3863,flt_4208fb60,business,promo,782.47,125.20,SGD,30,7,0,93.90,0,27,active,2026-08-18T10:00:00+05:30
far_ae314ac7,flt_12a08cdf,economy,standard,5978.30,956.53,INR,15,7,0,717.40,0,106,active,2026-08-18T10:00:00+05:30
far_e9d0a607,flt_12a08cdf,economy,promo,4663.08,746.09,INR,15,7,0,,0,122,active,2026-08-18T10:00:00+05:30
far_325410be,flt_12a08cdf,business,standard,18532.74,2965.24,INR,30,7,0,2223.93,0,26,active,2026-08-18T10:00:00+05:30
far_50c175c8,flt_12a08cdf,business,flex,22609.94,3617.59,INR,30,7,1,2713.19,1,21,active,2026-08-18T10:00:00+05:30
far_06bba673,flt_49db682c,economy,corporate,410.11,65.62,SGD,15,7,1,49.21,0,111,active,2026-08-18T10:00:00+05:30
far_c5c7e037,flt_49db682c,economy,flex,454.85,72.78,SGD,15,7,1,54.58,1,58,active,2026-08-18T10:00:00+05:30
far_711b678d,flt_49db682c,business,corporate,1271.34,203.41,SGD,30,7,1,,0,8,active,2026-08-18T10:00:00+05:30
far_17a08a38,flt_49db682c,business,standard,1155.77,184.92,SGD,30,7,0,138.69,0,38,active,2026-08-18T10:00:00+05:30
far_8700055e,flt_489ad64c,economy,flex,7365.88,1178.54,INR,15,7,1,,1,74,active,2026-08-18T10:00:00+05:30
far_ac297e18,flt_489ad64c,economy,saver,5313.09,850.10,INR,15,7,0,637.57,0,40,active,2026-08-18T10:00:00+05:30
far_f494d87e,flt_489ad64c,business,flex,22834.23,3653.48,INR,30,7,1,2740.11,1,23,active,2026-08-18T10:00:00+05:30
far_f4ad42d1,flt_489ad64c,business,saver,16470.59,2635.29,INR,30,7,0,,0,27,active,2026-08-18T10:00:00+05:30
far_702e6440,flt_c9f0a7eb,economy,flex,11220.61,1795.30,INR,15,7,1,,1,96,active,2026-08-18T10:00:00+05:30
far_286f0dbe,flt_c9f0a7eb,economy,saver,8093.56,1294.97,INR,15,7,0,,0,42,active,2026-08-18T10:00:00+05:30
far_529c22d9,flt_c9f0a7eb,business,saver,25090.03,4014.40,INR,30,7,0,3010.80,0,8,active,2026-08-18T10:00:00+05:30
far_536a0cb6,flt_c9f0a7eb,business,standard,28511.40,4561.82,INR,30,7,0,,0,10,active,2026-08-18T10:00:00+05:30
far_60c8d7f0,flt_d3cd1de1,economy,standard,3003.14,480.50,INR,15,7,0,360.38,0,47,active,2026-08-18T10:00:00+05:30
far_2f03bc6e,flt_d3cd1de1,economy,corporate,3303.45,528.55,INR,15,7,1,396.41,0,161,active,2026-08-18T10:00:00+05:30
far_449ab105,flt_d3cd1de1,business,corporate,10240.70,1638.51,INR,30,7,1,1228.88,0,28,active,2026-08-18T10:00:00+05:30
far_3abdbc95,flt_d3cd1de1,business,flex,11357.87,1817.26,INR,30,7,1,1362.94,1,25,active,2026-08-18T10:00:00+05:30
far_4cc7f395,flt_4c22564c,economy,promo,3720.99,595.36,INR,15,7,0,,0,168,active,2026-08-18T10:00:00+05:30
far_0bccdaef,flt_eae9a4de,economy,saver,5055.94,808.95,INR,15,7,0,606.71,0,145,active,2026-08-18T10:00:00+05:30
far_8b99906f,flt_eae9a4de,economy,corporate,6319.93,1011.19,INR,15,7,1,,0,67,active,2026-08-18T10:00:00+05:30
far_d21eb007,flt_eae9a4de,business,standard,17810.70,2849.71,INR,30,7,0,2137.28,0,28,active,2026-08-18T10:00:00+05:30
far_f1ae242e,flt_eae9a4de,business,flex,21729.05,3476.65,INR,30,7,1,2607.49,1,32,active,2026-08-18T10:00:00+05:30
far_57c450c1,flt_36f2d00f,economy,promo,5343.86,855.02,INR,15,7,0,641.26,0,28,active,2026-08-18T10:00:00+05:30
far_05404414,flt_36f2d00f,economy,saver,6028.97,964.63,INR,15,7,0,,0,143,active,2026-08-18T10:00:00+05:30
far_1ca0d6e1,flt_36f2d00f,business,corporate,23362.25,3737.96,INR,30,7,1,2803.47,0,30,active,2026-08-18T10:00:00+05:30
far_1c6cf543,flt_36f2d00f,business,flex,25910.86,4145.74,INR,30,7,1,,1,29,active,2026-08-18T10:00:00+05:30
far_60f11969,flt_cf49fb65,economy,flex,735.17,117.63,MYR,15,7,1,88.22,1,117,active,2026-08-18T10:00:00+05:30
far_38b6307f,flt_4928cb6d,economy,saver,2584.81,413.57,INR,15,7,0,310.18,0,50,active,2026-08-18T10:00:00+05:30
far_da33d03e,flt_4928cb6d,economy,promo,2291.08,366.57,INR,15,7,0,,0,76,active,2026-08-18T10:00:00+05:30
far_9b030807,flt_4928cb6d,business,promo,7102.35,1136.38,INR,30,7,0,,0,6,active,2026-08-18T10:00:00+05:30
far_68b18a72,flt_4928cb6d,business,saver,8012.90,1282.06,INR,30,7,0,,0,7,active,2026-08-18T10:00:00+05:30
far_8b2a4016,flt_917c5b8e,economy,flex,7577.70,1212.43,INR,15,7,1,909.32,1,31,active,2026-08-18T10:00:00+05:30
far_fc583a8d,flt_917c5b8e,economy,standard,6211.23,993.80,INR,15,7,0,745.35,0,144,active,2026-08-18T10:00:00+05:30
far_e815d501,flt_917c5b8e,business,corporate,21180.28,3388.85,INR,30,7,1,2541.63,0,11,active,2026-08-18T10:00:00+05:30
far_2e62152f,flt_917c5b8e,business,saver,16944.23,2711.08,INR,30,7,0,2033.31,0,38,active,2026-08-18T10:00:00+05:30
far_94408350,flt_e52d2ee7,economy,flex,80.67,12.91,AED,15,7,1,,1,115,active,2026-08-18T10:00:00+05:30
far_b802c93e,flt_e52d2ee7,economy,promo,51.58,8.25,AED,15,7,0,6.19,0,41,active,2026-08-18T10:00:00+05:30
far_14f6a65b,flt_e52d2ee7,business,saver,180.38,28.86,AED,30,7,0,21.65,0,27,active,2026-08-18T10:00:00+05:30
far_864e4a55,flt_e52d2ee7,business,flex,250.08,40.01,AED,30,7,1,30.01,1,26,active,2026-08-18T10:00:00+05:30
far_c8a24caa,flt_7147c471,economy,flex,5962.95,954.07,INR,15,7,1,715.55,1,70,active,2026-08-18T10:00:00+05:30
far_90159ba4,flt_7147c471,economy,saver,4301.14,688.18,INR,15,7,0,516.14,0,118,active,2026-08-18T10:00:00+05:30
far_00ae3274,flt_7147c471,business,saver,13333.55,2133.37,INR,30,7,0,,0,27,active,2026-08-18T10:00:00+05:30
far_cea1a659,flt_7147c471,business,flex,18485.15,2957.62,INR,30,7,1,2218.22,1,4,active,2026-08-18T10:00:00+05:30
far_2881f97c,flt_82350932,economy,promo,5797573.18,927611.71,IDR,15,7,0,695708.78,0,97,active,2026-08-18T10:00:00+05:30
far_645a0973,flt_82350932,economy,flex,9067999.07,1450879.85,IDR,15,7,1,1088159.89,1,39,active,2026-08-18T10:00:00+05:30
far_08d78af5,flt_82350932,business,promo,17972476.85,2875596.30,IDR,30,7,0,2156697.22,0,33,active,2026-08-18T10:00:00+05:30
far_69297db7,flt_82350932,business,saver,20276640.55,3244262.49,IDR,30,7,0,2433196.87,0,11,active,2026-08-18T10:00:00+05:30
far_439419dd,flt_a110b240,economy,standard,3580.85,572.94,INR,15,7,0,,0,35,active,2026-08-18T10:00:00+05:30
far_bf037973,flt_a110b240,economy,flex,4368.63,698.98,INR,15,7,1,,1,138,active,2026-08-18T10:00:00+05:30
far_0f3bda8f,flt_a110b240,business,flex,13542.77,2166.84,INR,30,7,1,,1,13,active,2026-08-18T10:00:00+05:30
far_e99f4d16,flt_a110b240,business,saver,9768.55,1562.97,INR,30,7,0,,0,35,active,2026-08-18T10:00:00+05:30
far_eb91ade9,flt_5fb44528,economy,promo,4905.33,784.85,INR,15,7,0,588.64,0,51,active,2026-08-18T10:00:00+05:30
far_bc5b6ad8,flt_5fb44528,economy,standard,6288.89,1006.22,INR,15,7,0,754.67,0,55,active,2026-08-18T10:00:00+05:30
far_471466a8,flt_5fb44528,business,saver,17156.09,2744.97,INR,30,7,0,,0,38,active,2026-08-18T10:00:00+05:30
far_d75bbed8,flt_5fb44528,business,promo,15206.53,2433.05,INR,30,7,0,1824.78,0,14,active,2026-08-18T10:00:00+05:30
far_2f61560e,flt_e616b70a,economy,corporate,5239.94,838.39,INR,15,7,1,628.79,0,81,active,2026-08-18T10:00:00+05:30
far_57309fe9,flt_cc9f897a,economy,corporate,3114.66,498.35,INR,15,7,1,,0,111,active,2026-08-18T10:00:00+05:30
far_0d46362f,flt_df986ef1,economy,flex,6204.24,992.68,INR,15,7,1,,1,34,active,2026-08-18T10:00:00+05:30
far_e1dfc69e,flt_df986ef1,economy,corporate,5593.99,895.04,INR,15,7,1,,0,109,active,2026-08-18T10:00:00+05:30
far_7b70f104,flt_df986ef1,business,flex,19233.14,3077.30,INR,30,7,1,2307.98,1,11,active,2026-08-18T10:00:00+05:30
far_9585c1f6,flt_df986ef1,business,promo,12296.60,1967.46,INR,30,7,0,1475.59,0,28,active,2026-08-18T10:00:00+05:30
far_2d6e04b1,flt_2796c5f3,economy,flex,14250.36,2280.06,INR,15,7,1,,1,25,active,2026-08-18T10:00:00+05:30
far_1cd280da,flt_2796c5f3,economy,standard,11680.62,1868.90,INR,15,7,0,1401.67,0,165,active,2026-08-18T10:00:00+05:30
far_c83d526d,flt_2796c5f3,business,standard,36209.93,5793.59,INR,30,7,0,,0,18,active,2026-08-18T10:00:00+05:30
far_c5ab1240,flt_2796c5f3,business,corporate,39830.93,6372.95,INR,30,7,1,4779.71,0,27,active,2026-08-18T10:00:00+05:30
far_1118ef45,flt_3295d4f2,economy,promo,4708.68,753.39,INR,15,7,0,565.04,0,110,active,2026-08-18T10:00:00+05:30
far_b3bf06fe,flt_8edeb50b,economy,flex,18289.97,2926.40,INR,15,7,1,2194.80,1,35,active,2026-08-18T10:00:00+05:30
far_dd4866a9,flt_8edeb50b,economy,saver,13192.77,2110.84,INR,15,7,0,,0,128,active,2026-08-18T10:00:00+05:30
far_c977790d,flt_8edeb50b,business,flex,56698.91,9071.83,INR,30,7,1,,1,31,active,2026-08-18T10:00:00+05:30
far_91c75b7a,flt_8edeb50b,business,standard,46474.52,7435.92,INR,30,7,0,,0,30,active,2026-08-18T10:00:00+05:30
far_41d097fe,flt_86683891,economy,standard,1536.17,245.79,INR,15,7,0,184.34,0,86,active,2026-08-18T10:00:00+05:30
far_9238ce62,flt_86683891,economy,flex,1874.13,299.86,INR,15,7,1,,1,98,active,2026-08-18T10:00:00+05:30
far_f88db3bb,flt_86683891,business,standard,4762.14,761.94,INR,30,7,0,,0,27,active,2026-08-18T10:00:00+05:30
far_0bf26d5c,flt_86683891,business,promo,3714.47,594.31,INR,30,7,0,445.74,0,20,active,2026-08-18T10:00:00+05:30
far_75b11ac5,flt_32ad32b0,economy,standard,6386.81,1021.89,INR,15,7,0,766.42,0,122,active,2026-08-18T10:00:00+05:30
far_f8125459,flt_07f8ae91,economy,saver,360.66,57.71,AED,15,7,0,43.28,0,156,active,2026-08-18T10:00:00+05:30
far_b8aca574,flt_07f8ae91,economy,flex,500.01,80.00,AED,15,7,1,60.00,1,39,active,2026-08-18T10:00:00+05:30
far_a22ea198,flt_07f8ae91,business,corporate,1397.56,223.61,AED,30,7,1,167.71,0,16,active,2026-08-18T10:00:00+05:30
far_c4251ed7,flt_07f8ae91,business,saver,1118.04,178.89,AED,30,7,0,,0,21,active,2026-08-18T10:00:00+05:30
far_5a781fd1,flt_857bf417,economy,corporate,7610.33,1217.65,INR,15,7,1,913.24,0,98,active,2026-08-18T10:00:00+05:30
far_95d64976,flt_857bf417,economy,promo,5396.41,863.43,INR,15,7,0,647.57,0,42,active,2026-08-18T10:00:00+05:30
far_313c7cd9,flt_857bf417,business,corporate,23592.01,3774.72,INR,30,7,1,2831.04,0,38,active,2026-08-18T10:00:00+05:30
far_8e37f030,flt_857bf417,business,standard,21447.28,3431.56,INR,30,7,0,,0,8,active,2026-08-18T10:00:00+05:30
far_89e49489,flt_f2f9ec66,economy,saver,3305.83,528.93,THB,15,7,0,396.70,0,78,active,2026-08-18T10:00:00+05:30
far_fdecc6d8,flt_f2f9ec66,economy,corporate,4132.29,661.17,THB,15,7,1,,0,66,active,2026-08-18T10:00:00+05:30
far_4e4a4278,flt_f2f9ec66,business,standard,11645.55,1863.29,THB,30,7,0,1397.47,0,13,active,2026-08-18T10:00:00+05:30
far_9a88d6cd,flt_f2f9ec66,business,saver,10248.08,1639.69,THB,30,7,0,,0,17,active,2026-08-18T10:00:00+05:30
far_1af978ce,flt_87debf48,economy,standard,7986.88,1277.90,INR,15,7,0,958.43,0,147,active,2026-08-18T10:00:00+05:30
far_c27c0ada,flt_87debf48,economy,corporate,8785.56,1405.69,INR,15,7,1,1054.27,0,118,active,2026-08-18T10:00:00+05:30
far_698bf5cb,flt_87debf48,business,flex,30206.37,4833.02,INR,30,7,1,,1,30,active,2026-08-18T10:00:00+05:30
far_3013f2c2,flt_87debf48,business,saver,21788.20,3486.11,INR,30,7,0,2614.58,0,10,active,2026-08-18T10:00:00+05:30
far_6cb79736,flt_f6da38a9,economy,promo,5107.97,817.27,INR,15,7,0,612.96,0,71,active,2026-08-18T10:00:00+05:30
far_605b391a,flt_f6da38a9,economy,saver,5762.83,922.05,INR,15,7,0,691.54,0,123,active,2026-08-18T10:00:00+05:30
far_c9da38a6,flt_f6da38a9,business,standard,20300.89,3248.14,INR,30,7,0,2436.11,0,28,active,2026-08-18T10:00:00+05:30
far_5aa6f379,flt_f6da38a9,business,saver,17864.78,2858.36,INR,30,7,0,,0,10,active,2026-08-18T10:00:00+05:30
far_aa6f1a56,flt_5f4721e0,economy,promo,984.52,157.52,AED,15,7,0,118.14,0,111,active,2026-08-18T10:00:00+05:30
far_4efe7b07,flt_5f4721e0,economy,flex,1539.90,246.38,AED,15,7,1,184.79,1,48,active,2026-08-18T10:00:00+05:30
far_4b4c03d3,flt_5f4721e0,business,saver,3443.31,550.93,AED,30,7,0,413.20,0,20,active,2026-08-18T10:00:00+05:30
far_56170cd6,flt_5f4721e0,business,standard,3912.85,626.06,AED,30,7,0,469.54,0,12,active,2026-08-18T10:00:00+05:30
far_e9df13e9,flt_2fe272b4,economy,flex,27966.46,4474.63,INR,15,7,1,3355.97,1,108,active,2026-08-18T10:00:00+05:30
far_d04d59fa,flt_2fe272b4,economy,standard,22923.33,3667.73,INR,15,7,0,,0,146,active,2026-08-18T10:00:00+05:30
far_fc0811e1,flt_2fe272b4,business,flex,86696.02,13871.36,INR,30,7,1,,1,37,active,2026-08-18T10:00:00+05:30
far_ed442f06,flt_2fe272b4,business,corporate,78168.54,12506.97,INR,30,7,1,9380.23,0,26,active,2026-08-18T10:00:00+05:30
far_73d5d8c3,flt_cafb5701,economy,saver,5489.81,878.37,INR,15,7,0,658.78,0,119,active,2026-08-18T10:00:00+05:30
far_758e99e9,flt_cafb5701,economy,promo,4865.97,778.55,INR,15,7,0,583.92,0,156,active,2026-08-18T10:00:00+05:30
far_8f5a9809,flt_cafb5701,business,flex,23593.70,3774.99,INR,30,7,1,2831.24,1,38,active,2026-08-18T10:00:00+05:30
far_0014904a,flt_cafb5701,business,corporate,21273.01,3403.68,INR,30,7,1,2552.76,0,21,active,2026-08-18T10:00:00+05:30
far_4ca4fd31,flt_d515fa11,economy,flex,235.08,37.61,SGD,15,7,1,,1,136,active,2026-08-18T10:00:00+05:30
far_c23cf27d,flt_d515fa11,economy,standard,192.69,30.83,SGD,15,7,0,,0,109,active,2026-08-18T10:00:00+05:30
far_dae1ea2e,flt_d515fa11,business,saver,525.65,84.10,SGD,30,7,0,63.08,0,5,active,2026-08-18T10:00:00+05:30
far_dad0c879,flt_d515fa11,business,promo,465.92,74.55,SGD,30,7,0,55.91,0,4,active,2026-08-18T10:00:00+05:30
far_9e244c44,flt_e9a14e1f,economy,corporate,3267.15,522.74,INR,15,7,1,392.06,0,81,active,2026-08-18T10:00:00+05:30
far_599002f5,flt_328e4440,economy,promo,6144.02,983.04,INR,15,7,0,737.28,0,157,active,2026-08-18T10:00:00+05:30
far_0b1ca00c,flt_328e4440,economy,flex,9609.88,1537.58,INR,15,7,1,,1,121,active,2026-08-18T10:00:00+05:30
far_1a25e92b,flt_328e4440,business,saver,21488.33,3438.13,INR,30,7,0,2578.60,0,34,active,2026-08-18T10:00:00+05:30
far_f767ff3a,flt_328e4440,business,flex,29790.64,4766.50,INR,30,7,1,,1,34,active,2026-08-18T10:00:00+05:30
far_fabc9054,flt_f65c8abe,economy,promo,448.38,71.74,AED,15,7,0,53.81,0,124,active,2026-08-18T10:00:00+05:30
far_24c056b7,flt_f65c8abe,economy,standard,574.85,91.98,AED,15,7,0,68.98,0,121,active,2026-08-18T10:00:00+05:30
far_e4e1a8f5,flt_f65c8abe,business,saver,1568.19,250.91,AED,30,7,0,,0,24,active,2026-08-18T10:00:00+05:30
far_81f7af48,flt_f65c8abe,business,promo,1389.99,222.40,AED,30,7,0,166.80,0,22,active,2026-08-18T10:00:00+05:30
far_a65f9abb,flt_437f4de9,economy,promo,103.02,16.48,SGD,15,7,0,12.36,0,72,active,2026-08-18T10:00:00+05:30
far_18eb8e30,flt_e54667e7,economy,promo,5324.15,851.86,INR,15,7,0,,0,75,active,2026-08-18T10:00:00+05:30
far_923855da,flt_e54667e7,economy,corporate,7508.41,1201.35,INR,15,7,1,901.01,0,163,active,2026-08-18T10:00:00+05:30
far_f9c0d2a2,flt_e54667e7,business,saver,18620.86,2979.34,INR,30,7,0,2234.50,0,18,active,2026-08-18T10:00:00+05:30
far_db629817,flt_e54667e7,business,corporate,23276.07,3724.17,INR,30,7,1,,0,17,active,2026-08-18T10:00:00+05:30
far_64e2de81,flt_a1c42cb2,economy,saver,4650.11,744.02,INR,15,7,0,558.01,0,27,active,2026-08-18T10:00:00+05:30
far_af6b7889,flt_a1c42cb2,economy,promo,4121.68,659.47,INR,15,7,0,494.60,0,158,active,2026-08-18T10:00:00+05:30
far_eb29c5b9,flt_a1c42cb2,business,corporate,18019.16,2883.07,INR,30,7,1,2162.30,0,32,active,2026-08-18T10:00:00+05:30
far_aa3356e0,flt_a1c42cb2,business,promo,12777.22,2044.36,INR,30,7,0,,0,8,active,2026-08-18T10:00:00+05:30
far_fd8ef3c8,flt_87945198,economy,promo,966.12,154.58,AED,15,7,0,115.93,0,134,active,2026-08-18T10:00:00+05:30
far_f0d15bf0,flt_87945198,economy,flex,1511.11,241.78,AED,15,7,1,181.33,1,130,active,2026-08-18T10:00:00+05:30
far_0f200ed1,flt_87945198,business,flex,4684.44,749.51,AED,30,7,1,,1,19,active,2026-08-18T10:00:00+05:30
far_958d0f38,flt_87945198,business,saver,3378.94,540.63,AED,30,7,0,405.47,0,35,active,2026-08-18T10:00:00+05:30
far_cd18fb9b,flt_ff856e71,economy,corporate,12186.12,1949.78,INR,15,7,1,1462.33,0,65,active,2026-08-18T10:00:00+05:30
far_9de324e0,flt_ff856e71,economy,flex,13515.51,2162.48,INR,15,7,1,1621.86,1,109,active,2026-08-18T10:00:00+05:30
far_8d4f288a,flt_ff856e71,business,standard,34342.70,5494.83,INR,30,7,0,4121.12,0,29,active,2026-08-18T10:00:00+05:30
far_55de3d67,flt_ff856e71,business,saver,30221.57,4835.45,INR,30,7,0,,0,26,active,2026-08-18T10:00:00+05:30
far_a4e27676,flt_f4c8051b,economy,promo,3647.13,583.54,INR,15,7,0,437.66,0,162,active,2026-08-18T10:00:00+05:30
far_fb33a661,flt_f4c8051b,economy,flex,5704.49,912.72,INR,15,7,1,684.54,1,109,active,2026-08-18T10:00:00+05:30
far_ac628b80,flt_f4c8051b,business,corporate,15944.52,2551.12,INR,30,7,1,1913.34,0,39,active,2026-08-18T10:00:00+05:30
far_4f487234,flt_f4c8051b,business,flex,17683.92,2829.43,INR,30,7,1,,1,5,active,2026-08-18T10:00:00+05:30
far_0f24bdc0,flt_ceb8ed6c,economy,standard,4748.88,759.82,INR,15,7,0,,0,169,active,2026-08-18T10:00:00+05:30
far_73425332,flt_ceb8ed6c,economy,promo,3704.12,592.66,INR,15,7,0,444.49,0,146,active,2026-08-18T10:00:00+05:30
far_d39f83d2,flt_ceb8ed6c,business,flex,17960.26,2873.64,INR,30,7,1,,1,15,active,2026-08-18T10:00:00+05:30
far_8f37542d,flt_ceb8ed6c,business,corporate,16193.67,2590.99,INR,30,7,1,1943.24,0,33,active,2026-08-18T10:00:00+05:30
far_e5259cf7,flt_32708757,economy,standard,4406.66,705.07,THB,15,7,0,528.80,0,160,active,2026-08-18T10:00:00+05:30
far_3d6d595c,flt_32708757,economy,promo,3437.19,549.95,THB,15,7,0,412.46,0,71,active,2026-08-18T10:00:00+05:30
far_bc007cbf,flt_32708757,business,corporate,15026.70,2404.27,THB,30,7,1,,0,29,active,2026-08-18T10:00:00+05:30
far_f8b636bd,flt_32708757,business,promo,10655.30,1704.85,THB,30,7,0,1278.64,0,31,active,2026-08-18T10:00:00+05:30
far_bcf93bc3,flt_abbb7ee7,economy,flex,5775.51,924.08,INR,15,7,1,693.06,1,85,active,2026-08-18T10:00:00+05:30
far_8c3f2cfe,flt_abbb7ee7,economy,saver,4165.94,666.55,INR,15,7,0,499.91,0,46,active,2026-08-18T10:00:00+05:30
far_b38c5978,flt_abbb7ee7,business,flex,17904.07,2864.65,INR,30,7,1,,1,5,active,2026-08-18T10:00:00+05:30
far_3010afe2,flt_abbb7ee7,business,corporate,16143.01,2582.88,INR,30,7,1,1937.16,0,34,active,2026-08-18T10:00:00+05:30
far_90748e76,flt_49ae7c5b,economy,corporate,5625.08,900.01,INR,15,7,1,675.01,0,126,active,2026-08-18T10:00:00+05:30
far_759a4c27,flt_49ae7c5b,economy,saver,4500.06,720.01,INR,15,7,0,540.01,0,135,active,2026-08-18T10:00:00+05:30
far_a3d4c03c,flt_49ae7c5b,business,standard,15852.49,2536.40,INR,30,7,0,1902.30,0,18,active,2026-08-18T10:00:00+05:30
far_e76676ec,flt_49ae7c5b,business,corporate,17437.73,2790.04,INR,30,7,1,2092.53,0,25,active,2026-08-18T10:00:00+05:30
far_5e2b59ab,flt_c7e060ae,economy,promo,5412.09,865.93,INR,15,7,0,,0,147,active,2026-08-18T10:00:00+05:30
far_6d373a52,flt_c7e060ae,economy,corporate,7632.43,1221.19,INR,15,7,1,915.89,0,140,active,2026-08-18T10:00:00+05:30
far_bea75076,flt_c7e060ae,business,saver,18928.44,3028.55,INR,30,7,0,,0,29,active,2026-08-18T10:00:00+05:30
far_c26b57e4,flt_c7e060ae,business,flex,26241.70,4198.67,INR,30,7,1,3149.00,1,5,active,2026-08-18T10:00:00+05:30
far_a8e6f84b,flt_1f069ea5,economy,saver,9808.58,1569.37,INR,15,7,0,,0,88,active,2026-08-18T10:00:00+05:30
far_3f5d30d0,flt_6a42c65b,economy,flex,4041.43,646.63,INR,15,7,1,,1,75,active,2026-08-18T10:00:00+05:30
far_8bb3a601,flt_6a42c65b,economy,saver,2915.13,466.42,INR,15,7,0,349.82,0,84,active,2026-08-18T10:00:00+05:30
far_dabf2aab,flt_6a42c65b,business,saver,9036.91,1445.91,INR,30,7,0,,0,8,active,2026-08-18T10:00:00+05:30
far_29b287ec,flt_6a42c65b,business,flex,12528.44,2004.55,INR,30,7,1,1503.41,1,31,active,2026-08-18T10:00:00+05:30
far_50253e00,flt_4ae67252,economy,standard,2816.85,450.70,INR,15,7,0,,0,165,active,2026-08-18T10:00:00+05:30
far_b028bed7,flt_4979fc36,economy,promo,10172.15,1627.54,INR,15,7,0,1220.66,0,154,active,2026-08-18T10:00:00+05:30
far_fb79f16a,flt_4979fc36,economy,saver,11476.28,1836.20,INR,15,7,0,,0,88,active,2026-08-18T10:00:00+05:30
far_c6c70c83,flt_4979fc36,business,standard,40427.79,6468.45,INR,30,7,0,4851.34,0,18,active,2026-08-18T10:00:00+05:30
far_9f85b158,flt_4979fc36,business,promo,31533.68,5045.39,INR,30,7,0,3784.04,0,27,active,2026-08-18T10:00:00+05:30
far_95cd5869,flt_2c644113,economy,corporate,12682.56,2029.21,INR,15,7,1,1521.91,0,139,active,2026-08-18T10:00:00+05:30
far_e1f82aee,flt_2c644113,economy,promo,8993.09,1438.89,INR,15,7,0,,0,117,active,2026-08-18T10:00:00+05:30
far_cd1d0fb6,flt_2c644113,business,flex,43604.94,6976.79,INR,30,7,1,,1,17,active,2026-08-18T10:00:00+05:30
far_3dac15c4,flt_2c644113,business,saver,31452.74,5032.44,INR,30,7,0,3774.33,0,18,active,2026-08-18T10:00:00+05:30
far_44b38c1f,flt_78e86a0c,economy,standard,10626.15,1700.18,INR,15,7,0,,0,32,active,2026-08-18T10:00:00+05:30
far_537e2534,flt_78e86a0c,economy,saver,9351.01,1496.16,INR,15,7,0,1122.12,0,30,active,2026-08-18T10:00:00+05:30
far_50daf97d,flt_78e86a0c,business,promo,25694.04,4111.05,INR,30,7,0,3083.28,0,6,active,2026-08-18T10:00:00+05:30
far_f6782de5,flt_78e86a0c,business,corporate,36235.18,5797.63,INR,30,7,1,,0,12,active,2026-08-18T10:00:00+05:30
far_f0f53b71,flt_68c72680,economy,corporate,8810.56,1409.69,INR,15,7,1,1057.27,0,68,active,2026-08-18T10:00:00+05:30
far_01223ddc,flt_68c72680,economy,saver,7048.45,1127.75,INR,15,7,0,845.81,0,110,active,2026-08-18T10:00:00+05:30
far_00acdb40,flt_68c72680,business,saver,21850.20,3496.03,INR,30,7,0,2622.02,0,27,active,2026-08-18T10:00:00+05:30
far_b6512f29,flt_68c72680,business,flex,30292.32,4846.77,INR,30,7,1,,1,33,active,2026-08-18T10:00:00+05:30
far_6a195797,flt_0edf4ab6,economy,corporate,10442.94,1670.87,INR,15,7,1,1253.15,0,151,active,2026-08-18T10:00:00+05:30
far_59e23ab2,flt_0edf4ab6,economy,promo,7405.00,1184.80,INR,15,7,0,888.60,0,150,active,2026-08-18T10:00:00+05:30
far_8aec07d9,flt_0edf4ab6,business,corporate,32373.12,5179.70,INR,30,7,1,3884.77,0,14,active,2026-08-18T10:00:00+05:30
far_26772236,flt_0edf4ab6,business,saver,25898.50,4143.76,INR,30,7,0,3107.82,0,20,active,2026-08-18T10:00:00+05:30
far_b28af0c4,flt_60974667,economy,saver,208.13,33.30,SGD,15,7,0,24.98,0,48,active,2026-08-18T10:00:00+05:30
far_02876abe,flt_60974667,economy,flex,288.55,46.17,SGD,15,7,1,34.63,1,140,active,2026-08-18T10:00:00+05:30
far_fe32c224,flt_60974667,business,flex,894.49,143.12,SGD,30,7,1,107.34,1,32,active,2026-08-18T10:00:00+05:30
far_da0e4db3,flt_60974667,business,corporate,806.51,129.04,SGD,30,7,1,,0,21,active,2026-08-18T10:00:00+05:30
far_e31b0c18,flt_3584c06e,economy,corporate,10313.07,1650.09,INR,15,7,1,1237.57,0,163,active,2026-08-18T10:00:00+05:30
far_ebc14d6a,flt_3584c06e,economy,promo,7312.90,1170.06,INR,15,7,0,877.55,0,74,active,2026-08-18T10:00:00+05:30
far_6ac17c7a,flt_3584c06e,business,promo,22669.99,3627.20,INR,30,7,0,2720.40,0,29,active,2026-08-18T10:00:00+05:30
far_665a615f,flt_3584c06e,business,saver,25576.40,4092.22,INR,30,7,0,3069.17,0,32,active,2026-08-18T10:00:00+05:30
far_3ceafb65,flt_c53144a7,economy,promo,1149.19,183.87,INR,15,7,0,137.90,0,136,active,2026-08-18T10:00:00+05:30
far_d7896908,flt_c53144a7,economy,corporate,1620.66,259.30,INR,15,7,1,,0,51,active,2026-08-18T10:00:00+05:30
far_b23aa0b3,flt_c53144a7,business,saver,4019.23,643.08,INR,30,7,0,482.31,0,18,active,2026-08-18T10:00:00+05:30
far_8cc2cf1e,flt_c53144a7,business,flex,5572.11,891.54,INR,30,7,1,,1,26,active,2026-08-18T10:00:00+05:30
far_2ba7a1db,flt_32d492e8,economy,standard,7333.34,1173.33,INR,15,7,0,,0,73,active,2026-08-18T10:00:00+05:30
far_039bf1f1,flt_32d492e8,economy,promo,5720.00,915.20,INR,15,7,0,686.40,0,63,active,2026-08-18T10:00:00+05:30
far_f570577b,flt_32d492e8,business,flex,27734.69,4437.55,INR,30,7,1,3328.16,1,33,active,2026-08-18T10:00:00+05:30
far_e1dbfe90,flt_32d492e8,business,standard,22733.35,3637.34,INR,30,7,0,,0,15,active,2026-08-18T10:00:00+05:30
far_b05bf219,flt_c6b056e9,economy,flex,25670.17,4107.23,INR,15,7,1,3080.42,1,52,active,2026-08-18T10:00:00+05:30
far_b313425d,flt_c6b056e9,economy,saver,18516.18,2962.59,INR,15,7,0,2221.94,0,166,active,2026-08-18T10:00:00+05:30
far_9156e556,flt_c6b056e9,business,corporate,71750.22,11480.03,INR,30,7,1,8610.03,0,25,active,2026-08-18T10:00:00+05:30
far_e2f9766f,flt_c6b056e9,business,saver,57400.17,9184.03,INR,30,7,0,6888.02,0,16,active,2026-08-18T10:00:00+05:30
far_d170b37c,flt_550ce8f0,economy,standard,254.46,40.71,SGD,15,7,0,30.54,0,36,active,2026-08-18T10:00:00+05:30
far_f9442588,flt_550ce8f0,economy,promo,198.48,31.76,SGD,15,7,0,,0,50,active,2026-08-18T10:00:00+05:30
far_41f814bc,flt_550ce8f0,business,saver,694.18,111.07,SGD,30,7,0,83.30,0,11,active,2026-08-18T10:00:00+05:30
far_61767d02,flt_550ce8f0,business,standard,788.84,126.21,SGD,30,7,0,,0,8,active,2026-08-18T10:00:00+05:30
far_b90566bc,flt_0bd082ce,economy,saver,566.20,90.59,MYR,15,7,0,67.94,0,87,active,2026-08-18T10:00:00+05:30
far_8dadc522,flt_9d8c11ff,economy,saver,3355.88,536.94,INR,15,7,0,402.71,0,60,active,2026-08-18T10:00:00+05:30
far_89c9bac7,flt_9d8c11ff,economy,standard,3813.50,610.16,INR,15,7,0,457.62,0,54,active,2026-08-18T10:00:00+05:30
far_7a33b2fa,flt_9d8c11ff,business,saver,10403.24,1664.52,INR,30,7,0,1248.39,0,7,active,2026-08-18T10:00:00+05:30
far_5f7ace9b,flt_9d8c11ff,business,promo,9221.05,1475.37,INR,30,7,0,,0,34,active,2026-08-18T10:00:00+05:30
far_fdbb7b0f,flt_85cc6bcb,economy,flex,9610.42,1537.67,INR,15,7,1,,1,69,active,2026-08-18T10:00:00+05:30
far_2dce599e,flt_85cc6bcb,economy,promo,6144.36,983.10,INR,15,7,0,,0,88,active,2026-08-18T10:00:00+05:30
far_75d02132,flt_85cc6bcb,business,flex,29792.29,4766.77,INR,30,7,1,,1,36,active,2026-08-18T10:00:00+05:30
far_6678fbb2,flt_85cc6bcb,business,saver,21489.52,3438.32,INR,30,7,0,,0,31,active,2026-08-18T10:00:00+05:30
far_6ceeb086,flt_9ac44fbd,economy,promo,701.59,112.25,MYR,15,7,0,84.19,0,50,active,2026-08-18T10:00:00+05:30
far_2cd24091,flt_9ac44fbd,economy,flex,1097.36,175.58,MYR,15,7,1,131.68,1,73,active,2026-08-18T10:00:00+05:30
far_dc048da3,flt_9ac44fbd,business,standard,2788.38,446.14,MYR,30,7,0,334.61,0,37,active,2026-08-18T10:00:00+05:30
far_2952f324,flt_9ac44fbd,business,promo,2174.94,347.99,MYR,30,7,0,,0,9,active,2026-08-18T10:00:00+05:30
far_9f16b243,flt_94413c70,economy,standard,4112.95,658.07,INR,15,7,0,,0,72,active,2026-08-18T10:00:00+05:30
far_3b3f5ec7,flt_bede830e,economy,standard,20194.49,3231.12,INR,15,7,0,2423.34,0,37,active,2026-08-18T10:00:00+05:30
far_213c0304,flt_bede830e,economy,promo,15751.70,2520.27,INR,15,7,0,,0,86,active,2026-08-18T10:00:00+05:30
far_8a44b23f,flt_bede830e,business,standard,62602.92,10016.47,INR,30,7,0,7512.35,0,22,active,2026-08-18T10:00:00+05:30
far_fa48f96c,flt_bede830e,business,saver,55090.57,8814.49,INR,30,7,0,,0,15,active,2026-08-18T10:00:00+05:30
far_1d196ba5,flt_4407263d,economy,promo,4452.46,712.39,INR,15,7,0,,0,84,active,2026-08-18T10:00:00+05:30
far_d074809c,flt_4407263d,economy,flex,6964.11,1114.26,INR,15,7,1,,1,120,active,2026-08-18T10:00:00+05:30
far_872c63fa,flt_4407263d,business,standard,17695.68,2831.31,INR,30,7,0,,0,33,active,2026-08-18T10:00:00+05:30
far_2fa3e770,flt_4407263d,business,promo,13802.63,2208.42,INR,30,7,0,1656.32,0,29,active,2026-08-18T10:00:00+05:30
far_3a6dcc7f,flt_3b65ec93,economy,promo,125.08,20.01,SGD,15,7,0,15.01,0,168,active,2026-08-18T10:00:00+05:30
far_e8f4a595,flt_d9ed2ecb,economy,flex,10301.20,1648.19,INR,15,7,1,1236.14,1,153,active,2026-08-18T10:00:00+05:30
far_c9605aff,flt_d9ed2ecb,economy,saver,7430.37,1188.86,INR,15,7,0,891.64,0,125,active,2026-08-18T10:00:00+05:30
far_2711f868,flt_d9ed2ecb,business,promo,20416.63,3266.66,INR,30,7,0,,0,14,active,2026-08-18T10:00:00+05:30
far_0d75f765,flt_d9ed2ecb,business,saver,23034.15,3685.46,INR,30,7,0,2764.10,0,31,active,2026-08-18T10:00:00+05:30
far_b4a238b4,flt_aedea6a0,economy,flex,21676.86,3468.30,INR,15,7,1,2601.22,1,44,active,2026-08-18T10:00:00+05:30
far_52be34de,flt_aedea6a0,economy,saver,15635.77,2501.72,INR,15,7,0,,0,65,active,2026-08-18T10:00:00+05:30
far_1a73c492,flt_aedea6a0,business,promo,42962.82,6874.05,INR,30,7,0,5155.54,0,4,active,2026-08-18T10:00:00+05:30
far_8fa31d9a,flt_aedea6a0,business,corporate,60588.60,9694.18,INR,30,7,1,7270.63,0,4,active,2026-08-18T10:00:00+05:30
far_8c897336,flt_8b6900ce,economy,standard,15902.64,2544.42,INR,15,7,0,1908.32,0,111,active,2026-08-18T10:00:00+05:30
far_df4791f4,flt_8b6900ce,economy,flex,19401.22,3104.19,INR,15,7,1,,1,143,active,2026-08-18T10:00:00+05:30
far_335feb5c,flt_8b6900ce,business,flex,60143.77,9623.00,INR,30,7,1,,1,33,active,2026-08-18T10:00:00+05:30
far_b9de8668,flt_8b6900ce,business,corporate,54227.99,8676.48,INR,30,7,1,6507.36,0,33,active,2026-08-18T10:00:00+05:30
far_a451f942,flt_7782ef8b,economy,promo,3406113.11,544978.10,IDR,15,7,0,,0,108,active,2026-08-18T10:00:00+05:30
far_edc47227,flt_7782ef8b,economy,flex,5327510.25,852401.64,IDR,15,7,1,639301.23,1,135,active,2026-08-18T10:00:00+05:30
far_be9df7f0,flt_7782ef8b,business,flex,16515281.78,2642445.08,IDR,30,7,1,1981833.81,1,30,active,2026-08-18T10:00:00+05:30
far_a81247ef,flt_7782ef8b,business,corporate,14890827.83,2382532.45,IDR,30,7,1,,0,31,active,2026-08-18T10:00:00+05:30
far_9ffe70e8,flt_44b3c02c,economy,standard,23779.62,3804.74,INR,15,7,0,,0,161,active,2026-08-18T10:00:00+05:30
far_47dcc831,flt_44b3c02c,economy,saver,20926.07,3348.17,INR,15,7,0,,0,24,active,2026-08-18T10:00:00+05:30
far_35e5806d,flt_44b3c02c,business,flex,89934.53,14389.53,INR,30,7,1,10792.14,1,18,active,2026-08-18T10:00:00+05:30
far_210473a3,flt_44b3c02c,business,saver,64870.81,10379.33,INR,30,7,0,7784.50,0,17,active,2026-08-18T10:00:00+05:30
far_87ba82fc,flt_66bde479,economy,saver,15837.85,2534.06,INR,15,7,0,1900.54,0,60,active,2026-08-18T10:00:00+05:30
far_3e71c3a8,flt_66bde479,economy,standard,17997.55,2879.61,INR,15,7,0,,0,39,active,2026-08-18T10:00:00+05:30
far_88192076,flt_66bde479,business,saver,49097.32,7855.57,INR,30,7,0,5891.68,0,26,active,2026-08-18T10:00:00+05:30
far_e31ba863,flt_66bde479,business,promo,43518.08,6962.89,INR,30,7,0,,0,28,active,2026-08-18T10:00:00+05:30
far_77feab79,flt_8493426e,economy,flex,9132.05,1461.13,INR,15,7,1,,1,54,active,2026-08-18T10:00:00+05:30
far_e99337f2,flt_8493426e,economy,saver,6587.05,1053.93,INR,15,7,0,790.45,0,164,active,2026-08-18T10:00:00+05:30
far_08eef232,flt_8493426e,business,corporate,25524.83,4083.97,INR,30,7,1,3062.98,0,9,active,2026-08-18T10:00:00+05:30
far_934a8882,flt_8493426e,business,standard,23204.40,3712.70,INR,30,7,0,2784.53,0,13,active,2026-08-18T10:00:00+05:30
far_12f8241d,flt_bb260350,economy,corporate,12265.73,1962.52,INR,15,7,1,1471.89,0,109,active,2026-08-18T10:00:00+05:30
far_c5a1b530,flt_bb260350,economy,flex,13603.81,2176.61,INR,15,7,1,,1,128,active,2026-08-18T10:00:00+05:30
far_c1a0adea,flt_bb260350,business,flex,42171.81,6747.49,INR,30,7,1,5060.62,1,4,active,2026-08-18T10:00:00+05:30
far_847b01c0,flt_bb260350,business,standard,34567.06,5530.73,INR,30,7,0,4148.05,0,18,active,2026-08-18T10:00:00+05:30
far_c7ddfa70,flt_839eebc4,economy,promo,126.10,20.18,MYR,15,7,0,15.13,0,127,active,2026-08-18T10:00:00+05:30
far_3588b829,flt_839eebc4,economy,standard,161.66,25.87,MYR,15,7,0,,0,71,active,2026-08-18T10:00:00+05:30
far_b3abf579,flt_839eebc4,business,flex,611.41,97.83,MYR,30,7,1,,1,17,active,2026-08-18T10:00:00+05:30
far_3af9fc76,flt_839eebc4,business,promo,390.90,62.54,MYR,30,7,0,46.91,0,16,active,2026-08-18T10:00:00+05:30
far_5270c45a,flt_0ee593ee,economy,standard,3382421.32,541187.41,IDR,15,7,0,405890.56,0,43,active,2026-08-18T10:00:00+05:30
far_9cc9f58f,flt_65e22952,economy,saver,4414.71,706.35,INR,15,7,0,529.76,0,123,active,2026-08-18T10:00:00+05:30
far_ab1007f0,flt_2fea7ede,economy,corporate,3635.70,581.71,INR,15,7,1,,0,74,active,2026-08-18T10:00:00+05:30
far_eb45f30b,flt_2fea7ede,economy,standard,3305.19,528.83,INR,15,7,0,396.62,0,119,active,2026-08-18T10:00:00+05:30
far_c2ad043b,flt_2fea7ede,business,promo,7991.94,1278.71,INR,30,7,0,959.03,0,20,active,2026-08-18T10:00:00+05:30
far_b81bbbd0,flt_2fea7ede,business,standard,10246.08,1639.37,INR,30,7,0,1229.53,0,24,active,2026-08-18T10:00:00+05:30
far_43bd9fce,flt_6155f3fa,economy,corporate,5708.86,913.42,INR,15,7,1,685.06,0,97,active,2026-08-18T10:00:00+05:30
far_fef86801,flt_6155f3fa,economy,promo,4048.10,647.70,INR,15,7,0,,0,28,active,2026-08-18T10:00:00+05:30
far_85d83c52,flt_6155f3fa,business,standard,16088.62,2574.18,INR,30,7,0,1930.63,0,36,active,2026-08-18T10:00:00+05:30
far_e5bdc4ae,flt_6155f3fa,business,promo,12549.12,2007.86,INR,30,7,0,,0,13,active,2026-08-18T10:00:00+05:30
far_c6ce5490,flt_30c67194,economy,saver,631.14,100.98,MYR,15,7,0,,0,101,active,2026-08-18T10:00:00+05:30
far_c1a2d98d,flt_30c67194,economy,standard,717.20,114.75,MYR,15,7,0,86.06,0,57,active,2026-08-18T10:00:00+05:30
far_f8507693,flt_30c67194,business,standard,2223.33,355.73,MYR,30,7,0,266.80,0,26,active,2026-08-18T10:00:00+05:30
far_18a40a5c,flt_30c67194,business,corporate,2445.66,391.31,MYR,30,7,1,293.48,0,5,active,2026-08-18T10:00:00+05:30
far_28d47b4a,flt_82c23088,economy,flex,5155.69,824.91,THB,15,7,1,618.68,1,90,active,2026-08-18T10:00:00+05:30
far_f380d578,flt_e75a6183,economy,promo,11422.88,1827.66,INR,15,7,0,,0,108,active,2026-08-18T10:00:00+05:30
far_03f9593f,flt_c58bd025,economy,standard,3032.42,485.19,INR,15,7,0,363.89,0,63,active,2026-08-18T10:00:00+05:30
far_adc9549c,flt_c58bd025,economy,saver,2668.53,426.96,INR,15,7,0,320.22,0,70,active,2026-08-18T10:00:00+05:30
far_f1e848fa,flt_c58bd025,business,saver,8272.43,1323.59,INR,30,7,0,,0,30,active,2026-08-18T10:00:00+05:30
far_78314641,flt_c58bd025,business,standard,9400.49,1504.08,INR,30,7,0,1128.06,0,35,active,2026-08-18T10:00:00+05:30
far_331e3363,flt_c7938d28,economy,saver,6383.34,1021.33,INR,15,7,0,766.00,0,37,active,2026-08-18T10:00:00+05:30
far_33245044,flt_c7938d28,economy,flex,8849.63,1415.94,INR,15,7,1,1061.96,1,67,active,2026-08-18T10:00:00+05:30
far_fc24950c,flt_c7938d28,business,promo,17539.68,2806.35,INR,30,7,0,2104.76,0,10,active,2026-08-18T10:00:00+05:30
far_df686b20,flt_c7938d28,business,corporate,24735.45,3957.67,INR,30,7,1,,0,23,active,2026-08-18T10:00:00+05:30
far_8d1118cc,flt_ddecb9f2,economy,standard,7585.44,1213.67,INR,15,7,0,,0,86,active,2026-08-18T10:00:00+05:30
far_320f1e4c,flt_ddecb9f2,economy,corporate,8343.99,1335.04,INR,15,7,1,1001.28,0,95,active,2026-08-18T10:00:00+05:30
far_4deaeb78,flt_ddecb9f2,business,corporate,25866.36,4138.62,INR,30,7,1,,0,20,active,2026-08-18T10:00:00+05:30
far_22c76228,flt_ddecb9f2,business,standard,23514.87,3762.38,INR,30,7,0,2821.78,0,11,active,2026-08-18T10:00:00+05:30
far_9c80ebf9,flt_c73025ad,economy,corporate,5840.35,934.46,INR,15,7,1,700.84,0,43,active,2026-08-18T10:00:00+05:30
far_e2cfd7c9,flt_c73025ad,economy,flex,6477.48,1036.40,INR,15,7,1,777.30,1,37,active,2026-08-18T10:00:00+05:30
far_d354c340,flt_c73025ad,business,promo,12838.15,2054.10,INR,30,7,0,,0,26,active,2026-08-18T10:00:00+05:30
far_4b40a3f4,flt_c73025ad,business,saver,14484.07,2317.45,INR,30,7,0,,0,4,active,2026-08-18T10:00:00+05:30
far_939fa4d3,flt_a047d7df,economy,standard,3780.34,604.85,INR,15,7,0,453.64,0,49,active,2026-08-18T10:00:00+05:30
far_2326f3d2,flt_a047d7df,economy,flex,4612.01,737.92,INR,15,7,1,553.44,1,58,active,2026-08-18T10:00:00+05:30
far_cc8097d1,flt_a047d7df,business,promo,9140.85,1462.54,INR,30,7,0,,0,37,active,2026-08-18T10:00:00+05:30
far_41ab0125,flt_a047d7df,business,corporate,12890.95,2062.55,INR,30,7,1,,0,26,active,2026-08-18T10:00:00+05:30
far_c9f01240,flt_9a437bd1,economy,standard,23198.38,3711.74,INR,15,7,0,,0,115,active,2026-08-18T10:00:00+05:30
far_c72efefb,flt_9a437bd1,economy,promo,18094.73,2895.16,INR,15,7,0,2171.37,0,48,active,2026-08-18T10:00:00+05:30
far_e9dfb7f1,flt_9a437bd1,business,flex,87736.26,14037.80,INR,30,7,1,10528.35,1,22,active,2026-08-18T10:00:00+05:30
far_e0daf231,flt_9a437bd1,business,standard,71914.96,11506.39,INR,30,7,0,,0,29,active,2026-08-18T10:00:00+05:30
far_8057f812,flt_a2691859,economy,corporate,7241.94,1158.71,THB,15,7,1,869.03,0,96,active,2026-08-18T10:00:00+05:30
far_f88c499a,flt_a2691859,economy,standard,6583.58,1053.37,THB,15,7,0,790.03,0,166,active,2026-08-18T10:00:00+05:30
far_df156cc9,flt_a2691859,business,promo,15919.09,2547.05,THB,30,7,0,1910.29,0,29,active,2026-08-18T10:00:00+05:30
far_dfcb5194,flt_a2691859,business,saver,17960.00,2873.60,THB,30,7,0,,0,22,active,2026-08-18T10:00:00+05:30
far_aba4b3a4,flt_deb12c8f,economy,promo,4430.37,708.86,INR,15,7,0,531.64,0,106,active,2026-08-18T10:00:00+05:30
far_29ef772e,flt_deb12c8f,economy,saver,4998.37,799.74,INR,15,7,0,,0,166,active,2026-08-18T10:00:00+05:30
far_1f616491,flt_deb12c8f,business,flex,21481.63,3437.06,INR,30,7,1,2577.80,1,28,active,2026-08-18T10:00:00+05:30
far_ecf857be,flt_deb12c8f,business,saver,15494.95,2479.19,INR,30,7,0,,0,13,active,2026-08-18T10:00:00+05:30
far_e92d712f,flt_189761fa,economy,corporate,5041.46,806.63,INR,15,7,1,604.97,0,128,active,2026-08-18T10:00:00+05:30
far_04cab35e,flt_189761fa,economy,promo,3574.85,571.98,INR,15,7,0,,0,131,active,2026-08-18T10:00:00+05:30
far_08789f42,flt_189761fa,business,standard,14207.75,2273.24,INR,30,7,0,,0,26,active,2026-08-18T10:00:00+05:30
far_1a4c66dd,flt_189761fa,business,saver,12502.82,2000.45,INR,30,7,0,1500.34,0,34,active,2026-08-18T10:00:00+05:30
far_d537a44d,flt_d563ab41,economy,corporate,4659.59,745.53,INR,15,7,1,559.15,0,141,active,2026-08-18T10:00:00+05:30
far_c7ada6e0,flt_d563ab41,economy,standard,4235.99,677.76,INR,15,7,0,,0,48,active,2026-08-18T10:00:00+05:30
far_57300a32,flt_d563ab41,business,flex,16020.51,2563.28,INR,30,7,1,1922.46,1,21,active,2026-08-18T10:00:00+05:30
far_9f22ae29,flt_d563ab41,business,corporate,14444.72,2311.15,INR,30,7,1,,0,35,active,2026-08-18T10:00:00+05:30
far_5b1313fe,flt_cae03491,economy,flex,4381.73,701.08,INR,15,7,1,525.81,1,156,active,2026-08-18T10:00:00+05:30
far_4b6ece77,flt_cae03491,economy,corporate,3950.74,632.12,INR,15,7,1,474.09,0,91,active,2026-08-18T10:00:00+05:30
far_eaffdf72,flt_cae03491,business,saver,9797.84,1567.65,INR,30,7,0,1175.74,0,24,active,2026-08-18T10:00:00+05:30
far_2d476f38,flt_cae03491,business,promo,8684.45,1389.51,INR,30,7,0,1042.13,0,6,active,2026-08-18T10:00:00+05:30
far_22ec0174,flt_d43e5e1c,economy,promo,5110.81,817.73,INR,15,7,0,613.30,0,166,active,2026-08-18T10:00:00+05:30
far_5f290617,flt_d43e5e1c,economy,saver,5766.04,922.57,INR,15,7,0,691.92,0,143,active,2026-08-18T10:00:00+05:30
far_ce70eae3,flt_d43e5e1c,business,corporate,22343.40,3574.94,INR,30,7,1,2681.21,0,19,active,2026-08-18T10:00:00+05:30
far_c07dd763,flt_d43e5e1c,business,flex,24780.87,3964.94,INR,30,7,1,,1,24,active,2026-08-18T10:00:00+05:30
far_f61f6393,flt_abda71d0,economy,promo,549.40,87.90,MYR,15,7,0,,0,103,active,2026-08-18T10:00:00+05:30
far_133710bf,flt_abda71d0,economy,corporate,774.79,123.97,MYR,15,7,1,,0,120,active,2026-08-18T10:00:00+05:30
far_906d6527,flt_abda71d0,business,standard,2183.50,349.36,MYR,30,7,0,,0,34,active,2026-08-18T10:00:00+05:30
far_053b7659,flt_abda71d0,business,saver,1921.48,307.44,MYR,30,7,0,230.58,0,38,active,2026-08-18T10:00:00+05:30
far_bf8f12ae,flt_cb6c60ab,economy,promo,13570.34,2171.25,INR,15,7,0,,0,58,active,2026-08-18T10:00:00+05:30
far_2e8a3d7e,flt_cb6c60ab,economy,flex,21225.40,3396.06,INR,15,7,1,,1,43,active,2026-08-18T10:00:00+05:30
far_e13136ea,flt_cb6c60ab,business,standard,53933.40,8629.34,INR,30,7,0,6472.01,0,15,active,2026-08-18T10:00:00+05:30
far_34d0d125,flt_cb6c60ab,business,saver,47461.39,7593.82,INR,30,7,0,,0,17,active,2026-08-18T10:00:00+05:30
far_ad4f5646,flt_d5213718,economy,standard,25662.92,4106.07,INR,15,7,0,3079.55,0,71,active,2026-08-18T10:00:00+05:30
far_ebc8bd28,flt_d5213718,economy,promo,20017.07,3202.73,INR,15,7,0,2402.05,0,96,active,2026-08-18T10:00:00+05:30
far_75e18c3d,flt_d5213718,business,flex,97057.15,15529.14,INR,30,7,1,11646.86,1,12,active,2026-08-18T10:00:00+05:30
far_a58e1b26,flt_d5213718,business,standard,79555.04,12728.81,INR,30,7,0,,0,11,active,2026-08-18T10:00:00+05:30
far_6e53c3d7,flt_9b58cff5,economy,standard,372.91,59.67,AED,15,7,0,44.75,0,98,active,2026-08-18T10:00:00+05:30
far_c564c3b7,flt_222bd30e,economy,promo,10140.77,1622.52,INR,15,7,0,,0,153,active,2026-08-18T10:00:00+05:30
far_d0d8c9b5,flt_222bd30e,economy,corporate,14301.09,2288.17,INR,15,7,1,,0,69,active,2026-08-18T10:00:00+05:30
far_6ddc4c85,flt_222bd30e,business,saver,35466.70,5674.67,INR,30,7,0,4256.00,0,20,active,2026-08-18T10:00:00+05:30
far_6a96b489,flt_222bd30e,business,flex,49169.75,7867.16,INR,30,7,1,5900.37,1,7,active,2026-08-18T10:00:00+05:30
far_2ab2a759,flt_88fad860,economy,flex,10383.07,1661.29,INR,15,7,1,1245.97,1,79,active,2026-08-18T10:00:00+05:30
far_cfd79d3e,flt_88fad860,economy,promo,6638.36,1062.14,INR,15,7,0,,0,56,active,2026-08-18T10:00:00+05:30
far_6911a5a8,flt_88fad860,business,flex,32187.51,5150.00,INR,30,7,1,,1,18,active,2026-08-18T10:00:00+05:30
far_6cfe436c,flt_88fad860,business,saver,23217.22,3714.76,INR,30,7,0,2786.07,0,5,active,2026-08-18T10:00:00+05:30
far_c2e8e856,flt_8d99b1b2,economy,saver,3770.28,603.24,INR,15,7,0,452.43,0,92,active,2026-08-18T10:00:00+05:30
far_86098a44,flt_8d99b1b2,economy,corporate,4712.85,754.06,INR,15,7,1,565.54,0,91,active,2026-08-18T10:00:00+05:30
far_e13e6ae4,flt_8d99b1b2,business,promo,10359.70,1657.55,INR,30,7,0,,0,19,active,2026-08-18T10:00:00+05:30
far_4732379e,flt_8d99b1b2,business,saver,11687.87,1870.06,INR,30,7,0,,0,7,active,2026-08-18T10:00:00+05:30
far_ed24b113,flt_56817dee,economy,flex,317.06,50.73,SGD,15,7,1,38.05,1,22,active,2026-08-18T10:00:00+05:30
far_af0dde89,flt_56817dee,economy,corporate,285.87,45.74,SGD,15,7,1,,0,98,active,2026-08-18T10:00:00+05:30
far_16a6ae16,flt_56817dee,business,saver,708.96,113.43,SGD,30,7,0,,0,22,active,2026-08-18T10:00:00+05:30
far_cf1be100,flt_56817dee,business,flex,982.88,157.26,SGD,30,7,1,117.95,1,20,active,2026-08-18T10:00:00+05:30
far_4fe7252c,flt_b1714ce6,economy,standard,2882.13,461.14,INR,15,7,0,345.86,0,78,active,2026-08-18T10:00:00+05:30
far_905f44d2,flt_58ea562a,economy,saver,11108.83,1777.41,INR,15,7,0,1333.06,0,100,active,2026-08-18T10:00:00+05:30
far_2e12c266,flt_58ea562a,economy,promo,9846.46,1575.43,INR,15,7,0,1181.58,0,79,active,2026-08-18T10:00:00+05:30
far_f50e45b2,flt_58ea562a,business,flex,47742.70,7638.83,INR,30,7,1,,1,15,active,2026-08-18T10:00:00+05:30
far_2376a99e,flt_58ea562a,business,saver,34437.36,5509.98,INR,30,7,0,4132.48,0,13,active,2026-08-18T10:00:00+05:30
far_4017dc59,flt_e82c4ea5,economy,promo,3443.60,550.98,INR,15,7,0,,0,157,active,2026-08-18T10:00:00+05:30
far_5c950953,flt_cc53411b,economy,standard,6233.45,997.35,THB,15,7,0,748.01,0,75,active,2026-08-18T10:00:00+05:30
far_58bd719c,flt_cc53411b,economy,corporate,6856.79,1097.09,THB,15,7,1,822.82,0,46,active,2026-08-18T10:00:00+05:30
far_7bbcac81,flt_cc53411b,business,saver,17004.84,2720.77,THB,30,7,0,2040.58,0,22,active,2026-08-18T10:00:00+05:30
far_9ca46f96,flt_cc53411b,business,flex,23574.90,3771.98,THB,30,7,1,2828.99,1,6,active,2026-08-18T10:00:00+05:30
far_da1c19c9,flt_08671f04,economy,corporate,22866.01,3658.56,INR,15,7,1,2743.92,0,22,active,2026-08-18T10:00:00+05:30
far_6dd4e014,flt_08671f04,economy,flex,25360.48,4057.68,INR,15,7,1,3043.26,1,91,active,2026-08-18T10:00:00+05:30
far_53ec0a9d,flt_08671f04,business,flex,78617.50,12578.80,INR,30,7,1,,1,7,active,2026-08-18T10:00:00+05:30
far_8ec19601,flt_08671f04,business,saver,56707.70,9073.23,INR,30,7,0,6804.92,0,22,active,2026-08-18T10:00:00+05:30
far_e19a2af2,flt_298dc017,economy,standard,9605.49,1536.88,INR,15,7,0,1152.66,0,119,active,2026-08-18T10:00:00+05:30
far_47f29234,flt_298dc017,economy,flex,11718.70,1874.99,INR,15,7,1,1406.24,1,92,active,2026-08-18T10:00:00+05:30
far_9fa47836,flt_298dc017,business,flex,36327.98,5812.48,INR,30,7,1,,1,8,active,2026-08-18T10:00:00+05:30
far_134cea82,flt_298dc017,business,standard,29777.03,4764.32,INR,30,7,0,,0,38,active,2026-08-18T10:00:00+05:30
far_5d2e12ef,flt_f4960048,economy,flex,6343.08,1014.89,INR,15,7,1,761.17,1,44,active,2026-08-18T10:00:00+05:30
far_9048cbea,flt_9181359e,economy,saver,4344409.16,695105.47,IDR,15,7,0,521329.10,0,32,active,2026-08-18T10:00:00+05:30
far_cfd4d19a,flt_9181359e,economy,promo,3850726.30,616116.21,IDR,15,7,0,462087.16,0,164,active,2026-08-18T10:00:00+05:30
far_bb8cc94b,flt_9181359e,business,promo,11937251.52,1909960.24,IDR,30,7,0,,0,22,active,2026-08-18T10:00:00+05:30
far_703a99e1,flt_9181359e,business,corporate,16834585.48,2693533.68,IDR,30,7,1,2020150.26,0,33,active,2026-08-18T10:00:00+05:30
far_9457fc21,flt_c185347f,economy,saver,2846.23,455.40,INR,15,7,0,341.55,0,113,active,2026-08-18T10:00:00+05:30
far_61e6b625,flt_c185347f,economy,corporate,3557.78,569.25,INR,15,7,1,426.93,0,44,active,2026-08-18T10:00:00+05:30
far_301c2a49,flt_c185347f,business,standard,10026.48,1604.24,INR,30,7,0,1203.18,0,39,active,2026-08-18T10:00:00+05:30
far_5c62355b,flt_c185347f,business,corporate,11029.13,1764.66,INR,30,7,1,1323.50,0,23,active,2026-08-18T10:00:00+05:30
far_f1f87fb3,flt_9bf89f2b,economy,standard,6215358.66,994457.39,IDR,15,7,0,745843.04,0,65,active,2026-08-18T10:00:00+05:30
far_5298ddfb,flt_9bf89f2b,economy,saver,5469515.62,875122.50,IDR,15,7,0,656341.87,0,148,active,2026-08-18T10:00:00+05:30
far_05420508,flt_9bf89f2b,business,standard,19267611.86,3082817.90,IDR,30,7,0,,0,35,active,2026-08-18T10:00:00+05:30
far_145c94b0,flt_9bf89f2b,business,promo,15028737.25,2404597.96,IDR,30,7,0,1803448.47,0,34,active,2026-08-18T10:00:00+05:30
far_d0609bf2,flt_101b8b49,economy,flex,5963021.96,954083.51,IDR,15,7,1,,1,38,active,2026-08-18T10:00:00+05:30
far_04cb4c4a,flt_101b8b49,economy,standard,4887722.92,782035.67,IDR,15,7,0,586526.75,0,38,active,2026-08-18T10:00:00+05:30
far_0c8a6cc7,flt_101b8b49,business,saver,13333708.11,2133393.30,IDR,30,7,0,1600044.97,0,11,active,2026-08-18T10:00:00+05:30
far_fd4ba1d2,flt_101b8b49,business,corporate,16667135.14,2666741.62,IDR,30,7,1,,0,9,active,2026-08-18T10:00:00+05:30
far_1537f5e5,flt_fc085835,economy,promo,3592.46,574.79,INR,15,7,0,431.10,0,50,active,2026-08-18T10:00:00+05:30
far_56e594b9,flt_fc085835,economy,saver,4053.03,648.49,INR,15,7,0,486.36,0,45,active,2026-08-18T10:00:00+05:30
far_8611724a,flt_fc085835,business,promo,11136.63,1781.86,INR,30,7,0,,0,35,active,2026-08-18T10:00:00+05:30
far_f3c0c692,flt_fc085835,business,corporate,15705.50,2512.88,INR,30,7,1,,0,20,active,2026-08-18T10:00:00+05:30
far_97638945,flt_b7027c34,economy,promo,282.79,45.25,AED,15,7,0,33.94,0,55,active,2026-08-18T10:00:00+05:30
far_e76722e6,flt_b7027c34,economy,corporate,398.81,63.81,AED,15,7,1,,0,139,active,2026-08-18T10:00:00+05:30
far_512a4c8a,flt_b7027c34,business,saver,989.05,158.25,AED,30,7,0,118.69,0,28,active,2026-08-18T10:00:00+05:30
far_897f4cc5,flt_b7027c34,business,promo,876.65,140.26,AED,30,7,0,105.20,0,34,active,2026-08-18T10:00:00+05:30
far_c1db6fb3,flt_97052620,economy,saver,1681.08,268.97,INR,15,7,0,201.73,0,116,active,2026-08-18T10:00:00+05:30
far_18f0aef3,flt_97052620,economy,standard,1910.32,305.65,INR,15,7,0,229.24,0,155,active,2026-08-18T10:00:00+05:30
far_9ba7d0be,flt_97052620,business,saver,5211.36,833.82,INR,30,7,0,625.36,0,12,active,2026-08-18T10:00:00+05:30
far_06e65984,flt_97052620,business,standard,5922.00,947.52,INR,30,7,0,,0,32,active,2026-08-18T10:00:00+05:30
far_dd125d6d,flt_4f197fb2,economy,corporate,6409.76,1025.56,INR,15,7,1,769.17,0,159,active,2026-08-18T10:00:00+05:30
far_8209ad87,flt_4f197fb2,economy,promo,4545.10,727.22,INR,15,7,0,,0,148,active,2026-08-18T10:00:00+05:30
far_3da482b4,flt_4f197fb2,business,saver,15896.20,2543.39,INR,30,7,0,1907.54,0,17,active,2026-08-18T10:00:00+05:30
far_1362dd31,flt_4f197fb2,business,standard,18063.87,2890.22,INR,30,7,0,2167.66,0,16,active,2026-08-18T10:00:00+05:30
far_c4000051,flt_ea17ec76,economy,standard,8712.07,1393.93,INR,15,7,0,1045.45,0,102,active,2026-08-18T10:00:00+05:30
far_501fb0ab,flt_ea17ec76,economy,corporate,9583.28,1533.32,INR,15,7,1,,0,99,active,2026-08-18T10:00:00+05:30
far_35f7816c,flt_ea17ec76,business,flex,32949.05,5271.85,INR,30,7,1,3953.89,1,6,active,2026-08-18T10:00:00+05:30
far_ab52a2bf,flt_ea17ec76,business,saver,23766.53,3802.64,INR,30,7,0,,0,4,active,2026-08-18T10:00:00+05:30
far_177ad15c,flt_73aa792b,economy,corporate,44.10,7.06,SGD,15,7,1,5.29,0,114,active,2026-08-18T10:00:00+05:30
far_8dcddd01,flt_73aa792b,economy,saver,35.28,5.64,SGD,15,7,0,,0,147,active,2026-08-18T10:00:00+05:30
far_f7456f6f,flt_73aa792b,business,flex,151.63,24.26,SGD,30,7,1,18.20,1,20,active,2026-08-18T10:00:00+05:30
far_4ef16ec5,flt_73aa792b,business,corporate,136.71,21.87,SGD,30,7,1,16.41,0,19,active,2026-08-18T10:00:00+05:30
far_2f16f761,flt_9701424d,economy,corporate,167.49,26.80,SGD,15,7,1,20.10,0,71,active,2026-08-18T10:00:00+05:30
far_e8581dd3,flt_b20cb2d1,economy,corporate,10177.59,1628.41,INR,15,7,1,,0,136,active,2026-08-18T10:00:00+05:30
far_97dd8d03,flt_b20cb2d1,economy,promo,7216.84,1154.69,INR,15,7,0,866.02,0,21,active,2026-08-18T10:00:00+05:30
far_61951ba6,flt_b20cb2d1,business,flex,34992.42,5598.79,INR,30,7,1,,1,12,active,2026-08-18T10:00:00+05:30
far_ff4cd2b3,flt_b20cb2d1,business,promo,22372.20,3579.55,INR,30,7,0,,0,34,active,2026-08-18T10:00:00+05:30
far_3748e46c,flt_7ea0142c,economy,promo,347.54,55.61,AED,15,7,0,41.70,0,166,active,2026-08-18T10:00:00+05:30
far_96b71fa8,flt_7ea0142c,economy,standard,445.56,71.29,AED,15,7,0,53.47,0,65,active,2026-08-18T10:00:00+05:30
far_06c0c092,flt_7ea0142c,business,promo,1077.37,172.38,AED,30,7,0,129.28,0,21,active,2026-08-18T10:00:00+05:30
far_9ce6fa3e,flt_7ea0142c,business,saver,1215.49,194.48,AED,30,7,0,,0,33,active,2026-08-18T10:00:00+05:30
far_b347dedb,flt_02be09a6,economy,promo,8788.55,1406.17,INR,15,7,0,,0,32,active,2026-08-18T10:00:00+05:30
far_3f9f2649,flt_8c7c4ea7,economy,corporate,10319.24,1651.08,INR,15,7,1,1238.31,0,58,active,2026-08-18T10:00:00+05:30
far_86dcb3e5,flt_8c7c4ea7,economy,promo,7317.28,1170.77,INR,15,7,0,878.07,0,46,active,2026-08-18T10:00:00+05:30
far_b6db33f6,flt_8c7c4ea7,business,promo,22683.57,3629.37,INR,30,7,0,2722.03,0,26,active,2026-08-18T10:00:00+05:30
far_ca76ef02,flt_8c7c4ea7,business,flex,35479.43,5676.71,INR,30,7,1,4257.53,1,32,active,2026-08-18T10:00:00+05:30
far_328828ff,flt_89e1ec8c,economy,standard,4106.34,657.02,INR,15,7,0,492.76,0,133,active,2026-08-18T10:00:00+05:30
far_13381161,flt_9362ee85,economy,corporate,5127.80,820.45,INR,15,7,1,,0,92,active,2026-08-18T10:00:00+05:30
far_abcdf03c,flt_9362ee85,economy,flex,5687.20,909.95,INR,15,7,1,682.46,1,31,active,2026-08-18T10:00:00+05:30
far_0072016b,flt_9362ee85,business,standard,14451.08,2312.17,INR,30,7,0,,0,7,active,2026-08-18T10:00:00+05:30
far_3149465c,flt_9362ee85,business,saver,12716.95,2034.71,INR,30,7,0,,0,39,active,2026-08-18T10:00:00+05:30
far_ebd2ce9b,flt_f3ad8a3c,economy,flex,11308.73,1809.40,INR,15,7,1,1357.05,1,167,active,2026-08-18T10:00:00+05:30
far_6fc86742,flt_52f4c768,economy,standard,208.12,33.30,SGD,15,7,0,,0,105,active,2026-08-18T10:00:00+05:30
far_769a919e,flt_52f4c768,economy,flex,253.91,40.63,SGD,15,7,1,30.47,1,120,active,2026-08-18T10:00:00+05:30
far_b98456c5,flt_52f4c768,business,promo,503.25,80.52,SGD,30,7,0,60.39,0,39,active,2026-08-18T10:00:00+05:30
far_78e13ffe,flt_52f4c768,business,corporate,709.71,113.55,SGD,30,7,1,85.16,0,9,active,2026-08-18T10:00:00+05:30
far_1521a6ee,flt_a8c4d694,economy,corporate,14979.12,2396.66,INR,15,7,1,1797.49,0,39,active,2026-08-18T10:00:00+05:30
far_3c45b579,flt_a8c4d694,economy,promo,10621.56,1699.45,INR,15,7,0,1274.59,0,45,active,2026-08-18T10:00:00+05:30
far_3aed78f2,flt_a8c4d694,business,flex,51500.94,8240.15,INR,30,7,1,6180.11,1,33,active,2026-08-18T10:00:00+05:30
far_ba19618f,flt_a8c4d694,business,saver,37148.22,5943.72,INR,30,7,0,4457.79,0,32,active,2026-08-18T10:00:00+05:30
far_21d800dc,flt_a158d0c1,economy,standard,321.57,51.45,AED,15,7,0,,0,53,active,2026-08-18T10:00:00+05:30
far_e2f348f5,flt_a158d0c1,economy,promo,250.83,40.13,AED,15,7,0,30.10,0,104,active,2026-08-18T10:00:00+05:30
far_548af492,flt_a158d0c1,business,flex,1216.18,194.59,AED,30,7,1,145.94,1,10,active,2026-08-18T10:00:00+05:30
far_c32eb1cd,flt_a158d0c1,business,corporate,1096.56,175.45,AED,30,7,1,131.59,0,25,active,2026-08-18T10:00:00+05:30
far_da4ea384,flt_04c9c4a9,economy,standard,351.11,56.18,SGD,15,7,0,,0,135,active,2026-08-18T10:00:00+05:30
far_3f83f2c2,flt_04c9c4a9,economy,flex,428.35,68.54,SGD,15,7,1,51.40,1,31,active,2026-08-18T10:00:00+05:30
far_fcb29865,flt_04c9c4a9,business,standard,1088.44,174.15,SGD,30,7,0,130.61,0,23,active,2026-08-18T10:00:00+05:30
far_3ab07596,flt_04c9c4a9,business,flex,1327.89,212.46,SGD,30,7,1,,1,22,active,2026-08-18T10:00:00+05:30
far_61a1fdae,flt_75a321fd,economy,saver,1698.64,271.78,INR,15,7,0,,0,76,active,2026-08-18T10:00:00+05:30
far_e491edb2,flt_75a321fd,economy,flex,2354.94,376.79,INR,15,7,1,282.59,1,118,active,2026-08-18T10:00:00+05:30
far_1af96ba5,flt_75a321fd,business,standard,5983.85,957.42,INR,30,7,0,718.06,0,14,active,2026-08-18T10:00:00+05:30
far_05e971ec,flt_75a321fd,business,saver,5265.79,842.53,INR,30,7,0,631.89,0,27,active,2026-08-18T10:00:00+05:30
far_bb477a57,flt_714d0d77,economy,standard,797.31,127.57,MYR,15,7,0,95.68,0,161,active,2026-08-18T10:00:00+05:30
far_d0860a76,flt_714d0d77,economy,saver,701.63,112.26,MYR,15,7,0,,0,167,active,2026-08-18T10:00:00+05:30
far_a1b22b6a,flt_714d0d77,business,standard,2471.67,395.47,MYR,30,7,0,,0,37,active,2026-08-18T10:00:00+05:30
far_f80873b4,flt_714d0d77,business,saver,2175.07,348.01,MYR,30,7,0,261.01,0,8,active,2026-08-18T10:00:00+05:30
far_80fa1038,flt_50d008d6,economy,flex,7102.95,1136.47,INR,15,7,1,,1,98,active,2026-08-18T10:00:00+05:30
far_69a853d5,flt_50d008d6,economy,corporate,6404.30,1024.69,INR,15,7,1,,0,63,active,2026-08-18T10:00:00+05:30
far_2e403aaa,flt_50d008d6,business,promo,14077.82,2252.45,INR,30,7,0,1689.34,0,25,active,2026-08-18T10:00:00+05:30
far_35dd658a,flt_50d008d6,business,saver,15882.66,2541.23,INR,30,7,0,,0,31,active,2026-08-18T10:00:00+05:30
far_1780c730,flt_91e27b44,economy,standard,7475.95,1196.15,INR,15,7,0,897.11,0,120,active,2026-08-18T10:00:00+05:30
far_56fbfed8,flt_91e27b44,economy,saver,6578.84,1052.61,INR,15,7,0,,0,166,active,2026-08-18T10:00:00+05:30
far_7b29db56,flt_91e27b44,business,saver,20394.40,3263.10,INR,30,7,0,2447.33,0,10,active,2026-08-18T10:00:00+05:30
far_702ad9b3,flt_91e27b44,business,promo,18076.85,2892.30,INR,30,7,0,2169.22,0,17,active,2026-08-18T10:00:00+05:30
far_702949f8,flt_88ee1a49,economy,saver,18282.03,2925.13,INR,15,7,0,2193.84,0,52,active,2026-08-18T10:00:00+05:30
far_590504b0,flt_88ee1a49,economy,flex,25345.55,4055.29,INR,15,7,1,3041.47,1,117,active,2026-08-18T10:00:00+05:30
far_1a6d868f,flt_88ee1a49,business,corporate,70842.88,11334.86,INR,30,7,1,8501.15,0,35,active,2026-08-18T10:00:00+05:30
far_b77e4882,flt_88ee1a49,business,standard,64402.62,10304.42,INR,30,7,0,,0,11,active,2026-08-18T10:00:00+05:30
far_ab4354a4,flt_837580d3,economy,standard,5395129.84,863220.78,IDR,15,7,0,647415.58,0,112,active,2026-08-18T10:00:00+05:30
far_13a1b3b0,flt_837580d3,economy,promo,4208201.28,673312.20,IDR,15,7,0,504984.15,0,116,active,2026-08-18T10:00:00+05:30
far_1a64b439,flt_837580d3,business,flex,20404381.07,3264700.97,IDR,30,7,1,,1,25,active,2026-08-18T10:00:00+05:30
far_7471c144,flt_837580d3,business,promo,13045423.96,2087267.83,IDR,30,7,0,,0,9,active,2026-08-18T10:00:00+05:30
far_fe96407f,flt_9f658e7b,economy,promo,3327.21,532.35,INR,15,7,0,399.26,0,59,active,2026-08-18T10:00:00+05:30
far_7b2313d4,flt_9f658e7b,economy,flex,5204.09,832.66,INR,15,7,1,624.49,1,100,active,2026-08-18T10:00:00+05:30
far_c1641384,flt_9f658e7b,business,corporate,14545.87,2327.34,INR,30,7,1,1745.50,0,35,active,2026-08-18T10:00:00+05:30
far_bb4db48d,flt_9f658e7b,business,promo,10314.35,1650.30,INR,30,7,0,1237.72,0,36,active,2026-08-18T10:00:00+05:30
far_87169908,flt_132d64c4,economy,promo,514.47,82.32,AED,15,7,0,,0,42,active,2026-08-18T10:00:00+05:30
far_699aa5ee,flt_132d64c4,economy,corporate,725.53,116.09,AED,15,7,1,87.06,0,125,active,2026-08-18T10:00:00+05:30
far_242e647f,flt_132d64c4,business,promo,1594.85,255.18,AED,30,7,0,191.38,0,29,active,2026-08-18T10:00:00+05:30
far_6c0d370b,flt_132d64c4,business,flex,2494.52,399.12,AED,30,7,1,,1,5,active,2026-08-18T10:00:00+05:30
far_f0e4a158,flt_35f6d0ab,economy,promo,134.74,21.56,SGD,15,7,0,,0,157,active,2026-08-18T10:00:00+05:30
far_829add1a,flt_35f6d0ab,economy,standard,172.74,27.64,SGD,15,7,0,,0,62,active,2026-08-18T10:00:00+05:30
far_50547680,flt_35f6d0ab,business,standard,535.49,85.68,SGD,30,7,0,64.26,0,26,active,2026-08-18T10:00:00+05:30
far_cce1d9a6,flt_35f6d0ab,business,promo,417.68,66.83,SGD,30,7,0,,0,22,active,2026-08-18T10:00:00+05:30
far_4d8e2a82,flt_f414a4b9,economy,saver,518.58,82.97,MYR,15,7,0,,0,110,active,2026-08-18T10:00:00+05:30
far_09311a4a,flt_743da1a9,economy,promo,4418.19,706.91,INR,15,7,0,,0,57,active,2026-08-18T10:00:00+05:30
far_4cabdf98,flt_743da1a9,economy,flex,6910.50,1105.68,INR,15,7,1,829.26,1,104,active,2026-08-18T10:00:00+05:30
far_972af182,flt_743da1a9,business,standard,17559.46,2809.51,INR,30,7,0,,0,10,active,2026-08-18T10:00:00+05:30
far_5d67d15e,flt_743da1a9,business,corporate,19315.41,3090.47,INR,30,7,1,2317.85,0,34,active,2026-08-18T10:00:00+05:30
far_0d3325f6,flt_7e32fc93,economy,corporate,5821.28,931.41,THB,15,7,1,698.55,0,109,active,2026-08-18T10:00:00+05:30
far_7dac6acc,flt_7e32fc93,economy,flex,6456.33,1033.01,THB,15,7,1,,1,22,active,2026-08-18T10:00:00+05:30
far_b9c93cca,flt_7e32fc93,business,promo,12796.24,2047.40,THB,30,7,0,1535.55,0,34,active,2026-08-18T10:00:00+05:30
far_6cdcba61,flt_7e32fc93,business,flex,20014.64,3202.34,THB,30,7,1,2401.76,1,8,active,2026-08-18T10:00:00+05:30
far_d872dbd7,flt_2f6773ee,economy,saver,12720.06,2035.21,INR,15,7,0,,0,165,active,2026-08-18T10:00:00+05:30
far_6f949ada,flt_2f6773ee,economy,corporate,15900.07,2544.01,INR,15,7,1,1908.01,0,134,active,2026-08-18T10:00:00+05:30
far_0cc283ed,flt_2f6773ee,business,promo,34951.26,5592.20,INR,30,7,0,4194.15,0,14,active,2026-08-18T10:00:00+05:30
far_54042dff,flt_2f6773ee,business,standard,44809.30,7169.49,INR,30,7,0,5377.12,0,23,active,2026-08-18T10:00:00+05:30
far_35dcd8c3,flt_3e4631d1,economy,standard,11217.39,1794.78,INR,15,7,0,1346.09,0,157,active,2026-08-18T10:00:00+05:30
far_3690335d,flt_3e4631d1,economy,promo,8749.56,1399.93,INR,15,7,0,,0,64,active,2026-08-18T10:00:00+05:30
far_084d8150,flt_3e4631d1,business,corporate,38251.30,6120.21,INR,30,7,1,,0,35,active,2026-08-18T10:00:00+05:30
far_402c41f3,flt_3e4631d1,business,promo,27123.65,4339.78,INR,30,7,0,3254.84,0,21,active,2026-08-18T10:00:00+05:30
far_497c03cb,flt_34fdd634,economy,flex,225.90,36.14,SGD,15,7,1,,1,154,active,2026-08-18T10:00:00+05:30
far_a833d062,flt_34fdd634,economy,promo,144.43,23.11,SGD,15,7,0,,0,137,active,2026-08-18T10:00:00+05:30
far_1f968a28,flt_34fdd634,business,standard,574.01,91.84,SGD,30,7,0,,0,7,active,2026-08-18T10:00:00+05:30
far_c0785d53,flt_34fdd634,business,flex,700.29,112.05,SGD,30,7,1,84.03,1,30,active,2026-08-18T10:00:00+05:30
far_6698a91c,flt_d3d792aa,economy,flex,8521.39,1363.42,INR,15,7,1,,1,68,active,2026-08-18T10:00:00+05:30
far_7e287382,flt_d3d792aa,economy,corporate,7683.22,1229.32,INR,15,7,1,,0,68,active,2026-08-18T10:00:00+05:30
far_a8d9bceb,flt_d3d792aa,business,corporate,23817.99,3810.88,INR,30,7,1,,0,16,active,2026-08-18T10:00:00+05:30
far_34471c4f,flt_d3d792aa,business,standard,21652.72,3464.44,INR,30,7,0,2598.33,0,33,active,2026-08-18T10:00:00+05:30
far_e431596b,flt_fcbb9a2f,economy,saver,15732.68,2517.23,INR,15,7,0,1887.92,0,101,active,2026-08-18T10:00:00+05:30
far_d06d5bdd,flt_fcbb9a2f,economy,corporate,19665.85,3146.54,INR,15,7,1,,0,64,active,2026-08-18T10:00:00+05:30
far_9d6e3212,flt_fcbb9a2f,business,flex,67614.77,10818.36,INR,30,7,1,,1,24,active,2026-08-18T10:00:00+05:30
far_37707b12,flt_fcbb9a2f,business,standard,55421.94,8867.51,INR,30,7,0,,0,12,active,2026-08-18T10:00:00+05:30
far_73fe9ea3,flt_51e6fd6e,economy,corporate,3871.26,619.40,INR,15,7,1,464.55,0,32,active,2026-08-18T10:00:00+05:30
far_554a5164,flt_51e6fd6e,economy,saver,3097.00,495.52,INR,15,7,0,,0,148,active,2026-08-18T10:00:00+05:30
far_45e126e1,flt_51e6fd6e,business,promo,8509.72,1361.56,INR,30,7,0,1021.17,0,12,active,2026-08-18T10:00:00+05:30
far_e969828d,flt_51e6fd6e,business,standard,10909.90,1745.58,INR,30,7,0,1309.19,0,22,active,2026-08-18T10:00:00+05:30
far_b34db251,flt_44c78ace,economy,flex,525.90,84.14,MYR,15,7,1,,1,126,active,2026-08-18T10:00:00+05:30
far_7345396a,flt_8b30b76e,economy,corporate,4911.53,785.84,INR,15,7,1,589.38,0,166,active,2026-08-18T10:00:00+05:30
far_58e0ee97,flt_8cfb49c2,economy,promo,8952.10,1432.34,INR,15,7,0,1074.25,0,87,active,2026-08-18T10:00:00+05:30
far_d0e01e5b,flt_8cfb49c2,economy,standard,11477.05,1836.33,INR,15,7,0,1377.25,0,95,active,2026-08-18T10:00:00+05:30
far_f388db0d,flt_8cfb49c2,business,standard,35578.86,5692.62,INR,30,7,0,4269.46,0,37,active,2026-08-18T10:00:00+05:30
far_b3736d8e,flt_8cfb49c2,business,flex,43406.21,6944.99,INR,30,7,1,5208.75,1,33,active,2026-08-18T10:00:00+05:30
far_3b805764,flt_1c8cf8ca,economy,corporate,12657.88,2025.26,INR,15,7,1,,0,109,active,2026-08-18T10:00:00+05:30
far_4adeb3e7,flt_1c8cf8ca,economy,standard,11507.16,1841.15,INR,15,7,0,1380.86,0,100,active,2026-08-18T10:00:00+05:30
far_45b38791,flt_1c8cf8ca,business,standard,35672.21,5707.55,INR,30,7,0,4280.66,0,14,active,2026-08-18T10:00:00+05:30
far_eee4318f,flt_1c8cf8ca,business,promo,27824.32,4451.89,INR,30,7,0,,0,22,active,2026-08-18T10:00:00+05:30
far_1ce686f1,flt_1e4cfffb,economy,corporate,7852.42,1256.39,INR,15,7,1,,0,155,active,2026-08-18T10:00:00+05:30
far_87e52b0d,flt_1e4cfffb,economy,flex,8709.04,1393.45,INR,15,7,1,1045.09,1,100,active,2026-08-18T10:00:00+05:30
far_f1f71499,flt_1e4cfffb,business,promo,17261.04,2761.77,INR,30,7,0,2071.32,0,37,active,2026-08-18T10:00:00+05:30
far_d1de3bde,flt_1e4cfffb,business,corporate,24342.49,3894.80,INR,30,7,1,,0,29,active,2026-08-18T10:00:00+05:30
far_5659d3cc,flt_d14495c0,economy,saver,173.40,27.74,SGD,15,7,0,20.81,0,92,active,2026-08-18T10:00:00+05:30
far_590619ad,flt_16015d26,economy,saver,14723.10,2355.70,INR,15,7,0,,0,20,active,2026-08-18T10:00:00+05:30
far_820d3ced,flt_16015d26,economy,corporate,18403.87,2944.62,INR,15,7,1,,0,149,active,2026-08-18T10:00:00+05:30
far_45f2222a,flt_16015d26,business,saver,45641.59,7302.66,INR,30,7,0,,0,29,active,2026-08-18T10:00:00+05:30
far_fb8fb34f,flt_16015d26,business,corporate,57051.99,9128.32,INR,30,7,1,,0,12,active,2026-08-18T10:00:00+05:30
far_652f52d0,flt_0182331e,economy,flex,16960.74,2713.72,INR,15,7,1,2035.29,1,56,active,2026-08-18T10:00:00+05:30
far_46c9cebf,flt_0182331e,economy,saver,12233.97,1957.44,INR,15,7,0,1468.08,0,132,active,2026-08-18T10:00:00+05:30
far_3e67bc29,flt_0182331e,business,promo,33615.62,5378.50,INR,30,7,0,4033.87,0,17,active,2026-08-18T10:00:00+05:30
far_c09d523a,flt_0182331e,business,corporate,47406.65,7585.06,INR,30,7,1,5688.80,0,14,active,2026-08-18T10:00:00+05:30
far_e4ddc5af,flt_a5a3f5f0,economy,saver,4770.21,763.23,INR,15,7,0,,0,131,active,2026-08-18T10:00:00+05:30
far_19b9e4d8,flt_a5a3f5f0,economy,standard,5420.69,867.31,INR,15,7,0,650.48,0,160,active,2026-08-18T10:00:00+05:30
far_ffdb619a,flt_a5a3f5f0,business,standard,16804.14,2688.66,INR,30,7,0,2016.50,0,9,active,2026-08-18T10:00:00+05:30
far_e2e305cc,flt_a5a3f5f0,business,flex,20501.05,3280.17,INR,30,7,1,2460.13,1,27,active,2026-08-18T10:00:00+05:30
far_151a2d58,flt_6c24e840,economy,saver,323.24,51.72,AED,15,7,0,,0,143,active,2026-08-18T10:00:00+05:30
far_9919269b,flt_9dc0ce8f,economy,promo,4000826.03,640132.16,IDR,15,7,0,,0,116,active,2026-08-18T10:00:00+05:30
far_8bf356a1,flt_9dc0ce8f,economy,saver,4513752.45,722200.39,IDR,15,7,0,,0,35,active,2026-08-18T10:00:00+05:30
far_0c54c99b,flt_9dc0ce8f,business,standard,15900718.84,2544115.01,IDR,30,7,0,1908086.26,0,6,active,2026-08-18T10:00:00+05:30
far_8f0e113f,flt_9dc0ce8f,business,flex,19398876.99,3103820.32,IDR,30,7,1,2327865.24,1,24,active,2026-08-18T10:00:00+05:30
far_5e9c578d,flt_1310a5de,economy,promo,8859.02,1417.44,INR,15,7,0,,0,165,active,2026-08-18T10:00:00+05:30
far_f567f208,flt_1310a5de,economy,saver,9994.79,1599.17,INR,15,7,0,1199.38,0,34,active,2026-08-18T10:00:00+05:30
far_8959e9ef,flt_1310a5de,business,flex,42954.89,6872.78,INR,30,7,1,,1,37,active,2026-08-18T10:00:00+05:30
far_0df99917,flt_1310a5de,business,standard,35208.93,5633.43,INR,30,7,0,,0,20,active,2026-08-18T10:00:00+05:30
far_551f25a0,flt_0a689279,economy,saver,642.24,102.76,MYR,15,7,0,,0,91,active,2026-08-18T10:00:00+05:30
far_099f4ea9,flt_0a689279,economy,corporate,802.80,128.45,MYR,15,7,1,,0,22,active,2026-08-18T10:00:00+05:30
far_f286a976,flt_0a689279,business,corporate,2488.68,398.19,MYR,30,7,1,,0,38,active,2026-08-18T10:00:00+05:30
far_dd25e7f3,flt_0a689279,business,standard,2262.44,361.99,MYR,30,7,0,,0,4,active,2026-08-18T10:00:00+05:30
far_9b567cd3,flt_b4428db9,economy,promo,4869.87,779.18,INR,15,7,0,,0,111,active,2026-08-18T10:00:00+05:30
far_0967a0f2,flt_b4428db9,economy,corporate,6867.77,1098.84,INR,15,7,1,,0,108,active,2026-08-18T10:00:00+05:30
far_25738a5e,flt_b4428db9,business,standard,19354.63,3096.74,INR,30,7,0,,0,8,active,2026-08-18T10:00:00+05:30
far_ad0018fb,flt_b4428db9,business,promo,15096.61,2415.46,INR,30,7,0,1811.59,0,18,active,2026-08-18T10:00:00+05:30
far_9226fa31,flt_054e6463,economy,promo,10907.42,1745.19,INR,15,7,0,1308.89,0,153,active,2026-08-18T10:00:00+05:30
far_6c7895f3,flt_054e6463,economy,saver,12305.81,1968.93,INR,15,7,0,1476.70,0,71,active,2026-08-18T10:00:00+05:30
far_09dc7d29,flt_054e6463,business,promo,33813.01,5410.08,INR,30,7,0,4057.56,0,8,active,2026-08-18T10:00:00+05:30
far_aa323220,flt_054e6463,business,saver,38148.01,6103.68,INR,30,7,0,,0,21,active,2026-08-18T10:00:00+05:30
far_df9c9eb0,flt_139ba004,economy,flex,588.75,94.20,AED,15,7,1,70.65,1,40,active,2026-08-18T10:00:00+05:30
far_6ae0adf5,flt_139ba004,economy,promo,376.41,60.23,AED,15,7,0,45.17,0,89,active,2026-08-18T10:00:00+05:30
far_2d41a6a1,flt_139ba004,business,promo,1166.88,186.70,AED,30,7,0,,0,34,active,2026-08-18T10:00:00+05:30
far_f63118e0,flt_139ba004,business,flex,1825.12,292.02,AED,30,7,1,,1,10,active,2026-08-18T10:00:00+05:30
far_9b578ae1,flt_76a86272,economy,promo,8996.42,1439.43,INR,15,7,0,,0,56,active,2026-08-18T10:00:00+05:30
far_14840a9d,flt_76a86272,economy,saver,10149.80,1623.97,INR,15,7,0,,0,72,active,2026-08-18T10:00:00+05:30
far_8b7ae8fd,flt_76a86272,business,flex,43621.08,6979.37,INR,30,7,1,,1,36,active,2026-08-18T10:00:00+05:30
far_c323c94c,flt_76a86272,business,corporate,39330.48,6292.88,INR,30,7,1,4719.66,0,19,active,2026-08-18T10:00:00+05:30
far_98e4ddda,flt_8f59a470,economy,flex,7162.98,1146.08,INR,15,7,1,859.56,1,143,active,2026-08-18T10:00:00+05:30
far_17152770,flt_3147e217,economy,corporate,1438.06,230.09,AED,15,7,1,,0,127,active,2026-08-18T10:00:00+05:30
far_5443b202,flt_3147e217,economy,standard,1307.33,209.17,AED,15,7,0,,0,64,active,2026-08-18T10:00:00+05:30
far_ab83de8c,flt_3147e217,business,promo,3161.12,505.78,AED,30,7,0,,0,30,active,2026-08-18T10:00:00+05:30
far_47c9d849,flt_3147e217,business,flex,4944.31,791.09,AED,30,7,1,,1,34,active,2026-08-18T10:00:00+05:30
far_ba5ec7b5,flt_87def60d,economy,standard,267.80,42.85,SGD,15,7,0,,0,62,active,2026-08-18T10:00:00+05:30
far_f0206f21,flt_87def60d,economy,corporate,294.57,47.13,SGD,15,7,1,35.35,0,131,active,2026-08-18T10:00:00+05:30
far_20a5a2d6,flt_87def60d,business,standard,830.16,132.83,SGD,30,7,0,99.62,0,30,active,2026-08-18T10:00:00+05:30
far_157b37dd,flt_87def60d,business,corporate,913.18,146.11,SGD,30,7,1,109.58,0,17,active,2026-08-18T10:00:00+05:30
far_2999fbaa,flt_5d7ea6ce,economy,saver,1287.33,205.97,INR,15,7,0,154.48,0,77,active,2026-08-18T10:00:00+05:30
far_7850030b,flt_5d7ea6ce,economy,flex,1784.71,285.55,INR,15,7,1,214.17,1,139,active,2026-08-18T10:00:00+05:30
far_0d69e369,flt_5d7ea6ce,business,saver,3990.73,638.52,INR,30,7,0,478.89,0,37,active,2026-08-18T10:00:00+05:30
far_b728b52c,flt_5d7ea6ce,business,corporate,4988.42,798.15,INR,30,7,1,598.61,0,38,active,2026-08-18T10:00:00+05:30
far_2f5756a6,flt_20a52142,economy,corporate,2551.20,408.19,INR,15,7,1,306.14,0,65,active,2026-08-18T10:00:00+05:30
far_3d721c63,flt_a3fb27d0,economy,flex,20552.66,3288.43,INR,15,7,1,2466.32,1,39,active,2026-08-18T10:00:00+05:30
far_32b306f1,flt_a3fb27d0,economy,corporate,18531.09,2964.97,INR,15,7,1,2223.73,0,110,active,2026-08-18T10:00:00+05:30
far_3c4442aa,flt_a3fb27d0,business,flex,63713.26,10194.12,INR,30,7,1,,1,37,active,2026-08-18T10:00:00+05:30
far_0c024e05,flt_a3fb27d0,business,corporate,57446.38,9191.42,INR,30,7,1,6893.57,0,5,active,2026-08-18T10:00:00+05:30
far_b8a06eef,flt_63df2006,economy,corporate,319603.94,51136.63,IDR,15,7,1,38352.47,0,97,active,2026-08-18T10:00:00+05:30
far_6d7b5491,flt_63df2006,economy,saver,255683.15,40909.30,IDR,15,7,0,,0,124,active,2026-08-18T10:00:00+05:30
far_4200edae,flt_63df2006,business,saver,792617.76,126818.84,IDR,30,7,0,95114.13,0,13,active,2026-08-18T10:00:00+05:30
far_d03f0384,flt_63df2006,business,corporate,990772.20,158523.55,IDR,30,7,1,118892.66,0,28,active,2026-08-18T10:00:00+05:30
far_161890f9,flt_76c55016,economy,saver,4306.56,689.05,INR,15,7,0,516.79,0,35,active,2026-08-18T10:00:00+05:30
far_25d833bb,flt_76c55016,economy,flex,5970.46,955.27,INR,15,7,1,716.46,1,93,active,2026-08-18T10:00:00+05:30
far_0329615d,flt_76c55016,business,flex,18508.43,2961.35,INR,30,7,1,2221.01,1,20,active,2026-08-18T10:00:00+05:30
far_0c80a7c5,flt_76c55016,business,saver,13350.35,2136.06,INR,30,7,0,1602.04,0,32,active,2026-08-18T10:00:00+05:30
far_6f53953f,flt_288e0fa0,economy,promo,10235.80,1637.73,INR,15,7,0,1228.30,0,23,active,2026-08-18T10:00:00+05:30
far_8465015f,flt_288e0fa0,economy,saver,11548.08,1847.69,INR,15,7,0,1385.77,0,116,active,2026-08-18T10:00:00+05:30
far_31016014,flt_288e0fa0,business,flex,49630.51,7940.88,INR,30,7,1,5955.66,1,11,active,2026-08-18T10:00:00+05:30
far_cdc3cc9d,flt_288e0fa0,business,corporate,44748.82,7159.81,INR,30,7,1,5369.86,0,17,active,2026-08-18T10:00:00+05:30
far_468e067f,flt_17373a4c,economy,promo,357.45,57.19,MYR,15,7,0,42.89,0,136,active,2026-08-18T10:00:00+05:30
far_4d4e64f1,flt_17373a4c,economy,flex,559.09,89.45,MYR,15,7,1,,1,75,active,2026-08-18T10:00:00+05:30
far_3927ef57,flt_17373a4c,business,corporate,1562.71,250.03,MYR,30,7,1,,0,35,active,2026-08-18T10:00:00+05:30
far_66bad4b6,flt_17373a4c,business,flex,1733.19,277.31,MYR,30,7,1,207.98,1,9,active,2026-08-18T10:00:00+05:30
far_b8a935e2,flt_38477a43,economy,standard,1496.04,239.37,INR,15,7,0,,0,129,active,2026-08-18T10:00:00+05:30
far_2a039086,flt_628503a1,economy,promo,4984.47,797.51,INR,15,7,0,598.14,0,38,active,2026-08-18T10:00:00+05:30
far_8a755b04,flt_628503a1,economy,corporate,7029.37,1124.70,INR,15,7,1,843.52,0,74,active,2026-08-18T10:00:00+05:30
far_b5f9a514,flt_628503a1,business,saver,17432.85,2789.26,INR,30,7,0,2091.94,0,19,active,2026-08-18T10:00:00+05:30
far_8583dd88,flt_628503a1,business,promo,15451.84,2472.29,INR,30,7,0,,0,26,active,2026-08-18T10:00:00+05:30
far_601d3ce5,flt_974f682d,economy,corporate,3652.77,584.44,THB,15,7,1,,0,145,active,2026-08-18T10:00:00+05:30
far_fa53427a,flt_123b2e99,economy,flex,8507.67,1361.23,INR,15,7,1,1020.92,1,133,active,2026-08-18T10:00:00+05:30
far_f6287937,flt_123b2e99,economy,standard,6973.50,1115.76,INR,15,7,0,836.82,0,22,active,2026-08-18T10:00:00+05:30
far_00f638e7,flt_123b2e99,business,saver,19023.71,3043.79,INR,30,7,0,,0,16,active,2026-08-18T10:00:00+05:30
far_97b5a258,flt_123b2e99,business,corporate,23779.64,3804.74,INR,30,7,1,2853.56,0,5,active,2026-08-18T10:00:00+05:30
far_688b98f7,flt_cfa26f57,economy,flex,11537.69,1846.03,INR,15,7,1,,1,129,active,2026-08-18T10:00:00+05:30
far_43461f91,flt_cfa26f57,economy,corporate,10402.84,1664.45,INR,15,7,1,,0,41,active,2026-08-18T10:00:00+05:30
far_647faf78,flt_cfa26f57,business,saver,25799.04,4127.85,INR,30,7,0,3095.88,0,14,active,2026-08-18T10:00:00+05:30
far_553631ce,flt_cfa26f57,business,flex,35766.85,5722.70,INR,30,7,1,4292.02,1,9,active,2026-08-18T10:00:00+05:30
far_e8a83c94,flt_91c356e3,economy,flex,6955267.66,1112842.83,IDR,15,7,1,834632.12,1,152,active,2026-08-18T10:00:00+05:30
far_a3b85df1,flt_91c356e3,economy,standard,5701039.07,912166.25,IDR,15,7,0,684124.69,0,130,active,2026-08-18T10:00:00+05:30
far_8a4d7cf9,flt_91c356e3,business,promo,13785112.46,2205617.99,IDR,30,7,0,1654213.50,0,34,active,2026-08-18T10:00:00+05:30
far_7e5827c2,flt_91c356e3,business,saver,15552434.57,2488389.53,IDR,30,7,0,,0,37,active,2026-08-18T10:00:00+05:30
far_263465e9,flt_1d989fba,economy,flex,3919.97,627.20,INR,15,7,1,470.40,1,142,active,2026-08-18T10:00:00+05:30
far_4771fe55,flt_1d989fba,economy,saver,2827.52,452.40,INR,15,7,0,,0,145,active,2026-08-18T10:00:00+05:30
far_77de7cf2,flt_1d989fba,business,standard,9960.59,1593.69,INR,30,7,0,1195.27,0,18,active,2026-08-18T10:00:00+05:30
far_c7443b4b,flt_1d989fba,business,corporate,10956.64,1753.06,INR,30,7,1,,0,19,active,2026-08-18T10:00:00+05:30
far_791a8be1,flt_b4ba32a6,economy,flex,11337.38,1813.98,INR,15,7,1,1360.49,1,74,active,2026-08-18T10:00:00+05:30
far_81d1992c,flt_b4ba32a6,economy,promo,7248.49,1159.76,INR,15,7,0,869.82,0,80,active,2026-08-18T10:00:00+05:30
far_b7deb39e,flt_b4ba32a6,business,flex,35145.86,5623.34,INR,30,7,1,,1,32,active,2026-08-18T10:00:00+05:30
far_7dc9be6a,flt_b4ba32a6,business,standard,28808.09,4609.29,INR,30,7,0,3456.97,0,22,active,2026-08-18T10:00:00+05:30
far_29dfd40e,flt_0a9791b4,economy,saver,9997.85,1599.66,INR,15,7,0,,0,41,active,2026-08-18T10:00:00+05:30
far_433eacaa,flt_0a9791b4,economy,promo,8861.73,1417.88,INR,15,7,0,1063.41,0,39,active,2026-08-18T10:00:00+05:30
far_159c2be8,flt_0a9791b4,business,standard,35219.70,5635.15,INR,30,7,0,4226.36,0,20,active,2026-08-18T10:00:00+05:30
far_d0929898,flt_0a9791b4,business,promo,27471.37,4395.42,INR,30,7,0,,0,24,active,2026-08-18T10:00:00+05:30
far_f0c96504,flt_8093249c,economy,standard,2902.85,464.46,THB,15,7,0,348.34,0,48,active,2026-08-18T10:00:00+05:30
far_0b743c68,flt_4f954fed,economy,promo,4749.16,759.87,INR,15,7,0,569.90,0,148,active,2026-08-18T10:00:00+05:30
far_7043c9d6,flt_4f954fed,economy,saver,5358.03,857.28,INR,15,7,0,,0,113,active,2026-08-18T10:00:00+05:30
far_67962d6e,flt_4f954fed,business,flex,23027.35,3684.38,INR,30,7,1,2763.28,1,26,active,2026-08-18T10:00:00+05:30
far_55db9b45,flt_4f954fed,business,corporate,20762.37,3321.98,INR,30,7,1,,0,12,active,2026-08-18T10:00:00+05:30
far_892a4fee,flt_03250119,economy,corporate,5871.95,939.51,INR,15,7,1,704.63,0,78,active,2026-08-18T10:00:00+05:30
far_d9520a55,flt_03250119,economy,saver,4697.56,751.61,INR,15,7,0,,0,87,active,2026-08-18T10:00:00+05:30
far_e3176f4a,flt_03250119,business,flex,20188.84,3230.22,INR,30,7,1,2422.66,1,16,active,2026-08-18T10:00:00+05:30
far_91cb6a83,flt_03250119,business,standard,16548.23,2647.72,INR,30,7,0,,0,23,active,2026-08-18T10:00:00+05:30
far_087cb0f3,flt_970ef99a,economy,standard,9797.89,1567.66,INR,15,7,0,1175.75,0,126,active,2026-08-18T10:00:00+05:30
far_848d6387,flt_970ef99a,economy,saver,8622.14,1379.54,INR,15,7,0,1034.66,0,24,active,2026-08-18T10:00:00+05:30
far_144b8991,flt_970ef99a,business,flex,37055.62,5928.90,INR,30,7,1,4446.67,1,34,active,2026-08-18T10:00:00+05:30
far_b2ffefd8,flt_970ef99a,business,corporate,33410.80,5345.73,INR,30,7,1,,0,35,active,2026-08-18T10:00:00+05:30
far_97b036c1,flt_016e4014,economy,saver,6142.89,982.86,INR,15,7,0,737.15,0,155,active,2026-08-18T10:00:00+05:30
far_44bd6503,flt_016e4014,economy,standard,6980.56,1116.89,INR,15,7,0,837.67,0,46,active,2026-08-18T10:00:00+05:30
far_43cff8b5,flt_016e4014,business,standard,21639.73,3462.36,INR,30,7,0,,0,17,active,2026-08-18T10:00:00+05:30
far_c0f5ea6f,flt_016e4014,business,promo,16878.99,2700.64,INR,30,7,0,2025.48,0,4,active,2026-08-18T10:00:00+05:30
far_5aa07eef,flt_b8ca43ac,economy,saver,2684.51,429.52,INR,15,7,0,,0,43,active,2026-08-18T10:00:00+05:30
far_b7e3ea7b,flt_b8ca43ac,economy,promo,2379.46,380.71,INR,15,7,0,,0,25,active,2026-08-18T10:00:00+05:30
far_058ae31a,flt_b8ca43ac,business,standard,9456.81,1513.09,INR,30,7,0,,0,10,active,2026-08-18T10:00:00+05:30
far_8d4b1bb5,flt_b8ca43ac,business,promo,7376.31,1180.21,INR,30,7,0,885.16,0,25,active,2026-08-18T10:00:00+05:30
far_b46af11e,flt_5ae64030,economy,standard,326.60,52.26,MYR,15,7,0,39.19,0,115,active,2026-08-18T10:00:00+05:30
far_5cd5ef3c,flt_5ae64030,economy,corporate,359.26,57.48,MYR,15,7,1,,0,123,active,2026-08-18T10:00:00+05:30
far_5edcc757,flt_5ae64030,business,promo,789.71,126.35,MYR,30,7,0,94.76,0,39,active,2026-08-18T10:00:00+05:30
far_9269397d,flt_5ae64030,business,flex,1235.18,197.63,MYR,30,7,1,148.22,1,27,active,2026-08-18T10:00:00+05:30
far_abe40d80,flt_5f786f4c,economy,flex,9604.49,1536.72,INR,15,7,1,1152.54,1,29,active,2026-08-18T10:00:00+05:30
far_20c65279,flt_5f786f4c,economy,promo,6140.57,982.49,INR,15,7,0,736.87,0,46,active,2026-08-18T10:00:00+05:30
far_88f52a9d,flt_5f786f4c,business,corporate,26845.32,4295.25,INR,30,7,1,3221.44,0,10,active,2026-08-18T10:00:00+05:30
far_00abdf4f,flt_5f786f4c,business,saver,21476.26,3436.20,INR,30,7,0,2577.15,0,17,active,2026-08-18T10:00:00+05:30
far_3581f750,flt_19db5b29,economy,standard,244.13,39.06,SGD,15,7,0,29.30,0,146,active,2026-08-18T10:00:00+05:30
far_c37bd43a,flt_19db5b29,economy,saver,214.84,34.37,SGD,15,7,0,,0,104,active,2026-08-18T10:00:00+05:30
far_caa758b3,flt_19db5b29,business,flex,923.31,147.73,SGD,30,7,1,,1,29,active,2026-08-18T10:00:00+05:30
far_58378621,flt_19db5b29,business,standard,756.81,121.09,SGD,30,7,0,90.82,0,28,active,2026-08-18T10:00:00+05:30
far_93ad3aea,flt_67ce9504,economy,saver,206.51,33.04,SGD,15,7,0,24.78,0,169,active,2026-08-18T10:00:00+05:30
far_a64d9b53,flt_aeb50437,economy,standard,14352.23,2296.36,INR,15,7,0,,0,105,active,2026-08-18T10:00:00+05:30
far_64716629,flt_aeb50437,economy,flex,17509.72,2801.56,INR,15,7,1,2101.17,1,149,active,2026-08-18T10:00:00+05:30
far_7a17bb36,flt_aeb50437,business,standard,44491.92,7118.71,INR,30,7,0,5339.03,0,5,active,2026-08-18T10:00:00+05:30
far_deb7a374,flt_aeb50437,business,corporate,48941.11,7830.58,INR,30,7,1,5872.93,0,28,active,2026-08-18T10:00:00+05:30
far_05a4534e,flt_0f98edea,economy,flex,3144.41,503.10,INR,15,7,1,377.33,1,147,active,2026-08-18T10:00:00+05:30
far_31ac34d0,flt_7da00310,economy,corporate,9621.26,1539.40,INR,15,7,1,,0,85,active,2026-08-18T10:00:00+05:30
far_a1d9fea6,flt_7da00310,economy,standard,8746.60,1399.46,INR,15,7,0,,0,153,active,2026-08-18T10:00:00+05:30
far_e438def3,flt_7da00310,business,saver,23860.71,3817.71,INR,30,7,0,2863.29,0,33,active,2026-08-18T10:00:00+05:30
far_37890a04,flt_7da00310,business,corporate,29825.89,4772.14,INR,30,7,1,3579.11,0,5,active,2026-08-18T10:00:00+05:30
far_977923e7,flt_a25bef82,economy,flex,6980.57,1116.89,THB,15,7,1,,1,74,active,2026-08-18T10:00:00+05:30
far_a5efa885,flt_a25bef82,economy,corporate,6293.96,1007.03,THB,15,7,1,755.28,0,133,active,2026-08-18T10:00:00+05:30
far_e31800ec,flt_a25bef82,business,flex,21639.78,3462.37,THB,30,7,1,2596.77,1,21,active,2026-08-18T10:00:00+05:30
far_02d33ae3,flt_a25bef82,business,saver,15609.02,2497.44,THB,30,7,0,1873.08,0,35,active,2026-08-18T10:00:00+05:30
far_da9ab8e7,flt_fb9083ef,economy,standard,28382.97,4541.28,INR,15,7,0,3405.96,0,106,active,2026-08-18T10:00:00+05:30
far_9b011b09,flt_fb9083ef,economy,saver,24977.02,3996.32,INR,15,7,0,2997.24,0,38,active,2026-08-18T10:00:00+05:30
far_79ae44c4,flt_fb9083ef,business,corporate,96785.93,15485.75,INR,30,7,1,11614.31,0,18,active,2026-08-18T10:00:00+05:30
far_2964c5d1,flt_fb9083ef,business,saver,77428.75,12388.60,INR,30,7,0,9291.45,0,39,active,2026-08-18T10:00:00+05:30
far_5c2dd983,flt_9aeb2b9a,economy,saver,2823.90,451.82,INR,15,7,0,338.87,0,112,active,2026-08-18T10:00:00+05:30
far_ad32bdfa,flt_9aeb2b9a,economy,promo,2503.00,400.48,INR,15,7,0,300.36,0,47,active,2026-08-18T10:00:00+05:30
far_1a96dd47,flt_9aeb2b9a,business,saver,8754.08,1400.65,INR,30,7,0,1050.49,0,21,active,2026-08-18T10:00:00+05:30
far_e5c0aee3,flt_9aeb2b9a,business,corporate,10942.60,1750.82,INR,30,7,1,,0,35,active,2026-08-18T10:00:00+05:30
far_5509b3da,flt_671efb0a,economy,saver,3896029.58,623364.73,IDR,15,7,0,,0,33,active,2026-08-18T10:00:00+05:30
far_a38a97ec,flt_671efb0a,economy,standard,4427306.34,708369.01,IDR,15,7,0,531276.76,0,48,active,2026-08-18T10:00:00+05:30
far_5efa8761,flt_671efb0a,business,saver,12077691.70,1932430.67,IDR,30,7,0,,0,23,active,2026-08-18T10:00:00+05:30
far_f79ea81f,flt_671efb0a,business,standard,13724649.66,2195943.95,IDR,30,7,0,1646957.96,0,14,active,2026-08-18T10:00:00+05:30
far_a95c5aeb,flt_6eca9267,economy,standard,11411.23,1825.80,INR,15,7,0,,0,39,active,2026-08-18T10:00:00+05:30
far_709076a4,flt_6eca9267,economy,saver,10041.88,1606.70,INR,15,7,0,1205.03,0,56,active,2026-08-18T10:00:00+05:30
far_a7a53bed,flt_6eca9267,business,promo,27592.35,4414.78,INR,30,7,0,,0,7,active,2026-08-18T10:00:00+05:30
far_17b8ad85,flt_6eca9267,business,flex,43157.26,6905.16,INR,30,7,1,,1,12,active,2026-08-18T10:00:00+05:30
far_f6169248,flt_6a1e9912,economy,saver,326.91,52.31,AED,15,7,0,,0,74,active,2026-08-18T10:00:00+05:30
far_75e0f1ab,flt_6a1e9912,economy,flex,453.22,72.51,AED,15,7,1,54.39,1,27,active,2026-08-18T10:00:00+05:30
far_cd443e1f,flt_6a1e9912,business,promo,898.26,143.72,AED,30,7,0,,0,27,active,2026-08-18T10:00:00+05:30
far_6c9c121e,flt_6a1e9912,business,saver,1013.42,162.15,AED,30,7,0,121.61,0,26,active,2026-08-18T10:00:00+05:30
far_e605bd93,flt_2e54f206,economy,flex,4293.14,686.90,INR,15,7,1,,1,25,active,2026-08-18T10:00:00+05:30
far_00586298,flt_85dcf49a,economy,saver,2218.30,354.93,THB,15,7,0,266.20,0,167,active,2026-08-18T10:00:00+05:30
far_5478a89f,flt_85dcf49a,economy,flex,3075.37,492.06,THB,15,7,1,369.04,1,36,active,2026-08-18T10:00:00+05:30
far_7b4ff62c,flt_85dcf49a,business,corporate,8595.92,1375.35,THB,30,7,1,,0,16,active,2026-08-18T10:00:00+05:30
far_81c0adb9,flt_85dcf49a,business,promo,6095.29,975.25,THB,30,7,0,,0,31,active,2026-08-18T10:00:00+05:30
far_a3336e95,flt_c73e958f,economy,standard,25287.68,4046.03,INR,15,7,0,,0,65,active,2026-08-18T10:00:00+05:30
far_c6e1b563,flt_c73e958f,economy,saver,22253.16,3560.51,INR,15,7,0,2670.38,0,72,active,2026-08-18T10:00:00+05:30
far_7042fa41,flt_c73e958f,business,saver,68984.79,11037.57,INR,30,7,0,,0,26,active,2026-08-18T10:00:00+05:30
far_0216c32a,flt_c73e958f,business,flex,95638.01,15302.08,INR,30,7,1,11476.56,1,35,active,2026-08-18T10:00:00+05:30
far_9f9f8518,flt_c0a184f3,economy,corporate,213.69,34.19,SGD,15,7,1,25.64,0,94,active,2026-08-18T10:00:00+05:30
far_51d3264b,flt_ad16080e,economy,corporate,6293.85,1007.02,THB,15,7,1,755.26,0,28,active,2026-08-18T10:00:00+05:30
far_131c2d53,flt_ad16080e,economy,saver,5035.08,805.61,THB,15,7,0,,0,135,active,2026-08-18T10:00:00+05:30
far_877f54fb,flt_ad16080e,business,promo,13835.03,2213.60,THB,30,7,0,1660.20,0,19,active,2026-08-18T10:00:00+05:30
far_60d55b9a,flt_ad16080e,business,standard,17737.22,2837.95,THB,30,7,0,2128.47,0,27,active,2026-08-18T10:00:00+05:30
far_fed93cdb,flt_81a605c6,economy,promo,3949.40,631.90,INR,15,7,0,473.93,0,146,active,2026-08-18T10:00:00+05:30
far_db78aebe,flt_81a605c6,economy,corporate,5569.66,891.15,INR,15,7,1,668.36,0,129,active,2026-08-18T10:00:00+05:30
far_d2505212,flt_81a605c6,business,flex,19149.52,3063.92,INR,30,7,1,2297.94,1,25,active,2026-08-18T10:00:00+05:30
far_1cde40a6,flt_81a605c6,business,standard,15696.33,2511.41,INR,30,7,0,,0,7,active,2026-08-18T10:00:00+05:30
far_fb9a9f94,flt_1c85629a,economy,flex,12332.89,1973.26,INR,15,7,1,1479.95,1,69,active,2026-08-18T10:00:00+05:30
far_fd8e389a,flt_1c85629a,economy,standard,10108.92,1617.43,INR,15,7,0,1213.07,0,28,active,2026-08-18T10:00:00+05:30
far_51ed2fd1,flt_1c85629a,business,standard,31337.67,5014.03,INR,30,7,0,3760.52,0,4,active,2026-08-18T10:00:00+05:30
far_8b5ad0d9,flt_1c85629a,business,promo,24443.38,3910.94,INR,30,7,0,2933.21,0,12,active,2026-08-18T10:00:00+05:30
far_c313c2c5,flt_9050394e,economy,promo,6476.22,1036.20,INR,15,7,0,777.15,0,133,active,2026-08-18T10:00:00+05:30
far_e13272e3,flt_9050394e,economy,standard,8302.84,1328.46,INR,15,7,0,,0,169,active,2026-08-18T10:00:00+05:30
far_e8e1994a,flt_9050394e,business,saver,22650.16,3624.03,INR,30,7,0,2718.02,0,9,active,2026-08-18T10:00:00+05:30
far_434e4f33,flt_9050394e,business,promo,20076.28,3212.20,INR,30,7,0,2409.15,0,29,active,2026-08-18T10:00:00+05:30
far_1d310868,flt_9128b1e2,economy,standard,26824.04,4291.85,INR,15,7,0,3218.88,0,35,active,2026-08-18T10:00:00+05:30
far_995b8137,flt_9128b1e2,economy,corporate,29506.44,4721.03,INR,15,7,1,,0,99,active,2026-08-18T10:00:00+05:30
far_0827ecd5,flt_9128b1e2,business,standard,83154.52,13304.72,INR,30,7,0,9978.54,0,22,active,2026-08-18T10:00:00+05:30
far_16069a3a,flt_9128b1e2,business,promo,64860.53,10377.68,INR,30,7,0,7783.26,0,23,active,2026-08-18T10:00:00+05:30
far_3d730c03,flt_b0c80c56,economy,flex,681.70,109.07,MYR,15,7,1,81.80,1,139,active,2026-08-18T10:00:00+05:30
far_93434885,flt_b0c80c56,economy,corporate,614.65,98.34,MYR,15,7,1,,0,77,active,2026-08-18T10:00:00+05:30
far_f49d1e20,flt_b0c80c56,business,promo,1351.11,216.18,MYR,30,7,0,162.13,0,18,active,2026-08-18T10:00:00+05:30
far_8353acef,flt_b0c80c56,business,flex,2113.28,338.12,MYR,30,7,1,,1,20,active,2026-08-18T10:00:00+05:30
far_5d9701b3,flt_0d984ffb,economy,flex,4359.39,697.50,INR,15,7,1,,1,63,active,2026-08-18T10:00:00+05:30
far_a96c3702,flt_0d984ffb,economy,saver,3144.48,503.12,INR,15,7,0,,0,59,active,2026-08-18T10:00:00+05:30
far_68ebc681,flt_0d984ffb,business,standard,11077.15,1772.34,INR,30,7,0,,0,8,active,2026-08-18T10:00:00+05:30
far_01670c46,flt_0d984ffb,business,flex,13514.12,2162.26,INR,30,7,1,,1,7,active,2026-08-18T10:00:00+05:30
far_66673f75,flt_4251ffd9,economy,saver,3976.78,636.29,INR,15,7,0,,0,144,active,2026-08-18T10:00:00+05:30
far_26586d37,flt_4251ffd9,economy,flex,5513.27,882.12,INR,15,7,1,,1,44,active,2026-08-18T10:00:00+05:30
far_4453b3d8,flt_4251ffd9,business,promo,10927.12,1748.34,INR,30,7,0,,0,31,active,2026-08-18T10:00:00+05:30
far_27a0d78e,flt_4251ffd9,business,saver,12328.03,1972.48,INR,30,7,0,1479.36,0,33,active,2026-08-18T10:00:00+05:30
far_48f1e7e9,flt_426347cc,economy,promo,3954815.76,632770.52,IDR,15,7,0,474577.89,0,58,active,2026-08-18T10:00:00+05:30
far_44b131b8,flt_426347cc,economy,corporate,5577304.28,892368.68,IDR,15,7,1,,0,42,active,2026-08-18T10:00:00+05:30
far_282c42f4,flt_426347cc,business,corporate,17289643.25,2766342.92,IDR,30,7,1,2074757.19,0,18,active,2026-08-18T10:00:00+05:30
far_c4064b84,flt_426347cc,business,standard,15717857.50,2514857.20,IDR,30,7,0,1886142.90,0,39,active,2026-08-18T10:00:00+05:30
far_64d02f2d,flt_ec7bed3c,economy,flex,2299.97,367.99,INR,15,7,1,,1,130,active,2026-08-18T10:00:00+05:30
far_0a5c5451,flt_ec7bed3c,economy,corporate,2073.74,331.80,INR,15,7,1,248.85,0,166,active,2026-08-18T10:00:00+05:30
far_e8d7925e,flt_ec7bed3c,business,saver,5142.88,822.86,INR,30,7,0,,0,7,active,2026-08-18T10:00:00+05:30
far_385e7fdc,flt_ec7bed3c,business,promo,4558.46,729.35,INR,30,7,0,,0,18,active,2026-08-18T10:00:00+05:30
far_bda3748f,flt_9d8671d0,economy,standard,4345.47,695.28,INR,15,7,0,,0,99,active,2026-08-18T10:00:00+05:30
far_4491a2f5,flt_9d8671d0,economy,promo,3389.47,542.32,INR,15,7,0,406.74,0,108,active,2026-08-18T10:00:00+05:30
far_e78e3fd2,flt_9d8671d0,business,flex,16434.58,2629.53,INR,30,7,1,1972.15,1,4,active,2026-08-18T10:00:00+05:30
far_a0117323,flt_9d8671d0,business,promo,10507.36,1681.18,INR,30,7,0,1260.88,0,9,active,2026-08-18T10:00:00+05:30
far_3c7f08eb,flt_7fceb0fe,economy,standard,1039.10,166.26,MYR,15,7,0,124.69,0,80,active,2026-08-18T10:00:00+05:30
far_688655d3,flt_7fceb0fe,economy,flex,1267.71,202.83,MYR,15,7,1,,1,148,active,2026-08-18T10:00:00+05:30
far_2fb5e936,flt_7fceb0fe,business,flex,3929.89,628.78,MYR,30,7,1,,1,16,active,2026-08-18T10:00:00+05:30
far_f3150e8c,flt_7fceb0fe,business,promo,2512.55,402.01,MYR,30,7,0,301.51,0,23,active,2026-08-18T10:00:00+05:30
far_0213568c,flt_28a382e4,economy,saver,6461.67,1033.87,INR,15,7,0,775.40,0,48,active,2026-08-18T10:00:00+05:30
far_6b2003a9,flt_28a382e4,economy,promo,5727.39,916.38,INR,15,7,0,,0,76,active,2026-08-18T10:00:00+05:30
far_a086e234,flt_28a382e4,business,corporate,25038.97,4006.23,INR,30,7,1,,0,22,active,2026-08-18T10:00:00+05:30
far_9bd5e0fa,flt_28a382e4,business,promo,17754.90,2840.78,INR,30,7,0,,0,5,active,2026-08-18T10:00:00+05:30
far_a9e12acf,flt_d5950d47,economy,corporate,22270.99,3563.36,INR,15,7,1,2672.52,0,106,active,2026-08-18T10:00:00+05:30
far_055ee32f,flt_d5950d47,economy,promo,15792.15,2526.74,INR,15,7,0,1895.06,0,66,active,2026-08-18T10:00:00+05:30
far_fd0f15bf,flt_d5950d47,business,flex,76571.70,12251.47,INR,30,7,1,9188.60,1,35,active,2026-08-18T10:00:00+05:30
far_c6d83505,flt_d5950d47,business,standard,62763.69,10042.19,INR,30,7,0,7531.64,0,20,active,2026-08-18T10:00:00+05:30
far_93698b80,flt_2053c570,economy,saver,538.58,86.17,MYR,15,7,0,,0,71,active,2026-08-18T10:00:00+05:30
far_0af35b90,flt_2053c570,economy,corporate,673.23,107.72,MYR,15,7,1,,0,142,active,2026-08-18T10:00:00+05:30
far_9f1af821,flt_2053c570,business,promo,1479.88,236.78,MYR,30,7,0,177.59,0,9,active,2026-08-18T10:00:00+05:30
far_fef68113,flt_2053c570,business,corporate,2087.01,333.92,MYR,30,7,1,250.44,0,21,active,2026-08-18T10:00:00+05:30
far_5e3337d1,flt_48c65c09,economy,standard,18345.62,2935.30,INR,15,7,0,2201.47,0,96,active,2026-08-18T10:00:00+05:30
far_5ab94141,flt_48c65c09,economy,flex,22381.66,3581.07,INR,15,7,1,2685.80,1,66,active,2026-08-18T10:00:00+05:30
far_63902b3f,flt_48c65c09,business,flex,69383.15,11101.30,INR,30,7,1,8325.98,1,20,active,2026-08-18T10:00:00+05:30
far_ec3cc836,flt_48c65c09,business,standard,56871.43,9099.43,INR,30,7,0,,0,16,active,2026-08-18T10:00:00+05:30
far_ec3c1d1a,flt_0cfbdf3d,economy,promo,3899319.17,623891.07,IDR,15,7,0,467918.30,0,93,active,2026-08-18T10:00:00+05:30
far_9a972de4,flt_0cfbdf3d,economy,standard,4999127.14,799860.34,IDR,15,7,0,599895.26,0,162,active,2026-08-18T10:00:00+05:30
far_11b08abe,flt_0cfbdf3d,business,corporate,17047023.54,2727523.77,IDR,30,7,1,2045642.83,0,30,active,2026-08-18T10:00:00+05:30
far_0c7d227c,flt_0cfbdf3d,business,saver,13637618.84,2182019.01,IDR,30,7,0,,0,21,active,2026-08-18T10:00:00+05:30
far_a0924eee,flt_780fe27d,economy,standard,23783.95,3805.43,INR,15,7,0,,0,73,active,2026-08-18T10:00:00+05:30
far_019507e8,flt_780fe27d,economy,corporate,26162.35,4185.98,INR,15,7,1,,0,138,active,2026-08-18T10:00:00+05:30
far_f3451743,flt_780fe27d,business,promo,57509.60,9201.54,INR,30,7,0,6901.15,0,39,active,2026-08-18T10:00:00+05:30
far_d748c622,flt_780fe27d,business,saver,64882.63,10381.22,INR,30,7,0,7785.92,0,30,active,2026-08-18T10:00:00+05:30
far_419491eb,flt_04b8cdcb,economy,promo,4591.77,734.68,INR,15,7,0,551.01,0,127,active,2026-08-18T10:00:00+05:30
far_98993090,flt_04b8cdcb,economy,standard,5886.89,941.90,INR,15,7,0,706.43,0,61,active,2026-08-18T10:00:00+05:30
far_38285dd9,flt_04b8cdcb,business,corporate,20074.29,3211.89,INR,30,7,1,2408.92,0,22,active,2026-08-18T10:00:00+05:30
far_92191646,flt_04b8cdcb,business,flex,22264.21,3562.27,INR,30,7,1,2671.71,1,11,active,2026-08-18T10:00:00+05:30
far_ce8b819c,flt_3fe627eb,economy,standard,5558.24,889.32,INR,15,7,0,666.99,0,98,active,2026-08-18T10:00:00+05:30
far_606b60d8,flt_3fe627eb,economy,flex,6781.05,1084.97,INR,15,7,1,,1,77,active,2026-08-18T10:00:00+05:30
far_f9eab2a3,flt_3fe627eb,business,promo,13439.82,2150.37,INR,30,7,0,1612.78,0,14,active,2026-08-18T10:00:00+05:30
far_6d780a11,flt_3fe627eb,business,saver,15162.87,2426.06,INR,30,7,0,1819.54,0,22,active,2026-08-18T10:00:00+05:30
far_5c1ca9dd,flt_dc4c54a7,economy,standard,3061.01,489.76,INR,15,7,0,367.32,0,27,active,2026-08-18T10:00:00+05:30
far_cf41fe26,flt_dc4c54a7,economy,flex,3734.43,597.51,INR,15,7,1,448.13,1,142,active,2026-08-18T10:00:00+05:30
far_b7277cd9,flt_dc4c54a7,business,flex,11576.74,1852.28,INR,30,7,1,1389.21,1,24,active,2026-08-18T10:00:00+05:30
far_af56c9e4,flt_dc4c54a7,business,corporate,10438.04,1670.09,INR,30,7,1,,0,8,active,2026-08-18T10:00:00+05:30
far_ab1c2621,flt_15c6d875,economy,corporate,6320.90,1011.34,INR,15,7,1,758.51,0,106,active,2026-08-18T10:00:00+05:30
far_d14d19b2,flt_15c6d875,economy,promo,4482.09,717.14,INR,15,7,0,,0,20,active,2026-08-18T10:00:00+05:30
far_d30b7507,flt_15c6d875,business,standard,17813.45,2850.15,INR,30,7,0,2137.61,0,24,active,2026-08-18T10:00:00+05:30
far_de9da2b5,flt_15c6d875,business,promo,13894.49,2223.12,INR,30,7,0,1667.34,0,21,active,2026-08-18T10:00:00+05:30
far_2727a97d,flt_f0a62b3e,economy,standard,5795.21,927.23,INR,15,7,0,695.43,0,85,active,2026-08-18T10:00:00+05:30
far_dcbdb1f4,flt_f0a62b3e,economy,corporate,6374.73,1019.96,INR,15,7,1,764.97,0,133,active,2026-08-18T10:00:00+05:30
far_7a80e31a,flt_f0a62b3e,business,flex,21917.49,3506.80,INR,30,7,1,2630.10,1,34,active,2026-08-18T10:00:00+05:30
far_3f849329,flt_f0a62b3e,business,promo,14012.82,2242.05,INR,30,7,0,1681.54,0,25,active,2026-08-18T10:00:00+05:30
far_baba7699,flt_99059a55,economy,corporate,5736.40,917.82,INR,15,7,1,688.37,0,167,active,2026-08-18T10:00:00+05:30
far_578592bf,flt_99059a55,economy,saver,4589.12,734.26,INR,15,7,0,550.69,0,27,active,2026-08-18T10:00:00+05:30
far_e67c8c61,flt_99059a55,business,promo,12609.65,2017.54,INR,30,7,0,,0,8,active,2026-08-18T10:00:00+05:30
far_449f9efd,flt_99059a55,business,saver,14226.27,2276.20,INR,30,7,0,1707.15,0,13,active,2026-08-18T10:00:00+05:30
far_118b3821,flt_621ccf05,economy,promo,1217806.36,194849.02,IDR,15,7,0,146136.76,0,137,active,2026-08-18T10:00:00+05:30
far_98fe978f,flt_621ccf05,economy,saver,1373935.38,219829.66,IDR,15,7,0,164872.25,0,36,active,2026-08-18T10:00:00+05:30
far_79673b3d,flt_621ccf05,business,corporate,5323999.58,851839.93,IDR,30,7,1,638879.95,0,19,active,2026-08-18T10:00:00+05:30
far_c5c370ce,flt_621ccf05,business,standard,4839999.62,774399.94,IDR,30,7,0,580799.95,0,10,active,2026-08-18T10:00:00+05:30
far_62dbf2da,flt_4fb19e28,economy,flex,4887.83,782.05,INR,15,7,1,586.54,1,48,active,2026-08-18T10:00:00+05:30
far_912ff765,flt_4fb19e28,economy,promo,3125.00,500.00,INR,15,7,0,375.00,0,161,active,2026-08-18T10:00:00+05:30
far_ac962320,flt_4fb19e28,business,standard,12419.88,1987.18,INR,30,7,0,1490.39,0,21,active,2026-08-18T10:00:00+05:30
far_436b2102,flt_4fb19e28,business,flex,15152.26,2424.36,INR,30,7,1,,1,21,active,2026-08-18T10:00:00+05:30
far_e92c65a5,flt_c351160b,economy,promo,1125.73,180.12,INR,15,7,0,135.09,0,125,active,2026-08-18T10:00:00+05:30
far_2d30f6ec,flt_c351160b,economy,saver,1270.06,203.21,INR,15,7,0,152.41,0,121,active,2026-08-18T10:00:00+05:30
far_7c2ab43b,flt_c351160b,business,promo,3489.77,558.36,INR,30,7,0,418.77,0,32,active,2026-08-18T10:00:00+05:30
far_4547ad51,flt_c351160b,business,saver,3937.18,629.95,INR,30,7,0,,0,33,active,2026-08-18T10:00:00+05:30
far_577f1f1e,flt_3bd91733,economy,flex,10052.48,1608.40,INR,15,7,1,1206.30,1,45,active,2026-08-18T10:00:00+05:30
far_1fb297af,flt_3bd91733,economy,standard,8239.74,1318.36,INR,15,7,0,,0,90,active,2026-08-18T10:00:00+05:30
far_7ef95078,flt_3bd91733,business,flex,31162.68,4986.03,INR,30,7,1,3739.52,1,21,active,2026-08-18T10:00:00+05:30
far_773c12d3,flt_3bd91733,business,promo,19923.68,3187.79,INR,30,7,0,,0,29,active,2026-08-18T10:00:00+05:30
far_dc6ff0e1,flt_8113304f,economy,saver,4328.39,692.54,THB,15,7,0,519.41,0,67,active,2026-08-18T10:00:00+05:30
far_a3575c98,flt_8113304f,economy,promo,3836.53,613.84,THB,15,7,0,460.38,0,119,active,2026-08-18T10:00:00+05:30
far_dbc3b40c,flt_8113304f,business,saver,13418.01,2146.88,THB,30,7,0,1610.16,0,16,active,2026-08-18T10:00:00+05:30
far_59af13b1,flt_8113304f,business,standard,15247.74,2439.64,THB,30,7,0,,0,11,active,2026-08-18T10:00:00+05:30
far_e4e2551a,flt_ee967044,economy,standard,24021.62,3843.46,INR,15,7,0,2882.59,0,44,active,2026-08-18T10:00:00+05:30
far_77590bb6,flt_ee967044,economy,corporate,26423.78,4227.81,INR,15,7,1,3170.85,0,48,active,2026-08-18T10:00:00+05:30
far_6dc2cc88,flt_ee967044,business,flex,90849.78,14535.96,INR,30,7,1,10901.97,1,30,active,2026-08-18T10:00:00+05:30
far_79fad866,flt_ee967044,business,promo,58084.28,9293.49,INR,30,7,0,6970.11,0,28,active,2026-08-18T10:00:00+05:30
far_b0c10770,flt_c6a4683a,economy,standard,5067.43,810.79,INR,15,7,0,608.09,0,104,active,2026-08-18T10:00:00+05:30
far_a02b452e,flt_c6a4683a,economy,flex,6182.27,989.16,INR,15,7,1,741.87,1,151,active,2026-08-18T10:00:00+05:30
far_8c02453b,flt_c6a4683a,business,saver,13823.96,2211.83,INR,30,7,0,1658.88,0,15,active,2026-08-18T10:00:00+05:30
far_fe7a30fb,flt_c6a4683a,business,promo,12253.05,1960.49,INR,30,7,0,,0,5,active,2026-08-18T10:00:00+05:30
far_e95228ab,flt_2644f8a6,economy,saver,545.58,87.29,MYR,15,7,0,,0,134,active,2026-08-18T10:00:00+05:30
far_1cf6c9b5,flt_2644f8a6,economy,flex,756.37,121.02,MYR,15,7,1,90.76,1,135,active,2026-08-18T10:00:00+05:30
far_295828a9,flt_2644f8a6,business,standard,1921.93,307.51,MYR,30,7,0,,0,22,active,2026-08-18T10:00:00+05:30
far_56ce7163,flt_2644f8a6,business,saver,1691.30,270.61,MYR,30,7,0,,0,26,active,2026-08-18T10:00:00+05:30
far_72d018a9,flt_4f320fab,economy,standard,20987.44,3357.99,INR,15,7,0,,0,55,active,2026-08-18T10:00:00+05:30
far_77689a50,flt_10c25be9,economy,corporate,6155.73,984.92,INR,15,7,1,738.69,0,46,active,2026-08-18T10:00:00+05:30
far_72175819,flt_10c25be9,economy,promo,4364.97,698.40,INR,15,7,0,523.80,0,71,active,2026-08-18T10:00:00+05:30
far_559c84ee,flt_10c25be9,business,promo,13531.41,2165.03,INR,30,7,0,,0,23,active,2026-08-18T10:00:00+05:30
far_e81ef4ee,flt_10c25be9,business,saver,15266.20,2442.59,INR,30,7,0,,0,20,active,2026-08-18T10:00:00+05:30
far_4a855ad1,flt_dd22a4b2,economy,saver,5490.59,878.49,INR,15,7,0,658.87,0,166,active,2026-08-18T10:00:00+05:30
far_c2f6efdf,flt_dd22a4b2,economy,corporate,6863.24,1098.12,INR,15,7,1,823.59,0,99,active,2026-08-18T10:00:00+05:30
far_11d5090b,flt_dd22a4b2,business,standard,19341.86,3094.70,INR,30,7,0,2321.02,0,30,active,2026-08-18T10:00:00+05:30
far_07babe7d,flt_dd22a4b2,business,saver,17020.84,2723.33,INR,30,7,0,,0,4,active,2026-08-18T10:00:00+05:30
far_4526b123,flt_e96ba07d,economy,flex,4214.82,674.37,INR,15,7,1,505.78,1,37,active,2026-08-18T10:00:00+05:30
far_7502453f,flt_8b4c9442,economy,flex,3875.79,620.13,INR,15,7,1,465.09,1,134,active,2026-08-18T10:00:00+05:30
far_7abf68ad,flt_8b4c9442,economy,corporate,3494.57,559.13,INR,15,7,1,,0,23,active,2026-08-18T10:00:00+05:30
far_9a95a95f,flt_8b4c9442,business,promo,7681.69,1229.07,INR,30,7,0,921.80,0,27,active,2026-08-18T10:00:00+05:30
far_54f54b94,flt_8b4c9442,business,corporate,10833.15,1733.30,INR,30,7,1,,0,38,active,2026-08-18T10:00:00+05:30
far_5dbfd7ff,flt_5e898310,economy,saver,4961.76,793.88,INR,15,7,0,595.41,0,168,active,2026-08-18T10:00:00+05:30
far_48f9f36f,flt_5e898310,economy,flex,6878.81,1100.61,INR,15,7,1,825.46,1,120,active,2026-08-18T10:00:00+05:30
far_66fe680c,flt_5e898310,business,promo,13633.57,2181.37,INR,30,7,0,,0,20,active,2026-08-18T10:00:00+05:30
far_76b13dcb,flt_5e898310,business,flex,21324.30,3411.89,INR,30,7,1,2558.92,1,8,active,2026-08-18T10:00:00+05:30
far_5021ad9e,flt_7ec1cab9,economy,promo,3110.52,497.68,INR,15,7,0,373.26,0,135,active,2026-08-18T10:00:00+05:30
far_5e58e4d6,flt_7ec1cab9,economy,flex,4865.18,778.43,INR,15,7,1,583.82,1,124,active,2026-08-18T10:00:00+05:30
far_ef7e2150,flt_7ec1cab9,business,corporate,13598.57,2175.77,INR,30,7,1,,0,6,active,2026-08-18T10:00:00+05:30
far_ce2f5521,flt_7ec1cab9,business,promo,9642.62,1542.82,INR,30,7,0,1157.11,0,18,active,2026-08-18T10:00:00+05:30
far_f2523858,flt_84dab970,economy,saver,3315.45,530.47,INR,15,7,0,,0,119,active,2026-08-18T10:00:00+05:30
far_e9ce0e69,flt_84dab970,economy,promo,2938.69,470.19,INR,15,7,0,,0,27,active,2026-08-18T10:00:00+05:30
far_6181af66,flt_84dab970,business,corporate,12847.37,2055.58,INR,30,7,1,,0,5,active,2026-08-18T10:00:00+05:30
far_a127ff20,flt_84dab970,business,saver,10277.89,1644.46,INR,30,7,0,1233.35,0,20,active,2026-08-18T10:00:00+05:30
far_2345b896,flt_29790f14,economy,saver,2098.84,335.81,INR,15,7,0,251.86,0,101,active,2026-08-18T10:00:00+05:30
far_37421b0f,flt_29790f14,economy,standard,2385.05,381.61,INR,15,7,0,,0,68,active,2026-08-18T10:00:00+05:30
far_4087aa80,flt_29790f14,business,flex,9020.26,1443.24,INR,30,7,1,,1,33,active,2026-08-18T10:00:00+05:30
far_1bcaa79c,flt_29790f14,business,corporate,8133.02,1301.28,INR,30,7,1,975.96,0,26,active,2026-08-18T10:00:00+05:30
far_f5d86421,flt_0fbb2f2d,economy,corporate,16814.09,2690.25,INR,15,7,1,,0,99,active,2026-08-18T10:00:00+05:30
far_d3d97c33,flt_0fbb2f2d,economy,promo,11922.72,1907.63,INR,15,7,0,,0,52,active,2026-08-18T10:00:00+05:30
far_22947e41,flt_0fbb2f2d,business,saver,41698.93,6671.83,INR,30,7,0,5003.87,0,8,active,2026-08-18T10:00:00+05:30
far_51113fcc,flt_0fbb2f2d,business,promo,36960.42,5913.67,INR,30,7,0,4435.25,0,11,active,2026-08-18T10:00:00+05:30
far_161a196a,flt_eeab6678,economy,standard,7664.90,1226.38,INR,15,7,0,,0,40,active,2026-08-18T10:00:00+05:30
far_f2c03259,flt_eeab6678,economy,corporate,8431.39,1349.02,INR,15,7,1,,0,154,active,2026-08-18T10:00:00+05:30
far_f75128d5,flt_eeab6678,business,saver,20909.84,3345.58,INR,30,7,0,,0,10,active,2026-08-18T10:00:00+05:30
far_aa3853bd,flt_eeab6678,business,corporate,26137.31,4181.97,INR,30,7,1,,0,36,active,2026-08-18T10:00:00+05:30
far_4a8c3423,flt_d5690044,economy,corporate,4133.08,661.29,INR,15,7,1,495.97,0,24,active,2026-08-18T10:00:00+05:30
far_430ec733,flt_4d065083,economy,corporate,2275.29,364.05,INR,15,7,1,273.03,0,76,active,2026-08-18T10:00:00+05:30
far_afe3c32e,flt_4d065083,economy,standard,2068.45,330.95,INR,15,7,0,248.21,0,69,active,2026-08-18T10:00:00+05:30
far_e591941b,flt_4d065083,business,promo,5001.50,800.24,INR,30,7,0,600.18,0,35,active,2026-08-18T10:00:00+05:30
far_c1ce526d,flt_4d065083,business,corporate,7053.40,1128.54,INR,30,7,1,,0,21,active,2026-08-18T10:00:00+05:30
far_4419b78e,flt_6af4e6f1,economy,flex,6053.23,968.52,INR,15,7,1,,1,35,active,2026-08-18T10:00:00+05:30
far_7fddf445,flt_6af4e6f1,economy,standard,4961.66,793.87,INR,15,7,0,,0,99,active,2026-08-18T10:00:00+05:30
far_06d821ac,flt_6af4e6f1,business,flex,18765.00,3002.40,INR,30,7,1,2251.80,1,32,active,2026-08-18T10:00:00+05:30
far_5a79d599,flt_6af4e6f1,business,saver,13535.41,2165.67,INR,30,7,0,,0,39,active,2026-08-18T10:00:00+05:30
far_2fe9ad64,flt_73cc3bd6,economy,flex,5451.67,872.27,INR,15,7,1,654.20,1,63,active,2026-08-18T10:00:00+05:30
far_215050f5,flt_73cc3bd6,economy,corporate,4915.44,786.47,INR,15,7,1,,0,134,active,2026-08-18T10:00:00+05:30
far_fda602f7,flt_73cc3bd6,business,saver,12190.30,1950.45,INR,30,7,0,1462.84,0,31,active,2026-08-18T10:00:00+05:30
far_0ce544d0,flt_73cc3bd6,business,corporate,15237.87,2438.06,INR,30,7,1,1828.54,0,23,active,2026-08-18T10:00:00+05:30
far_d5dd775c,flt_e1a9f5ec,economy,flex,3922.91,627.67,INR,15,7,1,,1,122,active,2026-08-18T10:00:00+05:30
far_9aac70d1,flt_e1a9f5ec,economy,standard,3215.50,514.48,INR,15,7,0,,0,63,active,2026-08-18T10:00:00+05:30
far_95187dea,flt_e1a9f5ec,business,standard,9968.05,1594.89,INR,30,7,0,1196.17,0,14,active,2026-08-18T10:00:00+05:30
far_7e221b1c,flt_e1a9f5ec,business,flex,12161.02,1945.76,INR,30,7,1,1459.32,1,14,active,2026-08-18T10:00:00+05:30
far_b696d2cf,flt_02e10f3a,economy,standard,2494.67,399.15,THB,15,7,0,299.36,0,145,active,2026-08-18T10:00:00+05:30
far_f0ba00fc,flt_02e10f3a,economy,promo,1945.84,311.33,THB,15,7,0,233.50,0,21,active,2026-08-18T10:00:00+05:30
far_65198f1e,flt_02e10f3a,business,saver,6805.46,1088.87,THB,30,7,0,816.66,0,31,active,2026-08-18T10:00:00+05:30
far_6b6e8fc2,flt_02e10f3a,business,standard,7733.48,1237.36,THB,30,7,0,928.02,0,8,active,2026-08-18T10:00:00+05:30
far_cff0081e,flt_3acb98a8,economy,corporate,7134.92,1141.59,INR,15,7,1,856.19,0,144,active,2026-08-18T10:00:00+05:30
far_c6d114b6,flt_3acb98a8,economy,saver,5707.93,913.27,INR,15,7,0,,0,159,active,2026-08-18T10:00:00+05:30
far_52a1488d,flt_3acb98a8,business,saver,17694.60,2831.14,INR,30,7,0,,0,25,active,2026-08-18T10:00:00+05:30
far_8c67e4fc,flt_3acb98a8,business,promo,15683.85,2509.42,INR,30,7,0,1882.06,0,10,active,2026-08-18T10:00:00+05:30
far_b375650e,flt_0594b8f4,economy,promo,21864.70,3498.35,INR,15,7,0,,0,76,active,2026-08-18T10:00:00+05:30
far_2ce397af,flt_0594b8f4,economy,standard,28031.66,4485.07,INR,15,7,0,,0,122,active,2026-08-18T10:00:00+05:30
far_98298a51,flt_0594b8f4,business,saver,76470.38,12235.26,INR,30,7,0,,0,4,active,2026-08-18T10:00:00+05:30
far_42bfa016,flt_0594b8f4,business,corporate,95587.97,15294.08,INR,30,7,1,11470.56,0,4,active,2026-08-18T10:00:00+05:30
far_d27e9509,flt_673ab643,economy,corporate,11731.51,1877.04,INR,15,7,1,,0,42,active,2026-08-18T10:00:00+05:30
far_a2cb2644,flt_673ab643,economy,flex,13011.31,2081.81,INR,15,7,1,,1,24,active,2026-08-18T10:00:00+05:30
far_87a13adb,flt_673ab643,business,corporate,36367.69,5818.83,INR,30,7,1,4364.12,0,5,active,2026-08-18T10:00:00+05:30
far_f70839d1,flt_673ab643,business,standard,33061.53,5289.85,INR,30,7,0,,0,39,active,2026-08-18T10:00:00+05:30
far_50c5c787,flt_f7662492,economy,flex,6291.81,1006.69,THB,15,7,1,,1,48,active,2026-08-18T10:00:00+05:30
far_7fe507f9,flt_f7662492,economy,saver,4538.35,726.14,THB,15,7,0,544.60,0,123,active,2026-08-18T10:00:00+05:30
far_5e667702,flt_f7662492,business,promo,12470.16,1995.23,THB,30,7,0,1496.42,0,31,active,2026-08-18T10:00:00+05:30
far_958f7cc5,flt_f7662492,business,corporate,17586.12,2813.78,THB,30,7,1,2110.33,0,23,active,2026-08-18T10:00:00+05:30
far_119e91f1,flt_767e19b6,economy,corporate,4923.78,787.80,INR,15,7,1,,0,24,active,2026-08-18T10:00:00+05:30
far_726eb79f,flt_767e19b6,economy,standard,4476.16,716.19,INR,15,7,0,537.14,0,128,active,2026-08-18T10:00:00+05:30
far_eb54de97,flt_767e19b6,business,standard,13876.11,2220.18,INR,30,7,0,1665.13,0,28,active,2026-08-18T10:00:00+05:30
far_8beaf99f,flt_767e19b6,business,flex,16928.85,2708.62,INR,30,7,1,2031.46,1,26,active,2026-08-18T10:00:00+05:30
far_f7ed0776,flt_12ef875f,economy,flex,10903.61,1744.58,INR,15,7,1,,1,83,active,2026-08-18T10:00:00+05:30
far_7829a4c0,flt_12ef875f,economy,saver,7864.90,1258.38,INR,15,7,0,943.79,0,163,active,2026-08-18T10:00:00+05:30
far_f3271665,flt_12ef875f,business,saver,24381.18,3900.99,INR,30,7,0,2925.74,0,37,active,2026-08-18T10:00:00+05:30
far_f8db358b,flt_12ef875f,business,corporate,30476.48,4876.24,INR,30,7,1,,0,7,active,2026-08-18T10:00:00+05:30
far_ae7388b7,flt_795695b5,economy,corporate,4364.73,698.36,INR,15,7,1,523.77,0,101,active,2026-08-18T10:00:00+05:30
far_529723db,flt_795695b5,economy,promo,3094.99,495.20,INR,15,7,0,371.40,0,154,active,2026-08-18T10:00:00+05:30
far_ec3c10a2,flt_795695b5,business,saver,10824.52,1731.92,INR,30,7,0,1298.94,0,8,active,2026-08-18T10:00:00+05:30
far_bf01a2e6,flt_795695b5,business,flex,15006.73,2401.08,INR,30,7,1,1800.81,1,37,active,2026-08-18T10:00:00+05:30
far_cb522052,flt_146619e8,economy,flex,11450.77,1832.12,INR,15,7,1,1374.09,1,35,active,2026-08-18T10:00:00+05:30
far_7195d009,flt_146619e8,economy,standard,9385.88,1501.74,INR,15,7,0,,0,68,active,2026-08-18T10:00:00+05:30
far_ea13ea8f,flt_146619e8,business,flex,35497.39,5679.58,INR,30,7,1,,1,21,active,2026-08-18T10:00:00+05:30
far_c4f52997,flt_146619e8,business,standard,29096.22,4655.39,INR,30,7,0,,0,6,active,2026-08-18T10:00:00+05:30
far_866fe047,flt_0185c0dc,economy,flex,3653.05,584.49,INR,15,7,1,438.37,1,56,active,2026-08-18T10:00:00+05:30
far_56bb9242,flt_0185c0dc,economy,saver,2634.98,421.60,INR,15,7,0,,0,44,active,2026-08-18T10:00:00+05:30
far_7b95afd3,flt_0185c0dc,business,standard,9282.33,1485.17,INR,30,7,0,1113.88,0,28,active,2026-08-18T10:00:00+05:30
far_baf9aaca,flt_0185c0dc,business,corporate,10210.56,1633.69,INR,30,7,1,,0,21,active,2026-08-18T10:00:00+05:30
far_548a30fd,flt_15f86998,economy,saver,2557.15,409.14,INR,15,7,0,306.86,0,35,active,2026-08-18T10:00:00+05:30
far_d7b55b04,flt_15f86998,economy,standard,2905.85,464.94,INR,15,7,0,348.70,0,101,active,2026-08-18T10:00:00+05:30
far_2c868f5f,flt_15f86998,business,flex,10989.93,1758.39,INR,30,7,1,,1,6,active,2026-08-18T10:00:00+05:30
far_987b7dc5,flt_15f86998,business,saver,7927.16,1268.35,INR,30,7,0,,0,21,active,2026-08-18T10:00:00+05:30
far_c7b65834,flt_73b7e4e4,economy,standard,5584.03,893.45,INR,15,7,0,,0,41,active,2026-08-18T10:00:00+05:30
far_4e5cd96b,flt_73b7e4e4,economy,flex,6812.52,1090.00,INR,15,7,1,,1,47,active,2026-08-18T10:00:00+05:30
far_7f50c593,flt_73b7e4e4,business,corporate,19041.55,3046.65,INR,30,7,1,2284.99,0,22,active,2026-08-18T10:00:00+05:30
far_c940dbf0,flt_73b7e4e4,business,saver,15233.24,2437.32,INR,30,7,0,1827.99,0,13,active,2026-08-18T10:00:00+05:30
far_4fc2c6f9,flt_03f657ae,economy,flex,81.11,12.98,AED,15,7,1,9.73,1,62,active,2026-08-18T10:00:00+05:30
far_abc2d167,flt_03f657ae,economy,standard,66.48,10.64,AED,15,7,0,7.98,0,37,active,2026-08-18T10:00:00+05:30
far_458764b5,flt_03f657ae,business,corporate,226.71,36.27,AED,30,7,1,27.20,0,37,active,2026-08-18T10:00:00+05:30
far_0c340f0e,flt_03f657ae,business,promo,160.76,25.72,AED,30,7,0,19.29,0,30,active,2026-08-18T10:00:00+05:30
far_ccac3f18,flt_b49ce6c2,economy,promo,4639.64,742.34,INR,15,7,0,,0,115,active,2026-08-18T10:00:00+05:30
far_0c08ce21,flt_b49ce6c2,economy,corporate,6543.08,1046.89,INR,15,7,1,785.17,0,78,active,2026-08-18T10:00:00+05:30
far_b9388e52,flt_b49ce6c2,business,promo,14382.89,2301.26,INR,30,7,0,1725.95,0,26,active,2026-08-18T10:00:00+05:30
far_2b6d35a0,flt_b49ce6c2,business,saver,16226.85,2596.30,INR,30,7,0,1947.22,0,30,active,2026-08-18T10:00:00+05:30
far_f1c8e063,flt_2d66e472,economy,saver,12163.21,1946.11,INR,15,7,0,1459.58,0,31,active,2026-08-18T10:00:00+05:30
far_7b6edbdb,flt_2d66e472,economy,flex,16862.63,2698.02,INR,15,7,1,,1,68,active,2026-08-18T10:00:00+05:30
far_81764316,flt_2d66e472,business,saver,37705.94,6032.95,INR,30,7,0,4524.71,0,12,active,2026-08-18T10:00:00+05:30
far_c58befaf,flt_2d66e472,business,corporate,47132.42,7541.19,INR,30,7,1,,0,31,active,2026-08-18T10:00:00+05:30
far_2cec91e6,flt_0e0fff76,economy,promo,7601.67,1216.27,INR,15,7,0,,0,22,active,2026-08-18T10:00:00+05:30
far_d04fc528,flt_0e0fff76,economy,flex,11889.79,1902.37,INR,15,7,1,1426.77,1,169,active,2026-08-18T10:00:00+05:30
far_0ef140f3,flt_0e0fff76,business,corporate,33232.94,5317.27,INR,30,7,1,3987.95,0,6,active,2026-08-18T10:00:00+05:30
far_39d7eda8,flt_0e0fff76,business,saver,26586.35,4253.82,INR,30,7,0,,0,4,active,2026-08-18T10:00:00+05:30
far_5e6c8a6b,flt_3c147623,economy,standard,4177.16,668.35,INR,15,7,0,,0,123,active,2026-08-18T10:00:00+05:30
far_6296ab67,flt_5f8447f9,economy,standard,8168.33,1306.93,INR,15,7,0,,0,74,active,2026-08-18T10:00:00+05:30
far_914bdbd2,flt_5f8447f9,economy,flex,9965.36,1594.46,INR,15,7,1,,1,116,active,2026-08-18T10:00:00+05:30
far_7e84106e,flt_5f8447f9,business,flex,30892.62,4942.82,INR,30,7,1,3707.11,1,27,active,2026-08-18T10:00:00+05:30
far_093b1133,flt_5f8447f9,business,promo,19751.02,3160.16,INR,30,7,0,2370.12,0,11,active,2026-08-18T10:00:00+05:30
far_32fc7456,flt_22231b59,economy,standard,4906.50,785.04,INR,15,7,0,,0,54,active,2026-08-18T10:00:00+05:30
far_99ed0181,flt_a96625c6,economy,standard,4372.47,699.60,THB,15,7,0,524.70,0,24,active,2026-08-18T10:00:00+05:30
far_96c55973,flt_a96625c6,economy,corporate,4809.72,769.55,THB,15,7,1,577.17,0,159,active,2026-08-18T10:00:00+05:30
far_24d37fff,flt_a96625c6,business,flex,16536.68,2645.87,THB,30,7,1,,1,39,active,2026-08-18T10:00:00+05:30
far_6defe700,flt_a96625c6,business,promo,10572.63,1691.62,THB,30,7,0,1268.72,0,25,active,2026-08-18T10:00:00+05:30
far_3f3b4599,flt_6b5f74b3,economy,flex,8230.25,1316.84,INR,15,7,1,987.63,1,55,active,2026-08-18T10:00:00+05:30
far_3a25bdcc,flt_6b5f74b3,economy,saver,5936.58,949.85,INR,15,7,0,712.39,0,48,active,2026-08-18T10:00:00+05:30
far_76cf8d1b,flt_6b5f74b3,business,flex,25513.79,4082.21,INR,30,7,1,,1,35,active,2026-08-18T10:00:00+05:30
far_f8b5c530,flt_6b5f74b3,business,corporate,23004.24,3680.68,INR,30,7,1,,0,10,active,2026-08-18T10:00:00+05:30
far_d16bddeb,flt_5f2a7a64,economy,saver,3511.36,561.82,INR,15,7,0,421.36,0,130,active,2026-08-18T10:00:00+05:30
far_f153bc58,flt_5f2a7a64,economy,corporate,4389.20,702.27,INR,15,7,1,526.70,0,50,active,2026-08-18T10:00:00+05:30
far_ddb7a93c,flt_5f2a7a64,business,flex,15090.86,2414.54,INR,30,7,1,1810.90,1,6,active,2026-08-18T10:00:00+05:30
far_59a6bbbc,flt_5f2a7a64,business,promo,9648.25,1543.72,INR,30,7,0,1157.79,0,7,active,2026-08-18T10:00:00+05:30
far_eac8e193,flt_51788aa7,economy,standard,2808.10,449.30,INR,15,7,0,,0,138,active,2026-08-18T10:00:00+05:30
far_64998b0a,flt_51788aa7,economy,flex,3425.88,548.14,INR,15,7,1,411.11,1,31,active,2026-08-18T10:00:00+05:30
far_a54269d8,flt_51788aa7,business,flex,10620.24,1699.24,INR,30,7,1,1274.43,1,6,active,2026-08-18T10:00:00+05:30
far_8c0d9353,flt_51788aa7,business,saver,7660.50,1225.68,INR,30,7,0,,0,7,active,2026-08-18T10:00:00+05:30
far_5193192e,flt_0017b719,economy,flex,136.73,21.88,SGD,15,7,1,16.41,1,56,active,2026-08-18T10:00:00+05:30
far_b00e5438,flt_0017b719,economy,saver,98.63,15.78,SGD,15,7,0,11.84,0,133,active,2026-08-18T10:00:00+05:30
far_00883aa0,flt_0017b719,business,standard,347.43,55.59,SGD,30,7,0,,0,7,active,2026-08-18T10:00:00+05:30
far_30cdd9ff,flt_0017b719,business,saver,305.74,48.92,SGD,30,7,0,36.69,0,36,active,2026-08-18T10:00:00+05:30
far_45b0a541,flt_8a1a7f11,economy,standard,4944.52,791.12,INR,15,7,0,593.34,0,97,active,2026-08-18T10:00:00+05:30
far_0d891765,flt_8a1a7f11,economy,corporate,5438.98,870.24,INR,15,7,1,,0,112,active,2026-08-18T10:00:00+05:30
far_23cac467,flt_8a1a7f11,business,promo,11955.86,1912.94,INR,30,7,0,1434.70,0,7,active,2026-08-18T10:00:00+05:30
far_88130343,flt_8a1a7f11,business,flex,18700.19,2992.03,INR,30,7,1,,1,14,active,2026-08-18T10:00:00+05:30
far_994fb953,flt_7f6fb64c,economy,standard,5359.20,857.47,THB,15,7,0,643.10,0,79,active,2026-08-18T10:00:00+05:30
far_fd70769d,flt_7f6fb64c,economy,promo,4180.18,668.83,THB,15,7,0,501.62,0,94,active,2026-08-18T10:00:00+05:30
far_35124b29,flt_7f6fb64c,business,promo,12958.55,2073.37,THB,30,7,0,1555.03,0,12,active,2026-08-18T10:00:00+05:30
far_e82d71b9,flt_7f6fb64c,business,corporate,18274.88,2923.98,THB,30,7,1,2192.99,0,17,active,2026-08-18T10:00:00+05:30
far_8da4b748,flt_8ac70e7b,economy,saver,1200.10,192.02,AED,15,7,0,,0,136,active,2026-08-18T10:00:00+05:30
far_a88aa98f,flt_8ac70e7b,economy,flex,1663.77,266.20,AED,15,7,1,199.65,1,161,active,2026-08-18T10:00:00+05:30
far_2165238f,flt_8ac70e7b,business,flex,5157.70,825.23,AED,30,7,1,618.92,1,28,active,2026-08-18T10:00:00+05:30
far_86ced4e1,flt_8ac70e7b,business,saver,3720.31,595.25,AED,30,7,0,446.44,0,19,active,2026-08-18T10:00:00+05:30
far_0add361b,flt_b59b77d4,economy,flex,3945.66,631.31,INR,15,7,1,,1,31,active,2026-08-18T10:00:00+05:30
far_36e7a3d6,flt_b59b77d4,economy,saver,2846.05,455.37,INR,15,7,0,341.53,0,82,active,2026-08-18T10:00:00+05:30
far_cc84556a,flt_b59b77d4,business,corporate,11028.45,1764.55,INR,30,7,1,,0,25,active,2026-08-18T10:00:00+05:30
far_95ebb521,flt_b59b77d4,business,flex,12231.56,1957.05,INR,30,7,1,,1,20,active,2026-08-18T10:00:00+05:30
far_1fbaf019,flt_636edfbb,economy,standard,8214.16,1314.27,INR,15,7,0,,0,97,active,2026-08-18T10:00:00+05:30
far_e26ee73f,flt_636edfbb,economy,flex,10021.27,1603.40,INR,15,7,1,,1,72,active,2026-08-18T10:00:00+05:30
far_4a73e039,flt_636edfbb,business,saver,22408.22,3585.32,INR,30,7,0,2688.99,0,6,active,2026-08-18T10:00:00+05:30
far_94327b27,flt_636edfbb,business,standard,25463.89,4074.22,INR,30,7,0,3055.67,0,21,active,2026-08-18T10:00:00+05:30
far_173b75d0,flt_3406b72a,economy,promo,10440.12,1670.42,INR,15,7,0,1252.81,0,114,active,2026-08-18T10:00:00+05:30
far_cf36de04,flt_3406b72a,economy,flex,16329.42,2612.71,INR,15,7,1,,1,86,active,2026-08-18T10:00:00+05:30
far_534bb88d,flt_3406b72a,business,corporate,45642.06,7302.73,INR,30,7,1,5477.05,0,15,active,2026-08-18T10:00:00+05:30
far_7b2c80b7,flt_3406b72a,business,promo,32364.37,5178.30,INR,30,7,0,,0,23,active,2026-08-18T10:00:00+05:30
far_31301124,flt_1c59498a,economy,promo,4751.66,760.27,INR,15,7,0,,0,111,active,2026-08-18T10:00:00+05:30
far_d04f220a,flt_1c59498a,economy,saver,5360.85,857.74,INR,15,7,0,643.30,0,163,active,2026-08-18T10:00:00+05:30
far_67513e12,flt_1c59498a,business,promo,14730.15,2356.82,INR,30,7,0,1767.62,0,23,active,2026-08-18T10:00:00+05:30
far_f29d5ae8,flt_1c59498a,business,standard,18884.81,3021.57,INR,30,7,0,2266.18,0,14,active,2026-08-18T10:00:00+05:30
far_a3c67943,flt_ab7e19e8,economy,flex,20844.62,3335.14,INR,15,7,1,,1,77,active,2026-08-18T10:00:00+05:30
far_81bb9b02,flt_ab7e19e8,economy,promo,13326.89,2132.30,INR,15,7,0,,0,31,active,2026-08-18T10:00:00+05:30
far_5053cce7,flt_ab7e19e8,business,promo,41313.34,6610.14,INR,30,7,0,4957.60,0,26,active,2026-08-18T10:00:00+05:30
far_0cb2ec33,flt_ab7e19e8,business,corporate,58262.41,9321.99,INR,30,7,1,6991.49,0,15,active,2026-08-18T10:00:00+05:30
far_c8cd8328,flt_d8162e08,economy,flex,501.36,80.22,AED,15,7,1,,1,54,active,2026-08-18T10:00:00+05:30
far_8d96d6f3,flt_d8162e08,economy,standard,410.95,65.75,AED,15,7,0,,0,103,active,2026-08-18T10:00:00+05:30
far_84b15952,flt_d8162e08,business,saver,1121.07,179.37,AED,30,7,0,134.53,0,36,active,2026-08-18T10:00:00+05:30
far_5214bc5a,flt_d8162e08,business,flex,1554.21,248.67,AED,30,7,1,,1,9,active,2026-08-18T10:00:00+05:30
far_1fb93aab,flt_26aa3d8d,economy,corporate,6256.20,1000.99,INR,15,7,1,,0,112,active,2026-08-18T10:00:00+05:30
far_b39d86d4,flt_26aa3d8d,economy,standard,5687.46,909.99,INR,15,7,0,,0,62,active,2026-08-18T10:00:00+05:30
far_80ec812f,flt_26aa3d8d,business,flex,21509.97,3441.59,INR,30,7,1,2581.20,1,10,active,2026-08-18T10:00:00+05:30
far_48dd1226,flt_26aa3d8d,business,standard,17631.12,2820.98,INR,30,7,0,2115.73,0,5,active,2026-08-18T10:00:00+05:30
far_45ff6c11,flt_dc7755a7,economy,standard,6474.12,1035.86,INR,15,7,0,,0,151,active,2026-08-18T10:00:00+05:30
far_ddbf4183,flt_dc7755a7,economy,flex,7898.43,1263.75,INR,15,7,1,947.81,1,72,active,2026-08-18T10:00:00+05:30
far_9ef46e19,flt_dc7755a7,business,flex,24485.13,3917.62,INR,30,7,1,,1,7,active,2026-08-18T10:00:00+05:30
far_79e78660,flt_dc7755a7,business,corporate,22076.76,3532.28,INR,30,7,1,,0,20,active,2026-08-18T10:00:00+05:30
far_a8fdfb4d,flt_68a182d3,economy,standard,233.37,37.34,SGD,15,7,0,28.00,0,130,active,2026-08-18T10:00:00+05:30
far_28715120,flt_68a182d3,economy,corporate,256.70,41.07,SGD,15,7,1,30.80,0,113,active,2026-08-18T10:00:00+05:30
far_003ebd03,flt_68a182d3,business,saver,636.62,101.86,SGD,30,7,0,76.39,0,25,active,2026-08-18T10:00:00+05:30
far_3d7ded37,flt_68a182d3,business,standard,723.43,115.75,SGD,30,7,0,,0,17,active,2026-08-18T10:00:00+05:30
far_27d6e9ee,flt_f9a3129d,economy,saver,725.98,116.16,MYR,15,7,0,87.12,0,85,active,2026-08-18T10:00:00+05:30
far_f2a4b2dd,flt_f9a3129d,economy,flex,1006.47,161.04,MYR,15,7,1,120.78,1,163,active,2026-08-18T10:00:00+05:30
far_a99bfaf7,flt_f9a3129d,business,saver,2250.54,360.09,MYR,30,7,0,270.06,0,30,active,2026-08-18T10:00:00+05:30
far_905e38f5,flt_f9a3129d,business,promo,1994.80,319.17,MYR,30,7,0,,0,8,active,2026-08-18T10:00:00+05:30
far_3bde86d1,flt_f439acc7,economy,corporate,1244.22,199.07,MYR,15,7,1,149.31,0,44,active,2026-08-18T10:00:00+05:30
far_e50207ed,flt_f439acc7,economy,standard,1131.11,180.98,MYR,15,7,0,,0,85,active,2026-08-18T10:00:00+05:30
far_672b3f11,flt_f439acc7,business,standard,3506.43,561.03,MYR,30,7,0,420.77,0,37,active,2026-08-18T10:00:00+05:30
far_c82bc030,flt_f439acc7,business,promo,2735.02,437.60,MYR,30,7,0,328.20,0,18,active,2026-08-18T10:00:00+05:30
far_ce86da27,flt_1930b618,economy,flex,1851.12,296.18,INR,15,7,1,222.13,1,44,active,2026-08-18T10:00:00+05:30
far_18743cd5,flt_1930b618,economy,corporate,1669.04,267.05,INR,15,7,1,200.29,0,144,active,2026-08-18T10:00:00+05:30
far_15b5227c,flt_1930b618,business,promo,3668.86,587.02,INR,30,7,0,440.26,0,4,active,2026-08-18T10:00:00+05:30
far_aaecf2fa,flt_1930b618,business,flex,5738.47,918.16,INR,30,7,1,688.62,1,36,active,2026-08-18T10:00:00+05:30
far_f58fd15a,flt_991b64c2,economy,promo,498.94,79.83,MYR,15,7,0,,0,115,active,2026-08-18T10:00:00+05:30
far_b661b02e,flt_2203abc9,economy,flex,5419.90,867.18,INR,15,7,1,650.39,1,157,active,2026-08-18T10:00:00+05:30
far_ce2327a9,flt_2203abc9,economy,standard,4442.54,710.81,INR,15,7,0,,0,72,active,2026-08-18T10:00:00+05:30
far_2586ffef,flt_2203abc9,business,flex,16801.69,2688.27,INR,30,7,1,2016.20,1,10,active,2026-08-18T10:00:00+05:30
far_1bad9593,flt_2203abc9,business,promo,10742.06,1718.73,INR,30,7,0,1289.05,0,4,active,2026-08-18T10:00:00+05:30
far_ad20c530,flt_7f03d58d,economy,promo,10257.87,1641.26,INR,15,7,0,1230.94,0,50,active,2026-08-18T10:00:00+05:30
far_dc62250c,flt_7f03d58d,economy,corporate,14466.23,2314.60,INR,15,7,1,1735.95,0,84,active,2026-08-18T10:00:00+05:30
far_5e0d1df9,flt_7f03d58d,business,standard,40768.46,6522.95,INR,30,7,0,,0,27,active,2026-08-18T10:00:00+05:30
far_fa8c65c0,flt_7f03d58d,business,flex,49737.52,7958.00,INR,30,7,1,5968.50,1,25,active,2026-08-18T10:00:00+05:30
far_c7d8c0fb,flt_ea043bae,economy,flex,3916.23,626.60,INR,15,7,1,469.95,1,102,active,2026-08-18T10:00:00+05:30
far_063c7a42,flt_ea043bae,economy,promo,2503.82,400.61,INR,15,7,0,300.46,0,38,active,2026-08-18T10:00:00+05:30
far_f08bc842,flt_ea043bae,business,corporate,10946.18,1751.39,INR,30,7,1,,0,23,active,2026-08-18T10:00:00+05:30
far_633f22ac,flt_ea043bae,business,promo,7761.84,1241.89,INR,30,7,0,931.42,0,24,active,2026-08-18T10:00:00+05:30
far_c483fc0b,flt_cbe39c7c,economy,promo,6874.83,1099.97,INR,15,7,0,,0,156,active,2026-08-18T10:00:00+05:30
far_138eae56,flt_cbe39c7c,economy,flex,10752.94,1720.47,INR,15,7,1,1290.35,1,50,active,2026-08-18T10:00:00+05:30
far_7abf32c9,flt_cbe39c7c,business,saver,24044.28,3847.08,INR,30,7,0,2885.31,0,13,active,2026-08-18T10:00:00+05:30
far_d3a463f4,flt_cbe39c7c,business,flex,33334.11,5333.46,INR,30,7,1,4000.09,1,30,active,2026-08-18T10:00:00+05:30
far_92f92f39,flt_4ebceb9d,economy,flex,20166.78,3226.68,INR,15,7,1,,1,91,active,2026-08-18T10:00:00+05:30
far_82e5bcff,flt_4ebceb9d,economy,corporate,18183.16,2909.31,INR,15,7,1,2181.98,0,146,active,2026-08-18T10:00:00+05:30
far_de6e8c96,flt_4ebceb9d,business,corporate,56367.79,9018.85,INR,30,7,1,6764.14,0,9,active,2026-08-18T10:00:00+05:30
far_0e5375d5,flt_4ebceb9d,business,saver,45094.24,7215.08,INR,30,7,0,5411.31,0,24,active,2026-08-18T10:00:00+05:30
far_fa161416,flt_9e0f6ef0,economy,promo,3679.74,588.76,INR,15,7,0,441.57,0,95,active,2026-08-18T10:00:00+05:30
far_071b4754,flt_9e0f6ef0,economy,standard,4717.62,754.82,INR,15,7,0,566.11,0,102,active,2026-08-18T10:00:00+05:30
far_395cdd99,flt_9e0f6ef0,business,flex,17842.04,2854.73,INR,30,7,1,,1,36,active,2026-08-18T10:00:00+05:30
far_b459e600,flt_9e0f6ef0,business,corporate,16087.09,2573.93,INR,30,7,1,,0,39,active,2026-08-18T10:00:00+05:30
far_ea7d1d7d,flt_eea38d45,economy,corporate,6351.12,1016.18,INR,15,7,1,,0,132,active,2026-08-18T10:00:00+05:30
far_26512da9,flt_eea38d45,economy,saver,5080.90,812.94,INR,15,7,0,609.71,0,51,active,2026-08-18T10:00:00+05:30
far_a2b4abc0,flt_eea38d45,business,saver,15750.78,2520.12,INR,30,7,0,,0,13,active,2026-08-18T10:00:00+05:30
far_b69d556f,flt_eea38d45,business,flex,21836.30,3493.81,INR,30,7,1,2620.36,1,22,active,2026-08-18T10:00:00+05:30
far_c22bfb26,flt_ff74d5fe,economy,flex,10738.83,1718.21,INR,15,7,1,,1,113,active,2026-08-18T10:00:00+05:30
far_801fe9e7,flt_ff74d5fe,economy,corporate,9682.56,1549.21,INR,15,7,1,1161.91,0,34,active,2026-08-18T10:00:00+05:30
far_208e3f4e,flt_ff74d5fe,business,flex,33290.39,5326.46,INR,30,7,1,,1,25,active,2026-08-18T10:00:00+05:30
far_1b01ef28,flt_ff74d5fe,business,standard,27287.20,4365.95,INR,30,7,0,3274.46,0,11,active,2026-08-18T10:00:00+05:30
far_0c7e44d7,flt_6d6dce72,economy,saver,6112.88,978.06,INR,15,7,0,733.55,0,76,active,2026-08-18T10:00:00+05:30
far_80a774e3,flt_6d6dce72,economy,corporate,7641.10,1222.58,INR,15,7,1,916.93,0,69,active,2026-08-18T10:00:00+05:30
far_44666fbc,flt_6d6dce72,business,flex,26271.51,4203.44,INR,30,7,1,,1,27,active,2026-08-18T10:00:00+05:30
far_6ff54b9b,flt_6d6dce72,business,saver,18949.94,3031.99,INR,30,7,0,,0,17,active,2026-08-18T10:00:00+05:30
far_ef71ff50,flt_2cdfde49,economy,standard,10342.83,1654.85,INR,15,7,0,1241.14,0,114,active,2026-08-18T10:00:00+05:30
far_a2c9988f,flt_2cdfde49,economy,promo,8067.41,1290.79,INR,15,7,0,968.09,0,75,active,2026-08-18T10:00:00+05:30
far_46d27933,flt_2cdfde49,business,corporate,35269.07,5643.05,INR,30,7,1,4232.29,0,13,active,2026-08-18T10:00:00+05:30
far_3c109c31,flt_2cdfde49,business,saver,28215.25,4514.44,INR,30,7,0,3385.83,0,20,active,2026-08-18T10:00:00+05:30
far_a5a7e416,flt_2850c4e7,economy,saver,4807.43,769.19,INR,15,7,0,576.89,0,41,active,2026-08-18T10:00:00+05:30
far_fb2651f3,flt_2850c4e7,economy,corporate,6009.29,961.49,INR,15,7,1,721.11,0,42,active,2026-08-18T10:00:00+05:30
far_94304114,flt_2850c4e7,business,saver,14903.03,2384.49,INR,30,7,0,1788.36,0,23,active,2026-08-18T10:00:00+05:30
far_009ef82f,flt_2850c4e7,business,standard,16935.26,2709.64,INR,30,7,0,2032.23,0,36,active,2026-08-18T10:00:00+05:30
far_605c86a2,flt_5bc82027,economy,standard,24544.00,3927.04,INR,15,7,0,2945.28,0,150,active,2026-08-18T10:00:00+05:30
far_25f732c0,flt_5bc82027,economy,corporate,26998.39,4319.74,INR,15,7,1,,0,99,active,2026-08-18T10:00:00+05:30
far_21f41917,flt_5bc82027,business,corporate,83695.02,13391.20,INR,30,7,1,10043.40,0,25,active,2026-08-18T10:00:00+05:30
far_06e67186,flt_5bc82027,business,promo,59347.38,9495.58,INR,30,7,0,7121.69,0,17,active,2026-08-18T10:00:00+05:30
far_ada94e8e,flt_78a0580b,economy,saver,4851.96,776.31,THB,15,7,0,582.24,0,85,active,2026-08-18T10:00:00+05:30
far_01202bdc,flt_78a0580b,economy,promo,4300.60,688.10,THB,15,7,0,,0,118,active,2026-08-18T10:00:00+05:30
far_49702ab5,flt_78a0580b,business,saver,15041.08,2406.57,THB,30,7,0,,0,37,active,2026-08-18T10:00:00+05:30
far_90ccf3b4,flt_78a0580b,business,promo,13331.87,2133.10,THB,30,7,0,1599.82,0,35,active,2026-08-18T10:00:00+05:30
far_351e31af,flt_d0a3ed41,economy,corporate,8137.63,1302.02,INR,15,7,1,,0,34,active,2026-08-18T10:00:00+05:30
far_0713afa0,flt_d0a3ed41,economy,flex,9025.37,1444.06,INR,15,7,1,1083.04,1,67,active,2026-08-18T10:00:00+05:30
far_907dd472,flt_d0a3ed41,business,standard,22933.33,3669.33,INR,30,7,0,,0,22,active,2026-08-18T10:00:00+05:30
far_0124f68a,flt_d0a3ed41,business,saver,20181.33,3229.01,INR,30,7,0,2421.76,0,37,active,2026-08-18T10:00:00+05:30
far_34cb1ff2,flt_71514da9,economy,flex,2348.94,375.83,INR,15,7,1,281.87,1,96,active,2026-08-18T10:00:00+05:30
far_153c945a,flt_01e3a180,economy,corporate,6839.62,1094.34,THB,15,7,1,,0,142,active,2026-08-18T10:00:00+05:30
far_9bb697fe,flt_01e3a180,economy,flex,7585.76,1213.72,THB,15,7,1,,1,92,active,2026-08-18T10:00:00+05:30
far_8fad581a,flt_01e3a180,business,saver,16962.25,2713.96,THB,30,7,0,2035.47,0,28,active,2026-08-18T10:00:00+05:30
far_8010b593,flt_01e3a180,business,standard,19275.29,3084.05,THB,30,7,0,2313.03,0,17,active,2026-08-18T10:00:00+05:30
far_b990ba83,flt_a47da39d,economy,saver,661.43,105.83,MYR,15,7,0,,0,165,active,2026-08-18T10:00:00+05:30
far_6b10033e,flt_e33f29f5,economy,standard,4624405.61,739904.90,IDR,15,7,0,554928.67,0,141,active,2026-08-18T10:00:00+05:30
far_72b713f8,flt_e33f29f5,economy,corporate,5086846.17,813895.39,IDR,15,7,1,610421.54,0,146,active,2026-08-18T10:00:00+05:30
far_99745464,flt_e33f29f5,business,flex,17489502.01,2798320.32,IDR,30,7,1,2098740.24,1,12,active,2026-08-18T10:00:00+05:30
far_73088fb6,flt_e33f29f5,business,saver,12615378.50,2018460.56,IDR,30,7,0,,0,37,active,2026-08-18T10:00:00+05:30
far_a8a6c2a5,flt_e061491d,economy,promo,4610.39,737.66,INR,15,7,0,,0,65,active,2026-08-18T10:00:00+05:30
far_6f362657,flt_e061491d,economy,flex,7211.13,1153.78,INR,15,7,1,,1,50,active,2026-08-18T10:00:00+05:30
far_1f5005f0,flt_e061491d,business,saver,16124.55,2579.93,INR,30,7,0,,0,31,active,2026-08-18T10:00:00+05:30
far_8759f094,flt_e061491d,business,corporate,20155.69,3224.91,INR,30,7,1,2418.68,0,13,active,2026-08-18T10:00:00+05:30
far_1fd8b61b,flt_877699ae,economy,flex,6400.47,1024.08,INR,15,7,1,768.06,1,42,active,2026-08-18T10:00:00+05:30
far_f6a44487,flt_877699ae,economy,corporate,5770.92,923.35,INR,15,7,1,,0,62,active,2026-08-18T10:00:00+05:30
far_fa28ac1a,flt_877699ae,business,flex,19841.46,3174.63,INR,30,7,1,,1,9,active,2026-08-18T10:00:00+05:30
far_d16e6369,flt_877699ae,business,standard,16263.49,2602.16,INR,30,7,0,,0,13,active,2026-08-18T10:00:00+05:30
far_626425cf,flt_4ae22e6d,economy,standard,26429.09,4228.65,INR,15,7,0,,0,101,active,2026-08-18T10:00:00+05:30
far_5c343456,flt_4ae22e6d,economy,promo,20614.69,3298.35,INR,15,7,0,,0,55,active,2026-08-18T10:00:00+05:30
far_a0028f68,flt_4ae22e6d,business,corporate,90123.18,14419.71,INR,30,7,1,,0,35,active,2026-08-18T10:00:00+05:30
far_e4a60ca0,flt_4ae22e6d,business,promo,63905.53,10224.88,INR,30,7,0,7668.66,0,29,active,2026-08-18T10:00:00+05:30
far_e7d903d4,flt_36a09d35,economy,standard,2146.03,343.36,THB,15,7,0,257.52,0,158,active,2026-08-18T10:00:00+05:30
far_5cdba10b,flt_36a09d35,economy,saver,1888.50,302.16,THB,15,7,0,,0,116,active,2026-08-18T10:00:00+05:30
far_e9f50337,flt_36a09d35,business,promo,5189.10,830.26,THB,30,7,0,,0,32,active,2026-08-18T10:00:00+05:30
far_53b96b1e,flt_36a09d35,business,standard,6652.69,1064.43,THB,30,7,0,,0,14,active,2026-08-18T10:00:00+05:30
far_64b335c1,flt_1b0d91c5,economy,standard,558.87,89.42,MYR,15,7,0,67.06,0,88,active,2026-08-18T10:00:00+05:30
far_9fa17fda,flt_ba8e933e,economy,saver,3806.89,609.10,INR,15,7,0,456.83,0,154,active,2026-08-18T10:00:00+05:30
far_cb086717,flt_ba8e933e,economy,standard,4326.01,692.16,INR,15,7,0,,0,142,active,2026-08-18T10:00:00+05:30
far_21ea9996,flt_ba8e933e,business,saver,11801.36,1888.22,INR,30,7,0,1416.16,0,19,active,2026-08-18T10:00:00+05:30
far_d017755d,flt_ba8e933e,business,corporate,14751.70,2360.27,INR,30,7,1,,0,17,active,2026-08-18T10:00:00+05:30
far_3790fed7,flt_1475a49b,economy,flex,5671.20,907.39,INR,15,7,1,,1,141,active,2026-08-18T10:00:00+05:30
far_3f361023,flt_ffcddc06,economy,saver,14254.29,2280.69,INR,15,7,0,1710.51,0,74,active,2026-08-18T10:00:00+05:30
far_61c5a2a7,flt_ffcddc06,economy,standard,16198.06,2591.69,INR,15,7,0,1943.77,0,102,active,2026-08-18T10:00:00+05:30
far_087a022a,flt_ffcddc06,business,flex,61261.05,9801.77,INR,30,7,1,,1,32,active,2026-08-18T10:00:00+05:30
far_6b8af675,flt_ffcddc06,business,promo,39166.90,6266.70,INR,30,7,0,,0,20,active,2026-08-18T10:00:00+05:30
far_e93f1b3b,flt_22c026d0,economy,flex,14967.16,2394.75,INR,15,7,1,,1,154,active,2026-08-18T10:00:00+05:30
far_8ecab751,flt_22c026d0,economy,saver,10795.99,1727.36,INR,15,7,0,1295.52,0,121,active,2026-08-18T10:00:00+05:30
far_72cec80c,flt_22c026d0,business,promo,29664.43,4746.31,INR,30,7,0,3559.73,0,22,active,2026-08-18T10:00:00+05:30
far_3a8ebeda,flt_22c026d0,business,flex,46398.21,7423.71,INR,30,7,1,5567.78,1,23,active,2026-08-18T10:00:00+05:30
far_f0717d31,flt_51adcc06,economy,corporate,780.22,124.84,MYR,15,7,1,93.63,0,139,active,2026-08-18T10:00:00+05:30
far_9a75a670,flt_51adcc06,economy,standard,709.29,113.49,MYR,15,7,0,,0,65,active,2026-08-18T10:00:00+05:30
far_834ae6b4,flt_51adcc06,business,saver,1934.95,309.59,MYR,30,7,0,,0,18,active,2026-08-18T10:00:00+05:30
far_8109fca9,flt_51adcc06,business,corporate,2418.69,386.99,MYR,30,7,1,,0,31,active,2026-08-18T10:00:00+05:30
far_34802846,flt_8bb86f22,economy,corporate,3911.30,625.81,INR,15,7,1,469.36,0,88,active,2026-08-18T10:00:00+05:30
far_bbe71bb6,flt_8bb86f22,economy,saver,3129.04,500.65,INR,15,7,0,375.48,0,49,active,2026-08-18T10:00:00+05:30
far_61154cd0,flt_8bb86f22,business,promo,8597.74,1375.64,INR,30,7,0,1031.73,0,4,active,2026-08-18T10:00:00+05:30
far_fb3e3c12,flt_8bb86f22,business,corporate,12125.02,1940.00,INR,30,7,1,,0,31,active,2026-08-18T10:00:00+05:30
far_a461c2fa,flt_1f556b05,economy,promo,1489.64,238.34,INR,15,7,0,178.76,0,51,active,2026-08-18T10:00:00+05:30
far_7db9089d,flt_cb4159dd,economy,saver,432.55,69.21,MYR,15,7,0,51.91,0,161,active,2026-08-18T10:00:00+05:30
far_f31c646a,flt_cb4159dd,economy,standard,491.53,78.64,MYR,15,7,0,,0,22,active,2026-08-18T10:00:00+05:30
far_484c6095,flt_cb4159dd,business,promo,1188.52,190.16,MYR,30,7,0,142.62,0,24,active,2026-08-18T10:00:00+05:30
far_29b17d44,flt_cb4159dd,business,saver,1340.89,214.54,MYR,30,7,0,160.91,0,5,active,2026-08-18T10:00:00+05:30
far_10568b83,flt_3bf31507,economy,corporate,929.10,148.66,MYR,15,7,1,,0,152,active,2026-08-18T10:00:00+05:30
far_88a347c4,flt_3bf31507,economy,flex,1030.45,164.87,MYR,15,7,1,123.65,1,147,active,2026-08-18T10:00:00+05:30
far_d74ac5a6,flt_3bf31507,business,saver,2304.16,368.67,MYR,30,7,0,276.50,0,5,active,2026-08-18T10:00:00+05:30
far_dd984558,flt_3bf31507,business,flex,3194.40,511.10,MYR,30,7,1,,1,34,active,2026-08-18T10:00:00+05:30
far_ec0e278d,flt_9fcff22f,economy,promo,2277.14,364.34,INR,15,7,0,273.26,0,42,active,2026-08-18T10:00:00+05:30
far_cc14f885,flt_9fcff22f,economy,flex,3561.68,569.87,INR,15,7,1,,1,35,active,2026-08-18T10:00:00+05:30
far_59482cd3,flt_9fcff22f,business,promo,7059.13,1129.46,INR,30,7,0,847.10,0,15,active,2026-08-18T10:00:00+05:30
far_427d2c58,flt_9fcff22f,business,corporate,9955.18,1592.83,INR,30,7,1,1194.62,0,8,active,2026-08-18T10:00:00+05:30
far_6a3663cb,flt_c5242a34,economy,flex,9030.25,1444.84,INR,15,7,1,1083.63,1,30,active,2026-08-18T10:00:00+05:30
far_95c1fee1,flt_c5242a34,economy,corporate,8142.03,1302.73,INR,15,7,1,977.04,0,112,active,2026-08-18T10:00:00+05:30
far_5f5bc20b,flt_c5242a34,business,saver,20192.24,3230.76,INR,30,7,0,2423.07,0,20,active,2026-08-18T10:00:00+05:30
far_3f34a1db,flt_c5242a34,business,flex,27993.79,4479.01,INR,30,7,1,,1,26,active,2026-08-18T10:00:00+05:30
far_1a04f1e4,flt_81557a3d,economy,saver,6718.42,1074.95,INR,15,7,0,,0,39,active,2026-08-18T10:00:00+05:30
far_644be2f0,flt_03ac1abd,economy,corporate,4032552.22,645208.35,IDR,15,7,1,483906.27,0,109,active,2026-08-18T10:00:00+05:30
far_c7da2f75,flt_03ac1abd,economy,promo,2859446.12,457511.38,IDR,15,7,0,343133.53,0,168,active,2026-08-18T10:00:00+05:30
far_1ae7cf34,flt_03ac1abd,business,standard,11364465.34,1818314.45,IDR,30,7,0,1363735.84,0,8,active,2026-08-18T10:00:00+05:30
far_847cf328,flt_03ac1abd,business,saver,10000729.50,1600116.72,IDR,30,7,0,,0,15,active,2026-08-18T10:00:00+05:30
far_98978bad,flt_2072ca0f,economy,flex,10396.35,1663.42,INR,15,7,1,1247.56,1,146,active,2026-08-18T10:00:00+05:30
far_45d4bfb9,flt_a7db07d0,economy,standard,21147.84,3383.65,INR,15,7,0,2537.74,0,47,active,2026-08-18T10:00:00+05:30
far_5273e42b,flt_a7db07d0,economy,promo,16495.32,2639.25,INR,15,7,0,1979.44,0,39,active,2026-08-18T10:00:00+05:30
far_d73acf4a,flt_a7db07d0,business,corporate,72114.15,11538.26,INR,30,7,1,8653.70,0,36,active,2026-08-18T10:00:00+05:30
far_61a49dda,flt_a7db07d0,business,promo,51135.48,8181.68,INR,30,7,0,6136.26,0,19,active,2026-08-18T10:00:00+05:30
far_d3da4750,flt_3a4d1cfd,economy,corporate,8157.24,1305.16,INR,15,7,1,978.87,0,33,active,2026-08-18T10:00:00+05:30
far_7f669b2d,flt_3a4d1cfd,economy,standard,7415.67,1186.51,INR,15,7,0,889.88,0,58,active,2026-08-18T10:00:00+05:30
far_c52a7602,flt_3a4d1cfd,business,standard,22988.57,3678.17,INR,30,7,0,2758.63,0,15,active,2026-08-18T10:00:00+05:30
far_2f36ba13,flt_3a4d1cfd,business,corporate,25287.43,4045.99,INR,30,7,1,,0,17,active,2026-08-18T10:00:00+05:30
far_e4e1c301,flt_10ccd2e6,economy,corporate,7678.65,1228.58,INR,15,7,1,921.44,0,169,active,2026-08-18T10:00:00+05:30
far_7573c040,flt_10ccd2e6,economy,promo,5444.86,871.18,INR,15,7,0,653.38,0,124,active,2026-08-18T10:00:00+05:30
far_a0d62139,flt_10ccd2e6,business,corporate,23803.82,3808.61,INR,30,7,1,,0,32,active,2026-08-18T10:00:00+05:30
far_81dca144,flt_10ccd2e6,business,flex,26400.60,4224.10,INR,30,7,1,3168.07,1,28,active,2026-08-18T10:00:00+05:30
far_2ba546be,flt_3f860cd5,economy,flex,3277.01,524.32,INR,15,7,1,393.24,1,125,active,2026-08-18T10:00:00+05:30
far_bdd903a6,flt_b4ef2924,economy,corporate,12070.23,1931.24,INR,15,7,1,1448.43,0,80,active,2026-08-18T10:00:00+05:30
far_533554d8,flt_b4ef2924,economy,promo,8558.89,1369.42,INR,15,7,0,,0,129,active,2026-08-18T10:00:00+05:30
far_654ab105,flt_b4ef2924,business,saver,29934.17,4789.47,INR,30,7,0,,0,25,active,2026-08-18T10:00:00+05:30
far_e7a175f3,flt_b4ef2924,business,promo,26532.56,4245.21,INR,30,7,0,,0,5,active,2026-08-18T10:00:00+05:30
far_736e2efc,flt_36dadb2a,economy,corporate,1095.84,175.33,MYR,15,7,1,,0,62,active,2026-08-18T10:00:00+05:30
far_836ece70,flt_36dadb2a,economy,standard,996.22,159.40,MYR,15,7,0,119.55,0,115,active,2026-08-18T10:00:00+05:30
far_492eeff2,flt_36dadb2a,business,standard,3088.28,494.13,MYR,30,7,0,370.59,0,12,active,2026-08-18T10:00:00+05:30
far_c880a572,flt_36dadb2a,business,promo,2408.86,385.42,MYR,30,7,0,289.06,0,11,active,2026-08-18T10:00:00+05:30
far_dfe8cce1,flt_9a0e34d3,economy,promo,98.89,15.82,SGD,15,7,0,,0,115,active,2026-08-18T10:00:00+05:30
far_abbca6c9,flt_9a0e34d3,economy,standard,126.78,20.28,SGD,15,7,0,,0,37,active,2026-08-18T10:00:00+05:30
far_2aa86543,flt_9a0e34d3,business,corporate,432.32,69.17,SGD,30,7,1,51.88,0,22,active,2026-08-18T10:00:00+05:30
far_3eef58ac,flt_9a0e34d3,business,saver,345.85,55.34,SGD,30,7,0,,0,12,active,2026-08-18T10:00:00+05:30
far_e959be75,flt_7ff4a4fc,economy,saver,5505.92,880.95,INR,15,7,0,660.71,0,169,active,2026-08-18T10:00:00+05:30
far_0336c64d,flt_7ff4a4fc,economy,standard,6256.72,1001.08,INR,15,7,0,750.81,0,101,active,2026-08-18T10:00:00+05:30
far_04580dbc,flt_7ff4a4fc,business,standard,19395.84,3103.33,INR,30,7,0,2327.50,0,30,active,2026-08-18T10:00:00+05:30
far_a3a8ba05,flt_7ff4a4fc,business,flex,23662.93,3786.07,INR,30,7,1,2839.55,1,38,active,2026-08-18T10:00:00+05:30
far_81d23872,flt_8334a5fe,economy,standard,4205.87,672.94,INR,15,7,0,504.70,0,117,active,2026-08-18T10:00:00+05:30
far_1cf197e6,flt_8334a5fe,economy,flex,5131.17,820.99,INR,15,7,1,615.74,1,46,active,2026-08-18T10:00:00+05:30
far_a89aecd2,flt_8334a5fe,business,corporate,14342.03,2294.72,INR,30,7,1,,0,32,active,2026-08-18T10:00:00+05:30
far_9f601d72,flt_8334a5fe,business,flex,15906.62,2545.06,INR,30,7,1,,1,34,active,2026-08-18T10:00:00+05:30
far_222ddff3,flt_a35261dd,economy,saver,7586.42,1213.83,INR,15,7,0,910.37,0,77,active,2026-08-18T10:00:00+05:30
far_33910551,flt_a35261dd,economy,flex,10517.54,1682.81,INR,15,7,1,,1,57,active,2026-08-18T10:00:00+05:30
far_b9b94722,flt_a35261dd,business,flex,32604.37,5216.70,INR,30,7,1,3912.52,1,23,active,2026-08-18T10:00:00+05:30
far_b5c1392b,flt_a35261dd,business,standard,26724.89,4275.98,INR,30,7,0,3206.99,0,5,active,2026-08-18T10:00:00+05:30
far_bc9cdf6f,flt_b4e99ed1,economy,promo,4356.87,697.10,INR,15,7,0,522.82,0,131,active,2026-08-18T10:00:00+05:30
far_66b946c1,flt_b4e99ed1,economy,saver,4915.44,786.47,INR,15,7,0,589.85,0,149,active,2026-08-18T10:00:00+05:30
far_3e0fe868,flt_b4e99ed1,business,promo,13506.30,2161.01,INR,30,7,0,1620.76,0,31,active,2026-08-18T10:00:00+05:30
far_2aa212a4,flt_b4e99ed1,business,saver,15237.87,2438.06,INR,30,7,0,1828.54,0,22,active,2026-08-18T10:00:00+05:30
far_a8a3a5d9,flt_ad78ee1b,economy,saver,315.81,50.53,MYR,15,7,0,,0,109,active,2026-08-18T10:00:00+05:30
far_bbda8489,flt_ad78ee1b,economy,standard,358.87,57.42,MYR,15,7,0,43.06,0,33,active,2026-08-18T10:00:00+05:30
far_f0c11397,flt_ad78ee1b,business,saver,979.01,156.64,MYR,30,7,0,117.48,0,10,active,2026-08-18T10:00:00+05:30
far_31468d14,flt_ad78ee1b,business,flex,1357.26,217.16,MYR,30,7,1,,1,13,active,2026-08-18T10:00:00+05:30
far_a46e2846,flt_235fc082,economy,standard,11062.11,1769.94,INR,15,7,0,,0,106,active,2026-08-18T10:00:00+05:30
far_bf6a438f,flt_235fc082,economy,promo,8628.44,1380.55,INR,15,7,0,,0,50,active,2026-08-18T10:00:00+05:30
far_a3f6646f,flt_235fc082,business,flex,41836.89,6693.90,INR,30,7,1,,1,19,active,2026-08-18T10:00:00+05:30
far_80f97ae9,flt_235fc082,business,saver,30177.43,4828.39,INR,30,7,0,3621.29,0,22,active,2026-08-18T10:00:00+05:30
far_50e179a7,flt_7501dde2,economy,saver,15844.29,2535.09,INR,15,7,0,,0,77,active,2026-08-18T10:00:00+05:30
far_42ca2607,flt_7501dde2,economy,corporate,19805.36,3168.86,INR,15,7,1,,0,98,active,2026-08-18T10:00:00+05:30
far_d9f37605,flt_7501dde2,business,corporate,61396.63,9823.46,INR,30,7,1,7367.60,0,22,active,2026-08-18T10:00:00+05:30
far_e18bcd98,flt_7501dde2,business,flex,68094.44,10895.11,INR,30,7,1,8171.33,1,33,active,2026-08-18T10:00:00+05:30
far_ef990ba1,flt_8c802f0e,economy,standard,6437.57,1030.01,INR,15,7,0,772.51,0,162,active,2026-08-18T10:00:00+05:30
far_0237ca2e,flt_8c802f0e,economy,saver,5665.06,906.41,INR,15,7,0,679.81,0,51,active,2026-08-18T10:00:00+05:30
far_ec583665,flt_8c802f0e,business,corporate,21952.12,3512.34,INR,30,7,1,,0,14,active,2026-08-18T10:00:00+05:30
far_04cdd4fa,flt_8c802f0e,business,saver,17561.69,2809.87,INR,30,7,0,2107.40,0,33,active,2026-08-18T10:00:00+05:30
far_0f02080d,flt_6fd1cfb0,economy,promo,4598.99,735.84,INR,15,7,0,551.88,0,62,active,2026-08-18T10:00:00+05:30
far_ab4c5119,flt_6fd1cfb0,economy,saver,5188.60,830.18,INR,15,7,0,622.63,0,52,active,2026-08-18T10:00:00+05:30
far_0d358884,flt_6fd1cfb0,business,saver,16084.67,2573.55,INR,30,7,0,,0,19,active,2026-08-18T10:00:00+05:30
far_6fa31037,flt_6fd1cfb0,business,flex,22299.20,3567.87,INR,30,7,1,2675.90,1,9,active,2026-08-18T10:00:00+05:30
far_9fb3c168,flt_38f70092,economy,flex,1747.87,279.66,INR,15,7,1,,1,107,active,2026-08-18T10:00:00+05:30
far_6610fe03,flt_38f70092,economy,standard,1432.68,229.23,INR,15,7,0,171.92,0,162,active,2026-08-18T10:00:00+05:30
far_a7d0e24f,flt_38f70092,business,promo,3464.22,554.28,INR,30,7,0,415.71,0,37,active,2026-08-18T10:00:00+05:30
far_3c0db3d1,flt_38f70092,business,saver,3908.35,625.34,INR,30,7,0,,0,7,active,2026-08-18T10:00:00+05:30
far_8e10ffbd,flt_8e8d0a4c,economy,corporate,5807.01,929.12,INR,15,7,1,696.84,0,58,active,2026-08-18T10:00:00+05:30
far_0aa0c1a6,flt_8e8d0a4c,economy,standard,5279.10,844.66,INR,15,7,0,,0,93,active,2026-08-18T10:00:00+05:30
far_64c64e44,flt_8e8d0a4c,business,corporate,18001.72,2880.28,INR,30,7,1,2160.21,0,16,active,2026-08-18T10:00:00+05:30
far_81146411,flt_8e8d0a4c,business,flex,19965.55,3194.49,INR,30,7,1,2395.87,1,27,active,2026-08-18T10:00:00+05:30
far_bc1ff779,flt_89fa659d,economy,saver,4230901.59,676944.25,IDR,15,7,0,,0,158,active,2026-08-18T10:00:00+05:30
far_0355f563,flt_89fa659d,economy,standard,4807842.72,769254.83,IDR,15,7,0,576941.13,0,97,active,2026-08-18T10:00:00+05:30
far_ede5c75b,flt_89fa659d,business,flex,18183261.15,2909321.78,IDR,30,7,1,2181991.34,1,36,active,2026-08-18T10:00:00+05:30
far_401acdd4,flt_89fa659d,business,corporate,16394743.66,2623158.99,IDR,30,7,1,1967369.24,0,16,active,2026-08-18T10:00:00+05:30
far_409cd23c,flt_e94c8333,economy,standard,4042.80,646.85,INR,15,7,0,485.14,0,25,active,2026-08-18T10:00:00+05:30
far_a5ab304c,flt_e94c8333,economy,saver,3557.66,569.23,INR,15,7,0,426.92,0,31,active,2026-08-18T10:00:00+05:30
far_08c7872d,flt_e94c8333,business,flex,15289.86,2446.38,INR,30,7,1,1834.78,1,5,active,2026-08-18T10:00:00+05:30
far_3f7510c8,flt_e94c8333,business,corporate,13785.94,2205.75,INR,30,7,1,,0,18,active,2026-08-18T10:00:00+05:30
far_0648dc09,flt_6fd34f66,economy,standard,575.66,92.11,AED,15,7,0,,0,150,active,2026-08-18T10:00:00+05:30
far_20fddacf,flt_6fd34f66,economy,corporate,633.22,101.32,AED,15,7,1,75.99,0,20,active,2026-08-18T10:00:00+05:30
far_1ea890a9,flt_6fd34f66,business,promo,1391.94,222.71,AED,30,7,0,167.03,0,29,active,2026-08-18T10:00:00+05:30
far_f5fa13c0,flt_6fd34f66,business,saver,1570.39,251.26,AED,30,7,0,188.45,0,32,active,2026-08-18T10:00:00+05:30
far_d20e3f69,flt_ae60392a,economy,standard,8905.68,1424.91,INR,15,7,0,,0,32,active,2026-08-18T10:00:00+05:30
far_726aaaee,flt_ae60392a,economy,promo,6946.43,1111.43,INR,15,7,0,,0,83,active,2026-08-18T10:00:00+05:30
far_8815c1d8,flt_ae60392a,business,saver,24294.69,3887.15,INR,30,7,0,2915.36,0,39,active,2026-08-18T10:00:00+05:30
far_18589d07,flt_ae60392a,business,corporate,30368.36,4858.94,INR,30,7,1,3644.20,0,14,active,2026-08-18T10:00:00+05:30
far_68431dad,flt_dc6f6a86,economy,corporate,9823.52,1571.76,INR,15,7,1,1178.82,0,85,active,2026-08-18T10:00:00+05:30
far_3b9c87b1,flt_dc6f6a86,economy,flex,10895.17,1743.23,INR,15,7,1,,1,118,active,2026-08-18T10:00:00+05:30
far_6be519d3,flt_dc6f6a86,business,standard,27684.46,4429.51,INR,30,7,0,3322.13,0,17,active,2026-08-18T10:00:00+05:30
far_2d5e5d83,flt_dc6f6a86,business,flex,33775.04,5404.01,INR,30,7,1,4053.00,1,24,active,2026-08-18T10:00:00+05:30
far_be19bc01,flt_0aa71aa1,economy,saver,4444.52,711.12,INR,15,7,0,533.34,0,102,active,2026-08-18T10:00:00+05:30
far_25221755,flt_5ad23611,economy,promo,3108.90,497.42,INR,15,7,0,,0,108,active,2026-08-18T10:00:00+05:30
far_c293a6e9,flt_228fd771,economy,flex,3402.70,544.43,INR,15,7,1,,1,30,active,2026-08-18T10:00:00+05:30
far_4b929ec2,flt_228fd771,economy,promo,2175.49,348.08,INR,15,7,0,,0,107,active,2026-08-18T10:00:00+05:30
far_7459b42b,flt_228fd771,business,saver,7608.65,1217.38,INR,30,7,0,913.04,0,25,active,2026-08-18T10:00:00+05:30
far_f194dc1b,flt_228fd771,business,promo,6744.03,1079.04,INR,30,7,0,,0,36,active,2026-08-18T10:00:00+05:30
far_bb8c3ec1,flt_63beaf04,economy,promo,593.95,95.03,MYR,15,7,0,,0,62,active,2026-08-18T10:00:00+05:30
far_4ed4af0c,flt_63beaf04,economy,flex,928.99,148.64,MYR,15,7,1,111.48,1,108,active,2026-08-18T10:00:00+05:30
far_ac47650c,flt_63beaf04,business,flex,2879.88,460.78,MYR,30,7,1,,1,22,active,2026-08-18T10:00:00+05:30
far_1f166d47,flt_63beaf04,business,promo,1841.23,294.60,MYR,30,7,0,220.95,0,33,active,2026-08-18T10:00:00+05:30
far_e40d2ca4,flt_b12fd9f7,economy,standard,611.25,97.80,THB,15,7,0,,0,117,active,2026-08-18T10:00:00+05:30
far_4d3b4ccb,flt_b12fd9f7,economy,saver,537.90,86.06,THB,15,7,0,64.55,0,156,active,2026-08-18T10:00:00+05:30
far_61f7db7b,flt_b12fd9f7,business,saver,1667.48,266.80,THB,30,7,0,200.10,0,26,active,2026-08-18T10:00:00+05:30
far_590e930d,flt_b12fd9f7,business,promo,1477.99,236.48,THB,30,7,0,177.36,0,19,active,2026-08-18T10:00:00+05:30
far_ee593c8a,flt_c7cf79ae,economy,standard,14318.14,2290.90,INR,15,7,0,1718.18,0,54,active,2026-08-18T10:00:00+05:30
far_b6c89f1c,flt_c7cf79ae,economy,corporate,15749.95,2519.99,INR,15,7,1,,0,149,active,2026-08-18T10:00:00+05:30
far_22ce14a5,flt_c7cf79ae,business,flex,54151.19,8664.19,INR,30,7,1,6498.14,1,4,active,2026-08-18T10:00:00+05:30
far_fd2e13bf,flt_c7cf79ae,business,corporate,48824.85,7811.98,INR,30,7,1,,0,31,active,2026-08-18T10:00:00+05:30
far_79280d7b,flt_7df08fdc,economy,flex,1750.06,280.01,INR,15,7,1,210.01,1,158,active,2026-08-18T10:00:00+05:30
far_4956bc3d,flt_7df08fdc,economy,promo,1118.89,179.02,INR,15,7,0,134.27,0,130,active,2026-08-18T10:00:00+05:30
far_ef69c49e,flt_7df08fdc,business,standard,4446.89,711.50,INR,30,7,0,533.63,0,9,active,2026-08-18T10:00:00+05:30
far_a6ea0d9f,flt_7df08fdc,business,saver,3913.26,626.12,INR,30,7,0,469.59,0,7,active,2026-08-18T10:00:00+05:30
far_31aa3f94,flt_bc074fd1,economy,saver,397.07,63.53,MYR,15,7,0,47.65,0,87,active,2026-08-18T10:00:00+05:30
far_c3599058,flt_1829bfe1,economy,promo,4705.31,752.85,INR,15,7,0,564.64,0,87,active,2026-08-18T10:00:00+05:30
far_2a1ce93a,flt_1829bfe1,economy,flex,7359.59,1177.53,INR,15,7,1,883.15,1,97,active,2026-08-18T10:00:00+05:30
far_46c9bae6,flt_1829bfe1,business,corporate,20570.64,3291.30,INR,30,7,1,2468.48,0,16,active,2026-08-18T10:00:00+05:30
far_ffb28b99,flt_1829bfe1,business,standard,18700.59,2992.09,INR,30,7,0,,0,32,active,2026-08-18T10:00:00+05:30
far_a79087c4,flt_c6039c99,economy,corporate,463.37,74.14,SGD,15,7,1,,0,138,active,2026-08-18T10:00:00+05:30
far_9e165509,flt_c6039c99,economy,promo,328.57,52.57,SGD,15,7,0,39.43,0,98,active,2026-08-18T10:00:00+05:30
far_d03a244e,flt_c6039c99,business,corporate,1436.44,229.83,SGD,30,7,1,172.37,0,26,active,2026-08-18T10:00:00+05:30
far_782d86bf,flt_c6039c99,business,saver,1149.15,183.86,SGD,30,7,0,137.90,0,29,active,2026-08-18T10:00:00+05:30
far_291ca91c,flt_2ead8987,economy,promo,5795.62,927.30,INR,15,7,0,,0,147,active,2026-08-18T10:00:00+05:30
far_5c84a404,flt_2ead8987,economy,corporate,8173.31,1307.73,INR,15,7,1,,0,84,active,2026-08-18T10:00:00+05:30
far_a4b265f6,flt_2ead8987,business,flex,28101.32,4496.21,INR,30,7,1,,1,39,active,2026-08-18T10:00:00+05:30
far_1e69f122,flt_2ead8987,business,promo,17966.41,2874.63,INR,30,7,0,2155.97,0,37,active,2026-08-18T10:00:00+05:30
far_5f878022,flt_b2c75f15,economy,saver,4604.54,736.73,INR,15,7,0,,0,39,active,2026-08-18T10:00:00+05:30
far_e451cef4,flt_b2c75f15,economy,flex,6383.57,1021.37,INR,15,7,1,766.03,1,94,active,2026-08-18T10:00:00+05:30
far_d93d54de,flt_b2c75f15,business,standard,16220.54,2595.29,INR,30,7,0,,0,6,active,2026-08-18T10:00:00+05:30
far_13b83a27,flt_b2c75f15,business,promo,12652.03,2024.32,INR,30,7,0,1518.24,0,33,active,2026-08-18T10:00:00+05:30
far_e40873b3,flt_1fabf500,economy,corporate,4607.98,737.28,INR,15,7,1,552.96,0,23,active,2026-08-18T10:00:00+05:30
far_051299ac,flt_1fabf500,economy,saver,3686.38,589.82,INR,15,7,0,442.37,0,101,active,2026-08-18T10:00:00+05:30
far_a6ee4dd7,flt_1fabf500,business,saver,11427.79,1828.45,INR,30,7,0,,0,5,active,2026-08-18T10:00:00+05:30
far_b9f2e77a,flt_1fabf500,business,corporate,14284.74,2285.56,INR,30,7,1,1714.17,0,33,active,2026-08-18T10:00:00+05:30
far_ea37d5e3,flt_fcf7fbfa,economy,corporate,4773.08,763.69,INR,15,7,1,,0,167,active,2026-08-18T10:00:00+05:30
far_2d6ab455,flt_d506e2b6,economy,promo,476.34,76.21,THB,15,7,0,,0,51,active,2026-08-18T10:00:00+05:30
far_4f5d92bc,flt_d506e2b6,economy,saver,537.41,85.99,THB,15,7,0,64.49,0,89,active,2026-08-18T10:00:00+05:30
far_82b747b4,flt_d506e2b6,business,flex,2309.65,369.54,THB,30,7,1,,1,15,active,2026-08-18T10:00:00+05:30
far_7cd47556,flt_d506e2b6,business,promo,1476.66,236.27,THB,30,7,0,177.20,0,31,active,2026-08-18T10:00:00+05:30
far_cdb5f471,flt_fbdc6bd1,economy,promo,6089.22,974.28,INR,15,7,0,,0,103,active,2026-08-18T10:00:00+05:30
far_5193daa5,flt_fbdc6bd1,economy,saver,6869.89,1099.18,INR,15,7,0,,0,152,active,2026-08-18T10:00:00+05:30
far_ee922b77,flt_fbdc6bd1,business,corporate,26620.84,4259.33,INR,30,7,1,3194.50,0,16,active,2026-08-18T10:00:00+05:30
far_56173be1,flt_fbdc6bd1,business,standard,24200.76,3872.12,INR,30,7,0,,0,20,active,2026-08-18T10:00:00+05:30
far_d259a856,flt_6931ffc8,economy,standard,2998.56,479.77,INR,15,7,0,359.83,0,151,active,2026-08-18T10:00:00+05:30
far_67f78adf,flt_9e9e22e9,economy,corporate,3136143.99,501783.04,IDR,15,7,1,376337.28,0,109,active,2026-08-18T10:00:00+05:30
far_f710a1cb,flt_788ceb26,economy,saver,3574320.88,571891.34,IDR,15,7,0,428918.51,0,38,active,2026-08-18T10:00:00+05:30
far_49467a7c,flt_788ceb26,economy,standard,4061728.27,649876.52,IDR,15,7,0,,0,62,active,2026-08-18T10:00:00+05:30
far_3d9fd716,flt_788ceb26,business,saver,11080394.72,1772863.16,IDR,30,7,0,1329647.37,0,6,active,2026-08-18T10:00:00+05:30
far_3a8214a7,flt_788ceb26,business,flex,15361456.32,2457833.01,IDR,30,7,1,,1,9,active,2026-08-18T10:00:00+05:30
far_076f7722,flt_85611f03,economy,flex,5239.08,838.25,INR,15,7,1,628.69,1,158,active,2026-08-18T10:00:00+05:30
far_7869c57b,flt_85611f03,economy,promo,3349.58,535.93,INR,15,7,0,401.95,0,164,active,2026-08-18T10:00:00+05:30
far_d6e5bc7d,flt_85611f03,business,standard,13312.43,2129.99,INR,30,7,0,1597.49,0,39,active,2026-08-18T10:00:00+05:30
far_050d6ff5,flt_85611f03,business,saver,11714.93,1874.39,INR,30,7,0,1405.79,0,23,active,2026-08-18T10:00:00+05:30
far_8d50acc5,flt_c7c016a3,economy,saver,7568.12,1210.90,INR,15,7,0,,0,97,active,2026-08-18T10:00:00+05:30
far_ac236e05,flt_c7c016a3,economy,flex,10492.17,1678.75,INR,15,7,1,,1,66,active,2026-08-18T10:00:00+05:30
far_418cff4f,flt_c7c016a3,business,corporate,29326.47,4692.24,INR,30,7,1,3519.18,0,28,active,2026-08-18T10:00:00+05:30
far_ce947ca9,flt_c7c016a3,business,flex,32525.72,5204.12,INR,30,7,1,,1,30,active,2026-08-18T10:00:00+05:30
far_6e707057,flt_12cbfe14,economy,promo,756.91,121.11,MYR,15,7,0,,0,163,active,2026-08-18T10:00:00+05:30
far_9b4338a4,flt_12cbfe14,economy,saver,853.95,136.63,MYR,15,7,0,102.47,0,89,active,2026-08-18T10:00:00+05:30
far_1849f0fb,flt_12cbfe14,business,corporate,3309.05,529.45,MYR,30,7,1,397.09,0,13,active,2026-08-18T10:00:00+05:30
far_5900b3e6,flt_12cbfe14,business,standard,3008.23,481.32,MYR,30,7,0,360.99,0,30,active,2026-08-18T10:00:00+05:30
far_d5e6a54a,flt_74e2e405,economy,saver,3621.97,579.52,INR,15,7,0,,0,154,active,2026-08-18T10:00:00+05:30
far_700c4377,flt_74e2e405,economy,flex,5021.37,803.42,INR,15,7,1,602.56,1,117,active,2026-08-18T10:00:00+05:30
far_c8204b8e,flt_74e2e405,business,corporate,14035.14,2245.62,INR,30,7,1,1684.22,0,24,active,2026-08-18T10:00:00+05:30
far_78b0da75,flt_74e2e405,business,saver,11228.11,1796.50,INR,30,7,0,1347.37,0,18,active,2026-08-18T10:00:00+05:30
far_840dbe3c,flt_83e3d7a9,economy,flex,9635.59,1541.69,INR,15,7,1,,1,151,active,2026-08-18T10:00:00+05:30
far_2c5f70b9,flt_83e3d7a9,economy,saver,6950.26,1112.04,INR,15,7,0,834.03,0,37,active,2026-08-18T10:00:00+05:30
far_a12a8f9c,flt_83e3d7a9,business,flex,29870.33,4779.25,INR,30,7,1,,1,32,active,2026-08-18T10:00:00+05:30
far_03e07ad2,flt_83e3d7a9,business,promo,19097.42,3055.59,INR,30,7,0,,0,13,active,2026-08-18T10:00:00+05:30
far_33b7a75a,flt_78f996af,economy,promo,7077.43,1132.39,INR,15,7,0,849.29,0,53,active,2026-08-18T10:00:00+05:30
far_ba8d34f0,flt_01982a06,economy,saver,5823.38,931.74,INR,15,7,0,,0,129,active,2026-08-18T10:00:00+05:30
far_5d4be009,flt_01982a06,economy,flex,8073.32,1291.73,INR,15,7,1,968.80,1,106,active,2026-08-18T10:00:00+05:30
far_b902156a,flt_01982a06,business,flex,25027.28,4004.36,INR,30,7,1,3003.27,1,17,active,2026-08-18T10:00:00+05:30
far_d5f47f26,flt_01982a06,business,saver,18052.46,2888.39,INR,30,7,0,2166.30,0,31,active,2026-08-18T10:00:00+05:30
far_ec1f0d57,flt_b7f64abd,economy,corporate,4851500.06,776240.01,IDR,15,7,1,582180.01,0,150,active,2026-08-18T10:00:00+05:30
far_6b470f59,flt_b7f64abd,economy,saver,3881200.05,620992.01,IDR,15,7,0,465744.01,0,132,active,2026-08-18T10:00:00+05:30
far_b98a5da3,flt_b7f64abd,business,standard,13672409.26,2187585.48,IDR,30,7,0,,0,25,active,2026-08-18T10:00:00+05:30
far_83cac787,flt_b7f64abd,business,saver,12031720.15,1925075.22,IDR,30,7,0,1443806.42,0,21,active,2026-08-18T10:00:00+05:30
far_2277bb41,flt_ca995ed5,economy,promo,2375345.99,380055.36,IDR,15,7,0,285041.52,0,74,active,2026-08-18T10:00:00+05:30
far_cbba851e,flt_ca995ed5,economy,saver,2679877.53,428780.40,IDR,15,7,0,321585.30,0,20,active,2026-08-18T10:00:00+05:30
far_da008359,flt_ca995ed5,business,flex,11517382.75,1842781.24,IDR,30,7,1,1382085.93,1,11,active,2026-08-18T10:00:00+05:30
far_cdaebe01,flt_ca995ed5,business,corporate,10384525.43,1661524.07,IDR,30,7,1,1246143.05,0,9,active,2026-08-18T10:00:00+05:30
far_a2c068cf,flt_951f4ffe,economy,flex,300.61,48.10,SGD,15,7,1,,1,49,active,2026-08-18T10:00:00+05:30
far_e054c863,flt_951f4ffe,economy,standard,246.40,39.42,SGD,15,7,0,29.57,0,151,active,2026-08-18T10:00:00+05:30
far_e2ef9cb1,flt_951f4ffe,business,corporate,840.23,134.44,SGD,30,7,1,100.83,0,20,active,2026-08-18T10:00:00+05:30
far_f1ca1cce,flt_951f4ffe,business,flex,931.89,149.10,SGD,30,7,1,111.83,1,5,active,2026-08-18T10:00:00+05:30
far_bf78ac92,flt_bcad0a2f,economy,flex,3957.53,633.21,INR,15,7,1,474.90,1,138,active,2026-08-18T10:00:00+05:30
far_0008297d,flt_bcad0a2f,economy,promo,2530.23,404.84,INR,15,7,0,303.63,0,28,active,2026-08-18T10:00:00+05:30
far_01c70118,flt_bcad0a2f,business,corporate,11061.63,1769.86,INR,30,7,1,1327.40,0,27,active,2026-08-18T10:00:00+05:30
far_376d8f30,flt_bcad0a2f,business,promo,7843.70,1254.99,INR,30,7,0,,0,10,active,2026-08-18T10:00:00+05:30
far_9c5bfcc7,flt_1e45d930,economy,standard,849.82,135.97,MYR,15,7,0,,0,26,active,2026-08-18T10:00:00+05:30
far_4a572359,flt_1e45d930,economy,saver,747.85,119.66,MYR,15,7,0,89.74,0,111,active,2026-08-18T10:00:00+05:30
far_b41b01f7,flt_1e45d930,business,standard,2634.45,421.51,MYR,30,7,0,316.13,0,17,active,2026-08-18T10:00:00+05:30
far_b9538896,flt_1e45d930,business,corporate,2897.90,463.66,MYR,30,7,1,347.75,0,10,active,2026-08-18T10:00:00+05:30
far_2b811ec2,flt_c443960e,economy,standard,829.74,132.76,MYR,15,7,0,99.57,0,104,active,2026-08-18T10:00:00+05:30
far_6cc9538b,flt_c443960e,economy,promo,647.20,103.55,MYR,15,7,0,,0,70,active,2026-08-18T10:00:00+05:30
far_1c817c91,flt_c443960e,business,standard,2572.20,411.55,MYR,30,7,0,308.66,0,4,active,2026-08-18T10:00:00+05:30
far_fae09eaa,flt_c443960e,business,flex,3138.08,502.09,MYR,30,7,1,376.57,1,26,active,2026-08-18T10:00:00+05:30
far_fa0cb653,flt_a778e1ed,economy,saver,1265.48,202.48,INR,15,7,0,,0,35,active,2026-08-18T10:00:00+05:30
far_ff48a047,flt_6c084a40,economy,standard,4195.05,671.21,INR,15,7,0,,0,123,active,2026-08-18T10:00:00+05:30
far_eeeac7ce,flt_7ec5f66e,economy,promo,1222.69,195.63,INR,15,7,0,,0,23,active,2026-08-18T10:00:00+05:30
far_538acd50,flt_7ec5f66e,economy,standard,1567.55,250.81,INR,15,7,0,,0,121,active,2026-08-18T10:00:00+05:30
far_37850042,flt_7ec5f66e,business,saver,4276.28,684.21,INR,30,7,0,513.15,0,10,active,2026-08-18T10:00:00+05:30
far_a7727a17,flt_7ec5f66e,business,standard,4859.41,777.51,INR,30,7,0,583.13,0,24,active,2026-08-18T10:00:00+05:30
far_396c9f57,flt_6abae3b3,economy,corporate,2567.71,410.83,INR,15,7,1,308.12,0,115,active,2026-08-18T10:00:00+05:30
far_b2f91bb3,flt_d9b88094,economy,corporate,28639.74,4582.36,INR,15,7,1,,0,60,active,2026-08-18T10:00:00+05:30
far_a7e1dcfa,flt_d9b88094,economy,saver,22911.79,3665.89,INR,15,7,0,,0,151,active,2026-08-18T10:00:00+05:30
far_3fffc8d5,flt_d9b88094,business,corporate,88783.20,14205.31,INR,30,7,1,10653.98,0,10,active,2026-08-18T10:00:00+05:30
far_76a808bb,flt_d9b88094,business,promo,62955.36,10072.86,INR,30,7,0,,0,15,active,2026-08-18T10:00:00+05:30
far_37d906ea,flt_fb87a860,economy,corporate,4818.36,770.94,INR,15,7,1,578.20,0,81,active,2026-08-18T10:00:00+05:30
far_2604afe3,flt_fb87a860,economy,flex,5344.00,855.04,INR,15,7,1,641.28,1,104,active,2026-08-18T10:00:00+05:30
far_9498bc37,flt_fb87a860,business,flex,16566.39,2650.62,INR,30,7,1,,1,38,active,2026-08-18T10:00:00+05:30
far_70584236,flt_fb87a860,business,corporate,14936.91,2389.91,INR,30,7,1,1792.43,0,36,active,2026-08-18T10:00:00+05:30
far_5ceae263,flt_21eaa406,economy,flex,4965.11,794.42,INR,15,7,1,,1,158,active,2026-08-18T10:00:00+05:30
far_02e5b6ed,flt_60d417d5,economy,flex,18818.55,3010.97,INR,15,7,1,2258.23,1,27,active,2026-08-18T10:00:00+05:30
far_7e3fd3d6,flt_60d417d5,economy,corporate,16967.55,2714.81,INR,15,7,1,2036.11,0,47,active,2026-08-18T10:00:00+05:30
far_309dfd4d,flt_60d417d5,business,corporate,52599.39,8415.90,INR,30,7,1,6311.93,0,39,active,2026-08-18T10:00:00+05:30
far_7f129085,flt_60d417d5,business,standard,47817.63,7650.82,INR,30,7,0,5738.12,0,26,active,2026-08-18T10:00:00+05:30
far_8a642545,flt_674defaa,economy,saver,22063.25,3530.12,INR,15,7,0,2647.59,0,130,active,2026-08-18T10:00:00+05:30
far_9099bfc2,flt_674defaa,economy,flex,30587.69,4894.03,INR,15,7,1,3670.52,1,61,active,2026-08-18T10:00:00+05:30
far_523908bf,flt_674defaa,business,corporate,85495.11,13679.22,INR,30,7,1,10259.41,0,12,active,2026-08-18T10:00:00+05:30
far_70fcf690,flt_674defaa,business,promo,60623.80,9699.81,INR,30,7,0,,0,12,active,2026-08-18T10:00:00+05:30
far_0bb2b1d2,flt_b4c8a282,economy,standard,273.30,43.73,SGD,15,7,0,32.80,0,84,active,2026-08-18T10:00:00+05:30
far_ca88a769,flt_b4c8a282,economy,flex,333.43,53.35,SGD,15,7,1,,1,159,active,2026-08-18T10:00:00+05:30
far_c5926c24,flt_b4c8a282,business,saver,745.57,119.29,SGD,30,7,0,89.47,0,27,active,2026-08-18T10:00:00+05:30
far_018c1276,flt_b4c8a282,business,corporate,931.96,149.11,SGD,30,7,1,,0,38,active,2026-08-18T10:00:00+05:30
far_7db2e8cd,flt_95068a0c,economy,standard,4096244.52,655399.12,IDR,15,7,0,491549.34,0,50,active,2026-08-18T10:00:00+05:30
far_cff939eb,flt_95068a0c,economy,corporate,4505868.97,720939.04,IDR,15,7,1,,0,88,active,2026-08-18T10:00:00+05:30
far_17192cf6,flt_95068a0c,business,saver,11174555.04,1787928.81,IDR,30,7,0,,0,6,active,2026-08-18T10:00:00+05:30
far_9d3c667d,flt_95068a0c,business,flex,15491996.77,2478719.48,IDR,30,7,1,1859039.61,1,34,active,2026-08-18T10:00:00+05:30
far_5d48daed,flt_410d408b,economy,promo,2374.58,379.93,INR,15,7,0,284.95,0,62,active,2026-08-18T10:00:00+05:30
far_b83af3eb,flt_410d408b,economy,saver,2679.01,428.64,INR,15,7,0,,0,34,active,2026-08-18T10:00:00+05:30
far_2787e9ff,flt_410d408b,business,corporate,10381.16,1660.99,INR,30,7,1,1245.74,0,24,active,2026-08-18T10:00:00+05:30
far_ad049510,flt_410d408b,business,promo,7361.19,1177.79,INR,30,7,0,,0,26,active,2026-08-18T10:00:00+05:30
far_502ee69d,flt_e40448e2,economy,corporate,16532.83,2645.25,INR,15,7,1,1983.94,0,160,active,2026-08-18T10:00:00+05:30
far_922397d6,flt_ba4fd63d,economy,corporate,9542.18,1526.75,INR,15,7,1,1145.06,0,64,active,2026-08-18T10:00:00+05:30
far_1e7e4cad,flt_ba4fd63d,economy,saver,7633.75,1221.40,INR,15,7,0,916.05,0,49,active,2026-08-18T10:00:00+05:30
far_f0b9690b,flt_ba4fd63d,business,corporate,29580.77,4732.92,INR,30,7,1,,0,8,active,2026-08-18T10:00:00+05:30
far_ce2e9009,flt_ba4fd63d,business,promo,20975.46,3356.07,INR,30,7,0,2517.05,0,30,active,2026-08-18T10:00:00+05:30
far_81c7ac3c,flt_c089936e,economy,promo,3079.23,492.68,INR,15,7,0,,0,143,active,2026-08-18T10:00:00+05:30
far_6900fe9b,flt_c7e22580,economy,promo,10261.52,1641.84,INR,15,7,0,1231.38,0,116,active,2026-08-18T10:00:00+05:30
far_4c9de5a9,flt_c7e22580,economy,corporate,14471.38,2315.42,INR,15,7,1,1736.57,0,90,active,2026-08-18T10:00:00+05:30
far_cd113cd3,flt_c7e22580,business,promo,31810.71,5089.71,INR,30,7,0,,0,6,active,2026-08-18T10:00:00+05:30
far_2b9a1a87,flt_c7e22580,business,corporate,44861.26,7177.80,INR,30,7,1,5383.35,0,29,active,2026-08-18T10:00:00+05:30
far_79f166f6,flt_8499662b,economy,saver,4679.82,748.77,INR,15,7,0,,0,96,active,2026-08-18T10:00:00+05:30
far_9057b3df,flt_9191968e,economy,saver,4922.08,787.53,THB,15,7,0,590.65,0,88,active,2026-08-18T10:00:00+05:30
far_10962f2d,flt_9191968e,economy,standard,5593.28,894.92,THB,15,7,0,,0,67,active,2026-08-18T10:00:00+05:30
far_921f22ce,flt_9191968e,business,promo,13524.54,2163.93,THB,30,7,0,1622.95,0,39,active,2026-08-18T10:00:00+05:30
far_ccdff942,flt_9191968e,business,standard,17339.16,2774.27,THB,30,7,0,2080.70,0,18,active,2026-08-18T10:00:00+05:30
far_11d536b9,flt_158a77d2,economy,promo,6090.09,974.41,INR,15,7,0,730.81,0,60,active,2026-08-18T10:00:00+05:30
far_2b5b6379,flt_bb17ac9a,economy,standard,7926.49,1268.24,INR,15,7,0,,0,86,active,2026-08-18T10:00:00+05:30
far_7c396735,flt_bb17ac9a,economy,promo,6182.66,989.23,INR,15,7,0,741.92,0,107,active,2026-08-18T10:00:00+05:30
far_b413710d,flt_bb17ac9a,business,saver,21623.45,3459.75,INR,30,7,0,,0,26,active,2026-08-18T10:00:00+05:30
far_f7ff6f26,flt_bb17ac9a,business,standard,24572.11,3931.54,INR,30,7,0,2948.65,0,32,active,2026-08-18T10:00:00+05:30
far_3618a88c,flt_d0c92049,economy,promo,13052.06,2088.33,INR,15,7,0,1566.25,0,104,active,2026-08-18T10:00:00+05:30
far_43141177,flt_d0c92049,economy,standard,16733.41,2677.35,INR,15,7,0,2008.01,0,98,active,2026-08-18T10:00:00+05:30
far_4f8881a7,flt_d0c92049,business,saver,45648.74,7303.80,INR,30,7,0,,0,23,active,2026-08-18T10:00:00+05:30
far_0e3cd087,flt_d0c92049,business,promo,40461.39,6473.82,INR,30,7,0,,0,17,active,2026-08-18T10:00:00+05:30
far_fb26a0c5,flt_5930108d,economy,corporate,7500.35,1200.06,INR,15,7,1,,0,32,active,2026-08-18T10:00:00+05:30
far_f97c70a7,flt_5930108d,economy,flex,8318.57,1330.97,INR,15,7,1,998.23,1,147,active,2026-08-18T10:00:00+05:30
far_94386a24,flt_5930108d,business,promo,16487.14,2637.94,INR,30,7,0,,0,7,active,2026-08-18T10:00:00+05:30
far_c39cffa0,flt_5930108d,business,flex,25787.57,4126.01,INR,30,7,1,,1,15,active,2026-08-18T10:00:00+05:30
far_635890f3,flt_75072d6f,economy,promo,300.95,48.15,AED,15,7,0,36.11,0,168,active,2026-08-18T10:00:00+05:30
far_22eaa81e,flt_75072d6f,economy,flex,470.72,75.31,AED,15,7,1,,1,107,active,2026-08-18T10:00:00+05:30
far_ae4f5402,flt_75072d6f,business,promo,932.94,149.27,AED,30,7,0,,0,35,active,2026-08-18T10:00:00+05:30
far_3ed2e77b,flt_75072d6f,business,corporate,1315.69,210.51,AED,30,7,1,,0,16,active,2026-08-18T10:00:00+05:30
far_56694e87,flt_a06ad67a,economy,promo,8401.77,1344.28,INR,15,7,0,1008.21,0,51,active,2026-08-18T10:00:00+05:30
far_9df77ad3,flt_f7604113,economy,corporate,7879.00,1260.64,INR,15,7,1,,0,144,active,2026-08-18T10:00:00+05:30
far_6fbbfe88,flt_f7604113,economy,flex,8738.53,1398.16,INR,15,7,1,1048.62,1,169,active,2026-08-18T10:00:00+05:30
far_ba360c3f,flt_f7604113,business,promo,17319.47,2771.12,INR,30,7,0,2078.34,0,29,active,2026-08-18T10:00:00+05:30
far_b01e07a9,flt_f7604113,business,flex,27089.43,4334.31,INR,30,7,1,3250.73,1,16,active,2026-08-18T10:00:00+05:30
far_be5e5647,flt_c4495731,economy,flex,9401.68,1504.27,INR,15,7,1,,1,93,active,2026-08-18T10:00:00+05:30
far_1129fb43,flt_a9562191,economy,flex,10433.16,1669.31,INR,15,7,1,,1,89,active,2026-08-18T10:00:00+05:30
far_23023f23,flt_a9562191,economy,standard,8551.77,1368.28,INR,15,7,0,1026.21,0,127,active,2026-08-18T10:00:00+05:30
far_4bbd6f3a,flt_a9562191,business,promo,20678.19,3308.51,INR,30,7,0,2481.38,0,36,active,2026-08-18T10:00:00+05:30
far_8dad910d,flt_a9562191,business,standard,26510.50,4241.68,INR,30,7,0,3181.26,0,25,active,2026-08-18T10:00:00+05:30
far_fd1adc60,flt_2d3711bd,economy,standard,1080.56,172.89,MYR,15,7,0,129.67,0,27,active,2026-08-18T10:00:00+05:30
far_d7e42302,flt_2d3711bd,economy,promo,842.84,134.85,MYR,15,7,0,101.14,0,117,active,2026-08-18T10:00:00+05:30
far_2b8b386a,flt_2d3711bd,business,flex,4086.69,653.87,MYR,30,7,1,490.40,1,8,active,2026-08-18T10:00:00+05:30
far_147af10e,flt_2d3711bd,business,promo,2612.80,418.05,MYR,30,7,0,,0,30,active,2026-08-18T10:00:00+05:30
far_34dcee4a,flt_31161ed4,economy,standard,3236.49,517.84,INR,15,7,0,388.38,0,57,active,2026-08-18T10:00:00+05:30
far_a9dfcefc,flt_985cab86,economy,flex,254.74,40.76,SGD,15,7,1,30.57,1,155,active,2026-08-18T10:00:00+05:30
far_b5d66576,flt_68d6cec8,economy,saver,5370.35,859.26,INR,15,7,0,644.44,0,118,active,2026-08-18T10:00:00+05:30
far_a0746a3c,flt_68d6cec8,economy,flex,7445.26,1191.24,INR,15,7,1,893.43,1,99,active,2026-08-18T10:00:00+05:30
far_16df76cd,flt_68d6cec8,business,promo,14756.27,2361.00,INR,30,7,0,,0,9,active,2026-08-18T10:00:00+05:30
far_bddf3c4a,flt_68d6cec8,business,corporate,20810.12,3329.62,INR,30,7,1,2497.21,0,34,active,2026-08-18T10:00:00+05:30
far_f2316fa3,flt_86c57349,economy,promo,3306.66,529.07,INR,15,7,0,396.80,0,24,active,2026-08-18T10:00:00+05:30
far_d2146c27,flt_a3c9d616,economy,saver,4963.52,794.16,INR,15,7,0,595.62,0,133,active,2026-08-18T10:00:00+05:30
far_9e1b9b71,flt_a3c9d616,economy,corporate,6204.40,992.70,INR,15,7,1,744.53,0,159,active,2026-08-18T10:00:00+05:30
far_7e50fe4c,flt_a3c9d616,business,flex,21331.86,3413.10,INR,30,7,1,,1,36,active,2026-08-18T10:00:00+05:30
far_935f84f6,flt_a3c9d616,business,standard,17485.13,2797.62,INR,30,7,0,2098.22,0,32,active,2026-08-18T10:00:00+05:30
far_a0e5be04,flt_9499888b,economy,flex,9190.34,1470.45,INR,15,7,1,1102.84,1,52,active,2026-08-18T10:00:00+05:30
far_5b75f8f0,flt_9499888b,economy,promo,5875.79,940.13,INR,15,7,0,705.10,0,24,active,2026-08-18T10:00:00+05:30
far_894e9087,flt_9499888b,business,promo,18214.96,2914.39,INR,30,7,0,2185.80,0,26,active,2026-08-18T10:00:00+05:30
far_49a54c00,flt_9499888b,business,flex,28490.06,4558.41,INR,30,7,1,3418.81,1,30,active,2026-08-18T10:00:00+05:30
far_9d0c546e,flt_b3794e62,economy,promo,3210.76,513.72,INR,15,7,0,385.29,0,93,active,2026-08-18T10:00:00+05:30
far_e213b226,flt_f0c4f4a2,economy,corporate,28438.41,4550.15,INR,15,7,1,3412.61,0,64,active,2026-08-18T10:00:00+05:30
far_98148d66,flt_f0c4f4a2,economy,promo,20165.42,3226.47,INR,15,7,0,2419.85,0,168,active,2026-08-18T10:00:00+05:30
far_6470dce3,flt_f0c4f4a2,business,corporate,88159.07,14105.45,INR,30,7,1,10579.09,0,8,active,2026-08-18T10:00:00+05:30
far_8edf4691,flt_f0c4f4a2,business,saver,70527.25,11284.36,INR,30,7,0,,0,18,active,2026-08-18T10:00:00+05:30
far_da526112,flt_f731ac4e,economy,promo,482.90,77.26,MYR,15,7,0,57.95,0,117,active,2026-08-18T10:00:00+05:30
far_02e6cc64,flt_f731ac4e,economy,corporate,681.02,108.96,MYR,15,7,1,,0,135,active,2026-08-18T10:00:00+05:30
far_6aabbb22,flt_f731ac4e,business,flex,2341.47,374.63,MYR,30,7,1,280.98,1,8,active,2026-08-18T10:00:00+05:30
far_a67fb29a,flt_f731ac4e,business,saver,1688.93,270.23,MYR,30,7,0,,0,27,active,2026-08-18T10:00:00+05:30
far_ce6e61ec,flt_3fd7bb8f,economy,standard,10697.24,1711.56,INR,15,7,0,1283.67,0,146,active,2026-08-18T10:00:00+05:30
far_581e45fb,flt_3fd7bb8f,economy,flex,13050.63,2088.10,INR,15,7,1,1566.08,1,50,active,2026-08-18T10:00:00+05:30
far_49666f02,flt_3fd7bb8f,business,saver,29182.07,4669.13,INR,30,7,0,,0,11,active,2026-08-18T10:00:00+05:30
far_6a107688,flt_3fd7bb8f,business,corporate,36477.59,5836.41,INR,30,7,1,4377.31,0,28,active,2026-08-18T10:00:00+05:30
far_dacc3f57,flt_812087b0,economy,promo,5508.70,881.39,INR,15,7,0,661.04,0,99,active,2026-08-18T10:00:00+05:30
far_9bd69e18,flt_812087b0,economy,corporate,7768.68,1242.99,INR,15,7,1,,0,25,active,2026-08-18T10:00:00+05:30
far_bc9f82db,flt_812087b0,business,saver,19266.33,3082.61,INR,30,7,0,,0,32,active,2026-08-18T10:00:00+05:30
far_be1c83e3,flt_812087b0,business,standard,21893.56,3502.97,INR,30,7,0,,0,9,active,2026-08-18T10:00:00+05:30
far_de2b0ad7,flt_e46b2d69,economy,standard,7204.96,1152.79,INR,15,7,0,,0,107,active,2026-08-18T10:00:00+05:30
far_960b41a3,flt_e46b2d69,economy,promo,5619.87,899.18,INR,15,7,0,,0,132,active,2026-08-18T10:00:00+05:30
far_fbee9cb9,flt_e46b2d69,business,flex,27249.16,4359.87,INR,30,7,1,,1,13,active,2026-08-18T10:00:00+05:30
far_5fae9208,flt_e46b2d69,business,saver,19655.13,3144.82,INR,30,7,0,,0,23,active,2026-08-18T10:00:00+05:30
far_79e6615a,flt_0294f780,economy,corporate,5512.11,881.94,THB,15,7,1,,0,49,active,2026-08-18T10:00:00+05:30
far_0cec787c,flt_0294f780,economy,saver,4409.69,705.55,THB,15,7,0,,0,71,active,2026-08-18T10:00:00+05:30
far_246d6e93,flt_0294f780,business,saver,13670.02,2187.20,THB,30,7,0,1640.40,0,4,active,2026-08-18T10:00:00+05:30
far_fbc3475d,flt_0294f780,business,standard,15534.12,2485.46,THB,30,7,0,,0,28,active,2026-08-18T10:00:00+05:30
far_78946d8c,flt_4c62709f,economy,flex,3117.36,498.78,INR,15,7,1,,1,136,active,2026-08-18T10:00:00+05:30
far_65568ad9,flt_4c62709f,economy,standard,2555.21,408.83,INR,15,7,0,,0,162,active,2026-08-18T10:00:00+05:30
far_16b82a2a,flt_4c62709f,business,standard,7921.17,1267.39,INR,30,7,0,,0,26,active,2026-08-18T10:00:00+05:30
far_d1c722b5,flt_4c62709f,business,promo,6178.51,988.56,INR,30,7,0,,0,37,active,2026-08-18T10:00:00+05:30
far_2c859bb8,flt_b15dfe9f,economy,promo,104.11,16.66,SGD,15,7,0,12.49,0,41,active,2026-08-18T10:00:00+05:30
far_23cc0474,flt_b15dfe9f,economy,flex,162.84,26.05,SGD,15,7,1,,1,78,active,2026-08-18T10:00:00+05:30
far_f8a96443,flt_b15dfe9f,business,standard,413.76,66.20,SGD,30,7,0,49.65,0,32,active,2026-08-18T10:00:00+05:30
far_cc855ccc,flt_b15dfe9f,business,promo,322.73,51.64,SGD,30,7,0,,0,24,active,2026-08-18T10:00:00+05:30
far_27778630,flt_7ff2f143,economy,corporate,4339.16,694.27,INR,15,7,1,520.70,0,42,active,2026-08-18T10:00:00+05:30
far_e6a27a64,flt_2b2376f2,economy,promo,3910.82,625.73,INR,15,7,0,469.30,0,111,active,2026-08-18T10:00:00+05:30
far_b38cb5d6,flt_2b2376f2,economy,flex,6116.92,978.71,INR,15,7,1,,1,20,active,2026-08-18T10:00:00+05:30
far_a2c333aa,flt_2b2376f2,business,saver,13677.83,2188.45,INR,30,7,0,,0,26,active,2026-08-18T10:00:00+05:30
far_2325a2ab,flt_2b2376f2,business,standard,15542.98,2486.88,INR,30,7,0,1865.16,0,17,active,2026-08-18T10:00:00+05:30
far_c27aeeda,flt_fb7b0779,economy,saver,4796.47,767.43,INR,15,7,0,575.58,0,86,active,2026-08-18T10:00:00+05:30
far_5dc916ac,flt_fb7b0779,economy,corporate,5995.58,959.29,INR,15,7,1,719.47,0,69,active,2026-08-18T10:00:00+05:30
far_e8ef8c5d,flt_fb7b0779,business,standard,16896.64,2703.46,INR,30,7,0,,0,11,active,2026-08-18T10:00:00+05:30
far_8893645a,flt_fb7b0779,business,corporate,18586.30,2973.81,INR,30,7,1,2230.36,0,32,active,2026-08-18T10:00:00+05:30
far_bd790a22,flt_7383d501,economy,flex,15931.52,2549.04,INR,15,7,1,,1,129,active,2026-08-18T10:00:00+05:30
far_2e3c8a58,flt_7383d501,economy,corporate,14364.48,2298.32,INR,15,7,1,,0,65,active,2026-08-18T10:00:00+05:30
far_db00aabf,flt_7383d501,business,saver,35623.92,5699.83,INR,30,7,0,4274.87,0,23,active,2026-08-18T10:00:00+05:30
far_30994bdf,flt_7383d501,business,promo,31575.74,5052.12,INR,30,7,0,3789.09,0,22,active,2026-08-18T10:00:00+05:30
far_199b2c13,flt_d61a8e60,economy,flex,5916.03,946.56,THB,15,7,1,,1,153,active,2026-08-18T10:00:00+05:30
far_685eff0e,flt_d61a8e60,economy,standard,4849.20,775.87,THB,15,7,0,581.90,0,73,active,2026-08-18T10:00:00+05:30
far_835ecc8f,flt_d61a8e60,business,flex,18339.68,2934.35,THB,30,7,1,,1,24,active,2026-08-18T10:00:00+05:30
far_e0d6e24e,flt_d61a8e60,business,corporate,16535.78,2645.72,THB,30,7,1,,0,26,active,2026-08-18T10:00:00+05:30
far_a7c92b12,flt_d56e043f,economy,standard,7337.68,1174.03,INR,15,7,0,,0,80,active,2026-08-18T10:00:00+05:30
far_a665104a,flt_8bcd4d1d,economy,flex,8269.62,1323.14,INR,15,7,1,992.35,1,29,active,2026-08-18T10:00:00+05:30
far_0fafa049,flt_8bcd4d1d,economy,saver,5964.97,954.39,INR,15,7,0,715.80,0,152,active,2026-08-18T10:00:00+05:30
far_b7433643,flt_8bcd4d1d,business,standard,21012.96,3362.07,INR,30,7,0,2521.55,0,4,active,2026-08-18T10:00:00+05:30
far_e3e6ace9,flt_8bcd4d1d,business,promo,16390.11,2622.42,INR,30,7,0,,0,5,active,2026-08-18T10:00:00+05:30
far_2ebd6a01,flt_d4e363c8,economy,flex,8348.76,1335.80,INR,15,7,1,1001.85,1,33,active,2026-08-18T10:00:00+05:30
far_8e95714b,flt_d4e363c8,economy,standard,6843.25,1094.92,INR,15,7,0,,0,42,active,2026-08-18T10:00:00+05:30
far_a01878f6,flt_d4e363c8,business,corporate,23335.47,3733.68,INR,30,7,1,,0,30,active,2026-08-18T10:00:00+05:30
far_a76de4da,flt_d4e363c8,business,promo,16546.97,2647.52,INR,30,7,0,,0,39,active,2026-08-18T10:00:00+05:30
far_c5f96349,flt_dd82287f,economy,flex,29307.97,4689.28,INR,15,7,1,3516.96,1,81,active,2026-08-18T10:00:00+05:30
far_09583f15,flt_dd82287f,economy,standard,24022.93,3843.67,INR,15,7,0,2882.75,0,108,active,2026-08-18T10:00:00+05:30
far_361a1422,flt_dd82287f,business,saver,65534.54,10485.53,INR,30,7,0,7864.14,0,16,active,2026-08-18T10:00:00+05:30
far_be7e387e,flt_dd82287f,business,corporate,81918.18,13106.91,INR,30,7,1,9830.18,0,4,active,2026-08-18T10:00:00+05:30
far_53766cf5,flt_c60e6a2e,economy,standard,5795.32,927.25,INR,15,7,0,,0,40,active,2026-08-18T10:00:00+05:30
far_78ed7640,flt_c60e6a2e,economy,corporate,6374.85,1019.98,INR,15,7,1,764.98,0,53,active,2026-08-18T10:00:00+05:30
far_b7e34445,flt_c60e6a2e,business,flex,21917.88,3506.86,INR,30,7,1,2630.15,1,27,active,2026-08-18T10:00:00+05:30
far_f2861820,flt_c60e6a2e,business,saver,15809.62,2529.54,INR,30,7,0,1897.15,0,36,active,2026-08-18T10:00:00+05:30
far_9f1efb3d,flt_58ad1ed4,economy,flex,5709412.79,913506.05,IDR,15,7,1,685129.54,1,131,active,2026-08-18T10:00:00+05:30
far_8d431c6c,flt_58ad1ed4,economy,standard,4679846.55,748775.45,IDR,15,7,0,561581.59,0,118,active,2026-08-18T10:00:00+05:30
far_cc86ac82,flt_58ad1ed4,business,promo,11315868.96,1810539.03,IDR,30,7,0,1357904.28,0,31,active,2026-08-18T10:00:00+05:30
far_9c303be6,flt_58ad1ed4,business,standard,14507524.31,2321203.89,IDR,30,7,0,1740902.92,0,22,active,2026-08-18T10:00:00+05:30
far_1541162b,flt_3e7652e9,economy,promo,6988.54,1118.17,INR,15,7,0,838.63,0,116,active,2026-08-18T10:00:00+05:30
far_74ba1c4c,flt_3e7652e9,economy,corporate,9855.64,1576.90,INR,15,7,1,,0,135,active,2026-08-18T10:00:00+05:30
far_f87da870,flt_3e7652e9,business,corporate,30552.47,4888.40,INR,30,7,1,3666.30,0,11,active,2026-08-18T10:00:00+05:30
far_b7f035a5,flt_3e7652e9,business,standard,27774.98,4444.00,INR,30,7,0,3333.00,0,17,active,2026-08-18T10:00:00+05:30
far_d5d8ef65,flt_7ad03ad4,economy,flex,4491.24,718.60,INR,15,7,1,538.95,1,168,active,2026-08-18T10:00:00+05:30
far_0540aef0,flt_7ad03ad4,economy,promo,2871.45,459.43,INR,15,7,0,344.57,0,167,active,2026-08-18T10:00:00+05:30
far_b837a057,flt_7ad03ad4,business,saver,10042.70,1606.83,INR,30,7,0,1205.12,0,16,active,2026-08-18T10:00:00+05:30
far_039af8df,flt_7ad03ad4,business,flex,13922.84,2227.65,INR,30,7,1,1670.74,1,14,active,2026-08-18T10:00:00+05:30
far_f4110e58,flt_4a1c349d,economy,saver,3216.03,514.56,INR,15,7,0,385.92,0,92,active,2026-08-18T10:00:00+05:30
far_80e19fbb,flt_d8d5b840,economy,flex,4655.98,744.96,INR,15,7,1,558.72,1,91,active,2026-08-18T10:00:00+05:30
far_76eda5c3,flt_d8d5b840,economy,corporate,4198.01,671.68,INR,15,7,1,503.76,0,85,active,2026-08-18T10:00:00+05:30
far_4a1ab282,flt_d8d5b840,business,promo,9227.99,1476.48,INR,30,7,0,1107.36,0,19,active,2026-08-18T10:00:00+05:30
far_4c26674b,flt_d8d5b840,business,standard,11830.76,1892.92,INR,30,7,0,,0,16,active,2026-08-18T10:00:00+05:30
far_d19d87e5,flt_a44fb26b,economy,corporate,329.60,52.74,SGD,15,7,1,39.55,0,131,active,2026-08-18T10:00:00+05:30
far_b7b6775d,flt_a44fb26b,economy,saver,263.68,42.19,SGD,15,7,0,,0,91,active,2026-08-18T10:00:00+05:30
far_a798a528,flt_a44fb26b,business,corporate,1021.76,163.48,SGD,30,7,1,122.61,0,25,active,2026-08-18T10:00:00+05:30
far_2be6d78d,flt_a44fb26b,business,promo,724.52,115.92,SGD,30,7,0,,0,23,active,2026-08-18T10:00:00+05:30
far_1959a6dd,flt_98617e54,economy,corporate,1094.11,175.06,AED,15,7,1,131.29,0,45,active,2026-08-18T10:00:00+05:30
far_a737c147,flt_98617e54,economy,saver,875.29,140.05,AED,15,7,0,,0,127,active,2026-08-18T10:00:00+05:30
far_ad38362c,flt_98617e54,business,saver,2713.39,434.14,AED,30,7,0,325.61,0,30,active,2026-08-18T10:00:00+05:30
far_090a20e6,flt_98617e54,business,flex,3761.75,601.88,AED,30,7,1,451.41,1,8,active,2026-08-18T10:00:00+05:30
far_8b05b4ea,flt_553f9ca5,economy,flex,13312.36,2129.98,INR,15,7,1,1597.48,1,114,active,2026-08-18T10:00:00+05:30
far_be2a3221,flt_553f9ca5,economy,standard,10911.77,1745.88,INR,15,7,0,1309.41,0,130,active,2026-08-18T10:00:00+05:30
far_624bbe9c,flt_553f9ca5,business,corporate,37209.14,5953.46,INR,30,7,1,4465.10,0,11,active,2026-08-18T10:00:00+05:30
far_5abaadc5,flt_553f9ca5,business,saver,29767.31,4762.77,INR,30,7,0,3572.08,0,15,active,2026-08-18T10:00:00+05:30
far_f99f5453,flt_7146c067,economy,saver,21474.13,3435.86,INR,15,7,0,2576.90,0,33,active,2026-08-18T10:00:00+05:30
far_1917dcee,flt_7146c067,economy,promo,19033.89,3045.42,INR,15,7,0,,0,42,active,2026-08-18T10:00:00+05:30
far_11900a87,flt_7146c067,business,saver,66569.82,10651.17,INR,30,7,0,7988.38,0,15,active,2026-08-18T10:00:00+05:30
far_38dfe218,flt_7146c067,business,standard,75647.52,12103.60,INR,30,7,0,,0,35,active,2026-08-18T10:00:00+05:30
far_701993d3,flt_49133302,economy,corporate,3472.22,555.56,INR,15,7,1,416.67,0,97,active,2026-08-18T10:00:00+05:30
far_50e26c3d,flt_ca66f83e,economy,promo,178.25,28.52,SGD,15,7,0,,0,99,active,2026-08-18T10:00:00+05:30
far_9841890f,flt_ca66f83e,economy,corporate,251.37,40.22,SGD,15,7,1,30.16,0,135,active,2026-08-18T10:00:00+05:30
far_ad6e42f3,flt_ca66f83e,business,standard,708.42,113.35,SGD,30,7,0,,0,20,active,2026-08-18T10:00:00+05:30
far_b1f6728f,flt_ca66f83e,business,flex,864.27,138.28,SGD,30,7,1,103.71,1,22,active,2026-08-18T10:00:00+05:30
far_c06bc38f,flt_bb0c8162,economy,promo,3773.63,603.78,THB,15,7,0,452.84,0,60,active,2026-08-18T10:00:00+05:30
far_45cd8912,flt_bb0c8162,economy,flex,5902.35,944.38,THB,15,7,1,708.28,1,59,active,2026-08-18T10:00:00+05:30
far_a56d7892,flt_bb0c8162,business,flex,18297.28,2927.56,THB,30,7,1,2195.67,1,26,active,2026-08-18T10:00:00+05:30
far_11233ec3,flt_bb0c8162,business,corporate,16497.55,2639.61,THB,30,7,1,1979.71,0,10,active,2026-08-18T10:00:00+05:30
far_5c1f1e7b,flt_a1aa091a,economy,promo,5854.44,936.71,INR,15,7,0,702.53,0,154,active,2026-08-18T10:00:00+05:30
far_3e2d5cda,flt_a1aa091a,economy,saver,6605.01,1056.80,INR,15,7,0,792.60,0,142,active,2026-08-18T10:00:00+05:30
far_7789a4ff,flt_a1aa091a,business,flex,28386.52,4541.84,INR,30,7,1,3406.38,1,13,active,2026-08-18T10:00:00+05:30
far_6f5d319e,flt_a1aa091a,business,corporate,25594.40,4095.10,INR,30,7,1,3071.33,0,14,active,2026-08-18T10:00:00+05:30
far_8e2aa9dd,flt_bfae8c8d,economy,standard,9973.87,1595.82,INR,15,7,0,1196.86,0,80,active,2026-08-18T10:00:00+05:30
far_b9434409,flt_bfae8c8d,economy,promo,7779.62,1244.74,INR,15,7,0,933.55,0,125,active,2026-08-18T10:00:00+05:30
far_e92076ce,flt_bfae8c8d,business,promo,24116.83,3858.69,INR,30,7,0,2894.02,0,15,active,2026-08-18T10:00:00+05:30
far_cc8be53d,flt_bfae8c8d,business,corporate,34010.91,5441.75,INR,30,7,1,4081.31,0,5,active,2026-08-18T10:00:00+05:30
far_086d5410,flt_a7df3293,economy,flex,5962.27,953.96,INR,15,7,1,,1,99,active,2026-08-18T10:00:00+05:30
far_c81b539c,flt_a7df3293,economy,standard,4887.11,781.94,INR,15,7,0,586.45,0,119,active,2026-08-18T10:00:00+05:30
far_b1d05243,flt_a7df3293,business,standard,15150.04,2424.01,INR,30,7,0,1818.00,0,4,active,2026-08-18T10:00:00+05:30
far_32d34136,flt_a7df3293,business,flex,18483.04,2957.29,INR,30,7,1,2217.97,1,37,active,2026-08-18T10:00:00+05:30
far_27e94104,flt_ac3a5f17,economy,promo,4259.04,681.45,THB,15,7,0,511.09,0,31,active,2026-08-18T10:00:00+05:30
far_6cfffb26,flt_ac3a5f17,economy,flex,6661.58,1065.85,THB,15,7,1,799.39,1,103,active,2026-08-18T10:00:00+05:30
far_8264fe7d,flt_ac3a5f17,business,standard,16926.96,2708.31,THB,30,7,0,,0,12,active,2026-08-18T10:00:00+05:30
far_01a40c0f,flt_ac3a5f17,business,corporate,18619.66,2979.15,THB,30,7,1,,0,24,active,2026-08-18T10:00:00+05:30
far_eec05df7,flt_1d41b0ad,economy,promo,268.37,42.94,SGD,15,7,0,,0,80,active,2026-08-18T10:00:00+05:30
far_a672f85a,flt_1d41b0ad,economy,corporate,378.47,60.56,SGD,15,7,1,45.42,0,106,active,2026-08-18T10:00:00+05:30
far_dcb45a38,flt_1d41b0ad,business,flex,1301.26,208.20,SGD,30,7,1,,1,15,active,2026-08-18T10:00:00+05:30
far_290e2d46,flt_1d41b0ad,business,corporate,1173.26,187.72,SGD,30,7,1,140.79,0,35,active,2026-08-18T10:00:00+05:30
far_e81b1878,flt_fda5ec46,economy,saver,2942.82,470.85,INR,15,7,0,353.14,0,47,active,2026-08-18T10:00:00+05:30
far_92004c15,flt_fda5ec46,economy,standard,3344.11,535.06,INR,15,7,0,,0,22,active,2026-08-18T10:00:00+05:30
far_4cdcff6d,flt_fda5ec46,business,saver,9122.74,1459.64,INR,30,7,0,1094.73,0,29,active,2026-08-18T10:00:00+05:30
far_4614d66b,flt_fda5ec46,business,standard,10366.75,1658.68,INR,30,7,0,1244.01,0,25,active,2026-08-18T10:00:00+05:30
far_c7e548b6,flt_c6719713,economy,promo,3493129.31,558900.69,IDR,15,7,0,,0,135,active,2026-08-18T10:00:00+05:30
far_584fcc0c,flt_c6719713,economy,corporate,4926208.00,788193.28,IDR,15,7,1,591144.96,0,84,active,2026-08-18T10:00:00+05:30
far_9c546fb4,flt_c6719713,business,saver,12216995.83,1954719.33,IDR,30,7,0,,0,18,active,2026-08-18T10:00:00+05:30
far_c6332ec3,flt_c6719713,business,standard,13882949.81,2221271.97,IDR,30,7,0,,0,19,active,2026-08-18T10:00:00+05:30
far_226e30fa,flt_c15a50bb,economy,standard,4603.60,736.58,INR,15,7,0,,0,162,active,2026-08-18T10:00:00+05:30
far_12bef228,flt_c15a50bb,economy,flex,5616.39,898.62,INR,15,7,1,,1,134,active,2026-08-18T10:00:00+05:30
far_829fd0bd,flt_c15a50bb,business,flex,17410.81,2785.73,INR,30,7,1,2089.30,1,28,active,2026-08-18T10:00:00+05:30
far_beefe222,flt_c15a50bb,business,saver,12558.62,2009.38,INR,30,7,0,1507.03,0,14,active,2026-08-18T10:00:00+05:30
far_e097b12f,flt_af3257de,economy,saver,3397.23,543.56,INR,15,7,0,407.67,0,21,active,2026-08-18T10:00:00+05:30
far_229561e4,flt_af3257de,economy,promo,3011.18,481.79,INR,15,7,0,361.34,0,48,active,2026-08-18T10:00:00+05:30
far_1ff4659b,flt_af3257de,business,promo,9334.67,1493.55,INR,30,7,0,1120.16,0,23,active,2026-08-18T10:00:00+05:30
far_dbdd6901,flt_af3257de,business,standard,11967.52,1914.80,INR,30,7,0,,0,22,active,2026-08-18T10:00:00+05:30
far_14ff30ae,flt_48b9d594,economy,saver,3706.85,593.10,INR,15,7,0,,0,65,active,2026-08-18T10:00:00+05:30
far_761fbe42,flt_48b9d594,economy,standard,4212.33,673.97,INR,15,7,0,505.48,0,24,active,2026-08-18T10:00:00+05:30
far_8d2187fb,flt_48b9d594,business,corporate,14364.04,2298.25,INR,30,7,1,,0,32,active,2026-08-18T10:00:00+05:30
far_a0841937,flt_48b9d594,business,saver,11491.23,1838.60,INR,30,7,0,,0,14,active,2026-08-18T10:00:00+05:30
far_23ca4973,flt_24c05b41,economy,flex,667.55,106.81,AED,15,7,1,80.11,1,112,active,2026-08-18T10:00:00+05:30
far_34b1f3e3,flt_24c05b41,economy,corporate,601.89,96.30,AED,15,7,1,72.23,0,126,active,2026-08-18T10:00:00+05:30
far_473073ba,flt_24c05b41,business,corporate,1865.87,298.54,AED,30,7,1,223.90,0,38,active,2026-08-18T10:00:00+05:30
far_ede9c831,flt_24c05b41,business,saver,1492.69,238.83,AED,30,7,0,179.12,0,11,active,2026-08-18T10:00:00+05:30
far_8ec7a12a,flt_3b51bedf,economy,flex,4044.32,647.09,INR,15,7,1,485.32,1,167,active,2026-08-18T10:00:00+05:30
far_609dabe2,flt_3b51bedf,economy,promo,2585.71,413.71,INR,15,7,0,310.29,0,132,active,2026-08-18T10:00:00+05:30
far_6856d60c,flt_3b51bedf,business,promo,8015.71,1282.51,INR,30,7,0,961.88,0,5,active,2026-08-18T10:00:00+05:30
far_b350cf9f,flt_3b51bedf,business,saver,9043.36,1446.94,INR,30,7,0,,0,26,active,2026-08-18T10:00:00+05:30
far_c849a243,flt_6760b604,economy,standard,999.48,159.92,MYR,15,7,0,119.94,0,84,active,2026-08-18T10:00:00+05:30
far_46457864,flt_6760b604,economy,promo,779.59,124.74,MYR,15,7,0,93.55,0,25,active,2026-08-18T10:00:00+05:30
far_9905d484,flt_6760b604,business,corporate,3408.23,545.32,MYR,30,7,1,408.99,0,35,active,2026-08-18T10:00:00+05:30
far_d725eb6d,flt_6760b604,business,promo,2416.74,386.68,MYR,30,7,0,290.01,0,10,active,2026-08-18T10:00:00+05:30
far_d257826a,flt_b20e7a80,economy,saver,3372.17,539.55,INR,15,7,0,404.66,0,90,active,2026-08-18T10:00:00+05:30
far_abdd030f,flt_b20e7a80,economy,corporate,4215.21,674.43,INR,15,7,1,,0,28,active,2026-08-18T10:00:00+05:30
far_b3f8018c,flt_b20e7a80,business,standard,11879.23,1900.68,INR,30,7,0,,0,35,active,2026-08-18T10:00:00+05:30
far_21570a4c,flt_b20e7a80,business,flex,14492.66,2318.83,INR,30,7,1,,1,25,active,2026-08-18T10:00:00+05:30
far_079063c3,flt_8e110c18,economy,promo,5150.09,824.01,INR,15,7,0,618.01,0,111,active,2026-08-18T10:00:00+05:30
far_0e8ecafd,flt_8e110c18,economy,corporate,7262.95,1162.07,INR,15,7,1,871.55,0,96,active,2026-08-18T10:00:00+05:30
far_4fbf323f,flt_8e110c18,business,standard,20468.32,3274.93,INR,30,7,0,,0,35,active,2026-08-18T10:00:00+05:30
far_acfc124a,flt_8e110c18,business,corporate,22515.15,3602.42,INR,30,7,1,,0,28,active,2026-08-18T10:00:00+05:30
far_cc4c76e8,flt_2a93833d,economy,promo,16297.83,2607.65,INR,15,7,0,,0,120,active,2026-08-18T10:00:00+05:30
far_fcafc0e9,flt_2a93833d,economy,standard,20894.65,3343.14,INR,15,7,0,2507.36,0,155,active,2026-08-18T10:00:00+05:30
far_c7e8869f,flt_2a93833d,business,flex,79023.58,12643.77,INR,30,7,1,,1,27,active,2026-08-18T10:00:00+05:30
far_c16fa325,flt_2a93833d,business,standard,64773.43,10363.75,INR,30,7,0,7772.81,0,4,active,2026-08-18T10:00:00+05:30
far_55407775,flt_00325c58,economy,standard,3437610.06,550017.61,IDR,15,7,0,,0,102,active,2026-08-18T10:00:00+05:30
far_c33a7358,flt_00325c58,economy,flex,4193884.27,671021.48,IDR,15,7,1,503266.11,1,27,active,2026-08-18T10:00:00+05:30
far_63fd5408,flt_00325c58,business,saver,9377800.25,1500448.04,IDR,30,7,0,1125336.03,0,21,active,2026-08-18T10:00:00+05:30
far_09f9a92d,flt_00325c58,business,standard,10656591.19,1705054.59,IDR,30,7,0,,0,19,active,2026-08-18T10:00:00+05:30
far_02a18cf9,flt_21f8865a,economy,corporate,1151.82,184.29,MYR,15,7,1,,0,80,active,2026-08-18T10:00:00+05:30
far_40960cc3,flt_21f8865a,economy,flex,1277.47,204.39,MYR,15,7,1,,1,101,active,2026-08-18T10:00:00+05:30
far_01259bab,flt_21f8865a,business,corporate,3570.63,571.30,MYR,30,7,1,428.48,0,31,active,2026-08-18T10:00:00+05:30
far_6b8d0c64,flt_21f8865a,business,standard,3246.02,519.36,MYR,30,7,0,389.52,0,8,active,2026-08-18T10:00:00+05:30
far_4d6daea1,flt_dc7fedea,economy,flex,5556.07,888.97,THB,15,7,1,666.73,1,164,active,2026-08-18T10:00:00+05:30
far_a3b57eed,flt_dc7fedea,economy,standard,4554.16,728.67,THB,15,7,0,546.50,0,70,active,2026-08-18T10:00:00+05:30
far_497e0dcc,flt_dc7fedea,business,promo,11011.95,1761.91,THB,30,7,0,1321.43,0,34,active,2026-08-18T10:00:00+05:30
far_1c32b30a,flt_dc7fedea,business,corporate,15529.68,2484.75,THB,30,7,1,1863.56,0,10,active,2026-08-18T10:00:00+05:30
far_fc2ad300,flt_57b384fd,economy,saver,16474.06,2635.85,INR,15,7,0,1976.89,0,62,active,2026-08-18T10:00:00+05:30
far_e8e9e29d,flt_57b384fd,economy,corporate,20592.58,3294.81,INR,15,7,1,,0,83,active,2026-08-18T10:00:00+05:30
far_b0cec073,flt_57b384fd,business,flex,70801.03,11328.17,INR,30,7,1,8496.12,1,30,active,2026-08-18T10:00:00+05:30
far_8d891cc5,flt_57b384fd,business,standard,58033.63,9285.38,INR,30,7,0,,0,17,active,2026-08-18T10:00:00+05:30
far_39f45f8b,flt_bf40a3d2,economy,saver,3975.28,636.04,INR,15,7,0,477.03,0,37,active,2026-08-18T10:00:00+05:30
far_9a172fb8,flt_bf40a3d2,economy,corporate,4969.10,795.06,INR,15,7,1,,0,49,active,2026-08-18T10:00:00+05:30
far_bbe42dd2,flt_bf40a3d2,business,standard,14003.83,2240.61,INR,30,7,0,1680.46,0,4,active,2026-08-18T10:00:00+05:30
far_a073d9be,flt_bf40a3d2,business,saver,12323.37,1971.74,INR,30,7,0,,0,26,active,2026-08-18T10:00:00+05:30
far_c6cddc8f,flt_dfac0f59,economy,flex,5157690.96,825230.55,IDR,15,7,1,,1,145,active,2026-08-18T10:00:00+05:30
far_1253bb4c,flt_dfac0f59,economy,saver,3720301.67,595248.27,IDR,15,7,0,,0,64,active,2026-08-18T10:00:00+05:30
far_92b86b48,flt_dfac0f59,business,saver,11532935.19,1845269.63,IDR,30,7,0,1383952.22,0,32,active,2026-08-18T10:00:00+05:30
far_c213f6b6,flt_dfac0f59,business,standard,13105608.17,2096897.31,IDR,30,7,0,,0,19,active,2026-08-18T10:00:00+05:30
far_d18b4f77,flt_03f68194,economy,saver,7381.09,1180.97,INR,15,7,0,885.73,0,94,active,2026-08-18T10:00:00+05:30
far_8bb5a142,flt_03f68194,economy,promo,6542.33,1046.77,INR,15,7,0,,0,103,active,2026-08-18T10:00:00+05:30
far_f5210b02,flt_03f68194,business,flex,31721.92,5075.51,INR,30,7,1,3806.63,1,19,active,2026-08-18T10:00:00+05:30
far_88064573,flt_03f68194,business,promo,20281.23,3245.00,INR,30,7,0,2433.75,0,15,active,2026-08-18T10:00:00+05:30
far_ebc353ad,flt_4c34addf,economy,promo,5783.36,925.34,INR,15,7,0,,0,95,active,2026-08-18T10:00:00+05:30
far_6ad93e5d,flt_4c34addf,economy,standard,7414.56,1186.33,INR,15,7,0,889.75,0,96,active,2026-08-18T10:00:00+05:30
far_e0bb3e21,flt_4c34addf,business,promo,17928.41,2868.55,INR,30,7,0,2151.41,0,18,active,2026-08-18T10:00:00+05:30
far_c0326bec,flt_4c34addf,business,standard,22985.14,3677.62,INR,30,7,0,2758.22,0,27,active,2026-08-18T10:00:00+05:30
far_807c7a6a,flt_9315173d,economy,flex,20747.18,3319.55,INR,15,7,1,,1,94,active,2026-08-18T10:00:00+05:30
far_b9a3a70f,flt_9315173d,economy,saver,14965.18,2394.43,INR,15,7,0,1795.82,0,122,active,2026-08-18T10:00:00+05:30
far_66cfc499,flt_9315173d,business,saver,46392.06,7422.73,INR,30,7,0,,0,9,active,2026-08-18T10:00:00+05:30
far_9f46e7e8,flt_9315173d,business,standard,52718.25,8434.92,INR,30,7,0,6326.19,0,16,active,2026-08-18T10:00:00+05:30
far_920c0076,flt_d7173fec,economy,promo,266.97,42.72,SGD,15,7,0,32.04,0,142,active,2026-08-18T10:00:00+05:30
far_d7e83e29,flt_d7173fec,economy,corporate,376.50,60.24,SGD,15,7,1,,0,124,active,2026-08-18T10:00:00+05:30
far_c3fda76d,flt_d7173fec,business,corporate,1167.16,186.75,SGD,30,7,1,140.06,0,10,active,2026-08-18T10:00:00+05:30
far_13b59c24,flt_d7173fec,business,saver,933.73,149.40,SGD,30,7,0,112.05,0,12,active,2026-08-18T10:00:00+05:30
far_5551899d,flt_f1b9e044,economy,corporate,4604.82,736.77,THB,15,7,1,,0,45,active,2026-08-18T10:00:00+05:30
far_079e8f2d,flt_f1b9e044,economy,flex,5107.16,817.15,THB,15,7,1,,1,166,active,2026-08-18T10:00:00+05:30
far_e42ccedc,flt_f1b9e044,business,flex,15832.20,2533.15,THB,30,7,1,1899.86,1,30,active,2026-08-18T10:00:00+05:30
far_80bb8307,flt_f1b9e044,business,saver,11419.95,1827.19,THB,30,7,0,,0,30,active,2026-08-18T10:00:00+05:30
far_63b871fb,flt_b0c89d02,economy,saver,10454.37,1672.70,INR,15,7,0,,0,57,active,2026-08-18T10:00:00+05:30
far_0602e86a,flt_9151b3ed,economy,saver,5945.17,951.23,INR,15,7,0,,0,121,active,2026-08-18T10:00:00+05:30
far_4ae12d8d,flt_9151b3ed,economy,corporate,7431.47,1189.03,INR,15,7,1,891.78,0,67,active,2026-08-18T10:00:00+05:30
far_bd057459,flt_9151b3ed,business,standard,20943.23,3350.92,INR,30,7,0,2513.19,0,10,active,2026-08-18T10:00:00+05:30
far_7908d88b,flt_9151b3ed,business,promo,16335.72,2613.71,INR,30,7,0,1960.29,0,12,active,2026-08-18T10:00:00+05:30
far_b100364f,flt_c9411b27,economy,promo,191.03,30.56,SGD,15,7,0,22.92,0,98,active,2026-08-18T10:00:00+05:30
far_d738b449,flt_c9411b27,economy,flex,298.79,47.81,SGD,15,7,1,,1,149,active,2026-08-18T10:00:00+05:30
far_c6019e75,flt_c9411b27,business,flex,926.25,148.20,SGD,30,7,1,111.15,1,9,active,2026-08-18T10:00:00+05:30
far_22623642,flt_c9411b27,business,saver,668.11,106.90,SGD,30,7,0,,0,33,active,2026-08-18T10:00:00+05:30
far_8cc3b53f,flt_0dbbe13f,economy,corporate,6179.62,988.74,INR,15,7,1,741.55,0,70,active,2026-08-18T10:00:00+05:30
far_1a0e07c1,flt_0dbbe13f,economy,flex,6853.76,1096.60,INR,15,7,1,,1,62,active,2026-08-18T10:00:00+05:30
far_48082e76,flt_0dbbe13f,business,standard,17415.29,2786.45,INR,30,7,0,2089.84,0,7,active,2026-08-18T10:00:00+05:30
far_de12ea3c,flt_0dbbe13f,business,corporate,19156.82,3065.09,INR,30,7,1,2298.82,0,39,active,2026-08-18T10:00:00+05:30
far_31cc12a0,flt_213e3f34,economy,flex,343.51,54.96,SGD,15,7,1,,1,161,active,2026-08-18T10:00:00+05:30
far_44e0d144,flt_213e3f34,economy,saver,247.78,39.64,SGD,15,7,0,29.73,0,42,active,2026-08-18T10:00:00+05:30
far_433491c0,flt_213e3f34,business,corporate,960.14,153.62,SGD,30,7,1,,0,14,active,2026-08-18T10:00:00+05:30
far_af1edfc7,flt_213e3f34,business,flex,1064.88,170.38,SGD,30,7,1,127.79,1,25,active,2026-08-18T10:00:00+05:30
far_ecbc83a0,flt_3b11f4b2,economy,standard,6011.27,961.80,INR,15,7,0,721.35,0,64,active,2026-08-18T10:00:00+05:30
far_416d72dc,flt_3b11f4b2,economy,promo,4688.79,750.21,INR,15,7,0,,0,68,active,2026-08-18T10:00:00+05:30
far_60106eae,flt_3b11f4b2,business,promo,14535.25,2325.64,INR,30,7,0,,0,4,active,2026-08-18T10:00:00+05:30
far_c09499ea,flt_3b11f4b2,business,standard,18634.93,2981.59,INR,30,7,0,2236.19,0,35,active,2026-08-18T10:00:00+05:30
far_5d15cda8,flt_023df9b2,economy,corporate,5098.80,815.81,INR,15,7,1,611.86,0,145,active,2026-08-18T10:00:00+05:30
far_eff3b4c6,flt_dce3511c,economy,flex,923.23,147.72,MYR,15,7,1,,1,127,active,2026-08-18T10:00:00+05:30
far_45170dab,flt_dce3511c,economy,saver,665.93,106.55,MYR,15,7,0,79.91,0,95,active,2026-08-18T10:00:00+05:30
far_65030aa0,flt_dce3511c,business,flex,2862.00,457.92,MYR,30,7,1,343.44,1,37,active,2026-08-18T10:00:00+05:30
far_a0c8fd17,flt_dce3511c,business,corporate,2580.50,412.88,MYR,30,7,1,,0,21,active,2026-08-18T10:00:00+05:30
far_4a39a8e0,flt_dac47d7d,economy,promo,2918.57,466.97,INR,15,7,0,350.23,0,78,active,2026-08-18T10:00:00+05:30
far_3720c1d4,flt_dac47d7d,economy,flex,4564.94,730.39,INR,15,7,1,547.79,1,103,active,2026-08-18T10:00:00+05:30
far_71ae0329,flt_dac47d7d,business,standard,11599.45,1855.91,INR,30,7,0,1391.93,0,9,active,2026-08-18T10:00:00+05:30
far_88361955,flt_dac47d7d,business,saver,10207.52,1633.20,INR,30,7,0,1224.90,0,12,active,2026-08-18T10:00:00+05:30
far_f77a4be7,flt_0a459f89,economy,saver,8208.19,1313.31,INR,15,7,0,,0,56,active,2026-08-18T10:00:00+05:30
far_d7681739,flt_0a459f89,economy,promo,7275.45,1164.07,INR,15,7,0,873.05,0,122,active,2026-08-18T10:00:00+05:30
far_9e3be2aa,flt_0a459f89,business,promo,22553.88,3608.62,INR,30,7,0,2706.47,0,39,active,2026-08-18T10:00:00+05:30
far_a6607031,flt_0a459f89,business,flex,35276.58,5644.25,INR,30,7,1,,1,6,active,2026-08-18T10:00:00+05:30
far_acd21b28,flt_9bc34b43,economy,saver,5076.29,812.21,INR,15,7,0,609.16,0,154,active,2026-08-18T10:00:00+05:30
far_304c1279,flt_9bc34b43,economy,flex,7037.59,1126.01,INR,15,7,1,,1,169,active,2026-08-18T10:00:00+05:30
far_9752ccac,flt_9bc34b43,business,flex,21816.52,3490.64,INR,30,7,1,2617.98,1,24,active,2026-08-18T10:00:00+05:30
far_b2740a94,flt_9bc34b43,business,saver,15736.51,2517.84,INR,30,7,0,,0,24,active,2026-08-18T10:00:00+05:30
far_ba1ea4cd,flt_8c7a8829,economy,corporate,3563.39,570.14,INR,15,7,1,,0,84,active,2026-08-18T10:00:00+05:30
far_f634d954,flt_5632746c,economy,saver,5076.31,812.21,INR,15,7,0,,0,36,active,2026-08-18T10:00:00+05:30
far_a629ae05,flt_5632746c,economy,standard,5768.53,922.96,INR,15,7,0,692.22,0,27,active,2026-08-18T10:00:00+05:30
far_6d71b713,flt_5632746c,business,promo,13948.30,2231.73,INR,30,7,0,1673.80,0,28,active,2026-08-18T10:00:00+05:30
far_49811303,flt_5632746c,business,saver,15736.55,2517.85,INR,30,7,0,,0,34,active,2026-08-18T10:00:00+05:30
far_823d1099,flt_694e921e,economy,saver,4584.26,733.48,THB,15,7,0,550.11,0,123,active,2026-08-18T10:00:00+05:30
far_71a24459,flt_694e921e,economy,standard,5209.38,833.50,THB,15,7,0,,0,48,active,2026-08-18T10:00:00+05:30
far_dd3b01cb,flt_694e921e,business,corporate,17764.00,2842.24,THB,30,7,1,,0,9,active,2026-08-18T10:00:00+05:30
far_64d1b464,flt_694e921e,business,saver,14211.20,2273.79,THB,30,7,0,,0,7,active,2026-08-18T10:00:00+05:30
far_c6f2d206,flt_9559c1b9,economy,flex,5447.01,871.52,THB,15,7,1,653.64,1,97,active,2026-08-18T10:00:00+05:30
far_7335069e,flt_4a97ecc7,economy,standard,3937.19,629.95,THB,15,7,0,472.46,0,117,active,2026-08-18T10:00:00+05:30
far_592c35e8,flt_4a97ecc7,economy,corporate,4330.91,692.95,THB,15,7,1,519.71,0,82,active,2026-08-18T10:00:00+05:30
far_2033309e,flt_4a97ecc7,business,promo,9520.13,1523.22,THB,30,7,0,1142.42,0,10,active,2026-08-18T10:00:00+05:30
far_8261d4e8,flt_4a97ecc7,business,flex,14890.45,2382.47,THB,30,7,1,,1,36,active,2026-08-18T10:00:00+05:30
far_f9656b14,flt_af9a1d3c,economy,standard,14500.88,2320.14,INR,15,7,0,1740.11,0,136,active,2026-08-18T10:00:00+05:30
far_1b278f64,flt_cd1beef2,economy,standard,2661.09,425.77,INR,15,7,0,319.33,0,130,active,2026-08-18T10:00:00+05:30
far_dc4ecb42,flt_cd1beef2,economy,promo,2075.65,332.10,INR,15,7,0,249.08,0,93,active,2026-08-18T10:00:00+05:30
far_06aea380,flt_cd1beef2,business,saver,7259.46,1161.51,INR,30,7,0,,0,30,active,2026-08-18T10:00:00+05:30
far_57584aea,flt_cd1beef2,business,flex,10064.25,1610.28,INR,30,7,1,,1,6,active,2026-08-18T10:00:00+05:30
far_d47590fc,flt_b4c8c9b8,economy,flex,967.04,154.73,MYR,15,7,1,116.04,1,145,active,2026-08-18T10:00:00+05:30
far_10e0a46d,flt_b4c8c9b8,economy,promo,618.27,98.92,MYR,15,7,0,,0,80,active,2026-08-18T10:00:00+05:30
far_d9f65289,flt_b4c8c9b8,business,promo,1916.64,306.66,MYR,30,7,0,,0,34,active,2026-08-18T10:00:00+05:30
far_4e725343,flt_b4c8c9b8,business,flex,2997.82,479.65,MYR,30,7,1,359.74,1,34,active,2026-08-18T10:00:00+05:30
far_de21b09c,flt_403bde91,economy,flex,4221.06,675.37,INR,15,7,1,,1,75,active,2026-08-18T10:00:00+05:30
far_3fe64487,flt_7ebacd80,economy,flex,7179.48,1148.72,INR,15,7,1,,1,139,active,2026-08-18T10:00:00+05:30
far_091928fb,flt_7ebacd80,economy,promo,4590.16,734.43,INR,15,7,0,,0,77,active,2026-08-18T10:00:00+05:30
far_f634e6b9,flt_7ebacd80,business,flex,22256.40,3561.02,INR,30,7,1,,1,38,active,2026-08-18T10:00:00+05:30
far_828acbfb,flt_7ebacd80,business,standard,18242.95,2918.87,INR,30,7,0,,0,23,active,2026-08-18T10:00:00+05:30
far_73278e2e,flt_f02f5593,economy,corporate,5310.19,849.63,THB,15,7,1,637.22,0,151,active,2026-08-18T10:00:00+05:30
far_821dbbd4,flt_f02f5593,economy,flex,5889.49,942.32,THB,15,7,1,,1,59,active,2026-08-18T10:00:00+05:30
far_692bb2fe,flt_f02f5593,business,promo,11672.77,1867.64,THB,30,7,0,,0,32,active,2026-08-18T10:00:00+05:30
far_f4966248,flt_f02f5593,business,standard,14965.09,2394.41,THB,30,7,0,1795.81,0,11,active,2026-08-18T10:00:00+05:30
far_8d0f0a1a,flt_8da2829c,economy,standard,6747.84,1079.65,INR,15,7,0,,0,119,active,2026-08-18T10:00:00+05:30
far_1dd3acec,flt_8da2829c,economy,flex,8232.36,1317.18,INR,15,7,1,,1,166,active,2026-08-18T10:00:00+05:30
far_cb57396b,flt_8da2829c,business,promo,16316.28,2610.60,INR,30,7,0,1957.95,0,16,active,2026-08-18T10:00:00+05:30
far_752e5e1b,flt_8da2829c,business,saver,18408.11,2945.30,INR,30,7,0,,0,21,active,2026-08-18T10:00:00+05:30
far_3f928e2d,flt_8620a4ac,economy,promo,4144.19,663.07,INR,15,7,0,497.30,0,134,active,2026-08-18T10:00:00+05:30
far_ef1755cb,flt_8620a4ac,economy,standard,5313.06,850.09,INR,15,7,0,,0,55,active,2026-08-18T10:00:00+05:30
far_1830c905,flt_8620a4ac,business,flex,20094.01,3215.04,INR,30,7,1,2411.28,1,18,active,2026-08-18T10:00:00+05:30
far_a25835c8,flt_8620a4ac,business,saver,14494.04,2319.05,INR,30,7,0,1739.28,0,18,active,2026-08-18T10:00:00+05:30
far_e12018ee,flt_148602cc,economy,promo,4375.75,700.12,INR,15,7,0,,0,125,active,2026-08-18T10:00:00+05:30
far_0fdf1d0a,flt_148602cc,economy,saver,4936.74,789.88,INR,15,7,0,,0,68,active,2026-08-18T10:00:00+05:30
far_c633e10c,flt_148602cc,business,flex,21216.78,3394.68,INR,30,7,1,,1,11,active,2026-08-18T10:00:00+05:30
far_6ef9bda6,flt_148602cc,business,saver,15303.91,2448.63,INR,30,7,0,1836.47,0,11,active,2026-08-18T10:00:00+05:30
far_08b18de2,flt_b7a15e18,economy,promo,2055.73,328.92,INR,15,7,0,246.69,0,71,active,2026-08-18T10:00:00+05:30
far_aa9f959a,flt_fbae16ab,economy,flex,26364.93,4218.39,INR,15,7,1,,1,124,active,2026-08-18T10:00:00+05:30
far_1f1abade,flt_2a76c778,economy,corporate,237.03,37.92,SGD,15,7,1,,0,45,active,2026-08-18T10:00:00+05:30
far_8a157169,flt_2a76c778,economy,standard,215.48,34.48,SGD,15,7,0,25.86,0,56,active,2026-08-18T10:00:00+05:30
far_c15ff64c,flt_2a76c778,business,corporate,734.79,117.57,SGD,30,7,1,,0,18,active,2026-08-18T10:00:00+05:30
far_f7fa050d,flt_2a76c778,business,standard,667.99,106.88,SGD,30,7,0,80.16,0,27,active,2026-08-18T10:00:00+05:30
far_8bc2dd54,flt_17b5cb5c,economy,saver,468.07,74.89,AED,15,7,0,,0,161,active,2026-08-18T10:00:00+05:30
far_4c8fe7e2,flt_17b5cb5c,economy,standard,531.90,85.10,AED,15,7,0,63.83,0,125,active,2026-08-18T10:00:00+05:30
far_9a5c04eb,flt_17b5cb5c,business,flex,2011.64,321.86,AED,30,7,1,241.40,1,29,active,2026-08-18T10:00:00+05:30
far_05c26193,flt_17b5cb5c,business,promo,1286.13,205.78,AED,30,7,0,154.34,0,5,active,2026-08-18T10:00:00+05:30
far_a9daab4a,flt_0adb5292,economy,flex,5135.01,821.60,INR,15,7,1,,1,156,active,2026-08-18T10:00:00+05:30
far_f703518b,flt_0adb5292,economy,promo,3283.04,525.29,INR,15,7,0,,0,105,active,2026-08-18T10:00:00+05:30
far_5d9962d3,flt_0adb5292,business,saver,11482.22,1837.16,INR,30,7,0,1377.87,0,10,active,2026-08-18T10:00:00+05:30
far_ccbd3d5b,flt_0adb5292,business,flex,15918.54,2546.97,INR,30,7,1,,1,8,active,2026-08-18T10:00:00+05:30
far_949a293e,flt_2cbf9d39,economy,promo,6988.76,1118.20,INR,15,7,0,838.65,0,41,active,2026-08-18T10:00:00+05:30
far_e1eda493,flt_2cbf9d39,economy,flex,10931.14,1748.98,INR,15,7,1,,1,116,active,2026-08-18T10:00:00+05:30
far_5e8fdfa5,flt_2cbf9d39,business,flex,33886.52,5421.84,INR,30,7,1,4066.38,1,36,active,2026-08-18T10:00:00+05:30
far_e8db8929,flt_2cbf9d39,business,saver,24442.74,3910.84,INR,30,7,0,,0,18,active,2026-08-18T10:00:00+05:30
far_182f72d1,flt_86446b3b,economy,flex,9147.13,1463.54,INR,15,7,1,,1,81,active,2026-08-18T10:00:00+05:30
far_140ec599,flt_86446b3b,economy,saver,6597.93,1055.67,INR,15,7,0,791.75,0,124,active,2026-08-18T10:00:00+05:30
far_47b91082,flt_86446b3b,business,saver,20453.59,3272.57,INR,30,7,0,,0,24,active,2026-08-18T10:00:00+05:30
far_4d894747,flt_86446b3b,business,corporate,25566.98,4090.72,INR,30,7,1,,0,23,active,2026-08-18T10:00:00+05:30
far_73ddaf6d,flt_7f250e31,economy,saver,15689.59,2510.33,INR,15,7,0,1882.75,0,66,active,2026-08-18T10:00:00+05:30
far_45159915,flt_7f250e31,economy,flex,21751.48,3480.24,INR,15,7,1,,1,108,active,2026-08-18T10:00:00+05:30
far_c2a0e7f4,flt_7f250e31,business,promo,43110.72,6897.72,INR,30,7,0,5173.29,0,34,active,2026-08-18T10:00:00+05:30
far_327f9fff,flt_7f250e31,business,saver,48637.74,7782.04,INR,30,7,0,5836.53,0,25,active,2026-08-18T10:00:00+05:30
far_277d17ee,flt_cd8eebb9,economy,flex,7359.62,1177.54,INR,15,7,1,883.15,1,75,active,2026-08-18T10:00:00+05:30
far_a497f172,flt_cd8eebb9,economy,promo,4705.33,752.85,INR,15,7,0,,0,53,active,2026-08-18T10:00:00+05:30
far_02818f35,flt_cd8eebb9,business,corporate,20570.74,3291.32,INR,30,7,1,,0,28,active,2026-08-18T10:00:00+05:30
far_33e12bf3,flt_cd8eebb9,business,promo,14586.52,2333.84,INR,30,7,0,,0,8,active,2026-08-18T10:00:00+05:30
far_22cd34cc,flt_4032d807,economy,promo,8394.36,1343.10,INR,15,7,0,1007.32,0,97,active,2026-08-18T10:00:00+05:30
far_b8226ffd,flt_4032d807,economy,corporate,11838.20,1894.11,INR,15,7,1,,0,120,active,2026-08-18T10:00:00+05:30
far_624c0e99,flt_4032d807,business,flex,40701.88,6512.30,INR,30,7,1,,1,4,active,2026-08-18T10:00:00+05:30
far_8437b533,flt_4032d807,business,corporate,36698.42,5871.75,INR,30,7,1,,0,38,active,2026-08-18T10:00:00+05:30
far_b4cc9bf0,flt_69d41f6e,economy,corporate,4158895.14,665423.22,IDR,15,7,1,,0,52,active,2026-08-18T10:00:00+05:30
far_0efd17f7,flt_69d41f6e,economy,saver,3327116.11,532338.58,IDR,15,7,0,399253.93,0,49,active,2026-08-18T10:00:00+05:30
far_bb1ecec7,flt_69d41f6e,business,corporate,12892574.93,2062811.99,IDR,30,7,1,1547108.99,0,34,active,2026-08-18T10:00:00+05:30
far_d1672537,flt_69d41f6e,business,promo,9142007.68,1462721.23,IDR,30,7,0,,0,14,active,2026-08-18T10:00:00+05:30
far_efb6b3a0,flt_bb8635d6,economy,flex,42.91,6.87,SGD,15,7,1,5.15,1,108,active,2026-08-18T10:00:00+05:30
far_716c676b,flt_bb48aec0,economy,corporate,5904.13,944.66,INR,15,7,1,708.50,0,84,active,2026-08-18T10:00:00+05:30
far_1436d56c,flt_bb48aec0,economy,flex,6548.21,1047.71,INR,15,7,1,,1,45,active,2026-08-18T10:00:00+05:30
far_659ca00e,flt_bb48aec0,business,promo,12978.35,2076.54,INR,30,7,0,1557.40,0,13,active,2026-08-18T10:00:00+05:30
far_f1354a47,flt_bb48aec0,business,corporate,18302.80,2928.45,INR,30,7,1,2196.34,0,12,active,2026-08-18T10:00:00+05:30
far_b0a9c327,flt_930a7652,economy,corporate,12286.85,1965.90,INR,15,7,1,,0,95,active,2026-08-18T10:00:00+05:30
far_65c21ca4,flt_930a7652,economy,promo,8712.49,1394.00,INR,15,7,0,1045.50,0,35,active,2026-08-18T10:00:00+05:30
far_948c7216,flt_930a7652,business,promo,27008.72,4321.40,INR,30,7,0,3241.05,0,30,active,2026-08-18T10:00:00+05:30
far_62bda275,flt_930a7652,business,standard,34626.57,5540.25,INR,30,7,0,,0,24,active,2026-08-18T10:00:00+05:30
far_b0523fbc,flt_ac5f9a9d,economy,corporate,5858.72,937.40,INR,15,7,1,703.05,0,20,active,2026-08-18T10:00:00+05:30
far_cb685aa8,flt_a9d736e7,economy,corporate,5695.15,911.22,INR,15,7,1,,0,75,active,2026-08-18T10:00:00+05:30
far_bb53053b,flt_821d53a1,economy,flex,19949.73,3191.96,INR,15,7,1,,1,81,active,2026-08-18T10:00:00+05:30
far_a1280b70,flt_821d53a1,economy,standard,16352.23,2616.36,INR,15,7,0,,0,115,active,2026-08-18T10:00:00+05:30
far_5e433c89,flt_821d53a1,business,standard,50691.93,8110.71,INR,30,7,0,6083.03,0,28,active,2026-08-18T10:00:00+05:30
far_8e1bad55,flt_821d53a1,business,promo,39539.70,6326.35,INR,30,7,0,,0,18,active,2026-08-18T10:00:00+05:30
far_88d53155,flt_75b09f69,economy,saver,1281.01,204.96,INR,15,7,0,,0,141,active,2026-08-18T10:00:00+05:30
far_339e85ee,flt_28516c59,economy,standard,3452.89,552.46,INR,15,7,0,,0,83,active,2026-08-18T10:00:00+05:30
far_1829c24c,flt_28516c59,economy,corporate,3798.18,607.71,INR,15,7,1,455.78,0,44,active,2026-08-18T10:00:00+05:30
far_19abd918,flt_28516c59,business,corporate,11774.36,1883.90,INR,30,7,1,1412.92,0,37,active,2026-08-18T10:00:00+05:30
far_2293aa66,flt_28516c59,business,flex,13058.83,2089.41,INR,30,7,1,1567.06,1,16,active,2026-08-18T10:00:00+05:30
far_92ed96eb,flt_9e4e8b47,economy,standard,410.32,65.65,AED,15,7,0,49.24,0,65,active,2026-08-18T10:00:00+05:30
far_06a323b6,flt_d238f83e,economy,flex,5043.35,806.94,INR,15,7,1,,1,39,active,2026-08-18T10:00:00+05:30
far_14bc75de,flt_d238f83e,economy,corporate,4547.28,727.57,INR,15,7,1,545.67,0,147,active,2026-08-18T10:00:00+05:30
far_47e0a44e,flt_d238f83e,business,corporate,14096.57,2255.45,INR,30,7,1,,0,35,active,2026-08-18T10:00:00+05:30
far_f6e89b59,flt_d238f83e,business,standard,12815.07,2050.41,INR,30,7,0,1537.81,0,4,active,2026-08-18T10:00:00+05:30
far_43ff5609,flt_63d02971,economy,standard,19183.67,3069.39,INR,15,7,0,,0,57,active,2026-08-18T10:00:00+05:30
far_317b7213,flt_63d02971,economy,flex,23404.08,3744.65,INR,15,7,1,,1,63,active,2026-08-18T10:00:00+05:30
far_0899a074,flt_63d02971,business,saver,52333.06,8373.29,INR,30,7,0,,0,6,active,2026-08-18T10:00:00+05:30
far_3a9493ce,flt_63d02971,business,flex,72552.64,11608.42,INR,30,7,1,8706.32,1,4,active,2026-08-18T10:00:00+05:30
far_8a436de0,flt_87301636,economy,standard,5617.06,898.73,INR,15,7,0,674.05,0,100,active,2026-08-18T10:00:00+05:30
far_140f7a52,flt_87301636,economy,flex,6852.81,1096.45,INR,15,7,1,,1,44,active,2026-08-18T10:00:00+05:30
far_a40592e2,flt_87301636,business,corporate,19154.18,3064.67,INR,30,7,1,,0,39,active,2026-08-18T10:00:00+05:30
far_2e310677,flt_87301636,business,saver,15323.34,2451.73,INR,30,7,0,,0,5,active,2026-08-18T10:00:00+05:30
far_60505f31,flt_1ebb7c52,economy,corporate,5961.00,953.76,INR,15,7,1,,0,42,active,2026-08-18T10:00:00+05:30
far_c07584f3,flt_1ebb7c52,economy,saver,4768.80,763.01,INR,15,7,0,572.26,0,124,active,2026-08-18T10:00:00+05:30
far_7e0d3358,flt_1ebb7c52,business,promo,13103.36,2096.54,INR,30,7,0,,0,18,active,2026-08-18T10:00:00+05:30
far_1f8e3971,flt_1ebb7c52,business,corporate,18479.09,2956.65,INR,30,7,1,2217.49,0,9,active,2026-08-18T10:00:00+05:30
far_812e915e,flt_dc828ed9,economy,corporate,5963.63,954.18,INR,15,7,1,715.64,0,164,active,2026-08-18T10:00:00+05:30
far_c85e4c28,flt_dc828ed9,economy,standard,5421.48,867.44,INR,15,7,0,,0,76,active,2026-08-18T10:00:00+05:30
far_3a6c33f8,flt_dc828ed9,business,promo,13109.14,2097.46,INR,30,7,0,1573.10,0,12,active,2026-08-18T10:00:00+05:30
far_4cc5ad69,flt_dc828ed9,business,flex,20504.05,3280.65,INR,30,7,1,,1,20,active,2026-08-18T10:00:00+05:30
far_2e24fdff,flt_898576f7,economy,standard,380.66,60.91,SGD,15,7,0,45.68,0,68,active,2026-08-18T10:00:00+05:30
far_1ad648ca,flt_898576f7,economy,saver,334.98,53.60,SGD,15,7,0,40.20,0,123,active,2026-08-18T10:00:00+05:30
far_445aac66,flt_898576f7,business,standard,1180.06,188.81,SGD,30,7,0,141.61,0,32,active,2026-08-18T10:00:00+05:30
far_1207e0a4,flt_898576f7,business,promo,920.45,147.27,SGD,30,7,0,110.45,0,33,active,2026-08-18T10:00:00+05:30
far_fafadd2a,flt_98b7a134,economy,corporate,5162.20,825.95,INR,15,7,1,,0,61,active,2026-08-18T10:00:00+05:30
far_37f65ff9,flt_baadf68d,economy,standard,4109.76,657.56,INR,15,7,0,493.17,0,169,active,2026-08-18T10:00:00+05:30
far_9129b41f,flt_baadf68d,economy,promo,3205.61,512.90,INR,15,7,0,,0,89,active,2026-08-18T10:00:00+05:30
far_d905fdcf,flt_baadf68d,business,flex,15543.12,2486.90,INR,30,7,1,1865.17,1,11,active,2026-08-18T10:00:00+05:30
far_b5ccfdea,flt_baadf68d,business,saver,11211.43,1793.83,INR,30,7,0,,0,5,active,2026-08-18T10:00:00+05:30
far_22d9454e,flt_4be0dcc0,economy,flex,779.96,124.79,AED,15,7,1,,1,119,active,2026-08-18T10:00:00+05:30
far_d2b6e3e0,flt_4be0dcc0,economy,saver,562.60,90.02,AED,15,7,0,,0,56,active,2026-08-18T10:00:00+05:30
far_73b736dc,flt_4be0dcc0,business,saver,1744.05,279.05,AED,30,7,0,,0,36,active,2026-08-18T10:00:00+05:30
far_e3da4b6f,flt_4be0dcc0,business,corporate,2180.06,348.81,AED,30,7,1,,0,19,active,2026-08-18T10:00:00+05:30
far_b1cfc8ec,flt_f652a7b3,economy,promo,170.42,27.27,SGD,15,7,0,,0,158,active,2026-08-18T10:00:00+05:30
far_b94ab1fe,flt_f652a7b3,economy,corporate,240.34,38.45,SGD,15,7,1,28.84,0,149,active,2026-08-18T10:00:00+05:30
far_5ab360d3,flt_f652a7b3,business,promo,528.31,84.53,SGD,30,7,0,63.40,0,29,active,2026-08-18T10:00:00+05:30
far_452c23db,flt_f652a7b3,business,flex,826.33,132.21,SGD,30,7,1,,1,7,active,2026-08-18T10:00:00+05:30
far_95f5d4cf,flt_e5837af6,economy,promo,6886.08,1101.77,INR,15,7,0,,0,115,active,2026-08-18T10:00:00+05:30
far_b02a84e1,flt_e5837af6,economy,standard,8828.30,1412.53,INR,15,7,0,1059.40,0,125,active,2026-08-18T10:00:00+05:30
far_13de1858,flt_e5837af6,business,saver,24083.61,3853.38,INR,30,7,0,,0,31,active,2026-08-18T10:00:00+05:30
far_96f1d016,flt_e5837af6,business,promo,21346.83,3415.49,INR,30,7,0,,0,16,active,2026-08-18T10:00:00+05:30
far_468235a5,flt_6c49fcf1,economy,promo,404.46,64.71,AED,15,7,0,48.54,0,74,active,2026-08-18T10:00:00+05:30
far_6e16df80,flt_6c49fcf1,economy,saver,456.32,73.01,AED,15,7,0,54.76,0,90,active,2026-08-18T10:00:00+05:30
far_8d380dce,flt_6c49fcf1,business,promo,1253.83,200.61,AED,30,7,0,150.46,0,4,active,2026-08-18T10:00:00+05:30
far_0f13859a,flt_6c49fcf1,business,flex,1961.13,313.78,AED,30,7,1,,1,5,active,2026-08-18T10:00:00+05:30
far_655c3d4c,flt_7a020b1a,economy,standard,5211.94,833.91,INR,15,7,0,625.43,0,156,active,2026-08-18T10:00:00+05:30
far_18f62b40,flt_7a020b1a,economy,flex,6358.57,1017.37,INR,15,7,1,,1,40,active,2026-08-18T10:00:00+05:30
far_e1394111,flt_7a020b1a,business,promo,12602.48,2016.40,INR,30,7,0,1512.30,0,29,active,2026-08-18T10:00:00+05:30
far_df20f90b,flt_7a020b1a,business,saver,14218.18,2274.91,INR,30,7,0,1706.18,0,31,active,2026-08-18T10:00:00+05:30
far_ae571f0c,flt_430bc604,economy,flex,8199.98,1312.00,INR,15,7,1,984.00,1,152,active,2026-08-18T10:00:00+05:30
far_5de02357,flt_430bc604,economy,corporate,7393.42,1182.95,INR,15,7,1,,0,48,active,2026-08-18T10:00:00+05:30
far_a44064e0,flt_430bc604,business,standard,20836.01,3333.76,INR,30,7,0,2500.32,0,24,active,2026-08-18T10:00:00+05:30
far_aab9cfe4,flt_430bc604,business,promo,16252.09,2600.33,INR,30,7,0,,0,16,active,2026-08-18T10:00:00+05:30
far_9d2500f4,flt_9e1254db,economy,flex,910.81,145.73,AED,15,7,1,,1,54,active,2026-08-18T10:00:00+05:30
far_d079e248,flt_9e1254db,economy,corporate,821.22,131.40,AED,15,7,1,,0,142,active,2026-08-18T10:00:00+05:30
far_c55ec493,flt_9e1254db,business,flex,2823.51,451.76,AED,30,7,1,338.82,1,19,active,2026-08-18T10:00:00+05:30
far_ad72dcd2,flt_9e1254db,business,promo,1805.19,288.83,AED,30,7,0,216.62,0,15,active,2026-08-18T10:00:00+05:30
far_4f0a9652,flt_bb7da611,economy,flex,10835.61,1733.70,INR,15,7,1,1300.27,1,166,active,2026-08-18T10:00:00+05:30
far_e46ac674,flt_bb7da611,economy,saver,7815.85,1250.54,INR,15,7,0,,0,91,active,2026-08-18T10:00:00+05:30
far_a8413257,flt_bb7da611,business,saver,24229.14,3876.66,INR,30,7,0,,0,19,active,2026-08-18T10:00:00+05:30
far_97364e81,flt_bb7da611,business,promo,21475.83,3436.13,INR,30,7,0,2577.10,0,39,active,2026-08-18T10:00:00+05:30
far_617ad032,flt_529c385b,economy,corporate,22021.36,3523.42,INR,15,7,1,,0,21,active,2026-08-18T10:00:00+05:30
far_8b913f56,flt_529c385b,economy,standard,20019.42,3203.11,INR,15,7,0,2402.33,0,166,active,2026-08-18T10:00:00+05:30
far_968dd618,flt_529c385b,business,standard,62060.21,9929.63,INR,30,7,0,7447.22,0,15,active,2026-08-18T10:00:00+05:30
far_3d3a65a7,flt_529c385b,business,flex,75713.45,12114.15,INR,30,7,1,9085.61,1,25,active,2026-08-18T10:00:00+05:30
far_437cb096,flt_2ce47049,economy,flex,8930.78,1428.92,INR,15,7,1,,1,33,active,2026-08-18T10:00:00+05:30
far_d4aedf18,flt_2ce47049,economy,corporate,8052.34,1288.37,INR,15,7,1,966.28,0,154,active,2026-08-18T10:00:00+05:30
far_52fe0332,flt_2ce47049,business,flex,27685.41,4429.67,INR,30,7,1,3322.25,1,27,active,2026-08-18T10:00:00+05:30
far_5bab8e9e,flt_2ce47049,business,saver,19969.80,3195.17,INR,30,7,0,,0,25,active,2026-08-18T10:00:00+05:30
far_7f184a07,flt_e8c97c7f,economy,flex,23189.63,3710.34,INR,15,7,1,2782.76,1,84,active,2026-08-18T10:00:00+05:30
far_2ff86524,flt_e8c97c7f,economy,saver,16726.94,2676.31,INR,15,7,0,2007.23,0,128,active,2026-08-18T10:00:00+05:30
far_ed830e5f,flt_e8c97c7f,business,flex,71887.84,11502.05,INR,30,7,1,8626.54,1,9,active,2026-08-18T10:00:00+05:30
far_fbe37442,flt_e8c97c7f,business,promo,45961.08,7353.77,INR,30,7,0,5515.33,0,17,active,2026-08-18T10:00:00+05:30
far_7066eec3,flt_00a6d9f0,economy,standard,3652.83,584.45,INR,15,7,0,,0,86,active,2026-08-18T10:00:00+05:30
far_eca73100,flt_853e418e,economy,flex,9075.82,1452.13,INR,15,7,1,1089.10,1,24,active,2026-08-18T10:00:00+05:30
far_62316b13,flt_853e418e,economy,standard,7439.20,1190.27,INR,15,7,0,892.70,0,69,active,2026-08-18T10:00:00+05:30
far_f9063358,flt_853e418e,business,corporate,25367.67,4058.83,INR,30,7,1,3044.12,0,10,active,2026-08-18T10:00:00+05:30
far_4227dede,flt_853e418e,business,flex,28135.05,4501.61,INR,30,7,1,3376.21,1,28,active,2026-08-18T10:00:00+05:30
far_c142ecb2,flt_e83c79eb,economy,corporate,7629.80,1220.77,INR,15,7,1,,0,156,active,2026-08-18T10:00:00+05:30
far_ca8382b6,flt_e83c79eb,economy,promo,5410.22,865.64,INR,15,7,0,,0,29,active,2026-08-18T10:00:00+05:30
far_1d318e55,flt_e83c79eb,business,corporate,23652.38,3784.38,INR,30,7,1,2838.29,0,11,active,2026-08-18T10:00:00+05:30
far_2040e2d5,flt_e83c79eb,business,promo,16771.69,2683.47,INR,30,7,0,2012.60,0,30,active,2026-08-18T10:00:00+05:30
far_0ca8c2d3,flt_6f5069a4,economy,corporate,6218.76,995.00,INR,15,7,1,,0,76,active,2026-08-18T10:00:00+05:30
far_7f624301,flt_6f5069a4,economy,flex,6897.17,1103.55,INR,15,7,1,,1,29,active,2026-08-18T10:00:00+05:30
far_972e7b7e,flt_6f5069a4,business,corporate,19278.15,3084.50,INR,30,7,1,2313.38,0,13,active,2026-08-18T10:00:00+05:30
far_a2cc2032,flt_6f5069a4,business,saver,15422.52,2467.60,INR,30,7,0,1850.70,0,16,active,2026-08-18T10:00:00+05:30
far_7b5e5b64,flt_4420583d,economy,standard,5043.22,806.91,THB,15,7,0,605.19,0,153,active,2026-08-18T10:00:00+05:30
far_58d34f40,flt_4420583d,economy,saver,4438.03,710.08,THB,15,7,0,,0,35,active,2026-08-18T10:00:00+05:30
far_f8484703,flt_4420583d,business,corporate,17197.37,2751.58,THB,30,7,1,2063.68,0,27,active,2026-08-18T10:00:00+05:30
far_da10977c,flt_4420583d,business,standard,15633.97,2501.44,THB,30,7,0,1876.08,0,34,active,2026-08-18T10:00:00+05:30
far_9f2fb6d2,flt_8fa11fb2,economy,saver,4735.44,757.67,THB,15,7,0,568.25,0,115,active,2026-08-18T10:00:00+05:30
far_0e16f837,flt_8fa11fb2,economy,promo,4197.32,671.57,THB,15,7,0,503.68,0,119,active,2026-08-18T10:00:00+05:30
far_34d3549a,flt_8fa11fb2,business,corporate,18349.81,2935.97,THB,30,7,1,2201.98,0,31,active,2026-08-18T10:00:00+05:30
far_84a4f171,flt_8fa11fb2,business,saver,14679.85,2348.78,THB,30,7,0,,0,16,active,2026-08-18T10:00:00+05:30
far_8e6c0ee7,flt_6f03aafb,economy,flex,10114.11,1618.26,INR,15,7,1,1213.69,1,146,active,2026-08-18T10:00:00+05:30
far_ad8579eb,flt_6f03aafb,economy,promo,6466.40,1034.62,INR,15,7,0,,0,67,active,2026-08-18T10:00:00+05:30
far_8257425f,flt_6f03aafb,business,saver,22615.82,3618.53,INR,30,7,0,2713.90,0,21,active,2026-08-18T10:00:00+05:30
far_f4ea23ac,flt_6f03aafb,business,flex,31353.75,5016.60,INR,30,7,1,3762.45,1,19,active,2026-08-18T10:00:00+05:30
far_3067c340,flt_0743a28f,economy,standard,66.05,10.57,AED,15,7,0,7.93,0,151,active,2026-08-18T10:00:00+05:30
far_f0cf9f0c,flt_0743a28f,economy,promo,51.52,8.24,AED,15,7,0,6.18,0,135,active,2026-08-18T10:00:00+05:30
far_5f5d3ae8,flt_0743a28f,business,flex,249.81,39.97,AED,30,7,1,29.98,1,4,active,2026-08-18T10:00:00+05:30
far_167cb416,flt_0743a28f,business,standard,204.76,32.76,AED,30,7,0,24.57,0,32,active,2026-08-18T10:00:00+05:30
far_94a90277,flt_15dd3dd4,economy,corporate,18847.53,3015.60,INR,15,7,1,,0,112,active,2026-08-18T10:00:00+05:30
far_7c7fdae7,flt_15dd3dd4,economy,standard,17134.12,2741.46,INR,15,7,0,,0,43,active,2026-08-18T10:00:00+05:30
far_8ca78303,flt_15dd3dd4,business,flex,64801.23,10368.20,INR,30,7,1,,1,32,active,2026-08-18T10:00:00+05:30
far_5b90ef1c,flt_15dd3dd4,business,promo,41430.29,6628.85,INR,30,7,0,4971.64,0,5,active,2026-08-18T10:00:00+05:30
far_4c5d1d57,flt_510e9c55,economy,saver,860.85,137.74,MYR,15,7,0,103.30,0,133,active,2026-08-18T10:00:00+05:30
far_dc342915,flt_510e9c55,economy,corporate,1076.07,172.17,MYR,15,7,1,,0,92,active,2026-08-18T10:00:00+05:30
far_78925d76,flt_510e9c55,business,corporate,3335.80,533.73,MYR,30,7,1,400.30,0,23,active,2026-08-18T10:00:00+05:30
far_d9346bb0,flt_510e9c55,business,saver,2668.64,426.98,MYR,30,7,0,320.24,0,10,active,2026-08-18T10:00:00+05:30
far_f5f7ab05,flt_ca5598e3,economy,corporate,6423.71,1027.79,THB,15,7,1,770.85,0,87,active,2026-08-18T10:00:00+05:30
far_cdf6e53b,flt_ca5598e3,economy,standard,5839.74,934.36,THB,15,7,0,700.77,0,23,active,2026-08-18T10:00:00+05:30
far_cc44784c,flt_ca5598e3,business,flex,22085.88,3533.74,THB,30,7,1,,1,13,active,2026-08-18T10:00:00+05:30
far_ea9adb0a,flt_ca5598e3,business,corporate,19913.50,3186.16,THB,30,7,1,2389.62,0,37,active,2026-08-18T10:00:00+05:30
far_f26136f6,flt_de049fc9,economy,promo,4559.68,729.55,THB,15,7,0,547.16,0,88,active,2026-08-18T10:00:00+05:30
far_d7a1ae6f,flt_de049fc9,economy,corporate,6430.32,1028.85,THB,15,7,1,771.64,0,45,active,2026-08-18T10:00:00+05:30
far_57cb9a03,flt_de049fc9,business,standard,18121.80,2899.49,THB,30,7,0,2174.62,0,5,active,2026-08-18T10:00:00+05:30
far_827f1636,flt_de049fc9,business,promo,14135.00,2261.60,THB,30,7,0,,0,28,active,2026-08-18T10:00:00+05:30
far_dc988892,flt_72d948dd,economy,corporate,20158.99,3225.44,INR,15,7,1,,0,130,active,2026-08-18T10:00:00+05:30
far_2ef7e03e,flt_72d948dd,economy,saver,16127.19,2580.35,INR,15,7,0,1935.26,0,158,active,2026-08-18T10:00:00+05:30
far_0d7a5ca1,flt_72d948dd,business,standard,56811.70,9089.87,INR,30,7,0,,0,38,active,2026-08-18T10:00:00+05:30
far_9f066445,flt_72d948dd,business,flex,69310.27,11089.64,INR,30,7,1,8317.23,1,24,active,2026-08-18T10:00:00+05:30
far_fde3608c,flt_1a3b77ef,economy,corporate,3176.08,508.17,THB,15,7,1,381.13,0,142,active,2026-08-18T10:00:00+05:30
far_d6eee4c4,flt_1a3b77ef,economy,standard,2887.34,461.97,THB,15,7,0,346.48,0,93,active,2026-08-18T10:00:00+05:30
far_f402cc36,flt_1a3b77ef,business,promo,6981.59,1117.05,THB,30,7,0,837.79,0,27,active,2026-08-18T10:00:00+05:30
far_6d4e319e,flt_1a3b77ef,business,flex,10919.93,1747.19,THB,30,7,1,,1,34,active,2026-08-18T10:00:00+05:30
far_eb7d5156,flt_eb87a22f,economy,promo,7198.44,1151.75,INR,15,7,0,,0,168,active,2026-08-18T10:00:00+05:30
far_fa0fcc65,flt_eb87a22f,economy,corporate,10151.65,1624.26,INR,15,7,1,,0,105,active,2026-08-18T10:00:00+05:30
far_e198cc04,flt_eb87a22f,business,saver,25176.09,4028.17,INR,30,7,0,3021.13,0,11,active,2026-08-18T10:00:00+05:30
far_1d4e2666,flt_eb87a22f,business,flex,34903.22,5584.51,INR,30,7,1,,1,8,active,2026-08-18T10:00:00+05:30
far_c22897db,flt_8c365f39,economy,saver,3631.97,581.12,THB,15,7,0,435.84,0,88,active,2026-08-18T10:00:00+05:30
far_fad5f3e4,flt_8c365f39,economy,flex,5035.24,805.64,THB,15,7,1,604.23,1,55,active,2026-08-18T10:00:00+05:30
far_0254ca19,flt_8c365f39,business,flex,15609.23,2497.48,THB,30,7,1,1873.11,1,14,active,2026-08-18T10:00:00+05:30
far_66bc2700,flt_8c365f39,business,standard,12794.45,2047.11,THB,30,7,0,1535.33,0,8,active,2026-08-18T10:00:00+05:30
far_a880f611,flt_c60593e3,economy,saver,1344.11,215.06,INR,15,7,0,161.29,0,60,active,2026-08-18T10:00:00+05:30
far_ef4d8bb1,flt_c60593e3,economy,promo,1191.37,190.62,INR,15,7,0,142.96,0,24,active,2026-08-18T10:00:00+05:30
far_f112307d,flt_c60593e3,business,saver,4166.75,666.68,INR,30,7,0,500.01,0,13,active,2026-08-18T10:00:00+05:30
far_1cddd143,flt_c60593e3,business,corporate,5208.44,833.35,INR,30,7,1,,0,25,active,2026-08-18T10:00:00+05:30
far_79969662,flt_5f9b5c02,economy,promo,12812.65,2050.02,INR,15,7,0,1537.52,0,30,active,2026-08-18T10:00:00+05:30
far_6c157cc4,flt_5f9b5c02,economy,corporate,18069.12,2891.06,INR,15,7,1,2168.29,0,105,active,2026-08-18T10:00:00+05:30
far_9b59fd21,flt_5f9b5c02,business,standard,50922.07,8147.53,INR,30,7,0,6110.65,0,6,active,2026-08-18T10:00:00+05:30
far_45194475,flt_5f9b5c02,business,saver,44811.42,7169.83,INR,30,7,0,5377.37,0,32,active,2026-08-18T10:00:00+05:30
far_fd73247a,flt_ddb9f016,economy,standard,2225.01,356.00,INR,15,7,0,,0,61,active,2026-08-18T10:00:00+05:30
far_aa2bbe34,flt_23123ea3,economy,standard,18315.74,2930.52,INR,15,7,0,2197.89,0,96,active,2026-08-18T10:00:00+05:30
far_94ccc8f0,flt_23123ea3,economy,flex,22345.20,3575.23,INR,15,7,1,,1,35,active,2026-08-18T10:00:00+05:30
far_12c05c7f,flt_23123ea3,business,corporate,62456.68,9993.07,INR,30,7,1,7494.80,0,31,active,2026-08-18T10:00:00+05:30
far_696c56c0,flt_23123ea3,business,standard,56778.80,9084.61,INR,30,7,0,6813.46,0,15,active,2026-08-18T10:00:00+05:30
far_a50797c7,flt_95e37314,economy,flex,796.70,127.47,MYR,15,7,1,95.60,1,96,active,2026-08-18T10:00:00+05:30
far_eb394e66,flt_b560320e,economy,corporate,470.15,75.22,AED,15,7,1,56.42,0,41,active,2026-08-18T10:00:00+05:30
far_f5398dc3,flt_b560320e,economy,promo,333.38,53.34,AED,15,7,0,,0,32,active,2026-08-18T10:00:00+05:30
far_b6826296,flt_b560320e,business,saver,1165.96,186.55,AED,30,7,0,,0,21,active,2026-08-18T10:00:00+05:30
far_8c96e0f3,flt_b560320e,business,promo,1033.47,165.35,AED,30,7,0,124.02,0,24,active,2026-08-18T10:00:00+05:30
far_67f59b13,flt_89cda791,economy,promo,9152.03,1464.33,INR,15,7,0,1098.24,0,74,active,2026-08-18T10:00:00+05:30
far_61596d2f,flt_89cda791,economy,standard,11733.38,1877.34,INR,15,7,0,,0,33,active,2026-08-18T10:00:00+05:30
far_e94a4102,flt_89cda791,business,corporate,40010.82,6401.73,INR,30,7,1,,0,4,active,2026-08-18T10:00:00+05:30
far_3517a9e4,flt_89cda791,business,standard,36373.47,5819.76,INR,30,7,0,,0,30,active,2026-08-18T10:00:00+05:30
far_854e31d6,flt_bb9c15e9,economy,saver,3035.89,485.74,INR,15,7,0,364.31,0,29,active,2026-08-18T10:00:00+05:30
far_83932394,flt_bb9c15e9,economy,corporate,3794.87,607.18,INR,15,7,1,,0,94,active,2026-08-18T10:00:00+05:30
far_7f51cb90,flt_bb9c15e9,business,saver,9411.27,1505.80,INR,30,7,0,,0,14,active,2026-08-18T10:00:00+05:30
far_482a48f9,flt_bb9c15e9,business,flex,13047.44,2087.59,INR,30,7,1,,1,4,active,2026-08-18T10:00:00+05:30
far_1769004a,flt_2e96ca3d,economy,saver,5410.46,865.67,INR,15,7,0,,0,156,active,2026-08-18T10:00:00+05:30
far_5bec9a28,flt_6d9447af,economy,promo,5806.93,929.11,INR,15,7,0,696.83,0,143,active,2026-08-18T10:00:00+05:30
far_3c9083e7,flt_6d9447af,economy,flex,9082.64,1453.22,INR,15,7,1,1089.92,1,149,active,2026-08-18T10:00:00+05:30
far_8bfaaf42,flt_6d9447af,business,standard,23078.83,3692.61,INR,30,7,0,2769.46,0,33,active,2026-08-18T10:00:00+05:30
far_e56f7204,flt_6d9447af,business,saver,20309.37,3249.50,INR,30,7,0,,0,12,active,2026-08-18T10:00:00+05:30
far_97705638,flt_f42e97cf,economy,saver,323.22,51.71,SGD,15,7,0,38.79,0,106,active,2026-08-18T10:00:00+05:30
far_1c19034e,flt_f42e97cf,economy,standard,367.29,58.77,SGD,15,7,0,44.08,0,151,active,2026-08-18T10:00:00+05:30
far_dc3922e2,flt_f42e97cf,business,saver,1001.98,160.32,SGD,30,7,0,120.24,0,27,active,2026-08-18T10:00:00+05:30
far_42860138,flt_f42e97cf,business,promo,888.12,142.10,SGD,30,7,0,106.57,0,9,active,2026-08-18T10:00:00+05:30
far_9047869d,flt_8388ded5,economy,promo,409.89,65.58,AED,15,7,0,49.19,0,91,active,2026-08-18T10:00:00+05:30
far_27ab7cc9,flt_8388ded5,economy,flex,641.12,102.58,AED,15,7,1,76.93,1,115,active,2026-08-18T10:00:00+05:30
far_54777e85,flt_8388ded5,business,flex,1987.46,317.99,AED,30,7,1,238.49,1,22,active,2026-08-18T10:00:00+05:30
far_e790c8f3,flt_8388ded5,business,promo,1270.67,203.31,AED,30,7,0,,0,14,active,2026-08-18T10:00:00+05:30
far_42938af1,flt_021fe0bc,economy,standard,3236.46,517.83,INR,15,7,0,388.37,0,100,active,2026-08-18T10:00:00+05:30
far_aa3b1821,flt_021fe0bc,economy,flex,3948.48,631.76,INR,15,7,1,473.82,1,114,active,2026-08-18T10:00:00+05:30
far_e0a6d1d1,flt_021fe0bc,business,flex,12240.28,1958.45,INR,30,7,1,1468.83,1,30,active,2026-08-18T10:00:00+05:30
far_513b4a93,flt_021fe0bc,business,corporate,11036.32,1765.81,INR,30,7,1,1324.36,0,16,active,2026-08-18T10:00:00+05:30
far_6071621f,flt_571d8abf,economy,standard,4011793.56,641886.97,IDR,15,7,0,481415.23,0,41,active,2026-08-18T10:00:00+05:30
far_fd3794ff,flt_571d8abf,economy,flex,4894388.15,783102.10,IDR,15,7,1,,1,146,active,2026-08-18T10:00:00+05:30
far_37e12ebb,flt_571d8abf,business,saver,10944172.84,1751067.65,IDR,30,7,0,,0,15,active,2026-08-18T10:00:00+05:30
far_a5dc47fd,flt_571d8abf,business,standard,12436560.04,1989849.61,IDR,30,7,0,1492387.21,0,15,active,2026-08-18T10:00:00+05:30
far_95e4e792,flt_db3917d5,economy,corporate,3581.85,573.10,INR,15,7,1,429.82,0,115,active,2026-08-18T10:00:00+05:30
far_0bbc7dbf,flt_db3917d5,economy,flex,3972.60,635.62,INR,15,7,1,,1,60,active,2026-08-18T10:00:00+05:30
far_2499015d,flt_db3917d5,business,corporate,11103.73,1776.60,INR,30,7,1,,0,22,active,2026-08-18T10:00:00+05:30
far_d359ca34,flt_db3917d5,business,saver,8882.99,1421.28,INR,30,7,0,1065.96,0,32,active,2026-08-18T10:00:00+05:30
far_dcfab7d5,flt_cdf8cecc,economy,promo,280.81,44.93,AED,15,7,0,33.70,0,47,active,2026-08-18T10:00:00+05:30
far_1262aaae,flt_cdf8cecc,economy,standard,360.02,57.60,AED,15,7,0,43.20,0,23,active,2026-08-18T10:00:00+05:30
far_7d6de4e2,flt_cdf8cecc,business,standard,1116.06,178.57,AED,30,7,0,133.93,0,20,active,2026-08-18T10:00:00+05:30
far_d1536288,flt_cdf8cecc,business,promo,870.52,139.28,AED,30,7,0,104.46,0,12,active,2026-08-18T10:00:00+05:30
far_c8eb40e4,flt_d5b13fab,economy,standard,1547.61,247.62,INR,15,7,0,185.71,0,168,active,2026-08-18T10:00:00+05:30
far_e16849a6,flt_d5b13fab,economy,saver,1361.90,217.90,INR,15,7,0,,0,149,active,2026-08-18T10:00:00+05:30
far_204a8558,flt_d5b13fab,business,saver,4221.88,675.50,INR,30,7,0,506.63,0,19,active,2026-08-18T10:00:00+05:30
far_cc6d1f92,flt_d5b13fab,business,promo,3742.13,598.74,INR,30,7,0,449.06,0,15,active,2026-08-18T10:00:00+05:30
far_a51431df,flt_168dcc58,economy,promo,633.08,101.29,MYR,15,7,0,,0,60,active,2026-08-18T10:00:00+05:30
far_3c22f311,flt_168dcc58,economy,standard,811.64,129.86,MYR,15,7,0,97.40,0,83,active,2026-08-18T10:00:00+05:30
far_49ebc4d8,flt_168dcc58,business,corporate,2767.70,442.83,MYR,30,7,1,332.12,0,27,active,2026-08-18T10:00:00+05:30
far_844f23a6,flt_168dcc58,business,promo,1962.55,314.01,MYR,30,7,0,235.51,0,5,active,2026-08-18T10:00:00+05:30
far_4a686534,flt_4a1c29b8,economy,saver,544.29,87.09,THB,15,7,0,65.32,0,33,active,2026-08-18T10:00:00+05:30
far_ced8fb56,flt_4a1c29b8,economy,promo,482.44,77.19,THB,15,7,0,,0,150,active,2026-08-18T10:00:00+05:30
far_52d60fa6,flt_4a1c29b8,business,standard,1917.40,306.78,THB,30,7,0,,0,25,active,2026-08-18T10:00:00+05:30
far_026b1650,flt_4a1c29b8,business,flex,2339.23,374.28,THB,30,7,1,280.71,1,13,active,2026-08-18T10:00:00+05:30
far_4a4a079c,flt_5074b0d4,economy,corporate,4328.77,692.60,INR,15,7,1,,0,98,active,2026-08-18T10:00:00+05:30
far_60b6e633,flt_5074b0d4,economy,promo,3069.49,491.12,INR,15,7,0,368.34,0,123,active,2026-08-18T10:00:00+05:30
far_35d86753,flt_5074b0d4,business,saver,10735.35,1717.66,INR,30,7,0,1288.24,0,38,active,2026-08-18T10:00:00+05:30
far_902b76a2,flt_5074b0d4,business,corporate,13419.19,2147.07,INR,30,7,1,1610.30,0,25,active,2026-08-18T10:00:00+05:30
far_aeecb76e,flt_6e22c7c9,economy,flex,2816.54,450.65,INR,15,7,1,337.98,1,80,active,2026-08-18T10:00:00+05:30
far_c53bb568,flt_0d8d335e,economy,standard,5718943.90,915031.02,IDR,15,7,0,686273.27,0,95,active,2026-08-18T10:00:00+05:30
far_c368e8a4,flt_0d8d335e,economy,promo,4460776.24,713724.20,IDR,15,7,0,,0,120,active,2026-08-18T10:00:00+05:30
far_defb5aa1,flt_0d8d335e,business,corporate,19501598.69,3120255.79,IDR,30,7,1,2340191.84,0,12,active,2026-08-18T10:00:00+05:30
far_1c8b8df7,flt_0d8d335e,business,saver,15601278.95,2496204.63,IDR,30,7,0,1872153.47,0,19,active,2026-08-18T10:00:00+05:30
far_c9bf9988,flt_a14d8a5b,economy,corporate,4105.57,656.89,THB,15,7,1,,0,59,active,2026-08-18T10:00:00+05:30
far_f4ed647f,flt_21aa96a5,economy,corporate,461.67,73.87,AED,15,7,1,55.40,0,81,active,2026-08-18T10:00:00+05:30
far_1dab1968,flt_21aa96a5,economy,flex,512.04,81.93,AED,15,7,1,,1,111,active,2026-08-18T10:00:00+05:30
far_b8ff8cdb,flt_21aa96a5,business,corporate,1431.19,228.99,AED,30,7,1,,0,27,active,2026-08-18T10:00:00+05:30
far_ac1512b8,flt_21aa96a5,business,promo,1014.84,162.37,AED,30,7,0,121.78,0,26,active,2026-08-18T10:00:00+05:30
far_f32ef4b1,flt_c5a60507,economy,flex,6995.83,1119.33,INR,15,7,1,,1,25,active,2026-08-18T10:00:00+05:30
far_3508ef93,flt_c5a60507,economy,standard,5734.28,917.49,INR,15,7,0,,0,70,active,2026-08-18T10:00:00+05:30
far_6ed567b3,flt_c5a60507,business,standard,17776.28,2844.20,INR,30,7,0,,0,36,active,2026-08-18T10:00:00+05:30
far_d7580e51,flt_c5a60507,business,saver,15643.12,2502.90,INR,30,7,0,1877.17,0,16,active,2026-08-18T10:00:00+05:30
far_a3244e3d,flt_3d3a6ea5,economy,flex,38493.80,6159.01,INR,15,7,1,4619.26,1,136,active,2026-08-18T10:00:00+05:30
far_c94ca69b,flt_3d3a6ea5,economy,standard,31552.30,5048.37,INR,15,7,0,3786.28,0,130,active,2026-08-18T10:00:00+05:30
far_e8f231b5,flt_3d3a6ea5,business,standard,97812.12,15649.94,INR,30,7,0,11737.45,0,14,active,2026-08-18T10:00:00+05:30
far_c53b5c75,flt_3d3a6ea5,business,promo,76293.45,12206.95,INR,30,7,0,9155.21,0,9,active,2026-08-18T10:00:00+05:30
far_f2e1e1eb,flt_3af5f3d2,economy,flex,4291.77,686.68,THB,15,7,1,515.01,1,123,active,2026-08-18T10:00:00+05:30
far_1be85056,flt_0bfd23df,economy,standard,4032022.23,645123.56,IDR,15,7,0,483842.67,0,104,active,2026-08-18T10:00:00+05:30
far_c10c64a7,flt_0bfd23df,economy,saver,3548179.56,567708.73,IDR,15,7,0,425781.55,0,94,active,2026-08-18T10:00:00+05:30
far_bb1f744f,flt_0bfd23df,business,promo,9749429.75,1559908.76,IDR,30,7,0,1169931.57,0,27,active,2026-08-18T10:00:00+05:30
far_1fec2430,flt_0bfd23df,business,saver,10999356.64,1759897.06,IDR,30,7,0,1319922.80,0,22,active,2026-08-18T10:00:00+05:30
far_f0c3d5e2,flt_1f44c5d5,economy,saver,1098.20,175.71,AED,15,7,0,131.78,0,26,active,2026-08-18T10:00:00+05:30
far_54289e8b,flt_1f44c5d5,economy,flex,1522.51,243.60,AED,15,7,1,182.70,1,128,active,2026-08-18T10:00:00+05:30
far_a01e0e79,flt_1f44c5d5,business,standard,3868.67,618.99,AED,30,7,0,464.24,0,22,active,2026-08-18T10:00:00+05:30
far_39527f01,flt_1f44c5d5,business,corporate,4255.53,680.89,AED,30,7,1,510.66,0,19,active,2026-08-18T10:00:00+05:30
far_30e1ef0b,flt_77bb44ac,economy,saver,13905.82,2224.93,INR,15,7,0,1668.70,0,65,active,2026-08-18T10:00:00+05:30
far_aa0e2608,flt_77bb44ac,economy,flex,19278.52,3084.56,INR,15,7,1,,1,66,active,2026-08-18T10:00:00+05:30
far_fe38220e,flt_77bb44ac,business,flex,59763.41,9562.15,INR,30,7,1,7171.61,1,25,active,2026-08-18T10:00:00+05:30
far_4f68569f,flt_77bb44ac,business,standard,48986.40,7837.82,INR,30,7,0,5878.37,0,14,active,2026-08-18T10:00:00+05:30
far_42455c9b,flt_b9183065,economy,saver,4429.07,708.65,INR,15,7,0,,0,72,active,2026-08-18T10:00:00+05:30
far_8bde158c,flt_b9183065,economy,standard,5033.03,805.28,INR,15,7,0,,0,107,active,2026-08-18T10:00:00+05:30
far_a171eb82,flt_b9183065,business,saver,13730.11,2196.82,INR,30,7,0,1647.61,0,33,active,2026-08-18T10:00:00+05:30
far_ae483b91,flt_b9183065,business,corporate,17162.63,2746.02,INR,30,7,1,2059.52,0,27,active,2026-08-18T10:00:00+05:30
far_6bf68348,flt_17140182,economy,flex,8678.30,1388.53,INR,15,7,1,,1,52,active,2026-08-18T10:00:00+05:30
far_5ae746e7,flt_17140182,economy,standard,7113.36,1138.14,INR,15,7,0,853.60,0,111,active,2026-08-18T10:00:00+05:30
far_86bc68b0,flt_17140182,business,promo,17200.11,2752.02,INR,30,7,0,,0,26,active,2026-08-18T10:00:00+05:30
far_30604992,flt_17140182,business,saver,19405.25,3104.84,INR,30,7,0,2328.63,0,4,active,2026-08-18T10:00:00+05:30
far_b5410beb,flt_87ff4d17,economy,promo,3627.96,580.47,INR,15,7,0,,0,68,active,2026-08-18T10:00:00+05:30
far_7e60dc01,flt_87ff4d17,economy,saver,4093.08,654.89,INR,15,7,0,491.17,0,97,active,2026-08-18T10:00:00+05:30
far_09bcdb18,flt_87ff4d17,business,saver,12688.55,2030.17,INR,30,7,0,1522.63,0,23,active,2026-08-18T10:00:00+05:30
far_91ec37d4,flt_87ff4d17,business,promo,11246.67,1799.47,INR,30,7,0,,0,4,active,2026-08-18T10:00:00+05:30
far_9ec91d0d,flt_09327502,economy,promo,299.20,47.87,AED,15,7,0,35.90,0,126,active,2026-08-18T10:00:00+05:30
far_35f3d0c8,flt_4de3b025,economy,corporate,4221.86,675.50,THB,15,7,1,,0,168,active,2026-08-18T10:00:00+05:30
far_80ad88a7,flt_5e1cc316,economy,corporate,4121.74,659.48,INR,15,7,1,,0,116,active,2026-08-18T10:00:00+05:30
far_7b9926df,flt_5e1cc316,economy,promo,2922.69,467.63,INR,15,7,0,350.72,0,80,active,2026-08-18T10:00:00+05:30
far_d81cfa99,flt_5e1cc316,business,standard,11615.82,1858.53,INR,30,7,0,1393.90,0,35,active,2026-08-18T10:00:00+05:30
far_31973fa0,flt_5e1cc316,business,flex,14171.30,2267.41,INR,30,7,1,,1,16,active,2026-08-18T10:00:00+05:30
far_0a265f45,flt_6d37bc4e,economy,corporate,29012.87,4642.06,INR,15,7,1,3481.54,0,90,active,2026-08-18T10:00:00+05:30
far_08d83994,flt_6d37bc4e,economy,promo,20572.76,3291.64,INR,15,7,0,2468.73,0,40,active,2026-08-18T10:00:00+05:30
far_66e5cca7,flt_6d37bc4e,business,saver,71951.92,11512.31,INR,30,7,0,,0,31,active,2026-08-18T10:00:00+05:30
far_bdcf5807,flt_6d37bc4e,business,corporate,89939.90,14390.38,INR,30,7,1,,0,7,active,2026-08-18T10:00:00+05:30
far_0aeabb78,flt_e754f2be,economy,saver,2451.86,392.30,INR,15,7,0,294.22,0,147,active,2026-08-18T10:00:00+05:30
far_04b35f48,flt_e754f2be,economy,promo,2173.24,347.72,INR,15,7,0,260.79,0,168,active,2026-08-18T10:00:00+05:30
far_3195181f,flt_e754f2be,business,standard,8637.22,1381.95,INR,30,7,0,1036.47,0,18,active,2026-08-18T10:00:00+05:30
far_a3361b80,flt_e754f2be,business,saver,7600.75,1216.12,INR,30,7,0,912.09,0,11,active,2026-08-18T10:00:00+05:30
far_5bff404b,flt_3a6b75ce,economy,standard,39.46,6.31,SGD,15,7,0,,0,133,active,2026-08-18T10:00:00+05:30
far_5f0a0260,flt_3a6b75ce,economy,saver,34.72,5.56,SGD,15,7,0,,0,72,active,2026-08-18T10:00:00+05:30
far_30a6a1ea,flt_3a6b75ce,business,corporate,134.54,21.53,SGD,30,7,1,,0,36,active,2026-08-18T10:00:00+05:30
far_ccd788f9,flt_3a6b75ce,business,standard,122.31,19.57,SGD,30,7,0,14.68,0,14,active,2026-08-18T10:00:00+05:30
far_c3f7d54d,flt_e48a9f82,economy,corporate,11652.06,1864.33,INR,15,7,1,1398.25,0,23,active,2026-08-18T10:00:00+05:30
far_f37d53d2,flt_e48a9f82,economy,standard,10592.78,1694.85,INR,15,7,0,,0,124,active,2026-08-18T10:00:00+05:30
far_65c26970,flt_e48a9f82,business,saver,28897.11,4623.54,INR,30,7,0,3467.65,0,20,active,2026-08-18T10:00:00+05:30
far_4e1d5b57,flt_e48a9f82,business,flex,40061.90,6409.90,INR,30,7,1,4807.43,1,9,active,2026-08-18T10:00:00+05:30
far_26ca9c2c,flt_6afb9880,economy,promo,3928.33,628.53,INR,15,7,0,471.40,0,31,active,2026-08-18T10:00:00+05:30
far_e8e9fc6b,flt_6afb9880,economy,standard,5036.31,805.81,INR,15,7,0,604.36,0,20,active,2026-08-18T10:00:00+05:30
far_de395039,flt_6afb9880,business,saver,13739.07,2198.25,INR,30,7,0,1648.69,0,25,active,2026-08-18T10:00:00+05:30
far_e7a4a440,flt_6afb9880,business,promo,12177.81,1948.45,INR,30,7,0,1461.34,0,38,active,2026-08-18T10:00:00+05:30
far_dc3b1f45,flt_7133fb1e,economy,flex,23863.01,3818.08,INR,15,7,1,2863.56,1,139,active,2026-08-18T10:00:00+05:30
far_53dd882d,flt_7133fb1e,economy,saver,17212.66,2754.03,INR,15,7,0,2065.52,0,81,active,2026-08-18T10:00:00+05:30
far_cce1b900,flt_7133fb1e,business,promo,47295.71,7567.31,INR,30,7,0,,0,11,active,2026-08-18T10:00:00+05:30
far_c14ac6ca,flt_7133fb1e,business,saver,53359.26,8537.48,INR,30,7,0,6403.11,0,31,active,2026-08-18T10:00:00+05:30
far_d55ad7de,flt_60f89206,economy,corporate,5198.93,831.83,INR,15,7,1,623.87,0,30,active,2026-08-18T10:00:00+05:30
far_bad61448,flt_c4c95f7a,economy,saver,3253494.19,520559.07,IDR,15,7,0,390419.30,0,121,active,2026-08-18T10:00:00+05:30
far_9c769f55,flt_c4c95f7a,economy,corporate,4066867.74,650698.84,IDR,15,7,1,488024.13,0,107,active,2026-08-18T10:00:00+05:30
far_ff091f4f,flt_c4c95f7a,business,promo,8939714.73,1430354.36,IDR,30,7,0,1072765.77,0,26,active,2026-08-18T10:00:00+05:30
far_cb5f0983,flt_c4c95f7a,business,flex,13982630.73,2237220.92,IDR,30,7,1,1677915.69,1,26,active,2026-08-18T10:00:00+05:30
far_a26f4564,flt_8744dc23,economy,flex,6678.59,1068.57,INR,15,7,1,801.43,1,105,active,2026-08-18T10:00:00+05:30
far_e517a2c0,flt_8744dc23,economy,standard,5474.25,875.88,INR,15,7,0,656.91,0,120,active,2026-08-18T10:00:00+05:30
far_3f88c25e,flt_8744dc23,business,saver,14933.76,2389.40,INR,30,7,0,1792.05,0,21,active,2026-08-18T10:00:00+05:30
far_bc90240c,flt_8744dc23,business,flex,20703.62,3312.58,INR,30,7,1,2484.43,1,24,active,2026-08-18T10:00:00+05:30
far_59f7e6cf,flt_efdcce5a,economy,standard,241.52,38.64,SGD,15,7,0,,0,66,active,2026-08-18T10:00:00+05:30
far_dca9abb6,flt_efdcce5a,economy,saver,212.54,34.01,SGD,15,7,0,25.50,0,136,active,2026-08-18T10:00:00+05:30
far_c2241de7,flt_efdcce5a,business,saver,658.87,105.42,SGD,30,7,0,79.06,0,13,active,2026-08-18T10:00:00+05:30
far_0008f41e,flt_efdcce5a,business,flex,913.43,146.15,SGD,30,7,1,,1,8,active,2026-08-18T10:00:00+05:30
far_1d731c11,flt_86cbffa8,economy,saver,4029671.32,644747.41,IDR,15,7,0,483560.56,0,67,active,2026-08-18T10:00:00+05:30
far_dc732d2a,flt_86cbffa8,economy,standard,4579171.95,732667.51,IDR,15,7,0,549500.63,0,124,active,2026-08-18T10:00:00+05:30
far_d8aa8fab,flt_86cbffa8,business,flex,17318428.32,2770948.53,IDR,30,7,1,2078211.40,1,5,active,2026-08-18T10:00:00+05:30
far_5e61ee7b,flt_86cbffa8,business,promo,11072437.78,1771590.04,IDR,30,7,0,1328692.53,0,25,active,2026-08-18T10:00:00+05:30
far_6134b35d,flt_27ecd9a5,economy,corporate,8729.28,1396.69,INR,15,7,1,1047.51,0,29,active,2026-08-18T10:00:00+05:30
far_58faa239,flt_27ecd9a5,economy,flex,9681.57,1549.05,INR,15,7,1,,1,141,active,2026-08-18T10:00:00+05:30
far_25e566d8,flt_27ecd9a5,business,promo,19188.55,3070.17,INR,30,7,0,,0,39,active,2026-08-18T10:00:00+05:30
far_4d9dd509,flt_27ecd9a5,business,standard,24600.71,3936.11,INR,30,7,0,,0,30,active,2026-08-18T10:00:00+05:30
far_96598c83,flt_7aa109f8,economy,promo,4427.25,708.36,INR,15,7,0,531.27,0,34,active,2026-08-18T10:00:00+05:30
far_dad2fca8,flt_7aa109f8,economy,standard,5675.96,908.15,INR,15,7,0,681.12,0,82,active,2026-08-18T10:00:00+05:30
far_d99e65a0,flt_7aa109f8,business,flex,21466.49,3434.64,INR,30,7,1,2575.98,1,4,active,2026-08-18T10:00:00+05:30
far_c16361e0,flt_7aa109f8,business,standard,17595.49,2815.28,INR,30,7,0,,0,21,active,2026-08-18T10:00:00+05:30
far_af50c367,flt_bcc84581,economy,saver,124.03,19.84,SGD,15,7,0,,0,87,active,2026-08-18T10:00:00+05:30
far_973faad3,flt_bcc84581,economy,standard,140.94,22.55,SGD,15,7,0,16.91,0,146,active,2026-08-18T10:00:00+05:30
far_bb0dc665,flt_bcc84581,business,standard,436.92,69.91,SGD,30,7,0,52.43,0,27,active,2026-08-18T10:00:00+05:30
far_58390586,flt_bcc84581,business,saver,384.49,61.52,SGD,30,7,0,,0,17,active,2026-08-18T10:00:00+05:30
far_5a220a86,flt_397e6b59,economy,promo,4588.40,734.14,INR,15,7,0,,0,46,active,2026-08-18T10:00:00+05:30
far_008e3f6e,flt_397e6b59,economy,saver,5176.65,828.26,INR,15,7,0,,0,64,active,2026-08-18T10:00:00+05:30
far_1ebfb09e,flt_397e6b59,business,promo,14224.04,2275.85,INR,30,7,0,1706.88,0,24,active,2026-08-18T10:00:00+05:30
far_1d82afb5,flt_397e6b59,business,flex,22247.85,3559.66,INR,30,7,1,2669.74,1,31,active,2026-08-18T10:00:00+05:30
far_c97058b6,flt_0261bbf8,economy,standard,281.41,45.03,SGD,15,7,0,33.77,0,123,active,2026-08-18T10:00:00+05:30
far_846e4049,flt_0261bbf8,economy,flex,343.33,54.93,SGD,15,7,1,41.20,1,127,active,2026-08-18T10:00:00+05:30
far_e2dd41c3,flt_0261bbf8,business,standard,872.38,139.58,SGD,30,7,0,,0,24,active,2026-08-18T10:00:00+05:30
far_067e67bc,flt_0261bbf8,business,saver,767.70,122.83,SGD,30,7,0,92.12,0,20,active,2026-08-18T10:00:00+05:30
far_16807657,flt_ec03e4f8,economy,standard,1238.19,198.11,AED,15,7,0,,0,142,active,2026-08-18T10:00:00+05:30
far_bb17eea3,flt_ec03e4f8,economy,flex,1510.60,241.70,AED,15,7,1,,1,45,active,2026-08-18T10:00:00+05:30
far_0411363d,flt_ec03e4f8,business,standard,3838.40,614.14,AED,30,7,0,,0,8,active,2026-08-18T10:00:00+05:30
far_1d15d568,flt_ec03e4f8,business,flex,4682.85,749.26,AED,30,7,1,,1,6,active,2026-08-18T10:00:00+05:30
far_8276f6a0,flt_ecab2605,economy,promo,6349.79,1015.97,INR,15,7,0,761.98,0,58,active,2026-08-18T10:00:00+05:30
far_ba9a4ad2,flt_ecab2605,economy,corporate,8954.84,1432.77,INR,15,7,1,,0,71,active,2026-08-18T10:00:00+05:30
far_fc83ed9a,flt_ecab2605,business,standard,25236.36,4037.82,INR,30,7,0,3028.36,0,4,active,2026-08-18T10:00:00+05:30
far_e8b7f3b8,flt_ecab2605,business,flex,30788.36,4926.14,INR,30,7,1,3694.60,1,11,active,2026-08-18T10:00:00+05:30
far_98352f6c,flt_f948d45d,economy,flex,270.27,43.24,SGD,15,7,1,,1,90,active,2026-08-18T10:00:00+05:30
far_498cef0f,flt_f948d45d,economy,promo,172.80,27.65,SGD,15,7,0,,0,133,active,2026-08-18T10:00:00+05:30
far_9149245f,flt_f948d45d,business,saver,604.35,96.70,SGD,30,7,0,72.52,0,11,active,2026-08-18T10:00:00+05:30
far_3c39726f,flt_f948d45d,business,flex,837.85,134.06,SGD,30,7,1,100.54,1,36,active,2026-08-18T10:00:00+05:30
far_606cc46f,flt_6fd1e1fa,economy,saver,3330.20,532.83,INR,15,7,0,399.62,0,86,active,2026-08-18T10:00:00+05:30
far_320dc0d9,flt_6fd1e1fa,economy,standard,3784.32,605.49,INR,15,7,0,,0,159,active,2026-08-18T10:00:00+05:30
far_a9e52765,flt_6fd1e1fa,business,flex,14312.29,2289.97,INR,30,7,1,1717.48,1,24,active,2026-08-18T10:00:00+05:30
far_e9101601,flt_6fd1e1fa,business,corporate,12904.53,2064.72,INR,30,7,1,1548.54,0,5,active,2026-08-18T10:00:00+05:30
far_9add78e3,flt_f84354e5,economy,saver,4755.50,760.88,INR,15,7,0,,0,28,active,2026-08-18T10:00:00+05:30
far_ef6da89d,flt_f84354e5,economy,standard,5403.97,864.64,INR,15,7,0,648.48,0,65,active,2026-08-18T10:00:00+05:30
far_aa6dfe0f,flt_f84354e5,business,flex,20437.82,3270.05,INR,30,7,1,,1,22,active,2026-08-18T10:00:00+05:30
far_9da015c3,flt_f84354e5,business,corporate,18427.54,2948.41,INR,30,7,1,,0,28,active,2026-08-18T10:00:00+05:30
far_99acd925,flt_39ef5769,economy,saver,5355.81,856.93,INR,15,7,0,642.70,0,107,active,2026-08-18T10:00:00+05:30
far_8a0a23c7,flt_39ef5769,economy,promo,4747.19,759.55,INR,15,7,0,,0,110,active,2026-08-18T10:00:00+05:30
far_ce7c5964,flt_39ef5769,business,flex,23017.81,3682.85,INR,30,7,1,,1,4,active,2026-08-18T10:00:00+05:30
far_bfa9373a,flt_39ef5769,business,corporate,20753.76,3320.60,INR,30,7,1,2490.45,0,5,active,2026-08-18T10:00:00+05:30
far_4f79b3df,flt_25a5ff5b,economy,corporate,223.18,35.71,SGD,15,7,1,26.78,0,62,active,2026-08-18T10:00:00+05:30
far_3b189410,flt_25a5ff5b,economy,saver,178.54,28.57,SGD,15,7,0,21.43,0,93,active,2026-08-18T10:00:00+05:30
far_ab62b9dc,flt_25a5ff5b,business,flex,767.33,122.77,SGD,30,7,1,,1,21,active,2026-08-18T10:00:00+05:30
far_c0d23bd4,flt_25a5ff5b,business,promo,490.59,78.49,SGD,30,7,0,,0,28,active,2026-08-18T10:00:00+05:30
far_0cc0ceeb,flt_ae1cc96e,economy,saver,2002.87,320.46,INR,15,7,0,240.34,0,44,active,2026-08-18T10:00:00+05:30
far_9736248a,flt_5e738ed4,economy,promo,2650.76,424.12,INR,15,7,0,318.09,0,126,active,2026-08-18T10:00:00+05:30
far_78d13394,flt_5e738ed4,economy,flex,4146.06,663.37,INR,15,7,1,,1,169,active,2026-08-18T10:00:00+05:30
far_4d7807c3,flt_5e738ed4,business,saver,9270.87,1483.34,INR,30,7,0,,0,4,active,2026-08-18T10:00:00+05:30
far_058b2e98,flt_5e738ed4,business,corporate,11588.58,1854.17,INR,30,7,1,1390.63,0,10,active,2026-08-18T10:00:00+05:30
far_83a71a27,flt_ba0e8f4f,economy,saver,18700.90,2992.14,INR,15,7,0,,0,158,active,2026-08-18T10:00:00+05:30
far_65506952,flt_ba0e8f4f,economy,standard,21251.02,3400.16,INR,15,7,0,2550.12,0,149,active,2026-08-18T10:00:00+05:30
far_79a86692,flt_ba0e8f4f,business,promo,51384.97,8221.60,INR,30,7,0,6166.20,0,29,active,2026-08-18T10:00:00+05:30
far_887b32da,flt_ba0e8f4f,business,corporate,72465.99,11594.56,INR,30,7,1,,0,35,active,2026-08-18T10:00:00+05:30
far_df4c8eac,flt_19570471,economy,saver,3414.00,546.24,INR,15,7,0,,0,70,active,2026-08-18T10:00:00+05:30
far_1c5d61ae,flt_2d442c3d,economy,corporate,18381.64,2941.06,INR,15,7,1,2205.80,0,119,active,2026-08-18T10:00:00+05:30
far_640c3013,flt_2d442c3d,economy,standard,16710.59,2673.69,INR,15,7,0,,0,155,active,2026-08-18T10:00:00+05:30
far_620f41a7,flt_2d442c3d,business,promo,40406.19,6464.99,INR,30,7,0,,0,32,active,2026-08-18T10:00:00+05:30
far_5dc23896,flt_2d442c3d,business,flex,63199.43,10111.91,INR,30,7,1,7583.93,1,9,active,2026-08-18T10:00:00+05:30
far_e8e8bc8a,flt_08ca5dd4,economy,standard,478.56,76.57,AED,15,7,0,,0,163,active,2026-08-18T10:00:00+05:30
far_d5e34ab7,flt_08ca5dd4,economy,promo,373.28,59.72,AED,15,7,0,,0,156,active,2026-08-18T10:00:00+05:30
far_9e5970e9,flt_08ca5dd4,business,flex,1809.91,289.58,AED,30,7,1,217.19,1,35,active,2026-08-18T10:00:00+05:30
far_ba5f53da,flt_08ca5dd4,business,promo,1157.15,185.14,AED,30,7,0,,0,8,active,2026-08-18T10:00:00+05:30
far_f7320871,flt_0bf6ad42,economy,standard,130.56,20.89,SGD,15,7,0,,0,79,active,2026-08-18T10:00:00+05:30
far_79688b5b,flt_0bf6ad42,economy,flex,159.29,25.49,SGD,15,7,1,19.11,1,20,active,2026-08-18T10:00:00+05:30
far_2d5021b6,flt_0bf6ad42,business,flex,493.79,79.01,SGD,30,7,1,,1,5,active,2026-08-18T10:00:00+05:30
far_5ec3da62,flt_0bf6ad42,business,saver,356.17,56.99,SGD,30,7,0,42.74,0,27,active,2026-08-18T10:00:00+05:30
far_82db1905,flt_e498471d,economy,standard,883.93,141.43,MYR,15,7,0,106.07,0,62,active,2026-08-18T10:00:00+05:30
far_25282f8f,flt_e498471d,economy,saver,777.86,124.46,MYR,15,7,0,93.34,0,53,active,2026-08-18T10:00:00+05:30
far_07875140,flt_e498471d,business,flex,3343.03,534.88,MYR,30,7,1,401.16,1,5,active,2026-08-18T10:00:00+05:30
far_97c989e7,flt_e498471d,business,promo,2137.35,341.98,MYR,30,7,0,256.48,0,25,active,2026-08-18T10:00:00+05:30
far_ee40d9f8,flt_a2924572,economy,promo,3233.74,517.40,INR,15,7,0,388.05,0,136,active,2026-08-18T10:00:00+05:30
far_6d219c12,flt_a2924572,economy,corporate,4560.41,729.67,INR,15,7,1,,0,39,active,2026-08-18T10:00:00+05:30
far_af3cbf5c,flt_a2924572,business,saver,11309.81,1809.57,INR,30,7,0,,0,9,active,2026-08-18T10:00:00+05:30
far_f7d0c39b,flt_a2924572,business,corporate,14137.27,2261.96,INR,30,7,1,,0,12,active,2026-08-18T10:00:00+05:30
far_6b5785cb,flt_3841a76a,economy,corporate,7419.99,1187.20,INR,15,7,1,890.40,0,153,active,2026-08-18T10:00:00+05:30
far_f05dbd8b,flt_3841a76a,economy,flex,8229.44,1316.71,INR,15,7,1,987.53,1,118,active,2026-08-18T10:00:00+05:30
far_de8ce0e5,flt_3841a76a,business,saver,18401.56,2944.25,INR,30,7,0,2208.19,0,22,active,2026-08-18T10:00:00+05:30
far_d99d03e1,flt_3841a76a,business,corporate,23001.95,3680.31,INR,30,7,1,2760.23,0,14,active,2026-08-18T10:00:00+05:30
far_573acf1d,flt_114fdc38,economy,promo,5202.67,832.43,INR,15,7,0,,0,69,active,2026-08-18T10:00:00+05:30
far_2129c18e,flt_114fdc38,economy,corporate,7337.10,1173.94,INR,15,7,1,880.45,0,22,active,2026-08-18T10:00:00+05:30
far_5ddaefa7,flt_114fdc38,business,flex,25226.29,4036.21,INR,30,7,1,3027.16,1,28,active,2026-08-18T10:00:00+05:30
far_27803b00,flt_114fdc38,business,saver,18196.02,2911.36,INR,30,7,0,2183.52,0,7,active,2026-08-18T10:00:00+05:30
far_25214327,flt_4bf173ba,economy,flex,8773.62,1403.78,INR,15,7,1,1052.83,1,49,active,2026-08-18T10:00:00+05:30
far_c0f7fe96,flt_4bf173ba,economy,standard,7191.49,1150.64,INR,15,7,0,,0,39,active,2026-08-18T10:00:00+05:30
far_c6b982ef,flt_4bf173ba,business,corporate,24522.98,3923.68,INR,30,7,1,,0,30,active,2026-08-18T10:00:00+05:30
far_1310be8d,flt_4bf173ba,business,promo,17389.02,2782.24,INR,30,7,0,2086.68,0,34,active,2026-08-18T10:00:00+05:30
far_261c1205,flt_b8a967c7,economy,saver,4231.03,676.97,INR,15,7,0,507.72,0,66,active,2026-08-18T10:00:00+05:30
far_bd2dcf7c,flt_b8a967c7,economy,standard,4807.99,769.28,INR,15,7,0,576.96,0,168,active,2026-08-18T10:00:00+05:30
far_b83239d3,flt_b8a967c7,business,corporate,16395.26,2623.24,INR,30,7,1,1967.43,0,15,active,2026-08-18T10:00:00+05:30
far_3d6da683,flt_b8a967c7,business,standard,14904.78,2384.76,INR,30,7,0,1788.57,0,32,active,2026-08-18T10:00:00+05:30
far_9e93c996,flt_cce65c85,economy,corporate,5660.40,905.66,INR,15,7,1,679.25,0,86,active,2026-08-18T10:00:00+05:30
far_f9d5b915,flt_cce65c85,economy,promo,4013.74,642.20,INR,15,7,0,481.65,0,148,active,2026-08-18T10:00:00+05:30
far_89cb744b,flt_cce65c85,business,corporate,17547.25,2807.56,INR,30,7,1,,0,8,active,2026-08-18T10:00:00+05:30
far_15e0a66b,flt_cce65c85,business,flex,19461.50,3113.84,INR,30,7,1,2335.38,1,6,active,2026-08-18T10:00:00+05:30
far_06c847e6,flt_11e79597,economy,standard,5485618.87,877699.02,IDR,15,7,0,,0,70,active,2026-08-18T10:00:00+05:30
far_3d188881,flt_11e79597,economy,saver,4827344.61,772375.14,IDR,15,7,0,,0,89,active,2026-08-18T10:00:00+05:30
far_32572632,flt_11e79597,business,saver,14964768.29,2394362.93,IDR,30,7,0,1795772.19,0,12,active,2026-08-18T10:00:00+05:30
far_e0abdcde,flt_11e79597,business,promo,13264226.44,2122276.23,IDR,30,7,0,,0,12,active,2026-08-18T10:00:00+05:30
far_229410e0,flt_b55a4ef1,economy,promo,734.71,117.55,AED,15,7,0,,0,92,active,2026-08-18T10:00:00+05:30
far_9c1a457b,flt_a3a3ecb4,economy,saver,532.36,85.18,THB,15,7,0,,0,58,active,2026-08-18T10:00:00+05:30
far_c42f0849,flt_6ea41ba6,economy,corporate,8573.63,1371.78,INR,15,7,1,1028.84,0,103,active,2026-08-18T10:00:00+05:30
far_b27e4a0e,flt_6ea41ba6,economy,flex,9508.93,1521.43,INR,15,7,1,1141.07,1,131,active,2026-08-18T10:00:00+05:30
far_b6c6c60e,flt_6ea41ba6,business,flex,29477.69,4716.43,INR,30,7,1,3537.32,1,16,active,2026-08-18T10:00:00+05:30
far_5c4ba701,flt_6ea41ba6,business,promo,18846.39,3015.42,INR,30,7,0,2261.57,0,24,active,2026-08-18T10:00:00+05:30
far_19f3909b,flt_c76935d2,economy,flex,6547.12,1047.54,INR,15,7,1,785.65,1,30,active,2026-08-18T10:00:00+05:30
far_4f68554a,flt_c76935d2,economy,promo,4185.86,669.74,INR,15,7,0,,0,92,active,2026-08-18T10:00:00+05:30
far_01d62951,flt_c76935d2,business,promo,12976.18,2076.19,INR,30,7,0,,0,11,active,2026-08-18T10:00:00+05:30
far_51762ad6,flt_c76935d2,business,flex,20296.08,3247.37,INR,30,7,1,,1,31,active,2026-08-18T10:00:00+05:30
far_b940f4da,flt_4f6bc69e,economy,standard,602.93,96.47,AED,15,7,0,72.35,0,90,active,2026-08-18T10:00:00+05:30
far_fd5bfea1,flt_4f6bc69e,economy,flex,735.57,117.69,AED,15,7,1,88.27,1,110,active,2026-08-18T10:00:00+05:30
far_f965033a,flt_4f6bc69e,business,saver,1644.79,263.17,AED,30,7,0,197.37,0,10,active,2026-08-18T10:00:00+05:30
far_7517a9a4,flt_4f6bc69e,business,corporate,2055.98,328.96,AED,30,7,1,,0,36,active,2026-08-18T10:00:00+05:30
far_384d8dfd,flt_2cb25780,economy,saver,5432.10,869.14,INR,15,7,0,651.85,0,131,active,2026-08-18T10:00:00+05:30
far_906177a3,flt_2cb25780,economy,standard,6172.84,987.66,INR,15,7,0,740.74,0,125,active,2026-08-18T10:00:00+05:30
far_049acc56,flt_2cb25780,business,corporate,21049.40,3367.90,INR,30,7,1,,0,6,active,2026-08-18T10:00:00+05:30
far_351cd304,flt_2cb25780,business,saver,16839.52,2694.32,INR,30,7,0,,0,31,active,2026-08-18T10:00:00+05:30
far_d9e4ee5e,flt_61273d76,economy,flex,305.05,48.81,SGD,15,7,1,36.61,1,79,active,2026-08-18T10:00:00+05:30
far_3a81b676,flt_61273d76,economy,corporate,275.04,44.01,SGD,15,7,1,33.01,0,52,active,2026-08-18T10:00:00+05:30
far_2142d084,flt_61273d76,business,corporate,852.63,136.42,SGD,30,7,1,,0,13,active,2026-08-18T10:00:00+05:30
far_ad473b45,flt_61273d76,business,saver,682.11,109.14,SGD,30,7,0,81.85,0,17,active,2026-08-18T10:00:00+05:30
far_5cfb5bd9,flt_c3a604aa,economy,flex,1068.56,170.97,MYR,15,7,1,,1,147,active,2026-08-18T10:00:00+05:30
far_3cf46fa3,flt_c3a604aa,economy,standard,875.87,140.14,MYR,15,7,0,,0,21,active,2026-08-18T10:00:00+05:30
far_10e9cd1d,flt_c3a604aa,business,flex,3312.55,530.01,MYR,30,7,1,,1,23,active,2026-08-18T10:00:00+05:30
far_fd3c585e,flt_c3a604aa,business,promo,2117.86,338.86,MYR,30,7,0,,0,12,active,2026-08-18T10:00:00+05:30
far_a339edfa,flt_c6e7ce58,economy,flex,198.77,31.80,SGD,15,7,1,,1,169,active,2026-08-18T10:00:00+05:30
far_58abdfd2,flt_91fa7b1a,economy,corporate,16022.47,2563.60,INR,15,7,1,1922.70,0,160,active,2026-08-18T10:00:00+05:30
far_84a649ab,flt_91fa7b1a,economy,standard,14565.88,2330.54,INR,15,7,0,,0,62,active,2026-08-18T10:00:00+05:30
far_f1eb1cc8,flt_91fa7b1a,business,flex,55088.17,8814.11,INR,30,7,1,6610.58,1,20,active,2026-08-18T10:00:00+05:30
far_507a036e,flt_91fa7b1a,business,standard,45154.24,7224.68,INR,30,7,0,5418.51,0,39,active,2026-08-18T10:00:00+05:30
far_ba3758b2,flt_f03224b8,economy,flex,20077.97,3212.48,INR,15,7,1,2409.36,1,64,active,2026-08-18T10:00:00+05:30
far_2beee8b6,flt_f03224b8,economy,saver,14482.47,2317.20,INR,15,7,0,1737.90,0,63,active,2026-08-18T10:00:00+05:30
far_ea96c75b,flt_f03224b8,business,standard,51017.79,8162.85,INR,30,7,0,,0,13,active,2026-08-18T10:00:00+05:30
far_222fff5a,flt_f03224b8,business,flex,62241.71,9958.67,INR,30,7,1,7469.00,1,24,active,2026-08-18T10:00:00+05:30
far_3259bd70,flt_111b7c31,economy,corporate,31691.02,5070.56,INR,15,7,1,,0,118,active,2026-08-18T10:00:00+05:30
far_45f731b0,flt_111b7c31,economy,saver,25352.81,4056.45,INR,15,7,0,3042.34,0,107,active,2026-08-18T10:00:00+05:30
far_f839f893,flt_111b7c31,business,promo,69662.62,11146.02,INR,30,7,0,,0,34,active,2026-08-18T10:00:00+05:30
far_9309abc6,flt_111b7c31,business,flex,108959.48,17433.52,INR,30,7,1,13075.14,1,5,active,2026-08-18T10:00:00+05:30
far_84b5f213,flt_2fca65c9,economy,corporate,318.49,50.96,AED,15,7,1,38.22,0,156,active,2026-08-18T10:00:00+05:30
far_2711987e,flt_c4dd3ce5,economy,promo,197.20,31.55,SGD,15,7,0,,0,117,active,2026-08-18T10:00:00+05:30
far_0a4aaa35,flt_94bebdad,economy,promo,11229.74,1796.76,INR,15,7,0,1347.57,0,49,active,2026-08-18T10:00:00+05:30
far_12f6da71,flt_94bebdad,economy,corporate,15836.81,2533.89,INR,15,7,1,1900.42,0,43,active,2026-08-18T10:00:00+05:30
far_532dbbf0,flt_94bebdad,business,standard,44631.00,7140.96,INR,30,7,0,5355.72,0,23,active,2026-08-18T10:00:00+05:30
far_533dbc15,flt_94bebdad,business,corporate,49094.10,7855.06,INR,30,7,1,5891.29,0,9,active,2026-08-18T10:00:00+05:30
far_524b2424,flt_174ed711,economy,standard,5067.88,810.86,INR,15,7,0,,0,49,active,2026-08-18T10:00:00+05:30
far_7a471371,flt_174ed711,economy,flex,6182.81,989.25,INR,15,7,1,,1,89,active,2026-08-18T10:00:00+05:30
far_752574a0,flt_174ed711,business,flex,19166.72,3066.68,INR,30,7,1,,1,17,active,2026-08-18T10:00:00+05:30
far_1b10c578,flt_174ed711,business,promo,12254.14,1960.66,INR,30,7,0,1470.50,0,18,active,2026-08-18T10:00:00+05:30
far_ba8ef826,flt_2bf62be4,economy,promo,4272441.64,683590.66,IDR,15,7,0,,0,41,active,2026-08-18T10:00:00+05:30
far_b0c275d8,flt_2bf62be4,economy,flex,6682536.93,1069205.91,IDR,15,7,1,,1,138,active,2026-08-18T10:00:00+05:30
far_1d9b7d26,flt_2bf62be4,business,corporate,18678238.46,2988518.15,IDR,30,7,1,2241388.62,0,36,active,2026-08-18T10:00:00+05:30
far_82f6a87d,flt_2bf62be4,business,saver,14942590.77,2390814.52,IDR,30,7,0,1793110.89,0,36,active,2026-08-18T10:00:00+05:30
far_e195d3c1,flt_a8acf891,economy,corporate,13517.08,2162.73,INR,15,7,1,1622.05,0,59,active,2026-08-18T10:00:00+05:30
far_a9c4ec4e,flt_a8acf891,economy,standard,12288.26,1966.12,INR,15,7,0,1474.59,0,103,active,2026-08-18T10:00:00+05:30
far_0b2ec452,flt_a8acf891,business,standard,38093.59,6094.98,INR,30,7,0,,0,38,active,2026-08-18T10:00:00+05:30
far_d1b51951,flt_a8acf891,business,promo,29713.00,4754.08,INR,30,7,0,3565.56,0,33,active,2026-08-18T10:00:00+05:30
far_d29c2113,flt_c6cb2211,economy,flex,34798.46,5567.75,INR,15,7,1,4175.82,1,24,active,2026-08-18T10:00:00+05:30
far_5d3015d5,flt_c6cb2211,economy,corporate,31375.66,5020.11,INR,15,7,1,,0,112,active,2026-08-18T10:00:00+05:30
far_b22102ad,flt_c6cb2211,business,standard,88422.31,14147.57,INR,30,7,0,,0,25,active,2026-08-18T10:00:00+05:30
far_ba3bdf20,flt_c6cb2211,business,saver,77811.64,12449.86,INR,30,7,0,9337.40,0,32,active,2026-08-18T10:00:00+05:30
far_135d1c00,flt_9cea4113,economy,flex,17765.66,2842.50,INR,15,7,1,2131.88,1,128,active,2026-08-18T10:00:00+05:30
far_4ac6994a,flt_725571bf,economy,flex,10184.73,1629.56,INR,15,7,1,1222.17,1,66,active,2026-08-18T10:00:00+05:30
far_f3fd835c,flt_725571bf,economy,promo,6511.55,1041.85,INR,15,7,0,,0,58,active,2026-08-18T10:00:00+05:30
far_824965f2,flt_725571bf,business,saver,22773.73,3643.80,INR,30,7,0,2732.85,0,12,active,2026-08-18T10:00:00+05:30
far_db054072,flt_725571bf,business,standard,25879.23,4140.68,INR,30,7,0,3105.51,0,17,active,2026-08-18T10:00:00+05:30
far_18cae687,flt_fb654908,economy,promo,3488695.49,558191.28,IDR,15,7,0,418643.46,0,72,active,2026-08-18T10:00:00+05:30
far_aba023fe,flt_fb654908,economy,saver,3935964.14,629754.26,IDR,15,7,0,472315.70,0,156,active,2026-08-18T10:00:00+05:30
far_b7ce2271,flt_fb654908,business,promo,10814956.02,1730392.96,IDR,30,7,0,1297794.72,0,30,active,2026-08-18T10:00:00+05:30
far_ca124f5b,flt_fb654908,business,saver,12201488.85,1952238.22,IDR,30,7,0,1464178.66,0,9,active,2026-08-18T10:00:00+05:30
far_e01288ea,flt_b1558754,economy,corporate,375.66,60.11,SGD,15,7,1,45.08,0,68,active,2026-08-18T10:00:00+05:30
far_3f1e7168,flt_b1558754,economy,saver,300.53,48.08,SGD,15,7,0,36.06,0,145,active,2026-08-18T10:00:00+05:30
far_8072a425,flt_b1558754,business,corporate,1164.54,186.33,SGD,30,7,1,139.74,0,34,active,2026-08-18T10:00:00+05:30
far_6a7a47e2,flt_b1558754,business,saver,931.63,149.06,SGD,30,7,0,111.80,0,27,active,2026-08-18T10:00:00+05:30
far_6f4a3ace,flt_54825979,economy,saver,701.49,112.24,MYR,15,7,0,,0,78,active,2026-08-18T10:00:00+05:30
far_f3e097bc,flt_54825979,economy,corporate,876.86,140.30,MYR,15,7,1,,0,110,active,2026-08-18T10:00:00+05:30
far_97601c73,flt_54825979,business,promo,1927.51,308.40,MYR,30,7,0,,0,26,active,2026-08-18T10:00:00+05:30
far_882168ad,flt_54825979,business,corporate,2718.28,434.92,MYR,30,7,1,,0,21,active,2026-08-18T10:00:00+05:30
far_7d1375d1,flt_6c9e2740,economy,flex,6903.41,1104.55,INR,15,7,1,828.41,1,93,active,2026-08-18T10:00:00+05:30
far_d99c50b6,flt_6c9e2740,economy,standard,5658.54,905.37,INR,15,7,0,679.02,0,55,active,2026-08-18T10:00:00+05:30
far_3e604a0a,flt_6c9e2740,business,standard,17541.46,2806.63,INR,30,7,0,2104.98,0,13,active,2026-08-18T10:00:00+05:30
far_eeb25337,flt_6c9e2740,business,saver,15436.49,2469.84,INR,30,7,0,1852.38,0,25,active,2026-08-18T10:00:00+05:30
far_6fef31b2,flt_4d611703,economy,corporate,7589.71,1214.35,INR,15,7,1,,0,46,active,2026-08-18T10:00:00+05:30
far_c7bffac0,flt_4d611703,economy,promo,5381.80,861.09,INR,15,7,0,645.82,0,65,active,2026-08-18T10:00:00+05:30
far_5e795960,flt_4d611703,business,promo,16683.57,2669.37,INR,30,7,0,2002.03,0,5,active,2026-08-18T10:00:00+05:30
far_a188f1ea,flt_4d611703,business,saver,18822.49,3011.60,INR,30,7,0,,0,6,active,2026-08-18T10:00:00+05:30
far_ba8a6da1,flt_0a599737,economy,flex,28596.75,4575.48,INR,15,7,1,,1,109,active,2026-08-18T10:00:00+05:30
far_671acabf,flt_0a599737,economy,corporate,25783.95,4125.43,INR,15,7,1,,0,157,active,2026-08-18T10:00:00+05:30
far_1d7fc255,flt_0a599737,business,flex,88649.92,14183.99,INR,30,7,1,,1,17,active,2026-08-18T10:00:00+05:30
far_551d4d76,flt_0a599737,business,corporate,79930.25,12788.84,INR,30,7,1,9591.63,0,11,active,2026-08-18T10:00:00+05:30
far_4193546c,flt_d15eaf31,economy,flex,675.43,108.07,AED,15,7,1,,1,24,active,2026-08-18T10:00:00+05:30
far_b4feeec5,flt_d15eaf31,economy,saver,487.19,77.95,AED,15,7,0,58.46,0,54,active,2026-08-18T10:00:00+05:30
far_426485e1,flt_d15eaf31,business,flex,2093.82,335.01,AED,30,7,1,,1,6,active,2026-08-18T10:00:00+05:30
far_0098368f,flt_d15eaf31,business,promo,1338.67,214.19,AED,30,7,0,,0,11,active,2026-08-18T10:00:00+05:30
far_8e7a81ec,flt_59594ed5,economy,saver,4531.35,725.02,INR,15,7,0,,0,37,active,2026-08-18T10:00:00+05:30
far_6cc9337f,flt_59594ed5,economy,standard,5149.26,823.88,INR,15,7,0,617.91,0,125,active,2026-08-18T10:00:00+05:30
far_d8072a7f,flt_59594ed5,business,promo,12450.91,1992.15,INR,30,7,0,1494.11,0,6,active,2026-08-18T10:00:00+05:30
far_b1a75de4,flt_59594ed5,business,saver,14047.18,2247.55,INR,30,7,0,,0,33,active,2026-08-18T10:00:00+05:30
far_9b9ad49e,flt_f77c19b9,economy,flex,4903.43,784.55,INR,15,7,1,,1,144,active,2026-08-18T10:00:00+05:30
far_a5e6bb6b,flt_f77c19b9,economy,promo,3134.98,501.60,INR,15,7,0,376.20,0,81,active,2026-08-18T10:00:00+05:30
far_2acbc35e,flt_f77c19b9,business,standard,12459.54,1993.53,INR,30,7,0,1495.15,0,39,active,2026-08-18T10:00:00+05:30
far_2103a573,flt_f77c19b9,business,promo,9718.44,1554.95,INR,30,7,0,1166.21,0,38,active,2026-08-18T10:00:00+05:30
far_56ff99cd,flt_27fce577,economy,promo,364.26,58.28,SGD,15,7,0,43.71,0,22,active,2026-08-18T10:00:00+05:30
far_91c1610b,flt_27fce577,economy,standard,467.00,74.72,SGD,15,7,0,56.04,0,28,active,2026-08-18T10:00:00+05:30
far_98baabdf,flt_27fce577,business,corporate,1592.46,254.79,SGD,30,7,1,,0,17,active,2026-08-18T10:00:00+05:30
far_21971755,flt_27fce577,business,saver,1273.96,203.83,SGD,30,7,0,152.88,0,6,active,2026-08-18T10:00:00+05:30
far_3209d466,flt_ea0d9acd,economy,standard,355.56,56.89,SGD,15,7,0,42.67,0,153,active,2026-08-18T10:00:00+05:30
far_acf31bd8,flt_ea0d9acd,economy,promo,277.34,44.37,SGD,15,7,0,,0,157,active,2026-08-18T10:00:00+05:30
far_4aaba65d,flt_ea0d9acd,business,flex,1344.74,215.16,SGD,30,7,1,,1,17,active,2026-08-18T10:00:00+05:30
far_f76c1117,flt_ea0d9acd,business,corporate,1212.47,194.00,SGD,30,7,1,,0,31,active,2026-08-18T10:00:00+05:30
far_e7299ab8,flt_d0942dc8,economy,flex,4485124.07,717619.85,IDR,15,7,1,538214.89,1,158,active,2026-08-18T10:00:00+05:30
far_b78db8bb,flt_d0942dc8,economy,saver,3235171.46,517627.43,IDR,15,7,0,388220.57,0,73,active,2026-08-18T10:00:00+05:30
far_a4755602,flt_d0942dc8,business,corporate,12536289.40,2005806.30,IDR,30,7,1,1504354.73,0,30,active,2026-08-18T10:00:00+05:30
far_2bddd355,flt_d0942dc8,business,standard,11396626.72,1823460.28,IDR,30,7,0,1367595.21,0,27,active,2026-08-18T10:00:00+05:30
far_d64cc51c,flt_e72d5b74,economy,saver,3520.00,563.20,INR,15,7,0,422.40,0,31,active,2026-08-18T10:00:00+05:30
far_a6710826,flt_e72d5b74,economy,standard,4000.00,640.00,INR,15,7,0,480.00,0,107,active,2026-08-18T10:00:00+05:30
far_f7cc4a6c,flt_e72d5b74,business,saver,10912.01,1745.92,INR,30,7,0,,0,10,active,2026-08-18T10:00:00+05:30
far_104bf234,flt_e72d5b74,business,standard,12400.01,1984.00,INR,30,7,0,1488.00,0,5,active,2026-08-18T10:00:00+05:30
far_e3c9b704,flt_f9bc22fc,economy,promo,1113.23,178.12,INR,15,7,0,,0,36,active,2026-08-18T10:00:00+05:30
far_c0ab3b8c,flt_264ff3f0,economy,promo,7484.13,1197.46,INR,15,7,0,,0,166,active,2026-08-18T10:00:00+05:30
far_1a6ea141,flt_a8d0e9cc,economy,corporate,18244.23,2919.08,INR,15,7,1,2189.31,0,68,active,2026-08-18T10:00:00+05:30
far_d199006a,flt_a8d0e9cc,economy,promo,12936.82,2069.89,INR,15,7,0,1552.42,0,144,active,2026-08-18T10:00:00+05:30
far_09cf1475,flt_a8d0e9cc,business,saver,45245.69,7239.31,INR,30,7,0,5429.48,0,8,active,2026-08-18T10:00:00+05:30
far_4cc6a6f2,flt_a8d0e9cc,business,corporate,56557.11,9049.14,INR,30,7,1,6786.85,0,26,active,2026-08-18T10:00:00+05:30
far_84bd8be4,flt_1a129008,economy,promo,4454.93,712.79,INR,15,7,0,534.59,0,144,active,2026-08-18T10:00:00+05:30
far_f66cfe2d,flt_1a129008,economy,corporate,6282.60,1005.22,INR,15,7,1,753.91,0,169,active,2026-08-18T10:00:00+05:30
far_7ffb13f6,flt_1a129008,business,standard,17705.51,2832.88,INR,30,7,0,2124.66,0,7,active,2026-08-18T10:00:00+05:30
far_a8c3fb8e,flt_1a129008,business,saver,15580.85,2492.94,INR,30,7,0,1869.70,0,34,active,2026-08-18T10:00:00+05:30
far_46d3e638,flt_2aa5ca9e,economy,flex,6033825.77,965412.12,IDR,15,7,1,,1,154,active,2026-08-18T10:00:00+05:30
far_d90c3689,flt_2aa5ca9e,economy,corporate,5440334.71,870453.55,IDR,15,7,1,652840.17,0,87,active,2026-08-18T10:00:00+05:30
far_80c2c1f6,flt_2aa5ca9e,business,promo,11958844.85,1913415.18,IDR,30,7,0,1435061.38,0,35,active,2026-08-18T10:00:00+05:30
far_0f9f12f0,flt_2aa5ca9e,business,saver,13492030.09,2158724.81,IDR,30,7,0,,0,34,active,2026-08-18T10:00:00+05:30
far_0ac02909,flt_b1d28a0c,economy,flex,19017.21,3042.75,INR,15,7,1,,1,147,active,2026-08-18T10:00:00+05:30
far_4e4739fa,flt_b1d28a0c,economy,promo,12158.55,1945.37,INR,15,7,0,,0,28,active,2026-08-18T10:00:00+05:30
far_2c853179,flt_b1d28a0c,business,standard,48322.43,7731.59,INR,30,7,0,5798.69,0,13,active,2026-08-18T10:00:00+05:30
far_54c43045,flt_b1d28a0c,business,promo,37691.50,6030.64,INR,30,7,0,,0,16,active,2026-08-18T10:00:00+05:30
far_c3f93f17,flt_3a80547b,economy,corporate,6277.20,1004.35,INR,15,7,1,,0,91,active,2026-08-18T10:00:00+05:30
far_c74fa4af,flt_3a80547b,economy,promo,4451.10,712.18,INR,15,7,0,534.13,0,168,active,2026-08-18T10:00:00+05:30
far_75bc7607,flt_3a80547b,business,standard,17690.28,2830.44,INR,30,7,0,2122.83,0,4,active,2026-08-18T10:00:00+05:30
far_d13a09c1,flt_3a80547b,business,corporate,19459.31,3113.49,INR,30,7,1,2335.12,0,8,active,2026-08-18T10:00:00+05:30
far_d8c50410,flt_403a21a9,economy,standard,845.53,135.28,AED,15,7,0,101.46,0,156,active,2026-08-18T10:00:00+05:30
far_debeb77a,flt_8e69cd1f,economy,flex,5195469.03,831275.04,IDR,15,7,1,,1,27,active,2026-08-18T10:00:00+05:30
far_40559370,flt_8e69cd1f,economy,standard,4258581.17,681372.99,IDR,15,7,0,,0,107,active,2026-08-18T10:00:00+05:30
far_da6ec0d3,flt_8e69cd1f,business,standard,13201601.63,2112256.26,IDR,30,7,0,,0,23,active,2026-08-18T10:00:00+05:30
far_c0aed7ea,flt_8e69cd1f,business,flex,16105953.99,2576952.64,IDR,30,7,1,,1,9,active,2026-08-18T10:00:00+05:30
far_4c5b0cde,flt_879ea2f4,economy,promo,373.08,59.69,AED,15,7,0,44.77,0,95,active,2026-08-18T10:00:00+05:30
far_38c500b8,flt_879ea2f4,economy,saver,420.91,67.35,AED,15,7,0,,0,73,active,2026-08-18T10:00:00+05:30
far_a3283597,flt_879ea2f4,business,flex,1808.94,289.43,AED,30,7,1,,1,27,active,2026-08-18T10:00:00+05:30
far_482f126a,flt_879ea2f4,business,corporate,1631.01,260.96,AED,30,7,1,195.72,0,8,active,2026-08-18T10:00:00+05:30
far_9e060739,flt_dca81936,economy,promo,8563.25,1370.12,INR,15,7,0,1027.59,0,108,active,2026-08-18T10:00:00+05:30
far_07b8af0e,flt_dca81936,economy,flex,13393.80,2143.01,INR,15,7,1,,1,159,active,2026-08-18T10:00:00+05:30
far_4a930d24,flt_dca81936,business,corporate,37436.76,5989.88,INR,30,7,1,4492.41,0,15,active,2026-08-18T10:00:00+05:30
far_f5a264d2,flt_dca81936,business,saver,29949.41,4791.91,INR,30,7,0,,0,15,active,2026-08-18T10:00:00+05:30
far_b8719c2c,flt_d2ad9ca4,economy,promo,5554.41,888.71,INR,15,7,0,666.53,0,117,active,2026-08-18T10:00:00+05:30
far_e3aa3807,flt_d2ad9ca4,economy,saver,6266.51,1002.64,INR,15,7,0,,0,74,active,2026-08-18T10:00:00+05:30
far_bc897efe,flt_d2ad9ca4,business,saver,19426.19,3108.19,INR,30,7,0,2331.14,0,21,active,2026-08-18T10:00:00+05:30
far_7f86b0fc,flt_d2ad9ca4,business,standard,22075.21,3532.03,INR,30,7,0,,0,8,active,2026-08-18T10:00:00+05:30
far_891990b2,flt_2cd172fb,economy,flex,1773.27,283.72,INR,15,7,1,212.79,1,138,active,2026-08-18T10:00:00+05:30
far_0b5bd450,flt_2cd172fb,economy,corporate,1598.85,255.82,INR,15,7,1,191.86,0,135,active,2026-08-18T10:00:00+05:30
far_90a22cda,flt_2cd172fb,business,standard,4505.86,720.94,INR,30,7,0,540.70,0,31,active,2026-08-18T10:00:00+05:30
far_654e4c32,flt_2cd172fb,business,promo,3514.57,562.33,INR,30,7,0,421.75,0,25,active,2026-08-18T10:00:00+05:30
far_16eeaf73,flt_879605f9,economy,promo,3723.20,595.71,INR,15,7,0,446.78,0,156,active,2026-08-18T10:00:00+05:30
far_3b7e8fa8,flt_879605f9,economy,saver,4200.54,672.09,INR,15,7,0,504.06,0,36,active,2026-08-18T10:00:00+05:30
far_8e077ba2,flt_879605f9,business,standard,14797.34,2367.58,INR,30,7,0,,0,15,active,2026-08-18T10:00:00+05:30
far_96e24308,flt_879605f9,business,promo,11541.93,1846.71,INR,30,7,0,,0,23,active,2026-08-18T10:00:00+05:30
far_07d0fa67,flt_b2505a4f,economy,saver,2631.31,421.01,INR,15,7,0,,0,113,active,2026-08-18T10:00:00+05:30
far_61e9786c,flt_b2505a4f,economy,flex,3647.95,583.67,INR,15,7,1,,1,98,active,2026-08-18T10:00:00+05:30
far_48a58da2,flt_b2505a4f,business,standard,9269.38,1483.10,INR,30,7,0,1112.33,0,17,active,2026-08-18T10:00:00+05:30
far_e604e97b,flt_b2505a4f,business,promo,7230.12,1156.82,INR,30,7,0,867.61,0,37,active,2026-08-18T10:00:00+05:30
far_9c890cf1,flt_9d96fc1d,economy,corporate,11383.03,1821.28,INR,15,7,1,1365.96,0,156,active,2026-08-18T10:00:00+05:30
far_ee545265,flt_9d96fc1d,economy,standard,10348.21,1655.71,INR,15,7,0,1241.78,0,21,active,2026-08-18T10:00:00+05:30
far_13abbf27,flt_9d96fc1d,business,standard,32079.44,5132.71,INR,30,7,0,,0,16,active,2026-08-18T10:00:00+05:30
far_71987c9c,flt_9d96fc1d,business,corporate,35287.39,5645.98,INR,30,7,1,4234.49,0,36,active,2026-08-18T10:00:00+05:30
far_4575487c,flt_25730326,economy,corporate,9965.29,1594.45,INR,15,7,1,,0,69,active,2026-08-18T10:00:00+05:30
far_ef4e402d,flt_25730326,economy,promo,7066.30,1130.61,INR,15,7,0,847.96,0,34,active,2026-08-18T10:00:00+05:30
far_c843c26e,flt_25730326,business,saver,24713.92,3954.23,INR,30,7,0,2965.67,0,13,active,2026-08-18T10:00:00+05:30
far_3a192b1c,flt_25730326,business,corporate,30892.40,4942.78,INR,30,7,1,3707.09,0,22,active,2026-08-18T10:00:00+05:30
far_fed08123,flt_8aa86fb6,economy,flex,5941.35,950.62,INR,15,7,1,712.96,1,102,active,2026-08-18T10:00:00+05:30
far_3a5eff4e,flt_f0b70993,economy,corporate,11705.47,1872.88,INR,15,7,1,1404.66,0,75,active,2026-08-18T10:00:00+05:30
far_e3fea19a,flt_f0b70993,economy,flex,12982.43,2077.19,INR,15,7,1,,1,76,active,2026-08-18T10:00:00+05:30
far_c479a162,flt_f0b70993,business,corporate,36286.97,5805.91,INR,30,7,1,4354.44,0,25,active,2026-08-18T10:00:00+05:30
far_9532182e,flt_f0b70993,business,promo,25730.76,4116.92,INR,30,7,0,3087.69,0,35,active,2026-08-18T10:00:00+05:30
far_3bf5fb21,flt_7e51806e,economy,flex,2389.10,382.26,INR,15,7,1,,1,103,active,2026-08-18T10:00:00+05:30
far_519fe82f,flt_7e51806e,economy,saver,1723.29,275.73,INR,15,7,0,206.79,0,34,active,2026-08-18T10:00:00+05:30
far_66d9b306,flt_7e51806e,business,standard,6070.67,971.31,INR,30,7,0,728.48,0,29,active,2026-08-18T10:00:00+05:30
far_59c55702,flt_7e51806e,business,flex,7406.22,1185.00,INR,30,7,1,888.75,1,13,active,2026-08-18T10:00:00+05:30
far_ad041500,flt_6b3f3a6e,economy,saver,10025.76,1604.12,INR,15,7,0,1203.09,0,163,active,2026-08-18T10:00:00+05:30
far_7ee4313c,flt_6f282b31,economy,corporate,7979.55,1276.73,INR,15,7,1,,0,82,active,2026-08-18T10:00:00+05:30
far_c933e78f,flt_6f282b31,economy,standard,7254.14,1160.66,INR,15,7,0,,0,74,active,2026-08-18T10:00:00+05:30
far_0b4e6b5d,flt_6f282b31,business,saver,19789.29,3166.29,INR,30,7,0,,0,7,active,2026-08-18T10:00:00+05:30
far_8a0102cd,flt_6f282b31,business,flex,27435.15,4389.62,INR,30,7,1,,1,16,active,2026-08-18T10:00:00+05:30
far_e532f43e,flt_b3836e70,economy,corporate,8223.81,1315.81,INR,15,7,1,986.86,0,46,active,2026-08-18T10:00:00+05:30
far_d67bcff0,flt_b3836e70,economy,saver,6579.05,1052.65,INR,15,7,0,789.49,0,117,active,2026-08-18T10:00:00+05:30
far_e6a82ef4,flt_b3836e70,business,flex,28274.96,4523.99,INR,30,7,1,3392.99,1,36,active,2026-08-18T10:00:00+05:30
far_f480bc33,flt_b3836e70,business,saver,20395.05,3263.21,INR,30,7,0,,0,8,active,2026-08-18T10:00:00+05:30
far_60c61e3e,flt_c97ee0b2,economy,promo,4667.00,746.72,INR,15,7,0,560.04,0,130,active,2026-08-18T10:00:00+05:30
far_60375a4a,flt_c97ee0b2,economy,flex,7299.66,1167.95,INR,15,7,1,875.96,1,72,active,2026-08-18T10:00:00+05:30
far_ebf566ce,flt_c97ee0b2,business,standard,18548.32,2967.73,INR,30,7,0,2225.80,0,9,active,2026-08-18T10:00:00+05:30
far_edac4821,flt_c97ee0b2,business,corporate,20403.16,3264.51,INR,30,7,1,2448.38,0,33,active,2026-08-18T10:00:00+05:30
far_0d51989d,flt_758afa71,economy,promo,9320.86,1491.34,INR,15,7,0,1118.50,0,43,active,2026-08-18T10:00:00+05:30
far_322fb92a,flt_9f5c219c,economy,standard,4241.30,678.61,INR,15,7,0,,0,100,active,2026-08-18T10:00:00+05:30
far_bcd4f3f6,flt_9f5c219c,economy,saver,3732.35,597.18,INR,15,7,0,,0,83,active,2026-08-18T10:00:00+05:30
far_313ba228,flt_9f5c219c,business,promo,10255.47,1640.88,INR,30,7,0,1230.66,0,14,active,2026-08-18T10:00:00+05:30
far_dfa4547a,flt_9f5c219c,business,corporate,14462.84,2314.06,INR,30,7,1,1735.54,0,27,active,2026-08-18T10:00:00+05:30
far_7edde75d,flt_60004911,economy,standard,3153.19,504.51,INR,15,7,0,378.38,0,30,active,2026-08-18T10:00:00+05:30
far_570e4c21,flt_60004911,economy,saver,2774.81,443.97,INR,15,7,0,332.98,0,124,active,2026-08-18T10:00:00+05:30
far_9031a052,flt_60004911,business,corporate,10752.39,1720.38,INR,30,7,1,1290.29,0,4,active,2026-08-18T10:00:00+05:30
far_7d77d8d7,flt_60004911,business,promo,7624.42,1219.91,INR,30,7,0,,0,25,active,2026-08-18T10:00:00+05:30
far_9565b159,flt_ee8b8763,economy,saver,6023.78,963.81,INR,15,7,0,722.85,0,91,active,2026-08-18T10:00:00+05:30
far_308312db,flt_ee8b8763,economy,standard,6845.21,1095.23,INR,15,7,0,,0,102,active,2026-08-18T10:00:00+05:30
far_3f840713,flt_ee8b8763,business,corporate,23342.15,3734.74,INR,30,7,1,2801.06,0,24,active,2026-08-18T10:00:00+05:30
far_bfd5ee73,flt_ee8b8763,business,promo,16551.71,2648.27,INR,30,7,0,1986.21,0,13,active,2026-08-18T10:00:00+05:30
far_28c5e626,flt_d9b86c89,economy,promo,3063.01,490.08,INR,15,7,0,,0,107,active,2026-08-18T10:00:00+05:30
far_07aa2db6,flt_d9b86c89,economy,standard,3926.94,628.31,INR,15,7,0,471.23,0,98,active,2026-08-18T10:00:00+05:30
far_cf39c418,flt_d9b86c89,business,standard,12173.50,1947.76,INR,30,7,0,1460.82,0,27,active,2026-08-18T10:00:00+05:30
far_34506d2f,flt_d9b86c89,business,flex,14851.67,2376.27,INR,30,7,1,,1,18,active,2026-08-18T10:00:00+05:30
far_6f9d2ea5,flt_f7699ffe,economy,promo,1143.06,182.89,INR,15,7,0,,0,33,active,2026-08-18T10:00:00+05:30
far_46845c30,flt_f7699ffe,economy,flex,1787.87,286.06,INR,15,7,1,214.54,1,165,active,2026-08-18T10:00:00+05:30
far_01480db8,flt_f7699ffe,business,flex,5542.40,886.78,INR,30,7,1,665.09,1,34,active,2026-08-18T10:00:00+05:30
far_efb9b08f,flt_f7699ffe,business,promo,3543.50,566.96,INR,30,7,0,,0,4,active,2026-08-18T10:00:00+05:30
far_0cccdc98,flt_61e0871c,economy,saver,5252.63,840.42,INR,15,7,0,630.32,0,160,active,2026-08-18T10:00:00+05:30
far_9f5012ff,flt_d3f8dcd2,economy,flex,3906200.41,624992.07,IDR,15,7,1,468744.05,1,159,active,2026-08-18T10:00:00+05:30
far_88c9ad72,flt_af01344d,economy,corporate,21506.42,3441.03,INR,15,7,1,2580.77,0,72,active,2026-08-18T10:00:00+05:30
far_58b31f54,flt_af01344d,economy,standard,19551.29,3128.21,INR,15,7,0,2346.16,0,92,active,2026-08-18T10:00:00+05:30
far_b22d3b17,flt_af01344d,business,standard,60609.01,9697.44,INR,30,7,0,7273.08,0,21,active,2026-08-18T10:00:00+05:30
far_ef6ab87b,flt_af01344d,business,saver,53335.93,8533.75,INR,30,7,0,,0,27,active,2026-08-18T10:00:00+05:30
far_a3ab5f21,flt_c9cf786a,economy,flex,108.78,17.41,SGD,15,7,1,13.05,1,28,active,2026-08-18T10:00:00+05:30
far_83b787f5,flt_1f873d6a,economy,flex,6465.94,1034.55,INR,15,7,1,,1,67,active,2026-08-18T10:00:00+05:30
far_25630324,flt_1f873d6a,economy,standard,5299.95,847.99,INR,15,7,0,635.99,0,164,active,2026-08-18T10:00:00+05:30
far_c1b6d258,flt_1f873d6a,business,promo,12815.29,2050.45,INR,30,7,0,1537.83,0,37,active,2026-08-18T10:00:00+05:30
far_64eb6001,flt_1f873d6a,business,saver,14458.28,2313.32,INR,30,7,0,,0,7,active,2026-08-18T10:00:00+05:30
far_2ea4bf5a,flt_8c9eeb9f,economy,promo,5098.37,815.74,INR,15,7,0,611.80,0,67,active,2026-08-18T10:00:00+05:30
far_c66306e5,flt_73439c3c,economy,saver,17882.45,2861.19,INR,15,7,0,,0,112,active,2026-08-18T10:00:00+05:30
far_7acce09c,flt_73439c3c,economy,standard,20320.97,3251.35,INR,15,7,0,,0,128,active,2026-08-18T10:00:00+05:30
far_e16f2034,flt_73439c3c,business,saver,55435.60,8869.70,INR,30,7,0,6652.27,0,34,active,2026-08-18T10:00:00+05:30
far_e33d89fa,flt_73439c3c,business,standard,62995.00,10079.20,INR,30,7,0,,0,33,active,2026-08-18T10:00:00+05:30
far_91c7bbaf,flt_4df176dc,economy,flex,9730.83,1556.93,INR,15,7,1,1167.70,1,161,active,2026-08-18T10:00:00+05:30
far_06ce0cf5,flt_4df176dc,economy,standard,7976.09,1276.18,INR,15,7,0,,0,146,active,2026-08-18T10:00:00+05:30
far_029a1c9d,flt_4df176dc,business,corporate,27198.48,4351.76,INR,30,7,1,,0,6,active,2026-08-18T10:00:00+05:30
far_721b7927,flt_4df176dc,business,saver,21758.78,3481.41,INR,30,7,0,2611.05,0,9,active,2026-08-18T10:00:00+05:30
far_e3a7e00b,flt_7bab0bea,economy,saver,5903.81,944.61,INR,15,7,0,708.46,0,80,active,2026-08-18T10:00:00+05:30
far_71668bcf,flt_7bab0bea,economy,corporate,7379.76,1180.76,INR,15,7,1,885.57,0,100,active,2026-08-18T10:00:00+05:30
far_152de516,flt_7bab0bea,business,standard,20797.50,3327.60,INR,30,7,0,2495.70,0,9,active,2026-08-18T10:00:00+05:30
far_20ebb485,flt_7bab0bea,business,promo,16222.05,2595.53,INR,30,7,0,1946.65,0,17,active,2026-08-18T10:00:00+05:30
far_f890b8f9,flt_b432ee18,economy,flex,3722.32,595.57,INR,15,7,1,,1,159,active,2026-08-18T10:00:00+05:30
far_2c61126e,flt_b432ee18,economy,standard,3051.08,488.17,INR,15,7,0,366.13,0,106,active,2026-08-18T10:00:00+05:30
far_395ef592,flt_b432ee18,business,corporate,10404.18,1664.67,INR,30,7,1,1248.50,0,26,active,2026-08-18T10:00:00+05:30
far_1676e0ba,flt_b432ee18,business,flex,11539.18,1846.27,INR,30,7,1,1384.70,1,9,active,2026-08-18T10:00:00+05:30
far_2ed73f7f,flt_af576e2c,economy,standard,5748.86,919.82,INR,15,7,0,689.86,0,36,active,2026-08-18T10:00:00+05:30
far_c8ea77e0,flt_af576e2c,economy,promo,4484.11,717.46,INR,15,7,0,,0,126,active,2026-08-18T10:00:00+05:30
far_b9e77dbf,flt_af576e2c,business,corporate,19603.61,3136.58,INR,30,7,1,2352.43,0,27,active,2026-08-18T10:00:00+05:30
far_63460ef4,flt_af576e2c,business,promo,13900.74,2224.12,INR,30,7,0,,0,28,active,2026-08-18T10:00:00+05:30
far_022cb77b,flt_500965a2,economy,saver,286.59,45.85,SGD,15,7,0,34.39,0,154,active,2026-08-18T10:00:00+05:30
far_a98ba28f,flt_500965a2,economy,promo,254.02,40.64,SGD,15,7,0,,0,82,active,2026-08-18T10:00:00+05:30
far_17a375bd,flt_500965a2,business,saver,888.43,142.15,SGD,30,7,0,,0,4,active,2026-08-18T10:00:00+05:30
far_1f122926,flt_500965a2,business,corporate,1110.53,177.69,SGD,30,7,1,133.26,0,19,active,2026-08-18T10:00:00+05:30
far_063ed26d,flt_d5b17d3c,economy,flex,7312.24,1169.96,INR,15,7,1,,1,145,active,2026-08-18T10:00:00+05:30
far_934c6406,flt_d5b17d3c,economy,promo,4675.04,748.01,INR,15,7,0,,0,157,active,2026-08-18T10:00:00+05:30
far_c0514ff4,flt_d5b17d3c,business,promo,14492.62,2318.82,INR,30,7,0,,0,36,active,2026-08-18T10:00:00+05:30
far_44fd2314,flt_d5b17d3c,business,standard,18580.28,2972.84,INR,30,7,0,2229.63,0,30,active,2026-08-18T10:00:00+05:30
far_088b1885,flt_753596cc,economy,saver,5476.56,876.25,INR,15,7,0,657.19,0,30,active,2026-08-18T10:00:00+05:30
far_efc27879,flt_753596cc,economy,standard,6223.36,995.74,INR,15,7,0,,0,101,active,2026-08-18T10:00:00+05:30
far_983733aa,flt_753596cc,business,corporate,21221.65,3395.46,INR,30,7,1,,0,18,active,2026-08-18T10:00:00+05:30
far_ce312c4e,flt_753596cc,business,promo,15048.08,2407.69,INR,30,7,0,1805.77,0,24,active,2026-08-18T10:00:00+05:30
far_dcc6467c,flt_2e95c44d,economy,flex,24179.29,3868.69,INR,15,7,1,2901.52,1,147,active,2026-08-18T10:00:00+05:30
far_fee75598,flt_8faca83e,economy,corporate,3724.41,595.91,INR,15,7,1,446.93,0,24,active,2026-08-18T10:00:00+05:30
far_1a440bc7,flt_8faca83e,economy,flex,4130.71,660.91,INR,15,7,1,,1,166,active,2026-08-18T10:00:00+05:30
far_53a5b4ed,flt_8faca83e,business,promo,8186.93,1309.91,INR,30,7,0,,0,19,active,2026-08-18T10:00:00+05:30
far_d25e9f5a,flt_8faca83e,business,saver,9236.54,1477.85,INR,30,7,0,,0,18,active,2026-08-18T10:00:00+05:30
far_1a3c5ae3,flt_5daad977,economy,corporate,4790.07,766.41,THB,15,7,1,574.81,0,142,active,2026-08-18T10:00:00+05:30
far_bae9c43b,flt_5daad977,economy,flex,5312.62,850.02,THB,15,7,1,637.51,1,94,active,2026-08-18T10:00:00+05:30
far_10efe314,flt_5daad977,business,saver,11879.38,1900.70,THB,30,7,0,,0,37,active,2026-08-18T10:00:00+05:30
far_914c9185,flt_5daad977,business,standard,13499.29,2159.89,THB,30,7,0,1619.92,0,32,active,2026-08-18T10:00:00+05:30
far_78516400,flt_bdedf3ce,economy,standard,6856.60,1097.06,INR,15,7,0,,0,129,active,2026-08-18T10:00:00+05:30
far_b9f2c5b6,flt_bdedf3ce,economy,promo,5348.15,855.70,INR,15,7,0,641.78,0,117,active,2026-08-18T10:00:00+05:30
far_5453ef7b,flt_bdedf3ce,business,standard,21255.47,3400.88,INR,30,7,0,2550.66,0,30,active,2026-08-18T10:00:00+05:30
far_be0244a6,flt_bdedf3ce,business,saver,18704.81,2992.77,INR,30,7,0,2244.58,0,26,active,2026-08-18T10:00:00+05:30
far_4d9cd97b,flt_2ea44143,economy,promo,530.65,84.90,MYR,15,7,0,63.68,0,81,active,2026-08-18T10:00:00+05:30
far_64032f30,flt_2ea44143,economy,standard,680.32,108.85,MYR,15,7,0,,0,129,active,2026-08-18T10:00:00+05:30
far_faac4f8d,flt_2ea44143,business,saver,1855.91,296.95,MYR,30,7,0,222.71,0,12,active,2026-08-18T10:00:00+05:30
far_91525932,flt_2ea44143,business,flex,2572.97,411.68,MYR,30,7,1,308.76,1,25,active,2026-08-18T10:00:00+05:30
far_e9c0017f,flt_279bd0b8,economy,flex,306.66,49.07,SGD,15,7,1,36.80,1,160,active,2026-08-18T10:00:00+05:30
far_9daf489b,flt_279bd0b8,economy,promo,196.06,31.37,SGD,15,7,0,23.53,0,145,active,2026-08-18T10:00:00+05:30
far_7c6dfd02,flt_279bd0b8,business,corporate,857.13,137.14,SGD,30,7,1,102.86,0,23,active,2026-08-18T10:00:00+05:30
far_2fdad129,flt_279bd0b8,business,saver,685.71,109.71,SGD,30,7,0,82.28,0,33,active,2026-08-18T10:00:00+05:30
far_dfae3a98,flt_763f919a,economy,promo,4851.97,776.31,INR,15,7,0,582.24,0,50,active,2026-08-18T10:00:00+05:30
far_1fa58be9,flt_763f919a,economy,corporate,6842.52,1094.80,INR,15,7,1,,0,157,active,2026-08-18T10:00:00+05:30
far_03c16034,flt_763f919a,business,promo,15041.10,2406.58,INR,30,7,0,,0,17,active,2026-08-18T10:00:00+05:30
far_22e1c825,flt_763f919a,business,standard,19283.46,3085.35,INR,30,7,0,2314.02,0,38,active,2026-08-18T10:00:00+05:30
far_75f664aa,flt_bcd6dbfc,economy,corporate,11560.07,1849.61,INR,15,7,1,1387.21,0,39,active,2026-08-18T10:00:00+05:30
far_9dae2489,flt_1249238f,economy,promo,10918.40,1746.94,INR,15,7,0,,0,158,active,2026-08-18T10:00:00+05:30
far_fcd7613a,flt_1249238f,economy,saver,12318.19,1970.91,INR,15,7,0,1478.18,0,146,active,2026-08-18T10:00:00+05:30
far_0b4194c8,flt_1249238f,business,promo,33847.03,5415.52,INR,30,7,0,,0,20,active,2026-08-18T10:00:00+05:30
far_777b2425,flt_1249238f,business,standard,43393.63,6942.98,INR,30,7,0,5207.24,0,23,active,2026-08-18T10:00:00+05:30
far_30cb0a5f,flt_bcc5a130,economy,standard,77.17,12.35,SGD,15,7,0,9.26,0,90,active,2026-08-18T10:00:00+05:30
far_f4cc876e,flt_ca31a607,economy,standard,1670572.86,267291.66,IDR,15,7,0,200468.74,0,30,active,2026-08-18T10:00:00+05:30
far_17e7dc1f,flt_ca31a607,economy,saver,1470104.11,235216.66,IDR,15,7,0,176412.49,0,118,active,2026-08-18T10:00:00+05:30
far_63b14cbb,flt_ca31a607,business,flex,6318106.55,1010897.05,IDR,30,7,1,758172.79,1,34,active,2026-08-18T10:00:00+05:30
far_637ee13a,flt_ca31a607,business,corporate,5696653.44,911464.55,IDR,30,7,1,,0,17,active,2026-08-18T10:00:00+05:30
far_912790b5,flt_05d829e6,economy,promo,3626.42,580.23,THB,15,7,0,435.17,0,64,active,2026-08-18T10:00:00+05:30
far_c3b7242c,flt_05d829e6,economy,corporate,5114.18,818.27,THB,15,7,1,,0,134,active,2026-08-18T10:00:00+05:30
far_0ae855f7,flt_05d829e6,business,flex,17583.48,2813.36,THB,30,7,1,,1,29,active,2026-08-18T10:00:00+05:30
far_bd9a9a65,flt_05d829e6,business,saver,12683.17,2029.31,THB,30,7,0,,0,29,active,2026-08-18T10:00:00+05:30
far_71c4a587,flt_d067ba80,economy,corporate,11936.32,1909.81,INR,15,7,1,1432.36,0,143,active,2026-08-18T10:00:00+05:30
far_f4108b66,flt_d067ba80,economy,saver,9549.06,1527.85,INR,15,7,0,1145.89,0,93,active,2026-08-18T10:00:00+05:30
far_5fa9471a,flt_d067ba80,business,promo,26238.21,4198.11,INR,30,7,0,,0,23,active,2026-08-18T10:00:00+05:30
far_29aba5e9,flt_d067ba80,business,corporate,37002.60,5920.42,INR,30,7,1,4440.31,0,9,active,2026-08-18T10:00:00+05:30
far_b2a04e2d,flt_ccb6e661,economy,saver,4776.73,764.28,THB,15,7,0,,0,140,active,2026-08-18T10:00:00+05:30
far_4559e47b,flt_ccb6e661,economy,standard,5428.10,868.50,THB,15,7,0,,0,22,active,2026-08-18T10:00:00+05:30
far_6978d681,flt_ccb6e661,business,promo,13125.15,2100.02,THB,30,7,0,1575.02,0,28,active,2026-08-18T10:00:00+05:30
far_72ea248f,flt_ccb6e661,business,standard,16827.12,2692.34,THB,30,7,0,,0,31,active,2026-08-18T10:00:00+05:30
far_0484b4ab,flt_25069e7d,economy,corporate,3711.65,593.86,INR,15,7,1,,0,94,active,2026-08-18T10:00:00+05:30
far_66fea5db,flt_25069e7d,economy,flex,4116.56,658.65,INR,15,7,1,,1,110,active,2026-08-18T10:00:00+05:30
far_b8a92bb8,flt_25069e7d,business,saver,9204.89,1472.78,INR,30,7,0,1104.59,0,27,active,2026-08-18T10:00:00+05:30
far_d81ce765,flt_25069e7d,business,promo,8158.88,1305.42,INR,30,7,0,979.07,0,37,active,2026-08-18T10:00:00+05:30
far_ef1e987f,flt_c6a0c2b7,economy,flex,2529.35,404.70,INR,15,7,1,,1,161,active,2026-08-18T10:00:00+05:30
far_69f1c0e7,flt_c6a0c2b7,economy,standard,2073.24,331.72,INR,15,7,0,248.79,0,30,active,2026-08-18T10:00:00+05:30
far_a58357d5,flt_c6a0c2b7,business,saver,5655.79,904.93,INR,30,7,0,,0,29,active,2026-08-18T10:00:00+05:30
far_ffc843ad,flt_c6a0c2b7,business,flex,7840.98,1254.56,INR,30,7,1,,1,29,active,2026-08-18T10:00:00+05:30
far_3d998de9,flt_74eebc29,economy,corporate,767.43,122.79,AED,15,7,1,92.09,0,107,active,2026-08-18T10:00:00+05:30
far_37505c6d,flt_74eebc29,economy,standard,697.66,111.63,AED,15,7,0,83.72,0,110,active,2026-08-18T10:00:00+05:30
far_b3c05a9f,flt_74eebc29,business,saver,1903.22,304.52,AED,30,7,0,,0,34,active,2026-08-18T10:00:00+05:30
far_98f6d6b8,flt_74eebc29,business,promo,1686.95,269.91,AED,30,7,0,202.43,0,28,active,2026-08-18T10:00:00+05:30
far_d7f4e472,flt_75225b3f,economy,saver,892.77,142.84,AED,15,7,0,,0,75,active,2026-08-18T10:00:00+05:30
far_0ef49164,flt_75225b3f,economy,standard,1014.51,162.32,AED,15,7,0,121.74,0,146,active,2026-08-18T10:00:00+05:30
far_8ae1f83a,flt_75225b3f,business,promo,2453.09,392.49,AED,30,7,0,294.37,0,22,active,2026-08-18T10:00:00+05:30
far_1c2ede44,flt_75225b3f,business,standard,3144.99,503.20,AED,30,7,0,377.40,0,26,active,2026-08-18T10:00:00+05:30
far_baa11b0e,flt_bad8d9b2,economy,promo,36.28,5.80,SGD,15,7,0,,0,24,active,2026-08-18T10:00:00+05:30
far_821515b4,flt_bad8d9b2,economy,standard,46.51,7.44,SGD,15,7,0,,0,137,active,2026-08-18T10:00:00+05:30
far_c3c37c8c,flt_bad8d9b2,business,flex,175.91,28.15,SGD,30,7,1,21.11,1,29,active,2026-08-18T10:00:00+05:30
far_9ae7aba2,flt_bad8d9b2,business,standard,144.19,23.07,SGD,30,7,0,17.30,0,37,active,2026-08-18T10:00:00+05:30
far_92440a99,flt_f2b30584,economy,saver,22267.56,3562.81,INR,15,7,0,,0,40,active,2026-08-18T10:00:00+05:30
far_a2c71284,flt_f2b30584,economy,promo,19737.15,3157.94,INR,15,7,0,2368.46,0,54,active,2026-08-18T10:00:00+05:30
far_089ae2fa,flt_f2b30584,business,promo,61185.18,9789.63,INR,30,7,0,7342.22,0,19,active,2026-08-18T10:00:00+05:30
far_11df4769,flt_f2b30584,business,standard,78442.53,12550.81,INR,30,7,0,9413.10,0,15,active,2026-08-18T10:00:00+05:30
far_54c5f46a,flt_f1a04029,economy,promo,309.18,49.47,AED,15,7,0,,0,77,active,2026-08-18T10:00:00+05:30
far_11280201,flt_f1a04029,economy,saver,348.82,55.81,AED,15,7,0,,0,160,active,2026-08-18T10:00:00+05:30
far_aa84b5d4,flt_f1a04029,business,corporate,1351.66,216.27,AED,30,7,1,,0,17,active,2026-08-18T10:00:00+05:30
far_8cd73b3f,flt_f1a04029,business,standard,1228.78,196.60,AED,30,7,0,147.45,0,15,active,2026-08-18T10:00:00+05:30
far_1aa4e723,flt_d9484e49,economy,promo,6049.15,967.86,INR,15,7,0,,0,80,active,2026-08-18T10:00:00+05:30
far_8caf0501,flt_61cec28a,economy,corporate,3603.01,576.48,INR,15,7,1,432.36,0,154,active,2026-08-18T10:00:00+05:30
far_20ab49ab,flt_61cec28a,economy,saver,2882.41,461.19,INR,15,7,0,345.89,0,109,active,2026-08-18T10:00:00+05:30
far_93c7df6d,flt_61cec28a,business,promo,7920.08,1267.21,INR,30,7,0,950.41,0,14,active,2026-08-18T10:00:00+05:30
far_442e4520,flt_61cec28a,business,flex,12387.81,1982.05,INR,30,7,1,,1,32,active,2026-08-18T10:00:00+05:30
far_273a2017,flt_df5dc464,economy,flex,8923.72,1427.79,INR,15,7,1,1070.85,1,119,active,2026-08-18T10:00:00+05:30
far_a6961e89,flt_df5dc464,economy,promo,5705.33,912.85,INR,15,7,0,684.64,0,132,active,2026-08-18T10:00:00+05:30
far_fa813182,flt_df5dc464,business,saver,19954.02,3192.64,INR,30,7,0,2394.48,0,10,active,2026-08-18T10:00:00+05:30
far_e27d368d,flt_df5dc464,business,standard,22675.02,3628.00,INR,30,7,0,,0,5,active,2026-08-18T10:00:00+05:30
far_91581700,flt_8750fc7a,economy,saver,14358.18,2297.31,INR,15,7,0,1722.98,0,21,active,2026-08-18T10:00:00+05:30
far_139e91fd,flt_8750fc7a,economy,flex,19905.65,3184.90,INR,15,7,1,2388.68,1,38,active,2026-08-18T10:00:00+05:30
far_f71a4404,flt_8750fc7a,business,corporate,55637.93,8902.07,INR,30,7,1,6676.55,0,14,active,2026-08-18T10:00:00+05:30
far_302a9348,flt_8750fc7a,business,saver,44510.34,7121.66,INR,30,7,0,,0,27,active,2026-08-18T10:00:00+05:30
far_572849e4,flt_9a1297a3,economy,corporate,10431.92,1669.11,INR,15,7,1,,0,60,active,2026-08-18T10:00:00+05:30
far_e1a9a9ac,flt_9a1297a3,economy,flex,11569.94,1851.19,INR,15,7,1,,1,64,active,2026-08-18T10:00:00+05:30
far_54f68d44,flt_9a1297a3,business,promo,22931.25,3669.00,INR,30,7,0,2751.75,0,19,active,2026-08-18T10:00:00+05:30
far_8bb061ce,flt_9a1297a3,business,corporate,32338.94,5174.23,INR,30,7,1,3880.67,0,19,active,2026-08-18T10:00:00+05:30
far_d000d25a,flt_862ee53c,economy,standard,17595.04,2815.21,INR,15,7,0,2111.41,0,67,active,2026-08-18T10:00:00+05:30
far_31a74750,flt_862ee53c,economy,corporate,19354.55,3096.73,INR,15,7,1,,0,52,active,2026-08-18T10:00:00+05:30
far_6f8bbbe4,flt_862ee53c,business,promo,42544.82,6807.17,INR,30,7,0,5105.38,0,6,active,2026-08-18T10:00:00+05:30
far_2417dc51,flt_862ee53c,business,standard,54544.63,8727.14,INR,30,7,0,6545.36,0,35,active,2026-08-18T10:00:00+05:30
far_ece4cbc0,flt_58cf2e2e,economy,corporate,2603.48,416.56,INR,15,7,1,,0,73,active,2026-08-18T10:00:00+05:30
far_8c3621ff,flt_84a9e091,economy,promo,1803.90,288.62,INR,15,7,0,216.47,0,114,active,2026-08-18T10:00:00+05:30
far_becf7a7e,flt_84a9e091,economy,standard,2312.69,370.03,INR,15,7,0,277.52,0,82,active,2026-08-18T10:00:00+05:30
far_ca5296bf,flt_84a9e091,business,flex,8746.59,1399.45,INR,30,7,1,1049.59,1,16,active,2026-08-18T10:00:00+05:30
far_eade74c3,flt_84a9e091,business,corporate,7886.27,1261.80,INR,30,7,1,946.35,0,22,active,2026-08-18T10:00:00+05:30
far_82253387,flt_3500ef70,economy,corporate,7250.70,1160.11,INR,15,7,1,870.08,0,90,active,2026-08-18T10:00:00+05:30
far_e619304f,flt_3500ef70,economy,saver,5800.56,928.09,INR,15,7,0,696.07,0,160,active,2026-08-18T10:00:00+05:30
far_b9b24878,flt_3500ef70,business,saver,17981.74,2877.08,INR,30,7,0,,0,28,active,2026-08-18T10:00:00+05:30
far_53754fd5,flt_3500ef70,business,flex,24929.23,3988.68,INR,30,7,1,,1,6,active,2026-08-18T10:00:00+05:30
far_20a1e803,flt_91c5f462,economy,corporate,10530.85,1684.94,INR,15,7,1,,0,53,active,2026-08-18T10:00:00+05:30
far_a00ddd8f,flt_0d4a2674,economy,standard,1459.78,233.57,INR,15,7,0,175.17,0,53,active,2026-08-18T10:00:00+05:30
far_5cea3bdb,flt_0d4a2674,economy,corporate,1605.76,256.92,INR,15,7,1,192.69,0,71,active,2026-08-18T10:00:00+05:30
far_e307d308,flt_0d4a2674,business,saver,3982.29,637.17,INR,30,7,0,,0,32,active,2026-08-18T10:00:00+05:30
far_b10147b9,flt_0d4a2674,business,promo,3529.76,564.76,INR,30,7,0,,0,4,active,2026-08-18T10:00:00+05:30
far_52f4569e,flt_23ec85cb,economy,promo,7966.64,1274.66,INR,15,7,0,956.00,0,130,active,2026-08-18T10:00:00+05:30
far_43c5fd00,flt_23ec85cb,economy,standard,10213.64,1634.18,INR,15,7,0,,0,162,active,2026-08-18T10:00:00+05:30
far_c021cd2d,flt_23ec85cb,business,corporate,34828.52,5572.56,INR,30,7,1,,0,13,active,2026-08-18T10:00:00+05:30
far_0f3e57b7,flt_23ec85cb,business,saver,27862.82,4458.05,INR,30,7,0,,0,20,active,2026-08-18T10:00:00+05:30
far_b1b1c2f9,flt_fdeac3d4,economy,standard,6026.36,964.22,INR,15,7,0,723.16,0,70,active,2026-08-18T10:00:00+05:30
far_98e469c3,flt_fdeac3d4,economy,promo,4700.56,752.09,INR,15,7,0,,0,76,active,2026-08-18T10:00:00+05:30
far_8351eec2,flt_fdeac3d4,business,corporate,20549.87,3287.98,INR,30,7,1,,0,10,active,2026-08-18T10:00:00+05:30
far_7bdda0ea,flt_fdeac3d4,business,promo,14571.73,2331.48,INR,30,7,0,,0,21,active,2026-08-18T10:00:00+05:30
far_f1ce9676,flt_ac650067,economy,corporate,2008.59,321.37,INR,15,7,1,,0,152,active,2026-08-18T10:00:00+05:30
far_374c3199,flt_f8a19850,economy,saver,2537.44,405.99,INR,15,7,0,304.49,0,106,active,2026-08-18T10:00:00+05:30
far_b7550f8e,flt_f8a19850,economy,corporate,3171.81,507.49,INR,15,7,1,380.62,0,116,active,2026-08-18T10:00:00+05:30
far_7f8c64a3,flt_f8a19850,business,corporate,9832.60,1573.22,INR,30,7,1,1179.91,0,17,active,2026-08-18T10:00:00+05:30
far_0c92ab10,flt_f8a19850,business,standard,8938.72,1430.20,INR,30,7,0,,0,5,active,2026-08-18T10:00:00+05:30
far_5d546210,flt_2e7b7f49,economy,standard,9550.73,1528.12,INR,15,7,0,1146.09,0,33,active,2026-08-18T10:00:00+05:30
far_3aa2e292,flt_2e7b7f49,economy,corporate,10505.80,1680.93,INR,15,7,1,1260.70,0,60,active,2026-08-18T10:00:00+05:30
far_2bd44170,flt_2e7b7f49,business,promo,23093.65,3694.98,INR,30,7,0,2771.24,0,21,active,2026-08-18T10:00:00+05:30
far_8891d35c,flt_2e7b7f49,business,saver,26054.38,4168.70,INR,30,7,0,,0,37,active,2026-08-18T10:00:00+05:30
far_134cf95b,flt_3c59c5aa,economy,corporate,5934.91,949.59,INR,15,7,1,712.19,0,120,active,2026-08-18T10:00:00+05:30
far_d2813872,flt_3c59c5aa,economy,promo,4208.39,673.34,INR,15,7,0,,0,162,active,2026-08-18T10:00:00+05:30
far_94c44233,flt_3c59c5aa,business,flex,20405.31,3264.85,INR,30,7,1,2448.64,1,10,active,2026-08-18T10:00:00+05:30
far_d4ac05f8,flt_3c59c5aa,business,standard,16725.67,2676.11,INR,30,7,0,2007.08,0,34,active,2026-08-18T10:00:00+05:30
far_72ad1c0d,flt_bd61ac41,economy,saver,3123.89,499.82,THB,15,7,0,,0,26,active,2026-08-18T10:00:00+05:30
far_21d9e929,flt_bd61ac41,economy,corporate,3904.86,624.78,THB,15,7,1,468.58,0,119,active,2026-08-18T10:00:00+05:30
far_1b86c6fb,flt_bd61ac41,business,saver,9684.06,1549.45,THB,30,7,0,1162.09,0,12,active,2026-08-18T10:00:00+05:30
far_4503642d,flt_bd61ac41,business,flex,13425.63,2148.10,THB,30,7,1,1611.08,1,4,active,2026-08-18T10:00:00+05:30
far_aa801aa5,flt_3692fbf0,economy,promo,6605.39,1056.86,INR,15,7,0,792.65,0,147,active,2026-08-18T10:00:00+05:30
far_00fcc62d,flt_a489f436,economy,standard,13604.91,2176.79,INR,15,7,0,1632.59,0,71,active,2026-08-18T10:00:00+05:30
far_38e02487,flt_a489f436,economy,saver,11972.32,1915.57,INR,15,7,0,1436.68,0,95,active,2026-08-18T10:00:00+05:30
far_510d145b,flt_a489f436,business,saver,37114.20,5938.27,INR,30,7,0,,0,5,active,2026-08-18T10:00:00+05:30
far_30fc43a7,flt_a489f436,business,flex,51453.78,8232.60,INR,30,7,1,6174.45,1,7,active,2026-08-18T10:00:00+05:30
far_43e89cf1,flt_2c1a3e2a,economy,corporate,25757.18,4121.15,INR,15,7,1,,0,61,active,2026-08-18T10:00:00+05:30
far_38c0d4bb,flt_2c1a3e2a,economy,saver,20605.74,3296.92,INR,15,7,0,,0,68,active,2026-08-18T10:00:00+05:30
far_97baba27,flt_2c1a3e2a,business,promo,56618.95,9059.03,INR,30,7,0,6794.27,0,25,active,2026-08-18T10:00:00+05:30
far_4af5d077,flt_2c1a3e2a,business,saver,63877.79,10220.45,INR,30,7,0,,0,26,active,2026-08-18T10:00:00+05:30
far_a686eadf,flt_5f641bb3,economy,saver,10788.32,1726.13,INR,15,7,0,1294.60,0,56,active,2026-08-18T10:00:00+05:30
far_0dd1a5b7,flt_5f641bb3,economy,standard,12259.46,1961.51,INR,15,7,0,1471.13,0,80,active,2026-08-18T10:00:00+05:30
far_96c93013,flt_5f641bb3,business,standard,38004.32,6080.69,INR,30,7,0,,0,17,active,2026-08-18T10:00:00+05:30
far_c943b66c,flt_5f641bb3,business,promo,29643.37,4742.94,INR,30,7,0,3557.20,0,9,active,2026-08-18T10:00:00+05:30
far_a3988c16,flt_52aec8e8,economy,corporate,5645.05,903.21,INR,15,7,1,677.41,0,157,active,2026-08-18T10:00:00+05:30
far_0dbdeefe,flt_dc49f7fc,economy,promo,2716.98,434.72,INR,15,7,0,,0,93,active,2026-08-18T10:00:00+05:30
far_d0ab4681,flt_dc49f7fc,economy,saver,3065.31,490.45,INR,15,7,0,367.84,0,109,active,2026-08-18T10:00:00+05:30
far_9d7b570b,flt_dc49f7fc,business,saver,9502.45,1520.39,INR,30,7,0,1140.29,0,10,active,2026-08-18T10:00:00+05:30
far_af77942a,flt_dc49f7fc,business,promo,8422.63,1347.62,INR,30,7,0,1010.72,0,33,active,2026-08-18T10:00:00+05:30
far_38439690,flt_bc99aaa5,economy,corporate,3911.41,625.82,THB,15,7,1,,0,49,active,2026-08-18T10:00:00+05:30
far_60321836,flt_96423562,economy,saver,3129.04,500.65,INR,15,7,0,,0,78,active,2026-08-18T10:00:00+05:30
far_3482b5dd,flt_96423562,economy,promo,2773.47,443.76,INR,15,7,0,,0,154,active,2026-08-18T10:00:00+05:30
far_d5888d89,flt_96423562,business,saver,9700.03,1552.01,INR,30,7,0,1164.00,0,31,active,2026-08-18T10:00:00+05:30
far_bd411515,flt_96423562,business,standard,11022.76,1763.64,INR,30,7,0,,0,26,active,2026-08-18T10:00:00+05:30
far_a8e70ca1,flt_bbf44b8f,economy,saver,719.76,115.16,AED,15,7,0,86.37,0,89,active,2026-08-18T10:00:00+05:30
far_372adfa3,flt_bbf44b8f,economy,flex,997.84,159.65,AED,15,7,1,,1,78,active,2026-08-18T10:00:00+05:30
far_c3b08e83,flt_bbf44b8f,business,corporate,2789.05,446.25,AED,30,7,1,,0,16,active,2026-08-18T10:00:00+05:30
far_c707d9f8,flt_bbf44b8f,business,promo,1977.69,316.43,AED,30,7,0,237.32,0,34,active,2026-08-18T10:00:00+05:30
far_36241482,flt_02716299,economy,flex,4177.91,668.47,INR,15,7,1,501.35,1,134,active,2026-08-18T10:00:00+05:30
far_711ddbac,flt_02716299,economy,promo,2671.12,427.38,INR,15,7,0,,0,142,active,2026-08-18T10:00:00+05:30
far_0c296474,flt_02716299,business,promo,8280.48,1324.88,INR,30,7,0,993.66,0,27,active,2026-08-18T10:00:00+05:30
far_bf59b4d0,flt_02716299,business,saver,9342.08,1494.73,INR,30,7,0,1121.05,0,7,active,2026-08-18T10:00:00+05:30
far_18fa781d,flt_0c9d203c,economy,corporate,10351.52,1656.24,INR,15,7,1,1242.18,0,142,active,2026-08-18T10:00:00+05:30
far_73440de8,flt_0c9d203c,economy,flex,11480.78,1836.92,INR,15,7,1,1377.69,1,130,active,2026-08-18T10:00:00+05:30
far_e6486c87,flt_0c9d203c,business,standard,29172.46,4667.59,INR,30,7,0,3500.70,0,26,active,2026-08-18T10:00:00+05:30
far_bada2d96,flt_0c9d203c,business,promo,22754.52,3640.72,INR,30,7,0,,0,26,active,2026-08-18T10:00:00+05:30
far_a86cbca5,flt_05a4ea48,economy,standard,2807.50,449.20,THB,15,7,0,,0,160,active,2026-08-18T10:00:00+05:30
far_f14eafeb,flt_0d8941bc,economy,corporate,5434228.06,869476.49,IDR,15,7,1,,0,140,active,2026-08-18T10:00:00+05:30
far_a3682aa1,flt_0d8941bc,economy,flex,6027052.94,964328.47,IDR,15,7,1,,1,115,active,2026-08-18T10:00:00+05:30
far_336e6aa1,flt_0d8941bc,business,corporate,16846107.00,2695377.12,IDR,30,7,1,2021532.84,0,26,active,2026-08-18T10:00:00+05:30
far_f518d4f3,flt_0d8941bc,business,flex,18683864.12,2989418.26,IDR,30,7,1,,1,39,active,2026-08-18T10:00:00+05:30
far_5d8e7178,flt_a68f3865,economy,corporate,3098441.36,495750.62,IDR,15,7,1,371812.96,0,125,active,2026-08-18T10:00:00+05:30
far_b34bdac7,flt_a68f3865,economy,promo,2197076.60,351532.26,IDR,15,7,0,263649.19,0,115,active,2026-08-18T10:00:00+05:30
far_55625b83,flt_a68f3865,business,promo,6810937.47,1089750.00,IDR,30,7,0,817312.50,0,6,active,2026-08-18T10:00:00+05:30
far_6d42c3ec,flt_a68f3865,business,corporate,9605168.23,1536826.92,IDR,30,7,1,1152620.19,0,30,active,2026-08-18T10:00:00+05:30
far_f4b37aa0,flt_4989d5db,economy,standard,86.44,13.83,SGD,15,7,0,,0,85,active,2026-08-18T10:00:00+05:30
far_1a63d770,flt_db7df3cb,economy,corporate,4554.44,728.71,INR,15,7,1,546.53,0,123,active,2026-08-18T10:00:00+05:30
far_1f39b96d,flt_db7df3cb,economy,saver,3643.55,582.97,INR,15,7,0,437.23,0,29,active,2026-08-18T10:00:00+05:30
far_70c9568b,flt_db7df3cb,business,flex,15658.98,2505.44,INR,30,7,1,1879.08,1,14,active,2026-08-18T10:00:00+05:30
far_cf8e8127,flt_db7df3cb,business,corporate,14118.75,2259.00,INR,30,7,1,1694.25,0,6,active,2026-08-18T10:00:00+05:30
far_f4453797,flt_5fc331c7,economy,promo,3052291.60,488366.66,IDR,15,7,0,,0,74,active,2026-08-18T10:00:00+05:30
far_5cbf9d95,flt_5fc331c7,economy,corporate,4304513.80,688722.21,IDR,15,7,1,516541.66,0,136,active,2026-08-18T10:00:00+05:30
far_35e00a6e,flt_5fc331c7,business,promo,9462103.97,1513936.64,IDR,30,7,0,1135452.48,0,38,active,2026-08-18T10:00:00+05:30
far_11663c3e,flt_5fc331c7,business,saver,10675194.22,1708031.08,IDR,30,7,0,,0,9,active,2026-08-18T10:00:00+05:30
far_a57e05c1,flt_2946898c,economy,flex,11069.99,1771.20,INR,15,7,1,,1,108,active,2026-08-18T10:00:00+05:30
far_adf9879c,flt_2946898c,economy,standard,9073.76,1451.80,INR,15,7,0,,0,64,active,2026-08-18T10:00:00+05:30
far_a277a7ea,flt_2946898c,business,promo,21940.35,3510.46,INR,30,7,0,2632.84,0,26,active,2026-08-18T10:00:00+05:30
far_e24904e4,flt_2946898c,business,flex,34316.96,5490.71,INR,30,7,1,,1,15,active,2026-08-18T10:00:00+05:30
far_a2045610,flt_4a51f40a,economy,saver,6110.85,977.74,INR,15,7,0,,0,27,active,2026-08-18T10:00:00+05:30
far_d809aa59,flt_4a51f40a,economy,corporate,7638.56,1222.17,INR,15,7,1,916.63,0,77,active,2026-08-18T10:00:00+05:30
far_ee43c2e7,flt_4a51f40a,business,standard,21526.84,3444.29,INR,30,7,0,2583.22,0,29,active,2026-08-18T10:00:00+05:30
far_040f1126,flt_4a51f40a,business,promo,16790.94,2686.55,INR,30,7,0,,0,22,active,2026-08-18T10:00:00+05:30
far_b984b2aa,flt_12baa808,economy,saver,3844644.39,615143.10,IDR,15,7,0,461357.33,0,68,active,2026-08-18T10:00:00+05:30
far_0e8e5cdc,flt_12baa808,economy,corporate,4805805.48,768928.88,IDR,15,7,1,576696.66,0,26,active,2026-08-18T10:00:00+05:30
far_a008f362,flt_12baa808,business,flex,16523233.04,2643717.29,IDR,30,7,1,,1,7,active,2026-08-18T10:00:00+05:30
far_0bf3109a,flt_12baa808,business,promo,10564034.24,1690245.48,IDR,30,7,0,,0,31,active,2026-08-18T10:00:00+05:30
far_4e67ac65,flt_3a612a72,economy,promo,4136.01,661.76,INR,15,7,0,496.32,0,42,active,2026-08-18T10:00:00+05:30
far_587eea3f,flt_3a612a72,economy,flex,6469.15,1035.06,INR,15,7,1,776.30,1,77,active,2026-08-18T10:00:00+05:30
far_c773daa2,flt_3a612a72,business,corporate,18081.80,2893.09,INR,30,7,1,,0,14,active,2026-08-18T10:00:00+05:30
far_30ea9cc9,flt_3a612a72,business,standard,16438.00,2630.08,INR,30,7,0,,0,35,active,2026-08-18T10:00:00+05:30
far_08fa02a2,flt_973f1b67,economy,flex,13552.88,2168.46,INR,15,7,1,,1,126,active,2026-08-18T10:00:00+05:30
far_040d84d9,flt_973f1b67,economy,corporate,12219.81,1955.17,INR,15,7,1,1466.38,0,39,active,2026-08-18T10:00:00+05:30
far_c1dee5d8,flt_973f1b67,business,flex,42013.92,6722.23,INR,30,7,1,,1,10,active,2026-08-18T10:00:00+05:30
far_acb900f5,flt_973f1b67,business,saver,30305.12,4848.82,INR,30,7,0,3636.61,0,31,active,2026-08-18T10:00:00+05:30
far_172f9c36,flt_a2103204,economy,promo,7708.11,1233.30,INR,15,7,0,,0,169,active,2026-08-18T10:00:00+05:30
far_b057a27d,flt_a2103204,economy,flex,12056.27,1929.00,INR,15,7,1,,1,151,active,2026-08-18T10:00:00+05:30
far_bda2fe6a,flt_a2103204,business,promo,23895.14,3823.22,INR,30,7,0,2867.42,0,11,active,2026-08-18T10:00:00+05:30
far_4c3f5d6c,flt_a2103204,business,saver,26958.62,4313.38,INR,30,7,0,3235.03,0,37,active,2026-08-18T10:00:00+05:30
far_99258939,flt_0a90013e,economy,corporate,261.77,41.88,SGD,15,7,1,,0,63,active,2026-08-18T10:00:00+05:30
far_1731d5ae,flt_0a90013e,economy,standard,237.97,38.08,SGD,15,7,0,28.56,0,104,active,2026-08-18T10:00:00+05:30
far_a38a182c,flt_0a90013e,business,promo,575.42,92.07,SGD,30,7,0,69.05,0,14,active,2026-08-18T10:00:00+05:30
far_603079a4,flt_0a90013e,business,corporate,811.49,129.84,SGD,30,7,1,,0,26,active,2026-08-18T10:00:00+05:30
far_a23aab8e,flt_e7664f92,economy,promo,5455.95,872.95,THB,15,7,0,654.71,0,137,active,2026-08-18T10:00:00+05:30
far_9bcd7bcb,flt_e7664f92,economy,flex,8533.67,1365.39,THB,15,7,1,1024.04,1,39,active,2026-08-18T10:00:00+05:30
far_dda7ef8c,flt_e7664f92,business,standard,21683.91,3469.42,THB,30,7,0,,0,28,active,2026-08-18T10:00:00+05:30
far_9d442260,flt_e7664f92,business,flex,26454.36,4232.70,THB,30,7,1,3174.52,1,22,active,2026-08-18T10:00:00+05:30
far_41a40bd9,flt_f32a3ef2,economy,saver,11972.90,1915.66,INR,15,7,0,1436.75,0,131,active,2026-08-18T10:00:00+05:30
far_38e1d356,flt_f32a3ef2,economy,flex,16598.79,2655.81,INR,15,7,1,1991.86,1,29,active,2026-08-18T10:00:00+05:30
far_3127b08a,flt_f32a3ef2,business,corporate,46394.99,7423.20,INR,30,7,1,5567.40,0,31,active,2026-08-18T10:00:00+05:30
far_bce06b68,flt_f32a3ef2,business,standard,42177.26,6748.36,INR,30,7,0,5061.27,0,35,active,2026-08-18T10:00:00+05:30
far_a76e9dc9,flt_cf72b2e3,economy,standard,5984.02,957.44,INR,15,7,0,718.08,0,127,active,2026-08-18T10:00:00+05:30
far_b0d52f3e,flt_cf72b2e3,economy,flex,7300.50,1168.08,INR,15,7,1,876.06,1,56,active,2026-08-18T10:00:00+05:30
far_db670024,flt_cf72b2e3,business,flex,22631.56,3621.05,INR,30,7,1,,1,16,active,2026-08-18T10:00:00+05:30
far_e5652999,flt_cf72b2e3,business,promo,14469.36,2315.10,INR,30,7,0,1736.32,0,34,active,2026-08-18T10:00:00+05:30
far_e3227a6b,flt_16a451e2,economy,corporate,593.76,95.00,MYR,15,7,1,71.25,0,68,active,2026-08-18T10:00:00+05:30
far_16327d9b,flt_16a451e2,economy,promo,421.03,67.36,MYR,15,7,0,,0,46,active,2026-08-18T10:00:00+05:30
far_d05d721e,flt_16a451e2,business,flex,2041.44,326.63,MYR,30,7,1,,1,6,active,2026-08-18T10:00:00+05:30
far_937b97e1,flt_16a451e2,business,promo,1305.18,208.83,MYR,30,7,0,156.62,0,36,active,2026-08-18T10:00:00+05:30
far_eb0e0bc1,flt_70c38a32,economy,promo,3035.26,485.64,INR,15,7,0,364.23,0,162,active,2026-08-18T10:00:00+05:30
far_c7c0a4e5,flt_6ee0ca53,economy,corporate,7026.37,1124.22,INR,15,7,1,,0,48,active,2026-08-18T10:00:00+05:30
far_cb9b3d9c,flt_6ee0ca53,economy,flex,7792.88,1246.86,INR,15,7,1,935.15,1,30,active,2026-08-18T10:00:00+05:30
far_20d75b11,flt_6ee0ca53,business,promo,15445.24,2471.24,INR,30,7,0,,0,11,active,2026-08-18T10:00:00+05:30
far_58aea996,flt_6ee0ca53,business,flex,24157.93,3865.27,INR,30,7,1,2898.95,1,15,active,2026-08-18T10:00:00+05:30
far_9cd9b178,flt_4815e0e0,economy,saver,4292.98,686.88,INR,15,7,0,515.16,0,82,active,2026-08-18T10:00:00+05:30
far_c800176f,flt_2141b291,economy,corporate,5854.66,936.75,INR,15,7,1,702.56,0,98,active,2026-08-18T10:00:00+05:30
far_370f8d3c,flt_2141b291,economy,promo,4151.48,664.24,INR,15,7,0,,0,31,active,2026-08-18T10:00:00+05:30
far_d293e273,flt_2141b291,business,promo,12869.60,2059.14,INR,30,7,0,1544.35,0,20,active,2026-08-18T10:00:00+05:30
far_a84764f7,flt_2141b291,business,corporate,18149.44,2903.91,INR,30,7,1,,0,24,active,2026-08-18T10:00:00+05:30
far_8d321036,flt_59a4c5f2,economy,saver,67.31,10.77,MYR,15,7,0,,0,119,active,2026-08-18T10:00:00+05:30
far_8dbcb022,flt_d6055ef2,economy,saver,3263.96,522.23,INR,15,7,0,391.68,0,85,active,2026-08-18T10:00:00+05:30
far_7c44d056,flt_d6055ef2,economy,promo,2893.06,462.89,INR,15,7,0,347.17,0,53,active,2026-08-18T10:00:00+05:30
far_a6a458e5,flt_d6055ef2,business,promo,8968.47,1434.96,INR,30,7,0,1076.22,0,27,active,2026-08-18T10:00:00+05:30
far_10de9aee,flt_d6055ef2,business,saver,10118.28,1618.92,INR,30,7,0,,0,37,active,2026-08-18T10:00:00+05:30
far_0a73fe92,flt_beec2bb8,economy,corporate,10294.50,1647.12,INR,15,7,1,,0,107,active,2026-08-18T10:00:00+05:30
far_776957cf,flt_beec2bb8,economy,saver,8235.60,1317.70,INR,15,7,0,,0,41,active,2026-08-18T10:00:00+05:30
far_cd3c96a2,flt_beec2bb8,business,flex,35394.36,5663.10,INR,30,7,1,,1,8,active,2026-08-18T10:00:00+05:30
far_c7338fb4,flt_beec2bb8,business,promo,22629.18,3620.67,INR,30,7,0,2715.50,0,26,active,2026-08-18T10:00:00+05:30
far_2594b3db,flt_f61d8659,economy,standard,4751.28,760.21,INR,15,7,0,,0,93,active,2026-08-18T10:00:00+05:30
far_c0dfc3ba,flt_f61d8659,economy,promo,3706.00,592.96,INR,15,7,0,,0,123,active,2026-08-18T10:00:00+05:30
far_a69322c0,flt_f61d8659,business,saver,12961.50,2073.84,INR,30,7,0,1555.38,0,24,active,2026-08-18T10:00:00+05:30
far_5eb789fe,flt_f61d8659,business,promo,11488.60,1838.18,INR,30,7,0,,0,15,active,2026-08-18T10:00:00+05:30
far_2792c4e1,flt_e33147bd,economy,corporate,711.43,113.83,AED,15,7,1,85.37,0,129,active,2026-08-18T10:00:00+05:30
far_62c8ba47,flt_e33147bd,economy,standard,646.76,103.48,AED,15,7,0,,0,44,active,2026-08-18T10:00:00+05:30
far_ef0976a7,flt_e33147bd,business,corporate,2205.44,352.87,AED,30,7,1,,0,21,active,2026-08-18T10:00:00+05:30
far_70b51fbd,flt_e33147bd,business,saver,1764.35,282.30,AED,30,7,0,211.72,0,35,active,2026-08-18T10:00:00+05:30
far_f7cfa891,flt_d82f6fee,economy,saver,4786.21,765.79,INR,15,7,0,,0,48,active,2026-08-18T10:00:00+05:30
far_cbe4738a,flt_34d4afaf,economy,promo,2863.70,458.19,INR,15,7,0,343.64,0,131,active,2026-08-18T10:00:00+05:30
far_14e561d5,flt_c180337d,economy,standard,2687.94,430.07,INR,15,7,0,,0,116,active,2026-08-18T10:00:00+05:30
far_e80c7ca5,flt_3447a952,economy,flex,3654.16,584.66,INR,15,7,1,438.50,1,26,active,2026-08-18T10:00:00+05:30
far_7e8e1179,flt_3447a952,economy,saver,2635.78,421.73,INR,15,7,0,,0,139,active,2026-08-18T10:00:00+05:30
far_11bc47e6,flt_3447a952,business,corporate,10213.67,1634.19,INR,30,7,1,1225.64,0,9,active,2026-08-18T10:00:00+05:30
far_65ca1e5f,flt_3447a952,business,standard,9285.15,1485.62,INR,30,7,0,1114.22,0,12,active,2026-08-18T10:00:00+05:30
far_2ac8c9d1,flt_36fd35f0,economy,promo,4690.37,750.46,INR,15,7,0,562.84,0,152,active,2026-08-18T10:00:00+05:30
far_ddf02f71,flt_36fd35f0,economy,flex,7336.22,1173.79,INR,15,7,1,,1,38,active,2026-08-18T10:00:00+05:30
far_5b05f9cc,flt_36fd35f0,business,corporate,20505.33,3280.85,INR,30,7,1,,0,15,active,2026-08-18T10:00:00+05:30
far_64cd2dfc,flt_36fd35f0,business,promo,14540.14,2326.42,INR,30,7,0,,0,36,active,2026-08-18T10:00:00+05:30
far_724e466a,flt_3e83d75c,economy,corporate,111.98,17.92,SGD,15,7,1,,0,41,active,2026-08-18T10:00:00+05:30
far_3050f945,flt_3e83d75c,economy,flex,124.19,19.87,SGD,15,7,1,14.90,1,107,active,2026-08-18T10:00:00+05:30
far_2fb814b7,flt_3e83d75c,business,saver,277.70,44.43,SGD,30,7,0,33.32,0,15,active,2026-08-18T10:00:00+05:30
far_da9dd139,flt_3e83d75c,business,standard,315.57,50.49,SGD,30,7,0,,0,36,active,2026-08-18T10:00:00+05:30
far_0acd58c6,flt_bd735e80,economy,promo,13236.50,2117.84,INR,15,7,0,,0,122,active,2026-08-18T10:00:00+05:30
far_4a7e5944,flt_bd735e80,economy,flex,20703.25,3312.52,INR,15,7,1,2484.39,1,133,active,2026-08-18T10:00:00+05:30
far_262ba086,flt_bd735e80,business,saver,46293.82,7407.01,INR,30,7,0,,0,14,active,2026-08-18T10:00:00+05:30
far_0c5e7fc3,flt_bd735e80,business,standard,52606.61,8417.06,INR,30,7,0,6312.79,0,15,active,2026-08-18T10:00:00+05:30
far_e69f2301,flt_08c09a5e,economy,standard,839.73,134.36,AED,15,7,0,100.77,0,20,active,2026-08-18T10:00:00+05:30
far_8b5c6f9d,flt_08c09a5e,economy,promo,654.99,104.80,AED,15,7,0,,0,150,active,2026-08-18T10:00:00+05:30
far_87d866b1,flt_08c09a5e,business,promo,2030.48,324.88,AED,30,7,0,,0,38,active,2026-08-18T10:00:00+05:30
far_adce3a5a,flt_08c09a5e,business,flex,3175.87,508.14,AED,30,7,1,381.10,1,21,active,2026-08-18T10:00:00+05:30
far_e02ecd45,flt_a6adf8f3,economy,promo,14474.01,2315.84,INR,15,7,0,1736.88,0,130,active,2026-08-18T10:00:00+05:30
far_8fc08468,flt_a6adf8f3,economy,standard,18556.42,2969.03,INR,15,7,0,,0,155,active,2026-08-18T10:00:00+05:30
far_7bcc99c5,flt_a6adf8f3,business,promo,44869.43,7179.11,INR,30,7,0,,0,22,active,2026-08-18T10:00:00+05:30
far_000842d8,flt_a6adf8f3,business,flex,70180.40,11228.86,INR,30,7,1,8421.65,1,36,active,2026-08-18T10:00:00+05:30
far_6b114269,flt_854054c3,economy,saver,4054722.67,648755.63,IDR,15,7,0,,0,160,active,2026-08-18T10:00:00+05:30
far_4467448c,flt_854054c3,economy,promo,3593958.73,575033.40,IDR,15,7,0,431275.05,0,67,active,2026-08-18T10:00:00+05:30
far_d0dc7b9a,flt_854054c3,business,promo,11141272.07,1782603.53,IDR,30,7,0,1336952.65,0,6,active,2026-08-18T10:00:00+05:30
far_e321f797,flt_854054c3,business,corporate,15712050.35,2513928.06,IDR,30,7,1,1885446.04,0,35,active,2026-08-18T10:00:00+05:30
far_c7ae2eec,flt_a62a802f,economy,corporate,1023.31,163.73,AED,15,7,1,122.80,0,21,active,2026-08-18T10:00:00+05:30
far_44ae5f62,flt_a62a802f,economy,promo,725.62,116.10,AED,15,7,0,,0,70,active,2026-08-18T10:00:00+05:30
far_fe3eec64,flt_a62a802f,business,standard,2883.87,461.42,AED,30,7,0,,0,37,active,2026-08-18T10:00:00+05:30
far_9ad9ae5a,flt_a62a802f,business,saver,2537.81,406.05,AED,30,7,0,,0,16,active,2026-08-18T10:00:00+05:30
far_da84d0f6,flt_27384904,economy,flex,5885.93,941.75,THB,15,7,1,706.31,1,124,active,2026-08-18T10:00:00+05:30
far_ba95dcce,flt_27384904,economy,saver,4245.59,679.29,THB,15,7,0,509.47,0,22,active,2026-08-18T10:00:00+05:30
far_90f48e30,flt_27384904,business,flex,18246.37,2919.42,THB,30,7,1,,1,30,active,2026-08-18T10:00:00+05:30
far_de5b0982,flt_27384904,business,saver,13161.32,2105.81,THB,30,7,0,1579.36,0,37,active,2026-08-18T10:00:00+05:30
far_4eed65f5,flt_ac1277a4,economy,saver,7527.52,1204.40,INR,15,7,0,903.30,0,70,active,2026-08-18T10:00:00+05:30
far_22ec74a7,flt_ac1277a4,economy,corporate,9409.40,1505.50,INR,15,7,1,1129.13,0,100,active,2026-08-18T10:00:00+05:30
far_9c552280,flt_ac1277a4,business,corporate,29169.14,4667.06,INR,30,7,1,3500.30,0,19,active,2026-08-18T10:00:00+05:30
far_3de25b1a,flt_ac1277a4,business,standard,26517.40,4242.78,INR,30,7,0,3182.09,0,12,active,2026-08-18T10:00:00+05:30
far_b9f0cbcc,flt_af0aa1cc,economy,promo,6185.81,989.73,INR,15,7,0,742.30,0,97,active,2026-08-18T10:00:00+05:30
far_767582e9,flt_af0aa1cc,economy,corporate,8723.58,1395.77,INR,15,7,1,1046.83,0,125,active,2026-08-18T10:00:00+05:30
far_995ef9ac,flt_af0aa1cc,business,saver,21634.48,3461.52,INR,30,7,0,2596.14,0,19,active,2026-08-18T10:00:00+05:30
far_c3cbe010,flt_af0aa1cc,business,corporate,27043.11,4326.90,INR,30,7,1,3245.17,0,7,active,2026-08-18T10:00:00+05:30
far_c1f88a48,flt_9c7ee926,economy,corporate,5265280.92,842444.95,IDR,15,7,1,631833.71,0,95,active,2026-08-18T10:00:00+05:30
far_41b4885d,flt_9c7ee926,economy,saver,4212224.73,673955.96,IDR,15,7,0,505466.97,0,25,active,2026-08-18T10:00:00+05:30
far_ad778a53,flt_9c7ee926,business,saver,13057896.67,2089263.47,IDR,30,7,0,1566947.60,0,36,active,2026-08-18T10:00:00+05:30
far_4b559091,flt_9c7ee926,business,promo,11574044.78,1851847.16,IDR,30,7,0,1388885.37,0,34,active,2026-08-18T10:00:00+05:30
far_c218f024,flt_99e39b6f,economy,standard,5450491.35,872078.62,IDR,15,7,0,,0,101,active,2026-08-18T10:00:00+05:30
far_dd4b6ac4,flt_99e39b6f,economy,flex,6649599.44,1063935.91,IDR,15,7,1,797951.93,1,142,active,2026-08-18T10:00:00+05:30
far_e207d851,flt_99e39b6f,business,saver,14868940.39,2379030.46,IDR,30,7,0,1784272.85,0,31,active,2026-08-18T10:00:00+05:30
far_0902a693,flt_99e39b6f,business,promo,13179288.08,2108686.09,IDR,30,7,0,1581514.57,0,12,active,2026-08-18T10:00:00+05:30
far_42206ccd,flt_b5a664e7,economy,standard,3972.19,635.55,THB,15,7,0,476.66,0,73,active,2026-08-18T10:00:00+05:30
far_a360d0f7,flt_a63e0f09,economy,saver,13262.29,2121.97,INR,15,7,0,1591.48,0,36,active,2026-08-18T10:00:00+05:30
far_63d3fc42,flt_a63e0f09,economy,standard,15070.79,2411.33,INR,15,7,0,1808.49,0,31,active,2026-08-18T10:00:00+05:30
far_4415d811,flt_a63e0f09,business,saver,41113.11,6578.10,INR,30,7,0,,0,27,active,2026-08-18T10:00:00+05:30
far_c15631b0,flt_a63e0f09,business,promo,36441.16,5830.59,INR,30,7,0,4372.94,0,7,active,2026-08-18T10:00:00+05:30
far_94877bdf,flt_6c02135b,economy,saver,4342.38,694.78,INR,15,7,0,,0,160,active,2026-08-18T10:00:00+05:30
far_d8153026,flt_86c6e4ae,economy,saver,5561.40,889.82,INR,15,7,0,,0,58,active,2026-08-18T10:00:00+05:30
far_8b811a12,flt_86c6e4ae,economy,corporate,6951.76,1112.28,INR,15,7,1,,0,169,active,2026-08-18T10:00:00+05:30
far_381b9f01,flt_86c6e4ae,business,standard,19591.31,3134.61,INR,30,7,0,2350.96,0,29,active,2026-08-18T10:00:00+05:30
far_521b9d39,flt_86c6e4ae,business,flex,23901.40,3824.22,INR,30,7,1,2868.17,1,12,active,2026-08-18T10:00:00+05:30
far_54131711,flt_28980971,economy,corporate,5893.05,942.89,INR,15,7,1,,0,118,active,2026-08-18T10:00:00+05:30
far_77415777,flt_28980971,economy,standard,5357.32,857.17,INR,15,7,0,642.88,0,54,active,2026-08-18T10:00:00+05:30
far_98ba6871,flt_28980971,business,flex,20261.39,3241.82,INR,30,7,1,2431.37,1,9,active,2026-08-18T10:00:00+05:30
far_48c9de28,flt_28980971,business,saver,14614.77,2338.36,INR,30,7,0,,0,19,active,2026-08-18T10:00:00+05:30
far_47d6aa27,flt_55a2c291,economy,promo,2499.69,399.95,INR,15,7,0,299.96,0,60,active,2026-08-18T10:00:00+05:30
far_5b830174,flt_55a2c291,economy,saver,2820.17,451.23,INR,15,7,0,,0,160,active,2026-08-18T10:00:00+05:30
far_d567e3db,flt_55a2c291,business,flex,12120.30,1939.25,INR,30,7,1,1454.44,1,7,active,2026-08-18T10:00:00+05:30
far_9de351f4,flt_55a2c291,business,standard,9934.68,1589.55,INR,30,7,0,1192.16,0,24,active,2026-08-18T10:00:00+05:30
far_adf6cf27,flt_ab4698d6,economy,standard,2241336.61,358613.86,IDR,15,7,0,,0,89,active,2026-08-18T10:00:00+05:30
far_0aa890ad,flt_58182111,economy,corporate,3723.91,595.83,INR,15,7,1,446.87,0,119,active,2026-08-18T10:00:00+05:30
far_f954624d,flt_39abce96,economy,standard,2810.65,449.70,INR,15,7,0,,0,92,active,2026-08-18T10:00:00+05:30
far_168c325c,flt_39abce96,economy,saver,2473.37,395.74,INR,15,7,0,296.80,0,94,active,2026-08-18T10:00:00+05:30
far_dbcf4bf1,flt_39abce96,business,flex,10629.89,1700.78,INR,30,7,1,,1,19,active,2026-08-18T10:00:00+05:30
far_51632f0e,flt_39abce96,business,promo,6796.16,1087.39,INR,30,7,0,,0,38,active,2026-08-18T10:00:00+05:30
far_ae024e59,flt_4819875f,economy,promo,5117.57,818.81,INR,15,7,0,,0,114,active,2026-08-18T10:00:00+05:30
far_26d0bbe7,flt_4819875f,economy,flex,8004.40,1280.70,INR,15,7,1,960.53,1,71,active,2026-08-18T10:00:00+05:30
far_4a976abc,flt_4819875f,business,saver,17898.36,2863.74,INR,30,7,0,,0,39,active,2026-08-18T10:00:00+05:30
far_708f2717,flt_4819875f,business,standard,20339.04,3254.25,INR,30,7,0,,0,29,active,2026-08-18T10:00:00+05:30
far_0a270b2a,flt_58d06672,economy,standard,2156.23,345.00,INR,15,7,0,,0,59,active,2026-08-18T10:00:00+05:30
far_17727583,flt_58d06672,economy,saver,1897.48,303.60,INR,15,7,0,227.70,0,120,active,2026-08-18T10:00:00+05:30
far_ae54c7f5,flt_58d06672,business,promo,5213.77,834.20,INR,30,7,0,625.65,0,19,active,2026-08-18T10:00:00+05:30
far_8419b9ae,flt_58d06672,business,corporate,7352.75,1176.44,INR,30,7,1,882.33,0,34,active,2026-08-18T10:00:00+05:30
far_1af1e7af,flt_3785b02a,economy,promo,620.31,99.25,AED,15,7,0,74.44,0,42,active,2026-08-18T10:00:00+05:30
far_3e1b02bb,flt_3785b02a,economy,saver,699.84,111.97,AED,15,7,0,83.98,0,111,active,2026-08-18T10:00:00+05:30
far_08b121e1,flt_3785b02a,business,corporate,2711.86,433.90,AED,30,7,1,325.42,0,31,active,2026-08-18T10:00:00+05:30
far_52e13470,flt_3785b02a,business,flex,3007.70,481.23,AED,30,7,1,,1,18,active,2026-08-18T10:00:00+05:30
far_e8b70dfa,flt_f7a12ac5,economy,standard,230.88,36.94,SGD,15,7,0,,0,146,active,2026-08-18T10:00:00+05:30
far_66148826,flt_b1a646f2,economy,standard,10435.06,1669.61,INR,15,7,0,1252.21,0,32,active,2026-08-18T10:00:00+05:30
far_778d8eb5,flt_b1a646f2,economy,corporate,11478.57,1836.57,INR,15,7,1,1377.43,0,104,active,2026-08-18T10:00:00+05:30
far_1f69bd27,flt_b1a646f2,business,saver,28466.84,4554.69,INR,30,7,0,,0,20,active,2026-08-18T10:00:00+05:30
far_39e60e0d,flt_b1a646f2,business,standard,32348.69,5175.79,INR,30,7,0,,0,32,active,2026-08-18T10:00:00+05:30
far_8b82b3e4,flt_6fdcdcd0,economy,saver,2472.72,395.64,INR,15,7,0,296.73,0,129,active,2026-08-18T10:00:00+05:30
far_d0d0bedf,flt_a91949b3,economy,standard,13033.54,2085.37,INR,15,7,0,1564.02,0,165,active,2026-08-18T10:00:00+05:30
far_818a13eb,flt_a91949b3,economy,promo,10166.16,1626.59,INR,15,7,0,,0,151,active,2026-08-18T10:00:00+05:30
far_161debb1,flt_a91949b3,business,saver,35555.49,5688.88,INR,30,7,0,4266.66,0,25,active,2026-08-18T10:00:00+05:30
far_abd53840,flt_a91949b3,business,corporate,44444.36,7111.10,INR,30,7,1,5333.32,0,4,active,2026-08-18T10:00:00+05:30
far_f902ac96,flt_0cdb0878,economy,corporate,4094634.05,655141.45,IDR,15,7,1,491356.09,0,165,active,2026-08-18T10:00:00+05:30
far_bacb7068,flt_0cdb0878,economy,flex,4541321.40,726611.42,IDR,15,7,1,,1,84,active,2026-08-18T10:00:00+05:30
far_1f40ce47,flt_0cdb0878,business,corporate,12693365.55,2030938.49,IDR,30,7,1,,0,15,active,2026-08-18T10:00:00+05:30
far_04508d2c,flt_0cdb0878,business,standard,11539423.22,1846307.72,IDR,30,7,0,1384730.79,0,38,active,2026-08-18T10:00:00+05:30
far_7f4f4e33,flt_1ebb99e3,economy,corporate,5478.27,876.52,INR,15,7,1,657.39,0,21,active,2026-08-18T10:00:00+05:30
far_5fe005ed,flt_1ebb99e3,economy,standard,4980.24,796.84,INR,15,7,0,597.63,0,134,active,2026-08-18T10:00:00+05:30
far_fba47581,flt_1ebb99e3,business,promo,12042.23,1926.76,INR,30,7,0,1445.07,0,5,active,2026-08-18T10:00:00+05:30
far_7d4023c3,flt_1ebb99e3,business,saver,13586.11,2173.78,INR,30,7,0,,0,23,active,2026-08-18T10:00:00+05:30
far_f33ca78a,flt_74f8bb8d,economy,standard,245.06,39.21,SGD,15,7,0,29.41,0,73,active,2026-08-18T10:00:00+05:30
far_973436aa,flt_74f8bb8d,economy,flex,298.97,47.84,SGD,15,7,1,35.88,1,79,active,2026-08-18T10:00:00+05:30
far_3cd48526,flt_74f8bb8d,business,promo,592.55,94.81,SGD,30,7,0,71.11,0,38,active,2026-08-18T10:00:00+05:30
far_92310b49,flt_74f8bb8d,business,corporate,835.65,133.70,SGD,30,7,1,100.28,0,18,active,2026-08-18T10:00:00+05:30
far_90dd91aa,flt_4d53e84f,economy,flex,3569.03,571.05,INR,15,7,1,428.28,1,147,active,2026-08-18T10:00:00+05:30
far_9124e93a,flt_4d53e84f,economy,standard,2925.44,468.07,INR,15,7,0,,0,119,active,2026-08-18T10:00:00+05:30
far_75290fed,flt_4d53e84f,business,standard,9068.85,1451.02,INR,30,7,0,1088.26,0,21,active,2026-08-18T10:00:00+05:30
far_106c0539,flt_4d53e84f,business,flex,11064.00,1770.24,INR,30,7,1,1327.68,1,27,active,2026-08-18T10:00:00+05:30
far_e3059584,flt_51dba809,economy,standard,6802.15,1088.34,INR,15,7,0,816.26,0,61,active,2026-08-18T10:00:00+05:30
far_e81c8e88,flt_219fc5be,economy,flex,13286.77,2125.88,INR,15,7,1,,1,99,active,2026-08-18T10:00:00+05:30
far_3888b549,flt_219fc5be,economy,corporate,11979.87,1916.78,INR,15,7,1,1437.58,0,54,active,2026-08-18T10:00:00+05:30
far_db4af1f0,flt_219fc5be,business,standard,33761.46,5401.83,INR,30,7,0,,0,12,active,2026-08-18T10:00:00+05:30
far_3c5452ca,flt_219fc5be,business,corporate,37137.61,5942.02,INR,30,7,1,4456.51,0,35,active,2026-08-18T10:00:00+05:30
far_ab549650,flt_07cfdf42,economy,promo,4865.48,778.48,INR,15,7,0,583.86,0,118,active,2026-08-18T10:00:00+05:30
far_532ac930,flt_07cfdf42,economy,corporate,6861.58,1097.85,INR,15,7,1,,0,39,active,2026-08-18T10:00:00+05:30
far_7de07a8e,flt_07cfdf42,business,standard,19337.17,3093.95,INR,30,7,0,2320.46,0,7,active,2026-08-18T10:00:00+05:30
far_cb0e8f56,flt_07cfdf42,business,saver,17016.71,2722.67,INR,30,7,0,2042.01,0,37,active,2026-08-18T10:00:00+05:30
far_9e7e466c,flt_8ad2b922,economy,standard,14103.99,2256.64,INR,15,7,0,1692.48,0,164,active,2026-08-18T10:00:00+05:30
far_b5c41b35,flt_8ad2b922,economy,flex,17206.87,2753.10,INR,15,7,1,2064.82,1,140,active,2026-08-18T10:00:00+05:30
far_1b8116ff,flt_8ad2b922,business,flex,53341.30,8534.61,INR,30,7,1,6400.96,1,6,active,2026-08-18T10:00:00+05:30
far_e8f10831,flt_8ad2b922,business,standard,43722.38,6995.58,INR,30,7,0,,0,10,active,2026-08-18T10:00:00+05:30
far_6824fb23,flt_eb0f6f3e,economy,standard,4173.13,667.70,THB,15,7,0,500.78,0,87,active,2026-08-18T10:00:00+05:30
far_2e340281,flt_5d58f9f4,economy,saver,8661.73,1385.88,INR,15,7,0,1039.41,0,136,active,2026-08-18T10:00:00+05:30
far_d059f044,flt_5d58f9f4,economy,standard,9842.87,1574.86,INR,15,7,0,1181.14,0,106,active,2026-08-18T10:00:00+05:30
far_0b4309bc,flt_5d58f9f4,business,flex,37225.74,5956.12,INR,30,7,1,4467.09,1,30,active,2026-08-18T10:00:00+05:30
far_d7ec9db7,flt_5d58f9f4,business,corporate,33564.19,5370.27,INR,30,7,1,,0,4,active,2026-08-18T10:00:00+05:30
far_9f22af58,flt_98b4ef57,economy,corporate,1038.64,166.18,MYR,15,7,1,124.64,0,80,active,2026-08-18T10:00:00+05:30
far_00cf213f,flt_98b4ef57,economy,promo,736.49,117.84,MYR,15,7,0,88.38,0,61,active,2026-08-18T10:00:00+05:30
far_b3ec61eb,flt_98b4ef57,business,promo,2283.11,365.30,MYR,30,7,0,273.97,0,10,active,2026-08-18T10:00:00+05:30
far_2b5dd100,flt_98b4ef57,business,flex,3571.02,571.36,MYR,30,7,1,428.52,1,17,active,2026-08-18T10:00:00+05:30
far_61d95353,flt_8cd86cce,economy,flex,22157.95,3545.27,INR,15,7,1,2658.95,1,49,active,2026-08-18T10:00:00+05:30
far_415999a1,flt_8cd86cce,economy,corporate,19978.48,3196.56,INR,15,7,1,2397.42,0,158,active,2026-08-18T10:00:00+05:30
far_b7a260f3,flt_8cd86cce,business,promo,43916.32,7026.61,INR,30,7,0,,0,21,active,2026-08-18T10:00:00+05:30
far_dc10ca9c,flt_8cd86cce,business,saver,49546.62,7927.46,INR,30,7,0,,0,35,active,2026-08-18T10:00:00+05:30
far_20be606b,flt_c8d3d961,economy,saver,8251.25,1320.20,INR,15,7,0,990.15,0,152,active,2026-08-18T10:00:00+05:30
far_0511405b,flt_c8d3d961,economy,standard,9376.42,1500.23,INR,15,7,0,1125.17,0,98,active,2026-08-18T10:00:00+05:30
far_a04d6309,flt_c8d3d961,business,flex,35461.62,5673.86,INR,30,7,1,4255.39,1,22,active,2026-08-18T10:00:00+05:30
far_cd011ed9,flt_c8d3d961,business,corporate,31973.59,5115.77,INR,30,7,1,,0,15,active,2026-08-18T10:00:00+05:30
far_4a11080f,flt_09292e4a,economy,promo,5873.78,939.80,INR,15,7,0,704.85,0,159,active,2026-08-18T10:00:00+05:30
far_4c93f0e2,flt_025454ce,economy,corporate,12834.32,2053.49,INR,15,7,1,1540.12,0,75,active,2026-08-18T10:00:00+05:30
far_d22f27de,flt_025454ce,economy,standard,11667.56,1866.81,INR,15,7,0,,0,33,active,2026-08-18T10:00:00+05:30
far_e8ab901f,flt_025454ce,business,saver,31829.11,5092.66,INR,30,7,0,3819.49,0,13,active,2026-08-18T10:00:00+05:30
far_5630ca63,flt_025454ce,business,standard,36169.44,5787.11,INR,30,7,0,,0,17,active,2026-08-18T10:00:00+05:30
far_6d9f1a68,flt_cc5a6ef9,economy,corporate,3084471.86,493515.50,IDR,15,7,1,370136.62,0,131,active,2026-08-18T10:00:00+05:30
far_40f987e9,flt_1b04cf75,economy,corporate,1645.95,263.35,INR,15,7,1,197.51,0,63,active,2026-08-18T10:00:00+05:30
far_e461cf5f,flt_1b04cf75,economy,standard,1496.32,239.41,INR,15,7,0,,0,50,active,2026-08-18T10:00:00+05:30
far_599d6750,flt_1b04cf75,business,promo,3618.10,578.90,INR,30,7,0,,0,30,active,2026-08-18T10:00:00+05:30
far_7f4a5776,flt_1b04cf75,business,standard,4638.59,742.17,INR,30,7,0,,0,32,active,2026-08-18T10:00:00+05:30
far_b70a9e07,flt_90f2cd7e,economy,standard,284225.31,45476.05,IDR,15,7,0,,0,134,active,2026-08-18T10:00:00+05:30
far_6174108c,flt_e6ac883d,economy,standard,13742.11,2198.74,INR,15,7,0,,0,74,active,2026-08-18T10:00:00+05:30
far_4e3f4dcc,flt_e6ac883d,economy,corporate,15116.32,2418.61,INR,15,7,1,1813.96,0,66,active,2026-08-18T10:00:00+05:30
far_136c3b06,flt_e6ac883d,business,corporate,46860.60,7497.70,INR,30,7,1,5623.27,0,25,active,2026-08-18T10:00:00+05:30
far_4b557ef1,flt_e6ac883d,business,promo,33228.43,5316.55,INR,30,7,0,3987.41,0,35,active,2026-08-18T10:00:00+05:30
far_688d555d,flt_105a5712,economy,corporate,19233.58,3077.37,INR,15,7,1,,0,49,active,2026-08-18T10:00:00+05:30
far_7690363a,flt_105a5712,economy,standard,17485.08,2797.61,INR,15,7,0,,0,66,active,2026-08-18T10:00:00+05:30
far_e69210e2,flt_105a5712,business,promo,42278.91,6764.63,INR,30,7,0,,0,11,active,2026-08-18T10:00:00+05:30
far_ef3d47c0,flt_105a5712,business,flex,66128.56,10580.57,INR,30,7,1,7935.43,1,26,active,2026-08-18T10:00:00+05:30
far_3602daf8,flt_b0f4704d,economy,corporate,228.84,36.61,SGD,15,7,1,27.46,0,81,active,2026-08-18T10:00:00+05:30
far_8716c305,flt_b0f4704d,economy,flex,253.81,40.61,SGD,15,7,1,,1,55,active,2026-08-18T10:00:00+05:30
far_a9fd8a62,flt_b0f4704d,business,corporate,709.41,113.51,SGD,30,7,1,,0,11,active,2026-08-18T10:00:00+05:30
far_24553b13,flt_b0f4704d,business,flex,786.80,125.89,SGD,30,7,1,94.42,1,31,active,2026-08-18T10:00:00+05:30
far_bc64645f,flt_bbf3a6b9,economy,corporate,7193.10,1150.90,THB,15,7,1,863.17,0,32,active,2026-08-18T10:00:00+05:30
far_1d823b67,flt_bbf3a6b9,economy,flex,7977.80,1276.45,THB,15,7,1,957.34,1,75,active,2026-08-18T10:00:00+05:30
far_d83bbff0,flt_bbf3a6b9,business,corporate,22298.60,3567.78,THB,30,7,1,,0,7,active,2026-08-18T10:00:00+05:30
far_46f7e595,flt_bbf3a6b9,business,promo,15811.74,2529.88,THB,30,7,0,1897.41,0,24,active,2026-08-18T10:00:00+05:30
far_022fa98a,flt_85c70f18,economy,corporate,596.27,95.40,AED,15,7,1,71.55,0,104,active,2026-08-18T10:00:00+05:30
far_20a4c00d,flt_85c70f18,economy,saver,477.01,76.32,AED,15,7,0,,0,94,active,2026-08-18T10:00:00+05:30
far_57e300cd,flt_85c70f18,business,corporate,1848.43,295.75,AED,30,7,1,,0,12,active,2026-08-18T10:00:00+05:30
far_7c8bd2cd,flt_85c70f18,business,standard,1680.39,268.86,AED,30,7,0,201.65,0,23,active,2026-08-18T10:00:00+05:30
far_b1974459,flt_e2573506,economy,corporate,7078.79,1132.61,INR,15,7,1,,0,104,active,2026-08-18T10:00:00+05:30
far_f7ac9517,flt_e2573506,economy,saver,5663.03,906.09,INR,15,7,0,,0,110,active,2026-08-18T10:00:00+05:30
far_5ccca8d9,flt_e2573506,business,standard,19949.33,3191.89,INR,30,7,0,2393.92,0,18,active,2026-08-18T10:00:00+05:30
far_9f059f50,flt_e2573506,business,corporate,21944.26,3511.08,INR,30,7,1,2633.31,0,25,active,2026-08-18T10:00:00+05:30
far_eb367432,flt_14335fb2,economy,corporate,3374.11,539.86,INR,15,7,1,,0,134,active,2026-08-18T10:00:00+05:30
far_760a469a,flt_14335fb2,economy,saver,2699.29,431.89,INR,15,7,0,323.91,0,76,active,2026-08-18T10:00:00+05:30
far_ffcb0268,flt_14335fb2,business,corporate,10459.75,1673.56,INR,30,7,1,1255.17,0,10,active,2026-08-18T10:00:00+05:30
far_3c2467ea,flt_14335fb2,business,flex,11600.82,1856.13,INR,30,7,1,1392.10,1,25,active,2026-08-18T10:00:00+05:30
far_97c0b34d,flt_efbc3c5c,economy,saver,4124.23,659.88,INR,15,7,0,,0,23,active,2026-08-18T10:00:00+05:30
far_0ba31c9d,flt_efbc3c5c,economy,flex,5717.68,914.83,INR,15,7,1,686.12,1,49,active,2026-08-18T10:00:00+05:30
far_6f5dc679,flt_efbc3c5c,business,standard,14528.52,2324.56,INR,30,7,0,1743.42,0,27,active,2026-08-18T10:00:00+05:30
far_3443cf92,flt_efbc3c5c,business,promo,11332.25,1813.16,INR,30,7,0,,0,6,active,2026-08-18T10:00:00+05:30
far_666731b6,flt_3ea2baa7,economy,saver,4240.85,678.54,INR,15,7,0,,0,66,active,2026-08-18T10:00:00+05:30
far_f23dac69,flt_3ea2baa7,economy,corporate,5301.06,848.17,INR,15,7,1,636.13,0,21,active,2026-08-18T10:00:00+05:30
far_c3de7d5e,flt_3ea2baa7,business,corporate,16433.28,2629.33,INR,30,7,1,,0,10,active,2026-08-18T10:00:00+05:30
far_dabfcd1e,flt_3ea2baa7,business,saver,13146.63,2103.46,INR,30,7,0,1577.60,0,6,active,2026-08-18T10:00:00+05:30
far_9d3fd3cf,flt_1037572f,economy,flex,4743749.14,758999.86,IDR,15,7,1,569249.90,1,102,active,2026-08-18T10:00:00+05:30
far_9b6f52de,flt_1037572f,economy,promo,3032888.79,485262.21,IDR,15,7,0,363946.66,0,53,active,2026-08-18T10:00:00+05:30
far_ba945737,flt_1037572f,business,saver,10607334.14,1697173.46,IDR,30,7,0,,0,35,active,2026-08-18T10:00:00+05:30
far_6e782122,flt_1037572f,business,promo,9401955.26,1504312.84,IDR,30,7,0,,0,21,active,2026-08-18T10:00:00+05:30
far_cda1072f,flt_0b7d43b2,economy,standard,10513.66,1682.19,INR,15,7,0,,0,123,active,2026-08-18T10:00:00+05:30
far_23899300,flt_0b7d43b2,economy,promo,8200.66,1312.11,INR,15,7,0,984.08,0,161,active,2026-08-18T10:00:00+05:30
far_58c102c7,flt_0b7d43b2,business,standard,32592.36,5214.78,INR,30,7,0,,0,31,active,2026-08-18T10:00:00+05:30
far_2949362a,flt_0b7d43b2,business,saver,28681.28,4589.00,INR,30,7,0,,0,26,active,2026-08-18T10:00:00+05:30
far_d9ce62cf,flt_8c00ccda,economy,standard,5459702.10,873552.34,IDR,15,7,0,,0,67,active,2026-08-18T10:00:00+05:30
far_48951fa7,flt_8c00ccda,economy,saver,4804537.84,768726.06,IDR,15,7,0,,0,124,active,2026-08-18T10:00:00+05:30
far_623a35ae,flt_8c00ccda,business,saver,14894067.32,2383050.77,IDR,30,7,0,,0,32,active,2026-08-18T10:00:00+05:30
far_8c7c75ee,flt_8c00ccda,business,flex,20648593.32,3303774.93,IDR,30,7,1,2477831.20,1,26,active,2026-08-18T10:00:00+05:30
far_d4182272,flt_b93cc567,economy,promo,4075.28,652.04,THB,15,7,0,,0,110,active,2026-08-18T10:00:00+05:30
far_866ecb4a,flt_b93cc567,economy,corporate,5747.19,919.55,THB,15,7,1,689.66,0,146,active,2026-08-18T10:00:00+05:30
far_8f818c3f,flt_b93cc567,business,corporate,17816.29,2850.61,THB,30,7,1,2137.95,0,28,active,2026-08-18T10:00:00+05:30
far_3f478c5d,flt_b93cc567,business,flex,19759.88,3161.58,THB,30,7,1,2371.19,1,16,active,2026-08-18T10:00:00+05:30
far_dfe76e97,flt_0e24dd32,economy,standard,13956.23,2233.00,INR,15,7,0,,0,160,active,2026-08-18T10:00:00+05:30
far_770d21f9,flt_0e24dd32,economy,promo,10885.86,1741.74,INR,15,7,0,1306.30,0,91,active,2026-08-18T10:00:00+05:30
far_0eff838d,flt_0e24dd32,business,saver,38072.58,6091.61,INR,30,7,0,,0,16,active,2026-08-18T10:00:00+05:30
far_d681a66b,flt_0e24dd32,business,promo,33746.15,5399.38,INR,30,7,0,4049.54,0,8,active,2026-08-18T10:00:00+05:30
far_27e5d3ef,flt_a01b401b,economy,saver,6906.66,1105.07,INR,15,7,0,,0,142,active,2026-08-18T10:00:00+05:30
far_3177a047,flt_a01b401b,economy,corporate,8633.33,1381.33,INR,15,7,1,1036.00,0,119,active,2026-08-18T10:00:00+05:30
far_d6f18818,flt_a01b401b,business,standard,24330.29,3892.85,INR,30,7,0,2919.63,0,39,active,2026-08-18T10:00:00+05:30
far_5ec77555,flt_a01b401b,business,flex,29682.95,4749.27,INR,30,7,1,3561.95,1,6,active,2026-08-18T10:00:00+05:30
far_ad378c70,flt_a88c672b,economy,corporate,20655.61,3304.90,INR,15,7,1,2478.67,0,47,active,2026-08-18T10:00:00+05:30
far_c909ecd1,flt_5ff708cc,economy,corporate,26744.29,4279.09,INR,15,7,1,3209.31,0,90,active,2026-08-18T10:00:00+05:30
far_8650f672,flt_5ff708cc,economy,flex,29661.85,4745.90,INR,15,7,1,,1,121,active,2026-08-18T10:00:00+05:30
far_286ff5bc,flt_5ff708cc,business,saver,66325.84,10612.13,INR,30,7,0,7959.10,0,30,active,2026-08-18T10:00:00+05:30
far_09a0d70c,flt_5ff708cc,business,corporate,82907.30,13265.17,INR,30,7,1,9948.88,0,30,active,2026-08-18T10:00:00+05:30
far_19792893,flt_c6c11721,economy,standard,3287019.56,525923.13,IDR,15,7,0,,0,61,active,2026-08-18T10:00:00+05:30
far_08abf8d1,flt_c6c11721,economy,flex,4010163.86,641626.22,IDR,15,7,1,,1,113,active,2026-08-18T10:00:00+05:30
far_9d2edce4,flt_c6c11721,business,flex,12431507.97,1989041.28,IDR,30,7,1,,1,38,active,2026-08-18T10:00:00+05:30
far_3bac7225,flt_c6c11721,business,promo,7948013.29,1271682.13,IDR,30,7,0,,0,31,active,2026-08-18T10:00:00+05:30
far_019e6c75,flt_8d9d39bd,economy,promo,2539736.16,406357.78,IDR,15,7,0,304768.34,0,55,active,2026-08-18T10:00:00+05:30
far_1c2025a8,flt_8d9d39bd,economy,saver,2865343.35,458454.94,IDR,15,7,0,,0,77,active,2026-08-18T10:00:00+05:30
far_43cfc989,flt_8d9d39bd,business,saver,8882564.40,1421210.30,IDR,30,7,0,1065907.73,0,35,active,2026-08-18T10:00:00+05:30
far_a942e636,flt_8d9d39bd,business,corporate,11103205.50,1776512.88,IDR,30,7,1,,0,22,active,2026-08-18T10:00:00+05:30
far_741a42f3,flt_9edbafb2,economy,saver,685.32,109.65,MYR,15,7,0,82.24,0,168,active,2026-08-18T10:00:00+05:30
far_04654ce0,flt_9edbafb2,economy,promo,607.44,97.19,MYR,15,7,0,,0,105,active,2026-08-18T10:00:00+05:30
far_f28b4142,flt_9edbafb2,business,corporate,2655.61,424.90,MYR,30,7,1,318.67,0,10,active,2026-08-18T10:00:00+05:30
far_a043bd8e,flt_9edbafb2,business,standard,2414.19,386.27,MYR,30,7,0,,0,8,active,2026-08-18T10:00:00+05:30
far_cb3be60c,flt_b0707fbf,economy,flex,1768.40,282.94,INR,15,7,1,212.21,1,137,active,2026-08-18T10:00:00+05:30
far_30ce2264,flt_b0707fbf,economy,corporate,1594.46,255.11,INR,15,7,1,191.33,0,56,active,2026-08-18T10:00:00+05:30
far_c0b256fb,flt_b0707fbf,business,promo,3504.91,560.79,INR,30,7,0,,0,10,active,2026-08-18T10:00:00+05:30
far_3e318c25,flt_b0707fbf,business,corporate,4942.82,790.85,INR,30,7,1,593.14,0,28,active,2026-08-18T10:00:00+05:30
far_0f88b91e,flt_38791322,economy,corporate,8762.84,1402.05,INR,15,7,1,,0,74,active,2026-08-18T10:00:00+05:30
far_168acaf7,flt_38791322,economy,saver,7010.27,1121.64,INR,15,7,0,841.23,0,64,active,2026-08-18T10:00:00+05:30
far_4d06bce1,flt_38791322,business,saver,21731.84,3477.09,INR,30,7,0,2607.82,0,15,active,2026-08-18T10:00:00+05:30
far_a4bfc6a8,flt_38791322,business,promo,19262.31,3081.97,INR,30,7,0,,0,23,active,2026-08-18T10:00:00+05:30
far_d6b7ddbc,flt_e1b59175,economy,promo,5920.92,947.35,INR,15,7,0,,0,52,active,2026-08-18T10:00:00+05:30
far_f0969541,flt_e1b59175,economy,flex,9260.92,1481.75,INR,15,7,1,1111.31,1,163,active,2026-08-18T10:00:00+05:30
far_8cfcb4b7,flt_e1b59175,business,saver,20708.03,3313.28,INR,30,7,0,2484.96,0,14,active,2026-08-18T10:00:00+05:30
far_f0522c33,flt_e1b59175,business,promo,18354.84,2936.77,INR,30,7,0,2202.58,0,14,active,2026-08-18T10:00:00+05:30
far_7f5c91ea,flt_b0eff12a,economy,promo,10527.34,1684.37,INR,15,7,0,,0,61,active,2026-08-18T10:00:00+05:30
far_595f0bfa,flt_b0eff12a,economy,standard,13496.59,2159.45,INR,15,7,0,1619.59,0,98,active,2026-08-18T10:00:00+05:30
far_da6a4813,flt_b0eff12a,business,flex,51044.10,8167.06,INR,30,7,1,6125.29,1,10,active,2026-08-18T10:00:00+05:30
far_9b48919f,flt_b0eff12a,business,corporate,46023.37,7363.74,INR,30,7,1,5522.80,0,13,active,2026-08-18T10:00:00+05:30
far_d023cb34,flt_c50a2305,economy,promo,7066.50,1130.64,INR,15,7,0,847.98,0,46,active,2026-08-18T10:00:00+05:30
far_e3caed60,flt_c50a2305,economy,saver,7972.46,1275.59,INR,15,7,0,956.69,0,119,active,2026-08-18T10:00:00+05:30
far_ca064db4,flt_c50a2305,business,corporate,30893.27,4942.92,INR,30,7,1,,0,39,active,2026-08-18T10:00:00+05:30
far_43fd01fb,flt_c50a2305,business,flex,34263.44,5482.15,INR,30,7,1,4111.61,1,4,active,2026-08-18T10:00:00+05:30
far_a100cef9,flt_63bcbbd8,economy,corporate,15165.50,2426.48,INR,15,7,1,1819.86,0,23,active,2026-08-18T10:00:00+05:30
far_9fdfce5a,flt_63bcbbd8,economy,saver,12132.40,1941.18,INR,15,7,0,1455.89,0,20,active,2026-08-18T10:00:00+05:30
far_9c03d2f6,flt_63bcbbd8,business,corporate,47013.06,7522.09,INR,30,7,1,5641.57,0,19,active,2026-08-18T10:00:00+05:30
far_10b26fec,flt_63bcbbd8,business,flex,52141.76,8342.68,INR,30,7,1,,1,9,active,2026-08-18T10:00:00+05:30
far_7a34a6a3,flt_fae13703,economy,corporate,6132.43,981.19,INR,15,7,1,,0,65,active,2026-08-18T10:00:00+05:30
far_c8d327b9,flt_fae13703,economy,promo,4348.45,695.75,INR,15,7,0,521.81,0,41,active,2026-08-18T10:00:00+05:30
far_89660c95,flt_fae13703,business,promo,13480.19,2156.83,INR,30,7,0,,0,39,active,2026-08-18T10:00:00+05:30
far_5eba3dd8,flt_fae13703,business,flex,21084.40,3373.50,INR,30,7,1,,1,31,active,2026-08-18T10:00:00+05:30
far_bbb409a5,flt_ecb501ac,economy,corporate,16017.79,2562.85,INR,15,7,1,1922.14,0,26,active,2026-08-18T10:00:00+05:30
far_9c73a5d6,flt_ecb501ac,economy,standard,14561.63,2329.86,INR,15,7,0,,0,130,active,2026-08-18T10:00:00+05:30
far_b670ec02,flt_ecb501ac,business,flex,55072.09,8811.53,INR,30,7,1,6608.65,1,36,active,2026-08-18T10:00:00+05:30
far_81ef6458,flt_ecb501ac,business,corporate,49655.16,7944.83,INR,30,7,1,5958.62,0,32,active,2026-08-18T10:00:00+05:30
far_5ac10f35,flt_820f4910,economy,saver,6655.99,1064.96,INR,15,7,0,,0,118,active,2026-08-18T10:00:00+05:30
far_fb21a14d,flt_820f4910,economy,promo,5899.63,943.94,INR,15,7,0,,0,29,active,2026-08-18T10:00:00+05:30
far_274c2547,flt_820f4910,business,saver,20633.57,3301.37,INR,30,7,0,,0,34,active,2026-08-18T10:00:00+05:30
far_49414bd4,flt_820f4910,business,corporate,25791.96,4126.71,INR,30,7,1,,0,29,active,2026-08-18T10:00:00+05:30
far_700afc7b,flt_b82444da,economy,promo,2941.24,470.60,INR,15,7,0,352.95,0,127,active,2026-08-18T10:00:00+05:30
far_ceba82f6,flt_8b27a4ad,economy,standard,802.48,128.40,MYR,15,7,0,,0,94,active,2026-08-18T10:00:00+05:30
far_368837f5,flt_8b27a4ad,economy,flex,979.02,156.64,MYR,15,7,1,117.48,1,85,active,2026-08-18T10:00:00+05:30
far_c8802a11,flt_8b27a4ad,business,flex,3034.97,485.59,MYR,30,7,1,,1,39,active,2026-08-18T10:00:00+05:30
far_9154d30e,flt_8b27a4ad,business,promo,1940.39,310.46,MYR,30,7,0,232.85,0,28,active,2026-08-18T10:00:00+05:30
far_9d2bf76a,flt_6201b223,economy,promo,6577.26,1052.36,INR,15,7,0,789.27,0,57,active,2026-08-18T10:00:00+05:30
far_da3279fd,flt_6201b223,economy,standard,8432.39,1349.18,INR,15,7,0,,0,39,active,2026-08-18T10:00:00+05:30
far_b97f3e4b,flt_6201b223,business,promo,20389.52,3262.32,INR,30,7,0,,0,28,active,2026-08-18T10:00:00+05:30
far_3a3091c9,flt_6201b223,business,flex,31891.30,5102.61,INR,30,7,1,,1,37,active,2026-08-18T10:00:00+05:30
far_8d40326d,flt_2078c572,economy,corporate,5107.53,817.20,INR,15,7,1,612.90,0,58,active,2026-08-18T10:00:00+05:30
far_54f5658e,flt_93584dc1,economy,standard,19432.68,3109.23,INR,15,7,0,,0,54,active,2026-08-18T10:00:00+05:30
far_7362ffd4,flt_93584dc1,economy,flex,23707.87,3793.26,INR,15,7,1,2844.94,1,149,active,2026-08-18T10:00:00+05:30
far_01d9c50f,flt_93584dc1,business,standard,60241.31,9638.61,INR,30,7,0,7228.96,0,11,active,2026-08-18T10:00:00+05:30
far_0e06fc4e,flt_93584dc1,business,saver,53012.36,8481.98,INR,30,7,0,,0,33,active,2026-08-18T10:00:00+05:30
far_41283db7,flt_d31408b6,economy,saver,3351.55,536.25,INR,15,7,0,,0,126,active,2026-08-18T10:00:00+05:30
far_c2f8906f,flt_d31408b6,economy,corporate,4189.44,670.31,INR,15,7,1,,0,106,active,2026-08-18T10:00:00+05:30
far_5e656ed1,flt_d31408b6,business,standard,11806.60,1889.06,INR,30,7,0,,0,12,active,2026-08-18T10:00:00+05:30
far_eb9d6c72,flt_d31408b6,business,flex,14404.05,2304.65,INR,30,7,1,1728.49,1,38,active,2026-08-18T10:00:00+05:30
far_0b4c3d5d,flt_fe8cf0a6,economy,promo,512.14,81.94,AED,15,7,0,61.46,0,122,active,2026-08-18T10:00:00+05:30
far_5774a4ac,flt_fe8cf0a6,economy,standard,656.59,105.05,AED,15,7,0,78.79,0,58,active,2026-08-18T10:00:00+05:30
far_a7fff87d,flt_fe8cf0a6,business,corporate,2238.98,358.24,AED,30,7,1,268.68,0,5,active,2026-08-18T10:00:00+05:30
far_a52ac0cb,flt_fe8cf0a6,business,flex,2483.23,397.32,AED,30,7,1,297.99,1,6,active,2026-08-18T10:00:00+05:30
far_af5c20ae,flt_d69ecea5,economy,flex,214.21,34.27,SGD,15,7,1,,1,82,active,2026-08-18T10:00:00+05:30
far_16d38b3c,flt_a618373e,economy,promo,12943.70,2070.99,INR,15,7,0,1553.24,0,99,active,2026-08-18T10:00:00+05:30
far_6e4570bc,flt_a618373e,economy,standard,16594.49,2655.12,INR,15,7,0,,0,90,active,2026-08-18T10:00:00+05:30
far_752d743d,flt_a618373e,business,promo,40125.47,6420.08,INR,30,7,0,4815.06,0,27,active,2026-08-18T10:00:00+05:30
far_4ab80ef4,flt_a618373e,business,standard,51442.91,8230.87,INR,30,7,0,6173.15,0,10,active,2026-08-18T10:00:00+05:30
far_453f57bd,flt_67677f7c,economy,promo,2676.12,428.18,INR,15,7,0,321.13,0,108,active,2026-08-18T10:00:00+05:30
far_bc802ccd,flt_67677f7c,economy,flex,4185.72,669.71,INR,15,7,1,502.29,1,91,active,2026-08-18T10:00:00+05:30
far_1fbaac00,flt_67677f7c,business,promo,8295.96,1327.35,INR,30,7,0,,0,26,active,2026-08-18T10:00:00+05:30
far_923fde89,flt_67677f7c,business,standard,10635.84,1701.73,INR,30,7,0,,0,34,active,2026-08-18T10:00:00+05:30
far_b1466e46,flt_99992845,economy,standard,3311.81,529.89,INR,15,7,0,,0,117,active,2026-08-18T10:00:00+05:30
far_4d1b3d91,flt_99992845,economy,corporate,3642.99,582.88,INR,15,7,1,437.16,0,60,active,2026-08-18T10:00:00+05:30
far_cd2ad952,flt_99992845,business,promo,8007.95,1281.27,INR,30,7,0,960.95,0,12,active,2026-08-18T10:00:00+05:30
far_bf841c93,flt_99992845,business,flex,12525.25,2004.04,INR,30,7,1,1503.03,1,31,active,2026-08-18T10:00:00+05:30
far_2e1c184e,flt_1a359b37,economy,promo,250.79,40.13,AED,15,7,0,,0,51,active,2026-08-18T10:00:00+05:30
far_baf419cc,flt_1a359b37,economy,corporate,353.67,56.59,AED,15,7,1,42.44,0,96,active,2026-08-18T10:00:00+05:30
far_ba159ba6,flt_1a359b37,business,corporate,1096.38,175.42,AED,30,7,1,131.57,0,20,active,2026-08-18T10:00:00+05:30
far_4affbf92,flt_1a359b37,business,saver,877.11,140.34,AED,30,7,0,105.25,0,18,active,2026-08-18T10:00:00+05:30
far_ec71e6f4,flt_931dcac0,economy,saver,7496.05,1199.37,INR,15,7,0,,0,24,active,2026-08-18T10:00:00+05:30
far_2d5b7105,flt_931dcac0,economy,flex,10392.25,1662.76,INR,15,7,1,,1,159,active,2026-08-18T10:00:00+05:30
far_9ea5cae2,flt_931dcac0,business,saver,23237.74,3718.04,INR,30,7,0,2788.53,0,28,active,2026-08-18T10:00:00+05:30
far_4a4cdb95,flt_931dcac0,business,promo,20597.09,3295.53,INR,30,7,0,2471.65,0,36,active,2026-08-18T10:00:00+05:30
far_15b01ad8,flt_a201bfa2,economy,saver,255.34,40.86,SGD,15,7,0,,0,163,active,2026-08-18T10:00:00+05:30
far_69de4c32,flt_a201bfa2,economy,standard,290.16,46.43,SGD,15,7,0,34.82,0,85,active,2026-08-18T10:00:00+05:30
far_f64876c5,flt_a201bfa2,business,corporate,989.46,158.31,SGD,30,7,1,,0,20,active,2026-08-18T10:00:00+05:30
far_744d4e06,flt_a201bfa2,business,standard,899.51,143.92,SGD,30,7,0,107.94,0,24,active,2026-08-18T10:00:00+05:30
far_c909e38a,flt_dcaa603f,economy,flex,7531.49,1205.04,THB,15,7,1,903.78,1,53,active,2026-08-18T10:00:00+05:30
far_2da1a554,flt_dcaa603f,economy,corporate,6790.69,1086.51,THB,15,7,1,,0,62,active,2026-08-18T10:00:00+05:30
far_22268121,flt_dcaa603f,business,promo,14927.16,2388.35,THB,30,7,0,1791.26,0,21,active,2026-08-18T10:00:00+05:30
far_9c1f28f7,flt_dcaa603f,business,flex,23347.61,3735.62,THB,30,7,1,2801.71,1,12,active,2026-08-18T10:00:00+05:30
far_2b156910,flt_226ddc7c,economy,standard,6808.91,1089.42,INR,15,7,0,817.07,0,23,active,2026-08-18T10:00:00+05:30
far_13485b5d,flt_226ddc7c,economy,corporate,7489.80,1198.37,INR,15,7,1,898.78,0,109,active,2026-08-18T10:00:00+05:30
far_9a367aa3,flt_226ddc7c,business,flex,25751.28,4120.21,INR,30,7,1,,1,22,active,2026-08-18T10:00:00+05:30
far_cacd4396,flt_226ddc7c,business,corporate,23218.37,3714.94,INR,30,7,1,2786.20,0,14,active,2026-08-18T10:00:00+05:30
far_02329126,flt_6bf7180e,economy,flex,15034.17,2405.47,INR,15,7,1,1804.10,1,31,active,2026-08-18T10:00:00+05:30
far_7e7c4b86,flt_6bf7180e,economy,corporate,13555.40,2168.86,INR,15,7,1,,0,60,active,2026-08-18T10:00:00+05:30
far_fe8741d0,flt_6bf7180e,business,saver,33617.40,5378.78,INR,30,7,0,4034.09,0,25,active,2026-08-18T10:00:00+05:30
far_52cf605d,flt_6bf7180e,business,corporate,42021.75,6723.48,INR,30,7,1,5042.61,0,23,active,2026-08-18T10:00:00+05:30
far_e73baaaa,flt_34b3c310,economy,saver,229.01,36.64,SGD,15,7,0,27.48,0,31,active,2026-08-18T10:00:00+05:30
far_f1261410,flt_34b3c310,economy,standard,260.24,41.64,SGD,15,7,0,,0,128,active,2026-08-18T10:00:00+05:30
far_66662052,flt_34b3c310,business,standard,806.74,129.08,SGD,30,7,0,,0,16,active,2026-08-18T10:00:00+05:30
far_79ba38d1,flt_34b3c310,business,corporate,887.42,141.99,SGD,30,7,1,106.49,0,17,active,2026-08-18T10:00:00+05:30
far_83115c4d,flt_9886cae9,economy,flex,7394.50,1183.12,INR,15,7,1,887.34,1,138,active,2026-08-18T10:00:00+05:30
far_afccec71,flt_9886cae9,economy,corporate,6667.18,1066.75,INR,15,7,1,800.06,0,29,active,2026-08-18T10:00:00+05:30
far_7f24e19d,flt_9886cae9,business,promo,14655.67,2344.91,INR,30,7,0,,0,20,active,2026-08-18T10:00:00+05:30
far_b2e613f7,flt_9886cae9,business,corporate,20668.25,3306.92,INR,30,7,1,2480.19,0,36,active,2026-08-18T10:00:00+05:30
far_725d8afb,flt_bbf1ab56,economy,corporate,19618.79,3139.01,INR,15,7,1,2354.26,0,96,active,2026-08-18T10:00:00+05:30
far_97083593,flt_bbf1ab56,economy,standard,17835.27,2853.64,INR,15,7,0,2140.23,0,148,active,2026-08-18T10:00:00+05:30
far_644c0abc,flt_bbf1ab56,business,promo,43125.67,6900.11,INR,30,7,0,5175.08,0,9,active,2026-08-18T10:00:00+05:30
far_7215d0cf,flt_bbf1ab56,business,standard,55289.32,8846.29,INR,30,7,0,6634.72,0,11,active,2026-08-18T10:00:00+05:30
far_05fbf1f7,flt_41c68c10,economy,promo,4353.46,696.55,INR,15,7,0,522.41,0,84,active,2026-08-18T10:00:00+05:30
far_7fed8725,flt_41c68c10,economy,corporate,6139.49,982.32,INR,15,7,1,736.74,0,51,active,2026-08-18T10:00:00+05:30
far_8a29ada4,flt_41c68c10,business,saver,15225.93,2436.15,INR,30,7,0,,0,8,active,2026-08-18T10:00:00+05:30
far_dca2f482,flt_41c68c10,business,corporate,19032.41,3045.19,INR,30,7,1,2283.89,0,34,active,2026-08-18T10:00:00+05:30
far_a1c77894,flt_332a390c,economy,standard,4917.20,786.75,INR,15,7,0,,0,113,active,2026-08-18T10:00:00+05:30
far_9dc2aeb2,flt_332a390c,economy,corporate,5408.92,865.43,INR,15,7,1,,0,55,active,2026-08-18T10:00:00+05:30
far_7547291b,flt_332a390c,business,corporate,16767.66,2682.83,INR,30,7,1,,0,11,active,2026-08-18T10:00:00+05:30
far_608d0400,flt_332a390c,business,promo,11889.80,1902.37,INR,30,7,0,1426.78,0,13,active,2026-08-18T10:00:00+05:30
far_03532019,flt_e2986778,economy,saver,5084.24,813.48,INR,15,7,0,610.11,0,28,active,2026-08-18T10:00:00+05:30
far_2e2ff233,flt_e2986778,economy,standard,5777.55,924.41,INR,15,7,0,693.31,0,149,active,2026-08-18T10:00:00+05:30
far_a9d88d75,flt_e2986778,business,standard,17910.40,2865.66,INR,30,7,0,2149.25,0,27,active,2026-08-18T10:00:00+05:30
far_784874d4,flt_e2986778,business,promo,13970.11,2235.22,INR,30,7,0,1676.41,0,17,active,2026-08-18T10:00:00+05:30
far_57b6b708,flt_32f6b5ab,economy,saver,7354.33,1176.69,INR,15,7,0,882.52,0,34,active,2026-08-18T10:00:00+05:30
far_adc40469,flt_32f6b5ab,economy,promo,6518.61,1042.98,INR,15,7,0,,0,100,active,2026-08-18T10:00:00+05:30
far_2a9cf71a,flt_32f6b5ab,business,corporate,28498.04,4559.69,INR,30,7,1,3419.76,0,21,active,2026-08-18T10:00:00+05:30
far_83d6406c,flt_32f6b5ab,business,promo,20207.70,3233.23,INR,30,7,0,,0,29,active,2026-08-18T10:00:00+05:30
far_d28b37af,flt_0b09f266,economy,corporate,3903.87,624.62,THB,15,7,1,468.46,0,108,active,2026-08-18T10:00:00+05:30
far_eefaceb8,flt_113a0ecc,economy,standard,4876.20,780.19,THB,15,7,0,,0,103,active,2026-08-18T10:00:00+05:30
far_45d33f59,flt_113a0ecc,economy,promo,3803.44,608.55,THB,15,7,0,,0,24,active,2026-08-18T10:00:00+05:30
far_069f3bb1,flt_113a0ecc,business,promo,11790.65,1886.50,THB,30,7,0,1414.88,0,8,active,2026-08-18T10:00:00+05:30
far_71377e8c,flt_113a0ecc,business,flex,18441.79,2950.69,THB,30,7,1,2213.01,1,34,active,2026-08-18T10:00:00+05:30
far_35a2af15,flt_5b687412,economy,standard,7550.70,1208.11,INR,15,7,0,906.08,0,146,active,2026-08-18T10:00:00+05:30
far_d42c15e5,flt_5b687412,economy,promo,5889.55,942.33,INR,15,7,0,706.75,0,21,active,2026-08-18T10:00:00+05:30
far_5c2600ea,flt_5b687412,business,flex,28556.76,4569.08,INR,30,7,1,3426.81,1,7,active,2026-08-18T10:00:00+05:30
far_75127c62,flt_5b687412,business,standard,23407.18,3745.15,INR,30,7,0,2808.86,0,27,active,2026-08-18T10:00:00+05:30
far_673c4d5f,flt_690149c7,economy,flex,7886.46,1261.83,INR,15,7,1,,1,162,active,2026-08-18T10:00:00+05:30
far_edfef775,flt_690149c7,economy,standard,6464.31,1034.29,INR,15,7,0,775.72,0,30,active,2026-08-18T10:00:00+05:30
far_6ad14bc7,flt_690149c7,business,corporate,22043.31,3526.93,INR,30,7,1,2645.20,0,33,active,2026-08-18T10:00:00+05:30
far_201bf1b5,flt_690149c7,business,flex,24448.03,3911.68,INR,30,7,1,2933.76,1,22,active,2026-08-18T10:00:00+05:30
far_5e778ae9,flt_083da29b,economy,promo,5737.65,918.02,INR,15,7,0,,0,28,active,2026-08-18T10:00:00+05:30
far_07b4ec8e,flt_083da29b,economy,flex,8974.27,1435.88,INR,15,7,1,,1,85,active,2026-08-18T10:00:00+05:30
far_02b377fa,flt_083da29b,business,promo,17786.70,2845.87,INR,30,7,0,,0,12,active,2026-08-18T10:00:00+05:30
far_bd78bfcf,flt_083da29b,business,flex,27820.22,4451.24,INR,30,7,1,3338.43,1,6,active,2026-08-18T10:00:00+05:30
far_f929a0fe,flt_a7f78ef6,economy,promo,5116.76,818.68,INR,15,7,0,,0,24,active,2026-08-18T10:00:00+05:30
far_fda78535,flt_a7f78ef6,economy,saver,5772.76,923.64,INR,15,7,0,692.73,0,58,active,2026-08-18T10:00:00+05:30
far_e6e38785,flt_a7f78ef6,business,standard,20335.84,3253.74,INR,30,7,0,2440.30,0,27,active,2026-08-18T10:00:00+05:30
far_428e93de,flt_a7f78ef6,business,saver,17895.54,2863.29,INR,30,7,0,2147.47,0,17,active,2026-08-18T10:00:00+05:30
far_6b43d5e8,flt_db01e4ae,economy,flex,25415.01,4066.40,INR,15,7,1,3049.80,1,26,active,2026-08-18T10:00:00+05:30
far_79179ad6,flt_db01e4ae,economy,saver,18332.14,2933.14,INR,15,7,0,,0,156,active,2026-08-18T10:00:00+05:30
far_7a77f6df,flt_db01e4ae,business,standard,64579.13,10332.66,INR,30,7,0,7749.50,0,13,active,2026-08-18T10:00:00+05:30
far_1c6d0c20,flt_db01e4ae,business,saver,56829.63,9092.74,INR,30,7,0,,0,36,active,2026-08-18T10:00:00+05:30
far_5e2a11e2,flt_c9cdcf03,economy,corporate,19508.38,3121.34,INR,15,7,1,,0,39,active,2026-08-18T10:00:00+05:30
far_9623467a,flt_c9cdcf03,economy,standard,17734.90,2837.58,INR,15,7,0,,0,124,active,2026-08-18T10:00:00+05:30
far_9a056f27,flt_c9cdcf03,business,promo,42882.98,6861.28,INR,30,7,0,,0,7,active,2026-08-18T10:00:00+05:30
far_bc102633,flt_c9cdcf03,business,corporate,60475.99,9676.16,INR,30,7,1,7257.12,0,23,active,2026-08-18T10:00:00+05:30
far_2348c437,flt_36d5aa50,economy,flex,3610.40,577.66,INR,15,7,1,,1,99,active,2026-08-18T10:00:00+05:30
far_61579625,flt_36d5aa50,economy,standard,2959.34,473.49,INR,15,7,0,355.12,0,91,active,2026-08-18T10:00:00+05:30
far_9edf67cf,flt_36d5aa50,business,flex,11192.23,1790.76,INR,30,7,1,,1,4,active,2026-08-18T10:00:00+05:30
far_31c176b6,flt_36d5aa50,business,promo,7155.69,1144.91,INR,30,7,0,858.68,0,7,active,2026-08-18T10:00:00+05:30
far_54669d70,flt_0b49fa96,economy,standard,5459.46,873.51,INR,15,7,0,655.13,0,34,active,2026-08-18T10:00:00+05:30
far_324ee128,flt_0b49fa96,economy,promo,4258.38,681.34,INR,15,7,0,,0,29,active,2026-08-18T10:00:00+05:30
far_c044301e,flt_0b49fa96,business,promo,13200.97,2112.15,INR,30,7,0,,0,34,active,2026-08-18T10:00:00+05:30
far_f8adc6b9,flt_0b49fa96,business,flex,20647.67,3303.63,INR,30,7,1,2477.72,1,12,active,2026-08-18T10:00:00+05:30
far_8f9fb89b,flt_9bd16f53,economy,saver,4394.24,703.08,INR,15,7,0,527.31,0,92,active,2026-08-18T10:00:00+05:30
far_8473ab12,flt_9bd16f53,economy,corporate,5492.80,878.85,INR,15,7,1,,0,61,active,2026-08-18T10:00:00+05:30
far_e8d14fe4,flt_9bd16f53,business,flex,18885.25,3021.64,INR,30,7,1,,1,18,active,2026-08-18T10:00:00+05:30
far_3f24a843,flt_9bd16f53,business,saver,13622.15,2179.54,INR,30,7,0,1634.66,0,7,active,2026-08-18T10:00:00+05:30
far_b10c120e,flt_3f9e2260,economy,saver,18822.61,3011.62,INR,15,7,0,,0,73,active,2026-08-18T10:00:00+05:30
far_52000683,flt_3f9e2260,economy,corporate,23528.26,3764.52,INR,15,7,1,2823.39,0,165,active,2026-08-18T10:00:00+05:30
far_c705c5e6,flt_3f9e2260,business,promo,51719.40,8275.10,INR,30,7,0,6206.33,0,27,active,2026-08-18T10:00:00+05:30
far_6e6edbf8,flt_3f9e2260,business,flex,80894.44,12943.11,INR,30,7,1,9707.33,1,26,active,2026-08-18T10:00:00+05:30
far_e09b73d4,flt_523a20f7,economy,promo,3743.25,598.92,INR,15,7,0,449.19,0,26,active,2026-08-18T10:00:00+05:30
far_dbf99969,flt_523a20f7,economy,standard,4799.04,767.85,INR,15,7,0,575.89,0,24,active,2026-08-18T10:00:00+05:30
far_f0152cbe,flt_523a20f7,business,flex,18149.98,2904.00,INR,30,7,1,,1,26,active,2026-08-18T10:00:00+05:30
far_974ed55f,flt_523a20f7,business,corporate,16364.74,2618.36,INR,30,7,1,,0,31,active,2026-08-18T10:00:00+05:30
far_51cda2f6,flt_70421848,economy,promo,4756.15,760.98,THB,15,7,0,570.74,0,45,active,2026-08-18T10:00:00+05:30
far_13c31801,flt_70421848,economy,saver,5365.91,858.55,THB,15,7,0,643.91,0,46,active,2026-08-18T10:00:00+05:30
far_63361c71,flt_70421848,business,corporate,20792.90,3326.86,THB,30,7,1,2495.15,0,14,active,2026-08-18T10:00:00+05:30
far_1c7999cf,flt_70421848,business,flex,23061.22,3689.80,THB,30,7,1,2767.35,1,4,active,2026-08-18T10:00:00+05:30
far_6ba1183b,flt_579a8a86,economy,corporate,812.15,129.94,MYR,15,7,1,97.46,0,149,active,2026-08-18T10:00:00+05:30
far_78713ebe,flt_579a8a86,economy,promo,575.89,92.14,MYR,15,7,0,,0,93,active,2026-08-18T10:00:00+05:30
far_7b543763,flt_579a8a86,business,flex,2792.31,446.77,MYR,30,7,1,335.08,1,12,active,2026-08-18T10:00:00+05:30
far_3ab38807,flt_579a8a86,business,corporate,2517.66,402.83,MYR,30,7,1,302.12,0,31,active,2026-08-18T10:00:00+05:30
far_3ec4eb35,flt_b825b7ce,economy,flex,19867.05,3178.73,INR,15,7,1,,1,134,active,2026-08-18T10:00:00+05:30
far_2fa9585e,flt_b825b7ce,economy,corporate,17912.92,2866.07,INR,15,7,1,2149.55,0,114,active,2026-08-18T10:00:00+05:30
far_08bf16c0,flt_b825b7ce,business,standard,50481.86,8077.10,INR,30,7,0,6057.82,0,25,active,2026-08-18T10:00:00+05:30
far_03933c37,flt_b825b7ce,business,flex,61587.86,9854.06,INR,30,7,1,7390.54,1,20,active,2026-08-18T10:00:00+05:30
far_0bf24174,flt_fb1cdad1,economy,corporate,4012.59,642.01,THB,15,7,1,,0,165,active,2026-08-18T10:00:00+05:30
far_43c3de03,flt_0b337a96,economy,corporate,9140.53,1462.48,INR,15,7,1,1096.86,0,31,active,2026-08-18T10:00:00+05:30
far_925b8151,flt_ac8bdf50,economy,saver,6582.27,1053.16,INR,15,7,0,,0,77,active,2026-08-18T10:00:00+05:30
far_52d97e3c,flt_ac8bdf50,economy,flex,9125.42,1460.07,INR,15,7,1,1095.05,1,65,active,2026-08-18T10:00:00+05:30
far_a1b0c7d2,flt_ac8bdf50,business,flex,28288.81,4526.21,INR,30,7,1,3394.66,1,11,active,2026-08-18T10:00:00+05:30
far_e2437699,flt_ac8bdf50,business,corporate,25506.30,4081.01,INR,30,7,1,3060.76,0,28,active,2026-08-18T10:00:00+05:30
far_6cf433ae,flt_332e7d8a,economy,flex,6557.60,1049.22,INR,15,7,1,786.91,1,49,active,2026-08-18T10:00:00+05:30
far_ec63ba7a,flt_332e7d8a,economy,corporate,5912.59,946.01,INR,15,7,1,,0,82,active,2026-08-18T10:00:00+05:30
far_e8526b49,flt_332e7d8a,business,corporate,18329.03,2932.65,INR,30,7,1,,0,33,active,2026-08-18T10:00:00+05:30
far_9b000bb5,flt_332e7d8a,business,flex,20328.56,3252.57,INR,30,7,1,2439.43,1,14,active,2026-08-18T10:00:00+05:30
far_f73091d2,flt_dc9ad97c,economy,corporate,340.17,54.43,SGD,15,7,1,40.82,0,149,active,2026-08-18T10:00:00+05:30
far_798a4006,flt_dc9ad97c,economy,promo,241.21,38.59,SGD,15,7,0,,0,110,active,2026-08-18T10:00:00+05:30
far_15f6d8a5,flt_dc9ad97c,business,corporate,1054.52,168.72,SGD,30,7,1,,0,19,active,2026-08-18T10:00:00+05:30
far_78b9b787,flt_dc9ad97c,business,saver,843.62,134.98,SGD,30,7,0,,0,7,active,2026-08-18T10:00:00+05:30
far_43ba4e55,flt_e19f2b17,economy,saver,11440.29,1830.45,INR,15,7,0,1372.83,0,160,active,2026-08-18T10:00:00+05:30
far_97fb1998,flt_e19f2b17,economy,promo,10140.26,1622.44,INR,15,7,0,1216.83,0,63,active,2026-08-18T10:00:00+05:30
far_c5e5f6f7,flt_e19f2b17,business,flex,49167.25,7866.76,INR,30,7,1,5900.07,1,23,active,2026-08-18T10:00:00+05:30
far_dfe7cbf6,flt_e19f2b17,business,promo,31434.80,5029.57,INR,30,7,0,3772.18,0,21,active,2026-08-18T10:00:00+05:30
far_efef2857,flt_61aa437a,economy,standard,375.78,60.12,MYR,15,7,0,45.09,0,56,active,2026-08-18T10:00:00+05:30
far_6985d167,flt_61aa437a,economy,saver,330.69,52.91,MYR,15,7,0,39.68,0,90,active,2026-08-18T10:00:00+05:30
far_51ea8606,flt_61aa437a,business,flex,1421.20,227.39,MYR,30,7,1,170.54,1,20,active,2026-08-18T10:00:00+05:30
far_817f6193,flt_61aa437a,business,saver,1025.13,164.02,MYR,30,7,0,123.02,0,6,active,2026-08-18T10:00:00+05:30
far_db270c47,flt_7739158e,economy,promo,3390.71,542.51,THB,15,7,0,406.88,0,97,active,2026-08-18T10:00:00+05:30
far_10fd31ec,flt_7739158e,economy,corporate,4781.77,765.08,THB,15,7,1,,0,88,active,2026-08-18T10:00:00+05:30
far_7abb9c32,flt_7739158e,business,flex,16440.59,2630.49,THB,30,7,1,1972.87,1,39,active,2026-08-18T10:00:00+05:30
far_bb3aae9a,flt_7739158e,business,corporate,14823.48,2371.76,THB,30,7,1,1778.82,0,18,active,2026-08-18T10:00:00+05:30
far_50e9fd13,flt_a335ceb3,economy,standard,7014.03,1122.25,INR,15,7,0,,0,127,active,2026-08-18T10:00:00+05:30
far_38dd6058,flt_a335ceb3,economy,flex,8557.12,1369.14,INR,15,7,1,1026.85,1,26,active,2026-08-18T10:00:00+05:30
far_76d52c1c,flt_a335ceb3,business,corporate,23917.86,3826.86,INR,30,7,1,2870.14,0,23,active,2026-08-18T10:00:00+05:30
far_3b038a74,flt_a335ceb3,business,promo,16959.94,2713.59,INR,30,7,0,,0,8,active,2026-08-18T10:00:00+05:30
far_b3f1ec17,flt_8842e916,economy,promo,4283.25,685.32,INR,15,7,0,513.99,0,40,active,2026-08-18T10:00:00+05:30
far_eb6f07b4,flt_8842e916,economy,standard,5491.34,878.62,INR,15,7,0,,0,52,active,2026-08-18T10:00:00+05:30
far_dbeabb48,flt_8842e916,business,standard,17023.17,2723.71,INR,30,7,0,,0,19,active,2026-08-18T10:00:00+05:30
far_5cbee107,flt_8842e916,business,promo,13278.07,2124.49,INR,30,7,0,1593.37,0,20,active,2026-08-18T10:00:00+05:30
far_574d3117,flt_2ac36e73,economy,promo,87.18,13.95,SGD,15,7,0,,0,37,active,2026-08-18T10:00:00+05:30
far_c60b24be,flt_2ac36e73,economy,flex,136.36,21.82,SGD,15,7,1,16.36,1,25,active,2026-08-18T10:00:00+05:30
far_1b8bf285,flt_2ac36e73,business,corporate,381.15,60.98,SGD,30,7,1,45.74,0,18,active,2026-08-18T10:00:00+05:30
far_3ba78085,flt_2ac36e73,business,standard,346.50,55.44,SGD,30,7,0,,0,32,active,2026-08-18T10:00:00+05:30
far_5cea59f3,flt_ff55fee4,economy,corporate,8180.92,1308.95,INR,15,7,1,981.71,0,39,active,2026-08-18T10:00:00+05:30
far_5f9c393c,flt_ff55fee4,economy,standard,7437.20,1189.95,INR,15,7,0,892.46,0,22,active,2026-08-18T10:00:00+05:30
far_bb9de080,flt_ff55fee4,business,standard,23055.33,3688.85,INR,30,7,0,2766.64,0,6,active,2026-08-18T10:00:00+05:30
far_60b89a38,flt_ff55fee4,business,saver,20288.69,3246.19,INR,30,7,0,,0,4,active,2026-08-18T10:00:00+05:30
far_6db9214c,flt_908e8f9f,economy,promo,6366.31,1018.61,INR,15,7,0,763.96,0,55,active,2026-08-18T10:00:00+05:30
far_45342f3b,flt_908e8f9f,economy,saver,7182.50,1149.20,INR,15,7,0,,0,127,active,2026-08-18T10:00:00+05:30
far_223844a8,flt_908e8f9f,business,promo,19735.56,3157.69,INR,30,7,0,,0,31,active,2026-08-18T10:00:00+05:30
far_35b8bafc,flt_908e8f9f,business,standard,25302.00,4048.32,INR,30,7,0,,0,30,active,2026-08-18T10:00:00+05:30
far_819d189a,flt_11632a9d,economy,flex,8717.07,1394.73,INR,15,7,1,1046.05,1,80,active,2026-08-18T10:00:00+05:30
far_d78c2815,flt_11632a9d,economy,standard,7145.14,1143.22,INR,15,7,0,857.42,0,128,active,2026-08-18T10:00:00+05:30
far_3e5027c5,flt_11632a9d,business,flex,27022.92,4323.67,INR,30,7,1,3242.75,1,15,active,2026-08-18T10:00:00+05:30
far_16fddf06,flt_11632a9d,business,saver,19491.95,3118.71,INR,30,7,0,2339.03,0,21,active,2026-08-18T10:00:00+05:30
far_50619d04,flt_2ed726fe,economy,standard,6552.08,1048.33,INR,15,7,0,786.25,0,64,active,2026-08-18T10:00:00+05:30
far_3956fd0c,flt_2ed726fe,economy,saver,5765.83,922.53,INR,15,7,0,,0,97,active,2026-08-18T10:00:00+05:30
far_3be8dbe2,flt_2ed726fe,business,saver,17874.09,2859.85,INR,30,7,0,,0,17,active,2026-08-18T10:00:00+05:30
far_747f41ee,flt_2ed726fe,business,promo,15842.94,2534.87,INR,30,7,0,1901.15,0,33,active,2026-08-18T10:00:00+05:30
far_873842ee,flt_7e23af7a,economy,promo,3271.50,523.44,INR,15,7,0,392.58,0,159,active,2026-08-18T10:00:00+05:30
far_b99f8c37,flt_7e23af7a,economy,flex,5116.96,818.71,INR,15,7,1,614.04,1,48,active,2026-08-18T10:00:00+05:30
far_309ee37a,flt_7e23af7a,business,standard,13002.11,2080.34,INR,30,7,0,,0,9,active,2026-08-18T10:00:00+05:30
far_1631d765,flt_7e23af7a,business,flex,15862.58,2538.01,INR,30,7,1,1903.51,1,34,active,2026-08-18T10:00:00+05:30
far_ae317c30,flt_4ca4399b,economy,flex,659.48,105.52,MYR,15,7,1,,1,100,active,2026-08-18T10:00:00+05:30
far_84bb0145,flt_4ca4399b,economy,saver,475.69,76.11,MYR,15,7,0,57.08,0,137,active,2026-08-18T10:00:00+05:30
far_1245adbf,flt_4ca4399b,business,flex,2044.38,327.10,MYR,30,7,1,245.33,1,32,active,2026-08-18T10:00:00+05:30
far_5c6a2bd5,flt_4ca4399b,business,corporate,1843.30,294.93,MYR,30,7,1,,0,24,active,2026-08-18T10:00:00+05:30
far_4580d972,flt_eba27c5a,economy,corporate,4121.90,659.50,INR,15,7,1,,0,145,active,2026-08-18T10:00:00+05:30
far_f259c173,flt_eba27c5a,economy,promo,2922.80,467.65,INR,15,7,0,350.74,0,63,active,2026-08-18T10:00:00+05:30
far_54321c0b,flt_eba27c5a,business,flex,14171.84,2267.49,INR,30,7,1,1700.62,1,24,active,2026-08-18T10:00:00+05:30
far_ba89986e,flt_eba27c5a,business,corporate,12777.89,2044.46,INR,30,7,1,,0,26,active,2026-08-18T10:00:00+05:30
far_6ca56677,flt_ddb48252,economy,standard,8937.23,1429.96,INR,15,7,0,,0,79,active,2026-08-18T10:00:00+05:30
far_b7d3a976,flt_ddb48252,economy,flex,10903.42,1744.55,INR,15,7,1,1308.41,1,49,active,2026-08-18T10:00:00+05:30
far_9d811783,flt_ddb48252,business,saver,24380.77,3900.92,INR,30,7,0,2925.69,0,22,active,2026-08-18T10:00:00+05:30
far_81d639f8,flt_ddb48252,business,corporate,30475.96,4876.15,INR,30,7,1,3657.12,0,26,active,2026-08-18T10:00:00+05:30
far_76956285,flt_e8734149,economy,standard,4428.28,708.53,INR,15,7,0,531.39,0,150,active,2026-08-18T10:00:00+05:30
far_7ffad51d,flt_e8734149,economy,promo,3454.06,552.65,INR,15,7,0,414.49,0,132,active,2026-08-18T10:00:00+05:30
far_1d7d2ea6,flt_e8734149,business,corporate,15100.45,2416.07,INR,30,7,1,1812.05,0,18,active,2026-08-18T10:00:00+05:30
far_7313eb80,flt_e8734149,business,standard,13727.68,2196.43,INR,30,7,0,1647.32,0,9,active,2026-08-18T10:00:00+05:30
far_76a66f58,flt_2bfb609c,economy,saver,9236.56,1477.85,INR,15,7,0,1108.39,0,98,active,2026-08-18T10:00:00+05:30
far_6f07e1bf,flt_5aaf6dd3,economy,corporate,3655.92,584.95,INR,15,7,1,438.71,0,71,active,2026-08-18T10:00:00+05:30
far_979f540a,flt_5aaf6dd3,economy,standard,3323.56,531.77,INR,15,7,0,398.83,0,77,active,2026-08-18T10:00:00+05:30
far_376a5b7a,flt_5aaf6dd3,business,promo,8036.38,1285.82,INR,30,7,0,964.37,0,11,active,2026-08-18T10:00:00+05:30
far_ba51f7ed,flt_5aaf6dd3,business,flex,12569.72,2011.16,INR,30,7,1,,1,22,active,2026-08-18T10:00:00+05:30
far_d73d666e,flt_07eab00b,economy,standard,16851.61,2696.26,INR,15,7,0,,0,160,active,2026-08-18T10:00:00+05:30
far_cb4830fa,flt_07eab00b,economy,promo,13144.26,2103.08,INR,15,7,0,1577.31,0,66,active,2026-08-18T10:00:00+05:30
far_2da664a1,flt_07eab00b,business,standard,52239.99,8358.40,INR,30,7,0,6268.80,0,28,active,2026-08-18T10:00:00+05:30
far_a39a5c42,flt_07eab00b,business,saver,45971.20,7355.39,INR,30,7,0,5516.54,0,19,active,2026-08-18T10:00:00+05:30
far_307683f2,flt_0e2bbac1,economy,flex,6845.36,1095.26,INR,15,7,1,821.44,1,77,active,2026-08-18T10:00:00+05:30
far_1b917dfa,flt_0e2bbac1,economy,corporate,6172.04,987.53,INR,15,7,1,740.65,0,49,active,2026-08-18T10:00:00+05:30
far_a6a30b2f,flt_0e2bbac1,business,promo,13567.28,2170.76,INR,30,7,0,1628.07,0,8,active,2026-08-18T10:00:00+05:30
far_5995cb85,flt_0e2bbac1,business,corporate,19133.34,3061.33,INR,30,7,1,,0,30,active,2026-08-18T10:00:00+05:30
far_23b30c13,flt_260bf8c3,economy,promo,227.68,36.43,SGD,15,7,0,27.32,0,114,active,2026-08-18T10:00:00+05:30
far_d627c22b,flt_260bf8c3,economy,corporate,321.08,51.37,SGD,15,7,1,38.53,0,166,active,2026-08-18T10:00:00+05:30
far_b9e34015,flt_260bf8c3,business,standard,904.87,144.78,SGD,30,7,0,108.58,0,11,active,2026-08-18T10:00:00+05:30
far_c8721ccd,flt_260bf8c3,business,promo,705.80,112.93,SGD,30,7,0,84.70,0,11,active,2026-08-18T10:00:00+05:30
far_4af65a7e,flt_b6c93df4,economy,corporate,457.40,73.18,AED,15,7,1,54.89,0,94,active,2026-08-18T10:00:00+05:30
far_6b63658a,flt_b6c93df4,economy,standard,415.82,66.53,AED,15,7,0,49.90,0,86,active,2026-08-18T10:00:00+05:30
far_944c3a1f,flt_b6c93df4,business,saver,1134.36,181.50,AED,30,7,0,136.12,0,23,active,2026-08-18T10:00:00+05:30
far_6db82b61,flt_b6c93df4,business,corporate,1417.95,226.87,AED,30,7,1,,0,25,active,2026-08-18T10:00:00+05:30
far_92fcb294,flt_40f39368,economy,promo,5089.28,814.29,INR,15,7,0,,0,69,active,2026-08-18T10:00:00+05:30
far_b2d41455,flt_40f39368,economy,corporate,7177.19,1148.35,INR,15,7,1,861.26,0,59,active,2026-08-18T10:00:00+05:30
far_35ecb9ce,flt_40f39368,business,corporate,22249.30,3559.89,INR,30,7,1,2669.92,0,18,active,2026-08-18T10:00:00+05:30
far_e4108ed5,flt_40f39368,business,saver,17799.44,2847.91,INR,30,7,0,,0,8,active,2026-08-18T10:00:00+05:30
far_47c0b1ea,flt_52cf9d82,economy,promo,3675.73,588.12,INR,15,7,0,441.09,0,42,active,2026-08-18T10:00:00+05:30
far_61597d68,flt_52cf9d82,economy,standard,4712.47,754.00,INR,15,7,0,565.50,0,76,active,2026-08-18T10:00:00+05:30
far_844e74b3,flt_52cf9d82,business,flex,17822.57,2851.61,INR,30,7,1,2138.71,1,33,active,2026-08-18T10:00:00+05:30
far_7eac2e53,flt_52cf9d82,business,corporate,16069.53,2571.13,INR,30,7,1,1928.34,0,34,active,2026-08-18T10:00:00+05:30
far_b335806a,flt_4c85363f,economy,saver,10020.59,1603.29,INR,15,7,0,1202.47,0,135,active,2026-08-18T10:00:00+05:30
far_64386506,flt_4c85363f,economy,standard,11387.03,1821.92,INR,15,7,0,,0,93,active,2026-08-18T10:00:00+05:30
far_dac0481f,flt_4c85363f,business,standard,35299.79,5647.97,INR,30,7,0,4235.97,0,8,active,2026-08-18T10:00:00+05:30
far_e0156aa5,flt_4c85363f,business,saver,31063.82,4970.21,INR,30,7,0,3727.66,0,18,active,2026-08-18T10:00:00+05:30
far_964909b9,flt_df097c6f,economy,saver,2715.16,434.43,INR,15,7,0,325.82,0,90,active,2026-08-18T10:00:00+05:30
far_841de170,flt_df097c6f,economy,flex,3764.21,602.27,INR,15,7,1,451.70,1,37,active,2026-08-18T10:00:00+05:30
far_b5b1440e,flt_df097c6f,business,corporate,10521.26,1683.40,INR,30,7,1,1262.55,0,13,active,2026-08-18T10:00:00+05:30
far_fe045627,flt_df097c6f,business,standard,9564.78,1530.37,INR,30,7,0,1147.77,0,5,active,2026-08-18T10:00:00+05:30
far_011dfa85,flt_71da7a33,economy,flex,17174.57,2747.93,INR,15,7,1,2060.95,1,25,active,2026-08-18T10:00:00+05:30
far_68ed85a3,flt_71da7a33,economy,promo,10980.46,1756.87,INR,15,7,0,,0,20,active,2026-08-18T10:00:00+05:30
far_e205b99b,flt_71da7a33,business,flex,53241.17,8518.59,INR,30,7,1,6388.94,1,16,active,2026-08-18T10:00:00+05:30
far_c61e01f5,flt_71da7a33,business,corporate,48004.33,7680.69,INR,30,7,1,5760.52,0,24,active,2026-08-18T10:00:00+05:30
far_72792fbc,flt_62ad22d7,economy,promo,7752.48,1240.40,INR,15,7,0,,0,35,active,2026-08-18T10:00:00+05:30
far_bbb4b44e,flt_62ad22d7,economy,standard,9939.08,1590.25,INR,15,7,0,,0,95,active,2026-08-18T10:00:00+05:30
far_4ee587e7,flt_62ad22d7,business,standard,30811.14,4929.78,INR,30,7,0,3697.34,0,15,active,2026-08-18T10:00:00+05:30
far_468c0ebf,flt_62ad22d7,business,corporate,33892.25,5422.76,INR,30,7,1,,0,9,active,2026-08-18T10:00:00+05:30
far_aea7a1c5,flt_f45d27cd,economy,standard,2291400.20,366624.03,IDR,15,7,0,274968.02,0,53,active,2026-08-18T10:00:00+05:30
far_c4f3e40e,flt_c5622e6d,economy,corporate,368.97,59.04,SGD,15,7,1,44.28,0,20,active,2026-08-18T10:00:00+05:30
far_76a14f06,flt_c5622e6d,economy,promo,261.63,41.86,SGD,15,7,0,,0,53,active,2026-08-18T10:00:00+05:30
far_671cab01,flt_c5622e6d,business,corporate,1143.81,183.01,SGD,30,7,1,137.26,0,15,active,2026-08-18T10:00:00+05:30
far_5c238e9c,flt_c5622e6d,business,promo,811.06,129.77,SGD,30,7,0,97.33,0,37,active,2026-08-18T10:00:00+05:30
far_c5d5ba05,flt_f587884b,economy,standard,877.46,140.39,MYR,15,7,0,,0,102,active,2026-08-18T10:00:00+05:30
far_1cdff6f9,flt_f587884b,economy,flex,1070.50,171.28,MYR,15,7,1,,1,123,active,2026-08-18T10:00:00+05:30
far_aa3b5b38,flt_f587884b,business,corporate,2992.14,478.74,MYR,30,7,1,,0,10,active,2026-08-18T10:00:00+05:30
far_b1d03629,flt_f587884b,business,flex,3318.56,530.97,MYR,30,7,1,398.23,1,5,active,2026-08-18T10:00:00+05:30
far_d91e4fd4,flt_8108fc3a,economy,flex,8771.99,1403.52,INR,15,7,1,1052.64,1,36,active,2026-08-18T10:00:00+05:30
far_5d92c06e,flt_8108fc3a,economy,saver,6327.34,1012.37,INR,15,7,0,,0,71,active,2026-08-18T10:00:00+05:30
far_8d266b94,flt_8108fc3a,business,flex,27193.17,4350.91,INR,30,7,1,3263.18,1,24,active,2026-08-18T10:00:00+05:30
far_b671f9e6,flt_8108fc3a,business,standard,22289.48,3566.32,INR,30,7,0,2674.74,0,34,active,2026-08-18T10:00:00+05:30
far_ed838248,flt_dbdf61f1,economy,promo,2705014.61,432802.34,IDR,15,7,0,,0,24,active,2026-08-18T10:00:00+05:30
far_498efe97,flt_dbdf61f1,economy,saver,3051811.35,488289.82,IDR,15,7,0,366217.36,0,118,active,2026-08-18T10:00:00+05:30
far_be66cb00,flt_dbdf61f1,business,flex,13115852.88,2098536.46,IDR,30,7,1,1573902.35,1,26,active,2026-08-18T10:00:00+05:30
far_bccaca21,flt_dbdf61f1,business,corporate,11825768.99,1892123.04,IDR,30,7,1,,0,16,active,2026-08-18T10:00:00+05:30
far_44cbff1d,flt_9a6f0844,economy,promo,10750.43,1720.07,INR,15,7,0,1290.05,0,111,active,2026-08-18T10:00:00+05:30
far_86f0a7f8,flt_9a6f0844,economy,saver,12128.68,1940.59,INR,15,7,0,1455.44,0,161,active,2026-08-18T10:00:00+05:30
far_da83786c,flt_9a6f0844,business,flex,52125.78,8340.12,INR,30,7,1,6255.09,1,35,active,2026-08-18T10:00:00+05:30
far_b727533c,flt_9a6f0844,business,standard,42726.05,6836.17,INR,30,7,0,5127.13,0,33,active,2026-08-18T10:00:00+05:30
far_1350a1f0,flt_69731cc2,economy,corporate,14479.34,2316.69,INR,15,7,1,1737.52,0,140,active,2026-08-18T10:00:00+05:30
far_adeb0bf5,flt_69731cc2,economy,flex,16058.91,2569.42,INR,15,7,1,1927.07,1,95,active,2026-08-18T10:00:00+05:30
far_a21194bf,flt_69731cc2,business,saver,35908.77,5745.40,INR,30,7,0,4309.05,0,16,active,2026-08-18T10:00:00+05:30
far_eda105e6,flt_69731cc2,business,corporate,44885.96,7181.75,INR,30,7,1,5386.32,0,36,active,2026-08-18T10:00:00+05:30
far_79711dd3,flt_679797d2,economy,standard,523.94,83.83,MYR,15,7,0,,0,22,active,2026-08-18T10:00:00+05:30
far_b46ba6eb,flt_679797d2,economy,promo,408.68,65.39,MYR,15,7,0,49.04,0,53,active,2026-08-18T10:00:00+05:30
far_1c607016,flt_679797d2,business,corporate,1786.65,285.86,MYR,30,7,1,,0,30,active,2026-08-18T10:00:00+05:30
far_61c6ecc5,flt_679797d2,business,flex,1981.55,317.05,MYR,30,7,1,237.79,1,7,active,2026-08-18T10:00:00+05:30
far_cbceb097,flt_68b36acb,economy,promo,7564.83,1210.37,INR,15,7,0,907.78,0,97,active,2026-08-18T10:00:00+05:30
far_4b07d320,flt_68b36acb,economy,saver,8534.68,1365.55,INR,15,7,0,,0,128,active,2026-08-18T10:00:00+05:30
far_434e7779,flt_68b36acb,business,corporate,33071.87,5291.50,INR,30,7,1,3968.62,0,17,active,2026-08-18T10:00:00+05:30
far_5a149615,flt_68b36acb,business,standard,30065.33,4810.45,INR,30,7,0,,0,36,active,2026-08-18T10:00:00+05:30
far_6061d10a,flt_81e405d2,economy,promo,5932.66,949.23,INR,15,7,0,711.92,0,83,active,2026-08-18T10:00:00+05:30
far_a470275a,flt_81e405d2,economy,standard,7605.97,1216.96,INR,15,7,0,912.72,0,133,active,2026-08-18T10:00:00+05:30
far_5a2c3b5f,flt_81e405d2,business,standard,23578.51,3772.56,INR,30,7,0,2829.42,0,24,active,2026-08-18T10:00:00+05:30
far_95a8031c,flt_81e405d2,business,flex,28765.78,4602.53,INR,30,7,1,,1,29,active,2026-08-18T10:00:00+05:30
far_168e4f8f,flt_b2a479f8,economy,standard,10579.43,1692.71,INR,15,7,0,1269.53,0,149,active,2026-08-18T10:00:00+05:30
far_e67ba835,flt_b2a479f8,economy,corporate,11637.38,1861.98,INR,15,7,1,1396.49,0,106,active,2026-08-18T10:00:00+05:30
far_6b4073e5,flt_b2a479f8,business,flex,40011.41,6401.83,INR,30,7,1,4801.37,1,8,active,2026-08-18T10:00:00+05:30
far_6cfc28c1,flt_b2a479f8,business,standard,32796.24,5247.40,INR,30,7,0,3935.55,0,36,active,2026-08-18T10:00:00+05:30
far_a45504d6,flt_5e9d843e,economy,flex,7105.71,1136.91,INR,15,7,1,852.68,1,168,active,2026-08-18T10:00:00+05:30
far_41ff8307,flt_5e9d843e,economy,standard,5824.35,931.90,INR,15,7,0,,0,34,active,2026-08-18T10:00:00+05:30
far_2f50313e,flt_5e9d843e,business,corporate,19861.04,3177.77,INR,30,7,1,2383.32,0,19,active,2026-08-18T10:00:00+05:30
far_42c086bb,flt_5e9d843e,business,promo,14083.28,2253.32,INR,30,7,0,,0,33,active,2026-08-18T10:00:00+05:30
far_55106592,flt_65911ee6,economy,standard,3289.35,526.30,INR,15,7,0,394.72,0,30,active,2026-08-18T10:00:00+05:30
far_04cdf30e,flt_65911ee6,economy,flex,4013.00,642.08,INR,15,7,1,481.56,1,30,active,2026-08-18T10:00:00+05:30
far_1b421d42,flt_65911ee6,business,promo,7953.64,1272.58,INR,30,7,0,954.44,0,31,active,2026-08-18T10:00:00+05:30
far_269de1c1,flt_65911ee6,business,flex,12440.30,1990.45,INR,30,7,1,,1,36,active,2026-08-18T10:00:00+05:30
far_932b0cff,flt_ff721875,economy,flex,9742.32,1558.77,INR,15,7,1,1169.08,1,163,active,2026-08-18T10:00:00+05:30
far_c44b2e7b,flt_ff721875,economy,corporate,8784.06,1405.45,INR,15,7,1,,0,128,active,2026-08-18T10:00:00+05:30
far_453fd284,flt_ff721875,business,flex,30201.19,4832.19,INR,30,7,1,,1,33,active,2026-08-18T10:00:00+05:30
far_9e0a1a62,flt_ff721875,business,corporate,27230.58,4356.89,INR,30,7,1,3267.67,0,32,active,2026-08-18T10:00:00+05:30
far_53d87969,flt_68614f05,economy,flex,8511.85,1361.90,INR,15,7,1,1021.42,1,145,active,2026-08-18T10:00:00+05:30
far_38da2d2d,flt_68614f05,economy,corporate,7674.62,1227.94,INR,15,7,1,920.95,0,163,active,2026-08-18T10:00:00+05:30
far_18da54ed,flt_68614f05,business,flex,26386.75,4221.88,INR,30,7,1,3166.41,1,33,active,2026-08-18T10:00:00+05:30
far_2b0581e6,flt_68614f05,business,promo,16870.22,2699.23,INR,30,7,0,,0,11,active,2026-08-18T10:00:00+05:30
far_3f8c5bf6,flt_d2abd928,economy,saver,5615.39,898.46,INR,15,7,0,673.85,0,55,active,2026-08-18T10:00:00+05:30
far_3deffb5e,flt_d2abd928,economy,promo,4977.28,796.36,INR,15,7,0,597.27,0,63,active,2026-08-18T10:00:00+05:30
far_ad36d082,flt_d2abd928,business,corporate,21759.63,3481.54,INR,30,7,1,2611.16,0,36,active,2026-08-18T10:00:00+05:30
far_9f5938bd,flt_d2abd928,business,promo,15429.56,2468.73,INR,30,7,0,,0,33,active,2026-08-18T10:00:00+05:30
far_ae42b685,flt_bba917c9,economy,standard,722.98,115.68,MYR,15,7,0,86.76,0,135,active,2026-08-18T10:00:00+05:30
far_a3dfc55b,flt_bba917c9,economy,promo,563.93,90.23,MYR,15,7,0,,0,98,active,2026-08-18T10:00:00+05:30
far_7ce8c07e,flt_bba917c9,business,corporate,2465.38,394.46,MYR,30,7,1,295.85,0,24,active,2026-08-18T10:00:00+05:30
far_de0863f4,flt_bba917c9,business,promo,1748.18,279.71,MYR,30,7,0,,0,16,active,2026-08-18T10:00:00+05:30
far_ee6255e0,flt_3ab24953,economy,standard,1333157.21,213305.15,IDR,15,7,0,159978.86,0,118,active,2026-08-18T10:00:00+05:30
far_bfca9cba,flt_fa8ec5a2,economy,flex,5614.96,898.39,INR,15,7,1,673.79,1,62,active,2026-08-18T10:00:00+05:30
far_a43dbd2c,flt_7757969b,economy,standard,2422.89,387.66,THB,15,7,0,290.75,0,23,active,2026-08-18T10:00:00+05:30
far_7423a008,flt_7757969b,economy,flex,2955.92,472.95,THB,15,7,1,354.71,1,86,active,2026-08-18T10:00:00+05:30
far_592efbc1,flt_7757969b,business,promo,5858.54,937.37,THB,30,7,0,,0,14,active,2026-08-18T10:00:00+05:30
far_50ec7787,flt_7757969b,business,flex,9163.35,1466.14,THB,30,7,1,1099.60,1,23,active,2026-08-18T10:00:00+05:30
far_bf43cc6e,flt_671c3883,economy,promo,616.18,98.59,MYR,15,7,0,,0,21,active,2026-08-18T10:00:00+05:30
far_9962f459,flt_671c3883,economy,flex,963.77,154.20,MYR,15,7,1,115.65,1,140,active,2026-08-18T10:00:00+05:30
far_0d82e667,flt_671c3883,business,promo,1910.16,305.63,MYR,30,7,0,229.22,0,30,active,2026-08-18T10:00:00+05:30
far_e3f2ccc9,flt_671c3883,business,corporate,2693.82,431.01,MYR,30,7,1,323.26,0,12,active,2026-08-18T10:00:00+05:30
far_a77b930e,flt_1dd5990f,economy,corporate,5413.20,866.11,INR,15,7,1,649.58,0,149,active,2026-08-18T10:00:00+05:30
far_02d02a44,flt_1dd5990f,economy,flex,6003.73,960.60,INR,15,7,1,,1,119,active,2026-08-18T10:00:00+05:30
far_6d1ba3c7,flt_1dd5990f,business,flex,18611.56,2977.85,INR,30,7,1,2233.39,1,15,active,2026-08-18T10:00:00+05:30
far_45c5ec49,flt_1dd5990f,business,corporate,16780.91,2684.95,INR,30,7,1,2013.71,0,16,active,2026-08-18T10:00:00+05:30
far_8b38a6c0,flt_796fd018,economy,standard,217.81,34.85,SGD,15,7,0,26.14,0,22,active,2026-08-18T10:00:00+05:30
far_893cca39,flt_796fd018,economy,flex,265.73,42.52,SGD,15,7,1,31.89,1,79,active,2026-08-18T10:00:00+05:30
far_3ef06b80,flt_796fd018,business,saver,594.19,95.07,SGD,30,7,0,71.30,0,17,active,2026-08-18T10:00:00+05:30
far_59b06593,flt_796fd018,business,flex,823.76,131.80,SGD,30,7,1,,1,8,active,2026-08-18T10:00:00+05:30
far_bad66122,flt_4e4a4b3a,economy,promo,4323.43,691.75,INR,15,7,0,,0,168,active,2026-08-18T10:00:00+05:30
far_c3c17320,flt_4e4a4b3a,economy,flex,6762.28,1081.97,INR,15,7,1,811.47,1,140,active,2026-08-18T10:00:00+05:30
far_11699e02,flt_4e4a4b3a,business,standard,17182.85,2749.26,INR,30,7,0,2061.94,0,15,active,2026-08-18T10:00:00+05:30
far_85d02bd3,flt_4e4a4b3a,business,saver,15120.90,2419.34,INR,30,7,0,,0,6,active,2026-08-18T10:00:00+05:30
far_5b268b89,flt_65f37d25,economy,flex,22923.38,3667.74,INR,15,7,1,,1,56,active,2026-08-18T10:00:00+05:30
far_b7d98f55,flt_65f37d25,economy,standard,18789.65,3006.34,INR,15,7,0,,0,55,active,2026-08-18T10:00:00+05:30
far_5e16dec1,flt_65f37d25,business,flex,71062.46,11369.99,INR,30,7,1,,1,18,active,2026-08-18T10:00:00+05:30
far_a3e82997,flt_65f37d25,business,corporate,64072.71,10251.63,INR,30,7,1,7688.73,0,16,active,2026-08-18T10:00:00+05:30
far_2088e597,flt_a60b5232,economy,standard,5437.13,869.94,INR,15,7,0,,0,48,active,2026-08-18T10:00:00+05:30
far_48332f76,flt_a60b5232,economy,promo,4240.96,678.55,INR,15,7,0,,0,163,active,2026-08-18T10:00:00+05:30
far_4164cd0b,flt_a60b5232,business,saver,14832.49,2373.20,INR,30,7,0,1779.90,0,12,active,2026-08-18T10:00:00+05:30
far_3561980c,flt_a60b5232,business,standard,16855.11,2696.82,INR,30,7,0,2022.61,0,38,active,2026-08-18T10:00:00+05:30
far_a5b12d14,flt_3454bbf4,economy,promo,3611.98,577.92,INR,15,7,0,433.44,0,97,active,2026-08-18T10:00:00+05:30
far_93adb614,flt_3454bbf4,economy,corporate,5093.82,815.01,INR,15,7,1,611.26,0,90,active,2026-08-18T10:00:00+05:30
far_c140ebae,flt_3454bbf4,business,corporate,15790.86,2526.54,INR,30,7,1,1894.90,0,9,active,2026-08-18T10:00:00+05:30
far_b731f3b6,flt_3454bbf4,business,standard,14355.32,2296.85,INR,30,7,0,,0,39,active,2026-08-18T10:00:00+05:30
far_964abfe3,flt_90d508a5,economy,promo,5869.85,939.18,INR,15,7,0,,0,37,active,2026-08-18T10:00:00+05:30
far_602750fd,flt_90d508a5,economy,corporate,8278.00,1324.48,INR,15,7,1,,0,31,active,2026-08-18T10:00:00+05:30
far_2f89abf4,flt_90d508a5,business,standard,23328.91,3732.63,INR,30,7,0,2799.47,0,38,active,2026-08-18T10:00:00+05:30
far_c1707657,flt_90d508a5,business,saver,20529.44,3284.71,INR,30,7,0,2463.53,0,23,active,2026-08-18T10:00:00+05:30
far_59b8a993,flt_0437d7ca,economy,flex,15148.95,2423.83,INR,15,7,1,,1,31,active,2026-08-18T10:00:00+05:30
far_e0a0f52f,flt_0437d7ca,economy,promo,9685.39,1549.66,INR,15,7,0,1162.25,0,21,active,2026-08-18T10:00:00+05:30
far_468be2fe,flt_0437d7ca,business,standard,38493.23,6158.92,INR,30,7,0,4619.19,0,9,active,2026-08-18T10:00:00+05:30
far_3c9ddeb5,flt_0437d7ca,business,flex,46961.74,7513.88,INR,30,7,1,,1,4,active,2026-08-18T10:00:00+05:30
far_a5caf783,flt_3699a930,economy,saver,7702.97,1232.48,INR,15,7,0,924.36,0,140,active,2026-08-18T10:00:00+05:30
far_16bdfc48,flt_3699a930,economy,promo,6827.63,1092.42,INR,15,7,0,,0,71,active,2026-08-18T10:00:00+05:30
far_95dea77e,flt_3699a930,business,standard,27135.46,4341.67,INR,30,7,0,,0,7,active,2026-08-18T10:00:00+05:30
far_a582aca4,flt_3699a930,business,saver,23879.21,3820.67,INR,30,7,0,2865.51,0,38,active,2026-08-18T10:00:00+05:30
far_09ee857b,flt_da02cd6b,economy,flex,5972.11,955.54,INR,15,7,1,716.65,1,48,active,2026-08-18T10:00:00+05:30
far_3be64669,flt_da02cd6b,economy,saver,4307.75,689.24,INR,15,7,0,516.93,0,109,active,2026-08-18T10:00:00+05:30
far_a7acd8c4,flt_da02cd6b,business,promo,11836.53,1893.84,INR,30,7,0,1420.38,0,13,active,2026-08-18T10:00:00+05:30
far_a63ff5ff,flt_da02cd6b,business,corporate,16692.54,2670.81,INR,30,7,1,,0,15,active,2026-08-18T10:00:00+05:30
far_118072a6,flt_73347326,economy,saver,4325.11,692.02,INR,15,7,0,,0,31,active,2026-08-18T10:00:00+05:30
far_7f91ec1c,flt_73347326,economy,standard,4914.90,786.38,INR,15,7,0,,0,158,active,2026-08-18T10:00:00+05:30
far_f563ea6d,flt_73347326,business,promo,11884.22,1901.47,INR,30,7,0,,0,27,active,2026-08-18T10:00:00+05:30
far_b9e54b1d,flt_73347326,business,flex,18588.13,2974.10,INR,30,7,1,2230.58,1,12,active,2026-08-18T10:00:00+05:30
far_90d4f4c6,flt_4eaabef9,economy,flex,1051.20,168.19,MYR,15,7,1,,1,71,active,2026-08-18T10:00:00+05:30
far_9a1512db,flt_4eaabef9,economy,standard,861.64,137.86,MYR,15,7,0,103.40,0,92,active,2026-08-18T10:00:00+05:30
far_1bb6be0e,flt_4eaabef9,business,promo,2083.44,333.35,MYR,30,7,0,,0,25,active,2026-08-18T10:00:00+05:30
far_19eba665,flt_4eaabef9,business,flex,3258.71,521.39,MYR,30,7,1,,1,38,active,2026-08-18T10:00:00+05:30
far_18c6d808,flt_8220d8f9,economy,saver,6223.53,995.76,INR,15,7,0,746.82,0,54,active,2026-08-18T10:00:00+05:30
far_73225db9,flt_8220d8f9,economy,standard,7072.19,1131.55,INR,15,7,0,,0,22,active,2026-08-18T10:00:00+05:30
far_8a88f77d,flt_8220d8f9,business,saver,19292.93,3086.87,INR,30,7,0,,0,26,active,2026-08-18T10:00:00+05:30
far_5449c38a,flt_8220d8f9,business,standard,21923.78,3507.81,INR,30,7,0,,0,4,active,2026-08-18T10:00:00+05:30
far_792b78b6,flt_931449fc,economy,promo,7966.69,1274.67,INR,15,7,0,,0,86,active,2026-08-18T10:00:00+05:30
far_96bfd2eb,flt_931449fc,economy,standard,10213.70,1634.19,INR,15,7,0,1225.64,0,112,active,2026-08-18T10:00:00+05:30
far_fd4acd0f,flt_931449fc,business,flex,38628.21,6180.51,INR,30,7,1,4635.39,1,30,active,2026-08-18T10:00:00+05:30
far_854edbc4,flt_931449fc,business,standard,31662.47,5065.99,INR,30,7,0,,0,13,active,2026-08-18T10:00:00+05:30
far_ecaa8cf2,flt_3a2be700,economy,promo,6508.66,1041.38,INR,15,7,0,,0,63,active,2026-08-18T10:00:00+05:30
far_de392411,flt_3a2be700,economy,standard,8344.43,1335.11,INR,15,7,0,1001.33,0,169,active,2026-08-18T10:00:00+05:30
far_9cf50bd5,flt_3a2be700,business,saver,22763.61,3642.18,INR,30,7,0,,0,37,active,2026-08-18T10:00:00+05:30
far_11fd7260,flt_3a2be700,business,flex,31558.63,5049.38,INR,30,7,1,,1,28,active,2026-08-18T10:00:00+05:30
far_5718de68,flt_0f4cb2ac,economy,corporate,10570.10,1691.22,INR,15,7,1,1268.41,0,149,active,2026-08-18T10:00:00+05:30
far_f38fef96,flt_0f4cb2ac,economy,standard,9609.18,1537.47,INR,15,7,0,,0,166,active,2026-08-18T10:00:00+05:30
far_e7d927c1,flt_0f4cb2ac,business,saver,26213.85,4194.22,INR,30,7,0,,0,9,active,2026-08-18T10:00:00+05:30
far_9442f84b,flt_0f4cb2ac,business,flex,36341.93,5814.71,INR,30,7,1,,1,31,active,2026-08-18T10:00:00+05:30
far_89319901,flt_f8213d21,economy,standard,13197.14,2111.54,INR,15,7,0,1583.66,0,36,active,2026-08-18T10:00:00+05:30
far_221cf73e,flt_f8213d21,economy,corporate,14516.85,2322.70,INR,15,7,1,1742.02,0,55,active,2026-08-18T10:00:00+05:30
far_20a5eb5b,flt_f8213d21,business,saver,36001.79,5760.29,INR,30,7,0,,0,28,active,2026-08-18T10:00:00+05:30
far_e5346b6a,flt_f8213d21,business,standard,40911.12,6545.78,INR,30,7,0,,0,11,active,2026-08-18T10:00:00+05:30
far_d973684b,flt_f488e1ec,economy,corporate,4914.68,786.35,INR,15,7,1,589.76,0,109,active,2026-08-18T10:00:00+05:30
far_51e30009,flt_6a76f1f2,economy,saver,4950.26,792.04,INR,15,7,0,594.03,0,94,active,2026-08-18T10:00:00+05:30
far_1161d28b,flt_6a76f1f2,economy,standard,5625.30,900.05,INR,15,7,0,675.04,0,40,active,2026-08-18T10:00:00+05:30
far_24de83c8,flt_6a76f1f2,business,corporate,19182.28,3069.16,INR,30,7,1,2301.87,0,24,active,2026-08-18T10:00:00+05:30
far_6e1a3ca3,flt_6a76f1f2,business,flex,21274.89,3403.98,INR,30,7,1,2552.99,1,25,active,2026-08-18T10:00:00+05:30
far_3d09c77b,flt_a5957196,economy,promo,13018.87,2083.02,INR,15,7,0,,0,119,active,2026-08-18T10:00:00+05:30
far_6bc959e3,flt_a5957196,economy,flex,20362.84,3258.06,INR,15,7,1,,1,156,active,2026-08-18T10:00:00+05:30
far_fee54d19,flt_a5957196,business,flex,63124.82,10099.97,INR,30,7,1,7574.98,1,19,active,2026-08-18T10:00:00+05:30
far_faa87996,flt_a5957196,business,standard,51741.65,8278.66,INR,30,7,0,,0,13,active,2026-08-18T10:00:00+05:30
far_676442ae,flt_4250723e,economy,flex,1930.70,308.91,INR,15,7,1,,1,23,active,2026-08-18T10:00:00+05:30
far_d0054dd8,flt_4250723e,economy,corporate,1740.79,278.53,INR,15,7,1,208.90,0,112,active,2026-08-18T10:00:00+05:30
far_bbca4787,flt_4250723e,business,promo,3826.58,612.25,INR,30,7,0,,0,26,active,2026-08-18T10:00:00+05:30
far_547d207d,flt_4250723e,business,flex,5985.16,957.63,INR,30,7,1,718.22,1,29,active,2026-08-18T10:00:00+05:30
far_9f4833cf,flt_55f5b3be,economy,corporate,2472.81,395.65,INR,15,7,1,,0,167,active,2026-08-18T10:00:00+05:30
far_a053330f,flt_55f5b3be,economy,standard,2248.01,359.68,INR,15,7,0,269.76,0,111,active,2026-08-18T10:00:00+05:30
far_a3b4b55e,flt_55f5b3be,business,corporate,7665.72,1226.52,INR,30,7,1,919.89,0,28,active,2026-08-18T10:00:00+05:30
far_3c3dfbb1,flt_55f5b3be,business,flex,8501.98,1360.32,INR,30,7,1,1020.24,1,12,active,2026-08-18T10:00:00+05:30
far_0ea9cf76,flt_881d14da,economy,saver,255742.68,40918.83,IDR,15,7,0,30689.12,0,49,active,2026-08-18T10:00:00+05:30
far_5da04ee3,flt_881d14da,economy,flex,354552.36,56728.38,IDR,15,7,1,42546.28,1,152,active,2026-08-18T10:00:00+05:30
far_8e28adc2,flt_881d14da,business,corporate,991002.90,158560.46,IDR,30,7,1,,0,27,active,2026-08-18T10:00:00+05:30
far_6b22bd42,flt_881d14da,business,standard,900911.73,144145.88,IDR,30,7,0,,0,12,active,2026-08-18T10:00:00+05:30
far_84e15e94,flt_059a034b,economy,promo,2145.20,343.23,INR,15,7,0,257.42,0,79,active,2026-08-18T10:00:00+05:30
far_d5dd3d99,flt_df166393,economy,corporate,6478.85,1036.62,INR,15,7,1,777.46,0,85,active,2026-08-18T10:00:00+05:30
far_dcda892a,flt_df166393,economy,saver,5183.08,829.29,INR,15,7,0,621.97,0,109,active,2026-08-18T10:00:00+05:30
far_501baf7c,flt_df166393,business,standard,18258.57,2921.37,INR,30,7,0,,0,30,active,2026-08-18T10:00:00+05:30
far_6f89f91d,flt_df166393,business,saver,16067.54,2570.81,INR,30,7,0,,0,28,active,2026-08-18T10:00:00+05:30
far_fd5d6ee7,flt_e4571e8f,economy,flex,28.64,4.58,SGD,15,7,1,3.44,1,94,active,2026-08-18T10:00:00+05:30
far_acb70e78,flt_e4571e8f,economy,standard,23.47,3.76,SGD,15,7,0,2.82,0,151,active,2026-08-18T10:00:00+05:30
far_8db71846,flt_e4571e8f,business,saver,64.04,10.25,SGD,30,7,0,7.68,0,11,active,2026-08-18T10:00:00+05:30
far_62796531,flt_e4571e8f,business,standard,72.77,11.64,SGD,30,7,0,,0,30,active,2026-08-18T10:00:00+05:30
far_718c8273,flt_68900a30,economy,standard,12940.45,2070.47,INR,15,7,0,1552.85,0,90,active,2026-08-18T10:00:00+05:30
far_fd3816c4,flt_859cdd07,economy,corporate,18553.35,2968.54,INR,15,7,1,,0,64,active,2026-08-18T10:00:00+05:30
far_e3f3a518,flt_859cdd07,economy,promo,13156.01,2104.96,INR,15,7,0,,0,146,active,2026-08-18T10:00:00+05:30
far_63f5959d,flt_859cdd07,business,corporate,57515.39,9202.46,INR,30,7,1,,0,21,active,2026-08-18T10:00:00+05:30
far_2bf06a1f,flt_859cdd07,business,promo,40783.64,6525.38,INR,30,7,0,4894.04,0,28,active,2026-08-18T10:00:00+05:30
far_6d16e156,flt_b9e63002,economy,standard,8641.57,1382.65,INR,15,7,0,1036.99,0,127,active,2026-08-18T10:00:00+05:30
far_dd496bc7,flt_b9e63002,economy,flex,10542.72,1686.83,INR,15,7,1,1265.13,1,21,active,2026-08-18T10:00:00+05:30
far_41dd0cb5,flt_b9e63002,business,promo,20895.32,3343.25,INR,30,7,0,2507.44,0,27,active,2026-08-18T10:00:00+05:30
far_bf33c3b9,flt_b9e63002,business,saver,23574.20,3771.87,INR,30,7,0,2828.90,0,10,active,2026-08-18T10:00:00+05:30
far_809dfda0,flt_2dc6ca24,economy,flex,4252.81,680.45,INR,15,7,1,510.34,1,76,active,2026-08-18T10:00:00+05:30
far_4620d18d,flt_2dc6ca24,economy,promo,2719.01,435.04,INR,15,7,0,326.28,0,135,active,2026-08-18T10:00:00+05:30
far_3a0dfb9a,flt_2dc6ca24,business,promo,8428.92,1348.63,INR,30,7,0,1011.47,0,22,active,2026-08-18T10:00:00+05:30
far_a568880e,flt_2dc6ca24,business,flex,13183.70,2109.39,INR,30,7,1,,1,30,active,2026-08-18T10:00:00+05:30
far_221c9f20,flt_44be1c29,economy,standard,3836.90,613.90,INR,15,7,0,,0,106,active,2026-08-18T10:00:00+05:30
far_3c3007a9,flt_54c6d7fe,economy,standard,3678.08,588.49,THB,15,7,0,441.37,0,130,active,2026-08-18T10:00:00+05:30
far_ca581be4,flt_54c6d7fe,economy,corporate,4045.89,647.34,THB,15,7,1,,0,131,active,2026-08-18T10:00:00+05:30
far_ec137a5c,flt_54c6d7fe,business,promo,8893.60,1422.98,THB,30,7,0,1067.23,0,37,active,2026-08-18T10:00:00+05:30
far_1f8c4d5c,flt_54c6d7fe,business,standard,11402.05,1824.33,THB,30,7,0,1368.25,0,19,active,2026-08-18T10:00:00+05:30
far_cb3f34d5,flt_5102b2ed,economy,standard,3222.50,515.60,INR,15,7,0,,0,111,active,2026-08-18T10:00:00+05:30
far_897b06a6,flt_b1775001,economy,promo,2521.39,403.42,INR,15,7,0,,0,67,active,2026-08-18T10:00:00+05:30
far_6856f232,flt_b1775001,economy,flex,3943.71,630.99,INR,15,7,1,473.25,1,64,active,2026-08-18T10:00:00+05:30
far_a8346595,flt_b1775001,business,corporate,11022.99,1763.68,INR,30,7,1,1322.76,0,37,active,2026-08-18T10:00:00+05:30
far_10a1247d,flt_b1775001,business,promo,7816.30,1250.61,INR,30,7,0,,0,22,active,2026-08-18T10:00:00+05:30
far_afa72634,flt_5e5a9d1a,economy,flex,9119.15,1459.06,INR,15,7,1,,1,26,active,2026-08-18T10:00:00+05:30
far_b4769b8d,flt_5e5a9d1a,economy,standard,7474.72,1195.95,INR,15,7,0,896.97,0,37,active,2026-08-18T10:00:00+05:30
far_f6b8ed77,flt_5e5a9d1a,business,promo,18073.86,2891.82,INR,30,7,0,2168.86,0,10,active,2026-08-18T10:00:00+05:30
far_71e5e651,flt_5e5a9d1a,business,flex,28269.38,4523.10,INR,30,7,1,3392.33,1,6,active,2026-08-18T10:00:00+05:30
far_accc94ed,flt_329e45c1,economy,saver,3577.71,572.43,INR,15,7,0,429.33,0,145,active,2026-08-18T10:00:00+05:30
far_a919d804,flt_236ab6e7,economy,promo,7308.11,1169.30,INR,15,7,0,876.97,0,153,active,2026-08-18T10:00:00+05:30
far_33428d3d,flt_236ab6e7,economy,saver,8245.04,1319.21,INR,15,7,0,989.41,0,148,active,2026-08-18T10:00:00+05:30
far_04cc89d6,flt_236ab6e7,business,flex,35434.94,5669.59,INR,30,7,1,,1,10,active,2026-08-18T10:00:00+05:30
far_82dc4573,flt_236ab6e7,business,standard,29045.03,4647.21,INR,30,7,0,,0,10,active,2026-08-18T10:00:00+05:30
far_cc2c3b0c,flt_9cc4d3ac,economy,saver,6494.32,1039.09,INR,15,7,0,,0,81,active,2026-08-18T10:00:00+05:30
far_dbadde49,flt_9cc4d3ac,economy,promo,5756.33,921.01,INR,15,7,0,690.76,0,153,active,2026-08-18T10:00:00+05:30
far_578371ab,flt_9cc4d3ac,business,standard,22877.72,3660.44,INR,30,7,0,2745.33,0,32,active,2026-08-18T10:00:00+05:30
far_b4fa0d9f,flt_9cc4d3ac,business,flex,27910.82,4465.73,INR,30,7,1,3349.30,1,36,active,2026-08-18T10:00:00+05:30
far_21981fb7,flt_bccf27c0,economy,promo,5713.89,914.22,INR,15,7,0,685.67,0,154,active,2026-08-18T10:00:00+05:30
far_85970506,flt_bccf27c0,economy,saver,6446.45,1031.43,INR,15,7,0,773.57,0,126,active,2026-08-18T10:00:00+05:30
far_b122a4e1,flt_bccf27c0,business,flex,27705.06,4432.81,INR,30,7,1,,1,22,active,2026-08-18T10:00:00+05:30
far_87fa1850,flt_bccf27c0,business,promo,17713.07,2834.09,INR,30,7,0,,0,6,active,2026-08-18T10:00:00+05:30
far_0506990c,flt_8ba38001,economy,promo,16201.47,2592.23,INR,15,7,0,,0,86,active,2026-08-18T10:00:00+05:30
far_685b5bb4,flt_8ba38001,economy,standard,20771.11,3323.38,INR,15,7,0,2492.53,0,45,active,2026-08-18T10:00:00+05:30
far_68b2bcdb,flt_8ba38001,business,standard,64390.45,10302.47,INR,30,7,0,7726.85,0,4,active,2026-08-18T10:00:00+05:30
far_9c1fae25,flt_8ba38001,business,corporate,70829.50,11332.72,INR,30,7,1,,0,27,active,2026-08-18T10:00:00+05:30
far_0a6a10b2,flt_383f3d8e,economy,flex,1787.19,285.95,INR,15,7,1,214.46,1,93,active,2026-08-18T10:00:00+05:30
far_5fabcd64,flt_383f3d8e,economy,saver,1289.12,206.26,INR,15,7,0,154.69,0,68,active,2026-08-18T10:00:00+05:30
far_925512f5,flt_383f3d8e,business,saver,3996.27,639.40,INR,30,7,0,479.55,0,39,active,2026-08-18T10:00:00+05:30
far_c3b34e94,flt_383f3d8e,business,flex,5540.29,886.45,INR,30,7,1,664.83,1,9,active,2026-08-18T10:00:00+05:30
far_0561077f,flt_614e1c80,economy,promo,14828.14,2372.50,INR,15,7,0,,0,144,active,2026-08-18T10:00:00+05:30
far_d199db97,flt_00bf312b,economy,standard,4628.86,740.62,INR,15,7,0,555.46,0,101,active,2026-08-18T10:00:00+05:30
far_3fbea00c,flt_00bf312b,economy,saver,4073.40,651.74,INR,15,7,0,488.81,0,102,active,2026-08-18T10:00:00+05:30
far_39ccc56c,flt_00bf312b,business,standard,14349.47,2295.92,INR,30,7,0,1721.94,0,15,active,2026-08-18T10:00:00+05:30
far_ca975330,flt_00bf312b,business,promo,11192.59,1790.81,INR,30,7,0,,0,20,active,2026-08-18T10:00:00+05:30
far_8a76fd70,flt_0f750f59,economy,corporate,3880310.96,620849.75,IDR,15,7,1,,0,38,active,2026-08-18T10:00:00+05:30
far_b5877388,flt_0f750f59,economy,flex,4303617.61,688578.82,IDR,15,7,1,516434.11,1,93,active,2026-08-18T10:00:00+05:30
far_2582ba4b,flt_0f750f59,business,corporate,12028963.98,1924634.24,IDR,30,7,1,1443475.68,0,27,active,2026-08-18T10:00:00+05:30
far_479e44ac,flt_0f750f59,business,saver,9623171.19,1539707.39,IDR,30,7,0,1154780.54,0,6,active,2026-08-18T10:00:00+05:30
far_2ea6df53,flt_2791cec6,economy,standard,152.76,24.44,MYR,15,7,0,,0,113,active,2026-08-18T10:00:00+05:30
far_8a45ade8,flt_2791cec6,economy,corporate,168.04,26.89,MYR,15,7,1,,0,42,active,2026-08-18T10:00:00+05:30
far_fab8b0b0,flt_2791cec6,business,saver,416.74,66.68,MYR,30,7,0,50.01,0,23,active,2026-08-18T10:00:00+05:30
far_1b0a490a,flt_2791cec6,business,flex,577.75,92.44,MYR,30,7,1,69.33,1,29,active,2026-08-18T10:00:00+05:30
far_4345544a,flt_bf387362,economy,flex,6741763.01,1078682.08,IDR,15,7,1,809011.56,1,153,active,2026-08-18T10:00:00+05:30
far_c09b2cf6,flt_bf387362,economy,promo,4310307.50,689649.20,IDR,15,7,0,517236.90,0,36,active,2026-08-18T10:00:00+05:30
far_96752740,flt_bf387362,business,saver,15075024.17,2412003.87,IDR,30,7,0,,0,37,active,2026-08-18T10:00:00+05:30
far_2602ee8a,flt_bf387362,business,promo,13361953.24,2137912.52,IDR,30,7,0,,0,19,active,2026-08-18T10:00:00+05:30
far_79072f6e,flt_7e0053eb,economy,promo,4164.81,666.37,INR,15,7,0,499.78,0,100,active,2026-08-18T10:00:00+05:30
far_a2911270,flt_7e0053eb,economy,flex,6514.19,1042.27,INR,15,7,1,781.70,1,72,active,2026-08-18T10:00:00+05:30
far_ba717a6f,flt_7e0053eb,business,standard,16552.46,2648.39,INR,30,7,0,,0,16,active,2026-08-18T10:00:00+05:30
far_a64c373b,flt_7e0053eb,business,corporate,18207.71,2913.23,INR,30,7,1,2184.92,0,12,active,2026-08-18T10:00:00+05:30
far_635e01ac,flt_44bce64b,economy,flex,792.37,126.78,MYR,15,7,1,,1,167,active,2026-08-18T10:00:00+05:30
far_2227c456,flt_44bce64b,economy,standard,649.48,103.92,MYR,15,7,0,,0,123,active,2026-08-18T10:00:00+05:30
far_023be933,flt_44bce64b,business,promo,1570.45,251.27,MYR,30,7,0,188.45,0,8,active,2026-08-18T10:00:00+05:30
far_accf5b81,flt_44bce64b,business,flex,2456.34,393.01,MYR,30,7,1,294.76,1,15,active,2026-08-18T10:00:00+05:30
far_558a5e59,flt_e0a95248,economy,flex,3977.22,636.35,THB,15,7,1,477.27,1,133,active,2026-08-18T10:00:00+05:30
far_be18dc49,flt_e0a95248,economy,saver,2868.81,459.01,THB,15,7,0,344.26,0,79,active,2026-08-18T10:00:00+05:30
far_7363175d,flt_e0a95248,business,saver,8893.32,1422.93,THB,30,7,0,1067.20,0,30,active,2026-08-18T10:00:00+05:30
far_0f9fb209,flt_e0a95248,business,flex,12329.37,1972.70,THB,30,7,1,,1,10,active,2026-08-18T10:00:00+05:30
far_03a5ed19,flt_5f15f6ed,economy,promo,2959.22,473.48,INR,15,7,0,,0,81,active,2026-08-18T10:00:00+05:30
far_f258470c,flt_5f15f6ed,economy,standard,3793.87,607.02,INR,15,7,0,455.26,0,105,active,2026-08-18T10:00:00+05:30
far_b0af1d37,flt_5f15f6ed,business,promo,9173.58,1467.77,INR,30,7,0,1100.83,0,5,active,2026-08-18T10:00:00+05:30
far_3485a438,flt_5f15f6ed,business,flex,14348.43,2295.75,INR,30,7,1,1721.81,1,15,active,2026-08-18T10:00:00+05:30
far_15a90c73,flt_ba9f3bf1,economy,saver,7832.49,1253.20,INR,15,7,0,,0,158,active,2026-08-18T10:00:00+05:30
far_0edd624a,flt_ba9f3bf1,economy,flex,10858.68,1737.39,INR,15,7,1,1303.04,1,139,active,2026-08-18T10:00:00+05:30
far_cf5a87dc,flt_ba9f3bf1,business,flex,33661.90,5385.90,INR,30,7,1,,1,37,active,2026-08-18T10:00:00+05:30
far_9a52e13c,flt_ba9f3bf1,business,promo,21521.55,3443.45,INR,30,7,0,,0,7,active,2026-08-18T10:00:00+05:30
far_cd284ec1,flt_08a921dd,economy,standard,4307.34,689.17,INR,15,7,0,,0,35,active,2026-08-18T10:00:00+05:30
far_a9a5be03,flt_08a921dd,economy,promo,3359.73,537.56,INR,15,7,0,403.17,0,74,active,2026-08-18T10:00:00+05:30
far_ae236c55,flt_08a921dd,business,promo,10415.15,1666.42,INR,30,7,0,1249.82,0,26,active,2026-08-18T10:00:00+05:30
far_504c9654,flt_08a921dd,business,corporate,14688.04,2350.09,INR,30,7,1,1762.56,0,28,active,2026-08-18T10:00:00+05:30
far_81685c89,flt_22460f9a,economy,promo,4110.61,657.70,INR,15,7,0,493.27,0,80,active,2026-08-18T10:00:00+05:30
far_babd4d93,flt_22460f9a,economy,flex,6429.41,1028.71,INR,15,7,1,771.53,1,155,active,2026-08-18T10:00:00+05:30
far_d5f0e68c,flt_22460f9a,business,corporate,17970.73,2875.32,INR,30,7,1,,0,30,active,2026-08-18T10:00:00+05:30
far_463d9fb2,flt_22460f9a,business,flex,19931.17,3188.99,INR,30,7,1,,1,6,active,2026-08-18T10:00:00+05:30
far_a709c557,flt_a9af1b74,economy,corporate,4757.24,761.16,INR,15,7,1,,0,35,active,2026-08-18T10:00:00+05:30
far_367c1d6f,flt_a9af1b74,economy,flex,5276.21,844.19,INR,15,7,1,633.15,1,49,active,2026-08-18T10:00:00+05:30
far_ff2a2ade,flt_a9af1b74,business,promo,10457.28,1673.17,INR,30,7,0,,0,33,active,2026-08-18T10:00:00+05:30
far_dcd410d8,flt_a9af1b74,business,saver,11797.96,1887.67,INR,30,7,0,1415.76,0,29,active,2026-08-18T10:00:00+05:30
far_aab31ad5,flt_139602ef,economy,saver,3350.39,536.06,INR,15,7,0,,0,79,active,2026-08-18T10:00:00+05:30
far_2a35eb6d,flt_139602ef,economy,promo,2969.66,475.15,INR,15,7,0,356.36,0,63,active,2026-08-18T10:00:00+05:30
far_05d5bf76,flt_139602ef,business,flex,14399.05,2303.85,INR,30,7,1,1727.89,1,26,active,2026-08-18T10:00:00+05:30
far_18a0d036,flt_139602ef,business,promo,9205.95,1472.95,INR,30,7,0,1104.71,0,5,active,2026-08-18T10:00:00+05:30
far_d7c347d2,flt_e90f5dfc,economy,promo,1135.25,181.64,INR,15,7,0,,0,36,active,2026-08-18T10:00:00+05:30
far_c3d44b74,flt_e90f5dfc,economy,flex,1775.64,284.10,INR,15,7,1,213.08,1,79,active,2026-08-18T10:00:00+05:30
far_48708565,flt_e90f5dfc,business,flex,5504.49,880.72,INR,30,7,1,660.54,1,19,active,2026-08-18T10:00:00+05:30
far_1495be81,flt_e90f5dfc,business,corporate,4963.06,794.09,INR,30,7,1,,0,8,active,2026-08-18T10:00:00+05:30
far_77f4e9d8,flt_2dbb9b2d,economy,saver,3332.38,533.18,INR,15,7,0,399.89,0,68,active,2026-08-18T10:00:00+05:30
far_ac5c1409,flt_2dbb9b2d,economy,corporate,4165.47,666.48,INR,15,7,1,499.86,0,99,active,2026-08-18T10:00:00+05:30
far_99df6b92,flt_2dbb9b2d,business,saver,10330.37,1652.86,INR,30,7,0,,0,13,active,2026-08-18T10:00:00+05:30
far_2131d37b,flt_2dbb9b2d,business,corporate,12912.97,2066.07,INR,30,7,1,1549.56,0,36,active,2026-08-18T10:00:00+05:30
far_95e83a0c,flt_dc9d44ec,economy,saver,1386.22,221.79,INR,15,7,0,166.35,0,76,active,2026-08-18T10:00:00+05:30
far_2c34d16d,flt_dc9d44ec,economy,standard,1575.25,252.04,INR,15,7,0,,0,119,active,2026-08-18T10:00:00+05:30
far_0328f5c1,flt_dc9d44ec,business,flex,5957.58,953.21,INR,30,7,1,714.91,1,38,active,2026-08-18T10:00:00+05:30
far_1ced3f2e,flt_dc9d44ec,business,promo,3808.94,609.43,INR,30,7,0,457.07,0,14,active,2026-08-18T10:00:00+05:30
far_daf8e3fa,flt_d3fda2c6,economy,flex,327.02,52.32,SGD,15,7,1,,1,61,active,2026-08-18T10:00:00+05:30
far_c3c7e527,flt_d3fda2c6,economy,saver,235.88,37.74,SGD,15,7,0,28.31,0,100,active,2026-08-18T10:00:00+05:30
far_f3148c27,flt_d3fda2c6,business,flex,1013.76,162.20,SGD,30,7,1,,1,8,active,2026-08-18T10:00:00+05:30
far_5bee1d23,flt_d3fda2c6,business,saver,731.24,117.00,SGD,30,7,0,87.75,0,28,active,2026-08-18T10:00:00+05:30
far_abc926e0,flt_f24af3c5,economy,promo,11688.70,1870.19,INR,15,7,0,1402.64,0,93,active,2026-08-18T10:00:00+05:30
far_b4df1298,flt_f24af3c5,economy,flex,18282.32,2925.17,INR,15,7,1,2193.88,1,55,active,2026-08-18T10:00:00+05:30
far_6d370ed2,flt_f24af3c5,business,corporate,51100.58,8176.09,INR,30,7,1,6132.07,0,36,active,2026-08-18T10:00:00+05:30
far_05c65b93,flt_f24af3c5,business,promo,36234.96,5797.59,INR,30,7,0,4348.20,0,5,active,2026-08-18T10:00:00+05:30
far_c391ad25,flt_ff1f3efb,economy,standard,9157.33,1465.17,THB,15,7,0,,0,64,active,2026-08-18T10:00:00+05:30
far_e3f39308,flt_ff1f3efb,economy,saver,8058.45,1289.35,THB,15,7,0,,0,42,active,2026-08-18T10:00:00+05:30
far_038535bb,flt_ff1f3efb,business,flex,34633.03,5541.29,THB,30,7,1,4155.96,1,29,active,2026-08-18T10:00:00+05:30
far_37917148,flt_ff1f3efb,business,promo,22142.43,3542.79,THB,30,7,0,2657.09,0,4,active,2026-08-18T10:00:00+05:30
far_6fc9d7ef,flt_2f1d295c,economy,saver,10392.47,1662.79,INR,15,7,0,1247.10,0,159,active,2026-08-18T10:00:00+05:30
far_713b410b,flt_2f1d295c,economy,corporate,12990.59,2078.49,INR,15,7,1,,0,61,active,2026-08-18T10:00:00+05:30
far_a9caa4ae,flt_2f1d295c,business,flex,44663.99,7146.24,INR,30,7,1,,1,8,active,2026-08-18T10:00:00+05:30
far_c0ee9187,flt_2f1d295c,business,standard,36609.83,5857.57,INR,30,7,0,4393.18,0,8,active,2026-08-18T10:00:00+05:30
far_76f1beea,flt_c90993fe,economy,flex,6833.89,1093.42,INR,15,7,1,820.07,1,119,active,2026-08-18T10:00:00+05:30
far_069122ff,flt_c90993fe,economy,corporate,6161.71,985.87,INR,15,7,1,,0,82,active,2026-08-18T10:00:00+05:30
far_2d016fa0,flt_c90993fe,business,standard,17364.81,2778.37,INR,30,7,0,2083.78,0,21,active,2026-08-18T10:00:00+05:30
far_5070cac2,flt_c90993fe,business,flex,21185.07,3389.61,INR,30,7,1,,1,27,active,2026-08-18T10:00:00+05:30
far_3e70376a,flt_327281f5,economy,corporate,4833.93,773.43,INR,15,7,1,,0,139,active,2026-08-18T10:00:00+05:30
far_3fbe4424,flt_327281f5,economy,flex,5361.27,857.80,INR,15,7,1,,1,166,active,2026-08-18T10:00:00+05:30
far_82ba57e4,flt_327281f5,business,standard,13622.89,2179.66,INR,30,7,0,1634.75,0,7,active,2026-08-18T10:00:00+05:30
far_8e7e5e40,flt_327281f5,business,flex,16619.93,2659.19,INR,30,7,1,,1,15,active,2026-08-18T10:00:00+05:30
far_de569660,flt_b9748c81,economy,promo,1209.65,193.54,INR,15,7,0,,0,68,active,2026-08-18T10:00:00+05:30
far_59445efd,flt_b9748c81,economy,flex,1892.01,302.72,INR,15,7,1,,1,106,active,2026-08-18T10:00:00+05:30
far_abd5066b,flt_b9748c81,business,promo,3749.91,599.98,INR,30,7,0,,0,17,active,2026-08-18T10:00:00+05:30
far_dad02d8a,flt_b9748c81,business,corporate,5288.33,846.13,INR,30,7,1,,0,25,active,2026-08-18T10:00:00+05:30
far_45271010,flt_2b3b4f02,economy,standard,3853.48,616.56,INR,15,7,0,462.42,0,116,active,2026-08-18T10:00:00+05:30
far_32a1f2bb,flt_2b3b4f02,economy,promo,3005.72,480.91,INR,15,7,0,,0,37,active,2026-08-18T10:00:00+05:30
far_e2675442,flt_2b3b4f02,business,promo,9317.72,1490.84,INR,30,7,0,,0,8,active,2026-08-18T10:00:00+05:30
far_42c4643a,flt_2b3b4f02,business,standard,11945.80,1911.33,INR,30,7,0,1433.50,0,32,active,2026-08-18T10:00:00+05:30
far_bb2585ab,flt_98a2542c,economy,saver,6116.77,978.68,INR,15,7,0,734.01,0,132,active,2026-08-18T10:00:00+05:30
far_9f7a8163,flt_98a2542c,economy,promo,5421.68,867.47,INR,15,7,0,650.60,0,148,active,2026-08-18T10:00:00+05:30
far_46ee67da,flt_98a2542c,business,saver,18961.98,3033.92,INR,30,7,0,,0,39,active,2026-08-18T10:00:00+05:30
far_435ee7d1,flt_98a2542c,business,flex,26288.20,4206.11,INR,30,7,1,3154.58,1,10,active,2026-08-18T10:00:00+05:30
far_61c31ff6,flt_b149b2ad,economy,corporate,4639.41,742.31,INR,15,7,1,,0,41,active,2026-08-18T10:00:00+05:30
far_419fcb6e,flt_b149b2ad,economy,promo,3289.76,526.36,INR,15,7,0,,0,154,active,2026-08-18T10:00:00+05:30
far_5ae68198,flt_b149b2ad,business,saver,11505.73,1840.92,INR,30,7,0,1380.69,0,15,active,2026-08-18T10:00:00+05:30
far_385c663b,flt_b149b2ad,business,promo,10198.26,1631.72,INR,30,7,0,,0,34,active,2026-08-18T10:00:00+05:30
far_d1a734fc,flt_711a3a2d,economy,promo,5082.83,813.25,INR,15,7,0,609.94,0,66,active,2026-08-18T10:00:00+05:30
far_295f2fce,flt_711a3a2d,economy,corporate,7168.09,1146.89,INR,15,7,1,860.17,0,28,active,2026-08-18T10:00:00+05:30
far_9de8d99c,flt_711a3a2d,business,flex,24645.19,3943.23,INR,30,7,1,2957.42,1,25,active,2026-08-18T10:00:00+05:30
far_2ccc7b5a,flt_711a3a2d,business,corporate,22221.08,3555.37,INR,30,7,1,2666.53,0,35,active,2026-08-18T10:00:00+05:30
far_6e8f143d,flt_87d5d88e,economy,flex,5334431.52,853509.04,IDR,15,7,1,,1,148,active,2026-08-18T10:00:00+05:30
far_29db81f9,flt_87d5d88e,economy,corporate,4809733.34,769557.33,IDR,15,7,1,,0,30,active,2026-08-18T10:00:00+05:30
far_08311fb0,flt_87d5d88e,business,flex,16536737.71,2645878.03,IDR,30,7,1,,1,32,active,2026-08-18T10:00:00+05:30
far_64d3df19,flt_87d5d88e,business,saver,11928138.68,1908502.19,IDR,30,7,0,,0,20,active,2026-08-18T10:00:00+05:30
far_c782fcd1,flt_ebaa6978,economy,saver,5209.32,833.49,THB,15,7,0,625.12,0,80,active,2026-08-18T10:00:00+05:30
far_e5b89e47,flt_ebaa6978,economy,promo,4617.35,738.78,THB,15,7,0,554.08,0,98,active,2026-08-18T10:00:00+05:30
far_88a257f7,flt_ebaa6978,business,saver,16148.88,2583.82,THB,30,7,0,1937.87,0,8,active,2026-08-18T10:00:00+05:30
far_8ce46b2d,flt_ebaa6978,business,corporate,20186.10,3229.78,THB,30,7,1,,0,7,active,2026-08-18T10:00:00+05:30
far_a8ff2011,flt_f78d473a,economy,corporate,716.73,114.68,MYR,15,7,1,86.01,0,129,active,2026-08-18T10:00:00+05:30
far_e486cece,flt_f78d473a,economy,saver,573.39,91.74,MYR,15,7,0,,0,154,active,2026-08-18T10:00:00+05:30
far_8b4e2fd2,flt_f78d473a,business,standard,2019.89,323.18,MYR,30,7,0,242.39,0,13,active,2026-08-18T10:00:00+05:30
far_4310fc77,flt_f78d473a,business,saver,1777.50,284.40,MYR,30,7,0,213.30,0,32,active,2026-08-18T10:00:00+05:30
far_8cdd0b8e,flt_e2180dee,economy,standard,2707.83,433.25,INR,15,7,0,324.94,0,131,active,2026-08-18T10:00:00+05:30
far_eecf3f7b,flt_a2cd4384,economy,promo,2748.81,439.81,INR,15,7,0,,0,30,active,2026-08-18T10:00:00+05:30
far_7095d05e,flt_a2cd4384,economy,corporate,3876.53,620.25,INR,15,7,1,,0,102,active,2026-08-18T10:00:00+05:30
far_63aacbcb,flt_a2cd4384,business,corporate,12017.25,1922.76,INR,30,7,1,,0,18,active,2026-08-18T10:00:00+05:30
far_898b2439,flt_a2cd4384,business,standard,10924.77,1747.96,INR,30,7,0,,0,39,active,2026-08-18T10:00:00+05:30
far_56f6a3c7,flt_b3d7fcf1,economy,corporate,561.30,89.81,AED,15,7,1,67.36,0,132,active,2026-08-18T10:00:00+05:30
far_004b4840,flt_b3d7fcf1,economy,saver,449.04,71.85,AED,15,7,0,53.88,0,21,active,2026-08-18T10:00:00+05:30
far_a47b475b,flt_b3d7fcf1,business,standard,1581.85,253.10,AED,30,7,0,189.82,0,6,active,2026-08-18T10:00:00+05:30
far_dafa6ae5,flt_b3d7fcf1,business,saver,1392.03,222.72,AED,30,7,0,167.04,0,24,active,2026-08-18T10:00:00+05:30
far_e495915e,flt_561a31c3,economy,corporate,2903.94,464.63,INR,15,7,1,,0,111,active,2026-08-18T10:00:00+05:30
far_e0e93a97,flt_561a31c3,economy,saver,2323.15,371.70,INR,15,7,0,278.78,0,103,active,2026-08-18T10:00:00+05:30
far_759a5867,flt_561a31c3,business,flex,9984.29,1597.49,INR,30,7,1,,1,32,active,2026-08-18T10:00:00+05:30
far_9381f4fb,flt_561a31c3,business,saver,7201.78,1152.28,INR,30,7,0,,0,10,active,2026-08-18T10:00:00+05:30
far_38fcf9e2,flt_6b031a1f,economy,flex,6790.06,1086.41,INR,15,7,1,,1,74,active,2026-08-18T10:00:00+05:30
far_d4eaac73,flt_6b031a1f,economy,corporate,6122.19,979.55,INR,15,7,1,734.66,0,113,active,2026-08-18T10:00:00+05:30
far_c8ddca10,flt_6b031a1f,business,corporate,18978.78,3036.60,INR,30,7,1,2277.45,0,10,active,2026-08-18T10:00:00+05:30
far_7f9898c0,flt_6b031a1f,business,flex,21049.19,3367.87,INR,30,7,1,,1,30,active,2026-08-18T10:00:00+05:30
far_cad28055,flt_a5dfa979,economy,saver,5117.34,818.77,THB,15,7,0,,0,47,active,2026-08-18T10:00:00+05:30
far_4eaa2cea,flt_a5dfa979,economy,standard,5815.15,930.42,THB,15,7,0,,0,89,active,2026-08-18T10:00:00+05:30
far_c1b3cdf6,flt_a5dfa979,business,standard,18026.98,2884.32,THB,30,7,0,2163.24,0,30,active,2026-08-18T10:00:00+05:30
far_f9fd45d3,flt_a5dfa979,business,flex,21992.91,3518.87,THB,30,7,1,,1,11,active,2026-08-18T10:00:00+05:30
far_e9a43455,flt_3586232d,economy,flex,8350.90,1336.14,INR,15,7,1,,1,34,active,2026-08-18T10:00:00+05:30
far_a664d5b0,flt_3586232d,economy,promo,5339.10,854.26,INR,15,7,0,640.69,0,55,active,2026-08-18T10:00:00+05:30
far_d38151b0,flt_3586232d,business,corporate,23341.44,3734.63,INR,30,7,1,2800.97,0,21,active,2026-08-18T10:00:00+05:30
far_26dd5090,flt_3586232d,business,promo,16551.20,2648.19,INR,30,7,0,1986.14,0,13,active,2026-08-18T10:00:00+05:30
far_a526c64f,flt_3237d731,economy,saver,4966.30,794.61,INR,15,7,0,,0,95,active,2026-08-18T10:00:00+05:30
far_650fa981,flt_3237d731,economy,corporate,6207.88,993.26,INR,15,7,1,744.95,0,143,active,2026-08-18T10:00:00+05:30
far_14e79179,flt_3237d731,business,saver,15395.54,2463.29,INR,30,7,0,,0,9,active,2026-08-18T10:00:00+05:30
far_6c407284,flt_3237d731,business,corporate,19244.43,3079.11,INR,30,7,1,2309.33,0,31,active,2026-08-18T10:00:00+05:30
far_75f17204,flt_6a4d5808,economy,flex,5052485.19,808397.63,IDR,15,7,1,,1,23,active,2026-08-18T10:00:00+05:30
far_5a8f50b0,flt_6a4d5808,economy,saver,3644415.54,583106.49,IDR,15,7,0,437329.87,0,115,active,2026-08-18T10:00:00+05:30
far_52b3d89d,flt_6a4d5808,business,promo,10013859.98,1602217.60,IDR,30,7,0,,0,31,active,2026-08-18T10:00:00+05:30
far_763319da,flt_6a4d5808,business,flex,15662704.07,2506032.65,IDR,30,7,1,,1,15,active,2026-08-18T10:00:00+05:30
far_b2f74436,flt_0fdc085c,economy,saver,13933.99,2229.44,INR,15,7,0,,0,148,active,2026-08-18T10:00:00+05:30
far_4ba7d31a,flt_0fdc085c,economy,promo,12350.58,1976.09,INR,15,7,0,1482.07,0,63,active,2026-08-18T10:00:00+05:30
far_533820b6,flt_0fdc085c,business,standard,49085.65,7853.70,INR,30,7,0,5890.28,0,28,active,2026-08-18T10:00:00+05:30
far_1a06f573,flt_0fdc085c,business,saver,43195.38,6911.26,INR,30,7,0,,0,31,active,2026-08-18T10:00:00+05:30
far_55786a1c,flt_982068ed,economy,saver,3302.43,528.39,INR,15,7,0,396.29,0,146,active,2026-08-18T10:00:00+05:30
far_e0d2a02d,flt_982068ed,economy,standard,3752.76,600.44,INR,15,7,0,450.33,0,156,active,2026-08-18T10:00:00+05:30
far_be4d6e38,flt_982068ed,business,standard,11633.55,1861.37,INR,30,7,0,1396.03,0,8,active,2026-08-18T10:00:00+05:30
far_e29e9186,flt_982068ed,business,promo,9074.17,1451.87,INR,30,7,0,1088.90,0,6,active,2026-08-18T10:00:00+05:30
far_cea54477,flt_67c35961,economy,promo,2495.64,399.30,INR,15,7,0,299.48,0,32,active,2026-08-18T10:00:00+05:30
far_1100afc4,flt_67c35961,economy,saver,2815.59,450.49,INR,15,7,0,337.87,0,25,active,2026-08-18T10:00:00+05:30
far_ad74bc8c,flt_67c35961,business,standard,9918.56,1586.97,INR,30,7,0,,0,22,active,2026-08-18T10:00:00+05:30
far_25cb4f7a,flt_67c35961,business,flex,12100.65,1936.10,INR,30,7,1,,1,4,active,2026-08-18T10:00:00+05:30
far_f7c6bc23,flt_cc2d81a9,economy,standard,4477.69,716.43,INR,15,7,0,,0,132,active,2026-08-18T10:00:00+05:30
far_8204d3b2,flt_14e9d205,economy,standard,22896.74,3663.48,INR,15,7,0,2747.61,0,103,active,2026-08-18T10:00:00+05:30
far_d35310c6,flt_14e9d205,economy,corporate,25186.42,4029.83,INR,15,7,1,,0,140,active,2026-08-18T10:00:00+05:30
far_f5436397,flt_14e9d205,business,standard,70979.91,11356.79,INR,30,7,0,,0,4,active,2026-08-18T10:00:00+05:30
far_f438861a,flt_14e9d205,business,promo,55364.33,8858.29,INR,30,7,0,,0,8,active,2026-08-18T10:00:00+05:30
far_dd817cd3,flt_0b1cd8c0,economy,corporate,4675.43,748.07,INR,15,7,1,561.05,0,28,active,2026-08-18T10:00:00+05:30
far_8bd6d7cc,flt_4b50b80b,economy,corporate,8414.79,1346.37,INR,15,7,1,,0,105,active,2026-08-18T10:00:00+05:30
far_97076cbc,flt_4b50b80b,economy,standard,7649.81,1223.97,INR,15,7,0,,0,104,active,2026-08-18T10:00:00+05:30
far_81ff3aad,flt_4b50b80b,business,promo,18497.24,2959.56,INR,30,7,0,,0,20,active,2026-08-18T10:00:00+05:30
far_7a9034cf,flt_4b50b80b,business,corporate,26085.85,4173.74,INR,30,7,1,3130.30,0,6,active,2026-08-18T10:00:00+05:30
far_7db9fd4e,flt_6d653f14,economy,flex,8818.96,1411.03,INR,15,7,1,1058.27,1,149,active,2026-08-18T10:00:00+05:30
far_581d4e0f,flt_6d653f14,economy,corporate,7951.52,1272.24,INR,15,7,1,954.18,0,108,active,2026-08-18T10:00:00+05:30
far_c5eb684e,flt_6d653f14,business,promo,17478.88,2796.62,INR,30,7,0,2097.47,0,25,active,2026-08-18T10:00:00+05:30
far_1dbf8677,flt_6d653f14,business,corporate,24649.71,3943.95,INR,30,7,1,,0,25,active,2026-08-18T10:00:00+05:30
far_bf6bca4f,flt_b8b3bd53,economy,corporate,8112.36,1297.98,INR,15,7,1,973.48,0,130,active,2026-08-18T10:00:00+05:30
far_d7cb1290,flt_b8b3bd53,economy,flex,8997.34,1439.57,INR,15,7,1,1079.68,1,127,active,2026-08-18T10:00:00+05:30
far_660d0ae6,flt_b8b3bd53,business,standard,22862.10,3657.94,INR,30,7,0,2743.45,0,20,active,2026-08-18T10:00:00+05:30
far_618d81e7,flt_b8b3bd53,business,flex,27891.76,4462.68,INR,30,7,1,,1,31,active,2026-08-18T10:00:00+05:30
far_85e50511,flt_69b51b03,economy,promo,5003.69,800.59,INR,15,7,0,600.44,0,118,active,2026-08-18T10:00:00+05:30
far_2acc62f2,flt_6a88cdf9,economy,saver,5403.63,864.58,INR,15,7,0,,0,20,active,2026-08-18T10:00:00+05:30
far_cec99083,flt_6a88cdf9,economy,standard,6140.49,982.48,INR,15,7,0,,0,57,active,2026-08-18T10:00:00+05:30
far_a4af4806,flt_6a88cdf9,business,flex,23223.32,3715.73,INR,30,7,1,,1,20,active,2026-08-18T10:00:00+05:30
far_c2dd77b8,flt_6a88cdf9,business,promo,14847.70,2375.63,INR,30,7,0,1781.72,0,35,active,2026-08-18T10:00:00+05:30
far_b870d896,flt_a791904d,economy,saver,4919.50,787.12,INR,15,7,0,590.34,0,66,active,2026-08-18T10:00:00+05:30
far_ad7c742c,flt_a791904d,economy,promo,4360.47,697.68,INR,15,7,0,,0,25,active,2026-08-18T10:00:00+05:30
far_b637165b,flt_a791904d,business,standard,17330.07,2772.81,INR,30,7,0,,0,39,active,2026-08-18T10:00:00+05:30
far_f0c72a93,flt_a791904d,business,promo,13517.45,2162.79,INR,30,7,0,1622.09,0,19,active,2026-08-18T10:00:00+05:30
far_6c115638,flt_557cc498,economy,corporate,1579.88,252.78,INR,15,7,1,189.59,0,58,active,2026-08-18T10:00:00+05:30
far_e445d73b,flt_557cc498,economy,saver,1263.91,202.22,INR,15,7,0,151.67,0,149,active,2026-08-18T10:00:00+05:30
far_aa2e8265,flt_557cc498,business,corporate,4897.63,783.62,INR,30,7,1,,0,13,active,2026-08-18T10:00:00+05:30
far_e8b5ead5,flt_557cc498,business,saver,3918.11,626.90,INR,30,7,0,470.17,0,31,active,2026-08-18T10:00:00+05:30
far_ed8576be,flt_c221243e,economy,saver,4270.79,683.33,THB,15,7,0,,0,137,active,2026-08-18T10:00:00+05:30
far_56a59f87,flt_363207d6,economy,standard,16486.60,2637.86,INR,15,7,0,,0,134,active,2026-08-18T10:00:00+05:30
far_09bf6a92,flt_363207d6,economy,corporate,18135.26,2901.64,INR,15,7,1,2176.23,0,136,active,2026-08-18T10:00:00+05:30
far_1e465ec0,flt_363207d6,business,flex,62352.32,9976.37,INR,30,7,1,,1,32,active,2026-08-18T10:00:00+05:30
far_f84f5d3e,flt_363207d6,business,standard,51108.46,8177.35,INR,30,7,0,6133.01,0,16,active,2026-08-18T10:00:00+05:30
far_666976c6,flt_8d864b41,economy,saver,23291.23,3726.60,INR,15,7,0,2794.95,0,78,active,2026-08-18T10:00:00+05:30
far_c4123eec,flt_8d864b41,economy,flex,32290.11,5166.42,INR,15,7,1,,1,162,active,2026-08-18T10:00:00+05:30
far_583ce5b0,flt_8d864b41,business,standard,82048.65,13127.78,INR,30,7,0,9845.84,0,12,active,2026-08-18T10:00:00+05:30
far_14623e17,flt_8d864b41,business,saver,72202.81,11552.45,INR,30,7,0,,0,21,active,2026-08-18T10:00:00+05:30
far_63224c16,flt_54b582c0,economy,standard,6506.64,1041.06,INR,15,7,0,780.80,0,30,active,2026-08-18T10:00:00+05:30
far_cbf045e1,flt_54b582c0,economy,flex,7938.10,1270.10,INR,15,7,1,952.57,1,69,active,2026-08-18T10:00:00+05:30
far_7fb95d8e,flt_54b582c0,business,promo,15733.05,2517.29,INR,30,7,0,,0,15,active,2026-08-18T10:00:00+05:30
far_6b341747,flt_54b582c0,business,standard,20170.58,3227.29,INR,30,7,0,,0,11,active,2026-08-18T10:00:00+05:30
far_bcc0f8ae,flt_dc9bdc4f,economy,corporate,8543.21,1366.91,INR,15,7,1,,0,79,active,2026-08-18T10:00:00+05:30
far_d21cd10f,flt_dc9bdc4f,economy,flex,9475.19,1516.03,INR,15,7,1,1137.02,1,107,active,2026-08-18T10:00:00+05:30
far_267ec0d6,flt_dc9bdc4f,business,corporate,26483.94,4237.43,INR,30,7,1,,0,21,active,2026-08-18T10:00:00+05:30
far_0843e2f1,flt_dc9bdc4f,business,flex,29373.09,4699.69,INR,30,7,1,,1,30,active,2026-08-18T10:00:00+05:30
far_d185eab9,flt_392e0e62,economy,saver,248.71,39.79,SGD,15,7,0,29.84,0,43,active,2026-08-18T10:00:00+05:30
far_6d5b60ce,flt_392e0e62,economy,promo,220.44,35.27,SGD,15,7,0,,0,85,active,2026-08-18T10:00:00+05:30
far_1f850e02,flt_392e0e62,business,corporate,963.74,154.20,SGD,30,7,1,115.65,0,23,active,2026-08-18T10:00:00+05:30
far_526acadb,flt_392e0e62,business,standard,876.12,140.18,SGD,30,7,0,105.13,0,35,active,2026-08-18T10:00:00+05:30
far_c42ac613,flt_2e6c7e9d,economy,saver,1364.63,218.34,INR,15,7,0,163.76,0,112,active,2026-08-18T10:00:00+05:30
far_e63dc9b6,flt_2e6c7e9d,economy,corporate,1705.79,272.93,INR,15,7,1,204.69,0,58,active,2026-08-18T10:00:00+05:30
far_f8cae65a,flt_2e6c7e9d,business,saver,4230.36,676.86,INR,30,7,0,507.64,0,5,active,2026-08-18T10:00:00+05:30
far_b6778848,flt_2e6c7e9d,business,standard,4807.23,769.16,INR,30,7,0,576.87,0,22,active,2026-08-18T10:00:00+05:30
far_0a328f91,flt_43b1c309,economy,corporate,6059.35,969.50,THB,15,7,1,,0,52,active,2026-08-18T10:00:00+05:30
far_e0c9fe94,flt_43b1c309,economy,standard,5508.50,881.36,THB,15,7,0,,0,144,active,2026-08-18T10:00:00+05:30
far_c2dbaada,flt_43b1c309,business,saver,15027.18,2404.35,THB,30,7,0,1803.26,0,39,active,2026-08-18T10:00:00+05:30
far_92dea803,flt_43b1c309,business,flex,20833.14,3333.30,THB,30,7,1,2499.98,1,25,active,2026-08-18T10:00:00+05:30
far_9308159d,flt_d5b5015d,economy,corporate,11518.49,1842.96,INR,15,7,1,1382.22,0,59,active,2026-08-18T10:00:00+05:30
far_b49a77b2,flt_d5b5015d,economy,standard,10471.35,1675.42,INR,15,7,0,1256.56,0,124,active,2026-08-18T10:00:00+05:30
far_8ca8230f,flt_d5b5015d,business,standard,32461.19,5193.79,INR,30,7,0,3895.34,0,27,active,2026-08-18T10:00:00+05:30
far_7b0aa90a,flt_d5b5015d,business,corporate,35707.31,5713.17,INR,30,7,1,,0,8,active,2026-08-18T10:00:00+05:30
far_01bec80b,flt_6d5110ba,economy,standard,12643.30,2022.93,INR,15,7,0,1517.20,0,44,active,2026-08-18T10:00:00+05:30
far_4892f4cd,flt_6d5110ba,economy,promo,9861.77,1577.88,INR,15,7,0,1183.41,0,64,active,2026-08-18T10:00:00+05:30
far_a40bec35,flt_6d5110ba,business,corporate,43113.64,6898.18,INR,30,7,1,5173.64,0,4,active,2026-08-18T10:00:00+05:30
far_474e8f47,flt_6d5110ba,business,flex,47816.95,7650.71,INR,30,7,1,5738.03,1,34,active,2026-08-18T10:00:00+05:30
far_9389d1c2,flt_43783b73,economy,standard,21242.82,3398.85,INR,15,7,0,2549.14,0,136,active,2026-08-18T10:00:00+05:30
far_081947ff,flt_43783b73,economy,saver,18693.68,2990.99,INR,15,7,0,,0,68,active,2026-08-18T10:00:00+05:30
far_6a20c4ab,flt_43783b73,business,saver,57950.41,9272.07,INR,30,7,0,6954.05,0,19,active,2026-08-18T10:00:00+05:30
far_1dcfa6eb,flt_43783b73,business,promo,51365.14,8218.42,INR,30,7,0,6163.82,0,31,active,2026-08-18T10:00:00+05:30
far_03b15b5e,flt_c5fc4f5a,economy,standard,4687.40,749.98,THB,15,7,0,,0,125,active,2026-08-18T10:00:00+05:30
far_7973ec08,flt_c5fc4f5a,economy,corporate,5156.14,824.98,THB,15,7,1,618.74,0,57,active,2026-08-18T10:00:00+05:30
far_0dcac7b6,flt_c5fc4f5a,business,flex,17727.74,2836.44,THB,30,7,1,,1,28,active,2026-08-18T10:00:00+05:30
far_a5ef6376,flt_c5fc4f5a,business,saver,12787.22,2045.96,THB,30,7,0,,0,29,active,2026-08-18T10:00:00+05:30
far_304e2424,flt_d7e62ae1,economy,flex,8298.28,1327.72,INR,15,7,1,995.79,1,53,active,2026-08-18T10:00:00+05:30
far_ecec65d7,flt_d7e62ae1,economy,saver,5985.64,957.70,INR,15,7,0,718.28,0,99,active,2026-08-18T10:00:00+05:30
far_591b0617,flt_d7e62ae1,business,saver,18555.50,2968.88,INR,30,7,0,2226.66,0,12,active,2026-08-18T10:00:00+05:30
far_ecffe541,flt_d7e62ae1,business,standard,21085.79,3373.73,INR,30,7,0,2530.30,0,21,active,2026-08-18T10:00:00+05:30
far_8bd106c9,flt_87e96a18,economy,flex,8651.46,1384.23,THB,15,7,1,1038.17,1,159,active,2026-08-18T10:00:00+05:30
far_3c312d7f,flt_ad0289e2,economy,standard,5143.49,822.96,INR,15,7,0,617.22,0,127,active,2026-08-18T10:00:00+05:30
far_67d78407,flt_ad0289e2,economy,flex,6275.05,1004.01,INR,15,7,1,753.01,1,149,active,2026-08-18T10:00:00+05:30
far_330228cd,flt_ad0289e2,business,saver,14031.43,2245.03,INR,30,7,0,1683.77,0,14,active,2026-08-18T10:00:00+05:30
far_d88f3109,flt_ad0289e2,business,corporate,17539.28,2806.29,INR,30,7,1,2104.71,0,8,active,2026-08-18T10:00:00+05:30
far_835c3592,flt_62c3a585,economy,corporate,8926.65,1428.26,INR,15,7,1,1071.20,0,97,active,2026-08-18T10:00:00+05:30
far_9eed1192,flt_62c3a585,economy,standard,8115.14,1298.42,INR,15,7,0,973.82,0,115,active,2026-08-18T10:00:00+05:30
far_5acc0fd2,flt_62c3a585,business,saver,22138.10,3542.10,INR,30,7,0,2656.57,0,36,active,2026-08-18T10:00:00+05:30
far_3d49ce4f,flt_62c3a585,business,flex,30691.45,4910.63,INR,30,7,1,3682.97,1,14,active,2026-08-18T10:00:00+05:30
far_ac1549cb,flt_c7ae72b1,economy,standard,13066.58,2090.65,INR,15,7,0,1567.99,0,72,active,2026-08-18T10:00:00+05:30
far_6ae5b3e2,flt_ea623f19,economy,saver,5184.54,829.53,INR,15,7,0,622.14,0,147,active,2026-08-18T10:00:00+05:30
far_9c1f839e,flt_ea623f19,economy,standard,5891.52,942.64,INR,15,7,0,,0,112,active,2026-08-18T10:00:00+05:30
far_07c26d0a,flt_ea623f19,business,promo,14245.69,2279.31,INR,30,7,0,,0,18,active,2026-08-18T10:00:00+05:30
far_5f548d5b,flt_ea623f19,business,flex,22281.72,3565.08,INR,30,7,1,2673.81,1,14,active,2026-08-18T10:00:00+05:30
far_20dce0cc,flt_5382a1a0,economy,saver,229.94,36.79,SGD,15,7,0,,0,110,active,2026-08-18T10:00:00+05:30
far_93349fe2,flt_5382a1a0,economy,flex,318.78,51.00,SGD,15,7,1,,1,59,active,2026-08-18T10:00:00+05:30
far_42abc0fa,flt_5382a1a0,business,flex,988.21,158.11,SGD,30,7,1,118.59,1,30,active,2026-08-18T10:00:00+05:30
far_5d1840e8,flt_5382a1a0,business,corporate,891.01,142.56,SGD,30,7,1,,0,14,active,2026-08-18T10:00:00+05:30
far_de8bf3c8,flt_e75897ea,economy,saver,13665.53,2186.48,INR,15,7,0,,0,87,active,2026-08-18T10:00:00+05:30
far_ede607ea,flt_e75897ea,economy,promo,12112.62,1938.02,INR,15,7,0,,0,145,active,2026-08-18T10:00:00+05:30
far_80777cf9,flt_e75897ea,business,flex,58730.70,9396.91,INR,30,7,1,,1,11,active,2026-08-18T10:00:00+05:30
far_65e087b2,flt_e75897ea,business,corporate,52953.91,8472.63,INR,30,7,1,6354.47,0,5,active,2026-08-18T10:00:00+05:30
far_db660abb,flt_10228d94,economy,corporate,360.72,57.72,MYR,15,7,1,43.29,0,125,active,2026-08-18T10:00:00+05:30
far_ced3a92e,flt_10228d94,economy,promo,255.78,40.93,MYR,15,7,0,30.69,0,53,active,2026-08-18T10:00:00+05:30
far_3ff34b83,flt_10228d94,business,flex,1240.23,198.44,MYR,30,7,1,148.83,1,6,active,2026-08-18T10:00:00+05:30
far_9fdc0914,flt_10228d94,business,promo,792.93,126.87,MYR,30,7,0,,0,7,active,2026-08-18T10:00:00+05:30
far_66414f3d,flt_cf18dc2a,economy,flex,11076.44,1772.23,INR,15,7,1,1329.17,1,75,active,2026-08-18T10:00:00+05:30
far_50abee96,flt_cf18dc2a,economy,saver,7989.56,1278.33,INR,15,7,0,958.75,0,84,active,2026-08-18T10:00:00+05:30
far_0fa62221,flt_cf18dc2a,business,standard,28145.06,4503.21,INR,30,7,0,3377.41,0,18,active,2026-08-18T10:00:00+05:30
far_6b5d01bd,flt_cf18dc2a,business,corporate,30959.56,4953.53,INR,30,7,1,,0,22,active,2026-08-18T10:00:00+05:30
far_f912b06d,flt_218ba8b3,economy,promo,3076.27,492.20,INR,15,7,0,,0,32,active,2026-08-18T10:00:00+05:30
far_3495daca,flt_218ba8b3,economy,corporate,4338.33,694.13,INR,15,7,1,520.60,0,96,active,2026-08-18T10:00:00+05:30
far_200963ce,flt_218ba8b3,business,saver,10759.07,1721.45,INR,30,7,0,1291.09,0,25,active,2026-08-18T10:00:00+05:30
far_9b862cbe,flt_218ba8b3,business,corporate,13448.83,2151.81,INR,30,7,1,1613.86,0,39,active,2026-08-18T10:00:00+05:30
far_5e86202e,flt_f668e4bd,economy,promo,4310.88,689.74,THB,15,7,0,517.31,0,107,active,2026-08-18T10:00:00+05:30
far_09513cc6,flt_f668e4bd,economy,standard,5526.77,884.28,THB,15,7,0,663.21,0,164,active,2026-08-18T10:00:00+05:30
far_bdafcd52,flt_f668e4bd,business,corporate,18846.27,3015.40,THB,30,7,1,,0,38,active,2026-08-18T10:00:00+05:30
far_775bb51f,flt_f668e4bd,business,flex,20902.23,3344.36,THB,30,7,1,2508.27,1,5,active,2026-08-18T10:00:00+05:30
far_fd380db7,flt_712918ed,economy,standard,4068494.27,650959.08,IDR,15,7,0,488219.31,0,127,active,2026-08-18T10:00:00+05:30
far_d20b259b,flt_712918ed,economy,corporate,4475343.70,716054.99,IDR,15,7,1,,0,152,active,2026-08-18T10:00:00+05:30
far_18ec8367,flt_712918ed,business,flex,15387045.34,2461927.25,IDR,30,7,1,,1,23,active,2026-08-18T10:00:00+05:30
far_54dc78f4,flt_712918ed,business,promo,9837619.15,1574019.06,IDR,30,7,0,1180514.30,0,28,active,2026-08-18T10:00:00+05:30
far_c376dc0b,flt_e8e8a2f8,economy,flex,6137.39,981.98,INR,15,7,1,736.49,1,135,active,2026-08-18T10:00:00+05:30
far_999784fd,flt_553e711e,economy,standard,431.92,69.11,AED,15,7,0,,0,122,active,2026-08-18T10:00:00+05:30
far_42caa5f0,flt_553e711e,economy,saver,380.09,60.81,AED,15,7,0,45.61,0,153,active,2026-08-18T10:00:00+05:30
far_f8efa1dd,flt_553e711e,business,promo,1044.37,167.10,AED,30,7,0,125.32,0,19,active,2026-08-18T10:00:00+05:30
far_8b077b67,flt_553e711e,business,standard,1338.94,214.23,AED,30,7,0,160.67,0,11,active,2026-08-18T10:00:00+05:30
far_9386031f,flt_97764c50,economy,promo,7027.61,1124.42,INR,15,7,0,843.31,0,88,active,2026-08-18T10:00:00+05:30
far_50a5b1b7,flt_97764c50,economy,flex,10991.91,1758.71,INR,15,7,1,1319.03,1,134,active,2026-08-18T10:00:00+05:30
far_a4e04fa0,flt_97764c50,business,flex,34074.92,5451.99,INR,30,7,1,,1,37,active,2026-08-18T10:00:00+05:30
far_d8fdffb4,flt_97764c50,business,saver,24578.63,3932.58,INR,30,7,0,2949.44,0,6,active,2026-08-18T10:00:00+05:30
far_0e651ffd,flt_818c6ff7,economy,promo,3715.76,594.52,THB,15,7,0,445.89,0,31,active,2026-08-18T10:00:00+05:30
far_a891fff5,flt_818c6ff7,economy,corporate,5240.18,838.43,THB,15,7,1,628.82,0,53,active,2026-08-18T10:00:00+05:30
far_a72778c9,flt_818c6ff7,business,flex,18016.68,2882.67,THB,30,7,1,2162.00,1,13,active,2026-08-18T10:00:00+05:30
far_a703abda,flt_818c6ff7,business,corporate,16244.55,2599.13,THB,30,7,1,1949.35,0,36,active,2026-08-18T10:00:00+05:30
far_6cc2505a,flt_c48d5376,economy,flex,1531.32,245.01,MYR,15,7,1,,1,166,active,2026-08-18T10:00:00+05:30
far_9952c9d9,flt_c48d5376,economy,promo,979.04,156.65,MYR,15,7,0,117.48,0,154,active,2026-08-18T10:00:00+05:30
far_9119cf47,flt_c48d5376,business,corporate,4280.15,684.82,MYR,30,7,1,513.62,0,34,active,2026-08-18T10:00:00+05:30
far_0891e9f1,flt_c48d5376,business,promo,3035.02,485.60,MYR,30,7,0,364.20,0,34,active,2026-08-18T10:00:00+05:30
far_9ecc0e13,flt_c8fd28a5,economy,flex,3784.00,605.44,INR,15,7,1,,1,119,active,2026-08-18T10:00:00+05:30
far_2d49cf66,flt_c8fd28a5,economy,standard,3101.64,496.26,INR,15,7,0,,0,57,active,2026-08-18T10:00:00+05:30
far_8fc673d2,flt_c8fd28a5,business,flex,11730.41,1876.87,INR,30,7,1,,1,25,active,2026-08-18T10:00:00+05:30
far_028e93cc,flt_c8fd28a5,business,corporate,10576.60,1692.26,INR,30,7,1,,0,27,active,2026-08-18T10:00:00+05:30
far_f36a116e,flt_b7f08a2d,economy,saver,2395.89,383.34,INR,15,7,0,,0,24,active,2026-08-18T10:00:00+05:30
far_8e94f7b8,flt_b7f08a2d,economy,corporate,2994.86,479.18,INR,15,7,1,359.38,0,91,active,2026-08-18T10:00:00+05:30
far_2aa4eeb7,flt_b7f08a2d,business,saver,7427.26,1188.36,INR,30,7,0,891.27,0,5,active,2026-08-18T10:00:00+05:30
far_12acfbec,flt_b7f08a2d,business,corporate,9284.07,1485.45,INR,30,7,1,,0,20,active,2026-08-18T10:00:00+05:30
far_7913db84,flt_dd296b86,economy,corporate,4047.46,647.59,THB,15,7,1,485.69,0,59,active,2026-08-18T10:00:00+05:30
far_453f27f8,flt_dd296b86,economy,standard,3679.51,588.72,THB,15,7,0,,0,88,active,2026-08-18T10:00:00+05:30
far_77607bf3,flt_dd296b86,business,promo,8897.04,1423.53,THB,30,7,0,,0,39,active,2026-08-18T10:00:00+05:30
far_4ec66a5e,flt_dd296b86,business,standard,11406.47,1825.03,THB,30,7,0,,0,6,active,2026-08-18T10:00:00+05:30
far_d5c5d23a,flt_1355eba1,economy,promo,6654.58,1064.73,INR,15,7,0,,0,59,active,2026-08-18T10:00:00+05:30
far_5a7c0e2b,flt_1355eba1,economy,saver,7507.73,1201.24,INR,15,7,0,,0,44,active,2026-08-18T10:00:00+05:30
far_845b1a5f,flt_1355eba1,business,promo,20629.20,3300.67,INR,30,7,0,,0,28,active,2026-08-18T10:00:00+05:30
far_69176981,flt_1355eba1,business,flex,32266.19,5162.59,INR,30,7,1,3871.94,1,23,active,2026-08-18T10:00:00+05:30
far_ab1dc42a,flt_55fb1de6,economy,saver,12785.75,2045.72,INR,15,7,0,1534.29,0,71,active,2026-08-18T10:00:00+05:30
far_8361ea44,flt_55fb1de6,economy,standard,14529.26,2324.68,INR,15,7,0,,0,36,active,2026-08-18T10:00:00+05:30
far_e1341f9f,flt_55fb1de6,business,standard,45040.71,7206.51,INR,30,7,0,,0,23,active,2026-08-18T10:00:00+05:30
far_16abe639,flt_55fb1de6,business,flex,54949.67,8791.95,INR,30,7,1,,1,19,active,2026-08-18T10:00:00+05:30
far_11ddd459,flt_9501273b,economy,corporate,10503.60,1680.58,INR,15,7,1,,0,103,active,2026-08-18T10:00:00+05:30
far_586267d5,flt_9501273b,economy,flex,11649.45,1863.91,INR,15,7,1,,1,101,active,2026-08-18T10:00:00+05:30
far_1ff3011d,flt_9501273b,business,corporate,32561.16,5209.79,INR,30,7,1,3907.34,0,35,active,2026-08-18T10:00:00+05:30
far_2e3206db,flt_9501273b,business,promo,23088.82,3694.21,INR,30,7,0,,0,8,active,2026-08-18T10:00:00+05:30
far_0d6e55b5,flt_55ecdace,economy,saver,6331.24,1013.00,INR,15,7,0,,0,131,active,2026-08-18T10:00:00+05:30
far_266ec721,flt_55ecdace,economy,corporate,7914.04,1266.25,INR,15,7,1,,0,72,active,2026-08-18T10:00:00+05:30
far_ea49b331,flt_55ecdace,business,saver,19626.83,3140.29,INR,30,7,0,2355.22,0,18,active,2026-08-18T10:00:00+05:30
far_41611cf7,flt_55ecdace,business,promo,17396.51,2783.44,INR,30,7,0,,0,10,active,2026-08-18T10:00:00+05:30
far_68d7a288,flt_0486ea67,economy,standard,6070.41,971.26,INR,15,7,0,728.45,0,58,active,2026-08-18T10:00:00+05:30
far_8e257a61,flt_0486ea67,economy,saver,5341.96,854.71,INR,15,7,0,641.03,0,77,active,2026-08-18T10:00:00+05:30
far_feb1c620,flt_0486ea67,business,corporate,20700.08,3312.01,INR,30,7,1,2484.01,0,10,active,2026-08-18T10:00:00+05:30
far_45cd9910,flt_0486ea67,business,promo,14678.24,2348.52,INR,30,7,0,,0,15,active,2026-08-18T10:00:00+05:30
far_3c3d61a1,flt_0a8690de,economy,promo,3513.69,562.19,INR,15,7,0,421.64,0,132,active,2026-08-18T10:00:00+05:30
far_3b0c426a,flt_0a8690de,economy,corporate,4955.20,792.83,INR,15,7,1,594.62,0,37,active,2026-08-18T10:00:00+05:30
far_2a14d0cd,flt_0a8690de,business,promo,10892.43,1742.79,INR,30,7,0,1307.09,0,6,active,2026-08-18T10:00:00+05:30
far_4973161a,flt_0a8690de,business,saver,12288.90,1966.22,INR,30,7,0,1474.67,0,13,active,2026-08-18T10:00:00+05:30
far_0994608d,flt_9cf7a383,economy,saver,223.95,35.83,SGD,15,7,0,,0,98,active,2026-08-18T10:00:00+05:30
far_baaad291,flt_9cf7a383,economy,standard,254.49,40.72,SGD,15,7,0,,0,124,active,2026-08-18T10:00:00+05:30
far_62a9ac10,flt_9cf7a383,business,corporate,867.82,138.85,SGD,30,7,1,,0,39,active,2026-08-18T10:00:00+05:30
far_b20c3c9e,flt_9cf7a383,business,promo,615.36,98.46,SGD,30,7,0,73.84,0,19,active,2026-08-18T10:00:00+05:30
far_93a21ff3,flt_305bac96,economy,flex,7978.34,1276.53,INR,15,7,1,957.40,1,58,active,2026-08-18T10:00:00+05:30
far_205142f5,flt_305bac96,economy,saver,5754.87,920.78,INR,15,7,0,690.58,0,36,active,2026-08-18T10:00:00+05:30
far_bac26d0d,flt_305bac96,business,standard,20272.84,3243.65,INR,30,7,0,2432.74,0,30,active,2026-08-18T10:00:00+05:30
far_fac1acca,flt_305bac96,business,corporate,22300.12,3568.02,INR,30,7,1,2676.01,0,19,active,2026-08-18T10:00:00+05:30
far_6b7000bf,flt_248e00e7,economy,saver,430.65,68.90,AED,15,7,0,51.68,0,26,active,2026-08-18T10:00:00+05:30
far_106ad239,flt_703a6ddc,economy,promo,1919353.71,307096.59,IDR,15,7,0,230322.45,0,117,active,2026-08-18T10:00:00+05:30
far_f42b04d9,flt_31d72e6a,economy,standard,15590.07,2494.41,INR,15,7,0,1870.81,0,126,active,2026-08-18T10:00:00+05:30
far_38cd3df6,flt_31d72e6a,economy,saver,13719.26,2195.08,INR,15,7,0,,0,85,active,2026-08-18T10:00:00+05:30
far_3858e6e8,flt_31d72e6a,business,standard,48329.21,7732.67,INR,30,7,0,,0,8,active,2026-08-18T10:00:00+05:30
far_82ad8b36,flt_31d72e6a,business,flex,58961.64,9433.86,INR,30,7,1,7075.40,1,32,active,2026-08-18T10:00:00+05:30
far_86b875f1,flt_04a58868,economy,saver,4765.56,762.49,INR,15,7,0,,0,71,active,2026-08-18T10:00:00+05:30
far_02d1585f,flt_d60af821,economy,standard,14098.21,2255.71,INR,15,7,0,,0,97,active,2026-08-18T10:00:00+05:30
far_6239373e,flt_d60af821,economy,saver,12406.42,1985.03,INR,15,7,0,1488.77,0,112,active,2026-08-18T10:00:00+05:30
far_9e542010,flt_d60af821,business,standard,43704.44,6992.71,INR,30,7,0,5244.53,0,6,active,2026-08-18T10:00:00+05:30
far_84112e33,flt_d60af821,business,flex,53319.41,8531.11,INR,30,7,1,6398.33,1,16,active,2026-08-18T10:00:00+05:30
far_f2499351,flt_793b27ad,economy,corporate,8995.88,1439.34,INR,15,7,1,1079.51,0,85,active,2026-08-18T10:00:00+05:30
far_f4bff8fb,flt_793b27ad,economy,flex,9977.25,1596.36,INR,15,7,1,,1,72,active,2026-08-18T10:00:00+05:30
far_7004539c,flt_793b27ad,business,saver,22309.78,3569.56,INR,30,7,0,2677.17,0,22,active,2026-08-18T10:00:00+05:30
far_7351fc96,flt_793b27ad,business,corporate,27887.22,4461.96,INR,30,7,1,3346.47,0,11,active,2026-08-18T10:00:00+05:30
far_372b4c33,flt_53213382,economy,flex,7382.80,1181.25,INR,15,7,1,,1,58,active,2026-08-18T10:00:00+05:30
far_a1a77664,flt_53213382,economy,corporate,6656.63,1065.06,INR,15,7,1,798.80,0,101,active,2026-08-18T10:00:00+05:30
far_2f3395e1,flt_53213382,business,flex,22886.69,3661.87,INR,30,7,1,,1,31,active,2026-08-18T10:00:00+05:30
far_13a1e32e,flt_53213382,business,corporate,20635.54,3301.69,INR,30,7,1,2476.26,0,16,active,2026-08-18T10:00:00+05:30
far_1315aac1,flt_ad6376bd,economy,flex,592.81,94.85,MYR,15,7,1,71.14,1,127,active,2026-08-18T10:00:00+05:30
far_13c03cae,flt_ad6376bd,economy,corporate,534.50,85.52,MYR,15,7,1,,0,168,active,2026-08-18T10:00:00+05:30
far_9ffd42cd,flt_ad6376bd,business,promo,1174.93,187.99,MYR,30,7,0,140.99,0,27,active,2026-08-18T10:00:00+05:30
far_10b3819c,flt_ad6376bd,business,saver,1325.56,212.09,MYR,30,7,0,159.07,0,12,active,2026-08-18T10:00:00+05:30
far_4eeaa7bf,flt_c2b43c55,economy,flex,7961.52,1273.84,INR,15,7,1,955.38,1,117,active,2026-08-18T10:00:00+05:30
far_e1b4f2b6,flt_c2b43c55,economy,standard,6525.84,1044.13,INR,15,7,0,,0,168,active,2026-08-18T10:00:00+05:30
far_6226b226,flt_c2b43c55,business,saver,17802.49,2848.40,INR,30,7,0,,0,39,active,2026-08-18T10:00:00+05:30
far_28f1d09c,flt_c2b43c55,business,flex,24680.72,3948.91,INR,30,7,1,2961.69,1,30,active,2026-08-18T10:00:00+05:30
far_4de22fd5,flt_5b49ef0a,economy,corporate,10777.74,1724.44,INR,15,7,1,1293.33,0,167,active,2026-08-18T10:00:00+05:30
far_aa356c47,flt_5b49ef0a,economy,flex,11953.49,1912.56,INR,15,7,1,1434.42,1,166,active,2026-08-18T10:00:00+05:30
far_c74ddca1,flt_5b49ef0a,business,corporate,33410.98,5345.76,INR,30,7,1,4009.32,0,31,active,2026-08-18T10:00:00+05:30
far_4914cd6a,flt_5b49ef0a,business,standard,30373.62,4859.78,INR,30,7,0,3644.83,0,36,active,2026-08-18T10:00:00+05:30
far_f99ffdda,flt_f01807dc,economy,standard,8982.83,1437.25,INR,15,7,0,1077.94,0,128,active,2026-08-18T10:00:00+05:30
far_a45b9209,flt_f01807dc,economy,corporate,9881.12,1580.98,INR,15,7,1,,0,71,active,2026-08-18T10:00:00+05:30
far_27038613,flt_f01807dc,business,flex,33973.08,5435.69,INR,30,7,1,,1,29,active,2026-08-18T10:00:00+05:30
far_a7adb45b,flt_f01807dc,business,corporate,30631.47,4901.03,INR,30,7,1,,0,4,active,2026-08-18T10:00:00+05:30
far_a166a219,flt_86af99b4,economy,corporate,4607.53,737.20,THB,15,7,1,552.90,0,147,active,2026-08-18T10:00:00+05:30
far_66e0a600,flt_20e11079,economy,promo,8359.14,1337.46,INR,15,7,0,,0,44,active,2026-08-18T10:00:00+05:30
far_9d70c280,flt_20e11079,economy,corporate,11788.53,1886.16,INR,15,7,1,1414.62,0,136,active,2026-08-18T10:00:00+05:30
far_ef2eefa9,flt_20e11079,business,saver,29235.55,4677.69,INR,30,7,0,3508.27,0,35,active,2026-08-18T10:00:00+05:30
far_074d2cb9,flt_20e11079,business,standard,33222.22,5315.55,INR,30,7,0,3986.67,0,8,active,2026-08-18T10:00:00+05:30
far_7f4d646f,flt_5e8a71ca,economy,saver,4363.03,698.08,INR,15,7,0,,0,98,active,2026-08-18T10:00:00+05:30
far_933662f8,flt_64c528e0,economy,saver,505.02,80.80,AED,15,7,0,,0,83,active,2026-08-18T10:00:00+05:30
far_303e61cf,flt_64c528e0,economy,flex,700.14,112.02,AED,15,7,1,84.02,1,162,active,2026-08-18T10:00:00+05:30
far_1d21041e,flt_64c528e0,business,standard,1779.03,284.65,AED,30,7,0,213.48,0,16,active,2026-08-18T10:00:00+05:30
far_ffcbbdd7,flt_64c528e0,business,saver,1565.55,250.49,AED,30,7,0,,0,20,active,2026-08-18T10:00:00+05:30
far_733e0738,flt_4485c567,economy,promo,363.61,58.18,AED,15,7,0,43.63,0,124,active,2026-08-18T10:00:00+05:30
far_89af2be7,flt_4485c567,economy,saver,410.23,65.64,AED,15,7,0,49.23,0,141,active,2026-08-18T10:00:00+05:30
far_6e8d9734,flt_4485c567,business,corporate,1589.64,254.34,AED,30,7,1,190.76,0,10,active,2026-08-18T10:00:00+05:30
far_80ee0a5e,flt_4485c567,business,saver,1271.71,203.47,AED,30,7,0,152.61,0,14,active,2026-08-18T10:00:00+05:30
far_e8ee8892,flt_75239ada,economy,saver,3679.17,588.67,INR,15,7,0,441.50,0,137,active,2026-08-18T10:00:00+05:30
far_a40a9f13,flt_75239ada,economy,standard,4180.88,668.94,INR,15,7,0,501.71,0,168,active,2026-08-18T10:00:00+05:30
far_3683ef29,flt_75239ada,business,saver,11405.43,1824.87,INR,30,7,0,1368.65,0,25,active,2026-08-18T10:00:00+05:30
far_c33f00b3,flt_75239ada,business,corporate,14256.79,2281.09,INR,30,7,1,1710.81,0,24,active,2026-08-18T10:00:00+05:30
far_c4d9f38f,flt_2e3e6da0,economy,standard,167.83,26.85,SGD,15,7,0,20.14,0,54,active,2026-08-18T10:00:00+05:30
far_a45c5096,flt_884a7e36,economy,flex,5336363.51,853818.16,IDR,15,7,1,640363.62,1,54,active,2026-08-18T10:00:00+05:30
far_f6767865,flt_884a7e36,economy,corporate,4811475.30,769836.05,IDR,15,7,1,577377.04,0,127,active,2026-08-18T10:00:00+05:30
far_4cf60651,flt_884a7e36,business,corporate,14915573.43,2386491.75,IDR,30,7,1,1789868.81,0,4,active,2026-08-18T10:00:00+05:30
far_afed51ed,flt_884a7e36,business,saver,11932458.74,1909193.40,IDR,30,7,0,1431895.05,0,25,active,2026-08-18T10:00:00+05:30
far_922ee3a2,flt_4b178571,economy,corporate,5682.41,909.19,THB,15,7,1,,0,70,active,2026-08-18T10:00:00+05:30
far_03eafff6,flt_4b178571,economy,standard,5165.83,826.53,THB,15,7,0,619.90,0,124,active,2026-08-18T10:00:00+05:30
far_82331ff2,flt_4b178571,business,standard,16014.07,2562.25,THB,30,7,0,1921.69,0,23,active,2026-08-18T10:00:00+05:30
far_4cc66d8d,flt_4b178571,business,saver,14092.38,2254.78,THB,30,7,0,,0,4,active,2026-08-18T10:00:00+05:30
far_49106efe,flt_73011d61,economy,saver,4619.21,739.07,THB,15,7,0,,0,104,active,2026-08-18T10:00:00+05:30
far_503bae6b,flt_73011d61,economy,promo,4094.30,655.09,THB,15,7,0,491.32,0,150,active,2026-08-18T10:00:00+05:30
far_10627c2d,flt_73011d61,business,corporate,17899.46,2863.91,THB,30,7,1,2147.93,0,22,active,2026-08-18T10:00:00+05:30
far_9a640c17,flt_73011d61,business,saver,14319.57,2291.13,THB,30,7,0,1718.35,0,35,active,2026-08-18T10:00:00+05:30
far_6b3dd0aa,flt_3b3ab696,economy,saver,4537314.43,725970.31,IDR,15,7,0,544477.73,0,84,active,2026-08-18T10:00:00+05:30
far_d61ea03e,flt_3b3ab696,economy,standard,5156039.12,824966.26,IDR,15,7,0,618724.69,0,31,active,2026-08-18T10:00:00+05:30
far_156a0444,flt_3b3ab696,business,flex,19500139.97,3120022.39,IDR,30,7,1,2340016.80,1,36,active,2026-08-18T10:00:00+05:30
far_c40a1e58,flt_3b3ab696,business,promo,12467302.60,1994768.42,IDR,30,7,0,1496076.31,0,23,active,2026-08-18T10:00:00+05:30
far_318246da,flt_2e62513a,economy,corporate,1602.03,256.32,INR,15,7,1,192.24,0,101,active,2026-08-18T10:00:00+05:30
far_14303430,flt_2e62513a,economy,promo,1135.98,181.76,INR,15,7,0,136.32,0,33,active,2026-08-18T10:00:00+05:30
far_9e6e8da6,flt_2e62513a,business,standard,4514.80,722.37,INR,30,7,0,,0,28,active,2026-08-18T10:00:00+05:30
far_241579fc,flt_2e62513a,business,corporate,4966.28,794.60,INR,30,7,1,,0,21,active,2026-08-18T10:00:00+05:30
far_d48fc948,flt_9ec714aa,economy,flex,1750.15,280.02,INR,15,7,1,210.02,1,166,active,2026-08-18T10:00:00+05:30
far_1a7ef710,flt_9ec714aa,economy,corporate,1578.01,252.48,INR,15,7,1,,0,59,active,2026-08-18T10:00:00+05:30
far_a5565542,flt_9ec714aa,business,flex,5425.47,868.08,INR,30,7,1,,1,27,active,2026-08-18T10:00:00+05:30
far_e725b2da,flt_9ec714aa,business,corporate,4891.82,782.69,INR,30,7,1,587.02,0,32,active,2026-08-18T10:00:00+05:30
far_3eb58ee9,flt_7c91eb7b,economy,standard,5520.90,883.34,INR,15,7,0,,0,49,active,2026-08-18T10:00:00+05:30
far_2781fbb5,flt_7c91eb7b,economy,promo,4306.30,689.01,INR,15,7,0,,0,99,active,2026-08-18T10:00:00+05:30
far_bff8b0fa,flt_7c91eb7b,business,saver,15061.02,2409.76,INR,30,7,0,1807.32,0,20,active,2026-08-18T10:00:00+05:30
far_69088a10,flt_7c91eb7b,business,standard,17114.80,2738.37,INR,30,7,0,2053.78,0,15,active,2026-08-18T10:00:00+05:30
far_e717902f,flt_dad84add,economy,standard,541.22,86.60,AED,15,7,0,64.95,0,110,active,2026-08-18T10:00:00+05:30
far_eb48e787,flt_dad84add,economy,promo,422.15,67.54,AED,15,7,0,,0,94,active,2026-08-18T10:00:00+05:30
far_8bdc8b06,flt_dad84add,business,saver,1476.45,236.23,AED,30,7,0,177.17,0,17,active,2026-08-18T10:00:00+05:30
far_29a92780,flt_dad84add,business,standard,1677.79,268.45,AED,30,7,0,,0,28,active,2026-08-18T10:00:00+05:30
far_077a0b8e,flt_ea5aec86,economy,promo,2420.62,387.30,THB,15,7,0,,0,149,active,2026-08-18T10:00:00+05:30
far_c39f10b4,flt_159ba3a7,economy,promo,7434.93,1189.59,INR,15,7,0,,0,157,active,2026-08-18T10:00:00+05:30
far_3f870cfb,flt_159ba3a7,economy,standard,9531.96,1525.11,INR,15,7,0,,0,76,active,2026-08-18T10:00:00+05:30
far_197bc696,flt_159ba3a7,business,promo,23048.27,3687.72,INR,30,7,0,,0,4,active,2026-08-18T10:00:00+05:30
far_7ec483d3,flt_159ba3a7,business,saver,26003.18,4160.51,INR,30,7,0,3120.38,0,4,active,2026-08-18T10:00:00+05:30
far_f734c3f0,flt_96476c31,economy,standard,619.42,99.11,MYR,15,7,0,,0,78,active,2026-08-18T10:00:00+05:30
far_48f635b4,flt_96476c31,economy,promo,483.15,77.30,MYR,15,7,0,57.98,0,20,active,2026-08-18T10:00:00+05:30
far_6c23f9f4,flt_96476c31,business,promo,1497.75,239.64,MYR,30,7,0,,0,27,active,2026-08-18T10:00:00+05:30
far_45e9601b,flt_96476c31,business,saver,1689.77,270.36,MYR,30,7,0,,0,19,active,2026-08-18T10:00:00+05:30
far_85408809,flt_39945a6d,economy,corporate,3793.20,606.91,INR,15,7,1,455.18,0,34,active,2026-08-18T10:00:00+05:30
far_044679c4,flt_39945a6d,economy,standard,3448.36,551.74,INR,15,7,0,413.80,0,114,active,2026-08-18T10:00:00+05:30
far_aecb3632,flt_39945a6d,business,corporate,11758.91,1881.43,INR,30,7,1,1411.07,0,12,active,2026-08-18T10:00:00+05:30
far_1f9ca222,flt_39945a6d,business,flex,13041.70,2086.67,INR,30,7,1,,1,6,active,2026-08-18T10:00:00+05:30
far_1285d235,flt_6bc31241,economy,corporate,11450.70,1832.11,INR,15,7,1,1374.08,0,29,active,2026-08-18T10:00:00+05:30
far_03453402,flt_6bc31241,economy,standard,10409.72,1665.56,INR,15,7,0,1249.17,0,89,active,2026-08-18T10:00:00+05:30
far_162f3099,flt_6bc31241,business,flex,39369.57,6299.13,INR,30,7,1,4724.35,1,21,active,2026-08-18T10:00:00+05:30
far_2ed636ea,flt_6bc31241,business,standard,32270.14,5163.22,INR,30,7,0,3872.42,0,35,active,2026-08-18T10:00:00+05:30
far_a9fd4300,flt_0edc62de,economy,promo,10779.97,1724.80,INR,15,7,0,,0,112,active,2026-08-18T10:00:00+05:30
far_4d5c520d,flt_0edc62de,economy,standard,13820.47,2211.28,INR,15,7,0,1658.46,0,141,active,2026-08-18T10:00:00+05:30
far_13102fb9,flt_0edc62de,business,saver,37702.26,6032.36,INR,30,7,0,,0,20,active,2026-08-18T10:00:00+05:30
far_cdb513b4,flt_0edc62de,business,promo,33417.91,5346.87,INR,30,7,0,4010.15,0,11,active,2026-08-18T10:00:00+05:30
far_000f632c,flt_4f1634e4,economy,flex,3688.87,590.22,INR,15,7,1,442.66,1,43,active,2026-08-18T10:00:00+05:30
far_b02e9841,flt_4f1634e4,economy,promo,2358.46,377.35,INR,15,7,0,,0,48,active,2026-08-18T10:00:00+05:30
far_49f3f6f8,flt_4f1634e4,business,flex,11435.50,1829.68,INR,30,7,1,1372.26,1,4,active,2026-08-18T10:00:00+05:30
far_d99d5a4e,flt_4f1634e4,business,saver,8248.56,1319.77,INR,30,7,0,989.83,0,35,active,2026-08-18T10:00:00+05:30
far_c3f45e73,flt_d8270fdb,economy,standard,4383.36,701.34,THB,15,7,0,,0,120,active,2026-08-18T10:00:00+05:30
far_12f4894f,flt_d8270fdb,economy,flex,5347.70,855.63,THB,15,7,1,,1,36,active,2026-08-18T10:00:00+05:30
far_a20a33a2,flt_d8270fdb,business,flex,16577.86,2652.46,THB,30,7,1,,1,18,active,2026-08-18T10:00:00+05:30
far_300f75be,flt_d8270fdb,business,saver,11957.80,1913.25,THB,30,7,0,1434.94,0,17,active,2026-08-18T10:00:00+05:30
far_7b382a61,flt_6a7ee607,economy,flex,6639.71,1062.35,INR,15,7,1,,1,89,active,2026-08-18T10:00:00+05:30
far_a17fb763,flt_6a7ee607,economy,promo,4245.06,679.21,INR,15,7,0,,0,56,active,2026-08-18T10:00:00+05:30
far_4b647ed2,flt_6a7ee607,business,flex,20583.10,3293.30,INR,30,7,1,,1,17,active,2026-08-18T10:00:00+05:30
far_2c174658,flt_6a7ee607,business,standard,16871.39,2699.42,INR,30,7,0,2024.57,0,11,active,2026-08-18T10:00:00+05:30
far_794612e5,flt_e1460bed,economy,standard,8185.93,1309.75,INR,15,7,0,982.31,0,155,active,2026-08-18T10:00:00+05:30
far_037b508e,flt_e1460bed,economy,promo,6385.02,1021.60,INR,15,7,0,766.20,0,37,active,2026-08-18T10:00:00+05:30
far_b5b16f1d,flt_e1460bed,business,saver,22331.21,3572.99,INR,30,7,0,2679.75,0,21,active,2026-08-18T10:00:00+05:30
far_d504cf97,flt_e1460bed,business,flex,30959.18,4953.47,INR,30,7,1,3715.10,1,7,active,2026-08-18T10:00:00+05:30
far_eb08f687,flt_06ad303d,economy,saver,388.84,62.21,AED,15,7,0,46.66,0,36,active,2026-08-18T10:00:00+05:30
far_8e27d2b5,flt_06ad303d,economy,promo,344.66,55.15,AED,15,7,0,41.36,0,78,active,2026-08-18T10:00:00+05:30
far_5db4de93,flt_06ad303d,business,corporate,1506.77,241.08,AED,30,7,1,180.81,0,14,active,2026-08-18T10:00:00+05:30
far_545ea005,flt_06ad303d,business,flex,1671.14,267.38,AED,30,7,1,200.54,1,7,active,2026-08-18T10:00:00+05:30
far_2e0b512a,flt_19d570c2,economy,flex,1832.32,293.17,INR,15,7,1,219.88,1,36,active,2026-08-18T10:00:00+05:30
far_d56db20d,flt_19d570c2,economy,saver,1321.68,211.47,INR,15,7,0,158.60,0,71,active,2026-08-18T10:00:00+05:30
far_0dd01fca,flt_19d570c2,business,corporate,5121.49,819.44,INR,30,7,1,614.58,0,7,active,2026-08-18T10:00:00+05:30
far_09a39674,flt_19d570c2,business,standard,4655.90,744.94,INR,30,7,0,,0,6,active,2026-08-18T10:00:00+05:30
far_618f6232,flt_8627c602,economy,flex,8968.33,1434.93,INR,15,7,1,,1,161,active,2026-08-18T10:00:00+05:30
far_ea7f28b6,flt_8627c602,economy,promo,5733.85,917.42,INR,15,7,0,688.06,0,34,active,2026-08-18T10:00:00+05:30
far_24894696,flt_8627c602,business,saver,20053.77,3208.60,INR,30,7,0,,0,9,active,2026-08-18T10:00:00+05:30
far_476232a0,flt_8627c602,business,standard,22788.38,3646.14,INR,30,7,0,,0,28,active,2026-08-18T10:00:00+05:30
far_14069892,flt_212ca68a,economy,standard,4681045.72,748967.32,IDR,15,7,0,561725.49,0,94,active,2026-08-18T10:00:00+05:30
far_9622c20d,flt_212ca68a,economy,promo,3651215.66,584194.51,IDR,15,7,0,,0,135,active,2026-08-18T10:00:00+05:30
far_7f7ae27b,flt_212ca68a,business,corporate,15962365.91,2553978.55,IDR,30,7,1,1915483.91,0,5,active,2026-08-18T10:00:00+05:30
far_14aefb77,flt_212ca68a,business,standard,14511241.73,2321798.68,IDR,30,7,0,1741349.01,0,7,active,2026-08-18T10:00:00+05:30
far_7d128037,flt_db84ec1b,economy,flex,742.74,118.84,AED,15,7,1,,1,59,active,2026-08-18T10:00:00+05:30
far_a98d7e01,flt_db84ec1b,economy,saver,535.75,85.72,AED,15,7,0,64.29,0,150,active,2026-08-18T10:00:00+05:30
far_c8ab20ad,flt_db84ec1b,business,corporate,2076.02,332.16,AED,30,7,1,249.12,0,13,active,2026-08-18T10:00:00+05:30
far_cb95efa7,flt_db84ec1b,business,promo,1472.09,235.53,AED,30,7,0,176.65,0,30,active,2026-08-18T10:00:00+05:30
far_30679112,flt_0c6ef7d6,economy,standard,6014.89,962.38,INR,15,7,0,,0,168,active,2026-08-18T10:00:00+05:30
far_6b28b071,flt_0c6ef7d6,economy,saver,5293.11,846.90,INR,15,7,0,635.17,0,43,active,2026-08-18T10:00:00+05:30
far_bf38384c,flt_0c6ef7d6,business,promo,14544.02,2327.04,INR,30,7,0,1745.28,0,10,active,2026-08-18T10:00:00+05:30
far_85e0b987,flt_0c6ef7d6,business,corporate,20510.79,3281.73,INR,30,7,1,2461.30,0,29,active,2026-08-18T10:00:00+05:30
far_1be9192f,flt_46fdd398,economy,flex,17935.45,2869.67,INR,15,7,1,,1,134,active,2026-08-18T10:00:00+05:30
far_1a2bbb32,flt_46fdd398,economy,standard,14701.19,2352.19,INR,15,7,0,,0,64,active,2026-08-18T10:00:00+05:30
far_31b2a275,flt_46fdd398,business,standard,45573.69,7291.79,INR,30,7,0,5468.84,0,13,active,2026-08-18T10:00:00+05:30
far_7a7a093e,flt_46fdd398,business,corporate,50131.06,8020.97,INR,30,7,1,,0,20,active,2026-08-18T10:00:00+05:30
far_d558fa0b,flt_e44418c6,economy,corporate,4956.14,792.98,INR,15,7,1,,0,149,active,2026-08-18T10:00:00+05:30
far_7b8f39f1,flt_e44418c6,economy,flex,5496.81,879.49,INR,15,7,1,,1,153,active,2026-08-18T10:00:00+05:30
far_9e7104fd,flt_e44418c6,business,saver,12291.22,1966.59,INR,30,7,0,1474.95,0,10,active,2026-08-18T10:00:00+05:30
far_6634105a,flt_e44418c6,business,standard,13967.29,2234.77,INR,30,7,0,1676.08,0,12,active,2026-08-18T10:00:00+05:30
far_d5bafc98,flt_db202cab,economy,standard,8514.65,1362.34,INR,15,7,0,1021.76,0,66,active,2026-08-18T10:00:00+05:30
far_c914b7c5,flt_db202cab,economy,flex,10387.87,1662.06,INR,15,7,1,1246.54,1,66,active,2026-08-18T10:00:00+05:30
far_c4deb3df,flt_db202cab,business,promo,20588.41,3294.15,INR,30,7,0,,0,26,active,2026-08-18T10:00:00+05:30
far_e3a2e4d7,flt_db202cab,business,standard,26395.40,4223.26,INR,30,7,0,,0,16,active,2026-08-18T10:00:00+05:30
far_6b910c43,flt_ec8dab59,economy,corporate,17869.71,2859.15,INR,15,7,1,2144.37,0,21,active,2026-08-18T10:00:00+05:30
far_e8a244a5,flt_ec8dab59,economy,flex,19819.13,3171.06,INR,15,7,1,,1,114,active,2026-08-18T10:00:00+05:30
far_1ce5a7ce,flt_ec8dab59,business,saver,44316.88,7090.70,INR,30,7,0,,0,20,active,2026-08-18T10:00:00+05:30
far_ca4bd8c2,flt_ec8dab59,business,flex,61439.31,9830.29,INR,30,7,1,7372.72,1,18,active,2026-08-18T10:00:00+05:30
far_2eee43e0,flt_61c4117e,economy,corporate,30012.86,4802.06,INR,15,7,1,,0,29,active,2026-08-18T10:00:00+05:30
far_1b60db7d,flt_61c4117e,economy,saver,24010.29,3841.65,INR,15,7,0,2881.23,0,45,active,2026-08-18T10:00:00+05:30
far_7478a91f,flt_61c4117e,business,corporate,93039.86,14886.38,INR,30,7,1,,0,35,active,2026-08-18T10:00:00+05:30
far_0aaef68f,flt_61c4117e,business,flex,103189.66,16510.35,INR,30,7,1,,1,24,active,2026-08-18T10:00:00+05:30
far_fe652a3a,flt_1af942b3,economy,corporate,6339.54,1014.33,INR,15,7,1,760.74,0,166,active,2026-08-18T10:00:00+05:30
far_57d9ddeb,flt_1af942b3,economy,promo,4495.31,719.25,INR,15,7,0,,0,43,active,2026-08-18T10:00:00+05:30
far_152b1c25,flt_1af942b3,business,saver,15722.06,2515.53,INR,30,7,0,,0,9,active,2026-08-18T10:00:00+05:30
far_ce78068b,flt_1af942b3,business,standard,17865.98,2858.56,INR,30,7,0,,0,7,active,2026-08-18T10:00:00+05:30
far_0ff61807,flt_642f4308,economy,standard,12284.89,1965.58,INR,15,7,0,1474.19,0,139,active,2026-08-18T10:00:00+05:30
far_2faf0a2e,flt_642f4308,economy,corporate,13513.38,2162.14,INR,15,7,1,1621.61,0,81,active,2026-08-18T10:00:00+05:30
far_850fe127,flt_642f4308,business,flex,46461.45,7433.83,INR,30,7,1,5575.37,1,7,active,2026-08-18T10:00:00+05:30
far_5783b0ff,flt_642f4308,business,corporate,41891.47,6702.64,INR,30,7,1,5026.98,0,38,active,2026-08-18T10:00:00+05:30
far_76b890c4,flt_5f15d9e4,economy,promo,315.79,50.53,MYR,15,7,0,37.89,0,46,active,2026-08-18T10:00:00+05:30
far_d637c7e8,flt_995ef990,economy,flex,3802.17,608.35,INR,15,7,1,,1,88,active,2026-08-18T10:00:00+05:30
far_93ca47f7,flt_995ef990,economy,saver,2742.55,438.81,INR,15,7,0,,0,31,active,2026-08-18T10:00:00+05:30
far_b683cced,flt_995ef990,business,promo,7535.78,1205.72,INR,30,7,0,904.29,0,32,active,2026-08-18T10:00:00+05:30
far_68ffe379,flt_995ef990,business,standard,9661.26,1545.80,INR,30,7,0,,0,39,active,2026-08-18T10:00:00+05:30
far_bb899bce,flt_2830ee27,economy,standard,4937999.42,790079.91,IDR,15,7,0,592559.93,0,65,active,2026-08-18T10:00:00+05:30
far_053d3acf,flt_2830ee27,economy,saver,4345439.49,695270.32,IDR,15,7,0,,0,160,active,2026-08-18T10:00:00+05:30
far_1b315880,flt_2830ee27,business,saver,13470862.43,2155337.99,IDR,30,7,0,1616503.49,0,8,active,2026-08-18T10:00:00+05:30
far_47307d27,flt_2830ee27,business,corporate,16838578.03,2694172.49,IDR,30,7,1,2020629.36,0,11,active,2026-08-18T10:00:00+05:30
far_278500fe,flt_a662050c,economy,saver,5482.25,877.16,INR,15,7,0,657.87,0,160,active,2026-08-18T10:00:00+05:30
far_bf319a56,flt_a662050c,economy,standard,6229.83,996.77,INR,15,7,0,,0,107,active,2026-08-18T10:00:00+05:30
far_c1c5171e,flt_a662050c,business,corporate,21243.71,3398.99,INR,30,7,1,,0,5,active,2026-08-18T10:00:00+05:30
far_3378c088,flt_a662050c,business,saver,16994.97,2719.19,INR,30,7,0,2039.40,0,15,active,2026-08-18T10:00:00+05:30
far_f3f491f6,flt_f49eea42,economy,flex,589.53,94.32,AED,15,7,1,70.74,1,39,active,2026-08-18T10:00:00+05:30
far_3ee2cee8,flt_f49eea42,economy,saver,425.23,68.04,AED,15,7,0,,0,61,active,2026-08-18T10:00:00+05:30
far_c90ab133,flt_f49eea42,business,standard,1497.98,239.68,AED,30,7,0,,0,22,active,2026-08-18T10:00:00+05:30
far_58167ca2,flt_f49eea42,business,saver,1318.22,210.92,AED,30,7,0,158.19,0,23,active,2026-08-18T10:00:00+05:30
far_34aa5d88,flt_9bf9498d,economy,flex,7249.96,1159.99,INR,15,7,1,870.00,1,150,active,2026-08-18T10:00:00+05:30
far_1a904243,flt_50b43508,economy,flex,4140.66,662.51,INR,15,7,1,496.88,1,167,active,2026-08-18T10:00:00+05:30
far_be1a9c3c,flt_50b43508,economy,corporate,3733.38,597.34,INR,15,7,1,,0,95,active,2026-08-18T10:00:00+05:30
far_a656aa9e,flt_50b43508,business,saver,9258.78,1481.40,INR,30,7,0,,0,16,active,2026-08-18T10:00:00+05:30
far_4570bf27,flt_50b43508,business,promo,8206.65,1313.06,INR,30,7,0,,0,25,active,2026-08-18T10:00:00+05:30
far_5913938d,flt_b7bcdd28,economy,saver,8455.24,1352.84,INR,15,7,0,,0,28,active,2026-08-18T10:00:00+05:30
far_7db49ce0,flt_b7bcdd28,economy,corporate,10569.06,1691.05,INR,15,7,1,,0,89,active,2026-08-18T10:00:00+05:30
far_11e2839b,flt_b7bcdd28,business,flex,36338.33,5814.13,INR,30,7,1,4360.60,1,35,active,2026-08-18T10:00:00+05:30
far_a18451f5,flt_b7bcdd28,business,promo,23232.71,3717.23,INR,30,7,0,2787.92,0,13,active,2026-08-18T10:00:00+05:30
far_a9497079,flt_43ca16a9,economy,standard,1997.90,319.66,INR,15,7,0,239.75,0,151,active,2026-08-18T10:00:00+05:30
far_47eb6e49,flt_21370433,economy,flex,9461.85,1513.90,INR,15,7,1,1135.42,1,26,active,2026-08-18T10:00:00+05:30
far_20e40ac0,flt_21370433,economy,standard,7755.62,1240.90,INR,15,7,0,930.67,0,52,active,2026-08-18T10:00:00+05:30
far_5e40495d,flt_21370433,business,flex,29331.75,4693.08,INR,30,7,1,,1,5,active,2026-08-18T10:00:00+05:30
far_ec6b7b01,flt_21370433,business,saver,21157.32,3385.17,INR,30,7,0,2538.88,0,24,active,2026-08-18T10:00:00+05:30
far_e89a9737,flt_fd2d405e,economy,saver,5567.91,890.87,INR,15,7,0,,0,46,active,2026-08-18T10:00:00+05:30
far_509113fc,flt_fd2d405e,economy,standard,6327.17,1012.35,INR,15,7,0,,0,159,active,2026-08-18T10:00:00+05:30
far_34a2ad41,flt_fd2d405e,business,flex,23929.36,3828.70,INR,30,7,1,,1,7,active,2026-08-18T10:00:00+05:30
far_c80ae996,flt_fd2d405e,business,corporate,21575.65,3452.10,INR,30,7,1,2589.08,0,21,active,2026-08-18T10:00:00+05:30
far_db572dad,flt_d8a45c85,economy,flex,5380528.89,860884.62,IDR,15,7,1,,1,166,active,2026-08-18T10:00:00+05:30
far_f4902cc1,flt_d8a45c85,economy,standard,4410269.58,705643.13,IDR,15,7,0,,0,100,active,2026-08-18T10:00:00+05:30
far_64986bfe,flt_d8a45c85,business,corporate,15039019.28,2406243.08,IDR,30,7,1,1804682.31,0,36,active,2026-08-18T10:00:00+05:30
far_4ee4f0ff,flt_d8a45c85,business,promo,10664031.85,1706245.10,IDR,30,7,0,,0,38,active,2026-08-18T10:00:00+05:30
far_515c3db0,flt_73bfe97d,economy,saver,59.67,9.55,AED,15,7,0,7.16,0,125,active,2026-08-18T10:00:00+05:30
far_45ada950,flt_73bfe97d,economy,flex,82.72,13.24,AED,15,7,1,9.93,1,129,active,2026-08-18T10:00:00+05:30
far_b0a7b519,flt_73bfe97d,business,corporate,231.21,36.99,AED,30,7,1,27.75,0,4,active,2026-08-18T10:00:00+05:30
far_a2b0e167,flt_73bfe97d,business,standard,210.19,33.63,AED,30,7,0,25.22,0,32,active,2026-08-18T10:00:00+05:30
far_942a58bd,flt_1e3ea866,economy,flex,7357.24,1177.16,INR,15,7,1,882.87,1,51,active,2026-08-18T10:00:00+05:30
far_2a7877ca,flt_1e3ea866,economy,saver,5306.86,849.10,INR,15,7,0,636.82,0,134,active,2026-08-18T10:00:00+05:30
far_d8f7785f,flt_1e3ea866,business,saver,16451.27,2632.20,INR,30,7,0,,0,39,active,2026-08-18T10:00:00+05:30
far_f1e60a78,flt_1e3ea866,business,standard,18694.63,2991.14,INR,30,7,0,2243.36,0,20,active,2026-08-18T10:00:00+05:30
far_b43a04ce,flt_a136fafa,economy,saver,1305.38,208.86,INR,15,7,0,,0,138,active,2026-08-18T10:00:00+05:30
far_87574960,flt_a136fafa,economy,standard,1483.39,237.34,INR,15,7,0,,0,57,active,2026-08-18T10:00:00+05:30
far_1e309900,flt_a136fafa,business,promo,3586.84,573.89,INR,30,7,0,430.42,0,39,active,2026-08-18T10:00:00+05:30
far_6fd14a91,flt_a136fafa,business,saver,4046.69,647.47,INR,30,7,0,,0,19,active,2026-08-18T10:00:00+05:30
far_cc6fa0e2,flt_820c94f3,economy,corporate,17689.94,2830.39,INR,15,7,1,,0,90,active,2026-08-18T10:00:00+05:30
far_1b826230,flt_4974e835,economy,corporate,5584.27,893.48,INR,15,7,1,670.11,0,150,active,2026-08-18T10:00:00+05:30
far_3513d82d,flt_55df606b,economy,corporate,701.86,112.30,AED,15,7,1,84.22,0,28,active,2026-08-18T10:00:00+05:30
far_13d6a2cd,flt_55df606b,economy,standard,638.05,102.09,AED,15,7,0,,0,151,active,2026-08-18T10:00:00+05:30
far_ac4a6c9f,flt_55df606b,business,standard,1977.96,316.47,AED,30,7,0,237.36,0,8,active,2026-08-18T10:00:00+05:30
far_2ced73ce,flt_55df606b,business,flex,2413.11,386.10,AED,30,7,1,,1,7,active,2026-08-18T10:00:00+05:30
far_648a9c79,flt_78570c3e,economy,flex,3936470.02,629835.20,IDR,15,7,1,,1,82,active,2026-08-18T10:00:00+05:30
far_6da91645,flt_c2169583,economy,promo,3619.14,579.06,INR,15,7,0,434.30,0,52,active,2026-08-18T10:00:00+05:30
far_db7b4961,flt_c2169583,economy,corporate,5103.92,816.63,INR,15,7,1,612.47,0,61,active,2026-08-18T10:00:00+05:30
far_bd2d4eb4,flt_c2169583,business,saver,12657.71,2025.23,INR,30,7,0,,0,23,active,2026-08-18T10:00:00+05:30
far_6557117b,flt_c2169583,business,flex,17548.19,2807.71,INR,30,7,1,2105.78,1,10,active,2026-08-18T10:00:00+05:30
far_bd941f80,flt_1393b10e,economy,saver,3135.08,501.61,THB,15,7,0,,0,42,active,2026-08-18T10:00:00+05:30
far_3c49e45c,flt_1a8486f4,economy,saver,4423.97,707.84,INR,15,7,0,,0,95,active,2026-08-18T10:00:00+05:30
far_41728c47,flt_1a8486f4,economy,flex,6133.23,981.32,INR,15,7,1,735.99,1,114,active,2026-08-18T10:00:00+05:30
far_5aed34ae,flt_1a8486f4,business,promo,12155.86,1944.94,INR,30,7,0,1458.70,0,6,active,2026-08-18T10:00:00+05:30
far_6dbe464a,flt_1a8486f4,business,corporate,17142.88,2742.86,INR,30,7,1,,0,22,active,2026-08-18T10:00:00+05:30
far_4d5b654a,flt_f9920dfd,economy,flex,3339828.58,534372.57,IDR,15,7,1,,1,144,active,2026-08-18T10:00:00+05:30
far_1c1554bc,flt_38258a2e,economy,promo,9909.86,1585.58,INR,15,7,0,,0,69,active,2026-08-18T10:00:00+05:30
far_b06b90d7,flt_38258a2e,economy,saver,11180.35,1788.86,INR,15,7,0,,0,107,active,2026-08-18T10:00:00+05:30
far_92d4c3b1,flt_38258a2e,business,promo,30720.56,4915.29,INR,30,7,0,3686.47,0,18,active,2026-08-18T10:00:00+05:30
far_a514102d,flt_38258a2e,business,corporate,43323.86,6931.82,INR,30,7,1,,0,11,active,2026-08-18T10:00:00+05:30
far_ec285738,flt_4484f5e0,economy,flex,13414.74,2146.36,INR,15,7,1,,1,169,active,2026-08-18T10:00:00+05:30
far_16286423,flt_4484f5e0,economy,promo,8576.63,1372.26,INR,15,7,0,,0,90,active,2026-08-18T10:00:00+05:30
far_dd6bf428,flt_4484f5e0,business,saver,29996.23,4799.40,INR,30,7,0,3599.55,0,16,active,2026-08-18T10:00:00+05:30
far_7b658f8a,flt_4484f5e0,business,promo,26587.57,4254.01,INR,30,7,0,3190.51,0,23,active,2026-08-18T10:00:00+05:30
far_1da12019,flt_e0cd9a1c,economy,flex,4266846.93,682695.51,IDR,15,7,1,,1,145,active,2026-08-18T10:00:00+05:30
far_5cc770b9,flt_e0cd9a1c,economy,standard,3497415.52,559586.48,IDR,15,7,0,,0,165,active,2026-08-18T10:00:00+05:30
far_7c96e1f6,flt_e0cd9a1c,business,promo,8456750.73,1353080.12,IDR,30,7,0,1014810.09,0,39,active,2026-08-18T10:00:00+05:30
far_edb7b92e,flt_e0cd9a1c,business,flex,13227225.49,2116356.08,IDR,30,7,1,1587267.06,1,23,active,2026-08-18T10:00:00+05:30
far_1b8d5809,flt_c9a45b3e,economy,saver,12761.51,2041.84,INR,15,7,0,1531.38,0,135,active,2026-08-18T10:00:00+05:30
far_9f352d7f,flt_c9a45b3e,economy,promo,11311.33,1809.81,INR,15,7,0,1357.36,0,61,active,2026-08-18T10:00:00+05:30
far_ab07024b,flt_c9a45b3e,business,standard,44955.30,7192.85,INR,30,7,0,,0,19,active,2026-08-18T10:00:00+05:30
far_17d05cc7,flt_c9a45b3e,business,saver,39560.67,6329.71,INR,30,7,0,,0,30,active,2026-08-18T10:00:00+05:30
far_b1affc05,flt_484ca77f,economy,flex,3794.84,607.18,INR,15,7,1,455.38,1,167,active,2026-08-18T10:00:00+05:30
far_ad1f2d28,flt_484ca77f,economy,standard,3110.53,497.68,INR,15,7,0,,0,44,active,2026-08-18T10:00:00+05:30
far_760606d3,flt_484ca77f,business,promo,7521.26,1203.40,INR,30,7,0,902.55,0,20,active,2026-08-18T10:00:00+05:30
far_69d1fc54,flt_484ca77f,business,standard,9642.64,1542.82,INR,30,7,0,,0,32,active,2026-08-18T10:00:00+05:30
far_4c00f874,flt_9e961301,economy,saver,11803.22,1888.51,INR,15,7,0,1416.39,0,26,active,2026-08-18T10:00:00+05:30
far_130f9505,flt_9e961301,economy,promo,10461.94,1673.91,INR,15,7,0,,0,43,active,2026-08-18T10:00:00+05:30
far_079bacf3,flt_9e961301,business,promo,32432.02,5189.12,INR,30,7,0,,0,12,active,2026-08-18T10:00:00+05:30
far_b7490c14,flt_9e961301,business,corporate,45737.46,7317.99,INR,30,7,1,5488.50,0,31,active,2026-08-18T10:00:00+05:30
far_2b05fe2d,flt_ec4f14dc,economy,saver,4420353.88,707256.62,IDR,15,7,0,530442.47,0,76,active,2026-08-18T10:00:00+05:30
far_e69d6459,flt_ec4f14dc,economy,flex,6128217.88,980514.86,IDR,15,7,1,735386.15,1,91,active,2026-08-18T10:00:00+05:30
far_b0a2a877,flt_ec4f14dc,business,flex,18997475.44,3039596.07,IDR,30,7,1,2279697.05,1,4,active,2026-08-18T10:00:00+05:30
far_cf1357c0,flt_ec4f14dc,business,saver,13703097.04,2192495.53,IDR,30,7,0,1644371.64,0,9,active,2026-08-18T10:00:00+05:30
far_70b49aeb,flt_782b2f10,economy,promo,5363.86,858.22,INR,15,7,0,,0,141,active,2026-08-18T10:00:00+05:30
far_4009c8e6,flt_782b2f10,economy,flex,8389.63,1342.34,INR,15,7,1,1006.76,1,36,active,2026-08-18T10:00:00+05:30
far_dcda4c58,flt_782b2f10,business,saver,18759.76,3001.56,INR,30,7,0,,0,18,active,2026-08-18T10:00:00+05:30
far_3f71b49c,flt_782b2f10,business,promo,16627.96,2660.47,INR,30,7,0,1995.36,0,10,active,2026-08-18T10:00:00+05:30
far_1f63d57d,flt_606ebc0e,economy,corporate,778.04,124.49,MYR,15,7,1,,0,83,active,2026-08-18T10:00:00+05:30
far_a1b5e7e7,flt_606ebc0e,economy,flex,862.91,138.07,MYR,15,7,1,103.55,1,85,active,2026-08-18T10:00:00+05:30
far_ed1615bc,flt_606ebc0e,business,saver,1929.53,308.73,MYR,30,7,0,,0,6,active,2026-08-18T10:00:00+05:30
far_cfba3565,flt_606ebc0e,business,corporate,2411.92,385.91,MYR,30,7,1,289.43,0,9,active,2026-08-18T10:00:00+05:30
far_39760831,flt_ee9c0e16,economy,promo,294.87,47.18,AED,15,7,0,,0,66,active,2026-08-18T10:00:00+05:30
far_d7f96d77,flt_ee9c0e16,economy,flex,461.21,73.79,AED,15,7,1,,1,95,active,2026-08-18T10:00:00+05:30
far_5bd63b3c,flt_ee9c0e16,business,promo,914.11,146.26,AED,30,7,0,,0,18,active,2026-08-18T10:00:00+05:30
far_4b2f74e7,flt_ee9c0e16,business,flex,1429.76,228.76,AED,30,7,1,171.57,1,11,active,2026-08-18T10:00:00+05:30
far_5eeb8fce,flt_06dc23f3,economy,standard,5015.90,802.54,INR,15,7,0,601.91,0,118,active,2026-08-18T10:00:00+05:30
far_31b4ed22,flt_06dc23f3,economy,saver,4413.99,706.24,INR,15,7,0,529.68,0,142,active,2026-08-18T10:00:00+05:30
far_88097209,flt_06dc23f3,business,flex,18970.13,3035.22,INR,30,7,1,2276.42,1,21,active,2026-08-18T10:00:00+05:30
far_f0fe9bd5,flt_06dc23f3,business,saver,13683.37,2189.34,INR,30,7,0,1642.00,0,15,active,2026-08-18T10:00:00+05:30
far_93bb9635,flt_a19f66fe,economy,saver,16067.44,2570.79,INR,15,7,0,,0,77,active,2026-08-18T10:00:00+05:30
far_22f1e2d0,flt_a19f66fe,economy,flex,22275.32,3564.05,INR,15,7,1,2673.04,1,23,active,2026-08-18T10:00:00+05:30
far_a4cda607,flt_a19f66fe,business,standard,56601.22,9056.19,INR,30,7,0,,0,27,active,2026-08-18T10:00:00+05:30
far_5bbfc7a7,flt_a19f66fe,business,corporate,62261.34,9961.81,INR,30,7,1,,0,8,active,2026-08-18T10:00:00+05:30
far_4dc3456e,flt_2b070013,economy,saver,2138.24,342.12,INR,15,7,0,256.59,0,40,active,2026-08-18T10:00:00+05:30
far_b74376f2,flt_2b070013,economy,promo,1895.26,303.24,INR,15,7,0,,0,157,active,2026-08-18T10:00:00+05:30
far_9a637e21,flt_2b070013,business,flex,9189.58,1470.33,INR,30,7,1,1102.75,1,22,active,2026-08-18T10:00:00+05:30
far_9fcb31f9,flt_2b070013,business,standard,7532.44,1205.19,INR,30,7,0,903.89,0,10,active,2026-08-18T10:00:00+05:30
far_349c52df,flt_e9dc880a,economy,promo,4741.07,758.57,INR,15,7,0,568.93,0,138,active,2026-08-18T10:00:00+05:30
far_af63b620,flt_e9dc880a,economy,saver,5348.90,855.82,INR,15,7,0,641.87,0,54,active,2026-08-18T10:00:00+05:30
far_e064622f,flt_e9dc880a,business,standard,18842.70,3014.83,INR,30,7,0,,0,14,active,2026-08-18T10:00:00+05:30
far_c6b94b71,flt_e9dc880a,business,corporate,20726.97,3316.32,INR,30,7,1,2487.24,0,39,active,2026-08-18T10:00:00+05:30
far_ddfea881,flt_b375413e,economy,promo,151.16,24.19,SGD,15,7,0,,0,60,active,2026-08-18T10:00:00+05:30
far_8436b588,flt_3361590a,economy,standard,4754.57,760.73,INR,15,7,0,,0,169,active,2026-08-18T10:00:00+05:30
far_02351a5d,flt_3361590a,economy,promo,3708.57,593.37,INR,15,7,0,,0,158,active,2026-08-18T10:00:00+05:30
far_9dcd6a27,flt_3361590a,business,saver,12970.48,2075.28,INR,30,7,0,1556.46,0,23,active,2026-08-18T10:00:00+05:30
far_9271fdd6,flt_3361590a,business,flex,17981.80,2877.09,INR,30,7,1,2157.82,1,14,active,2026-08-18T10:00:00+05:30
far_6f389c6c,flt_b024a7de,economy,promo,3147.02,503.52,INR,15,7,0,,0,94,active,2026-08-18T10:00:00+05:30
far_79d2dc15,flt_b024a7de,economy,corporate,4438.11,710.10,INR,15,7,1,532.57,0,86,active,2026-08-18T10:00:00+05:30
far_3a4e4dc7,flt_b024a7de,business,saver,11006.51,1761.04,INR,30,7,0,,0,28,active,2026-08-18T10:00:00+05:30
far_94864154,flt_b024a7de,business,flex,15259.03,2441.44,INR,30,7,1,,1,16,active,2026-08-18T10:00:00+05:30
far_1549d798,flt_c42cf14c,economy,promo,10652.30,1704.37,INR,15,7,0,,0,43,active,2026-08-18T10:00:00+05:30
far_fa71f22e,flt_c42cf14c,economy,flex,16661.29,2665.81,INR,15,7,1,,1,71,active,2026-08-18T10:00:00+05:30
far_58b9959a,flt_c42cf14c,business,standard,42336.06,6773.77,INR,30,7,0,,0,31,active,2026-08-18T10:00:00+05:30
far_cc49f421,flt_c42cf14c,business,saver,37255.73,5960.92,INR,30,7,0,,0,27,active,2026-08-18T10:00:00+05:30
far_6ab0e01b,flt_24348e65,economy,promo,465.80,74.53,AED,15,7,0,55.90,0,150,active,2026-08-18T10:00:00+05:30
far_fd7258bb,flt_24348e65,economy,saver,525.51,84.08,AED,15,7,0,,0,84,active,2026-08-18T10:00:00+05:30
far_bda11c52,flt_24348e65,business,standard,1851.24,296.20,AED,30,7,0,222.15,0,35,active,2026-08-18T10:00:00+05:30
far_2f3467e7,flt_24348e65,business,saver,1629.09,260.65,AED,30,7,0,,0,28,active,2026-08-18T10:00:00+05:30
far_64345933,flt_79ab1bb7,economy,promo,2594.37,415.10,INR,15,7,0,,0,168,active,2026-08-18T10:00:00+05:30
far_a8bf8071,flt_79ab1bb7,economy,standard,3326.11,532.18,INR,15,7,0,,0,103,active,2026-08-18T10:00:00+05:30
far_ce7449e9,flt_79ab1bb7,business,promo,8042.54,1286.81,INR,30,7,0,965.11,0,8,active,2026-08-18T10:00:00+05:30
far_57b57d3a,flt_79ab1bb7,business,saver,9073.64,1451.78,INR,30,7,0,1088.84,0,5,active,2026-08-18T10:00:00+05:30
far_6722e047,flt_9e2c8342,economy,promo,6764.13,1082.26,INR,15,7,0,811.70,0,23,active,2026-08-18T10:00:00+05:30
far_565607aa,flt_9e2c8342,economy,flex,10579.80,1692.77,INR,15,7,1,1269.58,1,128,active,2026-08-18T10:00:00+05:30
far_ae4ef1d8,flt_9e2c8342,business,promo,20968.81,3355.01,INR,30,7,0,,0,6,active,2026-08-18T10:00:00+05:30
far_208dcba6,flt_9e2c8342,business,standard,26883.09,4301.29,INR,30,7,0,3225.97,0,19,active,2026-08-18T10:00:00+05:30
far_c99051e0,flt_e521e35f,economy,saver,209.81,33.57,SGD,15,7,0,,0,78,active,2026-08-18T10:00:00+05:30
far_8941c1bc,flt_e521e35f,economy,standard,238.41,38.15,SGD,15,7,0,,0,58,active,2026-08-18T10:00:00+05:30
far_994e95b0,flt_e521e35f,business,flex,901.69,144.27,SGD,30,7,1,108.20,1,15,active,2026-08-18T10:00:00+05:30
far_f0fb7011,flt_e521e35f,business,saver,650.40,104.06,SGD,30,7,0,,0,20,active,2026-08-18T10:00:00+05:30
far_370c9dd3,flt_6bd92f56,economy,corporate,4270.83,683.33,INR,15,7,1,512.50,0,31,active,2026-08-18T10:00:00+05:30
far_afa0e824,flt_6bd92f56,economy,saver,3416.66,546.67,INR,15,7,0,,0,78,active,2026-08-18T10:00:00+05:30
far_9d3288a9,flt_6bd92f56,business,saver,10591.65,1694.66,INR,30,7,0,1271.00,0,34,active,2026-08-18T10:00:00+05:30
far_7895e3d0,flt_6bd92f56,business,flex,14683.88,2349.42,INR,30,7,1,,1,14,active,2026-08-18T10:00:00+05:30
far_82cc357b,flt_5a896353,economy,saver,11763.93,1882.23,INR,15,7,0,1411.67,0,127,active,2026-08-18T10:00:00+05:30
far_bbf3c4b2,flt_5a896353,economy,standard,13368.11,2138.90,INR,15,7,0,1604.17,0,48,active,2026-08-18T10:00:00+05:30
far_6f86d4cb,flt_5a896353,business,promo,32324.08,5171.85,INR,30,7,0,,0,38,active,2026-08-18T10:00:00+05:30
far_5bf5339c,flt_5a896353,business,corporate,45585.24,7293.64,INR,30,7,1,5470.23,0,35,active,2026-08-18T10:00:00+05:30
far_9efa2b18,flt_e8cdca60,economy,saver,1584147.18,253463.55,IDR,15,7,0,190097.66,0,111,active,2026-08-18T10:00:00+05:30
far_172b5f17,flt_e8cdca60,economy,promo,1404130.46,224660.87,IDR,15,7,0,,0,31,active,2026-08-18T10:00:00+05:30
far_ded6021c,flt_e8cdca60,business,corporate,6138570.34,982171.25,IDR,30,7,1,736628.44,0,7,active,2026-08-18T10:00:00+05:30
far_6b7c4392,flt_e8cdca60,business,flex,6808232.56,1089317.21,IDR,30,7,1,816987.91,1,21,active,2026-08-18T10:00:00+05:30
far_4ffa2843,flt_fea2e94a,economy,corporate,7417.84,1186.85,INR,15,7,1,890.14,0,142,active,2026-08-18T10:00:00+05:30
far_00bbb2c8,flt_fea2e94a,economy,promo,5259.92,841.59,INR,15,7,0,631.19,0,70,active,2026-08-18T10:00:00+05:30
far_9efeb8af,flt_fea2e94a,business,saver,18396.24,2943.40,INR,30,7,0,2207.55,0,12,active,2026-08-18T10:00:00+05:30
far_e1e08dd7,flt_fea2e94a,business,standard,20904.81,3344.77,INR,30,7,0,,0,22,active,2026-08-18T10:00:00+05:30
far_6cb38d0a,flt_d868cac0,economy,standard,15710.98,2513.76,INR,15,7,0,1885.32,0,154,active,2026-08-18T10:00:00+05:30
far_914a148e,flt_d868cac0,economy,corporate,17282.08,2765.13,INR,15,7,1,2073.85,0,28,active,2026-08-18T10:00:00+05:30
far_bbda3917,flt_d868cac0,business,saver,42859.56,6857.53,INR,30,7,0,5143.15,0,23,active,2026-08-18T10:00:00+05:30
far_579af40e,flt_d868cac0,business,flex,59418.93,9507.03,INR,30,7,1,7130.27,1,24,active,2026-08-18T10:00:00+05:30
far_b6907c24,flt_26d29c5f,economy,promo,533.50,85.36,AED,15,7,0,64.02,0,74,active,2026-08-18T10:00:00+05:30
far_5a4e381d,flt_26d29c5f,economy,saver,601.89,96.30,AED,15,7,0,72.23,0,72,active,2026-08-18T10:00:00+05:30
far_9ee7ee25,flt_26d29c5f,business,standard,2120.31,339.25,AED,30,7,0,,0,10,active,2026-08-18T10:00:00+05:30
far_6b88cc78,flt_26d29c5f,business,promo,1653.84,264.61,AED,30,7,0,,0,18,active,2026-08-18T10:00:00+05:30
far_3bd89a97,flt_d05f9bbd,economy,flex,5703.98,912.64,INR,15,7,1,684.48,1,63,active,2026-08-18T10:00:00+05:30
far_09cacdc3,flt_d05f9bbd,economy,promo,3646.81,583.49,INR,15,7,0,437.62,0,61,active,2026-08-18T10:00:00+05:30
far_600bcb68,flt_d05f9bbd,business,flex,17682.34,2829.17,INR,30,7,1,,1,19,active,2026-08-18T10:00:00+05:30
far_390043c7,flt_d05f9bbd,business,standard,14493.72,2319.00,INR,30,7,0,,0,8,active,2026-08-18T10:00:00+05:30
far_b0003f59,flt_c1a4cf6c,economy,standard,6725.19,1076.03,INR,15,7,0,,0,134,active,2026-08-18T10:00:00+05:30
far_822cfcd7,flt_c1a4cf6c,economy,promo,5245.65,839.30,INR,15,7,0,,0,65,active,2026-08-18T10:00:00+05:30
far_9035dd4a,flt_c1a4cf6c,business,saver,18346.33,2935.41,INR,30,7,0,2201.56,0,5,active,2026-08-18T10:00:00+05:30
far_9cad370d,flt_c1a4cf6c,business,promo,16261.52,2601.84,INR,30,7,0,,0,30,active,2026-08-18T10:00:00+05:30
far_7c11e546,flt_137b38ea,economy,promo,2966.94,474.71,INR,15,7,0,,0,42,active,2026-08-18T10:00:00+05:30
far_051011f3,flt_137b38ea,economy,standard,3803.77,608.60,INR,15,7,0,456.45,0,143,active,2026-08-18T10:00:00+05:30
far_998bf31f,flt_137b38ea,business,flex,14385.87,2301.74,INR,30,7,1,1726.30,1,39,active,2026-08-18T10:00:00+05:30
far_559be89b,flt_137b38ea,business,standard,11791.70,1886.67,INR,30,7,0,,0,17,active,2026-08-18T10:00:00+05:30
far_683d50e5,flt_e5142acb,economy,saver,3680.79,588.93,THB,15,7,0,441.69,0,126,active,2026-08-18T10:00:00+05:30
far_9f96d331,flt_e5142acb,economy,corporate,4600.99,736.16,THB,15,7,1,,0,73,active,2026-08-18T10:00:00+05:30
far_cfada0cc,flt_e5142acb,business,standard,12966.42,2074.63,THB,30,7,0,,0,16,active,2026-08-18T10:00:00+05:30
far_2953cdde,flt_e5142acb,business,corporate,14263.06,2282.09,THB,30,7,1,,0,9,active,2026-08-18T10:00:00+05:30
far_2d88c6b3,flt_5fd08c12,economy,flex,25974.31,4155.89,INR,15,7,1,3116.92,1,96,active,2026-08-18T10:00:00+05:30
far_c129fbf7,flt_5fd08c12,economy,standard,21290.42,3406.47,INR,15,7,0,2554.85,0,141,active,2026-08-18T10:00:00+05:30
far_2eec6c7e,flt_5fd08c12,business,saver,58080.26,9292.84,INR,30,7,0,,0,11,active,2026-08-18T10:00:00+05:30
far_ddf35b8d,flt_5fd08c12,business,standard,66000.29,10560.05,INR,30,7,0,7920.03,0,15,active,2026-08-18T10:00:00+05:30
far_86060c96,flt_95327912,economy,flex,5611.85,897.90,INR,15,7,1,673.42,1,31,active,2026-08-18T10:00:00+05:30
far_484bfbe4,flt_95327912,economy,standard,4599.87,735.98,INR,15,7,0,551.98,0,39,active,2026-08-18T10:00:00+05:30
far_38578fdd,flt_95327912,business,corporate,15685.57,2509.69,INR,30,7,1,,0,18,active,2026-08-18T10:00:00+05:30
far_98b123ee,flt_95327912,business,standard,14259.61,2281.54,INR,30,7,0,1711.15,0,34,active,2026-08-18T10:00:00+05:30
far_e49918dd,flt_d7a62960,economy,flex,5007.83,801.25,INR,15,7,1,,1,63,active,2026-08-18T10:00:00+05:30
far_83bb6936,flt_842ccb08,economy,flex,2420.54,387.29,INR,15,7,1,290.46,1,97,active,2026-08-18T10:00:00+05:30
far_421c5922,flt_842ccb08,economy,corporate,2182.45,349.19,INR,15,7,1,261.89,0,156,active,2026-08-18T10:00:00+05:30
far_c88a080a,flt_842ccb08,business,promo,4797.42,767.59,INR,30,7,0,575.69,0,36,active,2026-08-18T10:00:00+05:30
far_fdfa9098,flt_842ccb08,business,saver,5412.48,866.00,INR,30,7,0,,0,11,active,2026-08-18T10:00:00+05:30
far_1a57cd65,flt_f12af843,economy,flex,28595.18,4575.23,INR,15,7,1,3431.42,1,51,active,2026-08-18T10:00:00+05:30
far_babd0d9d,flt_f12af843,economy,promo,18282.17,2925.15,INR,15,7,0,2193.86,0,47,active,2026-08-18T10:00:00+05:30
far_54d26218,flt_f12af843,business,flex,88645.07,14183.21,INR,30,7,1,,1,27,active,2026-08-18T10:00:00+05:30
far_863c2826,flt_f12af843,business,standard,72659.89,11625.58,INR,30,7,0,,0,13,active,2026-08-18T10:00:00+05:30
far_b6166e9b,flt_0ac97d04,economy,flex,7573972.07,1211835.53,IDR,15,7,1,908876.65,1,137,active,2026-08-18T10:00:00+05:30
far_3b887c60,flt_0ac97d04,economy,standard,6208173.82,993307.81,IDR,15,7,0,744980.86,0,121,active,2026-08-18T10:00:00+05:30
far_4a58970f,flt_0ac97d04,business,promo,15011364.31,2401818.29,IDR,30,7,0,1801363.72,0,23,active,2026-08-18T10:00:00+05:30
far_2d0b87c1,flt_0ac97d04,business,saver,16935898.19,2709743.71,IDR,30,7,0,2032307.78,0,4,active,2026-08-18T10:00:00+05:30
far_b8afb7aa,flt_94005ad1,economy,corporate,5669.02,907.04,INR,15,7,1,,0,59,active,2026-08-18T10:00:00+05:30
far_8a42a616,flt_94005ad1,economy,promo,4019.85,643.18,INR,15,7,0,482.38,0,22,active,2026-08-18T10:00:00+05:30
far_aca4d45c,flt_94005ad1,business,standard,15976.32,2556.21,INR,30,7,0,1917.16,0,14,active,2026-08-18T10:00:00+05:30
far_cd07a988,flt_94005ad1,business,promo,12461.53,1993.84,INR,30,7,0,1495.38,0,31,active,2026-08-18T10:00:00+05:30
far_c900a185,flt_ab4f5c34,economy,flex,8773.42,1403.75,INR,15,7,1,,1,136,active,2026-08-18T10:00:00+05:30
far_8684ceab,flt_ab4f5c34,economy,promo,5609.24,897.48,INR,15,7,0,673.11,0,75,active,2026-08-18T10:00:00+05:30
far_7a1efe5e,flt_ab4f5c34,business,flex,27197.61,4351.62,INR,30,7,1,3263.71,1,28,active,2026-08-18T10:00:00+05:30
far_3645b704,flt_ab4f5c34,business,promo,17388.63,2782.18,INR,30,7,0,2086.64,0,12,active,2026-08-18T10:00:00+05:30
far_80f7351d,flt_df30074c,economy,saver,11519.47,1843.12,INR,15,7,0,1382.34,0,25,active,2026-08-18T10:00:00+05:30
far_d671f2e9,flt_df30074c,economy,promo,10210.44,1633.67,INR,15,7,0,1225.25,0,149,active,2026-08-18T10:00:00+05:30
far_4526801c,flt_df30074c,business,corporate,44637.95,7142.07,INR,30,7,1,,0,28,active,2026-08-18T10:00:00+05:30
far_de1e7797,flt_df30074c,business,promo,31652.36,5064.38,INR,30,7,0,3798.28,0,13,active,2026-08-18T10:00:00+05:30
far_8bcd4f80,flt_1dd8d5bf,economy,standard,5773.85,923.82,INR,15,7,0,,0,23,active,2026-08-18T10:00:00+05:30
far_f5619e85,flt_1dd8d5bf,economy,promo,4503.60,720.58,INR,15,7,0,,0,134,active,2026-08-18T10:00:00+05:30
far_8174da5f,flt_1dd8d5bf,business,saver,15751.06,2520.17,INR,30,7,0,,0,39,active,2026-08-18T10:00:00+05:30
far_79a92945,flt_1dd8d5bf,business,corporate,19688.83,3150.21,INR,30,7,1,,0,35,active,2026-08-18T10:00:00+05:30
far_b7716608,flt_03ae7e7b,economy,standard,4942.75,790.84,INR,15,7,0,593.13,0,39,active,2026-08-18T10:00:00+05:30
far_ed6297dd,flt_03ae7e7b,economy,promo,3855.34,616.86,INR,15,7,0,462.64,0,125,active,2026-08-18T10:00:00+05:30
far_3000d70d,flt_03ae7e7b,business,saver,13483.82,2157.41,INR,30,7,0,,0,14,active,2026-08-18T10:00:00+05:30
far_ada89e20,flt_03ae7e7b,business,standard,15322.52,2451.60,INR,30,7,0,1838.70,0,21,active,2026-08-18T10:00:00+05:30
far_d6f45bb7,flt_c574d53c,economy,promo,344.01,55.04,AED,15,7,0,41.28,0,108,active,2026-08-18T10:00:00+05:30
far_6109d50e,flt_c574d53c,economy,flex,538.07,86.09,AED,15,7,1,,1,96,active,2026-08-18T10:00:00+05:30
far_11855194,flt_c574d53c,business,corporate,1503.94,240.63,AED,30,7,1,180.47,0,9,active,2026-08-18T10:00:00+05:30
far_1b0766f1,flt_c574d53c,business,standard,1367.22,218.75,AED,30,7,0,,0,11,active,2026-08-18T10:00:00+05:30
far_f2d73ea9,flt_51297788,economy,saver,3483.55,557.37,INR,15,7,0,,0,23,active,2026-08-18T10:00:00+05:30
far_d940a8fd,flt_51297788,economy,promo,3087.69,494.03,INR,15,7,0,370.52,0,117,active,2026-08-18T10:00:00+05:30
far_74765247,flt_51297788,business,flex,14971.36,2395.42,INR,30,7,1,1796.56,1,30,active,2026-08-18T10:00:00+05:30
far_93841fd1,flt_51297788,business,standard,12271.61,1963.46,INR,30,7,0,1472.59,0,32,active,2026-08-18T10:00:00+05:30
far_4610357f,flt_011434a2,economy,saver,253.22,40.51,SGD,15,7,0,30.39,0,64,active,2026-08-18T10:00:00+05:30
far_452dab39,flt_011434a2,economy,promo,224.44,35.91,SGD,15,7,0,26.93,0,157,active,2026-08-18T10:00:00+05:30
far_b36d8d8b,flt_011434a2,business,standard,892.02,142.72,SGD,30,7,0,,0,7,active,2026-08-18T10:00:00+05:30
far_411d9abe,flt_011434a2,business,corporate,981.22,157.00,SGD,30,7,1,,0,22,active,2026-08-18T10:00:00+05:30
far_85363d26,flt_432d9518,economy,saver,224.17,35.87,SGD,15,7,0,26.90,0,168,active,2026-08-18T10:00:00+05:30
far_57611579,flt_432d9518,economy,corporate,280.22,44.83,SGD,15,7,1,,0,117,active,2026-08-18T10:00:00+05:30
far_22506f1c,flt_432d9518,business,saver,694.94,111.19,SGD,30,7,0,,0,33,active,2026-08-18T10:00:00+05:30
far_cfd0e7d7,flt_432d9518,business,standard,789.70,126.35,SGD,30,7,0,,0,38,active,2026-08-18T10:00:00+05:30
far_9f8f3f63,flt_5b97cadd,economy,flex,6435.85,1029.74,INR,15,7,1,,1,146,active,2026-08-18T10:00:00+05:30
far_73f6042a,flt_2c3a0f4c,economy,saver,2552.24,408.36,INR,15,7,0,,0,34,active,2026-08-18T10:00:00+05:30
far_13e2621d,flt_2c3a0f4c,economy,flex,3538.33,566.13,INR,15,7,1,424.60,1,157,active,2026-08-18T10:00:00+05:30
far_e7af795c,flt_2c3a0f4c,business,promo,7012.85,1122.06,INR,30,7,0,841.54,0,6,active,2026-08-18T10:00:00+05:30
far_3e535b76,flt_2c3a0f4c,business,corporate,9889.92,1582.39,INR,30,7,1,,0,25,active,2026-08-18T10:00:00+05:30
far_6f707c99,flt_117464f9,economy,promo,405.31,64.85,AED,15,7,0,,0,76,active,2026-08-18T10:00:00+05:30
far_57938f7b,flt_117464f9,economy,saver,457.27,73.16,AED,15,7,0,54.87,0,28,active,2026-08-18T10:00:00+05:30
far_22f0d1ab,flt_117464f9,business,flex,1965.22,314.44,AED,30,7,1,235.83,1,25,active,2026-08-18T10:00:00+05:30
far_ec7c8f71,flt_117464f9,business,promo,1256.45,201.03,AED,30,7,0,,0,11,active,2026-08-18T10:00:00+05:30
far_34dd086f,flt_d4397215,economy,standard,3263827.90,522212.46,IDR,15,7,0,391659.35,0,59,active,2026-08-18T10:00:00+05:30
far_2e99e847,flt_d4397215,economy,promo,2545785.76,407325.72,IDR,15,7,0,,0,110,active,2026-08-18T10:00:00+05:30
far_421d95a2,flt_d4397215,business,flex,12343797.11,1975007.54,IDR,30,7,1,1481255.65,1,38,active,2026-08-18T10:00:00+05:30
far_0cb7daa8,flt_d4397215,business,promo,7891935.86,1262709.74,IDR,30,7,0,,0,11,active,2026-08-18T10:00:00+05:30
far_9c70c1ae,flt_b8261597,economy,saver,8853.41,1416.55,INR,15,7,0,1062.41,0,103,active,2026-08-18T10:00:00+05:30
far_806f56b4,flt_e9ca1bf2,economy,promo,10218.67,1634.99,INR,15,7,0,,0,142,active,2026-08-18T10:00:00+05:30
far_2dcf1f60,flt_e9ca1bf2,economy,flex,15983.05,2557.29,INR,15,7,1,1917.97,1,105,active,2026-08-18T10:00:00+05:30
far_a85772b1,flt_e9ca1bf2,business,corporate,44673.94,7147.83,INR,30,7,1,,0,15,active,2026-08-18T10:00:00+05:30
far_b6ad590f,flt_e9ca1bf2,business,saver,35739.15,5718.26,INR,30,7,0,,0,21,active,2026-08-18T10:00:00+05:30
far_a05a7c35,flt_66ad178e,economy,corporate,12487.74,1998.04,INR,15,7,1,1498.53,0,28,active,2026-08-18T10:00:00+05:30
far_21cfcb75,flt_66ad178e,economy,flex,13850.04,2216.01,INR,15,7,1,1662.00,1,113,active,2026-08-18T10:00:00+05:30
far_ad47ed12,flt_66ad178e,business,standard,35192.72,5630.84,INR,30,7,0,4223.13,0,30,active,2026-08-18T10:00:00+05:30
far_f3d26216,flt_66ad178e,business,corporate,38712.00,6193.92,INR,30,7,1,4645.44,0,29,active,2026-08-18T10:00:00+05:30
far_109e1621,flt_a20de436,economy,corporate,660.75,105.72,MYR,15,7,1,79.29,0,34,active,2026-08-18T10:00:00+05:30
far_cfa9deff,flt_a20de436,economy,flex,732.83,117.25,MYR,15,7,1,,1,72,active,2026-08-18T10:00:00+05:30
far_1f66eaf6,flt_a20de436,business,promo,1452.45,232.39,MYR,30,7,0,174.29,0,36,active,2026-08-18T10:00:00+05:30
far_976a295c,flt_a20de436,business,corporate,2048.32,327.73,MYR,30,7,1,,0,37,active,2026-08-18T10:00:00+05:30
far_87fc555b,flt_761a1b16,economy,corporate,7861.07,1257.77,INR,15,7,1,943.33,0,66,active,2026-08-18T10:00:00+05:30
far_92f4d16d,flt_761a1b16,economy,flex,8718.64,1394.98,INR,15,7,1,1046.24,1,89,active,2026-08-18T10:00:00+05:30
far_81512bee,flt_761a1b16,business,standard,22153.93,3544.63,INR,30,7,0,,0,4,active,2026-08-18T10:00:00+05:30
far_fdd6df3c,flt_761a1b16,business,flex,27027.80,4324.45,INR,30,7,1,3243.34,1,17,active,2026-08-18T10:00:00+05:30
far_131c08af,flt_a34b0751,economy,standard,4697.30,751.57,THB,15,7,0,563.68,0,116,active,2026-08-18T10:00:00+05:30
far_3e8efdba,flt_ef6570c0,economy,saver,694.34,111.09,MYR,15,7,0,83.32,0,26,active,2026-08-18T10:00:00+05:30
far_a715cfcf,flt_ef6570c0,economy,promo,615.44,98.47,MYR,15,7,0,,0,105,active,2026-08-18T10:00:00+05:30
far_2378031e,flt_ef6570c0,business,promo,1907.87,305.26,MYR,30,7,0,228.94,0,18,active,2026-08-18T10:00:00+05:30
far_88310fef,flt_ef6570c0,business,corporate,2690.58,430.49,MYR,30,7,1,,0,27,active,2026-08-18T10:00:00+05:30
far_5bed6995,flt_2ef88fb9,economy,promo,6559.76,1049.56,INR,15,7,0,,0,129,active,2026-08-18T10:00:00+05:30
far_5e55bb83,flt_2ef88fb9,economy,corporate,9250.94,1480.15,INR,15,7,1,,0,37,active,2026-08-18T10:00:00+05:30
far_1f6fc1e5,flt_2ef88fb9,business,promo,20335.24,3253.64,INR,30,7,0,,0,8,active,2026-08-18T10:00:00+05:30
far_19582872,flt_2ef88fb9,business,corporate,28677.90,4588.46,INR,30,7,1,3441.35,0,30,active,2026-08-18T10:00:00+05:30
far_560ce504,flt_ddd4e44f,economy,flex,2154.89,344.78,AED,15,7,1,258.59,1,66,active,2026-08-18T10:00:00+05:30
far_899eb178,flt_ddd4e44f,economy,promo,1377.72,220.43,AED,15,7,0,165.33,0,91,active,2026-08-18T10:00:00+05:30
far_f47b49a9,flt_ddd4e44f,business,saver,4818.47,770.96,AED,30,7,0,578.22,0,7,active,2026-08-18T10:00:00+05:30
far_c69f4b32,flt_ddd4e44f,business,promo,4270.92,683.35,AED,30,7,0,,0,34,active,2026-08-18T10:00:00+05:30
far_76eeb3f8,flt_d5f0d15c,economy,saver,3646.94,583.51,INR,15,7,0,437.63,0,23,active,2026-08-18T10:00:00+05:30
far_ab3fe10f,flt_7cf2750c,economy,corporate,11810.13,1889.62,INR,15,7,1,1417.22,0,57,active,2026-08-18T10:00:00+05:30
far_03acc669,flt_2b20a918,economy,saver,730.55,116.89,MYR,15,7,0,87.67,0,76,active,2026-08-18T10:00:00+05:30
far_2e037515,flt_2b20a918,economy,standard,830.17,132.83,MYR,15,7,0,,0,152,active,2026-08-18T10:00:00+05:30
far_c237afc8,flt_2b20a918,business,flex,3139.71,502.35,MYR,30,7,1,376.77,1,36,active,2026-08-18T10:00:00+05:30
far_a6953e75,flt_2b20a918,business,saver,2264.71,362.35,MYR,30,7,0,,0,14,active,2026-08-18T10:00:00+05:30
far_c314fd60,flt_1a7fe9b7,economy,corporate,8777.98,1404.48,INR,15,7,1,1053.36,0,61,active,2026-08-18T10:00:00+05:30
far_4112147e,flt_1a7fe9b7,economy,promo,6224.38,995.90,INR,15,7,0,746.93,0,59,active,2026-08-18T10:00:00+05:30
far_bd8dbb29,flt_1a7fe9b7,business,saver,21769.38,3483.10,INR,30,7,0,2612.33,0,33,active,2026-08-18T10:00:00+05:30
far_8af0e46b,flt_1a7fe9b7,business,corporate,27211.72,4353.88,INR,30,7,1,3265.41,0,22,active,2026-08-18T10:00:00+05:30
far_aef15be3,flt_90fa3c88,economy,corporate,11428.37,1828.54,INR,15,7,1,,0,49,active,2026-08-18T10:00:00+05:30
far_bb702313,flt_90fa3c88,economy,standard,10389.43,1662.31,INR,15,7,0,1246.73,0,40,active,2026-08-18T10:00:00+05:30
far_bf490968,flt_90fa3c88,business,promo,25121.64,4019.46,INR,30,7,0,3014.60,0,24,active,2026-08-18T10:00:00+05:30
far_dacaf8a1,flt_90fa3c88,business,flex,39292.83,6286.85,INR,30,7,1,,1,7,active,2026-08-18T10:00:00+05:30
far_5ab10832,flt_a5ab5e2f,economy,corporate,3379.34,540.69,INR,15,7,1,405.52,0,27,active,2026-08-18T10:00:00+05:30
far_7415e487,flt_a5ab5e2f,economy,standard,3072.13,491.54,INR,15,7,0,,0,104,active,2026-08-18T10:00:00+05:30
far_073898b6,flt_a5ab5e2f,business,saver,8380.77,1340.92,INR,30,7,0,,0,27,active,2026-08-18T10:00:00+05:30
far_c99197e5,flt_a5ab5e2f,business,promo,7428.41,1188.55,INR,30,7,0,891.41,0,32,active,2026-08-18T10:00:00+05:30
far_fa227e55,flt_1fa3d8aa,economy,saver,38.34,6.14,SGD,15,7,0,4.60,0,81,active,2026-08-18T10:00:00+05:30
far_9ced910f,flt_1fa3d8aa,economy,flex,53.16,8.51,SGD,15,7,1,6.38,1,36,active,2026-08-18T10:00:00+05:30
far_26b0740b,flt_1fa3d8aa,business,promo,105.36,16.86,SGD,30,7,0,,0,22,active,2026-08-18T10:00:00+05:30
far_be2bbdc1,flt_1fa3d8aa,business,corporate,148.59,23.77,SGD,30,7,1,17.83,0,19,active,2026-08-18T10:00:00+05:30
far_42198feb,flt_e125775e,economy,saver,4340.23,694.44,INR,15,7,0,,0,169,active,2026-08-18T10:00:00+05:30
far_4ecfe1e2,flt_e125775e,economy,flex,6017.14,962.74,INR,15,7,1,,1,120,active,2026-08-18T10:00:00+05:30
far_43ce3555,flt_e125775e,business,corporate,16818.40,2690.94,INR,30,7,1,2018.21,0,5,active,2026-08-18T10:00:00+05:30
far_39f9fb52,flt_e125775e,business,promo,11925.77,1908.12,INR,30,7,0,,0,21,active,2026-08-18T10:00:00+05:30
far_e2906612,flt_a99fd673,economy,flex,430.82,68.93,AED,15,7,1,51.70,1,143,active,2026-08-18T10:00:00+05:30
far_399ffc99,flt_a9baa83a,economy,saver,4648.62,743.78,INR,15,7,0,557.83,0,121,active,2026-08-18T10:00:00+05:30
far_d3460179,flt_a9baa83a,economy,promo,4120.37,659.26,INR,15,7,0,494.44,0,108,active,2026-08-18T10:00:00+05:30
far_e73d4be0,flt_a9baa83a,business,standard,16375.82,2620.13,INR,30,7,0,1965.10,0,39,active,2026-08-18T10:00:00+05:30
far_b651eaff,flt_a9baa83a,business,corporate,18013.40,2882.14,INR,30,7,1,,0,18,active,2026-08-18T10:00:00+05:30
far_e665b4c2,flt_d728307e,economy,flex,378.92,60.63,SGD,15,7,1,45.47,1,25,active,2026-08-18T10:00:00+05:30
far_fe16582e,flt_d728307e,economy,saver,273.32,43.73,SGD,15,7,0,32.80,0,135,active,2026-08-18T10:00:00+05:30
far_da63da9d,flt_d728307e,business,promo,751.00,120.16,SGD,30,7,0,,0,15,active,2026-08-18T10:00:00+05:30
far_5810bcc1,flt_d728307e,business,corporate,1059.10,169.46,SGD,30,7,1,127.09,0,31,active,2026-08-18T10:00:00+05:30
far_e28e089d,flt_95cdf2bf,economy,flex,7742.57,1238.81,INR,15,7,1,,1,47,active,2026-08-18T10:00:00+05:30
far_d0e6a8dd,flt_95cdf2bf,economy,corporate,6981.01,1116.96,INR,15,7,1,,0,130,active,2026-08-18T10:00:00+05:30
far_37f3aed7,flt_95cdf2bf,business,standard,19673.75,3147.80,INR,30,7,0,2360.85,0,12,active,2026-08-18T10:00:00+05:30
far_4d26f16c,flt_95cdf2bf,business,saver,17312.90,2770.06,INR,30,7,0,2077.55,0,7,active,2026-08-18T10:00:00+05:30
far_ff605c10,flt_72d47a2f,economy,corporate,3713.03,594.08,INR,15,7,1,445.56,0,45,active,2026-08-18T10:00:00+05:30
far_c4cfb5d2,flt_72d47a2f,economy,standard,3375.48,540.08,INR,15,7,0,405.06,0,20,active,2026-08-18T10:00:00+05:30
far_b903ef53,flt_72d47a2f,business,saver,9208.31,1473.33,INR,30,7,0,1105.00,0,9,active,2026-08-18T10:00:00+05:30
far_c9061bc2,flt_72d47a2f,business,corporate,11510.38,1841.66,INR,30,7,1,,0,30,active,2026-08-18T10:00:00+05:30
far_de6dcb3f,flt_baeaf86d,economy,flex,8989.12,1438.26,INR,15,7,1,1078.69,1,145,active,2026-08-18T10:00:00+05:30
far_50d3a17f,flt_baeaf86d,economy,promo,5747.14,919.54,INR,15,7,0,,0,39,active,2026-08-18T10:00:00+05:30
far_a5b159d4,flt_baeaf86d,business,saver,20100.26,3216.04,INR,30,7,0,,0,8,active,2026-08-18T10:00:00+05:30
far_da3b69fe,flt_baeaf86d,business,promo,17816.14,2850.58,INR,30,7,0,,0,32,active,2026-08-18T10:00:00+05:30
