rate_plan_id,room_type_id,plan_type,name,price_delta,currency,cancellation_window_hours,cancellation_penalty_pct,includes_breakfast,min_stay_nights,status,updated_at
rtp_f15c86d0,rmt_d3c6ad86,non_refundable,Non Refundable,-719.91,INR,0,100,0,1,active,2026-08-18T10:00:00+05:30
rtp_aa06f4c0,rmt_d3c6ad86,long_stay,Long Stay,-1079.87,INR,72,0,0,3,active,2026-08-18T10:00:00+05:30
rtp_9eae0621,rmt_79ee35e1,long_stay,Long Stay,-1349.84,INR,48,25,0,3,active,2026-08-18T10:00:00+05:30
rtp_d90ddebc,rmt_79ee35e1,full_board,Full Board,2519.70,INR,24,10,1,1,active,2026-08-18T10:00:00+05:30
rtp_36a9a2a3,rmt_654f0c33,long_stay,Long Stay,-1727.79,INR,24,0,0,3,active,2026-08-18T10:00:00+05:30
rtp_3369d6f0,rmt_654f0c33,half_board,Half Board,2073.35,INR,48,25,1,1,active,2026-08-18T10:00:00+05:30
rtp_517f1aa7,rmt_dc3186dc,long_stay,Long Stay,-2375.72,INR,48,0,0,3,active,2026-08-18T10:00:00+05:30
rtp_19ab84a5,rmt_dc3186dc,half_board,Half Board,2850.86,INR,24,0,1,1,active,2026-08-18T10:00:00+05:30
rtp_58b94d8c,rmt_6499086b,non_refundable,Non Refundable,-177.55,INR,0,100,0,1,active,2026-08-18T10:00:00+05:30
rtp_1c92eac2,rmt_6499086b,long_stay,Long Stay,-266.33,INR,48,10,0,3,active,2026-08-18T10:00:00+05:30
rtp_d323e650,rmt_b7b6d115,breakfast_included,Breakfast Included,177.55,INR,48,0,1,1,active,2026-08-18T10:00:00+05:30
rtp_b174ab12,rmt_b7b6d115,full_board,Full Board,621.44,INR,24,0,1,1,active,2026-08-18T10:00:00+05:30
rtp_8c26296b,rmt_02c452c7,half_board,Half Board,511.36,INR,72,10,1,1,active,2026-08-18T10:00:00+05:30
rtp_427ff980,rmt_02c452c7,refundable,Refundable,340.90,INR,48,0,0,1,active,2026-08-18T10:00:00+05:30
rtp_8bfa0923,rmt_4f3886f8,half_board,Half Board,703.12,INR,48,25,1,1,active,2026-08-18T10:00:00+05:30
rtp_3f420e21,rmt_4f3886f8,full_board,Full Board,1093.74,INR,48,25,1,1,active,2026-08-18T10:00:00+05:30
rtp_afadd9cf,rmt_4d69cd72,breakfast_included,Breakfast Included,229.58,INR,72,10,1,1,active,2026-08-18T10:00:00+05:30
rtp_7d3c0886,rmt_4d69cd72,refundable,Refundable,344.36,INR,24,10,0,1,active,2026-08-18T10:00:00+05:30
rtp_ba86c49a,rmt_18090453,long_stay,Long Stay,-538.07,INR,72,25,0,3,active,2026-08-18T10:00:00+05:30
rtp_cde76ec8,rmt_18090453,full_board,Full Board,1004.39,INR,48,25,1,1,active,2026-08-18T10:00:00+05:30
rtp_796d737a,rmt_062dea81,full_board,Full Board,1285.62,INR,72,10,1,1,active,2026-08-18T10:00:00+05:30
rtp_122b2ddd,rmt_062dea81,non_refundable,Non Refundable,-459.15,INR,0,100,0,1,active,2026-08-18T10:00:00+05:30
rtp_7ea334bb,rmt_a1a42253,full_board,Full Board,1767.73,INR,24,25,1,1,active,2026-08-18T10:00:00+05:30
rtp_55e760cc,rmt_a1a42253,non_refundable,Non Refundable,-631.33,INR,0,100,0,1,active,2026-08-18T10:00:00+05:30
rtp_32088ba6,rmt_b2228b31,breakfast_included,Breakfast Included,283.52,INR,24,10,1,1,active,2026-08-18T10:00:00+05:30
rtp_4cd5a6d2,rmt_b2228b31,full_board,Full Board,992.32,INR,72,25,1,1,active,2026-08-18T10:00:00+05:30
rtp_0253c023,rmt_f01a2942,breakfast_included,Breakfast Included,354.40,INR,24,25,1,1,active,2026-08-18T10:00:00+05:30
rtp_b138bb3d,rmt_f01a2942,non_refundable,Non Refundable,-443.00,INR,0,100,0,1,active,2026-08-18T10:00:00+05:30
rtp_f6962f79,rmt_8ca5526e,half_board,Half Board,1020.67,INR,72,0,1,1,active,2026-08-18T10:00:00+05:30
rtp_f5d2594b,rmt_8ca5526e,refundable,Refundable,680.45,INR,72,25,0,1,active,2026-08-18T10:00:00+05:30
rtp_76e19053,rmt_6b804d20,full_board,Full Board,2183.11,INR,48,25,1,1,active,2026-08-18T10:00:00+05:30
rtp_ce41706d,rmt_6b804d20,long_stay,Long Stay,-1169.52,INR,48,10,0,3,active,2026-08-18T10:00:00+05:30
rtp_760b6e4e,rmt_0b9115b1,full_board,Full Board,1891.44,INR,24,10,1,1,active,2026-08-18T10:00:00+05:30
rtp_e59fc070,rmt_0b9115b1,refundable,Refundable,810.62,INR,48,0,0,1,active,2026-08-18T10:00:00+05:30
rtp_d5f86b22,rmt_16e525d2,refundable,Refundable,1013.27,INR,48,10,0,1,active,2026-08-18T10:00:00+05:30
rtp_31f16d29,rmt_16e525d2,long_stay,Long Stay,-1266.59,INR,24,0,0,3,active,2026-08-18T10:00:00+05:30
rtp_e07364d7,rmt_4da4065d,refundable,Refundable,1296.99,INR,24,25,0,1,active,2026-08-18T10:00:00+05:30
rtp_8c9e40e7,rmt_4da4065d,non_refundable,Non Refundable,-1080.82,INR,0,100,0,1,active,2026-08-18T10:00:00+05:30
rtp_a857887f,rmt_1e984702,breakfast_included,Breakfast Included,1188.90,INR,48,10,1,1,active,2026-08-18T10:00:00+05:30
rtp_0466a610,rmt_1e984702,refundable,Refundable,1783.35,INR,24,25,0,1,active,2026-08-18T10:00:00+05:30
rtp_31e74727,rmt_55863f33,long_stay,Long Stay,-253.68,INR,48,25,0,3,active,2026-08-18T10:00:00+05:30
rtp_a3dac874,rmt_55863f33,half_board,Half Board,304.42,INR,72,0,1,1,active,2026-08-18T10:00:00+05:30
rtp_621b75cf,rmt_693809d0,breakfast_included,Breakfast Included,169.12,INR,48,10,1,1,active,2026-08-18T10:00:00+05:30
rtp_00c1e275,rmt_693809d0,long_stay,Long Stay,-317.10,INR,48,25,0,3,active,2026-08-18T10:00:00+05:30
rtp_525e9521,rmt_69fb5df6,breakfast_included,Breakfast Included,216.48,INR,72,25,1,1,active,2026-08-18T10:00:00+05:30
rtp_d4f96240,rmt_69fb5df6,refundable,Refundable,324.72,INR,72,0,0,1,active,2026-08-18T10:00:00+05:30
rtp_7f9b2102,rmt_169b1014,breakfast_included,Breakfast Included,297.66,INR,24,25,1,1,active,2026-08-18T10:00:00+05:30
rtp_94561a3f,rmt_169b1014,half_board,Half Board,669.72,INR,24,0,1,1,active,2026-08-18T10:00:00+05:30
rtp_06a18e52,rmt_093f1827,breakfast_included,Breakfast Included,473.39,INR,24,10,1,1,active,2026-08-18T10:00:00+05:30
rtp_72d439b2,rmt_093f1827,full_board,Full Board,1656.87,INR,24,0,1,1,active,2026-08-18T10:00:00+05:30
rtp_068d53a2,rmt_95c0de07,full_board,Full Board,2071.09,INR,72,10,1,1,active,2026-08-18T10:00:00+05:30
rtp_26cc1897,rmt_95c0de07,refundable,Refundable,887.61,INR,24,0,0,1,active,2026-08-18T10:00:00+05:30
rtp_96dd86f6,rmt_466c1e57,half_board,Half Board,1704.21,INR,48,25,1,1,active,2026-08-18T10:00:00+05:30
rtp_8f2156b3,rmt_466c1e57,breakfast_included,Breakfast Included,757.43,INR,48,0,1,1,active,2026-08-18T10:00:00+05:30
rtp_06967a43,rmt_498722f7,full_board,Full Board,3645.12,INR,48,0,1,1,active,2026-08-18T10:00:00+05:30
rtp_4f1d6143,rmt_498722f7,long_stay,Long Stay,-1952.74,INR,48,25,0,3,active,2026-08-18T10:00:00+05:30
rtp_ca3f5c15,rmt_d7fc6eac,long_stay,Long Stay,-334.74,INR,24,10,0,3,active,2026-08-18T10:00:00+05:30
rtp_4e3ec6be,rmt_d7fc6eac,refundable,Refundable,267.79,INR,72,10,0,1,active,2026-08-18T10:00:00+05:30
rtp_ac6fb5f2,rmt_ce7264de,long_stay,Long Stay,-418.43,INR,48,0,0,3,active,2026-08-18T10:00:00+05:30
rtp_913accf4,rmt_ce7264de,refundable,Refundable,334.74,INR,72,0,0,1,active,2026-08-18T10:00:00+05:30
rtp_724be44d,rmt_4d20e260,refundable,Refundable,428.47,INR,72,25,0,1,active,2026-08-18T10:00:00+05:30
rtp_b72a458f,rmt_4d20e260,breakfast_included,Breakfast Included,285.65,INR,72,25,1,1,active,2026-08-18T10:00:00+05:30
rtp_a944a83f,rmt_039a87b5,long_stay,Long Stay,-736.43,INR,48,25,0,3,active,2026-08-18T10:00:00+05:30
rtp_d4a043b4,rmt_039a87b5,half_board,Half Board,883.72,INR,72,0,1,1,active,2026-08-18T10:00:00+05:30
rtp_07458039,rmt_cbb0df6c,half_board,Half Board,617.66,INR,72,10,1,1,active,2026-08-18T10:00:00+05:30
rtp_89964352,rmt_cbb0df6c,breakfast_included,Breakfast Included,274.52,INR,24,0,1,1,active,2026-08-18T10:00:00+05:30
rtp_61036db9,rmt_8a3c3697,half_board,Half Board,772.08,INR,72,10,1,1,active,2026-08-18T10:00:00+05:30
rtp_65001734,rmt_8a3c3697,breakfast_included,Breakfast Included,343.14,INR,72,0,1,1,active,2026-08-18T10:00:00+05:30
rtp_00fe2632,rmt_8203d582,full_board,Full Board,1537.29,INR,72,10,1,1,active,2026-08-18T10:00:00+05:30
rtp_c81e1718,rmt_8203d582,half_board,Half Board,988.26,INR,72,0,1,1,active,2026-08-18T10:00:00+05:30
rtp_da30ada4,rmt_ebdd19b2,refundable,Refundable,905.90,INR,48,10,0,1,active,2026-08-18T10:00:00+05:30
rtp_ef5de686,rmt_ebdd19b2,half_board,Half Board,1358.85,INR,48,10,1,1,active,2026-08-18T10:00:00+05:30
rtp_77d71854,rmt_36ac3085,breakfast_included,Breakfast Included,398.27,INR,72,25,1,1,active,2026-08-18T10:00:00+05:30
rtp_fcf622cc,rmt_36ac3085,non_refundable,Non Refundable,-497.83,INR,0,100,0,1,active,2026-08-18T10:00:00+05:30
rtp_8d8dd44b,rmt_eaf663ad,refundable,Refundable,746.75,INR,24,10,0,1,active,2026-08-18T10:00:00+05:30
rtp_06930895,rmt_eaf663ad,non_refundable,Non Refundable,-622.29,INR,0,100,0,1,active,2026-08-18T10:00:00+05:30
rtp_f62dea57,rmt_c74c450f,full_board,Full Board,2230.30,INR,48,10,1,1,active,2026-08-18T10:00:00+05:30
rtp_cfeb16f1,rmt_c74c450f,refundable,Refundable,955.84,INR,48,25,0,1,active,2026-08-18T10:00:00+05:30
rtp_f4b3f7e0,rmt_d74c67e8,non_refundable,Non Refundable,-1095.23,INR,0,100,0,1,active,2026-08-18T10:00:00+05:30
rtp_b0850dfb,rmt_d74c67e8,half_board,Half Board,1971.42,INR,48,25,1,1,active,2026-08-18T10:00:00+05:30
rtp_3106c16d,rmt_35141503,full_board,Full Board,2940.96,INR,24,0,1,1,active,2026-08-18T10:00:00+05:30
rtp_1d3272e0,rmt_35141503,breakfast_included,Breakfast Included,840.28,INR,48,25,1,1,active,2026-08-18T10:00:00+05:30
rtp_275ba9f4,rmt_18d4ad52,half_board,Half Board,2363.27,INR,24,25,1,1,active,2026-08-18T10:00:00+05:30
rtp_82acf374,rmt_18d4ad52,non_refundable,Non Refundable,-1312.93,INR,0,100,0,1,active,2026-08-18T10:00:00+05:30
rtp_7c869886,rmt_f3f78d57,long_stay,Long Stay,-2520.83,INR,24,10,0,3,active,2026-08-18T10:00:00+05:30
rtp_5f91190d,rmt_f3f78d57,non_refundable,Non Refundable,-1680.55,INR,0,100,0,1,active,2026-08-18T10:00:00+05:30
rtp_db79f93b,rmt_67dcd384,half_board,Half Board,4159.36,INR,24,10,1,1,active,2026-08-18T10:00:00+05:30
rtp_2c3e555b,rmt_67dcd384,long_stay,Long Stay,-3466.14,INR,72,25,0,3,active,2026-08-18T10:00:00+05:30
rtp_385b25a7,rmt_56ab8a0a,non_refundable,Non Refundable,-162.08,INR,0,100,0,1,active,2026-08-18T10:00:00+05:30
rtp_a9d90648,rmt_56ab8a0a,refundable,Refundable,194.49,INR,24,10,0,1,active,2026-08-18T10:00:00+05:30
rtp_56ae3330,rmt_87180367,long_stay,Long Stay,-303.90,INR,48,10,0,3,active,2026-08-18T10:00:00+05:30
rtp_7eea21b1,rmt_87180367,half_board,Half Board,364.67,INR,48,0,1,1,active,2026-08-18T10:00:00+05:30
rtp_846d41f7,rmt_68485f3b,long_stay,Long Stay,-388.99,INR,48,10,0,3,active,2026-08-18T10:00:00+05:30
rtp_3e0f2bec,rmt_68485f3b,half_board,Half Board,466.79,INR,72,10,1,1,active,2026-08-18T10:00:00+05:30
rtp_7125cd76,rmt_47767cdd,non_refundable,Non Refundable,-356.57,INR,0,100,0,1,active,2026-08-18T10:00:00+05:30
rtp_7b08c738,rmt_47767cdd,full_board,Full Board,998.40,INR,72,0,1,1,active,2026-08-18T10:00:00+05:30
rtp_ec2e794a,rmt_eb1e0a09,full_board,Full Board,1116.19,INR,72,10,1,1,active,2026-08-18T10:00:00+05:30
rtp_77e9e526,rmt_eb1e0a09,refundable,Refundable,478.37,INR,24,10,0,1,active,2026-08-18T10:00:00+05:30
rtp_2e1e92e2,rmt_ce8c8b08,breakfast_included,Breakfast Included,398.64,INR,24,25,1,1,active,2026-08-18T10:00:00+05:30
rtp_c4350ff6,rmt_ce8c8b08,non_refundable,Non Refundable,-498.30,INR,0,100,0,1,active,2026-08-18T10:00:00+05:30
rtp_09e99963,rmt_4d079c91,half_board,Half Board,1148.08,INR,48,0,1,1,active,2026-08-18T10:00:00+05:30
rtp_8a673f47,rmt_4d079c91,refundable,Refundable,765.39,INR,24,10,0,1,active,2026-08-18T10:00:00+05:30
rtp_c7849234,rmt_74cb0474,half_board,Half Board,1578.61,INR,24,10,1,1,active,2026-08-18T10:00:00+05:30
rtp_ff975336,rmt_74cb0474,long_stay,Long Stay,-1315.51,INR,72,10,0,3,active,2026-08-18T10:00:00+05:30
rtp_54fd8fad,rmt_bbe2ad27,refundable,Refundable,354.67,INR,24,10,0,1,active,2026-08-18T10:00:00+05:30
rtp_809ae43c,rmt_bbe2ad27,full_board,Full Board,827.57,INR,48,10,1,1,active,2026-08-18T10:00:00+05:30
rtp_82dbef65,rmt_65be3cc2,full_board,Full Board,1034.45,INR,48,0,1,1,active,2026-08-18T10:00:00+05:30
rtp_5030520b,rmt_65be3cc2,refundable,Refundable,443.34,INR,72,0,0,1,active,2026-08-18T10:00:00+05:30
rtp_28364624,rmt_32063ec7,breakfast_included,Breakfast Included,378.32,INR,48,0,1,1,active,2026-08-18T10:00:00+05:30
rtp_43acbe5f,rmt_32063ec7,full_board,Full Board,1324.10,INR,72,10,1,1,active,2026-08-18T10:00:00+05:30
rtp_d706f5ee,rmt_67acf930,half_board,Half Board,1170.41,INR,24,25,1,1,active,2026-08-18T10:00:00+05:30
rtp_f4321ee7,rmt_67acf930,breakfast_included,Breakfast Included,520.18,INR,72,25,1,1,active,2026-08-18T10:00:00+05:30
rtp_92a442ca,rmt_e995c07b,non_refundable,Non Refundable,-344.89,INR,0,100,0,1,active,2026-08-18T10:00:00+05:30
rtp_b0061490,rmt_e995c07b,long_stay,Long Stay,-517.33,INR,48,0,0,3,active,2026-08-18T10:00:00+05:30
rtp_f659df48,rmt_fb35debd,long_stay,Long Stay,-646.66,INR,24,10,0,3,active,2026-08-18T10:00:00+05:30
rtp_7ddf51b0,rmt_fb35debd,full_board,Full Board,1207.10,INR,24,10,1,1,active,2026-08-18T10:00:00+05:30
rtp_1c3ef391,rmt_81879895,full_board,Full Board,1545.09,INR,48,10,1,1,active,2026-08-18T10:00:00+05:30
rtp_878abff7,rmt_81879895,long_stay,Long Stay,-827.73,INR,48,25,0,3,active,2026-08-18T10:00:00+05:30
rtp_22649851,rmt_a50b1a34,non_refundable,Non Refundable,-758.75,INR,0,100,0,1,active,2026-08-18T10:00:00+05:30
rtp_8cc0e75d,rmt_a50b1a34,half_board,Half Board,1365.75,INR,24,10,1,1,active,2026-08-18T10:00:00+05:30
rtp_814b0a77,rmt_1664a3ef,non_refundable,Non Refundable,-378.92,INR,0,100,0,1,active,2026-08-18T10:00:00+05:30
rtp_1e4ea18a,rmt_1664a3ef,breakfast_included,Breakfast Included,303.14,INR,72,25,1,1,active,2026-08-18T10:00:00+05:30
rtp_b37ffc37,rmt_9a44634e,half_board,Half Board,852.57,INR,48,10,1,1,active,2026-08-18T10:00:00+05:30
rtp_8f216104,rmt_9a44634e,refundable,Refundable,568.38,INR,72,10,0,1,active,2026-08-18T10:00:00+05:30
rtp_517c2990,rmt_4b888cdb,breakfast_included,Breakfast Included,485.02,INR,48,10,1,1,active,2026-08-18T10:00:00+05:30
rtp_cbb64782,rmt_4b888cdb,long_stay,Long Stay,-909.41,INR,24,25,0,3,active,2026-08-18T10:00:00+05:30
rtp_1294d3a0,rmt_4806123d,non_refundable,Non Refundable,-833.63,INR,0,100,0,1,active,2026-08-18T10:00:00+05:30
rtp_1c65bebd,rmt_4806123d,half_board,Half Board,1500.53,INR,48,0,1,1,active,2026-08-18T10:00:00+05:30
rtp_6b75f168,rmt_a499242d,half_board,Half Board,1164.41,INR,24,25,1,1,active,2026-08-18T10:00:00+05:30
rtp_ad105b92,rmt_a499242d,long_stay,Long Stay,-970.34,INR,72,0,0,3,active,2026-08-18T10:00:00+05:30
rtp_348f8542,rmt_df2d2be7,breakfast_included,Breakfast Included,646.89,INR,24,10,1,1,active,2026-08-18T10:00:00+05:30
rtp_63642915,rmt_df2d2be7,half_board,Half Board,1455.51,INR,24,0,1,1,active,2026-08-18T10:00:00+05:30
rtp_d5d5cd4c,rmt_0fc40170,half_board,Half Board,1863.06,INR,72,10,1,1,active,2026-08-18T10:00:00+05:30
rtp_57ad4df5,rmt_0fc40170,long_stay,Long Stay,-1552.55,INR,48,0,0,3,active,2026-08-18T10:00:00+05:30
rtp_344f633e,rmt_ea1bc834,full_board,Full Board,3984.87,INR,48,10,1,1,active,2026-08-18T10:00:00+05:30
rtp_13d2e0e0,rmt_ea1bc834,breakfast_included,Breakfast Included,1138.53,INR,24,25,1,1,active,2026-08-18T10:00:00+05:30
rtp_cd053bff,rmt_f8b487b4,half_board,Half Board,585.99,INR,72,25,1,1,active,2026-08-18T10:00:00+05:30
rtp_dc30af70,rmt_f8b487b4,long_stay,Long Stay,-488.33,INR,72,25,0,3,active,2026-08-18T10:00:00+05:30
rtp_97976422,rmt_6cc18233,non_refundable,Non Refundable,-406.94,INR,0,100,0,1,active,2026-08-18T10:00:00+05:30
rtp_db84958c,rmt_6cc18233,long_stay,Long Stay,-610.41,INR,24,10,0,3,active,2026-08-18T10:00:00+05:30
rtp_cf503a7c,rmt_79b9dffc,refundable,Refundable,625.06,INR,72,25,0,1,active,2026-08-18T10:00:00+05:30
rtp_1859ba08,rmt_79b9dffc,non_refundable,Non Refundable,-520.88,INR,0,100,0,1,active,2026-08-18T10:00:00+05:30
rtp_ae541295,rmt_f6cc532b,refundable,Refundable,859.46,INR,24,25,0,1,active,2026-08-18T10:00:00+05:30
rtp_32c35b36,rmt_f6cc532b,non_refundable,Non Refundable,-716.21,INR,0,100,0,1,active,2026-08-18T10:00:00+05:30
rtp_e598b9f6,rmt_fdc08ffa,long_stay,Long Stay,-861.59,INR,72,10,0,3,active,2026-08-18T10:00:00+05:30
rtp_d8888602,rmt_fdc08ffa,non_refundable,Non Refundable,-574.39,INR,0,100,0,1,active,2026-08-18T10:00:00+05:30
rtp_61c4b1a1,rmt_ba37d6d6,refundable,Refundable,861.59,INR,72,0,0,1,active,2026-08-18T10:00:00+05:30
rtp_98155d50,rmt_ba37d6d6,long_stay,Long Stay,-1076.98,INR,48,10,0,3,active,2026-08-18T10:00:00+05:30
rtp_e1712605,rmt_abf76879,non_refundable,Non Refundable,-919.03,INR,0,100,0,1,active,2026-08-18T10:00:00+05:30
rtp_b069b830,rmt_abf76879,refundable,Refundable,1102.83,INR,72,25,0,1,active,2026-08-18T10:00:00+05:30
rtp_f90046e2,rmt_f62c2e52,refundable,Refundable,1516.39,INR,24,25,0,1,active,2026-08-18T10:00:00+05:30
rtp_69dca515,rmt_f62c2e52,breakfast_included,Breakfast Included,1010.93,INR,24,0,1,1,active,2026-08-18T10:00:00+05:30
rtp_0f466daf,rmt_8e329c08,non_refundable,Non Refundable,-167.64,INR,0,100,0,1,active,2026-08-18T10:00:00+05:30
rtp_5a8936ea,rmt_8e329c08,half_board,Half Board,301.75,INR,72,10,1,1,active,2026-08-18T10:00:00+05:30
rtp_57d386f4,rmt_0d437b01,breakfast_included,Breakfast Included,167.64,INR,24,10,1,1,active,2026-08-18T10:00:00+05:30
rtp_a4dd879d,rmt_0d437b01,half_board,Half Board,377.18,INR,72,10,1,1,active,2026-08-18T10:00:00+05:30
rtp_4e5fb321,rmt_d98cf881,full_board,Full Board,751.02,INR,72,25,1,1,active,2026-08-18T10:00:00+05:30
rtp_983907bc,rmt_d98cf881,refundable,Refundable,321.86,INR,72,10,0,1,active,2026-08-18T10:00:00+05:30
rtp_ba1aee22,rmt_28b68b92,full_board,Full Board,1032.65,INR,24,25,1,1,active,2026-08-18T10:00:00+05:30
rtp_02e2d3e5,rmt_28b68b92,non_refundable,Non Refundable,-368.80,INR,0,100,0,1,active,2026-08-18T10:00:00+05:30
rtp_6e2c36c2,rmt_26f79673,half_board,Half Board,1392.15,INR,48,25,1,1,active,2026-08-18T10:00:00+05:30
rtp_6c24cec8,rmt_26f79673,long_stay,Long Stay,-1160.12,INR,72,10,0,3,active,2026-08-18T10:00:00+05:30
rtp_0316ca28,rmt_88ce3091,refundable,Refundable,1160.12,INR,24,0,0,1,active,2026-08-18T10:00:00+05:30
rtp_4e9adf2a,rmt_88ce3091,breakfast_included,Breakfast Included,773.42,INR,48,25,1,1,active,2026-08-18T10:00:00+05:30
rtp_327569da,rmt_f11f8933,refundable,Refundable,1484.96,INR,72,0,0,1,active,2026-08-18T10:00:00+05:30
rtp_64ab7cad,rmt_f11f8933,half_board,Half Board,2227.44,INR,72,0,1,1,active,2026-08-18T10:00:00+05:30
rtp_7a456eae,rmt_7da49a3b,full_board,Full Board,4764.24,INR,48,10,1,1,active,2026-08-18T10:00:00+05:30
rtp_5a8439b2,rmt_7da49a3b,non_refundable,Non Refundable,-1701.51,INR,0,100,0,1,active,2026-08-18T10:00:00+05:30
rtp_ea824b3f,rmt_55c522a8,breakfast_included,Breakfast Included,318.45,INR,24,25,1,1,active,2026-08-18T10:00:00+05:30
rtp_233baf2f,rmt_55c522a8,non_refundable,Non Refundable,-398.06,INR,0,100,0,1,active,2026-08-18T10:00:00+05:30
rtp_7f9bcd7b,rmt_b3a2ad07,refundable,Refundable,597.10,INR,72,25,0,1,active,2026-08-18T10:00:00+05:30
rtp_bba56a95,rmt_b3a2ad07,half_board,Half Board,895.64,INR,24,0,1,1,active,2026-08-18T10:00:00+05:30
rtp_aa51c9ab,rmt_5ad272e6,breakfast_included,Breakfast Included,509.52,INR,48,0,1,1,active,2026-08-18T10:00:00+05:30
rtp_8eaa5f57,rmt_5ad272e6,non_refundable,Non Refundable,-636.90,INR,0,100,0,1,active,2026-08-18T10:00:00+05:30
rtp_247ad659,rmt_97174185,half_board,Half Board,1576.33,INR,48,25,1,1,active,2026-08-18T10:00:00+05:30
rtp_ba17aaab,rmt_97174185,refundable,Refundable,1050.89,INR,48,10,0,1,active,2026-08-18T10:00:00+05:30
rtp_08026683,rmt_c7feb9b7,non_refundable,Non Refundable,-1460.00,INR,0,100,0,1,active,2026-08-18T10:00:00+05:30
rtp_873fde16,rmt_c7feb9b7,long_stay,Long Stay,-2189.99,INR,24,25,0,3,active,2026-08-18T10:00:00+05:30
rtp_c133b790,rmt_80d53c61,refundable,Refundable,2189.99,INR,48,25,0,1,active,2026-08-18T10:00:00+05:30
rtp_5795144f,rmt_80d53c61,breakfast_included,Breakfast Included,1460.00,INR,48,25,1,1,active,2026-08-18T10:00:00+05:30
rtp_de8fe960,rmt_031c6f90,full_board,Full Board,6540.78,INR,24,25,1,1,active,2026-08-18T10:00:00+05:30
rtp_05cfdbd0,rmt_031c6f90,long_stay,Long Stay,-3503.99,INR,24,25,0,3,active,2026-08-18T10:00:00+05:30
rtp_e32d3b72,rmt_a9cac23c,breakfast_included,Breakfast Included,2569.59,INR,72,0,1,1,active,2026-08-18T10:00:00+05:30
rtp_acc40bf6,rmt_a9cac23c,non_refundable,Non Refundable,-3211.99,INR,0,100,0,1,active,2026-08-18T10:00:00+05:30
rtp_c821e750,rmt_38d11d09,breakfast_included,Breakfast Included,402.67,INR,24,10,1,1,active,2026-08-18T10:00:00+05:30
rtp_fd294184,rmt_38d11d09,refundable,Refundable,604.01,INR,24,25,0,1,active,2026-08-18T10:00:00+05:30
rtp_11ba3039,rmt_3805cbd2,breakfast_included,Breakfast Included,90.60,INR,72,25,1,1,active,2026-08-18T10:00:00+05:30
rtp_7e5193e6,rmt_3805cbd2,refundable,Refundable,135.90,INR,48,10,0,1,active,2026-08-18T10:00:00+05:30
rtp_ec8d5919,rmt_2db0c6c3,full_board,Full Board,2254.96,INR,48,0,1,1,active,2026-08-18T10:00:00+05:30
rtp_14b3b45f,rmt_2db0c6c3,breakfast_included,Breakfast Included,644.27,INR,72,25,1,1,active,2026-08-18T10:00:00+05:30
rtp_870ccfe3,rmt_57ea2198,breakfast_included,Breakfast Included,885.88,INR,48,10,1,1,active,2026-08-18T10:00:00+05:30
rtp_ce77e911,rmt_57ea2198,refundable,Refundable,1328.82,INR,48,0,0,1,active,2026-08-18T10:00:00+05:30
rtp_5bc4ea3c,rmt_605d2d42,long_stay,Long Stay,-559.52,INR,72,0,0,3,active,2026-08-18T10:00:00+05:30
rtp_dbc576ac,rmt_605d2d42,half_board,Half Board,671.42,INR,72,10,1,1,active,2026-08-18T10:00:00+05:30
rtp_9681ac33,rmt_e80871dd,full_board,Full Board,1305.54,INR,48,0,1,1,active,2026-08-18T10:00:00+05:30
rtp_28d4aa97,rmt_e80871dd,long_stay,Long Stay,-699.40,INR,72,25,0,3,active,2026-08-18T10:00:00+05:30
rtp_514ac9ac,rmt_4804f8a1,full_board,Full Board,1671.09,INR,72,10,1,1,active,2026-08-18T10:00:00+05:30
rtp_1ab52df1,rmt_4804f8a1,long_stay,Long Stay,-895.23,INR,48,10,0,3,active,2026-08-18T10:00:00+05:30
rtp_d1a6db84,rmt_f1aa536a,breakfast_included,Breakfast Included,656.50,INR,72,0,1,1,active,2026-08-18T10:00:00+05:30
rtp_13306b43,rmt_f1aa536a,half_board,Half Board,1477.13,INR,72,10,1,1,active,2026-08-18T10:00:00+05:30
rtp_314f4a32,rmt_0b8a155f,full_board,Full Board,1597.45,INR,24,10,1,1,active,2026-08-18T10:00:00+05:30
rtp_c29e231f,rmt_0b8a155f,breakfast_included,Breakfast Included,456.41,INR,72,25,1,1,active,2026-08-18T10:00:00+05:30
rtp_4104f709,rmt_f63f6226,long_stay,Long Stay,-1069.72,INR,24,10,0,3,active,2026-08-18T10:00:00+05:30
rtp_8372f15f,rmt_f63f6226,half_board,Half Board,1283.66,INR,72,10,1,1,active,2026-08-18T10:00:00+05:30
rtp_41b09c00,rmt_1aa74dbb,long_stay,Long Stay,-1369.24,INR,24,10,0,3,active,2026-08-18T10:00:00+05:30
rtp_7f329ea2,rmt_1aa74dbb,full_board,Full Board,2555.92,INR,48,25,1,1,active,2026-08-18T10:00:00+05:30
rtp_4c6fddb7,rmt_799621f4,breakfast_included,Breakfast Included,1004.11,INR,72,10,1,1,active,2026-08-18T10:00:00+05:30
rtp_b2457a3e,rmt_799621f4,full_board,Full Board,3514.39,INR,24,0,1,1,active,2026-08-18T10:00:00+05:30
rtp_fcefcfe3,rmt_8ec9a685,long_stay,Long Stay,-905.30,INR,48,25,0,3,active,2026-08-18T10:00:00+05:30
rtp_1cdb1c7c,rmt_8ec9a685,refundable,Refundable,724.24,INR,72,25,0,1,active,2026-08-18T10:00:00+05:30
rtp_8926c8b1,rmt_c946b4c2,non_refundable,Non Refundable,-754.42,INR,0,100,0,1,active,2026-08-18T10:00:00+05:30
rtp_711dc664,rmt_c946b4c2,refundable,Refundable,905.30,INR,72,10,0,1,active,2026-08-18T10:00:00+05:30
rtp_51f3b322,rmt_2b67c1df,half_board,Half Board,1738.18,INR,48,10,1,1,active,2026-08-18T10:00:00+05:30
rtp_0df1c243,rmt_2b67c1df,non_refundable,Non Refundable,-965.66,INR,0,100,0,1,active,2026-08-18T10:00:00+05:30
rtp_690b973a,rmt_afec0845,refundable,Refundable,1593.34,INR,24,25,0,1,active,2026-08-18T10:00:00+05:30
rtp_b4be535f,rmt_afec0845,non_refundable,Non Refundable,-1327.78,INR,0,100,0,1,active,2026-08-18T10:00:00+05:30
rtp_a5624a89,rmt_ddb7c473,half_board,Half Board,565.46,INR,72,0,1,1,active,2026-08-18T10:00:00+05:30
rtp_9126a202,rmt_ddb7c473,breakfast_included,Breakfast Included,251.31,INR,24,10,1,1,active,2026-08-18T10:00:00+05:30
rtp_1441074f,rmt_9947d92b,long_stay,Long Stay,-589.02,INR,24,0,0,3,active,2026-08-18T10:00:00+05:30
rtp_489f5b9c,rmt_9947d92b,non_refundable,Non Refundable,-392.68,INR,0,100,0,1,active,2026-08-18T10:00:00+05:30
rtp_217861cc,rmt_762d6fb4,non_refundable,Non Refundable,-502.63,INR,0,100,0,1,active,2026-08-18T10:00:00+05:30
rtp_1eae093f,rmt_762d6fb4,refundable,Refundable,603.15,INR,48,25,0,1,active,2026-08-18T10:00:00+05:30
rtp_52dfe8d9,rmt_275eaa9e,breakfast_included,Breakfast Included,552.89,INR,24,0,1,1,active,2026-08-18T10:00:00+05:30
rtp_389e5c8f,rmt_275eaa9e,non_refundable,Non Refundable,-691.11,INR,0,100,0,1,active,2026-08-18T10:00:00+05:30
rtp_58d55ab3,rmt_3a584d76,full_board,Full Board,773.72,INR,72,0,1,1,active,2026-08-18T10:00:00+05:30
rtp_a305df93,rmt_3a584d76,breakfast_included,Breakfast Included,221.06,INR,72,10,1,1,active,2026-08-18T10:00:00+05:30
rtp_cfe814b1,rmt_da45524e,non_refundable,Non Refundable,-345.41,INR,0,100,0,1,active,2026-08-18T10:00:00+05:30
rtp_7dd182ea,rmt_da45524e,long_stay,Long Stay,-518.12,INR,72,0,0,3,active,2026-08-18T10:00:00+05:30
rtp_56eadd26,rmt_a990cc08,long_stay,Long Stay,-663.19,INR,24,10,0,3,active,2026-08-18T10:00:00+05:30
rtp_e4f6be61,rmt_a990cc08,full_board,Full Board,1237.96,INR,48,10,1,1,active,2026-08-18T10:00:00+05:30
rtp_64d76376,rmt_24f68d46,breakfast_included,Breakfast Included,486.34,INR,48,0,1,1,active,2026-08-18T10:00:00+05:30
rtp_86855535,rmt_24f68d46,non_refundable,Non Refundable,-607.93,INR,0,100,0,1,active,2026-08-18T10:00:00+05:30
rtp_55cd5604,rmt_d34a3325,non_refundable,Non Refundable,-1415.70,INR,0,100,0,1,active,2026-08-18T10:00:00+05:30
rtp_054942d7,rmt_d34a3325,refundable,Refundable,1698.84,INR,48,25,0,1,active,2026-08-18T10:00:00+05:30
rtp_3b2763e0,rmt_06f0a27d,refundable,Refundable,2123.55,INR,48,10,0,1,active,2026-08-18T10:00:00+05:30
rtp_3efbcae3,rmt_06f0a27d,non_refundable,Non Refundable,-1769.62,INR,0,100,0,1,active,2026-08-18T10:00:00+05:30
rtp_b7fe30c3,rmt_869e7f7d,full_board,Full Board,6342.33,INR,72,0,1,1,active,2026-08-18T10:00:00+05:30
rtp_f4da737e,rmt_869e7f7d,refundable,Refundable,2718.14,INR,72,25,0,1,active,2026-08-18T10:00:00+05:30
rtp_b3ce0dcf,rmt_6a7df85e,half_board,Half Board,5606.17,INR,48,25,1,1,active,2026-08-18T10:00:00+05:30
rtp_95585b44,rmt_6a7df85e,breakfast_included,Breakfast Included,2491.63,INR,24,25,1,1,active,2026-08-18T10:00:00+05:30
rtp_a04608a0,rmt_188dccb2,refundable,Refundable,725.61,INR,72,0,0,1,active,2026-08-18T10:00:00+05:30
rtp_e710add1,rmt_188dccb2,long_stay,Long Stay,-907.01,INR,72,0,0,3,active,2026-08-18T10:00:00+05:30
rtp_55dcd1d4,rmt_3720831a,non_refundable,Non Refundable,-755.84,INR,0,100,0,1,active,2026-08-18T10:00:00+05:30
rtp_0147c69f,rmt_3720831a,half_board,Half Board,1360.51,INR,72,0,1,1,active,2026-08-18T10:00:00+05:30
rtp_f096ab12,rmt_4cdda78e,breakfast_included,Breakfast Included,773.98,INR,72,0,1,1,active,2026-08-18T10:00:00+05:30
rtp_41cbabc7,rmt_4cdda78e,half_board,Half Board,1741.45,INR,48,10,1,1,active,2026-08-18T10:00:00+05:30
rtp_9dfbff24,rmt_225fff85,non_refundable,Non Refundable,-1330.28,INR,0,100,0,1,active,2026-08-18T10:00:00+05:30
rtp_1c405794,rmt_225fff85,breakfast_included,Breakfast Included,1064.22,INR,48,10,1,1,active,2026-08-18T10:00:00+05:30
rtp_aed21ee3,rmt_088faae1,non_refundable,Non Refundable,-344.85,INR,0,100,0,1,active,2026-08-18T10:00:00+05:30
rtp_c1d4553f,rmt_088faae1,full_board,Full Board,965.57,INR,48,10,1,1,active,2026-08-18T10:00:00+05:30
rtp_73afe6f7,rmt_3f0b8e63,long_stay,Long Stay,-646.59,INR,48,10,0,3,active,2026-08-18T10:00:00+05:30
rtp_f912acd3,rmt_3f0b8e63,breakfast_included,Breakfast Included,344.85,INR,72,25,1,1,active,2026-08-18T10:00:00+05:30
rtp_91dbb7d6,rmt_91b575ba,breakfast_included,Breakfast Included,441.40,INR,48,10,1,1,active,2026-08-18T10:00:00+05:30
rtp_f03ac4ff,rmt_91b575ba,refundable,Refundable,662.11,INR,72,10,0,1,active,2026-08-18T10:00:00+05:30
rtp_4fafc799,rmt_1e240f61,breakfast_included,Breakfast Included,606.93,INR,72,10,1,1,active,2026-08-18T10:00:00+05:30
rtp_8edd30fa,rmt_1e240f61,full_board,Full Board,2124.26,INR,72,10,1,1,active,2026-08-18T10:00:00+05:30
rtp_5a29b8d3,rmt_034dffff,refundable,Refundable,670.60,INR,24,25,0,1,active,2026-08-18T10:00:00+05:30
rtp_02bcbdbd,rmt_034dffff,breakfast_included,Breakfast Included,447.07,INR,24,0,1,1,active,2026-08-18T10:00:00+05:30
rtp_2b68108a,rmt_7f9f494c,breakfast_included,Breakfast Included,558.83,INR,24,10,1,1,active,2026-08-18T10:00:00+05:30
rtp_13636b8d,rmt_7f9f494c,long_stay,Long Stay,-1047.81,INR,24,10,0,3,active,2026-08-18T10:00:00+05:30
rtp_8fc9b859,rmt_632cc1f3,non_refundable,Non Refundable,-894.14,INR,0,100,0,1,active,2026-08-18T10:00:00+05:30
rtp_ccf57303,rmt_632cc1f3,half_board,Half Board,1609.44,INR,48,10,1,1,active,2026-08-18T10:00:00+05:30
rtp_c8824370,rmt_92601702,non_refundable,Non Refundable,-1229.44,INR,0,100,0,1,active,2026-08-18T10:00:00+05:30
rtp_4da028b6,rmt_92601702,refundable,Refundable,1475.32,INR,48,0,0,1,active,2026-08-18T10:00:00+05:30
rtp_86091254,rmt_7cebcac9,refundable,Refundable,229.39,INR,72,25,0,1,active,2026-08-18T10:00:00+05:30
rtp_45ca38ba,rmt_7cebcac9,half_board,Half Board,344.09,INR,72,10,1,1,active,2026-08-18T10:00:00+05:30
rtp_0841d4c4,rmt_7a6d1768,long_stay,Long Stay,-358.43,INR,72,10,0,3,active,2026-08-18T10:00:00+05:30
rtp_9efb86a8,rmt_7a6d1768,breakfast_included,Breakfast Included,191.16,INR,48,25,1,1,active,2026-08-18T10:00:00+05:30
rtp_f2a99c51,rmt_58eeb2ee,half_board,Half Board,550.54,INR,48,25,1,1,active,2026-08-18T10:00:00+05:30
rtp_f29ad926,rmt_58eeb2ee,full_board,Full Board,856.40,INR,48,10,1,1,active,2026-08-18T10:00:00+05:30
rtp_8c1dc429,rmt_bd571c9a,full_board,Full Board,1177.55,INR,72,0,1,1,active,2026-08-18T10:00:00+05:30
rtp_634f721a,rmt_bd571c9a,long_stay,Long Stay,-630.83,INR,24,25,0,3,active,2026-08-18T10:00:00+05:30
rtp_2252470d,rmt_319a657b,refundable,Refundable,203.63,INR,48,0,0,1,active,2026-08-18T10:00:00+05:30
rtp_4baf58bc,rmt_319a657b,full_board,Full Board,475.15,INR,24,0,1,1,active,2026-08-18T10:00:00+05:30
rtp_fced1e11,rmt_fcb045a1,breakfast_included,Breakfast Included,169.70,INR,24,25,1,1,active,2026-08-18T10:00:00+05:30
rtp_5a388c2e,rmt_fcb045a1,half_board,Half Board,381.81,INR,72,25,1,1,active,2026-08-18T10:00:00+05:30
rtp_6d4ba4d4,rmt_e99927f7,breakfast_included,Breakfast Included,217.21,INR,72,25,1,1,active,2026-08-18T10:00:00+05:30
rtp_ac2fd1e8,rmt_e99927f7,half_board,Half Board,488.72,INR,72,25,1,1,active,2026-08-18T10:00:00+05:30
rtp_950207f0,rmt_4be4b5c2,long_stay,Long Stay,-559.99,INR,72,10,0,3,active,2026-08-18T10:00:00+05:30
rtp_72c491c4,rmt_4be4b5c2,non_refundable,Non Refundable,-373.33,INR,0,100,0,1,active,2026-08-18T10:00:00+05:30
rtp_f5fd97ef,rmt_236b4df9,non_refundable,Non Refundable,-743.52,INR,0,100,0,1,active,2026-08-18T10:00:00+05:30
rtp_eeb717d7,rmt_236b4df9,breakfast_included,Breakfast Included,594.81,INR,24,10,1,1,active,2026-08-18T10:00:00+05:30
rtp_2310f398,rmt_616f0ab4,breakfast_included,Breakfast Included,743.51,INR,48,10,1,1,active,2026-08-18T10:00:00+05:30
rtp_d5a8b39b,rmt_616f0ab4,refundable,Refundable,1115.27,INR,24,10,0,1,active,2026-08-18T10:00:00+05:30
rtp_ff7f9667,rmt_9abeddeb,long_stay,Long Stay,-1784.44,INR,24,0,0,3,active,2026-08-18T10:00:00+05:30
rtp_11332deb,rmt_9abeddeb,breakfast_included,Breakfast Included,951.70,INR,72,25,1,1,active,2026-08-18T10:00:00+05:30
rtp_2bff35b8,rmt_56416285,long_stay,Long Stay,-2453.60,INR,72,0,0,3,active,2026-08-18T10:00:00+05:30
rtp_5257366f,rmt_56416285,full_board,Full Board,4580.05,INR,48,25,1,1,active,2026-08-18T10:00:00+05:30
rtp_9efda332,rmt_315d2584,long_stay,Long Stay,-588.68,INR,48,0,0,3,active,2026-08-18T10:00:00+05:30
rtp_46ee74a3,rmt_315d2584,non_refundable,Non Refundable,-392.45,INR,0,100,0,1,active,2026-08-18T10:00:00+05:30
rtp_252e8113,rmt_5951d936,refundable,Refundable,588.68,INR,24,25,0,1,active,2026-08-18T10:00:00+05:30
rtp_686ab46c,rmt_5951d936,long_stay,Long Stay,-735.85,INR,72,10,0,3,active,2026-08-18T10:00:00+05:30
rtp_458a6e40,rmt_4f1d0d38,half_board,Half Board,1130.27,INR,48,25,1,1,active,2026-08-18T10:00:00+05:30
rtp_9b313091,rmt_4f1d0d38,non_refundable,Non Refundable,-627.93,INR,0,100,0,1,active,2026-08-18T10:00:00+05:30
rtp_d05dfeab,rmt_9a171b36,half_board,Half Board,1554.12,INR,48,0,1,1,active,2026-08-18T10:00:00+05:30
rtp_6849fb56,rmt_9a171b36,full_board,Full Board,2417.52,INR,24,0,1,1,active,2026-08-18T10:00:00+05:30
rtp_b7fb97ba,rmt_c015a465,half_board,Half Board,1392.13,INR,24,0,1,1,active,2026-08-18T10:00:00+05:30
rtp_1fd9ea42,rmt_c015a465,long_stay,Long Stay,-1160.11,INR,48,25,0,3,active,2026-08-18T10:00:00+05:30
rtp_02ab0ada,rmt_3e0f14b7,full_board,Full Board,2706.92,INR,72,25,1,1,active,2026-08-18T10:00:00+05:30
rtp_f3157efa,rmt_3e0f14b7,half_board,Half Board,1740.16,INR,72,10,1,1,active,2026-08-18T10:00:00+05:30
rtp_2b986e52,rmt_4432ea46,full_board,Full Board,3464.86,INR,72,25,1,1,active,2026-08-18T10:00:00+05:30
rtp_27629c8e,rmt_4432ea46,breakfast_included,Breakfast Included,989.96,INR,24,25,1,1,active,2026-08-18T10:00:00+05:30
rtp_0c27d6c4,rmt_ad2452fd,non_refundable,Non Refundable,-1701.50,INR,0,100,0,1,active,2026-08-18T10:00:00+05:30
rtp_6e016e57,rmt_ad2452fd,half_board,Half Board,3062.69,INR,72,25,1,1,active,2026-08-18T10:00:00+05:30
rtp_46e2ed5f,rmt_0b8a6b18,half_board,Half Board,465.33,INR,48,10,1,1,active,2026-08-18T10:00:00+05:30
rtp_954122fe,rmt_0b8a6b18,long_stay,Long Stay,-387.78,INR,72,10,0,3,active,2026-08-18T10:00:00+05:30
rtp_969496c9,rmt_44d57f99,full_board,Full Board,904.81,INR,24,0,1,1,active,2026-08-18T10:00:00+05:30
rtp_71879ed8,rmt_44d57f99,refundable,Refundable,387.78,INR,48,10,0,1,active,2026-08-18T10:00:00+05:30
rtp_f044e47e,rmt_67bc39b7,breakfast_included,Breakfast Included,330.90,INR,72,0,1,1,active,2026-08-18T10:00:00+05:30
rtp_5dd9f0d5,rmt_67bc39b7,long_stay,Long Stay,-620.44,INR,72,0,0,3,active,2026-08-18T10:00:00+05:30
rtp_44998d08,rmt_b8fc1bd0,breakfast_included,Breakfast Included,2502.45,INR,24,25,1,1,active,2026-08-18T10:00:00+05:30
rtp_66cc2bb1,rmt_b8fc1bd0,non_refundable,Non Refundable,-3128.06,INR,0,100,0,1,active,2026-08-18T10:00:00+05:30
rtp_ae41a4bb,rmt_f72ec4e5,non_refundable,Non Refundable,-581.65,INR,0,100,0,1,active,2026-08-18T10:00:00+05:30
rtp_85e6b5ee,rmt_f72ec4e5,long_stay,Long Stay,-872.47,INR,24,10,0,3,active,2026-08-18T10:00:00+05:30
rtp_dd135234,rmt_b4972b6b,non_refundable,Non Refundable,-727.06,INR,0,100,0,1,active,2026-08-18T10:00:00+05:30
rtp_cd7dc2ef,rmt_b4972b6b,refundable,Refundable,872.47,INR,24,10,0,1,active,2026-08-18T10:00:00+05:30
rtp_3342ec10,rmt_a2bd4417,refundable,Refundable,1116.77,INR,48,0,0,1,active,2026-08-18T10:00:00+05:30
rtp_ad5c65f8,rmt_a2bd4417,long_stay,Long Stay,-1395.96,INR,72,10,0,3,active,2026-08-18T10:00:00+05:30
rtp_a1f84bd6,rmt_9e3a33aa,breakfast_included,Breakfast Included,1023.70,INR,24,0,1,1,active,2026-08-18T10:00:00+05:30
rtp_01f2f161,rmt_9e3a33aa,non_refundable,Non Refundable,-1279.63,INR,0,100,0,1,active,2026-08-18T10:00:00+05:30
rtp_0290f06a,rmt_3bf92d12,breakfast_included,Breakfast Included,912.84,INR,48,0,1,1,active,2026-08-18T10:00:00+05:30
rtp_645c47eb,rmt_3bf92d12,half_board,Half Board,2053.90,INR,72,10,1,1,active,2026-08-18T10:00:00+05:30
rtp_312315da,rmt_03e3757c,refundable,Refundable,1711.58,INR,24,0,0,1,active,2026-08-18T10:00:00+05:30
rtp_46bc2d01,rmt_03e3757c,long_stay,Long Stay,-2139.48,INR,72,0,0,3,active,2026-08-18T10:00:00+05:30
rtp_c5530e8b,rmt_37928dbf,breakfast_included,Breakfast Included,8033.02,INR,24,10,1,1,active,2026-08-18T10:00:00+05:30
rtp_b805d282,rmt_37928dbf,non_refundable,Non Refundable,-10041.28,INR,0,100,0,1,active,2026-08-18T10:00:00+05:30
rtp_dacddb85,rmt_2ecf1620,long_stay,Long Stay,-3765.48,INR,24,25,0,3,active,2026-08-18T10:00:00+05:30
rtp_5f3faa4a,rmt_2ecf1620,refundable,Refundable,3012.38,INR,48,0,0,1,active,2026-08-18T10:00:00+05:30
rtp_53df444f,rmt_090d2307,breakfast_included,Breakfast Included,885.10,INR,48,0,1,1,active,2026-08-18T10:00:00+05:30
rtp_c33f683b,rmt_090d2307,refundable,Refundable,1327.65,INR,72,10,0,1,active,2026-08-18T10:00:00+05:30
rtp_7b452373,rmt_f41a96ee,full_board,Full Board,3872.31,INR,72,10,1,1,active,2026-08-18T10:00:00+05:30
rtp_0dd7af3b,rmt_f41a96ee,long_stay,Long Stay,-2074.45,INR,24,0,0,3,active,2026-08-18T10:00:00+05:30
rtp_67ca4856,rmt_ce0551dd,refundable,Refundable,2124.24,INR,48,25,0,1,active,2026-08-18T10:00:00+05:30
rtp_4cabb1c2,rmt_ce0551dd,half_board,Half Board,3186.36,INR,48,25,1,1,active,2026-08-18T10:00:00+05:30
rtp_737ca223,rmt_a8f140d8,breakfast_included,Breakfast Included,1947.22,INR,24,25,1,1,active,2026-08-18T10:00:00+05:30
rtp_e142f5af,rmt_a8f140d8,long_stay,Long Stay,-3651.04,INR,72,25,0,3,active,2026-08-18T10:00:00+05:30
rtp_36aaaba2,rmt_54db1870,non_refundable,Non Refundable,-222.05,INR,0,100,0,1,active,2026-08-18T10:00:00+05:30
rtp_96e7e2ec,rmt_54db1870,refundable,Refundable,266.46,INR,72,10,0,1,active,2026-08-18T10:00:00+05:30
rtp_7f1ff6fd,rmt_9145d827,long_stay,Long Stay,-416.35,INR,48,10,0,3,active,2026-08-18T10:00:00+05:30
rtp_763f0c74,rmt_9145d827,non_refundable,Non Refundable,-277.57,INR,0,100,0,1,active,2026-08-18T10:00:00+05:30
rtp_5daa088d,rmt_76f62025,non_refundable,Non Refundable,-355.29,INR,0,100,0,1,active,2026-08-18T10:00:00+05:30
rtp_ebf7571e,rmt_76f62025,breakfast_included,Breakfast Included,284.23,INR,72,10,1,1,active,2026-08-18T10:00:00+05:30
rtp_9dcf8497,rmt_f09dd267,full_board,Full Board,1367.85,INR,48,10,1,1,active,2026-08-18T10:00:00+05:30
rtp_9257dba2,rmt_f09dd267,non_refundable,Non Refundable,-488.52,INR,0,100,0,1,active,2026-08-18T10:00:00+05:30
rtp_424b6015,rmt_465c592e,non_refundable,Non Refundable,-674.26,INR,0,100,0,1,active,2026-08-18T10:00:00+05:30
rtp_eb8def9e,rmt_465c592e,half_board,Half Board,1213.66,INR,24,10,1,1,active,2026-08-18T10:00:00+05:30
rtp_a925768a,rmt_f7c68cca,refundable,Refundable,1011.39,INR,24,10,0,1,active,2026-08-18T10:00:00+05:30
rtp_68a3f00e,rmt_f7c68cca,full_board,Full Board,2359.90,INR,48,0,1,1,active,2026-08-18T10:00:00+05:30
rtp_b4c5d705,rmt_23e56fd9,long_stay,Long Stay,-1618.22,INR,48,10,0,3,active,2026-08-18T10:00:00+05:30
rtp_7b105d38,rmt_23e56fd9,breakfast_included,Breakfast Included,863.05,INR,48,10,1,1,active,2026-08-18T10:00:00+05:30
rtp_ad44265e,rmt_61db34ed,full_board,Full Board,4153.42,INR,48,10,1,1,active,2026-08-18T10:00:00+05:30
rtp_419463c6,rmt_61db34ed,half_board,Half Board,2670.06,INR,24,25,1,1,active,2026-08-18T10:00:00+05:30
rtp_c01d534f,rmt_f5a6d0c3,long_stay,Long Stay,-594.81,INR,48,0,0,3,active,2026-08-18T10:00:00+05:30
rtp_7f7908b8,rmt_f5a6d0c3,non_refundable,Non Refundable,-396.54,INR,0,100,0,1,active,2026-08-18T10:00:00+05:30
rtp_5bfe0b62,rmt_f782afc8,refundable,Refundable,594.81,INR,48,10,0,1,active,2026-08-18T10:00:00+05:30
rtp_7645e589,rmt_f782afc8,full_board,Full Board,1387.89,INR,48,0,1,1,active,2026-08-18T10:00:00+05:30
rtp_364c9aa0,rmt_1805b104,long_stay,Long Stay,-951.70,INR,48,10,0,3,active,2026-08-18T10:00:00+05:30
rtp_25178aff,rmt_1805b104,non_refundable,Non Refundable,-634.47,INR,0,100,0,1,active,2026-08-18T10:00:00+05:30
rtp_58061b4a,rmt_81e245d4,long_stay,Long Stay,-1308.58,INR,72,10,0,3,active,2026-08-18T10:00:00+05:30
rtp_0ece0073,rmt_81e245d4,refundable,Refundable,1046.87,INR,48,0,0,1,active,2026-08-18T10:00:00+05:30
rtp_11b330ff,rmt_afbf54c3,half_board,Half Board,711.35,INR,48,10,1,1,active,2026-08-18T10:00:00+05:30
rtp_382de9aa,rmt_afbf54c3,full_board,Full Board,1106.55,INR,72,10,1,1,active,2026-08-18T10:00:00+05:30
rtp_38ac0b8f,rmt_5868aefd,breakfast_included,Breakfast Included,395.20,INR,72,25,1,1,active,2026-08-18T10:00:00+05:30
rtp_5d46b615,rmt_5868aefd,non_refundable,Non Refundable,-494.00,INR,0,100,0,1,active,2026-08-18T10:00:00+05:30
rtp_8d2e6a72,rmt_64346e8a,long_stay,Long Stay,-948.47,INR,48,25,0,3,active,2026-08-18T10:00:00+05:30
rtp_2358a935,rmt_64346e8a,non_refundable,Non Refundable,-632.32,INR,0,100,0,1,active,2026-08-18T10:00:00+05:30
rtp_f2330276,rmt_aacaeea2,non_refundable,Non Refundable,-869.43,INR,0,100,0,1,active,2026-08-18T10:00:00+05:30
rtp_69aceacd,rmt_aacaeea2,refundable,Refundable,1043.32,INR,72,25,0,1,active,2026-08-18T10:00:00+05:30
rtp_46c4c2f6,rmt_a79553dd,full_board,Full Board,1973.61,INR,72,25,1,1,active,2026-08-18T10:00:00+05:30
rtp_8ae45267,rmt_a79553dd,half_board,Half Board,1268.75,INR,72,10,1,1,active,2026-08-18T10:00:00+05:30
rtp_9bcd8456,rmt_2a598ebb,long_stay,Long Stay,-1321.62,INR,24,25,0,3,active,2026-08-18T10:00:00+05:30
rtp_5d7d0cc0,rmt_2a598ebb,non_refundable,Non Refundable,-881.08,INR,0,100,0,1,active,2026-08-18T10:00:00+05:30
rtp_b3ace777,rmt_9273b587,long_stay,Long Stay,-1691.67,INR,24,0,0,3,active,2026-08-18T10:00:00+05:30
rtp_6e05b00c,rmt_9273b587,half_board,Half Board,2030.00,INR,72,10,1,1,active,2026-08-18T10:00:00+05:30
rtp_99063227,rmt_a4546207,long_stay,Long Stay,-2326.05,INR,72,25,0,3,active,2026-08-18T10:00:00+05:30
rtp_9de50dc9,rmt_a4546207,refundable,Refundable,1860.84,INR,24,10,0,1,active,2026-08-18T10:00:00+05:30
rtp_561260c2,rmt_3334f1db,full_board,Full Board,4004.22,INR,24,10,1,1,active,2026-08-18T10:00:00+05:30
rtp_f8ca2366,rmt_3334f1db,long_stay,Long Stay,-2145.12,INR,72,25,0,3,active,2026-08-18T10:00:00+05:30
rtp_9217e37c,rmt_e56009dd,refundable,Refundable,390.02,INR,24,25,0,1,active,2026-08-18T10:00:00+05:30
rtp_94e681b4,rmt_e56009dd,long_stay,Long Stay,-487.53,INR,48,10,0,3,active,2026-08-18T10:00:00+05:30
rtp_94998388,rmt_9e7cce83,long_stay,Long Stay,-624.03,INR,24,10,0,3,active,2026-08-18T10:00:00+05:30
rtp_657f4299,rmt_9e7cce83,breakfast_included,Breakfast Included,332.82,INR,72,25,1,1,active,2026-08-18T10:00:00+05:30
rtp_87e6d52e,rmt_aca68442,full_board,Full Board,1601.69,INR,24,10,1,1,active,2026-08-18T10:00:00+05:30
rtp_ae076111,rmt_aca68442,breakfast_included,Breakfast Included,457.63,INR,48,0,1,1,active,2026-08-18T10:00:00+05:30
rtp_f09a9233,rmt_2de3c592,full_board,Full Board,3942.89,INR,72,25,1,1,active,2026-08-18T10:00:00+05:30
rtp_8db8e496,rmt_2de3c592,long_stay,Long Stay,-2112.26,INR,72,10,0,3,active,2026-08-18T10:00:00+05:30
rtp_378fd4db,rmt_ff826355,half_board,Half Board,3168.39,INR,48,0,1,1,active,2026-08-18T10:00:00+05:30
rtp_5f701526,rmt_ff826355,long_stay,Long Stay,-2640.33,INR,24,25,0,3,active,2026-08-18T10:00:00+05:30
rtp_65bdc3a3,rmt_0c4e074c,long_stay,Long Stay,-3379.62,INR,24,0,0,3,active,2026-08-18T10:00:00+05:30
rtp_cbb667cb,rmt_0c4e074c,non_refundable,Non Refundable,-2253.08,INR,0,100,0,1,active,2026-08-18T10:00:00+05:30
rtp_e386b1b5,rmt_5a97e8a0,half_board,Half Board,5576.37,INR,24,25,1,1,active,2026-08-18T10:00:00+05:30
rtp_f2871bb4,rmt_5a97e8a0,non_refundable,Non Refundable,-3097.98,INR,0,100,0,1,active,2026-08-18T10:00:00+05:30
rtp_c0df0a56,rmt_3b3f28a1,breakfast_included,Breakfast Included,208.67,INR,48,10,1,1,active,2026-08-18T10:00:00+05:30
rtp_3ce8fd0f,rmt_3b3f28a1,long_stay,Long Stay,-391.26,INR,72,0,0,3,active,2026-08-18T10:00:00+05:30
rtp_f2b26c00,rmt_201a160d,full_board,Full Board,912.94,INR,24,10,1,1,active,2026-08-18T10:00:00+05:30
rtp_3986700f,rmt_201a160d,long_stay,Long Stay,-489.08,INR,48,0,0,3,active,2026-08-18T10:00:00+05:30
rtp_f01abba4,rmt_e539203f,breakfast_included,Breakfast Included,333.88,INR,24,0,1,1,active,2026-08-18T10:00:00+05:30
rtp_6d6f2be0,rmt_e539203f,long_stay,Long Stay,-626.02,INR,48,10,0,3,active,2026-08-18T10:00:00+05:30
rtp_3b9a76c3,rmt_fc43c21f,non_refundable,Non Refundable,-573.85,INR,0,100,0,1,active,2026-08-18T10:00:00+05:30
rtp_b8f9c140,rmt_fc43c21f,full_board,Full Board,1606.78,INR,48,10,1,1,active,2026-08-18T10:00:00+05:30
rtp_4258c2e8,rmt_e11b20fc,full_board,Full Board,2981.84,INR,72,0,1,1,active,2026-08-18T10:00:00+05:30
rtp_592c0fa4,rmt_e11b20fc,long_stay,Long Stay,-1597.42,INR,48,10,0,3,active,2026-08-18T10:00:00+05:30
rtp_07b8f130,rmt_419d3a58,long_stay,Long Stay,-1996.77,INR,72,25,0,3,active,2026-08-18T10:00:00+05:30
rtp_cf1da633,rmt_419d3a58,refundable,Refundable,1597.42,INR,24,0,0,1,active,2026-08-18T10:00:00+05:30
rtp_3e0c5e40,rmt_b9868e2d,breakfast_included,Breakfast Included,1363.13,INR,48,0,1,1,active,2026-08-18T10:00:00+05:30
rtp_499ebd01,rmt_b9868e2d,full_board,Full Board,4770.95,INR,24,25,1,1,active,2026-08-18T10:00:00+05:30
rtp_5dbfaff2,rmt_71da0158,long_stay,Long Stay,-3514.32,INR,24,10,0,3,active,2026-08-18T10:00:00+05:30
rtp_b55f2fcb,rmt_71da0158,non_refundable,Non Refundable,-2342.88,INR,0,100,0,1,active,2026-08-18T10:00:00+05:30
rtp_3ff7db44,rmt_963ad866,refundable,Refundable,354.62,INR,72,0,0,1,active,2026-08-18T10:00:00+05:30
rtp_e582ab5d,rmt_963ad866,non_refundable,Non Refundable,-295.52,INR,0,100,0,1,active,2026-08-18T10:00:00+05:30
rtp_42a06182,rmt_edd5323e,full_board,Full Board,1034.31,INR,48,25,1,1,active,2026-08-18T10:00:00+05:30
rtp_4e23cb8a,rmt_edd5323e,half_board,Half Board,664.91,INR,48,10,1,1,active,2026-08-18T10:00:00+05:30
rtp_d5b33ac9,rmt_db3ec392,long_stay,Long Stay,-709.24,INR,24,25,0,3,active,2026-08-18T10:00:00+05:30
rtp_2e4752b7,rmt_db3ec392,half_board,Half Board,851.09,INR,48,25,1,1,active,2026-08-18T10:00:00+05:30
rtp_29c05f9b,rmt_d4ace0f4,breakfast_included,Breakfast Included,520.11,INR,24,25,1,1,active,2026-08-18T10:00:00+05:30
rtp_7528eb73,rmt_d4ace0f4,refundable,Refundable,780.17,INR,72,0,0,1,active,2026-08-18T10:00:00+05:30
rtp_755d7b9f,rmt_7aedb95f,breakfast_included,Breakfast Included,547.58,INR,24,0,1,1,active,2026-08-18T10:00:00+05:30
rtp_0e9b080e,rmt_7aedb95f,long_stay,Long Stay,-1026.71,INR,24,0,0,3,active,2026-08-18T10:00:00+05:30
rtp_c1f51a6d,rmt_e6e267b9,refundable,Refundable,1026.70,INR,24,0,0,1,active,2026-08-18T10:00:00+05:30
rtp_81dc2632,rmt_e6e267b9,long_stay,Long Stay,-1283.38,INR,48,0,0,3,active,2026-08-18T10:00:00+05:30
rtp_dcde275f,rmt_5826708f,refundable,Refundable,1314.18,INR,24,0,0,1,active,2026-08-18T10:00:00+05:30
rtp_66516b8c,rmt_5826708f,half_board,Half Board,1971.27,INR,48,10,1,1,active,2026-08-18T10:00:00+05:30
rtp_bbf7ea7a,rmt_372183b1,non_refundable,Non Refundable,-1505.83,INR,0,100,0,1,active,2026-08-18T10:00:00+05:30
rtp_bcb1c1e9,rmt_372183b1,half_board,Half Board,2710.50,INR,48,25,1,1,active,2026-08-18T10:00:00+05:30
rtp_4ad2e105,rmt_51b7ae14,full_board,Full Board,586.09,INR,48,25,1,1,active,2026-08-18T10:00:00+05:30
rtp_adb45476,rmt_51b7ae14,refundable,Refundable,251.18,INR,24,25,0,1,active,2026-08-18T10:00:00+05:30
rtp_558d3438,rmt_cf4717f5,breakfast_included,Breakfast Included,209.32,INR,72,25,1,1,active,2026-08-18T10:00:00+05:30
rtp_eb7d0a7c,rmt_cf4717f5,half_board,Half Board,470.96,INR,24,25,1,1,active,2026-08-18T10:00:00+05:30
rtp_a1f69730,rmt_48c1970b,breakfast_included,Breakfast Included,267.93,INR,24,10,1,1,active,2026-08-18T10:00:00+05:30
rtp_b5ea0745,rmt_48c1970b,long_stay,Long Stay,-502.36,INR,72,25,0,3,active,2026-08-18T10:00:00+05:30
rtp_84b62fd3,rmt_8ae47434,breakfast_included,Breakfast Included,368.40,INR,24,25,1,1,active,2026-08-18T10:00:00+05:30
rtp_2658cee9,rmt_8ae47434,long_stay,Long Stay,-690.75,INR,24,25,0,3,active,2026-08-18T10:00:00+05:30
rtp_a71dd842,rmt_3e369548,refundable,Refundable,267.87,INR,48,0,0,1,active,2026-08-18T10:00:00+05:30
rtp_d61bb3ef,rmt_3e369548,non_refundable,Non Refundable,-223.22,INR,0,100,0,1,active,2026-08-18T10:00:00+05:30
rtp_07ea088d,rmt_1b2435c6,breakfast_included,Breakfast Included,223.22,INR,24,25,1,1,active,2026-08-18T10:00:00+05:30
rtp_a3f38d99,rmt_1b2435c6,long_stay,Long Stay,-418.54,INR,72,0,0,3,active,2026-08-18T10:00:00+05:30
rtp_e6dfffa1,rmt_73d9920d,breakfast_included,Breakfast Included,285.72,INR,48,0,1,1,active,2026-08-18T10:00:00+05:30
rtp_9056f2a2,rmt_73d9920d,non_refundable,Non Refundable,-357.15,INR,0,100,0,1,active,2026-08-18T10:00:00+05:30
rtp_25b4c97c,rmt_ddfb7c69,breakfast_included,Breakfast Included,392.87,INR,72,25,1,1,active,2026-08-18T10:00:00+05:30
rtp_fa0834a5,rmt_ddfb7c69,full_board,Full Board,1375.04,INR,24,25,1,1,active,2026-08-18T10:00:00+05:30
rtp_b3e2e022,rmt_0d517e28,breakfast_included,Breakfast Included,500.07,INR,72,25,1,1,active,2026-08-18T10:00:00+05:30
rtp_8f1fb70a,rmt_0d517e28,non_refundable,Non Refundable,-625.09,INR,0,100,0,1,active,2026-08-18T10:00:00+05:30
rtp_0003cb81,rmt_0f009220,half_board,Half Board,1406.45,INR,48,10,1,1,active,2026-08-18T10:00:00+05:30
rtp_99c63e6b,rmt_0f009220,refundable,Refundable,937.63,INR,48,25,0,1,active,2026-08-18T10:00:00+05:30
rtp_435292e0,rmt_86ef7278,full_board,Full Board,2800.39,INR,48,0,1,1,active,2026-08-18T10:00:00+05:30
rtp_02037b9e,rmt_86ef7278,half_board,Half Board,1800.25,INR,48,25,1,1,active,2026-08-18T10:00:00+05:30
rtp_dba443d2,rmt_296871dc,breakfast_included,Breakfast Included,1100.15,INR,72,0,1,1,active,2026-08-18T10:00:00+05:30
rtp_be6dfce0,rmt_296871dc,non_refundable,Non Refundable,-1375.19,INR,0,100,0,1,active,2026-08-18T10:00:00+05:30
rtp_9251b3f1,rmt_2678c966,half_board,Half Board,285.87,INR,72,10,1,1,active,2026-08-18T10:00:00+05:30
rtp_2300468f,rmt_2678c966,refundable,Refundable,190.58,INR,72,0,0,1,active,2026-08-18T10:00:00+05:30
rtp_80f95670,rmt_db3de30c,half_board,Half Board,357.34,INR,24,25,1,1,active,2026-08-18T10:00:00+05:30
rtp_d5bdaf84,rmt_db3de30c,long_stay,Long Stay,-297.78,INR,24,10,0,3,active,2026-08-18T10:00:00+05:30
rtp_8e5c8c6c,rmt_b0159276,refundable,Refundable,304.93,INR,24,0,0,1,active,2026-08-18T10:00:00+05:30
rtp_613084ba,rmt_b0159276,full_board,Full Board,711.50,INR,24,0,1,1,active,2026-08-18T10:00:00+05:30
rtp_2d1b30e2,rmt_ee15aca6,full_board,Full Board,978.31,INR,72,25,1,1,active,2026-08-18T10:00:00+05:30
rtp_a53f9ca9,rmt_ee15aca6,long_stay,Long Stay,-524.09,INR,24,0,0,3,active,2026-08-18T10:00:00+05:30
rtp_b0f31720,rmt_dd931f5b,breakfast_included,Breakfast Included,511.72,INR,72,25,1,1,active,2026-08-18T10:00:00+05:30
rtp_a2aa8b73,rmt_dd931f5b,non_refundable,Non Refundable,-639.65,INR,0,100,0,1,active,2026-08-18T10:00:00+05:30
rtp_e7739f13,rmt_6b160278,breakfast_included,Breakfast Included,639.65,INR,72,0,1,1,active,2026-08-18T10:00:00+05:30
rtp_d7e037fe,rmt_6b160278,long_stay,Long Stay,-1199.35,INR,24,25,0,3,active,2026-08-18T10:00:00+05:30
rtp_d46b4bf3,rmt_15de3a69,refundable,Refundable,1228.13,INR,72,0,0,1,active,2026-08-18T10:00:00+05:30
rtp_34008c1f,rmt_15de3a69,long_stay,Long Stay,-1535.17,INR,24,0,0,3,active,2026-08-18T10:00:00+05:30
rtp_46ad5f85,rmt_db78dfab,full_board,Full Board,3940.27,INR,72,25,1,1,active,2026-08-18T10:00:00+05:30
rtp_c8a1045c,rmt_db78dfab,refundable,Refundable,1688.69,INR,24,25,0,1,active,2026-08-18T10:00:00+05:30
rtp_359cb4d6,rmt_6c573e06,long_stay,Long Stay,-507.50,INR,48,0,0,3,active,2026-08-18T10:00:00+05:30
rtp_37cfd8ca,rmt_6c573e06,non_refundable,Non Refundable,-338.33,INR,0,100,0,1,active,2026-08-18T10:00:00+05:30
rtp_3de285ab,rmt_c5a671f6,full_board,Full Board,1184.16,INR,72,0,1,1,active,2026-08-18T10:00:00+05:30
rtp_d60a87fd,rmt_c5a671f6,refundable,Refundable,507.50,INR,72,0,0,1,active,2026-08-18T10:00:00+05:30
rtp_ca0ab1c1,rmt_1afa9c98,refundable,Refundable,649.59,INR,72,25,0,1,active,2026-08-18T10:00:00+05:30
rtp_3472d556,rmt_1afa9c98,long_stay,Long Stay,-811.99,INR,72,0,0,3,active,2026-08-18T10:00:00+05:30
rtp_36c66bdd,rmt_67e1e532,non_refundable,Non Refundable,-744.33,INR,0,100,0,1,active,2026-08-18T10:00:00+05:30
rtp_dd4d134c,rmt_67e1e532,long_stay,Long Stay,-1116.49,INR,48,25,0,3,active,2026-08-18T10:00:00+05:30
rtp_c5ed43c0,rmt_db8d07d3,non_refundable,Non Refundable,-714.69,INR,0,100,0,1,active,2026-08-18T10:00:00+05:30
rtp_c01b61e3,rmt_db8d07d3,refundable,Refundable,857.63,INR,72,25,0,1,active,2026-08-18T10:00:00+05:30
rtp_06889eb7,rmt_7943a300,half_board,Half Board,1608.05,INR,48,10,1,1,active,2026-08-18T10:00:00+05:30
rtp_792a75a1,rmt_7943a300,non_refundable,Non Refundable,-893.36,INR,0,100,0,1,active,2026-08-18T10:00:00+05:30
rtp_03bbfb27,rmt_3d4d5716,refundable,Refundable,1372.20,INR,24,25,0,1,active,2026-08-18T10:00:00+05:30
rtp_0082cd9a,rmt_3d4d5716,half_board,Half Board,2058.31,INR,48,10,1,1,active,2026-08-18T10:00:00+05:30
rtp_98caacdc,rmt_79cb87ec,refundable,Refundable,1886.78,INR,24,25,0,1,active,2026-08-18T10:00:00+05:30
rtp_e27c536c,rmt_79cb87ec,non_refundable,Non Refundable,-1572.32,INR,0,100,0,1,active,2026-08-18T10:00:00+05:30
rtp_f6fe59d0,rmt_d1499d65,long_stay,Long Stay,-1747.43,INR,48,25,0,3,active,2026-08-18T10:00:00+05:30
rtp_1f727bbe,rmt_d1499d65,non_refundable,Non Refundable,-1164.96,INR,0,100,0,1,active,2026-08-18T10:00:00+05:30
rtp_e80ddad5,rmt_28c9b46c,long_stay,Long Stay,-2184.29,INR,48,25,0,3,active,2026-08-18T10:00:00+05:30
rtp_2fa95fb6,rmt_28c9b46c,half_board,Half Board,2621.15,INR,24,25,1,1,active,2026-08-18T10:00:00+05:30
rtp_04566ab4,rmt_a7956122,long_stay,Long Stay,-2795.89,INR,72,0,0,3,active,2026-08-18T10:00:00+05:30
rtp_525a91d0,rmt_a7956122,non_refundable,Non Refundable,-1863.93,INR,0,100,0,1,active,2026-08-18T10:00:00+05:30
rtp_b3509b84,rmt_0cd82f06,non_refundable,Non Refundable,-2562.90,INR,0,100,0,1,active,2026-08-18T10:00:00+05:30
rtp_96de25fa,rmt_0cd82f06,refundable,Refundable,3075.48,INR,24,10,0,1,active,2026-08-18T10:00:00+05:30
rtp_097292f0,rmt_f7b8722c,refundable,Refundable,458.61,INR,72,0,0,1,active,2026-08-18T10:00:00+05:30
rtp_e612e53e,rmt_f7b8722c,half_board,Half Board,687.91,INR,72,25,1,1,active,2026-08-18T10:00:00+05:30
rtp_925d3acf,rmt_5b75d1bb,half_board,Half Board,859.89,INR,48,10,1,1,active,2026-08-18T10:00:00+05:30
rtp_7ad8bccb,rmt_5b75d1bb,non_refundable,Non Refundable,-477.72,INR,0,100,0,1,active,2026-08-18T10:00:00+05:30
rtp_3c95514b,rmt_54abd084,long_stay,Long Stay,-917.22,INR,48,10,0,3,active,2026-08-18T10:00:00+05:30
rtp_9175f7de,rmt_54abd084,breakfast_included,Breakfast Included,489.18,INR,48,10,1,1,active,2026-08-18T10:00:00+05:30
rtp_affb25d3,rmt_8f603e4f,half_board,Half Board,1513.41,INR,72,0,1,1,active,2026-08-18T10:00:00+05:30
rtp_39b027b6,rmt_8f603e4f,long_stay,Long Stay,-1261.17,INR,24,0,0,3,active,2026-08-18T10:00:00+05:30
rtp_781a28de,rmt_8f366505,half_board,Half Board,399.38,INR,24,10,1,1,active,2026-08-18T10:00:00+05:30
rtp_3cfd9b0d,rmt_8f366505,refundable,Refundable,266.26,INR,48,10,0,1,active,2026-08-18T10:00:00+05:30
rtp_2362d1cb,rmt_281cdffe,long_stay,Long Stay,-416.03,INR,72,25,0,3,active,2026-08-18T10:00:00+05:30
rtp_842d5a0d,rmt_281cdffe,non_refundable,Non Refundable,-277.35,INR,0,100,0,1,active,2026-08-18T10:00:00+05:30
rtp_d16e088f,rmt_4163a512,full_board,Full Board,994.02,INR,24,25,1,1,active,2026-08-18T10:00:00+05:30
rtp_65c346bf,rmt_4163a512,long_stay,Long Stay,-532.51,INR,72,25,0,3,active,2026-08-18T10:00:00+05:30
rtp_21021b29,rmt_5205cb45,refundable,Refundable,585.76,INR,48,0,0,1,active,2026-08-18T10:00:00+05:30
rtp_9b98d1bd,rmt_5205cb45,long_stay,Long Stay,-732.20,INR,24,10,0,3,active,2026-08-18T10:00:00+05:30
rtp_6df7b65c,rmt_923a8916,non_refundable,Non Refundable,-194.44,INR,0,100,0,1,active,2026-08-18T10:00:00+05:30
rtp_2361e14e,rmt_923a8916,half_board,Half Board,349.98,INR,24,25,1,1,active,2026-08-18T10:00:00+05:30
rtp_f613a212,rmt_aca31c09,breakfast_included,Breakfast Included,194.44,INR,24,0,1,1,active,2026-08-18T10:00:00+05:30
rtp_3f6a5540,rmt_aca31c09,half_board,Half Board,437.48,INR,24,0,1,1,active,2026-08-18T10:00:00+05:30
rtp_e3af6736,rmt_1aa70708,long_stay,Long Stay,-466.64,INR,48,0,0,3,active,2026-08-18T10:00:00+05:30
rtp_f9723c1b,rmt_1aa70708,refundable,Refundable,373.32,INR,72,25,0,1,active,2026-08-18T10:00:00+05:30
rtp_bc092dd9,rmt_f151034c,non_refundable,Non Refundable,-427.76,INR,0,100,0,1,active,2026-08-18T10:00:00+05:30
rtp_bb5b33be,rmt_f151034c,long_stay,Long Stay,-641.64,INR,24,10,0,3,active,2026-08-18T10:00:00+05:30
rtp_f88c5dee,rmt_84950119,breakfast_included,Breakfast Included,429.37,INR,72,25,1,1,active,2026-08-18T10:00:00+05:30
rtp_1b5fc6dd,rmt_84950119,non_refundable,Non Refundable,-536.71,INR,0,100,0,1,active,2026-08-18T10:00:00+05:30
rtp_c31b7fe0,rmt_eafcf781,refundable,Refundable,805.07,INR,72,25,0,1,active,2026-08-18T10:00:00+05:30
rtp_37dc37ea,rmt_eafcf781,half_board,Half Board,1207.60,INR,72,10,1,1,active,2026-08-18T10:00:00+05:30
rtp_050bb5ea,rmt_dec6e52e,refundable,Refundable,1030.48,INR,72,10,0,1,active,2026-08-18T10:00:00+05:30
rtp_165654cb,rmt_dec6e52e,long_stay,Long Stay,-1288.11,INR,24,10,0,3,active,2026-08-18T10:00:00+05:30
rtp_17718fe6,rmt_050e238e,full_board,Full Board,3306.14,INR,24,25,1,1,active,2026-08-18T10:00:00+05:30
rtp_afabe765,rmt_050e238e,long_stay,Long Stay,-1771.14,INR,72,25,0,3,active,2026-08-18T10:00:00+05:30
rtp_371d8dad,rmt_2dd1de63,non_refundable,Non Refundable,-1151.37,INR,0,100,0,1,active,2026-08-18T10:00:00+05:30
rtp_f64a2d71,rmt_2dd1de63,full_board,Full Board,3223.82,INR,72,10,1,1,active,2026-08-18T10:00:00+05:30
rtp_fc3db163,rmt_48fcd6e9,non_refundable,Non Refundable,-1439.21,INR,0,100,0,1,active,2026-08-18T10:00:00+05:30
rtp_179b5450,rmt_48fcd6e9,breakfast_included,Breakfast Included,1151.36,INR,48,0,1,1,active,2026-08-18T10:00:00+05:30
rtp_276d53e3,rmt_4477c345,full_board,Full Board,5158.12,INR,72,25,1,1,active,2026-08-18T10:00:00+05:30
rtp_e9a9fd88,rmt_4477c345,long_stay,Long Stay,-2763.28,INR,24,10,0,3,active,2026-08-18T10:00:00+05:30
rtp_8f5da168,rmt_bff5ea54,full_board,Full Board,7092.41,INR,48,25,1,1,active,2026-08-18T10:00:00+05:30
rtp_9755e8b8,rmt_bff5ea54,breakfast_included,Breakfast Included,2026.40,INR,48,0,1,1,active,2026-08-18T10:00:00+05:30
rtp_b6b44734,rmt_b6e168a7,full_board,Full Board,451.65,INR,72,25,1,1,active,2026-08-18T10:00:00+05:30
rtp_4fa95343,rmt_b6e168a7,breakfast_included,Breakfast Included,129.04,INR,48,0,1,1,active,2026-08-18T10:00:00+05:30
rtp_61edba0e,rmt_3f20cfe3,half_board,Half Board,362.94,INR,24,0,1,1,active,2026-08-18T10:00:00+05:30
rtp_ff3614fd,rmt_3f20cfe3,non_refundable,Non Refundable,-201.63,INR,0,100,0,1,active,2026-08-18T10:00:00+05:30
rtp_37d9e476,rmt_2e6b37c4,non_refundable,Non Refundable,-258.09,INR,0,100,0,1,active,2026-08-18T10:00:00+05:30
rtp_03387a48,rmt_2e6b37c4,breakfast_included,Breakfast Included,206.47,INR,24,0,1,1,active,2026-08-18T10:00:00+05:30
rtp_cd550158,rmt_40239d2c,long_stay,Long Stay,-532.31,INR,48,0,0,3,active,2026-08-18T10:00:00+05:30
rtp_f459de81,rmt_40239d2c,refundable,Refundable,425.85,INR,48,0,0,1,active,2026-08-18T10:00:00+05:30
rtp_401d537a,rmt_363b952e,refundable,Refundable,1250.69,INR,72,0,0,1,active,2026-08-18T10:00:00+05:30
rtp_5a1f4692,rmt_363b952e,full_board,Full Board,2918.28,INR,24,25,1,1,active,2026-08-18T10:00:00+05:30
rtp_da85484b,rmt_89a1197c,non_refundable,Non Refundable,-1302.80,INR,0,100,0,1,active,2026-08-18T10:00:00+05:30
rtp_36c26453,rmt_89a1197c,breakfast_included,Breakfast Included,1042.24,INR,24,10,1,1,active,2026-08-18T10:00:00+05:30
rtp_a310903b,rmt_22c2a674,breakfast_included,Breakfast Included,1334.07,INR,48,25,1,1,active,2026-08-18T10:00:00+05:30
rtp_21883755,rmt_22c2a674,full_board,Full Board,4669.25,INR,24,10,1,1,active,2026-08-18T10:00:00+05:30
rtp_140a30d2,rmt_58af0d23,breakfast_included,Breakfast Included,1834.35,INR,24,0,1,1,active,2026-08-18T10:00:00+05:30
rtp_a9615b39,rmt_58af0d23,full_board,Full Board,6420.21,INR,72,25,1,1,active,2026-08-18T10:00:00+05:30
rtp_8e12cde9,rmt_e156013c,long_stay,Long Stay,-53.42,INR,24,10,0,3,active,2026-08-18T10:00:00+05:30
rtp_fdb65eee,rmt_e156013c,half_board,Half Board,64.10,INR,48,10,1,1,active,2026-08-18T10:00:00+05:30
rtp_4dfa11c3,rmt_f7dde849,non_refundable,Non Refundable,-247.30,INR,0,100,0,1,active,2026-08-18T10:00:00+05:30
rtp_40f79bd6,rmt_f7dde849,full_board,Full Board,692.43,INR,72,25,1,1,active,2026-08-18T10:00:00+05:30
rtp_a118d9e5,rmt_bfbec016,non_refundable,Non Refundable,-316.54,INR,0,100,0,1,active,2026-08-18T10:00:00+05:30
rtp_cf31ff25,rmt_bfbec016,long_stay,Long Stay,-474.81,INR,48,25,0,3,active,2026-08-18T10:00:00+05:30
rtp_03440e54,rmt_25f397a2,refundable,Refundable,522.29,INR,48,25,0,1,active,2026-08-18T10:00:00+05:30
rtp_ec2853c8,rmt_25f397a2,half_board,Half Board,783.44,INR,48,25,1,1,active,2026-08-18T10:00:00+05:30
rtp_8f043d94,rmt_c867633e,half_board,Half Board,2692.04,INR,24,0,1,1,active,2026-08-18T10:00:00+05:30
rtp_205a3eb6,rmt_c867633e,breakfast_included,Breakfast Included,1196.46,INR,24,10,1,1,active,2026-08-18T10:00:00+05:30
rtp_d15f04e3,rmt_032042e7,breakfast_included,Breakfast Included,1495.58,INR,24,25,1,1,active,2026-08-18T10:00:00+05:30
rtp_c93f4512,rmt_032042e7,refundable,Refundable,2243.36,INR,72,0,0,1,active,2026-08-18T10:00:00+05:30
rtp_7f388c68,rmt_cd58fb6c,half_board,Half Board,4307.26,INR,72,25,1,1,active,2026-08-18T10:00:00+05:30
rtp_833e518b,rmt_cd58fb6c,full_board,Full Board,6700.18,INR,24,0,1,1,active,2026-08-18T10:00:00+05:30
rtp_d6651908,rmt_e67cfa4b,full_board,Full Board,9212.75,INR,48,0,1,1,active,2026-08-18T10:00:00+05:30
rtp_3d66e380,rmt_e67cfa4b,breakfast_included,Breakfast Included,2632.21,INR,48,10,1,1,active,2026-08-18T10:00:00+05:30
rtp_ccce1c18,rmt_94a3c5f2,breakfast_included,Breakfast Included,258.94,INR,72,25,1,1,active,2026-08-18T10:00:00+05:30
rtp_3642ae58,rmt_94a3c5f2,long_stay,Long Stay,-485.51,INR,48,25,0,3,active,2026-08-18T10:00:00+05:30
rtp_99a72f38,rmt_9c7f9ef3,non_refundable,Non Refundable,-404.59,INR,0,100,0,1,active,2026-08-18T10:00:00+05:30
rtp_9738758d,rmt_9c7f9ef3,full_board,Full Board,1132.85,INR,72,25,1,1,active,2026-08-18T10:00:00+05:30
rtp_ed52031e,rmt_e1c91b66,half_board,Half Board,932.17,INR,48,25,1,1,active,2026-08-18T10:00:00+05:30
rtp_c7cffec9,rmt_e1c91b66,full_board,Full Board,1450.05,INR,48,0,1,1,active,2026-08-18T10:00:00+05:30
rtp_cb63eba0,rmt_4a3554c4,refundable,Refundable,854.49,INR,72,25,0,1,active,2026-08-18T10:00:00+05:30
rtp_883153bc,rmt_4a3554c4,half_board,Half Board,1281.74,INR,72,0,1,1,active,2026-08-18T10:00:00+05:30
rtp_92a2dde3,rmt_4def1ddd,long_stay,Long Stay,-940.84,INR,24,0,0,3,active,2026-08-18T10:00:00+05:30
rtp_bf597a38,rmt_4def1ddd,full_board,Full Board,1756.23,INR,72,0,1,1,active,2026-08-18T10:00:00+05:30
rtp_048155da,rmt_f2f2c965,half_board,Half Board,1411.26,INR,24,10,1,1,active,2026-08-18T10:00:00+05:30
rtp_2e39128d,rmt_f2f2c965,refundable,Refundable,940.84,INR,48,25,0,1,active,2026-08-18T10:00:00+05:30
rtp_3482bf62,rmt_31045f8d,refundable,Refundable,1204.27,INR,48,25,0,1,active,2026-08-18T10:00:00+05:30
rtp_55af45f0,rmt_31045f8d,full_board,Full Board,2809.97,INR,24,25,1,1,active,2026-08-18T10:00:00+05:30
rtp_6f1e1f35,rmt_b8d9eb24,long_stay,Long Stay,-2069.84,INR,72,0,0,3,active,2026-08-18T10:00:00+05:30
rtp_9a90bfdb,rmt_b8d9eb24,half_board,Half Board,2483.81,INR,72,25,1,1,active,2026-08-18T10:00:00+05:30
rtp_09d01864,rmt_a99668b1,non_refundable,Non Refundable,-262.76,INR,0,100,0,1,active,2026-08-18T10:00:00+05:30
rtp_262639cb,rmt_a99668b1,full_board,Full Board,735.72,INR,72,0,1,1,active,2026-08-18T10:00:00+05:30
rtp_3389412c,rmt_1d640259,half_board,Half Board,591.20,INR,48,10,1,1,active,2026-08-18T10:00:00+05:30
rtp_596e9d86,rmt_1d640259,refundable,Refundable,394.14,INR,48,10,0,1,active,2026-08-18T10:00:00+05:30
rtp_0321a32d,rmt_160cfd98,long_stay,Long Stay,-630.62,INR,48,0,0,3,active,2026-08-18T10:00:00+05:30
rtp_0017a7a6,rmt_160cfd98,non_refundable,Non Refundable,-420.41,INR,0,100,0,1,active,2026-08-18T10:00:00+05:30
rtp_064d8fb6,rmt_000c0568,full_board,Full Board,1618.58,INR,24,25,1,1,active,2026-08-18T10:00:00+05:30
rtp_b713033c,rmt_000c0568,non_refundable,Non Refundable,-578.07,INR,0,100,0,1,active,2026-08-18T10:00:00+05:30
rtp_39a27393,rmt_712b5e11,non_refundable,Non Refundable,-1405.26,INR,0,100,0,1,active,2026-08-18T10:00:00+05:30
rtp_1d252104,rmt_712b5e11,refundable,Refundable,1686.32,INR,48,10,0,1,active,2026-08-18T10:00:00+05:30
rtp_e9e8f667,rmt_a6f63f5a,half_board,Half Board,3161.84,INR,24,10,1,1,active,2026-08-18T10:00:00+05:30
rtp_38acf04f,rmt_a6f63f5a,refundable,Refundable,2107.89,INR,24,10,0,1,active,2026-08-18T10:00:00+05:30
rtp_86db2ff0,rmt_5742e95a,half_board,Half Board,4047.16,INR,48,0,1,1,active,2026-08-18T10:00:00+05:30
rtp_65557923,rmt_5742e95a,full_board,Full Board,6295.58,INR,72,0,1,1,active,2026-08-18T10:00:00+05:30
rtp_05f6ec81,rmt_afa1e735,long_stay,Long Stay,-4637.37,INR,48,25,0,3,active,2026-08-18T10:00:00+05:30
rtp_a4f98fbc,rmt_afa1e735,non_refundable,Non Refundable,-3091.58,INR,0,100,0,1,active,2026-08-18T10:00:00+05:30
rtp_15f7b8f0,rmt_5ad7ba13,full_board,Full Board,3213.47,INR,48,25,1,1,active,2026-08-18T10:00:00+05:30
rtp_1c26e2e2,rmt_5ad7ba13,long_stay,Long Stay,-1721.50,INR,24,10,0,3,active,2026-08-18T10:00:00+05:30
rtp_35ace484,rmt_d6753252,full_board,Full Board,4016.84,INR,72,0,1,1,active,2026-08-18T10:00:00+05:30
rtp_4f2b6c2d,rmt_d6753252,breakfast_included,Breakfast Included,1147.67,INR,72,10,1,1,active,2026-08-18T10:00:00+05:30
rtp_f516665c,rmt_fa2ef6ea,half_board,Half Board,3305.28,INR,72,25,1,1,active,2026-08-18T10:00:00+05:30
rtp_8d3d4b9b,rmt_fa2ef6ea,long_stay,Long Stay,-2754.40,INR,72,0,0,3,active,2026-08-18T10:00:00+05:30
rtp_9205446c,rmt_ec814c1b,non_refundable,Non Refundable,-2524.87,INR,0,100,0,1,active,2026-08-18T10:00:00+05:30
rtp_3c051dcb,rmt_ec814c1b,full_board,Full Board,7069.63,INR,48,0,1,1,active,2026-08-18T10:00:00+05:30
rtp_2b3ce520,rmt_e788942c,refundable,Refundable,317.49,INR,24,0,0,1,active,2026-08-18T10:00:00+05:30
rtp_ec9e55eb,rmt_e788942c,non_refundable,Non Refundable,-264.58,INR,0,100,0,1,active,2026-08-18T10:00:00+05:30
rtp_beea73f3,rmt_0984138d,non_refundable,Non Refundable,-330.72,INR,0,100,0,1,active,2026-08-18T10:00:00+05:30
rtp_474111ae,rmt_0984138d,refundable,Refundable,396.87,INR,24,25,0,1,active,2026-08-18T10:00:00+05:30
rtp_c1e57167,rmt_b98688cb,non_refundable,Non Refundable,-423.32,INR,0,100,0,1,active,2026-08-18T10:00:00+05:30
rtp_f523b112,rmt_b98688cb,half_board,Half Board,761.98,INR,72,10,1,1,active,2026-08-18T10:00:00+05:30
rtp_33b5a610,rmt_2be23202,non_refundable,Non Refundable,-582.07,INR,0,100,0,1,active,2026-08-18T10:00:00+05:30
rtp_30460c41,rmt_2be23202,breakfast_included,Breakfast Included,465.65,INR,72,0,1,1,active,2026-08-18T10:00:00+05:30
rtp_afdcaf73,rmt_42ee9a69,breakfast_included,Breakfast Included,312.25,INR,48,10,1,1,active,2026-08-18T10:00:00+05:30
rtp_15b9a4f2,rmt_42ee9a69,full_board,Full Board,1092.86,INR,72,25,1,1,active,2026-08-18T10:00:00+05:30
rtp_15c0a1bf,rmt_ce262e92,non_refundable,Non Refundable,-487.89,INR,0,100,0,1,active,2026-08-18T10:00:00+05:30
rtp_a99f43da,rmt_ce262e92,breakfast_included,Breakfast Included,390.31,INR,48,0,1,1,active,2026-08-18T10:00:00+05:30
rtp_411aecc0,rmt_41f20a24,refundable,Refundable,749.39,INR,72,25,0,1,active,2026-08-18T10:00:00+05:30
rtp_b4a3fd23,rmt_41f20a24,non_refundable,Non Refundable,-624.49,INR,0,100,0,1,active,2026-08-18T10:00:00+05:30
rtp_9d639609,rmt_8c0f9254,non_refundable,Non Refundable,-858.68,INR,0,100,0,1,active,2026-08-18T10:00:00+05:30
rtp_65d2ede1,rmt_8c0f9254,long_stay,Long Stay,-1288.02,INR,48,25,0,3,active,2026-08-18T10:00:00+05:30
rtp_3f855603,rmt_21f02a51,full_board,Full Board,483.90,INR,48,25,1,1,active,2026-08-18T10:00:00+05:30
rtp_96b9898c,rmt_21f02a51,long_stay,Long Stay,-259.23,INR,24,10,0,3,active,2026-08-18T10:00:00+05:30
rtp_691fefc0,rmt_a831ecbe,full_board,Full Board,604.88,INR,24,10,1,1,active,2026-08-18T10:00:00+05:30
rtp_7ec0593c,rmt_a831ecbe,half_board,Half Board,388.85,INR,24,25,1,1,active,2026-08-18T10:00:00+05:30
rtp_85176c8a,rmt_25f29e90,breakfast_included,Breakfast Included,221.21,INR,72,25,1,1,active,2026-08-18T10:00:00+05:30
rtp_63ff06f0,rmt_25f29e90,long_stay,Long Stay,-414.77,INR,24,25,0,3,active,2026-08-18T10:00:00+05:30
rtp_609d5595,rmt_27a442c4,non_refundable,Non Refundable,-380.21,INR,0,100,0,1,active,2026-08-18T10:00:00+05:30
rtp_821799f7,rmt_27a442c4,half_board,Half Board,684.37,INR,72,10,1,1,active,2026-08-18T10:00:00+05:30
rtp_082e3a28,rmt_c4bb0df8,half_board,Half Board,475.68,INR,24,0,1,1,active,2026-08-18T10:00:00+05:30
rtp_39c25576,rmt_c4bb0df8,non_refundable,Non Refundable,-264.27,INR,0,100,0,1,active,2026-08-18T10:00:00+05:30
rtp_4332f38f,rmt_5408036b,long_stay,Long Stay,-495.50,INR,48,10,0,3,active,2026-08-18T10:00:00+05:30
rtp_0ee273c8,rmt_5408036b,refundable,Refundable,396.40,INR,24,25,0,1,active,2026-08-18T10:00:00+05:30
rtp_5afdf732,rmt_a89f152d,half_board,Half Board,761.08,INR,72,25,1,1,active,2026-08-18T10:00:00+05:30
rtp_b3c8ae2b,rmt_a89f152d,full_board,Full Board,1183.91,INR,48,25,1,1,active,2026-08-18T10:00:00+05:30
rtp_d63e1897,rmt_61459536,full_board,Full Board,1627.87,INR,72,10,1,1,active,2026-08-18T10:00:00+05:30
rtp_e76563d3,rmt_61459536,long_stay,Long Stay,-872.07,INR,48,25,0,3,active,2026-08-18T10:00:00+05:30
rtp_032652ef,rmt_c2b24a4a,long_stay,Long Stay,-946.23,INR,48,10,0,3,active,2026-08-18T10:00:00+05:30
rtp_aae834a4,rmt_c2b24a4a,non_refundable,Non Refundable,-630.82,INR,0,100,0,1,active,2026-08-18T10:00:00+05:30
rtp_79e82f46,rmt_fe4c30eb,full_board,Full Board,2207.88,INR,24,10,1,1,active,2026-08-18T10:00:00+05:30
rtp_c67ca304,rmt_fe4c30eb,breakfast_included,Breakfast Included,630.82,INR,48,25,1,1,active,2026-08-18T10:00:00+05:30
rtp_3699ce7e,rmt_0113eeb3,full_board,Full Board,2826.08,INR,24,25,1,1,active,2026-08-18T10:00:00+05:30
rtp_5e42b5ba,rmt_0113eeb3,refundable,Refundable,1211.18,INR,24,25,0,1,active,2026-08-18T10:00:00+05:30
rtp_5b0aa567,rmt_ff9c44ca,full_board,Full Board,3885.86,INR,48,10,1,1,active,2026-08-18T10:00:00+05:30
rtp_1c676bea,rmt_ff9c44ca,long_stay,Long Stay,-2081.71,INR,48,25,0,3,active,2026-08-18T10:00:00+05:30
rtp_c9d35019,rmt_0f9bc16e,non_refundable,Non Refundable,-327.44,INR,0,100,0,1,active,2026-08-18T10:00:00+05:30
rtp_b786d831,rmt_0f9bc16e,full_board,Full Board,916.84,INR,48,0,1,1,active,2026-08-18T10:00:00+05:30
rtp_a2fc88a7,rmt_3cd4eb6d,non_refundable,Non Refundable,-409.30,INR,0,100,0,1,active,2026-08-18T10:00:00+05:30
rtp_6f62cdfb,rmt_3cd4eb6d,half_board,Half Board,736.75,INR,48,10,1,1,active,2026-08-18T10:00:00+05:30
rtp_18645b9e,rmt_014d864d,half_board,Half Board,943.03,INR,72,25,1,1,active,2026-08-18T10:00:00+05:30
rtp_6f305a79,rmt_014d864d,breakfast_included,Breakfast Included,419.13,INR,72,25,1,1,active,2026-08-18T10:00:00+05:30
rtp_e52066b9,rmt_4f3fa69d,long_stay,Long Stay,-1080.56,INR,72,25,0,3,active,2026-08-18T10:00:00+05:30
rtp_781d0944,rmt_4f3fa69d,refundable,Refundable,864.45,INR,72,0,0,1,active,2026-08-18T10:00:00+05:30
rtp_f7115713,rmt_37a43ed3,full_board,Full Board,832.44,INR,48,10,1,1,active,2026-08-18T10:00:00+05:30
rtp_57b31a5c,rmt_37a43ed3,non_refundable,Non Refundable,-297.30,INR,0,100,0,1,active,2026-08-18T10:00:00+05:30
rtp_6419f338,rmt_3a8fdf65,long_stay,Long Stay,-557.44,INR,24,0,0,3,active,2026-08-18T10:00:00+05:30
rtp_f2099198,rmt_3a8fdf65,half_board,Half Board,668.93,INR,24,0,1,1,active,2026-08-18T10:00:00+05:30
rtp_51ccc8b5,rmt_0a4424bd,refundable,Refundable,570.82,INR,72,0,0,1,active,2026-08-18T10:00:00+05:30
rtp_8438814f,rmt_0a4424bd,breakfast_included,Breakfast Included,380.54,INR,48,10,1,1,active,2026-08-18T10:00:00+05:30
rtp_aca283a6,rmt_b3b1eab5,non_refundable,Non Refundable,-654.06,INR,0,100,0,1,active,2026-08-18T10:00:00+05:30
rtp_b94e41e0,rmt_b3b1eab5,long_stay,Long Stay,-981.09,INR,72,0,0,3,active,2026-08-18T10:00:00+05:30
rtp_058972b7,rmt_06a3711f,breakfast_included,Breakfast Included,118.33,INR,48,10,1,1,active,2026-08-18T10:00:00+05:30
rtp_390bb2a9,rmt_06a3711f,non_refundable,Non Refundable,-147.91,INR,0,100,0,1,active,2026-08-18T10:00:00+05:30
rtp_2e4619f2,rmt_71adb7eb,long_stay,Long Stay,-277.34,INR,48,0,0,3,active,2026-08-18T10:00:00+05:30
rtp_c9a8683c,rmt_71adb7eb,non_refundable,Non Refundable,-184.89,INR,0,100,0,1,active,2026-08-18T10:00:00+05:30
rtp_43f7abf1,rmt_2e70cc92,non_refundable,Non Refundable,-236.66,INR,0,100,0,1,active,2026-08-18T10:00:00+05:30
rtp_e0bb635d,rmt_2e70cc92,half_board,Half Board,425.99,INR,24,0,1,1,active,2026-08-18T10:00:00+05:30
rtp_f472cdbc,rmt_e83b097a,half_board,Half Board,585.73,INR,48,0,1,1,active,2026-08-18T10:00:00+05:30
rtp_cbbe8187,rmt_e83b097a,refundable,Refundable,390.49,INR,48,25,0,1,active,2026-08-18T10:00:00+05:30
rtp_bf1a1e75,rmt_351c3194,full_board,Full Board,829.42,INR,48,10,1,1,active,2026-08-18T10:00:00+05:30
rtp_6da07f67,rmt_351c3194,refundable,Refundable,355.46,INR,72,25,0,1,active,2026-08-18T10:00:00+05:30
rtp_94488bc4,rmt_74c057c9,full_board,Full Board,1036.77,INR,48,25,1,1,active,2026-08-18T10:00:00+05:30
rtp_cfdaff71,rmt_74c057c9,refundable,Refundable,444.33,INR,24,25,0,1,active,2026-08-18T10:00:00+05:30
rtp_fa6b6d1f,rmt_53e05e64,full_board,Full Board,1327.06,INR,72,10,1,1,active,2026-08-18T10:00:00+05:30
rtp_356b0cfd,rmt_53e05e64,refundable,Refundable,568.74,INR,72,0,0,1,active,2026-08-18T10:00:00+05:30
rtp_8799d14b,rmt_69b4a71d,long_stay,Long Stay,-977.52,INR,72,0,0,3,active,2026-08-18T10:00:00+05:30
rtp_bf22671f,rmt_69b4a71d,refundable,Refundable,782.02,INR,24,25,0,1,active,2026-08-18T10:00:00+05:30
rtp_80683fef,rmt_d0f7d9a3,non_refundable,Non Refundable,-288.27,INR,0,100,0,1,active,2026-08-18T10:00:00+05:30
rtp_580bbf0d,rmt_d0f7d9a3,half_board,Half Board,518.89,INR,72,0,1,1,active,2026-08-18T10:00:00+05:30
rtp_8420f7cb,rmt_bb6fd965,non_refundable,Non Refundable,-360.34,INR,0,100,0,1,active,2026-08-18T10:00:00+05:30
rtp_9f130423,rmt_bb6fd965,full_board,Full Board,1008.96,INR,24,0,1,1,active,2026-08-18T10:00:00+05:30
rtp_4dac8a90,rmt_50ad8a4a,long_stay,Long Stay,-691.86,INR,24,0,0,3,active,2026-08-18T10:00:00+05:30
rtp_5ed39e9a,rmt_50ad8a4a,non_refundable,Non Refundable,-461.24,INR,0,100,0,1,active,2026-08-18T10:00:00+05:30
rtp_f2408295,rmt_9c46aba3,long_stay,Long Stay,-951.30,INR,24,10,0,3,active,2026-08-18T10:00:00+05:30
rtp_0a94c89e,rmt_9c46aba3,non_refundable,Non Refundable,-634.20,INR,0,100,0,1,active,2026-08-18T10:00:00+05:30
rtp_50e5c492,rmt_1ccb5b81,half_board,Half Board,1185.13,INR,48,25,1,1,active,2026-08-18T10:00:00+05:30
rtp_f7de0802,rmt_1ccb5b81,long_stay,Long Stay,-987.61,INR,48,10,0,3,active,2026-08-18T10:00:00+05:30
rtp_e02c5702,rmt_e1c75857,long_stay,Long Stay,-1234.51,INR,48,25,0,3,active,2026-08-18T10:00:00+05:30
rtp_4cb86340,rmt_e1c75857,refundable,Refundable,987.61,INR,72,0,0,1,active,2026-08-18T10:00:00+05:30
rtp_22334477,rmt_bde6c4e8,long_stay,Long Stay,-1580.18,INR,48,25,0,3,active,2026-08-18T10:00:00+05:30
rtp_9979ab73,rmt_bde6c4e8,refundable,Refundable,1264.14,INR,72,25,0,1,active,2026-08-18T10:00:00+05:30
rtp_2a4a4888,rmt_e92e5f89,breakfast_included,Breakfast Included,1158.80,INR,48,25,1,1,active,2026-08-18T10:00:00+05:30
rtp_d375b64f,rmt_e92e5f89,full_board,Full Board,4055.79,INR,48,10,1,1,active,2026-08-18T10:00:00+05:30
rtp_f30e3270,rmt_71f221d5,breakfast_included,Breakfast Included,300.63,INR,72,10,1,1,active,2026-08-18T10:00:00+05:30
rtp_b610972d,rmt_71f221d5,long_stay,Long Stay,-563.67,INR,24,0,0,3,active,2026-08-18T10:00:00+05:30
rtp_a7a5dba9,rmt_36e72487,breakfast_included,Breakfast Included,375.78,INR,72,25,1,1,active,2026-08-18T10:00:00+05:30
rtp_2bda703c,rmt_36e72487,full_board,Full Board,1315.24,INR,48,25,1,1,active,2026-08-18T10:00:00+05:30
rtp_9fd36eba,rmt_00657163,refundable,Refundable,721.50,INR,72,25,0,1,active,2026-08-18T10:00:00+05:30
rtp_20e95bc7,rmt_00657163,long_stay,Long Stay,-901.88,INR,24,0,0,3,active,2026-08-18T10:00:00+05:30
rtp_0a65cc83,rmt_c7b8ff94,non_refundable,Non Refundable,-826.72,INR,0,100,0,1,active,2026-08-18T10:00:00+05:30
rtp_b34a9f26,rmt_c7b8ff94,half_board,Half Board,1488.10,INR,72,0,1,1,active,2026-08-18T10:00:00+05:30
rtp_ea408cb3,rmt_a3594036,full_board,Full Board,1845.21,INR,72,10,1,1,active,2026-08-18T10:00:00+05:30
rtp_a95f2df2,rmt_a3594036,breakfast_included,Breakfast Included,527.20,INR,72,0,1,1,active,2026-08-18T10:00:00+05:30
rtp_f5197075,rmt_5ded57e5,breakfast_included,Breakfast Included,659.00,INR,48,25,1,1,active,2026-08-18T10:00:00+05:30
rtp_856a8ab8,rmt_5ded57e5,full_board,Full Board,2306.51,INR,48,25,1,1,active,2026-08-18T10:00:00+05:30
rtp_8746fdee,rmt_a1181b1e,breakfast_included,Breakfast Included,843.52,INR,24,0,1,1,active,2026-08-18T10:00:00+05:30
rtp_eba17376,rmt_a1181b1e,non_refundable,Non Refundable,-1054.40,INR,0,100,0,1,active,2026-08-18T10:00:00+05:30
rtp_03da248f,rmt_90ba0cc3,full_board,Full Board,4059.45,INR,48,0,1,1,active,2026-08-18T10:00:00+05:30
rtp_eba857ef,rmt_90ba0cc3,long_stay,Long Stay,-2174.71,INR,48,25,0,3,active,2026-08-18T10:00:00+05:30
rtp_633fe530,rmt_67b30175,long_stay,Long Stay,-400.80,INR,72,25,0,3,active,2026-08-18T10:00:00+05:30
rtp_9dd55a43,rmt_67b30175,half_board,Half Board,480.96,INR,24,25,1,1,active,2026-08-18T10:00:00+05:30
rtp_98cf1cd2,rmt_7be6dd38,refundable,Refundable,400.80,INR,24,25,0,1,active,2026-08-18T10:00:00+05:30
rtp_2d40caa0,rmt_7be6dd38,full_board,Full Board,935.21,INR,48,25,1,1,active,2026-08-18T10:00:00+05:30
rtp_5304ad2b,rmt_aadbb36a,full_board,Full Board,1197.07,INR,24,25,1,1,active,2026-08-18T10:00:00+05:30
rtp_874c0bb5,rmt_aadbb36a,long_stay,Long Stay,-641.29,INR,24,25,0,3,active,2026-08-18T10:00:00+05:30
rtp_5f0ec08d,rmt_057cb85a,non_refundable,Non Refundable,-587.85,INR,0,100,0,1,active,2026-08-18T10:00:00+05:30
rtp_0465e99c,rmt_057cb85a,long_stay,Long Stay,-881.77,INR,72,25,0,3,active,2026-08-18T10:00:00+05:30
rtp_e41b8d56,rmt_e85f70fe,full_board,Full Board,1858.77,INR,24,0,1,1,active,2026-08-18T10:00:00+05:30
rtp_392bd409,rmt_e85f70fe,breakfast_included,Breakfast Included,531.08,INR,48,0,1,1,active,2026-08-18T10:00:00+05:30
rtp_b85c1d1c,rmt_2a746672,full_board,Full Board,2323.46,INR,24,25,1,1,active,2026-08-18T10:00:00+05:30
rtp_18a32457,rmt_2a746672,breakfast_included,Breakfast Included,663.85,INR,24,10,1,1,active,2026-08-18T10:00:00+05:30
rtp_4bd87b08,rmt_c28b8198,long_stay,Long Stay,-1593.23,INR,72,0,0,3,active,2026-08-18T10:00:00+05:30
rtp_064e3bdc,rmt_c28b8198,breakfast_included,Breakfast Included,849.72,INR,48,25,1,1,active,2026-08-18T10:00:00+05:30
rtp_9d7626aa,rmt_67041579,breakfast_included,Breakfast Included,1168.37,INR,24,25,1,1,active,2026-08-18T10:00:00+05:30
rtp_c60d1b04,rmt_67041579,full_board,Full Board,4089.29,INR,72,25,1,1,active,2026-08-18T10:00:00+05:30
rtp_ccd066de,rmt_cceb6055,non_refundable,Non Refundable,-541.92,INR,0,100,0,1,active,2026-08-18T10:00:00+05:30
rtp_8ec7f7c2,rmt_cceb6055,refundable,Refundable,650.30,INR,24,0,0,1,active,2026-08-18T10:00:00+05:30
rtp_157e82bb,rmt_e9242d64,full_board,Full Board,1896.71,INR,72,25,1,1,active,2026-08-18T10:00:00+05:30
rtp_f23c1d42,rmt_e9242d64,non_refundable,Non Refundable,-677.40,INR,0,100,0,1,active,2026-08-18T10:00:00+05:30
rtp_483b7657,rmt_6369ff13,refundable,Refundable,1040.48,INR,72,10,0,1,active,2026-08-18T10:00:00+05:30
rtp_714dd741,rmt_6369ff13,full_board,Full Board,2427.79,INR,24,0,1,1,active,2026-08-18T10:00:00+05:30
rtp_165398e5,rmt_2f599743,breakfast_included,Breakfast Included,953.77,INR,72,0,1,1,active,2026-08-18T10:00:00+05:30
rtp_cd91ac94,rmt_2f599743,long_stay,Long Stay,-1788.33,INR,72,25,0,3,active,2026-08-18T10:00:00+05:30
rtp_ffe408cc,rmt_a4e11464,non_refundable,Non Refundable,-1559.98,INR,0,100,0,1,active,2026-08-18T10:00:00+05:30
rtp_5d99545d,rmt_a4e11464,breakfast_included,Breakfast Included,1247.98,INR,48,0,1,1,active,2026-08-18T10:00:00+05:30
rtp_936fe385,rmt_5615446c,full_board,Full Board,5459.91,INR,48,10,1,1,active,2026-08-18T10:00:00+05:30
rtp_290801c6,rmt_5615446c,non_refundable,Non Refundable,-1949.97,INR,0,100,0,1,active,2026-08-18T10:00:00+05:30
rtp_6f0fe1af,rmt_1b395694,long_stay,Long Stay,-3743.94,INR,48,10,0,3,active,2026-08-18T10:00:00+05:30
rtp_ee26f160,rmt_1b395694,half_board,Half Board,4492.73,INR,24,0,1,1,active,2026-08-18T10:00:00+05:30
rtp_b36162f6,rmt_ba5d7ad1,full_board,Full Board,9609.45,INR,24,0,1,1,active,2026-08-18T10:00:00+05:30
rtp_ad6990aa,rmt_ba5d7ad1,long_stay,Long Stay,-5147.92,INR,48,25,0,3,active,2026-08-18T10:00:00+05:30
rtp_57d09c24,rmt_0beb6ec4,non_refundable,Non Refundable,-282.99,INR,0,100,0,1,active,2026-08-18T10:00:00+05:30
rtp_3991788e,rmt_0beb6ec4,breakfast_included,Breakfast Included,226.39,INR,24,10,1,1,active,2026-08-18T10:00:00+05:30
rtp_d75a8d63,rmt_19b2eaa0,half_board,Half Board,636.72,INR,48,25,1,1,active,2026-08-18T10:00:00+05:30
rtp_a936efe5,rmt_19b2eaa0,refundable,Refundable,424.48,INR,24,0,0,1,active,2026-08-18T10:00:00+05:30
rtp_4013d06b,rmt_bb3ff33f,non_refundable,Non Refundable,-452.78,INR,0,100,0,1,active,2026-08-18T10:00:00+05:30
rtp_4398ae99,rmt_bb3ff33f,breakfast_included,Breakfast Included,362.22,INR,24,0,1,1,active,2026-08-18T10:00:00+05:30
rtp_0e616863,rmt_7c90bc9e,non_refundable,Non Refundable,-622.57,INR,0,100,0,1,active,2026-08-18T10:00:00+05:30
rtp_fcd3d802,rmt_7c90bc9e,refundable,Refundable,747.09,INR,72,10,0,1,active,2026-08-18T10:00:00+05:30
rtp_d972c211,rmt_c8ebae04,half_board,Half Board,1835.78,INR,24,25,1,1,active,2026-08-18T10:00:00+05:30
rtp_d59f52a5,rmt_c8ebae04,refundable,Refundable,1223.85,INR,24,10,0,1,active,2026-08-18T10:00:00+05:30
rtp_2e604120,rmt_df122cab,full_board,Full Board,3569.57,INR,24,10,1,1,active,2026-08-18T10:00:00+05:30
rtp_1ca457fd,rmt_df122cab,non_refundable,Non Refundable,-1274.85,INR,0,100,0,1,active,2026-08-18T10:00:00+05:30
rtp_9448cf5c,rmt_857bd06f,half_board,Half Board,2937.25,INR,24,0,1,1,active,2026-08-18T10:00:00+05:30
rtp_7849a27f,rmt_857bd06f,full_board,Full Board,4569.05,INR,48,25,1,1,active,2026-08-18T10:00:00+05:30
rtp_b946d344,rmt_ac758da4,breakfast_included,Breakfast Included,1794.98,INR,24,10,1,1,active,2026-08-18T10:00:00+05:30
rtp_99bf1f9a,rmt_ac758da4,full_board,Full Board,6282.44,INR,48,0,1,1,active,2026-08-18T10:00:00+05:30
rtp_0eea34aa,rmt_a2f931b4,full_board,Full Board,858.84,INR,72,10,1,1,active,2026-08-18T10:00:00+05:30
rtp_a9da034f,rmt_a2f931b4,non_refundable,Non Refundable,-306.73,INR,0,100,0,1,active,2026-08-18T10:00:00+05:30
rtp_8610ddf6,rmt_15ac4f1d,half_board,Half Board,690.14,INR,24,0,1,1,active,2026-08-18T10:00:00+05:30
rtp_47228785,rmt_15ac4f1d,full_board,Full Board,1073.55,INR,72,10,1,1,active,2026-08-18T10:00:00+05:30
rtp_78b82af0,rmt_2ffaeba4,long_stay,Long Stay,-736.15,INR,24,10,0,3,active,2026-08-18T10:00:00+05:30
rtp_9938a2e0,rmt_2ffaeba4,full_board,Full Board,1374.14,INR,24,0,1,1,active,2026-08-18T10:00:00+05:30
rtp_074765d0,rmt_2bfbfea7,non_refundable,Non Refundable,-674.80,INR,0,100,0,1,active,2026-08-18T10:00:00+05:30
rtp_8ec546f1,rmt_2bfbfea7,refundable,Refundable,809.76,INR,24,25,0,1,active,2026-08-18T10:00:00+05:30
rtp_0761bb14,rmt_11bc705e,breakfast_included,Breakfast Included,254.14,INR,24,25,1,1,active,2026-08-18T10:00:00+05:30
rtp_79354a92,rmt_11bc705e,long_stay,Long Stay,-476.51,INR,48,10,0,3,active,2026-08-18T10:00:00+05:30
rtp_bcbea2dd,rmt_5226ac27,non_refundable,Non Refundable,-397.09,INR,0,100,0,1,active,2026-08-18T10:00:00+05:30
rtp_c5f86659,rmt_5226ac27,refundable,Refundable,476.51,INR,72,0,0,1,active,2026-08-18T10:00:00+05:30
rtp_e6256c23,rmt_77a7165a,half_board,Half Board,914.90,INR,24,0,1,1,active,2026-08-18T10:00:00+05:30
rtp_4d8d99f3,rmt_77a7165a,long_stay,Long Stay,-762.42,INR,72,0,0,3,active,2026-08-18T10:00:00+05:30
rtp_22971836,rmt_51edc116,half_board,Half Board,1257.99,INR,48,10,1,1,active,2026-08-18T10:00:00+05:30
rtp_ec019a60,rmt_51edc116,breakfast_included,Breakfast Included,559.10,INR,72,0,1,1,active,2026-08-18T10:00:00+05:30
rtp_c8ad5107,rmt_658eac3f,full_board,Full Board,3063.26,INR,72,0,1,1,active,2026-08-18T10:00:00+05:30
rtp_7e3b719c,rmt_658eac3f,refundable,Refundable,1312.83,INR,24,0,0,1,active,2026-08-18T10:00:00+05:30
rtp_0ed0acef,rmt_616e81e4,long_stay,Long Stay,-2051.29,INR,72,0,0,3,active,2026-08-18T10:00:00+05:30
rtp_010c42fd,rmt_616e81e4,half_board,Half Board,2461.55,INR,48,25,1,1,active,2026-08-18T10:00:00+05:30
rtp_747087dd,rmt_c81be325,non_refundable,Non Refundable,-1750.43,INR,0,100,0,1,active,2026-08-18T10:00:00+05:30
rtp_a9745da4,rmt_c81be325,long_stay,Long Stay,-2625.65,INR,48,10,0,3,active,2026-08-18T10:00:00+05:30
rtp_e9352a59,rmt_1eabdfed,half_board,Half Board,4332.32,INR,72,25,1,1,active,2026-08-18T10:00:00+05:30
rtp_e2265e89,rmt_1eabdfed,non_refundable,Non Refundable,-2406.85,INR,0,100,0,1,active,2026-08-18T10:00:00+05:30
rtp_8b9414a1,rmt_2698e098,full_board,Full Board,4097.32,INR,48,10,1,1,active,2026-08-18T10:00:00+05:30
rtp_05cc2f42,rmt_2698e098,breakfast_included,Breakfast Included,1170.66,INR,24,25,1,1,active,2026-08-18T10:00:00+05:30
rtp_e4e855ec,rmt_d22bc3ea,refundable,Refundable,2194.99,INR,72,0,0,1,active,2026-08-18T10:00:00+05:30
rtp_2ecbe20e,rmt_d22bc3ea,non_refundable,Non Refundable,-1829.16,INR,0,100,0,1,active,2026-08-18T10:00:00+05:30
rtp_328a75a2,rmt_17ee9eea,long_stay,Long Stay,-3511.98,INR,72,25,0,3,active,2026-08-18T10:00:00+05:30
rtp_1ac76cda,rmt_17ee9eea,refundable,Refundable,2809.59,INR,24,25,0,1,active,2026-08-18T10:00:00+05:30
rtp_d639d640,rmt_5232dcaa,breakfast_included,Breakfast Included,2575.45,INR,24,10,1,1,active,2026-08-18T10:00:00+05:30
rtp_038c832c,rmt_5232dcaa,refundable,Refundable,3863.18,INR,72,0,0,1,active,2026-08-18T10:00:00+05:30
rtp_b8f98be7,rmt_a1f469aa,refundable,Refundable,1389.23,INR,24,25,0,1,active,2026-08-18T10:00:00+05:30
rtp_fbb8600b,rmt_a1f469aa,non_refundable,Non Refundable,-1157.69,INR,0,100,0,1,active,2026-08-18T10:00:00+05:30
rtp_89fe6244,rmt_4b2afc2f,full_board,Full Board,4051.91,INR,24,10,1,1,active,2026-08-18T10:00:00+05:30
rtp_6688c3d3,rmt_4b2afc2f,breakfast_included,Breakfast Included,1157.69,INR,24,0,1,1,active,2026-08-18T10:00:00+05:30
rtp_b53e8e6e,rmt_c0775d07,half_board,Half Board,3334.14,INR,48,10,1,1,active,2026-08-18T10:00:00+05:30
rtp_55af086e,rmt_c0775d07,breakfast_included,Breakfast Included,1481.84,INR,48,0,1,1,active,2026-08-18T10:00:00+05:30
rtp_2feb5c4a,rmt_7440b2f7,full_board,Full Board,7131.36,INR,24,0,1,1,active,2026-08-18T10:00:00+05:30
rtp_e67afe93,rmt_7440b2f7,long_stay,Long Stay,-3820.37,INR,48,10,0,3,active,2026-08-18T10:00:00+05:30
rtp_cc9aa6a8,rmt_bba0da4f,long_stay,Long Stay,-1021.16,INR,72,25,0,3,active,2026-08-18T10:00:00+05:30
rtp_424a7457,rmt_bba0da4f,full_board,Full Board,1906.16,INR,72,0,1,1,active,2026-08-18T10:00:00+05:30
rtp_170d67e7,rmt_c5694dba,breakfast_included,Breakfast Included,680.77,INR,72,0,1,1,active,2026-08-18T10:00:00+05:30
rtp_005874bb,rmt_c5694dba,half_board,Half Board,1531.74,INR,48,25,1,1,active,2026-08-18T10:00:00+05:30
rtp_30c57ecf,rmt_1e1423ce,long_stay,Long Stay,-1633.85,INR,48,0,0,3,active,2026-08-18T10:00:00+05:30
rtp_034bb23b,rmt_1e1423ce,breakfast_included,Breakfast Included,871.39,INR,72,10,1,1,active,2026-08-18T10:00:00+05:30
rtp_543ac595,rmt_f63d13a9,breakfast_included,Breakfast Included,1198.16,INR,48,0,1,1,active,2026-08-18T10:00:00+05:30
rtp_10680754,rmt_f63d13a9,non_refundable,Non Refundable,-1497.70,INR,0,100,0,1,active,2026-08-18T10:00:00+05:30
rtp_023cd6ef,rmt_df4758a1,half_board,Half Board,487.37,INR,48,0,1,1,active,2026-08-18T10:00:00+05:30
rtp_f898eb37,rmt_df4758a1,refundable,Refundable,324.91,INR,24,10,0,1,active,2026-08-18T10:00:00+05:30
rtp_5b6ff66d,rmt_2c314286,long_stay,Long Stay,-507.68,INR,48,25,0,3,active,2026-08-18T10:00:00+05:30
rtp_2e058318,rmt_2c314286,breakfast_included,Breakfast Included,270.76,INR,72,10,1,1,active,2026-08-18T10:00:00+05:30
rtp_d3d14360,rmt_00f0d517,non_refundable,Non Refundable,-433.22,INR,0,100,0,1,active,2026-08-18T10:00:00+05:30
rtp_7784ba24,rmt_00f0d517,half_board,Half Board,779.79,INR,48,0,1,1,active,2026-08-18T10:00:00+05:30
rtp_c64195f5,rmt_65efe7b9,full_board,Full Board,1667.89,INR,72,25,1,1,active,2026-08-18T10:00:00+05:30
rtp_b09c5473,rmt_65efe7b9,long_stay,Long Stay,-893.51,INR,72,0,0,3,active,2026-08-18T10:00:00+05:30
rtp_13bf7b34,rmt_3194f20d,full_board,Full Board,2946.99,INR,48,25,1,1,active,2026-08-18T10:00:00+05:30
rtp_0b76cfb6,rmt_3194f20d,breakfast_included,Breakfast Included,842.00,INR,48,25,1,1,active,2026-08-18T10:00:00+05:30
rtp_5ff77814,rmt_10feab38,long_stay,Long Stay,-1973.43,INR,24,0,0,3,active,2026-08-18T10:00:00+05:30
rtp_563774d1,rmt_10feab38,refundable,Refundable,1578.75,INR,24,25,0,1,active,2026-08-18T10:00:00+05:30
rtp_7f539ec3,rmt_5ebfe031,full_board,Full Board,4715.19,INR,48,25,1,1,active,2026-08-18T10:00:00+05:30
rtp_ce8b4805,rmt_5ebfe031,half_board,Half Board,3031.20,INR,24,10,1,1,active,2026-08-18T10:00:00+05:30
rtp_dcffdf01,rmt_bd238dcb,long_stay,Long Stay,-3473.25,INR,48,10,0,3,active,2026-08-18T10:00:00+05:30
rtp_fc50c6fa,rmt_bd238dcb,non_refundable,Non Refundable,-2315.50,INR,0,100,0,1,active,2026-08-18T10:00:00+05:30
rtp_fa6dc3c0,rmt_60f52139,full_board,Full Board,3905.71,INR,24,0,1,1,active,2026-08-18T10:00:00+05:30
rtp_1ab8c340,rmt_60f52139,half_board,Half Board,2510.81,INR,48,0,1,1,active,2026-08-18T10:00:00+05:30
rtp_7549fcf9,rmt_38319111,full_board,Full Board,4882.14,INR,48,10,1,1,active,2026-08-18T10:00:00+05:30
rtp_5128d80b,rmt_38319111,long_stay,Long Stay,-2615.43,INR,72,10,0,3,active,2026-08-18T10:00:00+05:30
rtp_c9110eb5,rmt_06ea2b02,half_board,Half Board,4017.30,INR,48,25,1,1,active,2026-08-18T10:00:00+05:30
rtp_d65d9254,rmt_06ea2b02,refundable,Refundable,2678.20,INR,72,25,0,1,active,2026-08-18T10:00:00+05:30
rtp_4c079e68,rmt_d4cdc535,breakfast_included,Breakfast Included,2455.02,INR,24,25,1,1,active,2026-08-18T10:00:00+05:30
rtp_aff9fda8,rmt_d4cdc535,long_stay,Long Stay,-4603.16,INR,48,25,0,3,active,2026-08-18T10:00:00+05:30
rtp_561e6962,rmt_2ed8db0d,half_board,Half Board,950.29,INR,48,10,1,1,active,2026-08-18T10:00:00+05:30
rtp_e4a0c03d,rmt_2ed8db0d,full_board,Full Board,1478.23,INR,24,10,1,1,active,2026-08-18T10:00:00+05:30
rtp_6cd328d1,rmt_ea779021,half_board,Half Board,1187.86,INR,24,10,1,1,active,2026-08-18T10:00:00+05:30
rtp_0b5bd55e,rmt_ea779021,full_board,Full Board,1847.78,INR,48,0,1,1,active,2026-08-18T10:00:00+05:30
rtp_55766c4d,rmt_14ca2773,full_board,Full Board,2365.16,INR,72,10,1,1,active,2026-08-18T10:00:00+05:30
rtp_f5fadbdd,rmt_14ca2773,half_board,Half Board,1520.46,INR,48,10,1,1,active,2026-08-18T10:00:00+05:30
rtp_4cd50f16,rmt_92703e4f,breakfast_included,Breakfast Included,929.17,INR,48,25,1,1,active,2026-08-18T10:00:00+05:30
rtp_4e408f26,rmt_92703e4f,full_board,Full Board,3252.10,INR,24,25,1,1,active,2026-08-18T10:00:00+05:30
rtp_4ba4f903,rmt_a3047b7c,non_refundable,Non Refundable,-1318.16,INR,0,100,0,1,active,2026-08-18T10:00:00+05:30
rtp_a55f6c6d,rmt_a3047b7c,full_board,Full Board,3690.84,INR,72,0,1,1,active,2026-08-18T10:00:00+05:30
rtp_b7663eee,rmt_c4bbb0c6,non_refundable,Non Refundable,-1647.70,INR,0,100,0,1,active,2026-08-18T10:00:00+05:30
rtp_e366a47b,rmt_c4bbb0c6,breakfast_included,Breakfast Included,1318.16,INR,24,10,1,1,active,2026-08-18T10:00:00+05:30
rtp_01a992a0,rmt_678528cd,breakfast_included,Breakfast Included,1687.24,INR,48,25,1,1,active,2026-08-18T10:00:00+05:30
rtp_2177a722,rmt_678528cd,refundable,Refundable,2530.86,INR,48,25,0,1,active,2026-08-18T10:00:00+05:30
rtp_fd5f6350,rmt_8ab364a5,full_board,Full Board,8119.85,INR,48,25,1,1,active,2026-08-18T10:00:00+05:30
rtp_73bf8590,rmt_8ab364a5,breakfast_included,Breakfast Included,2319.96,INR,48,10,1,1,active,2026-08-18T10:00:00+05:30
rtp_3c219cc1,rmt_4d4b46ba,long_stay,Long Stay,-878.60,INR,72,10,0,3,active,2026-08-18T10:00:00+05:30
rtp_5a1c02a4,rmt_4d4b46ba,half_board,Half Board,1054.32,INR,24,10,1,1,active,2026-08-18T10:00:00+05:30
rtp_7aa9ec39,rmt_d0edcf73,breakfast_included,Breakfast Included,585.73,INR,72,0,1,1,active,2026-08-18T10:00:00+05:30
rtp_6f712d3e,rmt_d0edcf73,refundable,Refundable,878.60,INR,72,10,0,1,active,2026-08-18T10:00:00+05:30
rtp_aa1b9083,rmt_530ea617,half_board,Half Board,1686.91,INR,48,0,1,1,active,2026-08-18T10:00:00+05:30
rtp_9dee7947,rmt_530ea617,refundable,Refundable,1124.61,INR,72,25,0,1,active,2026-08-18T10:00:00+05:30
rtp_c3d25d07,rmt_1fca396b,full_board,Full Board,3608.12,INR,48,0,1,1,active,2026-08-18T10:00:00+05:30
rtp_6fff7ba4,rmt_1fca396b,breakfast_included,Breakfast Included,1030.89,INR,72,0,1,1,active,2026-08-18T10:00:00+05:30
rtp_5d73ae1a,rmt_ae6a797b,non_refundable,Non Refundable,-266.39,INR,0,100,0,1,active,2026-08-18T10:00:00+05:30
rtp_117d0cf5,rmt_ae6a797b,refundable,Refundable,319.67,INR,24,25,0,1,active,2026-08-18T10:00:00+05:30
rtp_09dc234a,rmt_e1b24db7,non_refundable,Non Refundable,-332.99,INR,0,100,0,1,active,2026-08-18T10:00:00+05:30
rtp_40b699b3,rmt_e1b24db7,breakfast_included,Breakfast Included,266.39,INR,72,0,1,1,active,2026-08-18T10:00:00+05:30
rtp_0c78ab20,rmt_445d4d30,full_board,Full Board,1193.43,INR,48,25,1,1,active,2026-08-18T10:00:00+05:30
rtp_348cf090,rmt_445d4d30,breakfast_included,Breakfast Included,340.98,INR,72,25,1,1,active,2026-08-18T10:00:00+05:30
rtp_19081315,rmt_f667f1f4,breakfast_included,Breakfast Included,468.85,INR,24,0,1,1,active,2026-08-18T10:00:00+05:30
rtp_da5e0a85,rmt_f667f1f4,long_stay,Long Stay,-879.09,INR,72,25,0,3,active,2026-08-18T10:00:00+05:30
rtp_5c4cb100,rmt_e5de6e52,half_board,Half Board,2488.34,INR,48,10,1,1,active,2026-08-18T10:00:00+05:30
rtp_d2c10b1c,rmt_e5de6e52,full_board,Full Board,3870.75,INR,48,0,1,1,active,2026-08-18T10:00:00+05:30
rtp_91f39d2e,rmt_5de51a17,non_refundable,Non Refundable,-1728.01,INR,0,100,0,1,active,2026-08-18T10:00:00+05:30
rtp_5e69f1cd,rmt_5de51a17,long_stay,Long Stay,-2592.02,INR,24,10,0,3,active,2026-08-18T10:00:00+05:30
rtp_11bb3c3a,rmt_3cd04cb9,non_refundable,Non Refundable,-2211.86,INR,0,100,0,1,active,2026-08-18T10:00:00+05:30
rtp_3221c898,rmt_3cd04cb9,half_board,Half Board,3981.35,INR,72,25,1,1,active,2026-08-18T10:00:00+05:30
rtp_8848c917,rmt_8a230a0d,half_board,Half Board,5474.35,INR,24,0,1,1,active,2026-08-18T10:00:00+05:30
rtp_c2ec8d2f,rmt_8a230a0d,refundable,Refundable,3649.57,INR,72,25,0,1,active,2026-08-18T10:00:00+05:30
rtp_bb01b5ff,rmt_ad5eda23,non_refundable,Non Refundable,-286.83,INR,0,100,0,1,active,2026-08-18T10:00:00+05:30
rtp_874663d5,rmt_ad5eda23,long_stay,Long Stay,-430.24,INR,72,25,0,3,active,2026-08-18T10:00:00+05:30
rtp_89e03715,rmt_32fa9828,half_board,Half Board,645.36,INR,48,10,1,1,active,2026-08-18T10:00:00+05:30
rtp_26921627,rmt_32fa9828,full_board,Full Board,1003.89,INR,24,10,1,1,active,2026-08-18T10:00:00+05:30
rtp_b368e2c8,rmt_a50c7c83,half_board,Half Board,826.06,INR,72,10,1,1,active,2026-08-18T10:00:00+05:30
rtp_2cf1f7d2,rmt_a50c7c83,refundable,Refundable,550.71,INR,48,25,0,1,active,2026-08-18T10:00:00+05:30
rtp_715a08bc,rmt_d0ff4916,non_refundable,Non Refundable,-631.02,INR,0,100,0,1,active,2026-08-18T10:00:00+05:30
rtp_52c4ed0e,rmt_d0ff4916,refundable,Refundable,757.22,INR,72,0,0,1,active,2026-08-18T10:00:00+05:30
rtp_9f394ab0,rmt_546d32f3,non_refundable,Non Refundable,-658.89,INR,0,100,0,1,active,2026-08-18T10:00:00+05:30
rtp_36695d63,rmt_546d32f3,breakfast_included,Breakfast Included,527.11,INR,24,0,1,1,active,2026-08-18T10:00:00+05:30
rtp_a33d1a95,rmt_3cb6cd30,half_board,Half Board,1482.51,INR,48,0,1,1,active,2026-08-18T10:00:00+05:30
rtp_95a48a92,rmt_3cb6cd30,refundable,Refundable,988.34,INR,48,10,0,1,active,2026-08-18T10:00:00+05:30
rtp_bc3747bc,rmt_120e4dd2,non_refundable,Non Refundable,-1054.23,INR,0,100,0,1,active,2026-08-18T10:00:00+05:30
rtp_88a96f93,rmt_120e4dd2,half_board,Half Board,1897.61,INR,48,0,1,1,active,2026-08-18T10:00:00+05:30
rtp_5716a284,rmt_be3cf350,full_board,Full Board,4058.78,INR,72,25,1,1,active,2026-08-18T10:00:00+05:30
rtp_636f8bbf,rmt_be3cf350,breakfast_included,Breakfast Included,1159.65,INR,24,25,1,1,active,2026-08-18T10:00:00+05:30
rtp_22cc78e2,rmt_50331ee5,full_board,Full Board,2111.64,INR,48,0,1,1,active,2026-08-18T10:00:00+05:30
rtp_015ddedd,rmt_50331ee5,long_stay,Long Stay,-1131.24,INR,48,10,0,3,active,2026-08-18T10:00:00+05:30
rtp_6f2fbc2c,rmt_18beff3d,non_refundable,Non Refundable,-942.70,INR,0,100,0,1,active,2026-08-18T10:00:00+05:30
rtp_e8e7cad5,rmt_18beff3d,long_stay,Long Stay,-1414.05,INR,24,10,0,3,active,2026-08-18T10:00:00+05:30
rtp_48b54756,rmt_0497b541,refundable,Refundable,1447.98,INR,48,10,0,1,active,2026-08-18T10:00:00+05:30
rtp_8d3791d5,rmt_0497b541,long_stay,Long Stay,-1809.98,INR,72,10,0,3,active,2026-08-18T10:00:00+05:30
rtp_71a54b31,rmt_63be6614,half_board,Half Board,2986.46,INR,24,25,1,1,active,2026-08-18T10:00:00+05:30
rtp_1ee3437a,rmt_63be6614,non_refundable,Non Refundable,-1659.15,INR,0,100,0,1,active,2026-08-18T10:00:00+05:30
rtp_eb465312,rmt_ec8f2f1f,half_board,Half Board,1175.40,INR,24,10,1,1,active,2026-08-18T10:00:00+05:30
rtp_0f86ac59,rmt_ec8f2f1f,full_board,Full Board,1828.40,INR,48,25,1,1,active,2026-08-18T10:00:00+05:30
rtp_6a3f1d21,rmt_6660dd94,refundable,Refundable,979.50,INR,24,10,0,1,active,2026-08-18T10:00:00+05:30
rtp_36249321,rmt_6660dd94,half_board,Half Board,1469.25,INR,24,0,1,1,active,2026-08-18T10:00:00+05:30
rtp_f8ce16e7,rmt_ff860aad,long_stay,Long Stay,-1567.20,INR,72,25,0,3,active,2026-08-18T10:00:00+05:30
rtp_6af0f7a5,rmt_ff860aad,breakfast_included,Breakfast Included,835.84,INR,48,0,1,1,active,2026-08-18T10:00:00+05:30
rtp_7262ee4a,rmt_d2516451,non_refundable,Non Refundable,-1436.60,INR,0,100,0,1,active,2026-08-18T10:00:00+05:30
rtp_840bd447,rmt_d2516451,half_board,Half Board,2585.89,INR,24,25,1,1,active,2026-08-18T10:00:00+05:30
rtp_3f506648,rmt_f0cd7fd7,long_stay,Long Stay,-780.75,INR,24,0,0,3,active,2026-08-18T10:00:00+05:30
rtp_1d685579,rmt_f0cd7fd7,half_board,Half Board,936.91,INR,72,25,1,1,active,2026-08-18T10:00:00+05:30
rtp_a38eb968,rmt_435bfd43,half_board,Half Board,1171.13,INR,24,0,1,1,active,2026-08-18T10:00:00+05:30
rtp_2e27bff1,rmt_435bfd43,full_board,Full Board,1821.76,INR,24,0,1,1,active,2026-08-18T10:00:00+05:30
rtp_9e69b4cc,rmt_5d642711,full_board,Full Board,2331.85,INR,24,10,1,1,active,2026-08-18T10:00:00+05:30
rtp_8e2ba342,rmt_5d642711,breakfast_included,Breakfast Included,666.24,INR,24,25,1,1,active,2026-08-18T10:00:00+05:30
rtp_0d90a474,rmt_b283a8b8,half_board,Half Board,2061.19,INR,24,25,1,1,active,2026-08-18T10:00:00+05:30
rtp_d773aa2d,rmt_b283a8b8,non_refundable,Non Refundable,-1145.11,INR,0,100,0,1,active,2026-08-18T10:00:00+05:30
rtp_c3fa2088,rmt_aec8441a,non_refundable,Non Refundable,-662.98,INR,0,100,0,1,active,2026-08-18T10:00:00+05:30
rtp_c3c42865,rmt_aec8441a,half_board,Half Board,1193.36,INR,24,10,1,1,active,2026-08-18T10:00:00+05:30
rtp_ad425ac1,rmt_bfe306c2,refundable,Refundable,994.47,INR,72,10,0,1,active,2026-08-18T10:00:00+05:30
rtp_a3f84f8b,rmt_bfe306c2,full_board,Full Board,2320.43,INR,24,0,1,1,active,2026-08-18T10:00:00+05:30
rtp_39edd3d5,rmt_43799d6c,full_board,Full Board,2970.15,INR,24,10,1,1,active,2026-08-18T10:00:00+05:30
rtp_1e5a1e31,rmt_43799d6c,long_stay,Long Stay,-1591.15,INR,72,0,0,3,active,2026-08-18T10:00:00+05:30
rtp_3bbaaa3b,rmt_2ee21607,full_board,Full Board,4083.95,INR,48,10,1,1,active,2026-08-18T10:00:00+05:30
rtp_452139b3,rmt_2ee21607,refundable,Refundable,1750.26,INR,48,0,0,1,active,2026-08-18T10:00:00+05:30
rtp_6d082166,rmt_259e6353,full_board,Full Board,954.11,INR,48,0,1,1,active,2026-08-18T10:00:00+05:30
rtp_7f064d95,rmt_259e6353,non_refundable,Non Refundable,-340.76,INR,0,100,0,1,active,2026-08-18T10:00:00+05:30
rtp_83368937,rmt_d3ea4acb,half_board,Half Board,766.70,INR,48,10,1,1,active,2026-08-18T10:00:00+05:30
rtp_56bec883,rmt_d3ea4acb,non_refundable,Non Refundable,-425.94,INR,0,100,0,1,active,2026-08-18T10:00:00+05:30
rtp_a636fb21,rmt_d0b310f0,breakfast_included,Breakfast Included,436.17,INR,24,10,1,1,active,2026-08-18T10:00:00+05:30
rtp_9df95c38,rmt_d0b310f0,refundable,Refundable,654.25,INR,72,10,0,1,active,2026-08-18T10:00:00+05:30
rtp_f9958b15,rmt_49bdf69e,breakfast_included,Breakfast Included,599.73,INR,48,25,1,1,active,2026-08-18T10:00:00+05:30
rtp_30fcd825,rmt_49bdf69e,long_stay,Long Stay,-1124.49,INR,24,10,0,3,active,2026-08-18T10:00:00+05:30
rtp_70cde132,rmt_cd0a1cfc,breakfast_included,Breakfast Included,437.78,INR,72,0,1,1,active,2026-08-18T10:00:00+05:30
rtp_05e43f7e,rmt_cd0a1cfc,half_board,Half Board,985.01,INR,72,10,1,1,active,2026-08-18T10:00:00+05:30
rtp_80f5a54a,rmt_b4cf3ec4,long_stay,Long Stay,-1026.05,INR,48,0,0,3,active,2026-08-18T10:00:00+05:30
rtp_15d518be,rmt_b4cf3ec4,non_refundable,Non Refundable,-684.03,INR,0,100,0,1,active,2026-08-18T10:00:00+05:30
rtp_c763aaa1,rmt_7edee5da,breakfast_included,Breakfast Included,700.45,INR,48,25,1,1,active,2026-08-18T10:00:00+05:30
rtp_f67903f6,rmt_7edee5da,long_stay,Long Stay,-1313.35,INR,72,0,0,3,active,2026-08-18T10:00:00+05:30
rtp_998223f6,rmt_4fc4c4d3,half_board,Half Board,2167.02,INR,24,25,1,1,active,2026-08-18T10:00:00+05:30
rtp_d2c574a4,rmt_4fc4c4d3,non_refundable,Non Refundable,-1203.90,INR,0,100,0,1,active,2026-08-18T10:00:00+05:30
rtp_25c4c60d,rmt_b206a2b9,long_stay,Long Stay,-559.96,INR,48,0,0,3,active,2026-08-18T10:00:00+05:30
rtp_fa65a6eb,rmt_b206a2b9,half_board,Half Board,671.96,INR,48,10,1,1,active,2026-08-18T10:00:00+05:30
rtp_112f141f,rmt_423ed768,full_board,Full Board,1306.58,INR,48,0,1,1,active,2026-08-18T10:00:00+05:30
rtp_a21bc099,rmt_423ed768,non_refundable,Non Refundable,-466.64,INR,0,100,0,1,active,2026-08-18T10:00:00+05:30
rtp_b110d057,rmt_0a6f68c7,long_stay,Long Stay,-895.94,INR,48,10,0,3,active,2026-08-18T10:00:00+05:30
rtp_1f3b65df,rmt_0a6f68c7,non_refundable,Non Refundable,-597.30,INR,0,100,0,1,active,2026-08-18T10:00:00+05:30
rtp_918ece1f,rmt_6cfc99b4,breakfast_included,Breakfast Included,657.02,INR,24,10,1,1,active,2026-08-18T10:00:00+05:30
rtp_364f918f,rmt_6cfc99b4,long_stay,Long Stay,-1231.92,INR,48,10,0,3,active,2026-08-18T10:00:00+05:30
rtp_91fe1e92,rmt_4f14363b,non_refundable,Non Refundable,-169.77,INR,0,100,0,1,active,2026-08-18T10:00:00+05:30
rtp_e2bfa475,rmt_4f14363b,half_board,Half Board,305.59,INR,24,25,1,1,active,2026-08-18T10:00:00+05:30
rtp_d01a4d69,rmt_b6ed5055,long_stay,Long Stay,-318.32,INR,24,10,0,3,active,2026-08-18T10:00:00+05:30
rtp_a17ef621,rmt_b6ed5055,refundable,Refundable,254.66,INR,48,0,0,1,active,2026-08-18T10:00:00+05:30
rtp_31539b73,rmt_e45d6f7e,breakfast_included,Breakfast Included,217.31,INR,48,0,1,1,active,2026-08-18T10:00:00+05:30
rtp_2a78bc09,rmt_e45d6f7e,full_board,Full Board,760.58,INR,24,10,1,1,active,2026-08-18T10:00:00+05:30
rtp_07aaf36b,rmt_ea7e5466,half_board,Half Board,672.30,INR,72,25,1,1,active,2026-08-18T10:00:00+05:30
rtp_dd9ae19d,rmt_ea7e5466,long_stay,Long Stay,-560.25,INR,24,10,0,3,active,2026-08-18T10:00:00+05:30
rtp_5e1b4ef8,rmt_2f4f2596,half_board,Half Board,989.21,INR,24,0,1,1,active,2026-08-18T10:00:00+05:30
rtp_5d8589bb,rmt_2f4f2596,full_board,Full Board,1538.77,INR,72,0,1,1,active,2026-08-18T10:00:00+05:30
rtp_d4ff7c5f,rmt_79f17c49,long_stay,Long Stay,-1030.43,INR,24,0,0,3,active,2026-08-18T10:00:00+05:30
rtp_8ba1a25a,rmt_79f17c49,non_refundable,Non Refundable,-686.95,INR,0,100,0,1,active,2026-08-18T10:00:00+05:30
rtp_0961e254,rmt_fe3f72f1,breakfast_included,Breakfast Included,703.44,INR,48,0,1,1,active,2026-08-18T10:00:00+05:30
rtp_5cd9854f,rmt_fe3f72f1,non_refundable,Non Refundable,-879.30,INR,0,100,0,1,active,2026-08-18T10:00:00+05:30
rtp_1f3c4045,rmt_eede5ffe,non_refundable,Non Refundable,-1209.03,INR,0,100,0,1,active,2026-08-18T10:00:00+05:30
rtp_e5ee9c5f,rmt_eede5ffe,breakfast_included,Breakfast Included,967.23,INR,24,25,1,1,active,2026-08-18T10:00:00+05:30
rtp_d9b72381,rmt_650c9934,half_board,Half Board,290.30,INR,72,10,1,1,active,2026-08-18T10:00:00+05:30
rtp_fafa8a65,rmt_650c9934,full_board,Full Board,451.58,INR,24,0,1,1,active,2026-08-18T10:00:00+05:30
rtp_78b079f5,rmt_d5d1225e,non_refundable,Non Refundable,-201.60,INR,0,100,0,1,active,2026-08-18T10:00:00+05:30
rtp_0d6572fb,rmt_d5d1225e,long_stay,Long Stay,-302.40,INR,72,10,0,3,active,2026-08-18T10:00:00+05:30
rtp_c17c9f43,rmt_024aae3a,half_board,Half Board,464.48,INR,24,0,1,1,active,2026-08-18T10:00:00+05:30
rtp_869934bc,rmt_024aae3a,long_stay,Long Stay,-387.07,INR,24,0,0,3,active,2026-08-18T10:00:00+05:30
rtp_94c46e37,rmt_60a7859f,refundable,Refundable,425.78,INR,24,10,0,1,active,2026-08-18T10:00:00+05:30
rtp_70b465be,rmt_60a7859f,breakfast_included,Breakfast Included,283.85,INR,24,25,1,1,active,2026-08-18T10:00:00+05:30
rtp_52516645,rmt_6548e2cd,breakfast_included,Breakfast Included,251.35,INR,72,0,1,1,active,2026-08-18T10:00:00+05:30
rtp_40d8f8a5,rmt_6548e2cd,half_board,Half Board,565.53,INR,72,0,1,1,active,2026-08-18T10:00:00+05:30
rtp_c571354a,rmt_708dcfd3,non_refundable,Non Refundable,-392.73,INR,0,100,0,1,active,2026-08-18T10:00:00+05:30
rtp_603bccdd,rmt_708dcfd3,long_stay,Long Stay,-589.10,INR,48,25,0,3,active,2026-08-18T10:00:00+05:30
rtp_4abc0af9,rmt_8e5f928f,half_board,Half Board,904.85,INR,72,10,1,1,active,2026-08-18T10:00:00+05:30
rtp_35bb8603,rmt_8e5f928f,refundable,Refundable,603.23,INR,48,25,0,1,active,2026-08-18T10:00:00+05:30
rtp_4f4d3d30,rmt_cbac9201,long_stay,Long Stay,-1036.81,INR,72,25,0,3,active,2026-08-18T10:00:00+05:30
rtp_3e4a5fa6,rmt_cbac9201,breakfast_included,Breakfast Included,552.96,INR,24,0,1,1,active,2026-08-18T10:00:00+05:30
rtp_e6e9132f,rmt_f17c08e7,non_refundable,Non Refundable,-531.19,INR,0,100,0,1,active,2026-08-18T10:00:00+05:30
rtp_8e240392,rmt_f17c08e7,half_board,Half Board,956.14,INR,72,25,1,1,active,2026-08-18T10:00:00+05:30
rtp_b21b689c,rmt_784f7fe9,half_board,Half Board,1195.18,INR,72,0,1,1,active,2026-08-18T10:00:00+05:30
rtp_9aee5dd5,rmt_784f7fe9,breakfast_included,Breakfast Included,531.19,INR,48,10,1,1,active,2026-08-18T10:00:00+05:30
rtp_c2ee7970,rmt_5e0e2577,full_board,Full Board,2379.73,INR,48,25,1,1,active,2026-08-18T10:00:00+05:30
rtp_3e7a0786,rmt_5e0e2577,refundable,Refundable,1019.88,INR,72,10,0,1,active,2026-08-18T10:00:00+05:30
rtp_c3bd1b7b,rmt_905576da,full_board,Full Board,3272.13,INR,48,0,1,1,active,2026-08-18T10:00:00+05:30
rtp_414e8433,rmt_905576da,long_stay,Long Stay,-1752.93,INR,24,0,0,3,active,2026-08-18T10:00:00+05:30
rtp_e95f7ab5,rmt_56701d68,breakfast_included,Breakfast Included,588.26,INR,48,0,1,1,active,2026-08-18T10:00:00+05:30
rtp_44d1559f,rmt_56701d68,long_stay,Long Stay,-1102.98,INR,48,10,0,3,active,2026-08-18T10:00:00+05:30
rtp_3ad39d19,rmt_f0305071,refundable,Refundable,1102.98,INR,72,10,0,1,active,2026-08-18T10:00:00+05:30
rtp_eb0b3397,rmt_f0305071,half_board,Half Board,1654.47,INR,48,0,1,1,active,2026-08-18T10:00:00+05:30
rtp_a8afd9c3,rmt_1b34ab4d,full_board,Full Board,3294.23,INR,24,0,1,1,active,2026-08-18T10:00:00+05:30
rtp_057cad81,rmt_1b34ab4d,long_stay,Long Stay,-1764.77,INR,72,25,0,3,active,2026-08-18T10:00:00+05:30
rtp_11d3d898,rmt_d1abd407,refundable,Refundable,1941.24,INR,48,25,0,1,active,2026-08-18T10:00:00+05:30
rtp_33605a83,rmt_d1abd407,full_board,Full Board,4529.57,INR,48,25,1,1,active,2026-08-18T10:00:00+05:30
rtp_63874e18,rmt_5e647c40,refundable,Refundable,1295.98,INR,24,10,0,1,active,2026-08-18T10:00:00+05:30
rtp_899df62d,rmt_5e647c40,full_board,Full Board,3023.96,INR,72,0,1,1,active,2026-08-18T10:00:00+05:30
rtp_f258b782,rmt_709c7acc,long_stay,Long Stay,-2024.97,INR,72,0,0,3,active,2026-08-18T10:00:00+05:30
rtp_83e738a0,rmt_709c7acc,refundable,Refundable,1619.98,INR,24,0,0,1,active,2026-08-18T10:00:00+05:30
rtp_97ab5a63,rmt_2ef10b2a,breakfast_included,Breakfast Included,1382.38,INR,48,0,1,1,active,2026-08-18T10:00:00+05:30
rtp_504722b6,rmt_2ef10b2a,half_board,Half Board,3110.36,INR,24,10,1,1,active,2026-08-18T10:00:00+05:30
rtp_d345e529,rmt_2d887c26,non_refundable,Non Refundable,-2375.97,INR,0,100,0,1,active,2026-08-18T10:00:00+05:30
rtp_ee9c4a3e,rmt_2d887c26,breakfast_included,Breakfast Included,1900.77,INR,48,0,1,1,active,2026-08-18T10:00:00+05:30
rtp_4cb75b3a,rmt_a47d4809,full_board,Full Board,2081.11,INR,24,0,1,1,active,2026-08-18T10:00:00+05:30
rtp_dd2f4615,rmt_a47d4809,refundable,Refundable,891.90,INR,72,10,0,1,active,2026-08-18T10:00:00+05:30
rtp_246781e0,rmt_39bad24e,full_board,Full Board,2601.38,INR,48,25,1,1,active,2026-08-18T10:00:00+05:30
rtp_180ccd9c,rmt_39bad24e,breakfast_included,Breakfast Included,743.25,INR,48,25,1,1,active,2026-08-18T10:00:00+05:30
rtp_7234888a,rmt_0e860876,breakfast_included,Breakfast Included,951.36,INR,48,0,1,1,active,2026-08-18T10:00:00+05:30
rtp_cad98c16,rmt_0e860876,non_refundable,Non Refundable,-1189.20,INR,0,100,0,1,active,2026-08-18T10:00:00+05:30
rtp_7316cffd,rmt_268a4873,breakfast_included,Breakfast Included,1308.12,INR,24,10,1,1,active,2026-08-18T10:00:00+05:30
rtp_529de7ed,rmt_268a4873,long_stay,Long Stay,-2452.73,INR,72,25,0,3,active,2026-08-18T10:00:00+05:30
rtp_47fd2247,rmt_bcf88c61,refundable,Refundable,323.12,INR,48,25,0,1,active,2026-08-18T10:00:00+05:30
rtp_c0a40619,rmt_bcf88c61,breakfast_included,Breakfast Included,215.41,INR,72,0,1,1,active,2026-08-18T10:00:00+05:30
rtp_7ffc49f5,rmt_0ac76f1f,breakfast_included,Breakfast Included,269.26,INR,48,10,1,1,active,2026-08-18T10:00:00+05:30
rtp_12081b0a,rmt_0ac76f1f,half_board,Half Board,605.84,INR,24,25,1,1,active,2026-08-18T10:00:00+05:30
rtp_69e1c6d5,rmt_d7a0cdfe,half_board,Half Board,775.48,INR,72,25,1,1,active,2026-08-18T10:00:00+05:30
rtp_bf5b2528,rmt_d7a0cdfe,breakfast_included,Breakfast Included,344.66,INR,48,25,1,1,active,2026-08-18T10:00:00+05:30
rtp_ecb72db7,rmt_9731daf4,half_board,Half Board,1066.28,INR,48,25,1,1,active,2026-08-18T10:00:00+05:30
rtp_0f1f04c6,rmt_9731daf4,full_board,Full Board,1658.66,INR,24,0,1,1,active,2026-08-18T10:00:00+05:30
rtp_0855a99d,rmt_22a0518f,refundable,Refundable,307.87,INR,48,0,0,1,active,2026-08-18T10:00:00+05:30
rtp_58de80cd,rmt_22a0518f,long_stay,Long Stay,-384.83,INR,24,10,0,3,active,2026-08-18T10:00:00+05:30
rtp_d0f85822,rmt_8039634d,long_stay,Long Stay,-481.04,INR,72,25,0,3,active,2026-08-18T10:00:00+05:30
rtp_12c7cfa4,rmt_8039634d,breakfast_included,Breakfast Included,256.56,INR,24,10,1,1,active,2026-08-18T10:00:00+05:30
rtp_76f74554,rmt_6d92f523,long_stay,Long Stay,-615.73,INR,24,25,0,3,active,2026-08-18T10:00:00+05:30
rtp_782a86a7,rmt_6d92f523,half_board,Half Board,738.88,INR,48,0,1,1,active,2026-08-18T10:00:00+05:30
rtp_06c0bbf7,rmt_0eac32b1,full_board,Full Board,1580.38,INR,72,25,1,1,active,2026-08-18T10:00:00+05:30
rtp_75e9a966,rmt_0eac32b1,breakfast_included,Breakfast Included,451.54,INR,24,0,1,1,active,2026-08-18T10:00:00+05:30
rtp_27f6e424,rmt_47eaeab8,non_refundable,Non Refundable,-1478.73,INR,0,100,0,1,active,2026-08-18T10:00:00+05:30
rtp_e38572a3,rmt_47eaeab8,half_board,Half Board,2661.71,INR,48,0,1,1,active,2026-08-18T10:00:00+05:30
rtp_8b8be333,rmt_013959d4,refundable,Refundable,2218.09,INR,72,10,0,1,active,2026-08-18T10:00:00+05:30
rtp_e45c8e47,rmt_013959d4,breakfast_included,Breakfast Included,1478.73,INR,48,0,1,1,active,2026-08-18T10:00:00+05:30
rtp_e96934e9,rmt_cab3c669,refundable,Refundable,2839.15,INR,48,0,0,1,active,2026-08-18T10:00:00+05:30
rtp_ab0b41a7,rmt_cab3c669,non_refundable,Non Refundable,-2365.96,INR,0,100,0,1,active,2026-08-18T10:00:00+05:30
rtp_077f63bd,rmt_add53bc2,refundable,Refundable,3903.84,INR,48,0,0,1,active,2026-08-18T10:00:00+05:30
rtp_66ce22d2,rmt_add53bc2,long_stay,Long Stay,-4879.80,INR,24,25,0,3,active,2026-08-18T10:00:00+05:30
rtp_3bf75827,rmt_bc84cb85,refundable,Refundable,370.52,INR,48,0,0,1,active,2026-08-18T10:00:00+05:30
rtp_e4d1d515,rmt_bc84cb85,breakfast_included,Breakfast Included,247.01,INR,48,0,1,1,active,2026-08-18T10:00:00+05:30
rtp_7695d51a,rmt_a68f0c81,refundable,Refundable,463.15,INR,48,25,0,1,active,2026-08-18T10:00:00+05:30
rtp_35e2bfcc,rmt_a68f0c81,non_refundable,Non Refundable,-385.96,INR,0,100,0,1,active,2026-08-18T10:00:00+05:30
rtp_23c36e61,rmt_1ea3d32f,refundable,Refundable,592.83,INR,24,0,0,1,active,2026-08-18T10:00:00+05:30
rtp_0e7adbb8,rmt_1ea3d32f,breakfast_included,Breakfast Included,395.22,INR,48,10,1,1,active,2026-08-18T10:00:00+05:30
rtp_e72c06e1,rmt_f891a134,refundable,Refundable,815.14,INR,48,0,0,1,active,2026-08-18T10:00:00+05:30
rtp_ffafa468,rmt_f891a134,half_board,Half Board,1222.71,INR,72,25,1,1,active,2026-08-18T10:00:00+05:30
rtp_6fa23675,rmt_48fca746,non_refundable,Non Refundable,-358.01,INR,0,100,0,1,active,2026-08-18T10:00:00+05:30
rtp_06ac30dc,rmt_48fca746,refundable,Refundable,429.61,INR,48,25,0,1,active,2026-08-18T10:00:00+05:30
rtp_7c61b7f7,rmt_d2833983,non_refundable,Non Refundable,-447.51,INR,0,100,0,1,active,2026-08-18T10:00:00+05:30
rtp_ad74e914,rmt_d2833983,half_board,Half Board,805.52,INR,24,25,1,1,active,2026-08-18T10:00:00+05:30
rtp_ea8cb03e,rmt_35c23c39,breakfast_included,Breakfast Included,458.25,INR,24,25,1,1,active,2026-08-18T10:00:00+05:30
rtp_7dbf7d1c,rmt_35c23c39,full_board,Full Board,1603.88,INR,48,10,1,1,active,2026-08-18T10:00:00+05:30
rtp_9b62aa6b,rmt_cf661344,refundable,Refundable,945.14,INR,24,25,0,1,active,2026-08-18T10:00:00+05:30
rtp_72181159,rmt_cf661344,breakfast_included,Breakfast Included,630.10,INR,48,10,1,1,active,2026-08-18T10:00:00+05:30
rtp_205fe7f6,rmt_f4767b7e,long_stay,Long Stay,-5379.25,INR,24,25,0,3,active,2026-08-18T10:00:00+05:30
rtp_95056ccc,rmt_f4767b7e,refundable,Refundable,4303.40,INR,72,0,0,1,active,2026-08-18T10:00:00+05:30
rtp_ce6c58ea,rmt_4726f8c7,full_board,Full Board,2282.10,INR,72,10,1,1,active,2026-08-18T10:00:00+05:30
rtp_202425ce,rmt_4726f8c7,long_stay,Long Stay,-1222.56,INR,72,10,0,3,active,2026-08-18T10:00:00+05:30
rtp_8ffd0eae,rmt_7fd36665,breakfast_included,Breakfast Included,834.60,INR,24,0,1,1,active,2026-08-18T10:00:00+05:30
rtp_0da9587d,rmt_7fd36665,non_refundable,Non Refundable,-1043.25,INR,0,100,0,1,active,2026-08-18T10:00:00+05:30
rtp_428652b8,rmt_dd8fc98d,half_board,Half Board,2582.04,INR,24,25,1,1,active,2026-08-18T10:00:00+05:30
rtp_88522f1b,rmt_dd8fc98d,non_refundable,Non Refundable,-1434.47,INR,0,100,0,1,active,2026-08-18T10:00:00+05:30
rtp_ea137539,rmt_4a787963,refundable,Refundable,754.45,INR,24,10,0,1,active,2026-08-18T10:00:00+05:30
rtp_f5fac905,rmt_4a787963,breakfast_included,Breakfast Included,502.97,INR,24,10,1,1,active,2026-08-18T10:00:00+05:30
rtp_eafa1f7b,rmt_22e18967,half_board,Half Board,1414.60,INR,24,25,1,1,active,2026-08-18T10:00:00+05:30
rtp_ed6a0d51,rmt_22e18967,full_board,Full Board,2200.48,INR,24,0,1,1,active,2026-08-18T10:00:00+05:30
rtp_7cc469ea,rmt_19e0b184,long_stay,Long Stay,-1508.90,INR,72,0,0,3,active,2026-08-18T10:00:00+05:30
rtp_3b28d64a,rmt_19e0b184,half_board,Half Board,1810.68,INR,24,25,1,1,active,2026-08-18T10:00:00+05:30
rtp_1da75cc9,rmt_c55ccaef,non_refundable,Non Refundable,-1383.16,INR,0,100,0,1,active,2026-08-18T10:00:00+05:30
rtp_0d3de70d,rmt_c55ccaef,full_board,Full Board,3872.85,INR,24,0,1,1,active,2026-08-18T10:00:00+05:30
rtp_45a91a76,rmt_fd5ae932,non_refundable,Non Refundable,-342.74,INR,0,100,0,1,active,2026-08-18T10:00:00+05:30
rtp_bb728328,rmt_fd5ae932,full_board,Full Board,959.67,INR,48,0,1,1,active,2026-08-18T10:00:00+05:30
rtp_35a31396,rmt_2ee7481d,non_refundable,Non Refundable,-428.42,INR,0,100,0,1,active,2026-08-18T10:00:00+05:30
rtp_fdaab3c4,rmt_2ee7481d,long_stay,Long Stay,-642.64,INR,24,10,0,3,active,2026-08-18T10:00:00+05:30
rtp_cdb7446f,rmt_3661f45e,half_board,Half Board,987.09,INR,24,10,1,1,active,2026-08-18T10:00:00+05:30
rtp_02d93d63,rmt_3661f45e,breakfast_included,Breakfast Included,438.71,INR,72,0,1,1,active,2026-08-18T10:00:00+05:30
rtp_91c2eb1a,rmt_1393d496,full_board,Full Board,2111.27,INR,48,0,1,1,active,2026-08-18T10:00:00+05:30
rtp_e72b5044,rmt_1393d496,refundable,Refundable,904.83,INR,48,25,0,1,active,2026-08-18T10:00:00+05:30
rtp_177bedf0,rmt_bbe3b35d,refundable,Refundable,179.50,INR,72,25,0,1,active,2026-08-18T10:00:00+05:30
rtp_e7524b84,rmt_bbe3b35d,full_board,Full Board,418.83,INR,48,25,1,1,active,2026-08-18T10:00:00+05:30
rtp_9aab2122,rmt_da84c2a1,full_board,Full Board,523.53,INR,24,10,1,1,active,2026-08-18T10:00:00+05:30
rtp_595ce5cd,rmt_da84c2a1,refundable,Refundable,224.37,INR,72,0,0,1,active,2026-08-18T10:00:00+05:30
rtp_3d75403b,rmt_82174bde,refundable,Refundable,287.19,INR,24,0,0,1,active,2026-08-18T10:00:00+05:30
rtp_5bf8b04b,rmt_82174bde,non_refundable,Non Refundable,-239.33,INR,0,100,0,1,active,2026-08-18T10:00:00+05:30
rtp_95ab1175,rmt_6b108445,half_board,Half Board,592.34,INR,48,10,1,1,active,2026-08-18T10:00:00+05:30
rtp_7bf82e15,rmt_6b108445,non_refundable,Non Refundable,-329.08,INR,0,100,0,1,active,2026-08-18T10:00:00+05:30
rtp_743f221c,rmt_adfde93d,non_refundable,Non Refundable,-603.97,INR,0,100,0,1,active,2026-08-18T10:00:00+05:30
rtp_acd6c630,rmt_adfde93d,refundable,Refundable,724.77,INR,24,0,0,1,active,2026-08-18T10:00:00+05:30
rtp_8cb5636f,rmt_abcb8af5,half_board,Half Board,1358.94,INR,48,25,1,1,active,2026-08-18T10:00:00+05:30
rtp_22f0b3ac,rmt_abcb8af5,non_refundable,Non Refundable,-754.97,INR,0,100,0,1,active,2026-08-18T10:00:00+05:30
rtp_e28a3c6a,rmt_90cd3c11,breakfast_included,Breakfast Included,773.09,INR,72,10,1,1,active,2026-08-18T10:00:00+05:30
rtp_e5811108,rmt_90cd3c11,non_refundable,Non Refundable,-966.36,INR,0,100,0,1,active,2026-08-18T10:00:00+05:30
rtp_1e92fe15,rmt_889298aa,refundable,Refundable,1594.49,INR,72,25,0,1,active,2026-08-18T10:00:00+05:30
rtp_71cf51f5,rmt_889298aa,non_refundable,Non Refundable,-1328.74,INR,0,100,0,1,active,2026-08-18T10:00:00+05:30
rtp_6554480a,rmt_5b220b9c,breakfast_included,Breakfast Included,319.20,INR,48,0,1,1,active,2026-08-18T10:00:00+05:30
rtp_489a7938,rmt_5b220b9c,full_board,Full Board,1117.18,INR,48,25,1,1,active,2026-08-18T10:00:00+05:30
rtp_3a2e09b0,rmt_4cd1e779,breakfast_included,Breakfast Included,398.99,INR,48,10,1,1,active,2026-08-18T10:00:00+05:30
rtp_6b99a61e,rmt_4cd1e779,refundable,Refundable,598.49,INR,48,10,0,1,active,2026-08-18T10:00:00+05:30
rtp_04b3c92f,rmt_5e6f1662,half_board,Half Board,1149.10,INR,48,10,1,1,active,2026-08-18T10:00:00+05:30
rtp_87b1aed0,rmt_5e6f1662,long_stay,Long Stay,-957.59,INR,48,25,0,3,active,2026-08-18T10:00:00+05:30
rtp_f9f58aa7,rmt_17514b94,breakfast_included,Breakfast Included,702.23,INR,72,25,1,1,active,2026-08-18T10:00:00+05:30
rtp_8f630466,rmt_17514b94,full_board,Full Board,2457.81,INR,24,0,1,1,active,2026-08-18T10:00:00+05:30
rtp_b44c6d54,rmt_7a6bb96a,breakfast_included,Breakfast Included,1208.40,INR,48,25,1,1,active,2026-08-18T10:00:00+05:30
rtp_9bcbc116,rmt_7a6bb96a,non_refundable,Non Refundable,-1510.50,INR,0,100,0,1,active,2026-08-18T10:00:00+05:30
rtp_fb9417b8,rmt_818bfa97,refundable,Refundable,2265.75,INR,24,10,0,1,active,2026-08-18T10:00:00+05:30
rtp_33fe7c88,rmt_818bfa97,long_stay,Long Stay,-2832.19,INR,72,10,0,3,active,2026-08-18T10:00:00+05:30
rtp_9c3375e5,rmt_140c165e,full_board,Full Board,6767.04,INR,48,10,1,1,active,2026-08-18T10:00:00+05:30
rtp_67ca11e6,rmt_140c165e,half_board,Half Board,4350.24,INR,24,25,1,1,active,2026-08-18T10:00:00+05:30
rtp_12a5124f,rmt_5b68a891,breakfast_included,Breakfast Included,2658.48,INR,24,0,1,1,active,2026-08-18T10:00:00+05:30
rtp_bd9e3a9b,rmt_5b68a891,refundable,Refundable,3987.72,INR,48,10,0,1,active,2026-08-18T10:00:00+05:30
rtp_0e69bfcb,rmt_b91c7e7c,breakfast_included,Breakfast Included,1036.03,INR,48,10,1,1,active,2026-08-18T10:00:00+05:30
rtp_8bc8798d,rmt_b91c7e7c,non_refundable,Non Refundable,-1295.04,INR,0,100,0,1,active,2026-08-18T10:00:00+05:30
rtp_b4a18a24,rmt_c5263905,breakfast_included,Breakfast Included,1295.04,INR,24,10,1,1,active,2026-08-18T10:00:00+05:30
rtp_00e1f5e1,rmt_c5263905,refundable,Refundable,1942.56,INR,72,0,0,1,active,2026-08-18T10:00:00+05:30
rtp_44fd2b22,rmt_9cbe2d8e,full_board,Full Board,5801.77,INR,24,10,1,1,active,2026-08-18T10:00:00+05:30
rtp_638b9c11,rmt_9cbe2d8e,refundable,Refundable,2486.47,INR,24,25,0,1,active,2026-08-18T10:00:00+05:30
rtp_f89edfb5,rmt_b9c59920,half_board,Half Board,5128.35,INR,24,25,1,1,active,2026-08-18T10:00:00+05:30
rtp_8d1b3ebd,rmt_b9c59920,long_stay,Long Stay,-4273.62,INR,72,10,0,3,active,2026-08-18T10:00:00+05:30
rtp_7e3b4131,rmt_2e6d19e7,refundable,Refundable,340.23,INR,72,25,0,1,active,2026-08-18T10:00:00+05:30
rtp_42b9179c,rmt_2e6d19e7,full_board,Full Board,793.88,INR,72,10,1,1,active,2026-08-18T10:00:00+05:30
rtp_ba5fae40,rmt_da87f9bd,refundable,Refundable,425.29,INR,72,25,0,1,active,2026-08-18T10:00:00+05:30
rtp_62a70f36,rmt_da87f9bd,long_stay,Long Stay,-531.61,INR,24,0,0,3,active,2026-08-18T10:00:00+05:30
rtp_24c4e944,rmt_63eb94a0,full_board,Full Board,1270.20,INR,24,25,1,1,active,2026-08-18T10:00:00+05:30
rtp_c10bb66b,rmt_63eb94a0,half_board,Half Board,816.56,INR,72,10,1,1,active,2026-08-18T10:00:00+05:30
rtp_3707fe6c,rmt_20470f7b,half_board,Half Board,1122.77,INR,48,25,1,1,active,2026-08-18T10:00:00+05:30
rtp_a9bc29cd,rmt_20470f7b,long_stay,Long Stay,-935.64,INR,48,25,0,3,active,2026-08-18T10:00:00+05:30
rtp_6834d48f,rmt_08a2564d,breakfast_included,Breakfast Included,294.18,INR,72,10,1,1,active,2026-08-18T10:00:00+05:30
rtp_bd6f9bae,rmt_08a2564d,refundable,Refundable,441.27,INR,48,0,0,1,active,2026-08-18T10:00:00+05:30
rtp_e54773b0,rmt_63e35ab2,full_board,Full Board,1287.04,INR,72,25,1,1,active,2026-08-18T10:00:00+05:30
rtp_7e8d2992,rmt_63e35ab2,half_board,Half Board,827.38,INR,72,10,1,1,active,2026-08-18T10:00:00+05:30
rtp_43c4139e,rmt_800763ea,full_board,Full Board,1647.41,INR,24,25,1,1,active,2026-08-18T10:00:00+05:30
rtp_0f3978c7,rmt_800763ea,breakfast_included,Breakfast Included,470.69,INR,72,25,1,1,active,2026-08-18T10:00:00+05:30
rtp_117a1bd5,rmt_591c4f11,non_refundable,Non Refundable,-809.00,INR,0,100,0,1,active,2026-08-18T10:00:00+05:30
rtp_2efe638b,rmt_591c4f11,refundable,Refundable,970.80,INR,48,0,0,1,active,2026-08-18T10:00:00+05:30
rtp_ea46f345,rmt_47227828,full_board,Full Board,1986.42,INR,48,0,1,1,active,2026-08-18T10:00:00+05:30
rtp_4294a9f6,rmt_47227828,non_refundable,Non Refundable,-709.44,INR,0,100,0,1,active,2026-08-18T10:00:00+05:30
rtp_41d2ad9a,rmt_e22a33fa,non_refundable,Non Refundable,-886.80,INR,0,100,0,1,active,2026-08-18T10:00:00+05:30
rtp_7a86550f,rmt_e22a33fa,full_board,Full Board,2483.03,INR,48,25,1,1,active,2026-08-18T10:00:00+05:30
rtp_59b3dadd,rmt_ed96e2ba,refundable,Refundable,1362.12,INR,72,10,0,1,active,2026-08-18T10:00:00+05:30
rtp_63daf29c,rmt_ed96e2ba,breakfast_included,Breakfast Included,908.08,INR,48,10,1,1,active,2026-08-18T10:00:00+05:30
rtp_0069236c,rmt_e561c575,long_stay,Long Stay,-2341.14,INR,48,0,0,3,active,2026-08-18T10:00:00+05:30
rtp_2f158b1b,rmt_e561c575,full_board,Full Board,4370.13,INR,72,0,1,1,active,2026-08-18T10:00:00+05:30
rtp_8522a5a5,rmt_22def478,full_board,Full Board,1556.09,INR,24,0,1,1,active,2026-08-18T10:00:00+05:30
rtp_4aff94ff,rmt_22def478,refundable,Refundable,666.90,INR,48,10,0,1,active,2026-08-18T10:00:00+05:30
rtp_4e2c3bd1,rmt_528294fe,half_board,Half Board,1250.43,INR,72,10,1,1,active,2026-08-18T10:00:00+05:30
rtp_23e3334e,rmt_528294fe,full_board,Full Board,1945.12,INR,48,25,1,1,active,2026-08-18T10:00:00+05:30
rtp_1a5f0a50,rmt_21ed1f88,half_board,Half Board,1600.55,INR,48,10,1,1,active,2026-08-18T10:00:00+05:30
rtp_61cad843,rmt_21ed1f88,breakfast_included,Breakfast Included,711.36,INR,72,0,1,1,active,2026-08-18T10:00:00+05:30
rtp_327233e3,rmt_05727d62,long_stay,Long Stay,-1833.97,INR,72,10,0,3,active,2026-08-18T10:00:00+05:30
rtp_0e683d7e,rmt_05727d62,full_board,Full Board,3423.41,INR,24,0,1,1,active,2026-08-18T10:00:00+05:30
rtp_fbcc4727,rmt_b69a22dd,non_refundable,Non Refundable,-178.71,INR,0,100,0,1,active,2026-08-18T10:00:00+05:30
rtp_97e04c36,rmt_b69a22dd,half_board,Half Board,321.67,INR,72,25,1,1,active,2026-08-18T10:00:00+05:30
rtp_01acfda1,rmt_55884246,long_stay,Long Stay,-335.07,INR,24,10,0,3,active,2026-08-18T10:00:00+05:30
rtp_386a085a,rmt_55884246,refundable,Refundable,268.06,INR,48,25,0,1,active,2026-08-18T10:00:00+05:30
rtp_3b1b2109,rmt_94c7cd5d,breakfast_included,Breakfast Included,228.74,INR,48,0,1,1,active,2026-08-18T10:00:00+05:30
rtp_1c5cbea5,rmt_94c7cd5d,non_refundable,Non Refundable,-285.93,INR,0,100,0,1,active,2026-08-18T10:00:00+05:30
rtp_6dd8353d,rmt_87e691a5,refundable,Refundable,471.78,INR,48,25,0,1,active,2026-08-18T10:00:00+05:30
rtp_0244a113,rmt_87e691a5,breakfast_included,Breakfast Included,314.52,INR,24,0,1,1,active,2026-08-18T10:00:00+05:30
rtp_d75f0a3b,rmt_1c05fa87,non_refundable,Non Refundable,-305.46,INR,0,100,0,1,active,2026-08-18T10:00:00+05:30
rtp_a6fb5111,rmt_1c05fa87,refundable,Refundable,366.56,INR,48,25,0,1,active,2026-08-18T10:00:00+05:30
rtp_24cbbf29,rmt_35f045d9,non_refundable,Non Refundable,-381.83,INR,0,100,0,1,active,2026-08-18T10:00:00+05:30
rtp_1d5b7e3b,rmt_35f045d9,breakfast_included,Breakfast Included,305.46,INR,24,0,1,1,active,2026-08-18T10:00:00+05:30
rtp_a36d931d,rmt_0be75b1e,non_refundable,Non Refundable,-488.74,INR,0,100,0,1,active,2026-08-18T10:00:00+05:30
rtp_2082e6c9,rmt_0be75b1e,refundable,Refundable,586.49,INR,48,0,0,1,active,2026-08-18T10:00:00+05:30
rtp_6fc32644,rmt_7e538eb3,full_board,Full Board,1881.65,INR,72,0,1,1,active,2026-08-18T10:00:00+05:30
rtp_1ab3b529,rmt_7e538eb3,refundable,Refundable,806.42,INR,24,10,0,1,active,2026-08-18T10:00:00+05:30
rtp_517c6c68,rmt_b384b31a,breakfast_included,Breakfast Included,209.52,INR,48,0,1,1,active,2026-08-18T10:00:00+05:30
rtp_4e108956,rmt_b384b31a,full_board,Full Board,733.31,INR,24,25,1,1,active,2026-08-18T10:00:00+05:30
rtp_4c71a415,rmt_3d9c34a3,half_board,Half Board,589.27,INR,48,10,1,1,active,2026-08-18T10:00:00+05:30
rtp_9ec39f40,rmt_3d9c34a3,long_stay,Long Stay,-491.06,INR,48,0,0,3,active,2026-08-18T10:00:00+05:30
rtp_6d1eff0f,rmt_551b2c94,non_refundable,Non Refundable,-419.04,INR,0,100,0,1,active,2026-08-18T10:00:00+05:30
rtp_68151853,rmt_551b2c94,refundable,Refundable,502.84,INR,72,25,0,1,active,2026-08-18T10:00:00+05:30
rtp_5a485155,rmt_688b73f3,full_board,Full Board,1613.29,INR,24,0,1,1,active,2026-08-18T10:00:00+05:30
rtp_1bc04e34,rmt_688b73f3,breakfast_included,Breakfast Included,460.94,INR,72,0,1,1,active,2026-08-18T10:00:00+05:30
rtp_fc93ec4b,rmt_41693e02,breakfast_included,Breakfast Included,286.53,INR,48,0,1,1,active,2026-08-18T10:00:00+05:30
rtp_c425ef0d,rmt_41693e02,half_board,Half Board,644.69,INR,48,25,1,1,active,2026-08-18T10:00:00+05:30
rtp_015b01de,rmt_d7416d52,half_board,Half Board,805.86,INR,72,10,1,1,active,2026-08-18T10:00:00+05:30
rtp_341e2685,rmt_d7416d52,breakfast_included,Breakfast Included,358.16,INR,24,25,1,1,active,2026-08-18T10:00:00+05:30
rtp_22bdcd58,rmt_167f1e72,non_refundable,Non Refundable,-573.06,INR,0,100,0,1,active,2026-08-18T10:00:00+05:30
rtp_3abeae56,rmt_167f1e72,breakfast_included,Breakfast Included,458.44,INR,72,10,1,1,active,2026-08-18T10:00:00+05:30
rtp_699320a7,rmt_f0431bad,full_board,Full Board,2206.26,INR,48,25,1,1,active,2026-08-18T10:00:00+05:30
rtp_e1a91592,rmt_f0431bad,breakfast_included,Breakfast Included,630.36,INR,72,25,1,1,active,2026-08-18T10:00:00+05:30
rtp_76bb0c6c,rmt_a1a9c79e,half_board,Half Board,520.20,INR,24,0,1,1,active,2026-08-18T10:00:00+05:30
rtp_696f96c8,rmt_a1a9c79e,non_refundable,Non Refundable,-289.00,INR,0,100,0,1,active,2026-08-18T10:00:00+05:30
rtp_c5d267be,rmt_25fa9250,non_refundable,Non Refundable,-361.25,INR,0,100,0,1,active,2026-08-18T10:00:00+05:30
rtp_718bb559,rmt_25fa9250,half_board,Half Board,650.24,INR,72,25,1,1,active,2026-08-18T10:00:00+05:30
rtp_31e400a7,rmt_ef9de2f5,breakfast_included,Breakfast Included,369.92,INR,72,10,1,1,active,2026-08-18T10:00:00+05:30
rtp_17c9bdc2,rmt_ef9de2f5,full_board,Full Board,1294.71,INR,48,10,1,1,active,2026-08-18T10:00:00+05:30
rtp_bc555eaa,rmt_26f40faa,non_refundable,Non Refundable,-635.80,INR,0,100,0,1,active,2026-08-18T10:00:00+05:30
rtp_e240d182,rmt_26f40faa,refundable,Refundable,762.95,INR,48,0,0,1,active,2026-08-18T10:00:00+05:30
rtp_94c35036,rmt_3a595898,full_board,Full Board,503.58,INR,72,10,1,1,active,2026-08-18T10:00:00+05:30
rtp_90cb7f85,rmt_3a595898,non_refundable,Non Refundable,-179.85,INR,0,100,0,1,active,2026-08-18T10:00:00+05:30
rtp_ea0ebed3,rmt_2fe512ad,long_stay,Long Stay,-337.22,INR,72,25,0,3,active,2026-08-18T10:00:00+05:30
rtp_cdcc97ad,rmt_2fe512ad,refundable,Refundable,269.77,INR,24,0,0,1,active,2026-08-18T10:00:00+05:30
rtp_b4d2a6dc,rmt_ab072c2e,full_board,Full Board,805.73,INR,48,25,1,1,active,2026-08-18T10:00:00+05:30
rtp_1a1279f8,rmt_ab072c2e,refundable,Refundable,345.31,INR,48,10,0,1,active,2026-08-18T10:00:00+05:30
rtp_4fb9b31d,rmt_dc0f7b12,refundable,Refundable,474.80,INR,24,0,0,1,active,2026-08-18T10:00:00+05:30
rtp_62444064,rmt_dc0f7b12,breakfast_included,Breakfast Included,316.54,INR,72,0,1,1,active,2026-08-18T10:00:00+05:30
rtp_30bf0e6b,rmt_b06c1e04,non_refundable,Non Refundable,-199.25,INR,0,100,0,1,active,2026-08-18T10:00:00+05:30
rtp_e71d0b19,rmt_b06c1e04,half_board,Half Board,358.65,INR,48,0,1,1,active,2026-08-18T10:00:00+05:30
rtp_75a21fbc,rmt_79aa251b,breakfast_included,Breakfast Included,199.25,INR,24,10,1,1,active,2026-08-18T10:00:00+05:30
rtp_5cd07520,rmt_79aa251b,full_board,Full Board,697.38,INR,48,0,1,1,active,2026-08-18T10:00:00+05:30
rtp_24d797d7,rmt_110f3683,full_board,Full Board,892.64,INR,72,0,1,1,active,2026-08-18T10:00:00+05:30
rtp_c9f7013c,rmt_110f3683,long_stay,Long Stay,-478.20,INR,48,10,0,3,active,2026-08-18T10:00:00+05:30
rtp_775bf7c5,rmt_4d32f357,full_board,Full Board,1227.39,INR,72,0,1,1,active,2026-08-18T10:00:00+05:30
rtp_708cdf57,rmt_4d32f357,long_stay,Long Stay,-657.53,INR,72,0,0,3,active,2026-08-18T10:00:00+05:30
rtp_f031e17e,rmt_e2da1aca,full_board,Full Board,837.96,INR,48,25,1,1,active,2026-08-18T10:00:00+05:30
rtp_6684a334,rmt_e2da1aca,half_board,Half Board,538.69,INR,48,25,1,1,active,2026-08-18T10:00:00+05:30
rtp_122703d1,rmt_a369d34e,long_stay,Long Stay,-561.13,INR,48,25,0,3,active,2026-08-18T10:00:00+05:30
rtp_1e17b016,rmt_a369d34e,full_board,Full Board,1047.45,INR,24,10,1,1,active,2026-08-18T10:00:00+05:30
rtp_d6aaa348,rmt_4e6c1c8f,non_refundable,Non Refundable,-478.83,INR,0,100,0,1,active,2026-08-18T10:00:00+05:30
rtp_c2846dfa,rmt_4e6c1c8f,full_board,Full Board,1340.73,INR,48,0,1,1,active,2026-08-18T10:00:00+05:30
rtp_c87e8ab6,rmt_f2618bda,long_stay,Long Stay,-987.59,INR,24,10,0,3,active,2026-08-18T10:00:00+05:30
rtp_8735db49,rmt_f2618bda,non_refundable,Non Refundable,-658.39,INR,0,100,0,1,active,2026-08-18T10:00:00+05:30
rtp_53ab11b5,rmt_687cf1e5,half_board,Half Board,1187.91,INR,72,0,1,1,active,2026-08-18T10:00:00+05:30
rtp_8bcca033,rmt_687cf1e5,full_board,Full Board,1847.86,INR,72,0,1,1,active,2026-08-18T10:00:00+05:30
rtp_a3cb793f,rmt_72f89279,long_stay,Long Stay,-1237.40,INR,24,0,0,3,active,2026-08-18T10:00:00+05:30
rtp_48a9bbcf,rmt_72f89279,non_refundable,Non Refundable,-824.94,INR,0,100,0,1,active,2026-08-18T10:00:00+05:30
rtp_3776abe8,rmt_f52bde0d,refundable,Refundable,1267.10,INR,24,10,0,1,active,2026-08-18T10:00:00+05:30
rtp_c94b358e,rmt_f52bde0d,long_stay,Long Stay,-1583.88,INR,24,0,0,3,active,2026-08-18T10:00:00+05:30
rtp_f2e0a80d,rmt_ca3c8b4b,non_refundable,Non Refundable,-1451.89,INR,0,100,0,1,active,2026-08-18T10:00:00+05:30
rtp_7c97ab03,rmt_ca3c8b4b,refundable,Refundable,1742.26,INR,48,10,0,1,active,2026-08-18T10:00:00+05:30
rtp_aefd5a59,rmt_27d1faf1,full_board,Full Board,576.38,INR,72,10,1,1,active,2026-08-18T10:00:00+05:30
rtp_d6d034f2,rmt_27d1faf1,long_stay,Long Stay,-308.77,INR,72,10,0,3,active,2026-08-18T10:00:00+05:30
rtp_2f7a7c14,rmt_f0522faf,long_stay,Long Stay,-385.97,INR,24,0,0,3,active,2026-08-18T10:00:00+05:30
rtp_878fd882,rmt_f0522faf,half_board,Half Board,463.16,INR,72,25,1,1,active,2026-08-18T10:00:00+05:30
rtp_688e254e,rmt_926cc9e2,half_board,Half Board,592.85,INR,24,10,1,1,active,2026-08-18T10:00:00+05:30
rtp_59ee0429,rmt_926cc9e2,full_board,Full Board,922.21,INR,72,0,1,1,active,2026-08-18T10:00:00+05:30
rtp_d962d2f9,rmt_3fea1993,long_stay,Long Stay,-679.30,INR,72,0,0,3,active,2026-08-18T10:00:00+05:30
rtp_239f2814,rmt_3fea1993,half_board,Half Board,815.16,INR,48,10,1,1,active,2026-08-18T10:00:00+05:30
rtp_6eef17aa,rmt_77174029,breakfast_included,Breakfast Included,408.22,INR,48,0,1,1,active,2026-08-18T10:00:00+05:30
rtp_a5087cf4,rmt_77174029,long_stay,Long Stay,-765.41,INR,48,0,0,3,active,2026-08-18T10:00:00+05:30
rtp_8172d127,rmt_a1d067ea,non_refundable,Non Refundable,-637.84,INR,0,100,0,1,active,2026-08-18T10:00:00+05:30
rtp_106b1886,rmt_a1d067ea,half_board,Half Board,1148.11,INR,48,0,1,1,active,2026-08-18T10:00:00+05:30
rtp_1ce64a5d,rmt_fd4ca39c,non_refundable,Non Refundable,-816.44,INR,0,100,0,1,active,2026-08-18T10:00:00+05:30
rtp_b8328726,rmt_fd4ca39c,breakfast_included,Breakfast Included,653.15,INR,72,0,1,1,active,2026-08-18T10:00:00+05:30
rtp_c3dd187c,rmt_3f460fd8,long_stay,Long Stay,-1683.90,INR,48,25,0,3,active,2026-08-18T10:00:00+05:30
rtp_32f8f981,rmt_3f460fd8,breakfast_included,Breakfast Included,898.08,INR,72,0,1,1,active,2026-08-18T10:00:00+05:30
rtp_c0daf70a,rmt_648449a2,breakfast_included,Breakfast Included,497.94,INR,24,10,1,1,active,2026-08-18T10:00:00+05:30
rtp_64a29041,rmt_648449a2,non_refundable,Non Refundable,-622.43,INR,0,100,0,1,active,2026-08-18T10:00:00+05:30
rtp_64bf0b89,rmt_65903ede,half_board,Half Board,1400.47,INR,48,10,1,1,active,2026-08-18T10:00:00+05:30
rtp_326025db,rmt_65903ede,full_board,Full Board,2178.50,INR,48,10,1,1,active,2026-08-18T10:00:00+05:30
rtp_6d370a37,rmt_15cd7381,full_board,Full Board,2788.49,INR,72,10,1,1,active,2026-08-18T10:00:00+05:30
rtp_79a54652,rmt_15cd7381,long_stay,Long Stay,-1493.83,INR,48,25,0,3,active,2026-08-18T10:00:00+05:30
rtp_58494aca,rmt_b56bcaf9,non_refundable,Non Refundable,-1369.35,INR,0,100,0,1,active,2026-08-18T10:00:00+05:30
rtp_e3d41386,rmt_b56bcaf9,breakfast_included,Breakfast Included,1095.48,INR,24,25,1,1,active,2026-08-18T10:00:00+05:30
rtp_04b0c0ea,rmt_59d60883,long_stay,Long Stay,-466.12,INR,24,0,0,3,active,2026-08-18T10:00:00+05:30
rtp_71e47e88,rmt_59d60883,refundable,Refundable,372.90,INR,24,10,0,1,active,2026-08-18T10:00:00+05:30
rtp_3e8fda1f,rmt_96469ce5,non_refundable,Non Refundable,-388.43,INR,0,100,0,1,active,2026-08-18T10:00:00+05:30
rtp_b070588e,rmt_96469ce5,refundable,Refundable,466.12,INR,24,0,0,1,active,2026-08-18T10:00:00+05:30
rtp_e0b49bef,rmt_7d0cef5a,refundable,Refundable,596.63,INR,24,0,0,1,active,2026-08-18T10:00:00+05:30
rtp_71a11847,rmt_7d0cef5a,full_board,Full Board,1392.14,INR,24,25,1,1,active,2026-08-18T10:00:00+05:30
rtp_1bd565ff,rmt_e50b47af,half_board,Half Board,1230.55,INR,48,10,1,1,active,2026-08-18T10:00:00+05:30
rtp_6c6d7eb9,rmt_e50b47af,long_stay,Long Stay,-1025.46,INR,24,10,0,3,active,2026-08-18T10:00:00+05:30
rtp_753b5669,rmt_8d89007b,non_refundable,Non Refundable,-145.65,INR,0,100,0,1,active,2026-08-18T10:00:00+05:30
rtp_4dc15283,rmt_8d89007b,breakfast_included,Breakfast Included,116.52,INR,24,25,1,1,active,2026-08-18T10:00:00+05:30
rtp_4287d024,rmt_a02efde1,refundable,Refundable,218.48,INR,72,25,0,1,active,2026-08-18T10:00:00+05:30
rtp_0a3eed9e,rmt_a02efde1,non_refundable,Non Refundable,-182.07,INR,0,100,0,1,active,2026-08-18T10:00:00+05:30
rtp_3fc85f07,rmt_8b9d4102,breakfast_included,Breakfast Included,186.44,INR,24,10,1,1,active,2026-08-18T10:00:00+05:30
rtp_40d4303b,rmt_8b9d4102,full_board,Full Board,652.53,INR,24,0,1,1,active,2026-08-18T10:00:00+05:30
rtp_a32cdc57,rmt_49b7d67a,refundable,Refundable,384.53,INR,72,0,0,1,active,2026-08-18T10:00:00+05:30
rtp_265826ef,rmt_49b7d67a,breakfast_included,Breakfast Included,256.35,INR,48,10,1,1,active,2026-08-18T10:00:00+05:30
rtp_6da457b7,rmt_fe825282,long_stay,Long Stay,-573.38,INR,24,25,0,3,active,2026-08-18T10:00:00+05:30
rtp_bb45d49c,rmt_fe825282,half_board,Half Board,688.06,INR,24,10,1,1,active,2026-08-18T10:00:00+05:30
rtp_99a9c03a,rmt_5de8d57d,half_board,Half Board,860.08,INR,24,10,1,1,active,2026-08-18T10:00:00+05:30
rtp_30954e8b,rmt_5de8d57d,full_board,Full Board,1337.90,INR,72,25,1,1,active,2026-08-18T10:00:00+05:30
rtp_f2b34fa1,rmt_3d14ceda,non_refundable,Non Refundable,-611.61,INR,0,100,0,1,active,2026-08-18T10:00:00+05:30
rtp_09db4831,rmt_3d14ceda,long_stay,Long Stay,-917.42,INR,48,0,0,3,active,2026-08-18T10:00:00+05:30
rtp_ba9e92df,rmt_8e081aa6,non_refundable,Non Refundable,-840.96,INR,0,100,0,1,active,2026-08-18T10:00:00+05:30
rtp_916e678d,rmt_8e081aa6,full_board,Full Board,2354.70,INR,24,25,1,1,active,2026-08-18T10:00:00+05:30
rtp_f87a5f6d,rmt_7f9540cd,non_refundable,Non Refundable,-740.39,INR,0,100,0,1,active,2026-08-18T10:00:00+05:30
rtp_0674cd0e,rmt_7f9540cd,long_stay,Long Stay,-1110.59,INR,24,10,0,3,active,2026-08-18T10:00:00+05:30
rtp_f6d268fa,rmt_0fb2e967,half_board,Half Board,1665.88,INR,48,25,1,1,active,2026-08-18T10:00:00+05:30
rtp_ae4bac13,rmt_0fb2e967,breakfast_included,Breakfast Included,740.39,INR,48,0,1,1,active,2026-08-18T10:00:00+05:30
rtp_d0b177c3,rmt_a133dc21,refundable,Refundable,1421.55,INR,24,25,0,1,active,2026-08-18T10:00:00+05:30
rtp_67de679d,rmt_a133dc21,breakfast_included,Breakfast Included,947.70,INR,48,25,1,1,active,2026-08-18T10:00:00+05:30
rtp_5d7ed720,rmt_ff264dc6,non_refundable,Non Refundable,-1628.86,INR,0,100,0,1,active,2026-08-18T10:00:00+05:30
rtp_8ded274d,rmt_ff264dc6,breakfast_included,Breakfast Included,1303.09,INR,24,25,1,1,active,2026-08-18T10:00:00+05:30
rtp_3575e20f,rmt_1d79d927,half_board,Half Board,468.44,INR,72,0,1,1,active,2026-08-18T10:00:00+05:30
rtp_ad4d9b53,rmt_1d79d927,breakfast_included,Breakfast Included,208.19,INR,48,25,1,1,active,2026-08-18T10:00:00+05:30
rtp_e8e3bdd8,rmt_8b45755c,long_stay,Long Stay,-487.95,INR,72,25,0,3,active,2026-08-18T10:00:00+05:30
rtp_b2bff529,rmt_8b45755c,refundable,Refundable,390.36,INR,24,25,0,1,active,2026-08-18T10:00:00+05:30
rtp_38d6c7fe,rmt_a1b9987b,full_board,Full Board,1165.88,INR,72,10,1,1,active,2026-08-18T10:00:00+05:30
rtp_6354ba03,rmt_a1b9987b,refundable,Refundable,499.66,INR,48,10,0,1,active,2026-08-18T10:00:00+05:30
rtp_ccbf8f70,rmt_d68490f5,refundable,Refundable,687.04,INR,24,10,0,1,active,2026-08-18T10:00:00+05:30
rtp_c8756bb8,rmt_d68490f5,non_refundable,Non Refundable,-572.53,INR,0,100,0,1,active,2026-08-18T10:00:00+05:30
rtp_dce92e4d,rmt_f5240945,non_refundable,Non Refundable,-1158.00,INR,0,100,0,1,active,2026-08-18T10:00:00+05:30
rtp_88b3c721,rmt_f5240945,long_stay,Long Stay,-1736.99,INR,48,25,0,3,active,2026-08-18T10:00:00+05:30
rtp_5a6a4dfc,rmt_fc34ce18,refundable,Refundable,1736.99,INR,48,0,0,1,active,2026-08-18T10:00:00+05:30
rtp_f611533c,rmt_fc34ce18,half_board,Half Board,2605.49,INR,72,0,1,1,active,2026-08-18T10:00:00+05:30
rtp_43c88fc5,rmt_0346ba24,long_stay,Long Stay,-2779.19,INR,24,0,0,3,active,2026-08-18T10:00:00+05:30
rtp_a12572c3,rmt_0346ba24,refundable,Refundable,2223.35,INR,72,25,0,1,active,2026-08-18T10:00:00+05:30
rtp_6890f915,rmt_37f39d35,breakfast_included,Breakfast Included,2038.07,INR,48,0,1,1,active,2026-08-18T10:00:00+05:30
rtp_bfc0e0b0,rmt_37f39d35,full_board,Full Board,7133.25,INR,72,10,1,1,active,2026-08-18T10:00:00+05:30
rtp_943b6a6a,rmt_ad4e3f27,breakfast_included,Breakfast Included,246.81,INR,72,25,1,1,active,2026-08-18T10:00:00+05:30
rtp_d6442b73,rmt_ad4e3f27,non_refundable,Non Refundable,-308.51,INR,0,100,0,1,active,2026-08-18T10:00:00+05:30
rtp_93ba4261,rmt_a1864caa,full_board,Full Board,1079.80,INR,48,25,1,1,active,2026-08-18T10:00:00+05:30
rtp_12555c09,rmt_a1864caa,half_board,Half Board,694.16,INR,48,10,1,1,active,2026-08-18T10:00:00+05:30
rtp_2fa16340,rmt_5dfd49b7,half_board,Half Board,888.52,INR,72,25,1,1,active,2026-08-18T10:00:00+05:30
rtp_30490d1d,rmt_5dfd49b7,full_board,Full Board,1382.14,INR,24,10,1,1,active,2026-08-18T10:00:00+05:30
rtp_5a9059af,rmt_27f6649c,half_board,Half Board,1221.71,INR,24,25,1,1,active,2026-08-18T10:00:00+05:30
rtp_eb6e3811,rmt_27f6649c,long_stay,Long Stay,-1018.10,INR,24,0,0,3,active,2026-08-18T10:00:00+05:30
rtp_dc266b04,rmt_bd9ee392,breakfast_included,Breakfast Included,154.70,INR,72,25,1,1,active,2026-08-18T10:00:00+05:30
rtp_ab66f4d1,rmt_bd9ee392,full_board,Full Board,541.45,INR,48,25,1,1,active,2026-08-18T10:00:00+05:30
rtp_e3540f90,rmt_c0bde6cb,long_stay,Long Stay,-362.58,INR,24,25,0,3,active,2026-08-18T10:00:00+05:30
rtp_b5f08e91,rmt_c0bde6cb,non_refundable,Non Refundable,-241.72,INR,0,100,0,1,active,2026-08-18T10:00:00+05:30
rtp_bdf3a127,rmt_cde81eb8,refundable,Refundable,371.28,INR,24,0,0,1,active,2026-08-18T10:00:00+05:30
rtp_bb150c48,rmt_cde81eb8,full_board,Full Board,866.32,INR,24,10,1,1,active,2026-08-18T10:00:00+05:30
rtp_155f148c,rmt_d6a2032a,half_board,Half Board,765.76,INR,24,25,1,1,active,2026-08-18T10:00:00+05:30
rtp_11090350,rmt_d6a2032a,non_refundable,Non Refundable,-425.42,INR,0,100,0,1,active,2026-08-18T10:00:00+05:30
rtp_4c4324fc,rmt_cd0a1f4d,half_board,Half Board,1993.76,INR,24,0,1,1,active,2026-08-18T10:00:00+05:30
rtp_adac3e79,rmt_cd0a1f4d,full_board,Full Board,3101.40,INR,48,10,1,1,active,2026-08-18T10:00:00+05:30
rtp_d7cb3fcf,rmt_0f2f5bb4,breakfast_included,Breakfast Included,1107.64,INR,24,25,1,1,active,2026-08-18T10:00:00+05:30
rtp_b02ccc26,rmt_0f2f5bb4,non_refundable,Non Refundable,-1384.55,INR,0,100,0,1,active,2026-08-18T10:00:00+05:30
rtp_fe51b6ad,rmt_30d93e64,full_board,Full Board,4962.24,INR,48,10,1,1,active,2026-08-18T10:00:00+05:30
rtp_a81ab67c,rmt_30d93e64,long_stay,Long Stay,-2658.34,INR,72,0,0,3,active,2026-08-18T10:00:00+05:30
rtp_6a48c647,rmt_81466de1,full_board,Full Board,6823.08,INR,48,10,1,1,active,2026-08-18T10:00:00+05:30
rtp_c684c1c7,rmt_81466de1,refundable,Refundable,2924.18,INR,48,25,0,1,active,2026-08-18T10:00:00+05:30
rtp_31e367ab,rmt_8159f767,full_board,Full Board,1427.57,INR,72,25,1,1,active,2026-08-18T10:00:00+05:30
rtp_aaac67d0,rmt_8159f767,non_refundable,Non Refundable,-509.85,INR,0,100,0,1,active,2026-08-18T10:00:00+05:30
rtp_269c2a99,rmt_564bfbf6,non_refundable,Non Refundable,-637.31,INR,0,100,0,1,active,2026-08-18T10:00:00+05:30
rtp_4514bf59,rmt_564bfbf6,refundable,Refundable,764.77,INR,72,0,0,1,active,2026-08-18T10:00:00+05:30
rtp_1f078e85,rmt_26ce7f6b,full_board,Full Board,2284.11,INR,24,25,1,1,active,2026-08-18T10:00:00+05:30
rtp_1362c568,rmt_26ce7f6b,half_board,Half Board,1468.36,INR,24,25,1,1,active,2026-08-18T10:00:00+05:30
rtp_cffaff4f,rmt_08652597,half_board,Half Board,2018.99,INR,72,10,1,1,active,2026-08-18T10:00:00+05:30
rtp_8a92e9f6,rmt_08652597,long_stay,Long Stay,-1682.49,INR,48,25,0,3,active,2026-08-18T10:00:00+05:30
rtp_19be86db,rmt_903c62d8,non_refundable,Non Refundable,-187.96,INR,0,100,0,1,active,2026-08-18T10:00:00+05:30
rtp_b7b0ebbe,rmt_903c62d8,half_board,Half Board,338.33,INR,24,0,1,1,active,2026-08-18T10:00:00+05:30
rtp_c5fdd4ed,rmt_ad910333,non_refundable,Non Refundable,-234.95,INR,0,100,0,1,active,2026-08-18T10:00:00+05:30
rtp_dad12e8b,rmt_ad910333,half_board,Half Board,422.91,INR,72,25,1,1,active,2026-08-18T10:00:00+05:30
rtp_4831a6fa,rmt_dac67beb,half_board,Half Board,541.33,INR,72,0,1,1,active,2026-08-18T10:00:00+05:30
rtp_ab74c345,rmt_dac67beb,breakfast_included,Breakfast Included,240.59,INR,48,25,1,1,active,2026-08-18T10:00:00+05:30
rtp_ca6c1cbc,rmt_e9c79daa,half_board,Half Board,744.33,INR,72,25,1,1,active,2026-08-18T10:00:00+05:30
rtp_1a927474,rmt_e9c79daa,long_stay,Long Stay,-620.27,INR,48,25,0,3,active,2026-08-18T10:00:00+05:30
rtp_cb023ef5,rmt_ff6ee93d,long_stay,Long Stay,-1639.88,INR,48,10,0,3,active,2026-08-18T10:00:00+05:30
rtp_ec1c302c,rmt_ff6ee93d,breakfast_included,Breakfast Included,874.60,INR,24,10,1,1,active,2026-08-18T10:00:00+05:30
rtp_957b5a3c,rmt_245d2660,full_board,Full Board,3826.38,INR,48,10,1,1,active,2026-08-18T10:00:00+05:30
rtp_41f62831,rmt_245d2660,long_stay,Long Stay,-2049.84,INR,48,25,0,3,active,2026-08-18T10:00:00+05:30
rtp_f63f5fa1,rmt_e092be55,breakfast_included,Breakfast Included,1399.36,INR,48,0,1,1,active,2026-08-18T10:00:00+05:30
rtp_3c2c754e,rmt_e092be55,non_refundable,Non Refundable,-1749.20,INR,0,100,0,1,active,2026-08-18T10:00:00+05:30
rtp_35668039,rmt_e68f231a,refundable,Refundable,2886.18,INR,48,25,0,1,active,2026-08-18T10:00:00+05:30
rtp_c5bf9110,rmt_e68f231a,half_board,Half Board,4329.27,INR,48,10,1,1,active,2026-08-18T10:00:00+05:30
rtp_bb4f59f8,rmt_9cf80dff,half_board,Half Board,334.12,INR,72,0,1,1,active,2026-08-18T10:00:00+05:30
rtp_7d39bfc7,rmt_9cf80dff,breakfast_included,Breakfast Included,148.50,INR,48,25,1,1,active,2026-08-18T10:00:00+05:30
rtp_bd6111f3,rmt_1d6916d7,non_refundable,Non Refundable,-232.03,INR,0,100,0,1,active,2026-08-18T10:00:00+05:30
rtp_479ed4fb,rmt_1d6916d7,full_board,Full Board,649.68,INR,72,10,1,1,active,2026-08-18T10:00:00+05:30
rtp_c3d18d45,rmt_4fd23018,refundable,Refundable,356.40,INR,48,25,0,1,active,2026-08-18T10:00:00+05:30
rtp_6308aa5f,rmt_4fd23018,non_refundable,Non Refundable,-297.00,INR,0,100,0,1,active,2026-08-18T10:00:00+05:30
rtp_7ab0c0eb,rmt_62d11505,full_board,Full Board,1143.44,INR,72,10,1,1,active,2026-08-18T10:00:00+05:30
rtp_da6ec097,rmt_62d11505,breakfast_included,Breakfast Included,326.70,INR,24,10,1,1,active,2026-08-18T10:00:00+05:30
rtp_bba8ab4f,rmt_2e76c825,half_board,Half Board,540.24,INR,48,25,1,1,active,2026-08-18T10:00:00+05:30
rtp_d21044a2,rmt_2e76c825,breakfast_included,Breakfast Included,240.11,INR,48,10,1,1,active,2026-08-18T10:00:00+05:30
rtp_0312f546,rmt_96d1418d,refundable,Refundable,450.21,INR,48,10,0,1,active,2026-08-18T10:00:00+05:30
rtp_b8d73763,rmt_96d1418d,breakfast_included,Breakfast Included,300.14,INR,48,10,1,1,active,2026-08-18T10:00:00+05:30
rtp_39559bde,rmt_4a338652,breakfast_included,Breakfast Included,384.17,INR,48,10,1,1,active,2026-08-18T10:00:00+05:30
rtp_0becd89f,rmt_4a338652,full_board,Full Board,1344.61,INR,48,0,1,1,active,2026-08-18T10:00:00+05:30
rtp_a7d0f1d2,rmt_ba41e2e7,long_stay,Long Stay,-990.45,INR,48,10,0,3,active,2026-08-18T10:00:00+05:30
rtp_dcf3cf16,rmt_ba41e2e7,refundable,Refundable,792.36,INR,48,0,0,1,active,2026-08-18T10:00:00+05:30
rtp_4f36632c,rmt_cea22577,non_refundable,Non Refundable,-622.25,INR,0,100,0,1,active,2026-08-18T10:00:00+05:30
rtp_532c9010,rmt_cea22577,refundable,Refundable,746.70,INR,72,0,0,1,active,2026-08-18T10:00:00+05:30
rtp_fd7b85e1,rmt_fdc49e70,long_stay,Long Stay,-1166.71,INR,72,25,0,3,active,2026-08-18T10:00:00+05:30
rtp_96c94c60,rmt_fdc49e70,breakfast_included,Breakfast Included,622.25,INR,24,10,1,1,active,2026-08-18T10:00:00+05:30
rtp_c63eb46a,rmt_4c559d42,full_board,Full Board,2787.67,INR,48,10,1,1,active,2026-08-18T10:00:00+05:30
rtp_0698c728,rmt_4c559d42,long_stay,Long Stay,-1493.39,INR,72,0,0,3,active,2026-08-18T10:00:00+05:30
rtp_1644ebbe,rmt_12804e9a,half_board,Half Board,2464.10,INR,72,25,1,1,active,2026-08-18T10:00:00+05:30
rtp_4361b19e,rmt_12804e9a,long_stay,Long Stay,-2053.41,INR,72,0,0,3,active,2026-08-18T10:00:00+05:30
rtp_791e62b2,rmt_d27cc80e,long_stay,Long Stay,-269.74,INR,72,25,0,3,active,2026-08-18T10:00:00+05:30
rtp_03f6005d,rmt_d27cc80e,non_refundable,Non Refundable,-179.83,INR,0,100,0,1,active,2026-08-18T10:00:00+05:30
rtp_cc339679,rmt_95014fdd,refundable,Refundable,269.74,INR,72,10,0,1,active,2026-08-18T10:00:00+05:30
rtp_c8c5729d,rmt_95014fdd,half_board,Half Board,404.61,INR,72,25,1,1,active,2026-08-18T10:00:00+05:30
rtp_cdef3c97,rmt_10cf2e43,non_refundable,Non Refundable,-287.72,INR,0,100,0,1,active,2026-08-18T10:00:00+05:30
rtp_3ca24ae6,rmt_10cf2e43,refundable,Refundable,345.27,INR,24,0,0,1,active,2026-08-18T10:00:00+05:30
rtp_dcf50f27,rmt_308cd361,refundable,Refundable,474.74,INR,48,10,0,1,active,2026-08-18T10:00:00+05:30
rtp_7473455e,rmt_308cd361,full_board,Full Board,1107.74,INR,24,10,1,1,active,2026-08-18T10:00:00+05:30
rtp_bf848f13,rmt_e6b6703d,non_refundable,Non Refundable,-282.73,INR,0,100,0,1,active,2026-08-18T10:00:00+05:30
rtp_59f9fe07,rmt_e6b6703d,full_board,Full Board,791.66,INR,24,10,1,1,active,2026-08-18T10:00:00+05:30
rtp_ac843620,rmt_5f2b0922,full_board,Full Board,989.57,INR,24,0,1,1,active,2026-08-18T10:00:00+05:30
rtp_965cbea2,rmt_5f2b0922,breakfast_included,Breakfast Included,282.73,INR,24,10,1,1,active,2026-08-18T10:00:00+05:30
rtp_97559ca3,rmt_060c5796,refundable,Refundable,542.85,INR,24,25,0,1,active,2026-08-18T10:00:00+05:30
rtp_6037f9e8,rmt_060c5796,long_stay,Long Stay,-678.56,INR,72,10,0,3,active,2026-08-18T10:00:00+05:30
rtp_af2f5aa1,rmt_1e991e8e,full_board,Full Board,1741.64,INR,48,0,1,1,active,2026-08-18T10:00:00+05:30
rtp_f8a71327,rmt_1e991e8e,breakfast_included,Breakfast Included,497.61,INR,72,0,1,1,active,2026-08-18T10:00:00+05:30
rtp_6c68a623,rmt_e2eb5354,half_board,Half Board,1050.36,INR,72,25,1,1,active,2026-08-18T10:00:00+05:30
rtp_125bd2a8,rmt_e2eb5354,refundable,Refundable,700.24,INR,72,0,0,1,active,2026-08-18T10:00:00+05:30
rtp_620a098a,rmt_9359fd43,breakfast_included,Breakfast Included,583.53,INR,48,0,1,1,active,2026-08-18T10:00:00+05:30
rtp_92220fd8,rmt_9359fd43,half_board,Half Board,1312.95,INR,48,0,1,1,active,2026-08-18T10:00:00+05:30
rtp_8197fc9e,rmt_212ee201,refundable,Refundable,1120.39,INR,72,10,0,1,active,2026-08-18T10:00:00+05:30
rtp_b48fc427,rmt_212ee201,half_board,Half Board,1680.58,INR,48,25,1,1,active,2026-08-18T10:00:00+05:30
rtp_21fb7e97,rmt_012c2d17,half_board,Half Board,2310.80,INR,24,25,1,1,active,2026-08-18T10:00:00+05:30
rtp_79a9adae,rmt_012c2d17,full_board,Full Board,3594.57,INR,24,0,1,1,active,2026-08-18T10:00:00+05:30
rtp_5df58169,rmt_4cf7dfce,long_stay,Long Stay,-1643.07,INR,24,0,0,3,active,2026-08-18T10:00:00+05:30
rtp_d46d679d,rmt_4cf7dfce,half_board,Half Board,1971.68,INR,48,10,1,1,active,2026-08-18T10:00:00+05:30
rtp_92534823,rmt_9efd9ddb,refundable,Refundable,1643.07,INR,24,10,0,1,active,2026-08-18T10:00:00+05:30
rtp_0843ce9f,rmt_9efd9ddb,non_refundable,Non Refundable,-1369.22,INR,0,100,0,1,active,2026-08-18T10:00:00+05:30
rtp_6807e3f7,rmt_e2cbaed4,refundable,Refundable,2103.13,INR,48,0,0,1,active,2026-08-18T10:00:00+05:30
rtp_74691c2c,rmt_e2cbaed4,half_board,Half Board,3154.69,INR,24,25,1,1,active,2026-08-18T10:00:00+05:30
rtp_cc6f0360,rmt_62a96035,half_board,Half Board,4337.70,INR,72,0,1,1,active,2026-08-18T10:00:00+05:30
rtp_f8555b08,rmt_62a96035,long_stay,Long Stay,-3614.75,INR,48,25,0,3,active,2026-08-18T10:00:00+05:30
rtp_be12a5f1,rmt_6c44eee0,long_stay,Long Stay,-796.96,INR,72,25,0,3,active,2026-08-18T10:00:00+05:30
rtp_1e824da9,rmt_6c44eee0,full_board,Full Board,1487.66,INR,72,25,1,1,active,2026-08-18T10:00:00+05:30
rtp_0a54c628,rmt_6658b960,refundable,Refundable,796.96,INR,48,10,0,1,active,2026-08-18T10:00:00+05:30
rtp_7dd4f602,rmt_6658b960,full_board,Full Board,1859.58,INR,48,0,1,1,active,2026-08-18T10:00:00+05:30
rtp_e7427ee8,rmt_9eb5053c,long_stay,Long Stay,-1275.14,INR,72,10,0,3,active,2026-08-18T10:00:00+05:30
rtp_96bdf743,rmt_9eb5053c,half_board,Half Board,1530.17,INR,24,10,1,1,active,2026-08-18T10:00:00+05:30
rtp_93d251ad,rmt_6459e588,refundable,Refundable,1402.65,INR,72,0,0,1,active,2026-08-18T10:00:00+05:30
rtp_f1cdb76b,rmt_6459e588,half_board,Half Board,2103.98,INR,48,0,1,1,active,2026-08-18T10:00:00+05:30
rtp_95b2c904,rmt_807baba0,full_board,Full Board,973.01,INR,24,25,1,1,active,2026-08-18T10:00:00+05:30
rtp_47052d2d,rmt_807baba0,non_refundable,Non Refundable,-347.50,INR,0,100,0,1,active,2026-08-18T10:00:00+05:30
rtp_467c3de5,rmt_96ba4750,long_stay,Long Stay,-651.57,INR,48,25,0,3,active,2026-08-18T10:00:00+05:30
rtp_cb02995b,rmt_96ba4750,half_board,Half Board,781.88,INR,72,25,1,1,active,2026-08-18T10:00:00+05:30
rtp_8e844940,rmt_57402874,non_refundable,Non Refundable,-556.00,INR,0,100,0,1,active,2026-08-18T10:00:00+05:30
rtp_011b59a6,rmt_57402874,breakfast_included,Breakfast Included,444.80,INR,48,10,1,1,active,2026-08-18T10:00:00+05:30
rtp_10cb652e,rmt_67fe59d3,long_stay,Long Stay,-1146.76,INR,24,0,0,3,active,2026-08-18T10:00:00+05:30
rtp_ca339f86,rmt_67fe59d3,breakfast_included,Breakfast Included,611.60,INR,48,25,1,1,active,2026-08-18T10:00:00+05:30
rtp_7b046b2b,rmt_4a3dd2d6,long_stay,Long Stay,-1160.29,INR,72,10,0,3,active,2026-08-18T10:00:00+05:30
rtp_69bcbcec,rmt_4a3dd2d6,breakfast_included,Breakfast Included,618.82,INR,24,10,1,1,active,2026-08-18T10:00:00+05:30
rtp_731d4f94,rmt_04e2744e,breakfast_included,Breakfast Included,773.53,INR,72,25,1,1,active,2026-08-18T10:00:00+05:30
rtp_8b5aa4ba,rmt_04e2744e,non_refundable,Non Refundable,-966.91,INR,0,100,0,1,active,2026-08-18T10:00:00+05:30
rtp_2c644f11,rmt_e0d53248,breakfast_included,Breakfast Included,990.12,INR,72,0,1,1,active,2026-08-18T10:00:00+05:30
rtp_7bcf37bd,rmt_e0d53248,refundable,Refundable,1485.18,INR,24,25,0,1,active,2026-08-18T10:00:00+05:30
rtp_06de9e5b,rmt_fc4b3dd0,full_board,Full Board,4764.94,INR,48,25,1,1,active,2026-08-18T10:00:00+05:30
rtp_2e8f1781,rmt_fc4b3dd0,long_stay,Long Stay,-2552.65,INR,48,10,0,3,active,2026-08-18T10:00:00+05:30
rtp_70f4b332,rmt_0f48416c,non_refundable,Non Refundable,-344.40,INR,0,100,0,1,active,2026-08-18T10:00:00+05:30
rtp_9d74c0da,rmt_0f48416c,half_board,Half Board,619.91,INR,48,0,1,1,active,2026-08-18T10:00:00+05:30
rtp_5ad83148,rmt_1ab8e4b4,full_board,Full Board,1205.39,INR,24,25,1,1,active,2026-08-18T10:00:00+05:30
rtp_a7a31af9,rmt_1ab8e4b4,refundable,Refundable,516.59,INR,48,0,0,1,active,2026-08-18T10:00:00+05:30
rtp_5784c5cc,rmt_68283a6c,non_refundable,Non Refundable,-551.03,INR,0,100,0,1,active,2026-08-18T10:00:00+05:30
rtp_22d6e7e2,rmt_68283a6c,long_stay,Long Stay,-826.55,INR,24,25,0,3,active,2026-08-18T10:00:00+05:30
rtp_378b374b,rmt_4a96fc9e,non_refundable,Non Refundable,-757.67,INR,0,100,0,1,active,2026-08-18T10:00:00+05:30
rtp_0bf5b139,rmt_4a96fc9e,half_board,Half Board,1363.81,INR,24,10,1,1,active,2026-08-18T10:00:00+05:30
rtp_9fc848ba,rmt_5b79bb89,refundable,Refundable,774.61,INR,72,10,0,1,active,2026-08-18T10:00:00+05:30
rtp_5acdf6a7,rmt_5b79bb89,breakfast_included,Breakfast Included,516.41,INR,24,25,1,1,active,2026-08-18T10:00:00+05:30
rtp_57a4e724,rmt_db364ae9,breakfast_included,Breakfast Included,645.51,INR,72,0,1,1,active,2026-08-18T10:00:00+05:30
rtp_e5c696af,rmt_db364ae9,refundable,Refundable,968.27,INR,48,10,0,1,active,2026-08-18T10:00:00+05:30
rtp_a6bace93,rmt_41137ff6,full_board,Full Board,2891.89,INR,72,10,1,1,active,2026-08-18T10:00:00+05:30
rtp_95d0113f,rmt_41137ff6,non_refundable,Non Refundable,-1032.82,INR,0,100,0,1,active,2026-08-18T10:00:00+05:30
rtp_0e252a04,rmt_8fde2496,half_board,Half Board,2556.22,INR,72,25,1,1,active,2026-08-18T10:00:00+05:30
rtp_232e1c69,rmt_8fde2496,non_refundable,Non Refundable,-1420.12,INR,0,100,0,1,active,2026-08-18T10:00:00+05:30
rtp_60960367,rmt_c0463b3f,long_stay,Long Stay,-426.53,INR,48,10,0,3,active,2026-08-18T10:00:00+05:30
rtp_64eb88b8,rmt_c0463b3f,refundable,Refundable,341.22,INR,48,10,0,1,active,2026-08-18T10:00:00+05:30
rtp_99049a5b,rmt_0de7aff3,refundable,Refundable,426.53,INR,48,25,0,1,active,2026-08-18T10:00:00+05:30
rtp_5e376b7c,rmt_0de7aff3,non_refundable,Non Refundable,-355.44,INR,0,100,0,1,active,2026-08-18T10:00:00+05:30
rtp_9cc075ca,rmt_bb74f599,breakfast_included,Breakfast Included,363.97,INR,72,10,1,1,active,2026-08-18T10:00:00+05:30
rtp_dfa33428,rmt_bb74f599,long_stay,Long Stay,-682.44,INR,24,0,0,3,active,2026-08-18T10:00:00+05:30
rtp_c5ff1cf4,rmt_67af9717,refundable,Refundable,750.69,INR,48,10,0,1,active,2026-08-18T10:00:00+05:30
rtp_34a4ba10,rmt_67af9717,breakfast_included,Breakfast Included,500.46,INR,72,0,1,1,active,2026-08-18T10:00:00+05:30
rtp_5fca7da1,rmt_ecd29352,half_board,Half Board,463.08,INR,48,0,1,1,active,2026-08-18T10:00:00+05:30
rtp_1392644e,rmt_ecd29352,non_refundable,Non Refundable,-257.27,INR,0,100,0,1,active,2026-08-18T10:00:00+05:30
rtp_98f70b77,rmt_34911919,half_board,Half Board,578.85,INR,24,0,1,1,active,2026-08-18T10:00:00+05:30
rtp_0b2bd287,rmt_34911919,non_refundable,Non Refundable,-321.58,INR,0,100,0,1,active,2026-08-18T10:00:00+05:30
rtp_5728231c,rmt_ca2fad13,long_stay,Long Stay,-617.44,INR,48,10,0,3,active,2026-08-18T10:00:00+05:30
rtp_5a6d650d,rmt_ca2fad13,refundable,Refundable,493.95,INR,72,10,0,1,active,2026-08-18T10:00:00+05:30
rtp_0450e36b,rmt_efb6138e,full_board,Full Board,1584.76,INR,24,25,1,1,active,2026-08-18T10:00:00+05:30
rtp_c2fc22f1,rmt_efb6138e,refundable,Refundable,679.18,INR,24,10,0,1,active,2026-08-18T10:00:00+05:30
rtp_c0cc2fa8,rmt_48b7503e,full_board,Full Board,1680.43,INR,72,0,1,1,active,2026-08-18T10:00:00+05:30
rtp_76ddcd8e,rmt_48b7503e,refundable,Refundable,720.18,INR,48,0,0,1,active,2026-08-18T10:00:00+05:30
rtp_4af67dc1,rmt_86c135a7,long_stay,Long Stay,-1125.29,INR,24,10,0,3,active,2026-08-18T10:00:00+05:30
rtp_33ca2897,rmt_86c135a7,half_board,Half Board,1350.34,INR,24,25,1,1,active,2026-08-18T10:00:00+05:30
rtp_6a6810a6,rmt_71209ce8,half_board,Half Board,1728.44,INR,48,10,1,1,active,2026-08-18T10:00:00+05:30
rtp_ee0c990d,rmt_71209ce8,breakfast_included,Breakfast Included,768.20,INR,72,25,1,1,active,2026-08-18T10:00:00+05:30
rtp_fe492a9f,rmt_f382b35e,long_stay,Long Stay,-10892.78,INR,72,10,0,3,active,2026-08-18T10:00:00+05:30
rtp_46f6a606,rmt_f382b35e,breakfast_included,Breakfast Included,5809.48,INR,48,25,1,1,active,2026-08-18T10:00:00+05:30
rtp_c63adc90,rmt_eb54fcb4,half_board,Half Board,537.71,INR,72,10,1,1,active,2026-08-18T10:00:00+05:30
rtp_01c78ef8,rmt_eb54fcb4,non_refundable,Non Refundable,-298.73,INR,0,100,0,1,active,2026-08-18T10:00:00+05:30
rtp_f7e878d7,rmt_2c39a2e4,non_refundable,Non Refundable,-373.41,INR,0,100,0,1,active,2026-08-18T10:00:00+05:30
rtp_3d03dc27,rmt_2c39a2e4,long_stay,Long Stay,-560.12,INR,48,25,0,3,active,2026-08-18T10:00:00+05:30
rtp_b0c2a23a,rmt_7e669087,full_board,Full Board,1338.30,INR,72,10,1,1,active,2026-08-18T10:00:00+05:30
rtp_c06bf596,rmt_7e669087,half_board,Half Board,860.34,INR,48,25,1,1,active,2026-08-18T10:00:00+05:30
rtp_4a896b5d,rmt_12d96357,long_stay,Long Stay,-985.80,INR,24,0,0,3,active,2026-08-18T10:00:00+05:30
rtp_35e44a10,rmt_12d96357,breakfast_included,Breakfast Included,525.76,INR,48,10,1,1,active,2026-08-18T10:00:00+05:30
rtp_ac7bce17,rmt_bcb91a76,refundable,Refundable,310.66,INR,48,0,0,1,active,2026-08-18T10:00:00+05:30
rtp_6ebca8f7,rmt_bcb91a76,full_board,Full Board,724.87,INR,24,10,1,1,active,2026-08-18T10:00:00+05:30
rtp_cd6a2e76,rmt_ea2548a6,non_refundable,Non Refundable,-323.60,INR,0,100,0,1,active,2026-08-18T10:00:00+05:30
rtp_784aa96f,rmt_ea2548a6,long_stay,Long Stay,-485.40,INR,48,10,0,3,active,2026-08-18T10:00:00+05:30
rtp_12b6d177,rmt_d871900f,half_board,Half Board,745.58,INR,72,0,1,1,active,2026-08-18T10:00:00+05:30
rtp_6f7292ea,rmt_d871900f,long_stay,Long Stay,-621.32,INR,72,0,0,3,active,2026-08-18T10:00:00+05:30
rtp_405afaa1,rmt_fe247a78,non_refundable,Non Refundable,-569.54,INR,0,100,0,1,active,2026-08-18T10:00:00+05:30
rtp_f9d62123,rmt_fe247a78,refundable,Refundable,683.45,INR,24,10,0,1,active,2026-08-18T10:00:00+05:30
rtp_5e38e1ea,rmt_d5a4164b,breakfast_included,Breakfast Included,500.07,INR,72,10,1,1,active,2026-08-18T10:00:00+05:30
rtp_e48734ec,rmt_d5a4164b,full_board,Full Board,1750.24,INR,72,10,1,1,active,2026-08-18T10:00:00+05:30
rtp_fad68774,rmt_123b3134,breakfast_included,Breakfast Included,625.08,INR,24,25,1,1,active,2026-08-18T10:00:00+05:30
rtp_d6ef1643,rmt_123b3134,full_board,Full Board,2187.79,INR,24,10,1,1,active,2026-08-18T10:00:00+05:30
rtp_05b56e93,rmt_4dea171d,full_board,Full Board,2800.38,INR,72,0,1,1,active,2026-08-18T10:00:00+05:30
rtp_c0656cac,rmt_4dea171d,breakfast_included,Breakfast Included,800.11,INR,48,0,1,1,active,2026-08-18T10:00:00+05:30
rtp_685e3c46,rmt_d2829726,non_refundable,Non Refundable,-1375.19,INR,0,100,0,1,active,2026-08-18T10:00:00+05:30
rtp_a37efc60,rmt_d2829726,long_stay,Long Stay,-2062.78,INR,72,25,0,3,active,2026-08-18T10:00:00+05:30
rtp_479b115d,rmt_bc8ca093,long_stay,Long Stay,-792.59,INR,48,10,0,3,active,2026-08-18T10:00:00+05:30
rtp_fccb13a3,rmt_bc8ca093,half_board,Half Board,951.11,INR,72,0,1,1,active,2026-08-18T10:00:00+05:30
rtp_287c4219,rmt_6be95631,long_stay,Long Stay,-990.74,INR,24,0,0,3,active,2026-08-18T10:00:00+05:30
rtp_068eff24,rmt_6be95631,breakfast_included,Breakfast Included,528.39,INR,48,10,1,1,active,2026-08-18T10:00:00+05:30
rtp_3d509ddf,rmt_947b8fd9,non_refundable,Non Refundable,-845.43,INR,0,100,0,1,active,2026-08-18T10:00:00+05:30
rtp_72891a70,rmt_947b8fd9,long_stay,Long Stay,-1268.14,INR,48,25,0,3,active,2026-08-18T10:00:00+05:30
rtp_5133de42,rmt_ec1be9b1,long_stay,Long Stay,-1743.69,INR,24,10,0,3,active,2026-08-18T10:00:00+05:30
rtp_78003aec,rmt_ec1be9b1,full_board,Full Board,3254.90,INR,48,25,1,1,active,2026-08-18T10:00:00+05:30
rtp_0f90d1ed,rmt_1685725d,half_board,Half Board,518.88,INR,72,25,1,1,active,2026-08-18T10:00:00+05:30
rtp_313c7ccd,rmt_1685725d,non_refundable,Non Refundable,-288.27,INR,0,100,0,1,active,2026-08-18T10:00:00+05:30
rtp_94f31fa2,rmt_4613ddfe,half_board,Half Board,648.60,INR,24,10,1,1,active,2026-08-18T10:00:00+05:30
rtp_22bae61b,rmt_4613ddfe,long_stay,Long Stay,-540.50,INR,48,0,0,3,active,2026-08-18T10:00:00+05:30
rtp_b3bc293f,rmt_695ef3d6,breakfast_included,Breakfast Included,368.98,INR,72,0,1,1,active,2026-08-18T10:00:00+05:30
rtp_4fae343f,rmt_695ef3d6,refundable,Refundable,553.47,INR,24,10,0,1,active,2026-08-18T10:00:00+05:30
rtp_0103801f,rmt_8ba9b9b0,long_stay,Long Stay,-951.28,INR,72,10,0,3,active,2026-08-18T10:00:00+05:30
rtp_3813db20,rmt_8ba9b9b0,non_refundable,Non Refundable,-634.19,INR,0,100,0,1,active,2026-08-18T10:00:00+05:30
rtp_f4ecde9e,rmt_5b5dc9f7,full_board,Full Board,1567.50,INR,72,10,1,1,active,2026-08-18T10:00:00+05:30
rtp_7cb7d50d,rmt_5b5dc9f7,refundable,Refundable,671.79,INR,48,0,0,1,active,2026-08-18T10:00:00+05:30
rtp_56feb673,rmt_791fd305,long_stay,Long Stay,-1049.67,INR,24,10,0,3,active,2026-08-18T10:00:00+05:30
rtp_771dd75c,rmt_791fd305,refundable,Refundable,839.73,INR,24,0,0,1,active,2026-08-18T10:00:00+05:30
rtp_0e05af23,rmt_02b3a69d,full_board,Full Board,2508.01,INR,24,0,1,1,active,2026-08-18T10:00:00+05:30
rtp_b01d87fa,rmt_02b3a69d,refundable,Refundable,1074.86,INR,24,10,0,1,active,2026-08-18T10:00:00+05:30
rtp_370b5c4a,rmt_78186c3e,half_board,Half Board,2216.90,INR,72,25,1,1,active,2026-08-18T10:00:00+05:30
rtp_dfc0d7db,rmt_78186c3e,full_board,Full Board,3448.51,INR,72,10,1,1,active,2026-08-18T10:00:00+05:30
rtp_980d1b2c,rmt_f0ddcc24,full_board,Full Board,757.42,INR,48,0,1,1,active,2026-08-18T10:00:00+05:30
rtp_529827b6,rmt_f0ddcc24,refundable,Refundable,324.61,INR,48,10,0,1,active,2026-08-18T10:00:00+05:30
rtp_597d218e,rmt_4932cbeb,half_board,Half Board,608.64,INR,24,0,1,1,active,2026-08-18T10:00:00+05:30
rtp_e4c33d94,rmt_4932cbeb,long_stay,Long Stay,-507.20,INR,48,10,0,3,active,2026-08-18T10:00:00+05:30
rtp_933d0891,rmt_32d56b97,long_stay,Long Stay,-649.22,INR,24,25,0,3,active,2026-08-18T10:00:00+05:30
rtp_62a45b7d,rmt_32d56b97,half_board,Half Board,779.06,INR,48,0,1,1,active,2026-08-18T10:00:00+05:30
rtp_f44947f8,rmt_54b9f7b5,half_board,Half Board,1071.21,INR,48,25,1,1,active,2026-08-18T10:00:00+05:30
rtp_ab4a3849,rmt_54b9f7b5,long_stay,Long Stay,-892.67,INR,72,0,0,3,active,2026-08-18T10:00:00+05:30
rtp_b2daa281,rmt_3f01716a,refundable,Refundable,800.35,INR,72,0,0,1,active,2026-08-18T10:00:00+05:30
rtp_0b684c5c,rmt_3f01716a,breakfast_included,Breakfast Included,533.57,INR,72,10,1,1,active,2026-08-18T10:00:00+05:30
rtp_1a066bd0,rmt_8392386e,refundable,Refundable,1000.44,INR,72,0,0,1,active,2026-08-18T10:00:00+05:30
rtp_20bcde25,rmt_8392386e,full_board,Full Board,2334.35,INR,48,25,1,1,active,2026-08-18T10:00:00+05:30
rtp_f5d33030,rmt_51a62204,half_board,Half Board,1920.84,INR,48,10,1,1,active,2026-08-18T10:00:00+05:30
rtp_ec735fe5,rmt_51a62204,refundable,Refundable,1280.56,INR,48,0,0,1,active,2026-08-18T10:00:00+05:30
rtp_c0daee05,rmt_c23f77dc,full_board,Full Board,4108.45,INR,72,0,1,1,active,2026-08-18T10:00:00+05:30
rtp_b4415354,rmt_c23f77dc,half_board,Half Board,2641.15,INR,48,25,1,1,active,2026-08-18T10:00:00+05:30
rtp_1b2a22c5,rmt_ee14d963,full_board,Full Board,1069.64,INR,48,10,1,1,active,2026-08-18T10:00:00+05:30
rtp_b85ecd85,rmt_ee14d963,non_refundable,Non Refundable,-382.01,INR,0,100,0,1,active,2026-08-18T10:00:00+05:30
rtp_603589f1,rmt_54dddda2,non_refundable,Non Refundable,-477.52,INR,0,100,0,1,active,2026-08-18T10:00:00+05:30
rtp_1ad0bc72,rmt_54dddda2,breakfast_included,Breakfast Included,382.01,INR,24,10,1,1,active,2026-08-18T10:00:00+05:30
rtp_e3830e35,rmt_4fb25af9,long_stay,Long Stay,-916.83,INR,24,0,0,3,active,2026-08-18T10:00:00+05:30
rtp_9fa2c3af,rmt_4fb25af9,full_board,Full Board,1711.42,INR,24,10,1,1,active,2026-08-18T10:00:00+05:30
rtp_19d41766,rmt_487bb3c1,non_refundable,Non Refundable,-840.43,INR,0,100,0,1,active,2026-08-18T10:00:00+05:30
rtp_2ef77d40,rmt_487bb3c1,half_board,Half Board,1512.78,INR,48,0,1,1,active,2026-08-18T10:00:00+05:30
rtp_2424622c,rmt_b9773ac8,full_board,Full Board,2092.33,INR,24,0,1,1,active,2026-08-18T10:00:00+05:30
rtp_24ffd547,rmt_b9773ac8,refundable,Refundable,896.71,INR,24,10,0,1,active,2026-08-18T10:00:00+05:30
rtp_a4920cfd,rmt_39b5ca42,breakfast_included,Breakfast Included,747.26,INR,48,25,1,1,active,2026-08-18T10:00:00+05:30
rtp_beec0124,rmt_39b5ca42,long_stay,Long Stay,-1401.11,INR,48,10,0,3,active,2026-08-18T10:00:00+05:30
rtp_c9fab6b4,rmt_d1336e5e,half_board,Half Board,2152.11,INR,72,10,1,1,active,2026-08-18T10:00:00+05:30
rtp_5ba32156,rmt_d1336e5e,full_board,Full Board,3347.72,INR,24,25,1,1,active,2026-08-18T10:00:00+05:30
rtp_e645dce5,rmt_d080184a,non_refundable,Non Refundable,-1643.97,INR,0,100,0,1,active,2026-08-18T10:00:00+05:30
rtp_2134179f,rmt_d080184a,full_board,Full Board,4603.12,INR,72,25,1,1,active,2026-08-18T10:00:00+05:30
rtp_49662aba,rmt_2e1211ac,full_board,Full Board,1447.63,INR,48,10,1,1,active,2026-08-18T10:00:00+05:30
rtp_46e281f5,rmt_2e1211ac,breakfast_included,Breakfast Included,413.61,INR,24,0,1,1,active,2026-08-18T10:00:00+05:30
rtp_10d84be0,rmt_7b889ec3,half_board,Half Board,1163.27,INR,72,10,1,1,active,2026-08-18T10:00:00+05:30
rtp_2ce70e2a,rmt_7b889ec3,refundable,Refundable,775.51,INR,72,25,0,1,active,2026-08-18T10:00:00+05:30
rtp_2e04cca7,rmt_6edcf4fb,full_board,Full Board,2316.20,INR,48,25,1,1,active,2026-08-18T10:00:00+05:30
rtp_f1666b41,rmt_6edcf4fb,breakfast_included,Breakfast Included,661.77,INR,24,25,1,1,active,2026-08-18T10:00:00+05:30
rtp_e795e5a8,rmt_67e12f63,long_stay,Long Stay,-1706.13,INR,24,0,0,3,active,2026-08-18T10:00:00+05:30
rtp_b90efa69,rmt_67e12f63,half_board,Half Board,2047.36,INR,24,25,1,1,active,2026-08-18T10:00:00+05:30
rtp_37706994,rmt_93075070,long_stay,Long Stay,-1015.75,INR,72,10,0,3,active,2026-08-18T10:00:00+05:30
rtp_362b9b5e,rmt_93075070,refundable,Refundable,812.60,INR,24,0,0,1,active,2026-08-18T10:00:00+05:30
rtp_30042db5,rmt_261249fc,breakfast_included,Breakfast Included,677.17,INR,24,0,1,1,active,2026-08-18T10:00:00+05:30
rtp_e35bbef8,rmt_261249fc,full_board,Full Board,2370.08,INR,48,0,1,1,active,2026-08-18T10:00:00+05:30
rtp_d2ef6a95,rmt_8c74a732,full_board,Full Board,3033.70,INR,48,25,1,1,active,2026-08-18T10:00:00+05:30
rtp_8e6155cd,rmt_8c74a732,breakfast_included,Breakfast Included,866.77,INR,72,25,1,1,active,2026-08-18T10:00:00+05:30
rtp_8ae1e99b,rmt_6683f5bb,breakfast_included,Breakfast Included,1191.81,INR,24,25,1,1,active,2026-08-18T10:00:00+05:30
rtp_ba207df9,rmt_6683f5bb,full_board,Full Board,4171.34,INR,72,25,1,1,active,2026-08-18T10:00:00+05:30
rtp_f67c5ab3,rmt_038714ae,full_board,Full Board,3176.70,INR,48,0,1,1,active,2026-08-18T10:00:00+05:30
rtp_c8d8ead8,rmt_038714ae,refundable,Refundable,1361.44,INR,48,10,0,1,active,2026-08-18T10:00:00+05:30
rtp_c36d0cc4,rmt_eea5cfbe,non_refundable,Non Refundable,-1418.17,INR,0,100,0,1,active,2026-08-18T10:00:00+05:30
rtp_15d07068,rmt_eea5cfbe,refundable,Refundable,1701.80,INR,72,25,0,1,active,2026-08-18T10:00:00+05:30
rtp_1607b3f7,rmt_4278ac16,breakfast_included,Breakfast Included,1452.20,INR,48,10,1,1,active,2026-08-18T10:00:00+05:30
rtp_f80fbbf5,rmt_4278ac16,refundable,Refundable,2178.31,INR,72,0,0,1,active,2026-08-18T10:00:00+05:30
rtp_0b44a408,rmt_aa7ef978,breakfast_included,Breakfast Included,1996.78,INR,24,10,1,1,active,2026-08-18T10:00:00+05:30
rtp_ca73cb98,rmt_aa7ef978,full_board,Full Board,6988.73,INR,24,10,1,1,active,2026-08-18T10:00:00+05:30
rtp_413aba89,rmt_ce868f5a,long_stay,Long Stay,-1646.29,INR,72,10,0,3,active,2026-08-18T10:00:00+05:30
rtp_7f931ed8,rmt_ce868f5a,refundable,Refundable,1317.03,INR,24,0,0,1,active,2026-08-18T10:00:00+05:30
rtp_f728d4e4,rmt_17ec4994,half_board,Half Board,2469.43,INR,24,25,1,1,active,2026-08-18T10:00:00+05:30
rtp_a3efb7ab,rmt_17ec4994,breakfast_included,Breakfast Included,1097.53,INR,48,25,1,1,active,2026-08-18T10:00:00+05:30
rtp_ddea7c42,rmt_9bee6be6,non_refundable,Non Refundable,-1756.04,INR,0,100,0,1,active,2026-08-18T10:00:00+05:30
rtp_4985276b,rmt_9bee6be6,long_stay,Long Stay,-2634.06,INR,48,0,0,3,active,2026-08-18T10:00:00+05:30
rtp_18a5181d,rmt_3765650e,non_refundable,Non Refundable,-2414.56,INR,0,100,0,1,active,2026-08-18T10:00:00+05:30
rtp_b8a94ebc,rmt_3765650e,full_board,Full Board,6760.76,INR,48,0,1,1,active,2026-08-18T10:00:00+05:30
rtp_b1f316be,rmt_c412fbac,breakfast_included,Breakfast Included,121.17,INR,72,10,1,1,active,2026-08-18T10:00:00+05:30
rtp_93f58392,rmt_c412fbac,half_board,Half Board,272.64,INR,72,0,1,1,active,2026-08-18T10:00:00+05:30
rtp_cecc2a38,rmt_051ebbd9,half_board,Half Board,340.79,INR,72,0,1,1,active,2026-08-18T10:00:00+05:30
rtp_0c14d739,rmt_051ebbd9,full_board,Full Board,530.12,INR,72,25,1,1,active,2026-08-18T10:00:00+05:30
rtp_9ab2289f,rmt_a721c712,non_refundable,Non Refundable,-242.34,INR,0,100,0,1,active,2026-08-18T10:00:00+05:30
rtp_39f312bd,rmt_a721c712,long_stay,Long Stay,-363.51,INR,48,0,0,3,active,2026-08-18T10:00:00+05:30
rtp_06a0c2ec,rmt_505f143d,long_stay,Long Stay,-499.83,INR,24,0,0,3,active,2026-08-18T10:00:00+05:30
rtp_5738d49e,rmt_505f143d,full_board,Full Board,933.02,INR,72,10,1,1,active,2026-08-18T10:00:00+05:30
rtp_a7949920,rmt_98fb80d3,half_board,Half Board,631.34,INR,48,0,1,1,active,2026-08-18T10:00:00+05:30
rtp_e94d2b70,rmt_98fb80d3,long_stay,Long Stay,-526.12,INR,24,25,0,3,active,2026-08-18T10:00:00+05:30
rtp_2c381c32,rmt_94546c51,long_stay,Long Stay,-657.64,INR,48,25,0,3,active,2026-08-18T10:00:00+05:30
rtp_a1622223,rmt_94546c51,refundable,Refundable,526.11,INR,24,25,0,1,active,2026-08-18T10:00:00+05:30
rtp_037b2605,rmt_ed290e0e,non_refundable,Non Refundable,-561.19,INR,0,100,0,1,active,2026-08-18T10:00:00+05:30
rtp_0a222cf3,rmt_ed290e0e,full_board,Full Board,1571.33,INR,24,0,1,1,active,2026-08-18T10:00:00+05:30
rtp_00a53c18,rmt_d1a084e4,long_stay,Long Stay,-1157.45,INR,24,10,0,3,active,2026-08-18T10:00:00+05:30
rtp_75d6d76f,rmt_d1a084e4,non_refundable,Non Refundable,-771.64,INR,0,100,0,1,active,2026-08-18T10:00:00+05:30
rtp_a8234e13,rmt_2b83e4d5,refundable,Refundable,755.33,INR,48,25,0,1,active,2026-08-18T10:00:00+05:30
rtp_98c85dae,rmt_2b83e4d5,breakfast_included,Breakfast Included,503.55,INR,72,10,1,1,active,2026-08-18T10:00:00+05:30
rtp_f9e9e15a,rmt_a18229b0,non_refundable,Non Refundable,-786.80,INR,0,100,0,1,active,2026-08-18T10:00:00+05:30
rtp_d5ba6978,rmt_a18229b0,refundable,Refundable,944.16,INR,24,0,0,1,active,2026-08-18T10:00:00+05:30
rtp_36b8b865,rmt_bee7b144,long_stay,Long Stay,-1510.65,INR,24,25,0,3,active,2026-08-18T10:00:00+05:30
rtp_a2c3825f,rmt_bee7b144,refundable,Refundable,1208.52,INR,48,10,0,1,active,2026-08-18T10:00:00+05:30
rtp_dc050340,rmt_96314b6b,full_board,Full Board,3877.34,INR,24,25,1,1,active,2026-08-18T10:00:00+05:30
rtp_ee34b236,rmt_96314b6b,half_board,Half Board,2492.57,INR,48,25,1,1,active,2026-08-18T10:00:00+05:30
rtp_78d5b1b0,rmt_03c53624,full_board,Full Board,754.58,INR,24,25,1,1,active,2026-08-18T10:00:00+05:30
rtp_632c8916,rmt_03c53624,non_refundable,Non Refundable,-269.49,INR,0,100,0,1,active,2026-08-18T10:00:00+05:30
rtp_d22a7c45,rmt_2f5d3c4f,half_board,Half Board,606.36,INR,72,25,1,1,active,2026-08-18T10:00:00+05:30
rtp_14395e5d,rmt_2f5d3c4f,long_stay,Long Stay,-505.30,INR,72,10,0,3,active,2026-08-18T10:00:00+05:30
rtp_d6de0c5a,rmt_e6402633,full_board,Full Board,1207.32,INR,24,0,1,1,active,2026-08-18T10:00:00+05:30
rtp_ffb29199,rmt_e6402633,breakfast_included,Breakfast Included,344.95,INR,48,0,1,1,active,2026-08-18T10:00:00+05:30
rtp_d8ab41fe,rmt_67c20089,full_board,Full Board,1660.07,INR,72,0,1,1,active,2026-08-18T10:00:00+05:30
rtp_eaedf079,rmt_67c20089,non_refundable,Non Refundable,-592.88,INR,0,100,0,1,active,2026-08-18T10:00:00+05:30
rtp_7e886084,rmt_609a2def,non_refundable,Non Refundable,-499.92,INR,0,100,0,1,active,2026-08-18T10:00:00+05:30
rtp_cc081ed0,rmt_609a2def,breakfast_included,Breakfast Included,399.94,INR,48,25,1,1,active,2026-08-18T10:00:00+05:30
rtp_442233ce,rmt_f42e207b,non_refundable,Non Refundable,-624.90,INR,0,100,0,1,active,2026-08-18T10:00:00+05:30
rtp_2d70b984,rmt_f42e207b,breakfast_included,Breakfast Included,499.92,INR,48,10,1,1,active,2026-08-18T10:00:00+05:30
rtp_dc635ddd,rmt_ee5f0347,full_board,Full Board,2239.66,INR,24,25,1,1,active,2026-08-18T10:00:00+05:30
rtp_20843f5b,rmt_ee5f0347,non_refundable,Non Refundable,-799.88,INR,0,100,0,1,active,2026-08-18T10:00:00+05:30
rtp_b3ff0787,rmt_49af63f5,non_refundable,Non Refundable,-1099.83,INR,0,100,0,1,active,2026-08-18T10:00:00+05:30
rtp_0fc204b1,rmt_49af63f5,refundable,Refundable,1319.80,INR,48,25,0,1,active,2026-08-18T10:00:00+05:30
rtp_eb98d180,rmt_8a9eaa37,full_board,Full Board,3192.15,INR,48,25,1,1,active,2026-08-18T10:00:00+05:30
rtp_4d5d9bd4,rmt_8a9eaa37,long_stay,Long Stay,-1710.08,INR,72,0,0,3,active,2026-08-18T10:00:00+05:30
rtp_7e581064,rmt_29dd9fd3,refundable,Refundable,1710.08,INR,24,10,0,1,active,2026-08-18T10:00:00+05:30
rtp_da2b09a3,rmt_29dd9fd3,non_refundable,Non Refundable,-1425.07,INR,0,100,0,1,active,2026-08-18T10:00:00+05:30
rtp_d84316f1,rmt_efe926e5,refundable,Refundable,2188.90,INR,24,25,0,1,active,2026-08-18T10:00:00+05:30
rtp_6efd999a,rmt_efe926e5,non_refundable,Non Refundable,-1824.09,INR,0,100,0,1,active,2026-08-18T10:00:00+05:30
rtp_ae543cd3,rmt_796b88e6,half_board,Half Board,4514.61,INR,72,25,1,1,active,2026-08-18T10:00:00+05:30
rtp_b8e12b73,rmt_796b88e6,full_board,Full Board,7022.73,INR,48,10,1,1,active,2026-08-18T10:00:00+05:30
rtp_4e86dee7,rmt_73eb73d3,full_board,Full Board,1117.09,INR,48,25,1,1,active,2026-08-18T10:00:00+05:30
rtp_208422d4,rmt_73eb73d3,breakfast_included,Breakfast Included,319.17,INR,72,10,1,1,active,2026-08-18T10:00:00+05:30
rtp_1bbe7769,rmt_7bae76fc,non_refundable,Non Refundable,-89.77,INR,0,100,0,1,active,2026-08-18T10:00:00+05:30
rtp_3941e0ad,rmt_7bae76fc,long_stay,Long Stay,-134.65,INR,72,25,0,3,active,2026-08-18T10:00:00+05:30
rtp_0cc5ca72,rmt_c5f1ab45,long_stay,Long Stay,-957.50,INR,24,10,0,3,active,2026-08-18T10:00:00+05:30
rtp_7cbb9a2b,rmt_c5f1ab45,full_board,Full Board,1787.34,INR,72,0,1,1,active,2026-08-18T10:00:00+05:30
rtp_a45d6ef3,rmt_07be71c5,half_board,Half Board,1579.88,INR,48,0,1,1,active,2026-08-18T10:00:00+05:30
rtp_bc2f4fd9,rmt_07be71c5,non_refundable,Non Refundable,-877.71,INR,0,100,0,1,active,2026-08-18T10:00:00+05:30
rtp_9c80ba5a,rmt_4150ea86,non_refundable,Non Refundable,-503.62,INR,0,100,0,1,active,2026-08-18T10:00:00+05:30
rtp_6cdc2e22,rmt_4150ea86,long_stay,Long Stay,-755.43,INR,72,0,0,3,active,2026-08-18T10:00:00+05:30
rtp_25db7672,rmt_d8baed0f,full_board,Full Board,1762.67,INR,48,10,1,1,active,2026-08-18T10:00:00+05:30
rtp_42f26185,rmt_d8baed0f,long_stay,Long Stay,-944.29,INR,48,25,0,3,active,2026-08-18T10:00:00+05:30
rtp_176be553,rmt_882fcc70,long_stay,Long Stay,-1208.69,INR,24,10,0,3,active,2026-08-18T10:00:00+05:30
rtp_04c2c142,rmt_882fcc70,non_refundable,Non Refundable,-805.79,INR,0,100,0,1,active,2026-08-18T10:00:00+05:30
rtp_14c04d57,rmt_8c3d4bbe,full_board,Full Board,3102.29,INR,48,25,1,1,active,2026-08-18T10:00:00+05:30
rtp_c592462b,rmt_8c3d4bbe,long_stay,Long Stay,-1661.94,INR,24,0,0,3,active,2026-08-18T10:00:00+05:30
rtp_c7bcfe9d,rmt_e1b794e9,breakfast_included,Breakfast Included,1123.86,INR,48,0,1,1,active,2026-08-18T10:00:00+05:30
rtp_0a4e240f,rmt_e1b794e9,long_stay,Long Stay,-2107.24,INR,48,25,0,3,active,2026-08-18T10:00:00+05:30
rtp_a7b6f1b9,rmt_60630f27,non_refundable,Non Refundable,-1756.03,INR,0,100,0,1,active,2026-08-18T10:00:00+05:30
rtp_7901b41f,rmt_60630f27,long_stay,Long Stay,-2634.05,INR,24,25,0,3,active,2026-08-18T10:00:00+05:30
rtp_3e37f1a4,rmt_5c02afa1,non_refundable,Non Refundable,-2247.72,INR,0,100,0,1,active,2026-08-18T10:00:00+05:30
rtp_9f2bb44c,rmt_5c02afa1,full_board,Full Board,6293.63,INR,48,25,1,1,active,2026-08-18T10:00:00+05:30
rtp_3ee45588,rmt_eb03ef2d,breakfast_included,Breakfast Included,2472.50,INR,24,0,1,1,active,2026-08-18T10:00:00+05:30
rtp_270dc502,rmt_eb03ef2d,refundable,Refundable,3708.74,INR,72,25,0,1,active,2026-08-18T10:00:00+05:30
rtp_7eb1fe01,rmt_b578589b,non_refundable,Non Refundable,-351.39,INR,0,100,0,1,active,2026-08-18T10:00:00+05:30
rtp_f2ea4969,rmt_b578589b,long_stay,Long Stay,-527.09,INR,24,0,0,3,active,2026-08-18T10:00:00+05:30
rtp_148eca1c,rmt_f10be577,long_stay,Long Stay,-658.86,INR,72,10,0,3,active,2026-08-18T10:00:00+05:30
rtp_ec48fec5,rmt_f10be577,breakfast_included,Breakfast Included,351.39,INR,48,25,1,1,active,2026-08-18T10:00:00+05:30
rtp_9d710d85,rmt_2d0e11c8,refundable,Refundable,674.67,INR,48,0,0,1,active,2026-08-18T10:00:00+05:30
rtp_b1f24bed,rmt_2d0e11c8,long_stay,Long Stay,-843.34,INR,72,10,0,3,active,2026-08-18T10:00:00+05:30
rtp_48960b1f,rmt_fa1c9f5b,long_stay,Long Stay,-1159.60,INR,72,0,0,3,active,2026-08-18T10:00:00+05:30
rtp_ecf070c3,rmt_fa1c9f5b,breakfast_included,Breakfast Included,618.45,INR,48,25,1,1,active,2026-08-18T10:00:00+05:30
rtp_9a4799ba,rmt_ee49f76d,long_stay,Long Stay,-746.12,INR,72,0,0,3,active,2026-08-18T10:00:00+05:30
rtp_756daff4,rmt_ee49f76d,non_refundable,Non Refundable,-497.41,INR,0,100,0,1,active,2026-08-18T10:00:00+05:30
rtp_60e860c3,rmt_ed786640,breakfast_included,Breakfast Included,497.41,INR,72,0,1,1,active,2026-08-18T10:00:00+05:30
rtp_5b508598,rmt_ed786640,full_board,Full Board,1740.95,INR,72,25,1,1,active,2026-08-18T10:00:00+05:30
rtp_b970c9d4,rmt_83239f67,non_refundable,Non Refundable,-795.86,INR,0,100,0,1,active,2026-08-18T10:00:00+05:30
rtp_8be7aca5,rmt_83239f67,refundable,Refundable,955.03,INR,48,25,0,1,active,2026-08-18T10:00:00+05:30
rtp_d3dcb820,rmt_67eca6c8,half_board,Half Board,1969.76,INR,72,25,1,1,active,2026-08-18T10:00:00+05:30
rtp_f83c9c25,rmt_67eca6c8,full_board,Full Board,3064.07,INR,48,0,1,1,active,2026-08-18T10:00:00+05:30
rtp_44dd1492,rmt_124fe810,breakfast_included,Breakfast Included,986.86,INR,72,10,1,1,active,2026-08-18T10:00:00+05:30
rtp_70392a24,rmt_124fe810,non_refundable,Non Refundable,-1233.58,INR,0,100,0,1,active,2026-08-18T10:00:00+05:30
rtp_d2536dfd,rmt_ff2e3524,half_board,Half Board,2775.54,INR,72,0,1,1,active,2026-08-18T10:00:00+05:30
rtp_1b26c7e1,rmt_ff2e3524,breakfast_included,Breakfast Included,1233.57,INR,24,10,1,1,active,2026-08-18T10:00:00+05:30
rtp_3251eced,rmt_edad1281,non_refundable,Non Refundable,-1973.72,INR,0,100,0,1,active,2026-08-18T10:00:00+05:30
rtp_d435be32,rmt_edad1281,refundable,Refundable,2368.46,INR,72,0,0,1,active,2026-08-18T10:00:00+05:30
rtp_caf3dd65,rmt_7349db73,long_stay,Long Stay,-4070.80,INR,72,25,0,3,active,2026-08-18T10:00:00+05:30
rtp_8c6091c7,rmt_7349db73,breakfast_included,Breakfast Included,2171.09,INR,72,0,1,1,active,2026-08-18T10:00:00+05:30
rtp_09ba5e22,rmt_33c3e9d0,half_board,Half Board,341.90,INR,72,25,1,1,active,2026-08-18T10:00:00+05:30
rtp_3baac392,rmt_33c3e9d0,breakfast_included,Breakfast Included,151.96,INR,48,25,1,1,active,2026-08-18T10:00:00+05:30
rtp_55c82195,rmt_c134d5fe,non_refundable,Non Refundable,-237.43,INR,0,100,0,1,active,2026-08-18T10:00:00+05:30
rtp_ca8efa2a,rmt_c134d5fe,half_board,Half Board,427.38,INR,24,10,1,1,active,2026-08-18T10:00:00+05:30
rtp_8f048d5f,rmt_66d8cbf0,refundable,Refundable,364.69,INR,72,25,0,1,active,2026-08-18T10:00:00+05:30
rtp_a582545b,rmt_66d8cbf0,long_stay,Long Stay,-455.87,INR,24,10,0,3,active,2026-08-18T10:00:00+05:30
rtp_4764bb6d,rmt_87189c11,full_board,Full Board,1170.06,INR,24,10,1,1,active,2026-08-18T10:00:00+05:30
rtp_392bb5db,rmt_87189c11,refundable,Refundable,501.45,INR,24,25,0,1,active,2026-08-18T10:00:00+05:30
rtp_0fb02438,rmt_bb92cf57,refundable,Refundable,395.85,INR,72,10,0,1,active,2026-08-18T10:00:00+05:30
rtp_e9528af7,rmt_bb92cf57,non_refundable,Non Refundable,-329.87,INR,0,100,0,1,active,2026-08-18T10:00:00+05:30
rtp_86b21aca,rmt_3882e37c,refundable,Refundable,494.81,INR,24,0,0,1,active,2026-08-18T10:00:00+05:30
rtp_d225cdfa,rmt_3882e37c,half_board,Half Board,742.21,INR,24,10,1,1,active,2026-08-18T10:00:00+05:30
rtp_1e5bbebd,rmt_26276dc5,long_stay,Long Stay,-791.69,INR,48,0,0,3,active,2026-08-18T10:00:00+05:30
rtp_841adbf2,rmt_26276dc5,half_board,Half Board,950.03,INR,48,10,1,1,active,2026-08-18T10:00:00+05:30
rtp_488915e3,rmt_fc40a0df,breakfast_included,Breakfast Included,580.57,INR,48,0,1,1,active,2026-08-18T10:00:00+05:30
rtp_18878108,rmt_fc40a0df,long_stay,Long Stay,-1088.58,INR,48,25,0,3,active,2026-08-18T10:00:00+05:30
rtp_bed14610,rmt_8e0d0906,long_stay,Long Stay,-539.17,INR,24,0,0,3,active,2026-08-18T10:00:00+05:30
rtp_123a3e88,rmt_8e0d0906,half_board,Half Board,647.01,INR,24,25,1,1,active,2026-08-18T10:00:00+05:30
rtp_74ab8507,rmt_576ef766,full_board,Full Board,1258.07,INR,48,25,1,1,active,2026-08-18T10:00:00+05:30
rtp_c8c92e94,rmt_576ef766,long_stay,Long Stay,-673.97,INR,72,0,0,3,active,2026-08-18T10:00:00+05:30
rtp_00efc7f6,rmt_876453d9,breakfast_included,Breakfast Included,460.09,INR,48,10,1,1,active,2026-08-18T10:00:00+05:30
rtp_59dbeb95,rmt_876453d9,non_refundable,Non Refundable,-575.12,INR,0,100,0,1,active,2026-08-18T10:00:00+05:30
rtp_7e15b538,rmt_fc346c00,long_stay,Long Stay,-1186.18,INR,48,25,0,3,active,2026-08-18T10:00:00+05:30
rtp_41935258,rmt_fc346c00,full_board,Full Board,2214.20,INR,48,0,1,1,active,2026-08-18T10:00:00+05:30
rtp_7cb5f5e6,rmt_ca1974aa,full_board,Full Board,840.14,INR,72,10,1,1,active,2026-08-18T10:00:00+05:30
rtp_6ab993c5,rmt_ca1974aa,non_refundable,Non Refundable,-300.05,INR,0,100,0,1,active,2026-08-18T10:00:00+05:30
rtp_372e0dd1,rmt_6988b190,half_board,Half Board,675.11,INR,24,25,1,1,active,2026-08-18T10:00:00+05:30
rtp_f8c5b6ad,rmt_6988b190,non_refundable,Non Refundable,-375.06,INR,0,100,0,1,active,2026-08-18T10:00:00+05:30
rtp_69d890a4,rmt_425eabfe,long_stay,Long Stay,-720.12,INR,72,25,0,3,active,2026-08-18T10:00:00+05:30
rtp_f8a33775,rmt_425eabfe,full_board,Full Board,1344.22,INR,24,10,1,1,active,2026-08-18T10:00:00+05:30
rtp_b7e49a96,rmt_793a6875,half_board,Half Board,1188.19,INR,72,25,1,1,active,2026-08-18T10:00:00+05:30
rtp_640631df,rmt_793a6875,refundable,Refundable,792.13,INR,48,10,0,1,active,2026-08-18T10:00:00+05:30
rtp_104a8dd8,rmt_bae3f771,breakfast_included,Breakfast Included,598.83,INR,48,10,1,1,active,2026-08-18T10:00:00+05:30
rtp_d49f0ba6,rmt_bae3f771,non_refundable,Non Refundable,-748.54,INR,0,100,0,1,active,2026-08-18T10:00:00+05:30
rtp_5fe65573,rmt_7358e844,full_board,Full Board,2619.89,INR,24,10,1,1,active,2026-08-18T10:00:00+05:30
rtp_c32e997a,rmt_7358e844,refundable,Refundable,1122.81,INR,24,25,0,1,active,2026-08-18T10:00:00+05:30
rtp_59ead02c,rmt_5d53b983,breakfast_included,Breakfast Included,958.13,INR,72,10,1,1,active,2026-08-18T10:00:00+05:30
rtp_ab40c4aa,rmt_5d53b983,long_stay,Long Stay,-1796.50,INR,24,0,0,3,active,2026-08-18T10:00:00+05:30
rtp_342665aa,rmt_69632260,full_board,Full Board,4611.01,INR,48,10,1,1,active,2026-08-18T10:00:00+05:30
rtp_e6aad68c,rmt_69632260,non_refundable,Non Refundable,-1646.79,INR,0,100,0,1,active,2026-08-18T10:00:00+05:30
rtp_3d12d658,rmt_cda87db6,full_board,Full Board,925.55,INR,72,0,1,1,active,2026-08-18T10:00:00+05:30
rtp_58e39790,rmt_cda87db6,half_board,Half Board,595.00,INR,72,25,1,1,active,2026-08-18T10:00:00+05:30
rtp_5495c4b7,rmt_09228b8b,refundable,Refundable,495.83,INR,72,0,0,1,active,2026-08-18T10:00:00+05:30
rtp_deeb4aa9,rmt_09228b8b,half_board,Half Board,743.75,INR,48,25,1,1,active,2026-08-18T10:00:00+05:30
rtp_3fcefb60,rmt_198576c1,breakfast_included,Breakfast Included,423.11,INR,24,0,1,1,active,2026-08-18T10:00:00+05:30
rtp_f140d1e8,rmt_198576c1,non_refundable,Non Refundable,-528.89,INR,0,100,0,1,active,2026-08-18T10:00:00+05:30
rtp_42446d4a,rmt_18bef650,non_refundable,Non Refundable,-727.22,INR,0,100,0,1,active,2026-08-18T10:00:00+05:30
rtp_73b30599,rmt_18bef650,breakfast_included,Breakfast Included,581.77,INR,48,10,1,1,active,2026-08-18T10:00:00+05:30
rtp_0b0204d0,rmt_1854e628,full_board,Full Board,1013.17,INR,24,0,1,1,active,2026-08-18T10:00:00+05:30
rtp_c657a3ba,rmt_1854e628,refundable,Refundable,434.22,INR,24,0,0,1,active,2026-08-18T10:00:00+05:30
rtp_0e127599,rmt_42b5e366,non_refundable,Non Refundable,-452.31,INR,0,100,0,1,active,2026-08-18T10:00:00+05:30
rtp_f37959a8,rmt_42b5e366,full_board,Full Board,1266.47,INR,48,25,1,1,active,2026-08-18T10:00:00+05:30
rtp_2858d87b,rmt_c6dd7cd5,breakfast_included,Breakfast Included,463.17,INR,48,25,1,1,active,2026-08-18T10:00:00+05:30
rtp_5d5a23dd,rmt_c6dd7cd5,full_board,Full Board,1621.08,INR,48,25,1,1,active,2026-08-18T10:00:00+05:30
rtp_dcca27c5,rmt_2919bbfe,refundable,Refundable,955.28,INR,48,0,0,1,active,2026-08-18T10:00:00+05:30
rtp_4b6bcb9a,rmt_2919bbfe,full_board,Full Board,2228.98,INR,72,10,1,1,active,2026-08-18T10:00:00+05:30
rtp_838d8969,rmt_68e9fa10,breakfast_included,Breakfast Included,249.69,INR,24,10,1,1,active,2026-08-18T10:00:00+05:30
rtp_b234bcd1,rmt_68e9fa10,refundable,Refundable,374.53,INR,72,10,0,1,active,2026-08-18T10:00:00+05:30
rtp_ec17bdae,rmt_22951945,half_board,Half Board,702.25,INR,48,25,1,1,active,2026-08-18T10:00:00+05:30
rtp_14e0096c,rmt_22951945,refundable,Refundable,468.17,INR,24,0,0,1,active,2026-08-18T10:00:00+05:30
rtp_89aba17a,rmt_f9cc01ab,refundable,Refundable,599.25,INR,72,0,0,1,active,2026-08-18T10:00:00+05:30
rtp_338db16b,rmt_f9cc01ab,non_refundable,Non Refundable,-499.38,INR,0,100,0,1,active,2026-08-18T10:00:00+05:30
rtp_a7037634,rmt_122240ca,half_board,Half Board,1235.96,INR,72,10,1,1,active,2026-08-18T10:00:00+05:30
rtp_7b8766a9,rmt_122240ca,refundable,Refundable,823.98,INR,72,25,0,1,active,2026-08-18T10:00:00+05:30
rtp_464b2dd6,rmt_5dd21cc9,half_board,Half Board,596.77,INR,24,25,1,1,active,2026-08-18T10:00:00+05:30
rtp_2a410303,rmt_5dd21cc9,long_stay,Long Stay,-497.31,INR,72,0,0,3,active,2026-08-18T10:00:00+05:30
rtp_65e65f84,rmt_e689a931,half_board,Half Board,745.96,INR,24,0,1,1,active,2026-08-18T10:00:00+05:30
rtp_9d7f91e2,rmt_e689a931,non_refundable,Non Refundable,-414.42,INR,0,100,0,1,active,2026-08-18T10:00:00+05:30
rtp_09ce3d56,rmt_251b5172,breakfast_included,Breakfast Included,424.37,INR,48,25,1,1,active,2026-08-18T10:00:00+05:30
rtp_f2ff99cf,rmt_251b5172,half_board,Half Board,954.83,INR,72,25,1,1,active,2026-08-18T10:00:00+05:30
rtp_9aa06758,rmt_6cf93c8a,breakfast_included,Breakfast Included,583.51,INR,24,0,1,1,active,2026-08-18T10:00:00+05:30
rtp_a05d4857,rmt_6cf93c8a,non_refundable,Non Refundable,-729.39,INR,0,100,0,1,active,2026-08-18T10:00:00+05:30
rtp_ab28154b,rmt_61b98998,half_board,Half Board,1165.42,INR,24,0,1,1,active,2026-08-18T10:00:00+05:30
rtp_1c48b2d5,rmt_61b98998,long_stay,Long Stay,-971.18,INR,24,25,0,3,active,2026-08-18T10:00:00+05:30
rtp_8b319e9c,rmt_2389fcc4,refundable,Refundable,971.18,INR,48,25,0,1,active,2026-08-18T10:00:00+05:30
rtp_92ba8656,rmt_2389fcc4,full_board,Full Board,2266.10,INR,48,10,1,1,active,2026-08-18T10:00:00+05:30
rtp_30c5ea1c,rmt_991c2988,non_refundable,Non Refundable,-1035.93,INR,0,100,0,1,active,2026-08-18T10:00:00+05:30
rtp_c26603d9,rmt_991c2988,refundable,Refundable,1243.12,INR,72,25,0,1,active,2026-08-18T10:00:00+05:30
rtp_30350768,rmt_8cffb570,full_board,Full Board,3988.33,INR,48,25,1,1,active,2026-08-18T10:00:00+05:30
rtp_99c60ccb,rmt_8cffb570,refundable,Refundable,1709.28,INR,48,25,0,1,active,2026-08-18T10:00:00+05:30
rtp_8436e615,rmt_ca9540b1,half_board,Half Board,711.20,INR,48,25,1,1,active,2026-08-18T10:00:00+05:30
rtp_ea0be24e,rmt_ca9540b1,long_stay,Long Stay,-592.67,INR,72,0,0,3,active,2026-08-18T10:00:00+05:30
rtp_59f95d45,rmt_ab027498,non_refundable,Non Refundable,-493.89,INR,0,100,0,1,active,2026-08-18T10:00:00+05:30
rtp_7dddead8,rmt_ab027498,half_board,Half Board,889.00,INR,72,25,1,1,active,2026-08-18T10:00:00+05:30
rtp_2bcfe6c8,rmt_889f0ce8,half_board,Half Board,1137.92,INR,48,10,1,1,active,2026-08-18T10:00:00+05:30
rtp_6ae08a7c,rmt_889f0ce8,refundable,Refundable,758.61,INR,72,0,0,1,active,2026-08-18T10:00:00+05:30
rtp_13e0af0e,rmt_d3ebff16,breakfast_included,Breakfast Included,695.40,INR,24,25,1,1,active,2026-08-18T10:00:00+05:30
rtp_a2aec658,rmt_d3ebff16,full_board,Full Board,2433.88,INR,24,0,1,1,active,2026-08-18T10:00:00+05:30
rtp_574b24bd,rmt_e7196437,long_stay,Long Stay,-466.82,INR,24,10,0,3,active,2026-08-18T10:00:00+05:30
rtp_aba2bad0,rmt_e7196437,non_refundable,Non Refundable,-311.21,INR,0,100,0,1,active,2026-08-18T10:00:00+05:30
rtp_7855b683,rmt_595fdd0f,full_board,Full Board,1089.24,INR,24,25,1,1,active,2026-08-18T10:00:00+05:30
rtp_e7d7aef7,rmt_595fdd0f,long_stay,Long Stay,-583.52,INR,48,0,0,3,active,2026-08-18T10:00:00+05:30
rtp_40917da9,rmt_85aa328c,breakfast_included,Breakfast Included,398.35,INR,24,0,1,1,active,2026-08-18T10:00:00+05:30
rtp_e28bcb89,rmt_85aa328c,full_board,Full Board,1394.23,INR,48,10,1,1,active,2026-08-18T10:00:00+05:30
rtp_110e4c4f,rmt_3aa4f9b8,non_refundable,Non Refundable,-684.67,INR,0,100,0,1,active,2026-08-18T10:00:00+05:30
rtp_5de57cd9,rmt_3aa4f9b8,half_board,Half Board,1232.40,INR,24,10,1,1,active,2026-08-18T10:00:00+05:30
rtp_1497ae65,rmt_1c6321fa,long_stay,Long Stay,-777.69,INR,48,25,0,3,active,2026-08-18T10:00:00+05:30
rtp_4193e3e7,rmt_1c6321fa,full_board,Full Board,1451.69,INR,72,10,1,1,active,2026-08-18T10:00:00+05:30
rtp_294056b1,rmt_12d2459d,long_stay,Long Stay,-972.11,INR,24,25,0,3,active,2026-08-18T10:00:00+05:30
rtp_9d0a5567,rmt_12d2459d,full_board,Full Board,1814.61,INR,24,25,1,1,active,2026-08-18T10:00:00+05:30
rtp_5bcd5b63,rmt_b9e39ea9,refundable,Refundable,995.44,INR,72,0,0,1,active,2026-08-18T10:00:00+05:30
rtp_eb483d2e,rmt_b9e39ea9,non_refundable,Non Refundable,-829.54,INR,0,100,0,1,active,2026-08-18T10:00:00+05:30
rtp_45213dff,rmt_81287aa5,non_refundable,Non Refundable,-1140.61,INR,0,100,0,1,active,2026-08-18T10:00:00+05:30
rtp_d61e704d,rmt_81287aa5,full_board,Full Board,3193.71,INR,72,0,1,1,active,2026-08-18T10:00:00+05:30
rtp_09134e3b,rmt_cdfde07d,non_refundable,Non Refundable,-335.19,INR,0,100,0,1,active,2026-08-18T10:00:00+05:30
rtp_38518f96,rmt_cdfde07d,full_board,Full Board,938.53,INR,48,10,1,1,active,2026-08-18T10:00:00+05:30
rtp_b0a905f3,rmt_3d4805f9,half_board,Half Board,754.18,INR,72,0,1,1,active,2026-08-18T10:00:00+05:30
rtp_4bbc2542,rmt_3d4805f9,non_refundable,Non Refundable,-418.99,INR,0,100,0,1,active,2026-08-18T10:00:00+05:30
rtp_99dad4c1,rmt_31cf3b15,breakfast_included,Breakfast Included,2359.74,INR,24,10,1,1,active,2026-08-18T10:00:00+05:30
rtp_01fc2fe8,rmt_31cf3b15,refundable,Refundable,3539.60,INR,72,25,0,1,active,2026-08-18T10:00:00+05:30
rtp_12bc14a2,rmt_54ff0bab,half_board,Half Board,1327.35,INR,48,25,1,1,active,2026-08-18T10:00:00+05:30
rtp_ad647cb8,rmt_54ff0bab,refundable,Refundable,884.90,INR,48,25,0,1,active,2026-08-18T10:00:00+05:30
rtp_0231707e,rmt_9eb28021,non_refundable,Non Refundable,-160.93,INR,0,100,0,1,active,2026-08-18T10:00:00+05:30
rtp_72b609a7,rmt_9eb28021,half_board,Half Board,289.67,INR,48,25,1,1,active,2026-08-18T10:00:00+05:30
rtp_4e21fe75,rmt_aa7eb6d2,half_board,Half Board,362.09,INR,24,25,1,1,active,2026-08-18T10:00:00+05:30
rtp_2a5da411,rmt_aa7eb6d2,non_refundable,Non Refundable,-201.16,INR,0,100,0,1,active,2026-08-18T10:00:00+05:30
rtp_48a5f2c3,rmt_978f040c,breakfast_included,Breakfast Included,205.99,INR,72,25,1,1,active,2026-08-18T10:00:00+05:30
rtp_228ca607,rmt_978f040c,refundable,Refundable,308.98,INR,48,25,0,1,active,2026-08-18T10:00:00+05:30
rtp_e2f222af,rmt_8bd77770,refundable,Refundable,424.85,INR,24,25,0,1,active,2026-08-18T10:00:00+05:30
rtp_9c3c0f20,rmt_8bd77770,breakfast_included,Breakfast Included,283.23,INR,24,10,1,1,active,2026-08-18T10:00:00+05:30
rtp_6ae4152d,rmt_c9808e2a,half_board,Half Board,289.35,INR,72,25,1,1,active,2026-08-18T10:00:00+05:30
rtp_4738df6f,rmt_c9808e2a,full_board,Full Board,450.10,INR,48,10,1,1,active,2026-08-18T10:00:00+05:30
rtp_073006b8,rmt_6185fc06,long_stay,Long Stay,-301.41,INR,48,25,0,3,active,2026-08-18T10:00:00+05:30
rtp_e9017d2c,rmt_6185fc06,non_refundable,Non Refundable,-200.94,INR,0,100,0,1,active,2026-08-18T10:00:00+05:30
rtp_538a93dc,rmt_3587dd85,half_board,Half Board,462.96,INR,24,10,1,1,active,2026-08-18T10:00:00+05:30
rtp_6769bd40,rmt_3587dd85,breakfast_included,Breakfast Included,205.76,INR,48,0,1,1,active,2026-08-18T10:00:00+05:30
rtp_bd0ba401,rmt_32c905d4,full_board,Full Board,990.22,INR,48,0,1,1,active,2026-08-18T10:00:00+05:30
rtp_24b85316,rmt_32c905d4,refundable,Refundable,424.38,INR,24,10,0,1,active,2026-08-18T10:00:00+05:30
rtp_53ec0fa8,rmt_c78dc711,full_board,Full Board,791.88,INR,72,25,1,1,active,2026-08-18T10:00:00+05:30
rtp_d48b42cc,rmt_c78dc711,long_stay,Long Stay,-424.22,INR,72,25,0,3,active,2026-08-18T10:00:00+05:30
rtp_5a67fe53,rmt_9cd25b0a,long_stay,Long Stay,-530.28,INR,72,0,0,3,active,2026-08-18T10:00:00+05:30
rtp_5388eae8,rmt_9cd25b0a,breakfast_included,Breakfast Included,282.82,INR,72,0,1,1,active,2026-08-18T10:00:00+05:30
rtp_f7342e00,rmt_778752d6,non_refundable,Non Refundable,-452.50,INR,0,100,0,1,active,2026-08-18T10:00:00+05:30
rtp_232f979a,rmt_778752d6,full_board,Full Board,1267.01,INR,24,10,1,1,active,2026-08-18T10:00:00+05:30
rtp_8d3c8d2e,rmt_b4bbc602,non_refundable,Non Refundable,-622.19,INR,0,100,0,1,active,2026-08-18T10:00:00+05:30
rtp_a5856659,rmt_b4bbc602,breakfast_included,Breakfast Included,497.75,INR,24,0,1,1,active,2026-08-18T10:00:00+05:30
rtp_e37d1d1d,rmt_dd8d5238,breakfast_included,Breakfast Included,207.27,INR,24,10,1,1,active,2026-08-18T10:00:00+05:30
rtp_f07af5ae,rmt_dd8d5238,half_board,Half Board,466.36,INR,72,10,1,1,active,2026-08-18T10:00:00+05:30
rtp_5d7f7b93,rmt_12f49609,refundable,Refundable,388.64,INR,24,25,0,1,active,2026-08-18T10:00:00+05:30
rtp_7d004f44,rmt_12f49609,breakfast_included,Breakfast Included,259.09,INR,48,0,1,1,active,2026-08-18T10:00:00+05:30
rtp_6f85ec8b,rmt_c58858c3,half_board,Half Board,746.18,INR,48,10,1,1,active,2026-08-18T10:00:00+05:30
rtp_d615532b,rmt_c58858c3,breakfast_included,Breakfast Included,331.64,INR,48,10,1,1,active,2026-08-18T10:00:00+05:30
rtp_50d274ae,rmt_ed1c7e50,half_board,Half Board,1026.00,INR,48,25,1,1,active,2026-08-18T10:00:00+05:30
rtp_bc60f4a8,rmt_ed1c7e50,long_stay,Long Stay,-855.00,INR,72,0,0,3,active,2026-08-18T10:00:00+05:30
rtp_7b7afd44,rmt_2e8faaef,long_stay,Long Stay,-557.98,LKR,24,25,0,3,active,2026-08-18T10:00:00+05:30
rtp_b6bfe020,rmt_2e8faaef,half_board,Half Board,669.57,LKR,48,0,1,1,active,2026-08-18T10:00:00+05:30
rtp_2c7778df,rmt_c07b1f2a,full_board,Full Board,1301.95,LKR,72,0,1,1,active,2026-08-18T10:00:00+05:30
rtp_2468695b,rmt_c07b1f2a,breakfast_included,Breakfast Included,371.99,LKR,48,10,1,1,active,2026-08-18T10:00:00+05:30
rtp_71008db7,rmt_96f11d2a,breakfast_included,Breakfast Included,476.14,LKR,72,25,1,1,active,2026-08-18T10:00:00+05:30
rtp_faca8fe4,rmt_96f11d2a,half_board,Half Board,1071.32,LKR,48,0,1,1,active,2026-08-18T10:00:00+05:30
rtp_136dddc9,rmt_3f6e65a4,half_board,Half Board,1473.07,LKR,48,0,1,1,active,2026-08-18T10:00:00+05:30
rtp_41a8cb9e,rmt_3f6e65a4,breakfast_included,Breakfast Included,654.70,LKR,72,10,1,1,active,2026-08-18T10:00:00+05:30
rtp_5957017f,rmt_f8bcfbd9,non_refundable,Non Refundable,-213.94,LKR,0,100,0,1,active,2026-08-18T10:00:00+05:30
rtp_334a5b39,rmt_f8bcfbd9,breakfast_included,Breakfast Included,171.16,LKR,24,10,1,1,active,2026-08-18T10:00:00+05:30
rtp_03f3bba4,rmt_ac9a1c90,half_board,Half Board,481.37,LKR,48,0,1,1,active,2026-08-18T10:00:00+05:30
rtp_853ec50f,rmt_ac9a1c90,non_refundable,Non Refundable,-267.43,LKR,0,100,0,1,active,2026-08-18T10:00:00+05:30
rtp_3b87cc0f,rmt_5a9c0630,full_board,Full Board,958.47,LKR,24,25,1,1,active,2026-08-18T10:00:00+05:30
rtp_33d157a2,rmt_5a9c0630,refundable,Refundable,410.77,LKR,72,25,0,1,active,2026-08-18T10:00:00+05:30
rtp_a681032c,rmt_2388e4fc,full_board,Full Board,1317.90,LKR,72,25,1,1,active,2026-08-18T10:00:00+05:30
rtp_62796dcc,rmt_2388e4fc,long_stay,Long Stay,-706.02,LKR,24,25,0,3,active,2026-08-18T10:00:00+05:30
rtp_c853ed82,rmt_06acc632,half_board,Half Board,2061.21,LKR,48,25,1,1,active,2026-08-18T10:00:00+05:30
rtp_d01015f8,rmt_06acc632,long_stay,Long Stay,-1717.68,LKR,24,0,0,3,active,2026-08-18T10:00:00+05:30
rtp_7ccb2e86,rmt_c5ff567c,non_refundable,Non Refundable,-1431.40,LKR,0,100,0,1,active,2026-08-18T10:00:00+05:30
rtp_287e2904,rmt_c5ff567c,refundable,Refundable,1717.68,LKR,48,0,0,1,active,2026-08-18T10:00:00+05:30
rtp_d0d91f8c,rmt_47b9982c,non_refundable,Non Refundable,-1832.19,LKR,0,100,0,1,active,2026-08-18T10:00:00+05:30
rtp_bd628c35,rmt_47b9982c,long_stay,Long Stay,-2748.29,LKR,24,0,0,3,active,2026-08-18T10:00:00+05:30
rtp_6bcdb6e9,rmt_ffd0d6b1,non_refundable,Non Refundable,-2519.26,LKR,0,100,0,1,active,2026-08-18T10:00:00+05:30
rtp_fdbd9a67,rmt_ffd0d6b1,full_board,Full Board,7053.94,LKR,24,10,1,1,active,2026-08-18T10:00:00+05:30
rtp_2f5d11b4,rmt_b4ed94c8,non_refundable,Non Refundable,-732.99,LKR,0,100,0,1,active,2026-08-18T10:00:00+05:30
rtp_eaa4eb23,rmt_b4ed94c8,full_board,Full Board,2052.36,LKR,48,25,1,1,active,2026-08-18T10:00:00+05:30
rtp_142747d5,rmt_b04df287,breakfast_included,Breakfast Included,732.99,LKR,72,0,1,1,active,2026-08-18T10:00:00+05:30
rtp_fae8e90b,rmt_b04df287,half_board,Half Board,1649.22,LKR,48,0,1,1,active,2026-08-18T10:00:00+05:30
rtp_603cd8a7,rmt_d2524d3b,long_stay,Long Stay,-1759.17,LKR,24,0,0,3,active,2026-08-18T10:00:00+05:30
rtp_33a22bda,rmt_d2524d3b,non_refundable,Non Refundable,-1172.78,LKR,0,100,0,1,active,2026-08-18T10:00:00+05:30
rtp_3e504832,rmt_585c4ce8,long_stay,Long Stay,-2418.85,LKR,72,25,0,3,active,2026-08-18T10:00:00+05:30
rtp_48aa1686,rmt_585c4ce8,half_board,Half Board,2902.62,LKR,24,0,1,1,active,2026-08-18T10:00:00+05:30
rtp_2db9868a,rmt_9f858e23,long_stay,Long Stay,-536.67,LKR,24,25,0,3,active,2026-08-18T10:00:00+05:30
rtp_d2b15b03,rmt_9f858e23,full_board,Full Board,1001.78,LKR,48,10,1,1,active,2026-08-18T10:00:00+05:30
rtp_b918e050,rmt_3d20e0d7,full_board,Full Board,1252.22,LKR,24,10,1,1,active,2026-08-18T10:00:00+05:30
rtp_12c52869,rmt_3d20e0d7,long_stay,Long Stay,-670.83,LKR,24,25,0,3,active,2026-08-18T10:00:00+05:30
rtp_7827b86d,rmt_a61b0ab3,full_board,Full Board,1602.84,LKR,24,25,1,1,active,2026-08-18T10:00:00+05:30
rtp_07544328,rmt_a61b0ab3,breakfast_included,Breakfast Included,457.96,LKR,72,25,1,1,active,2026-08-18T10:00:00+05:30
rtp_f1a8a7ca,rmt_276b64cd,long_stay,Long Stay,-1180.67,LKR,48,0,0,3,active,2026-08-18T10:00:00+05:30
rtp_b8c524e6,rmt_276b64cd,non_refundable,Non Refundable,-787.11,LKR,0,100,0,1,active,2026-08-18T10:00:00+05:30
rtp_38f90f6d,rmt_2e485666,half_board,Half Board,1047.63,LKR,48,10,1,1,active,2026-08-18T10:00:00+05:30
rtp_018e3ab0,rmt_2e485666,refundable,Refundable,698.42,LKR,48,10,0,1,active,2026-08-18T10:00:00+05:30
rtp_efe1f417,rmt_02a13c4d,non_refundable,Non Refundable,-727.52,LKR,0,100,0,1,active,2026-08-18T10:00:00+05:30
rtp_e67f3099,rmt_02a13c4d,refundable,Refundable,873.03,LKR,24,25,0,1,active,2026-08-18T10:00:00+05:30
rtp_03887999,rmt_066230cc,breakfast_included,Breakfast Included,744.98,LKR,24,10,1,1,active,2026-08-18T10:00:00+05:30
rtp_d51238f9,rmt_066230cc,half_board,Half Board,1676.21,LKR,72,0,1,1,active,2026-08-18T10:00:00+05:30
rtp_02725f6b,rmt_d03da3b4,refundable,Refundable,1536.53,LKR,48,25,0,1,active,2026-08-18T10:00:00+05:30
rtp_1825bd50,rmt_d03da3b4,non_refundable,Non Refundable,-1280.44,LKR,0,100,0,1,active,2026-08-18T10:00:00+05:30
rtp_39e29bf7,rmt_798b7d41,long_stay,Long Stay,-2272.56,LKR,48,10,0,3,active,2026-08-18T10:00:00+05:30
rtp_af14bfab,rmt_798b7d41,breakfast_included,Breakfast Included,1212.03,LKR,72,25,1,1,active,2026-08-18T10:00:00+05:30
rtp_e5b09910,rmt_fcdfb4e0,long_stay,Long Stay,-2840.70,LKR,48,25,0,3,active,2026-08-18T10:00:00+05:30
rtp_7b5ee375,rmt_fcdfb4e0,non_refundable,Non Refundable,-1893.80,LKR,0,100,0,1,active,2026-08-18T10:00:00+05:30
rtp_7aaf629e,rmt_1993184f,breakfast_included,Breakfast Included,1939.25,LKR,72,0,1,1,active,2026-08-18T10:00:00+05:30
rtp_0f2f5739,rmt_1993184f,full_board,Full Board,6787.38,LKR,72,25,1,1,active,2026-08-18T10:00:00+05:30
rtp_b1ca33ff,rmt_5a2a6fbb,refundable,Refundable,3999.70,LKR,48,10,0,1,active,2026-08-18T10:00:00+05:30
rtp_5ebd88c5,rmt_5a2a6fbb,long_stay,Long Stay,-4999.63,LKR,24,25,0,3,active,2026-08-18T10:00:00+05:30
rtp_3c3189e6,rmt_575a1552,non_refundable,Non Refundable,-1217.60,LKR,0,100,0,1,active,2026-08-18T10:00:00+05:30
rtp_ef90aa85,rmt_575a1552,breakfast_included,Breakfast Included,974.08,LKR,24,10,1,1,active,2026-08-18T10:00:00+05:30
rtp_fb721e92,rmt_2a318b8b,long_stay,Long Stay,-2282.99,LKR,24,25,0,3,active,2026-08-18T10:00:00+05:30
rtp_381c05c3,rmt_2a318b8b,breakfast_included,Breakfast Included,1217.60,LKR,24,25,1,1,active,2026-08-18T10:00:00+05:30
rtp_abee20b0,rmt_1936f8b0,half_board,Half Board,3506.68,LKR,48,10,1,1,active,2026-08-18T10:00:00+05:30
rtp_ab82cb78,rmt_1936f8b0,non_refundable,Non Refundable,-1948.16,LKR,0,100,0,1,active,2026-08-18T10:00:00+05:30
rtp_c946da14,rmt_45e23275,half_board,Half Board,4821.68,LKR,72,25,1,1,active,2026-08-18T10:00:00+05:30
rtp_3266338a,rmt_45e23275,long_stay,Long Stay,-4018.07,LKR,24,10,0,3,active,2026-08-18T10:00:00+05:30
rtp_695d814c,rmt_9ab2b6fb,half_board,Half Board,2754.33,LKR,48,0,1,1,active,2026-08-18T10:00:00+05:30
rtp_224c2991,rmt_9ab2b6fb,breakfast_included,Breakfast Included,1224.15,LKR,48,0,1,1,active,2026-08-18T10:00:00+05:30
rtp_ac8c76b3,rmt_6ec0c5e2,non_refundable,Non Refundable,-1912.73,LKR,0,100,0,1,active,2026-08-18T10:00:00+05:30
rtp_43ae24a2,rmt_6ec0c5e2,breakfast_included,Breakfast Included,1530.18,LKR,24,0,1,1,active,2026-08-18T10:00:00+05:30
rtp_18f40ad4,rmt_6c818289,full_board,Full Board,6855.22,LKR,48,10,1,1,active,2026-08-18T10:00:00+05:30
rtp_594310b7,rmt_6c818289,breakfast_included,Breakfast Included,1958.64,LKR,48,0,1,1,active,2026-08-18T10:00:00+05:30
rtp_57cb749a,rmt_92dd27a3,half_board,Half Board,6059.53,LKR,24,25,1,1,active,2026-08-18T10:00:00+05:30
rtp_3cdeb8f8,rmt_92dd27a3,breakfast_included,Breakfast Included,2693.12,LKR,72,0,1,1,active,2026-08-18T10:00:00+05:30
rtp_0be34a8d,rmt_8919fc46,refundable,Refundable,819.87,LKR,48,25,0,1,active,2026-08-18T10:00:00+05:30
rtp_97c7c696,rmt_8919fc46,half_board,Half Board,1229.81,LKR,24,0,1,1,active,2026-08-18T10:00:00+05:30
rtp_ae0e1877,rmt_bffdc2e6,half_board,Half Board,1537.26,LKR,24,0,1,1,active,2026-08-18T10:00:00+05:30
rtp_8e4c9489,rmt_bffdc2e6,breakfast_included,Breakfast Included,683.23,LKR,24,0,1,1,active,2026-08-18T10:00:00+05:30
rtp_b4484368,rmt_f3ccf019,breakfast_included,Breakfast Included,874.53,LKR,48,25,1,1,active,2026-08-18T10:00:00+05:30
rtp_cd245001,rmt_f3ccf019,non_refundable,Non Refundable,-1093.17,LKR,0,100,0,1,active,2026-08-18T10:00:00+05:30
rtp_85e77bed,rmt_93930eb7,breakfast_included,Breakfast Included,1202.48,LKR,48,10,1,1,active,2026-08-18T10:00:00+05:30
rtp_9eca3d7f,rmt_93930eb7,long_stay,Long Stay,-2254.66,LKR,48,10,0,3,active,2026-08-18T10:00:00+05:30
rtp_c182be3e,rmt_e44b3207,breakfast_included,Breakfast Included,242.73,NPR,72,0,1,1,active,2026-08-18T10:00:00+05:30
rtp_0118c9f3,rmt_e44b3207,refundable,Refundable,364.10,NPR,72,0,0,1,active,2026-08-18T10:00:00+05:30
rtp_85b5d0fe,rmt_c1a1484c,full_board,Full Board,1061.94,NPR,24,10,1,1,active,2026-08-18T10:00:00+05:30
rtp_5ab93df1,rmt_c1a1484c,long_stay,Long Stay,-568.90,NPR,24,0,0,3,active,2026-08-18T10:00:00+05:30
rtp_5db29a24,rmt_b9e9619a,full_board,Full Board,1359.29,NPR,72,10,1,1,active,2026-08-18T10:00:00+05:30
rtp_4877ad00,rmt_b9e9619a,refundable,Refundable,582.55,NPR,48,0,0,1,active,2026-08-18T10:00:00+05:30
rtp_5f9c9d0a,rmt_40250c2d,non_refundable,Non Refundable,-667.51,NPR,0,100,0,1,active,2026-08-18T10:00:00+05:30
rtp_e12e97ab,rmt_40250c2d,breakfast_included,Breakfast Included,534.01,NPR,48,25,1,1,active,2026-08-18T10:00:00+05:30
rtp_7e1a2865,rmt_4f9e0577,full_board,Full Board,852.40,NPR,24,10,1,1,active,2026-08-18T10:00:00+05:30
rtp_1d5ea8cf,rmt_4f9e0577,long_stay,Long Stay,-456.64,NPR,48,0,0,3,active,2026-08-18T10:00:00+05:30
rtp_52e0734a,rmt_17786d31,full_board,Full Board,1065.50,NPR,24,0,1,1,active,2026-08-18T10:00:00+05:30
rtp_020cfabf,rmt_17786d31,breakfast_included,Breakfast Included,304.43,NPR,24,10,1,1,active,2026-08-18T10:00:00+05:30
rtp_17ad1a9e,rmt_ce0d150b,non_refundable,Non Refundable,-487.08,NPR,0,100,0,1,active,2026-08-18T10:00:00+05:30
rtp_80baff90,rmt_ce0d150b,refundable,Refundable,584.50,NPR,72,25,0,1,active,2026-08-18T10:00:00+05:30
rtp_a0b12c04,rmt_abd28887,full_board,Full Board,1875.27,NPR,48,0,1,1,active,2026-08-18T10:00:00+05:30
rtp_d54f906d,rmt_abd28887,non_refundable,Non Refundable,-669.74,NPR,0,100,0,1,active,2026-08-18T10:00:00+05:30
rtp_38a0127d,rmt_dc653562,non_refundable,Non Refundable,-266.75,NPR,0,100,0,1,active,2026-08-18T10:00:00+05:30
rtp_a87dcc6b,rmt_dc653562,long_stay,Long Stay,-400.12,NPR,24,25,0,3,active,2026-08-18T10:00:00+05:30
rtp_201d2add,rmt_7c698f68,half_board,Half Board,600.18,NPR,72,25,1,1,active,2026-08-18T10:00:00+05:30
rtp_5cf59bc3,rmt_7c698f68,long_stay,Long Stay,-500.15,NPR,72,25,0,3,active,2026-08-18T10:00:00+05:30
rtp_e270136f,rmt_51187086,long_stay,Long Stay,-640.19,NPR,24,0,0,3,active,2026-08-18T10:00:00+05:30
rtp_9eacd76e,rmt_51187086,non_refundable,Non Refundable,-426.80,NPR,0,100,0,1,active,2026-08-18T10:00:00+05:30
rtp_d46ef3bc,rmt_2a8aa24f,non_refundable,Non Refundable,-586.84,NPR,0,100,0,1,active,2026-08-18T10:00:00+05:30
rtp_a66b5618,rmt_2a8aa24f,breakfast_included,Breakfast Included,469.48,NPR,24,25,1,1,active,2026-08-18T10:00:00+05:30
rtp_07a926ec,rmt_f1cc0d66,half_board,Half Board,1167.54,NPR,72,10,1,1,active,2026-08-18T10:00:00+05:30
rtp_96a144e4,rmt_f1cc0d66,long_stay,Long Stay,-972.95,NPR,24,10,0,3,active,2026-08-18T10:00:00+05:30
rtp_4247e63d,rmt_bc554dab,long_stay,Long Stay,-1216.18,NPR,24,0,0,3,active,2026-08-18T10:00:00+05:30
rtp_3b80bcf9,rmt_bc554dab,full_board,Full Board,2270.21,NPR,72,25,1,1,active,2026-08-18T10:00:00+05:30
rtp_39d4d3a2,rmt_b281f5c6,breakfast_included,Breakfast Included,830.25,NPR,48,25,1,1,active,2026-08-18T10:00:00+05:30
rtp_7a2adb39,rmt_b281f5c6,half_board,Half Board,1868.06,NPR,48,25,1,1,active,2026-08-18T10:00:00+05:30
rtp_28f01d4c,rmt_8f5a5270,full_board,Full Board,3995.57,NPR,24,25,1,1,active,2026-08-18T10:00:00+05:30
rtp_f9a2e921,rmt_8f5a5270,refundable,Refundable,1712.39,NPR,24,0,0,1,active,2026-08-18T10:00:00+05:30
rtp_bb95421c,rmt_34c4a125,long_stay,Long Stay,-1070.20,NPR,72,0,0,3,active,2026-08-18T10:00:00+05:30
rtp_5f9461be,rmt_34c4a125,breakfast_included,Breakfast Included,570.77,NPR,48,10,1,1,active,2026-08-18T10:00:00+05:30
rtp_4dd7777d,rmt_42d4a7b7,long_stay,Long Stay,-1337.75,NPR,72,25,0,3,active,2026-08-18T10:00:00+05:30
rtp_8d3177e9,rmt_42d4a7b7,refundable,Refundable,1070.20,NPR,48,10,0,1,active,2026-08-18T10:00:00+05:30
rtp_cbd273cd,rmt_2e83c7aa,refundable,Refundable,1369.86,NPR,72,10,0,1,active,2026-08-18T10:00:00+05:30
rtp_a1a7727b,rmt_2e83c7aa,full_board,Full Board,3196.33,NPR,48,25,1,1,active,2026-08-18T10:00:00+05:30
rtp_e812d88e,rmt_722e56d5,refundable,Refundable,1883.55,NPR,24,0,0,1,active,2026-08-18T10:00:00+05:30
rtp_3e2bf3b3,rmt_722e56d5,breakfast_included,Breakfast Included,1255.70,NPR,72,0,1,1,active,2026-08-18T10:00:00+05:30
rtp_844e6699,rmt_51d3ffc0,breakfast_included,Breakfast Included,124.90,NPR,48,10,1,1,active,2026-08-18T10:00:00+05:30
rtp_a67f9390,rmt_51d3ffc0,half_board,Half Board,281.04,NPR,48,10,1,1,active,2026-08-18T10:00:00+05:30
rtp_1bc24430,rmt_f67eaf75,full_board,Full Board,546.46,NPR,24,0,1,1,active,2026-08-18T10:00:00+05:30
rtp_8f31d250,rmt_f67eaf75,half_board,Half Board,351.30,NPR,24,0,1,1,active,2026-08-18T10:00:00+05:30
rtp_ba3829c4,rmt_be50afe4,full_board,Full Board,699.47,NPR,24,10,1,1,active,2026-08-18T10:00:00+05:30
rtp_d8a2ac5d,rmt_be50afe4,breakfast_included,Breakfast Included,199.85,NPR,24,10,1,1,active,2026-08-18T10:00:00+05:30
rtp_6cac7b1d,rmt_dfac7623,refundable,Refundable,412.19,NPR,72,0,0,1,active,2026-08-18T10:00:00+05:30
rtp_854b7278,rmt_dfac7623,breakfast_included,Breakfast Included,274.79,NPR,24,10,1,1,active,2026-08-18T10:00:00+05:30
rtp_3946cfe9,rmt_46356f5b,half_board,Half Board,550.79,NPR,48,0,1,1,active,2026-08-18T10:00:00+05:30
rtp_47a90ceb,rmt_46356f5b,long_stay,Long Stay,-458.99,NPR,48,25,0,3,active,2026-08-18T10:00:00+05:30
rtp_b6903af7,rmt_de90b723,half_board,Half Board,688.48,NPR,48,0,1,1,active,2026-08-18T10:00:00+05:30
rtp_ccb99352,rmt_de90b723,full_board,Full Board,1070.97,NPR,24,0,1,1,active,2026-08-18T10:00:00+05:30
rtp_c2ec6e13,rmt_4bc5f5a8,non_refundable,Non Refundable,-489.59,NPR,0,100,0,1,active,2026-08-18T10:00:00+05:30
rtp_2437ecfa,rmt_4bc5f5a8,refundable,Refundable,587.51,NPR,48,10,0,1,active,2026-08-18T10:00:00+05:30
rtp_4645f6c6,rmt_d525547c,breakfast_included,Breakfast Included,538.55,NPR,24,0,1,1,active,2026-08-18T10:00:00+05:30
rtp_846849b9,rmt_d525547c,half_board,Half Board,1211.73,NPR,72,10,1,1,active,2026-08-18T10:00:00+05:30
rtp_4a735f30,rmt_b80932d3,refundable,Refundable,670.41,NPR,24,0,0,1,active,2026-08-18T10:00:00+05:30
rtp_58ce5475,rmt_b80932d3,non_refundable,Non Refundable,-558.67,NPR,0,100,0,1,active,2026-08-18T10:00:00+05:30
rtp_c36476ad,rmt_7d7c83f2,breakfast_included,Breakfast Included,558.67,NPR,72,25,1,1,active,2026-08-18T10:00:00+05:30
rtp_d87b8165,rmt_7d7c83f2,refundable,Refundable,838.01,NPR,24,0,0,1,active,2026-08-18T10:00:00+05:30
rtp_e8bc325f,rmt_39822fad,long_stay,Long Stay,-7374.50,NPR,24,25,0,3,active,2026-08-18T10:00:00+05:30
rtp_323f5691,rmt_39822fad,non_refundable,Non Refundable,-4916.33,NPR,0,100,0,1,active,2026-08-18T10:00:00+05:30
rtp_5d20d6ac,rmt_f5d7014b,non_refundable,Non Refundable,-1229.08,NPR,0,100,0,1,active,2026-08-18T10:00:00+05:30
rtp_874b6b12,rmt_f5d7014b,full_board,Full Board,3441.43,NPR,72,10,1,1,active,2026-08-18T10:00:00+05:30
rtp_3262705d,rmt_da1d4fb3,refundable,Refundable,623.15,NPR,48,25,0,1,active,2026-08-18T10:00:00+05:30
rtp_9342ba88,rmt_da1d4fb3,non_refundable,Non Refundable,-519.30,NPR,0,100,0,1,active,2026-08-18T10:00:00+05:30
rtp_35b1e24d,rmt_0d2aedd6,non_refundable,Non Refundable,-649.12,NPR,0,100,0,1,active,2026-08-18T10:00:00+05:30
rtp_86de0b82,rmt_0d2aedd6,full_board,Full Board,1817.53,NPR,48,25,1,1,active,2026-08-18T10:00:00+05:30
rtp_9990153f,rmt_95656aa9,half_board,Half Board,1495.57,NPR,72,25,1,1,active,2026-08-18T10:00:00+05:30
rtp_9e625f53,rmt_95656aa9,non_refundable,Non Refundable,-830.87,NPR,0,100,0,1,active,2026-08-18T10:00:00+05:30
rtp_886695bf,rmt_e2915c22,non_refundable,Non Refundable,-1142.45,NPR,0,100,0,1,active,2026-08-18T10:00:00+05:30
rtp_f0551676,rmt_e2915c22,half_board,Half Board,2056.41,NPR,24,25,1,1,active,2026-08-18T10:00:00+05:30
rtp_34ca777a,rmt_f59b8b4f,breakfast_included,Breakfast Included,306.36,NPR,72,0,1,1,active,2026-08-18T10:00:00+05:30
rtp_c4a9acea,rmt_f59b8b4f,full_board,Full Board,1072.27,NPR,72,25,1,1,active,2026-08-18T10:00:00+05:30
rtp_07f6e178,rmt_b726c4f6,breakfast_included,Breakfast Included,382.95,NPR,24,0,1,1,active,2026-08-18T10:00:00+05:30
rtp_30a184a0,rmt_b726c4f6,refundable,Refundable,574.43,NPR,24,10,0,1,active,2026-08-18T10:00:00+05:30
rtp_0f547a80,rmt_67d7c1a1,full_board,Full Board,1715.63,NPR,48,25,1,1,active,2026-08-18T10:00:00+05:30
rtp_8c291d07,rmt_67d7c1a1,half_board,Half Board,1102.90,NPR,48,10,1,1,active,2026-08-18T10:00:00+05:30
rtp_4f1c7050,rmt_33ff52e8,breakfast_included,Breakfast Included,674.00,NPR,24,0,1,1,active,2026-08-18T10:00:00+05:30
rtp_965710b5,rmt_33ff52e8,refundable,Refundable,1011.00,NPR,72,10,0,1,active,2026-08-18T10:00:00+05:30
rtp_f44c73a7,rmt_ca391f47,long_stay,Long Stay,-497.08,BTN,72,25,0,3,active,2026-08-18T10:00:00+05:30
rtp_4dad25ae,rmt_ca391f47,non_refundable,Non Refundable,-331.39,BTN,0,100,0,1,active,2026-08-18T10:00:00+05:30
rtp_adcdd634,rmt_191c3361,long_stay,Long Stay,-621.35,BTN,48,25,0,3,active,2026-08-18T10:00:00+05:30
rtp_f291be3f,rmt_191c3361,full_board,Full Board,1159.86,BTN,48,0,1,1,active,2026-08-18T10:00:00+05:30
rtp_54e0f63a,rmt_5da9bf35,breakfast_included,Breakfast Included,424.18,BTN,24,0,1,1,active,2026-08-18T10:00:00+05:30
rtp_e650bc44,rmt_5da9bf35,long_stay,Long Stay,-795.33,BTN,48,0,0,3,active,2026-08-18T10:00:00+05:30
rtp_f2c2c11e,rmt_cbd96966,half_board,Half Board,1312.30,BTN,72,10,1,1,active,2026-08-18T10:00:00+05:30
rtp_40bc6efb,rmt_cbd96966,full_board,Full Board,2041.35,BTN,48,10,1,1,active,2026-08-18T10:00:00+05:30
rtp_0b86a9d0,rmt_9ec4005b,non_refundable,Non Refundable,-205.17,BTN,0,100,0,1,active,2026-08-18T10:00:00+05:30
rtp_bbf76cfd,rmt_9ec4005b,full_board,Full Board,574.47,BTN,24,25,1,1,active,2026-08-18T10:00:00+05:30
rtp_bebdb976,rmt_e0b40760,full_board,Full Board,718.09,BTN,72,0,1,1,active,2026-08-18T10:00:00+05:30
rtp_5e63eeb0,rmt_e0b40760,half_board,Half Board,461.63,BTN,72,25,1,1,active,2026-08-18T10:00:00+05:30
rtp_e86f591a,rmt_df4528d8,refundable,Refundable,393.92,BTN,24,10,0,1,active,2026-08-18T10:00:00+05:30
rtp_f536c6c5,rmt_df4528d8,non_refundable,Non Refundable,-328.27,BTN,0,100,0,1,active,2026-08-18T10:00:00+05:30
rtp_3dfd0968,rmt_bfd4e8b2,long_stay,Long Stay,-677.05,BTN,24,0,0,3,active,2026-08-18T10:00:00+05:30
rtp_b81bd7d3,rmt_bfd4e8b2,non_refundable,Non Refundable,-451.37,BTN,0,100,0,1,active,2026-08-18T10:00:00+05:30
rtp_e30c71bf,rmt_d3369b73,breakfast_included,Breakfast Included,304.63,BTN,24,25,1,1,active,2026-08-18T10:00:00+05:30
rtp_b5716dfd,rmt_d3369b73,half_board,Half Board,685.41,BTN,48,10,1,1,active,2026-08-18T10:00:00+05:30
rtp_9bdcdd3d,rmt_dbab151d,half_board,Half Board,856.77,BTN,48,0,1,1,active,2026-08-18T10:00:00+05:30
rtp_a65afab5,rmt_dbab151d,non_refundable,Non Refundable,-475.98,BTN,0,100,0,1,active,2026-08-18T10:00:00+05:30
rtp_7184f36b,rmt_ece81fbf,full_board,Full Board,1705.92,BTN,48,0,1,1,active,2026-08-18T10:00:00+05:30
rtp_0f5b45cc,rmt_ece81fbf,refundable,Refundable,731.11,BTN,24,0,0,1,active,2026-08-18T10:00:00+05:30
rtp_1af963dc,rmt_f1db66bc,full_board,Full Board,2345.64,BTN,72,10,1,1,active,2026-08-18T10:00:00+05:30
rtp_2122187f,rmt_f1db66bc,refundable,Refundable,1005.27,BTN,72,25,0,1,active,2026-08-18T10:00:00+05:30
rtp_2dafb1bd,rmt_03a21d7f,full_board,Full Board,282.24,BTN,48,25,1,1,active,2026-08-18T10:00:00+05:30
rtp_8dc6506d,rmt_03a21d7f,long_stay,Long Stay,-151.20,BTN,48,25,0,3,active,2026-08-18T10:00:00+05:30
rtp_683fadbb,rmt_1ddb9e35,breakfast_included,Breakfast Included,560.01,BTN,24,10,1,1,active,2026-08-18T10:00:00+05:30
rtp_863590d7,rmt_1ddb9e35,refundable,Refundable,840.01,BTN,72,10,0,1,active,2026-08-18T10:00:00+05:30
rtp_12392fc8,rmt_45454f4c,full_board,Full Board,2508.83,BTN,48,0,1,1,active,2026-08-18T10:00:00+05:30
rtp_68ea8ce7,rmt_45454f4c,half_board,Half Board,1612.82,BTN,48,0,1,1,active,2026-08-18T10:00:00+05:30
rtp_71d3408d,rmt_c580f9ff,non_refundable,Non Refundable,-1232.01,BTN,0,100,0,1,active,2026-08-18T10:00:00+05:30
rtp_157da3db,rmt_c580f9ff,long_stay,Long Stay,-1848.02,BTN,72,25,0,3,active,2026-08-18T10:00:00+05:30
rtp_c715a3f5,rmt_a03efd9a,half_board,Half Board,485.24,BTN,24,10,1,1,active,2026-08-18T10:00:00+05:30
rtp_3d42de4f,rmt_a03efd9a,breakfast_included,Breakfast Included,215.66,BTN,48,0,1,1,active,2026-08-18T10:00:00+05:30
rtp_74b1781b,rmt_7b136e9b,refundable,Refundable,404.36,BTN,24,0,0,1,active,2026-08-18T10:00:00+05:30
rtp_ef248626,rmt_7b136e9b,full_board,Full Board,943.51,BTN,72,0,1,1,active,2026-08-18T10:00:00+05:30
rtp_5e4748b3,rmt_f6899a89,refundable,Refundable,517.59,BTN,24,0,0,1,active,2026-08-18T10:00:00+05:30
rtp_0c26ecda,rmt_f6899a89,breakfast_included,Breakfast Included,345.06,BTN,48,25,1,1,active,2026-08-18T10:00:00+05:30
rtp_3cf1b0ef,rmt_6ffbe923,half_board,Half Board,1067.52,BTN,48,10,1,1,active,2026-08-18T10:00:00+05:30
rtp_af601b84,rmt_6ffbe923,refundable,Refundable,711.68,BTN,72,0,0,1,active,2026-08-18T10:00:00+05:30
rtp_dc2bbef7,rmt_dcefa882,half_board,Half Board,1041.67,MVR,72,25,1,1,active,2026-08-18T10:00:00+05:30
rtp_e17457f0,rmt_dcefa882,full_board,Full Board,1620.37,MVR,24,10,1,1,active,2026-08-18T10:00:00+05:30
rtp_dc604dc2,rmt_b607fda3,non_refundable,Non Refundable,-723.38,MVR,0,100,0,1,active,2026-08-18T10:00:00+05:30
rtp_37dad528,rmt_b607fda3,refundable,Refundable,868.05,MVR,48,25,0,1,active,2026-08-18T10:00:00+05:30
rtp_005dc4d8,rmt_4a49715e,breakfast_included,Breakfast Included,740.74,MVR,48,0,1,1,active,2026-08-18T10:00:00+05:30
rtp_a03a70f7,rmt_4a49715e,refundable,Refundable,1111.11,MVR,48,25,0,1,active,2026-08-18T10:00:00+05:30
rtp_52dc1754,rmt_9c7873ee,long_stay,Long Stay,-1909.72,MVR,72,10,0,3,active,2026-08-18T10:00:00+05:30
rtp_7b089ac2,rmt_9c7873ee,breakfast_included,Breakfast Included,1018.52,MVR,72,25,1,1,active,2026-08-18T10:00:00+05:30
rtp_35ae9d2e,rmt_40c33495,refundable,Refundable,211.01,MVR,48,25,0,1,active,2026-08-18T10:00:00+05:30
rtp_d1593438,rmt_40c33495,full_board,Full Board,492.35,MVR,72,25,1,1,active,2026-08-18T10:00:00+05:30
rtp_d2dc16f2,rmt_b53f426a,full_board,Full Board,615.44,MVR,72,0,1,1,active,2026-08-18T10:00:00+05:30
rtp_357674a7,rmt_b53f426a,breakfast_included,Breakfast Included,175.84,MVR,72,0,1,1,active,2026-08-18T10:00:00+05:30
rtp_d37d79c0,rmt_b88c287c,refundable,Refundable,337.61,MVR,24,10,0,1,active,2026-08-18T10:00:00+05:30
rtp_9e401211,rmt_b88c287c,non_refundable,Non Refundable,-281.34,MVR,0,100,0,1,active,2026-08-18T10:00:00+05:30
rtp_6650d2a2,rmt_61a4e7bb,long_stay,Long Stay,-580.27,MVR,72,25,0,3,active,2026-08-18T10:00:00+05:30
rtp_a2b43912,rmt_61a4e7bb,full_board,Full Board,1083.17,MVR,72,0,1,1,active,2026-08-18T10:00:00+05:30
rtp_c4fdada0,rmt_a9b58258,refundable,Refundable,232.43,MVR,24,25,0,1,active,2026-08-18T10:00:00+05:30
rtp_8e4e70d6,rmt_a9b58258,non_refundable,Non Refundable,-193.69,MVR,0,100,0,1,active,2026-08-18T10:00:00+05:30
rtp_841e6f23,rmt_4d763b85,refundable,Refundable,290.54,MVR,24,25,0,1,active,2026-08-18T10:00:00+05:30
rtp_329bb22a,rmt_4d763b85,half_board,Half Board,435.81,MVR,48,25,1,1,active,2026-08-18T10:00:00+05:30
rtp_c212410d,rmt_85f2c357,long_stay,Long Stay,-464.86,MVR,72,0,0,3,active,2026-08-18T10:00:00+05:30
rtp_f139ed3e,rmt_85f2c357,breakfast_included,Breakfast Included,247.93,MVR,24,25,1,1,active,2026-08-18T10:00:00+05:30
rtp_75927f50,rmt_31bf14ff,breakfast_included,Breakfast Included,340.90,MVR,48,0,1,1,active,2026-08-18T10:00:00+05:30
rtp_93ad4415,rmt_31bf14ff,non_refundable,Non Refundable,-426.13,MVR,0,100,0,1,active,2026-08-18T10:00:00+05:30
rtp_c7c92473,rmt_67ee73c1,breakfast_included,Breakfast Included,564.81,MVR,72,10,1,1,active,2026-08-18T10:00:00+05:30
rtp_4d81739f,rmt_67ee73c1,full_board,Full Board,1976.85,MVR,24,10,1,1,active,2026-08-18T10:00:00+05:30
rtp_561c6d5c,rmt_cd365e82,long_stay,Long Stay,-1323.78,MVR,72,25,0,3,active,2026-08-18T10:00:00+05:30
rtp_95c9c351,rmt_cd365e82,non_refundable,Non Refundable,-882.52,MVR,0,100,0,1,active,2026-08-18T10:00:00+05:30
rtp_c8452fe0,rmt_33c6c9be,breakfast_included,Breakfast Included,903.70,MVR,24,0,1,1,active,2026-08-18T10:00:00+05:30
rtp_71aa9287,rmt_33c6c9be,full_board,Full Board,3162.96,MVR,48,25,1,1,active,2026-08-18T10:00:00+05:30
rtp_916222dd,rmt_3576973e,half_board,Half Board,2795.83,MVR,48,10,1,1,active,2026-08-18T10:00:00+05:30
rtp_08f33384,rmt_3576973e,full_board,Full Board,4349.06,MVR,48,10,1,1,active,2026-08-18T10:00:00+05:30
rtp_5fc93219,rmt_ee411f9f,breakfast_included,Breakfast Included,519.11,MVR,48,0,1,1,active,2026-08-18T10:00:00+05:30
rtp_8ce082e0,rmt_ee411f9f,long_stay,Long Stay,-973.33,MVR,72,25,0,3,active,2026-08-18T10:00:00+05:30
rtp_661553ad,rmt_fe3115ce,half_board,Half Board,1459.99,MVR,24,10,1,1,active,2026-08-18T10:00:00+05:30
rtp_0ce4576f,rmt_fe3115ce,refundable,Refundable,973.33,MVR,72,25,0,1,active,2026-08-18T10:00:00+05:30
rtp_e1dfc750,rmt_f4ddc0d1,non_refundable,Non Refundable,-1038.22,MVR,0,100,0,1,active,2026-08-18T10:00:00+05:30
rtp_cf922fba,rmt_f4ddc0d1,long_stay,Long Stay,-1557.33,MVR,24,0,0,3,active,2026-08-18T10:00:00+05:30
rtp_b186c148,rmt_4fa5d384,non_refundable,Non Refundable,-1427.55,MVR,0,100,0,1,active,2026-08-18T10:00:00+05:30
rtp_ac787486,rmt_4fa5d384,long_stay,Long Stay,-2141.32,MVR,48,0,0,3,active,2026-08-18T10:00:00+05:30
rtp_02654a6a,rmt_4faddc19,refundable,Refundable,596.98,AED,48,25,0,1,active,2026-08-18T10:00:00+05:30
rtp_385b52f3,rmt_4faddc19,breakfast_included,Breakfast Included,397.99,AED,48,25,1,1,active,2026-08-18T10:00:00+05:30
rtp_3e4459df,rmt_08a1e3c2,breakfast_included,Breakfast Included,497.49,AED,48,10,1,1,active,2026-08-18T10:00:00+05:30
rtp_9500180c,rmt_08a1e3c2,full_board,Full Board,1741.21,AED,24,0,1,1,active,2026-08-18T10:00:00+05:30
rtp_608ef9e7,rmt_5df6ca92,refundable,Refundable,955.18,AED,48,0,0,1,active,2026-08-18T10:00:00+05:30
rtp_ad61cdb6,rmt_5df6ca92,full_board,Full Board,2228.74,AED,48,10,1,1,active,2026-08-18T10:00:00+05:30
rtp_661bf888,rmt_3640c8c5,non_refundable,Non Refundable,-1094.47,AED,0,100,0,1,active,2026-08-18T10:00:00+05:30
rtp_d405746e,rmt_3640c8c5,refundable,Refundable,1313.37,AED,72,0,0,1,active,2026-08-18T10:00:00+05:30
rtp_2d71e7b0,rmt_09e5b767,non_refundable,Non Refundable,-356.52,AED,0,100,0,1,active,2026-08-18T10:00:00+05:30
rtp_6d7d71ae,rmt_09e5b767,full_board,Full Board,998.26,AED,48,25,1,1,active,2026-08-18T10:00:00+05:30
rtp_4ba8d40a,rmt_b4375cba,non_refundable,Non Refundable,-445.65,AED,0,100,0,1,active,2026-08-18T10:00:00+05:30
rtp_9f3d08f1,rmt_b4375cba,breakfast_included,Breakfast Included,356.52,AED,72,25,1,1,active,2026-08-18T10:00:00+05:30
rtp_58cb958f,rmt_d329c900,long_stay,Long Stay,-855.65,AED,72,0,0,3,active,2026-08-18T10:00:00+05:30
rtp_951ba992,rmt_d329c900,breakfast_included,Breakfast Included,456.35,AED,24,25,1,1,active,2026-08-18T10:00:00+05:30
rtp_c1fda371,rmt_51048be0,refundable,Refundable,941.21,AED,72,25,0,1,active,2026-08-18T10:00:00+05:30
rtp_9c0ec477,rmt_51048be0,breakfast_included,Breakfast Included,627.48,AED,48,25,1,1,active,2026-08-18T10:00:00+05:30
rtp_c3b27eb7,rmt_d8517891,half_board,Half Board,556.13,AED,48,25,1,1,active,2026-08-18T10:00:00+05:30
rtp_11e7a9be,rmt_d8517891,full_board,Full Board,865.10,AED,24,0,1,1,active,2026-08-18T10:00:00+05:30
rtp_55d794e9,rmt_07a565b8,full_board,Full Board,1081.37,AED,72,10,1,1,active,2026-08-18T10:00:00+05:30
rtp_97d529a7,rmt_07a565b8,breakfast_included,Breakfast Included,308.96,AED,48,10,1,1,active,2026-08-18T10:00:00+05:30
rtp_bc07361e,rmt_23ff1e0c,breakfast_included,Breakfast Included,395.47,AED,72,25,1,1,active,2026-08-18T10:00:00+05:30
rtp_9547dc92,rmt_23ff1e0c,refundable,Refundable,593.21,AED,24,0,0,1,active,2026-08-18T10:00:00+05:30
rtp_0cdda0b5,rmt_af47d451,non_refundable,Non Refundable,-679.72,AED,0,100,0,1,active,2026-08-18T10:00:00+05:30
rtp_7167cd96,rmt_af47d451,long_stay,Long Stay,-1019.58,AED,48,0,0,3,active,2026-08-18T10:00:00+05:30
rtp_ae3bb151,rmt_b2b5ae4a,long_stay,Long Stay,-2139.77,AED,72,0,0,3,active,2026-08-18T10:00:00+05:30
rtp_1a5c0db7,rmt_b2b5ae4a,breakfast_included,Breakfast Included,1141.21,AED,72,0,1,1,active,2026-08-18T10:00:00+05:30
rtp_f3931118,rmt_3e31fe20,half_board,Half Board,3209.66,AED,48,0,1,1,active,2026-08-18T10:00:00+05:30
rtp_9020a8f4,rmt_3e31fe20,full_board,Full Board,4992.80,AED,72,0,1,1,active,2026-08-18T10:00:00+05:30
rtp_629c43f2,rmt_5e7938aa,full_board,Full Board,6390.78,AED,48,0,1,1,active,2026-08-18T10:00:00+05:30
rtp_50773a34,rmt_5e7938aa,non_refundable,Non Refundable,-2282.42,AED,0,100,0,1,active,2026-08-18T10:00:00+05:30
rtp_6d16d9a5,rmt_2db75636,full_board,Full Board,8787.32,AED,24,25,1,1,active,2026-08-18T10:00:00+05:30
rtp_4e6103b7,rmt_2db75636,breakfast_included,Breakfast Included,2510.66,AED,24,25,1,1,active,2026-08-18T10:00:00+05:30
rtp_d7896f5f,rmt_a178be91,full_board,Full Board,545.75,AED,48,10,1,1,active,2026-08-18T10:00:00+05:30
rtp_83fa51d3,rmt_a178be91,refundable,Refundable,233.89,AED,24,25,0,1,active,2026-08-18T10:00:00+05:30
rtp_ceafc8fe,rmt_6657438d,long_stay,Long Stay,-365.46,AED,24,10,0,3,active,2026-08-18T10:00:00+05:30
rtp_9bc5f1a0,rmt_6657438d,full_board,Full Board,682.19,AED,24,10,1,1,active,2026-08-18T10:00:00+05:30
rtp_49c72538,rmt_8342dc40,full_board,Full Board,873.20,AED,48,0,1,1,active,2026-08-18T10:00:00+05:30
rtp_d6f9e2ce,rmt_8342dc40,breakfast_included,Breakfast Included,249.49,AED,72,10,1,1,active,2026-08-18T10:00:00+05:30
rtp_dbe21a6d,rmt_f339c4ef,long_stay,Long Stay,-643.20,AED,24,25,0,3,active,2026-08-18T10:00:00+05:30
rtp_021c1f5e,rmt_f339c4ef,full_board,Full Board,1200.65,AED,24,25,1,1,active,2026-08-18T10:00:00+05:30
rtp_1cb2f307,rmt_227a4718,non_refundable,Non Refundable,-170.29,AED,0,100,0,1,active,2026-08-18T10:00:00+05:30
rtp_a3fab7b7,rmt_227a4718,half_board,Half Board,306.52,AED,72,10,1,1,active,2026-08-18T10:00:00+05:30
rtp_7ace2161,rmt_67051bd1,breakfast_included,Breakfast Included,170.29,AED,24,0,1,1,active,2026-08-18T10:00:00+05:30
rtp_5494a1df,rmt_67051bd1,refundable,Refundable,255.44,AED,24,25,0,1,active,2026-08-18T10:00:00+05:30
rtp_e77fdcdc,rmt_85a4674c,full_board,Full Board,762.90,AED,72,25,1,1,active,2026-08-18T10:00:00+05:30
rtp_540495fc,rmt_85a4674c,breakfast_included,Breakfast Included,217.97,AED,24,25,1,1,active,2026-08-18T10:00:00+05:30
rtp_de05490f,rmt_8b43e412,non_refundable,Non Refundable,-374.64,AED,0,100,0,1,active,2026-08-18T10:00:00+05:30
rtp_53939436,rmt_8b43e412,breakfast_included,Breakfast Included,299.71,AED,24,10,1,1,active,2026-08-18T10:00:00+05:30
rtp_41b3130a,rmt_1a108dbf,breakfast_included,Breakfast Included,261.11,AED,72,0,1,1,active,2026-08-18T10:00:00+05:30
rtp_a66f2937,rmt_1a108dbf,refundable,Refundable,391.67,AED,48,10,0,1,active,2026-08-18T10:00:00+05:30
rtp_86141013,rmt_3eef78a6,half_board,Half Board,734.37,AED,72,0,1,1,active,2026-08-18T10:00:00+05:30
rtp_e3df77eb,rmt_3eef78a6,full_board,Full Board,1142.36,AED,24,10,1,1,active,2026-08-18T10:00:00+05:30
rtp_30ae9942,rmt_79b4537e,long_stay,Long Stay,-783.33,AED,72,0,0,3,active,2026-08-18T10:00:00+05:30
rtp_64f09fa5,rmt_79b4537e,refundable,Refundable,626.66,AED,48,0,0,1,active,2026-08-18T10:00:00+05:30
rtp_141b8119,rmt_b9292037,breakfast_included,Breakfast Included,574.44,AED,72,25,1,1,active,2026-08-18T10:00:00+05:30
rtp_a152ea7d,rmt_b9292037,full_board,Full Board,2010.55,AED,24,10,1,1,active,2026-08-18T10:00:00+05:30
rtp_c38e6645,rmt_027df3a5,full_board,Full Board,853.72,AED,24,10,1,1,active,2026-08-18T10:00:00+05:30
rtp_4164df41,rmt_027df3a5,refundable,Refundable,365.88,AED,48,10,0,1,active,2026-08-18T10:00:00+05:30
rtp_351d0968,rmt_c394622c,full_board,Full Board,1067.14,AED,72,0,1,1,active,2026-08-18T10:00:00+05:30
rtp_dd574603,rmt_c394622c,long_stay,Long Stay,-571.68,AED,48,25,0,3,active,2026-08-18T10:00:00+05:30
rtp_439bf72f,rmt_8a41a51b,long_stay,Long Stay,-731.76,AED,24,10,0,3,active,2026-08-18T10:00:00+05:30
rtp_2d5b311f,rmt_8a41a51b,non_refundable,Non Refundable,-487.84,AED,0,100,0,1,active,2026-08-18T10:00:00+05:30
rtp_bade4e90,rmt_7b7b4e1f,breakfast_included,Breakfast Included,536.62,AED,48,10,1,1,active,2026-08-18T10:00:00+05:30
rtp_16f0bb2e,rmt_7b7b4e1f,refundable,Refundable,804.93,AED,72,10,0,1,active,2026-08-18T10:00:00+05:30
rtp_acf82df6,rmt_7d26f88e,non_refundable,Non Refundable,-394.36,AED,0,100,0,1,active,2026-08-18T10:00:00+05:30
rtp_fb3e1489,rmt_7d26f88e,breakfast_included,Breakfast Included,315.49,AED,48,10,1,1,active,2026-08-18T10:00:00+05:30
rtp_f2e51da2,rmt_9849d401,refundable,Refundable,591.54,AED,48,10,0,1,active,2026-08-18T10:00:00+05:30
rtp_9d5c9688,rmt_9849d401,half_board,Half Board,887.30,AED,72,10,1,1,active,2026-08-18T10:00:00+05:30
rtp_4de78bf9,rmt_5427e81f,half_board,Half Board,1135.75,AED,72,10,1,1,active,2026-08-18T10:00:00+05:30
rtp_515f27bb,rmt_5427e81f,full_board,Full Board,1766.72,AED,24,10,1,1,active,2026-08-18T10:00:00+05:30
rtp_b8de3980,rmt_e9ccd6de,breakfast_included,Breakfast Included,694.07,AED,24,0,1,1,active,2026-08-18T10:00:00+05:30
rtp_23ff3288,rmt_e9ccd6de,half_board,Half Board,1561.65,AED,24,25,1,1,active,2026-08-18T10:00:00+05:30
rtp_8f339362,rmt_3c899749,half_board,Half Board,1283.83,AED,24,10,1,1,active,2026-08-18T10:00:00+05:30
rtp_3995cc93,rmt_3c899749,non_refundable,Non Refundable,-713.24,AED,0,100,0,1,active,2026-08-18T10:00:00+05:30
rtp_68bf1cc4,rmt_8b608681,half_board,Half Board,1604.78,AED,24,0,1,1,active,2026-08-18T10:00:00+05:30
rtp_5c2602e6,rmt_8b608681,long_stay,Long Stay,-1337.32,AED,72,0,0,3,active,2026-08-18T10:00:00+05:30
rtp_1ea5d1b0,rmt_457f966c,breakfast_included,Breakfast Included,912.94,AED,72,10,1,1,active,2026-08-18T10:00:00+05:30
rtp_67d4103e,rmt_457f966c,refundable,Refundable,1369.41,AED,24,0,0,1,active,2026-08-18T10:00:00+05:30
rtp_6b3bfcb7,rmt_904f1084,refundable,Refundable,1882.95,AED,72,25,0,1,active,2026-08-18T10:00:00+05:30
rtp_fcc168bc,rmt_904f1084,non_refundable,Non Refundable,-1569.12,AED,0,100,0,1,active,2026-08-18T10:00:00+05:30
rtp_cacdd8aa,rmt_eb19de1f,full_board,Full Board,944.15,QAR,24,25,1,1,active,2026-08-18T10:00:00+05:30
rtp_1d3e386f,rmt_eb19de1f,breakfast_included,Breakfast Included,269.76,QAR,72,10,1,1,active,2026-08-18T10:00:00+05:30
rtp_46fa9194,rmt_6013d7cb,half_board,Half Board,758.69,QAR,48,10,1,1,active,2026-08-18T10:00:00+05:30
rtp_7ab6ad5c,rmt_6013d7cb,refundable,Refundable,505.80,QAR,72,0,0,1,active,2026-08-18T10:00:00+05:30
rtp_ef131d7e,rmt_a11ada2c,breakfast_included,Breakfast Included,431.61,QAR,48,10,1,1,active,2026-08-18T10:00:00+05:30
rtp_9efbaca7,rmt_a11ada2c,non_refundable,Non Refundable,-539.52,QAR,0,100,0,1,active,2026-08-18T10:00:00+05:30
rtp_8a64cf39,rmt_cfd1cf7f,half_board,Half Board,1335.30,QAR,48,0,1,1,active,2026-08-18T10:00:00+05:30
rtp_1962e862,rmt_cfd1cf7f,non_refundable,Non Refundable,-741.84,QAR,0,100,0,1,active,2026-08-18T10:00:00+05:30
rtp_1f0734ee,rmt_6599afa5,refundable,Refundable,844.59,QAR,72,0,0,1,active,2026-08-18T10:00:00+05:30
rtp_4f2b23ca,rmt_6599afa5,full_board,Full Board,1970.72,QAR,72,10,1,1,active,2026-08-18T10:00:00+05:30
rtp_92b04a00,rmt_f75b9cce,long_stay,Long Stay,-1319.68,QAR,24,25,0,3,active,2026-08-18T10:00:00+05:30
rtp_4e63a935,rmt_f75b9cce,full_board,Full Board,2463.40,QAR,24,25,1,1,active,2026-08-18T10:00:00+05:30
rtp_d7e94094,rmt_b1bac4cf,non_refundable,Non Refundable,-1126.13,QAR,0,100,0,1,active,2026-08-18T10:00:00+05:30
rtp_6a3aee99,rmt_b1bac4cf,breakfast_included,Breakfast Included,900.90,QAR,48,10,1,1,active,2026-08-18T10:00:00+05:30
rtp_f271e229,rmt_630b3581,non_refundable,Non Refundable,-1548.42,QAR,0,100,0,1,active,2026-08-18T10:00:00+05:30
rtp_bf9d6ffe,rmt_630b3581,full_board,Full Board,4335.58,QAR,24,10,1,1,active,2026-08-18T10:00:00+05:30
rtp_4226ced4,rmt_e73af44f,refundable,Refundable,436.28,QAR,72,0,0,1,active,2026-08-18T10:00:00+05:30
rtp_e2ca3cf6,rmt_e73af44f,full_board,Full Board,1017.98,QAR,72,25,1,1,active,2026-08-18T10:00:00+05:30
rtp_f8a3c658,rmt_ade39944,half_board,Half Board,818.02,QAR,72,25,1,1,active,2026-08-18T10:00:00+05:30
rtp_23b3153f,rmt_ade39944,non_refundable,Non Refundable,-454.46,QAR,0,100,0,1,active,2026-08-18T10:00:00+05:30
rtp_dfcb0e4b,rmt_9e667a25,non_refundable,Non Refundable,-581.71,QAR,0,100,0,1,active,2026-08-18T10:00:00+05:30
rtp_ec585a2a,rmt_9e667a25,half_board,Half Board,1047.07,QAR,72,25,1,1,active,2026-08-18T10:00:00+05:30
rtp_e805ab78,rmt_ddb1998b,breakfast_included,Breakfast Included,639.88,QAR,72,10,1,1,active,2026-08-18T10:00:00+05:30
rtp_49021a34,rmt_ddb1998b,long_stay,Long Stay,-1199.77,QAR,72,25,0,3,active,2026-08-18T10:00:00+05:30
rtp_67174e9b,rmt_bc2235c7,refundable,Refundable,1574.48,QAR,24,0,0,1,active,2026-08-18T10:00:00+05:30
rtp_895a33b5,rmt_bc2235c7,full_board,Full Board,3673.78,QAR,48,10,1,1,active,2026-08-18T10:00:00+05:30
rtp_1991cc95,rmt_f8c1a843,full_board,Full Board,4592.22,QAR,24,0,1,1,active,2026-08-18T10:00:00+05:30
rtp_8b85d2f1,rmt_f8c1a843,long_stay,Long Stay,-2460.12,QAR,48,0,0,3,active,2026-08-18T10:00:00+05:30
rtp_e92aa761,rmt_e6bf63d1,breakfast_included,Breakfast Included,1679.44,QAR,72,10,1,1,active,2026-08-18T10:00:00+05:30
rtp_d33f8a62,rmt_e6bf63d1,non_refundable,Non Refundable,-2099.30,QAR,0,100,0,1,active,2026-08-18T10:00:00+05:30
rtp_65bd0460,rmt_b25aa779,non_refundable,Non Refundable,-2886.54,QAR,0,100,0,1,active,2026-08-18T10:00:00+05:30
rtp_72be55fb,rmt_b25aa779,refundable,Refundable,3463.85,QAR,72,25,0,1,active,2026-08-18T10:00:00+05:30
rtp_89b1b167,rmt_e8b1a597,non_refundable,Non Refundable,-337.91,QAR,0,100,0,1,active,2026-08-18T10:00:00+05:30
rtp_fc72ab11,rmt_e8b1a597,half_board,Half Board,608.25,QAR,48,25,1,1,active,2026-08-18T10:00:00+05:30
rtp_6c60f931,rmt_37ade1d3,refundable,Refundable,506.87,QAR,24,0,0,1,active,2026-08-18T10:00:00+05:30
rtp_48882217,rmt_37ade1d3,long_stay,Long Stay,-633.59,QAR,72,25,0,3,active,2026-08-18T10:00:00+05:30
rtp_2da6ea4d,rmt_c6a0cb62,half_board,Half Board,973.19,QAR,24,25,1,1,active,2026-08-18T10:00:00+05:30
rtp_2c81d43f,rmt_c6a0cb62,refundable,Refundable,648.79,QAR,24,25,0,1,active,2026-08-18T10:00:00+05:30
rtp_affc7533,rmt_0303733d,long_stay,Long Stay,-1115.12,QAR,24,10,0,3,active,2026-08-18T10:00:00+05:30
rtp_ef188fa2,rmt_0303733d,non_refundable,Non Refundable,-743.41,QAR,0,100,0,1,active,2026-08-18T10:00:00+05:30
rtp_84a2a700,rmt_93ae9d01,non_refundable,Non Refundable,-712.31,SGD,0,100,0,1,active,2026-08-18T10:00:00+05:30
rtp_a99f7942,rmt_93ae9d01,long_stay,Long Stay,-1068.46,SGD,48,0,0,3,active,2026-08-18T10:00:00+05:30
rtp_39885e99,rmt_49106d07,non_refundable,Non Refundable,-890.38,SGD,0,100,0,1,active,2026-08-18T10:00:00+05:30
rtp_4694c3dc,rmt_49106d07,full_board,Full Board,2493.07,SGD,24,0,1,1,active,2026-08-18T10:00:00+05:30
rtp_00f1ee22,rmt_b20be792,full_board,Full Board,3191.12,SGD,24,10,1,1,active,2026-08-18T10:00:00+05:30
rtp_beb342e0,rmt_b20be792,refundable,Refundable,1367.62,SGD,24,10,0,1,active,2026-08-18T10:00:00+05:30
rtp_de2b9a3b,rmt_6b51e2cf,non_refundable,Non Refundable,-1567.07,SGD,0,100,0,1,active,2026-08-18T10:00:00+05:30
rtp_c1acbae9,rmt_6b51e2cf,breakfast_included,Breakfast Included,1253.66,SGD,24,0,1,1,active,2026-08-18T10:00:00+05:30
rtp_04512193,rmt_3cecf326,refundable,Refundable,397.31,SGD,24,25,0,1,active,2026-08-18T10:00:00+05:30
rtp_818bde9e,rmt_3cecf326,half_board,Half Board,595.96,SGD,72,10,1,1,active,2026-08-18T10:00:00+05:30
rtp_eee1ae09,rmt_a094f957,breakfast_included,Breakfast Included,331.09,SGD,72,25,1,1,active,2026-08-18T10:00:00+05:30
rtp_90619bf0,rmt_a094f957,full_board,Full Board,1158.81,SGD,72,25,1,1,active,2026-08-18T10:00:00+05:30
rtp_47c96770,rmt_7c3a3b1b,non_refundable,Non Refundable,-529.74,SGD,0,100,0,1,active,2026-08-18T10:00:00+05:30
rtp_4230a276,rmt_7c3a3b1b,half_board,Half Board,953.53,SGD,72,0,1,1,active,2026-08-18T10:00:00+05:30
rtp_7bbfd8e4,rmt_16b20612,refundable,Refundable,874.07,SGD,48,0,0,1,active,2026-08-18T10:00:00+05:30
rtp_1f211eb6,rmt_16b20612,full_board,Full Board,2039.50,SGD,48,0,1,1,active,2026-08-18T10:00:00+05:30
rtp_ebfc370a,rmt_87628375,half_board,Half Board,242.60,SGD,24,0,1,1,active,2026-08-18T10:00:00+05:30
rtp_3e494234,rmt_87628375,full_board,Full Board,377.38,SGD,72,10,1,1,active,2026-08-18T10:00:00+05:30
rtp_7caab969,rmt_dc673d27,full_board,Full Board,2620.70,SGD,72,25,1,1,active,2026-08-18T10:00:00+05:30
rtp_5bd7dc14,rmt_dc673d27,non_refundable,Non Refundable,-935.96,SGD,0,100,0,1,active,2026-08-18T10:00:00+05:30
rtp_9cb07c68,rmt_4acc0255,full_board,Full Board,3354.49,SGD,48,10,1,1,active,2026-08-18T10:00:00+05:30
rtp_ee84d740,rmt_4acc0255,breakfast_included,Breakfast Included,958.43,SGD,24,10,1,1,active,2026-08-18T10:00:00+05:30
rtp_049f82e1,rmt_37d146de,breakfast_included,Breakfast Included,1317.84,SGD,48,25,1,1,active,2026-08-18T10:00:00+05:30
rtp_0249e46c,rmt_37d146de,refundable,Refundable,1976.75,SGD,72,25,0,1,active,2026-08-18T10:00:00+05:30
rtp_0aa1e70c,rmt_89dac96b,long_stay,Long Stay,-556.48,SGD,72,25,0,3,active,2026-08-18T10:00:00+05:30
rtp_cf9acf53,rmt_89dac96b,breakfast_included,Breakfast Included,296.79,SGD,72,10,1,1,active,2026-08-18T10:00:00+05:30
rtp_bf5d4379,rmt_3a748a28,full_board,Full Board,1298.46,SGD,72,25,1,1,active,2026-08-18T10:00:00+05:30
rtp_08ce71a6,rmt_3a748a28,breakfast_included,Breakfast Included,370.99,SGD,48,25,1,1,active,2026-08-18T10:00:00+05:30
rtp_0d5652f3,rmt_65e655e6,full_board,Full Board,1662.03,SGD,72,10,1,1,active,2026-08-18T10:00:00+05:30
rtp_5561e4c3,rmt_65e655e6,refundable,Refundable,712.30,SGD,72,0,0,1,active,2026-08-18T10:00:00+05:30
rtp_30a01f38,rmt_a87c01e9,long_stay,Long Stay,-1224.27,SGD,72,10,0,3,active,2026-08-18T10:00:00+05:30
rtp_1855b9b4,rmt_a87c01e9,refundable,Refundable,979.41,SGD,24,10,0,1,active,2026-08-18T10:00:00+05:30
rtp_038e5790,rmt_ddbcc0c8,breakfast_included,Breakfast Included,151.15,SGD,48,10,1,1,active,2026-08-18T10:00:00+05:30
rtp_78832cf8,rmt_ddbcc0c8,full_board,Full Board,529.03,SGD,72,0,1,1,active,2026-08-18T10:00:00+05:30
rtp_0e93d380,rmt_9c8b8a23,half_board,Half Board,425.12,SGD,72,10,1,1,active,2026-08-18T10:00:00+05:30
rtp_c8063227,rmt_9c8b8a23,refundable,Refundable,283.41,SGD,24,25,0,1,active,2026-08-18T10:00:00+05:30
rtp_94141f1f,rmt_6c644151,refundable,Refundable,362.77,SGD,24,10,0,1,active,2026-08-18T10:00:00+05:30
rtp_b5bae0b8,rmt_6c644151,non_refundable,Non Refundable,-302.31,SGD,0,100,0,1,active,2026-08-18T10:00:00+05:30
rtp_a97572ff,rmt_9e88e378,non_refundable,Non Refundable,-415.67,SGD,0,100,0,1,active,2026-08-18T10:00:00+05:30
rtp_25c7363a,rmt_9e88e378,breakfast_included,Breakfast Included,332.54,SGD,72,10,1,1,active,2026-08-18T10:00:00+05:30
rtp_733a9c6a,rmt_ffe36440,half_board,Half Board,2583.22,THB,24,0,1,1,active,2026-08-18T10:00:00+05:30
rtp_e49e36f4,rmt_ffe36440,full_board,Full Board,4018.34,THB,48,25,1,1,active,2026-08-18T10:00:00+05:30
rtp_64366b0b,rmt_4f39f1ff,long_stay,Long Stay,-2690.85,THB,48,0,0,3,active,2026-08-18T10:00:00+05:30
rtp_dcea12f8,rmt_4f39f1ff,refundable,Refundable,2152.68,THB,72,10,0,1,active,2026-08-18T10:00:00+05:30
rtp_af10ae68,rmt_9ba12419,refundable,Refundable,2755.43,THB,48,10,0,1,active,2026-08-18T10:00:00+05:30
rtp_182dd6bc,rmt_9ba12419,breakfast_included,Breakfast Included,1836.95,THB,72,25,1,1,active,2026-08-18T10:00:00+05:30
rtp_df2508a2,rmt_6026e158,refundable,Refundable,3788.72,THB,24,25,0,1,active,2026-08-18T10:00:00+05:30
rtp_0e338d6c,rmt_6026e158,non_refundable,Non Refundable,-3157.26,THB,0,100,0,1,active,2026-08-18T10:00:00+05:30
rtp_8fc73657,rmt_27cc581f,half_board,Half Board,549.15,THB,48,10,1,1,active,2026-08-18T10:00:00+05:30
rtp_32c6c25a,rmt_27cc581f,long_stay,Long Stay,-457.63,THB,72,10,0,3,active,2026-08-18T10:00:00+05:30
rtp_001b6ed1,rmt_65a29424,long_stay,Long Stay,-572.04,THB,72,0,0,3,active,2026-08-18T10:00:00+05:30
rtp_67b9de74,rmt_65a29424,breakfast_included,Breakfast Included,305.09,THB,48,25,1,1,active,2026-08-18T10:00:00+05:30
rtp_64c20d7a,rmt_5ad12780,breakfast_included,Breakfast Included,390.51,THB,72,25,1,1,active,2026-08-18T10:00:00+05:30
rtp_24d88175,rmt_5ad12780,refundable,Refundable,585.76,THB,72,10,0,1,active,2026-08-18T10:00:00+05:30
rtp_574d27c4,rmt_3777a0de,long_stay,Long Stay,-1006.78,THB,24,10,0,3,active,2026-08-18T10:00:00+05:30
rtp_4c7f4a85,rmt_3777a0de,non_refundable,Non Refundable,-671.19,THB,0,100,0,1,active,2026-08-18T10:00:00+05:30
rtp_2284812a,rmt_811fad7f,full_board,Full Board,1420.69,THB,72,0,1,1,active,2026-08-18T10:00:00+05:30
rtp_1be3c991,rmt_811fad7f,half_board,Half Board,913.30,THB,24,25,1,1,active,2026-08-18T10:00:00+05:30
rtp_93545958,rmt_28b409a4,full_board,Full Board,1775.87,THB,72,0,1,1,active,2026-08-18T10:00:00+05:30
rtp_f1ac1880,rmt_28b409a4,half_board,Half Board,1141.63,THB,24,10,1,1,active,2026-08-18T10:00:00+05:30
rtp_6844f089,rmt_146c863c,full_board,Full Board,2273.11,THB,72,0,1,1,active,2026-08-18T10:00:00+05:30
rtp_8678ccd7,rmt_146c863c,half_board,Half Board,1461.29,THB,48,25,1,1,active,2026-08-18T10:00:00+05:30
rtp_2c16f83a,rmt_b68eeee0,half_board,Half Board,2009.27,THB,24,25,1,1,active,2026-08-18T10:00:00+05:30
rtp_e6b89129,rmt_b68eeee0,refundable,Refundable,1339.51,THB,48,25,0,1,active,2026-08-18T10:00:00+05:30
rtp_d3057470,rmt_0a292d71,long_stay,Long Stay,-397.19,THB,72,10,0,3,active,2026-08-18T10:00:00+05:30
rtp_11c9e37b,rmt_0a292d71,half_board,Half Board,476.63,THB,24,0,1,1,active,2026-08-18T10:00:00+05:30
rtp_b366497c,rmt_3028f078,non_refundable,Non Refundable,-330.99,THB,0,100,0,1,active,2026-08-18T10:00:00+05:30
rtp_6682da42,rmt_3028f078,long_stay,Long Stay,-496.49,THB,48,10,0,3,active,2026-08-18T10:00:00+05:30
rtp_84d451a6,rmt_83c9a6e0,full_board,Full Board,1186.28,THB,72,10,1,1,active,2026-08-18T10:00:00+05:30
rtp_d960852f,rmt_83c9a6e0,non_refundable,Non Refundable,-423.67,THB,0,100,0,1,active,2026-08-18T10:00:00+05:30
rtp_e8366438,rmt_6b07b23f,long_stay,Long Stay,-873.82,THB,48,25,0,3,active,2026-08-18T10:00:00+05:30
rtp_7ceab5db,rmt_6b07b23f,full_board,Full Board,1631.14,THB,48,25,1,1,active,2026-08-18T10:00:00+05:30
rtp_6f868887,rmt_358bb73f,long_stay,Long Stay,-429.93,THB,24,10,0,3,active,2026-08-18T10:00:00+05:30
rtp_ad7dcab6,rmt_358bb73f,non_refundable,Non Refundable,-286.62,THB,0,100,0,1,active,2026-08-18T10:00:00+05:30
rtp_0136a05b,rmt_9e504ff3,long_stay,Long Stay,-537.42,THB,48,0,0,3,active,2026-08-18T10:00:00+05:30
rtp_50b6c82e,rmt_9e504ff3,refundable,Refundable,429.93,THB,24,25,0,1,active,2026-08-18T10:00:00+05:30
rtp_46818372,rmt_6577d1ca,half_board,Half Board,825.47,THB,72,25,1,1,active,2026-08-18T10:00:00+05:30
rtp_d307d4e7,rmt_6577d1ca,non_refundable,Non Refundable,-458.60,THB,0,100,0,1,active,2026-08-18T10:00:00+05:30
rtp_8e5f71c2,rmt_c4047f29,full_board,Full Board,1765.60,THB,48,10,1,1,active,2026-08-18T10:00:00+05:30
rtp_2d6f1290,rmt_c4047f29,non_refundable,Non Refundable,-630.57,THB,0,100,0,1,active,2026-08-18T10:00:00+05:30
rtp_64c7c725,rmt_acb7b88d,refundable,Refundable,1478.63,MYR,24,10,0,1,active,2026-08-18T10:00:00+05:30
rtp_3b0e390a,rmt_acb7b88d,breakfast_included,Breakfast Included,985.75,MYR,24,10,1,1,active,2026-08-18T10:00:00+05:30
rtp_42c30e0c,rmt_b1a6886d,non_refundable,Non Refundable,-1540.24,MYR,0,100,0,1,active,2026-08-18T10:00:00+05:30
rtp_10ecde7a,rmt_b1a6886d,half_board,Half Board,2772.42,MYR,72,25,1,1,active,2026-08-18T10:00:00+05:30
rtp_3b424817,rmt_4d12b404,half_board,Half Board,3548.70,MYR,48,25,1,1,active,2026-08-18T10:00:00+05:30
rtp_e3ad2859,rmt_4d12b404,full_board,Full Board,5520.21,MYR,24,25,1,1,active,2026-08-18T10:00:00+05:30
rtp_0ff94060,rmt_a89c4f37,full_board,Full Board,7590.28,MYR,72,25,1,1,active,2026-08-18T10:00:00+05:30
rtp_3a268012,rmt_a89c4f37,breakfast_included,Breakfast Included,2168.65,MYR,48,25,1,1,active,2026-08-18T10:00:00+05:30
rtp_6d1fcf11,rmt_a2bee2d5,half_board,Half Board,313.51,MYR,72,10,1,1,active,2026-08-18T10:00:00+05:30
rtp_c19e224e,rmt_a2bee2d5,full_board,Full Board,487.69,MYR,72,0,1,1,active,2026-08-18T10:00:00+05:30
rtp_ab756e89,rmt_2f760d36,long_stay,Long Stay,-326.58,MYR,24,25,0,3,active,2026-08-18T10:00:00+05:30
rtp_8000d8de,rmt_2f760d36,half_board,Half Board,391.89,MYR,24,0,1,1,active,2026-08-18T10:00:00+05:30
rtp_99b4347d,rmt_b21e09a9,full_board,Full Board,780.30,MYR,24,0,1,1,active,2026-08-18T10:00:00+05:30
rtp_95ab0b51,rmt_b21e09a9,long_stay,Long Stay,-418.02,MYR,72,10,0,3,active,2026-08-18T10:00:00+05:30
rtp_1dad8e18,rmt_f99fe2fc,breakfast_included,Breakfast Included,306.55,MYR,72,10,1,1,active,2026-08-18T10:00:00+05:30
rtp_be169ff5,rmt_f99fe2fc,full_board,Full Board,1072.91,MYR,48,25,1,1,active,2026-08-18T10:00:00+05:30
rtp_4436b8a5,rmt_a697de82,refundable,Refundable,437.13,MYR,48,10,0,1,active,2026-08-18T10:00:00+05:30
rtp_90ae93cd,rmt_a697de82,long_stay,Long Stay,-546.41,MYR,48,10,0,3,active,2026-08-18T10:00:00+05:30
rtp_829a3089,rmt_734917b8,full_board,Full Board,1274.95,MYR,24,10,1,1,active,2026-08-18T10:00:00+05:30
rtp_0fb44b9e,rmt_734917b8,long_stay,Long Stay,-683.01,MYR,48,10,0,3,active,2026-08-18T10:00:00+05:30
rtp_471f6188,rmt_d77fb947,refundable,Refundable,699.40,MYR,48,0,0,1,active,2026-08-18T10:00:00+05:30
rtp_198138c4,rmt_d77fb947,long_stay,Long Stay,-874.26,MYR,48,10,0,3,active,2026-08-18T10:00:00+05:30
rtp_c007c72b,rmt_f879ccdf,non_refundable,Non Refundable,-801.40,MYR,0,100,0,1,active,2026-08-18T10:00:00+05:30
rtp_7c7e9744,rmt_f879ccdf,breakfast_included,Breakfast Included,641.12,MYR,24,0,1,1,active,2026-08-18T10:00:00+05:30
rtp_0c43e155,rmt_363659ec,full_board,Full Board,1707.49,MYR,72,10,1,1,active,2026-08-18T10:00:00+05:30
rtp_53a7b2b4,rmt_363659ec,non_refundable,Non Refundable,-609.82,MYR,0,100,0,1,active,2026-08-18T10:00:00+05:30
rtp_5661072c,rmt_b8954e33,long_stay,Long Stay,-1143.41,MYR,48,10,0,3,active,2026-08-18T10:00:00+05:30
rtp_7d28c211,rmt_b8954e33,breakfast_included,Breakfast Included,609.82,MYR,72,0,1,1,active,2026-08-18T10:00:00+05:30
rtp_10517880,rmt_1d409895,refundable,Refundable,1170.85,MYR,24,25,0,1,active,2026-08-18T10:00:00+05:30
rtp_f37be780,rmt_1d409895,long_stay,Long Stay,-1463.57,MYR,72,0,0,3,active,2026-08-18T10:00:00+05:30
rtp_9745262b,rmt_e98be601,half_board,Half Board,2414.88,MYR,24,25,1,1,active,2026-08-18T10:00:00+05:30
rtp_932f62d8,rmt_e98be601,breakfast_included,Breakfast Included,1073.28,MYR,48,0,1,1,active,2026-08-18T10:00:00+05:30
rtp_0579de73,rmt_2228846d,breakfast_included,Breakfast Included,944.53,MYR,24,25,1,1,active,2026-08-18T10:00:00+05:30
rtp_abdbf19b,rmt_2228846d,half_board,Half Board,2125.20,MYR,24,10,1,1,active,2026-08-18T10:00:00+05:30
rtp_316fa0a1,rmt_0acb7b5c,non_refundable,Non Refundable,-1475.83,MYR,0,100,0,1,active,2026-08-18T10:00:00+05:30
rtp_a656b092,rmt_0acb7b5c,long_stay,Long Stay,-2213.75,MYR,24,10,0,3,active,2026-08-18T10:00:00+05:30
rtp_0a949ec5,rmt_3c54b927,breakfast_included,Breakfast Included,1511.25,MYR,72,10,1,1,active,2026-08-18T10:00:00+05:30
rtp_b2f011cc,rmt_3c54b927,full_board,Full Board,5289.38,MYR,24,0,1,1,active,2026-08-18T10:00:00+05:30
rtp_557a9c20,rmt_0b836f77,breakfast_included,Breakfast Included,2077.97,MYR,48,10,1,1,active,2026-08-18T10:00:00+05:30
rtp_4747aaee,rmt_0b836f77,refundable,Refundable,3116.96,MYR,24,0,0,1,active,2026-08-18T10:00:00+05:30
rtp_7361200e,rmt_041941d2,long_stay,Long Stay,-387.43,IDR,72,0,0,3,active,2026-08-18T10:00:00+05:30
rtp_6ff61930,rmt_041941d2,non_refundable,Non Refundable,-258.28,IDR,0,100,0,1,active,2026-08-18T10:00:00+05:30
rtp_3e1d006b,rmt_274eb639,non_refundable,Non Refundable,-322.86,IDR,0,100,0,1,active,2026-08-18T10:00:00+05:30
rtp_6d43370c,rmt_274eb639,half_board,Half Board,581.14,IDR,48,0,1,1,active,2026-08-18T10:00:00+05:30
rtp_5ff7fbe5,rmt_629d88b3,long_stay,Long Stay,-619.88,IDR,48,10,0,3,active,2026-08-18T10:00:00+05:30
rtp_52a64b2f,rmt_629d88b3,half_board,Half Board,743.86,IDR,48,0,1,1,active,2026-08-18T10:00:00+05:30
rtp_a9ba0e5f,rmt_163a5573,breakfast_included,Breakfast Included,454.58,IDR,72,10,1,1,active,2026-08-18T10:00:00+05:30
rtp_3bf75539,rmt_163a5573,non_refundable,Non Refundable,-568.22,IDR,0,100,0,1,active,2026-08-18T10:00:00+05:30
rtp_cc916548,rmt_18ae9b53,breakfast_included,Breakfast Included,533.92,IDR,24,0,1,1,active,2026-08-18T10:00:00+05:30
rtp_29957e95,rmt_18ae9b53,refundable,Refundable,800.88,IDR,72,0,0,1,active,2026-08-18T10:00:00+05:30
rtp_f9f91638,rmt_7866dc07,half_board,Half Board,1501.65,IDR,72,25,1,1,active,2026-08-18T10:00:00+05:30
rtp_4890ae8a,rmt_7866dc07,refundable,Refundable,1001.10,IDR,72,10,0,1,active,2026-08-18T10:00:00+05:30
rtp_6149abde,rmt_1d483907,refundable,Refundable,1281.41,IDR,72,25,0,1,active,2026-08-18T10:00:00+05:30
rtp_88f1ba19,rmt_1d483907,full_board,Full Board,2989.95,IDR,24,10,1,1,active,2026-08-18T10:00:00+05:30
rtp_81c776be,rmt_d8114f77,long_stay,Long Stay,-2202.42,IDR,48,0,0,3,active,2026-08-18T10:00:00+05:30
rtp_bfc26ec0,rmt_d8114f77,non_refundable,Non Refundable,-1468.28,IDR,0,100,0,1,active,2026-08-18T10:00:00+05:30
rtp_57fad601,rmt_3d4b5c07,breakfast_included,Breakfast Included,230.33,IDR,72,25,1,1,active,2026-08-18T10:00:00+05:30
rtp_827cb464,rmt_3d4b5c07,full_board,Full Board,806.16,IDR,72,10,1,1,active,2026-08-18T10:00:00+05:30
rtp_859d8089,rmt_6f1ebd3e,half_board,Half Board,647.81,IDR,48,10,1,1,active,2026-08-18T10:00:00+05:30
rtp_88b895e7,rmt_6f1ebd3e,full_board,Full Board,1007.70,IDR,72,25,1,1,active,2026-08-18T10:00:00+05:30
rtp_6bcede9e,rmt_438cfcdc,breakfast_included,Breakfast Included,368.53,IDR,24,25,1,1,active,2026-08-18T10:00:00+05:30
rtp_817ca7fd,rmt_438cfcdc,non_refundable,Non Refundable,-460.66,IDR,0,100,0,1,active,2026-08-18T10:00:00+05:30
rtp_9229c36b,rmt_e47a2e88,refundable,Refundable,760.09,IDR,24,25,0,1,active,2026-08-18T10:00:00+05:30
rtp_1d69c095,rmt_e47a2e88,half_board,Half Board,1140.14,IDR,48,0,1,1,active,2026-08-18T10:00:00+05:30
rtp_397a988d,rmt_0b14ba9c,full_board,Full Board,1071.34,IDR,72,0,1,1,active,2026-08-18T10:00:00+05:30
rtp_7bb1e00a,rmt_0b14ba9c,half_board,Half Board,688.72,IDR,72,0,1,1,active,2026-08-18T10:00:00+05:30
rtp_917f1e3d,rmt_78f9c9f4,non_refundable,Non Refundable,-478.28,IDR,0,100,0,1,active,2026-08-18T10:00:00+05:30
rtp_bcd486b1,rmt_78f9c9f4,long_stay,Long Stay,-717.41,IDR,48,25,0,3,active,2026-08-18T10:00:00+05:30
rtp_ccbf1045,rmt_90438c3c,breakfast_included,Breakfast Included,489.75,IDR,72,10,1,1,active,2026-08-18T10:00:00+05:30
rtp_b3c63af6,rmt_90438c3c,long_stay,Long Stay,-918.29,IDR,48,25,0,3,active,2026-08-18T10:00:00+05:30
rtp_d782a279,rmt_3cac5263,full_board,Full Board,2356.94,IDR,72,25,1,1,active,2026-08-18T10:00:00+05:30
rtp_ab57a5b2,rmt_3cac5263,breakfast_included,Breakfast Included,673.41,IDR,24,25,1,1,active,2026-08-18T10:00:00+05:30
rtp_31e71412,rmt_11f5382b,full_board,Full Board,903.28,IDR,48,0,1,1,active,2026-08-18T10:00:00+05:30
rtp_722a70f3,rmt_11f5382b,half_board,Half Board,580.68,IDR,24,25,1,1,active,2026-08-18T10:00:00+05:30
rtp_fd52d6e6,rmt_ea923c1e,refundable,Refundable,483.90,IDR,24,10,0,1,active,2026-08-18T10:00:00+05:30
rtp_a5967f8e,rmt_ea923c1e,half_board,Half Board,725.85,IDR,24,0,1,1,active,2026-08-18T10:00:00+05:30
rtp_30485f48,rmt_9983b248,breakfast_included,Breakfast Included,412.93,IDR,24,25,1,1,active,2026-08-18T10:00:00+05:30
rtp_bdcf1169,rmt_9983b248,half_board,Half Board,929.09,IDR,72,0,1,1,active,2026-08-18T10:00:00+05:30
rtp_81f59e92,rmt_fac0fd45,non_refundable,Non Refundable,-709.72,IDR,0,100,0,1,active,2026-08-18T10:00:00+05:30
rtp_de606c58,rmt_fac0fd45,breakfast_included,Breakfast Included,567.78,IDR,72,0,1,1,active,2026-08-18T10:00:00+05:30
rtp_5981de45,rmt_52ff82de,refundable,Refundable,368.61,JPY,24,10,0,1,active,2026-08-18T10:00:00+05:30
rtp_05ca91a0,rmt_52ff82de,breakfast_included,Breakfast Included,245.74,JPY,72,0,1,1,active,2026-08-18T10:00:00+05:30
rtp_5a1bcaf5,rmt_db498e20,refundable,Refundable,460.76,JPY,24,0,0,1,active,2026-08-18T10:00:00+05:30
rtp_f54a1fa9,rmt_db498e20,long_stay,Long Stay,-575.95,JPY,48,10,0,3,active,2026-08-18T10:00:00+05:30
rtp_bf95e89b,rmt_376bcb30,refundable,Refundable,589.77,JPY,72,0,0,1,active,2026-08-18T10:00:00+05:30
rtp_2c97db61,rmt_376bcb30,full_board,Full Board,1376.12,JPY,48,25,1,1,active,2026-08-18T10:00:00+05:30
rtp_936425e7,rmt_01009717,half_board,Half Board,1216.40,JPY,48,10,1,1,active,2026-08-18T10:00:00+05:30
rtp_957d5e9f,rmt_01009717,long_stay,Long Stay,-1013.66,JPY,72,25,0,3,active,2026-08-18T10:00:00+05:30
rtp_3ee8066f,rmt_1bed80c5,breakfast_included,Breakfast Included,1090.80,JPY,24,10,1,1,active,2026-08-18T10:00:00+05:30
rtp_3c9f978f,rmt_1bed80c5,long_stay,Long Stay,-2045.24,JPY,72,0,0,3,active,2026-08-18T10:00:00+05:30
rtp_1674b9bd,rmt_182c1390,non_refundable,Non Refundable,-1704.37,JPY,0,100,0,1,active,2026-08-18T10:00:00+05:30
rtp_dcb9d825,rmt_182c1390,breakfast_included,Breakfast Included,1363.50,JPY,24,0,1,1,active,2026-08-18T10:00:00+05:30
rtp_af3e531b,rmt_10afc965,long_stay,Long Stay,-3272.39,JPY,72,0,0,3,active,2026-08-18T10:00:00+05:30
rtp_6a35d2fb,rmt_10afc965,non_refundable,Non Refundable,-2181.59,JPY,0,100,0,1,active,2026-08-18T10:00:00+05:30
rtp_3258e87f,rmt_21874df4,half_board,Half Board,5399.44,JPY,72,10,1,1,active,2026-08-18T10:00:00+05:30
rtp_d6f5cf59,rmt_21874df4,breakfast_included,Breakfast Included,2399.75,JPY,48,25,1,1,active,2026-08-18T10:00:00+05:30
rtp_f300af5a,rmt_8a789085,full_board,Full Board,1068.46,JPY,24,10,1,1,active,2026-08-18T10:00:00+05:30
rtp_4db671cb,rmt_8a789085,long_stay,Long Stay,-572.39,JPY,24,10,0,3,active,2026-08-18T10:00:00+05:30
rtp_4db6f958,rmt_3191a5b4,long_stay,Long Stay,-715.49,JPY,72,25,0,3,active,2026-08-18T10:00:00+05:30
rtp_026f2a3d,rmt_3191a5b4,non_refundable,Non Refundable,-476.99,JPY,0,100,0,1,active,2026-08-18T10:00:00+05:30
rtp_7a222657,rmt_841c8103,refundable,Refundable,732.66,JPY,72,10,0,1,active,2026-08-18T10:00:00+05:30
rtp_0e170354,rmt_841c8103,half_board,Half Board,1098.99,JPY,72,25,1,1,active,2026-08-18T10:00:00+05:30
rtp_e4c0e6f3,rmt_16ef5eb2,half_board,Half Board,1511.11,JPY,48,0,1,1,active,2026-08-18T10:00:00+05:30
rtp_86a79ca7,rmt_16ef5eb2,refundable,Refundable,1007.41,JPY,48,0,0,1,active,2026-08-18T10:00:00+05:30
rtp_ebbdc9b2,rmt_c15be1a0,full_board,Full Board,1913.41,JPY,24,25,1,1,active,2026-08-18T10:00:00+05:30
rtp_d1bbba5d,rmt_c15be1a0,refundable,Refundable,820.03,JPY,72,10,0,1,active,2026-08-18T10:00:00+05:30
rtp_bdb83d10,rmt_b4e8bb06,long_stay,Long Stay,-1281.30,JPY,48,10,0,3,active,2026-08-18T10:00:00+05:30
rtp_fa52c653,rmt_b4e8bb06,half_board,Half Board,1537.56,JPY,24,25,1,1,active,2026-08-18T10:00:00+05:30
rtp_287df639,rmt_505f071e,full_board,Full Board,3061.45,JPY,72,10,1,1,active,2026-08-18T10:00:00+05:30
rtp_a8bbc33d,rmt_505f071e,refundable,Refundable,1312.05,JPY,72,0,0,1,active,2026-08-18T10:00:00+05:30
rtp_6e29e3bf,rmt_c95b893d,full_board,Full Board,757.71,JPY,48,0,1,1,active,2026-08-18T10:00:00+05:30
rtp_8ee00072,rmt_c95b893d,refundable,Refundable,324.73,JPY,24,0,0,1,active,2026-08-18T10:00:00+05:30
rtp_97d7ee18,rmt_2466b8b6,full_board,Full Board,2857.36,JPY,48,25,1,1,active,2026-08-18T10:00:00+05:30
rtp_552cf6b8,rmt_2466b8b6,non_refundable,Non Refundable,-1020.49,JPY,0,100,0,1,active,2026-08-18T10:00:00+05:30
rtp_4ef31088,rmt_ed5919b8,refundable,Refundable,1530.73,JPY,72,0,0,1,active,2026-08-18T10:00:00+05:30
rtp_cea0b87d,rmt_ed5919b8,long_stay,Long Stay,-1913.41,JPY,24,10,0,3,active,2026-08-18T10:00:00+05:30
rtp_e41a0c22,rmt_e5fb22cb,non_refundable,Non Refundable,-1632.78,JPY,0,100,0,1,active,2026-08-18T10:00:00+05:30
rtp_0dcfcd7e,rmt_e5fb22cb,long_stay,Long Stay,-2449.17,JPY,24,0,0,3,active,2026-08-18T10:00:00+05:30
rtp_e61bc6ad,rmt_59bdcf0b,half_board,Half Board,4041.12,JPY,72,10,1,1,active,2026-08-18T10:00:00+05:30
rtp_02b8534c,rmt_59bdcf0b,breakfast_included,Breakfast Included,1796.06,JPY,24,0,1,1,active,2026-08-18T10:00:00+05:30
rtp_867f3cbf,rmt_00c81387,long_stay,Long Stay,-326.54,CHF,48,0,0,3,active,2026-08-18T10:00:00+05:30
rtp_ed3c8fee,rmt_00c81387,breakfast_included,Breakfast Included,174.15,CHF,72,10,1,1,active,2026-08-18T10:00:00+05:30
rtp_490884f2,rmt_1d1c6517,non_refundable,Non Refundable,-272.11,CHF,0,100,0,1,active,2026-08-18T10:00:00+05:30
rtp_6d2b0ed4,rmt_1d1c6517,full_board,Full Board,761.91,CHF,48,25,1,1,active,2026-08-18T10:00:00+05:30
rtp_715b7995,rmt_f1f910a7,long_stay,Long Stay,-522.45,CHF,72,0,0,3,active,2026-08-18T10:00:00+05:30
rtp_cdd100bc,rmt_f1f910a7,non_refundable,Non Refundable,-348.30,CHF,0,100,0,1,active,2026-08-18T10:00:00+05:30
rtp_95860078,rmt_7ff54089,half_board,Half Board,862.05,CHF,48,10,1,1,active,2026-08-18T10:00:00+05:30
rtp_81e68325,rmt_7ff54089,non_refundable,Non Refundable,-478.92,CHF,0,100,0,1,active,2026-08-18T10:00:00+05:30
rtp_4b8a3334,rmt_921dede2,breakfast_included,Breakfast Included,247.73,CHF,48,0,1,1,active,2026-08-18T10:00:00+05:30
rtp_738e530e,rmt_921dede2,refundable,Refundable,371.60,CHF,72,0,0,1,active,2026-08-18T10:00:00+05:30
rtp_a29a4607,rmt_72d2bca1,long_stay,Long Stay,-580.62,CHF,48,0,0,3,active,2026-08-18T10:00:00+05:30
rtp_fed20bb1,rmt_72d2bca1,breakfast_included,Breakfast Included,309.67,CHF,72,25,1,1,active,2026-08-18T10:00:00+05:30
rtp_f213ec29,rmt_4167b902,non_refundable,Non Refundable,-495.47,CHF,0,100,0,1,active,2026-08-18T10:00:00+05:30
rtp_f6d8b820,rmt_4167b902,full_board,Full Board,1387.30,CHF,72,10,1,1,active,2026-08-18T10:00:00+05:30
rtp_b4a16e0f,rmt_640b18e3,breakfast_included,Breakfast Included,545.01,CHF,24,0,1,1,active,2026-08-18T10:00:00+05:30
rtp_7147709d,rmt_640b18e3,non_refundable,Non Refundable,-681.26,CHF,0,100,0,1,active,2026-08-18T10:00:00+05:30
rtp_1407f6d3,rmt_0b92b461,refundable,Refundable,1859.59,CHF,48,10,0,1,active,2026-08-18T10:00:00+05:30
rtp_3714d3bd,rmt_0b92b461,full_board,Full Board,4339.05,CHF,48,0,1,1,active,2026-08-18T10:00:00+05:30
rtp_e61b42c6,rmt_00534217,full_board,Full Board,5423.81,CHF,24,0,1,1,active,2026-08-18T10:00:00+05:30
rtp_1a2fd852,rmt_00534217,non_refundable,Non Refundable,-1937.08,CHF,0,100,0,1,active,2026-08-18T10:00:00+05:30
rtp_42206210,rmt_af6204bb,full_board,Full Board,6942.48,CHF,24,25,1,1,active,2026-08-18T10:00:00+05:30
rtp_1f98de1e,rmt_af6204bb,breakfast_included,Breakfast Included,1983.57,CHF,24,10,1,1,active,2026-08-18T10:00:00+05:30
rtp_2ee94003,rmt_ba2a6a3c,breakfast_included,Breakfast Included,2727.40,CHF,24,25,1,1,active,2026-08-18T10:00:00+05:30
rtp_538e60e0,rmt_ba2a6a3c,full_board,Full Board,9545.91,CHF,48,10,1,1,active,2026-08-18T10:00:00+05:30
rtp_ccc37be0,rmt_8ba4ad3c,long_stay,Long Stay,-541.47,CHF,72,0,0,3,active,2026-08-18T10:00:00+05:30
rtp_f80a4d5c,rmt_8ba4ad3c,half_board,Half Board,649.77,CHF,24,0,1,1,active,2026-08-18T10:00:00+05:30
rtp_e245b2b2,rmt_0fa8117b,long_stay,Long Stay,-676.84,CHF,48,25,0,3,active,2026-08-18T10:00:00+05:30
rtp_22900727,rmt_0fa8117b,breakfast_included,Breakfast Included,360.98,CHF,48,10,1,1,active,2026-08-18T10:00:00+05:30
rtp_7a18a8a6,rmt_acc1af70,breakfast_included,Breakfast Included,462.06,CHF,72,0,1,1,active,2026-08-18T10:00:00+05:30
rtp_2344b8b5,rmt_acc1af70,long_stay,Long Stay,-866.35,CHF,72,0,0,3,active,2026-08-18T10:00:00+05:30
rtp_cf77c4c8,rmt_1b8a9b54,long_stay,Long Stay,-1191.24,CHF,72,10,0,3,active,2026-08-18T10:00:00+05:30
rtp_e3d86466,rmt_1b8a9b54,half_board,Half Board,1429.48,CHF,72,10,1,1,active,2026-08-18T10:00:00+05:30
rtp_669d7433,rmt_5b428d28,refundable,Refundable,476.38,CHF,72,0,0,1,active,2026-08-18T10:00:00+05:30
rtp_73288029,rmt_5b428d28,breakfast_included,Breakfast Included,317.59,CHF,72,25,1,1,active,2026-08-18T10:00:00+05:30
rtp_da019919,rmt_7e03200c,half_board,Half Board,893.21,CHF,72,25,1,1,active,2026-08-18T10:00:00+05:30
rtp_be922937,rmt_7e03200c,non_refundable,Non Refundable,-496.23,CHF,0,100,0,1,active,2026-08-18T10:00:00+05:30
rtp_4fa4dde7,rmt_a6d366f8,breakfast_included,Breakfast Included,508.14,CHF,24,10,1,1,active,2026-08-18T10:00:00+05:30
rtp_b59c8e3c,rmt_a6d366f8,long_stay,Long Stay,-952.76,CHF,24,0,0,3,active,2026-08-18T10:00:00+05:30
rtp_c56326df,rmt_58db3ea9,half_board,Half Board,1572.05,CHF,24,25,1,1,active,2026-08-18T10:00:00+05:30
rtp_05041b05,rmt_58db3ea9,refundable,Refundable,1048.03,CHF,24,0,0,1,active,2026-08-18T10:00:00+05:30
