itinerary_id,trip_id,name,version,is_active,generated_by,total_cost,currency,total_duration_minutes,total_carbon_kg,optimizer_weights,status,created_at,updated_at
itn_ce1b90a3,trp_dba33c33,Lucknow plan v1,1,1,optimizer,10000.00,INR,900,10.1,"{""cost"":0.5,""time"":0.3,""carbon"":0.2}",active,2026-04-28T10:00:00+05:30,2026-08-18T10:00:00+05:30
itn_16c7eede,trp_c183d169,Singapore plan v1,1,1,ai_planner,7513.69,INR,405,6.5,"{""cost"":0.5,""time"":0.3,""carbon"":0.2}",active,2026-05-30T10:00:00+05:30,2026-08-18T10:00:00+05:30
itn_002365e6,trp_5c81e163,Bhuj plan v1,1,1,optimizer,26600.00,INR,1095,12.5,"{""cost"":0.5,""time"":0.3,""carbon"":0.2}",active,2026-04-25T10:00:00+05:30,2026-08-18T10:00:00+05:30
itn_f23cf6a9,trp_13423f49,Rishikesh plan v1,1,1,agent,39150.00,LKR,915,11.3,,active,2026-07-16T10:00:00+05:30,2026-08-18T10:00:00+05:30
itn_47767831,trp_d0565c09,Bangkok plan v1,1,1,ai_planner,13552.50,INR,1185,13.7,"{""cost"":0.5,""time"":0.3,""carbon"":0.2}",active,2026-05-24T10:00:00+05:30,2026-08-18T10:00:00+05:30
itn_3344f97a,trp_929cc01b,Male plan v1,1,0,agent,5943.50,INR,960,6.5,,active,2026-07-23T10:00:00+05:30,2026-08-18T10:00:00+05:30
itn_0a33c60f,trp_929cc01b,Male plan v2,2,0,optimizer,5545.75,INR,960,6.5,,active,2026-05-06T10:00:00+05:30,2026-08-18T10:00:00+05:30
itn_bf68ccd3,trp_929cc01b,Male plan v3,3,1,ai_planner,5166.50,INR,555,5.3,"{""cost"":0.5,""time"":0.3,""carbon"":0.2}",active,2026-05-16T10:00:00+05:30,2026-08-18T10:00:00+05:30
itn_8c4a5046,trp_5843b90d,Udaipur plan v1,1,1,ai_planner,27050.00,INR,1230,12.5,"{""cost"":0.5,""time"":0.3,""carbon"":0.2}",active,2026-08-13T10:00:00+05:30,2026-08-18T10:00:00+05:30
itn_5a754929,trp_3901f712,Chennai plan v1,1,1,ai_planner,9050.00,INR,1050,10.8,"{""cost"":0.5,""time"":0.3,""carbon"":0.2}",active,2026-06-30T10:00:00+05:30,2026-08-18T10:00:00+05:30
itn_00690415,trp_e842e287,Alleppey plan v1,1,0,agent,15900.00,INR,1185,11.3,,active,2026-07-18T10:00:00+05:30,2026-08-18T10:00:00+05:30
itn_5b11b149,trp_e842e287,Alleppey plan v2,2,0,optimizer,15250.00,INR,960,11.3,,active,2026-06-29T10:00:00+05:30,2026-08-18T10:00:00+05:30
itn_331d93e8,trp_e842e287,Alleppey plan v3,3,1,user,13550.00,INR,1275,12.5,,active,2026-06-10T10:00:00+05:30,2026-08-18T10:00:00+05:30
itn_0d6e3b50,trp_ebd8ca83,Mysuru plan v1,1,1,ai_planner,10250.00,INR,435,7.7,,active,2026-06-08T10:00:00+05:30,2026-08-18T10:00:00+05:30
itn_31f184e1,trp_31e8bc24,Kolkata plan v1,1,1,user,23250.00,INR,1440,12.5,"{""cost"":0.5,""time"":0.3,""carbon"":0.2}",active,2026-07-04T10:00:00+05:30,2026-08-18T10:00:00+05:30
itn_ee374fd7,trp_9656ff69,Ooty plan v1,1,1,optimizer,16700.00,INR,840,12.5,,active,2026-07-16T10:00:00+05:30,2026-08-18T10:00:00+05:30
itn_9f802024,trp_358447d8,Tirupati plan v1,1,1,ai_planner,8900.00,INR,510,6.5,"{""cost"":0.5,""time"":0.3,""carbon"":0.2}",active,2026-06-25T10:00:00+05:30,2026-08-18T10:00:00+05:30
itn_9e7e0841,trp_79c91f6b,Guwahati plan v1,1,1,user,13550.00,INR,690,7.7,,active,2026-06-02T10:00:00+05:30,2026-08-18T10:00:00+05:30
itn_b9380694,trp_4a195a07,Alleppey plan v1,1,1,ai_planner,1150.00,INR,765,6,"{""cost"":0.5,""time"":0.3,""carbon"":0.2}",active,2026-07-02T10:00:00+05:30,2026-08-18T10:00:00+05:30
itn_703f4a2b,trp_27260494,Mumbai plan v1,1,1,user,15650.00,INR,1170,12.5,,active,2026-07-13T10:00:00+05:30,2026-08-18T10:00:00+05:30
itn_912aebbe,trp_0ea3db93,Manali plan v1,1,1,user,23200.00,INR,1275,11.3,,active,2026-04-24T10:00:00+05:30,2026-08-18T10:00:00+05:30
itn_bc458e12,trp_fc64f16e,Srinagar plan v1,1,1,optimizer,1900.00,INR,1065,12,"{""cost"":0.5,""time"":0.3,""carbon"":0.2}",active,2026-05-07T10:00:00+05:30,2026-08-18T10:00:00+05:30
itn_d904cde6,trp_f996a70f,Aurangabad plan v1,1,1,user,20100.00,INR,1380,12.5,,active,2026-06-11T10:00:00+05:30,2026-08-18T10:00:00+05:30
itn_e052136a,trp_c6136493,Ahmedabad plan v1,1,0,user,22550.00,INR,1470,12.5,"{""cost"":0.5,""time"":0.3,""carbon"":0.2}",active,2026-05-21T10:00:00+05:30,2026-08-18T10:00:00+05:30
itn_93d128f1,trp_c6136493,Ahmedabad plan v2,2,1,agent,22600.00,INR,1425,12.5,,active,2026-05-11T10:00:00+05:30,2026-08-18T10:00:00+05:30
itn_de2e2eca,trp_aaec0d9c,Alleppey plan v1,1,1,ai_planner,8800.00,INR,660,5.3,"{""cost"":0.5,""time"":0.3,""carbon"":0.2}",active,2026-07-24T10:00:00+05:30,2026-08-18T10:00:00+05:30
itn_4316da01,trp_5162b851,Udaipur plan v1,1,1,optimizer,5600.00,INR,600,6.5,,active,2026-07-23T10:00:00+05:30,2026-08-18T10:00:00+05:30
itn_0c556727,trp_909e59bc,Colombo plan v1,1,0,ai_planner,16007.50,CHF,750,10.1,,active,2026-05-16T10:00:00+05:30,2026-08-18T10:00:00+05:30
itn_961c8a9d,trp_909e59bc,Colombo plan v2,2,0,ai_planner,35177.50,CHF,1275,12.5,,active,2026-07-07T10:00:00+05:30,2026-08-18T10:00:00+05:30
itn_bed66798,trp_909e59bc,Colombo plan v3,3,1,user,30207.50,CHF,840,10.1,"{""cost"":0.5,""time"":0.3,""carbon"":0.2}",active,2026-07-23T10:00:00+05:30,2026-08-18T10:00:00+05:30
itn_d8a4d37f,trp_799607b3,Panaji plan v1,1,1,agent,6800.00,INR,420,6.5,"{""cost"":0.5,""time"":0.3,""carbon"":0.2}",active,2026-06-17T10:00:00+05:30,2026-08-18T10:00:00+05:30
itn_a04e7f51,trp_a00e9d0f,Leh plan v1,1,0,optimizer,1952700.00,IDR,1200,13.7,,active,2026-05-12T10:00:00+05:30,2026-08-18T10:00:00+05:30
itn_ad03947b,trp_a00e9d0f,Leh plan v2,2,0,user,1953000.00,IDR,1140,11.3,"{""cost"":0.5,""time"":0.3,""carbon"":0.2}",active,2026-06-01T10:00:00+05:30,2026-08-18T10:00:00+05:30
itn_4f5236c5,trp_a00e9d0f,Leh plan v3,3,1,user,1952600.00,IDR,915,12.5,"{""cost"":0.5,""time"":0.3,""carbon"":0.2}",active,2026-05-08T10:00:00+05:30,2026-08-18T10:00:00+05:30
itn_270a21cf,trp_55127690,Nainital plan v1,1,0,ai_planner,24400.00,INR,1155,12.5,,active,2026-07-06T10:00:00+05:30,2026-08-18T10:00:00+05:30
itn_1b1f34c3,trp_55127690,Nainital plan v2,2,0,ai_planner,24050.00,INR,1050,11.3,,active,2026-07-20T10:00:00+05:30,2026-08-18T10:00:00+05:30
itn_941b5b4e,trp_55127690,Nainital plan v3,3,1,agent,22250.00,INR,1290,12.5,"{""cost"":0.5,""time"":0.3,""carbon"":0.2}",active,2026-05-17T10:00:00+05:30,2026-08-18T10:00:00+05:30
itn_d7d85507,trp_f272c28c,Darjeeling plan v1,1,1,ai_planner,53075.00,LKR,1515,12.5,,active,2026-06-25T10:00:00+05:30,2026-08-18T10:00:00+05:30
itn_b502ac07,trp_06892c8d,Alleppey plan v1,1,0,agent,17300.00,NPR,1185,10.1,,active,2026-06-14T10:00:00+05:30,2026-08-18T10:00:00+05:30
itn_0c6b7a32,trp_06892c8d,Alleppey plan v2,2,0,agent,13300.00,NPR,825,7.7,"{""cost"":0.5,""time"":0.3,""carbon"":0.2}",active,2026-06-01T10:00:00+05:30,2026-08-18T10:00:00+05:30
itn_21ea5a32,trp_06892c8d,Alleppey plan v3,3,1,agent,15150.00,NPR,795,8.9,"{""cost"":0.5,""time"":0.3,""carbon"":0.2}",active,2026-05-05T10:00:00+05:30,2026-08-18T10:00:00+05:30
itn_3f3ae0ea,trp_2ee981f7,Gokarna plan v1,1,1,ai_planner,14600.00,INR,1395,12.5,,active,2026-05-09T10:00:00+05:30,2026-08-18T10:00:00+05:30
itn_69384096,trp_d04f7574,Pondicherry plan v1,1,1,agent,31700.00,INR,915,12.5,,active,2026-07-04T10:00:00+05:30,2026-08-18T10:00:00+05:30
itn_06da6ef5,trp_bd724666,Tirupati plan v1,1,0,user,11405.50,MYR,1170,11.3,,active,2026-06-03T10:00:00+05:30,2026-08-18T10:00:00+05:30
itn_8b8a116e,trp_bd724666,Tirupati plan v2,2,0,user,14405.50,MYR,1155,13.7,"{""cost"":0.5,""time"":0.3,""carbon"":0.2}",active,2026-07-28T10:00:00+05:30,2026-08-18T10:00:00+05:30
itn_9e82d6d9,trp_bd724666,Tirupati plan v3,3,1,agent,6255.50,MYR,1110,12.5,"{""cost"":0.5,""time"":0.3,""carbon"":0.2}",active,2026-07-19T10:00:00+05:30,2026-08-18T10:00:00+05:30
itn_595c4bfc,trp_72f16fa8,Pondicherry plan v1,1,1,user,20350.00,INR,1620,13.7,"{""cost"":0.5,""time"":0.3,""carbon"":0.2}",active,2026-07-13T10:00:00+05:30,2026-08-18T10:00:00+05:30
itn_aca365ac,trp_a62adcb1,Kolkata plan v1,1,1,ai_planner,1465000.00,IDR,525,5.3,,active,2026-05-22T10:00:00+05:30,2026-08-18T10:00:00+05:30
itn_fb5bce01,trp_46f6a107,Alleppey plan v1,1,1,agent,3002.75,MYR,795,10.1,,active,2026-07-18T10:00:00+05:30,2026-08-18T10:00:00+05:30
itn_85057601,trp_0c26fee1,Dubai plan v1,1,1,user,13214.42,INR,900,13.7,,active,2026-05-26T10:00:00+05:30,2026-08-18T10:00:00+05:30
itn_6f3cef43,trp_71d9ea27,Thiruvananthapuram plan v1,1,1,ai_planner,18700.00,INR,1380,12.5,"{""cost"":0.5,""time"":0.3,""carbon"":0.2}",active,2026-06-24T10:00:00+05:30,2026-08-18T10:00:00+05:30
itn_ff576370,trp_cc443308,Alleppey plan v1,1,1,ai_planner,8550.00,INR,690,6.5,,active,2026-06-19T10:00:00+05:30,2026-08-18T10:00:00+05:30
itn_493035c5,trp_aad6a7fa,Jodhpur plan v1,1,0,ai_planner,11600.00,INR,645,7.7,"{""cost"":0.5,""time"":0.3,""carbon"":0.2}",active,2026-06-20T10:00:00+05:30,2026-08-18T10:00:00+05:30
itn_a4f05dcb,trp_aad6a7fa,Jodhpur plan v2,2,1,user,8800.00,INR,720,7.7,,active,2026-05-13T10:00:00+05:30,2026-08-18T10:00:00+05:30
itn_33042417,trp_a9612ee9,Bengaluru plan v1,1,1,ai_planner,25050.00,INR,1350,13.7,"{""cost"":0.5,""time"":0.3,""carbon"":0.2}",active,2026-05-12T10:00:00+05:30,2026-08-18T10:00:00+05:30
itn_caa2e651,trp_25a53353,Bangkok plan v1,1,1,ai_planner,19268.20,INR,1065,12.5,"{""cost"":0.5,""time"":0.3,""carbon"":0.2}",active,2026-06-16T10:00:00+05:30,2026-08-18T10:00:00+05:30
itn_136ed5a8,trp_3c03178d,Nainital plan v1,1,1,user,20050.00,INR,1365,12.5,,active,2026-07-31T10:00:00+05:30,2026-08-18T10:00:00+05:30
itn_d8ee86de,trp_ffd35a10,Madurai plan v1,1,1,user,19650.00,INR,1905,13.7,,active,2026-05-14T10:00:00+05:30,2026-08-18T10:00:00+05:30
itn_539dc7fd,trp_8804c5b5,Madurai plan v1,1,1,ai_planner,3850.00,INR,1440,12,"{""cost"":0.5,""time"":0.3,""carbon"":0.2}",active,2026-06-14T10:00:00+05:30,2026-08-18T10:00:00+05:30
itn_649c4686,trp_152be4e1,Gokarna plan v1,1,0,ai_planner,18200.00,INR,1500,12.5,,active,2026-08-03T10:00:00+05:30,2026-08-18T10:00:00+05:30
itn_86c9d098,trp_152be4e1,Gokarna plan v2,2,0,ai_planner,17150.00,INR,1320,11.3,,active,2026-06-11T10:00:00+05:30,2026-08-18T10:00:00+05:30
itn_9a9fc11a,trp_152be4e1,Gokarna plan v3,3,1,user,16450.00,INR,1065,11.3,,active,2026-06-16T10:00:00+05:30,2026-08-18T10:00:00+05:30
itn_c08c070b,trp_b8ab5705,Chennai plan v1,1,1,user,5700.00,INR,1020,10.8,,active,2026-06-21T10:00:00+05:30,2026-08-18T10:00:00+05:30
itn_ba104262,trp_2ee78a2e,Shimla plan v1,1,1,user,8250.00,INR,525,8.9,,active,2026-06-03T10:00:00+05:30,2026-08-18T10:00:00+05:30
itn_21432ab8,trp_c4c131cd,Varanasi plan v1,1,1,ai_planner,3791.00,AED,1395,13.7,,active,2026-07-27T10:00:00+05:30,2026-08-18T10:00:00+05:30
itn_e1ab975b,trp_894ef822,Ooty plan v1,1,1,ai_planner,6350.00,INR,915,13.2,,active,2026-07-04T10:00:00+05:30,2026-08-18T10:00:00+05:30
itn_60fade9a,trp_75c88e52,Alleppey plan v1,1,1,user,12050.00,INR,885,8.9,"{""cost"":0.5,""time"":0.3,""carbon"":0.2}",active,2026-06-26T10:00:00+05:30,2026-08-18T10:00:00+05:30
itn_85c1ab20,trp_81ba1051,Rishikesh plan v1,1,1,optimizer,22400.00,INR,975,12.5,"{""cost"":0.5,""time"":0.3,""carbon"":0.2}",active,2026-07-23T10:00:00+05:30,2026-08-18T10:00:00+05:30
itn_107081a7,trp_357dbb6b,Bali plan v1,1,1,ai_planner,105000.00,INR,1020,10.1,"{""cost"":0.5,""time"":0.3,""carbon"":0.2}",active,2026-08-01T10:00:00+05:30,2026-08-18T10:00:00+05:30
itn_627dc8a6,trp_49911bd2,Jaipur plan v1,1,1,ai_planner,17200.00,NPR,1320,11.3,,active,2026-07-09T10:00:00+05:30,2026-08-18T10:00:00+05:30
itn_3a2e5aa3,trp_47cb5f68,Kuala Lumpur plan v1,1,0,ai_planner,12948.42,INR,1080,13.7,,active,2026-05-15T10:00:00+05:30,2026-08-18T10:00:00+05:30
itn_87a5978b,trp_47cb5f68,Kuala Lumpur plan v2,2,0,optimizer,12878.59,INR,1140,13.7,,active,2026-04-26T10:00:00+05:30,2026-08-18T10:00:00+05:30
itn_c38961d1,trp_47cb5f68,Kuala Lumpur plan v3,3,1,ai_planner,12991.38,INR,1410,12.5,,active,2026-06-21T10:00:00+05:30,2026-08-18T10:00:00+05:30
itn_78dad933,trp_cdc63a8d,Pondicherry plan v1,1,1,ai_planner,22000.00,INR,1425,12.5,"{""cost"":0.5,""time"":0.3,""carbon"":0.2}",active,2026-08-01T10:00:00+05:30,2026-08-18T10:00:00+05:30
itn_91204091,trp_bfc1339e,Shimla plan v1,1,1,ai_planner,4374.00,MYR,1530,12.5,,active,2026-07-10T10:00:00+05:30,2026-08-18T10:00:00+05:30
itn_8f6a72d8,trp_f861423a,Thanjavur plan v1,1,1,user,22050.00,INR,1245,13.7,,active,2026-05-02T10:00:00+05:30,2026-08-18T10:00:00+05:30
itn_8c955314,trp_5764aee3,Panaji plan v1,1,1,user,13300.00,INR,720,10.1,,active,2026-06-25T10:00:00+05:30,2026-08-18T10:00:00+05:30
itn_6e2c603f,trp_493ac8fc,Thanjavur plan v1,1,0,ai_planner,13200.00,NPR,885,10.1,"{""cost"":0.5,""time"":0.3,""carbon"":0.2}",active,2026-05-20T10:00:00+05:30,2026-08-18T10:00:00+05:30
itn_ba8c73cf,trp_493ac8fc,Thanjavur plan v2,2,0,user,13550.00,NPR,765,8.9,"{""cost"":0.5,""time"":0.3,""carbon"":0.2}",active,2026-06-01T10:00:00+05:30,2026-08-18T10:00:00+05:30
itn_4ce6da77,trp_493ac8fc,Thanjavur plan v3,3,1,ai_planner,18250.00,NPR,465,8.9,"{""cost"":0.5,""time"":0.3,""carbon"":0.2}",active,2026-04-21T10:00:00+05:30,2026-08-18T10:00:00+05:30
itn_75dc4f6b,trp_603a2836,Bhubaneswar plan v1,1,1,agent,11750.00,INR,525,6.5,,active,2026-07-08T10:00:00+05:30,2026-08-18T10:00:00+05:30
itn_c6ded382,trp_77b09e9a,Amritsar plan v1,1,1,optimizer,5000.00,CHF,285,4.8,,active,2026-05-27T10:00:00+05:30,2026-08-18T10:00:00+05:30
itn_329bf6c8,trp_11c9d5a3,Jaisalmer plan v1,1,0,ai_planner,6250.00,INR,855,6.5,"{""cost"":0.5,""time"":0.3,""carbon"":0.2}",active,2026-04-24T10:00:00+05:30,2026-08-18T10:00:00+05:30
itn_b586d3ea,trp_11c9d5a3,Jaisalmer plan v2,2,1,user,7650.00,INR,420,5.3,"{""cost"":0.5,""time"":0.3,""carbon"":0.2}",active,2026-07-20T10:00:00+05:30,2026-08-18T10:00:00+05:30
itn_acc53645,trp_55e4cc10,Kuala Lumpur plan v1,1,1,ai_planner,5115.46,INR,585,5.3,,active,2026-04-23T10:00:00+05:30,2026-08-18T10:00:00+05:30
itn_8639f8de,trp_e4e09b00,Abu Dhabi plan v1,1,0,optimizer,411.31,CHF,1545,13.7,,active,2026-06-09T10:00:00+05:30,2026-08-18T10:00:00+05:30
itn_7f4ae96d,trp_e4e09b00,Abu Dhabi plan v2,2,0,optimizer,365.01,CHF,870,11.3,,active,2026-04-24T10:00:00+05:30,2026-08-18T10:00:00+05:30
itn_73de9344,trp_e4e09b00,Abu Dhabi plan v3,3,1,agent,417.91,CHF,1380,11.3,"{""cost"":0.5,""time"":0.3,""carbon"":0.2}",active,2026-05-15T10:00:00+05:30,2026-08-18T10:00:00+05:30
itn_f1b52339,trp_2dbec2dd,Bhubaneswar plan v1,1,1,ai_planner,25250.00,INR,945,11.3,,active,2026-06-22T10:00:00+05:30,2026-08-18T10:00:00+05:30
itn_06005a46,trp_a0a40e8a,Nainital plan v1,1,1,agent,19050.00,INR,1620,12.5,,active,2026-06-05T10:00:00+05:30,2026-08-18T10:00:00+05:30
itn_3068d7e3,trp_90e2fb40,Bangkok plan v1,1,1,agent,21.05,INR,780,9.6,,active,2026-07-26T10:00:00+05:30,2026-08-18T10:00:00+05:30
itn_ea33f27e,trp_cdf7d1fa,Gokarna plan v1,1,1,ai_planner,5589.75,MYR,1200,11.3,,active,2026-07-18T10:00:00+05:30,2026-08-18T10:00:00+05:30
itn_405eacc5,trp_fd9a2525,Abu Dhabi plan v1,1,1,agent,20306.51,INR,1455,13.7,,active,2026-07-03T10:00:00+05:30,2026-08-18T10:00:00+05:30
itn_be6260e0,trp_0053b2f7,Pondicherry plan v1,1,0,optimizer,20550.00,INR,1200,11.3,,active,2026-04-29T10:00:00+05:30,2026-08-18T10:00:00+05:30
itn_87bfb7b6,trp_0053b2f7,Pondicherry plan v2,2,0,ai_planner,21750.00,INR,1290,12.5,,active,2026-04-26T10:00:00+05:30,2026-08-18T10:00:00+05:30
itn_0398b75e,trp_0053b2f7,Pondicherry plan v3,3,1,agent,15700.00,INR,1050,12.5,,active,2026-04-26T10:00:00+05:30,2026-08-18T10:00:00+05:30
itn_d92af403,trp_e086bae2,Kyoto plan v1,1,1,ai_planner,11370.00,INR,705,6.5,,active,2026-05-30T10:00:00+05:30,2026-08-18T10:00:00+05:30
itn_b1221820,trp_4a923b00,Bhuj plan v1,1,1,user,7900.00,INR,270,5.3,,active,2026-05-17T10:00:00+05:30,2026-08-18T10:00:00+05:30
itn_d5705104,trp_c1603110,Munnar plan v1,1,1,optimizer,6431.75,SGD,735,10.1,"{""cost"":0.5,""time"":0.3,""carbon"":0.2}",active,2026-06-07T10:00:00+05:30,2026-08-18T10:00:00+05:30
itn_fa1f2ad4,trp_77e61eba,Chennai plan v1,1,1,user,5200.00,INR,1425,13.2,,active,2026-07-25T10:00:00+05:30,2026-08-18T10:00:00+05:30
itn_53471b29,trp_b367a36c,Guwahati plan v1,1,0,ai_planner,63100.00,LKR,1395,12.5,,active,2026-05-27T10:00:00+05:30,2026-08-18T10:00:00+05:30
itn_40b4095a,trp_b367a36c,Guwahati plan v2,2,0,agent,61000.00,LKR,1050,12.5,"{""cost"":0.5,""time"":0.3,""carbon"":0.2}",active,2026-05-22T10:00:00+05:30,2026-08-18T10:00:00+05:30
itn_b11c4e49,trp_b367a36c,Guwahati plan v3,3,1,user,66000.00,LKR,1530,13.7,,active,2026-07-20T10:00:00+05:30,2026-08-18T10:00:00+05:30
itn_5e5fc7f8,trp_f18e9739,Jodhpur plan v1,1,1,optimizer,5464.75,QAR,990,12.5,,active,2026-05-14T10:00:00+05:30,2026-08-18T10:00:00+05:30
itn_b0956784,trp_7945b3eb,Visakhapatnam plan v1,1,0,agent,12550.00,INR,690,8.4,"{""cost"":0.5,""time"":0.3,""carbon"":0.2}",active,2026-06-08T10:00:00+05:30,2026-08-18T10:00:00+05:30
itn_f1993375,trp_7945b3eb,Visakhapatnam plan v2,2,0,ai_planner,15000.00,INR,600,8.9,,active,2026-08-02T10:00:00+05:30,2026-08-18T10:00:00+05:30
itn_0826ba64,trp_7945b3eb,Visakhapatnam plan v3,3,1,ai_planner,14050.00,INR,1005,8.9,,active,2026-05-23T10:00:00+05:30,2026-08-18T10:00:00+05:30
itn_767918cf,trp_994bc238,Mysuru plan v1,1,1,agent,24700.00,NPR,975,12.5,,active,2026-06-21T10:00:00+05:30,2026-08-18T10:00:00+05:30
itn_7eeb931b,trp_4eec7794,Jodhpur plan v1,1,1,user,5100.00,INR,1320,10.8,,active,2026-05-05T10:00:00+05:30,2026-08-18T10:00:00+05:30
itn_168b47f9,trp_1aeefd3e,Guwahati plan v1,1,1,agent,21200.00,INR,1155,13.7,"{""cost"":0.5,""time"":0.3,""carbon"":0.2}",active,2026-05-20T10:00:00+05:30,2026-08-18T10:00:00+05:30
itn_9c480daf,trp_76c2a4af,Kuala Lumpur plan v1,1,1,optimizer,107.42,INR,975,10.8,"{""cost"":0.5,""time"":0.3,""carbon"":0.2}",active,2026-08-13T10:00:00+05:30,2026-08-18T10:00:00+05:30
itn_4b2c562f,trp_afb42eab,Jaipur plan v1,1,1,optimizer,3700.00,INR,1365,10.8,"{""cost"":0.5,""time"":0.3,""carbon"":0.2}",active,2026-05-31T10:00:00+05:30,2026-08-18T10:00:00+05:30
itn_3958b661,trp_89eafa58,Bhuj plan v1,1,1,agent,25700.00,INR,645,11.3,,active,2026-05-28T10:00:00+05:30,2026-08-18T10:00:00+05:30
itn_0af39d28,trp_5a3f0c25,Jaisalmer plan v1,1,0,optimizer,15050.00,INR,1395,12.5,"{""cost"":0.5,""time"":0.3,""carbon"":0.2}",active,2026-07-12T10:00:00+05:30,2026-08-18T10:00:00+05:30
itn_9ca0d1d6,trp_5a3f0c25,Jaisalmer plan v2,2,1,ai_planner,16250.00,INR,1290,12.5,"{""cost"":0.5,""time"":0.3,""carbon"":0.2}",active,2026-06-21T10:00:00+05:30,2026-08-18T10:00:00+05:30
itn_d0b178bc,trp_77488f6d,Jaipur plan v1,1,1,optimizer,10150.00,INR,465,6.5,,active,2026-05-19T10:00:00+05:30,2026-08-18T10:00:00+05:30
itn_2cc1907a,trp_9fc37785,Udaipur plan v1,1,1,ai_planner,31050.00,INR,1620,12.5,,active,2026-06-30T10:00:00+05:30,2026-08-18T10:00:00+05:30
itn_eea5c64c,trp_22fafc52,Gangtok plan v1,1,1,agent,76600.00,LKR,1500,11.3,,active,2026-07-02T10:00:00+05:30,2026-08-18T10:00:00+05:30
itn_cb90b7a7,trp_c2f959a5,Bangkok plan v1,1,0,ai_planner,20994.30,INR,1065,11.3,,active,2026-05-29T10:00:00+05:30,2026-08-18T10:00:00+05:30
itn_da23ddbe,trp_c2f959a5,Bangkok plan v2,2,1,ai_planner,17500.00,INR,1290,12.5,,active,2026-05-18T10:00:00+05:30,2026-08-18T10:00:00+05:30
itn_561d0984,trp_0f1dfedf,Bangkok plan v1,1,1,ai_planner,22126.05,INR,810,11.3,,active,2026-05-10T10:00:00+05:30,2026-08-18T10:00:00+05:30
itn_5c15acd2,trp_5a52c165,Kuala Lumpur plan v1,1,1,optimizer,20204.07,INR,675,10.1,,active,2026-07-01T10:00:00+05:30,2026-08-18T10:00:00+05:30
itn_ab2fbc15,trp_32ae8bfe,Aurangabad plan v1,1,1,optimizer,9150.00,INR,660,8.9,,active,2026-07-17T10:00:00+05:30,2026-08-18T10:00:00+05:30
itn_020f4b0f,trp_f80fc406,Jaisalmer plan v1,1,1,user,17150.00,INR,1320,11.3,"{""cost"":0.5,""time"":0.3,""carbon"":0.2}",active,2026-06-29T10:00:00+05:30,2026-08-18T10:00:00+05:30
itn_7e672336,trp_44ecb435,Mumbai plan v1,1,1,ai_planner,6100.00,SGD,1515,13.2,,active,2026-07-08T10:00:00+05:30,2026-08-18T10:00:00+05:30
itn_bdef31ce,trp_53739538,Zurich plan v1,1,0,user,34.14,INR,1110,12,,active,2026-07-30T10:00:00+05:30,2026-08-18T10:00:00+05:30
itn_fa5c6208,trp_53739538,Zurich plan v2,2,0,ai_planner,12503.69,INR,1050,13.7,,active,2026-06-26T10:00:00+05:30,2026-08-18T10:00:00+05:30
itn_1d6f9722,trp_53739538,Zurich plan v3,3,1,optimizer,12507.89,INR,1455,13.7,,active,2026-06-24T10:00:00+05:30,2026-08-18T10:00:00+05:30
itn_f9697316,trp_ecb6fa2a,Kandy plan v1,1,1,optimizer,15887.50,INR,645,11.3,,active,2026-07-26T10:00:00+05:30,2026-08-18T10:00:00+05:30
itn_75971bd3,trp_3178fc73,Bhuj plan v1,1,0,ai_planner,24300.00,INR,1020,12.5,"{""cost"":0.5,""time"":0.3,""carbon"":0.2}",active,2026-07-07T10:00:00+05:30,2026-08-18T10:00:00+05:30
itn_3a70e15e,trp_3178fc73,Bhuj plan v2,2,0,ai_planner,18400.00,INR,435,8.9,,active,2026-07-03T10:00:00+05:30,2026-08-18T10:00:00+05:30
itn_e21ac66a,trp_3178fc73,Bhuj plan v3,3,1,user,24700.00,INR,990,13.7,"{""cost"":0.5,""time"":0.3,""carbon"":0.2}",active,2026-04-28T10:00:00+05:30,2026-08-18T10:00:00+05:30
itn_bd12e442,trp_41efeeee,Pondicherry plan v1,1,1,agent,21200.00,INR,1485,13.7,,active,2026-07-28T10:00:00+05:30,2026-08-18T10:00:00+05:30
itn_4bfcc7d2,trp_c4b22e96,Kyoto plan v1,1,1,optimizer,21878.00,INR,975,10.1,,active,2026-08-06T10:00:00+05:30,2026-08-18T10:00:00+05:30
itn_cb911be2,trp_f05ed67d,Puri plan v1,1,0,optimizer,5022.00,SGD,1425,13.7,,active,2026-05-30T10:00:00+05:30,2026-08-18T10:00:00+05:30
itn_79caf1e2,trp_f05ed67d,Puri plan v2,2,1,optimizer,4622.00,SGD,1335,12.5,,active,2026-06-04T10:00:00+05:30,2026-08-18T10:00:00+05:30
itn_bb4a80a9,trp_ab02433c,Thanjavur plan v1,1,0,ai_planner,6000.00,INR,780,6.5,,active,2026-06-16T10:00:00+05:30,2026-08-18T10:00:00+05:30
itn_ed3c670e,trp_ab02433c,Thanjavur plan v2,2,1,ai_planner,5700.00,INR,525,5.3,,active,2026-05-30T10:00:00+05:30,2026-08-18T10:00:00+05:30
itn_010ff343,trp_92b064f2,Jaisalmer plan v1,1,0,ai_planner,1952200.00,IDR,1365,12.5,"{""cost"":0.5,""time"":0.3,""carbon"":0.2}",active,2026-06-08T10:00:00+05:30,2026-08-18T10:00:00+05:30
itn_b9ece488,trp_92b064f2,Jaisalmer plan v2,2,1,ai_planner,1953600.00,IDR,1335,12.5,,active,2026-05-26T10:00:00+05:30,2026-08-18T10:00:00+05:30
itn_3c2ac8b9,trp_78241f22,Leh plan v1,1,1,ai_planner,16250.00,INR,1155,12.5,,active,2026-04-27T10:00:00+05:30,2026-08-18T10:00:00+05:30
itn_27981f52,trp_84855866,Bengaluru plan v1,1,1,ai_planner,12050.00,INR,660,7.7,,active,2026-07-04T10:00:00+05:30,2026-08-18T10:00:00+05:30
itn_e287afc4,trp_7844b321,Puri plan v1,1,1,user,3750.00,INR,1020,12,,active,2026-05-03T10:00:00+05:30,2026-08-18T10:00:00+05:30
itn_0a135d19,trp_c1e34627,Mumbai plan v1,1,1,optimizer,24800.00,INR,1545,13.7,,active,2026-05-27T10:00:00+05:30,2026-08-18T10:00:00+05:30
itn_05fe0023,trp_74917bfb,Jaisalmer plan v1,1,1,user,17500.00,INR,1275,11.3,"{""cost"":0.5,""time"":0.3,""carbon"":0.2}",active,2026-04-24T10:00:00+05:30,2026-08-18T10:00:00+05:30
itn_32179465,trp_53200b9d,Leh plan v1,1,0,agent,2200.00,THB,1125,9.6,,active,2026-06-07T10:00:00+05:30,2026-08-18T10:00:00+05:30
itn_2c21d62f,trp_53200b9d,Leh plan v2,2,1,ai_planner,4107.50,THB,630,8.9,"{""cost"":0.5,""time"":0.3,""carbon"":0.2}",active,2026-08-05T10:00:00+05:30,2026-08-18T10:00:00+05:30
itn_32e9fed2,trp_69a5e32d,Nainital plan v1,1,1,ai_planner,4050.00,NPR,1050,9.6,,active,2026-07-20T10:00:00+05:30,2026-08-18T10:00:00+05:30
itn_6dd611aa,trp_ef522093,Bangkok plan v1,1,1,user,11094.60,INR,1125,12.5,"{""cost"":0.5,""time"":0.3,""carbon"":0.2}",active,2026-08-08T10:00:00+05:30,2026-08-18T10:00:00+05:30
itn_90a264d3,trp_627dd5f6,Chennai plan v1,1,1,ai_planner,1850.00,QAR,1050,8.4,,active,2026-07-04T10:00:00+05:30,2026-08-18T10:00:00+05:30
itn_20f1cda1,trp_f9bdd86b,Shillong plan v1,1,1,ai_planner,3200.00,INR,1065,12,,active,2026-07-03T10:00:00+05:30,2026-08-18T10:00:00+05:30
itn_26607536,trp_09f90a77,Pokhara plan v1,1,0,optimizer,19200.00,INR,1740,13.7,"{""cost"":0.5,""time"":0.3,""carbon"":0.2}",active,2026-05-28T10:00:00+05:30,2026-08-18T10:00:00+05:30
itn_c7f5560a,trp_09f90a77,Pokhara plan v2,2,1,optimizer,17280.00,INR,1410,12.5,"{""cost"":0.5,""time"":0.3,""carbon"":0.2}",active,2026-05-21T10:00:00+05:30,2026-08-18T10:00:00+05:30
itn_1a17561b,trp_ff8e9fec,Shimla plan v1,1,1,ai_planner,2250.00,INR,915,8.4,,active,2026-07-23T10:00:00+05:30,2026-08-18T10:00:00+05:30
itn_c5a61e2e,trp_d6b492f9,Abu Dhabi plan v1,1,1,agent,12769.04,INR,1335,12.5,"{""cost"":0.5,""time"":0.3,""carbon"":0.2}",active,2026-07-26T10:00:00+05:30,2026-08-18T10:00:00+05:30
itn_faf14c24,trp_962e90a6,Hampi plan v1,1,1,ai_planner,2800.00,INR,1290,12,,active,2026-07-29T10:00:00+05:30,2026-08-18T10:00:00+05:30
itn_7a7c9cdd,trp_25a980cf,Pondicherry plan v1,1,0,optimizer,27700.00,JPY,885,11.3,"{""cost"":0.5,""time"":0.3,""carbon"":0.2}",active,2026-05-24T10:00:00+05:30,2026-08-18T10:00:00+05:30
itn_930fab3d,trp_25a980cf,Pondicherry plan v2,2,0,agent,26900.00,JPY,930,12.5,"{""cost"":0.5,""time"":0.3,""carbon"":0.2}",active,2026-05-19T10:00:00+05:30,2026-08-18T10:00:00+05:30
itn_a734e688,trp_25a980cf,Pondicherry plan v3,3,1,agent,11050.00,JPY,1380,13.2,"{""cost"":0.5,""time"":0.3,""carbon"":0.2}",active,2026-06-18T10:00:00+05:30,2026-08-18T10:00:00+05:30
itn_c75a3083,trp_c403d6fa,Alleppey plan v1,1,1,user,2783.75,CHF,1050,11.3,,active,2026-05-13T10:00:00+05:30,2026-08-18T10:00:00+05:30
itn_e6b49351,trp_e427f350,Guwahati plan v1,1,1,agent,6550.00,NPR,1110,12,,active,2026-05-03T10:00:00+05:30,2026-08-18T10:00:00+05:30
itn_a7064065,trp_e8b8c651,Manali plan v1,1,1,user,16750.00,INR,1200,13.7,,active,2026-07-23T10:00:00+05:30,2026-08-18T10:00:00+05:30
itn_3457f8f4,trp_8e6dec68,Kochi plan v1,1,1,agent,19000.00,INR,1050,11.3,"{""cost"":0.5,""time"":0.3,""carbon"":0.2}",active,2026-05-24T10:00:00+05:30,2026-08-18T10:00:00+05:30
itn_99427d44,trp_ad48f44b,Puri plan v1,1,1,user,13200.00,INR,1125,11.3,,active,2026-06-01T10:00:00+05:30,2026-08-18T10:00:00+05:30
itn_5845a2f4,trp_43e313f5,Amritsar plan v1,1,1,agent,30500.00,INR,1080,12.5,,active,2026-07-24T10:00:00+05:30,2026-08-18T10:00:00+05:30
itn_fd985c9b,trp_49772eb7,Doha plan v1,1,0,ai_planner,15246.91,INR,1590,12.5,"{""cost"":0.5,""time"":0.3,""carbon"":0.2}",active,2026-08-04T10:00:00+05:30,2026-08-18T10:00:00+05:30
itn_4e043f4d,trp_49772eb7,Doha plan v2,2,0,optimizer,15133.29,INR,1665,13.7,,active,2026-06-11T10:00:00+05:30,2026-08-18T10:00:00+05:30
itn_bbd1d0c9,trp_49772eb7,Doha plan v3,3,1,agent,15260.03,INR,1950,13.7,"{""cost"":0.5,""time"":0.3,""carbon"":0.2}",active,2026-06-15T10:00:00+05:30,2026-08-18T10:00:00+05:30
itn_05200341,trp_d647222e,Thanjavur plan v1,1,1,user,14250.00,INR,1905,13.7,"{""cost"":0.5,""time"":0.3,""carbon"":0.2}",active,2026-06-19T10:00:00+05:30,2026-08-18T10:00:00+05:30
itn_99cf0bce,trp_7013467c,Male plan v1,1,1,agent,1100.75,INR,1530,12,,active,2026-04-24T10:00:00+05:30,2026-08-18T10:00:00+05:30
itn_7b7750b7,trp_631ad6a9,Zurich plan v1,1,1,ai_planner,20029.41,INR,915,13.7,,active,2026-05-01T10:00:00+05:30,2026-08-18T10:00:00+05:30
itn_f06cdb86,trp_bab07b17,Doha plan v1,1,1,ai_planner,7786.24,INR,1035,10.1,"{""cost"":0.5,""time"":0.3,""carbon"":0.2}",active,2026-04-27T10:00:00+05:30,2026-08-18T10:00:00+05:30
itn_e1cba118,trp_e11af79e,Manali plan v1,1,1,user,2650.00,INR,660,9.6,,active,2026-06-02T10:00:00+05:30,2026-08-18T10:00:00+05:30
itn_8aba9c95,trp_c67254e9,Manali plan v1,1,0,user,8850.00,INR,810,8.9,"{""cost"":0.5,""time"":0.3,""carbon"":0.2}",active,2026-04-24T10:00:00+05:30,2026-08-18T10:00:00+05:30
itn_49e6ac5d,trp_c67254e9,Manali plan v2,2,1,ai_planner,9050.00,INR,930,10.1,,active,2026-04-27T10:00:00+05:30,2026-08-18T10:00:00+05:30
itn_ad0d1ef4,trp_b7a82392,Varanasi plan v1,1,1,user,34550.00,NPR,1275,11.3,,active,2026-05-03T10:00:00+05:30,2026-08-18T10:00:00+05:30
itn_52259dcf,trp_12e18a88,Munnar plan v1,1,1,user,18900.00,INR,1245,11.3,,active,2026-05-17T10:00:00+05:30,2026-08-18T10:00:00+05:30
itn_6697ed5a,trp_43aa1b9f,Kathmandu plan v1,1,1,ai_planner,12460.00,INR,765,7.7,,active,2026-06-13T10:00:00+05:30,2026-08-18T10:00:00+05:30
itn_82166ca0,trp_7156f558,Kathmandu plan v1,1,1,ai_planner,7111.25,AED,1305,12.5,,active,2026-06-30T10:00:00+05:30,2026-08-18T10:00:00+05:30
itn_9a52d7d2,trp_bca7f130,Jodhpur plan v1,1,1,ai_planner,13600.00,INR,1455,13.7,,active,2026-06-27T10:00:00+05:30,2026-08-18T10:00:00+05:30
itn_eda49296,trp_8580f983,Abu Dhabi plan v1,1,1,ai_planner,10262.42,INR,1155,13.7,"{""cost"":0.5,""time"":0.3,""carbon"":0.2}",active,2026-05-16T10:00:00+05:30,2026-08-18T10:00:00+05:30
itn_1b8c13e8,trp_37519e08,Jaipur plan v1,1,1,ai_planner,9850.00,INR,780,10.1,,active,2026-04-23T10:00:00+05:30,2026-08-18T10:00:00+05:30
itn_019891a3,trp_cb0bf61d,Srinagar plan v1,1,0,agent,13750.00,INR,1350,11.3,"{""cost"":0.5,""time"":0.3,""carbon"":0.2}",active,2026-07-16T10:00:00+05:30,2026-08-18T10:00:00+05:30
itn_550b36d4,trp_cb0bf61d,Srinagar plan v2,2,0,ai_planner,14850.00,INR,1050,11.3,"{""cost"":0.5,""time"":0.3,""carbon"":0.2}",active,2026-05-30T10:00:00+05:30,2026-08-18T10:00:00+05:30
itn_690acb45,trp_cb0bf61d,Srinagar plan v3,3,1,optimizer,13250.00,INR,1515,13.7,"{""cost"":0.5,""time"":0.3,""carbon"":0.2}",active,2026-08-01T10:00:00+05:30,2026-08-18T10:00:00+05:30
itn_6f752443,trp_fdbf106b,Bhuj plan v1,1,1,user,17600.00,INR,840,13.7,,active,2026-08-13T10:00:00+05:30,2026-08-18T10:00:00+05:30
itn_1018089f,trp_098ba70a,Alleppey plan v1,1,1,optimizer,20450.00,INR,1410,13.7,,active,2026-04-27T10:00:00+05:30,2026-08-18T10:00:00+05:30
itn_4ab9eb42,trp_7a5e7bd8,Chennai plan v1,1,1,optimizer,23300.00,INR,1365,12.5,,active,2026-06-10T10:00:00+05:30,2026-08-18T10:00:00+05:30
itn_99d57c69,trp_8f860be9,Visakhapatnam plan v1,1,1,agent,14600.00,INR,525,10.1,,active,2026-08-12T10:00:00+05:30,2026-08-18T10:00:00+05:30
itn_ace8b39f,trp_cc0bc071,Shimla plan v1,1,1,agent,20900.00,INR,1125,11.3,,active,2026-06-25T10:00:00+05:30,2026-08-18T10:00:00+05:30
itn_0b0eea9c,trp_e0e73f4f,Thanjavur plan v1,1,1,user,6950.00,INR,315,6.5,,active,2026-07-08T10:00:00+05:30,2026-08-18T10:00:00+05:30
itn_65b9ad1c,trp_c675b49c,Abu Dhabi plan v1,1,0,optimizer,7733.74,INR,1275,8.9,,active,2026-05-05T10:00:00+05:30,2026-08-18T10:00:00+05:30
itn_3b8c204e,trp_c675b49c,Abu Dhabi plan v2,2,0,user,7680.82,INR,660,7.7,,active,2026-07-11T10:00:00+05:30,2026-08-18T10:00:00+05:30
itn_77f3f092,trp_c675b49c,Abu Dhabi plan v3,3,1,optimizer,7537.49,INR,735,7.7,,active,2026-06-20T10:00:00+05:30,2026-08-18T10:00:00+05:30
itn_72480aaa,trp_14bf5f65,Rishikesh plan v1,1,1,optimizer,15550.00,INR,1215,12.5,,active,2026-05-31T10:00:00+05:30,2026-08-18T10:00:00+05:30
itn_6ebed832,trp_0d9ed6f6,Hyderabad plan v1,1,0,ai_planner,20950.00,INR,1020,11.3,,active,2026-08-02T10:00:00+05:30,2026-08-18T10:00:00+05:30
itn_ba7e22e3,trp_0d9ed6f6,Hyderabad plan v2,2,1,ai_planner,21150.00,INR,1035,10.1,,active,2026-06-21T10:00:00+05:30,2026-08-18T10:00:00+05:30
itn_a30f3ad8,trp_01716435,Mysuru plan v1,1,1,user,10750.00,INR,690,10.1,"{""cost"":0.5,""time"":0.3,""carbon"":0.2}",active,2026-05-06T10:00:00+05:30,2026-08-18T10:00:00+05:30
itn_7ae3e428,trp_8a12a715,Udaipur plan v1,1,1,optimizer,21950.00,INR,1455,12.5,,active,2026-05-26T10:00:00+05:30,2026-08-18T10:00:00+05:30
itn_741c2484,trp_eda7ae24,Puri plan v1,1,1,ai_planner,8200.00,INR,735,6.5,"{""cost"":0.5,""time"":0.3,""carbon"":0.2}",active,2026-06-30T10:00:00+05:30,2026-08-18T10:00:00+05:30
itn_5c13e54b,trp_b61bda4b,Kolkata plan v1,1,1,user,12700.00,INR,810,8.9,,active,2026-05-20T10:00:00+05:30,2026-08-18T10:00:00+05:30
itn_933cef91,trp_d8f6113f,Chennai plan v1,1,1,optimizer,2911.50,AED,990,10.1,"{""cost"":0.5,""time"":0.3,""carbon"":0.2}",active,2026-05-01T10:00:00+05:30,2026-08-18T10:00:00+05:30
itn_36f3d6a2,trp_b4864e6f,Gokarna plan v1,1,0,ai_planner,35400.00,NPR,1725,13.7,,active,2026-07-10T10:00:00+05:30,2026-08-18T10:00:00+05:30
itn_d6232dc7,trp_b4864e6f,Gokarna plan v2,2,0,agent,37700.00,NPR,1125,11.3,"{""cost"":0.5,""time"":0.3,""carbon"":0.2}",active,2026-06-25T10:00:00+05:30,2026-08-18T10:00:00+05:30
itn_f34f8ea2,trp_b4864e6f,Gokarna plan v3,3,1,user,35000.00,NPR,1530,12.5,,active,2026-06-15T10:00:00+05:30,2026-08-18T10:00:00+05:30
itn_25cfba59,trp_0f181044,Pondicherry plan v1,1,0,agent,4677.75,QAR,1140,10.1,,active,2026-04-29T10:00:00+05:30,2026-08-18T10:00:00+05:30
itn_d126c029,trp_0f181044,Pondicherry plan v2,2,1,optimizer,5177.75,QAR,1080,8.9,,active,2026-05-17T10:00:00+05:30,2026-08-18T10:00:00+05:30
itn_a1438ee4,trp_90f6480d,Thiruvananthapuram plan v1,1,1,optimizer,12100.00,INR,1350,11.3,"{""cost"":0.5,""time"":0.3,""carbon"":0.2}",active,2026-07-13T10:00:00+05:30,2026-08-18T10:00:00+05:30
itn_4840ded7,trp_be2b6219,Kandy plan v1,1,1,ai_planner,55202.50,LKR,600,8.9,,active,2026-07-25T10:00:00+05:30,2026-08-18T10:00:00+05:30
itn_730fa631,trp_1ceb9811,Ahmedabad plan v1,1,1,agent,17000.00,INR,1395,12.5,,active,2026-07-30T10:00:00+05:30,2026-08-18T10:00:00+05:30
itn_5dbdf217,trp_856b6452,Shillong plan v1,1,1,agent,19950.00,NPR,765,11.3,,active,2026-08-04T10:00:00+05:30,2026-08-18T10:00:00+05:30
itn_0393c9b5,trp_32bc8fa5,Nainital plan v1,1,0,user,39500.00,NPR,1050,13.7,,active,2026-08-07T10:00:00+05:30,2026-08-18T10:00:00+05:30
itn_f18892fe,trp_32bc8fa5,Nainital plan v2,2,0,optimizer,29850.00,NPR,1455,13.7,,active,2026-05-01T10:00:00+05:30,2026-08-18T10:00:00+05:30
itn_4dc58042,trp_32bc8fa5,Nainital plan v3,3,1,optimizer,28900.00,NPR,1575,13.7,,active,2026-06-19T10:00:00+05:30,2026-08-18T10:00:00+05:30
itn_63c8e6cb,trp_0e4ac002,Hampi plan v1,1,1,user,21500.00,INR,1245,13.7,,active,2026-04-21T10:00:00+05:30,2026-08-18T10:00:00+05:30
itn_8d33954d,trp_d6cd4f40,Male plan v1,1,0,ai_planner,21137.75,INR,1770,12.5,,active,2026-06-16T10:00:00+05:30,2026-08-18T10:00:00+05:30
itn_7af3b382,trp_d6cd4f40,Male plan v2,2,0,user,21794.50,INR,1380,12.5,,active,2026-06-02T10:00:00+05:30,2026-08-18T10:00:00+05:30
itn_d754ba6c,trp_d6cd4f40,Male plan v3,3,1,ai_planner,20407.00,INR,1215,11.3,,active,2026-05-20T10:00:00+05:30,2026-08-18T10:00:00+05:30
itn_1b3b3a2a,trp_d5063ed0,Darjeeling plan v1,1,1,user,12082.00,AED,1485,11.3,,active,2026-05-13T10:00:00+05:30,2026-08-18T10:00:00+05:30
itn_675c78de,trp_1dd09ed0,Puri plan v1,1,0,optimizer,15850.00,INR,1530,12.5,,active,2026-06-20T10:00:00+05:30,2026-08-18T10:00:00+05:30
itn_2d5103f3,trp_1dd09ed0,Puri plan v2,2,1,user,15750.00,INR,1140,12.5,,active,2026-05-16T10:00:00+05:30,2026-08-18T10:00:00+05:30
itn_96058ffe,trp_ed8dc5fe,Udaipur plan v1,1,0,ai_planner,25500.00,INR,900,12.5,"{""cost"":0.5,""time"":0.3,""carbon"":0.2}",active,2026-05-14T10:00:00+05:30,2026-08-18T10:00:00+05:30
itn_2b6b1ed7,trp_ed8dc5fe,Udaipur plan v2,2,1,ai_planner,5400.00,INR,1215,13.2,"{""cost"":0.5,""time"":0.3,""carbon"":0.2}",active,2026-05-20T10:00:00+05:30,2026-08-18T10:00:00+05:30
itn_af4b0b68,trp_20b372f1,Ahmedabad plan v1,1,1,optimizer,19950.00,INR,975,12.5,"{""cost"":0.5,""time"":0.3,""carbon"":0.2}",active,2026-07-05T10:00:00+05:30,2026-08-18T10:00:00+05:30
itn_037189d9,trp_1002157a,Nainital plan v1,1,1,user,8000.00,INR,435,5.3,"{""cost"":0.5,""time"":0.3,""carbon"":0.2}",active,2026-05-04T10:00:00+05:30,2026-08-18T10:00:00+05:30
itn_9cfc00c5,trp_aa8d192e,Varanasi plan v1,1,1,ai_planner,19250.00,INR,1185,12.5,"{""cost"":0.5,""time"":0.3,""carbon"":0.2}",active,2026-05-26T10:00:00+05:30,2026-08-18T10:00:00+05:30
itn_d193d75c,trp_b355e443,Nainital plan v1,1,1,optimizer,22800.00,INR,1020,13.7,"{""cost"":0.5,""time"":0.3,""carbon"":0.2}",active,2026-07-30T10:00:00+05:30,2026-08-18T10:00:00+05:30
itn_48806145,trp_d128a566,Panaji plan v1,1,0,user,11000.00,INR,375,6.5,,active,2026-05-19T10:00:00+05:30,2026-08-18T10:00:00+05:30
itn_5fb92562,trp_d128a566,Panaji plan v2,2,1,optimizer,10800.00,INR,660,10.1,,active,2026-06-13T10:00:00+05:30,2026-08-18T10:00:00+05:30
itn_28120488,trp_e72a3a42,Pondicherry plan v1,1,1,agent,16650.00,INR,1035,10.1,"{""cost"":0.5,""time"":0.3,""carbon"":0.2}",active,2026-06-02T10:00:00+05:30,2026-08-18T10:00:00+05:30
itn_609b6588,trp_11c3f9e5,Gokarna plan v1,1,1,user,19700.00,LKR,690,6.5,,active,2026-08-08T10:00:00+05:30,2026-08-18T10:00:00+05:30
itn_7138369b,trp_44abe323,Aurangabad plan v1,1,1,user,12400.00,INR,1500,12.5,"{""cost"":0.5,""time"":0.3,""carbon"":0.2}",active,2026-07-06T10:00:00+05:30,2026-08-18T10:00:00+05:30
itn_57de7c0a,trp_9af6e7d4,Pondicherry plan v1,1,0,agent,17150.00,INR,1485,12.5,"{""cost"":0.5,""time"":0.3,""carbon"":0.2}",active,2026-05-19T10:00:00+05:30,2026-08-18T10:00:00+05:30
itn_448e6d0c,trp_9af6e7d4,Pondicherry plan v2,2,0,ai_planner,5900.00,INR,1425,12,,active,2026-05-20T10:00:00+05:30,2026-08-18T10:00:00+05:30
itn_11b59764,trp_9af6e7d4,Pondicherry plan v3,3,1,optimizer,15400.00,INR,1395,12.5,"{""cost"":0.5,""time"":0.3,""carbon"":0.2}",active,2026-07-02T10:00:00+05:30,2026-08-18T10:00:00+05:30
itn_6acfd412,trp_90548bc9,Pokhara plan v1,1,0,agent,74130.00,LKR,1695,12.5,,active,2026-07-28T10:00:00+05:30,2026-08-18T10:00:00+05:30
itn_ce5e165c,trp_90548bc9,Pokhara plan v2,2,0,optimizer,58130.00,LKR,1050,11.3,,active,2026-05-09T10:00:00+05:30,2026-08-18T10:00:00+05:30
itn_d44baf61,trp_90548bc9,Pokhara plan v3,3,1,agent,61650.00,LKR,1230,11.3,,active,2026-05-28T10:00:00+05:30,2026-08-18T10:00:00+05:30
itn_78af7140,trp_3e0e98ed,Ooty plan v1,1,1,ai_planner,7800.00,INR,420,6.5,,active,2026-05-10T10:00:00+05:30,2026-08-18T10:00:00+05:30
itn_02acc32c,trp_706fdf80,Panaji plan v1,1,0,ai_planner,1530.50,SGD,390,6.5,"{""cost"":0.5,""time"":0.3,""carbon"":0.2}",active,2026-04-21T10:00:00+05:30,2026-08-18T10:00:00+05:30
itn_31c10761,trp_706fdf80,Panaji plan v2,2,0,agent,3180.50,SGD,435,5.3,,active,2026-06-13T10:00:00+05:30,2026-08-18T10:00:00+05:30
itn_3ba58320,trp_706fdf80,Panaji plan v3,3,1,agent,980.50,SGD,585,6.5,,active,2026-05-14T10:00:00+05:30,2026-08-18T10:00:00+05:30
itn_82ff8a76,trp_aa766de3,Doha plan v1,1,1,agent,2925168.25,IDR,1455,12.5,"{""cost"":0.5,""time"":0.3,""carbon"":0.2}",active,2026-05-07T10:00:00+05:30,2026-08-18T10:00:00+05:30
itn_817cce09,trp_3e798eae,Kandy plan v1,1,0,agent,27425.00,INR,1065,13.7,,active,2026-07-28T10:00:00+05:30,2026-08-18T10:00:00+05:30
itn_07b1bb3d,trp_3e798eae,Kandy plan v2,2,0,optimizer,22632.50,INR,780,11.3,,active,2026-08-07T10:00:00+05:30,2026-08-18T10:00:00+05:30
itn_b20e386e,trp_3e798eae,Kandy plan v3,3,1,ai_planner,25117.50,INR,930,13.7,,active,2026-08-13T10:00:00+05:30,2026-08-18T10:00:00+05:30
itn_f1578ba1,trp_c7b6e5c7,Tirupati plan v1,1,0,ai_planner,7641.50,SGD,1260,13.7,"{""cost"":0.5,""time"":0.3,""carbon"":0.2}",active,2026-06-06T10:00:00+05:30,2026-08-18T10:00:00+05:30
itn_af1498bf,trp_c7b6e5c7,Tirupati plan v2,2,0,optimizer,6550.00,SGD,1050,10.8,,active,2026-06-20T10:00:00+05:30,2026-08-18T10:00:00+05:30
itn_451721c1,trp_c7b6e5c7,Tirupati plan v3,3,1,ai_planner,10341.50,SGD,1470,13.7,,active,2026-07-15T10:00:00+05:30,2026-08-18T10:00:00+05:30
itn_f61dc9f3,trp_7afc863d,Colombo plan v1,1,1,optimizer,35975.00,INR,960,12.5,"{""cost"":0.5,""time"":0.3,""carbon"":0.2}",active,2026-08-12T10:00:00+05:30,2026-08-18T10:00:00+05:30
itn_97ea66e2,trp_fc58b9bd,Jaisalmer plan v1,1,1,agent,6750.00,INR,495,6.5,"{""cost"":0.5,""time"":0.3,""carbon"":0.2}",active,2026-05-26T10:00:00+05:30,2026-08-18T10:00:00+05:30
itn_1530916c,trp_e6cd4e0f,Amritsar plan v1,1,1,user,18750.00,INR,945,13.7,,active,2026-07-05T10:00:00+05:30,2026-08-18T10:00:00+05:30
itn_e9efc89b,trp_ec5e83d5,Udaipur plan v1,1,1,agent,21600.00,BTN,870,10.1,,active,2026-08-05T10:00:00+05:30,2026-08-18T10:00:00+05:30
itn_2b59ee3d,trp_5843566d,Gangtok plan v1,1,1,optimizer,7400.00,INR,900,6.5,,active,2026-07-29T10:00:00+05:30,2026-08-18T10:00:00+05:30
itn_0e287aa6,trp_79899032,Kandy plan v1,1,1,optimizer,18002.50,INR,900,11.3,"{""cost"":0.5,""time"":0.3,""carbon"":0.2}",active,2026-07-03T10:00:00+05:30,2026-08-18T10:00:00+05:30
itn_05993cf3,trp_e5d6ad9d,Jaisalmer plan v1,1,1,agent,22400.00,INR,1455,13.7,"{""cost"":0.5,""time"":0.3,""carbon"":0.2}",active,2026-07-07T10:00:00+05:30,2026-08-18T10:00:00+05:30
itn_a46eb41a,trp_c6e23791,Panaji plan v1,1,0,ai_planner,9800.00,INR,855,13.2,"{""cost"":0.5,""time"":0.3,""carbon"":0.2}",active,2026-06-11T10:00:00+05:30,2026-08-18T10:00:00+05:30
itn_6b3abc32,trp_c6e23791,Panaji plan v2,2,1,agent,21200.00,INR,975,12.5,,active,2026-07-13T10:00:00+05:30,2026-08-18T10:00:00+05:30
itn_9e2fadf1,trp_6b90fe6a,Srinagar plan v1,1,1,agent,1721.75,AED,1305,12.5,"{""cost"":0.5,""time"":0.3,""carbon"":0.2}",active,2026-07-27T10:00:00+05:30,2026-08-18T10:00:00+05:30
itn_5e0a7d1f,trp_4567900f,Dubai plan v1,1,1,ai_planner,15458.64,INR,1290,13.7,"{""cost"":0.5,""time"":0.3,""carbon"":0.2}",active,2026-05-18T10:00:00+05:30,2026-08-18T10:00:00+05:30
itn_c91cc237,trp_ce030396,Amritsar plan v1,1,1,ai_planner,30450.00,INR,1335,13.7,"{""cost"":0.5,""time"":0.3,""carbon"":0.2}",active,2026-06-20T10:00:00+05:30,2026-08-18T10:00:00+05:30
itn_0abc1d15,trp_ae6b4527,Rishikesh plan v1,1,0,agent,3100.00,INR,840,7.2,"{""cost"":0.5,""time"":0.3,""carbon"":0.2}",active,2026-08-09T10:00:00+05:30,2026-08-18T10:00:00+05:30
itn_868397b9,trp_ae6b4527,Rishikesh plan v2,2,0,user,10100.00,INR,990,7.7,,active,2026-07-02T10:00:00+05:30,2026-08-18T10:00:00+05:30
itn_fa32a085,trp_ae6b4527,Rishikesh plan v3,3,1,agent,9850.00,INR,945,10.1,,active,2026-05-20T10:00:00+05:30,2026-08-18T10:00:00+05:30
itn_38695435,trp_4158f34b,Shimla plan v1,1,1,ai_planner,5550.00,INR,765,6.5,,active,2026-06-13T10:00:00+05:30,2026-08-18T10:00:00+05:30
itn_060c4dd3,trp_0ab1cb2b,Aurangabad plan v1,1,1,ai_planner,14100.00,INR,1500,12.5,,active,2026-08-08T10:00:00+05:30,2026-08-18T10:00:00+05:30
itn_0d28baa5,trp_de13fbb8,Munnar plan v1,1,1,optimizer,6250.00,INR,480,6.5,"{""cost"":0.5,""time"":0.3,""carbon"":0.2}",active,2026-05-19T10:00:00+05:30,2026-08-18T10:00:00+05:30
itn_07c3bf53,trp_6d961db4,Thanjavur plan v1,1,1,user,10350.00,INR,540,10.1,,active,2026-05-11T10:00:00+05:30,2026-08-18T10:00:00+05:30
itn_5cdb015a,trp_4c87ad6d,Kolkata plan v1,1,0,agent,19950.00,INR,1065,10.1,"{""cost"":0.5,""time"":0.3,""carbon"":0.2}",active,2026-07-07T10:00:00+05:30,2026-08-18T10:00:00+05:30
itn_89bb9f79,trp_4c87ad6d,Kolkata plan v2,2,0,ai_planner,18400.00,INR,1110,11.3,,active,2026-06-22T10:00:00+05:30,2026-08-18T10:00:00+05:30
itn_c9ac3e67,trp_4c87ad6d,Kolkata plan v3,3,1,agent,18900.00,INR,1350,10.1,"{""cost"":0.5,""time"":0.3,""carbon"":0.2}",active,2026-07-12T10:00:00+05:30,2026-08-18T10:00:00+05:30
itn_f28ca5bf,trp_e5fcba16,Pune plan v1,1,1,user,19800.00,INR,1485,12.5,,active,2026-05-20T10:00:00+05:30,2026-08-18T10:00:00+05:30
itn_6fcfffa7,trp_64726e5f,Tirupati plan v1,1,1,agent,29000.00,INR,1020,13.7,,active,2026-05-20T10:00:00+05:30,2026-08-18T10:00:00+05:30
itn_372d9ba9,trp_e9978e3e,Panaji plan v1,1,1,optimizer,21350.00,INR,1140,11.3,,active,2026-05-03T10:00:00+05:30,2026-08-18T10:00:00+05:30
itn_af12851b,trp_4507663e,Jaisalmer plan v1,1,1,ai_planner,9450.00,INR,705,7.7,,active,2026-06-07T10:00:00+05:30,2026-08-18T10:00:00+05:30
itn_3d957ffe,trp_7b77aa24,Visakhapatnam plan v1,1,1,ai_planner,24300.00,INR,1305,13.7,"{""cost"":0.5,""time"":0.3,""carbon"":0.2}",active,2026-05-20T10:00:00+05:30,2026-08-18T10:00:00+05:30
itn_1ba926a0,trp_087633e3,Lucknow plan v1,1,1,optimizer,22000.00,INR,1290,12.5,"{""cost"":0.5,""time"":0.3,""carbon"":0.2}",active,2026-06-21T10:00:00+05:30,2026-08-18T10:00:00+05:30
itn_b57b0ea1,trp_3e263e75,Kathmandu plan v1,1,1,optimizer,28820.00,INR,1110,12.5,,active,2026-06-12T10:00:00+05:30,2026-08-18T10:00:00+05:30
itn_1db13320,trp_f0bbd941,Jaisalmer plan v1,1,1,user,17200.00,INR,855,8.9,"{""cost"":0.5,""time"":0.3,""carbon"":0.2}",active,2026-05-27T10:00:00+05:30,2026-08-18T10:00:00+05:30
itn_ea0cbe56,trp_03ebe095,Manali plan v1,1,0,ai_planner,1150.00,INR,900,8.4,,active,2026-06-20T10:00:00+05:30,2026-08-18T10:00:00+05:30
itn_66ac5e7a,trp_03ebe095,Manali plan v2,2,1,user,8800.00,INR,960,8.9,"{""cost"":0.5,""time"":0.3,""carbon"":0.2}",active,2026-07-22T10:00:00+05:30,2026-08-18T10:00:00+05:30
itn_ddf75683,trp_e5ff1490,Thimphu plan v1,1,0,agent,18400.00,INR,1065,13.7,"{""cost"":0.5,""time"":0.3,""carbon"":0.2}",active,2026-05-12T10:00:00+05:30,2026-08-18T10:00:00+05:30
itn_e937b578,trp_e5ff1490,Thimphu plan v2,2,1,user,24500.00,INR,1260,13.7,"{""cost"":0.5,""time"":0.3,""carbon"":0.2}",active,2026-06-02T10:00:00+05:30,2026-08-18T10:00:00+05:30
itn_0384eafe,trp_c31653d2,Gokarna plan v1,1,1,ai_planner,14500.00,INR,1620,13.7,"{""cost"":0.5,""time"":0.3,""carbon"":0.2}",active,2026-05-11T10:00:00+05:30,2026-08-18T10:00:00+05:30
itn_0db0893c,trp_ebe52e65,Pune plan v1,1,1,ai_planner,22250.00,INR,1785,13.7,"{""cost"":0.5,""time"":0.3,""carbon"":0.2}",active,2026-07-01T10:00:00+05:30,2026-08-18T10:00:00+05:30
itn_b90a5f91,trp_95715c8a,Aurangabad plan v1,1,1,optimizer,18550.00,INR,1305,12.5,,active,2026-07-06T10:00:00+05:30,2026-08-18T10:00:00+05:30
itn_17cb23d8,trp_ab774ec9,Thiruvananthapuram plan v1,1,1,ai_planner,10220.00,THB,1485,13.7,"{""cost"":0.5,""time"":0.3,""carbon"":0.2}",active,2026-06-22T10:00:00+05:30,2026-08-18T10:00:00+05:30
itn_6f9bf227,trp_f8995cd0,Leh plan v1,1,1,optimizer,5650.00,INR,495,6.5,,active,2026-08-04T10:00:00+05:30,2026-08-18T10:00:00+05:30
itn_06832e77,trp_2472305e,Tirupati plan v1,1,1,agent,9550.00,MVR,1275,12,,active,2026-08-13T10:00:00+05:30,2026-08-18T10:00:00+05:30
itn_e12e0672,trp_24b6d605,Chennai plan v1,1,1,user,7762.50,MVR,1170,11.3,"{""cost"":0.5,""time"":0.3,""carbon"":0.2}",active,2026-07-14T10:00:00+05:30,2026-08-18T10:00:00+05:30
itn_dd0fdc34,trp_91d592b2,Jaisalmer plan v1,1,1,ai_planner,23450.00,INR,1020,10.1,"{""cost"":0.5,""time"":0.3,""carbon"":0.2}",active,2026-07-03T10:00:00+05:30,2026-08-18T10:00:00+05:30
itn_43be7289,trp_bcc3e676,Ahmedabad plan v1,1,1,user,5400.00,INR,795,6.5,"{""cost"":0.5,""time"":0.3,""carbon"":0.2}",active,2026-06-25T10:00:00+05:30,2026-08-18T10:00:00+05:30
itn_c6215f9f,trp_e469328d,Jaipur plan v1,1,1,optimizer,1951150.00,IDR,1335,11.3,"{""cost"":0.5,""time"":0.3,""carbon"":0.2}",active,2026-07-14T10:00:00+05:30,2026-08-18T10:00:00+05:30
itn_aad1300c,trp_cb526c8f,Varanasi plan v1,1,1,user,23650.00,INR,1200,12.5,,active,2026-05-30T10:00:00+05:30,2026-08-18T10:00:00+05:30
itn_d0e45d2b,trp_47080e5b,Udaipur plan v1,1,1,optimizer,18100.00,INR,1170,10.1,,active,2026-08-12T10:00:00+05:30,2026-08-18T10:00:00+05:30
itn_145f993c,trp_d1b2a8eb,Bangkok plan v1,1,1,optimizer,13515.35,INR,960,12.5,"{""cost"":0.5,""time"":0.3,""carbon"":0.2}",active,2026-08-09T10:00:00+05:30,2026-08-18T10:00:00+05:30
itn_dd50178a,trp_b2aef743,Hyderabad plan v1,1,1,ai_planner,6050.00,INR,480,6.5,"{""cost"":0.5,""time"":0.3,""carbon"":0.2}",active,2026-08-03T10:00:00+05:30,2026-08-18T10:00:00+05:30
itn_402a8851,trp_9805085a,Bhubaneswar plan v1,1,1,optimizer,12750.00,NPR,495,6.5,"{""cost"":0.5,""time"":0.3,""carbon"":0.2}",active,2026-06-19T10:00:00+05:30,2026-08-18T10:00:00+05:30
itn_248ea220,trp_3faed012,Visakhapatnam plan v1,1,0,optimizer,20000.00,INR,1335,11.3,,active,2026-05-07T10:00:00+05:30,2026-08-18T10:00:00+05:30
itn_87fee542,trp_3faed012,Visakhapatnam plan v2,2,0,user,21600.00,INR,1125,12.5,,active,2026-06-25T10:00:00+05:30,2026-08-18T10:00:00+05:30
itn_69c37a2b,trp_3faed012,Visakhapatnam plan v3,3,1,optimizer,20250.00,INR,825,11.3,,active,2026-06-25T10:00:00+05:30,2026-08-18T10:00:00+05:30
itn_74736901,trp_7a22e52a,Wayanad plan v1,1,1,ai_planner,10550.00,INR,330,6.5,,active,2026-06-21T10:00:00+05:30,2026-08-18T10:00:00+05:30
itn_1da00660,trp_cab596c9,Udaipur plan v1,1,1,optimizer,17350.00,INR,900,11.3,,active,2026-05-16T10:00:00+05:30,2026-08-18T10:00:00+05:30
itn_88bb0aff,trp_3addadca,Nainital plan v1,1,1,ai_planner,3302.50,CHF,675,6.5,"{""cost"":0.5,""time"":0.3,""carbon"":0.2}",active,2026-05-08T10:00:00+05:30,2026-08-18T10:00:00+05:30
itn_284c3538,trp_acaf45e7,Gokarna plan v1,1,1,ai_planner,13450.00,INR,1485,13.7,,active,2026-06-24T10:00:00+05:30,2026-08-18T10:00:00+05:30
itn_c29c1f84,trp_53f18756,Kyoto plan v1,1,1,ai_planner,8487.50,AED,1650,12.5,,active,2026-05-22T10:00:00+05:30,2026-08-18T10:00:00+05:30
itn_a39345d5,trp_13f532df,Mysuru plan v1,1,1,ai_planner,2900.00,INR,420,4.8,,active,2026-07-18T10:00:00+05:30,2026-08-18T10:00:00+05:30
itn_6f75318d,trp_234af87a,Guwahati plan v1,1,1,optimizer,14800.00,INR,1020,13.7,"{""cost"":0.5,""time"":0.3,""carbon"":0.2}",active,2026-06-24T10:00:00+05:30,2026-08-18T10:00:00+05:30
itn_6c928f45,trp_fd4e6af3,Nainital plan v1,1,1,ai_planner,2934050.00,IDR,1455,12.5,,active,2026-06-25T10:00:00+05:30,2026-08-18T10:00:00+05:30
itn_1330340b,trp_2b1c9a53,Mumbai plan v1,1,0,ai_planner,22600.00,INR,900,10.1,,active,2026-07-10T10:00:00+05:30,2026-08-18T10:00:00+05:30
itn_35d698e6,trp_2b1c9a53,Mumbai plan v2,2,0,ai_planner,23300.00,INR,1215,12.5,,active,2026-07-06T10:00:00+05:30,2026-08-18T10:00:00+05:30
itn_0edc6018,trp_2b1c9a53,Mumbai plan v3,3,1,optimizer,22750.00,INR,900,12.5,,active,2026-06-16T10:00:00+05:30,2026-08-18T10:00:00+05:30
itn_87fd7708,trp_058d5aea,Kolkata plan v1,1,0,optimizer,15000.00,INR,555,7.7,,active,2026-07-06T10:00:00+05:30,2026-08-18T10:00:00+05:30
itn_971324de,trp_058d5aea,Kolkata plan v2,2,1,ai_planner,10100.00,INR,1245,10.1,,active,2026-06-17T10:00:00+05:30,2026-08-18T10:00:00+05:30
itn_e45d5bdc,trp_f83ed4d2,Puri plan v1,1,1,ai_planner,8600.00,INR,990,10.1,,active,2026-05-21T10:00:00+05:30,2026-08-18T10:00:00+05:30
itn_721f890f,trp_de13b938,Pune plan v1,1,1,user,16450.00,INR,1320,13.7,,active,2026-07-07T10:00:00+05:30,2026-08-18T10:00:00+05:30
itn_add8f44a,trp_572d4b08,Thanjavur plan v1,1,1,optimizer,1400.00,INR,1020,13.2,"{""cost"":0.5,""time"":0.3,""carbon"":0.2}",active,2026-06-22T10:00:00+05:30,2026-08-18T10:00:00+05:30
itn_6cd4aaeb,trp_3a5885a5,Manali plan v1,1,1,user,11950.00,INR,960,12.5,,active,2026-08-11T10:00:00+05:30,2026-08-18T10:00:00+05:30
itn_13b9cde9,trp_ba83403f,Wayanad plan v1,1,1,ai_planner,22500.00,INR,1305,11.3,,active,2026-07-01T10:00:00+05:30,2026-08-18T10:00:00+05:30
itn_d3cf0d4f,trp_97bcd5c8,Pondicherry plan v1,1,1,ai_planner,30900.00,INR,1410,13.7,"{""cost"":0.5,""time"":0.3,""carbon"":0.2}",active,2026-05-31T10:00:00+05:30,2026-08-18T10:00:00+05:30
itn_5b1372bd,trp_1f82c042,Bengaluru plan v1,1,1,optimizer,12667.50,THB,1200,12.5,,active,2026-06-08T10:00:00+05:30,2026-08-18T10:00:00+05:30
itn_c27d4d29,trp_cafb851c,Kyoto plan v1,1,0,agent,10915.00,INR,705,5.3,,active,2026-05-29T10:00:00+05:30,2026-08-18T10:00:00+05:30
itn_643022e4,trp_cafb851c,Kyoto plan v2,2,0,ai_planner,9914.00,INR,405,6.5,,active,2026-07-08T10:00:00+05:30,2026-08-18T10:00:00+05:30
itn_0f09cdcd,trp_cafb851c,Kyoto plan v3,3,1,ai_planner,5455.00,INR,390,4.1,,active,2026-04-29T10:00:00+05:30,2026-08-18T10:00:00+05:30
itn_c3f0784c,trp_df4fb834,Ooty plan v1,1,0,ai_planner,14050.00,INR,750,11.3,,active,2026-06-16T10:00:00+05:30,2026-08-18T10:00:00+05:30
itn_de7882d0,trp_df4fb834,Ooty plan v2,2,0,user,17750.00,INR,870,11.3,,active,2026-08-04T10:00:00+05:30,2026-08-18T10:00:00+05:30
itn_38a8e1dc,trp_df4fb834,Ooty plan v3,3,1,ai_planner,18900.00,INR,930,13.7,,active,2026-04-29T10:00:00+05:30,2026-08-18T10:00:00+05:30
itn_f383744d,trp_16836146,Tirupati plan v1,1,1,optimizer,5950.00,INR,375,5.3,,active,2026-05-05T10:00:00+05:30,2026-08-18T10:00:00+05:30
itn_edbe6b7c,trp_45a660c5,Kolkata plan v1,1,1,ai_planner,24250.00,INR,1335,13.7,,active,2026-04-30T10:00:00+05:30,2026-08-18T10:00:00+05:30
itn_117d3afd,trp_a8e65113,Srinagar plan v1,1,0,user,26725.00,LKR,645,8.9,,active,2026-05-15T10:00:00+05:30,2026-08-18T10:00:00+05:30
itn_fe43515b,trp_a8e65113,Srinagar plan v2,2,1,agent,0.00,LKR,720,7.2,,active,2026-04-26T10:00:00+05:30,2026-08-18T10:00:00+05:30
itn_b8db3f98,trp_95ffc5b8,New Delhi plan v1,1,1,agent,800.00,INR,660,8.4,"{""cost"":0.5,""time"":0.3,""carbon"":0.2}",active,2026-06-09T10:00:00+05:30,2026-08-18T10:00:00+05:30
itn_92f4be35,trp_418cd9f5,Male plan v1,1,1,ai_planner,8101.25,INR,885,8.9,,active,2026-05-01T10:00:00+05:30,2026-08-18T10:00:00+05:30
itn_be195569,trp_fe962840,Kandy plan v1,1,1,user,35715.00,NPR,900,12.5,,active,2026-06-13T10:00:00+05:30,2026-08-18T10:00:00+05:30
itn_ec14d81f,trp_60fe0650,Tirupati plan v1,1,1,ai_planner,8200.00,INR,540,6.5,,active,2026-05-16T10:00:00+05:30,2026-08-18T10:00:00+05:30
itn_b715e7f1,trp_3e1f142c,Aurangabad plan v1,1,1,ai_planner,23250.00,INR,1365,11.3,"{""cost"":0.5,""time"":0.3,""carbon"":0.2}",active,2026-05-13T10:00:00+05:30,2026-08-18T10:00:00+05:30
itn_0c8b3edf,trp_f1bbbfc4,Pune plan v1,1,1,ai_planner,18750.00,INR,1785,13.7,"{""cost"":0.5,""time"":0.3,""carbon"":0.2}",active,2026-04-30T10:00:00+05:30,2026-08-18T10:00:00+05:30
itn_09f344d0,trp_e19281ce,Shimla plan v1,1,1,ai_planner,18450.00,INR,1215,12.5,,active,2026-08-10T10:00:00+05:30,2026-08-18T10:00:00+05:30
itn_b70fc273,trp_f45d3ef9,Rishikesh plan v1,1,1,user,15600.00,INR,1050,11.3,,active,2026-06-04T10:00:00+05:30,2026-08-18T10:00:00+05:30
itn_d65f1333,trp_d44e94e7,Bengaluru plan v1,1,1,agent,20100.00,NPR,1020,12.5,"{""cost"":0.5,""time"":0.3,""carbon"":0.2}",active,2026-08-04T10:00:00+05:30,2026-08-18T10:00:00+05:30
itn_05172217,trp_897d9724,Udaipur plan v1,1,1,user,24150.00,INR,1215,12.5,,active,2026-07-20T10:00:00+05:30,2026-08-18T10:00:00+05:30
itn_4998d97a,trp_e16227b5,Agra plan v1,1,1,optimizer,22450.00,INR,1290,11.3,,active,2026-07-27T10:00:00+05:30,2026-08-18T10:00:00+05:30
itn_19a792f1,trp_edc2177c,Amritsar plan v1,1,0,ai_planner,15650.00,INR,1455,12.5,,active,2026-06-15T10:00:00+05:30,2026-08-18T10:00:00+05:30
itn_440e1f0d,trp_edc2177c,Amritsar plan v2,2,1,optimizer,13250.00,INR,1335,12.5,,active,2026-05-30T10:00:00+05:30,2026-08-18T10:00:00+05:30
itn_d04fe8c0,trp_67de89e5,Bhubaneswar plan v1,1,1,ai_planner,32300.00,INR,780,11.3,,active,2026-04-30T10:00:00+05:30,2026-08-18T10:00:00+05:30
itn_abece893,trp_22fefa8b,Shillong plan v1,1,1,optimizer,7700.00,INR,585,6.5,,active,2026-06-26T10:00:00+05:30,2026-08-18T10:00:00+05:30
itn_dba763b5,trp_773ff3c5,Varanasi plan v1,1,1,agent,19400.00,INR,1860,13.7,,active,2026-05-20T10:00:00+05:30,2026-08-18T10:00:00+05:30
itn_468cfb6f,trp_73f84cd3,Amritsar plan v1,1,1,ai_planner,11300.00,INR,1170,10.1,"{""cost"":0.5,""time"":0.3,""carbon"":0.2}",active,2026-07-17T10:00:00+05:30,2026-08-18T10:00:00+05:30
itn_7b57f928,trp_f2bf08e7,Kolkata plan v1,1,1,user,21900.00,INR,1395,13.7,"{""cost"":0.5,""time"":0.3,""carbon"":0.2}",active,2026-04-26T10:00:00+05:30,2026-08-18T10:00:00+05:30
itn_3edcf6f5,trp_154f5086,Kolkata plan v1,1,1,agent,8401.25,AED,1260,12.5,"{""cost"":0.5,""time"":0.3,""carbon"":0.2}",active,2026-06-20T10:00:00+05:30,2026-08-18T10:00:00+05:30
itn_db7f956e,trp_e59e0b3d,Kyoto plan v1,1,0,ai_planner,33334.00,INR,1545,12.5,"{""cost"":0.5,""time"":0.3,""carbon"":0.2}",active,2026-07-27T10:00:00+05:30,2026-08-18T10:00:00+05:30
itn_c382cdfe,trp_e59e0b3d,Kyoto plan v2,2,0,user,31787.00,INR,1410,12.5,"{""cost"":0.5,""time"":0.3,""carbon"":0.2}",active,2026-05-27T10:00:00+05:30,2026-08-18T10:00:00+05:30
itn_b48850e7,trp_e59e0b3d,Kyoto plan v3,3,1,agent,27874.00,INR,1245,12.5,"{""cost"":0.5,""time"":0.3,""carbon"":0.2}",active,2026-05-09T10:00:00+05:30,2026-08-18T10:00:00+05:30
itn_beead78f,trp_1b20de3f,Singapore plan v1,1,1,ai_planner,116.74,INR,990,10.8,"{""cost"":0.5,""time"":0.3,""carbon"":0.2}",active,2026-08-07T10:00:00+05:30,2026-08-18T10:00:00+05:30
itn_10cc3b79,trp_0c58e20b,Jaipur plan v1,1,1,user,15600.00,INR,975,12.5,,active,2026-05-12T10:00:00+05:30,2026-08-18T10:00:00+05:30
itn_7213dacf,trp_9b05bb65,Thiruvananthapuram plan v1,1,1,user,12800.00,INR,1395,13.7,"{""cost"":0.5,""time"":0.3,""carbon"":0.2}",active,2026-06-21T10:00:00+05:30,2026-08-18T10:00:00+05:30
itn_2670e51a,trp_86a8180b,Male plan v1,1,1,ai_planner,8138.25,INR,1020,10.1,"{""cost"":0.5,""time"":0.3,""carbon"":0.2}",active,2026-05-19T10:00:00+05:30,2026-08-18T10:00:00+05:30
itn_a4a78a9c,trp_0c4edd73,Wayanad plan v1,1,1,optimizer,13750.00,INR,915,11.3,"{""cost"":0.5,""time"":0.3,""carbon"":0.2}",active,2026-05-24T10:00:00+05:30,2026-08-18T10:00:00+05:30
itn_e0029961,trp_6dccaaae,Bali plan v1,1,1,agent,963250.00,INR,570,10.1,,active,2026-05-10T10:00:00+05:30,2026-08-18T10:00:00+05:30
itn_0282a4a3,trp_3d0f7e84,Lucknow plan v1,1,1,ai_planner,20350.00,INR,915,11.3,"{""cost"":0.5,""time"":0.3,""carbon"":0.2}",active,2026-05-20T10:00:00+05:30,2026-08-18T10:00:00+05:30
itn_81614ab4,trp_87c1afde,Abu Dhabi plan v1,1,1,ai_planner,5046.31,INR,420,4.1,,active,2026-06-26T10:00:00+05:30,2026-08-18T10:00:00+05:30
itn_1bbe8d5e,trp_1958f050,Pokhara plan v1,1,1,agent,20980.00,INR,1635,13.7,"{""cost"":0.5,""time"":0.3,""carbon"":0.2}",active,2026-06-16T10:00:00+05:30,2026-08-18T10:00:00+05:30
itn_78e6505b,trp_fad7e244,Varanasi plan v1,1,1,ai_planner,8450.00,INR,1305,8.9,,active,2026-06-24T10:00:00+05:30,2026-08-18T10:00:00+05:30
itn_7126b3ab,trp_feb381e2,Tirupati plan v1,1,1,optimizer,7950.00,INR,405,5.3,,active,2026-08-03T10:00:00+05:30,2026-08-18T10:00:00+05:30
itn_57241b7e,trp_9dfd38b4,Bali plan v1,1,1,user,407250.00,INR,855,8.9,"{""cost"":0.5,""time"":0.3,""carbon"":0.2}",active,2026-07-30T10:00:00+05:30,2026-08-18T10:00:00+05:30
itn_e3274558,trp_a090d1f1,Guwahati plan v1,1,0,agent,12000.00,INR,870,10.1,,active,2026-05-08T10:00:00+05:30,2026-08-18T10:00:00+05:30
itn_628d2322,trp_a090d1f1,Guwahati plan v2,2,1,ai_planner,13300.00,INR,945,10.1,"{""cost"":0.5,""time"":0.3,""carbon"":0.2}",active,2026-08-06T10:00:00+05:30,2026-08-18T10:00:00+05:30
itn_32d05607,trp_8e052cdf,Darjeeling plan v1,1,1,user,22050.00,INR,1020,13.7,"{""cost"":0.5,""time"":0.3,""carbon"":0.2}",active,2026-07-29T10:00:00+05:30,2026-08-18T10:00:00+05:30
itn_7683b20d,trp_db8edb3f,Aurangabad plan v1,1,1,optimizer,1280.50,SGD,450,4.1,,active,2026-07-21T10:00:00+05:30,2026-08-18T10:00:00+05:30
itn_db3e20c1,trp_fd96ecd9,Shimla plan v1,1,0,optimizer,4037.50,MVR,1215,12.5,,active,2026-07-05T10:00:00+05:30,2026-08-18T10:00:00+05:30
itn_b1e65c69,trp_fd96ecd9,Shimla plan v2,2,1,ai_planner,4237.50,MVR,1545,13.7,,active,2026-05-09T10:00:00+05:30,2026-08-18T10:00:00+05:30
itn_0c9453c6,trp_a22b16f6,Leh plan v1,1,1,agent,2950.00,INR,930,10.8,"{""cost"":0.5,""time"":0.3,""carbon"":0.2}",active,2026-06-09T10:00:00+05:30,2026-08-18T10:00:00+05:30
itn_31ce2dd2,trp_aa498437,Lucknow plan v1,1,1,ai_planner,900.00,INR,570,6,,active,2026-05-11T10:00:00+05:30,2026-08-18T10:00:00+05:30
itn_280447b0,trp_70ac83bf,Thiruvananthapuram plan v1,1,1,user,5400.00,INR,720,5.3,,active,2026-08-03T10:00:00+05:30,2026-08-18T10:00:00+05:30
itn_55d85ac4,trp_10a5cdc9,Male plan v1,1,0,ai_planner,16137.75,INR,1530,13.7,,active,2026-05-25T10:00:00+05:30,2026-08-18T10:00:00+05:30
itn_9604801c,trp_10a5cdc9,Male plan v2,2,1,optimizer,1461.50,INR,1590,12,,active,2026-08-10T10:00:00+05:30,2026-08-18T10:00:00+05:30
itn_8463548c,trp_997cc8cc,Pokhara plan v1,1,0,optimizer,9592.50,MVR,915,11.3,"{""cost"":0.5,""time"":0.3,""carbon"":0.2}",active,2026-05-09T10:00:00+05:30,2026-08-18T10:00:00+05:30
itn_af3c4cb8,trp_997cc8cc,Pokhara plan v2,2,1,user,17032.50,MVR,1455,13.7,,active,2026-08-06T10:00:00+05:30,2026-08-18T10:00:00+05:30
itn_8a7eee4e,trp_0c34e3f4,Jaipur plan v1,1,1,user,23150.00,INR,795,13.7,,active,2026-08-07T10:00:00+05:30,2026-08-18T10:00:00+05:30
itn_77472f4f,trp_fefb6d73,Nainital plan v1,1,1,agent,28850.00,INR,1125,13.7,,active,2026-08-07T10:00:00+05:30,2026-08-18T10:00:00+05:30
itn_e448d4a2,trp_520dc671,Bhuj plan v1,1,0,user,3200.00,INR,270,6,,active,2026-07-24T10:00:00+05:30,2026-08-18T10:00:00+05:30
itn_21039c83,trp_520dc671,Bhuj plan v2,2,0,user,10600.00,INR,510,6.5,,active,2026-05-16T10:00:00+05:30,2026-08-18T10:00:00+05:30
itn_e2338da4,trp_520dc671,Bhuj plan v3,3,1,ai_planner,7700.00,INR,240,4.1,"{""cost"":0.5,""time"":0.3,""carbon"":0.2}",active,2026-08-03T10:00:00+05:30,2026-08-18T10:00:00+05:30
itn_98bbbc5f,trp_8cceaae7,Nainital plan v1,1,1,user,7300.00,INR,1425,13.2,"{""cost"":0.5,""time"":0.3,""carbon"":0.2}",active,2026-05-12T10:00:00+05:30,2026-08-18T10:00:00+05:30
itn_f4795cab,trp_26ad6ac9,Manali plan v1,1,0,optimizer,8450.00,INR,840,8.9,,active,2026-06-16T10:00:00+05:30,2026-08-18T10:00:00+05:30
itn_b7e54d98,trp_26ad6ac9,Manali plan v2,2,1,ai_planner,10100.00,INR,735,8.9,,active,2026-06-10T10:00:00+05:30,2026-08-18T10:00:00+05:30
itn_e6695ea8,trp_4b9e6595,Leh plan v1,1,0,user,2441700.00,IDR,1020,13.7,,active,2026-07-09T10:00:00+05:30,2026-08-18T10:00:00+05:30
itn_067fe85b,trp_4b9e6595,Leh plan v2,2,0,user,2439350.00,IDR,900,13.7,"{""cost"":0.5,""time"":0.3,""carbon"":0.2}",active,2026-06-27T10:00:00+05:30,2026-08-18T10:00:00+05:30
itn_c1994b4b,trp_4b9e6595,Leh plan v3,3,1,ai_planner,2440100.00,IDR,975,12.5,,active,2026-05-18T10:00:00+05:30,2026-08-18T10:00:00+05:30
itn_5e9e5b51,trp_9e0e3864,Gokarna plan v1,1,1,ai_planner,12900.00,INR,1200,10.1,,active,2026-07-17T10:00:00+05:30,2026-08-18T10:00:00+05:30
itn_e2c2b9bf,trp_67a041ab,Leh plan v1,1,1,ai_planner,34200.00,NPR,1020,10.1,,active,2026-08-05T10:00:00+05:30,2026-08-18T10:00:00+05:30
itn_5626f3de,trp_2fee6106,Thimphu plan v1,1,1,optimizer,6000.00,INR,1020,12,"{""cost"":0.5,""time"":0.3,""carbon"":0.2}",active,2026-07-07T10:00:00+05:30,2026-08-18T10:00:00+05:30
itn_750b3e26,trp_ca5546b3,Male plan v1,1,0,user,20675.25,INR,1050,10.1,,active,2026-05-11T10:00:00+05:30,2026-08-18T10:00:00+05:30
itn_f6c41c23,trp_ca5546b3,Male plan v2,2,0,ai_planner,1406.00,INR,1155,10.8,"{""cost"":0.5,""time"":0.3,""carbon"":0.2}",active,2026-05-27T10:00:00+05:30,2026-08-18T10:00:00+05:30
itn_317f856d,trp_ca5546b3,Male plan v3,3,1,ai_planner,20860.25,INR,1020,11.3,"{""cost"":0.5,""time"":0.3,""carbon"":0.2}",active,2026-04-27T10:00:00+05:30,2026-08-18T10:00:00+05:30
itn_b956b199,trp_34f84795,Madurai plan v1,1,1,ai_planner,2724.00,MYR,1125,10.1,,active,2026-08-11T10:00:00+05:30,2026-08-18T10:00:00+05:30
itn_37ba8659,trp_cb6840c6,Mumbai plan v1,1,1,ai_planner,16650.00,INR,1635,13.7,,active,2026-07-05T10:00:00+05:30,2026-08-18T10:00:00+05:30
itn_47f11f46,trp_6b3bd54e,Kandy plan v1,1,1,user,9407.50,INR,885,10.8,"{""cost"":0.5,""time"":0.3,""carbon"":0.2}",active,2026-08-10T10:00:00+05:30,2026-08-18T10:00:00+05:30
itn_e5fe473e,trp_0e4afde6,Kolkata plan v1,1,1,optimizer,12500.00,INR,1215,10.1,,active,2026-06-01T10:00:00+05:30,2026-08-18T10:00:00+05:30
itn_90a010df,trp_bd69fea3,Dubai plan v1,1,1,user,20266.82,INR,1275,12.5,,active,2026-08-06T10:00:00+05:30,2026-08-18T10:00:00+05:30
itn_19ff1aea,trp_89b7c125,Kandy plan v1,1,1,ai_planner,26197.50,INR,825,12.5,,active,2026-07-25T10:00:00+05:30,2026-08-18T10:00:00+05:30
itn_cc254c17,trp_bc0dd54e,Kolkata plan v1,1,1,ai_planner,780.75,AED,1170,8.9,"{""cost"":0.5,""time"":0.3,""carbon"":0.2}",active,2026-05-08T10:00:00+05:30,2026-08-18T10:00:00+05:30
itn_94a721c5,trp_3a3fe157,Jaisalmer plan v1,1,1,agent,20150.00,INR,1830,12.5,"{""cost"":0.5,""time"":0.3,""carbon"":0.2}",active,2026-07-02T10:00:00+05:30,2026-08-18T10:00:00+05:30
itn_4f6abe7d,trp_844f6374,Lucknow plan v1,1,1,user,10150.00,INR,900,10.1,"{""cost"":0.5,""time"":0.3,""carbon"":0.2}",active,2026-05-11T10:00:00+05:30,2026-08-18T10:00:00+05:30
itn_ce86d6b2,trp_634a2f2f,Gangtok plan v1,1,1,optimizer,21750.00,INR,1350,10.1,,active,2026-07-24T10:00:00+05:30,2026-08-18T10:00:00+05:30
itn_5dea5818,trp_bbf16dcd,Bhuj plan v1,1,1,agent,21450.00,INR,960,13.7,,active,2026-05-13T10:00:00+05:30,2026-08-18T10:00:00+05:30
itn_028e6af6,trp_0eaece39,Bangkok plan v1,1,0,agent,14210.00,INR,1320,12.5,"{""cost"":0.5,""time"":0.3,""carbon"":0.2}",active,2026-05-10T10:00:00+05:30,2026-08-18T10:00:00+05:30
itn_70619162,trp_0eaece39,Bangkok plan v2,2,1,ai_planner,12441.80,INR,750,13.7,,active,2026-07-01T10:00:00+05:30,2026-08-18T10:00:00+05:30
itn_dcade173,trp_c39c8f75,Zurich plan v1,1,1,optimizer,17507.36,INR,1320,12.5,,active,2026-05-10T10:00:00+05:30,2026-08-18T10:00:00+05:30
itn_558bbe40,trp_c2089a00,Chennai plan v1,1,1,ai_planner,21300.00,INR,1155,11.3,,active,2026-07-10T10:00:00+05:30,2026-08-18T10:00:00+05:30
itn_0c51323a,trp_73e63df2,Darjeeling plan v1,1,1,ai_planner,19700.00,INR,1485,13.7,,active,2026-04-26T10:00:00+05:30,2026-08-18T10:00:00+05:30
itn_5f39ea50,trp_c59e8ff4,Visakhapatnam plan v1,1,0,user,12400.00,INR,1020,10.1,"{""cost"":0.5,""time"":0.3,""carbon"":0.2}",active,2026-07-23T10:00:00+05:30,2026-08-18T10:00:00+05:30
itn_3fc7447f,trp_c59e8ff4,Visakhapatnam plan v2,2,1,agent,11300.00,INR,615,10.1,"{""cost"":0.5,""time"":0.3,""carbon"":0.2}",active,2026-07-24T10:00:00+05:30,2026-08-18T10:00:00+05:30
itn_5d4a4726,trp_299b74ad,Bhubaneswar plan v1,1,1,optimizer,20900.00,INR,825,11.3,,active,2026-06-23T10:00:00+05:30,2026-08-18T10:00:00+05:30
itn_629d1e79,trp_6579c710,Hampi plan v1,1,1,user,17450.00,INR,885,12.5,,active,2026-05-03T10:00:00+05:30,2026-08-18T10:00:00+05:30
itn_e102e483,trp_9f0e2c12,Panaji plan v1,1,1,user,9100.00,INR,390,6.5,,active,2026-07-30T10:00:00+05:30,2026-08-18T10:00:00+05:30
itn_918cc40d,trp_ca70f1c6,Leh plan v1,1,1,user,16800.00,INR,825,12.5,,active,2026-06-05T10:00:00+05:30,2026-08-18T10:00:00+05:30
itn_0e82312c,trp_5f84d260,Gangtok plan v1,1,0,ai_planner,17050.00,INR,1830,13.7,"{""cost"":0.5,""time"":0.3,""carbon"":0.2}",active,2026-07-15T10:00:00+05:30,2026-08-18T10:00:00+05:30
itn_a9f581d4,trp_5f84d260,Gangtok plan v2,2,0,agent,5750.00,INR,1500,10.8,"{""cost"":0.5,""time"":0.3,""carbon"":0.2}",active,2026-08-10T10:00:00+05:30,2026-08-18T10:00:00+05:30
itn_ea79e4b0,trp_5f84d260,Gangtok plan v3,3,1,optimizer,14150.00,INR,1185,10.1,"{""cost"":0.5,""time"":0.3,""carbon"":0.2}",active,2026-06-20T10:00:00+05:30,2026-08-18T10:00:00+05:30
itn_639774f6,trp_2f330bc2,Panaji plan v1,1,1,optimizer,27400.00,INR,1050,13.7,"{""cost"":0.5,""time"":0.3,""carbon"":0.2}",active,2026-07-08T10:00:00+05:30,2026-08-18T10:00:00+05:30
itn_a6262c9f,trp_3b4b53a6,Hyderabad plan v1,1,1,ai_planner,19500.00,INR,1485,13.7,,active,2026-06-16T10:00:00+05:30,2026-08-18T10:00:00+05:30
itn_5425528a,trp_42b0f9e2,Ahmedabad plan v1,1,1,optimizer,16550.00,INR,1575,12.5,,active,2026-06-10T10:00:00+05:30,2026-08-18T10:00:00+05:30
itn_d4edebbb,trp_8ec37f48,Pondicherry plan v1,1,1,agent,27150.00,INR,1440,12.5,"{""cost"":0.5,""time"":0.3,""carbon"":0.2}",active,2026-08-05T10:00:00+05:30,2026-08-18T10:00:00+05:30
itn_f2e815ac,trp_1bb1485b,Darjeeling plan v1,1,1,ai_planner,9150.00,INR,570,6.5,,active,2026-08-13T10:00:00+05:30,2026-08-18T10:00:00+05:30
itn_bbcd0e40,trp_12961d3c,Gangtok plan v1,1,1,ai_planner,10200.00,INR,735,8.9,,active,2026-07-17T10:00:00+05:30,2026-08-18T10:00:00+05:30
itn_76c31652,trp_411ac676,Ahmedabad plan v1,1,1,user,16000.00,INR,1485,12.5,,active,2026-06-14T10:00:00+05:30,2026-08-18T10:00:00+05:30
itn_3707cd51,trp_75b9d7b8,Bhuj plan v1,1,1,ai_planner,19450.00,INR,945,12.5,,active,2026-07-02T10:00:00+05:30,2026-08-18T10:00:00+05:30
itn_d2575128,trp_d46d667f,Ahmedabad plan v1,1,1,agent,9150.00,MVR,1470,12.5,"{""cost"":0.5,""time"":0.3,""carbon"":0.2}",active,2026-05-31T10:00:00+05:30,2026-08-18T10:00:00+05:30
itn_1f7f5f15,trp_4e648420,Agra plan v1,1,1,ai_planner,8250.00,INR,1320,12,"{""cost"":0.5,""time"":0.3,""carbon"":0.2}",active,2026-05-17T10:00:00+05:30,2026-08-18T10:00:00+05:30
itn_961e6880,trp_d17c30b0,Panaji plan v1,1,1,optimizer,9850.00,INR,600,8.9,"{""cost"":0.5,""time"":0.3,""carbon"":0.2}",active,2026-07-05T10:00:00+05:30,2026-08-18T10:00:00+05:30
itn_a60a2b6d,trp_37763b22,Guwahati plan v1,1,1,optimizer,20600.00,INR,1350,13.7,,active,2026-07-09T10:00:00+05:30,2026-08-18T10:00:00+05:30
itn_468f6f19,trp_19a962e4,Leh plan v1,1,1,ai_planner,5850.00,INR,420,6.5,"{""cost"":0.5,""time"":0.3,""carbon"":0.2}",active,2026-05-01T10:00:00+05:30,2026-08-18T10:00:00+05:30
itn_9e20db77,trp_d98bd293,Guwahati plan v1,1,1,ai_planner,18850.00,INR,975,11.3,,active,2026-06-04T10:00:00+05:30,2026-08-18T10:00:00+05:30
itn_1bdd9c00,trp_4950beba,Gokarna plan v1,1,1,optimizer,22150.00,INR,1320,11.3,"{""cost"":0.5,""time"":0.3,""carbon"":0.2}",active,2026-05-01T10:00:00+05:30,2026-08-18T10:00:00+05:30
itn_3a933f70,trp_0bf61ffe,Doha plan v1,1,1,agent,7683.54,BTN,945,8.9,,active,2026-06-11T10:00:00+05:30,2026-08-18T10:00:00+05:30
itn_feba33c4,trp_0cf04e06,Thiruvananthapuram plan v1,1,0,optimizer,700.00,INR,1320,10.8,,active,2026-06-29T10:00:00+05:30,2026-08-18T10:00:00+05:30
itn_8f3ba0c3,trp_0cf04e06,Thiruvananthapuram plan v2,2,1,user,21450.00,INR,1755,12.5,,active,2026-05-02T10:00:00+05:30,2026-08-18T10:00:00+05:30
itn_2ba21411,trp_6ff162fb,Zurich plan v1,1,0,agent,2107.63,THB,315,5.3,"{""cost"":0.5,""time"":0.3,""carbon"":0.2}",active,2026-04-29T10:00:00+05:30,2026-08-18T10:00:00+05:30
itn_e244212d,trp_6ff162fb,Zurich plan v2,2,0,ai_planner,55.13,THB,480,6,,active,2026-04-24T10:00:00+05:30,2026-08-18T10:00:00+05:30
itn_fd1cda69,trp_6ff162fb,Zurich plan v3,3,1,optimizer,2108.68,THB,375,5.3,,active,2026-05-14T10:00:00+05:30,2026-08-18T10:00:00+05:30
itn_1f953000,trp_f61c2fce,Udaipur plan v1,1,1,user,9550.00,INR,690,6.5,,active,2026-05-10T10:00:00+05:30,2026-08-18T10:00:00+05:30
itn_5e3982b7,trp_57a36f81,Shimla plan v1,1,1,agent,3212.50,MVR,1080,12.5,,active,2026-05-23T10:00:00+05:30,2026-08-18T10:00:00+05:30
itn_f62602fb,trp_82116fda,Aurangabad plan v1,1,0,optimizer,18750.00,INR,1215,11.3,,active,2026-05-09T10:00:00+05:30,2026-08-18T10:00:00+05:30
itn_7da45e06,trp_82116fda,Aurangabad plan v2,2,1,user,21350.00,INR,1350,12.5,"{""cost"":0.5,""time"":0.3,""carbon"":0.2}",active,2026-07-10T10:00:00+05:30,2026-08-18T10:00:00+05:30
itn_0f4fe41a,trp_f57f5855,Kuala Lumpur plan v1,1,1,ai_planner,17862.77,LKR,495,6.5,,active,2026-07-01T10:00:00+05:30,2026-08-18T10:00:00+05:30
itn_b7ebfae3,trp_00dab028,Varanasi plan v1,1,1,ai_planner,13550.00,INR,585,10.1,,active,2026-08-01T10:00:00+05:30,2026-08-18T10:00:00+05:30
itn_12b44f33,trp_df3f7a38,Jodhpur plan v1,1,1,optimizer,27050.00,INR,1215,12.5,,active,2026-04-22T10:00:00+05:30,2026-08-18T10:00:00+05:30
itn_b5943ab4,trp_2f814928,Kochi plan v1,1,1,user,10650.00,INR,1635,12.5,,active,2026-04-29T10:00:00+05:30,2026-08-18T10:00:00+05:30
itn_d6535a1e,trp_8adc5179,Tirupati plan v1,1,1,ai_planner,2932200.00,IDR,1035,13.7,,active,2026-07-06T10:00:00+05:30,2026-08-18T10:00:00+05:30
itn_ccab43e5,trp_4171ee4e,Amritsar plan v1,1,1,user,5200.00,INR,495,4.1,"{""cost"":0.5,""time"":0.3,""carbon"":0.2}",active,2026-08-07T10:00:00+05:30,2026-08-18T10:00:00+05:30
itn_f80fa3a8,trp_cfa5ee66,Colombo plan v1,1,1,agent,13312.50,NPR,555,6,,active,2026-05-02T10:00:00+05:30,2026-08-18T10:00:00+05:30
itn_c47747db,trp_604a54fd,Gokarna plan v1,1,1,ai_planner,17800.00,INR,1545,13.7,,active,2026-04-25T10:00:00+05:30,2026-08-18T10:00:00+05:30
itn_921be524,trp_e31ab00a,Doha plan v1,1,1,optimizer,12786.24,INR,1770,12.5,,active,2026-04-28T10:00:00+05:30,2026-08-18T10:00:00+05:30
itn_f2507496,trp_2a380c8a,Dubai plan v1,1,1,ai_planner,7738.14,BTN,480,8.9,,active,2026-05-27T10:00:00+05:30,2026-08-18T10:00:00+05:30
itn_6d38e158,trp_10f1523f,Manali plan v1,1,1,ai_planner,18800.00,INR,1140,12.5,"{""cost"":0.5,""time"":0.3,""carbon"":0.2}",active,2026-05-14T10:00:00+05:30,2026-08-18T10:00:00+05:30
itn_f3ae7449,trp_07ee6d2b,Lucknow plan v1,1,1,ai_planner,6850.00,INR,630,5.3,"{""cost"":0.5,""time"":0.3,""carbon"":0.2}",active,2026-07-02T10:00:00+05:30,2026-08-18T10:00:00+05:30
itn_1c5082da,trp_776da560,Varanasi plan v1,1,1,agent,32150.00,INR,1365,13.7,,active,2026-05-05T10:00:00+05:30,2026-08-18T10:00:00+05:30
itn_71332bea,trp_e53d9a08,Tirupati plan v1,1,0,agent,26550.00,INR,885,11.3,,active,2026-06-13T10:00:00+05:30,2026-08-18T10:00:00+05:30
itn_2e3cdf2b,trp_e53d9a08,Tirupati plan v2,2,1,ai_planner,26850.00,INR,1170,12.5,"{""cost"":0.5,""time"":0.3,""carbon"":0.2}",active,2026-06-28T10:00:00+05:30,2026-08-18T10:00:00+05:30
itn_bf746f8d,trp_cef915ff,Bhubaneswar plan v1,1,1,ai_planner,24300.00,INR,1050,12.5,,active,2026-04-25T10:00:00+05:30,2026-08-18T10:00:00+05:30
itn_ba04e39f,trp_dbe8a03a,Alleppey plan v1,1,0,optimizer,12850.00,INR,1140,10.1,"{""cost"":0.5,""time"":0.3,""carbon"":0.2}",active,2026-05-26T10:00:00+05:30,2026-08-18T10:00:00+05:30
itn_20a754a1,trp_dbe8a03a,Alleppey plan v2,2,0,user,10200.00,INR,1020,10.1,"{""cost"":0.5,""time"":0.3,""carbon"":0.2}",active,2026-07-26T10:00:00+05:30,2026-08-18T10:00:00+05:30
itn_ceb43bd8,trp_dbe8a03a,Alleppey plan v3,3,1,agent,11900.00,INR,1005,10.1,"{""cost"":0.5,""time"":0.3,""carbon"":0.2}",active,2026-05-12T10:00:00+05:30,2026-08-18T10:00:00+05:30
itn_291eb974,trp_c946e9df,Nainital plan v1,1,1,agent,20250.00,INR,1590,12.5,,active,2026-06-19T10:00:00+05:30,2026-08-18T10:00:00+05:30
itn_d2946981,trp_03ce3598,Visakhapatnam plan v1,1,1,agent,19800.00,INR,1005,11.3,"{""cost"":0.5,""time"":0.3,""carbon"":0.2}",active,2026-06-16T10:00:00+05:30,2026-08-18T10:00:00+05:30
itn_964c3491,trp_f6a466fb,Kandy plan v1,1,0,user,16197.50,INR,630,10.1,,active,2026-06-08T10:00:00+05:30,2026-08-18T10:00:00+05:30
itn_35f53f91,trp_f6a466fb,Kandy plan v2,2,0,ai_planner,19925.00,INR,450,8.9,,active,2026-05-03T10:00:00+05:30,2026-08-18T10:00:00+05:30
itn_9a42fa31,trp_f6a466fb,Kandy plan v3,3,1,optimizer,24007.50,INR,900,10.1,,active,2026-08-03T10:00:00+05:30,2026-08-18T10:00:00+05:30
itn_6e95a86b,trp_f9407f9b,Alleppey plan v1,1,1,ai_planner,13200.00,INR,1380,13.7,"{""cost"":0.5,""time"":0.3,""carbon"":0.2}",active,2026-07-06T10:00:00+05:30,2026-08-18T10:00:00+05:30
itn_8f20a081,trp_45ab4600,Pune plan v1,1,1,ai_planner,23850.00,INR,1305,11.3,,active,2026-06-03T10:00:00+05:30,2026-08-18T10:00:00+05:30
itn_ba322289,trp_bd664180,Rishikesh plan v1,1,1,optimizer,23650.00,INR,765,8.9,"{""cost"":0.5,""time"":0.3,""carbon"":0.2}",active,2026-06-14T10:00:00+05:30,2026-08-18T10:00:00+05:30
itn_5f9320d3,trp_924dd4a3,Manali plan v1,1,1,ai_planner,1472.00,SGD,1140,12.5,"{""cost"":0.5,""time"":0.3,""carbon"":0.2}",active,2026-04-25T10:00:00+05:30,2026-08-18T10:00:00+05:30
itn_a8df5235,trp_81b0e4f1,Thanjavur plan v1,1,1,optimizer,25600.00,INR,1365,13.7,"{""cost"":0.5,""time"":0.3,""carbon"":0.2}",active,2026-08-13T10:00:00+05:30,2026-08-18T10:00:00+05:30
itn_6b9ff2f4,trp_d2c39f89,Manali plan v1,1,1,optimizer,11100.00,INR,1095,11.3,,active,2026-06-24T10:00:00+05:30,2026-08-18T10:00:00+05:30
itn_c9ce0aa5,trp_f9b54c2c,Amritsar plan v1,1,1,optimizer,27350.00,INR,1425,13.7,,active,2026-04-24T10:00:00+05:30,2026-08-18T10:00:00+05:30
itn_c83a66e3,trp_89ad1eee,Ooty plan v1,1,1,optimizer,10000.00,NPR,345,6.5,"{""cost"":0.5,""time"":0.3,""carbon"":0.2}",active,2026-07-10T10:00:00+05:30,2026-08-18T10:00:00+05:30
itn_9f050aab,trp_7f4c80ca,Tirupati plan v1,1,0,optimizer,9250.00,INR,1215,12,"{""cost"":0.5,""time"":0.3,""carbon"":0.2}",active,2026-06-11T10:00:00+05:30,2026-08-18T10:00:00+05:30
itn_0e3177ff,trp_7f4c80ca,Tirupati plan v2,2,1,ai_planner,22150.00,INR,1245,13.7,,active,2026-05-09T10:00:00+05:30,2026-08-18T10:00:00+05:30
itn_ebbfecc5,trp_97869c6a,Kathmandu plan v1,1,1,user,11900.00,INR,885,8.9,,active,2026-05-06T10:00:00+05:30,2026-08-18T10:00:00+05:30
itn_83d92b37,trp_360afa3a,Mysuru plan v1,1,1,ai_planner,6025.00,MVR,765,10.1,,active,2026-05-20T10:00:00+05:30,2026-08-18T10:00:00+05:30
itn_9546f24b,trp_8b6125c3,Pondicherry plan v1,1,1,user,20350.00,INR,1530,12.5,,active,2026-05-21T10:00:00+05:30,2026-08-18T10:00:00+05:30
itn_c49c528c,trp_f25ef2fa,Kuala Lumpur plan v1,1,1,ai_planner,17827.58,INR,1335,13.7,"{""cost"":0.5,""time"":0.3,""carbon"":0.2}",active,2026-05-09T10:00:00+05:30,2026-08-18T10:00:00+05:30
itn_22f71d89,trp_db7b894e,Bengaluru plan v1,1,1,ai_planner,6750.00,INR,1200,12,,active,2026-06-06T10:00:00+05:30,2026-08-18T10:00:00+05:30
itn_60b78529,trp_08207645,Shimla plan v1,1,0,ai_planner,12800.00,BTN,1200,11.3,,active,2026-08-04T10:00:00+05:30,2026-08-18T10:00:00+05:30
itn_73027987,trp_08207645,Shimla plan v2,2,1,user,11150.00,BTN,1365,12.5,,active,2026-08-10T10:00:00+05:30,2026-08-18T10:00:00+05:30
itn_fff678eb,trp_bc925fdc,Ooty plan v1,1,1,ai_planner,22850.00,INR,930,11.3,"{""cost"":0.5,""time"":0.3,""carbon"":0.2}",active,2026-07-22T10:00:00+05:30,2026-08-18T10:00:00+05:30
itn_e46adb34,trp_4a6fffa7,Bhubaneswar plan v1,1,1,ai_planner,22400.00,INR,1425,13.7,"{""cost"":0.5,""time"":0.3,""carbon"":0.2}",active,2026-06-05T10:00:00+05:30,2026-08-18T10:00:00+05:30
itn_9b6a9611,trp_fda57035,Bali plan v1,1,1,optimizer,483000.00,INR,1365,12.5,,active,2026-05-28T10:00:00+05:30,2026-08-18T10:00:00+05:30
itn_920d6510,trp_c795bd25,Abu Dhabi plan v1,1,1,ai_planner,35914.56,LKR,1650,13.7,,active,2026-06-15T10:00:00+05:30,2026-08-18T10:00:00+05:30
itn_8864af49,trp_64030cdd,Darjeeling plan v1,1,1,agent,20500.00,INR,810,12.5,"{""cost"":0.5,""time"":0.3,""carbon"":0.2}",active,2026-05-10T10:00:00+05:30,2026-08-18T10:00:00+05:30
itn_a8a0f0fc,trp_61372035,Colombo plan v1,1,0,optimizer,51225.00,INR,1260,12.5,,active,2026-05-25T10:00:00+05:30,2026-08-18T10:00:00+05:30
itn_6bdb7d47,trp_61372035,Colombo plan v2,2,1,optimizer,22542.50,INR,1305,10.8,,active,2026-05-13T10:00:00+05:30,2026-08-18T10:00:00+05:30
itn_ed932242,trp_77576097,Bengaluru plan v1,1,1,agent,59900.00,LKR,1170,13.7,,active,2026-04-21T10:00:00+05:30,2026-08-18T10:00:00+05:30
itn_7bc40fd0,trp_6d082956,Thimphu plan v1,1,1,optimizer,7705.50,MYR,765,11.3,"{""cost"":0.5,""time"":0.3,""carbon"":0.2}",active,2026-07-10T10:00:00+05:30,2026-08-18T10:00:00+05:30
itn_8f076574,trp_92aba9c1,Bhuj plan v1,1,1,ai_planner,19450.00,INR,720,13.7,"{""cost"":0.5,""time"":0.3,""carbon"":0.2}",active,2026-06-06T10:00:00+05:30,2026-08-18T10:00:00+05:30
itn_b197a7db,trp_8d9b71fd,Pokhara plan v1,1,0,ai_planner,21680.00,NPR,855,8.9,,active,2026-06-23T10:00:00+05:30,2026-08-18T10:00:00+05:30
itn_e662d790,trp_8d9b71fd,Pokhara plan v2,2,1,optimizer,23760.00,NPR,975,10.1,,active,2026-08-08T10:00:00+05:30,2026-08-18T10:00:00+05:30
itn_71991d75,trp_8500bc75,Doha plan v1,1,1,optimizer,15310.27,INR,1440,11.3,,active,2026-05-29T10:00:00+05:30,2026-08-18T10:00:00+05:30
itn_03e8114f,trp_06e06151,Udaipur plan v1,1,1,user,8650.00,INR,480,6.5,,active,2026-08-09T10:00:00+05:30,2026-08-18T10:00:00+05:30
itn_4e6c404c,trp_3eae7fcb,Colombo plan v1,1,1,agent,38607.50,INR,1380,12.5,,active,2026-08-13T10:00:00+05:30,2026-08-18T10:00:00+05:30
itn_a89958d6,trp_73c65d38,Abu Dhabi plan v1,1,1,ai_planner,16315.34,NPR,1410,12.5,,active,2026-05-20T10:00:00+05:30,2026-08-18T10:00:00+05:30
itn_a073ccb1,trp_32136d40,Leh plan v1,1,1,agent,13950.00,INR,1005,13.7,,active,2026-07-10T10:00:00+05:30,2026-08-18T10:00:00+05:30
itn_2ee0a32f,trp_d10b37ba,Ahmedabad plan v1,1,1,user,900.00,INR,585,4.8,"{""cost"":0.5,""time"":0.3,""carbon"":0.2}",active,2026-08-13T10:00:00+05:30,2026-08-18T10:00:00+05:30
itn_667b6ec1,trp_39a1ce04,New Delhi plan v1,1,1,agent,21500.00,INR,945,8.9,,active,2026-07-06T10:00:00+05:30,2026-08-18T10:00:00+05:30
itn_a68922ae,trp_309cee62,Shillong plan v1,1,1,optimizer,3601.25,SGD,960,11.3,,active,2026-07-13T10:00:00+05:30,2026-08-18T10:00:00+05:30
itn_fb596be7,trp_223d5f10,Pokhara plan v1,1,1,ai_planner,79400.00,LKR,1380,13.7,"{""cost"":0.5,""time"":0.3,""carbon"":0.2}",active,2026-06-25T10:00:00+05:30,2026-08-18T10:00:00+05:30
itn_b18d0503,trp_e51fe665,Singapore plan v1,1,1,agent,2925055.54,IDR,960,11.3,"{""cost"":0.5,""time"":0.3,""carbon"":0.2}",active,2026-05-15T10:00:00+05:30,2026-08-18T10:00:00+05:30
itn_97d6ebbd,trp_dd037e63,Manali plan v1,1,1,ai_planner,1000.00,INR,540,7.2,"{""cost"":0.5,""time"":0.3,""carbon"":0.2}",active,2026-04-27T10:00:00+05:30,2026-08-18T10:00:00+05:30
itn_963501cf,trp_6a550f89,Nainital plan v1,1,0,ai_planner,28600.00,INR,900,10.1,,active,2026-07-06T10:00:00+05:30,2026-08-18T10:00:00+05:30
itn_24cd1b89,trp_6a550f89,Nainital plan v2,2,1,optimizer,29850.00,INR,1050,12.5,"{""cost"":0.5,""time"":0.3,""carbon"":0.2}",active,2026-06-10T10:00:00+05:30,2026-08-18T10:00:00+05:30
itn_c94ddcda,trp_4be0ba46,Ahmedabad plan v1,1,1,ai_planner,12750.00,BTN,1110,10.1,"{""cost"":0.5,""time"":0.3,""carbon"":0.2}",active,2026-07-11T10:00:00+05:30,2026-08-18T10:00:00+05:30
itn_5d20ad14,trp_15632e85,Male plan v1,1,1,user,18600.75,INR,1485,12.5,,active,2026-08-12T10:00:00+05:30,2026-08-18T10:00:00+05:30
itn_fcf824f1,trp_d7693837,Kochi plan v1,1,0,ai_planner,18900.00,INR,1215,11.3,,active,2026-07-21T10:00:00+05:30,2026-08-18T10:00:00+05:30
itn_04ee9581,trp_d7693837,Kochi plan v2,2,1,agent,17600.00,INR,1245,11.3,"{""cost"":0.5,""time"":0.3,""carbon"":0.2}",active,2026-06-21T10:00:00+05:30,2026-08-18T10:00:00+05:30
itn_3cfb479d,trp_9de9979d,Zurich plan v1,1,1,user,7503.68,INR,585,7.7,,active,2026-07-01T10:00:00+05:30,2026-08-18T10:00:00+05:30
itn_f2b6016c,trp_d03225c9,Pondicherry plan v1,1,1,agent,4850.00,CHF,1440,12,,active,2026-05-11T10:00:00+05:30,2026-08-18T10:00:00+05:30
itn_7dba0679,trp_07cf1d5b,Leh plan v1,1,0,ai_planner,73200.00,LKR,885,12.5,,active,2026-05-12T10:00:00+05:30,2026-08-18T10:00:00+05:30
itn_dc0b6721,trp_07cf1d5b,Leh plan v2,2,0,ai_planner,73000.00,LKR,900,12.5,,active,2026-05-24T10:00:00+05:30,2026-08-18T10:00:00+05:30
itn_d9a2e9d2,trp_07cf1d5b,Leh plan v3,3,1,agent,73900.00,LKR,870,12.5,"{""cost"":0.5,""time"":0.3,""carbon"":0.2}",active,2026-06-14T10:00:00+05:30,2026-08-18T10:00:00+05:30
itn_08003083,trp_3912eedc,Jaipur plan v1,1,1,ai_planner,12750.00,INR,1200,13.7,"{""cost"":0.5,""time"":0.3,""carbon"":0.2}",active,2026-08-04T10:00:00+05:30,2026-08-18T10:00:00+05:30
itn_f24b77cd,trp_1765a1ad,Kathmandu plan v1,1,1,optimizer,24060.00,INR,1275,13.7,,active,2026-05-08T10:00:00+05:30,2026-08-18T10:00:00+05:30
itn_c036da96,trp_aebbbd34,Bangkok plan v1,1,1,agent,14289.25,INR,1275,13.7,,active,2026-07-19T10:00:00+05:30,2026-08-18T10:00:00+05:30
itn_2d053f60,trp_05fa9ee5,Kyoto plan v1,1,0,user,17017.00,INR,1680,12,,active,2026-05-17T10:00:00+05:30,2026-08-18T10:00:00+05:30
itn_29915aa3,trp_05fa9ee5,Kyoto plan v2,2,0,user,24694.00,INR,855,11.3,"{""cost"":0.5,""time"":0.3,""carbon"":0.2}",active,2026-05-18T10:00:00+05:30,2026-08-18T10:00:00+05:30
itn_2222e724,trp_05fa9ee5,Kyoto plan v3,3,1,ai_planner,22237.00,INR,1590,12.5,,active,2026-07-11T10:00:00+05:30,2026-08-18T10:00:00+05:30
itn_411e99f5,trp_5df5ff0b,Alleppey plan v1,1,0,agent,6200.00,INR,660,6.5,"{""cost"":0.5,""time"":0.3,""carbon"":0.2}",active,2026-04-27T10:00:00+05:30,2026-08-18T10:00:00+05:30
itn_23e8bf2b,trp_5df5ff0b,Alleppey plan v2,2,1,optimizer,8850.00,INR,720,6.5,,active,2026-06-06T10:00:00+05:30,2026-08-18T10:00:00+05:30
itn_a1aff0ac,trp_6c9581df,Dubai plan v1,1,1,agent,20273.42,INR,960,13.7,,active,2026-06-11T10:00:00+05:30,2026-08-18T10:00:00+05:30
itn_262d7fe7,trp_672c1a74,Mysuru plan v1,1,1,user,22500.00,INR,660,8.9,"{""cost"":0.5,""time"":0.3,""carbon"":0.2}",active,2026-07-29T10:00:00+05:30,2026-08-18T10:00:00+05:30
itn_f5a6fb4d,trp_8080637f,Varanasi plan v1,1,0,optimizer,9887.00,QAR,1770,13.7,,active,2026-05-05T10:00:00+05:30,2026-08-18T10:00:00+05:30
itn_fde78174,trp_8080637f,Varanasi plan v2,2,0,user,6637.00,QAR,1200,12.5,,active,2026-06-22T10:00:00+05:30,2026-08-18T10:00:00+05:30
itn_f9902e84,trp_8080637f,Varanasi plan v3,3,1,optimizer,9037.00,QAR,1335,12.5,,active,2026-08-06T10:00:00+05:30,2026-08-18T10:00:00+05:30
itn_cdd5f414,trp_19bd0b98,Rishikesh plan v1,1,0,ai_planner,5750.00,INR,720,6.5,"{""cost"":0.5,""time"":0.3,""carbon"":0.2}",active,2026-04-22T10:00:00+05:30,2026-08-18T10:00:00+05:30
itn_1fcbfa2d,trp_19bd0b98,Rishikesh plan v2,2,1,agent,6300.00,INR,480,6.5,,active,2026-06-13T10:00:00+05:30,2026-08-18T10:00:00+05:30
itn_225626a3,trp_b32d3e05,Kyoto plan v1,1,0,ai_planner,20058.00,INR,750,8.9,,active,2026-05-31T10:00:00+05:30,2026-08-18T10:00:00+05:30
itn_3e13edad,trp_b32d3e05,Kyoto plan v2,2,0,ai_planner,16964.00,INR,1080,10.1,,active,2026-04-25T10:00:00+05:30,2026-08-18T10:00:00+05:30
itn_09716289,trp_b32d3e05,Kyoto plan v3,3,1,user,14234.00,INR,795,8.9,,active,2026-04-29T10:00:00+05:30,2026-08-18T10:00:00+05:30
itn_d2790656,trp_2e6bf66f,Kochi plan v1,1,1,agent,20750.00,LKR,1050,6.5,,active,2026-07-19T10:00:00+05:30,2026-08-18T10:00:00+05:30
itn_3c2ac819,trp_e060228a,Jodhpur plan v1,1,1,optimizer,5450.00,INR,510,6.5,"{""cost"":0.5,""time"":0.3,""carbon"":0.2}",active,2026-05-14T10:00:00+05:30,2026-08-18T10:00:00+05:30
itn_c4480014,trp_12c07e4d,Abu Dhabi plan v1,1,1,agent,5132.32,INR,375,6.5,,active,2026-07-07T10:00:00+05:30,2026-08-18T10:00:00+05:30
itn_27915333,trp_39d6963e,Colombo plan v1,1,1,agent,37142.50,INR,1110,10.1,,active,2026-04-29T10:00:00+05:30,2026-08-18T10:00:00+05:30
itn_ccfec9b1,trp_ce0a9b4e,Varanasi plan v1,1,1,user,26550.00,INR,1035,13.7,,active,2026-07-11T10:00:00+05:30,2026-08-18T10:00:00+05:30
itn_2430ad18,trp_caf05844,Tirupati plan v1,1,1,user,20800.00,INR,1260,13.7,,active,2026-08-13T10:00:00+05:30,2026-08-18T10:00:00+05:30
itn_2ddbf515,trp_1c384989,Amritsar plan v1,1,1,agent,950.00,INR,1140,12,,active,2026-06-17T10:00:00+05:30,2026-08-18T10:00:00+05:30
itn_31bb4620,trp_66313d66,Bangkok plan v1,1,1,ai_planner,9626.05,INR,555,7.7,"{""cost"":0.5,""time"":0.3,""carbon"":0.2}",active,2026-07-06T10:00:00+05:30,2026-08-18T10:00:00+05:30
itn_6c52ca41,trp_0512bf41,Guwahati plan v1,1,0,user,18250.00,INR,1185,13.7,,active,2026-05-25T10:00:00+05:30,2026-08-18T10:00:00+05:30
itn_596df4e9,trp_0512bf41,Guwahati plan v2,2,1,user,16750.00,INR,735,10.1,,active,2026-06-27T10:00:00+05:30,2026-08-18T10:00:00+05:30
itn_550dc525,trp_3173cbf9,Zurich plan v1,1,1,optimizer,30.46,INR,945,10.8,,active,2026-08-08T10:00:00+05:30,2026-08-18T10:00:00+05:30
itn_adb5d051,trp_ffce7c33,Chennai plan v1,1,1,agent,14500.00,INR,1620,12.5,,active,2026-07-04T10:00:00+05:30,2026-08-18T10:00:00+05:30
itn_9baa73da,trp_4a2eb05b,Kathmandu plan v1,1,1,ai_planner,10940.00,INR,825,8.9,,active,2026-05-05T10:00:00+05:30,2026-08-18T10:00:00+05:30
itn_75c7f918,trp_09e8a8fb,Leh plan v1,1,1,ai_planner,3050.00,INR,855,9.6,,active,2026-08-07T10:00:00+05:30,2026-08-18T10:00:00+05:30
itn_9de2e89b,trp_f1eefc06,Kyoto plan v1,1,0,agent,38612.00,INR,795,12.5,,active,2026-06-06T10:00:00+05:30,2026-08-18T10:00:00+05:30
itn_59d47bfd,trp_f1eefc06,Kyoto plan v2,2,1,ai_planner,35518.00,INR,1320,13.7,"{""cost"":0.5,""time"":0.3,""carbon"":0.2}",active,2026-05-08T10:00:00+05:30,2026-08-18T10:00:00+05:30
itn_a21e8c87,trp_79d0c6ca,Bangkok plan v1,1,0,user,1273.40,CHF,495,6.5,,active,2026-05-28T10:00:00+05:30,2026-08-18T10:00:00+05:30
itn_174ab704,trp_79d0c6ca,Bangkok plan v2,2,0,ai_planner,1105.00,CHF,570,6.5,"{""cost"":0.5,""time"":0.3,""carbon"":0.2}",active,2026-05-14T10:00:00+05:30,2026-08-18T10:00:00+05:30
itn_0df71e0a,trp_79d0c6ca,Bangkok plan v3,3,1,agent,1105.00,CHF,555,5.3,"{""cost"":0.5,""time"":0.3,""carbon"":0.2}",active,2026-08-03T10:00:00+05:30,2026-08-18T10:00:00+05:30
itn_da43465b,trp_1094fbf4,Kyoto plan v1,1,1,agent,28928.00,INR,1410,13.7,,active,2026-07-16T10:00:00+05:30,2026-08-18T10:00:00+05:30
itn_f01de7bf,trp_831241e0,Aurangabad plan v1,1,0,agent,23350.00,INR,945,11.3,,active,2026-05-30T10:00:00+05:30,2026-08-18T10:00:00+05:30
itn_b515e90e,trp_831241e0,Aurangabad plan v2,2,0,optimizer,25750.00,INR,1785,13.7,,active,2026-06-05T10:00:00+05:30,2026-08-18T10:00:00+05:30
itn_c3f03f62,trp_831241e0,Aurangabad plan v3,3,1,user,25300.00,INR,1245,12.5,"{""cost"":0.5,""time"":0.3,""carbon"":0.2}",active,2026-05-24T10:00:00+05:30,2026-08-18T10:00:00+05:30
itn_80c49e97,trp_a9d6d238,Pokhara plan v1,1,1,optimizer,21600.00,INR,1380,13.7,"{""cost"":0.5,""time"":0.3,""carbon"":0.2}",active,2026-05-28T10:00:00+05:30,2026-08-18T10:00:00+05:30
itn_ae0a18ff,trp_ab6c0ec2,Shimla plan v1,1,1,user,16000.00,INR,1170,12.5,,active,2026-07-17T10:00:00+05:30,2026-08-18T10:00:00+05:30
itn_bbb72526,trp_e8bed4a6,Visakhapatnam plan v1,1,1,ai_planner,28950.00,INR,1095,12.5,,active,2026-07-11T10:00:00+05:30,2026-08-18T10:00:00+05:30
itn_6bef4a07,trp_a7356ab0,Jodhpur plan v1,1,1,user,13050.00,INR,1380,13.7,,active,2026-05-01T10:00:00+05:30,2026-08-18T10:00:00+05:30
itn_8546b818,trp_fe3977e6,Aurangabad plan v1,1,0,optimizer,32400.00,JPY,1770,12.5,"{""cost"":0.5,""time"":0.3,""carbon"":0.2}",active,2026-06-25T10:00:00+05:30,2026-08-18T10:00:00+05:30
itn_5bb2ed7c,trp_fe3977e6,Aurangabad plan v2,2,0,ai_planner,26600.00,JPY,1170,11.3,"{""cost"":0.5,""time"":0.3,""carbon"":0.2}",active,2026-04-23T10:00:00+05:30,2026-08-18T10:00:00+05:30
itn_447fd24c,trp_fe3977e6,Aurangabad plan v3,3,1,optimizer,32150.00,JPY,1620,11.3,,active,2026-06-21T10:00:00+05:30,2026-08-18T10:00:00+05:30
itn_0032fc16,trp_23669283,Pondicherry plan v1,1,1,ai_planner,11850.00,INR,765,10.1,,active,2026-05-10T10:00:00+05:30,2026-08-18T10:00:00+05:30
itn_c3a1b8b9,trp_7aed1147,Madurai plan v1,1,1,ai_planner,20300.00,INR,1185,11.3,,active,2026-05-14T10:00:00+05:30,2026-08-18T10:00:00+05:30
itn_e02c855f,trp_be19b00c,Puri plan v1,1,1,ai_planner,14450.00,INR,705,6.5,,active,2026-04-28T10:00:00+05:30,2026-08-18T10:00:00+05:30
itn_6437b811,trp_093fb740,Jaipur plan v1,1,1,agent,5150.00,INR,375,5.3,,active,2026-07-30T10:00:00+05:30,2026-08-18T10:00:00+05:30
itn_a2e795e4,trp_534769b0,Aurangabad plan v1,1,1,ai_planner,16500.00,INR,930,11.3,"{""cost"":0.5,""time"":0.3,""carbon"":0.2}",active,2026-07-12T10:00:00+05:30,2026-08-18T10:00:00+05:30
itn_3d12ed87,trp_6c80cfa7,Nainital plan v1,1,1,optimizer,21250.00,INR,1155,13.7,,active,2026-04-30T10:00:00+05:30,2026-08-18T10:00:00+05:30
itn_2de94997,trp_26392ac8,Abu Dhabi plan v1,1,1,optimizer,5127.90,INR,585,6.5,,active,2026-04-26T10:00:00+05:30,2026-08-18T10:00:00+05:30
itn_b99d5a9b,trp_1a355cfe,Male plan v1,1,1,optimizer,5296.00,INR,480,5.3,,active,2026-08-11T10:00:00+05:30,2026-08-18T10:00:00+05:30
itn_cfbf796c,trp_9f0fac81,Kathmandu plan v1,1,1,user,68365.00,LKR,1170,13.7,,active,2026-05-01T10:00:00+05:30,2026-08-18T10:00:00+05:30
itn_cbbdb701,trp_c5887464,Colombo plan v1,1,1,optimizer,50692.50,INR,1650,13.7,,active,2026-04-29T10:00:00+05:30,2026-08-18T10:00:00+05:30
itn_42158737,trp_a06a57e3,Shillong plan v1,1,1,user,11400.00,INR,690,8.9,,active,2026-07-18T10:00:00+05:30,2026-08-18T10:00:00+05:30
itn_e186eccf,trp_67af61b6,Gangtok plan v1,1,1,optimizer,8350.00,INR,825,6.5,"{""cost"":0.5,""time"":0.3,""carbon"":0.2}",active,2026-05-07T10:00:00+05:30,2026-08-18T10:00:00+05:30
itn_fb232e5f,trp_7f99f942,Nainital plan v1,1,1,optimizer,29100.00,INR,1275,13.7,,active,2026-06-16T10:00:00+05:30,2026-08-18T10:00:00+05:30
itn_5fa1cfee,trp_5b0721fc,Male plan v1,1,0,agent,5194.25,INR,675,6.5,,active,2026-06-10T10:00:00+05:30,2026-08-18T10:00:00+05:30
itn_3d6b3431,trp_5b0721fc,Male plan v2,2,1,optimizer,5925.00,INR,465,5.3,,active,2026-05-09T10:00:00+05:30,2026-08-18T10:00:00+05:30
itn_1294cfd1,trp_bb5e3651,Thimphu plan v1,1,1,user,22300.00,INR,1035,13.7,"{""cost"":0.5,""time"":0.3,""carbon"":0.2}",active,2026-05-11T10:00:00+05:30,2026-08-18T10:00:00+05:30
itn_18276961,trp_388e9bd8,Thimphu plan v1,1,0,ai_planner,17650.00,INR,855,11.3,,active,2026-08-03T10:00:00+05:30,2026-08-18T10:00:00+05:30
itn_66922ac0,trp_388e9bd8,Thimphu plan v2,2,1,optimizer,16200.00,INR,915,12.5,,active,2026-07-17T10:00:00+05:30,2026-08-18T10:00:00+05:30
itn_c9bf779b,trp_4b2dcdb7,Darjeeling plan v1,1,0,ai_planner,23050.00,INR,1650,13.7,"{""cost"":0.5,""time"":0.3,""carbon"":0.2}",active,2026-07-10T10:00:00+05:30,2026-08-18T10:00:00+05:30
itn_571baa7f,trp_4b2dcdb7,Darjeeling plan v2,2,0,user,16950.00,INR,630,8.9,"{""cost"":0.5,""time"":0.3,""carbon"":0.2}",active,2026-06-13T10:00:00+05:30,2026-08-18T10:00:00+05:30
itn_ad5aaeb1,trp_4b2dcdb7,Darjeeling plan v3,3,1,optimizer,21750.00,INR,930,11.3,"{""cost"":0.5,""time"":0.3,""carbon"":0.2}",active,2026-04-25T10:00:00+05:30,2026-08-18T10:00:00+05:30
itn_9a98677c,trp_034ee3ea,Kuala Lumpur plan v1,1,0,ai_planner,228.23,INR,390,6,,active,2026-04-24T10:00:00+05:30,2026-08-18T10:00:00+05:30
itn_8e88b3a4,trp_034ee3ea,Kuala Lumpur plan v2,2,1,agent,5093.97,INR,465,5.3,,active,2026-08-09T10:00:00+05:30,2026-08-18T10:00:00+05:30
itn_4fd8ae20,trp_7fa3c6c3,Singapore plan v1,1,0,agent,10017.70,INR,705,11.3,"{""cost"":0.5,""time"":0.3,""carbon"":0.2}",active,2026-05-17T10:00:00+05:30,2026-08-18T10:00:00+05:30
itn_58a87147,trp_7fa3c6c3,Singapore plan v2,2,0,user,10026.56,INR,960,12.5,,active,2026-07-25T10:00:00+05:30,2026-08-18T10:00:00+05:30
itn_6fbd0a6f,trp_7fa3c6c3,Singapore plan v3,3,1,ai_planner,10092.57,INR,1140,11.3,,active,2026-05-16T10:00:00+05:30,2026-08-18T10:00:00+05:30
itn_1e911a38,trp_026533d5,Abu Dhabi plan v1,1,1,agent,35855.03,LKR,1980,13.7,,active,2026-05-10T10:00:00+05:30,2026-08-18T10:00:00+05:30
itn_8846e0f6,trp_994c9a51,Guwahati plan v1,1,1,ai_planner,43150.00,LKR,1080,12.5,,active,2026-06-19T10:00:00+05:30,2026-08-18T10:00:00+05:30
itn_85469993,trp_520c7693,Ahmedabad plan v1,1,1,optimizer,21100.00,INR,765,13.7,"{""cost"":0.5,""time"":0.3,""carbon"":0.2}",active,2026-04-25T10:00:00+05:30,2026-08-18T10:00:00+05:30
itn_96e7292c,trp_60a62e81,Ooty plan v1,1,1,agent,7500.00,INR,225,5.3,,active,2026-06-05T10:00:00+05:30,2026-08-18T10:00:00+05:30
itn_b658c521,trp_6fb32210,Hampi plan v1,1,1,agent,14550.00,INR,915,12.5,,active,2026-08-05T10:00:00+05:30,2026-08-18T10:00:00+05:30
itn_7642b7d2,trp_8e5f0010,Bengaluru plan v1,1,1,ai_planner,18100.00,INR,1125,12.5,,active,2026-07-01T10:00:00+05:30,2026-08-18T10:00:00+05:30
itn_f54d8750,trp_1898ff3a,Pokhara plan v1,1,0,ai_planner,22400.00,INR,1260,12.5,,active,2026-04-25T10:00:00+05:30,2026-08-18T10:00:00+05:30
itn_35ca14e8,trp_1898ff3a,Pokhara plan v2,2,0,agent,21200.00,INR,1110,12.5,,active,2026-08-09T10:00:00+05:30,2026-08-18T10:00:00+05:30
itn_59fccaad,trp_1898ff3a,Pokhara plan v3,3,1,agent,19120.00,INR,1530,12.5,,active,2026-07-14T10:00:00+05:30,2026-08-18T10:00:00+05:30
itn_8b965241,trp_af330315,Kolkata plan v1,1,1,agent,15850.00,INR,1365,13.7,"{""cost"":0.5,""time"":0.3,""carbon"":0.2}",active,2026-06-05T10:00:00+05:30,2026-08-18T10:00:00+05:30
itn_c81ac35b,trp_e1f3d0e8,Doha plan v1,1,0,agent,376.07,CHF,1410,12.5,,active,2026-07-05T10:00:00+05:30,2026-08-18T10:00:00+05:30
itn_e4b11ba1,trp_e1f3d0e8,Doha plan v2,2,0,user,301.78,CHF,1425,12.5,,active,2026-08-09T10:00:00+05:30,2026-08-18T10:00:00+05:30
itn_d254bc79,trp_e1f3d0e8,Doha plan v3,3,1,agent,470.02,CHF,1230,11.3,"{""cost"":0.5,""time"":0.3,""carbon"":0.2}",active,2026-08-07T10:00:00+05:30,2026-08-18T10:00:00+05:30
itn_16a5980a,trp_b0a35602,Alleppey plan v1,1,0,agent,5300.00,INR,540,5.3,,active,2026-04-23T10:00:00+05:30,2026-08-18T10:00:00+05:30
itn_5bd1f573,trp_b0a35602,Alleppey plan v2,2,1,user,8450.00,INR,660,6.5,"{""cost"":0.5,""time"":0.3,""carbon"":0.2}",active,2026-06-08T10:00:00+05:30,2026-08-18T10:00:00+05:30
itn_b652a33b,trp_d5b99837,Madurai plan v1,1,1,ai_planner,21350.00,INR,840,11.3,,active,2026-05-29T10:00:00+05:30,2026-08-18T10:00:00+05:30
itn_7cd4dd07,trp_8c33db0b,Colombo plan v1,1,1,optimizer,24245.00,INR,1095,12.5,,active,2026-08-06T10:00:00+05:30,2026-08-18T10:00:00+05:30
itn_bae37018,trp_fbce8226,Lucknow plan v1,1,0,user,13100.00,INR,1110,12.5,,active,2026-06-07T10:00:00+05:30,2026-08-18T10:00:00+05:30
itn_454eb563,trp_fbce8226,Lucknow plan v2,2,1,optimizer,13050.00,INR,1155,13.7,,active,2026-06-02T10:00:00+05:30,2026-08-18T10:00:00+05:30
itn_1f01d063,trp_79045015,Bangkok plan v1,1,0,user,19920.75,INR,915,11.3,,active,2026-05-04T10:00:00+05:30,2026-08-18T10:00:00+05:30
itn_3940162c,trp_79045015,Bangkok plan v2,2,1,ai_planner,2420.75,INR,1170,12,"{""cost"":0.5,""time"":0.3,""carbon"":0.2}",active,2026-08-08T10:00:00+05:30,2026-08-18T10:00:00+05:30
itn_dcc16acf,trp_f9ef6a50,Hyderabad plan v1,1,0,ai_planner,19200.00,INR,1230,8.9,,active,2026-05-20T10:00:00+05:30,2026-08-18T10:00:00+05:30
itn_d9d5a3c4,trp_f9ef6a50,Hyderabad plan v2,2,1,agent,18150.00,INR,1515,13.7,,active,2026-05-26T10:00:00+05:30,2026-08-18T10:00:00+05:30
itn_463dde99,trp_a396cd51,Thiruvananthapuram plan v1,1,1,agent,21550.00,INR,1260,12.5,"{""cost"":0.5,""time"":0.3,""carbon"":0.2}",active,2026-07-12T10:00:00+05:30,2026-08-18T10:00:00+05:30
itn_f835c40e,trp_5df54ac3,Jaisalmer plan v1,1,1,optimizer,17500.00,NPR,1365,11.3,,active,2026-04-27T10:00:00+05:30,2026-08-18T10:00:00+05:30
itn_f223dc5d,trp_194fb6db,Kuala Lumpur plan v1,1,0,user,20343.67,INR,1140,11.3,,active,2026-07-23T10:00:00+05:30,2026-08-18T10:00:00+05:30
itn_f7530f01,trp_194fb6db,Kuala Lumpur plan v2,2,1,optimizer,20311.47,INR,1065,13.7,,active,2026-06-03T10:00:00+05:30,2026-08-18T10:00:00+05:30
itn_7fa58fb1,trp_5ac61fd8,Hyderabad plan v1,1,1,user,17900.00,INR,1380,13.7,"{""cost"":0.5,""time"":0.3,""carbon"":0.2}",active,2026-07-14T10:00:00+05:30,2026-08-18T10:00:00+05:30
itn_0090585f,trp_372d222b,Bangkok plan v1,1,1,ai_planner,6073.55,INR,390,5.3,,active,2026-05-23T10:00:00+05:30,2026-08-18T10:00:00+05:30
itn_d6db089f,trp_536f04bd,Amritsar plan v1,1,1,user,27850.00,INR,1125,13.7,,active,2026-07-16T10:00:00+05:30,2026-08-18T10:00:00+05:30
itn_de6ea0d5,trp_bacdeb91,Srinagar plan v1,1,1,ai_planner,19800.00,INR,1185,13.7,,active,2026-06-18T10:00:00+05:30,2026-08-18T10:00:00+05:30
itn_97ede86b,trp_27e50a35,Agra plan v1,1,1,ai_planner,27650.00,INR,1680,13.7,,active,2026-05-02T10:00:00+05:30,2026-08-18T10:00:00+05:30
itn_36327e60,trp_479e8ab9,Bali plan v1,1,1,ai_planner,614250.00,INR,1245,13.2,,active,2026-06-29T10:00:00+05:30,2026-08-18T10:00:00+05:30
itn_8510d4c4,trp_73b4e062,Ahmedabad plan v1,1,1,ai_planner,21250.00,INR,930,11.3,,active,2026-08-13T10:00:00+05:30,2026-08-18T10:00:00+05:30
itn_74687382,trp_cab2311d,Kuala Lumpur plan v1,1,1,ai_planner,7545.65,INR,1035,8.9,,active,2026-07-26T10:00:00+05:30,2026-08-18T10:00:00+05:30
itn_50ec69af,trp_d275f261,Hampi plan v1,1,1,ai_planner,9550.00,JPY,345,4.1,"{""cost"":0.5,""time"":0.3,""carbon"":0.2}",active,2026-05-11T10:00:00+05:30,2026-08-18T10:00:00+05:30
itn_0b81e243,trp_1904a63d,Madurai plan v1,1,1,optimizer,18100.00,INR,1515,12.5,,active,2026-05-29T10:00:00+05:30,2026-08-18T10:00:00+05:30
itn_6dc9eb1f,trp_f6f16cbd,Leh plan v1,1,1,ai_planner,18950.00,INR,1215,11.3,,active,2026-07-13T10:00:00+05:30,2026-08-18T10:00:00+05:30
itn_492b65ee,trp_9fcf6ecc,Shillong plan v1,1,1,user,18200.00,INR,870,10.1,,active,2026-05-20T10:00:00+05:30,2026-08-18T10:00:00+05:30
itn_c8f7c91d,trp_550c7b3b,Pondicherry plan v1,1,1,optimizer,19450.00,INR,1245,12.5,,active,2026-04-24T10:00:00+05:30,2026-08-18T10:00:00+05:30
itn_6a7ea71a,trp_04666cc6,Thimphu plan v1,1,0,optimizer,23800.00,INR,1065,12.5,,active,2026-05-31T10:00:00+05:30,2026-08-18T10:00:00+05:30
itn_89ca63c4,trp_04666cc6,Thimphu plan v2,2,0,user,26550.00,INR,945,13.7,,active,2026-07-22T10:00:00+05:30,2026-08-18T10:00:00+05:30
itn_3b6e95fc,trp_04666cc6,Thimphu plan v3,3,1,user,26350.00,INR,1050,12.5,"{""cost"":0.5,""time"":0.3,""carbon"":0.2}",active,2026-05-18T10:00:00+05:30,2026-08-18T10:00:00+05:30
itn_59b84d07,trp_4360e4bd,Alleppey plan v1,1,0,ai_planner,7750.00,INR,585,6.5,"{""cost"":0.5,""time"":0.3,""carbon"":0.2}",active,2026-07-20T10:00:00+05:30,2026-08-18T10:00:00+05:30
itn_0a0b92ff,trp_4360e4bd,Alleppey plan v2,2,1,agent,6250.00,INR,480,5.3,,active,2026-06-22T10:00:00+05:30,2026-08-18T10:00:00+05:30
itn_a5487320,trp_510db93a,Pokhara plan v1,1,1,ai_planner,10920.00,INR,510,6.5,"{""cost"":0.5,""time"":0.3,""carbon"":0.2}",active,2026-07-31T10:00:00+05:30,2026-08-18T10:00:00+05:30
itn_ebe1af54,trp_0e7cf08e,Kandy plan v1,1,1,optimizer,6035.00,INR,720,10.8,,active,2026-07-09T10:00:00+05:30,2026-08-18T10:00:00+05:30
itn_6e687d59,trp_9d4a5a9e,Thimphu plan v1,1,0,ai_planner,10200.00,INR,510,7.7,,active,2026-07-13T10:00:00+05:30,2026-08-18T10:00:00+05:30
itn_0a2bf127,trp_9d4a5a9e,Thimphu plan v2,2,0,user,13400.00,INR,855,10.1,,active,2026-05-19T10:00:00+05:30,2026-08-18T10:00:00+05:30
itn_512f146c,trp_9d4a5a9e,Thimphu plan v3,3,1,agent,13650.00,INR,690,10.1,,active,2026-05-31T10:00:00+05:30,2026-08-18T10:00:00+05:30
itn_e7e080e5,trp_1b3de2ea,Jodhpur plan v1,1,0,user,7950.00,INR,930,10.1,,active,2026-08-02T10:00:00+05:30,2026-08-18T10:00:00+05:30
itn_9360706d,trp_1b3de2ea,Jodhpur plan v2,2,1,agent,6700.00,INR,795,7.2,,active,2026-07-17T10:00:00+05:30,2026-08-18T10:00:00+05:30
itn_3a19a4a2,trp_13a7ffcc,Mumbai plan v1,1,0,user,13950.00,INR,960,11.3,"{""cost"":0.5,""time"":0.3,""carbon"":0.2}",active,2026-07-02T10:00:00+05:30,2026-08-18T10:00:00+05:30
itn_8e6a7fe0,trp_13a7ffcc,Mumbai plan v2,2,0,agent,18650.00,INR,1635,12.5,,active,2026-05-04T10:00:00+05:30,2026-08-18T10:00:00+05:30
itn_eccd4e62,trp_13a7ffcc,Mumbai plan v3,3,1,agent,18800.00,INR,1485,12.5,,active,2026-07-28T10:00:00+05:30,2026-08-18T10:00:00+05:30
itn_bbae8026,trp_26590ab5,Gokarna plan v1,1,0,ai_planner,22450.00,INR,1470,13.7,"{""cost"":0.5,""time"":0.3,""carbon"":0.2}",active,2026-07-21T10:00:00+05:30,2026-08-18T10:00:00+05:30
itn_6c3d542f,trp_26590ab5,Gokarna plan v2,2,0,ai_planner,21650.00,INR,810,7.7,"{""cost"":0.5,""time"":0.3,""carbon"":0.2}",active,2026-05-30T10:00:00+05:30,2026-08-18T10:00:00+05:30
itn_0ca874e7,trp_26590ab5,Gokarna plan v3,3,1,ai_planner,23800.00,INR,1020,11.3,,active,2026-04-26T10:00:00+05:30,2026-08-18T10:00:00+05:30
itn_ecea9ae1,trp_42c7ee54,Hyderabad plan v1,1,1,ai_planner,21450.00,INR,1245,12.5,"{""cost"":0.5,""time"":0.3,""carbon"":0.2}",active,2026-06-21T10:00:00+05:30,2026-08-18T10:00:00+05:30
itn_b8757e52,trp_ab7c6472,Mumbai plan v1,1,0,agent,26550.00,NPR,1560,12.5,,active,2026-08-05T10:00:00+05:30,2026-08-18T10:00:00+05:30
itn_903c84d2,trp_ab7c6472,Mumbai plan v2,2,0,optimizer,23950.00,NPR,1320,12.5,"{""cost"":0.5,""time"":0.3,""carbon"":0.2}",active,2026-08-02T10:00:00+05:30,2026-08-18T10:00:00+05:30
itn_bb8ca529,trp_ab7c6472,Mumbai plan v3,3,1,optimizer,23900.00,NPR,1365,12.5,"{""cost"":0.5,""time"":0.3,""carbon"":0.2}",active,2026-06-01T10:00:00+05:30,2026-08-18T10:00:00+05:30
itn_35492b22,trp_c60c3b5a,Munnar plan v1,1,1,agent,16700.00,INR,1260,11.3,"{""cost"":0.5,""time"":0.3,""carbon"":0.2}",active,2026-06-18T10:00:00+05:30,2026-08-18T10:00:00+05:30
itn_99102388,trp_35d620ca,Gokarna plan v1,1,1,optimizer,2622.00,SGD,1350,12.5,,active,2026-06-22T10:00:00+05:30,2026-08-18T10:00:00+05:30
itn_c8be5c25,trp_0c86284d,Doha plan v1,1,0,agent,20290.62,INR,900,10.1,,active,2026-06-21T10:00:00+05:30,2026-08-18T10:00:00+05:30
itn_34806800,trp_0c86284d,Doha plan v2,2,1,optimizer,20216.32,INR,1335,10.1,"{""cost"":0.5,""time"":0.3,""carbon"":0.2}",active,2026-06-11T10:00:00+05:30,2026-08-18T10:00:00+05:30
itn_de3a268c,trp_79423633,Lucknow plan v1,1,1,agent,8900.00,INR,765,8.9,,active,2026-08-01T10:00:00+05:30,2026-08-18T10:00:00+05:30
itn_4d5a2d7b,trp_c523a05c,Pondicherry plan v1,1,0,ai_planner,16400.00,INR,1005,10.1,,active,2026-07-08T10:00:00+05:30,2026-08-18T10:00:00+05:30
itn_5036ce86,trp_c523a05c,Pondicherry plan v2,2,0,user,9350.00,INR,1110,8.9,"{""cost"":0.5,""time"":0.3,""carbon"":0.2}",active,2026-07-17T10:00:00+05:30,2026-08-18T10:00:00+05:30
itn_ffc2c7f3,trp_c523a05c,Pondicherry plan v3,3,1,ai_planner,13250.00,INR,1470,10.1,,active,2026-07-27T10:00:00+05:30,2026-08-18T10:00:00+05:30
itn_1cb75808,trp_ddc1ac3a,Udaipur plan v1,1,1,agent,19300.00,INR,1095,12.5,"{""cost"":0.5,""time"":0.3,""carbon"":0.2}",active,2026-05-01T10:00:00+05:30,2026-08-18T10:00:00+05:30
itn_22da8e01,trp_7c20b912,Munnar plan v1,1,1,ai_planner,17350.00,INR,1125,11.3,,active,2026-07-28T10:00:00+05:30,2026-08-18T10:00:00+05:30
itn_db7baf23,trp_d13da5c8,Dubai plan v1,1,0,ai_planner,17958.65,INR,1020,12.5,,active,2026-07-04T10:00:00+05:30,2026-08-18T10:00:00+05:30
itn_7cd8db2d,trp_d13da5c8,Dubai plan v2,2,1,optimizer,17925.57,INR,930,12.5,"{""cost"":0.5,""time"":0.3,""carbon"":0.2}",active,2026-04-26T10:00:00+05:30,2026-08-18T10:00:00+05:30
itn_3f9516a2,trp_1800f567,Aurangabad plan v1,1,1,agent,6411.50,AED,1620,10.1,,active,2026-07-12T10:00:00+05:30,2026-08-18T10:00:00+05:30
itn_2457fe9c,trp_ccff079f,Ahmedabad plan v1,1,1,agent,4501.25,AED,1260,12.5,"{""cost"":0.5,""time"":0.3,""carbon"":0.2}",active,2026-06-23T10:00:00+05:30,2026-08-18T10:00:00+05:30
itn_bc8a966c,trp_f74bdeb1,Kuala Lumpur plan v1,1,1,agent,5222.86,INR,615,6.5,,active,2026-06-22T10:00:00+05:30,2026-08-18T10:00:00+05:30
itn_d0af3496,trp_03e922d6,Pune plan v1,1,1,user,13850.00,INR,1350,11.3,"{""cost"":0.5,""time"":0.3,""carbon"":0.2}",active,2026-05-27T10:00:00+05:30,2026-08-18T10:00:00+05:30
itn_a7fae9db,trp_11b70470,Tirupati plan v1,1,1,user,15250.00,INR,810,8.9,"{""cost"":0.5,""time"":0.3,""carbon"":0.2}",active,2026-07-14T10:00:00+05:30,2026-08-18T10:00:00+05:30
itn_33ab7d16,trp_503f7948,Pokhara plan v1,1,0,ai_planner,16100.00,INR,1095,10.1,"{""cost"":0.5,""time"":0.3,""carbon"":0.2}",active,2026-07-29T10:00:00+05:30,2026-08-18T10:00:00+05:30
itn_c612570b,trp_503f7948,Pokhara plan v2,2,0,ai_planner,18740.00,INR,795,11.3,"{""cost"":0.5,""time"":0.3,""carbon"":0.2}",active,2026-07-01T10:00:00+05:30,2026-08-18T10:00:00+05:30
itn_ed74a5c7,trp_503f7948,Pokhara plan v3,3,1,ai_planner,31620.00,INR,1995,13.7,"{""cost"":0.5,""time"":0.3,""carbon"":0.2}",active,2026-06-12T10:00:00+05:30,2026-08-18T10:00:00+05:30
itn_793482e2,trp_ec11de60,Doha plan v1,1,1,ai_planner,17611.44,INR,1785,12.5,"{""cost"":0.5,""time"":0.3,""carbon"":0.2}",active,2026-07-23T10:00:00+05:30,2026-08-18T10:00:00+05:30
itn_ca426bf0,trp_0050ebc1,Wayanad plan v1,1,1,optimizer,13100.00,INR,1350,13.7,,active,2026-05-09T10:00:00+05:30,2026-08-18T10:00:00+05:30
itn_2fb80ad4,trp_cdcc78b4,New Delhi plan v1,1,1,ai_planner,22900.00,INR,1080,12.5,"{""cost"":0.5,""time"":0.3,""carbon"":0.2}",active,2026-05-14T10:00:00+05:30,2026-08-18T10:00:00+05:30
itn_f77e24ab,trp_22a4deac,Agra plan v1,1,0,ai_planner,38500.00,NPR,1440,12.5,,active,2026-06-26T10:00:00+05:30,2026-08-18T10:00:00+05:30
itn_3b73fa2b,trp_22a4deac,Agra plan v2,2,0,ai_planner,35100.00,NPR,1560,13.7,,active,2026-08-04T10:00:00+05:30,2026-08-18T10:00:00+05:30
itn_b90d870a,trp_22a4deac,Agra plan v3,3,1,ai_planner,33900.00,NPR,1110,11.3,"{""cost"":0.5,""time"":0.3,""carbon"":0.2}",active,2026-05-29T10:00:00+05:30,2026-08-18T10:00:00+05:30
itn_68e28811,trp_d9f8d682,Guwahati plan v1,1,0,ai_planner,12250.00,INR,795,10.1,,active,2026-07-20T10:00:00+05:30,2026-08-18T10:00:00+05:30
itn_e3cc7781,trp_d9f8d682,Guwahati plan v2,2,1,agent,8100.00,INR,630,7.7,,active,2026-06-27T10:00:00+05:30,2026-08-18T10:00:00+05:30
itn_5a46829f,trp_074ec52a,Udaipur plan v1,1,0,ai_planner,24650.00,INR,1230,13.7,"{""cost"":0.5,""time"":0.3,""carbon"":0.2}",active,2026-05-08T10:00:00+05:30,2026-08-18T10:00:00+05:30
itn_b346a997,trp_074ec52a,Udaipur plan v2,2,1,optimizer,30450.00,INR,1245,12.5,"{""cost"":0.5,""time"":0.3,""carbon"":0.2}",active,2026-05-23T10:00:00+05:30,2026-08-18T10:00:00+05:30
itn_10071b71,trp_b038cfbe,Srinagar plan v1,1,1,agent,5700.00,INR,450,4.1,,active,2026-05-21T10:00:00+05:30,2026-08-18T10:00:00+05:30
itn_beac4d16,trp_fa67785b,Kolkata plan v1,1,1,agent,24000.00,INR,990,11.3,,active,2026-07-03T10:00:00+05:30,2026-08-18T10:00:00+05:30
itn_e2d4d0f0,trp_22d088b8,Varanasi plan v1,1,0,ai_planner,17850.00,INR,960,12.5,,active,2026-05-16T10:00:00+05:30,2026-08-18T10:00:00+05:30
itn_4d87c0ca,trp_22d088b8,Varanasi plan v2,2,0,agent,22050.00,INR,1080,12.5,"{""cost"":0.5,""time"":0.3,""carbon"":0.2}",active,2026-07-03T10:00:00+05:30,2026-08-18T10:00:00+05:30
itn_050c7b90,trp_22d088b8,Varanasi plan v3,3,1,user,15350.00,INR,1620,12.5,"{""cost"":0.5,""time"":0.3,""carbon"":0.2}",active,2026-06-17T10:00:00+05:30,2026-08-18T10:00:00+05:30
itn_38f38107,trp_c4fe9d44,Pune plan v1,1,1,ai_planner,11900.00,INR,1080,11.3,,active,2026-05-09T10:00:00+05:30,2026-08-18T10:00:00+05:30
itn_ded01916,trp_bcc5d027,Kochi plan v1,1,1,agent,21100.00,INR,1605,12.5,,active,2026-07-25T10:00:00+05:30,2026-08-18T10:00:00+05:30
itn_656b674a,trp_d729f422,Jaisalmer plan v1,1,1,ai_planner,5100.00,INR,255,4.1,,active,2026-06-12T10:00:00+05:30,2026-08-18T10:00:00+05:30
itn_2f75d229,trp_5d6b6f99,Bhuj plan v1,1,1,ai_planner,7900.00,INR,270,4.1,,active,2026-05-12T10:00:00+05:30,2026-08-18T10:00:00+05:30
itn_9307fd40,trp_5263ffa3,Bengaluru plan v1,1,0,ai_planner,21950.00,INR,1095,12.5,"{""cost"":0.5,""time"":0.3,""carbon"":0.2}",active,2026-05-15T10:00:00+05:30,2026-08-18T10:00:00+05:30
itn_61002b3e,trp_5263ffa3,Bengaluru plan v2,2,1,agent,21000.00,INR,1410,12.5,,active,2026-07-13T10:00:00+05:30,2026-08-18T10:00:00+05:30
itn_dbf66278,trp_33c5a895,Manali plan v1,1,1,ai_planner,21500.00,INR,735,10.1,"{""cost"":0.5,""time"":0.3,""carbon"":0.2}",active,2026-08-04T10:00:00+05:30,2026-08-18T10:00:00+05:30
itn_0b218827,trp_94e301b8,Guwahati plan v1,1,1,optimizer,6400.00,INR,1020,12,"{""cost"":0.5,""time"":0.3,""carbon"":0.2}",active,2026-05-13T10:00:00+05:30,2026-08-18T10:00:00+05:30
itn_b02a0f22,trp_e900e96a,Pokhara plan v1,1,1,optimizer,16560.00,INR,1245,12.5,,active,2026-06-11T10:00:00+05:30,2026-08-18T10:00:00+05:30
itn_cbfab114,trp_377a871a,Kathmandu plan v1,1,1,ai_planner,30800.00,INR,945,11.3,"{""cost"":0.5,""time"":0.3,""carbon"":0.2}",active,2026-04-23T10:00:00+05:30,2026-08-18T10:00:00+05:30
itn_c9621e26,trp_5ad6c4c8,Abu Dhabi plan v1,1,1,ai_planner,5072.77,INR,885,6.5,"{""cost"":0.5,""time"":0.3,""carbon"":0.2}",active,2026-08-12T10:00:00+05:30,2026-08-18T10:00:00+05:30
itn_45e505e0,trp_2d23dd64,Ahmedabad plan v1,1,1,user,19900.00,INR,1140,11.3,,active,2026-05-12T10:00:00+05:30,2026-08-18T10:00:00+05:30
itn_8404374f,trp_31015abc,Bhuj plan v1,1,1,optimizer,26650.00,INR,1095,13.7,"{""cost"":0.5,""time"":0.3,""carbon"":0.2}",active,2026-06-22T10:00:00+05:30,2026-08-18T10:00:00+05:30
itn_952aaaed,trp_9818ae06,Pune plan v1,1,0,optimizer,13700.00,INR,1290,11.3,,active,2026-05-12T10:00:00+05:30,2026-08-18T10:00:00+05:30
itn_6ebc1e21,trp_9818ae06,Pune plan v2,2,0,agent,13700.00,INR,1095,12.5,"{""cost"":0.5,""time"":0.3,""carbon"":0.2}",active,2026-05-25T10:00:00+05:30,2026-08-18T10:00:00+05:30
itn_446deb9d,trp_9818ae06,Pune plan v3,3,1,ai_planner,2900.00,INR,1365,12,,active,2026-07-19T10:00:00+05:30,2026-08-18T10:00:00+05:30
itn_6e78eda6,trp_9a841c7e,Kolkata plan v1,1,1,agent,9851.25,SGD,840,12.5,,active,2026-05-18T10:00:00+05:30,2026-08-18T10:00:00+05:30
itn_59fcc8e6,trp_8c188c27,Mysuru plan v1,1,0,optimizer,9600.00,INR,855,10.1,"{""cost"":0.5,""time"":0.3,""carbon"":0.2}",active,2026-07-11T10:00:00+05:30,2026-08-18T10:00:00+05:30
itn_c7d4c059,trp_8c188c27,Mysuru plan v2,2,0,optimizer,10000.00,INR,750,10.1,,active,2026-05-08T10:00:00+05:30,2026-08-18T10:00:00+05:30
itn_4296014e,trp_8c188c27,Mysuru plan v3,3,1,ai_planner,9400.00,INR,915,8.9,"{""cost"":0.5,""time"":0.3,""carbon"":0.2}",active,2026-04-23T10:00:00+05:30,2026-08-18T10:00:00+05:30
itn_8eb016e5,trp_baeb9644,Alleppey plan v1,1,1,ai_planner,6950.00,INR,285,4.1,"{""cost"":0.5,""time"":0.3,""carbon"":0.2}",active,2026-07-23T10:00:00+05:30,2026-08-18T10:00:00+05:30
itn_5045021f,trp_96b44a87,Bengaluru plan v1,1,1,ai_planner,23650.00,INR,1455,10.1,,active,2026-07-16T10:00:00+05:30,2026-08-18T10:00:00+05:30
itn_caf11eb9,trp_0e733795,Darjeeling plan v1,1,1,ai_planner,17400.00,INR,1500,12.5,,active,2026-05-23T10:00:00+05:30,2026-08-18T10:00:00+05:30
itn_20a0bf45,trp_63451510,Mysuru plan v1,1,1,optimizer,5100.00,INR,675,10.8,,active,2026-04-25T10:00:00+05:30,2026-08-18T10:00:00+05:30
itn_fd0b885c,trp_ed7e580e,Shillong plan v1,1,1,agent,20300.00,INR,900,8.9,"{""cost"":0.5,""time"":0.3,""carbon"":0.2}",active,2026-08-01T10:00:00+05:30,2026-08-18T10:00:00+05:30
itn_ce496677,trp_5b79ffd1,Munnar plan v1,1,0,ai_planner,12450.00,INR,975,10.1,,active,2026-05-25T10:00:00+05:30,2026-08-18T10:00:00+05:30
itn_a88afdee,trp_5b79ffd1,Munnar plan v2,2,1,ai_planner,12000.00,INR,870,10.1,,active,2026-05-17T10:00:00+05:30,2026-08-18T10:00:00+05:30
itn_0b4afd9d,trp_574e5595,Abu Dhabi plan v1,1,1,ai_planner,7654.37,INR,1095,8.9,,active,2026-05-30T10:00:00+05:30,2026-08-18T10:00:00+05:30
itn_0f5ab070,trp_2035c85a,Kuala Lumpur plan v1,1,1,agent,17752.40,INR,945,11.3,"{""cost"":0.5,""time"":0.3,""carbon"":0.2}",active,2026-07-01T10:00:00+05:30,2026-08-18T10:00:00+05:30
itn_fb74b021,trp_f7736bd6,Kandy plan v1,1,1,ai_planner,4970.00,INR,525,9.6,,active,2026-06-05T10:00:00+05:30,2026-08-18T10:00:00+05:30
itn_a0693837,trp_f6031e74,Gokarna plan v1,1,1,user,7761.50,AED,1350,13.7,"{""cost"":0.5,""time"":0.3,""carbon"":0.2}",active,2026-08-11T10:00:00+05:30,2026-08-18T10:00:00+05:30
itn_2ad4e400,trp_8b48ae6e,Bhubaneswar plan v1,1,1,user,11400.00,INR,660,6.5,"{""cost"":0.5,""time"":0.3,""carbon"":0.2}",active,2026-07-30T10:00:00+05:30,2026-08-18T10:00:00+05:30
itn_3eeb4734,trp_cf3db507,Guwahati plan v1,1,1,user,16950.00,INR,915,10.1,,active,2026-05-12T10:00:00+05:30,2026-08-18T10:00:00+05:30
itn_7ebf6e90,trp_25e25e9c,Doha plan v1,1,1,ai_planner,7687.92,INR,990,8.9,,active,2026-08-09T10:00:00+05:30,2026-08-18T10:00:00+05:30
itn_a4db47e9,trp_ecb44c64,Thiruvananthapuram plan v1,1,0,optimizer,21850.00,INR,1920,13.7,,active,2026-07-29T10:00:00+05:30,2026-08-18T10:00:00+05:30
itn_c7c5d79b,trp_ecb44c64,Thiruvananthapuram plan v2,2,0,ai_planner,21500.00,INR,1590,12.5,"{""cost"":0.5,""time"":0.3,""carbon"":0.2}",active,2026-05-24T10:00:00+05:30,2026-08-18T10:00:00+05:30
itn_702ab41a,trp_ecb44c64,Thiruvananthapuram plan v3,3,1,ai_planner,21350.00,INR,1380,13.7,,active,2026-04-25T10:00:00+05:30,2026-08-18T10:00:00+05:30
itn_2825e8e9,trp_2c538bd5,Doha plan v1,1,1,user,1462821.21,IDR,825,10.1,,active,2026-06-05T10:00:00+05:30,2026-08-18T10:00:00+05:30
itn_a64055dc,trp_9eb0f5fe,Bangkok plan v1,1,1,agent,23494.30,INR,1080,13.7,"{""cost"":0.5,""time"":0.3,""carbon"":0.2}",active,2026-05-25T10:00:00+05:30,2026-08-18T10:00:00+05:30
itn_6b7ac4a3,trp_4c04b27d,Bangkok plan v1,1,1,agent,8552.50,INR,660,7.7,,active,2026-06-03T10:00:00+05:30,2026-08-18T10:00:00+05:30
itn_6dcf0f97,trp_32a84989,Jaipur plan v1,1,1,optimizer,2050.00,INR,435,6,"{""cost"":0.5,""time"":0.3,""carbon"":0.2}",active,2026-06-22T10:00:00+05:30,2026-08-18T10:00:00+05:30
itn_3830295d,trp_76677b52,Ahmedabad plan v1,1,1,user,15800.00,INR,1110,13.7,,active,2026-06-28T10:00:00+05:30,2026-08-18T10:00:00+05:30
itn_896d88e7,trp_c9e5981e,Shimla plan v1,1,1,optimizer,15550.00,INR,1170,11.3,,active,2026-07-18T10:00:00+05:30,2026-08-18T10:00:00+05:30
itn_427ee9e7,trp_835b8b9f,Shimla plan v1,1,1,agent,11450.00,INR,1140,12.5,,active,2026-08-01T10:00:00+05:30,2026-08-18T10:00:00+05:30
itn_1fa168ae,trp_cf3635ee,Mysuru plan v1,1,1,ai_planner,14700.00,INR,1425,13.7,"{""cost"":0.5,""time"":0.3,""carbon"":0.2}",active,2026-04-21T10:00:00+05:30,2026-08-18T10:00:00+05:30
itn_1aa579f2,trp_7507ac91,Gangtok plan v1,1,1,user,22550.00,INR,1755,13.7,"{""cost"":0.5,""time"":0.3,""carbon"":0.2}",active,2026-05-01T10:00:00+05:30,2026-08-18T10:00:00+05:30
itn_8233840f,trp_1af71903,Tirupati plan v1,1,1,optimizer,8550.00,NPR,930,9.6,,active,2026-05-03T10:00:00+05:30,2026-08-18T10:00:00+05:30
itn_1c9d3114,trp_7a17c8a1,Jaipur plan v1,1,1,user,8500.00,INR,480,6.5,,active,2026-06-21T10:00:00+05:30,2026-08-18T10:00:00+05:30
itn_9a0b6f00,trp_73adc9df,Bali plan v1,1,1,optimizer,1789500.00,INR,1125,11.3,,active,2026-05-03T10:00:00+05:30,2026-08-18T10:00:00+05:30
itn_49fc7196,trp_c3b40723,Varanasi plan v1,1,0,agent,8950.00,INR,840,8.9,"{""cost"":0.5,""time"":0.3,""carbon"":0.2}",active,2026-05-05T10:00:00+05:30,2026-08-18T10:00:00+05:30
itn_75626a4f,trp_c3b40723,Varanasi plan v2,2,0,optimizer,10500.00,INR,630,7.7,,active,2026-05-07T10:00:00+05:30,2026-08-18T10:00:00+05:30
itn_ec76756e,trp_c3b40723,Varanasi plan v3,3,1,agent,16700.00,INR,690,10.1,,active,2026-07-31T10:00:00+05:30,2026-08-18T10:00:00+05:30
itn_58a33ec7,trp_96471330,Zurich plan v1,1,1,optimizer,12532.56,INR,1275,13.7,,active,2026-07-29T10:00:00+05:30,2026-08-18T10:00:00+05:30
itn_ee1269a2,trp_56eeb108,Kathmandu plan v1,1,0,ai_planner,3370.75,AED,720,6.5,,active,2026-06-15T10:00:00+05:30,2026-08-18T10:00:00+05:30
itn_a9773409,trp_56eeb108,Kathmandu plan v2,2,1,optimizer,6170.75,AED,810,10.1,,active,2026-05-04T10:00:00+05:30,2026-08-18T10:00:00+05:30
itn_094309ee,trp_9bebde0c,Udaipur plan v1,1,1,agent,20450.00,INR,690,12.5,"{""cost"":0.5,""time"":0.3,""carbon"":0.2}",active,2026-07-02T10:00:00+05:30,2026-08-18T10:00:00+05:30
itn_4fa0c628,trp_adec5721,Puri plan v1,1,0,ai_planner,9651.25,SGD,1395,11.3,,active,2026-04-28T10:00:00+05:30,2026-08-18T10:00:00+05:30
itn_399908ae,trp_adec5721,Puri plan v2,2,1,ai_planner,8051.25,SGD,1515,13.7,,active,2026-06-23T10:00:00+05:30,2026-08-18T10:00:00+05:30
itn_06034281,trp_d4204375,Bhubaneswar plan v1,1,0,ai_planner,19950.00,INR,1245,13.7,"{""cost"":0.5,""time"":0.3,""carbon"":0.2}",active,2026-06-20T10:00:00+05:30,2026-08-18T10:00:00+05:30
itn_76582a4b,trp_d4204375,Bhubaneswar plan v2,2,1,ai_planner,25550.00,INR,975,12.5,,active,2026-05-03T10:00:00+05:30,2026-08-18T10:00:00+05:30
itn_ca496f4a,trp_0629deb2,Udaipur plan v1,1,1,user,28500.00,INR,1485,13.7,,active,2026-07-28T10:00:00+05:30,2026-08-18T10:00:00+05:30
itn_24487d0c,trp_cdb13358,Visakhapatnam plan v1,1,1,agent,11160.00,THB,1125,12.5,,active,2026-07-07T10:00:00+05:30,2026-08-18T10:00:00+05:30
itn_3557cc31,trp_c81c4b8e,Kolkata plan v1,1,0,agent,10750.00,INR,1005,8.9,"{""cost"":0.5,""time"":0.3,""carbon"":0.2}",active,2026-04-22T10:00:00+05:30,2026-08-18T10:00:00+05:30
itn_2aca5907,trp_c81c4b8e,Kolkata plan v2,2,0,optimizer,1700.00,INR,585,6,,active,2026-07-29T10:00:00+05:30,2026-08-18T10:00:00+05:30
itn_22fbf7b9,trp_c81c4b8e,Kolkata plan v3,3,1,user,13900.00,INR,1140,10.1,"{""cost"":0.5,""time"":0.3,""carbon"":0.2}",active,2026-06-16T10:00:00+05:30,2026-08-18T10:00:00+05:30
itn_ea5632e6,trp_d22f372f,Manali plan v1,1,1,ai_planner,13000.00,INR,1515,13.7,,active,2026-05-03T10:00:00+05:30,2026-08-18T10:00:00+05:30
itn_5942b88e,trp_ac2f90d3,Male plan v1,1,0,user,16248.75,INR,1455,13.7,,active,2026-06-04T10:00:00+05:30,2026-08-18T10:00:00+05:30
itn_906a171c,trp_ac2f90d3,Male plan v2,2,1,user,16535.50,INR,1050,10.1,,active,2026-05-17T10:00:00+05:30,2026-08-18T10:00:00+05:30
itn_c554ffea,trp_7d8e2e3c,Bengaluru plan v1,1,1,optimizer,9050.00,INR,420,5.3,,active,2026-07-18T10:00:00+05:30,2026-08-18T10:00:00+05:30
itn_45da5934,trp_9158f558,Puri plan v1,1,1,optimizer,16100.00,INR,1605,12.5,"{""cost"":0.5,""time"":0.3,""carbon"":0.2}",active,2026-07-10T10:00:00+05:30,2026-08-18T10:00:00+05:30
itn_b4329580,trp_740a0028,Aurangabad plan v1,1,1,ai_planner,11050.00,INR,855,6.5,,active,2026-04-25T10:00:00+05:30,2026-08-18T10:00:00+05:30
itn_be1863ff,trp_dbfef2b5,Chennai plan v1,1,1,ai_planner,14100.00,INR,1560,12.5,"{""cost"":0.5,""time"":0.3,""carbon"":0.2}",active,2026-06-19T10:00:00+05:30,2026-08-18T10:00:00+05:30
itn_50b5fe65,trp_b18bf78b,Singapore plan v1,1,1,optimizer,7509.65,INR,405,6.5,,active,2026-07-16T10:00:00+05:30,2026-08-18T10:00:00+05:30
itn_40758440,trp_566e3eb3,Bangkok plan v1,1,1,user,11368.25,INR,960,11.3,,active,2026-07-04T10:00:00+05:30,2026-08-18T10:00:00+05:30
itn_a2df6f55,trp_a0b8b8af,Kandy plan v1,1,1,ai_planner,6242.50,INR,285,5.3,"{""cost"":0.5,""time"":0.3,""carbon"":0.2}",active,2026-07-25T10:00:00+05:30,2026-08-18T10:00:00+05:30
itn_87231da5,trp_ed2f3b97,Gangtok plan v1,1,1,ai_planner,1955200.00,IDR,1425,12.5,,active,2026-05-20T10:00:00+05:30,2026-08-18T10:00:00+05:30
itn_85fc416e,trp_2578a1a2,Gangtok plan v1,1,0,optimizer,3771.75,AED,1020,11.3,"{""cost"":0.5,""time"":0.3,""carbon"":0.2}",active,2026-06-29T10:00:00+05:30,2026-08-18T10:00:00+05:30
itn_98cb73b5,trp_2578a1a2,Gangtok plan v2,2,0,optimizer,8121.75,AED,1500,12.5,,active,2026-07-19T10:00:00+05:30,2026-08-18T10:00:00+05:30
itn_1f2fe71c,trp_2578a1a2,Gangtok plan v3,3,1,ai_planner,7000.00,AED,1590,13.2,,active,2026-06-22T10:00:00+05:30,2026-08-18T10:00:00+05:30
itn_08a6037f,trp_f2b92037,Gokarna plan v1,1,1,ai_planner,6100.00,INR,240,2.9,,active,2026-07-17T10:00:00+05:30,2026-08-18T10:00:00+05:30
itn_981276ea,trp_f4115fa9,Zurich plan v1,1,1,agent,7504.73,INR,465,7.7,"{""cost"":0.5,""time"":0.3,""carbon"":0.2}",active,2026-06-19T10:00:00+05:30,2026-08-18T10:00:00+05:30
itn_1e37e476,trp_5ad4267c,Munnar plan v1,1,1,ai_planner,2000.00,INR,540,6,,active,2026-04-27T10:00:00+05:30,2026-08-18T10:00:00+05:30
itn_27daec36,trp_854e1930,Guwahati plan v1,1,1,optimizer,15300.00,INR,1215,13.7,"{""cost"":0.5,""time"":0.3,""carbon"":0.2}",active,2026-06-10T10:00:00+05:30,2026-08-18T10:00:00+05:30
itn_16049351,trp_e617ca9d,Tirupati plan v1,1,1,user,6500.00,INR,555,6.5,"{""cost"":0.5,""time"":0.3,""carbon"":0.2}",active,2026-06-28T10:00:00+05:30,2026-08-18T10:00:00+05:30
itn_579e36a3,trp_7543950b,Kolkata plan v1,1,1,ai_planner,62500.00,LKR,1350,13.7,,active,2026-07-21T10:00:00+05:30,2026-08-18T10:00:00+05:30
itn_c1e6e101,trp_3ebf9280,Jaipur plan v1,1,1,ai_planner,5650.00,CHF,765,9.6,,active,2026-08-09T10:00:00+05:30,2026-08-18T10:00:00+05:30
itn_269cb5c8,trp_2342ddcb,Kathmandu plan v1,1,1,ai_planner,17600.00,INR,1020,13.7,,active,2026-07-26T10:00:00+05:30,2026-08-18T10:00:00+05:30
itn_273cf101,trp_5bb207b2,Tirupati plan v1,1,1,ai_planner,27450.00,INR,1440,13.7,,active,2026-06-30T10:00:00+05:30,2026-08-18T10:00:00+05:30
itn_685c81a5,trp_940ac1af,Mysuru plan v1,1,1,user,11300.00,INR,735,10.1,"{""cost"":0.5,""time"":0.3,""carbon"":0.2}",active,2026-05-21T10:00:00+05:30,2026-08-18T10:00:00+05:30
itn_2773381b,trp_d923c276,Doha plan v1,1,1,ai_planner,15303.73,INR,1455,12.5,"{""cost"":0.5,""time"":0.3,""carbon"":0.2}",active,2026-08-03T10:00:00+05:30,2026-08-18T10:00:00+05:30
itn_267f3a24,trp_0e658b9d,Visakhapatnam plan v1,1,1,ai_planner,26350.00,INR,720,12.5,"{""cost"":0.5,""time"":0.3,""carbon"":0.2}",active,2026-04-27T10:00:00+05:30,2026-08-18T10:00:00+05:30
itn_a0cf56b2,trp_876b6bd2,Aurangabad plan v1,1,1,ai_planner,1818.50,QAR,810,6.5,"{""cost"":0.5,""time"":0.3,""carbon"":0.2}",active,2026-07-01T10:00:00+05:30,2026-08-18T10:00:00+05:30
itn_4eec699c,trp_b14214a6,Mumbai plan v1,1,1,agent,11700.00,INR,990,7.7,,active,2026-07-24T10:00:00+05:30,2026-08-18T10:00:00+05:30
itn_f802f024,trp_7fe2e631,Abu Dhabi plan v1,1,1,agent,20304.32,INR,870,11.3,"{""cost"":0.5,""time"":0.3,""carbon"":0.2}",active,2026-05-29T10:00:00+05:30,2026-08-18T10:00:00+05:30
itn_4d543fab,trp_3dee7b31,Male plan v1,1,0,user,16054.50,INR,1320,12.5,"{""cost"":0.5,""time"":0.3,""carbon"":0.2}",active,2026-05-05T10:00:00+05:30,2026-08-18T10:00:00+05:30
itn_f6f612bb,trp_3dee7b31,Male plan v2,2,0,user,15240.50,INR,1410,12.5,,active,2026-04-30T10:00:00+05:30,2026-08-18T10:00:00+05:30
itn_e4494f25,trp_3dee7b31,Male plan v3,3,1,agent,1711.25,INR,1605,13.2,"{""cost"":0.5,""time"":0.3,""carbon"":0.2}",active,2026-06-01T10:00:00+05:30,2026-08-18T10:00:00+05:30
itn_1fba5e90,trp_a41af335,Hyderabad plan v1,1,1,ai_planner,2200.00,INR,1005,12,,active,2026-07-07T10:00:00+05:30,2026-08-18T10:00:00+05:30
itn_1b43d3c7,trp_e97f3f1c,Udaipur plan v1,1,0,ai_planner,20500.00,INR,825,12.5,"{""cost"":0.5,""time"":0.3,""carbon"":0.2}",active,2026-06-18T10:00:00+05:30,2026-08-18T10:00:00+05:30
itn_75faf956,trp_e97f3f1c,Udaipur plan v2,2,0,optimizer,15050.00,INR,1305,13.7,"{""cost"":0.5,""time"":0.3,""carbon"":0.2}",active,2026-06-14T10:00:00+05:30,2026-08-18T10:00:00+05:30
itn_21ea61d5,trp_e97f3f1c,Udaipur plan v3,3,1,ai_planner,21700.00,INR,1365,13.7,"{""cost"":0.5,""time"":0.3,""carbon"":0.2}",active,2026-06-21T10:00:00+05:30,2026-08-18T10:00:00+05:30
itn_48aa3ea6,trp_bf65331c,Kuala Lumpur plan v1,1,1,user,5067.13,INR,555,5.3,,active,2026-05-05T10:00:00+05:30,2026-08-18T10:00:00+05:30
itn_e9e9bac2,trp_4c256d1e,Amritsar plan v1,1,1,ai_planner,8507.50,THB,930,8.9,"{""cost"":0.5,""time"":0.3,""carbon"":0.2}",active,2026-05-10T10:00:00+05:30,2026-08-18T10:00:00+05:30
itn_720b282c,trp_2e23ea17,Manali plan v1,1,1,optimizer,29025.00,LKR,1095,10.1,,active,2026-07-25T10:00:00+05:30,2026-08-18T10:00:00+05:30
itn_afbe2406,trp_cfff63af,Thimphu plan v1,1,0,user,19750.00,INR,720,11.3,,active,2026-06-16T10:00:00+05:30,2026-08-18T10:00:00+05:30
itn_5a11f95a,trp_cfff63af,Thimphu plan v2,2,1,ai_planner,20250.00,INR,1155,12.5,"{""cost"":0.5,""time"":0.3,""carbon"":0.2}",active,2026-06-15T10:00:00+05:30,2026-08-18T10:00:00+05:30
itn_aaaeabcd,trp_aa024588,Bhuj plan v1,1,1,ai_planner,6205.00,THB,495,6.5,"{""cost"":0.5,""time"":0.3,""carbon"":0.2}",active,2026-07-23T10:00:00+05:30,2026-08-18T10:00:00+05:30
itn_9c5f4a20,trp_32db6373,Chennai plan v1,1,1,ai_planner,19150.00,INR,1665,12.5,"{""cost"":0.5,""time"":0.3,""carbon"":0.2}",active,2026-07-19T10:00:00+05:30,2026-08-18T10:00:00+05:30
itn_dce83cbb,trp_c0c1da94,Mumbai plan v1,1,1,agent,19050.00,INR,1680,12.5,,active,2026-05-25T10:00:00+05:30,2026-08-18T10:00:00+05:30
itn_6da287fd,trp_1c6b709c,Pokhara plan v1,1,1,agent,11701.50,AED,1305,13.7,,active,2026-07-05T10:00:00+05:30,2026-08-18T10:00:00+05:30
itn_86756c0a,trp_d8d828d7,Doha plan v1,1,1,optimizer,251.46,CHF,1245,11.3,,active,2026-08-10T10:00:00+05:30,2026-08-18T10:00:00+05:30
itn_607d8bd2,trp_2974df6f,Kyoto plan v1,1,1,ai_planner,44020.00,NPR,930,11.3,,active,2026-06-08T10:00:00+05:30,2026-08-18T10:00:00+05:30
