booking_id,user_id,trip_id,itinerary_id,booking_reference,channel,total_amount,currency,tax_amount,idempotency_key,status,confirmed_at,cancelled_at,cancellation_reason,created_at,updated_at
bkg_8d0849e2,usr_1a6892bf,,,8A3C2E,partner,12472.81,THB,1336.37,idem_df37f4e52c677e3b,failed,,,,2026-05-07T16:45:00+05:30,2026-08-18T10:00:00+05:30
bkg_f3f14669,usr_65303113,trp_39d6963e,,2D8EF0,mobile_app,12698.25,AED,1360.53,idem_8c92a8b7c33d3521,confirmed,2026-05-04T19:47:00+05:30,,,2026-05-04T19:45:00+05:30,2026-08-18T10:00:00+05:30
bkg_9fbe30f1,usr_b8779399,trp_53f18756,,BB898D,call_centre,21803.89,INR,2336.13,idem_80164db542eb6d3f,confirmed,2026-04-28T07:32:00+05:30,,,2026-04-28T07:30:00+05:30,2026-08-18T10:00:00+05:30
bkg_71bc2fda,usr_bbd1ced8,trp_f4115fa9,,4B16EC,web,2413.11,INR,258.55,idem_a7214b69a75d54d1,confirmed,2026-04-27T03:02:00+05:30,,,2026-04-27T03:00:00+05:30,2026-08-18T10:00:00+05:30
bkg_0fe06257,usr_b10b6018,trp_f18e9739,,C4BE73,mobile_app,7431.31,INR,796.21,idem_acb94ddd5b2d4b67,confirmed,2026-06-29T04:47:00+05:30,,,2026-06-29T04:45:00+05:30,2026-08-18T10:00:00+05:30
bkg_1cead6ba,usr_40c95b13,trp_8c188c27,,9D4CDC,mobile_app,832.20,AED,89.16,idem_264bf3af9523189e,confirmed,2026-06-20T06:02:00+05:30,,,2026-06-20T06:00:00+05:30,2026-08-18T10:00:00+05:30
bkg_191f5ae9,usr_6c3fae7b,,,24EBF1,web,82959.39,INR,8888.51,idem_caff200b0c04f6ac,pending,,,,2026-08-16T23:15:00+05:30,2026-08-18T10:00:00+05:30
bkg_21080582,usr_c221a5aa,,,B07D68,mobile_app,26062.40,INR,2792.40,idem_559df0f97ac5863a,cancelled,,2026-07-02T06:30:00+05:30,Found a better rate,2026-06-13T06:30:00+05:30,2026-08-18T10:00:00+05:30
bkg_c2904ebe,usr_e8f563b9,,,F79802,mobile_app,14624.56,INR,1566.92,idem_75f064543876f2f7,confirmed,2026-05-18T01:02:00+05:30,,,2026-05-18T01:00:00+05:30,2026-08-18T10:00:00+05:30
bkg_195d6ea3,usr_7e340c2a,trp_2d23dd64,,725194,mobile_app,16194.20,INR,1735.09,idem_6343af87e49c9d2b,confirmed,2026-07-31T02:47:00+05:30,,,2026-07-31T02:45:00+05:30,2026-08-18T10:00:00+05:30
bkg_b331a12e,usr_5527167d,trp_dbfef2b5,,3C424D,web,97616.62,INR,10458.92,idem_00ae1fad450b730e,refunded,,2026-08-12T02:30:00+05:30,Trip postponed,2026-07-28T02:30:00+05:30,2026-08-18T10:00:00+05:30
bkg_b3f4b8fd,usr_ee57ec9a,trp_9f0e2c12,,219771,mobile_app,16451.08,INR,1762.62,idem_af0721494f9b7b63,confirmed,2026-05-17T07:32:00+05:30,,,2026-05-17T07:30:00+05:30,2026-08-18T10:00:00+05:30
bkg_994e397a,usr_8d937b9e,trp_91d592b2,,185538,mobile_app,4378.10,INR,469.08,idem_349cab5e46fb6885,partially_confirmed,2026-08-02T16:47:00+05:30,,,2026-08-02T16:45:00+05:30,2026-08-18T10:00:00+05:30
bkg_9377e970,usr_d8cab59f,trp_aa766de3,,D8954B,web,4465.18,INR,478.41,idem_50b5eeb320e40130,confirmed,2026-06-16T03:02:00+05:30,,,2026-06-16T03:00:00+05:30,2026-08-18T10:00:00+05:30
bkg_370aa5b3,usr_9afd8eab,trp_04666cc6,,C8A6AE,mobile_app,9719.77,INR,1041.40,idem_6b63411de7a12af0,confirmed,2026-05-21T11:32:00+05:30,,,2026-05-21T11:30:00+05:30,2026-08-18T10:00:00+05:30
bkg_74144e7b,usr_58d2b52f,trp_10a5cdc9,,BE258F,web,71355.68,INR,7645.25,idem_68064563fc0bb1ff,confirmed,2026-07-25T10:32:00+05:30,,,2026-07-25T10:30:00+05:30,2026-08-18T10:00:00+05:30
bkg_1d1e89ab,usr_fedbd227,trp_1dd09ed0,,28CD0C,mobile_app,15320.69,INR,1641.50,idem_b0565bdbf25545c0,confirmed,2026-08-09T22:47:00+05:30,,,2026-08-09T22:45:00+05:30,2026-08-18T10:00:00+05:30
bkg_144e317c,usr_04b21637,trp_10f1523f,,A68A9D,mobile_app,10594.23,INR,1135.10,idem_7017e32ee8856205,confirmed,2026-06-04T14:17:00+05:30,,,2026-06-04T14:15:00+05:30,2026-08-18T10:00:00+05:30
bkg_aabdfc13,usr_fa7951d2,trp_9158f558,,CEAE96,web,47467.53,AED,5085.81,idem_4914eb2f953051c0,confirmed,2026-04-29T17:47:00+05:30,,,2026-04-29T17:45:00+05:30,2026-08-18T10:00:00+05:30
bkg_1db61efe,usr_bac1ae76,trp_3d0f7e84,,B16C5B,mobile_app,21552.43,INR,2309.19,idem_5167e518492c7d2d,confirmed,2026-04-26T01:47:00+05:30,,,2026-04-26T01:45:00+05:30,2026-08-18T10:00:00+05:30
bkg_69566a24,usr_fd8f7b49,,,4C6923,web,10501.94,INR,1125.21,idem_8bad4d92b519c3bb,confirmed,2026-08-14T11:02:00+05:30,,,2026-08-14T11:00:00+05:30,2026-08-18T10:00:00+05:30
bkg_7383cc12,usr_ab44eb3e,trp_13f532df,,927756,mobile_app,35211.03,INR,3772.61,idem_a6d16126bc752614,pending,,,,2026-07-30T17:45:00+05:30,2026-08-18T10:00:00+05:30
bkg_e0caef56,usr_322bb31e,,,1F5495,partner,22709.41,INR,2433.15,idem_ec74a33a656dc784,cancelled,,2026-06-15T23:00:00+05:30,Duplicate booking,2026-05-29T23:00:00+05:30,2026-08-18T10:00:00+05:30
bkg_dc805bb2,usr_8700ba48,trp_2a380c8a,,904A74,web,38534.20,INR,4128.66,idem_2678283fa27e38a5,cancelled,,2026-07-23T03:30:00+05:30,Found a better rate,2026-07-13T03:30:00+05:30,2026-08-18T10:00:00+05:30
bkg_c6ccdb15,usr_c8025f92,trp_2974df6f,,21E2B3,web,11754.04,INR,1259.36,idem_73657b07c3cb32aa,confirmed,2026-06-07T06:02:00+05:30,,,2026-06-07T06:00:00+05:30,2026-08-18T10:00:00+05:30
bkg_55382b3e,usr_ab49979e,,,0A1DF2,agent,51279.88,INR,5494.27,idem_cb551f6ff443d28b,confirmed,2026-08-08T13:17:00+05:30,,,2026-08-08T13:15:00+05:30,2026-08-18T10:00:00+05:30
bkg_a18c8fb4,usr_6e6d6fef,,,1A4C81,mobile_app,17204.51,INR,1843.34,idem_048a078c35ac54db,confirmed,2026-05-26T22:32:00+05:30,,,2026-05-26T22:30:00+05:30,2026-08-18T10:00:00+05:30
bkg_5ff05c45,usr_b5327682,,,DE7B9B,mobile_app,43025.07,INR,4609.83,idem_c28982156c358405,confirmed,2026-05-04T07:32:00+05:30,,,2026-05-04T07:30:00+05:30,2026-08-18T10:00:00+05:30
bkg_8cdd25c2,usr_8e272905,trp_72f16fa8,,ED46F5,web,4118.39,INR,441.26,idem_ea50ce7397923592,confirmed,2026-07-17T00:32:00+05:30,,,2026-07-17T00:30:00+05:30,2026-08-18T10:00:00+05:30
bkg_eca7b339,usr_638c6951,,,640363,web,6875.87,LKR,736.70,idem_f1c99bae73f9d995,confirmed,2026-04-29T20:47:00+05:30,,,2026-04-29T20:45:00+05:30,2026-08-18T10:00:00+05:30
bkg_1054fe18,usr_e94f06ca,,,F0E04B,mobile_app,23392.05,INR,2506.29,idem_35d520bc4b012588,confirmed,2026-07-23T09:02:00+05:30,,,2026-07-23T09:00:00+05:30,2026-08-18T10:00:00+05:30
bkg_5c5d46a1,usr_ee57ec9a,trp_9f0e2c12,,590197,web,12083.37,INR,1294.65,idem_64a75277fa6222cb,confirmed,2026-05-07T09:32:00+05:30,,,2026-05-07T09:30:00+05:30,2026-08-18T10:00:00+05:30
bkg_36d7e53b,usr_1b4fe68e,,,21118B,web,7872.75,THB,843.51,idem_89abca82c829dbfb,confirmed,2026-06-21T06:32:00+05:30,,,2026-06-21T06:30:00+05:30,2026-08-18T10:00:00+05:30
bkg_cfe06f0c,usr_a370271a,trp_25e25e9c,,A447B9,mobile_app,19726.63,INR,2113.57,idem_ff1bbbc0144fb1cb,confirmed,2026-07-18T03:17:00+05:30,,,2026-07-18T03:15:00+05:30,2026-08-18T10:00:00+05:30
bkg_b1a64665,usr_2b11a6c9,trp_7844b321,,52D4CC,web,5258.49,INR,563.41,idem_ad0389e5b0ef008b,confirmed,2026-07-29T06:32:00+05:30,,,2026-07-29T06:30:00+05:30,2026-08-18T10:00:00+05:30
bkg_79906986,usr_6479c45c,trp_bd664180,,864725,mobile_app,13500.73,LKR,1446.51,idem_e62049d7e1e248d9,cancelled,,2026-08-13T21:45:00+05:30,Plans changed,2026-07-28T21:45:00+05:30,2026-08-18T10:00:00+05:30
bkg_ef9ddd65,usr_8e56e75b,,,4529A8,mobile_app,8683.49,NPR,930.37,idem_c40e11aa7cb87813,confirmed,2026-06-05T06:02:00+05:30,,,2026-06-05T06:00:00+05:30,2026-08-18T10:00:00+05:30
bkg_33a70806,usr_f60ade8b,trp_87c1afde,,8C8495,mobile_app,38142.19,INR,4086.66,idem_0b091bc3a2e65783,confirmed,2026-08-04T06:32:00+05:30,,,2026-08-04T06:30:00+05:30,2026-08-18T10:00:00+05:30
bkg_033bcbd8,usr_3349b18a,trp_8a12a715,,613DFE,mobile_app,6695.24,INR,717.35,idem_8d937dabd69a51cd,refunded,,2026-08-08T01:45:00+05:30,Plans changed,2026-08-05T01:45:00+05:30,2026-08-18T10:00:00+05:30
bkg_69352816,usr_4787696f,trp_6ff162fb,,7CF11B,mobile_app,71541.90,INR,7665.20,idem_261c07efd6f92a1f,confirmed,2026-07-27T15:17:00+05:30,,,2026-07-27T15:15:00+05:30,2026-08-18T10:00:00+05:30
bkg_74e7879c,usr_2b7e8931,trp_95ffc5b8,,ECCC8F,agent,101492.41,INR,10874.19,idem_166f39541c65bc3c,cancelled,,2026-04-22T07:30:00+05:30,Plans changed,2026-04-21T07:30:00+05:30,2026-08-18T10:00:00+05:30
bkg_9f599abe,usr_520d9624,trp_4950beba,,72A8A4,web,39793.96,INR,4263.64,idem_bf3c6a95511b5652,confirmed,2026-08-04T17:47:00+05:30,,,2026-08-04T17:45:00+05:30,2026-08-18T10:00:00+05:30
bkg_32a4fde3,usr_fae4d064,trp_f74bdeb1,,A07F3A,mobile_app,20459.22,INR,2192.06,idem_85d8c74774a836b9,confirmed,2026-05-01T23:32:00+05:30,,,2026-05-01T23:30:00+05:30,2026-08-18T10:00:00+05:30
bkg_f54f09b4,usr_22d1a7e5,trp_8e6dec68,,5DA659,web,3097.40,INR,331.86,idem_563a946d0ab21c6b,confirmed,2026-06-14T20:17:00+05:30,,,2026-06-14T20:15:00+05:30,2026-08-18T10:00:00+05:30
bkg_d95cafa1,usr_0b8f3bdc,trp_0e4afde6,,850858,mobile_app,5285.47,INR,566.30,idem_220778966a1f58ea,failed,,,,2026-05-09T18:30:00+05:30,2026-08-18T10:00:00+05:30
bkg_a78e7575,usr_78afc45f,,,E9C474,mobile_app,34220.97,INR,3666.53,idem_bb424ec855026cea,confirmed,2026-05-06T08:17:00+05:30,,,2026-05-06T08:15:00+05:30,2026-08-18T10:00:00+05:30
bkg_9a4e2f03,usr_b5327682,trp_dba33c33,,75619F,web,7192.45,NPR,770.62,idem_d8411be9b19b88a1,confirmed,2026-06-13T01:02:00+05:30,,,2026-06-13T01:00:00+05:30,2026-08-18T10:00:00+05:30
bkg_e7f411ce,usr_04b21637,,,E5885D,call_centre,40194.74,INR,4306.58,idem_05dd911f41d28fe7,confirmed,2026-05-31T21:17:00+05:30,,,2026-05-31T21:15:00+05:30,2026-08-18T10:00:00+05:30
bkg_38f6ddb0,usr_18b5561e,trp_d04f7574,,71BA74,web,4282.70,INR,458.86,idem_642cb22b1423cf4c,confirmed,2026-05-29T04:32:00+05:30,,,2026-05-29T04:30:00+05:30,2026-08-18T10:00:00+05:30
bkg_72f39a04,usr_1239733b,trp_a090d1f1,,F850C6,web,54147.74,INR,5801.54,idem_147137930c4cb566,confirmed,2026-06-09T11:17:00+05:30,,,2026-06-09T11:15:00+05:30,2026-08-18T10:00:00+05:30
bkg_74b0ac92,usr_18260fc4,,,3DE9D8,web,5118.20,AED,548.38,idem_ab4b0ba067accc97,confirmed,2026-06-12T13:32:00+05:30,,,2026-06-12T13:30:00+05:30,2026-08-18T10:00:00+05:30
bkg_d375060a,usr_36c3dbed,trp_9818ae06,,CCD3DC,mobile_app,12274.04,INR,1315.08,idem_b63f86bd7a90a2b0,failed,,,,2026-07-07T03:45:00+05:30,2026-08-18T10:00:00+05:30
bkg_d5364266,usr_209a82fa,trp_16836146,,037BD7,web,50429.19,INR,5403.13,idem_3d9439e3625e855b,confirmed,2026-05-12T11:02:00+05:30,,,2026-05-12T11:00:00+05:30,2026-08-18T10:00:00+05:30
bkg_5e2c122d,usr_638c6951,trp_de13fbb8,,78930F,web,1768.51,INR,189.48,idem_15201ecac0a0faf7,pending,,,,2026-06-14T02:15:00+05:30,2026-08-18T10:00:00+05:30
bkg_6768c9be,usr_dc1bd238,trp_0c58e20b,,DEF452,web,16419.17,INR,1759.20,idem_dee15dc8f984aa74,confirmed,2026-08-10T11:17:00+05:30,,,2026-08-10T11:15:00+05:30,2026-08-18T10:00:00+05:30
bkg_c3255c1a,usr_96b84c82,trp_c4fe9d44,,96A5B4,web,8494.34,THB,910.11,idem_b43bbb7f85c52e65,confirmed,2026-05-07T01:17:00+05:30,,,2026-05-07T01:15:00+05:30,2026-08-18T10:00:00+05:30
bkg_4430bdeb,usr_0000ca76,trp_baeb9644,,077169,web,61475.67,INR,6586.68,idem_4e8a36cdaf91f796,cancelled,,2026-07-08T07:00:00+05:30,Plans changed,2026-06-21T07:00:00+05:30,2026-08-18T10:00:00+05:30
bkg_822f073e,usr_d1506bce,trp_41efeeee,,BAF1E0,agent,4945.36,INR,529.86,idem_6d012bbf78f5ed53,confirmed,2026-08-03T18:02:00+05:30,,,2026-08-03T18:00:00+05:30,2026-08-18T10:00:00+05:30
bkg_a43422ce,usr_e1d938d9,,,339A8D,mobile_app,10419.07,INR,1116.33,idem_9a6902b9c0c7b8d1,confirmed,2026-07-25T17:17:00+05:30,,,2026-07-25T17:15:00+05:30,2026-08-18T10:00:00+05:30
bkg_e43d4db6,usr_1c8154b9,trp_fc58b9bd,,BE97AC,mobile_app,4955.31,INR,530.93,idem_2a44e4c6ca7118d7,confirmed,2026-04-26T11:02:00+05:30,,,2026-04-26T11:00:00+05:30,2026-08-18T10:00:00+05:30
bkg_b0e47d8d,usr_16017e92,trp_37519e08,,D3F1BE,web,9211.24,INR,986.92,idem_2c0247d589ece91e,partially_confirmed,2026-07-20T00:17:00+05:30,,,2026-07-20T00:15:00+05:30,2026-08-18T10:00:00+05:30
bkg_1aa0453c,usr_c4dc3602,trp_f45d3ef9,,724D8F,web,17932.45,INR,1921.33,idem_29713372c81ed105,confirmed,2026-05-23T00:47:00+05:30,,,2026-05-23T00:45:00+05:30,2026-08-18T10:00:00+05:30
bkg_0904c0f9,usr_2109396c,trp_924dd4a3,,83EA7B,agent,23165.77,INR,2482.05,idem_679b70e363edd012,pending,,,,2026-06-07T11:15:00+05:30,2026-08-18T10:00:00+05:30
bkg_de021a6c,usr_3d56531d,trp_e11af79e,,00347B,mobile_app,12620.94,SGD,1352.24,idem_7eb219687262bed6,pending,,,,2026-06-10T08:00:00+05:30,2026-08-18T10:00:00+05:30
bkg_c0ba09a6,usr_ae648c19,trp_ef522093,,1AFD57,mobile_app,47013.15,INR,5037.12,idem_7958873caf9fbdec,confirmed,2026-06-21T07:47:00+05:30,,,2026-06-21T07:45:00+05:30,2026-08-18T10:00:00+05:30
bkg_53e04170,usr_20594684,,,FC89BD,partner,13684.25,INR,1466.17,idem_e9ec0da5614073f9,confirmed,2026-07-18T08:32:00+05:30,,,2026-07-18T08:30:00+05:30,2026-08-18T10:00:00+05:30
bkg_6a3091ad,usr_e94f06ca,trp_4567900f,,1D9EA2,partner,39033.97,INR,4182.21,idem_2f67c9c20acc7916,confirmed,2026-08-05T21:02:00+05:30,,,2026-08-05T21:00:00+05:30,2026-08-18T10:00:00+05:30
bkg_ac83cdcf,usr_72d88a70,trp_357dbb6b,,938822,mobile_app,164.75,SGD,17.65,idem_af651144fe8b4d92,confirmed,2026-07-31T23:02:00+05:30,,,2026-07-31T23:00:00+05:30,2026-08-18T10:00:00+05:30
bkg_63f2cba8,usr_ab49979e,trp_c31653d2,,8E33E8,web,16257.54,NPR,1741.88,idem_d81c9237d68112fd,confirmed,2026-06-12T06:17:00+05:30,,,2026-06-12T06:15:00+05:30,2026-08-18T10:00:00+05:30
bkg_14737abe,usr_96b84c82,trp_c4fe9d44,,E9467E,web,56123.11,INR,6013.19,idem_df9b7459eab0a07d,confirmed,2026-08-02T19:02:00+05:30,,,2026-08-02T19:00:00+05:30,2026-08-18T10:00:00+05:30
bkg_daa3681e,usr_afacd025,trp_2e23ea17,,2324E9,mobile_app,55172.75,INR,5911.37,idem_7c3c179fcffa67bb,confirmed,2026-04-22T15:17:00+05:30,,,2026-04-22T15:15:00+05:30,2026-08-18T10:00:00+05:30
bkg_43c55db6,usr_2b11a6c9,trp_7844b321,,F7855E,mobile_app,4806.12,QAR,514.94,idem_4fcc5cc27da8b7f0,confirmed,2026-05-24T06:47:00+05:30,,,2026-05-24T06:45:00+05:30,2026-08-18T10:00:00+05:30
bkg_1cc9cf40,usr_c8025f92,trp_2974df6f,,737742,partner,8503.14,INR,911.05,idem_86b960ff2026699d,confirmed,2026-04-29T12:47:00+05:30,,,2026-04-29T12:45:00+05:30,2026-08-18T10:00:00+05:30
bkg_71ef6221,usr_7ad82b11,trp_f9bdd86b,,7EB00D,partner,17226.56,MYR,1845.70,idem_5826478dc1bfccea,confirmed,2026-07-13T02:02:00+05:30,,,2026-07-13T02:00:00+05:30,2026-08-18T10:00:00+05:30
bkg_0c57db7d,usr_ca6dc019,trp_3eae7fcb,,FCFDF9,web,43205.64,INR,4629.18,idem_08bcec96ea8c207c,confirmed,2026-06-29T11:47:00+05:30,,,2026-06-29T11:45:00+05:30,2026-08-18T10:00:00+05:30
bkg_77671ccb,usr_f60ade8b,trp_87c1afde,,1CFABF,mobile_app,24513.61,INR,2626.46,idem_0c2a2ead42c0ddef,pending,,,,2026-08-03T19:00:00+05:30,2026-08-18T10:00:00+05:30
bkg_b42c0e25,usr_65303113,trp_39d6963e,,71221D,mobile_app,29332.86,INR,3142.81,idem_eafc2c7ff2d7a7bc,confirmed,2026-05-20T02:47:00+05:30,,,2026-05-20T02:45:00+05:30,2026-08-18T10:00:00+05:30
bkg_bb4d218e,usr_e2490a9e,,,D5AB62,web,38284.87,THB,4101.95,idem_56817407c8c370c3,pending,,,,2026-07-08T07:00:00+05:30,2026-08-18T10:00:00+05:30
bkg_9f3522b1,usr_aaf1c470,trp_2472305e,,A9FCFA,call_centre,8656.97,INR,927.53,idem_6a88caa99b411745,refunded,,2026-05-19T21:15:00+05:30,Plans changed,2026-05-11T21:15:00+05:30,2026-08-18T10:00:00+05:30
bkg_7aa89001,usr_b86dd891,trp_cfff63af,,A734DC,mobile_app,5346.81,AED,572.87,idem_4b946326f3b03073,pending,,,,2026-07-09T20:15:00+05:30,2026-08-18T10:00:00+05:30
bkg_c8985dd7,usr_d3acd59c,trp_67af61b6,,9DC4BB,mobile_app,9888.68,INR,1059.50,idem_9ec44c071e8f95b9,cancelled,,2026-06-09T07:45:00+05:30,Duplicate booking,2026-05-26T07:45:00+05:30,2026-08-18T10:00:00+05:30
bkg_b35e9276,usr_546ab7b6,trp_3178fc73,,DDD24E,web,22797.40,IDR,2442.58,idem_640ac27c80482c57,partially_confirmed,2026-05-25T05:02:00+05:30,,,2026-05-25T05:00:00+05:30,2026-08-18T10:00:00+05:30
bkg_4ccbe790,usr_1a6892bf,trp_2b1c9a53,,8EFF48,web,3011.87,INR,322.70,idem_fdf6d5b4ead0daa7,confirmed,2026-08-03T13:02:00+05:30,,,2026-08-03T13:00:00+05:30,2026-08-18T10:00:00+05:30
bkg_bc0f89d2,usr_1c8154b9,,,18A9EA,mobile_app,27077.85,CHF,2901.20,idem_ee72e42ad9918708,confirmed,2026-08-01T03:32:00+05:30,,,2026-08-01T03:30:00+05:30,2026-08-18T10:00:00+05:30
bkg_cdc794e7,usr_228f37bd,,,E1AE44,web,105296.64,INR,11281.78,idem_e3b9e259169a7a2c,confirmed,2026-07-05T20:47:00+05:30,,,2026-07-05T20:45:00+05:30,2026-08-18T10:00:00+05:30
bkg_ee4b7533,usr_fa7951d2,trp_9158f558,,A7536C,partner,67395.08,INR,7220.90,idem_bc1c9f169fb264d2,confirmed,2026-07-10T21:32:00+05:30,,,2026-07-10T21:30:00+05:30,2026-08-18T10:00:00+05:30
bkg_a148cb3d,usr_34f98272,trp_37763b22,,7302E8,mobile_app,11357.10,INR,1216.83,idem_48fcc9d94ada7a68,confirmed,2026-07-20T11:47:00+05:30,,,2026-07-20T11:45:00+05:30,2026-08-18T10:00:00+05:30
bkg_6ce37e53,usr_24f139e5,trp_07ee6d2b,,32D28A,web,35187.08,INR,3770.04,idem_4880b46adafc6547,refunded,,2026-05-31T00:00:00+05:30,Trip postponed,2026-05-28T00:00:00+05:30,2026-08-18T10:00:00+05:30
bkg_24af62b9,usr_0389057b,trp_03ebe095,,0BEF26,web,15590.10,INR,1670.37,idem_b5cd0dae228d68cd,confirmed,2026-06-26T18:32:00+05:30,,,2026-06-26T18:30:00+05:30,2026-08-18T10:00:00+05:30
bkg_aa45da37,usr_5f1e6e1c,trp_7945b3eb,,FF41BB,web,46112.17,INR,4940.59,idem_eb65e67f1c0f1567,confirmed,2026-06-15T11:17:00+05:30,,,2026-06-15T11:15:00+05:30,2026-08-18T10:00:00+05:30
bkg_be7a1bd2,usr_7a9bb1ad,trp_77b09e9a,,028487,web,30350.05,INR,3251.79,idem_7409e32029c8456a,confirmed,2026-07-26T23:47:00+05:30,,,2026-07-26T23:45:00+05:30,2026-08-18T10:00:00+05:30
bkg_9340b70b,usr_8e272905,trp_0512bf41,,99B333,call_centre,32459.48,INR,3477.80,idem_3fde7c66bcd738cb,confirmed,2026-05-29T22:32:00+05:30,,,2026-05-29T22:30:00+05:30,2026-08-18T10:00:00+05:30
bkg_35183937,usr_4022bd9b,trp_b7a82392,,65DC63,web,13010.35,INR,1393.97,idem_99d7f0bd407d102d,confirmed,2026-07-09T06:17:00+05:30,,,2026-07-09T06:15:00+05:30,2026-08-18T10:00:00+05:30
bkg_4625af46,usr_e3e0cd9d,trp_058d5aea,,7AABCB,mobile_app,59643.76,INR,6390.40,idem_a4a48ef787de576a,refunded,,2026-05-22T05:00:00+05:30,Found a better rate,2026-05-18T05:00:00+05:30,2026-08-18T10:00:00+05:30
bkg_1a4e740b,usr_ddfd9a4a,trp_4a923b00,,AD99ED,mobile_app,18255.15,NPR,1955.91,idem_732f938e83e75157,confirmed,2026-07-05T12:47:00+05:30,,,2026-07-05T12:45:00+05:30,2026-08-18T10:00:00+05:30
bkg_f0d3ba98,usr_16017e92,trp_37519e08,,7C10A9,web,30546.32,INR,3272.82,idem_e3355370fa3b4850,cancelled,,2026-05-24T05:00:00+05:30,Plans changed,2026-05-15T05:00:00+05:30,2026-08-18T10:00:00+05:30
bkg_ea88de1b,usr_55b114d5,trp_df4fb834,,CC6359,web,7824.10,INR,838.30,idem_1887af1fb2e2fe4d,confirmed,2026-05-02T22:47:00+05:30,,,2026-05-02T22:45:00+05:30,2026-08-18T10:00:00+05:30
bkg_2ff25f62,usr_209a82fa,trp_16836146,,EB9626,web,41810.92,INR,4479.74,idem_6e610b17d538f6f7,pending,,,,2026-07-12T19:00:00+05:30,2026-08-18T10:00:00+05:30
bkg_00ead03d,usr_65303113,,,D10C84,web,31432.67,INR,3367.79,idem_45085c3d12ad5e02,confirmed,2026-07-06T07:47:00+05:30,,,2026-07-06T07:45:00+05:30,2026-08-18T10:00:00+05:30
bkg_c0de68da,usr_7a9bb1ad,trp_77b09e9a,,3B0F5C,web,7802.57,INR,835.99,idem_0637ab1d70d9b877,confirmed,2026-06-19T16:32:00+05:30,,,2026-06-19T16:30:00+05:30,2026-08-18T10:00:00+05:30
bkg_e2df0932,usr_d1506bce,trp_41efeeee,,D49FF6,web,116056.26,INR,12434.60,idem_5323ee7e82fab270,confirmed,2026-06-21T18:32:00+05:30,,,2026-06-21T18:30:00+05:30,2026-08-18T10:00:00+05:30
bkg_4fd3d765,usr_be1c9458,trp_299b74ad,,A3CFF5,call_centre,5393.08,INR,577.83,idem_79c4a23229070cff,cancelled,,2026-06-05T14:00:00+05:30,Trip postponed,2026-05-22T14:00:00+05:30,2026-08-18T10:00:00+05:30
bkg_3e09782a,usr_61710d50,trp_309cee62,,AFA443,mobile_app,3308.39,INR,354.47,idem_e00595f46fa6dc7f,cancelled,,2026-08-16T18:45:00+05:30,Duplicate booking,2026-08-15T18:45:00+05:30,2026-08-18T10:00:00+05:30
bkg_c876cd31,usr_6feac3d4,trp_a22b16f6,,92B09E,partner,3005.00,MVR,321.96,idem_7cffc3806ab9de37,confirmed,2026-05-29T06:17:00+05:30,,,2026-05-29T06:15:00+05:30,2026-08-18T10:00:00+05:30
bkg_5cf221f4,usr_45175b03,trp_d2c39f89,,EB3EBA,web,24159.12,INR,2588.48,idem_355d25329fe7daf2,confirmed,2026-05-25T00:02:00+05:30,,,2026-05-25T00:00:00+05:30,2026-08-18T10:00:00+05:30
bkg_7e0eeee0,usr_95492664,,,2C5E4A,web,14689.52,INR,1573.88,idem_da3b7663a15573d5,confirmed,2026-04-30T16:32:00+05:30,,,2026-04-30T16:30:00+05:30,2026-08-18T10:00:00+05:30
bkg_65a1992d,usr_e2966606,trp_aa498437,,D63773,call_centre,62472.48,INR,6693.48,idem_66a566f92e871066,refunded,,2026-08-01T19:30:00+05:30,Found a better rate,2026-07-26T19:30:00+05:30,2026-08-18T10:00:00+05:30
bkg_65161d9b,usr_42202df5,trp_9fc37785,,16A8AD,partner,65988.74,INR,7070.22,idem_218febd9a75447fe,confirmed,2026-07-26T08:47:00+05:30,,,2026-07-26T08:45:00+05:30,2026-08-18T10:00:00+05:30
bkg_e1f63dd6,usr_f4863900,,,328F30,mobile_app,42373.88,INR,4540.06,idem_f43d3a135100f985,confirmed,2026-06-17T04:32:00+05:30,,,2026-06-17T04:30:00+05:30,2026-08-18T10:00:00+05:30
bkg_c9fc8ed7,usr_a370271a,trp_25e25e9c,,E17FA7,mobile_app,47270.99,INR,5064.75,idem_764f3f47daabb2f2,refunded,,2026-05-18T04:15:00+05:30,Plans changed,2026-05-15T04:15:00+05:30,2026-08-18T10:00:00+05:30
bkg_faa05371,usr_6e6d6fef,trp_1ceb9811,,AC390A,partner,39433.97,INR,4225.07,idem_2a8968617d623b01,confirmed,2026-06-15T01:32:00+05:30,,,2026-06-15T01:30:00+05:30,2026-08-18T10:00:00+05:30
bkg_fa05a381,usr_5dec704e,trp_835b8b9f,,3F4FBD,web,26211.30,INR,2808.35,idem_1d6e2878f90b68c9,cancelled,,2026-05-23T00:30:00+05:30,Plans changed,2026-05-08T00:30:00+05:30,2026-08-18T10:00:00+05:30
bkg_95116ad4,usr_e076a69d,trp_2dbec2dd,,6038BA,mobile_app,29161.41,INR,3124.44,idem_07c5a6c101eeecff,confirmed,2026-05-01T02:17:00+05:30,,,2026-05-01T02:15:00+05:30,2026-08-18T10:00:00+05:30
bkg_3a14d414,usr_b96ef58c,trp_5bb207b2,,62DAB4,partner,1316.02,AED,141.00,idem_fd8b439ab6305d21,confirmed,2026-05-21T22:02:00+05:30,,,2026-05-21T22:00:00+05:30,2026-08-18T10:00:00+05:30
bkg_1d62dc22,usr_67de0711,trp_97869c6a,,42CE43,mobile_app,16865.07,THB,1806.97,idem_37b773a4b3868c88,confirmed,2026-05-27T03:17:00+05:30,,,2026-05-27T03:15:00+05:30,2026-08-18T10:00:00+05:30
bkg_b2163ffd,usr_bedf358a,trp_6c80cfa7,,66CECA,web,1049.28,AED,112.42,idem_3b531d3ec713473a,confirmed,2026-05-02T07:47:00+05:30,,,2026-05-02T07:45:00+05:30,2026-08-18T10:00:00+05:30
bkg_a186ea43,usr_2da5bb04,,,28B7F6,mobile_app,87985.23,INR,9426.99,idem_95db8c426abd1c12,confirmed,2026-07-29T19:17:00+05:30,,,2026-07-29T19:15:00+05:30,2026-08-18T10:00:00+05:30
bkg_22309e03,usr_7101a5b5,trp_1bb1485b,,26CC64,web,46459.57,INR,4977.81,idem_ccd80070147fdc01,confirmed,2026-05-04T01:47:00+05:30,,,2026-05-04T01:45:00+05:30,2026-08-18T10:00:00+05:30
bkg_b973665b,usr_beeb010f,trp_3ebf9280,,D7191C,mobile_app,10453.16,INR,1119.98,idem_ede9ccadf4500102,confirmed,2026-07-15T06:17:00+05:30,,,2026-07-15T06:15:00+05:30,2026-08-18T10:00:00+05:30
bkg_2b0d7ed2,usr_5307f01f,,,92C24C,web,8638.84,THB,925.59,idem_26b7c0f84c358409,confirmed,2026-07-16T18:32:00+05:30,,,2026-07-16T18:30:00+05:30,2026-08-18T10:00:00+05:30
bkg_a2d2a488,usr_ab49979e,trp_4a195a07,,F565E0,call_centre,31372.97,THB,3361.39,idem_6fb5a34e21b9b867,refunded,,2026-05-18T10:30:00+05:30,Trip postponed,2026-05-04T10:30:00+05:30,2026-08-18T10:00:00+05:30
bkg_6b259f88,usr_36c3dbed,trp_ab6c0ec2,,8C8729,mobile_app,1302.24,SGD,139.53,idem_eac1a4ef760feeeb,confirmed,2026-07-21T18:32:00+05:30,,,2026-07-21T18:30:00+05:30,2026-08-18T10:00:00+05:30
bkg_0258fdba,usr_8846d546,trp_3b4b53a6,,6193A3,mobile_app,14583.18,INR,1562.48,idem_8387fb55a26253ff,partially_confirmed,2026-05-03T08:32:00+05:30,,,2026-05-03T08:30:00+05:30,2026-08-18T10:00:00+05:30
bkg_ce5ed3cf,usr_70139660,trp_bd69fea3,,412D8A,mobile_app,15370.07,INR,1646.79,idem_08ddb8342e0825c8,cancelled,,2026-06-10T05:15:00+05:30,Trip postponed,2026-06-05T05:15:00+05:30,2026-08-18T10:00:00+05:30
bkg_d7ba377d,usr_8eb4e3e7,trp_aebbbd34,,E738C4,web,206845.34,INR,22162.00,idem_ff644c4fea7c7d0d,confirmed,2026-07-08T13:32:00+05:30,,,2026-07-08T13:30:00+05:30,2026-08-18T10:00:00+05:30
bkg_6e378439,usr_ae35e63d,trp_1094fbf4,,F2FC0C,mobile_app,57138.82,INR,6122.02,idem_a00b8baaded058b9,confirmed,2026-08-09T23:17:00+05:30,,,2026-08-09T23:15:00+05:30,2026-08-18T10:00:00+05:30
bkg_25eae46d,usr_e0853a17,,,5A7EA3,web,25833.85,INR,2767.91,idem_506f659b0d86c66b,refunded,,2026-04-30T04:30:00+05:30,Duplicate booking,2026-04-23T04:30:00+05:30,2026-08-18T10:00:00+05:30
bkg_1af11dee,usr_24d10368,trp_32db6373,,DFA9FC,mobile_app,6006.76,INR,643.58,idem_700b11efcca9d635,confirmed,2026-06-25T05:47:00+05:30,,,2026-06-25T05:45:00+05:30,2026-08-18T10:00:00+05:30
bkg_ed91484c,usr_d3acd59c,trp_67af61b6,,E0ED5D,web,54386.93,INR,5827.17,idem_a8d0848f04777a8b,confirmed,2026-07-07T23:02:00+05:30,,,2026-07-07T23:00:00+05:30,2026-08-18T10:00:00+05:30
bkg_0e483223,usr_7da99ef5,trp_5ad4267c,,16CF7D,web,18715.16,INR,2005.20,idem_21a3b89dc325acf9,confirmed,2026-06-21T05:02:00+05:30,,,2026-06-21T05:00:00+05:30,2026-08-18T10:00:00+05:30
bkg_a9013412,usr_cb0928ac,trp_f2bf08e7,,FE3273,mobile_app,2520.97,INR,270.10,idem_2fe2486f601701f0,refunded,,2026-06-10T22:30:00+05:30,Trip postponed,2026-05-22T22:30:00+05:30,2026-08-18T10:00:00+05:30
bkg_e28c7608,usr_7ad82b11,trp_f9bdd86b,,286C06,web,16131.14,INR,1728.34,idem_ef6b403e29964fa0,partially_confirmed,2026-07-08T06:17:00+05:30,,,2026-07-08T06:15:00+05:30,2026-08-18T10:00:00+05:30
bkg_53224d06,usr_538f6e20,trp_cb526c8f,,E39BFF,mobile_app,5424.03,INR,581.15,idem_7f9b63193d25e564,refunded,,2026-06-06T17:15:00+05:30,Trip postponed,2026-05-29T17:15:00+05:30,2026-08-18T10:00:00+05:30
bkg_66f08732,usr_78513cd2,trp_5764aee3,,568EF7,mobile_app,11330.95,MYR,1214.03,idem_18c17337bb67c149,confirmed,2026-07-25T01:17:00+05:30,,,2026-07-25T01:15:00+05:30,2026-08-18T10:00:00+05:30
bkg_b66982c8,usr_da6b9625,trp_4c256d1e,,8E38EF,mobile_app,1600.48,SGD,171.48,idem_932affe8e61f797c,confirmed,2026-07-23T17:17:00+05:30,,,2026-07-23T17:15:00+05:30,2026-08-18T10:00:00+05:30
bkg_41ae2013,usr_d1c73fb8,trp_e16227b5,,5B4AC2,mobile_app,1840.56,INR,197.20,idem_2ecff8b59d4a53cd,confirmed,2026-07-02T22:17:00+05:30,,,2026-07-02T22:15:00+05:30,2026-08-18T10:00:00+05:30
bkg_412cdb0a,usr_81dbf021,trp_1af71903,,0DB932,web,12274.12,INR,1315.08,idem_aa6b77f2a9eb0b2c,failed,,,,2026-07-15T03:30:00+05:30,2026-08-18T10:00:00+05:30
bkg_6ff65e1e,usr_ca24d130,trp_31e8bc24,,2DAF35,mobile_app,14387.54,NPR,1541.52,idem_e6ee35f7adc80ce0,confirmed,2026-04-27T17:17:00+05:30,,,2026-04-27T17:15:00+05:30,2026-08-18T10:00:00+05:30
bkg_b5d3c2be,usr_2da5bb04,trp_25a980cf,,DD4647,mobile_app,15369.19,INR,1646.70,idem_1e204ae31d635f28,confirmed,2026-07-20T08:32:00+05:30,,,2026-07-20T08:30:00+05:30,2026-08-18T10:00:00+05:30
bkg_2f266670,usr_a25f0129,trp_86a8180b,,776056,web,16482.57,INR,1765.99,idem_75f72f15314b3a45,confirmed,2026-05-21T10:47:00+05:30,,,2026-05-21T10:45:00+05:30,2026-08-18T10:00:00+05:30
bkg_01858863,usr_95492664,trp_32bc8fa5,,AB8372,mobile_app,120648.47,INR,12926.62,idem_0de4b6e26a012a58,confirmed,2026-06-19T05:32:00+05:30,,,2026-06-19T05:30:00+05:30,2026-08-18T10:00:00+05:30
bkg_d4b08cb7,usr_22e61dad,trp_3e1f142c,,A7B728,mobile_app,9099.00,NPR,974.89,idem_18259beed1c17ddb,failed,,,,2026-06-14T11:15:00+05:30,2026-08-18T10:00:00+05:30
bkg_85b73b27,usr_b4a877b0,trp_49772eb7,,0C1BFE,web,5032.36,INR,539.18,idem_4287cc35434bc6e7,pending,,,,2026-07-27T13:45:00+05:30,2026-08-18T10:00:00+05:30
bkg_ac513716,usr_d1c73fb8,,,4308FA,web,11280.26,INR,1208.60,idem_3d94c87afc5fa6c7,confirmed,2026-05-04T09:32:00+05:30,,,2026-05-04T09:30:00+05:30,2026-08-18T10:00:00+05:30
bkg_b94623ea,usr_bc9d20fa,,,F063F4,mobile_app,24668.65,INR,2643.07,idem_38f0f1f605dbd952,confirmed,2026-04-21T05:17:00+05:30,,,2026-04-21T05:15:00+05:30,2026-08-18T10:00:00+05:30
bkg_13d6331f,usr_05e40dfc,trp_4507663e,,DD9B2B,mobile_app,8156.33,INR,873.89,idem_e846bf5303fafca3,confirmed,2026-04-24T12:02:00+05:30,,,2026-04-24T12:00:00+05:30,2026-08-18T10:00:00+05:30
bkg_4b102ef6,usr_25e8a118,trp_79d0c6ca,,11D98E,mobile_app,3577.15,INR,383.27,idem_ac9738a9682a8359,confirmed,2026-05-26T04:47:00+05:30,,,2026-05-26T04:45:00+05:30,2026-08-18T10:00:00+05:30
bkg_b315e324,usr_b5327682,trp_dba33c33,,731C6F,web,23586.20,INR,2527.09,idem_27ff72cee096a1f4,confirmed,2026-05-28T22:02:00+05:30,,,2026-05-28T22:00:00+05:30,2026-08-18T10:00:00+05:30
bkg_def25afa,usr_40edb5af,trp_9eb0f5fe,,D885F3,partner,3184.19,CHF,341.16,idem_3d7d2bb5e153d858,pending,,,,2026-05-07T20:30:00+05:30,2026-08-18T10:00:00+05:30
bkg_8dc2e16a,usr_7f9533ad,trp_a00e9d0f,,E6F23E,web,348.16,SGD,37.30,idem_f65fd00aa1d71686,confirmed,2026-07-16T23:47:00+05:30,,,2026-07-16T23:45:00+05:30,2026-08-18T10:00:00+05:30
bkg_eea1ff34,usr_2aa556d6,trp_c0c1da94,,9DA813,web,5668.31,INR,607.32,idem_21542c261b350939,confirmed,2026-06-03T16:47:00+05:30,,,2026-06-03T16:45:00+05:30,2026-08-18T10:00:00+05:30
bkg_0463ecea,usr_357e579a,,,74ED22,web,327.66,SGD,35.11,idem_8982df69b1f1d898,cancelled,,2026-06-27T17:45:00+05:30,Trip postponed,2026-06-23T17:45:00+05:30,2026-08-18T10:00:00+05:30
bkg_128fd1c6,usr_74e3ecb1,,,B49501,mobile_app,5702.46,INR,610.98,idem_78f836f7fd93fc27,confirmed,2026-06-20T00:32:00+05:30,,,2026-06-20T00:30:00+05:30,2026-08-18T10:00:00+05:30
bkg_cc4b6fbc,usr_b829ab46,trp_55e4cc10,,F8A689,agent,1931.99,INR,207.00,idem_779869a54c7c5a87,pending,,,,2026-05-30T16:00:00+05:30,2026-08-18T10:00:00+05:30
bkg_5ec04473,usr_2b7e8931,trp_95ffc5b8,,6A6DBF,web,12943.84,JPY,1386.84,idem_247b44c5b3b8eb2f,confirmed,2026-06-01T03:47:00+05:30,,,2026-06-01T03:45:00+05:30,2026-08-18T10:00:00+05:30
bkg_eae0557c,usr_cf744020,trp_0053b2f7,,80850C,mobile_app,4604.41,INR,493.33,idem_265c09d9c9337b3b,confirmed,2026-08-07T11:47:00+05:30,,,2026-08-07T11:45:00+05:30,2026-08-18T10:00:00+05:30
bkg_0c3d98ad,usr_3d92578a,trp_0e658b9d,,51B78B,web,1219.71,AED,130.68,idem_19ef2d5efdad0617,refunded,,2026-08-20T22:30:00+05:30,Plans changed,2026-08-08T22:30:00+05:30,2026-08-18T10:00:00+05:30
bkg_a7cb5147,usr_f12ab863,trp_c4c131cd,,1E0FE4,mobile_app,68395.60,INR,7328.10,idem_996195b8211b444b,confirmed,2026-06-29T08:32:00+05:30,,,2026-06-29T08:30:00+05:30,2026-08-18T10:00:00+05:30
bkg_bbb98e7a,usr_0000ca76,trp_baeb9644,,888E73,mobile_app,4593.68,INR,492.18,idem_469cd5d71e13ba73,confirmed,2026-07-30T21:32:00+05:30,,,2026-07-30T21:30:00+05:30,2026-08-18T10:00:00+05:30
bkg_8bbfb216,usr_11c77a9c,trp_ec5e83d5,,F6B0F4,web,5052.50,INR,541.34,idem_4353e525dc090aa7,failed,,,,2026-07-18T21:30:00+05:30,2026-08-18T10:00:00+05:30
bkg_9e018a7c,usr_05e40dfc,trp_4507663e,,5D8AB5,agent,10024.93,INR,1074.10,idem_de8c0b9bac0feb4b,cancelled,,2026-07-13T19:15:00+05:30,Duplicate booking,2026-07-04T19:15:00+05:30,2026-08-18T10:00:00+05:30
bkg_75d01100,usr_ae35e63d,trp_1094fbf4,,819667,web,11700.81,INR,1253.66,idem_ab0f51a6aa72c5d2,pending,,,,2026-06-27T05:00:00+05:30,2026-08-18T10:00:00+05:30
bkg_0e275cfd,usr_4022bd9b,trp_5df54ac3,,E14AC1,web,12106.82,INR,1297.16,idem_f7179d4850e07e5b,confirmed,2026-07-20T07:32:00+05:30,,,2026-07-20T07:30:00+05:30,2026-08-18T10:00:00+05:30
bkg_dc18ecad,usr_1ef037a0,trp_388e9bd8,,55ADE6,agent,3710.07,AED,397.51,idem_0dd26124f085aa6c,partially_confirmed,2026-06-19T20:17:00+05:30,,,2026-06-19T20:15:00+05:30,2026-08-18T10:00:00+05:30
bkg_0d75125a,usr_d8cab59f,,,5B537A,mobile_app,40142.61,INR,4300.99,idem_59e3ed10147b913b,cancelled,,2026-07-28T01:30:00+05:30,Plans changed,2026-07-11T01:30:00+05:30,2026-08-18T10:00:00+05:30
bkg_994caf79,usr_fe056e56,trp_9bebde0c,,7F66FD,partner,16130.42,INR,1728.26,idem_6df3e09cfeb51fb3,confirmed,2026-05-13T18:17:00+05:30,,,2026-05-13T18:15:00+05:30,2026-08-18T10:00:00+05:30
bkg_0ca6fb38,usr_14c738e0,,,EBC622,mobile_app,7539.36,INR,807.79,idem_a93e11e2032a457c,confirmed,2026-06-06T14:17:00+05:30,,,2026-06-06T14:15:00+05:30,2026-08-18T10:00:00+05:30
bkg_c931cafa,usr_d8ec0000,trp_cdcc78b4,,D734B4,mobile_app,19609.86,THB,2101.06,idem_e708077dcb959b5d,cancelled,,2026-06-21T22:30:00+05:30,Trip postponed,2026-06-05T22:30:00+05:30,2026-08-18T10:00:00+05:30
bkg_8241c90c,usr_b8779399,trp_53f18756,,38931F,partner,30945.56,INR,3315.60,idem_32a07d0d8f50845a,confirmed,2026-07-28T16:32:00+05:30,,,2026-07-28T16:30:00+05:30,2026-08-18T10:00:00+05:30
bkg_737a7abf,usr_e076a69d,,,A13FB4,web,9828.07,INR,1053.01,idem_30110a9154e8f221,confirmed,2026-08-12T06:17:00+05:30,,,2026-08-12T06:15:00+05:30,2026-08-18T10:00:00+05:30
bkg_f3383dfc,usr_1f2ffeef,trp_776da560,,AD8C69,mobile_app,33994.00,INR,3642.21,idem_465bec0503cbfc25,confirmed,2026-07-05T17:47:00+05:30,,,2026-07-05T17:45:00+05:30,2026-08-18T10:00:00+05:30
bkg_1514d781,usr_17b45921,trp_e4e09b00,,A3DA7F,call_centre,25235.67,INR,2703.82,idem_b1fe4f94f4b478a1,confirmed,2026-04-24T04:17:00+05:30,,,2026-04-24T04:15:00+05:30,2026-08-18T10:00:00+05:30
bkg_c0110f03,usr_8e56e75b,,,4012C4,mobile_app,21081282.98,IDR,2258708.89,idem_65c51a37f6e54363,confirmed,2026-07-15T20:17:00+05:30,,,2026-07-15T20:15:00+05:30,2026-08-18T10:00:00+05:30
bkg_cac3d2e3,usr_c659e4bf,,,873FB7,partner,4348.33,INR,465.89,idem_3206a7869c72dcc4,confirmed,2026-05-23T15:02:00+05:30,,,2026-05-23T15:00:00+05:30,2026-08-18T10:00:00+05:30
bkg_0429c62b,usr_57995796,trp_32136d40,,5D0343,web,12799.67,AED,1371.39,idem_450842850ac1048f,confirmed,2026-05-21T14:02:00+05:30,,,2026-05-21T14:00:00+05:30,2026-08-18T10:00:00+05:30
bkg_c9919770,usr_6303c026,trp_0f181044,,E27A5D,web,83878.91,INR,8987.03,idem_62426b19b1e0c583,confirmed,2026-06-29T05:17:00+05:30,,,2026-06-29T05:15:00+05:30,2026-08-18T10:00:00+05:30
bkg_94541502,usr_ee03ca6c,trp_12e18a88,,17FD53,mobile_app,22120.28,INR,2370.03,idem_79ce7774c32c38ab,confirmed,2026-07-06T14:17:00+05:30,,,2026-07-06T14:15:00+05:30,2026-08-18T10:00:00+05:30
bkg_98da4e90,usr_18b5561e,trp_d04f7574,,6CF9B5,web,26187.44,INR,2805.80,idem_52c5aad0b7a3862a,confirmed,2026-06-29T15:02:00+05:30,,,2026-06-29T15:00:00+05:30,2026-08-18T10:00:00+05:30
bkg_8d6d6f82,usr_0389057b,trp_03ebe095,,6A246C,mobile_app,31862.70,INR,3413.86,idem_6d73bcc37a074780,confirmed,2026-07-28T00:17:00+05:30,,,2026-07-28T00:15:00+05:30,2026-08-18T10:00:00+05:30
bkg_a15a6a18,usr_7576a6e0,trp_6a550f89,,00BAEB,mobile_app,84486.51,INR,9052.13,idem_df37e6a625622841,confirmed,2026-06-17T11:47:00+05:30,,,2026-06-17T11:45:00+05:30,2026-08-18T10:00:00+05:30
bkg_bd9dbb5d,usr_fc544c58,trp_093fb740,,A8483B,mobile_app,4250.40,INR,455.40,idem_590cc83d1e2d1a47,confirmed,2026-08-03T04:02:00+05:30,,,2026-08-03T04:00:00+05:30,2026-08-18T10:00:00+05:30
bkg_6698f84d,usr_ddcb196c,trp_05fa9ee5,,7C582B,mobile_app,43207.52,INR,4629.38,idem_164df89dfc773539,confirmed,2026-08-15T18:32:00+05:30,,,2026-08-15T18:30:00+05:30,2026-08-18T10:00:00+05:30
bkg_06c1276e,usr_34f98272,trp_37763b22,,8BCDF7,mobile_app,12388.54,INR,1327.34,idem_b23b52889a34e4d5,confirmed,2026-05-14T20:47:00+05:30,,,2026-05-14T20:45:00+05:30,2026-08-18T10:00:00+05:30
bkg_af0bdcd3,usr_492b38ba,,,41FDBA,mobile_app,28340.36,INR,3036.47,idem_3373660fa17cbd3c,refunded,,2026-06-12T13:15:00+05:30,Plans changed,2026-06-09T13:15:00+05:30,2026-08-18T10:00:00+05:30
bkg_a2f65719,usr_1c8154b9,,,D53F18,web,9732.35,INR,1042.75,idem_3d617c7ee572a2b5,refunded,,2026-08-22T13:00:00+05:30,Trip postponed,2026-08-09T13:00:00+05:30,2026-08-18T10:00:00+05:30
bkg_88d80415,usr_6ec8f18d,trp_f05ed67d,,4D04DC,agent,4093.26,INR,438.56,idem_df9aaa53886a2869,confirmed,2026-05-17T19:02:00+05:30,,,2026-05-17T19:00:00+05:30,2026-08-18T10:00:00+05:30
bkg_48e060d9,usr_6c3fae7b,trp_2035c85a,,E88FB5,web,2132.12,SGD,228.44,idem_ad3b5611e49d704e,partially_confirmed,2026-06-26T00:32:00+05:30,,,2026-06-26T00:30:00+05:30,2026-08-18T10:00:00+05:30
bkg_2b3d9e5b,usr_6a108f4e,trp_1002157a,,6BF923,web,7314.29,INR,783.67,idem_e06316d9562e3b97,confirmed,2026-05-16T19:32:00+05:30,,,2026-05-16T19:30:00+05:30,2026-08-18T10:00:00+05:30
bkg_552e336e,usr_95492664,trp_fe962840,,EBB498,web,363.78,MYR,38.98,idem_8818bb9739c019cb,confirmed,2026-06-18T02:32:00+05:30,,,2026-06-18T02:30:00+05:30,2026-08-18T10:00:00+05:30
bkg_991c6030,usr_596ee95d,,,BB6589,web,13768.27,INR,1475.17,idem_b5b3940f796f2b09,refunded,,2026-07-06T19:45:00+05:30,Trip postponed,2026-07-05T19:45:00+05:30,2026-08-18T10:00:00+05:30
bkg_db5135e5,usr_e076a69d,trp_79c91f6b,,487297,mobile_app,57772.56,INR,6189.92,idem_1b215907410e7f35,confirmed,2026-06-04T12:02:00+05:30,,,2026-06-04T12:00:00+05:30,2026-08-18T10:00:00+05:30
bkg_c581f114,usr_51294c66,trp_e427f350,,984338,web,773.90,AED,82.92,idem_fe44337e56421e99,pending,,,,2026-05-14T07:00:00+05:30,2026-08-18T10:00:00+05:30
bkg_b9a4c5ea,usr_2e562f89,,,6F58D7,mobile_app,10236.39,INR,1096.76,idem_20bbd780073e622d,confirmed,2026-04-30T05:32:00+05:30,,,2026-04-30T05:30:00+05:30,2026-08-18T10:00:00+05:30
bkg_f3ad560e,usr_357e579a,,,105D5E,web,22594.72,INR,2420.86,idem_f185f8185f73d03b,pending,,,,2026-06-09T15:45:00+05:30,2026-08-18T10:00:00+05:30
bkg_0e1f3097,usr_58d2b52f,trp_f0bbd941,,572737,web,3015.06,AED,323.04,idem_077a4b8c8ac196be,confirmed,2026-06-19T11:17:00+05:30,,,2026-06-19T11:15:00+05:30,2026-08-18T10:00:00+05:30
bkg_bdf780d6,usr_5b31e64c,trp_cdc63a8d,,5EE29A,call_centre,34154.72,INR,3659.43,idem_7a7b6d63b2079990,confirmed,2026-06-10T22:02:00+05:30,,,2026-06-10T22:00:00+05:30,2026-08-18T10:00:00+05:30
bkg_e7f6c3e0,usr_76c235d5,,,50DF8A,mobile_app,33471.94,INR,3586.28,idem_2fc15ead13a95aea,cancelled,,2026-07-20T15:00:00+05:30,Trip postponed,2026-07-11T15:00:00+05:30,2026-08-18T10:00:00+05:30
bkg_cfd8c958,usr_5de9da21,,,E44791,web,43438.24,CHF,4654.10,idem_f17422a55b073cba,confirmed,2026-07-29T12:32:00+05:30,,,2026-07-29T12:30:00+05:30,2026-08-18T10:00:00+05:30
bkg_36abf540,usr_ddcb196c,trp_05fa9ee5,,58A2F6,web,3522318.81,IDR,377391.30,idem_f74ddc6fd48490ed,confirmed,2026-05-06T10:02:00+05:30,,,2026-05-06T10:00:00+05:30,2026-08-18T10:00:00+05:30
bkg_0c539381,usr_17bacb4e,trp_01716435,,87ECC2,web,106244.53,INR,11383.34,idem_2d8fbecc43ead1e2,failed,,,,2026-05-19T21:15:00+05:30,2026-08-18T10:00:00+05:30
bkg_93e1eecb,usr_8ed02105,trp_b0a35602,,69DF2F,web,31926.59,INR,3420.71,idem_66bc880b9ab44ff4,pending,,,,2026-06-13T13:00:00+05:30,2026-08-18T10:00:00+05:30
bkg_d16ecd0e,usr_525b1d3c,,,6EE6A1,web,7974.48,INR,854.41,idem_b79ef7b23629df34,confirmed,2026-06-17T05:02:00+05:30,,,2026-06-17T05:00:00+05:30,2026-08-18T10:00:00+05:30
bkg_6598d4a9,usr_67de0711,trp_ce030396,,A8E72C,mobile_app,4804.41,JPY,514.76,idem_d00c92c11d9e16bd,confirmed,2026-07-24T23:17:00+05:30,,,2026-07-24T23:15:00+05:30,2026-08-18T10:00:00+05:30
bkg_17398b7c,usr_0a31df91,,,B8F719,web,17470.59,INR,1871.85,idem_7423ff718a727079,cancelled,,2026-08-23T09:00:00+05:30,Found a better rate,2026-08-08T09:00:00+05:30,2026-08-18T10:00:00+05:30
bkg_2c4bc021,usr_7a9bb1ad,,,E12DAF,agent,35694.15,INR,3824.37,idem_d11e9eb71e604d47,confirmed,2026-05-05T05:17:00+05:30,,,2026-05-05T05:15:00+05:30,2026-08-18T10:00:00+05:30
bkg_a6732c7b,usr_7f6d27fe,trp_9a841c7e,,7DAEC5,call_centre,9581.77,INR,1026.62,idem_ad08835c44afd3ff,confirmed,2026-04-24T08:47:00+05:30,,,2026-04-24T08:45:00+05:30,2026-08-18T10:00:00+05:30
bkg_472a3299,usr_de5d9e34,trp_56eeb108,,510980,mobile_app,18993.28,INR,2034.99,idem_04e8ac960c2bd3f7,confirmed,2026-06-23T21:47:00+05:30,,,2026-06-23T21:45:00+05:30,2026-08-18T10:00:00+05:30
bkg_ed881995,usr_6e3b5c10,trp_20b372f1,,1770F1,mobile_app,65068.06,INR,6971.58,idem_4aedfd0130b79aeb,partially_confirmed,2026-05-28T03:17:00+05:30,,,2026-05-28T03:15:00+05:30,2026-08-18T10:00:00+05:30
bkg_a36c7dda,usr_3d92578a,trp_0e658b9d,,7BDE4E,mobile_app,16988.68,THB,1820.22,idem_e6b6608f35d1a42b,confirmed,2026-05-29T22:32:00+05:30,,,2026-05-29T22:30:00+05:30,2026-08-18T10:00:00+05:30
bkg_c07065e6,usr_b021d103,trp_70ac83bf,,9100C6,web,51304.33,INR,5496.89,idem_7ce848c6f57da7a9,pending,,,,2026-06-14T14:15:00+05:30,2026-08-18T10:00:00+05:30
bkg_31218e32,usr_25e8a118,trp_79d0c6ca,,AC9A40,partner,17412.06,INR,1865.58,idem_20cb0341e033ad7b,cancelled,,2026-08-22T19:15:00+05:30,Found a better rate,2026-08-09T19:15:00+05:30,2026-08-18T10:00:00+05:30
bkg_84fbe685,usr_e7b2dd09,trp_f61c2fce,,CFBCEB,mobile_app,10066.85,INR,1078.59,idem_6e8f5dac3a26e593,confirmed,2026-06-13T05:32:00+05:30,,,2026-06-13T05:30:00+05:30,2026-08-18T10:00:00+05:30
bkg_1985a989,usr_c4b23b72,,,3A5ED6,web,46699.41,AED,5003.51,idem_7c55106e79c277f5,confirmed,2026-05-06T01:47:00+05:30,,,2026-05-06T01:45:00+05:30,2026-08-18T10:00:00+05:30
bkg_d20353cf,usr_7796e5e8,,,BC8FA2,web,27952.10,INR,2994.87,idem_7e769a8eb473edb3,confirmed,2026-04-23T21:02:00+05:30,,,2026-04-23T21:00:00+05:30,2026-08-18T10:00:00+05:30
bkg_f3994423,usr_74ed32ff,trp_8e052cdf,,8D9446,web,4731.61,INR,506.96,idem_7ecc5a9e85ee150e,confirmed,2026-07-30T11:02:00+05:30,,,2026-07-30T11:00:00+05:30,2026-08-18T10:00:00+05:30
bkg_0d42277e,usr_0af476d1,,,402493,web,13127.86,INR,1406.56,idem_726abb068dd92989,failed,,,,2026-06-30T22:00:00+05:30,2026-08-18T10:00:00+05:30
bkg_508e0ba8,usr_df582802,,,BD64D5,web,6580.36,AED,705.04,idem_dc13d70358b65f6a,cancelled,,2026-07-31T13:30:00+05:30,Plans changed,2026-07-16T13:30:00+05:30,2026-08-18T10:00:00+05:30
bkg_cfbf1f0f,usr_de5d9e34,trp_56eeb108,,C55FD4,web,3833.94,INR,410.78,idem_18176420cef866a1,confirmed,2026-08-07T20:02:00+05:30,,,2026-08-07T20:00:00+05:30,2026-08-18T10:00:00+05:30
bkg_02ea7b7b,usr_98a69060,trp_f9407f9b,,0502B1,web,7573.90,INR,811.49,idem_4627cd3a71992b15,confirmed,2026-06-08T18:32:00+05:30,,,2026-06-08T18:30:00+05:30,2026-08-18T10:00:00+05:30
bkg_101b516c,usr_357e579a,trp_e5d6ad9d,,8E1436,web,63714.18,INR,6826.52,idem_536471795c9daacf,confirmed,2026-07-28T05:47:00+05:30,,,2026-07-28T05:45:00+05:30,2026-08-18T10:00:00+05:30
bkg_39d5f6c2,usr_ce9ee3ae,trp_c403d6fa,,31F39B,web,20355.16,INR,2180.91,idem_cf9485c81654d005,cancelled,,2026-07-25T03:00:00+05:30,Plans changed,2026-07-06T03:00:00+05:30,2026-08-18T10:00:00+05:30
bkg_7a8e61cc,usr_037c5821,trp_8804c5b5,,6A35AC,web,14477.01,INR,1551.11,idem_696fa21a4f29ca13,confirmed,2026-06-16T08:47:00+05:30,,,2026-06-16T08:45:00+05:30,2026-08-18T10:00:00+05:30
bkg_23510a3f,usr_fedbd227,trp_1dd09ed0,,EFE8B7,mobile_app,35237.82,INR,3775.48,idem_917bdac34c0f82b1,confirmed,2026-08-10T04:02:00+05:30,,,2026-08-10T04:00:00+05:30,2026-08-18T10:00:00+05:30
bkg_e6f3f2d9,usr_40edb5af,,,F2F67A,web,37920579.47,IDR,4062919.23,idem_9ce6db3712777129,confirmed,2026-04-20T06:32:00+05:30,,,2026-04-20T06:30:00+05:30,2026-08-18T10:00:00+05:30
bkg_7b69da7e,usr_7576a6e0,trp_6a550f89,,950B5D,mobile_app,5258.44,INR,563.40,idem_a94d443f19f1a2ef,failed,,,,2026-05-30T02:30:00+05:30,2026-08-18T10:00:00+05:30
bkg_0ea77cbd,usr_fd8f7b49,trp_6d961db4,,257988,mobile_app,64179.68,INR,6876.39,idem_d66480a827934ff2,confirmed,2026-08-16T16:32:00+05:30,,,2026-08-16T16:30:00+05:30,2026-08-18T10:00:00+05:30
bkg_d1a1cc62,usr_e21b6644,trp_76677b52,,89967C,web,33509.43,INR,3590.30,idem_ef3d2e72b21568dc,pending,,,,2026-07-11T09:15:00+05:30,2026-08-18T10:00:00+05:30
bkg_8cd21666,usr_41431693,trp_73c65d38,,390C88,partner,7723.80,INR,827.55,idem_433408a76cb07ced,confirmed,2026-06-01T03:17:00+05:30,,,2026-06-01T03:15:00+05:30,2026-08-18T10:00:00+05:30
bkg_0dcac013,usr_d7bc2e8d,trp_997cc8cc,,0F531E,mobile_app,24728.37,AED,2649.47,idem_ce8c80f323bbbc20,confirmed,2026-07-25T01:47:00+05:30,,,2026-07-25T01:45:00+05:30,2026-08-18T10:00:00+05:30
bkg_018c97c4,usr_aaf1c470,,,6DA0C0,web,42629.00,INR,4567.39,idem_38231d9262aa49ba,confirmed,2026-06-16T16:47:00+05:30,,,2026-06-16T16:45:00+05:30,2026-08-18T10:00:00+05:30
bkg_3a2c1c5c,usr_36c3dbed,trp_9818ae06,,C5C322,mobile_app,8599.74,INR,921.40,idem_2ae8c1cfaa67498c,confirmed,2026-05-31T20:17:00+05:30,,,2026-05-31T20:15:00+05:30,2026-08-18T10:00:00+05:30
bkg_8732f57e,usr_c4dc3602,trp_f45d3ef9,,250249,web,12769.88,INR,1368.20,idem_344fee22c26c73e1,confirmed,2026-08-06T02:17:00+05:30,,,2026-08-06T02:15:00+05:30,2026-08-18T10:00:00+05:30
bkg_5259c28a,usr_74e3ecb1,trp_ab774ec9,,55601F,web,8802.66,INR,943.14,idem_d5624c97ff9e5241,partially_confirmed,2026-07-23T18:17:00+05:30,,,2026-07-23T18:15:00+05:30,2026-08-18T10:00:00+05:30
bkg_9956bf7a,usr_fe056e56,trp_9bebde0c,,F5177D,web,18481.97,INR,1980.21,idem_c404a742b3294ff7,confirmed,2026-07-05T04:47:00+05:30,,,2026-07-05T04:45:00+05:30,2026-08-18T10:00:00+05:30
bkg_d1f02916,usr_74ed32ff,trp_520dc671,,C9CFF0,web,19663.43,INR,2106.80,idem_9824540d081a0eb3,cancelled,,2026-07-19T04:30:00+05:30,Duplicate booking,2026-07-16T04:30:00+05:30,2026-08-18T10:00:00+05:30
bkg_584e788f,usr_77e91c3a,trp_11c9d5a3,,4D6F48,mobile_app,3518.64,THB,377.00,idem_175ca67417a92ca2,confirmed,2026-08-04T11:32:00+05:30,,,2026-08-04T11:30:00+05:30,2026-08-18T10:00:00+05:30
bkg_16662645,usr_037c5821,trp_8804c5b5,,8108B1,web,3562.53,INR,381.70,idem_11ddbbd6d83c98ff,confirmed,2026-06-22T05:17:00+05:30,,,2026-06-22T05:15:00+05:30,2026-08-18T10:00:00+05:30
bkg_2dda2c7d,usr_99adb626,trp_4a2eb05b,,946459,web,3906.72,INR,418.58,idem_810e348385b95e19,confirmed,2026-06-07T01:32:00+05:30,,,2026-06-07T01:30:00+05:30,2026-08-18T10:00:00+05:30
bkg_8634d050,usr_e076a69d,trp_2dbec2dd,,03942D,mobile_app,8237.52,INR,882.59,idem_57898889d6f8cec4,confirmed,2026-08-08T02:47:00+05:30,,,2026-08-08T02:45:00+05:30,2026-08-18T10:00:00+05:30
bkg_fa278005,usr_9de6bd6d,trp_67de89e5,,B146DB,web,68428.57,INR,7331.63,idem_16b6c5d89e6599b4,confirmed,2026-05-30T04:17:00+05:30,,,2026-05-30T04:15:00+05:30,2026-08-18T10:00:00+05:30
bkg_5beb7bf0,usr_e4376908,,,6B1092,mobile_app,29995.75,INR,3213.83,idem_92b071c1630a2f01,confirmed,2026-05-02T04:32:00+05:30,,,2026-05-02T04:30:00+05:30,2026-08-18T10:00:00+05:30
bkg_48093fdf,usr_8846d546,trp_3b4b53a6,,914EFB,call_centre,15488.59,INR,1659.49,idem_5fbac4419901828b,cancelled,,2026-08-18T01:15:00+05:30,Plans changed,2026-08-05T01:15:00+05:30,2026-08-18T10:00:00+05:30
bkg_00a39338,usr_c582abb2,trp_152be4e1,,024EF4,web,19751.33,INR,2116.21,idem_10957df89eda6549,confirmed,2026-08-02T21:17:00+05:30,,,2026-08-02T21:15:00+05:30,2026-08-18T10:00:00+05:30
bkg_e82bbf71,usr_91afdeed,trp_634a2f2f,,249CB0,agent,34493.94,MVR,3695.78,idem_66bd365e4ecd0c4a,confirmed,2026-06-06T21:47:00+05:30,,,2026-06-06T21:45:00+05:30,2026-08-18T10:00:00+05:30
bkg_b7fdbea0,usr_c8025f92,trp_cfa5ee66,,5818D7,web,13525.40,INR,1449.15,idem_c455501036d4c474,pending,,,,2026-08-07T13:00:00+05:30,2026-08-18T10:00:00+05:30
bkg_16614a05,usr_f50e2299,trp_af330315,,DD1554,mobile_app,110508.12,INR,11840.16,idem_b372cdc01c2ff614,partially_confirmed,2026-07-16T03:47:00+05:30,,,2026-07-16T03:45:00+05:30,2026-08-18T10:00:00+05:30
bkg_1d17fe8c,usr_bedf358a,trp_6c9581df,,DA89EB,web,3927177.83,IDR,420769.05,idem_afb93c91344f7c64,confirmed,2026-06-10T07:32:00+05:30,,,2026-06-10T07:30:00+05:30,2026-08-18T10:00:00+05:30
bkg_a784f66b,usr_67ff2106,trp_8c33db0b,,70ED29,mobile_app,53725.96,INR,5756.35,idem_d783306916738863,confirmed,2026-07-23T01:32:00+05:30,,,2026-07-23T01:30:00+05:30,2026-08-18T10:00:00+05:30
bkg_cbb2cd7c,usr_22e61dad,trp_3e1f142c,,AB41E0,web,22153.84,INR,2373.63,idem_39e0383c81eae38a,confirmed,2026-07-28T16:32:00+05:30,,,2026-07-28T16:30:00+05:30,2026-08-18T10:00:00+05:30
bkg_1260907d,usr_d56927f7,trp_74917bfb,,B84046,web,14326.66,INR,1535.00,idem_9373d7b117ac1122,confirmed,2026-06-03T07:02:00+05:30,,,2026-06-03T07:00:00+05:30,2026-08-18T10:00:00+05:30
bkg_f829a18f,usr_ae648c19,trp_ef522093,,45E774,mobile_app,27821.24,INR,2980.85,idem_fc950ef56f47dc8b,cancelled,,2026-05-31T17:45:00+05:30,Plans changed,2026-05-24T17:45:00+05:30,2026-08-18T10:00:00+05:30
bkg_f58d8257,usr_0b8f3bdc,trp_0e4afde6,,B4A4E1,mobile_app,9662.55,INR,1035.27,idem_c1cd705a2fd5660e,refunded,,2026-05-24T15:00:00+05:30,Trip postponed,2026-05-22T15:00:00+05:30,2026-08-18T10:00:00+05:30
bkg_f2eb128e,usr_ae3758b7,trp_831241e0,,20DCAC,partner,25346.56,CHF,2715.70,idem_606568a13929b1db,confirmed,2026-05-12T23:32:00+05:30,,,2026-05-12T23:30:00+05:30,2026-08-18T10:00:00+05:30
bkg_2aac6319,usr_96a8d3c5,trp_69a5e32d,,4559FE,web,47375.19,INR,5075.91,idem_8e1bab38a94ad436,confirmed,2026-07-08T23:32:00+05:30,,,2026-07-08T23:30:00+05:30,2026-08-18T10:00:00+05:30
bkg_6acf5a2b,usr_865c98a2,trp_d923c276,,446DB9,web,4904.05,MVR,525.43,idem_01367ddbe4749a9b,cancelled,,2026-07-26T04:30:00+05:30,Trip postponed,2026-07-22T04:30:00+05:30,2026-08-18T10:00:00+05:30
bkg_b693890f,usr_c4dc3602,trp_f45d3ef9,,BF4E77,web,10115.91,INR,1083.85,idem_f365dc14258d7702,confirmed,2026-06-08T01:32:00+05:30,,,2026-06-08T01:30:00+05:30,2026-08-18T10:00:00+05:30
bkg_88dca8e2,usr_b6d5d98c,trp_bacdeb91,,3E6C4C,mobile_app,10902.12,INR,1168.08,idem_e021600dc1e3c618,cancelled,,2026-06-15T18:45:00+05:30,Trip postponed,2026-06-07T18:45:00+05:30,2026-08-18T10:00:00+05:30
bkg_09784426,usr_61710d50,,,986D40,web,7789.15,INR,834.55,idem_f7a34441259a3298,confirmed,2026-06-04T09:02:00+05:30,,,2026-06-04T09:00:00+05:30,2026-08-18T10:00:00+05:30
bkg_7bb1e985,usr_dc1bd238,trp_0c58e20b,,0393D3,web,8075.69,INR,865.25,idem_a162af27ffbb9b28,confirmed,2026-07-14T07:47:00+05:30,,,2026-07-14T07:45:00+05:30,2026-08-18T10:00:00+05:30
bkg_cee0cdde,usr_f60ade8b,trp_e97f3f1c,,876B79,mobile_app,124514.95,INR,13340.89,idem_0742fdca2e9cc18e,cancelled,,2026-05-07T17:15:00+05:30,Trip postponed,2026-04-24T17:15:00+05:30,2026-08-18T10:00:00+05:30
bkg_35f45131,usr_9de6bd6d,,,C638FD,web,4777.74,JPY,511.90,idem_f21cf3133b474ae7,confirmed,2026-05-06T22:32:00+05:30,,,2026-05-06T22:30:00+05:30,2026-08-18T10:00:00+05:30
bkg_071f2ebc,usr_9afd8eab,trp_04666cc6,,76468B,web,30609.45,INR,3279.58,idem_be4b8d29097dc930,confirmed,2026-06-27T16:17:00+05:30,,,2026-06-27T16:15:00+05:30,2026-08-18T10:00:00+05:30
bkg_908c860b,usr_c4dc3602,trp_f45d3ef9,,1437F7,web,13074.47,SGD,1400.84,idem_a8f5abff75091f04,cancelled,,2026-07-25T01:00:00+05:30,Duplicate booking,2026-07-07T01:00:00+05:30,2026-08-18T10:00:00+05:30
bkg_06e53ebf,usr_ca6dc019,,,CC55E7,mobile_app,20445.35,INR,2190.57,idem_cabfbe3bd79ec75c,partially_confirmed,2026-05-10T17:17:00+05:30,,,2026-05-10T17:15:00+05:30,2026-08-18T10:00:00+05:30
bkg_e7c4c537,usr_2de68d4f,trp_aa8d192e,,68A5E2,web,4866.18,INR,521.38,idem_6cb88ac1f2a22b2b,confirmed,2026-05-27T21:32:00+05:30,,,2026-05-27T21:30:00+05:30,2026-08-18T10:00:00+05:30
bkg_415334f9,usr_8b3ba681,trp_c6136493,,5E2A8B,mobile_app,72021.06,INR,7716.54,idem_573da3c29de86f27,cancelled,,2026-06-26T09:00:00+05:30,Found a better rate,2026-06-23T09:00:00+05:30,2026-08-18T10:00:00+05:30
bkg_69eee489,usr_dc032205,,,68B925,call_centre,1942.51,SGD,208.13,idem_91a40c97560ff3db,confirmed,2026-06-19T04:02:00+05:30,,,2026-06-19T04:00:00+05:30,2026-08-18T10:00:00+05:30
bkg_620f7f1b,usr_ddcb196c,trp_05fa9ee5,,F0C553,web,5723.16,LKR,613.20,idem_0a57e1f2f46f3387,confirmed,2026-04-29T07:17:00+05:30,,,2026-04-29T07:15:00+05:30,2026-08-18T10:00:00+05:30
bkg_b64ef7bc,usr_44604a9d,,,265F48,web,22357.04,INR,2395.40,idem_be7980efeeabc609,confirmed,2026-06-18T14:47:00+05:30,,,2026-06-18T14:45:00+05:30,2026-08-18T10:00:00+05:30
bkg_3968adbc,usr_ae35e63d,trp_1094fbf4,,19A357,web,3292.26,THB,352.74,idem_fee2d01de0ef509d,confirmed,2026-06-05T05:02:00+05:30,,,2026-06-05T05:00:00+05:30,2026-08-18T10:00:00+05:30
bkg_83dce3d4,usr_b8779399,,,CC855E,partner,13946.73,LKR,1494.29,idem_caf48e88c62bd435,failed,,,,2026-08-07T17:00:00+05:30,2026-08-18T10:00:00+05:30
bkg_df1fb8c0,usr_7b318031,,,A6C77D,call_centre,9741.49,INR,1043.73,idem_c6382e1a8beb349e,confirmed,2026-08-16T04:32:00+05:30,,,2026-08-16T04:30:00+05:30,2026-08-18T10:00:00+05:30
bkg_a8ddf135,usr_209a82fa,trp_16836146,,A93492,web,32014.88,INR,3430.17,idem_613f8aafd8f3314a,confirmed,2026-07-03T04:02:00+05:30,,,2026-07-03T04:00:00+05:30,2026-08-18T10:00:00+05:30
bkg_e2f8df81,usr_8e272905,trp_72f16fa8,,8C20D8,web,65870.25,INR,7057.53,idem_ab9b87e7e2f18da0,confirmed,2026-05-08T13:47:00+05:30,,,2026-05-08T13:45:00+05:30,2026-08-18T10:00:00+05:30
bkg_6bb5eab1,usr_520d9624,trp_4950beba,,B72EC8,web,7732.07,NPR,828.44,idem_0aa55ec0baf29d91,confirmed,2026-05-17T15:47:00+05:30,,,2026-05-17T15:45:00+05:30,2026-08-18T10:00:00+05:30
bkg_6b2aebc1,usr_b452b228,trp_fd96ecd9,,649C1B,web,21140.38,INR,2265.04,idem_afb1b41e58fc1a4c,cancelled,,2026-06-09T17:00:00+05:30,Trip postponed,2026-05-29T17:00:00+05:30,2026-08-18T10:00:00+05:30
bkg_081a726e,usr_9181bfe3,trp_1800f567,,107CFE,partner,27844.44,INR,2983.33,idem_5d66482f819859b6,confirmed,2026-08-07T22:02:00+05:30,,,2026-08-07T22:00:00+05:30,2026-08-18T10:00:00+05:30
bkg_9e714d53,usr_4787696f,trp_6ff162fb,,5842E0,mobile_app,19644.40,INR,2104.76,idem_813b25c5e7f6e2fc,confirmed,2026-07-24T14:02:00+05:30,,,2026-07-24T14:00:00+05:30,2026-08-18T10:00:00+05:30
bkg_27ff905c,usr_7f6e49de,trp_b61bda4b,,85B17D,mobile_app,7993.88,INR,856.49,idem_efe495b0d9392db4,confirmed,2026-06-13T07:02:00+05:30,,,2026-06-13T07:00:00+05:30,2026-08-18T10:00:00+05:30
bkg_06c8948d,usr_d7bc2e8d,trp_997cc8cc,,8ABFC7,mobile_app,16517.40,INR,1769.72,idem_ca99e60e44c21e05,confirmed,2026-06-26T20:17:00+05:30,,,2026-06-26T20:15:00+05:30,2026-08-18T10:00:00+05:30
bkg_e6534109,usr_51275e79,trp_3e263e75,,ECD81A,mobile_app,8433.58,INR,903.60,idem_31cb48f846f6e358,refunded,,2026-07-08T03:00:00+05:30,Duplicate booking,2026-06-25T03:00:00+05:30,2026-08-18T10:00:00+05:30
bkg_2a044a0a,usr_1f0f9af9,,,22627A,web,15899.76,INR,1703.55,idem_ba24de274478f395,partially_confirmed,2026-08-07T18:47:00+05:30,,,2026-08-07T18:45:00+05:30,2026-08-18T10:00:00+05:30
bkg_b76bf57e,usr_1b4fe68e,trp_c795bd25,,7CC617,mobile_app,8566.95,CHF,917.89,idem_d40e91820ed29d60,cancelled,,2026-07-11T15:15:00+05:30,Plans changed,2026-06-28T15:15:00+05:30,2026-08-18T10:00:00+05:30
bkg_5f6d89a8,usr_ab49979e,trp_c31653d2,,47EEFE,web,33390.36,INR,3577.54,idem_0cc05dada5a9f220,pending,,,,2026-05-09T11:45:00+05:30,2026-08-18T10:00:00+05:30
bkg_5ea40488,usr_b1a4b433,trp_dd037e63,,E05025,web,65474.57,INR,7015.13,idem_aaade1c5a59313f1,cancelled,,2026-07-03T00:45:00+05:30,Found a better rate,2026-06-27T00:45:00+05:30,2026-08-18T10:00:00+05:30
bkg_596e267c,usr_05e40dfc,,,86F4A9,web,8147.62,INR,872.96,idem_2145fb69aa56ea7a,failed,,,,2026-08-12T23:45:00+05:30,2026-08-18T10:00:00+05:30
bkg_d2a97d66,usr_fa7951d2,trp_9158f558,,C5B258,web,14743.56,INR,1579.67,idem_6e8fb5fc39295f21,failed,,,,2026-05-02T10:30:00+05:30,2026-08-18T10:00:00+05:30
bkg_ea850f53,usr_ae35e63d,trp_75b9d7b8,,D04DFC,agent,5933.78,LKR,635.76,idem_28ffc6474165a493,confirmed,2026-04-24T10:32:00+05:30,,,2026-04-24T10:30:00+05:30,2026-08-18T10:00:00+05:30
bkg_61e5b455,usr_61710d50,,,E55000,mobile_app,6979.77,INR,747.83,idem_d3e38968f7d61892,confirmed,2026-05-16T16:02:00+05:30,,,2026-05-16T16:00:00+05:30,2026-08-18T10:00:00+05:30
bkg_da62ca76,usr_037c5821,trp_8804c5b5,,3199F4,mobile_app,1300.84,MYR,139.38,idem_00a1e67c2a57a6b0,cancelled,,2026-05-08T19:30:00+05:30,Found a better rate,2026-04-23T19:30:00+05:30,2026-08-18T10:00:00+05:30
bkg_7b3d2cbb,usr_94e62241,,,C8A583,mobile_app,9873.90,INR,1057.92,idem_bbe51abdd3975446,confirmed,2026-06-17T02:47:00+05:30,,,2026-06-17T02:45:00+05:30,2026-08-18T10:00:00+05:30
bkg_b5bbd058,usr_b96ef58c,trp_5bb207b2,,F2FAD2,web,14907.40,INR,1597.22,idem_03e8c3bc6e58d4c3,confirmed,2026-08-02T12:02:00+05:30,,,2026-08-02T12:00:00+05:30,2026-08-18T10:00:00+05:30
bkg_00eaca9b,usr_8fe264b1,trp_67a041ab,,D1BE99,web,9179.16,INR,983.48,idem_a961b8800d59f561,confirmed,2026-05-11T15:32:00+05:30,,,2026-05-11T15:30:00+05:30,2026-08-18T10:00:00+05:30
bkg_05be87bf,usr_28c5ee24,,,112655,web,21340.10,INR,2286.44,idem_6ceec9333c25b45a,confirmed,2026-08-08T16:32:00+05:30,,,2026-08-08T16:30:00+05:30,2026-08-18T10:00:00+05:30
bkg_958be6bd,usr_9a5cd9cf,trp_372d222b,,B6250F,mobile_app,68777.64,INR,7369.03,idem_3169262f80081455,cancelled,,2026-06-03T12:15:00+05:30,Duplicate booking,2026-05-15T12:15:00+05:30,2026-08-18T10:00:00+05:30
bkg_bd851530,usr_fc3617c0,trp_1f82c042,,035537,partner,7821.64,THB,838.03,idem_a8606660a74deac8,confirmed,2026-06-17T11:47:00+05:30,,,2026-06-17T11:45:00+05:30,2026-08-18T10:00:00+05:30
bkg_3a1bd3ce,usr_1b4fe68e,trp_c795bd25,,A2FC03,web,36246.37,INR,3883.54,idem_3e0b51fa076d5f37,confirmed,2026-07-15T15:32:00+05:30,,,2026-07-15T15:30:00+05:30,2026-08-18T10:00:00+05:30
bkg_eaa32722,usr_9115fc7c,trp_07cf1d5b,,DD48E9,mobile_app,16345.64,INR,1751.32,idem_2dae3e41b29626ae,cancelled,,2026-07-12T16:15:00+05:30,Plans changed,2026-07-04T16:15:00+05:30,2026-08-18T10:00:00+05:30
bkg_76d772eb,usr_24e54a31,trp_d1b2a8eb,,EEEA28,mobile_app,11436.30,INR,1225.32,idem_9df27e2257ded4f3,confirmed,2026-04-20T23:32:00+05:30,,,2026-04-20T23:30:00+05:30,2026-08-18T10:00:00+05:30
bkg_9e95111d,usr_ae35e63d,trp_1094fbf4,,EE3D64,web,33449.99,INR,3583.93,idem_437774432b27096f,cancelled,,2026-05-24T21:15:00+05:30,Found a better rate,2026-05-14T21:15:00+05:30,2026-08-18T10:00:00+05:30
bkg_b2ba1a97,usr_7e340c2a,trp_2d23dd64,,04A6EA,mobile_app,9364.54,JPY,1003.34,idem_33194169a6821ff7,confirmed,2026-05-05T21:02:00+05:30,,,2026-05-05T21:00:00+05:30,2026-08-18T10:00:00+05:30
bkg_51719344,usr_dace411a,trp_bd724666,,4BD8B3,web,10881.16,INR,1165.84,idem_ce4cbbcbc090e18a,confirmed,2026-05-14T13:02:00+05:30,,,2026-05-14T13:00:00+05:30,2026-08-18T10:00:00+05:30
bkg_abe48b6c,usr_3e25dcc6,trp_510db93a,,EF05EF,partner,2730.57,INR,292.56,idem_2386843f6aa90642,pending,,,,2026-06-27T18:15:00+05:30,2026-08-18T10:00:00+05:30
bkg_d9b04454,usr_ab49979e,trp_4a195a07,,405DF5,web,212819.67,INR,22802.11,idem_e5ea8604e051363e,confirmed,2026-05-24T16:02:00+05:30,,,2026-05-24T16:00:00+05:30,2026-08-18T10:00:00+05:30
bkg_dae072de,usr_1b4fe68e,,,5829A3,mobile_app,80335.17,INR,8607.34,idem_e4b1d1dcbf8bf63b,confirmed,2026-05-16T20:32:00+05:30,,,2026-05-16T20:30:00+05:30,2026-08-18T10:00:00+05:30
bkg_c6c57d65,usr_c659e4bf,trp_92b064f2,,1DEDA1,mobile_app,70962.96,INR,7603.17,idem_19431d999acab8dc,confirmed,2026-05-15T01:17:00+05:30,,,2026-05-15T01:15:00+05:30,2026-08-18T10:00:00+05:30
bkg_9c9aaa12,usr_94e62241,trp_4c87ad6d,,586436,mobile_app,33014.55,INR,3537.27,idem_e9196e6875d0df2e,confirmed,2026-05-15T08:02:00+05:30,,,2026-05-15T08:00:00+05:30,2026-08-18T10:00:00+05:30
bkg_3577d290,usr_bbd1ced8,trp_ca5546b3,,38A948,web,145866.55,INR,15628.56,idem_a6809b8ed0c1096f,confirmed,2026-06-27T07:02:00+05:30,,,2026-06-27T07:00:00+05:30,2026-08-18T10:00:00+05:30
bkg_88cc1862,usr_fedbd227,trp_1dd09ed0,,B64B18,mobile_app,102356.84,INR,10966.80,idem_ae0402e619adbea9,cancelled,,2026-05-28T16:15:00+05:30,Found a better rate,2026-05-12T16:15:00+05:30,2026-08-18T10:00:00+05:30
bkg_9ac0ee3f,usr_7a9bb1ad,trp_77b09e9a,,3217A9,web,10717.92,INR,1148.35,idem_d7b60a0679e25e35,confirmed,2026-08-11T09:02:00+05:30,,,2026-08-11T09:00:00+05:30,2026-08-18T10:00:00+05:30
bkg_698fd76c,usr_240785d4,trp_23669283,,9D2177,web,35683.87,INR,3823.27,idem_1ba1d7d51f162348,cancelled,,2026-05-10T17:30:00+05:30,Trip postponed,2026-04-28T17:30:00+05:30,2026-08-18T10:00:00+05:30
bkg_d71be00e,usr_72d88a70,trp_357dbb6b,,B93C60,mobile_app,17967.92,INR,1925.13,idem_b76f45275a9af408,refunded,,2026-05-25T02:15:00+05:30,Trip postponed,2026-05-07T02:15:00+05:30,2026-08-18T10:00:00+05:30
bkg_f06e1bb9,usr_c94b68cc,trp_0c34e3f4,,DF1879,web,10360.25,INR,1110.03,idem_8aaa54dcfc15758f,pending,,,,2026-08-11T08:15:00+05:30,2026-08-18T10:00:00+05:30
bkg_0d03378c,usr_ddcb196c,,,28FF15,mobile_app,12061.46,INR,1292.30,idem_6fbf9da95f93c62f,confirmed,2026-06-13T09:32:00+05:30,,,2026-06-13T09:30:00+05:30,2026-08-18T10:00:00+05:30
bkg_6a8b3766,usr_4022bd9b,,,C13905,web,41012.83,AED,4394.23,idem_221842a70e1934b2,confirmed,2026-05-03T07:02:00+05:30,,,2026-05-03T07:00:00+05:30,2026-08-18T10:00:00+05:30
bkg_c97beffa,usr_8e84ba7a,trp_cdf7d1fa,,BC7D07,mobile_app,11473.66,INR,1229.32,idem_67236da96bdc2194,confirmed,2026-05-24T03:02:00+05:30,,,2026-05-24T03:00:00+05:30,2026-08-18T10:00:00+05:30
bkg_d8970a0c,usr_209a82fa,trp_16836146,,417E28,web,40539.74,CHF,4343.54,idem_b6d8141e8a10c0af,confirmed,2026-05-18T13:02:00+05:30,,,2026-05-18T13:00:00+05:30,2026-08-18T10:00:00+05:30
bkg_82ce6477,usr_6303c026,trp_0f181044,,F33015,partner,21426.09,INR,2295.65,idem_5f6a06dea404a97e,confirmed,2026-06-04T06:47:00+05:30,,,2026-06-04T06:45:00+05:30,2026-08-18T10:00:00+05:30
bkg_0eb15018,usr_693c20b9,trp_12c07e4d,,639B1D,web,18470.89,INR,1979.02,idem_e0e488b038e82d33,confirmed,2026-06-04T23:17:00+05:30,,,2026-06-04T23:15:00+05:30,2026-08-18T10:00:00+05:30
bkg_bef32acf,usr_9473419d,trp_84855866,,E32F91,web,17025.56,INR,1824.17,idem_aecc8b069387c626,failed,,,,2026-05-29T19:45:00+05:30,2026-08-18T10:00:00+05:30
bkg_5e97c5a7,usr_96b84c82,trp_c4fe9d44,,820D97,mobile_app,59613.18,INR,6387.13,idem_f4a0aa568fb4c83c,confirmed,2026-05-02T11:47:00+05:30,,,2026-05-02T11:45:00+05:30,2026-08-18T10:00:00+05:30
bkg_3c378d7e,usr_c24f45f3,trp_7fa3c6c3,,105F58,web,69819.03,INR,7480.61,idem_1995ca4186e30f8f,confirmed,2026-07-27T06:32:00+05:30,,,2026-07-27T06:30:00+05:30,2026-08-18T10:00:00+05:30
bkg_48092acf,usr_49c29e32,trp_cc443308,,2C44D7,web,11096.33,INR,1188.89,idem_593408f4eb503ce0,confirmed,2026-06-11T06:32:00+05:30,,,2026-06-11T06:30:00+05:30,2026-08-18T10:00:00+05:30
bkg_b70a01d2,usr_7da99ef5,trp_5ad4267c,,D612F7,mobile_app,56787.49,INR,6084.37,idem_ae234ef98c82600f,confirmed,2026-05-27T07:32:00+05:30,,,2026-05-27T07:30:00+05:30,2026-08-18T10:00:00+05:30
bkg_72b01309,usr_ba25cb52,,,D78AEE,web,56525.09,INR,6056.26,idem_d947332f63abe47a,pending,,,,2026-06-12T16:00:00+05:30,2026-08-18T10:00:00+05:30
bkg_47ee1abb,usr_05306731,,,C1D29E,call_centre,17442.03,INR,1868.79,idem_c95de3652183e494,confirmed,2026-07-27T22:02:00+05:30,,,2026-07-27T22:00:00+05:30,2026-08-18T10:00:00+05:30
bkg_00644d93,usr_0389057b,trp_2ee981f7,,1C1BFA,mobile_app,6546.14,INR,701.37,idem_65ef6e805e4ba0d7,cancelled,,2026-05-29T16:15:00+05:30,Duplicate booking,2026-05-18T16:15:00+05:30,2026-08-18T10:00:00+05:30
bkg_8a2455f6,usr_bedf358a,trp_6c9581df,,FA7BA6,mobile_app,39455.56,INR,4227.38,idem_019b7a3a65050850,confirmed,2026-07-30T16:32:00+05:30,,,2026-07-30T16:30:00+05:30,2026-08-18T10:00:00+05:30
bkg_b4b551e4,usr_1501196b,trp_4be0ba46,,290F30,web,124156.26,INR,13302.46,idem_619297a3e17bd085,confirmed,2026-07-19T15:02:00+05:30,,,2026-07-19T15:00:00+05:30,2026-08-18T10:00:00+05:30
bkg_5b92e5b3,usr_c24f45f3,trp_7fa3c6c3,,5C1D24,mobile_app,390.54,SGD,41.84,idem_7c9e24e2691e8a3b,confirmed,2026-04-20T01:32:00+05:30,,,2026-04-20T01:30:00+05:30,2026-08-18T10:00:00+05:30
bkg_7bcfc0ca,usr_7b318031,trp_42c7ee54,,AB07DE,web,3645.87,INR,390.63,idem_910f6af74b87e078,confirmed,2026-05-26T17:47:00+05:30,,,2026-05-26T17:45:00+05:30,2026-08-18T10:00:00+05:30
bkg_3e6d224b,usr_bbd1ced8,trp_f4115fa9,,23EBED,mobile_app,11414.30,INR,1222.96,idem_92320274e5ab24e1,confirmed,2026-07-19T11:17:00+05:30,,,2026-07-19T11:15:00+05:30,2026-08-18T10:00:00+05:30
bkg_c001c03a,usr_4b816f33,trp_c3b40723,,CD2F38,partner,104942.47,INR,11243.84,idem_a45305e4c1ab45ae,confirmed,2026-07-20T14:47:00+05:30,,,2026-07-20T14:45:00+05:30,2026-08-18T10:00:00+05:30
bkg_5deaccc2,usr_546ab7b6,trp_3178fc73,,BB5FC1,agent,22398.66,INR,2399.86,idem_17ae13d280efc548,confirmed,2026-05-07T06:32:00+05:30,,,2026-05-07T06:30:00+05:30,2026-08-18T10:00:00+05:30
bkg_ebae8305,usr_91afdeed,trp_634a2f2f,,BA3517,web,12061.77,INR,1292.33,idem_cc586d2b925ee71e,cancelled,,2026-05-21T09:30:00+05:30,Duplicate booking,2026-05-13T09:30:00+05:30,2026-08-18T10:00:00+05:30
bkg_25dba882,usr_3f4f4c52,trp_940ac1af,,B222F3,partner,6925.12,NPR,741.98,idem_93267307a2c64219,confirmed,2026-05-16T06:17:00+05:30,,,2026-05-16T06:15:00+05:30,2026-08-18T10:00:00+05:30
bkg_ec6b954a,usr_98ca8444,trp_0c86284d,,4D22DF,web,7690.46,INR,823.98,idem_d4b56b7ede24df45,confirmed,2026-06-15T01:47:00+05:30,,,2026-06-15T01:45:00+05:30,2026-08-18T10:00:00+05:30
bkg_f538e55d,usr_67ff2106,trp_8c33db0b,,F33787,partner,88811.63,INR,9515.53,idem_02f786ce075bfa3c,confirmed,2026-05-11T10:32:00+05:30,,,2026-05-11T10:30:00+05:30,2026-08-18T10:00:00+05:30
bkg_361cdc00,usr_9cb9eedc,trp_0cf04e06,,0AB7E2,partner,8131.09,MYR,871.19,idem_6048ce925b6ca94e,cancelled,,2026-08-12T20:45:00+05:30,Plans changed,2026-08-04T20:45:00+05:30,2026-08-18T10:00:00+05:30
bkg_825111d1,usr_1805266d,trp_e9978e3e,,14D480,web,14030.67,INR,1503.29,idem_5d5ffed62c7fc298,confirmed,2026-07-08T20:02:00+05:30,,,2026-07-08T20:00:00+05:30,2026-08-18T10:00:00+05:30
bkg_b072ebe9,usr_525b1d3c,trp_0d9ed6f6,,FA28E1,web,17596.02,INR,1885.29,idem_51c63a75af9aa36e,cancelled,,2026-05-06T19:30:00+05:30,Duplicate booking,2026-04-29T19:30:00+05:30,2026-08-18T10:00:00+05:30
bkg_cc3efc2b,usr_7af770b2,trp_60fe0650,,C88DB4,web,16364.99,THB,1753.39,idem_cc33a02758997a30,confirmed,2026-07-16T11:47:00+05:30,,,2026-07-16T11:45:00+05:30,2026-08-18T10:00:00+05:30
bkg_6b9141a1,usr_0ae483ef,,,4FEA6D,web,93895.85,INR,10060.27,idem_216f27c48f6348a8,confirmed,2026-07-31T10:47:00+05:30,,,2026-07-31T10:45:00+05:30,2026-08-18T10:00:00+05:30
bkg_ad44351a,usr_3e25dcc6,trp_510db93a,,7035AD,web,49093.18,INR,5259.98,idem_74b36d246d391f4a,confirmed,2026-05-12T10:47:00+05:30,,,2026-05-12T10:45:00+05:30,2026-08-18T10:00:00+05:30
bkg_ea881411,usr_d1506bce,trp_41efeeee,,6146DF,web,7061.66,NPR,756.61,idem_6dc13236e536a55e,cancelled,,2026-08-21T16:00:00+05:30,Plans changed,2026-08-04T16:00:00+05:30,2026-08-18T10:00:00+05:30
bkg_c0188722,usr_e076a69d,,,16BDA6,web,18828.06,INR,2017.29,idem_ce6b4e66b0a9ea6d,confirmed,2026-04-25T07:47:00+05:30,,,2026-04-25T07:45:00+05:30,2026-08-18T10:00:00+05:30
bkg_2ecf24ff,usr_d504f21d,trp_8500bc75,,BB78F3,web,17686.08,INR,1894.94,idem_5dde540653744723,partially_confirmed,2026-04-25T10:32:00+05:30,,,2026-04-25T10:30:00+05:30,2026-08-18T10:00:00+05:30
bkg_1115a504,usr_1cfaf7a0,trp_43aa1b9f,,89DCFA,web,12595.08,INR,1349.47,idem_14c7d350124927d9,failed,,,,2026-04-27T15:15:00+05:30,2026-08-18T10:00:00+05:30
bkg_051a3070,usr_65303113,trp_5263ffa3,,83D8B9,web,14565.31,INR,1560.57,idem_51407f4c386db1e1,confirmed,2026-08-14T03:32:00+05:30,,,2026-08-14T03:30:00+05:30,2026-08-18T10:00:00+05:30
bkg_92edc709,usr_1ef037a0,,,D3E004,web,16724112.32,IDR,1791869.18,idem_6b1340cb0c2b069c,confirmed,2026-06-12T18:47:00+05:30,,,2026-06-12T18:45:00+05:30,2026-08-18T10:00:00+05:30
bkg_81e60ee5,usr_5b0e5805,trp_f57f5855,,8CE49D,mobile_app,38856.43,INR,4163.19,idem_3f14a0f97a357f64,cancelled,,2026-07-10T13:15:00+05:30,Duplicate booking,2026-06-29T13:15:00+05:30,2026-08-18T10:00:00+05:30
bkg_c9659480,usr_d89a661b,trp_f1bbbfc4,,BC8C1F,web,59428.41,INR,6367.33,idem_1e0a17670426ce05,confirmed,2026-06-28T21:17:00+05:30,,,2026-06-28T21:15:00+05:30,2026-08-18T10:00:00+05:30
bkg_907d55a1,usr_3f4f4c52,trp_940ac1af,,D9B1E5,mobile_app,102598.16,INR,10992.66,idem_1f576941f0636382,cancelled,,2026-06-26T01:00:00+05:30,Found a better rate,2026-06-23T01:00:00+05:30,2026-08-18T10:00:00+05:30
bkg_f6ade45f,usr_be1c9458,,,EAEFC1,web,35810.90,INR,3836.88,idem_61658f57d313f43d,pending,,,,2026-08-01T19:30:00+05:30,2026-08-18T10:00:00+05:30
bkg_ebc85e81,usr_596ee95d,trp_0bf61ffe,,B126F5,web,4723.58,INR,506.10,idem_26222b471110f101,confirmed,2026-07-08T23:47:00+05:30,,,2026-07-08T23:45:00+05:30,2026-08-18T10:00:00+05:30
bkg_235298dd,usr_05d0be25,trp_c1e34627,,A793DE,web,9374.83,MYR,1004.45,idem_5c7f23b2c76e5b84,confirmed,2026-05-02T21:32:00+05:30,,,2026-05-02T21:30:00+05:30,2026-08-18T10:00:00+05:30
bkg_bed68af4,usr_b9d5e7c6,trp_bc0dd54e,,001F88,mobile_app,3572.77,CHF,382.80,idem_43452f4cf1f2d51d,confirmed,2026-05-04T02:32:00+05:30,,,2026-05-04T02:30:00+05:30,2026-08-18T10:00:00+05:30
bkg_ddb40cdc,usr_c41a26c3,trp_9dfd38b4,,19E089,partner,15347.72,IDR,1644.40,idem_3fa6f0cd212f6abe,pending,,,,2026-07-29T02:15:00+05:30,2026-08-18T10:00:00+05:30
bkg_9427b8ed,usr_4cbf6de6,trp_087633e3,,C044FA,mobile_app,47622.94,INR,5102.46,idem_2fc326af0d2ca35b,confirmed,2026-08-02T11:17:00+05:30,,,2026-08-02T11:15:00+05:30,2026-08-18T10:00:00+05:30
bkg_bb585566,usr_ce9ee3ae,trp_c403d6fa,,8EBF43,mobile_app,44935.81,INR,4814.55,idem_e4e3e57ce90c57c6,confirmed,2026-06-26T20:17:00+05:30,,,2026-06-26T20:15:00+05:30,2026-08-18T10:00:00+05:30
bkg_44c20bce,usr_05d0be25,trp_c1e34627,,A7B748,agent,38912.12,INR,4169.16,idem_1cdd0f14527f142c,pending,,,,2026-07-15T00:00:00+05:30,2026-08-18T10:00:00+05:30
bkg_78c04024,usr_b96ef58c,,,BC7417,web,58119.47,INR,6227.09,idem_901064fcadbdb0bb,confirmed,2026-07-17T18:02:00+05:30,,,2026-07-17T18:00:00+05:30,2026-08-18T10:00:00+05:30
bkg_82abb428,usr_88af6903,,,80921C,web,2308.92,AED,247.38,idem_7ee05fc713e25d51,cancelled,,2026-07-20T04:30:00+05:30,Trip postponed,2026-07-09T04:30:00+05:30,2026-08-18T10:00:00+05:30
bkg_1e27e3bf,usr_a386ca28,trp_ff8e9fec,,BBEEEA,web,5400.77,INR,578.65,idem_13151075ccc19903,confirmed,2026-06-10T02:02:00+05:30,,,2026-06-10T02:00:00+05:30,2026-08-18T10:00:00+05:30
bkg_40fefa28,usr_d1c73fb8,trp_e16227b5,,1C8605,mobile_app,8832.67,INR,946.36,idem_10150d163b2cb8e5,confirmed,2026-07-27T19:02:00+05:30,,,2026-07-27T19:00:00+05:30,2026-08-18T10:00:00+05:30
bkg_e1ac2ec1,usr_98a69060,trp_f9407f9b,,D1FFF2,mobile_app,40622.65,INR,4352.43,idem_c97c052d6cfc58f2,confirmed,2026-05-15T21:32:00+05:30,,,2026-05-15T21:30:00+05:30,2026-08-18T10:00:00+05:30
bkg_454a67e4,usr_e7b2dd09,trp_9af6e7d4,,EAAE63,web,36789.18,INR,3941.70,idem_95f377dd373d1b0d,confirmed,2026-05-10T02:32:00+05:30,,,2026-05-10T02:30:00+05:30,2026-08-18T10:00:00+05:30
bkg_7eca21f0,usr_d1a44892,,,35E4D6,web,5067.24,INR,542.92,idem_a0ceda44ca2010f5,pending,,,,2026-07-21T17:00:00+05:30,2026-08-18T10:00:00+05:30
bkg_6fb3087d,usr_52de2228,trp_1c384989,,34CDBF,mobile_app,9360.40,INR,1002.90,idem_f0944f926c9be535,confirmed,2026-07-06T13:32:00+05:30,,,2026-07-06T13:30:00+05:30,2026-08-18T10:00:00+05:30
bkg_ad1aa28a,usr_04b21637,trp_10f1523f,,708585,mobile_app,10363.38,INR,1110.36,idem_239bf82c7cd33f23,pending,,,,2026-07-28T14:30:00+05:30,2026-08-18T10:00:00+05:30
bkg_332f0fab,usr_7d0ce609,trp_46f6a107,,FE788C,web,8226.02,MYR,881.36,idem_37b7fd3a8ca331ca,confirmed,2026-08-13T03:02:00+05:30,,,2026-08-13T03:00:00+05:30,2026-08-18T10:00:00+05:30
bkg_c3515fe1,usr_541840e2,trp_45ab4600,,FA6877,mobile_app,35683.39,INR,3823.22,idem_456bf434f8934da3,confirmed,2026-07-01T15:17:00+05:30,,,2026-07-01T15:15:00+05:30,2026-08-18T10:00:00+05:30
bkg_10770438,usr_65303113,trp_5263ffa3,,88E541,mobile_app,2773.64,MYR,297.18,idem_39a6115defcedd80,confirmed,2026-07-04T04:02:00+05:30,,,2026-07-04T04:00:00+05:30,2026-08-18T10:00:00+05:30
bkg_4203b67f,usr_51275e79,trp_3e263e75,,A71EBA,mobile_app,49186.95,INR,5270.03,idem_8c0c693f7a0b2609,confirmed,2026-08-06T22:32:00+05:30,,,2026-08-06T22:30:00+05:30,2026-08-18T10:00:00+05:30
bkg_613b861b,usr_07f03d4c,trp_82116fda,,007E33,web,29532.92,INR,3164.24,idem_4a719a73d4b1cca9,confirmed,2026-08-15T10:32:00+05:30,,,2026-08-15T10:30:00+05:30,2026-08-18T10:00:00+05:30
bkg_eb6b0986,usr_c94b68cc,trp_edc2177c,,6FE4E5,web,92429.72,INR,9903.18,idem_1efcab0d68c30b5a,confirmed,2026-06-07T07:02:00+05:30,,,2026-06-07T07:00:00+05:30,2026-08-18T10:00:00+05:30
bkg_64089900,usr_5bbebfef,trp_7013467c,,4DD27F,call_centre,9944.16,THB,1065.45,idem_ef182885af67bf74,confirmed,2026-04-22T16:17:00+05:30,,,2026-04-22T16:15:00+05:30,2026-08-18T10:00:00+05:30
bkg_7fa2dd99,usr_d8ec0000,trp_cdcc78b4,,A15F9C,partner,133.15,SGD,14.27,idem_b5727fbe95f5029f,partially_confirmed,2026-08-01T01:47:00+05:30,,,2026-08-01T01:45:00+05:30,2026-08-18T10:00:00+05:30
bkg_e8415312,usr_2e562f89,trp_75c88e52,,041D7B,web,39976.90,INR,4283.24,idem_72a25b6d175930c8,confirmed,2026-06-02T09:47:00+05:30,,,2026-06-02T09:45:00+05:30,2026-08-18T10:00:00+05:30
bkg_1d59364c,usr_98212b28,trp_ae6b4527,,522102,web,58508.72,INR,6268.79,idem_6421860c2c2b9253,cancelled,,2026-08-18T00:15:00+05:30,Plans changed,2026-08-16T00:15:00+05:30,2026-08-18T10:00:00+05:30
bkg_3868ab12,usr_22e61dad,trp_bc925fdc,,CD3E2A,web,6494.48,AED,695.84,idem_75be90db0787dc74,confirmed,2026-07-16T18:47:00+05:30,,,2026-07-16T18:45:00+05:30,2026-08-18T10:00:00+05:30
bkg_7e71f395,usr_5385053d,,,E1189B,mobile_app,8857.24,INR,948.99,idem_f1d550f146b3e975,confirmed,2026-06-13T20:32:00+05:30,,,2026-06-13T20:30:00+05:30,2026-08-18T10:00:00+05:30
bkg_04aa6bc3,usr_97d7df2b,,,64BE29,mobile_app,33708.62,SGD,3611.64,idem_71306764bba9945f,confirmed,2026-07-14T19:47:00+05:30,,,2026-07-14T19:45:00+05:30,2026-08-18T10:00:00+05:30
bkg_c5a61a90,usr_651a4d17,,,DEC392,mobile_app,8124.61,INR,870.49,idem_aebd5b1bd3017997,cancelled,,2026-05-15T06:15:00+05:30,Trip postponed,2026-04-27T06:15:00+05:30,2026-08-18T10:00:00+05:30
bkg_9b85dff1,usr_98ca8444,trp_0c86284d,,438DFD,web,10715.96,INR,1148.14,idem_09ad3e2ebc4289c8,confirmed,2026-05-13T09:32:00+05:30,,,2026-05-13T09:30:00+05:30,2026-08-18T10:00:00+05:30
bkg_779d5509,usr_a5077371,trp_db7b894e,,322DB8,partner,2091.81,INR,224.12,idem_45b1b950bb043ddb,cancelled,,2026-06-24T21:00:00+05:30,Duplicate booking,2026-06-15T21:00:00+05:30,2026-08-18T10:00:00+05:30
bkg_80caf66d,usr_7101a5b5,trp_3173cbf9,,F00D92,mobile_app,16010.60,AED,1715.42,idem_0b55e24d5c6866ec,partially_confirmed,2026-05-16T07:17:00+05:30,,,2026-05-16T07:15:00+05:30,2026-08-18T10:00:00+05:30
bkg_0c219212,usr_70139660,trp_bd69fea3,,4C18F2,mobile_app,8578.62,MYR,919.14,idem_274fd28a6a7e652e,confirmed,2026-08-10T20:32:00+05:30,,,2026-08-10T20:30:00+05:30,2026-08-18T10:00:00+05:30
bkg_7c680f02,usr_67ff2106,trp_8c33db0b,,060BEA,agent,16326.33,INR,1749.25,idem_c231284e1e433a16,failed,,,,2026-06-20T09:30:00+05:30,2026-08-18T10:00:00+05:30
bkg_bc91c907,usr_4b9412c5,trp_fefb6d73,,6F90E0,mobile_app,28092.58,INR,3009.92,idem_a8925c39e863129a,confirmed,2026-05-21T16:17:00+05:30,,,2026-05-21T16:15:00+05:30,2026-08-18T10:00:00+05:30
bkg_60b16561,usr_49c29e32,,,02F40A,web,54241.17,INR,5811.55,idem_11a0b044490750c8,confirmed,2026-06-09T06:17:00+05:30,,,2026-06-09T06:15:00+05:30,2026-08-18T10:00:00+05:30
bkg_5df52a0d,usr_fa851b11,trp_d275f261,,6220E1,mobile_app,8695.43,INR,931.65,idem_6da9827f7ac03eb8,confirmed,2026-07-11T06:17:00+05:30,,,2026-07-11T06:15:00+05:30,2026-08-18T10:00:00+05:30
bkg_cd3daf19,usr_5d24ab68,,,B9A0FA,web,4531.63,INR,485.53,idem_90f6deb77c46122d,confirmed,2026-08-10T15:32:00+05:30,,,2026-08-10T15:30:00+05:30,2026-08-18T10:00:00+05:30
bkg_c6d5c374,usr_7e340c2a,trp_2d23dd64,,47545B,mobile_app,12240.44,LKR,1311.48,idem_c8bc7dad5e3a09b2,confirmed,2026-06-06T08:47:00+05:30,,,2026-06-06T08:45:00+05:30,2026-08-18T10:00:00+05:30
bkg_904bb058,usr_aaf1c470,trp_2472305e,,134DB2,mobile_app,15299.61,INR,1639.24,idem_d1dd6d0030661fca,cancelled,,2026-08-17T20:00:00+05:30,Trip postponed,2026-07-31T20:00:00+05:30,2026-08-18T10:00:00+05:30
bkg_0b534273,usr_c582abb2,,,063979,mobile_app,20110.73,INR,2154.72,idem_6244ea436b81cc7c,pending,,,,2026-06-16T22:30:00+05:30,2026-08-18T10:00:00+05:30
bkg_1b44a0dc,usr_2da5bb04,trp_fe3977e6,,D8D3CD,partner,8760.24,INR,938.60,idem_62939762afc17a2a,refunded,,2026-08-26T08:30:00+05:30,Found a better rate,2026-08-17T08:30:00+05:30,2026-08-18T10:00:00+05:30
bkg_89efe121,usr_a386ca28,trp_ff8e9fec,,3A81CE,partner,54417.98,INR,5830.50,idem_82dd55fa7ec2a982,confirmed,2026-08-02T07:47:00+05:30,,,2026-08-02T07:45:00+05:30,2026-08-18T10:00:00+05:30
bkg_90b4be2b,usr_9afd8eab,trp_1898ff3a,,7B19BD,mobile_app,80242.02,THB,8597.36,idem_e90a53485683f457,confirmed,2026-08-16T21:32:00+05:30,,,2026-08-16T21:30:00+05:30,2026-08-18T10:00:00+05:30
bkg_ab89649a,usr_24d10368,,,223234,web,10305.22,INR,1104.13,idem_7ae97135ddc01e44,confirmed,2026-05-26T07:32:00+05:30,,,2026-05-26T07:30:00+05:30,2026-08-18T10:00:00+05:30
bkg_869397bb,usr_63d6db20,trp_a0a40e8a,,D297F1,mobile_app,13663.57,INR,1463.95,idem_dc8bd580adc006f2,confirmed,2026-08-12T06:17:00+05:30,,,2026-08-12T06:15:00+05:30,2026-08-18T10:00:00+05:30
bkg_393ffe8c,usr_ae3758b7,trp_831241e0,,E64321,mobile_app,13867.47,SGD,1485.80,idem_76a0ea6b41b3b9fe,confirmed,2026-08-15T12:02:00+05:30,,,2026-08-15T12:00:00+05:30,2026-08-18T10:00:00+05:30
bkg_438ed7d6,usr_596ee95d,,,CC427D,partner,24530.26,INR,2628.24,idem_da897f59c00b77d7,failed,,,,2026-07-02T01:30:00+05:30,2026-08-18T10:00:00+05:30
bkg_4d8b1332,usr_0389057b,,,C9BD91,web,9822.97,INR,1052.46,idem_4429fb408cc9c764,confirmed,2026-07-02T20:47:00+05:30,,,2026-07-02T20:45:00+05:30,2026-08-18T10:00:00+05:30
bkg_34fd4a51,usr_7f6e49de,,,B590FD,mobile_app,10986.66,JPY,1177.14,idem_05f48dc101cf419e,confirmed,2026-06-28T09:17:00+05:30,,,2026-06-28T09:15:00+05:30,2026-08-18T10:00:00+05:30
bkg_78245438,usr_5bbebfef,trp_7013467c,,FA8AFD,web,8074.30,INR,865.10,idem_140cb7cf8e09aac7,confirmed,2026-08-09T16:02:00+05:30,,,2026-08-09T16:00:00+05:30,2026-08-18T10:00:00+05:30
bkg_b274353b,usr_fc544c58,trp_093fb740,,31F261,web,45633.08,INR,4889.26,idem_e64111b924418db9,confirmed,2026-06-18T11:02:00+05:30,,,2026-06-18T11:00:00+05:30,2026-08-18T10:00:00+05:30
bkg_d6cd714b,usr_02b3a36d,,,705BAF,mobile_app,6798.86,INR,728.45,idem_853842f88c63d0d4,confirmed,2026-05-24T05:47:00+05:30,,,2026-05-24T05:45:00+05:30,2026-08-18T10:00:00+05:30
bkg_f5158bbe,usr_22d1a7e5,trp_8e6dec68,,F4ADC5,web,9286.39,INR,994.97,idem_97facb1bfeef0b77,failed,,,,2026-07-31T18:45:00+05:30,2026-08-18T10:00:00+05:30
bkg_74b37fba,usr_1f0f9af9,trp_45a660c5,,C004F8,mobile_app,12544.46,SGD,1344.05,idem_c6a280ee569da080,confirmed,2026-06-26T08:32:00+05:30,,,2026-06-26T08:30:00+05:30,2026-08-18T10:00:00+05:30
bkg_2e01f060,usr_be1c9458,trp_299b74ad,,58619B,partner,6657.64,INR,713.32,idem_0a14aa62038171ac,confirmed,2026-05-19T14:32:00+05:30,,,2026-05-19T14:30:00+05:30,2026-08-18T10:00:00+05:30
bkg_7bd797ca,usr_61710d50,trp_309cee62,,FA16CC,web,25347.59,INR,2715.81,idem_34083e6b4ea78970,confirmed,2026-06-05T07:02:00+05:30,,,2026-06-05T07:00:00+05:30,2026-08-18T10:00:00+05:30
bkg_0d715e4b,usr_de458aa5,trp_6d082956,,E5DB29,web,10265.58,AED,1099.88,idem_642b47e23a415e24,cancelled,,2026-05-08T15:15:00+05:30,Found a better rate,2026-04-28T15:15:00+05:30,2026-08-18T10:00:00+05:30
bkg_f40b2da9,usr_209a82fa,trp_16836146,,F683C6,web,25240.25,CHF,2704.31,idem_0a531c559ba243f9,failed,,,,2026-08-14T19:30:00+05:30,2026-08-18T10:00:00+05:30
bkg_20cd7a0e,usr_a370271a,trp_25e25e9c,,9DD697,mobile_app,72317.97,INR,7748.35,idem_2db2864d537a3de8,cancelled,,2026-05-17T15:45:00+05:30,Found a better rate,2026-04-29T15:45:00+05:30,2026-08-18T10:00:00+05:30
bkg_cdab5d95,usr_0ae483ef,trp_9b05bb65,,BCD208,web,14711.40,INR,1576.22,idem_5001f47b872c2eda,confirmed,2026-05-12T02:17:00+05:30,,,2026-05-12T02:15:00+05:30,2026-08-18T10:00:00+05:30
bkg_c561e273,usr_538f6e20,trp_cb526c8f,,31E94C,web,3318.92,THB,355.60,idem_f29e73ad8287e10b,confirmed,2026-05-24T21:17:00+05:30,,,2026-05-24T21:15:00+05:30,2026-08-18T10:00:00+05:30
bkg_6f052aeb,usr_d1c73fb8,trp_5b0721fc,,C31961,mobile_app,5889.09,INR,630.97,idem_384863ed1bcd0eac,confirmed,2026-06-25T00:02:00+05:30,,,2026-06-25T00:00:00+05:30,2026-08-18T10:00:00+05:30
bkg_a8f3d896,usr_9115fc7c,trp_77576097,,F247EA,web,3510.76,INR,376.15,idem_e9d5c932ff8044c9,partially_confirmed,2026-07-18T13:32:00+05:30,,,2026-07-18T13:30:00+05:30,2026-08-18T10:00:00+05:30
bkg_c297f4a2,usr_dc1bd238,trp_4e648420,,82F9D5,partner,27117.57,INR,2905.45,idem_0346c4f80675181a,confirmed,2026-06-07T14:17:00+05:30,,,2026-06-07T14:15:00+05:30,2026-08-18T10:00:00+05:30
bkg_2267945d,usr_aef2d4f6,,,445743,web,177076.55,INR,18972.49,idem_a37da3522e951286,confirmed,2026-07-10T06:02:00+05:30,,,2026-07-10T06:00:00+05:30,2026-08-18T10:00:00+05:30
bkg_1f59b6ce,usr_c582abb2,trp_cc0bc071,,CD0062,partner,19873.57,INR,2129.31,idem_7fd690f4b379f711,confirmed,2026-08-06T12:47:00+05:30,,,2026-08-06T12:45:00+05:30,2026-08-18T10:00:00+05:30
bkg_3d3cb4c3,usr_d245dd5d,trp_b18bf78b,,ED1FB6,mobile_app,76856.35,INR,8234.61,idem_9c30056c7c56e1d9,confirmed,2026-07-18T21:32:00+05:30,,,2026-07-18T21:30:00+05:30,2026-08-18T10:00:00+05:30
bkg_3213a909,usr_ce09de03,trp_e1f3d0e8,,061F39,mobile_app,17451.15,INR,1869.77,idem_7af911548fb229ad,confirmed,2026-07-25T03:32:00+05:30,,,2026-07-25T03:30:00+05:30,2026-08-18T10:00:00+05:30
bkg_586920b8,usr_aaf1c470,,,27C4B4,mobile_app,2695.64,THB,288.82,idem_71d2b66699d77d64,confirmed,2026-07-02T18:47:00+05:30,,,2026-07-02T18:45:00+05:30,2026-08-18T10:00:00+05:30
bkg_c7ecb563,usr_afacd025,trp_2e23ea17,,64B97F,mobile_app,3021.49,MVR,323.73,idem_576ac0fa47bc8b1f,confirmed,2026-05-12T06:02:00+05:30,,,2026-05-12T06:00:00+05:30,2026-08-18T10:00:00+05:30
bkg_591837c7,usr_bff7bdb8,trp_26590ab5,,CB5373,mobile_app,4462.83,QAR,478.16,idem_788fa421cef2a1a9,confirmed,2026-05-24T12:32:00+05:30,,,2026-05-24T12:30:00+05:30,2026-08-18T10:00:00+05:30
bkg_e8a28736,usr_cb0928ac,trp_f2bf08e7,,30B623,web,4142.02,INR,443.79,idem_e45ded9a40331c1c,confirmed,2026-07-20T05:02:00+05:30,,,2026-07-20T05:00:00+05:30,2026-08-18T10:00:00+05:30
bkg_a7b035b6,usr_e7b2dd09,,,77EEAE,mobile_app,28149.54,INR,3016.02,idem_6ec0f430ada4a9be,partially_confirmed,2026-08-05T21:47:00+05:30,,,2026-08-05T21:45:00+05:30,2026-08-18T10:00:00+05:30
bkg_23f4c383,usr_5c4f42ed,trp_856b6452,,249C58,web,23742.80,INR,2543.87,idem_ba9caafec846bd07,confirmed,2026-05-16T05:02:00+05:30,,,2026-05-16T05:00:00+05:30,2026-08-18T10:00:00+05:30
bkg_6255c08c,usr_72796feb,,,9298EC,mobile_app,43625.55,INR,4674.17,idem_c6a05504e8a693c0,confirmed,2026-08-15T12:02:00+05:30,,,2026-08-15T12:00:00+05:30,2026-08-18T10:00:00+05:30
bkg_ad5d3cb0,usr_32f091df,trp_bf65331c,,23DE8B,web,17151.66,INR,1837.68,idem_a8f0923878552d21,confirmed,2026-07-25T15:17:00+05:30,,,2026-07-25T15:15:00+05:30,2026-08-18T10:00:00+05:30
bkg_368830a1,usr_51294c66,trp_e427f350,,0C4F01,mobile_app,47102.54,THB,5046.70,idem_beaba843f59f3820,failed,,,,2026-07-14T19:00:00+05:30,2026-08-18T10:00:00+05:30
bkg_05fdb953,usr_8e272905,,,DEFDB0,mobile_app,19609.59,INR,2101.03,idem_361fd4bad807769e,confirmed,2026-06-18T05:47:00+05:30,,,2026-06-18T05:45:00+05:30,2026-08-18T10:00:00+05:30
bkg_8b840608,usr_3d56531d,,,09F4B5,web,1525.25,AED,163.42,idem_d26e7add5ab48345,confirmed,2026-04-26T05:32:00+05:30,,,2026-04-26T05:30:00+05:30,2026-08-18T10:00:00+05:30
bkg_0ca9eb93,usr_3f4f4c52,trp_940ac1af,,F6F52D,web,4308.92,INR,461.67,idem_81a9df26c4ac35b8,pending,,,,2026-08-02T08:00:00+05:30,2026-08-18T10:00:00+05:30
bkg_f36e9386,usr_157e58e7,,,7F1320,partner,19871.42,INR,2129.08,idem_1ad1f9d8c15576b5,confirmed,2026-07-03T15:02:00+05:30,,,2026-07-03T15:00:00+05:30,2026-08-18T10:00:00+05:30
bkg_5f75037f,usr_67ff2106,trp_8c33db0b,,4DBB90,web,5132.36,INR,549.90,idem_75ea164d1df92b1a,confirmed,2026-05-08T20:17:00+05:30,,,2026-05-08T20:15:00+05:30,2026-08-18T10:00:00+05:30
bkg_9411d82f,usr_c582abb2,trp_09e8a8fb,,83C713,mobile_app,8638.12,INR,925.51,idem_07d148bd6aca2e47,confirmed,2026-07-24T02:32:00+05:30,,,2026-07-24T02:30:00+05:30,2026-08-18T10:00:00+05:30
bkg_00fac335,usr_157e58e7,,,F6330F,mobile_app,3662.78,AED,392.44,idem_47d4dc2dbe3830be,confirmed,2026-07-16T23:47:00+05:30,,,2026-07-16T23:45:00+05:30,2026-08-18T10:00:00+05:30
bkg_fa26c0d5,usr_5b31e64c,trp_cdc63a8d,,BADC5A,web,16143.52,INR,1729.66,idem_702a52f08cd3f60a,confirmed,2026-08-16T20:32:00+05:30,,,2026-08-16T20:30:00+05:30,2026-08-18T10:00:00+05:30
bkg_bf91de78,usr_a386ca28,,,03D206,mobile_app,36005.39,INR,3857.72,idem_a37af61389a486aa,refunded,,2026-06-26T07:15:00+05:30,Found a better rate,2026-06-18T07:15:00+05:30,2026-08-18T10:00:00+05:30
bkg_4893c1e9,usr_0389057b,trp_03ebe095,,EADD65,mobile_app,9594.56,INR,1027.99,idem_ad014b340414464f,confirmed,2026-05-23T23:02:00+05:30,,,2026-05-23T23:00:00+05:30,2026-08-18T10:00:00+05:30
bkg_660100e1,usr_67de0711,trp_ce030396,,EDFE5F,web,16718.20,NPR,1791.24,idem_0e3b15fb07b6cecb,confirmed,2026-05-18T18:17:00+05:30,,,2026-05-18T18:15:00+05:30,2026-08-18T10:00:00+05:30
bkg_eaf036e9,usr_424aaa79,trp_f80fc406,,C8B1E0,web,20685.71,INR,2216.33,idem_ed809f39027e7c6c,confirmed,2026-06-02T03:47:00+05:30,,,2026-06-02T03:45:00+05:30,2026-08-18T10:00:00+05:30
bkg_f31ef45d,usr_ddfd9a4a,trp_4a923b00,,876967,mobile_app,27178.67,INR,2912.00,idem_3df4290b7af4be24,cancelled,,2026-08-25T15:30:00+05:30,Found a better rate,2026-08-11T15:30:00+05:30,2026-08-18T10:00:00+05:30
bkg_d01de9aa,usr_b10b6018,trp_f18e9739,,EE26FC,web,21229.26,INR,2274.56,idem_eb2509e42ed92593,confirmed,2026-04-22T02:47:00+05:30,,,2026-04-22T02:45:00+05:30,2026-08-18T10:00:00+05:30
bkg_14a6f26e,usr_8ed02105,trp_b0a35602,,EF13F0,partner,20660.38,CHF,2213.61,idem_eb5b9ec5a32e585d,partially_confirmed,2026-06-16T02:17:00+05:30,,,2026-06-16T02:15:00+05:30,2026-08-18T10:00:00+05:30
bkg_e39aacf1,usr_7ad82b11,trp_f9bdd86b,,94FE04,web,17357.22,INR,1859.70,idem_5e6b99257b93bd98,confirmed,2026-05-25T08:17:00+05:30,,,2026-05-25T08:15:00+05:30,2026-08-18T10:00:00+05:30
bkg_02ba66cc,usr_0e9166f0,trp_e31ab00a,,59A4F8,mobile_app,11461.74,INR,1228.04,idem_5849dd4e6c21a29b,refunded,,2026-06-13T09:15:00+05:30,Plans changed,2026-06-07T09:15:00+05:30,2026-08-18T10:00:00+05:30
bkg_b9fd1cfc,usr_76c235d5,trp_7aed1147,,1F7337,mobile_app,35805.57,INR,3836.31,idem_133015c8e2bf4520,cancelled,,2026-06-11T21:45:00+05:30,Trip postponed,2026-05-30T21:45:00+05:30,2026-08-18T10:00:00+05:30
bkg_6d87b67c,usr_2da5bb04,trp_25a980cf,,9F65A4,web,2616.98,INR,280.39,idem_409a2961b9b9d167,confirmed,2026-06-29T10:47:00+05:30,,,2026-06-29T10:45:00+05:30,2026-08-18T10:00:00+05:30
bkg_8a737e99,usr_1805266d,,,0CAB3E,mobile_app,8484.07,INR,909.01,idem_d26ce1a9d90c8cc3,confirmed,2026-05-08T00:17:00+05:30,,,2026-05-08T00:15:00+05:30,2026-08-18T10:00:00+05:30
bkg_63cba136,usr_7af770b2,trp_60fe0650,,5338D0,mobile_app,9642.54,INR,1033.13,idem_6c5d378d1122f719,confirmed,2026-06-25T05:47:00+05:30,,,2026-06-25T05:45:00+05:30,2026-08-18T10:00:00+05:30
bkg_d36dc006,usr_d3acd59c,,,29EF0C,mobile_app,19398.25,INR,2078.38,idem_80d027f1657ffaf8,cancelled,,2026-06-15T00:00:00+05:30,Plans changed,2026-05-29T00:00:00+05:30,2026-08-18T10:00:00+05:30
bkg_4fec47bb,usr_a3f4f2d9,trp_d8f6113f,,99DDDE,mobile_app,63022.15,INR,6752.37,idem_a32bab534f0df556,confirmed,2026-08-09T07:02:00+05:30,,,2026-08-09T07:00:00+05:30,2026-08-18T10:00:00+05:30
bkg_d02c74cf,usr_3393c7a2,,,BBB73D,web,10677.36,NPR,1144.00,idem_a2d56f760a62b6f7,confirmed,2026-06-29T19:02:00+05:30,,,2026-06-29T19:00:00+05:30,2026-08-18T10:00:00+05:30
bkg_0321d9b8,usr_cf744020,trp_0053b2f7,,D569DA,mobile_app,33876.53,MVR,3629.63,idem_33e923793939b6be,confirmed,2026-05-22T09:47:00+05:30,,,2026-05-22T09:45:00+05:30,2026-08-18T10:00:00+05:30
bkg_a05473c4,usr_8700ba48,,,94B9B1,mobile_app,24491.77,CHF,2624.12,idem_128df54d521af836,confirmed,2026-07-19T19:02:00+05:30,,,2026-07-19T19:00:00+05:30,2026-08-18T10:00:00+05:30
bkg_dc099fe6,usr_424fbf1a,,,FB8EB3,web,5461.14,INR,585.12,idem_951e808e994fbd17,confirmed,2026-06-02T15:17:00+05:30,,,2026-06-02T15:15:00+05:30,2026-08-18T10:00:00+05:30
bkg_e1947f5e,usr_dcf3a4ae,,,6AA28D,mobile_app,519.90,SGD,55.70,idem_494419f9704f8baf,confirmed,2026-05-05T08:17:00+05:30,,,2026-05-05T08:15:00+05:30,2026-08-18T10:00:00+05:30
bkg_5478c5ef,usr_ee03ca6c,trp_12e18a88,,F0C32F,web,15821.09,INR,1695.12,idem_79fa33c483a8808a,confirmed,2026-05-16T07:02:00+05:30,,,2026-05-16T07:00:00+05:30,2026-08-18T10:00:00+05:30
bkg_794712f6,usr_b9d5e7c6,trp_bc0dd54e,,07202B,mobile_app,69894.16,INR,7488.66,idem_4b67ef55a738bb0a,confirmed,2026-06-01T22:47:00+05:30,,,2026-06-01T22:45:00+05:30,2026-08-18T10:00:00+05:30
bkg_4fc20ebc,usr_2433031a,trp_7156f558,,FDBC98,web,12243.66,INR,1311.82,idem_1fdb34e22bf10a5a,confirmed,2026-05-27T08:47:00+05:30,,,2026-05-27T08:45:00+05:30,2026-08-18T10:00:00+05:30
bkg_c85bb852,usr_dc1bd238,,,FCD92A,mobile_app,24895.40,INR,2667.36,idem_813d053dfefc9f25,confirmed,2026-06-01T04:17:00+05:30,,,2026-06-01T04:15:00+05:30,2026-08-18T10:00:00+05:30
bkg_3cf1331e,usr_76043d79,,,AE0164,web,26992.82,INR,2892.09,idem_0e334be9c3994cb2,confirmed,2026-05-01T17:02:00+05:30,,,2026-05-01T17:00:00+05:30,2026-08-18T10:00:00+05:30
bkg_48c19c70,usr_7f6d27fe,,,26EC30,web,58368.41,INR,6253.76,idem_4fa632f18ff6d866,confirmed,2026-05-18T23:32:00+05:30,,,2026-05-18T23:30:00+05:30,2026-08-18T10:00:00+05:30
bkg_f68cf2f9,usr_0551c67a,trp_7a22e52a,,0508E1,web,2954.57,INR,316.56,idem_76e757b558aab180,pending,,,,2026-07-17T13:45:00+05:30,2026-08-18T10:00:00+05:30
bkg_5ea0961f,usr_20594684,trp_2ee78a2e,,227ACD,web,2221.80,INR,238.05,idem_f9dbd5ae4a06e9f3,confirmed,2026-07-27T14:17:00+05:30,,,2026-07-27T14:15:00+05:30,2026-08-18T10:00:00+05:30
bkg_3dc8bcf5,usr_ab49979e,trp_4a195a07,,F7D5AB,web,14884.87,MVR,1594.81,idem_213cf8211b011c21,confirmed,2026-05-06T22:02:00+05:30,,,2026-05-06T22:00:00+05:30,2026-08-18T10:00:00+05:30
bkg_f9617f9e,usr_d8cab59f,trp_e469328d,,3F2548,web,9597.67,INR,1028.32,idem_cc70858cc64a3c7b,confirmed,2026-05-22T03:17:00+05:30,,,2026-05-22T03:15:00+05:30,2026-08-18T10:00:00+05:30
bkg_03955e65,usr_8f32fd7a,,,E23F9C,mobile_app,4840.51,INR,518.63,idem_51f645c9c5a06353,cancelled,,2026-08-11T13:15:00+05:30,Found a better rate,2026-07-23T13:15:00+05:30,2026-08-18T10:00:00+05:30
bkg_5e45e79a,usr_52de2228,trp_1c384989,,3BB06F,web,15740.12,INR,1686.44,idem_efb04906379b6f5d,failed,,,,2026-06-18T17:45:00+05:30,2026-08-18T10:00:00+05:30
bkg_9c2b2648,usr_72dfb712,trp_e617ca9d,,A1477D,web,11126.14,INR,1192.09,idem_d0fa42c95d587b36,confirmed,2026-05-11T03:17:00+05:30,,,2026-05-11T03:15:00+05:30,2026-08-18T10:00:00+05:30
bkg_84702fa2,usr_db178dbf,trp_994bc238,,FC6472,web,3690.83,INR,395.45,idem_323c25d75bbc8ce6,confirmed,2026-05-29T15:02:00+05:30,,,2026-05-29T15:00:00+05:30,2026-08-18T10:00:00+05:30
bkg_783bf9aa,usr_2da5bb04,trp_25a980cf,,27808C,web,16509.08,INR,1768.83,idem_f7706090cfef39d4,confirmed,2026-05-26T09:32:00+05:30,,,2026-05-26T09:30:00+05:30,2026-08-18T10:00:00+05:30
bkg_52b1a981,usr_f271c461,,,CC1CAA,web,31222.67,INR,3345.29,idem_bd4e1429911d67fb,confirmed,2026-06-27T00:17:00+05:30,,,2026-06-27T00:15:00+05:30,2026-08-18T10:00:00+05:30
bkg_cf30754e,usr_5307f01f,trp_0629deb2,,279AB3,web,25478.99,AED,2729.89,idem_8f1473160c98e048,confirmed,2026-07-28T00:02:00+05:30,,,2026-07-28T00:00:00+05:30,2026-08-18T10:00:00+05:30
bkg_f4a4b5a3,usr_6c3fae7b,trp_3a3fe157,,C0C94A,web,23891.27,INR,2559.78,idem_1386194091026a7a,confirmed,2026-05-12T09:02:00+05:30,,,2026-05-12T09:00:00+05:30,2026-08-18T10:00:00+05:30
bkg_8a99396e,usr_0551c67a,trp_7a22e52a,,D9920A,mobile_app,20880.01,INR,2237.14,idem_0c3952c9a23bb4ab,pending,,,,2026-07-23T07:45:00+05:30,2026-08-18T10:00:00+05:30
bkg_c0c6ade4,usr_d1c73fb8,,,9E645B,mobile_app,48686.53,INR,5216.41,idem_85b5307bd5cbd5b1,pending,,,,2026-07-20T10:30:00+05:30,2026-08-18T10:00:00+05:30
bkg_65a676c6,usr_fc3617c0,trp_1f82c042,,30F378,agent,774.79,AED,83.01,idem_9f71f9edb5abdcfc,partially_confirmed,2026-05-10T21:32:00+05:30,,,2026-05-10T21:30:00+05:30,2026-08-18T10:00:00+05:30
bkg_e8c6c455,usr_243cefe8,trp_96471330,,217E6F,web,59427.98,INR,6367.28,idem_ed58874b96b7889a,confirmed,2026-08-04T07:17:00+05:30,,,2026-08-04T07:15:00+05:30,2026-08-18T10:00:00+05:30
bkg_3bbad3de,usr_dace411a,trp_bd724666,,B13AA1,web,84413.59,INR,9044.31,idem_9e40b1618025570a,cancelled,,2026-05-28T21:45:00+05:30,Duplicate booking,2026-05-23T21:45:00+05:30,2026-08-18T10:00:00+05:30
bkg_c4d4e0cd,usr_50dd9495,trp_4c04b27d,,827772,web,49287.65,INR,5280.82,idem_8a284fba4742b2d3,cancelled,,2026-05-23T09:30:00+05:30,Trip postponed,2026-05-08T09:30:00+05:30,2026-08-18T10:00:00+05:30
bkg_02cb20a9,usr_77e91c3a,trp_11c9d5a3,,A7E115,mobile_app,2149.48,INR,230.30,idem_f662092b4e770909,pending,,,,2026-05-27T08:00:00+05:30,2026-08-18T10:00:00+05:30
bkg_6e076d8b,usr_9115fc7c,,,9771B5,web,164664.67,INR,17642.64,idem_bcf5e1c2499baca2,confirmed,2026-08-05T10:47:00+05:30,,,2026-08-05T10:45:00+05:30,2026-08-18T10:00:00+05:30
bkg_edeadf36,usr_6361ffdd,trp_d5063ed0,,E30D4F,web,8547.95,INR,915.85,idem_de83a2a6dbee6407,cancelled,,2026-05-05T00:45:00+05:30,Trip postponed,2026-04-26T00:45:00+05:30,2026-08-18T10:00:00+05:30
bkg_dfb65f2b,usr_36c3dbed,trp_9818ae06,,346E92,partner,6055.30,INR,648.78,idem_a93c3293b1d431ff,confirmed,2026-07-10T13:02:00+05:30,,,2026-07-10T13:00:00+05:30,2026-08-18T10:00:00+05:30
bkg_6b51af43,usr_0551c67a,,,B3E8DE,web,46742.37,INR,5008.11,idem_2c4be0ac97b11bdb,confirmed,2026-05-11T06:32:00+05:30,,,2026-05-11T06:30:00+05:30,2026-08-18T10:00:00+05:30
bkg_d7a0e755,usr_0000ca76,,,3BA1DC,web,28912.67,THB,3097.79,idem_129c891fcbe774bb,confirmed,2026-06-29T05:02:00+05:30,,,2026-06-29T05:00:00+05:30,2026-08-18T10:00:00+05:30
bkg_f8587d28,usr_65303113,,,0E35A7,partner,72961.84,INR,7817.34,idem_8a562769d55ad24e,confirmed,2026-07-12T03:47:00+05:30,,,2026-07-12T03:45:00+05:30,2026-08-18T10:00:00+05:30
bkg_7dcff68a,usr_dabbaf95,trp_5b79ffd1,,37B3C6,web,13865.71,INR,1485.61,idem_74af7bbe7e910f2c,confirmed,2026-07-08T07:47:00+05:30,,,2026-07-08T07:45:00+05:30,2026-08-18T10:00:00+05:30
bkg_6094c154,usr_78bee927,trp_d729f422,,CDBCEF,mobile_app,73310.19,INR,7854.66,idem_7fdcbeffce3ad783,confirmed,2026-06-28T03:02:00+05:30,,,2026-06-28T03:00:00+05:30,2026-08-18T10:00:00+05:30
bkg_d85798d8,usr_209a82fa,trp_16836146,,024866,mobile_app,11808.25,INR,1265.17,idem_7b6bec48acef2db1,cancelled,,2026-07-17T11:45:00+05:30,Plans changed,2026-07-06T11:45:00+05:30,2026-08-18T10:00:00+05:30
bkg_969c245d,usr_0000ca76,trp_baeb9644,,E791B8,web,28852.43,INR,3091.33,idem_441e0ab2d40dd037,confirmed,2026-08-02T04:02:00+05:30,,,2026-08-02T04:00:00+05:30,2026-08-18T10:00:00+05:30
bkg_79786a92,usr_4e65d08a,trp_098ba70a,,AE66AD,web,3189.94,INR,341.78,idem_c157b25ed79d0a1e,refunded,,2026-07-17T22:00:00+05:30,Trip postponed,2026-07-15T22:00:00+05:30,2026-08-18T10:00:00+05:30
bkg_fee5ecc1,usr_ddfd9a4a,trp_4a923b00,,33A528,agent,10076.89,INR,1079.67,idem_b35d87c23d026106,pending,,,,2026-06-20T09:45:00+05:30,2026-08-18T10:00:00+05:30
bkg_e72c79d0,usr_13d8f6bd,trp_ce0a9b4e,,B51589,mobile_app,3865.57,AED,414.17,idem_c64e923699819374,confirmed,2026-08-17T20:02:00+05:30,,,2026-08-17T20:00:00+05:30,2026-08-18T10:00:00+05:30
bkg_bdad908f,usr_32a5a217,,,BD9E0B,agent,44622.49,INR,4780.98,idem_b6f4f51643f9b690,confirmed,2026-08-15T06:02:00+05:30,,,2026-08-15T06:00:00+05:30,2026-08-18T10:00:00+05:30
bkg_12d99177,usr_ae35e63d,trp_75b9d7b8,,3768EC,call_centre,6772.01,LKR,725.57,idem_da8f9c8c3d9792eb,confirmed,2026-06-26T14:47:00+05:30,,,2026-06-26T14:45:00+05:30,2026-08-18T10:00:00+05:30
bkg_171b162d,usr_525b1d3c,trp_0d9ed6f6,,1DE3F3,call_centre,10054.82,INR,1077.30,idem_902c01618028ab3e,confirmed,2026-04-25T02:47:00+05:30,,,2026-04-25T02:45:00+05:30,2026-08-18T10:00:00+05:30
bkg_0fbd8818,usr_2fca7c46,trp_47080e5b,,0FEC39,web,2128.00,AED,228.00,idem_195ab6133c80cb3d,confirmed,2026-08-04T14:32:00+05:30,,,2026-08-04T14:30:00+05:30,2026-08-18T10:00:00+05:30
bkg_a078166d,usr_7af1e427,trp_4171ee4e,,EDBB86,mobile_app,71115.06,INR,7619.47,idem_3fb6055dcb33cb72,confirmed,2026-06-30T21:32:00+05:30,,,2026-06-30T21:30:00+05:30,2026-08-18T10:00:00+05:30
bkg_53e49a49,usr_3349b18a,,,ADB007,mobile_app,13105.71,INR,1404.18,idem_462851344eac8a65,partially_confirmed,2026-04-28T05:47:00+05:30,,,2026-04-28T05:45:00+05:30,2026-08-18T10:00:00+05:30
bkg_3a8c85f9,usr_ab49979e,trp_c31653d2,,4BA20D,web,76758.73,INR,8224.15,idem_a1760827e3d648ae,confirmed,2026-07-14T23:17:00+05:30,,,2026-07-14T23:15:00+05:30,2026-08-18T10:00:00+05:30
bkg_d0b00065,usr_f9060fbb,,,E5FC52,mobile_app,41503.91,INR,4446.85,idem_daca5f5cd40cd10e,cancelled,,2026-05-10T21:30:00+05:30,Found a better rate,2026-04-29T21:30:00+05:30,2026-08-18T10:00:00+05:30
bkg_32a12a85,usr_77e91c3a,trp_11c9d5a3,,DD7066,web,27769.84,SGD,2975.34,idem_427c2806b521cb75,confirmed,2026-08-11T17:32:00+05:30,,,2026-08-11T17:30:00+05:30,2026-08-18T10:00:00+05:30
bkg_2d4cb586,usr_e6dca418,trp_d46d667f,,9DB2E5,mobile_app,3968.07,INR,425.15,idem_5dc8150f1ac34691,failed,,,,2026-07-04T13:15:00+05:30,2026-08-18T10:00:00+05:30
bkg_ef59f51a,usr_9473419d,trp_4158f34b,,1ED888,web,16288.31,INR,1745.18,idem_3c060b985a16e860,partially_confirmed,2026-05-11T20:47:00+05:30,,,2026-05-11T20:45:00+05:30,2026-08-18T10:00:00+05:30
bkg_3e653aa4,usr_52de2228,,,0FBAC8,web,7420.45,INR,795.05,idem_9def4a81588f5090,confirmed,2026-05-24T06:02:00+05:30,,,2026-05-24T06:00:00+05:30,2026-08-18T10:00:00+05:30
bkg_1b2bc12a,usr_7576a6e0,trp_6a550f89,,882E90,mobile_app,2250.10,INR,241.08,idem_050cc0d0f0450ed5,confirmed,2026-08-14T19:47:00+05:30,,,2026-08-14T19:45:00+05:30,2026-08-18T10:00:00+05:30
bkg_2de7d7a6,usr_40c95b13,trp_79899032,,E903AF,agent,59485.62,INR,6373.46,idem_7ef62207681cad79,confirmed,2026-07-13T18:47:00+05:30,,,2026-07-13T18:45:00+05:30,2026-08-18T10:00:00+05:30
bkg_1aa6add2,usr_0389057b,trp_2ee981f7,,273545,mobile_app,25779.62,INR,2762.10,idem_37ab22393d44fecf,failed,,,,2026-04-26T10:00:00+05:30,2026-08-18T10:00:00+05:30
bkg_89643aba,usr_672d3dd6,trp_9f0fac81,,3627F8,mobile_app,5382.68,INR,576.72,idem_0fcf61e5e4117051,confirmed,2026-04-25T21:02:00+05:30,,,2026-04-25T21:00:00+05:30,2026-08-18T10:00:00+05:30
bkg_ec143a54,usr_2e562f89,trp_75c88e52,,E981F3,mobile_app,52907.68,AED,5668.68,idem_04efcb3959288ec9,confirmed,2026-04-20T05:02:00+05:30,,,2026-04-20T05:00:00+05:30,2026-08-18T10:00:00+05:30
bkg_0553e5bc,usr_1b4fe68e,trp_be2b6219,,09F740,mobile_app,217.88,SGD,23.34,idem_31097c971ae1e54f,confirmed,2026-04-26T15:17:00+05:30,,,2026-04-26T15:15:00+05:30,2026-08-18T10:00:00+05:30
bkg_a375480a,usr_9cb9eedc,trp_0cf04e06,,B4DDEE,mobile_app,11738.83,LKR,1257.73,idem_26d4bd30f1d1da82,cancelled,,2026-07-03T21:00:00+05:30,Trip postponed,2026-06-24T21:00:00+05:30,2026-08-18T10:00:00+05:30
bkg_4d1bf645,usr_76c235d5,trp_604a54fd,,10C81D,web,69128.86,INR,7406.66,idem_896d531746a55bfc,confirmed,2026-07-29T01:32:00+05:30,,,2026-07-29T01:30:00+05:30,2026-08-18T10:00:00+05:30
bkg_692002de,usr_b4a877b0,trp_49772eb7,,6EF3DB,web,51557.32,INR,5524.00,idem_8df0a7a491a78171,confirmed,2026-05-31T14:32:00+05:30,,,2026-05-31T14:30:00+05:30,2026-08-18T10:00:00+05:30
bkg_491270ba,usr_3f4f4c52,,,AC6BCB,web,44607.65,AED,4779.39,idem_ae2d6baa9ee65c7d,refunded,,2026-05-12T21:30:00+05:30,Found a better rate,2026-04-25T21:30:00+05:30,2026-08-18T10:00:00+05:30
bkg_cdf7e276,usr_d0571b95,trp_377a871a,,2E8894,mobile_app,29809.98,INR,3193.93,idem_32950a6e19be7c79,confirmed,2026-05-20T07:47:00+05:30,,,2026-05-20T07:45:00+05:30,2026-08-18T10:00:00+05:30
bkg_5256ffb8,usr_2de68d4f,trp_55127690,,E81878,mobile_app,8185.88,INR,877.06,idem_ab8a3734047c3fd2,confirmed,2026-07-16T15:17:00+05:30,,,2026-07-16T15:15:00+05:30,2026-08-18T10:00:00+05:30
bkg_76df2b9e,usr_1b4fe68e,trp_be2b6219,,1D1628,partner,14184.77,INR,1519.80,idem_b40546b129ebdc9f,refunded,,2026-06-10T00:30:00+05:30,Duplicate booking,2026-05-28T00:30:00+05:30,2026-08-18T10:00:00+05:30
bkg_5c48cab2,usr_ea41e115,trp_e19281ce,,62069C,mobile_app,74006.80,INR,7929.30,idem_8fe628424386e691,confirmed,2026-05-16T04:47:00+05:30,,,2026-05-16T04:45:00+05:30,2026-08-18T10:00:00+05:30
bkg_1130eed9,usr_44ef2e9c,,,D157F8,web,55952.42,INR,5994.90,idem_f86ea0dc04f20c10,cancelled,,2026-06-21T02:45:00+05:30,Found a better rate,2026-06-03T02:45:00+05:30,2026-08-18T10:00:00+05:30
bkg_91c42e98,usr_d8024b62,trp_d98bd293,,65BCBD,mobile_app,28028.92,INR,3003.10,idem_755677eaf3ecec9d,confirmed,2026-06-17T04:02:00+05:30,,,2026-06-17T04:00:00+05:30,2026-08-18T10:00:00+05:30
bkg_35209856,usr_2de68d4f,trp_aa8d192e,,14F484,call_centre,14557.83,INR,1559.77,idem_399152c3a38e8e26,partially_confirmed,2026-06-29T12:47:00+05:30,,,2026-06-29T12:45:00+05:30,2026-08-18T10:00:00+05:30
bkg_dc806d8f,usr_f271c461,,,0E6BE4,web,15067.51,INR,1614.38,idem_1c67a9490c40e03d,confirmed,2026-07-12T16:02:00+05:30,,,2026-07-12T16:00:00+05:30,2026-08-18T10:00:00+05:30
bkg_2b8235f8,usr_0551c67a,,,F2665C,web,27193.60,INR,2913.60,idem_a9b466456883d0ad,confirmed,2026-07-12T09:17:00+05:30,,,2026-07-12T09:15:00+05:30,2026-08-18T10:00:00+05:30
bkg_82a6c84b,usr_b50df034,trp_ca70f1c6,,2DD489,web,47954.39,INR,5137.97,idem_75d5d87c96a9067f,partially_confirmed,2026-05-06T19:17:00+05:30,,,2026-05-06T19:15:00+05:30,2026-08-18T10:00:00+05:30
bkg_b605f0a7,usr_7af1e427,trp_4171ee4e,,859595,web,11082.40,INR,1187.40,idem_f6b95d4922bcb2a3,confirmed,2026-06-22T11:02:00+05:30,,,2026-06-22T11:00:00+05:30,2026-08-18T10:00:00+05:30
bkg_6d3d41c7,usr_a3f4f2d9,trp_d8f6113f,,A56B45,call_centre,19012.00,THB,2037.00,idem_4d82f90e04b6d8f4,failed,,,,2026-05-20T19:00:00+05:30,2026-08-18T10:00:00+05:30
bkg_61a3b5ca,usr_c582abb2,,,1FE7AE,web,6901.52,INR,739.45,idem_ca856724dc7ed9de,confirmed,2026-05-31T09:32:00+05:30,,,2026-05-31T09:30:00+05:30,2026-08-18T10:00:00+05:30
bkg_11b942ca,usr_65303113,trp_5263ffa3,,DA387F,mobile_app,32141.45,INR,3443.73,idem_2b871f6b0a996d12,confirmed,2026-08-04T21:47:00+05:30,,,2026-08-04T21:45:00+05:30,2026-08-18T10:00:00+05:30
bkg_4b0c9cce,usr_dcf3a4ae,trp_2fee6106,,EDEED1,web,57316.41,INR,6141.04,idem_104ee5615434173b,refunded,,2026-07-13T00:00:00+05:30,Duplicate booking,2026-07-11T00:00:00+05:30,2026-08-18T10:00:00+05:30
bkg_b1bd2087,usr_17083a9e,trp_ed7e580e,,78B22A,web,12732.72,INR,1364.22,idem_1bc9fdc9f2e07e62,pending,,,,2026-08-16T03:15:00+05:30,2026-08-18T10:00:00+05:30
bkg_70e8c4b3,usr_df582802,trp_929cc01b,,0F5513,mobile_app,19548.97,INR,2094.53,idem_d95107a1070876b2,confirmed,2026-06-18T19:32:00+05:30,,,2026-06-18T19:30:00+05:30,2026-08-18T10:00:00+05:30
bkg_371a0973,usr_7f6e49de,,,D7FA6F,web,8670.66,THB,929.00,idem_1370f0f921256eb5,confirmed,2026-07-25T00:32:00+05:30,,,2026-07-25T00:30:00+05:30,2026-08-18T10:00:00+05:30
bkg_0ec22c81,usr_dce3bc90,trp_92aba9c1,,2122A4,web,8112.52,INR,869.20,idem_8072cb5a17b72f73,confirmed,2026-04-28T16:47:00+05:30,,,2026-04-28T16:45:00+05:30,2026-08-18T10:00:00+05:30
bkg_4be99e4f,usr_81dbf021,trp_1af71903,,D385C9,web,1199.26,MYR,128.49,idem_57280d7ddc0a9e94,confirmed,2026-05-19T12:17:00+05:30,,,2026-05-19T12:15:00+05:30,2026-08-18T10:00:00+05:30
bkg_50f7bfa7,usr_98ca8444,,,698296,web,31377.43,INR,3361.87,idem_0e150ba295cf6f02,cancelled,,2026-06-07T11:45:00+05:30,Found a better rate,2026-05-23T11:45:00+05:30,2026-08-18T10:00:00+05:30
bkg_18321226,usr_c60b1837,trp_5ad6c4c8,,6FDC67,partner,26057.67,INR,2791.89,idem_39abf98c6ba53489,confirmed,2026-05-03T12:47:00+05:30,,,2026-05-03T12:45:00+05:30,2026-08-18T10:00:00+05:30
bkg_f21d32c7,usr_abfc225a,trp_c523a05c,,E38849,web,16172.84,INR,1732.80,idem_d44de71a5d7bf25a,confirmed,2026-05-21T05:47:00+05:30,,,2026-05-21T05:45:00+05:30,2026-08-18T10:00:00+05:30
bkg_4c7abadb,usr_bedf358a,trp_eda7ae24,,9CEF03,web,23157.03,INR,2481.11,idem_26d4a02dbdd1ad23,confirmed,2026-06-05T03:47:00+05:30,,,2026-06-05T03:45:00+05:30,2026-08-18T10:00:00+05:30
bkg_b7be5107,usr_dace411a,trp_bd724666,,8FE006,mobile_app,28496.59,INR,3053.21,idem_4c5fa669f14a7ead,confirmed,2026-06-07T01:32:00+05:30,,,2026-06-07T01:30:00+05:30,2026-08-18T10:00:00+05:30
bkg_8a570fe7,usr_db9c91fe,trp_a8e65113,,D05942,mobile_app,8244.64,INR,883.35,idem_4ae49f82dcb0e343,confirmed,2026-07-26T18:17:00+05:30,,,2026-07-26T18:15:00+05:30,2026-08-18T10:00:00+05:30
bkg_e26eeeb5,usr_c4dc3602,,,A46AD9,web,9053.28,INR,969.99,idem_80bbc64e2fbb0285,failed,,,,2026-07-26T04:30:00+05:30,2026-08-18T10:00:00+05:30
bkg_2de54b71,usr_b83115d3,trp_df3f7a38,,8B398E,web,4554.82,MYR,488.02,idem_fd22466e593dbdd7,cancelled,,2026-07-20T14:30:00+05:30,Found a better rate,2026-07-05T14:30:00+05:30,2026-08-18T10:00:00+05:30
bkg_769ea229,usr_c8025f92,trp_cfa5ee66,,23D4F8,mobile_app,28089.35,THB,3009.57,idem_36e4d02c46538e01,partially_confirmed,2026-04-21T23:17:00+05:30,,,2026-04-21T23:15:00+05:30,2026-08-18T10:00:00+05:30
bkg_60baa315,usr_8add6423,trp_3faed012,,C80F3C,web,101183.64,INR,10841.10,idem_a0691828018740af,refunded,,2026-07-22T12:00:00+05:30,Duplicate booking,2026-07-21T12:00:00+05:30,2026-08-18T10:00:00+05:30
bkg_8934e582,usr_22d1a7e5,trp_8e6dec68,,814316,mobile_app,6927.23,INR,742.20,idem_2ba783fa17f7173a,confirmed,2026-05-12T03:02:00+05:30,,,2026-05-12T03:00:00+05:30,2026-08-18T10:00:00+05:30
bkg_e65b24f3,usr_ca6dc019,,,EAF60C,web,21705.68,INR,2325.61,idem_9725b1421c8ba672,confirmed,2026-07-30T05:47:00+05:30,,,2026-07-30T05:45:00+05:30,2026-08-18T10:00:00+05:30
bkg_a98c9edd,usr_2e562f89,trp_75c88e52,,C8202B,web,21994.59,INR,2356.56,idem_e44f99ad2b4150a1,confirmed,2026-06-30T09:02:00+05:30,,,2026-06-30T09:00:00+05:30,2026-08-18T10:00:00+05:30
bkg_e128b3ab,usr_76c235d5,trp_4360e4bd,,132932,mobile_app,27315.08,INR,2926.62,idem_17bc301ca3fb8bf8,cancelled,,2026-08-28T22:30:00+05:30,Trip postponed,2026-08-15T22:30:00+05:30,2026-08-18T10:00:00+05:30
bkg_66b03f6f,usr_17bacb4e,,,CEE385,web,74097.65,INR,7939.03,idem_2e65a7c2137ab940,confirmed,2026-05-29T23:32:00+05:30,,,2026-05-29T23:30:00+05:30,2026-08-18T10:00:00+05:30
bkg_90c8037c,usr_546ab7b6,,,937F4C,call_centre,2891.03,INR,309.75,idem_3908a4fead34d364,partially_confirmed,2026-05-17T10:32:00+05:30,,,2026-05-17T10:30:00+05:30,2026-08-18T10:00:00+05:30
bkg_d9c4764f,usr_d56927f7,trp_bb5e3651,,D662FE,web,875.49,SGD,93.80,idem_3fcc338ac2eeef8b,confirmed,2026-06-20T05:32:00+05:30,,,2026-06-20T05:30:00+05:30,2026-08-18T10:00:00+05:30
bkg_c50c71e2,usr_3038e2f7,trp_c6e23791,,ED9184,mobile_app,4822.35,INR,516.68,idem_89dbc8dfa6c0db40,confirmed,2026-05-07T02:02:00+05:30,,,2026-05-07T02:00:00+05:30,2026-08-18T10:00:00+05:30
bkg_d0dfb17d,usr_107ab982,,,3F1013,mobile_app,63813.04,INR,6837.11,idem_acf70ae05f3d98aa,confirmed,2026-06-07T02:02:00+05:30,,,2026-06-07T02:00:00+05:30,2026-08-18T10:00:00+05:30
bkg_71375d0b,usr_dbcf6091,trp_90548bc9,,F15771,web,62828.17,INR,6731.59,idem_91aba1e026a44cd3,cancelled,,2026-08-17T13:45:00+05:30,Plans changed,2026-08-07T13:45:00+05:30,2026-08-18T10:00:00+05:30
bkg_aac9f0d9,usr_3f4f4c52,,,D1D7FA,partner,5431.01,INR,581.89,idem_8ce388cf777e675d,confirmed,2026-05-23T09:32:00+05:30,,,2026-05-23T09:30:00+05:30,2026-08-18T10:00:00+05:30
bkg_e1f9e215,usr_b6d5d98c,,,24F345,call_centre,11024.83,INR,1181.23,idem_bd851cf27ea5a7ef,confirmed,2026-07-15T21:02:00+05:30,,,2026-07-15T21:00:00+05:30,2026-08-18T10:00:00+05:30
bkg_89fc4591,usr_5307f01f,trp_5f84d260,,35FB6A,partner,2917.47,INR,312.59,idem_0ccf9ab2d09d4184,refunded,,2026-08-22T08:30:00+05:30,Plans changed,2026-08-17T08:30:00+05:30,2026-08-18T10:00:00+05:30
bkg_5c0d9c97,usr_67de0711,trp_97869c6a,,5D21DD,call_centre,3091.75,THB,331.26,idem_3b06815bbbb3e67f,confirmed,2026-07-14T12:17:00+05:30,,,2026-07-14T12:15:00+05:30,2026-08-18T10:00:00+05:30
bkg_036e259a,usr_a3f4f2d9,trp_d8f6113f,,2D0045,mobile_app,8807.23,INR,943.63,idem_0eb68364313c5b0e,confirmed,2026-04-20T17:47:00+05:30,,,2026-04-20T17:45:00+05:30,2026-08-18T10:00:00+05:30
bkg_2c73b964,usr_e851fdeb,trp_97bcd5c8,,E3253A,mobile_app,1750.99,SGD,187.61,idem_ab66daa59afa5f9d,pending,,,,2026-06-28T08:00:00+05:30,2026-08-18T10:00:00+05:30
bkg_c74a6666,usr_5f1e6e1c,trp_7945b3eb,,FCA325,partner,4841.02,INR,518.68,idem_8527ef7b21e3cf8e,pending,,,,2026-06-05T19:00:00+05:30,2026-08-18T10:00:00+05:30
bkg_2ae7bdf2,usr_5307f01f,trp_64030cdd,,4875C4,web,8375.47,INR,897.37,idem_2197cf886a68d38f,confirmed,2026-05-29T10:47:00+05:30,,,2026-05-29T10:45:00+05:30,2026-08-18T10:00:00+05:30
bkg_36241488,usr_51275e79,trp_3e263e75,,3B3042,mobile_app,3808.09,INR,408.01,idem_3922d46b1078052f,confirmed,2026-07-10T16:47:00+05:30,,,2026-07-10T16:45:00+05:30,2026-08-18T10:00:00+05:30
bkg_eff65a35,usr_edf2bbfa,trp_32a84989,,581844,mobile_app,25306.11,INR,2711.37,idem_be43f4403a003e19,cancelled,,2026-07-31T12:30:00+05:30,Trip postponed,2026-07-28T12:30:00+05:30,2026-08-18T10:00:00+05:30
bkg_51605e68,usr_b3f2baa1,,,F1B47D,web,17019.49,INR,1823.52,idem_66399327b9ab91f6,cancelled,,2026-06-20T09:45:00+05:30,Duplicate booking,2026-06-07T09:45:00+05:30,2026-08-18T10:00:00+05:30
bkg_89d1df90,usr_e3e0cd9d,trp_058d5aea,,E75BC7,partner,30289.03,INR,3245.25,idem_2d4848625733cd40,confirmed,2026-05-08T20:47:00+05:30,,,2026-05-08T20:45:00+05:30,2026-08-18T10:00:00+05:30
bkg_b1e1f6d6,usr_2c93ab7f,trp_8b6125c3,,C3CA61,partner,1759.25,SGD,188.49,idem_e86bc1c319eb0170,confirmed,2026-07-30T18:17:00+05:30,,,2026-07-30T18:15:00+05:30,2026-08-18T10:00:00+05:30
bkg_6e575539,usr_edf2bbfa,trp_32a84989,,D4842B,web,28770.13,INR,3082.51,idem_80dd22c0056bf18a,confirmed,2026-07-15T07:32:00+05:30,,,2026-07-15T07:30:00+05:30,2026-08-18T10:00:00+05:30
bkg_a5d6066d,usr_5dec704e,trp_cf3635ee,,DFA21E,web,37853.40,AED,4055.72,idem_0e5567cdfbafa445,pending,,,,2026-04-27T01:15:00+05:30,2026-08-18T10:00:00+05:30
bkg_ac29d106,usr_fd8f7b49,trp_6d961db4,,25EA20,mobile_app,27109.51,INR,2904.59,idem_078b486c4523a481,failed,,,,2026-07-26T17:00:00+05:30,2026-08-18T10:00:00+05:30
bkg_31af3aac,usr_62b3f8b8,trp_dbe8a03a,,505711,web,757.55,MYR,81.17,idem_baf0f7a926e37278,confirmed,2026-08-15T15:17:00+05:30,,,2026-08-15T15:15:00+05:30,2026-08-18T10:00:00+05:30
bkg_e2a2a2da,usr_e3e0cd9d,,,C576C7,mobile_app,8045.41,INR,862.01,idem_762bfdc53e221329,confirmed,2026-06-28T20:17:00+05:30,,,2026-06-28T20:15:00+05:30,2026-08-18T10:00:00+05:30
bkg_14521416,usr_76ac5087,trp_19a962e4,,DF0CB0,mobile_app,28550.85,INR,3059.02,idem_2f4561cfc3834cb3,confirmed,2026-05-01T23:17:00+05:30,,,2026-05-01T23:15:00+05:30,2026-08-18T10:00:00+05:30
bkg_359129a5,usr_b9d5e7c6,,,F0DBE0,call_centre,27694.00,INR,2967.21,idem_46831a2dcac8a85e,partially_confirmed,2026-04-29T04:32:00+05:30,,,2026-04-29T04:30:00+05:30,2026-08-18T10:00:00+05:30
bkg_303f82d7,usr_40edb5af,trp_9eb0f5fe,,A0FA78,mobile_app,11096.13,INR,1188.87,idem_7fbcb59d590cead6,confirmed,2026-06-08T18:02:00+05:30,,,2026-06-08T18:00:00+05:30,2026-08-18T10:00:00+05:30
bkg_7c3aeaf4,usr_dace411a,trp_bd724666,,E54518,web,973.29,AED,104.28,idem_4bf1d2dbb8903d2e,refunded,,2026-07-08T09:45:00+05:30,Plans changed,2026-06-21T09:45:00+05:30,2026-08-18T10:00:00+05:30
bkg_e6e69fdb,usr_2da5bb04,,,EDC328,mobile_app,34776.60,INR,3726.06,idem_f049413346a720b6,confirmed,2026-07-25T20:47:00+05:30,,,2026-07-25T20:45:00+05:30,2026-08-18T10:00:00+05:30
bkg_476f37a6,usr_488b3ced,trp_39a1ce04,,EAEC66,mobile_app,20552.49,INR,2202.05,idem_13e667bafb78ad6b,confirmed,2026-06-04T12:32:00+05:30,,,2026-06-04T12:30:00+05:30,2026-08-18T10:00:00+05:30
bkg_dcdcead8,usr_54e4f5fd,trp_0e4ac002,,B9E50E,partner,15778.69,THB,1690.57,idem_b4d026eddd3da6c5,confirmed,2026-07-15T20:32:00+05:30,,,2026-07-15T20:30:00+05:30,2026-08-18T10:00:00+05:30
bkg_1e31d636,usr_68f38693,trp_76c2a4af,,E7AC19,web,65658.30,INR,7034.82,idem_8766979fbecd0892,cancelled,,2026-08-22T07:30:00+05:30,Duplicate booking,2026-08-08T07:30:00+05:30,2026-08-18T10:00:00+05:30
bkg_b99f3933,usr_fcd9bdf6,,,41A48D,web,5295.19,INR,567.34,idem_4e56f126fdbc5743,confirmed,2026-04-28T21:47:00+05:30,,,2026-04-28T21:45:00+05:30,2026-08-18T10:00:00+05:30
bkg_ae0e655e,usr_17bacb4e,trp_01716435,,C3259F,mobile_app,28344.53,INR,3036.91,idem_99d0d6c1eccb2c7f,confirmed,2026-06-04T02:02:00+05:30,,,2026-06-04T02:00:00+05:30,2026-08-18T10:00:00+05:30
bkg_db5a9cb1,usr_51294c66,trp_e427f350,,6D2241,mobile_app,50701.44,INR,5432.30,idem_cf04d98fbeb32d6b,confirmed,2026-08-05T13:17:00+05:30,,,2026-08-05T13:15:00+05:30,2026-08-18T10:00:00+05:30
bkg_c977e8bb,usr_c582abb2,trp_a7356ab0,,63198B,call_centre,19776.24,NPR,2118.88,idem_77d79e6b5013c730,confirmed,2026-04-30T08:17:00+05:30,,,2026-04-30T08:15:00+05:30,2026-08-18T10:00:00+05:30
bkg_5972dd57,usr_541840e2,,,B8D5A4,partner,19668.28,INR,2107.32,idem_c2cd162699b0b010,confirmed,2026-06-26T23:47:00+05:30,,,2026-06-26T23:45:00+05:30,2026-08-18T10:00:00+05:30
bkg_a87b8250,usr_f855344d,trp_73f84cd3,,ACEB76,web,5477.68,AED,586.89,idem_2821352f24ac837a,confirmed,2026-06-27T18:17:00+05:30,,,2026-06-27T18:15:00+05:30,2026-08-18T10:00:00+05:30
bkg_dc9158dd,usr_e5415ac7,,,6E10E2,mobile_app,16808.24,INR,1800.88,idem_b163ef4b56ced2de,pending,,,,2026-05-11T17:00:00+05:30,2026-08-18T10:00:00+05:30
bkg_ce2d0619,usr_9c28ee85,trp_e53d9a08,,71C561,mobile_app,12743.16,INR,1365.34,idem_0a60e14691051500,confirmed,2026-05-29T02:32:00+05:30,,,2026-05-29T02:30:00+05:30,2026-08-18T10:00:00+05:30
bkg_6d2b2b0d,usr_8e56e75b,trp_154f5086,,CA003B,call_centre,8907.72,INR,954.40,idem_4a74af4938433660,confirmed,2026-06-14T18:02:00+05:30,,,2026-06-14T18:00:00+05:30,2026-08-18T10:00:00+05:30
bkg_4d295e44,usr_ab49979e,trp_c31653d2,,89A6F0,web,2913.53,INR,312.16,idem_cb05214feb8c96f3,confirmed,2026-05-29T07:02:00+05:30,,,2026-05-29T07:00:00+05:30,2026-08-18T10:00:00+05:30
bkg_e943261b,usr_b8779399,trp_f6031e74,,5A67F7,call_centre,10305.93,INR,1104.21,idem_24ed8a4165bb7e5e,confirmed,2026-08-16T04:47:00+05:30,,,2026-08-16T04:45:00+05:30,2026-08-18T10:00:00+05:30
bkg_1d471b9f,usr_44ec53b5,,,B97811,web,9446.26,JPY,1012.10,idem_2eb409086b2c6245,confirmed,2026-06-30T19:17:00+05:30,,,2026-06-30T19:15:00+05:30,2026-08-18T10:00:00+05:30
bkg_874cbc5b,usr_d7bc2e8d,trp_997cc8cc,,09D0A6,web,5217.56,INR,559.02,idem_75dc274a645bf0c3,pending,,,,2026-08-17T21:45:00+05:30,2026-08-18T10:00:00+05:30
bkg_13a95f9c,usr_36c3dbed,,,73D22C,web,3383.81,INR,362.55,idem_f8b644b8e20168bb,confirmed,2026-06-17T10:17:00+05:30,,,2026-06-17T10:15:00+05:30,2026-08-18T10:00:00+05:30
bkg_f8deea3f,usr_7af1e427,trp_ba83403f,,F9708F,web,1753.58,MYR,187.88,idem_b01ca2e06e2dcd25,confirmed,2026-04-29T14:02:00+05:30,,,2026-04-29T14:00:00+05:30,2026-08-18T10:00:00+05:30
bkg_3cc4ae19,usr_196ca537,trp_f9b54c2c,,867883,call_centre,1830.46,MYR,196.12,idem_105a8dad899bcc58,confirmed,2026-07-16T07:32:00+05:30,,,2026-07-16T07:30:00+05:30,2026-08-18T10:00:00+05:30
bkg_b17879da,usr_0b8f3bdc,trp_0e4afde6,,7A0EEB,mobile_app,167739.31,INR,17972.07,idem_3926dd54f8b16512,pending,,,,2026-05-17T18:15:00+05:30,2026-08-18T10:00:00+05:30
bkg_07cd01d8,usr_ce09de03,trp_3addadca,,74BE0B,partner,1615.15,MYR,173.05,idem_30b44cd5d45b972e,confirmed,2026-07-05T13:17:00+05:30,,,2026-07-05T13:15:00+05:30,2026-08-18T10:00:00+05:30
bkg_955334a8,usr_9de6bd6d,trp_67de89e5,,4F85C0,agent,6277.23,INR,672.56,idem_a59e8dde3e56b3a5,confirmed,2026-05-22T14:32:00+05:30,,,2026-05-22T14:30:00+05:30,2026-08-18T10:00:00+05:30
bkg_b7a0d41c,usr_32f091df,trp_bf65331c,,1C16B0,web,11991.62,INR,1284.82,idem_f03c57ac79b14112,confirmed,2026-07-20T23:02:00+05:30,,,2026-07-20T23:00:00+05:30,2026-08-18T10:00:00+05:30
bkg_fdbee0f6,usr_0deee6d9,trp_c39c8f75,,456392,web,38486.71,INR,4123.58,idem_83801a1161202363,confirmed,2026-06-22T20:02:00+05:30,,,2026-06-22T20:00:00+05:30,2026-08-18T10:00:00+05:30
bkg_5be72b33,usr_596ee95d,trp_0bf61ffe,,6A55CD,web,13726.79,INR,1470.73,idem_7bbd564f1352d16d,confirmed,2026-05-03T13:32:00+05:30,,,2026-05-03T13:30:00+05:30,2026-08-18T10:00:00+05:30
bkg_b9666aa7,usr_02d5e350,,,84D136,partner,42654.71,INR,4570.15,idem_f106565d485189b6,confirmed,2026-05-24T04:02:00+05:30,,,2026-05-24T04:00:00+05:30,2026-08-18T10:00:00+05:30
bkg_f6af427e,usr_98a69060,trp_f9407f9b,,92EB82,web,42233.56,INR,4525.02,idem_4f923fb32fe9899d,failed,,,,2026-06-23T17:30:00+05:30,2026-08-18T10:00:00+05:30
bkg_ddb2671f,usr_d7d11d69,trp_5843b90d,,720022,web,18274.41,INR,1957.97,idem_7a979a2cfdc97494,cancelled,,2026-06-12T08:45:00+05:30,Found a better rate,2026-05-27T08:45:00+05:30,2026-08-18T10:00:00+05:30
bkg_add7ed53,usr_693c20b9,,,B88F4A,web,70919.25,INR,7598.49,idem_3c7569ebd6b0371c,confirmed,2026-05-10T15:47:00+05:30,,,2026-05-10T15:45:00+05:30,2026-08-18T10:00:00+05:30
bkg_71bb1b23,usr_24e54a31,trp_d1b2a8eb,,EF0E74,partner,12394.35,INR,1327.97,idem_fec5e8ca294eaca6,confirmed,2026-06-25T08:02:00+05:30,,,2026-06-25T08:00:00+05:30,2026-08-18T10:00:00+05:30
bkg_ad9785a3,usr_17083a9e,,,31D0EE,mobile_app,13713.83,INR,1469.34,idem_ef8c6219832c9050,confirmed,2026-07-27T13:47:00+05:30,,,2026-07-27T13:45:00+05:30,2026-08-18T10:00:00+05:30
bkg_a9117621,usr_5527167d,trp_dbfef2b5,,C42AC3,web,14055.18,INR,1505.91,idem_1a1ecfba00642160,confirmed,2026-08-14T15:32:00+05:30,,,2026-08-14T15:30:00+05:30,2026-08-18T10:00:00+05:30
bkg_5625926e,usr_824b14a8,trp_0050ebc1,,1EDBEF,web,91058.70,INR,9756.29,idem_215b5706ce168cd1,confirmed,2026-05-10T21:32:00+05:30,,,2026-05-10T21:30:00+05:30,2026-08-18T10:00:00+05:30
bkg_faf0ff00,usr_0389057b,trp_03ebe095,,8B0DB1,mobile_app,74181.95,INR,7948.07,idem_589fc3ed9a04289c,confirmed,2026-08-08T06:47:00+05:30,,,2026-08-08T06:45:00+05:30,2026-08-18T10:00:00+05:30
bkg_3c253e5e,usr_9c28ee85,trp_e53d9a08,,A538AF,mobile_app,18548.84,MYR,1987.38,idem_281faa8360ffca6f,confirmed,2026-07-11T06:02:00+05:30,,,2026-07-11T06:00:00+05:30,2026-08-18T10:00:00+05:30
bkg_03e4061d,usr_98a69060,trp_f9407f9b,,AFDA53,web,10681.85,INR,1144.48,idem_6038907cf93eb39f,confirmed,2026-06-02T18:32:00+05:30,,,2026-06-02T18:30:00+05:30,2026-08-18T10:00:00+05:30
bkg_dd574195,usr_97d7df2b,trp_0e733795,,78751B,web,34690.72,INR,3716.86,idem_2d7d31e82230d18f,confirmed,2026-06-10T03:47:00+05:30,,,2026-06-10T03:45:00+05:30,2026-08-18T10:00:00+05:30
bkg_7aaa2141,usr_08b8f8e9,trp_a62adcb1,,AF3AC0,mobile_app,38908.09,INR,4168.72,idem_9f41efb101c42ee1,confirmed,2026-07-05T01:17:00+05:30,,,2026-07-05T01:15:00+05:30,2026-08-18T10:00:00+05:30
bkg_6843bea6,usr_77e91c3a,trp_11c9d5a3,,70C3D8,mobile_app,16330.05,INR,1749.65,idem_74d4446cc5d2e17d,confirmed,2026-06-18T01:17:00+05:30,,,2026-06-18T01:15:00+05:30,2026-08-18T10:00:00+05:30
bkg_80a04517,usr_aef2d4f6,trp_3901f712,,C97E7A,agent,13844.43,LKR,1483.33,idem_d39b63ccfb2217e7,confirmed,2026-07-01T07:32:00+05:30,,,2026-07-01T07:30:00+05:30,2026-08-18T10:00:00+05:30
bkg_b923aa92,usr_afaebefa,trp_cab596c9,,ED7E99,web,10098.00,AED,1081.93,idem_21bd4e748a7a422d,confirmed,2026-06-16T10:32:00+05:30,,,2026-06-16T10:30:00+05:30,2026-08-18T10:00:00+05:30
bkg_7c5973b9,usr_5307f01f,trp_5f84d260,,15C2C9,mobile_app,10530.20,INR,1128.24,idem_666f8e1def56fb48,confirmed,2026-06-29T10:47:00+05:30,,,2026-06-29T10:45:00+05:30,2026-08-18T10:00:00+05:30
bkg_687b31b4,usr_ca24d130,,,CEE181,mobile_app,3745.91,INR,401.35,idem_1332fb83e3cd858c,cancelled,,2026-05-31T16:00:00+05:30,Found a better rate,2026-05-14T16:00:00+05:30,2026-08-18T10:00:00+05:30
bkg_719653f5,usr_61710d50,trp_c7b6e5c7,,0C02AC,mobile_app,8537.78,MYR,914.76,idem_6ccd54439e4b8f21,confirmed,2026-07-29T19:47:00+05:30,,,2026-07-29T19:45:00+05:30,2026-08-18T10:00:00+05:30
bkg_cce0ec88,usr_c582abb2,,,409E47,mobile_app,8416.89,INR,901.81,idem_0f763dd4e2c1c440,confirmed,2026-07-12T03:02:00+05:30,,,2026-07-12T03:00:00+05:30,2026-08-18T10:00:00+05:30
bkg_30e34587,usr_c538bbe8,trp_cb0bf61d,,AF8288,mobile_app,6483.81,INR,694.69,idem_aed58a712a8cfb7e,cancelled,,2026-06-30T18:00:00+05:30,Trip postponed,2026-06-19T18:00:00+05:30,2026-08-18T10:00:00+05:30
bkg_eddfcd86,usr_f60ade8b,trp_e97f3f1c,,48929D,web,20222.64,INR,2166.71,idem_f81cac6c4f040c6e,confirmed,2026-07-22T16:47:00+05:30,,,2026-07-22T16:45:00+05:30,2026-08-18T10:00:00+05:30
bkg_1379f6d2,usr_34d33978,trp_2342ddcb,,4854B6,mobile_app,14573.80,INR,1561.48,idem_7d815b0be1b9df91,confirmed,2026-05-17T05:32:00+05:30,,,2026-05-17T05:30:00+05:30,2026-08-18T10:00:00+05:30
bkg_12c689b9,usr_be4ecc52,trp_cafb851c,,6908FF,mobile_app,65325.52,INR,6999.16,idem_ba2a065fdcfee12a,confirmed,2026-04-29T06:17:00+05:30,,,2026-04-29T06:15:00+05:30,2026-08-18T10:00:00+05:30
bkg_31f7107f,usr_35d340e3,trp_fd4e6af3,,A68899,web,9557.37,INR,1024.00,idem_c3149ae8973eb4ba,confirmed,2026-04-23T13:02:00+05:30,,,2026-04-23T13:00:00+05:30,2026-08-18T10:00:00+05:30
bkg_34b6c8b7,usr_0dc99bd5,trp_95715c8a,,477FF6,web,6692.94,THB,717.10,idem_c5417f8100f57b1e,confirmed,2026-05-27T14:32:00+05:30,,,2026-05-27T14:30:00+05:30,2026-08-18T10:00:00+05:30
bkg_5b39ef39,usr_be1c9458,,,5765FE,mobile_app,53195.27,AED,5699.49,idem_bf245a4899718ac4,confirmed,2026-06-13T04:47:00+05:30,,,2026-06-13T04:45:00+05:30,2026-08-18T10:00:00+05:30
bkg_4e843491,usr_0551c67a,trp_7a22e52a,,E94373,web,29757.44,INR,3188.30,idem_391e1408cee88f6a,cancelled,,2026-07-01T09:30:00+05:30,Found a better rate,2026-06-29T09:30:00+05:30,2026-08-18T10:00:00+05:30
bkg_3b939629,usr_5b31e64c,,,1F627F,web,2501.77,INR,268.05,idem_45cf51c547e676a8,refunded,,2026-05-23T17:45:00+05:30,Trip postponed,2026-05-12T17:45:00+05:30,2026-08-18T10:00:00+05:30
bkg_8365fa9b,usr_c582abb2,trp_09e8a8fb,,089406,mobile_app,82804.71,INR,8871.93,idem_7c48c68ab659741c,partially_confirmed,2026-05-24T00:02:00+05:30,,,2026-05-24T00:00:00+05:30,2026-08-18T10:00:00+05:30
bkg_9cab21fa,usr_6feac3d4,,,9C6F26,mobile_app,29847.42,INR,3197.94,idem_6778f49201b6e9b2,confirmed,2026-08-10T20:02:00+05:30,,,2026-08-10T20:00:00+05:30,2026-08-18T10:00:00+05:30
bkg_a28225ad,usr_6a108f4e,,,4A05DE,mobile_app,4729.87,INR,506.77,idem_a9413b3b68c3c327,partially_confirmed,2026-04-24T00:02:00+05:30,,,2026-04-24T00:00:00+05:30,2026-08-18T10:00:00+05:30
bkg_3a78f0e3,usr_78bee927,trp_d729f422,,53C997,mobile_app,8186.90,INR,877.17,idem_7290dbfef6b546f5,cancelled,,2026-06-10T02:45:00+05:30,Found a better rate,2026-06-07T02:45:00+05:30,2026-08-18T10:00:00+05:30
bkg_ed407985,usr_2b7e8931,trp_2f814928,,D6FA7A,web,43590.30,INR,4670.39,idem_d910e2ec57da75bd,confirmed,2026-07-19T16:32:00+05:30,,,2026-07-19T16:30:00+05:30,2026-08-18T10:00:00+05:30
bkg_9151d80d,usr_bedf358a,,,324AA3,web,4059.83,INR,434.98,idem_9a6a72c36275ecb4,confirmed,2026-06-12T00:02:00+05:30,,,2026-06-12T00:00:00+05:30,2026-08-18T10:00:00+05:30
bkg_0b31368f,usr_5f1e6e1c,trp_7945b3eb,,E2FCFF,mobile_app,20965.85,INR,2246.34,idem_7c1f40e31b4fbb26,confirmed,2026-05-30T00:47:00+05:30,,,2026-05-30T00:45:00+05:30,2026-08-18T10:00:00+05:30
bkg_9d28f414,usr_dce3bc90,trp_92aba9c1,,B0D84E,mobile_app,9349.48,IDR,1001.73,idem_b2ca7003c697bf84,confirmed,2026-06-29T05:47:00+05:30,,,2026-06-29T05:45:00+05:30,2026-08-18T10:00:00+05:30
bkg_6d883642,usr_e572b881,trp_90e2fb40,,FA089F,mobile_app,1146.49,MYR,122.84,idem_5daf7d9ca2f236a8,pending,,,,2026-06-24T09:45:00+05:30,2026-08-18T10:00:00+05:30
bkg_d23c602c,usr_d1c73fb8,trp_5b0721fc,,397F02,mobile_app,24101.59,INR,2582.31,idem_607aa43fee20c9b0,confirmed,2026-05-21T04:47:00+05:30,,,2026-05-21T04:45:00+05:30,2026-08-18T10:00:00+05:30
bkg_53664823,usr_9d604e2e,trp_4b2dcdb7,,CA237E,mobile_app,43279.81,INR,4637.12,idem_217c82c9ebe4b385,partially_confirmed,2026-04-27T21:47:00+05:30,,,2026-04-27T21:45:00+05:30,2026-08-18T10:00:00+05:30
bkg_9396da46,usr_7b318031,trp_9d4a5a9e,,C268D4,web,95523.29,INR,10234.64,idem_682f5c33c126d361,confirmed,2026-05-02T03:32:00+05:30,,,2026-05-02T03:30:00+05:30,2026-08-18T10:00:00+05:30
bkg_b5c1fbbd,usr_b86dd891,trp_cfff63af,,5D0A67,mobile_app,52370.52,INR,5611.13,idem_1110ec33f2fcdc49,cancelled,,2026-06-15T00:15:00+05:30,Found a better rate,2026-06-06T00:15:00+05:30,2026-08-18T10:00:00+05:30
bkg_6e2b4071,usr_98ca8444,,,2E52BF,agent,5001.29,INR,535.85,idem_b74b1d337ac3b028,confirmed,2026-05-02T16:17:00+05:30,,,2026-05-02T16:15:00+05:30,2026-08-18T10:00:00+05:30
bkg_74d8190e,usr_e10845c8,trp_d4204375,,F12A14,web,12179.05,INR,1304.90,idem_fd4ab407dc1cb3be,confirmed,2026-07-08T10:32:00+05:30,,,2026-07-08T10:30:00+05:30,2026-08-18T10:00:00+05:30
bkg_7937d24e,usr_4794cd34,trp_be19b00c,,BDBDF2,web,7336.29,INR,786.03,idem_29bea5e7b17acf81,confirmed,2026-07-28T18:47:00+05:30,,,2026-07-28T18:45:00+05:30,2026-08-18T10:00:00+05:30
bkg_1577b2c1,usr_afacd025,trp_2e23ea17,,7159C4,web,14447.12,MVR,1547.91,idem_a743c4def7ffbd42,confirmed,2026-06-07T06:32:00+05:30,,,2026-06-07T06:30:00+05:30,2026-08-18T10:00:00+05:30
bkg_e54b67a7,usr_0389057b,trp_03ebe095,,2A7912,agent,40389.73,AED,4327.47,idem_9f32b4c557a4e437,cancelled,,2026-08-07T00:00:00+05:30,Duplicate booking,2026-08-06T00:00:00+05:30,2026-08-18T10:00:00+05:30
bkg_318ebd86,usr_81ed406f,trp_53200b9d,,C22E75,mobile_app,12316.11,INR,1319.58,idem_85ae21f5ac8a917d,confirmed,2026-04-25T16:47:00+05:30,,,2026-04-25T16:45:00+05:30,2026-08-18T10:00:00+05:30
bkg_5e444ae2,usr_7b318031,trp_42c7ee54,,6D790C,partner,48719.91,INR,5219.99,idem_898b54322cdd5a3d,confirmed,2026-08-12T02:02:00+05:30,,,2026-08-12T02:00:00+05:30,2026-08-18T10:00:00+05:30
bkg_5bd4fa90,usr_78afc45f,trp_b14214a6,,47A3A6,mobile_app,5838.90,INR,625.60,idem_05f7c562f653c11f,confirmed,2026-07-08T01:02:00+05:30,,,2026-07-08T01:00:00+05:30,2026-08-18T10:00:00+05:30
bkg_155577f6,usr_2aa556d6,trp_c0c1da94,,87D482,web,9321.88,INR,998.77,idem_63ef659a155905bd,confirmed,2026-06-06T12:32:00+05:30,,,2026-06-06T12:30:00+05:30,2026-08-18T10:00:00+05:30
bkg_515eee76,usr_40c95b13,,,54AB5A,mobile_app,28356.17,INR,3038.16,idem_1fd305721d327125,confirmed,2026-05-30T13:17:00+05:30,,,2026-05-30T13:15:00+05:30,2026-08-18T10:00:00+05:30
bkg_0179e0bb,usr_70139660,trp_bd69fea3,,D13F16,agent,8536.53,INR,914.63,idem_42ef66655ae6844d,confirmed,2026-07-01T11:17:00+05:30,,,2026-07-01T11:15:00+05:30,2026-08-18T10:00:00+05:30
bkg_c703a2c5,usr_f9060fbb,,,1F759E,web,34345.32,INR,3679.86,idem_9067259d9bc8458b,confirmed,2026-05-08T03:17:00+05:30,,,2026-05-08T03:15:00+05:30,2026-08-18T10:00:00+05:30
bkg_a7f0c285,usr_0389057b,trp_03ebe095,,504013,mobile_app,6836.44,NPR,732.48,idem_1e43c838ab94a7ab,confirmed,2026-07-23T07:02:00+05:30,,,2026-07-23T07:00:00+05:30,2026-08-18T10:00:00+05:30
bkg_a5051b36,usr_dcc95fd2,trp_a41af335,,2BA3C0,partner,4383.09,INR,469.62,idem_34ab57174fbc063a,cancelled,,2026-08-30T00:15:00+05:30,Trip postponed,2026-08-14T00:15:00+05:30,2026-08-18T10:00:00+05:30
bkg_0c346810,usr_aef2d4f6,trp_3901f712,,616C44,web,43969.34,INR,4711.00,idem_8b6749b8cb9bff18,confirmed,2026-06-17T05:32:00+05:30,,,2026-06-17T05:30:00+05:30,2026-08-18T10:00:00+05:30
bkg_66ef94c9,usr_1b4fe68e,trp_c795bd25,,2AE80B,mobile_app,4162.78,JPY,446.01,idem_eacc055a5951d507,confirmed,2026-05-16T13:02:00+05:30,,,2026-05-16T13:00:00+05:30,2026-08-18T10:00:00+05:30
bkg_8a122c3d,usr_a386ca28,trp_7afc863d,,0BEEA1,web,14497.57,INR,1553.31,idem_47d47bc7c2d6f5d5,confirmed,2026-05-04T03:17:00+05:30,,,2026-05-04T03:15:00+05:30,2026-08-18T10:00:00+05:30
bkg_d9d5e856,usr_79248234,trp_f7736bd6,,AE7B37,call_centre,15432.03,JPY,1653.43,idem_c4c0704753524fb6,pending,,,,2026-05-16T20:30:00+05:30,2026-08-18T10:00:00+05:30
bkg_d4757b52,usr_3a36b154,trp_06e06151,,D0FA72,mobile_app,24834.63,INR,2660.85,idem_1d807b9a3e8fb2a9,cancelled,,2026-08-10T22:00:00+05:30,Plans changed,2026-08-01T22:00:00+05:30,2026-08-18T10:00:00+05:30
bkg_52633a14,usr_865c98a2,,,77DCAB,partner,31767.64,INR,3403.68,idem_8e9afa384acd2303,cancelled,,2026-08-21T07:30:00+05:30,Plans changed,2026-08-10T07:30:00+05:30,2026-08-18T10:00:00+05:30
bkg_6e32bfa8,usr_58d2b52f,trp_10a5cdc9,,5DCF82,partner,80448.28,INR,8619.46,idem_121da3172d1ec9f0,confirmed,2026-05-31T20:32:00+05:30,,,2026-05-31T20:30:00+05:30,2026-08-18T10:00:00+05:30
bkg_de4a02e0,usr_e5415ac7,,,48B40A,mobile_app,15325.61,INR,1642.03,idem_18e9eb667827da8a,confirmed,2026-07-21T12:17:00+05:30,,,2026-07-21T12:15:00+05:30,2026-08-18T10:00:00+05:30
bkg_66230299,usr_7da99ef5,trp_5ad4267c,,5C85E5,web,16418.82,INR,1759.16,idem_5f9cced6323db097,confirmed,2026-08-17T01:32:00+05:30,,,2026-08-17T01:30:00+05:30,2026-08-18T10:00:00+05:30
bkg_b6ff3804,usr_e2490a9e,trp_81b0e4f1,,E6306E,web,4552.80,INR,487.80,idem_b76ee6e922a58519,refunded,,2026-07-07T06:45:00+05:30,Found a better rate,2026-06-21T06:45:00+05:30,2026-08-18T10:00:00+05:30
bkg_9a333408,usr_21700d8e,trp_44abe323,,0C91CC,mobile_app,8293.63,MYR,888.60,idem_a9503168b2024375,pending,,,,2026-04-24T09:00:00+05:30,2026-08-18T10:00:00+05:30
bkg_8cf52cab,usr_f4863900,,,B339B9,web,5132.79,AED,549.94,idem_3b550740eb9ff96c,partially_confirmed,2026-07-28T20:02:00+05:30,,,2026-07-28T20:00:00+05:30,2026-08-18T10:00:00+05:30
bkg_63849d8c,usr_5f1e6e1c,trp_c4b22e96,,3D02C2,mobile_app,26154.15,INR,2802.23,idem_a9d1244e6cf2f4b5,confirmed,2026-06-22T23:32:00+05:30,,,2026-06-22T23:30:00+05:30,2026-08-18T10:00:00+05:30
bkg_ad7d4dd0,usr_633c636b,trp_77e61eba,,B89410,mobile_app,27533.88,INR,2950.06,idem_fb96f0e07e2600d4,confirmed,2026-04-25T14:32:00+05:30,,,2026-04-25T14:30:00+05:30,2026-08-18T10:00:00+05:30
bkg_8bd18a1e,usr_40edb5af,trp_9eb0f5fe,,EABA65,mobile_app,63309.08,INR,6783.12,idem_8035ee53532c89af,confirmed,2026-07-31T20:02:00+05:30,,,2026-07-31T20:00:00+05:30,2026-08-18T10:00:00+05:30
bkg_1ef14f40,usr_97d7df2b,trp_0e733795,,BCBC1C,mobile_app,8503.72,IDR,911.11,idem_d37c9b6fd08d4f39,confirmed,2026-07-26T15:32:00+05:30,,,2026-07-26T15:30:00+05:30,2026-08-18T10:00:00+05:30
bkg_23a99be2,usr_db178dbf,,,1FCF6C,mobile_app,2693.01,INR,288.54,idem_fbd3423ae17b1df8,partially_confirmed,2026-04-21T11:02:00+05:30,,,2026-04-21T11:00:00+05:30,2026-08-18T10:00:00+05:30
bkg_d75f4ff2,usr_81dbf021,trp_1af71903,,17FDB9,web,16046.76,THB,1719.30,idem_4a787545efd04f08,confirmed,2026-08-11T01:02:00+05:30,,,2026-08-11T01:00:00+05:30,2026-08-18T10:00:00+05:30
bkg_36348ebc,usr_de458aa5,trp_6d082956,,9CF6AB,mobile_app,2259.28,INR,242.07,idem_a16247c38237aef9,confirmed,2026-05-22T09:32:00+05:30,,,2026-05-22T09:30:00+05:30,2026-08-18T10:00:00+05:30
bkg_215ea028,usr_72818c78,trp_79423633,,CB9BF1,web,9127.57,NPR,977.95,idem_8a5c4a25f40c732c,confirmed,2026-06-21T23:47:00+05:30,,,2026-06-21T23:45:00+05:30,2026-08-18T10:00:00+05:30
bkg_c8f9ca48,usr_d1c73fb8,trp_e16227b5,,516775,web,11495.55,INR,1231.67,idem_df443e1883e7b51f,confirmed,2026-04-28T02:02:00+05:30,,,2026-04-28T02:00:00+05:30,2026-08-18T10:00:00+05:30
bkg_acf721e7,usr_ea41e115,trp_e19281ce,,51482D,web,25260.83,INR,2706.52,idem_70741fd0df4f11fa,confirmed,2026-07-31T15:02:00+05:30,,,2026-07-31T15:00:00+05:30,2026-08-18T10:00:00+05:30
bkg_2fbfd6b7,usr_d59d0fa9,trp_22a4deac,,4C17E4,mobile_app,4829.91,MYR,517.49,idem_c02bb774cf8c1771,cancelled,,2026-05-15T10:15:00+05:30,Duplicate booking,2026-05-05T10:15:00+05:30,2026-08-18T10:00:00+05:30
bkg_50693c46,usr_e21b6644,trp_76677b52,,D7F51A,web,36497.63,INR,3910.46,idem_02d7351e7b6a51e6,confirmed,2026-05-11T17:02:00+05:30,,,2026-05-11T17:00:00+05:30,2026-08-18T10:00:00+05:30
bkg_fe334b7e,usr_8ddbc4ab,trp_89ad1eee,,3D4B8A,mobile_app,5551.82,INR,594.84,idem_c6c2caa55f4d2bf3,confirmed,2026-08-16T04:32:00+05:30,,,2026-08-16T04:30:00+05:30,2026-08-18T10:00:00+05:30
bkg_988546cf,usr_5bbebfef,trp_572d4b08,,F88682,web,27195.64,INR,2913.82,idem_4e2b73d4f5c84a88,confirmed,2026-04-22T08:32:00+05:30,,,2026-04-22T08:30:00+05:30,2026-08-18T10:00:00+05:30
bkg_8d71a951,usr_58d2b52f,trp_10a5cdc9,,127711,agent,7692.66,INR,824.21,idem_26f152a7bcb532c5,cancelled,,2026-06-06T20:00:00+05:30,Found a better rate,2026-05-21T20:00:00+05:30,2026-08-18T10:00:00+05:30
bkg_2fde4606,usr_bedf358a,trp_6c80cfa7,,A2C3D8,agent,5154.63,INR,552.28,idem_c3486918f90ea879,partially_confirmed,2026-04-26T11:32:00+05:30,,,2026-04-26T11:30:00+05:30,2026-08-18T10:00:00+05:30
bkg_c9d55d68,usr_16017e92,trp_37519e08,,0A9ADC,mobile_app,34135.96,INR,3657.42,idem_3dae04effce6a64c,confirmed,2026-06-04T18:32:00+05:30,,,2026-06-04T18:30:00+05:30,2026-08-18T10:00:00+05:30
bkg_d0f20c1b,usr_d56927f7,trp_bb5e3651,,2CFE54,mobile_app,65506.52,INR,7018.56,idem_67777113587bc85d,pending,,,,2026-07-24T09:00:00+05:30,2026-08-18T10:00:00+05:30
bkg_03ab9ab3,usr_488b3ced,trp_39a1ce04,,0FA9FA,web,8997.41,INR,964.01,idem_44fbad8dd2266f1f,confirmed,2026-08-13T17:17:00+05:30,,,2026-08-13T17:15:00+05:30,2026-08-18T10:00:00+05:30
bkg_1cf7c790,usr_ad8b46f0,,,C009DF,web,4884.82,JPY,523.37,idem_387225e6c7fc224a,confirmed,2026-08-01T10:32:00+05:30,,,2026-08-01T10:30:00+05:30,2026-08-18T10:00:00+05:30
bkg_85cd5698,usr_3b2b4279,trp_73e63df2,,5B2E75,mobile_app,5907.40,INR,632.94,idem_b61b445c28ce35e5,cancelled,,2026-07-10T06:30:00+05:30,Trip postponed,2026-06-29T06:30:00+05:30,2026-08-18T10:00:00+05:30
bkg_23e7aa2d,usr_0a31df91,trp_71d9ea27,,58E1A4,partner,9498.72,JPY,1017.72,idem_a5e226d493675466,confirmed,2026-06-03T13:02:00+05:30,,,2026-06-03T13:00:00+05:30,2026-08-18T10:00:00+05:30
bkg_9a33f71a,usr_72818c78,trp_22d088b8,,066A4E,mobile_app,785.51,SGD,84.16,idem_0e37a987b30bd6f0,refunded,,2026-06-04T14:15:00+05:30,Trip postponed,2026-05-23T14:15:00+05:30,2026-08-18T10:00:00+05:30
bkg_36b725ef,usr_5b0e5805,trp_f57f5855,,88B863,web,11416.70,INR,1223.22,idem_6d528fa6d6e1b6c2,confirmed,2026-06-30T20:47:00+05:30,,,2026-06-30T20:45:00+05:30,2026-08-18T10:00:00+05:30
bkg_25b6cc69,usr_2fca7c46,trp_47080e5b,,DCED76,web,5956.34,INR,638.18,idem_7034090c72ff6de9,confirmed,2026-05-20T13:47:00+05:30,,,2026-05-20T13:45:00+05:30,2026-08-18T10:00:00+05:30
bkg_4bc2d98f,usr_aef2d4f6,,,70A8DB,mobile_app,41879.52,INR,4487.09,idem_abfb90c042c5a9b2,cancelled,,2026-06-14T05:00:00+05:30,Found a better rate,2026-06-13T05:00:00+05:30,2026-08-18T10:00:00+05:30
bkg_7d4eb2a1,usr_5dec704e,,,2E9D97,mobile_app,21939.32,INR,2350.64,idem_7782032d0651c1c5,confirmed,2026-08-04T06:17:00+05:30,,,2026-08-04T06:15:00+05:30,2026-08-18T10:00:00+05:30
bkg_c374ba98,usr_44ec53b5,,,F05C77,mobile_app,882.63,SGD,94.57,idem_2b61840c555c5f0a,confirmed,2026-06-04T00:47:00+05:30,,,2026-06-04T00:45:00+05:30,2026-08-18T10:00:00+05:30
bkg_5f3d09c8,usr_abeaa148,trp_c1603110,,AA8936,mobile_app,8865.05,THB,949.83,idem_5004d49bd9d48980,confirmed,2026-05-13T07:32:00+05:30,,,2026-05-13T07:30:00+05:30,2026-08-18T10:00:00+05:30
bkg_09048099,usr_ab49979e,trp_0ab1cb2b,,2DAFDA,web,113.38,SGD,12.15,idem_9928783c63da44c9,confirmed,2026-06-09T06:47:00+05:30,,,2026-06-09T06:45:00+05:30,2026-08-18T10:00:00+05:30
bkg_43d20e75,usr_67d03584,trp_0eaece39,,29A1CB,web,25009.90,INR,2679.63,idem_0c44ceff47291400,pending,,,,2026-05-26T07:15:00+05:30,2026-08-18T10:00:00+05:30
bkg_8f59e4ba,usr_353c55a8,,,82EE4F,web,119758.44,INR,12831.26,idem_5c1e4814b98d9512,confirmed,2026-06-14T18:02:00+05:30,,,2026-06-14T18:00:00+05:30,2026-08-18T10:00:00+05:30
bkg_119cdfd9,usr_243cefe8,trp_96471330,,518923,web,16590.37,INR,1777.54,idem_7db65eb43ef3b9ef,cancelled,,2026-05-31T16:15:00+05:30,Trip postponed,2026-05-20T16:15:00+05:30,2026-08-18T10:00:00+05:30
bkg_388f68fd,usr_c24f45f3,trp_6579c710,,00B012,mobile_app,8167.64,INR,875.10,idem_44c5bd0512fd7306,confirmed,2026-06-27T16:47:00+05:30,,,2026-06-27T16:45:00+05:30,2026-08-18T10:00:00+05:30
bkg_d7ad9d06,usr_cf744020,trp_0053b2f7,,AB94E9,web,20540.82,INR,2200.80,idem_d397dc96e98b0845,confirmed,2026-06-28T11:47:00+05:30,,,2026-06-28T11:45:00+05:30,2026-08-18T10:00:00+05:30
bkg_09028190,usr_1f2ffeef,trp_776da560,,B57875,web,5803.15,INR,621.77,idem_d9c5c3be1335abc0,confirmed,2026-07-28T09:02:00+05:30,,,2026-07-28T09:00:00+05:30,2026-08-18T10:00:00+05:30
bkg_a1e01833,usr_c4dc3602,trp_f45d3ef9,,775895,web,33221.44,INR,3559.44,idem_ba31b88f988fc5e8,confirmed,2026-07-18T11:47:00+05:30,,,2026-07-18T11:45:00+05:30,2026-08-18T10:00:00+05:30
bkg_d667f00d,usr_6a108f4e,trp_1002157a,,AA4006,web,10411.97,INR,1115.57,idem_0f9852eff28bd44c,confirmed,2026-06-11T10:47:00+05:30,,,2026-06-11T10:45:00+05:30,2026-08-18T10:00:00+05:30
bkg_43069391,usr_29b0484e,,,D9A061,web,30658.32,INR,3284.82,idem_4339e026ed9ccbd7,confirmed,2026-06-01T08:02:00+05:30,,,2026-06-01T08:00:00+05:30,2026-08-18T10:00:00+05:30
bkg_8bb6e65a,usr_0af476d1,trp_26392ac8,,C7CF5D,mobile_app,47668.19,INR,5107.31,idem_a33838d2f76d111b,confirmed,2026-07-29T08:17:00+05:30,,,2026-07-29T08:15:00+05:30,2026-08-18T10:00:00+05:30
bkg_10a47c55,usr_72818c78,trp_22d088b8,,2C16FC,mobile_app,14361.92,INR,1538.78,idem_73f3b27e95c2b213,confirmed,2026-05-18T16:17:00+05:30,,,2026-05-18T16:15:00+05:30,2026-08-18T10:00:00+05:30
bkg_e30759ec,usr_1c8154b9,trp_fc58b9bd,,995985,agent,83507.29,INR,8947.21,idem_472b8548457cc6bd,confirmed,2026-07-08T03:32:00+05:30,,,2026-07-08T03:30:00+05:30,2026-08-18T10:00:00+05:30
bkg_bb302231,usr_45175b03,trp_d2c39f89,,CF09E7,web,43060.92,AED,4613.67,idem_80d4d348a11d2a03,failed,,,,2026-04-25T14:30:00+05:30,2026-08-18T10:00:00+05:30
bkg_6576cf7c,usr_9473419d,trp_84855866,,D8EA4E,agent,151177.15,INR,16197.55,idem_32ce6ff6cdeeda29,confirmed,2026-05-09T14:17:00+05:30,,,2026-05-09T14:15:00+05:30,2026-08-18T10:00:00+05:30
bkg_9b09522b,usr_d7d11d69,trp_5843b90d,,FF01D5,mobile_app,91011.47,INR,9751.23,idem_7a878ea9eb0773a6,confirmed,2026-07-04T02:32:00+05:30,,,2026-07-04T02:30:00+05:30,2026-08-18T10:00:00+05:30
bkg_ed5add98,usr_e6dca418,trp_d46d667f,,45F70F,web,16468.49,INR,1764.48,idem_89cda54d13730d8c,confirmed,2026-05-01T05:02:00+05:30,,,2026-05-01T05:00:00+05:30,2026-08-18T10:00:00+05:30
bkg_8c26ab8f,usr_e9e3f281,trp_feb381e2,,5498C8,web,8440.17,INR,904.30,idem_cd33ecd721b2b903,refunded,,2026-08-02T11:00:00+05:30,Trip postponed,2026-07-22T11:00:00+05:30,2026-08-18T10:00:00+05:30
bkg_d1978fdb,usr_acb4c4ba,trp_4a6fffa7,,D60F39,web,17074.90,MVR,1829.45,idem_6820d9e961e725e6,partially_confirmed,2026-08-16T15:47:00+05:30,,,2026-08-16T15:45:00+05:30,2026-08-18T10:00:00+05:30
bkg_66a1d895,usr_c8025f92,,,E18E8B,mobile_app,14947.34,INR,1601.50,idem_3f958a81ba4d6aa2,partially_confirmed,2026-08-02T04:32:00+05:30,,,2026-08-02T04:30:00+05:30,2026-08-18T10:00:00+05:30
bkg_b60343a3,usr_c60b1837,trp_5ad6c4c8,,C69E3F,call_centre,61301.65,INR,6568.03,idem_5caa0efeff66185b,confirmed,2026-06-26T06:32:00+05:30,,,2026-06-26T06:30:00+05:30,2026-08-18T10:00:00+05:30
bkg_2264273b,usr_ca24d130,,,710B14,mobile_app,80531.90,INR,8628.42,idem_3d91bf6a615c9f78,cancelled,,2026-07-20T19:00:00+05:30,Plans changed,2026-07-09T19:00:00+05:30,2026-08-18T10:00:00+05:30
bkg_44a1c6b3,usr_de5d9e34,trp_56eeb108,,FF5EDB,call_centre,4251.25,AED,455.49,idem_aa73c99e20c11047,confirmed,2026-05-07T05:17:00+05:30,,,2026-05-07T05:15:00+05:30,2026-08-18T10:00:00+05:30
bkg_9c1a072f,usr_6c3fae7b,trp_2035c85a,,6BD80C,agent,9281.69,INR,994.47,idem_5b64ae0891d8dfbd,confirmed,2026-05-15T08:02:00+05:30,,,2026-05-15T08:00:00+05:30,2026-08-18T10:00:00+05:30
bkg_ab6f521c,usr_ad8b46f0,,,84F011,mobile_app,1625.97,AED,174.21,idem_b8d84ff281e8f8a9,confirmed,2026-07-03T09:02:00+05:30,,,2026-07-03T09:00:00+05:30,2026-08-18T10:00:00+05:30
bkg_2b775655,usr_268fdb85,trp_d17c30b0,,67229E,mobile_app,3140.48,INR,336.48,idem_8f08bc15db0043bb,confirmed,2026-05-16T11:02:00+05:30,,,2026-05-16T11:00:00+05:30,2026-08-18T10:00:00+05:30
bkg_88bbe3fe,usr_5b31e64c,,,D43FBE,web,5680.43,INR,608.62,idem_474cd4c191851260,cancelled,,2026-07-26T15:30:00+05:30,Plans changed,2026-07-07T15:30:00+05:30,2026-08-18T10:00:00+05:30
bkg_b8fac971,usr_a0f188fa,trp_31015abc,,2AF6C2,mobile_app,8467.35,THB,907.22,idem_97f746ab214ce763,confirmed,2026-07-26T20:17:00+05:30,,,2026-07-26T20:15:00+05:30,2026-08-18T10:00:00+05:30
bkg_24c905cb,usr_25e8a118,trp_79d0c6ca,,E5C6DE,web,5367.98,INR,575.14,idem_c92c83d21ba38176,pending,,,,2026-07-11T05:30:00+05:30,2026-08-18T10:00:00+05:30
bkg_3c05779a,usr_87ae707a,,,745209,web,8106.90,INR,868.60,idem_0bdf50f0c8770127,confirmed,2026-07-06T01:32:00+05:30,,,2026-07-06T01:30:00+05:30,2026-08-18T10:00:00+05:30
bkg_589f9811,usr_18a2e06d,trp_bcc5d027,,41559B,web,3716.09,AED,398.15,idem_eada2dedf4e26677,confirmed,2026-05-05T23:32:00+05:30,,,2026-05-05T23:30:00+05:30,2026-08-18T10:00:00+05:30
bkg_af2bc523,usr_1b4fe68e,trp_be2b6219,,6E07E3,mobile_app,13612.82,INR,1458.52,idem_6f3c6d963b6c41fa,confirmed,2026-06-24T22:17:00+05:30,,,2026-06-24T22:15:00+05:30,2026-08-18T10:00:00+05:30
bkg_43e1893b,usr_e1fb52ea,,,DF0471,web,37729.42,INR,4042.44,idem_eac980c298a7a9e9,partially_confirmed,2026-04-21T09:47:00+05:30,,,2026-04-21T09:45:00+05:30,2026-08-18T10:00:00+05:30
bkg_35a9bf68,usr_49c29e32,trp_cc443308,,68A945,web,84150.15,INR,9016.09,idem_6811586fce6fe1e6,confirmed,2026-05-01T10:02:00+05:30,,,2026-05-01T10:00:00+05:30,2026-08-18T10:00:00+05:30
bkg_b395b4d4,usr_9d604e2e,,,3FAD69,call_centre,6614.59,INR,708.71,idem_57c3e25f4de4bf6b,failed,,,,2026-04-28T00:45:00+05:30,2026-08-18T10:00:00+05:30
bkg_2f6edbaf,usr_24e54a31,trp_d1b2a8eb,,95E8B9,mobile_app,16739.68,INR,1793.54,idem_c0902745ce436638,confirmed,2026-06-03T03:02:00+05:30,,,2026-06-03T03:00:00+05:30,2026-08-18T10:00:00+05:30
bkg_26e8a50d,usr_1217680f,trp_550c7b3b,,4A3A6C,web,28265.36,INR,3028.43,idem_2ba4a9fb2d36bda5,confirmed,2026-06-17T12:17:00+05:30,,,2026-06-17T12:15:00+05:30,2026-08-18T10:00:00+05:30
bkg_b64a1dbc,usr_f4863900,trp_24b6d605,,76A420,mobile_app,8124.61,INR,870.49,idem_77df0ab59bd708df,partially_confirmed,2026-06-21T23:17:00+05:30,,,2026-06-21T23:15:00+05:30,2026-08-18T10:00:00+05:30
bkg_4a5f5fb9,usr_16017e92,trp_37519e08,,2BEA94,web,14369.40,INR,1539.58,idem_2e086c7f288fdf95,confirmed,2026-07-05T00:47:00+05:30,,,2026-07-05T00:45:00+05:30,2026-08-18T10:00:00+05:30
bkg_688f0871,usr_13d8f6bd,trp_ce0a9b4e,,00F3E8,web,5360.92,INR,574.38,idem_4a7e3cbac9dde433,confirmed,2026-07-21T05:17:00+05:30,,,2026-07-21T05:15:00+05:30,2026-08-18T10:00:00+05:30
bkg_67cdd7d0,usr_3d92578a,trp_f2b92037,,A8558A,mobile_app,4204.46,INR,450.48,idem_949feb86fe0da382,confirmed,2026-04-30T16:47:00+05:30,,,2026-04-30T16:45:00+05:30,2026-08-18T10:00:00+05:30
bkg_cf73b466,usr_7101a5b5,trp_1bb1485b,,0D09EF,mobile_app,22907.10,INR,2454.33,idem_9ccad11f46472163,confirmed,2026-06-25T05:17:00+05:30,,,2026-06-25T05:15:00+05:30,2026-08-18T10:00:00+05:30
bkg_8b9970dd,usr_ddcb196c,trp_f9ef6a50,,4F9D52,mobile_app,20587.77,INR,2205.83,idem_8fd3aa13ceac61ed,pending,,,,2026-05-22T12:45:00+05:30,2026-08-18T10:00:00+05:30
bkg_7ccb3d58,usr_1a6892bf,trp_2b1c9a53,,B85F12,mobile_app,5386.01,INR,577.07,idem_414fecc5550a5432,confirmed,2026-07-18T16:32:00+05:30,,,2026-07-18T16:30:00+05:30,2026-08-18T10:00:00+05:30
bkg_d965a009,usr_04b21637,,,4C8FB7,web,26595.60,INR,2849.53,idem_da1a1011d4f23a52,confirmed,2026-04-26T02:47:00+05:30,,,2026-04-26T02:45:00+05:30,2026-08-18T10:00:00+05:30
bkg_6c2fc05f,usr_b452b228,,,9CDAE6,mobile_app,7356.65,INR,788.21,idem_7680c45c6484a1b3,cancelled,,2026-05-07T07:45:00+05:30,Found a better rate,2026-05-06T07:45:00+05:30,2026-08-18T10:00:00+05:30
bkg_bdc3fa99,usr_88af6903,trp_411ac676,,DD8CDE,mobile_app,7823.58,INR,838.24,idem_630fb12d50a038ff,confirmed,2026-06-12T18:17:00+05:30,,,2026-06-12T18:15:00+05:30,2026-08-18T10:00:00+05:30
bkg_e278419a,usr_d504f21d,trp_8500bc75,,5A3F68,partner,4091.90,INR,438.42,idem_7033c0b67ecffec5,confirmed,2026-06-16T20:32:00+05:30,,,2026-06-16T20:30:00+05:30,2026-08-18T10:00:00+05:30
bkg_e0e04261,usr_67de0711,trp_ce030396,,8E4286,mobile_app,5116.38,INR,548.18,idem_5b3499364450febe,failed,,,,2026-05-01T18:45:00+05:30,2026-08-18T10:00:00+05:30
bkg_b45c1a5d,usr_29b0484e,trp_f8995cd0,,745701,web,3606.20,INR,386.38,idem_008b44f89ab03815,confirmed,2026-06-01T12:32:00+05:30,,,2026-06-01T12:30:00+05:30,2026-08-18T10:00:00+05:30
bkg_a7def537,usr_638c6951,trp_de13fbb8,,CDC297,mobile_app,8946.18,AED,958.52,idem_7782ec99544c7099,refunded,,2026-06-16T14:30:00+05:30,Duplicate booking,2026-06-14T14:30:00+05:30,2026-08-18T10:00:00+05:30
bkg_72699445,usr_651a4d17,trp_e0e73f4f,,AE82C5,web,42458.73,INR,4549.15,idem_0c8efddd663ed754,cancelled,,2026-07-11T15:30:00+05:30,Trip postponed,2026-06-30T15:30:00+05:30,2026-08-18T10:00:00+05:30
bkg_88a3c0d9,usr_65303113,trp_81ba1051,,9883CF,mobile_app,78856.79,INR,8448.94,idem_a8dc75330131c392,confirmed,2026-08-10T14:32:00+05:30,,,2026-08-10T14:30:00+05:30,2026-08-18T10:00:00+05:30
bkg_f7b43741,usr_34d33978,trp_2342ddcb,,057180,web,94403.89,INR,10114.70,idem_041722c5e712e1f9,confirmed,2026-05-04T07:17:00+05:30,,,2026-05-04T07:15:00+05:30,2026-08-18T10:00:00+05:30
bkg_5a7504c2,usr_65b43f7e,,,483EA5,mobile_app,7108.98,INR,761.68,idem_210de690aefb29ab,failed,,,,2026-07-27T07:45:00+05:30,2026-08-18T10:00:00+05:30
bkg_96ff9a54,usr_d1c73fb8,trp_e16227b5,,68F8BD,partner,11343.83,INR,1215.41,idem_3421edbb16c8c9ae,confirmed,2026-06-18T23:02:00+05:30,,,2026-06-18T23:00:00+05:30,2026-08-18T10:00:00+05:30
bkg_cb6a7980,usr_596ee95d,,,35C461,partner,27591.37,INR,2956.22,idem_5bc276d3a68122ea,confirmed,2026-06-23T16:17:00+05:30,,,2026-06-23T16:15:00+05:30,2026-08-18T10:00:00+05:30
bkg_9613b8f9,usr_9d604e2e,,,F1AB5B,mobile_app,19064.12,INR,2042.58,idem_2852648b4e9e674c,confirmed,2026-05-03T15:17:00+05:30,,,2026-05-03T15:15:00+05:30,2026-08-18T10:00:00+05:30
bkg_6a01ca8f,usr_22d1a7e5,trp_8e6dec68,,AE183A,web,7075.05,INR,758.04,idem_816510e28f28fee6,partially_confirmed,2026-07-13T15:32:00+05:30,,,2026-07-13T15:30:00+05:30,2026-08-18T10:00:00+05:30
bkg_47c9b1a0,usr_969a0636,,,AE3DEC,mobile_app,4479.93,AED,479.99,idem_e7eafff890154149,confirmed,2026-06-18T05:32:00+05:30,,,2026-06-18T05:30:00+05:30,2026-08-18T10:00:00+05:30
bkg_eb38b4f3,usr_6c3fae7b,trp_1b20de3f,,B2B218,partner,99656.84,INR,10677.52,idem_67bbd03eae621759,confirmed,2026-05-22T17:47:00+05:30,,,2026-05-22T17:45:00+05:30,2026-08-18T10:00:00+05:30
bkg_b0699950,usr_81005fa8,trp_479e8ab9,,0D06DB,mobile_app,21016.31,INR,2251.75,idem_c2d4fb8a2d929542,pending,,,,2026-06-08T20:30:00+05:30,2026-08-18T10:00:00+05:30
bkg_1b6a5fae,usr_ea269383,trp_ad48f44b,,64EB25,mobile_app,34086.98,INR,3652.18,idem_5b0514b95e4b68b4,confirmed,2026-06-19T09:47:00+05:30,,,2026-06-19T09:45:00+05:30,2026-08-18T10:00:00+05:30
bkg_df924851,usr_b831f448,trp_603a2836,,5E08B5,call_centre,10761.99,INR,1153.07,idem_614ff42b7354414c,confirmed,2026-05-04T09:02:00+05:30,,,2026-05-04T09:00:00+05:30,2026-08-18T10:00:00+05:30
bkg_c3651c90,usr_0b8f3bdc,trp_0e4afde6,,1295A0,mobile_app,12013548.16,IDR,1287165.87,idem_f14a9571b95259f0,confirmed,2026-08-02T14:32:00+05:30,,,2026-08-02T14:30:00+05:30,2026-08-18T10:00:00+05:30
bkg_c8f62fda,usr_7101a5b5,trp_1bb1485b,,94C617,web,18607.75,INR,1993.69,idem_4cb3fd16e12e9738,confirmed,2026-08-15T17:17:00+05:30,,,2026-08-15T17:15:00+05:30,2026-08-18T10:00:00+05:30
bkg_70bfc400,usr_0567fe37,,,CD317C,web,47984.63,INR,5141.21,idem_c07ebf72a27348bb,partially_confirmed,2026-05-29T19:17:00+05:30,,,2026-05-29T19:15:00+05:30,2026-08-18T10:00:00+05:30
bkg_0542d7b4,usr_8e272905,,,F33F49,mobile_app,68226.23,INR,7309.95,idem_b748deff6597c424,cancelled,,2026-08-08T04:15:00+05:30,Trip postponed,2026-08-02T04:15:00+05:30,2026-08-18T10:00:00+05:30
bkg_fe892638,usr_de5d9e34,,,093C9A,mobile_app,3606.36,INR,386.40,idem_0392846b7a99c0f9,pending,,,,2026-06-07T13:00:00+05:30,2026-08-18T10:00:00+05:30
bkg_af6d36ba,usr_b8779399,trp_ccff079f,,F5C3C5,web,4048.89,INR,433.81,idem_727407bf5cb8c752,cancelled,,2026-05-20T09:30:00+05:30,Found a better rate,2026-05-18T09:30:00+05:30,2026-08-18T10:00:00+05:30
bkg_b5dc22ff,usr_d1a44892,trp_194fb6db,,B3E9ED,web,4220.74,INR,452.22,idem_ba5eee0e3be71f28,failed,,,,2026-06-29T23:45:00+05:30,2026-08-18T10:00:00+05:30
bkg_e4907fc9,usr_e2966606,trp_aa498437,,62F582,agent,51562.27,INR,5524.53,idem_ab16b2e1be50f034,confirmed,2026-05-02T03:17:00+05:30,,,2026-05-02T03:15:00+05:30,2026-08-18T10:00:00+05:30
bkg_98cb0a32,usr_0389057b,trp_d6b492f9,,7D867B,agent,11227.08,INR,1202.90,idem_d172c5a4e39dfd87,confirmed,2026-05-26T10:17:00+05:30,,,2026-05-26T10:15:00+05:30,2026-08-18T10:00:00+05:30
bkg_6cd698cc,usr_2aa556d6,,,3C5292,web,7780.71,NPR,833.65,idem_e706a8918c6e05cd,cancelled,,2026-07-17T04:45:00+05:30,Duplicate booking,2026-07-12T04:45:00+05:30,2026-08-18T10:00:00+05:30
bkg_7ef2bab3,usr_65303113,trp_39d6963e,,D4C959,web,53804.74,INR,5764.79,idem_57bbb4e3fc8732b5,confirmed,2026-05-10T09:02:00+05:30,,,2026-05-10T09:00:00+05:30,2026-08-18T10:00:00+05:30
bkg_75077d08,usr_8ed02105,trp_b0a35602,,B40012,web,18819.53,INR,2016.38,idem_a0ca46dd50a30e39,refunded,,2026-07-21T03:00:00+05:30,Plans changed,2026-07-05T03:00:00+05:30,2026-08-18T10:00:00+05:30
bkg_741ced0d,usr_3038e2f7,trp_c6e23791,,F21DA8,web,51818.86,INR,5552.02,idem_6ce6533ace2b308d,confirmed,2026-07-27T15:47:00+05:30,,,2026-07-27T15:45:00+05:30,2026-08-18T10:00:00+05:30
bkg_4f906acd,usr_b2323a23,trp_47cb5f68,,303F5F,mobile_app,5839.24,INR,625.63,idem_baf7fba9c3781fd9,cancelled,,2026-05-25T14:30:00+05:30,Trip postponed,2026-05-14T14:30:00+05:30,2026-08-18T10:00:00+05:30
bkg_5ab2a363,usr_d7bc2e8d,trp_997cc8cc,,92CE47,web,20335.06,AED,2178.76,idem_03ff6736d2321ec5,confirmed,2026-04-27T13:47:00+05:30,,,2026-04-27T13:45:00+05:30,2026-08-18T10:00:00+05:30
bkg_eae772c1,usr_76043d79,trp_8e5f0010,,F5FB5A,web,884.67,AED,94.79,idem_61b30a8283992d49,confirmed,2026-04-23T22:17:00+05:30,,,2026-04-23T22:15:00+05:30,2026-08-18T10:00:00+05:30
bkg_77d381f8,usr_488b3ced,trp_39a1ce04,,3036E7,call_centre,28616.74,INR,3066.08,idem_cac894e46f8c8c32,failed,,,,2026-05-03T17:00:00+05:30,2026-08-18T10:00:00+05:30
bkg_643e7197,usr_1cfaf7a0,trp_43aa1b9f,,01D5C0,mobile_app,4364.24,INR,467.60,idem_ce536a601d932c9f,confirmed,2026-07-16T14:02:00+05:30,,,2026-07-16T14:00:00+05:30,2026-08-18T10:00:00+05:30
bkg_201f854f,usr_a7185e16,trp_90f6480d,,E51A0B,partner,724.51,AED,77.63,idem_8cef8bb112908c45,confirmed,2026-05-24T07:47:00+05:30,,,2026-05-24T07:45:00+05:30,2026-08-18T10:00:00+05:30
bkg_e93ffeba,usr_29fdaeb0,trp_22fefa8b,,F26DB8,mobile_app,15693.15,INR,1681.41,idem_e39ac34895af8ea8,confirmed,2026-05-23T07:47:00+05:30,,,2026-05-23T07:45:00+05:30,2026-08-18T10:00:00+05:30
bkg_dd315b97,usr_0e9166f0,trp_aaec0d9c,,0B0D63,agent,23483010.45,IDR,2516036.83,idem_7fce9ab81549cf4f,confirmed,2026-08-15T05:17:00+05:30,,,2026-08-15T05:15:00+05:30,2026-08-18T10:00:00+05:30
bkg_4119578d,usr_9c28ee85,trp_e53d9a08,,319A2D,web,3661.41,INR,392.29,idem_26634f7e95c0bb39,confirmed,2026-07-04T13:17:00+05:30,,,2026-07-04T13:15:00+05:30,2026-08-18T10:00:00+05:30
bkg_c964e487,usr_672d3dd6,,,6BFC76,web,19001.38,INR,2035.86,idem_fb488f64c3334f60,confirmed,2026-05-30T15:02:00+05:30,,,2026-05-30T15:00:00+05:30,2026-08-18T10:00:00+05:30
bkg_8c2dc9c5,usr_243cefe8,trp_96471330,,298BE4,web,7700.85,INR,825.09,idem_7487be804672aaf8,confirmed,2026-06-10T02:32:00+05:30,,,2026-06-10T02:30:00+05:30,2026-08-18T10:00:00+05:30
bkg_16d57169,usr_2de68d4f,trp_4eec7794,,E44ACC,web,3876.61,INR,415.35,idem_073bfa79a9e99e2e,confirmed,2026-07-12T13:17:00+05:30,,,2026-07-12T13:15:00+05:30,2026-08-18T10:00:00+05:30
bkg_42987e97,usr_96a8d3c5,trp_69a5e32d,,4CA8FB,mobile_app,29856.96,INR,3198.96,idem_60f41e241be338aa,confirmed,2026-05-14T00:02:00+05:30,,,2026-05-14T00:00:00+05:30,2026-08-18T10:00:00+05:30
bkg_df36a416,usr_99adb626,trp_4a2eb05b,,769695,web,49807.03,INR,5336.47,idem_0f2ce5dae3390d2e,confirmed,2026-05-11T06:32:00+05:30,,,2026-05-11T06:30:00+05:30,2026-08-18T10:00:00+05:30
bkg_152c32c1,usr_22e61dad,,,C8089E,web,142783.18,INR,15298.20,idem_c09af59f63a3c79d,confirmed,2026-06-15T02:32:00+05:30,,,2026-06-15T02:30:00+05:30,2026-08-18T10:00:00+05:30
bkg_405e8149,usr_77e91c3a,,,E40CF4,web,19755.14,INR,2116.62,idem_f900dcc842d0103f,confirmed,2026-04-23T04:47:00+05:30,,,2026-04-23T04:45:00+05:30,2026-08-18T10:00:00+05:30
bkg_91f3bc76,usr_2e562f89,trp_75c88e52,,0D03F9,mobile_app,16038.15,INR,1718.37,idem_f7e6f864b9d21412,failed,,,,2026-07-25T21:45:00+05:30,2026-08-18T10:00:00+05:30
bkg_3135097f,usr_7b318031,trp_9d4a5a9e,,709900,mobile_app,23297.64,INR,2496.18,idem_c788e2264a0a1b5f,confirmed,2026-05-18T05:47:00+05:30,,,2026-05-18T05:45:00+05:30,2026-08-18T10:00:00+05:30
bkg_69050de4,usr_fcd9bdf6,trp_706fdf80,,9BBCB8,mobile_app,5360.02,INR,574.29,idem_80b62f2ff22b8924,confirmed,2026-05-11T03:32:00+05:30,,,2026-05-11T03:30:00+05:30,2026-08-18T10:00:00+05:30
bkg_bb46c73b,usr_c582abb2,trp_cc0bc071,,92AF09,mobile_app,19167.57,SGD,2053.67,idem_597d9579adc7f4f1,confirmed,2026-05-01T05:02:00+05:30,,,2026-05-01T05:00:00+05:30,2026-08-18T10:00:00+05:30
bkg_efbbe57d,usr_fae4d064,,,5C50DD,web,9022.56,INR,966.70,idem_716e4b70eb29c527,cancelled,,2026-06-18T10:00:00+05:30,Trip postponed,2026-05-30T10:00:00+05:30,2026-08-18T10:00:00+05:30
bkg_9f14b668,usr_05d0be25,trp_c1e34627,,70AD7A,mobile_app,23548.29,INR,2523.03,idem_68b081ba1509da49,confirmed,2026-06-30T09:32:00+05:30,,,2026-06-30T09:30:00+05:30,2026-08-18T10:00:00+05:30
bkg_2a5dfa27,usr_8cace6bd,,,03857D,mobile_app,4860.97,INR,520.82,idem_7857ff4b7fcc7eeb,confirmed,2026-06-13T14:47:00+05:30,,,2026-06-13T14:45:00+05:30,2026-08-18T10:00:00+05:30
bkg_9bd8adec,usr_2c93ab7f,trp_8b6125c3,,EC5FE4,mobile_app,8108.97,INR,868.82,idem_b89a12dadeedea9f,confirmed,2026-05-16T03:47:00+05:30,,,2026-05-16T03:45:00+05:30,2026-08-18T10:00:00+05:30
bkg_52c3a47d,usr_0a31df91,trp_71d9ea27,,4AFCF8,mobile_app,1569.16,INR,168.12,idem_3ff1189e7485441c,failed,,,,2026-05-20T04:45:00+05:30,2026-08-18T10:00:00+05:30
bkg_737c47c7,usr_76c235d5,trp_4360e4bd,,2BA15D,web,11484.54,INR,1230.49,idem_7f5bfe873f09bc4f,confirmed,2026-05-06T17:47:00+05:30,,,2026-05-06T17:45:00+05:30,2026-08-18T10:00:00+05:30
bkg_8ff8c5db,usr_13d8f6bd,trp_ce0a9b4e,,7200D2,mobile_app,14065.32,INR,1507.00,idem_82c1a569bf2aaa09,confirmed,2026-05-25T13:17:00+05:30,,,2026-05-25T13:15:00+05:30,2026-08-18T10:00:00+05:30
bkg_5f1b9bf9,usr_40edb5af,trp_fd9a2525,,F936CB,mobile_app,15044.65,INR,1611.93,idem_c6d3b69237f4f201,confirmed,2026-07-30T10:02:00+05:30,,,2026-07-30T10:00:00+05:30,2026-08-18T10:00:00+05:30
bkg_bf452f75,usr_569f1f22,trp_ab7c6472,,622789,agent,7310.22,INR,783.24,idem_35c0873f7b55a03f,confirmed,2026-06-08T14:32:00+05:30,,,2026-06-08T14:30:00+05:30,2026-08-18T10:00:00+05:30
bkg_1ffee504,usr_d20b2a69,trp_db8edb3f,,A41167,partner,33075.28,INR,3543.78,idem_13c5d7a5a2505df7,confirmed,2026-06-24T08:47:00+05:30,,,2026-06-24T08:45:00+05:30,2026-08-18T10:00:00+05:30
bkg_c02bb2b9,usr_77e91c3a,trp_520c7693,,B8C952,web,58230.48,INR,6238.98,idem_224eeb96eed8cdc9,confirmed,2026-04-20T01:32:00+05:30,,,2026-04-20T01:30:00+05:30,2026-08-18T10:00:00+05:30
bkg_0ea065ba,usr_d8cab59f,trp_ed2f3b97,,3AA725,mobile_app,4969.55,INR,532.45,idem_2de9f2db60ec36a4,confirmed,2026-07-16T05:17:00+05:30,,,2026-07-16T05:15:00+05:30,2026-08-18T10:00:00+05:30
bkg_db4fd737,usr_6be041f5,trp_994c9a51,,0BF0BE,mobile_app,5214.29,INR,558.67,idem_9c744cbaa775afae,partially_confirmed,2026-08-14T16:17:00+05:30,,,2026-08-14T16:15:00+05:30,2026-08-18T10:00:00+05:30
bkg_6e675f1d,usr_fa851b11,trp_d275f261,,F67377,web,9309.06,INR,997.40,idem_13095a0c811b243c,confirmed,2026-06-05T00:32:00+05:30,,,2026-06-05T00:30:00+05:30,2026-08-18T10:00:00+05:30
bkg_4c0c9c26,usr_488b3ced,,,A00CA8,web,21646.35,INR,2319.25,idem_680d9a5db77be99c,confirmed,2026-07-23T15:32:00+05:30,,,2026-07-23T15:30:00+05:30,2026-08-18T10:00:00+05:30
bkg_ddca0184,usr_6c3fae7b,trp_7507ac91,,442C8B,mobile_app,11626.23,INR,1245.67,idem_88eef019b5de7d4a,pending,,,,2026-07-19T03:15:00+05:30,2026-08-18T10:00:00+05:30
bkg_684e68ec,usr_5de9da21,trp_13423f49,,BFF817,mobile_app,28837.72,INR,3089.76,idem_875f2767bdad036a,partially_confirmed,2026-08-14T12:32:00+05:30,,,2026-08-14T12:30:00+05:30,2026-08-18T10:00:00+05:30
bkg_888d4205,usr_d504f21d,,,E21DEE,web,22886.96,INR,2452.17,idem_dfacc9bcf54ee944,confirmed,2026-06-06T00:32:00+05:30,,,2026-06-06T00:30:00+05:30,2026-08-18T10:00:00+05:30
bkg_1b829491,usr_2fca7c46,trp_e900e96a,,2177A6,web,13132.36,INR,1407.04,idem_f6b663692becc3fc,confirmed,2026-07-31T06:02:00+05:30,,,2026-07-31T06:00:00+05:30,2026-08-18T10:00:00+05:30
bkg_998b3836,usr_b376fa1f,trp_11b70470,,670FE5,web,22051.13,INR,2362.62,idem_8fc0e7e71d3b2938,confirmed,2026-06-08T08:47:00+05:30,,,2026-06-08T08:45:00+05:30,2026-08-18T10:00:00+05:30
bkg_2f1ce24a,usr_41431693,trp_73c65d38,,A21AE1,mobile_app,24349.74,INR,2608.90,idem_503d535595ac3620,partially_confirmed,2026-06-22T07:47:00+05:30,,,2026-06-22T07:45:00+05:30,2026-08-18T10:00:00+05:30
bkg_b81cc6fb,usr_c94b68cc,trp_edc2177c,,B720BE,mobile_app,16816.07,INR,1801.72,idem_b9048794c78e18a0,confirmed,2026-07-02T15:32:00+05:30,,,2026-07-02T15:30:00+05:30,2026-08-18T10:00:00+05:30
bkg_f1010ed5,usr_40c95b13,trp_8c188c27,,238EBB,mobile_app,55897.37,INR,5989.00,idem_2750adcd39076350,cancelled,,2026-07-19T02:30:00+05:30,Trip postponed,2026-07-17T02:30:00+05:30,2026-08-18T10:00:00+05:30
bkg_fd42ab54,usr_b83115d3,trp_df3f7a38,,CFABAF,web,2180.95,INR,233.67,idem_5eee72f2b888a018,confirmed,2026-05-05T03:17:00+05:30,,,2026-05-05T03:15:00+05:30,2026-08-18T10:00:00+05:30
bkg_f06e76ba,usr_fa851b11,trp_d275f261,,986517,web,20471.40,INR,2193.36,idem_8c9e41b97d9be3c8,cancelled,,2026-08-07T09:30:00+05:30,Duplicate booking,2026-08-02T09:30:00+05:30,2026-08-18T10:00:00+05:30
bkg_24e981b5,usr_b021d103,,,1A6283,mobile_app,122.11,SGD,13.08,idem_41dddf914fbe183c,confirmed,2026-05-27T09:17:00+05:30,,,2026-05-27T09:15:00+05:30,2026-08-18T10:00:00+05:30
bkg_dc2e0d09,usr_abb36fee,,,5CFA00,mobile_app,6807.70,INR,729.40,idem_ed425d94ff132908,confirmed,2026-04-24T00:17:00+05:30,,,2026-04-24T00:15:00+05:30,2026-08-18T10:00:00+05:30
bkg_740acad7,usr_05306731,,,ED9A78,web,3824.32,INR,409.75,idem_2a3d084e03ec9a13,failed,,,,2026-05-18T21:00:00+05:30,2026-08-18T10:00:00+05:30
bkg_948c483e,usr_865c98a2,trp_d923c276,,22D1B0,partner,6039.15,INR,647.05,idem_11496c27b6488e84,confirmed,2026-06-29T23:32:00+05:30,,,2026-06-29T23:30:00+05:30,2026-08-18T10:00:00+05:30
bkg_eeef1d66,usr_a93726c0,trp_5ac61fd8,,A097CE,web,13056.68,MVR,1398.93,idem_ca9d0e303bfa3bbe,confirmed,2026-06-23T18:02:00+05:30,,,2026-06-23T18:00:00+05:30,2026-08-18T10:00:00+05:30
bkg_73750d12,usr_1217680f,trp_550c7b3b,,F0E25C,mobile_app,17566.86,INR,1882.16,idem_953b8e536df093cb,cancelled,,2026-06-29T22:45:00+05:30,Trip postponed,2026-06-22T22:45:00+05:30,2026-08-18T10:00:00+05:30
bkg_bde76ff7,usr_e9e3f281,trp_feb381e2,,B710CA,web,20640.12,INR,2211.44,idem_f6b9105d33d61f7f,pending,,,,2026-07-10T15:45:00+05:30,2026-08-18T10:00:00+05:30
bkg_a6e6f9a3,usr_8b3ba681,trp_c6136493,,ABFC86,partner,23950.60,INR,2566.14,idem_c232e85e4a6f3087,confirmed,2026-04-20T20:02:00+05:30,,,2026-04-20T20:00:00+05:30,2026-08-18T10:00:00+05:30
bkg_1130909f,usr_13fe39d3,trp_8ec37f48,,7C6C2C,mobile_app,47956.19,INR,5138.16,idem_777092a3127e3d8f,pending,,,,2026-07-02T05:30:00+05:30,2026-08-18T10:00:00+05:30
bkg_2b19b72a,usr_2e562f89,trp_75c88e52,,E091B1,mobile_app,2959.58,INR,317.10,idem_714498a5a9a28c64,confirmed,2026-06-07T13:17:00+05:30,,,2026-06-07T13:15:00+05:30,2026-08-18T10:00:00+05:30
bkg_c16b6cc4,usr_7af1e427,,,513C3B,web,36034.28,INR,3860.82,idem_b4f18443354abaae,confirmed,2026-07-16T13:32:00+05:30,,,2026-07-16T13:30:00+05:30,2026-08-18T10:00:00+05:30
bkg_b2ab3a4f,usr_b8779399,trp_ccff079f,,967FBF,web,4321.64,INR,463.03,idem_2409c3dd553cb3a9,pending,,,,2026-06-06T13:00:00+05:30,2026-08-18T10:00:00+05:30
bkg_9c16e4b3,usr_8e84ba7a,trp_34f84795,,73FB6A,web,4474.87,INR,479.45,idem_b80df3cb12ee69d1,confirmed,2026-04-25T22:17:00+05:30,,,2026-04-25T22:15:00+05:30,2026-08-18T10:00:00+05:30
bkg_b17c1a9b,usr_cb0928ac,trp_7fe2e631,,8C6A08,web,5736.89,INR,614.67,idem_d2fdf8748aa51d59,failed,,,,2026-05-28T14:00:00+05:30,2026-08-18T10:00:00+05:30
bkg_e2f719e9,usr_f855344d,trp_73f84cd3,,0A0CE5,web,28621.41,CHF,3066.58,idem_3feaa59d1b3e97d1,confirmed,2026-06-02T02:02:00+05:30,,,2026-06-02T02:00:00+05:30,2026-08-18T10:00:00+05:30
bkg_3b68baf7,usr_2da5bb04,,,6BDF50,mobile_app,11390.98,INR,1220.46,idem_d506e56a3b257f2b,confirmed,2026-07-01T00:32:00+05:30,,,2026-07-01T00:30:00+05:30,2026-08-18T10:00:00+05:30
bkg_582b4a8f,usr_b452b228,trp_fd96ecd9,,5B7E8D,web,55881.44,INR,5987.30,idem_5055ba9d0e717fcd,confirmed,2026-07-08T09:02:00+05:30,,,2026-07-08T09:00:00+05:30,2026-08-18T10:00:00+05:30
bkg_4ccc689c,usr_e6dca418,trp_d46d667f,,F9D8B3,web,232645.97,INR,24926.35,idem_bb8c9a0a21a1456f,cancelled,,2026-08-22T00:00:00+05:30,Plans changed,2026-08-04T00:00:00+05:30,2026-08-18T10:00:00+05:30
bkg_0be3b93c,usr_a3f4f2d9,trp_d8f6113f,,A94CD1,mobile_app,8575.83,INR,918.84,idem_20e467ac73f7cab9,pending,,,,2026-05-05T15:30:00+05:30,2026-08-18T10:00:00+05:30
bkg_49b37b29,usr_34f98272,trp_37763b22,,5E0D8B,call_centre,27922.29,INR,2991.67,idem_e0966dd5c909eadf,confirmed,2026-06-21T21:47:00+05:30,,,2026-06-21T21:45:00+05:30,2026-08-18T10:00:00+05:30
bkg_ac6f6776,usr_fae4d064,trp_f74bdeb1,,BA45C5,mobile_app,2033.76,INR,217.90,idem_32341387c2ee20ed,confirmed,2026-07-19T08:17:00+05:30,,,2026-07-19T08:15:00+05:30,2026-08-18T10:00:00+05:30
bkg_3bcf2992,usr_8fe264b1,trp_67a041ab,,56437B,web,2801.94,INR,300.21,idem_6bedbf1b358432ad,confirmed,2026-05-19T14:32:00+05:30,,,2026-05-19T14:30:00+05:30,2026-08-18T10:00:00+05:30
bkg_380ff341,usr_1886c078,trp_360afa3a,,870C54,web,10564.00,INR,1131.86,idem_8abe4cfbf5c29d4b,confirmed,2026-05-12T18:02:00+05:30,,,2026-05-12T18:00:00+05:30,2026-08-18T10:00:00+05:30
bkg_a78cacd9,usr_44ec53b5,trp_77488f6d,,F1F35C,web,12380.84,INR,1326.52,idem_8616d66a6e3b82be,confirmed,2026-05-29T17:17:00+05:30,,,2026-05-29T17:15:00+05:30,2026-08-18T10:00:00+05:30
bkg_ab2db07d,usr_037c5821,,,489656,mobile_app,23251.85,INR,2491.27,idem_4c31312ce7a095f1,confirmed,2026-08-13T13:02:00+05:30,,,2026-08-13T13:00:00+05:30,2026-08-18T10:00:00+05:30
bkg_72511bae,usr_dcc95fd2,trp_a41af335,,D94028,mobile_app,3862.22,THB,413.81,idem_12b0804dfb0e0423,confirmed,2026-08-07T13:17:00+05:30,,,2026-08-07T13:15:00+05:30,2026-08-18T10:00:00+05:30
bkg_0fb11b28,usr_32f091df,trp_e8bed4a6,,61C316,mobile_app,2653.21,INR,284.27,idem_6440a5f0b88a28c1,confirmed,2026-05-12T04:47:00+05:30,,,2026-05-12T04:45:00+05:30,2026-08-18T10:00:00+05:30
bkg_16274b6e,usr_196ca537,,,70CAB2,web,44734.23,INR,4792.95,idem_c679be7ba1785ae0,confirmed,2026-05-22T08:47:00+05:30,,,2026-05-22T08:45:00+05:30,2026-08-18T10:00:00+05:30
bkg_e4712488,usr_c8025f92,trp_cfa5ee66,,5E85D5,mobile_app,4347.08,INR,465.76,idem_84788c7f6510d6dc,confirmed,2026-05-10T10:02:00+05:30,,,2026-05-10T10:00:00+05:30,2026-08-18T10:00:00+05:30
bkg_068840fb,usr_c582abb2,trp_09e8a8fb,,A980C1,mobile_app,12957.09,INR,1388.26,idem_0d5c6361c0525af0,confirmed,2026-07-27T08:17:00+05:30,,,2026-07-27T08:15:00+05:30,2026-08-18T10:00:00+05:30
bkg_95c30443,usr_50dd9495,trp_4c04b27d,,6C7DAE,web,519.01,SGD,55.61,idem_b90ff6c73a461634,confirmed,2026-07-01T15:47:00+05:30,,,2026-07-01T15:45:00+05:30,2026-08-18T10:00:00+05:30
bkg_1ce491e6,usr_fa851b11,,,59E370,call_centre,82574.28,INR,8847.24,idem_1b378b06873494e1,confirmed,2026-08-12T20:17:00+05:30,,,2026-08-12T20:15:00+05:30,2026-08-18T10:00:00+05:30
bkg_fbf4060a,usr_bedf358a,trp_6c80cfa7,,3BA990,mobile_app,50822.67,INR,5445.29,idem_df16fe2b05a1bd70,confirmed,2026-05-27T05:02:00+05:30,,,2026-05-27T05:00:00+05:30,2026-08-18T10:00:00+05:30
bkg_3bc47bbf,usr_1a6892bf,trp_cab2311d,,521969,web,44459.36,INR,4763.50,idem_124e18dac211d54a,confirmed,2026-06-29T21:47:00+05:30,,,2026-06-29T21:45:00+05:30,2026-08-18T10:00:00+05:30
bkg_f0c11f4d,usr_f4863900,trp_24b6d605,,4739CA,mobile_app,40615.69,INR,4351.68,idem_dc559a710cfea97b,confirmed,2026-05-16T07:02:00+05:30,,,2026-05-16T07:00:00+05:30,2026-08-18T10:00:00+05:30
bkg_fbe84a2f,usr_24e54a31,,,953BB7,mobile_app,6052.76,NPR,648.51,idem_b34160708e2476d3,confirmed,2026-08-04T18:17:00+05:30,,,2026-08-04T18:15:00+05:30,2026-08-18T10:00:00+05:30
bkg_a34bc90f,usr_9afd8eab,trp_1898ff3a,,5BE56E,mobile_app,24626.00,INR,2638.50,idem_e0eb52a4d8a44c2f,confirmed,2026-07-06T10:17:00+05:30,,,2026-07-06T10:15:00+05:30,2026-08-18T10:00:00+05:30
bkg_bda0da75,usr_247f37bf,trp_b32d3e05,,F7F743,partner,6620.51,INR,709.34,idem_ae43f4e7df1cba5f,pending,,,,2026-06-17T06:30:00+05:30,2026-08-18T10:00:00+05:30
bkg_304fa89a,usr_1cfaf7a0,trp_43aa1b9f,,537910,mobile_app,8266.35,INR,885.68,idem_049696f4a17ace75,confirmed,2026-07-11T21:02:00+05:30,,,2026-07-11T21:00:00+05:30,2026-08-18T10:00:00+05:30
bkg_9dfe0c84,usr_ae3758b7,,,C68188,web,3980.70,INR,426.50,idem_0b5ae0e34b316814,pending,,,,2026-07-11T09:45:00+05:30,2026-08-18T10:00:00+05:30
bkg_86b4bc49,usr_76043d79,,,C55E78,mobile_app,2044.84,MVR,219.09,idem_0524dfadc4a974b8,pending,,,,2026-07-10T05:00:00+05:30,2026-08-18T10:00:00+05:30
bkg_7fad9bb9,usr_4022bd9b,trp_5df54ac3,,33E1E3,web,19252.69,INR,2062.79,idem_b8df5544f4fab3cf,confirmed,2026-05-27T23:32:00+05:30,,,2026-05-27T23:30:00+05:30,2026-08-18T10:00:00+05:30
bkg_0e9bcfa5,usr_c8025f92,trp_2974df6f,,81B1C2,web,13855.02,MVR,1484.47,idem_b64be51f9e015cac,confirmed,2026-06-20T23:02:00+05:30,,,2026-06-20T23:00:00+05:30,2026-08-18T10:00:00+05:30
bkg_781d3884,usr_7f6d27fe,trp_9a841c7e,,70EA9B,web,1560.34,MYR,167.18,idem_aa0037db1067313c,confirmed,2026-06-10T14:32:00+05:30,,,2026-06-10T14:30:00+05:30,2026-08-18T10:00:00+05:30
bkg_26cc4923,usr_e4f15778,trp_d44e94e7,,259973,mobile_app,18306.41,INR,1961.40,idem_cab52cb17d4cb88a,confirmed,2026-04-28T01:02:00+05:30,,,2026-04-28T01:00:00+05:30,2026-08-18T10:00:00+05:30
bkg_5bd60c68,usr_33bed572,trp_c59e8ff4,,A4544A,mobile_app,51777.36,INR,5547.57,idem_db6ac424aa45d4f7,confirmed,2026-06-12T05:17:00+05:30,,,2026-06-12T05:15:00+05:30,2026-08-18T10:00:00+05:30
bkg_dca5888f,usr_ef2f6a43,trp_e086bae2,,437388,web,14331.05,INR,1535.47,idem_ca8187416b8cf5de,confirmed,2026-06-24T09:02:00+05:30,,,2026-06-24T09:00:00+05:30,2026-08-18T10:00:00+05:30
bkg_b8c52866,usr_424aaa79,trp_f80fc406,,C15F9A,web,12672.35,INR,1357.75,idem_696e135cd3cb3ae8,confirmed,2026-05-17T21:32:00+05:30,,,2026-05-17T21:30:00+05:30,2026-08-18T10:00:00+05:30
bkg_4308a9da,usr_2b7e8931,trp_2f814928,,B352CD,web,9628.33,INR,1031.61,idem_7fde73a3bf6acdbd,confirmed,2026-06-24T00:32:00+05:30,,,2026-06-24T00:30:00+05:30,2026-08-18T10:00:00+05:30
bkg_45dafb65,usr_12f95c97,,,41520E,partner,87103.95,INR,9332.57,idem_f2ba14661fc6b6dd,pending,,,,2026-05-05T10:30:00+05:30,2026-08-18T10:00:00+05:30
bkg_22514df7,usr_b96ef58c,trp_acaf45e7,,C836BC,mobile_app,5833.87,INR,625.06,idem_bdb435ac9183ebf2,confirmed,2026-04-27T06:17:00+05:30,,,2026-04-27T06:15:00+05:30,2026-08-18T10:00:00+05:30
bkg_1dbdba50,usr_bedf358a,trp_6c9581df,,FC2223,mobile_app,15786.34,JPY,1691.39,idem_6239abb895ba1fe8,confirmed,2026-05-21T03:47:00+05:30,,,2026-05-21T03:45:00+05:30,2026-08-18T10:00:00+05:30
bkg_86625bc2,usr_ae35e63d,trp_13a7ffcc,,E5546C,web,9442.94,INR,1011.74,idem_d20b4b2f7c32a53e,confirmed,2026-04-29T10:17:00+05:30,,,2026-04-29T10:15:00+05:30,2026-08-18T10:00:00+05:30
bkg_51c5564a,usr_a93726c0,trp_5ac61fd8,,B9758B,web,5265.66,INR,564.18,idem_d41ba6dac412a5dc,confirmed,2026-05-04T21:32:00+05:30,,,2026-05-04T21:30:00+05:30,2026-08-18T10:00:00+05:30
bkg_833f39ce,usr_d8cab59f,trp_e469328d,,66E961,mobile_app,93537.67,INR,10021.89,idem_e424a02760de0220,pending,,,,2026-05-02T12:15:00+05:30,2026-08-18T10:00:00+05:30
bkg_02198fae,usr_98a69060,trp_f9407f9b,,695A3B,mobile_app,7761.38,INR,831.58,idem_3d365cbe5d3fd513,cancelled,,2026-06-07T21:15:00+05:30,Plans changed,2026-06-02T21:15:00+05:30,2026-08-18T10:00:00+05:30
bkg_0105b60b,usr_2e849b83,trp_e5ff1490,,606289,mobile_app,6600.43,INR,707.19,idem_61e6e093e39d874f,confirmed,2026-08-11T06:17:00+05:30,,,2026-08-11T06:15:00+05:30,2026-08-18T10:00:00+05:30
bkg_231c8435,usr_0deee6d9,trp_c39c8f75,,2EC870,mobile_app,45043.02,AED,4826.04,idem_2004835bc425b5eb,confirmed,2026-07-03T10:17:00+05:30,,,2026-07-03T10:15:00+05:30,2026-08-18T10:00:00+05:30
bkg_1243a5a9,usr_d89a661b,,,F7361D,web,26453.84,AED,2834.34,idem_6d0d5741eb36e16f,cancelled,,2026-06-04T10:00:00+05:30,Trip postponed,2026-05-27T10:00:00+05:30,2026-08-18T10:00:00+05:30
bkg_da3df4a3,usr_0551c67a,trp_7a22e52a,,07005A,mobile_app,5272.02,INR,564.86,idem_7233ff42e2987177,confirmed,2026-06-10T15:32:00+05:30,,,2026-06-10T15:30:00+05:30,2026-08-18T10:00:00+05:30
bkg_72e331b7,usr_464e9998,trp_ab02433c,,96BE9E,web,8396.46,INR,899.62,idem_b70a27e87b4e9eee,confirmed,2026-05-12T12:17:00+05:30,,,2026-05-12T12:15:00+05:30,2026-08-18T10:00:00+05:30
bkg_cbde7fb2,usr_df582802,trp_929cc01b,,374F16,web,4585.01,INR,491.25,idem_2dbf177ca286a8d9,confirmed,2026-07-04T00:32:00+05:30,,,2026-07-04T00:30:00+05:30,2026-08-18T10:00:00+05:30
bkg_1e5eba2d,usr_d8024b62,trp_d98bd293,,92F8CC,web,18639.42,INR,1997.08,idem_7beb54447b1bc270,confirmed,2026-07-27T23:02:00+05:30,,,2026-07-27T23:00:00+05:30,2026-08-18T10:00:00+05:30
bkg_c21cff38,usr_6e3b5c10,trp_20b372f1,,41E032,web,12238.15,INR,1311.23,idem_07f9b97f337fa275,confirmed,2026-06-15T06:32:00+05:30,,,2026-06-15T06:30:00+05:30,2026-08-18T10:00:00+05:30
bkg_88bd7358,usr_ecb18174,trp_c183d169,,34D128,mobile_app,5941.11,CHF,636.55,idem_e991b9a03f056994,confirmed,2026-04-27T15:17:00+05:30,,,2026-04-27T15:15:00+05:30,2026-08-18T10:00:00+05:30
bkg_787b96d7,usr_c582abb2,trp_152be4e1,,E777B0,mobile_app,36077.64,INR,3865.46,idem_812b00bce871dcae,pending,,,,2026-06-24T07:45:00+05:30,2026-08-18T10:00:00+05:30
bkg_dda2d2ae,usr_037c5821,,,F17004,partner,1011.92,MYR,108.42,idem_a7e82438063c7172,partially_confirmed,2026-08-07T10:47:00+05:30,,,2026-08-07T10:45:00+05:30,2026-08-18T10:00:00+05:30
bkg_39efdd12,usr_0389057b,,,4FFB83,web,14148.09,INR,1515.87,idem_ababd5a0350b0c25,pending,,,,2026-07-04T20:30:00+05:30,2026-08-18T10:00:00+05:30
bkg_97ce76db,usr_8846d546,trp_3b4b53a6,,C28317,mobile_app,27495.75,INR,2945.97,idem_05f12acdbbfb65f9,confirmed,2026-05-31T19:17:00+05:30,,,2026-05-31T19:15:00+05:30,2026-08-18T10:00:00+05:30
bkg_c72dceb5,usr_ca24d130,trp_ffd35a10,,E1BAC8,mobile_app,30386.88,INR,3255.74,idem_35b47b37cf94abd6,confirmed,2026-07-25T19:17:00+05:30,,,2026-07-25T19:15:00+05:30,2026-08-18T10:00:00+05:30
bkg_e95019e9,usr_04b21637,trp_10f1523f,,C8DEA9,mobile_app,16759.49,INR,1795.66,idem_32247a852e08b74e,confirmed,2026-05-30T19:17:00+05:30,,,2026-05-30T19:15:00+05:30,2026-08-18T10:00:00+05:30
bkg_8a882872,usr_c94b68cc,trp_edc2177c,,CD27F3,web,9814.38,INR,1051.54,idem_4bc5b0e18843bdcd,confirmed,2026-07-11T05:32:00+05:30,,,2026-07-11T05:30:00+05:30,2026-08-18T10:00:00+05:30
bkg_e2035350,usr_4e65d08a,trp_098ba70a,,32394E,mobile_app,107196.34,INR,11485.32,idem_3ef9fd02cab4efec,confirmed,2026-06-05T22:47:00+05:30,,,2026-06-05T22:45:00+05:30,2026-08-18T10:00:00+05:30
bkg_7f28d323,usr_8d937b9e,trp_91d592b2,,366846,mobile_app,18955.78,INR,2030.98,idem_bb9650c6b610ccde,confirmed,2026-05-14T19:32:00+05:30,,,2026-05-14T19:30:00+05:30,2026-08-18T10:00:00+05:30
bkg_09bb00bf,usr_5d24ab68,trp_96b44a87,,14A593,call_centre,17224.46,INR,1845.48,idem_9a8ef8b5ffca93a8,confirmed,2026-05-09T19:02:00+05:30,,,2026-05-09T19:00:00+05:30,2026-08-18T10:00:00+05:30
bkg_36e27596,usr_e10845c8,trp_d4204375,,2EC76F,call_centre,32732.77,INR,3507.08,idem_514f96bc98b2154d,confirmed,2026-05-01T22:17:00+05:30,,,2026-05-01T22:15:00+05:30,2026-08-18T10:00:00+05:30
bkg_025187d6,usr_bedf358a,trp_6c9581df,,E9C50C,mobile_app,16975.68,INR,1818.82,idem_8309e410c29eebe4,confirmed,2026-07-21T08:47:00+05:30,,,2026-07-21T08:45:00+05:30,2026-08-18T10:00:00+05:30
bkg_6b967e6e,usr_dcc95fd2,trp_a41af335,,0D258C,mobile_app,3005.00,MVR,321.96,idem_d049faa49525dd4e,confirmed,2026-08-11T21:32:00+05:30,,,2026-08-11T21:30:00+05:30,2026-08-18T10:00:00+05:30
bkg_85a58821,usr_c41a26c3,trp_9dfd38b4,,2A10A0,partner,1691.47,MYR,181.23,idem_002e48572bca1704,partially_confirmed,2026-06-05T06:32:00+05:30,,,2026-06-05T06:30:00+05:30,2026-08-18T10:00:00+05:30
bkg_40717fe7,usr_8846d546,,,A468C3,mobile_app,29732.79,INR,3185.66,idem_2c233f291cf15850,cancelled,,2026-05-03T13:45:00+05:30,Trip postponed,2026-04-25T13:45:00+05:30,2026-08-18T10:00:00+05:30
bkg_e101026e,usr_44ef2e9c,trp_536f04bd,,845981,mobile_app,2253.74,INR,241.47,idem_9d352b0387330311,confirmed,2026-08-11T00:32:00+05:30,,,2026-08-11T00:30:00+05:30,2026-08-18T10:00:00+05:30
bkg_936527cf,usr_541840e2,,,F4D83C,web,7605.12,INR,814.83,idem_1fe88fd906290d67,confirmed,2026-05-15T04:32:00+05:30,,,2026-05-15T04:30:00+05:30,2026-08-18T10:00:00+05:30
bkg_c85b86c0,usr_95492664,,,805E26,web,21992.42,INR,2356.33,idem_924a064960da37ad,failed,,,,2026-08-01T23:00:00+05:30,2026-08-18T10:00:00+05:30
bkg_3bc2e07f,usr_3349b18a,trp_8a12a715,,FA30E0,mobile_app,30650.52,INR,3283.98,idem_96f2d6689e442bb7,cancelled,,2026-07-30T00:00:00+05:30,Duplicate booking,2026-07-19T00:00:00+05:30,2026-08-18T10:00:00+05:30
bkg_466df1d6,usr_5385053d,trp_3a5885a5,,BA0390,mobile_app,22281.48,INR,2387.30,idem_a8c6a666764aa42d,cancelled,,2026-08-10T13:15:00+05:30,Duplicate booking,2026-08-08T13:15:00+05:30,2026-08-18T10:00:00+05:30
bkg_a72cb242,usr_d0571b95,trp_377a871a,,FCEFF3,mobile_app,11896.15,THB,1274.59,idem_2b5a8987cafc56ef,cancelled,,2026-08-05T01:45:00+05:30,Trip postponed,2026-07-17T01:45:00+05:30,2026-08-18T10:00:00+05:30
bkg_edb6caa1,usr_3d92578a,trp_f2b92037,,6593E3,partner,8001.03,THB,857.25,idem_1031d020861dbd7b,confirmed,2026-07-23T18:02:00+05:30,,,2026-07-23T18:00:00+05:30,2026-08-18T10:00:00+05:30
bkg_9835547a,usr_2c93ab7f,,,FC4247,mobile_app,5572.47,INR,597.05,idem_efa0bc505806209c,cancelled,,2026-06-11T15:30:00+05:30,Duplicate booking,2026-06-08T15:30:00+05:30,2026-08-18T10:00:00+05:30
bkg_53659f1d,usr_1c8154b9,trp_fc58b9bd,,C40736,mobile_app,25377.99,INR,2719.07,idem_ea22eac18ba445a6,confirmed,2026-07-25T00:32:00+05:30,,,2026-07-25T00:30:00+05:30,2026-08-18T10:00:00+05:30
bkg_756f1ad4,usr_538f6e20,,,E59FC1,mobile_app,15787.04,NPR,1691.47,idem_5fafdddc637a6a95,confirmed,2026-07-11T01:02:00+05:30,,,2026-07-11T01:00:00+05:30,2026-08-18T10:00:00+05:30
bkg_73680d14,usr_32a5a217,,,D4D871,partner,50382.67,INR,5398.14,idem_dfb863b1da996a5d,confirmed,2026-06-03T18:02:00+05:30,,,2026-06-03T18:00:00+05:30,2026-08-18T10:00:00+05:30
bkg_1c39e6d8,usr_353c55a8,trp_d7693837,,9E96DD,partner,40287.79,INR,4316.55,idem_09aa57d3dfa721fb,confirmed,2026-07-19T00:32:00+05:30,,,2026-07-19T00:30:00+05:30,2026-08-18T10:00:00+05:30
bkg_a4abd076,usr_95492664,trp_fe962840,,A7BA90,web,33160.18,INR,3552.88,idem_49a1c847cab78a74,confirmed,2026-07-14T04:32:00+05:30,,,2026-07-14T04:30:00+05:30,2026-08-18T10:00:00+05:30
bkg_cc0d3ae5,usr_33bed572,trp_c59e8ff4,,4496DC,mobile_app,5504.15,INR,589.73,idem_971f5039c85162af,confirmed,2026-08-17T23:47:00+05:30,,,2026-08-17T23:45:00+05:30,2026-08-18T10:00:00+05:30
bkg_09203a5e,usr_60cacdee,trp_a06a57e3,,ABF11E,mobile_app,5571297.39,IDR,596924.72,idem_ecd88a1bd95be034,confirmed,2026-07-13T15:17:00+05:30,,,2026-07-13T15:15:00+05:30,2026-08-18T10:00:00+05:30
bkg_4b683925,usr_6479c45c,trp_bd664180,,759E64,mobile_app,34378.40,INR,3683.40,idem_04f378b0cf80d7ec,confirmed,2026-05-03T21:02:00+05:30,,,2026-05-03T21:00:00+05:30,2026-08-18T10:00:00+05:30
bkg_f808b066,usr_d245dd5d,trp_b18bf78b,,5B81DC,mobile_app,24908.96,INR,2668.82,idem_efd9228495eaad19,confirmed,2026-08-07T05:02:00+05:30,,,2026-08-07T05:00:00+05:30,2026-08-18T10:00:00+05:30
bkg_c47c4524,usr_596ee95d,trp_0bf61ffe,,FAE51A,mobile_app,43417.49,INR,4651.87,idem_25bdd04d5505a8c4,failed,,,,2026-06-11T08:15:00+05:30,2026-08-18T10:00:00+05:30
bkg_f3c4dbad,usr_8a0aaa50,trp_c5887464,,DC9229,web,21863.44,INR,2342.51,idem_820c35e31165e0d5,confirmed,2026-07-28T12:02:00+05:30,,,2026-07-28T12:00:00+05:30,2026-08-18T10:00:00+05:30
bkg_a19513ab,usr_96a8d3c5,trp_69a5e32d,,65DA24,mobile_app,38774.56,INR,4154.42,idem_360bec5785152af1,partially_confirmed,2026-07-05T15:02:00+05:30,,,2026-07-05T15:00:00+05:30,2026-08-18T10:00:00+05:30
bkg_0f79bad7,usr_9738df4b,trp_074ec52a,,407919,mobile_app,102375.87,INR,10968.84,idem_175a3babb3969d1e,confirmed,2026-05-06T06:47:00+05:30,,,2026-05-06T06:45:00+05:30,2026-08-18T10:00:00+05:30
bkg_8733462e,usr_6be041f5,,,72753C,web,19338.22,INR,2071.95,idem_c9e8ad170009e1da,confirmed,2026-05-08T05:47:00+05:30,,,2026-05-08T05:45:00+05:30,2026-08-18T10:00:00+05:30
bkg_a1645469,usr_2de68d4f,trp_55127690,,EE5554,mobile_app,14697.01,INR,1574.68,idem_7f7483a1586e5000,confirmed,2026-06-21T17:02:00+05:30,,,2026-06-21T17:00:00+05:30,2026-08-18T10:00:00+05:30
bkg_11aeab6b,usr_b376fa1f,trp_11b70470,,C6530A,web,39711.20,INR,4254.77,idem_0f598caea2afe7f6,pending,,,,2026-06-15T13:45:00+05:30,2026-08-18T10:00:00+05:30
bkg_90e79cda,usr_f855344d,trp_3c03178d,,7F34B4,call_centre,46498.46,INR,4981.98,idem_afe0b5b609e7425d,confirmed,2026-07-12T13:17:00+05:30,,,2026-07-12T13:15:00+05:30,2026-08-18T10:00:00+05:30
bkg_85f92d8c,usr_424aaa79,,,FC8E6E,mobile_app,7952.00,INR,852.00,idem_d1deee50acd381fc,confirmed,2026-08-12T15:32:00+05:30,,,2026-08-12T15:30:00+05:30,2026-08-18T10:00:00+05:30
bkg_76c4c610,usr_0551c67a,trp_7a22e52a,,504DAC,web,6304.08,INR,675.44,idem_2ab17f113c583b9f,cancelled,,2026-07-05T09:30:00+05:30,Found a better rate,2026-06-16T09:30:00+05:30,2026-08-18T10:00:00+05:30
bkg_979cc02a,usr_a3f4f2d9,trp_d8f6113f,,AC0DD2,web,9883.33,INR,1058.93,idem_d74e65f38b09276b,confirmed,2026-08-01T22:17:00+05:30,,,2026-08-01T22:15:00+05:30,2026-08-18T10:00:00+05:30
bkg_45023b35,usr_6303c026,trp_0f181044,,85A456,web,41947365.47,IDR,4494360.59,idem_56fdbc296b12de9a,confirmed,2026-04-30T17:02:00+05:30,,,2026-04-30T17:00:00+05:30,2026-08-18T10:00:00+05:30
bkg_8072bd3a,usr_05d0be25,trp_ac2f90d3,,2BFB5E,mobile_app,24190.30,INR,2591.82,idem_7deba050b3331d81,confirmed,2026-06-28T07:17:00+05:30,,,2026-06-28T07:15:00+05:30,2026-08-18T10:00:00+05:30
bkg_f27a9726,usr_520d9624,trp_8b48ae6e,,080E31,mobile_app,36073.92,INR,3865.06,idem_8e25ce91624ff259,confirmed,2026-07-09T10:32:00+05:30,,,2026-07-09T10:30:00+05:30,2026-08-18T10:00:00+05:30
bkg_76c187ec,usr_63531f2d,trp_2f330bc2,,C15A3B,partner,19600.25,INR,2100.03,idem_7b351ff944e6b4b9,confirmed,2026-06-21T00:17:00+05:30,,,2026-06-21T00:15:00+05:30,2026-08-18T10:00:00+05:30
bkg_f27cdceb,usr_0e9166f0,trp_e31ab00a,,EF9EEC,web,4720.93,INR,505.81,idem_d378d2e9a6b6407c,pending,,,,2026-05-27T11:00:00+05:30,2026-08-18T10:00:00+05:30
bkg_33dc08ed,usr_60e00854,,,0CF4D0,web,20920.28,INR,2241.46,idem_562d5429af66b0a4,failed,,,,2026-06-19T14:00:00+05:30,2026-08-18T10:00:00+05:30
bkg_d83c90d8,usr_969a0636,,,DE5260,mobile_app,7334.05,INR,785.79,idem_07a9d4a664a1097a,partially_confirmed,2026-06-21T02:47:00+05:30,,,2026-06-21T02:45:00+05:30,2026-08-18T10:00:00+05:30
bkg_ae2e6776,usr_4420259c,trp_de13b938,,B1E21D,mobile_app,12993.10,INR,1392.12,idem_551daf2f7a475ec6,confirmed,2026-06-19T13:47:00+05:30,,,2026-06-19T13:45:00+05:30,2026-08-18T10:00:00+05:30
bkg_bd57eca5,usr_74ed32ff,trp_520dc671,,3E77CC,mobile_app,24018.47,INR,2573.41,idem_221fe38ee51181b7,confirmed,2026-06-19T15:32:00+05:30,,,2026-06-19T15:30:00+05:30,2026-08-18T10:00:00+05:30
bkg_90b043ca,usr_596ee95d,trp_0bf61ffe,,551F01,mobile_app,27367.29,INR,2932.21,idem_2378c71fe7fe173e,confirmed,2026-06-21T15:47:00+05:30,,,2026-06-21T15:45:00+05:30,2026-08-18T10:00:00+05:30
bkg_600c9c3d,usr_81dbf021,trp_1af71903,,F06644,mobile_app,10899.74,INR,1167.83,idem_f4024006e557c231,confirmed,2026-08-09T01:02:00+05:30,,,2026-08-09T01:00:00+05:30,2026-08-18T10:00:00+05:30
bkg_127b7d80,usr_3f50fbcb,trp_c67254e9,,C1FFE4,web,8734.14,INR,935.80,idem_39fa2a40bf7efce6,cancelled,,2026-04-27T22:00:00+05:30,Found a better rate,2026-04-23T22:00:00+05:30,2026-08-18T10:00:00+05:30
bkg_a73627ac,usr_e3b9431c,trp_8580f983,,BCAFD2,call_centre,40581.06,INR,4347.97,idem_cb4e928de6544000,confirmed,2026-08-09T11:32:00+05:30,,,2026-08-09T11:30:00+05:30,2026-08-18T10:00:00+05:30
bkg_79965098,usr_ee57ec9a,,,09F9C0,web,2137.34,INR,229.00,idem_cd1876cb513e7352,confirmed,2026-08-09T15:32:00+05:30,,,2026-08-09T15:30:00+05:30,2026-08-18T10:00:00+05:30
bkg_ebda481c,usr_c010ce3c,trp_ebd8ca83,,1446D1,mobile_app,22709.65,INR,2433.18,idem_917aa8c73fbe120c,confirmed,2026-06-01T11:32:00+05:30,,,2026-06-01T11:30:00+05:30,2026-08-18T10:00:00+05:30
bkg_d1e8371f,usr_d312cbff,,,9E69A5,mobile_app,27858.34,INR,2984.82,idem_2a49fb4bb3a4e9e4,confirmed,2026-07-27T11:17:00+05:30,,,2026-07-27T11:15:00+05:30,2026-08-18T10:00:00+05:30
bkg_d75c9593,usr_62b3f8b8,,,E90B77,mobile_app,6339.09,INR,679.19,idem_dda23d43020fb2a3,confirmed,2026-07-01T15:02:00+05:30,,,2026-07-01T15:00:00+05:30,2026-08-18T10:00:00+05:30
bkg_b84debdb,usr_1c8154b9,trp_fc58b9bd,,3CBB3A,web,29049.23,INR,3112.42,idem_19074af608f30d49,cancelled,,2026-07-15T22:00:00+05:30,Duplicate booking,2026-07-07T22:00:00+05:30,2026-08-18T10:00:00+05:30
bkg_05e443f8,usr_d23b92e9,,,1B7A84,web,17026.06,INR,1824.22,idem_d003889ca1d96b9b,confirmed,2026-05-12T12:02:00+05:30,,,2026-05-12T12:00:00+05:30,2026-08-18T10:00:00+05:30
bkg_8dffc4f1,usr_651a4d17,trp_e0e73f4f,,6E5348,mobile_app,54895.60,INR,5881.67,idem_ed8c88f3240517eb,cancelled,,2026-05-21T12:30:00+05:30,Duplicate booking,2026-05-09T12:30:00+05:30,2026-08-18T10:00:00+05:30
bkg_875fa7a5,usr_5f1e6e1c,trp_7945b3eb,,7C60C4,call_centre,29395.02,INR,3149.47,idem_a4565e3be229b570,confirmed,2026-08-10T18:17:00+05:30,,,2026-08-10T18:15:00+05:30,2026-08-18T10:00:00+05:30
bkg_eb66672e,usr_6a108f4e,,,34F37A,partner,12712.63,THB,1362.07,idem_45bfe73d21c15575,confirmed,2026-04-29T09:02:00+05:30,,,2026-04-29T09:00:00+05:30,2026-08-18T10:00:00+05:30
bkg_245fd422,usr_dce3bc90,,,4C2970,web,4721.58,AED,505.88,idem_3c5a9f63baac2bb3,confirmed,2026-06-08T08:47:00+05:30,,,2026-06-08T08:45:00+05:30,2026-08-18T10:00:00+05:30
bkg_806fa671,usr_abb36fee,trp_e060228a,,B98E5F,web,3170.84,INR,339.73,idem_b9d01d3c09fb93c8,confirmed,2026-06-22T19:32:00+05:30,,,2026-06-22T19:30:00+05:30,2026-08-18T10:00:00+05:30
bkg_bb99d854,usr_36c3dbed,trp_ab6c0ec2,,50D408,web,20794.08,INR,2227.94,idem_5bac616846eb462c,confirmed,2026-06-25T16:17:00+05:30,,,2026-06-25T16:15:00+05:30,2026-08-18T10:00:00+05:30
bkg_23107b36,usr_037c5821,,,601614,web,21695.86,INR,2324.56,idem_2afe03eb031277d7,confirmed,2026-05-07T18:02:00+05:30,,,2026-05-07T18:00:00+05:30,2026-08-18T10:00:00+05:30
bkg_9838a51a,usr_49c29e32,trp_cc443308,,071553,web,43343.69,INR,4643.97,idem_2c4d39862fcda8ba,confirmed,2026-07-16T22:47:00+05:30,,,2026-07-16T22:45:00+05:30,2026-08-18T10:00:00+05:30
bkg_3653d749,usr_5dec704e,trp_19bd0b98,,35D61E,agent,7396.86,NPR,792.52,idem_8753940ec6620a43,partially_confirmed,2026-06-18T21:32:00+05:30,,,2026-06-18T21:30:00+05:30,2026-08-18T10:00:00+05:30
bkg_0033a75a,usr_ea269383,trp_fc64f16e,,489D05,web,16843.87,INR,1804.70,idem_27383d618ca05dbe,confirmed,2026-05-09T09:17:00+05:30,,,2026-05-09T09:15:00+05:30,2026-08-18T10:00:00+05:30
bkg_e3937435,usr_bedf358a,,,DD13C4,web,5351.11,INR,573.33,idem_036f9de81fa4d480,pending,,,,2026-04-30T03:00:00+05:30,2026-08-18T10:00:00+05:30
bkg_924c4eae,usr_9473419d,trp_84855866,,8177AB,web,5757.21,LKR,616.84,idem_eb895bb0b92355d4,confirmed,2026-04-25T06:32:00+05:30,,,2026-04-25T06:30:00+05:30,2026-08-18T10:00:00+05:30
bkg_be4ec47c,usr_b8779399,trp_f6031e74,,064853,web,42087.00,INR,4509.32,idem_88de53a026c194b6,confirmed,2026-05-10T20:02:00+05:30,,,2026-05-10T20:00:00+05:30,2026-08-18T10:00:00+05:30
bkg_5bc65396,usr_2433031a,trp_1c6b709c,,D23F45,mobile_app,10957.46,INR,1174.01,idem_b66cbe4c0923710c,confirmed,2026-07-20T18:02:00+05:30,,,2026-07-20T18:00:00+05:30,2026-08-18T10:00:00+05:30
bkg_8071c030,usr_ddcb196c,trp_f9ef6a50,,A241F1,mobile_app,24698.04,AED,2646.22,idem_a734f163ce88eeb0,confirmed,2026-06-08T18:47:00+05:30,,,2026-06-08T18:45:00+05:30,2026-08-18T10:00:00+05:30
bkg_25bd2d07,usr_db178dbf,trp_994bc238,,E9EEB1,web,16317.12,INR,1748.26,idem_03e85f252d1ca13e,confirmed,2026-05-24T09:47:00+05:30,,,2026-05-24T09:45:00+05:30,2026-08-18T10:00:00+05:30
bkg_fd460306,usr_dcc95fd2,trp_a41af335,,2467CB,mobile_app,9299.65,NPR,996.39,idem_bc4c0c16682642bc,cancelled,,2026-06-23T19:30:00+05:30,Plans changed,2026-06-21T19:30:00+05:30,2026-08-18T10:00:00+05:30
bkg_111c6a8b,usr_f855344d,trp_3c03178d,,A1F658,web,19193.81,INR,2056.48,idem_748df008fe92f2a0,pending,,,,2026-06-20T02:45:00+05:30,2026-08-18T10:00:00+05:30
bkg_b7f642a3,usr_0a31df91,,,D30853,partner,16126.50,INR,1727.84,idem_b6960462e457e3f0,confirmed,2026-08-17T20:17:00+05:30,,,2026-08-17T20:15:00+05:30,2026-08-18T10:00:00+05:30
bkg_75c9f285,usr_81005fa8,,,350A80,web,29761.67,INR,3188.75,idem_195e2bc61983fdaf,partially_confirmed,2026-04-27T07:47:00+05:30,,,2026-04-27T07:45:00+05:30,2026-08-18T10:00:00+05:30
bkg_977c9c21,usr_4022bd9b,trp_5df54ac3,,113998,partner,24146.08,INR,2587.08,idem_12fdaaa9fffdfc8f,confirmed,2026-05-11T08:02:00+05:30,,,2026-05-11T08:00:00+05:30,2026-08-18T10:00:00+05:30
bkg_a287a908,usr_d8cab59f,trp_e469328d,,049A37,call_centre,6580.92,INR,705.10,idem_bb4a3712b331e6f0,confirmed,2026-07-17T02:17:00+05:30,,,2026-07-17T02:15:00+05:30,2026-08-18T10:00:00+05:30
bkg_ff735ba8,usr_9181bfe3,,,1863F2,web,65066.22,INR,6971.38,idem_65e75c193191031c,cancelled,,2026-05-21T00:45:00+05:30,Found a better rate,2026-05-11T00:45:00+05:30,2026-08-18T10:00:00+05:30
bkg_241ff7b3,usr_78bee927,trp_d729f422,,E5FA85,mobile_app,2234.77,INR,239.44,idem_8304aabc1ea20214,confirmed,2026-05-30T06:02:00+05:30,,,2026-05-30T06:00:00+05:30,2026-08-18T10:00:00+05:30
bkg_08269c1e,usr_c4dc3602,trp_f45d3ef9,,8BDBC4,web,65449.23,INR,7012.42,idem_0b075a98b962ae43,cancelled,,2026-07-23T05:45:00+05:30,Plans changed,2026-07-19T05:45:00+05:30,2026-08-18T10:00:00+05:30
bkg_383d0e36,usr_9cb9eedc,trp_0cf04e06,,0743E6,agent,21628.06,INR,2317.29,idem_bd5c2ed089d6305d,confirmed,2026-07-20T18:02:00+05:30,,,2026-07-20T18:00:00+05:30,2026-08-18T10:00:00+05:30
bkg_ec6f9abc,usr_b6d5d98c,trp_bacdeb91,,F5B8D8,web,7314.16,INR,783.66,idem_50f3fdc29e893ad3,confirmed,2026-07-27T06:02:00+05:30,,,2026-07-27T06:00:00+05:30,2026-08-18T10:00:00+05:30
bkg_874fcd2d,usr_7ad82b11,,,1F47F3,web,8182.50,THB,876.70,idem_0886e59dcc02ee42,confirmed,2026-07-21T14:02:00+05:30,,,2026-07-21T14:00:00+05:30,2026-08-18T10:00:00+05:30
bkg_5012c5dd,usr_88af6903,trp_411ac676,,09B518,mobile_app,65798.95,INR,7049.89,idem_12556eb2d47229f4,cancelled,,2026-05-19T05:45:00+05:30,Plans changed,2026-05-10T05:45:00+05:30,2026-08-18T10:00:00+05:30
bkg_03be541b,usr_d8cab59f,trp_e469328d,,20BCA0,mobile_app,6116.54,INR,655.34,idem_c51f430844c1c760,confirmed,2026-08-03T02:02:00+05:30,,,2026-08-03T02:00:00+05:30,2026-08-18T10:00:00+05:30
bkg_65f0481e,usr_76c235d5,,,78F173,mobile_app,23372.42,INR,2504.19,idem_08bc02b483e7faf1,failed,,,,2026-05-30T07:30:00+05:30,2026-08-18T10:00:00+05:30
bkg_3774d085,usr_65303113,,,D4AE52,call_centre,6275.86,AED,672.41,idem_9281ec23b3b23fc9,confirmed,2026-05-27T20:02:00+05:30,,,2026-05-27T20:00:00+05:30,2026-08-18T10:00:00+05:30
bkg_ff12b62d,usr_78afc45f,trp_89b7c125,,BB8704,mobile_app,4513.60,INR,483.60,idem_92421a855bf70e2e,confirmed,2026-05-02T14:02:00+05:30,,,2026-05-02T14:00:00+05:30,2026-08-18T10:00:00+05:30
bkg_c181180a,usr_ad8b46f0,,,29CDF4,web,4940595.06,IDR,529349.47,idem_dd226b436f629e9a,confirmed,2026-06-24T18:32:00+05:30,,,2026-06-24T18:30:00+05:30,2026-08-18T10:00:00+05:30
bkg_d6e175c8,usr_b96ef58c,trp_acaf45e7,,725FD4,agent,497.45,MYR,53.30,idem_0e0add5f21e39557,confirmed,2026-06-05T22:02:00+05:30,,,2026-06-05T22:00:00+05:30,2026-08-18T10:00:00+05:30
bkg_934d31c1,usr_d8cab59f,,,2850B9,web,31767.64,INR,3403.68,idem_29aa4676ecc9e37a,cancelled,,2026-06-07T22:15:00+05:30,Trip postponed,2026-05-22T22:15:00+05:30,2026-08-18T10:00:00+05:30
bkg_773b52df,usr_97d7df2b,trp_0e733795,,520563,web,15305.67,INR,1639.89,idem_0af61e87e647bb63,confirmed,2026-07-27T05:17:00+05:30,,,2026-07-27T05:15:00+05:30,2026-08-18T10:00:00+05:30
bkg_9de07682,usr_b50df034,trp_ca70f1c6,,EE61D1,web,6928.72,INR,742.36,idem_a639a88b28896f8f,confirmed,2026-06-11T10:47:00+05:30,,,2026-06-11T10:45:00+05:30,2026-08-18T10:00:00+05:30
bkg_a2488f26,usr_da6b9625,trp_4c256d1e,,557389,partner,14274.87,NPR,1529.45,idem_9f69c4f83c8cbcfb,confirmed,2026-04-30T10:47:00+05:30,,,2026-04-30T10:45:00+05:30,2026-08-18T10:00:00+05:30
bkg_b220e601,usr_17083a9e,,,AF8D40,web,18091.72,INR,1938.40,idem_1838b2a53b6a3e9b,confirmed,2026-05-10T22:02:00+05:30,,,2026-05-10T22:00:00+05:30,2026-08-18T10:00:00+05:30
bkg_bf3153e2,usr_7101a5b5,trp_1bb1485b,,B0E0AD,mobile_app,6250.28,INR,669.67,idem_63c15b569b81530d,confirmed,2026-06-12T09:17:00+05:30,,,2026-06-12T09:15:00+05:30,2026-08-18T10:00:00+05:30
bkg_502401d7,usr_42a441dc,trp_d647222e,,237C97,mobile_app,69024.49,INR,7395.48,idem_9e1a25938e1021cd,confirmed,2026-08-13T05:32:00+05:30,,,2026-08-13T05:30:00+05:30,2026-08-18T10:00:00+05:30
bkg_c7e921d6,usr_2209582f,trp_bbf16dcd,,F57F99,mobile_app,480.03,AED,51.43,idem_79ea31b8e93a4b5d,confirmed,2026-08-08T19:47:00+05:30,,,2026-08-08T19:45:00+05:30,2026-08-18T10:00:00+05:30
bkg_8ed96f53,usr_bbd1ced8,trp_ca5546b3,,CF58C3,agent,25508.02,INR,2733.00,idem_45fbd4bdb881aba4,confirmed,2026-06-11T01:02:00+05:30,,,2026-06-11T01:00:00+05:30,2026-08-18T10:00:00+05:30
bkg_dc02d57b,usr_2b4223b2,trp_7c20b912,,AECA39,web,691.64,MYR,74.10,idem_60ba4b823f0ed8df,confirmed,2026-05-21T08:02:00+05:30,,,2026-05-21T08:00:00+05:30,2026-08-18T10:00:00+05:30
bkg_d804c507,usr_991a1e29,trp_034ee3ea,,0DDB82,web,17454.60,INR,1870.14,idem_c042ddd5dcc36d18,confirmed,2026-05-12T15:17:00+05:30,,,2026-05-12T15:15:00+05:30,2026-08-18T10:00:00+05:30
bkg_44c085f0,usr_2e849b83,trp_e5ff1490,,250FA3,mobile_app,16519.15,THB,1769.91,idem_db67655e635f4098,confirmed,2026-07-22T10:32:00+05:30,,,2026-07-22T10:30:00+05:30,2026-08-18T10:00:00+05:30
bkg_1d247676,usr_cb0928ac,trp_f2bf08e7,,69E254,web,8807.36,NPR,943.65,idem_ede126857d14dd64,confirmed,2026-06-09T11:17:00+05:30,,,2026-06-09T11:15:00+05:30,2026-08-18T10:00:00+05:30
bkg_c160a0b4,usr_42a441dc,trp_d647222e,,ABB265,web,21745.72,INR,2329.90,idem_b13395011085113d,cancelled,,2026-05-22T01:30:00+05:30,Found a better rate,2026-05-06T01:30:00+05:30,2026-08-18T10:00:00+05:30
bkg_59637645,usr_2c93ab7f,,,22CB70,mobile_app,41587.08,INR,4455.76,idem_014783f82d198770,confirmed,2026-07-19T10:47:00+05:30,,,2026-07-19T10:45:00+05:30,2026-08-18T10:00:00+05:30
bkg_4ce78ef2,usr_424aaa79,,,AF97A8,mobile_app,25269.56,INR,2707.45,idem_f98f56e29a25c6be,cancelled,,2026-06-17T19:00:00+05:30,Duplicate booking,2026-05-30T19:00:00+05:30,2026-08-18T10:00:00+05:30
bkg_c98293bf,usr_525b1d3c,trp_0d9ed6f6,,952096,web,6463.06,INR,692.47,idem_b7ffed3792982e13,confirmed,2026-06-25T09:32:00+05:30,,,2026-06-25T09:30:00+05:30,2026-08-18T10:00:00+05:30
bkg_8a0aff0c,usr_8ddbc4ab,,,44134A,mobile_app,6761.80,THB,724.48,idem_4ff7d342359b4fac,confirmed,2026-04-28T17:02:00+05:30,,,2026-04-28T17:00:00+05:30,2026-08-18T10:00:00+05:30
bkg_303c0d8a,usr_b8779399,trp_ccff079f,,A9A72A,mobile_app,76853.71,INR,8234.33,idem_15540c1615ec2ee2,confirmed,2026-06-08T03:02:00+05:30,,,2026-06-08T03:00:00+05:30,2026-08-18T10:00:00+05:30
bkg_e3afa36c,usr_1cec1f14,trp_0ea3db93,,D87326,call_centre,14966.16,INR,1603.52,idem_3593cae86aba9609,refunded,,2026-07-12T09:45:00+05:30,Plans changed,2026-06-26T09:45:00+05:30,2026-08-18T10:00:00+05:30
bkg_a2dfa5f5,usr_8e84ba7a,trp_cdf7d1fa,,21CBE7,mobile_app,15647.30,INR,1676.50,idem_2a60e02a38340618,confirmed,2026-05-07T04:17:00+05:30,,,2026-05-07T04:15:00+05:30,2026-08-18T10:00:00+05:30
bkg_631e4e66,usr_efe9a3aa,trp_ed8dc5fe,,93DFDB,web,13033.53,INR,1396.45,idem_8e657b3d57773e27,pending,,,,2026-07-29T03:15:00+05:30,2026-08-18T10:00:00+05:30
bkg_0c0572a9,usr_9473419d,trp_84855866,,557E64,call_centre,40449.71,INR,4333.90,idem_16d58a490de61a3e,confirmed,2026-06-06T07:02:00+05:30,,,2026-06-06T07:00:00+05:30,2026-08-18T10:00:00+05:30
bkg_6ce48794,usr_ca24d130,,,A36755,mobile_app,7278.22,INR,779.81,idem_5bdc9a3ca83ae148,pending,,,,2026-04-25T02:30:00+05:30,2026-08-18T10:00:00+05:30
bkg_77c8a789,usr_c60b1837,trp_5ad6c4c8,,E6FB3C,mobile_app,33633.53,INR,3603.59,idem_41b6a0b0119d5bf5,confirmed,2026-08-02T00:32:00+05:30,,,2026-08-02T00:30:00+05:30,2026-08-18T10:00:00+05:30
bkg_0db32491,usr_72dfb712,trp_e617ca9d,,EBAA52,mobile_app,8139.80,JPY,872.12,idem_45c1fd82db1520c6,confirmed,2026-07-06T11:17:00+05:30,,,2026-07-06T11:15:00+05:30,2026-08-18T10:00:00+05:30
bkg_667dd219,usr_c24f45f3,trp_7fa3c6c3,,D9EE8E,web,9961.16,NPR,1067.27,idem_1c9786fec0aca9d4,confirmed,2026-08-17T08:17:00+05:30,,,2026-08-17T08:15:00+05:30,2026-08-18T10:00:00+05:30
bkg_8173f4e7,usr_e27e3b52,trp_cf3db507,,29BBC8,web,53955.76,INR,5780.97,idem_dce63103d4b371bc,confirmed,2026-06-05T08:17:00+05:30,,,2026-06-05T08:15:00+05:30,2026-08-18T10:00:00+05:30
bkg_b90e94c5,usr_42dc4da4,trp_8080637f,,4D0218,mobile_app,12904.67,INR,1382.64,idem_4da2f2681293e74c,confirmed,2026-06-21T12:32:00+05:30,,,2026-06-21T12:30:00+05:30,2026-08-18T10:00:00+05:30
bkg_c3c2e2e6,usr_61710d50,,,2058B5,partner,43517.08,INR,4662.54,idem_02b9b5cec534bdfa,confirmed,2026-08-05T12:17:00+05:30,,,2026-08-05T12:15:00+05:30,2026-08-18T10:00:00+05:30
bkg_91e15a6b,usr_d89a661b,trp_f1bbbfc4,,141336,mobile_app,11486.23,INR,1230.67,idem_73c1a8231dc0e42e,confirmed,2026-07-19T03:02:00+05:30,,,2026-07-19T03:00:00+05:30,2026-08-18T10:00:00+05:30
bkg_18e798de,usr_a531d952,trp_c2f959a5,,675C6D,mobile_app,6399.03,INR,685.61,idem_fa361fae8bbd0b14,confirmed,2026-05-11T10:32:00+05:30,,,2026-05-11T10:30:00+05:30,2026-08-18T10:00:00+05:30
bkg_788e9164,usr_840ca16a,trp_f83ed4d2,,731B73,agent,2360.79,AED,252.94,idem_cbe5c4ef27f836bf,confirmed,2026-04-30T20:17:00+05:30,,,2026-04-30T20:15:00+05:30,2026-08-18T10:00:00+05:30
bkg_3501490f,usr_1dc8f83e,trp_66313d66,,E3D2DD,mobile_app,38311.54,INR,4104.81,idem_a0df42134ac1e405,confirmed,2026-08-08T18:02:00+05:30,,,2026-08-08T18:00:00+05:30,2026-08-18T10:00:00+05:30
bkg_fae7dff2,usr_7576a6e0,trp_6a550f89,,B602FA,mobile_app,7026.26,INR,752.81,idem_5ca8fe020fa99751,confirmed,2026-04-25T11:02:00+05:30,,,2026-04-25T11:00:00+05:30,2026-08-18T10:00:00+05:30
bkg_415a7ebf,usr_5f5edf0f,trp_caf05844,,40C0C7,web,11153.40,INR,1195.01,idem_4984271d46e8c937,confirmed,2026-08-04T02:32:00+05:30,,,2026-08-04T02:30:00+05:30,2026-08-18T10:00:00+05:30
bkg_4ab08bbd,usr_2de68d4f,trp_4eec7794,,BB029B,web,26578.65,INR,2847.71,idem_d979944e5665fc1c,confirmed,2026-07-03T00:02:00+05:30,,,2026-07-03T00:00:00+05:30,2026-08-18T10:00:00+05:30
bkg_25c65fad,usr_13d8f6bd,trp_ce0a9b4e,,54E3BA,web,43357.83,INR,4645.48,idem_b4fb1e98d74ce45e,pending,,,,2026-08-13T11:30:00+05:30,2026-08-18T10:00:00+05:30
bkg_0d67de6b,usr_67de0711,,,57A7C3,mobile_app,12022.33,INR,1288.11,idem_2df0352632a6f3e3,confirmed,2026-04-28T05:32:00+05:30,,,2026-04-28T05:30:00+05:30,2026-08-18T10:00:00+05:30
bkg_02d53d9e,usr_24e54a31,trp_d1b2a8eb,,3CDC81,partner,112544.66,INR,12058.36,idem_a3419edb58c53002,confirmed,2026-06-17T00:17:00+05:30,,,2026-06-17T00:15:00+05:30,2026-08-18T10:00:00+05:30
bkg_9a223753,usr_f12ab863,trp_c4c131cd,,3B5FFC,mobile_app,20506.42,AED,2197.12,idem_573cddfb5cde9046,confirmed,2026-04-21T17:17:00+05:30,,,2026-04-21T17:15:00+05:30,2026-08-18T10:00:00+05:30
bkg_b76b9508,usr_e6dca418,trp_d46d667f,,1283E1,call_centre,1007.91,MYR,107.99,idem_a839d2ebbf345400,confirmed,2026-05-08T03:17:00+05:30,,,2026-05-08T03:15:00+05:30,2026-08-18T10:00:00+05:30
bkg_98b09532,usr_969a0636,trp_ddc1ac3a,,35B75E,web,23438.55,INR,2511.27,idem_6e695819ddd82378,confirmed,2026-07-29T04:02:00+05:30,,,2026-07-29T04:00:00+05:30,2026-08-18T10:00:00+05:30
bkg_f4babe9d,usr_55b114d5,trp_df4fb834,,9F1FC1,web,27573.93,SGD,2954.35,idem_cda8ae7984db68d1,cancelled,,2026-07-05T13:30:00+05:30,Duplicate booking,2026-07-02T13:30:00+05:30,2026-08-18T10:00:00+05:30
bkg_a847640c,usr_8e272905,,,F1AF9E,call_centre,40411.37,INR,4329.79,idem_a9d2bd15d5c8f009,cancelled,,2026-08-14T07:30:00+05:30,Duplicate booking,2026-08-07T07:30:00+05:30,2026-08-18T10:00:00+05:30
bkg_fd31a888,usr_8e56e75b,trp_154f5086,,632343,mobile_app,17104613.55,IDR,1832637.17,idem_1b189b99bbdb4d72,confirmed,2026-05-13T08:17:00+05:30,,,2026-05-13T08:15:00+05:30,2026-08-18T10:00:00+05:30
bkg_55124906,usr_cb0928ac,trp_f2bf08e7,,C145A9,web,4666.97,INR,500.03,idem_00630bcae07c8aac,confirmed,2026-06-04T17:02:00+05:30,,,2026-06-04T17:00:00+05:30,2026-08-18T10:00:00+05:30
bkg_c0d4d001,usr_63d6db20,trp_a0a40e8a,,ABD7AF,web,4713.90,INR,505.06,idem_ef7382cf9c216406,confirmed,2026-08-09T23:32:00+05:30,,,2026-08-09T23:30:00+05:30,2026-08-18T10:00:00+05:30
bkg_69d2b3a3,usr_22e61dad,trp_b355e443,,D44282,mobile_app,9749.57,NPR,1044.60,idem_cac6b8c4f751aca2,pending,,,,2026-07-24T05:30:00+05:30,2026-08-18T10:00:00+05:30
bkg_28935cd1,usr_65303113,trp_5263ffa3,,BF2007,mobile_app,9267863.11,IDR,992985.33,idem_de6a8339a75a109b,pending,,,,2026-05-15T00:30:00+05:30,2026-08-18T10:00:00+05:30
bkg_5e2a1b8e,usr_e3b9431c,trp_8580f983,,4DA3AB,mobile_app,36930.01,INR,3956.79,idem_74937797aeb741c7,confirmed,2026-08-05T21:17:00+05:30,,,2026-08-05T21:15:00+05:30,2026-08-18T10:00:00+05:30
bkg_e76ea642,usr_ca6dc019,,,290CF8,web,54872.61,INR,5879.21,idem_7ce28ad0a575d502,confirmed,2026-07-03T12:32:00+05:30,,,2026-07-03T12:30:00+05:30,2026-08-18T10:00:00+05:30
bkg_7df09cdd,usr_72796feb,trp_fda57035,,A144B8,web,20875.37,IDR,2236.65,idem_5764ab10e8813835,confirmed,2026-04-20T04:02:00+05:30,,,2026-04-20T04:00:00+05:30,2026-08-18T10:00:00+05:30
bkg_4d650ab5,usr_55b114d5,trp_df4fb834,,ED7255,web,34334.88,INR,3678.74,idem_79c6de29279d3703,partially_confirmed,2026-05-12T04:17:00+05:30,,,2026-05-12T04:15:00+05:30,2026-08-18T10:00:00+05:30
bkg_2bc03520,usr_aaf1c470,trp_2472305e,,426B0C,call_centre,83179.67,INR,8912.11,idem_86e713335375a13c,partially_confirmed,2026-08-05T09:17:00+05:30,,,2026-08-05T09:15:00+05:30,2026-08-18T10:00:00+05:30
bkg_cca5c069,usr_ae648c19,trp_ef522093,,00E959,web,3996.42,QAR,428.19,idem_a2afd8435cb01da9,confirmed,2026-06-10T11:02:00+05:30,,,2026-06-10T11:00:00+05:30,2026-08-18T10:00:00+05:30
bkg_12afcde3,usr_52de2228,trp_1c384989,,5E6B8C,web,9086.18,INR,973.52,idem_240c1e6ac0efd93d,failed,,,,2026-07-29T17:45:00+05:30,2026-08-18T10:00:00+05:30
bkg_80acd649,usr_d1c73fb8,,,B38EF6,web,41829.24,INR,4481.70,idem_9e36226e92bfed05,confirmed,2026-07-07T07:47:00+05:30,,,2026-07-07T07:45:00+05:30,2026-08-18T10:00:00+05:30
bkg_cef81eca,usr_4b9412c5,,,91A392,web,38227.82,INR,4095.84,idem_e55b992d6cf72159,confirmed,2026-05-28T23:02:00+05:30,,,2026-05-28T23:00:00+05:30,2026-08-18T10:00:00+05:30
bkg_09b8fafd,usr_b96ef58c,trp_5bb207b2,,05968D,web,1108.23,SGD,118.74,idem_de257ce49533d428,confirmed,2026-05-30T05:02:00+05:30,,,2026-05-30T05:00:00+05:30,2026-08-18T10:00:00+05:30
bkg_f9001990,usr_7f9533ad,trp_a00e9d0f,,EC8C2B,web,14324.60,LKR,1534.78,idem_6b7260d045fcc6b8,pending,,,,2026-07-17T01:00:00+05:30,2026-08-18T10:00:00+05:30
bkg_d7c7ec26,usr_60e00854,trp_503f7948,,979E90,mobile_app,62067.56,INR,6650.10,idem_fd9621633e0a36e7,confirmed,2026-06-10T01:32:00+05:30,,,2026-06-10T01:30:00+05:30,2026-08-18T10:00:00+05:30
bkg_3fe27bb5,usr_c60b1837,,,23E3F6,web,18490.42,INR,1981.12,idem_b3c166b17e4cb279,cancelled,,2026-08-17T21:15:00+05:30,Duplicate booking,2026-07-30T21:15:00+05:30,2026-08-18T10:00:00+05:30
bkg_f7763644,usr_81005fa8,trp_479e8ab9,,183992,mobile_app,7862.20,INR,842.38,idem_8df914bdc6a18563,pending,,,,2026-04-25T04:30:00+05:30,2026-08-18T10:00:00+05:30
bkg_7eec603a,usr_9cb9eedc,trp_0cf04e06,,EED0E8,partner,17380.22,INR,1862.17,idem_2daeec8b595a460a,cancelled,,2026-07-19T20:00:00+05:30,Trip postponed,2026-07-08T20:00:00+05:30,2026-08-18T10:00:00+05:30
bkg_d06d7285,usr_e5b92b52,trp_78241f22,,077846,web,28609.24,INR,3065.28,idem_628efa9339c987a3,confirmed,2026-06-24T08:02:00+05:30,,,2026-06-24T08:00:00+05:30,2026-08-18T10:00:00+05:30
bkg_63d7c464,usr_24e54a31,trp_25a53353,,2B6279,mobile_app,32202.67,INR,3450.29,idem_fbfe65d5e5e8c5ee,confirmed,2026-08-14T04:47:00+05:30,,,2026-08-14T04:45:00+05:30,2026-08-18T10:00:00+05:30
bkg_bfd780dc,usr_96b84c82,trp_c4fe9d44,,24FB68,web,19849.63,INR,2126.75,idem_56b24617276f8b4b,failed,,,,2026-06-05T23:00:00+05:30,2026-08-18T10:00:00+05:30
bkg_cb5137ac,usr_81dbf021,trp_8d9b71fd,,0E0FD0,web,19503.39,IDR,2089.65,idem_058238f40abe72b2,partially_confirmed,2026-07-21T05:32:00+05:30,,,2026-07-21T05:30:00+05:30,2026-08-18T10:00:00+05:30
bkg_b6e3b4e3,usr_08b8f8e9,,,68F144,web,27139.08,INR,2907.76,idem_7d5ac7a5ef387c38,confirmed,2026-06-21T01:17:00+05:30,,,2026-06-21T01:15:00+05:30,2026-08-18T10:00:00+05:30
bkg_9ff9f1d3,usr_76ac5087,trp_ffce7c33,,34225C,mobile_app,6662.63,MYR,713.85,idem_2562c7233764aaa2,confirmed,2026-05-20T02:02:00+05:30,,,2026-05-20T02:00:00+05:30,2026-08-18T10:00:00+05:30
bkg_b1fb2f94,usr_d7bc2e8d,trp_997cc8cc,,6A2741,web,1307.52,SGD,140.09,idem_05302ba7c004517c,partially_confirmed,2026-05-30T07:47:00+05:30,,,2026-05-30T07:45:00+05:30,2026-08-18T10:00:00+05:30
bkg_c75b632f,usr_1cec1f14,trp_0ea3db93,,C0E2FD,partner,22098.20,INR,2367.66,idem_4027035d2b9fe8fb,confirmed,2026-05-02T17:32:00+05:30,,,2026-05-02T17:30:00+05:30,2026-08-18T10:00:00+05:30
bkg_a54fe830,usr_5307f01f,,,824727,mobile_app,6522.62,MYR,698.85,idem_0edc979075b8a35b,confirmed,2026-05-07T14:17:00+05:30,,,2026-05-07T14:15:00+05:30,2026-08-18T10:00:00+05:30
bkg_921de17b,usr_81dbf021,trp_1af71903,,993502,mobile_app,4286.22,MVR,459.24,idem_ea184290082296b4,confirmed,2026-07-09T01:17:00+05:30,,,2026-07-09T01:15:00+05:30,2026-08-18T10:00:00+05:30
bkg_f5499d89,usr_85c09ee4,trp_f861423a,,7ABD09,partner,7980.76,INR,855.08,idem_78ad561bdf273ce9,pending,,,,2026-05-22T09:30:00+05:30,2026-08-18T10:00:00+05:30
bkg_c1714eb6,usr_08b8f8e9,trp_a62adcb1,,B4EED6,mobile_app,18379.73,INR,1969.26,idem_836139d0db1a988e,confirmed,2026-07-27T06:02:00+05:30,,,2026-07-27T06:00:00+05:30,2026-08-18T10:00:00+05:30
bkg_127c4532,usr_701b0010,trp_358447d8,,92FC44,web,15219.41,INR,1630.65,idem_bd400120807e20e7,partially_confirmed,2026-07-18T16:32:00+05:30,,,2026-07-18T16:30:00+05:30,2026-08-18T10:00:00+05:30
bkg_cc354093,usr_2109396c,trp_924dd4a3,,51CCCA,mobile_app,88347.86,INR,9465.84,idem_f58eddd406a8025a,confirmed,2026-06-27T06:17:00+05:30,,,2026-06-27T06:15:00+05:30,2026-08-18T10:00:00+05:30
bkg_dc5c34ab,usr_fa851b11,,,4FB562,web,8699.35,INR,932.07,idem_0378abb93dc56e77,confirmed,2026-04-21T06:02:00+05:30,,,2026-04-21T06:00:00+05:30,2026-08-18T10:00:00+05:30
bkg_cd941cd2,usr_0dc99bd5,,,F9D180,mobile_app,1858.05,AED,199.08,idem_081aed638a029837,partially_confirmed,2026-07-10T14:32:00+05:30,,,2026-07-10T14:30:00+05:30,2026-08-18T10:00:00+05:30
bkg_d26c0d87,usr_e6dca418,trp_d46d667f,,B87093,web,6317.63,NPR,676.89,idem_f5b4be7057a87d2d,confirmed,2026-08-16T16:17:00+05:30,,,2026-08-16T16:15:00+05:30,2026-08-18T10:00:00+05:30
bkg_495fa44e,usr_48f9bd76,trp_e59e0b3d,,6CCB3B,web,9264.62,INR,992.64,idem_b4f149bafeb483ae,refunded,,2026-08-09T17:00:00+05:30,Found a better rate,2026-08-01T17:00:00+05:30,2026-08-18T10:00:00+05:30
bkg_82fb696a,usr_aaf1c470,trp_2472305e,,7C93DA,partner,22872.91,INR,2450.67,idem_87fa9315d38b26a9,confirmed,2026-06-12T06:17:00+05:30,,,2026-06-12T06:15:00+05:30,2026-08-18T10:00:00+05:30
bkg_73553003,usr_8e84ba7a,trp_bfc1339e,,91614A,mobile_app,21995.93,INR,2356.71,idem_49321b6fe0c1b10d,failed,,,,2026-08-15T02:00:00+05:30,2026-08-18T10:00:00+05:30
bkg_b0b0d364,usr_353c55a8,trp_d7693837,,30EC07,mobile_app,55648.92,INR,5962.38,idem_37150e6bf4f110c8,confirmed,2026-07-29T07:17:00+05:30,,,2026-07-29T07:15:00+05:30,2026-08-18T10:00:00+05:30
bkg_bb7c028d,usr_54e0dc44,trp_35d620ca,,F1DB97,web,9701.18,INR,1039.41,idem_06a6066e6054dec9,confirmed,2026-05-10T19:17:00+05:30,,,2026-05-10T19:15:00+05:30,2026-08-18T10:00:00+05:30
bkg_b7965b4d,usr_22d1a7e5,trp_8e6dec68,,4EF3DD,mobile_app,20073271.72,IDR,2150707.68,idem_4d8f8a68de922ea3,confirmed,2026-04-29T21:47:00+05:30,,,2026-04-29T21:45:00+05:30,2026-08-18T10:00:00+05:30
bkg_6d40f67b,usr_8e89346c,trp_a0b8b8af,,805D22,mobile_app,14217.39,INR,1523.29,idem_ccb8a5fe781cd629,cancelled,,2026-08-12T13:30:00+05:30,Duplicate booking,2026-08-04T13:30:00+05:30,2026-08-18T10:00:00+05:30
bkg_a1a22773,usr_c4b23b72,trp_3e798eae,,064569,mobile_app,7429.90,INR,796.06,idem_33196fb57d46793b,confirmed,2026-05-09T13:17:00+05:30,,,2026-05-09T13:15:00+05:30,2026-08-18T10:00:00+05:30
bkg_02d0da87,usr_8846d546,trp_3b4b53a6,,1367A3,web,2978.17,INR,319.09,idem_d15817f1f76526be,confirmed,2026-06-10T01:17:00+05:30,,,2026-06-10T01:15:00+05:30,2026-08-18T10:00:00+05:30
bkg_8a1b8d00,usr_d0571b95,,,7D7A08,mobile_app,8643.29,INR,926.07,idem_852f7ebbf43d4d9c,confirmed,2026-08-05T02:32:00+05:30,,,2026-08-05T02:30:00+05:30,2026-08-18T10:00:00+05:30
bkg_93698711,usr_2fca7c46,trp_47080e5b,,D1FF6B,web,6132.63,MYR,657.07,idem_75fd10a8970e2d6a,cancelled,,2026-07-15T03:15:00+05:30,Duplicate booking,2026-07-05T03:15:00+05:30,2026-08-18T10:00:00+05:30
bkg_2d9d4867,usr_8659fe93,trp_418cd9f5,,740A59,mobile_app,12720.83,INR,1362.95,idem_1af62384a0f2fc21,confirmed,2026-07-07T04:17:00+05:30,,,2026-07-07T04:15:00+05:30,2026-08-18T10:00:00+05:30
bkg_fad5f20d,usr_e6dca418,trp_d46d667f,,F4CE24,call_centre,100754.68,INR,10795.14,idem_129687548e0631a6,refunded,,2026-05-01T17:00:00+05:30,Found a better rate,2026-04-26T17:00:00+05:30,2026-08-18T10:00:00+05:30
bkg_fabd93b9,usr_da5d7284,trp_26ad6ac9,,1012AD,mobile_app,59912.29,INR,6419.17,idem_a6ab5f5ebcf10b49,confirmed,2026-07-02T00:02:00+05:30,,,2026-07-02T00:00:00+05:30,2026-08-18T10:00:00+05:30
bkg_5270fada,usr_e7b2dd09,trp_9af6e7d4,,621526,web,26384.47,INR,2826.91,idem_a14794cd332f89ae,confirmed,2026-08-14T16:17:00+05:30,,,2026-08-14T16:15:00+05:30,2026-08-18T10:00:00+05:30
bkg_445c083f,usr_d8024b62,trp_d98bd293,,23E174,web,11389.72,INR,1220.33,idem_5c3c1c9fb41ffae3,confirmed,2026-08-08T16:02:00+05:30,,,2026-08-08T16:00:00+05:30,2026-08-18T10:00:00+05:30
bkg_12b5d6b5,usr_5d24ab68,,,8471D6,mobile_app,29290.35,INR,3138.25,idem_4d5c84ce064bb37d,partially_confirmed,2026-08-17T04:32:00+05:30,,,2026-08-17T04:30:00+05:30,2026-08-18T10:00:00+05:30
bkg_4eaaba6c,usr_0551c67a,trp_7a22e52a,,3D4C4E,web,25610.05,INR,2743.93,idem_6b5b09041ba1a7d4,confirmed,2026-07-19T11:17:00+05:30,,,2026-07-19T11:15:00+05:30,2026-08-18T10:00:00+05:30
bkg_e5aad8b7,usr_24e54a31,trp_d1b2a8eb,,8FF548,mobile_app,677.54,THB,72.59,idem_3b27c48f9f74360a,partially_confirmed,2026-06-24T23:02:00+05:30,,,2026-06-24T23:00:00+05:30,2026-08-18T10:00:00+05:30
bkg_14c3bc8d,usr_4794cd34,trp_be19b00c,,5B0379,call_centre,9819.98,INR,1052.14,idem_ee720d3b041f17f6,partially_confirmed,2026-07-05T12:17:00+05:30,,,2026-07-05T12:15:00+05:30,2026-08-18T10:00:00+05:30
bkg_a5b21c59,usr_5c4f42ed,trp_856b6452,,450403,web,12939.61,INR,1386.39,idem_480056c69044a113,confirmed,2026-06-18T17:47:00+05:30,,,2026-06-18T17:45:00+05:30,2026-08-18T10:00:00+05:30
bkg_c7514579,usr_c94b68cc,,,9D4A11,call_centre,10198.92,INR,1092.74,idem_5036c23c00b845e2,confirmed,2026-07-13T18:32:00+05:30,,,2026-07-13T18:30:00+05:30,2026-08-18T10:00:00+05:30
bkg_2f9a2947,usr_78afc45f,trp_89b7c125,,80AFC8,web,103168.78,INR,11053.80,idem_5f7f4326e3392e29,confirmed,2026-08-17T10:02:00+05:30,,,2026-08-17T10:00:00+05:30,2026-08-18T10:00:00+05:30
bkg_d6549727,usr_243cefe8,trp_96471330,,3BBC4E,web,16238.61,MVR,1739.85,idem_2e0dc3612ca7c88a,confirmed,2026-07-08T00:17:00+05:30,,,2026-07-08T00:15:00+05:30,2026-08-18T10:00:00+05:30
bkg_833beaa1,usr_b9d5e7c6,trp_bc0dd54e,,36E1AA,mobile_app,113155.68,INR,12123.82,idem_5954c9642c51d5ba,pending,,,,2026-08-13T07:30:00+05:30,2026-08-18T10:00:00+05:30
bkg_88c3afdd,usr_5b31e64c,trp_cdc63a8d,,366B33,mobile_app,42968.22,INR,4603.74,idem_ddc9f4926f9527bf,confirmed,2026-06-15T22:17:00+05:30,,,2026-06-15T22:15:00+05:30,2026-08-18T10:00:00+05:30
bkg_6cb67548,usr_55b114d5,trp_df4fb834,,FD1D54,web,28827.25,INR,3088.63,idem_2c7d8de30f132ee6,confirmed,2026-05-25T21:17:00+05:30,,,2026-05-25T21:15:00+05:30,2026-08-18T10:00:00+05:30
bkg_58497747,usr_58d2b52f,trp_f0bbd941,,0993F5,mobile_app,4264.89,CHF,456.95,idem_66cad359cf269e7e,confirmed,2026-06-20T02:47:00+05:30,,,2026-06-20T02:45:00+05:30,2026-08-18T10:00:00+05:30
bkg_e4b90b82,usr_bbd1ced8,trp_f4115fa9,,6C6D00,web,6503.06,INR,696.76,idem_df0f39b54544ed8c,cancelled,,2026-06-05T13:15:00+05:30,Duplicate booking,2026-05-21T13:15:00+05:30,2026-08-18T10:00:00+05:30
bkg_9539a38a,usr_2da5bb04,,,96292E,web,10618.15,INR,1137.66,idem_8c3b3c6d5321d737,confirmed,2026-05-07T08:47:00+05:30,,,2026-05-07T08:45:00+05:30,2026-08-18T10:00:00+05:30
bkg_18ce7cea,usr_42dc4da4,trp_8080637f,,1EDD00,web,7328.14,QAR,785.16,idem_07eaeadb9ea73f46,confirmed,2026-08-01T11:17:00+05:30,,,2026-08-01T11:15:00+05:30,2026-08-18T10:00:00+05:30
bkg_e042ce4f,usr_7af1e427,trp_ba83403f,,0A8194,mobile_app,24021.58,INR,2573.74,idem_c39ed37cf11766aa,confirmed,2026-04-24T11:17:00+05:30,,,2026-04-24T11:15:00+05:30,2026-08-18T10:00:00+05:30
bkg_7271d271,usr_05d0be25,trp_c1e34627,,8BAE76,web,9955.25,LKR,1066.63,idem_b5472375f3ad0de8,cancelled,,2026-07-01T09:15:00+05:30,Duplicate booking,2026-06-27T09:15:00+05:30,2026-08-18T10:00:00+05:30
bkg_b0cc3a59,usr_5f5edf0f,,,3DE78F,partner,27692.21,INR,2967.02,idem_7157f53a1869e71a,confirmed,2026-06-16T22:47:00+05:30,,,2026-06-16T22:45:00+05:30,2026-08-18T10:00:00+05:30
bkg_e8f7a02d,usr_d89a661b,trp_f1bbbfc4,,278369,mobile_app,63041.26,INR,6754.42,idem_06ecc84693a902f9,confirmed,2026-06-20T02:47:00+05:30,,,2026-06-20T02:45:00+05:30,2026-08-18T10:00:00+05:30
bkg_4c771973,usr_ddfa0cd0,trp_22fafc52,,DF859E,mobile_app,16888.77,INR,1809.51,idem_cc9c70cca024e165,confirmed,2026-07-19T06:32:00+05:30,,,2026-07-19T06:30:00+05:30,2026-08-18T10:00:00+05:30
bkg_6c5484a5,usr_3a36b154,trp_06e06151,,9F6E25,web,11386.46,INR,1219.98,idem_89fd45590c96dac2,pending,,,,2026-06-26T08:30:00+05:30,2026-08-18T10:00:00+05:30
bkg_8e2509e9,usr_196ca537,trp_f9b54c2c,,3BCEE3,mobile_app,81688.24,INR,8752.31,idem_c32fe60cfa3a4e93,refunded,,2026-05-25T21:30:00+05:30,Found a better rate,2026-05-11T21:30:00+05:30,2026-08-18T10:00:00+05:30
bkg_5dfc2da6,usr_cb0928ac,trp_7fe2e631,,16B755,mobile_app,6696.91,INR,717.53,idem_2ce18c1c572f03e1,confirmed,2026-07-23T22:47:00+05:30,,,2026-07-23T22:45:00+05:30,2026-08-18T10:00:00+05:30
bkg_26a91b9f,usr_8b3ba681,trp_c6136493,,E4DC9B,web,5109.73,JPY,547.47,idem_2ec9365e3d85d4ad,confirmed,2026-05-07T09:02:00+05:30,,,2026-05-07T09:00:00+05:30,2026-08-18T10:00:00+05:30
bkg_bef8af39,usr_7af1e427,,,EB0306,mobile_app,20116.70,NPR,2155.36,idem_080540fe62f6b215,confirmed,2026-07-12T20:47:00+05:30,,,2026-07-12T20:45:00+05:30,2026-08-18T10:00:00+05:30
bkg_8c38da05,usr_dcc95fd2,trp_a41af335,,763DD5,web,7723.96,INR,827.57,idem_edb7c3f76b95eef5,confirmed,2026-08-12T19:47:00+05:30,,,2026-08-12T19:45:00+05:30,2026-08-18T10:00:00+05:30
bkg_d3d9c596,usr_f52d271a,trp_ebe52e65,,ADCD38,mobile_app,5452.27,INR,584.17,idem_121151e2fe598f5e,cancelled,,2026-05-29T00:45:00+05:30,Plans changed,2026-05-22T00:45:00+05:30,2026-08-18T10:00:00+05:30
bkg_cd945f2a,usr_34f98272,,,95C4C9,web,99255.12,INR,10634.48,idem_d0569a2bc8a0f40c,confirmed,2026-06-15T06:02:00+05:30,,,2026-06-15T06:00:00+05:30,2026-08-18T10:00:00+05:30
bkg_2e2b0c6f,usr_865c98a2,trp_d923c276,,17841B,web,20307.44,INR,2175.80,idem_ebd44ed99aa863e0,refunded,,2026-06-22T16:45:00+05:30,Duplicate booking,2026-06-06T16:45:00+05:30,2026-08-18T10:00:00+05:30
bkg_bfbff6dd,usr_4b816f33,trp_c3b40723,,0AF06C,web,33888.71,INR,3630.93,idem_64ad4c4188d8537a,confirmed,2026-05-20T15:47:00+05:30,,,2026-05-20T15:45:00+05:30,2026-08-18T10:00:00+05:30
bkg_e34b9f9d,usr_05306731,trp_cb6840c6,,1280DA,partner,18583.91,INR,1991.13,idem_93c78c2451feca55,cancelled,,2026-07-17T08:30:00+05:30,Trip postponed,2026-07-07T08:30:00+05:30,2026-08-18T10:00:00+05:30
bkg_54a02c17,usr_5f5edf0f,trp_caf05844,,773B9A,mobile_app,20176.02,THB,2161.72,idem_4b865d96242ef4ae,confirmed,2026-06-16T03:02:00+05:30,,,2026-06-16T03:00:00+05:30,2026-08-18T10:00:00+05:30
bkg_dac44b4d,usr_4420259c,,,BB7113,web,14723.65,INR,1577.53,idem_5db5053469e8cdfb,confirmed,2026-06-04T07:47:00+05:30,,,2026-06-04T07:45:00+05:30,2026-08-18T10:00:00+05:30
bkg_fefc7f0b,usr_c582abb2,trp_a7356ab0,,04E307,web,14753.96,INR,1580.78,idem_580cec8491d4dee9,confirmed,2026-05-16T00:32:00+05:30,,,2026-05-16T00:30:00+05:30,2026-08-18T10:00:00+05:30
bkg_6c0b45a8,usr_d504f21d,trp_8500bc75,,21DCF2,mobile_app,12652.53,INR,1355.63,idem_d50603628f987359,partially_confirmed,2026-05-06T16:47:00+05:30,,,2026-05-06T16:45:00+05:30,2026-08-18T10:00:00+05:30
bkg_02cfb41a,usr_08b8f8e9,trp_a62adcb1,,D90906,mobile_app,4844.84,INR,519.09,idem_e818a143107de392,confirmed,2026-06-24T20:47:00+05:30,,,2026-06-24T20:45:00+05:30,2026-08-18T10:00:00+05:30
bkg_52727a33,usr_17b45921,trp_e4e09b00,,D8AB23,mobile_app,35729.12,INR,3828.12,idem_8e473619fc759d48,confirmed,2026-07-23T01:17:00+05:30,,,2026-07-23T01:15:00+05:30,2026-08-18T10:00:00+05:30
bkg_c6316fb8,usr_1dc66e29,trp_c2089a00,,C10438,web,4308.30,INR,461.60,idem_45a251476e99f07f,cancelled,,2026-07-01T01:00:00+05:30,Duplicate booking,2026-06-14T01:00:00+05:30,2026-08-18T10:00:00+05:30
bkg_b5672004,usr_b6d5d98c,trp_bacdeb91,,FEB449,agent,15352.66,INR,1644.93,idem_0eb3f85f3455b2e3,confirmed,2026-04-23T19:02:00+05:30,,,2026-04-23T19:00:00+05:30,2026-08-18T10:00:00+05:30
bkg_2fe1a26f,usr_dabbaf95,,,12234B,web,40418.76,INR,4330.58,idem_e8600008af0ebc79,confirmed,2026-06-10T08:02:00+05:30,,,2026-06-10T08:00:00+05:30,2026-08-18T10:00:00+05:30
bkg_d46e4971,usr_95d28a5d,,,E727E1,web,6855.82,INR,734.55,idem_b9a97ebba1842fad,failed,,,,2026-06-14T01:30:00+05:30,2026-08-18T10:00:00+05:30
bkg_ed24dfaa,usr_0b8f3bdc,trp_0e4afde6,,A9A78F,web,58669.41,INR,6286.01,idem_4742e73280d35c4a,confirmed,2026-07-03T15:32:00+05:30,,,2026-07-03T15:30:00+05:30,2026-08-18T10:00:00+05:30
bkg_130372a1,usr_6be041f5,,,7A07FF,web,21421.43,INR,2295.15,idem_23620a17ee838929,failed,,,,2026-07-04T05:15:00+05:30,2026-08-18T10:00:00+05:30
bkg_680acbca,usr_1dc66e29,trp_c2089a00,,47917A,mobile_app,14288.99,INR,1530.96,idem_434c07e1688fc20e,confirmed,2026-05-13T11:02:00+05:30,,,2026-05-13T11:00:00+05:30,2026-08-18T10:00:00+05:30
bkg_7570a2e6,usr_afaebefa,trp_cab596c9,,9CAD39,mobile_app,4412.71,INR,472.79,idem_ce13a62296648d83,confirmed,2026-06-08T08:17:00+05:30,,,2026-06-08T08:15:00+05:30,2026-08-18T10:00:00+05:30
bkg_50d7098a,usr_e851fdeb,trp_97bcd5c8,,EC35C7,web,312.89,SGD,33.52,idem_d545fdc2600c0b47,pending,,,,2026-07-19T04:45:00+05:30,2026-08-18T10:00:00+05:30
bkg_91a4b601,usr_35d340e3,trp_fd4e6af3,,65B8F3,mobile_app,25185.99,INR,2698.50,idem_ff6b7a1a8aef2222,confirmed,2026-07-28T01:17:00+05:30,,,2026-07-28T01:15:00+05:30,2026-08-18T10:00:00+05:30
bkg_7d97669b,usr_12f95c97,trp_5a3f0c25,,B6B883,web,28039.56,INR,3004.24,idem_1300cdee00c676b2,cancelled,,2026-06-15T07:00:00+05:30,Found a better rate,2026-06-02T07:00:00+05:30,2026-08-18T10:00:00+05:30
bkg_b6a70f59,usr_2de68d4f,trp_4eec7794,,9F2EE6,web,40204.93,THB,4307.67,idem_78761e915ef74fd3,confirmed,2026-05-11T17:02:00+05:30,,,2026-05-11T17:00:00+05:30,2026-08-18T10:00:00+05:30
bkg_bf0a8828,usr_65b43f7e,trp_d0565c09,,EE6E3B,mobile_app,85308.83,INR,9140.23,idem_a7085cb47b858486,confirmed,2026-05-08T01:17:00+05:30,,,2026-05-08T01:15:00+05:30,2026-08-18T10:00:00+05:30
bkg_55583b7b,usr_f855344d,trp_3c03178d,,C2AA4C,web,5403.37,INR,578.93,idem_2d09b851b7af4301,confirmed,2026-05-26T11:47:00+05:30,,,2026-05-26T11:45:00+05:30,2026-08-18T10:00:00+05:30
bkg_fc253356,usr_0389057b,trp_d6b492f9,,B21DAD,web,7474.28,THB,800.82,idem_113220e6fda0bf37,confirmed,2026-07-31T10:02:00+05:30,,,2026-07-31T10:00:00+05:30,2026-08-18T10:00:00+05:30
bkg_62c065ed,usr_f271c461,trp_4b9e6595,,0F16F5,mobile_app,4826.88,INR,517.17,idem_3cfb2ddeb29e8430,confirmed,2026-06-29T21:02:00+05:30,,,2026-06-29T21:00:00+05:30,2026-08-18T10:00:00+05:30
bkg_b541276b,usr_8180c222,,,98CB27,mobile_app,45301.78,INR,4853.76,idem_7bbdcec64ba61af2,confirmed,2026-07-01T14:47:00+05:30,,,2026-07-01T14:45:00+05:30,2026-08-18T10:00:00+05:30
bkg_604a5c4e,usr_e27e3b52,trp_cf3db507,,7F99BD,mobile_app,6529.89,INR,699.63,idem_d1e02c9b0ac86f36,confirmed,2026-05-28T20:47:00+05:30,,,2026-05-28T20:45:00+05:30,2026-08-18T10:00:00+05:30
bkg_53dac4a3,usr_abb36fee,trp_e060228a,,567703,mobile_app,39515376.95,IDR,4233790.39,idem_c4560860ebd5b21a,confirmed,2026-06-22T20:32:00+05:30,,,2026-06-22T20:30:00+05:30,2026-08-18T10:00:00+05:30
bkg_0ab26681,usr_cb0928ac,trp_f2bf08e7,,0DBE99,web,6062.94,MVR,649.60,idem_85e1008a29680a3c,cancelled,,2026-07-25T07:00:00+05:30,Found a better rate,2026-07-08T07:00:00+05:30,2026-08-18T10:00:00+05:30
bkg_0ebbe95e,usr_ddcb196c,trp_05fa9ee5,,45E3E1,call_centre,6322.29,THB,677.39,idem_f78df9b55c7d1b84,pending,,,,2026-07-17T03:15:00+05:30,2026-08-18T10:00:00+05:30
bkg_fc9207d7,usr_05e40dfc,trp_4507663e,,F3FC51,call_centre,20984.04,INR,2248.29,idem_6fe6d57e18ed602d,confirmed,2026-08-16T11:17:00+05:30,,,2026-08-16T11:15:00+05:30,2026-08-18T10:00:00+05:30
bkg_c0fba57a,usr_e27e3b52,trp_cf3db507,,DD865F,web,4344.28,INR,465.46,idem_fc0f6049c465566c,cancelled,,2026-05-29T14:45:00+05:30,Plans changed,2026-05-21T14:45:00+05:30,2026-08-18T10:00:00+05:30
bkg_9fc2184f,usr_1a6892bf,trp_2b1c9a53,,617247,web,8705.79,NPR,932.76,idem_79d1c1d86df3bc0f,confirmed,2026-06-14T04:47:00+05:30,,,2026-06-14T04:45:00+05:30,2026-08-18T10:00:00+05:30
bkg_50c8502a,usr_d0571b95,trp_89eafa58,,B36B1A,web,18694.70,AED,2003.00,idem_2719c5d19c14c59e,confirmed,2026-06-02T14:17:00+05:30,,,2026-06-02T14:15:00+05:30,2026-08-18T10:00:00+05:30
bkg_aa0db315,usr_beeb010f,trp_3ebf9280,,481E79,web,3316.12,INR,355.30,idem_b7fd9c2aef82d03b,confirmed,2026-05-14T14:17:00+05:30,,,2026-05-14T14:15:00+05:30,2026-08-18T10:00:00+05:30
bkg_805b514f,usr_dc1bd238,trp_0c58e20b,,48DFD0,mobile_app,563.25,AED,60.35,idem_3f43dfe4695fc3d1,confirmed,2026-08-04T11:32:00+05:30,,,2026-08-04T11:30:00+05:30,2026-08-18T10:00:00+05:30
bkg_9ddc8790,usr_2fca7c46,,,A46C27,partner,9582.05,INR,1026.65,idem_54b23aa9174d9ab6,confirmed,2026-07-20T18:32:00+05:30,,,2026-07-20T18:30:00+05:30,2026-08-18T10:00:00+05:30
bkg_61238605,usr_44604a9d,trp_7d8e2e3c,,C167DD,agent,43488.57,INR,4659.49,idem_3ad3a1aa23f838c9,partially_confirmed,2026-08-16T03:02:00+05:30,,,2026-08-16T03:00:00+05:30,2026-08-18T10:00:00+05:30
bkg_f927f8f3,usr_50dd9495,trp_4c04b27d,,920A66,mobile_app,1811.41,INR,194.08,idem_3774c7f4347f519d,confirmed,2026-07-12T13:32:00+05:30,,,2026-07-12T13:30:00+05:30,2026-08-18T10:00:00+05:30
bkg_8a37bd91,usr_d8cab59f,trp_e469328d,,3D1153,mobile_app,12898.31,INR,1381.96,idem_e36d340fc2a616ef,pending,,,,2026-06-02T15:30:00+05:30,2026-08-18T10:00:00+05:30
bkg_4cae87e8,usr_c538bbe8,,,E85231,mobile_app,18874.28,INR,2022.24,idem_242447437234ee44,cancelled,,2026-06-27T00:00:00+05:30,Found a better rate,2026-06-21T00:00:00+05:30,2026-08-18T10:00:00+05:30
bkg_c925ed11,usr_3ccdc15e,trp_7f4c80ca,,F08E1B,web,2500.94,INR,267.96,idem_f35fdb98b60d885d,confirmed,2026-07-28T18:47:00+05:30,,,2026-07-28T18:45:00+05:30,2026-08-18T10:00:00+05:30
bkg_67b57301,usr_79248234,trp_f7736bd6,,5A905C,mobile_app,17622.02,INR,1888.07,idem_e2af57d38d80a7ad,cancelled,,2026-08-10T15:00:00+05:30,Duplicate booking,2026-08-07T15:00:00+05:30,2026-08-18T10:00:00+05:30
bkg_f7eddaca,usr_8846d546,trp_3b4b53a6,,CBF6D4,web,19205751.53,IDR,2057759.09,idem_097bdbd6d999c391,confirmed,2026-05-06T10:47:00+05:30,,,2026-05-06T10:45:00+05:30,2026-08-18T10:00:00+05:30
bkg_60a2b683,usr_0551c67a,trp_7a22e52a,,77D1E0,web,12739.50,AED,1364.95,idem_a6f5df86136da028,confirmed,2026-06-29T15:32:00+05:30,,,2026-06-29T15:30:00+05:30,2026-08-18T10:00:00+05:30
bkg_2ae3a4f0,usr_13d8f6bd,,,CE9174,mobile_app,18147.09,NPR,1944.33,idem_82b14db85800c9a9,confirmed,2026-07-31T17:47:00+05:30,,,2026-07-31T17:45:00+05:30,2026-08-18T10:00:00+05:30
bkg_7ef5ef04,usr_ddcb196c,trp_f9ef6a50,,34F65D,mobile_app,14455.82,INR,1548.84,idem_78ad17998c637a19,cancelled,,2026-06-02T14:15:00+05:30,Trip postponed,2026-05-15T14:15:00+05:30,2026-08-18T10:00:00+05:30
bkg_7a42f7d8,usr_3a36b154,trp_06e06151,,58B67C,partner,15623.82,INR,1673.98,idem_5a39c6ce1ed5bac4,refunded,,2026-06-18T08:00:00+05:30,Found a better rate,2026-06-04T08:00:00+05:30,2026-08-18T10:00:00+05:30
bkg_8caeec8f,usr_4efab0b7,trp_e8b8c651,,3C9BA7,web,35180.68,INR,3769.36,idem_d80cecc632f79729,pending,,,,2026-07-22T16:15:00+05:30,2026-08-18T10:00:00+05:30
bkg_3fee874d,usr_ab49979e,trp_0ab1cb2b,,A5F1B8,mobile_app,50083.78,INR,5366.12,idem_9a9e384a14432456,confirmed,2026-08-01T18:47:00+05:30,,,2026-08-01T18:45:00+05:30,2026-08-18T10:00:00+05:30
bkg_0d015795,usr_18260fc4,,,05C47C,web,2951.22,INR,316.20,idem_5450985d84d289d7,confirmed,2026-07-13T09:32:00+05:30,,,2026-07-13T09:30:00+05:30,2026-08-18T10:00:00+05:30
bkg_83068456,usr_fedbd227,trp_1dd09ed0,,DA05BE,web,7896.09,INR,846.01,idem_b17cbec98f21552d,confirmed,2026-07-27T02:47:00+05:30,,,2026-07-27T02:45:00+05:30,2026-08-18T10:00:00+05:30
bkg_45c42e50,usr_e4376908,trp_d03225c9,,389116,web,835.30,AED,89.50,idem_f7ee815c56ae8e4d,confirmed,2026-05-28T11:32:00+05:30,,,2026-05-28T11:30:00+05:30,2026-08-18T10:00:00+05:30
bkg_0b5c249c,usr_2b4223b2,trp_7c20b912,,ADFE4D,mobile_app,438.45,AED,46.98,idem_ba0dfd72330bccd4,failed,,,,2026-07-25T05:30:00+05:30,2026-08-18T10:00:00+05:30
bkg_cf54d828,usr_fcd9bdf6,trp_706fdf80,,2651B1,mobile_app,12640.39,INR,1354.33,idem_1ec2bd2d72677e07,confirmed,2026-06-26T21:17:00+05:30,,,2026-06-26T21:15:00+05:30,2026-08-18T10:00:00+05:30
bkg_fbee3291,usr_e076a69d,trp_2dbec2dd,,9DA163,web,31693.61,INR,3395.74,idem_1860cd5c528fecbe,partially_confirmed,2026-07-19T08:47:00+05:30,,,2026-07-19T08:45:00+05:30,2026-08-18T10:00:00+05:30
bkg_c4f0fcfa,usr_efe9a3aa,trp_1b3de2ea,,667E41,mobile_app,9281.69,INR,994.47,idem_c1857f8ef6aedb9e,confirmed,2026-06-18T10:02:00+05:30,,,2026-06-18T10:00:00+05:30,2026-08-18T10:00:00+05:30
bkg_a185d9b9,usr_4b816f33,trp_c3b40723,,4B4496,mobile_app,19279.50,INR,2065.66,idem_c4a00e59e697a544,cancelled,,2026-05-30T11:30:00+05:30,Plans changed,2026-05-19T11:30:00+05:30,2026-08-18T10:00:00+05:30
bkg_782ab458,usr_22e61dad,,,18A07B,mobile_app,20877.94,INR,2236.92,idem_738d266d59f1d65e,confirmed,2026-06-04T12:32:00+05:30,,,2026-06-04T12:30:00+05:30,2026-08-18T10:00:00+05:30
bkg_0372dfa9,usr_4022bd9b,trp_5df54ac3,,4E365E,web,37058.71,INR,3970.58,idem_8f9ec992520a0420,confirmed,2026-05-12T13:02:00+05:30,,,2026-05-12T13:00:00+05:30,2026-08-18T10:00:00+05:30
bkg_412e0857,usr_2de68d4f,trp_4eec7794,,F897E8,mobile_app,12955.42,INR,1388.08,idem_057d23227c514142,cancelled,,2026-07-19T05:15:00+05:30,Plans changed,2026-07-05T05:15:00+05:30,2026-08-18T10:00:00+05:30
bkg_4ca733b7,usr_322bb31e,trp_f25ef2fa,,729F9E,web,45932.86,INR,4921.38,idem_5040b80dc1a72919,confirmed,2026-04-26T07:02:00+05:30,,,2026-04-26T07:00:00+05:30,2026-08-18T10:00:00+05:30
bkg_18954d81,usr_9115fc7c,trp_07cf1d5b,,7DAFB4,mobile_app,46432.58,INR,4974.92,idem_4f95e2a31103b471,confirmed,2026-07-27T02:17:00+05:30,,,2026-07-27T02:15:00+05:30,2026-08-18T10:00:00+05:30
bkg_db7d45d6,usr_b5327682,,,A6C9E1,mobile_app,16843.14,NPR,1804.62,idem_d53e253643dae126,confirmed,2026-06-03T05:47:00+05:30,,,2026-06-03T05:45:00+05:30,2026-08-18T10:00:00+05:30
bkg_0a6bc709,usr_d7bc2e8d,trp_997cc8cc,,B4C847,mobile_app,32193.41,INR,3449.29,idem_e652b921f980331c,confirmed,2026-07-27T00:02:00+05:30,,,2026-07-27T00:00:00+05:30,2026-08-18T10:00:00+05:30
bkg_c06d2e5a,usr_c94b68cc,trp_0c34e3f4,,0D85E0,mobile_app,960.06,AED,102.86,idem_713957ddb1aeb10b,confirmed,2026-07-01T20:17:00+05:30,,,2026-07-01T20:15:00+05:30,2026-08-18T10:00:00+05:30
bkg_4ab062bb,usr_3e25dcc6,trp_510db93a,,4CDB1F,web,18405.30,INR,1972.00,idem_0ffbb8aadf1d1281,confirmed,2026-08-07T12:47:00+05:30,,,2026-08-07T12:45:00+05:30,2026-08-18T10:00:00+05:30
bkg_042ee911,usr_5b31e64c,,,B4E017,web,12963.72,INR,1388.97,idem_28de455794a69a4c,confirmed,2026-04-20T23:47:00+05:30,,,2026-04-20T23:45:00+05:30,2026-08-18T10:00:00+05:30
bkg_7d4cb61a,usr_d0571b95,trp_377a871a,,487C7D,mobile_app,14040.30,INR,1504.32,idem_224f644588d77094,confirmed,2026-06-26T19:02:00+05:30,,,2026-06-26T19:00:00+05:30,2026-08-18T10:00:00+05:30
bkg_b19d595a,usr_228f37bd,,,6469CD,mobile_app,1543.49,MYR,165.37,idem_00c8e379e8877b86,refunded,,2026-08-07T20:30:00+05:30,Trip postponed,2026-08-04T20:30:00+05:30,2026-08-18T10:00:00+05:30
bkg_068982cd,usr_268fdb85,,,D4D7FE,mobile_app,7962.28,THB,853.10,idem_ddd67f4afa879c15,cancelled,,2026-07-25T03:30:00+05:30,Trip postponed,2026-07-22T03:30:00+05:30,2026-08-18T10:00:00+05:30
bkg_5257b9f2,usr_63531f2d,trp_2f330bc2,,ADACE6,call_centre,4841.27,INR,518.71,idem_63b79c6078a51f0d,confirmed,2026-05-13T11:47:00+05:30,,,2026-05-13T11:45:00+05:30,2026-08-18T10:00:00+05:30
bkg_d895b8cb,usr_0382185a,trp_94e301b8,,741710,partner,10233.76,INR,1096.47,idem_d3d6fe534b92a8e4,confirmed,2026-07-03T21:17:00+05:30,,,2026-07-03T21:15:00+05:30,2026-08-18T10:00:00+05:30
bkg_6ace6d8e,usr_8eb4e3e7,trp_aebbbd34,,FC5944,agent,8509.68,INR,911.75,idem_b820f83b2da1baa9,pending,,,,2026-06-23T18:45:00+05:30,2026-08-18T10:00:00+05:30
bkg_1edeab12,usr_9694b4a3,trp_c81c4b8e,,3F6A13,web,20616.78,INR,2208.94,idem_5cf2cab06c0ed609,partially_confirmed,2026-05-07T15:02:00+05:30,,,2026-05-07T15:00:00+05:30,2026-08-18T10:00:00+05:30
bkg_c6096e0c,usr_8ed02105,trp_b0a35602,,A1CE77,web,12390.22,INR,1327.52,idem_ac06737a1104facc,confirmed,2026-07-18T01:47:00+05:30,,,2026-07-18T01:45:00+05:30,2026-08-18T10:00:00+05:30
bkg_b7269394,usr_7af770b2,trp_60fe0650,,236B56,mobile_app,9094.20,NPR,974.38,idem_2d018707c978b375,cancelled,,2026-08-12T10:00:00+05:30,Duplicate booking,2026-08-05T10:00:00+05:30,2026-08-18T10:00:00+05:30
bkg_d69720dd,usr_8e89346c,trp_a0b8b8af,,DBA1C6,web,12672.26,INR,1357.74,idem_3082c4ed197cf013,confirmed,2026-04-20T06:02:00+05:30,,,2026-04-20T06:00:00+05:30,2026-08-18T10:00:00+05:30
bkg_e02469a4,usr_1b4fe68e,trp_c795bd25,,3208E9,web,36135.05,THB,3871.61,idem_676439eea638800c,confirmed,2026-04-24T12:47:00+05:30,,,2026-04-24T12:45:00+05:30,2026-08-18T10:00:00+05:30
bkg_2d7f9bc5,usr_8846d546,trp_3b4b53a6,,894198,web,42056.73,INR,4506.08,idem_9b3c1773abc3c3df,confirmed,2026-07-05T20:02:00+05:30,,,2026-07-05T20:00:00+05:30,2026-08-18T10:00:00+05:30
bkg_50980633,usr_ee57ec9a,,,3478E1,mobile_app,105140.59,INR,11265.06,idem_9ae5426f58a0bc3c,confirmed,2026-06-23T09:02:00+05:30,,,2026-06-23T09:00:00+05:30,2026-08-18T10:00:00+05:30
bkg_9011626f,usr_02d5e350,,,139DA0,mobile_app,24280.66,INR,2601.50,idem_bff42a63a902a5fb,confirmed,2026-06-11T12:17:00+05:30,,,2026-06-11T12:15:00+05:30,2026-08-18T10:00:00+05:30
bkg_1f01a95e,usr_afacd025,trp_2e23ea17,,F16E1A,call_centre,18932035.99,IDR,2028432.43,idem_fb30ff03d0fd4dc8,partially_confirmed,2026-05-28T21:17:00+05:30,,,2026-05-28T21:15:00+05:30,2026-08-18T10:00:00+05:30
bkg_b2fbc585,usr_61ab0eaf,,,BC1979,mobile_app,18170.72,INR,1946.86,idem_ad63cf7bc44834b3,partially_confirmed,2026-06-27T03:02:00+05:30,,,2026-06-27T03:00:00+05:30,2026-08-18T10:00:00+05:30
bkg_9729d3bb,usr_63d19d4c,trp_32ae8bfe,,DE6E8B,mobile_app,3065.17,AED,328.41,idem_e9ab4987766b9f5c,cancelled,,2026-06-13T05:45:00+05:30,Trip postponed,2026-05-30T05:45:00+05:30,2026-08-18T10:00:00+05:30
bkg_b056f311,usr_d56927f7,trp_74917bfb,,0C8132,web,4362.79,INR,467.44,idem_8f4a4dee02102edd,confirmed,2026-07-02T11:17:00+05:30,,,2026-07-02T11:15:00+05:30,2026-08-18T10:00:00+05:30
bkg_23506257,usr_6c3fae7b,trp_1b20de3f,,17CEFB,call_centre,10604.61,IDR,1136.21,idem_0b3fa5a02fd13d0f,partially_confirmed,2026-05-30T06:47:00+05:30,,,2026-05-30T06:45:00+05:30,2026-08-18T10:00:00+05:30
bkg_f3997ce7,usr_0dc99bd5,trp_95715c8a,,9E5288,web,1041.42,SGD,111.58,idem_facbf2711d9e9b8a,confirmed,2026-07-30T06:17:00+05:30,,,2026-07-30T06:15:00+05:30,2026-08-18T10:00:00+05:30
bkg_26141541,usr_b829ab46,,,4F7B2B,web,36209.51,MVR,3879.59,idem_d827a1e6990ea54c,confirmed,2026-08-02T03:02:00+05:30,,,2026-08-02T03:00:00+05:30,2026-08-18T10:00:00+05:30
bkg_959720fb,usr_ce09de03,trp_3addadca,,EA9A3C,mobile_app,146830.51,INR,15731.84,idem_7463ca905ac7b3e1,confirmed,2026-05-12T10:32:00+05:30,,,2026-05-12T10:30:00+05:30,2026-08-18T10:00:00+05:30
bkg_3caf64ac,usr_e4f15778,trp_d44e94e7,,FF7FD7,web,5989.73,INR,641.76,idem_d2567696e0cdda91,confirmed,2026-08-05T06:47:00+05:30,,,2026-08-05T06:45:00+05:30,2026-08-18T10:00:00+05:30
bkg_552d26aa,usr_506012f1,trp_9fcf6ecc,,4F1BF5,web,58150.06,INR,6230.36,idem_1068478846af783f,confirmed,2026-06-11T16:17:00+05:30,,,2026-06-11T16:15:00+05:30,2026-08-18T10:00:00+05:30
bkg_5c304c64,usr_4794174d,trp_e842e287,,BD60CF,mobile_app,13698227.63,IDR,1467667.25,idem_23f4dcc4d62bf333,cancelled,,2026-06-12T12:15:00+05:30,Trip postponed,2026-06-11T12:15:00+05:30,2026-08-18T10:00:00+05:30
bkg_2aa109a8,usr_4d8f3b3a,trp_a396cd51,,58118C,web,93792.85,INR,10049.23,idem_0596161c8e8e9a36,confirmed,2026-06-20T14:32:00+05:30,,,2026-06-20T14:30:00+05:30,2026-08-18T10:00:00+05:30
bkg_8033782e,usr_ca24d130,trp_1904a63d,,872B90,web,27467.51,INR,2942.95,idem_9ea86f5bbf134fb5,confirmed,2026-05-06T18:47:00+05:30,,,2026-05-06T18:45:00+05:30,2026-08-18T10:00:00+05:30
bkg_cc45fc09,usr_e4f15778,trp_d44e94e7,,7C5EDB,mobile_app,2309.62,INR,247.46,idem_47806335d9748031,confirmed,2026-05-11T10:47:00+05:30,,,2026-05-11T10:45:00+05:30,2026-08-18T10:00:00+05:30
bkg_378bbe96,usr_6c3fae7b,trp_1b20de3f,,AE9ABC,mobile_app,5373.03,LKR,575.68,idem_5c15420a53999c5a,confirmed,2026-05-26T13:02:00+05:30,,,2026-05-26T13:00:00+05:30,2026-08-18T10:00:00+05:30
bkg_9a91261a,usr_57995796,trp_5843566d,,1D8D95,web,4946.57,MVR,529.99,idem_8d4626ba80860876,confirmed,2026-06-09T14:17:00+05:30,,,2026-06-09T14:15:00+05:30,2026-08-18T10:00:00+05:30
bkg_d0255db9,usr_4022bd9b,trp_b7a82392,,35B839,mobile_app,4787.64,INR,512.96,idem_2a2c94aefdf70226,confirmed,2026-06-08T14:47:00+05:30,,,2026-06-08T14:45:00+05:30,2026-08-18T10:00:00+05:30
bkg_fb1fb6a0,usr_e94f06ca,trp_7a5e7bd8,,2D1CC6,agent,60934.74,INR,6528.72,idem_89f70c76f751caeb,confirmed,2026-07-20T19:17:00+05:30,,,2026-07-20T19:15:00+05:30,2026-08-18T10:00:00+05:30
bkg_5f686362,usr_7b318031,trp_9d4a5a9e,,0B311D,partner,22653.12,INR,2427.12,idem_8988aeed04d06a1d,confirmed,2026-04-22T21:32:00+05:30,,,2026-04-22T21:30:00+05:30,2026-08-18T10:00:00+05:30
bkg_ce6d9324,usr_bc9d20fa,trp_9e0e3864,,61B305,web,15563.30,AED,1667.50,idem_6a31b4108f59635b,confirmed,2026-07-12T05:47:00+05:30,,,2026-07-12T05:45:00+05:30,2026-08-18T10:00:00+05:30
bkg_f9454924,usr_e4f15778,trp_d44e94e7,,8BD345,web,16944.64,INR,1815.50,idem_74b28f8efa1e7d7c,confirmed,2026-05-21T23:17:00+05:30,,,2026-05-21T23:15:00+05:30,2026-08-18T10:00:00+05:30
bkg_059764be,usr_18b5561e,trp_d04f7574,,B2D5AD,mobile_app,106244.53,INR,11383.34,idem_f278e8a83c69805b,confirmed,2026-04-24T12:17:00+05:30,,,2026-04-24T12:15:00+05:30,2026-08-18T10:00:00+05:30
bkg_48c6b6b8,usr_95492664,trp_32bc8fa5,,619F0F,mobile_app,30303.15,INR,3246.77,idem_2df456907cc96687,confirmed,2026-04-28T08:47:00+05:30,,,2026-04-28T08:45:00+05:30,2026-08-18T10:00:00+05:30
bkg_7fc8b55f,usr_3393c7a2,trp_3dee7b31,,5334FE,mobile_app,72549.86,INR,7773.20,idem_a855ac5ab61eb97c,confirmed,2026-08-10T11:47:00+05:30,,,2026-08-10T11:45:00+05:30,2026-08-18T10:00:00+05:30
bkg_0361a872,usr_67de0711,,,FA006E,mobile_app,28564.05,INR,3060.43,idem_21fac8bb177a6d11,confirmed,2026-06-23T13:47:00+05:30,,,2026-06-23T13:45:00+05:30,2026-08-18T10:00:00+05:30
bkg_bdf71ea9,usr_701b0010,trp_358447d8,,EEE37B,call_centre,8603.19,INR,921.77,idem_b765458e9dbbf9aa,cancelled,,2026-08-15T22:15:00+05:30,Trip postponed,2026-07-30T22:15:00+05:30,2026-08-18T10:00:00+05:30
bkg_ddef48c5,usr_e851fdeb,,,38D28D,mobile_app,8367.62,INR,896.53,idem_8645b4d338a76a0a,confirmed,2026-08-14T17:17:00+05:30,,,2026-08-14T17:15:00+05:30,2026-08-18T10:00:00+05:30
bkg_0b6a3f29,usr_1ef037a0,,,4CA669,web,5086.33,INR,544.96,idem_6ceb4c3143d4bf8c,confirmed,2026-05-06T20:32:00+05:30,,,2026-05-06T20:30:00+05:30,2026-08-18T10:00:00+05:30
bkg_fe8b36b0,usr_a3f4f2d9,trp_d8f6113f,,CE02F1,web,44931.20,INR,4814.06,idem_a1639c8b4a74609e,cancelled,,2026-07-26T05:15:00+05:30,Found a better rate,2026-07-24T05:15:00+05:30,2026-08-18T10:00:00+05:30
bkg_25cb4704,usr_72d88a70,trp_357dbb6b,,A455BC,mobile_app,16316.62,INR,1748.21,idem_e21e97df330e2f03,pending,,,,2026-05-09T11:00:00+05:30,2026-08-18T10:00:00+05:30
bkg_b99d91d6,usr_7a1346e6,trp_fdbf106b,,E87228,web,5190.04,THB,556.08,idem_70a3ffbf982ba844,confirmed,2026-06-30T06:17:00+05:30,,,2026-06-30T06:15:00+05:30,2026-08-18T10:00:00+05:30
bkg_c6b2be62,usr_3393c7a2,trp_3dee7b31,,1791BC,mobile_app,3446.68,INR,369.29,idem_a4be17824de5c07f,confirmed,2026-06-24T14:17:00+05:30,,,2026-06-24T14:15:00+05:30,2026-08-18T10:00:00+05:30
bkg_f3280b27,usr_32a5a217,trp_8cceaae7,,19CD73,partner,14624.33,MYR,1566.89,idem_44bef06a224ef561,confirmed,2026-06-11T17:32:00+05:30,,,2026-06-11T17:30:00+05:30,2026-08-18T10:00:00+05:30
bkg_96d63d97,usr_ddcb196c,trp_f9ef6a50,,DFBF90,mobile_app,8071.09,INR,864.76,idem_439c05b4f6d7f670,cancelled,,2026-05-18T03:45:00+05:30,Trip postponed,2026-05-05T03:45:00+05:30,2026-08-18T10:00:00+05:30
bkg_461e43f9,usr_fc3617c0,trp_1f82c042,,9E007C,mobile_app,19574.80,INR,2097.30,idem_ee67b08ddf0d8b0b,confirmed,2026-05-01T08:47:00+05:30,,,2026-05-01T08:45:00+05:30,2026-08-18T10:00:00+05:30
bkg_56f87249,usr_18a2e06d,trp_bcc5d027,,7F1235,partner,5070469.60,IDR,543264.60,idem_481d0ded33653314,confirmed,2026-07-11T02:02:00+05:30,,,2026-07-11T02:00:00+05:30,2026-08-18T10:00:00+05:30
bkg_e88c1b2a,usr_36c3dbed,,,1ABAD5,web,5424.43,INR,581.19,idem_3202ad880cff9a99,confirmed,2026-05-09T11:02:00+05:30,,,2026-05-09T11:00:00+05:30,2026-08-18T10:00:00+05:30
bkg_13f51a52,usr_525b1d3c,trp_0d9ed6f6,,429153,mobile_app,53974.97,INR,5783.03,idem_3854989b60cfbda6,confirmed,2026-07-13T06:47:00+05:30,,,2026-07-13T06:45:00+05:30,2026-08-18T10:00:00+05:30
bkg_cec5d0f5,usr_8e84ba7a,trp_bfc1339e,,06C40A,mobile_app,11680.98,INR,1251.53,idem_ef47605f9d3e265f,confirmed,2026-05-23T19:02:00+05:30,,,2026-05-23T19:00:00+05:30,2026-08-18T10:00:00+05:30
bkg_440139e5,usr_32f091df,,,702C46,partner,7459.00,INR,799.18,idem_f8e890235949238a,confirmed,2026-08-15T15:02:00+05:30,,,2026-08-15T15:00:00+05:30,2026-08-18T10:00:00+05:30
bkg_ee09b46c,usr_48f9bd76,trp_e59e0b3d,,CBAB30,mobile_app,2972.21,AED,318.45,idem_0a2d944c79256ebf,cancelled,,2026-05-17T00:30:00+05:30,Trip postponed,2026-04-30T00:30:00+05:30,2026-08-18T10:00:00+05:30
bkg_fb92ca0b,usr_cb0928ac,trp_f2bf08e7,,17F5B1,web,7483.08,INR,801.76,idem_1ccb8bcf2322d2d0,partially_confirmed,2026-06-16T11:47:00+05:30,,,2026-06-16T11:45:00+05:30,2026-08-18T10:00:00+05:30
bkg_da9931a3,usr_afacd025,trp_11c3f9e5,,F8CFF6,mobile_app,17231.92,INR,1846.28,idem_7373685c219befb9,refunded,,2026-06-07T19:15:00+05:30,Trip postponed,2026-05-19T19:15:00+05:30,2026-08-18T10:00:00+05:30
bkg_b36a8110,usr_bc8d5d3b,trp_534769b0,,93078E,mobile_app,10210.11,NPR,1093.94,idem_928a1b9241053722,confirmed,2026-05-29T14:17:00+05:30,,,2026-05-29T14:15:00+05:30,2026-08-18T10:00:00+05:30
bkg_bedf079c,usr_05306731,trp_cb6840c6,,CBA269,web,32212.70,INR,3451.36,idem_2b93bd3d2edc4904,confirmed,2026-04-23T14:47:00+05:30,,,2026-04-23T14:45:00+05:30,2026-08-18T10:00:00+05:30
bkg_1777e0de,usr_c582abb2,,,24093E,web,25616.30,INR,2744.60,idem_c9ffa1a572375d9e,confirmed,2026-07-06T14:32:00+05:30,,,2026-07-06T14:30:00+05:30,2026-08-18T10:00:00+05:30
bkg_18eb1612,usr_cb0928ac,trp_7fe2e631,,AEEBE3,web,11763.61,INR,1260.39,idem_696a2558ad1e2c79,cancelled,,2026-08-15T23:00:00+05:30,Duplicate booking,2026-08-10T23:00:00+05:30,2026-08-18T10:00:00+05:30
bkg_aaf59e58,usr_4794174d,trp_e842e287,,5AD741,partner,1701.84,SGD,182.34,idem_66ed2314da8ab9e2,confirmed,2026-07-11T20:47:00+05:30,,,2026-07-11T20:45:00+05:30,2026-08-18T10:00:00+05:30
bkg_b79a8a4d,usr_b8c5bfe0,trp_7a17c8a1,,C43429,partner,4498.49,INR,481.98,idem_437681f1fa50d11c,cancelled,,2026-07-15T05:45:00+05:30,Plans changed,2026-07-03T05:45:00+05:30,2026-08-18T10:00:00+05:30
bkg_2d86bd63,usr_e94f06ca,trp_7a5e7bd8,,A2BC63,web,5784.64,INR,619.78,idem_29e68736a148d56e,confirmed,2026-07-17T02:17:00+05:30,,,2026-07-17T02:15:00+05:30,2026-08-18T10:00:00+05:30
bkg_58270601,usr_0deee6d9,trp_c39c8f75,,CFD9A0,web,2398.38,MYR,256.97,idem_57a4f917617795e7,confirmed,2026-05-14T15:17:00+05:30,,,2026-05-14T15:15:00+05:30,2026-08-18T10:00:00+05:30
bkg_7eec4c49,usr_2aa556d6,trp_c0c1da94,,CA86CE,mobile_app,7743.39,INR,829.65,idem_10a034224af44aad,confirmed,2026-07-06T21:17:00+05:30,,,2026-07-06T21:15:00+05:30,2026-08-18T10:00:00+05:30
bkg_37195dfe,usr_2de68d4f,trp_4eec7794,,8B304D,web,63044.73,INR,6754.79,idem_2847e52cba70f6ee,confirmed,2026-07-29T04:02:00+05:30,,,2026-07-29T04:00:00+05:30,2026-08-18T10:00:00+05:30
bkg_1d7a3ce3,usr_e851fdeb,trp_fad7e244,,D72884,mobile_app,11060.54,INR,1185.06,idem_ec9426e6f2a11e26,confirmed,2026-05-20T00:47:00+05:30,,,2026-05-20T00:45:00+05:30,2026-08-18T10:00:00+05:30
bkg_1e515990,usr_fc3617c0,trp_1f82c042,,9E1D65,mobile_app,39909.59,INR,4276.03,idem_494cc419459e532b,confirmed,2026-07-20T02:17:00+05:30,,,2026-07-20T02:15:00+05:30,2026-08-18T10:00:00+05:30
bkg_d49c3637,usr_ddfa0cd0,trp_026533d5,,3D9B3D,web,18210.42,INR,1951.12,idem_8832dec107249f81,confirmed,2026-05-11T04:47:00+05:30,,,2026-05-11T04:45:00+05:30,2026-08-18T10:00:00+05:30
bkg_f72c742c,usr_2da5bb04,trp_fe3977e6,,E3B9A3,web,25687.05,INR,2752.18,idem_f8c68ba1450a3362,confirmed,2026-06-17T00:32:00+05:30,,,2026-06-17T00:30:00+05:30,2026-08-18T10:00:00+05:30
bkg_810b617d,usr_76ac5087,trp_ffce7c33,,3C6C0E,web,13781.94,INR,1476.64,idem_5cbf7fa23562023c,confirmed,2026-04-20T03:32:00+05:30,,,2026-04-20T03:30:00+05:30,2026-08-18T10:00:00+05:30
bkg_4fda115c,usr_9a5cd9cf,,,F47724,web,107609.20,INR,11529.56,idem_ca1111676ab0d426,cancelled,,2026-05-15T07:45:00+05:30,Found a better rate,2026-05-04T07:45:00+05:30,2026-08-18T10:00:00+05:30
bkg_a4535d75,usr_54e0dc44,trp_35d620ca,,741BF9,web,5457.27,LKR,584.71,idem_80e9626c4e9e82dc,cancelled,,2026-08-06T17:15:00+05:30,Plans changed,2026-07-27T17:15:00+05:30,2026-08-18T10:00:00+05:30
bkg_92a56376,usr_17bacb4e,,,B86D6B,call_centre,4945.48,QAR,529.87,idem_130f97faf228fbba,confirmed,2026-06-14T10:32:00+05:30,,,2026-06-14T10:30:00+05:30,2026-08-18T10:00:00+05:30
bkg_24addae2,usr_0389057b,trp_d6b492f9,,0DFC4E,mobile_app,33053.53,INR,3541.45,idem_61fc47d453279a3c,confirmed,2026-05-21T01:47:00+05:30,,,2026-05-21T01:45:00+05:30,2026-08-18T10:00:00+05:30
bkg_37599184,usr_ca24d130,trp_ffd35a10,,FC862E,mobile_app,4493.89,AED,481.49,idem_68805243053c14c5,confirmed,2026-06-28T04:47:00+05:30,,,2026-06-28T04:45:00+05:30,2026-08-18T10:00:00+05:30
bkg_7710eb78,usr_5d24ab68,trp_96b44a87,,FB843B,web,62280.56,INR,6672.92,idem_b379556c33371b21,pending,,,,2026-05-02T19:45:00+05:30,2026-08-18T10:00:00+05:30
bkg_08e9ef24,usr_e9e3f281,,,C4A64B,mobile_app,7258.62,INR,777.71,idem_fcf88baedcfc8fde,confirmed,2026-05-30T02:32:00+05:30,,,2026-05-30T02:30:00+05:30,2026-08-18T10:00:00+05:30
bkg_8cd594ff,usr_05d0be25,trp_c1e34627,,374D18,mobile_app,4659.05,JPY,499.18,idem_53b2053cca29fa59,confirmed,2026-07-23T07:32:00+05:30,,,2026-07-23T07:30:00+05:30,2026-08-18T10:00:00+05:30
bkg_4b3c6df9,usr_d245dd5d,trp_b18bf78b,,C67620,mobile_app,39956.81,INR,4281.09,idem_2f856262535a772b,confirmed,2026-05-25T15:47:00+05:30,,,2026-05-25T15:45:00+05:30,2026-08-18T10:00:00+05:30
bkg_9e40ce57,usr_c582abb2,trp_09e8a8fb,,A1B7D7,mobile_app,51472.06,INR,5514.86,idem_026e912dbe7b8aae,pending,,,,2026-06-08T04:30:00+05:30,2026-08-18T10:00:00+05:30
bkg_d374c61e,usr_42202df5,,,E72343,partner,21561.48,INR,2310.16,idem_05dea5f7f95535ec,confirmed,2026-06-14T08:32:00+05:30,,,2026-06-14T08:30:00+05:30,2026-08-18T10:00:00+05:30
bkg_bbf0d265,usr_e27e3b52,trp_cf3db507,,C9CEDE,web,16229.16,INR,1738.84,idem_f943dc2b55a8ed5b,confirmed,2026-05-20T15:32:00+05:30,,,2026-05-20T15:30:00+05:30,2026-08-18T10:00:00+05:30
bkg_c00fcf14,usr_fcd9bdf6,,,16422D,mobile_app,11593.52,INR,1242.16,idem_13ddad3036951642,partially_confirmed,2026-05-10T06:17:00+05:30,,,2026-05-10T06:15:00+05:30,2026-08-18T10:00:00+05:30
bkg_5f74a52c,usr_d0571b95,,,D949A9,mobile_app,31918.52,INR,3419.84,idem_ba9d3ed033076a65,confirmed,2026-07-22T02:02:00+05:30,,,2026-07-22T02:00:00+05:30,2026-08-18T10:00:00+05:30
bkg_1151a68e,usr_32f091df,,,439EBC,web,14344.28,INR,1536.89,idem_5dfad03f8feb73a9,refunded,,2026-07-22T16:30:00+05:30,Plans changed,2026-07-07T16:30:00+05:30,2026-08-18T10:00:00+05:30
bkg_25142033,usr_1501196b,trp_4be0ba46,,B6A4DA,web,5596.04,MYR,599.58,idem_48ea7438541a855d,confirmed,2026-07-12T12:32:00+05:30,,,2026-07-12T12:30:00+05:30,2026-08-18T10:00:00+05:30
bkg_59d9c046,usr_c24f45f3,trp_7fa3c6c3,,3CD455,web,21133.93,INR,2264.35,idem_9b69654ab4702bad,cancelled,,2026-05-20T02:15:00+05:30,Duplicate booking,2026-05-03T02:15:00+05:30,2026-08-18T10:00:00+05:30
bkg_bfba39c7,usr_f50e2299,trp_ecb6fa2a,,25A983,mobile_app,12858.76,INR,1377.72,idem_83f92f3bec8a28ff,confirmed,2026-06-22T07:02:00+05:30,,,2026-06-22T07:00:00+05:30,2026-08-18T10:00:00+05:30
bkg_85399e9e,usr_1b4fe68e,trp_be2b6219,,8C5B2B,mobile_app,5382.90,INR,576.74,idem_53f9113d76379702,confirmed,2026-06-17T09:17:00+05:30,,,2026-06-17T09:15:00+05:30,2026-08-18T10:00:00+05:30
bkg_ac70e9c5,usr_bedf358a,,,5CD80F,web,4826.32,INR,517.11,idem_3cc4451482ec90f7,partially_confirmed,2026-06-12T12:47:00+05:30,,,2026-06-12T12:45:00+05:30,2026-08-18T10:00:00+05:30
bkg_0baea841,usr_2433031a,,,D45F91,web,4049.12,INR,433.83,idem_b9f125a4124fbe09,confirmed,2026-07-12T04:47:00+05:30,,,2026-07-12T04:45:00+05:30,2026-08-18T10:00:00+05:30
bkg_eea39c23,usr_e6dca418,trp_d46d667f,,C7B5A6,call_centre,51466.81,INR,5514.30,idem_46e8b17aeb825a31,pending,,,,2026-08-16T03:00:00+05:30,2026-08-18T10:00:00+05:30
bkg_a66e80e6,usr_21700d8e,trp_44abe323,,4DA316,mobile_app,26591.15,INR,2849.05,idem_32e3e644002981e8,confirmed,2026-07-10T05:17:00+05:30,,,2026-07-10T05:15:00+05:30,2026-08-18T10:00:00+05:30
bkg_52bbf836,usr_0567fe37,trp_6b90fe6a,,02DA8E,web,17809.86,INR,1908.20,idem_9fe73bb36bf3725c,pending,,,,2026-05-09T10:00:00+05:30,2026-08-18T10:00:00+05:30
bkg_fea84623,usr_0e9166f0,trp_e31ab00a,,39C184,mobile_app,8920.68,INR,955.79,idem_f9a020d373dbcc9e,refunded,,2026-06-08T06:45:00+05:30,Found a better rate,2026-06-05T06:45:00+05:30,2026-08-18T10:00:00+05:30
bkg_68cbb4be,usr_cb3be250,,,344CCD,mobile_app,12220.86,JPY,1309.38,idem_85f7728ff1b2b4d9,confirmed,2026-07-21T17:02:00+05:30,,,2026-07-21T17:00:00+05:30,2026-08-18T10:00:00+05:30
bkg_ceeb43d1,usr_ab2353de,trp_5df5ff0b,,84655C,mobile_app,18902.84,INR,2025.30,idem_9e518eaf5fcc5d6a,cancelled,,2026-05-12T14:00:00+05:30,Plans changed,2026-05-06T14:00:00+05:30,2026-08-18T10:00:00+05:30
bkg_9c76547b,usr_74ed32ff,trp_520dc671,,4F9046,mobile_app,8822.06,INR,945.22,idem_43e62cacd2a4d9af,confirmed,2026-06-04T19:47:00+05:30,,,2026-06-04T19:45:00+05:30,2026-08-18T10:00:00+05:30
bkg_3200680f,usr_464e9998,trp_ab02433c,,46891F,web,3005.00,MVR,321.96,idem_da47727ec06e69a4,confirmed,2026-08-17T01:32:00+05:30,,,2026-08-17T01:30:00+05:30,2026-08-18T10:00:00+05:30
bkg_a9d17b5c,usr_ae3758b7,,,796A47,mobile_app,21931.41,INR,2349.79,idem_c8e107085184f07b,confirmed,2026-07-02T04:32:00+05:30,,,2026-07-02T04:30:00+05:30,2026-08-18T10:00:00+05:30
bkg_4a696557,usr_cb3be250,trp_08207645,,325B4E,mobile_app,5431.98,INR,582.00,idem_b9d6920be99641dc,confirmed,2026-07-13T07:32:00+05:30,,,2026-07-13T07:30:00+05:30,2026-08-18T10:00:00+05:30
bkg_cf79aebe,usr_e4f15778,,,141E8E,mobile_app,24394.14,CHF,2613.66,idem_a9690ad45daec5d1,failed,,,,2026-05-24T02:00:00+05:30,2026-08-18T10:00:00+05:30
bkg_4f105f25,usr_58d2b52f,trp_10a5cdc9,,383121,web,29203.87,INR,3128.99,idem_05a971fd7a325f20,confirmed,2026-08-05T19:47:00+05:30,,,2026-08-05T19:45:00+05:30,2026-08-18T10:00:00+05:30
bkg_f4aeea50,usr_b6d5d98c,trp_bab07b17,,510D2C,mobile_app,9446.26,JPY,1012.10,idem_8968995a06c942b4,confirmed,2026-07-27T20:17:00+05:30,,,2026-07-27T20:15:00+05:30,2026-08-18T10:00:00+05:30
bkg_a48bbe23,usr_98a69060,trp_f9407f9b,,D6F7FB,agent,12868.76,AED,1378.80,idem_9c790d2e0618417f,failed,,,,2026-07-02T23:00:00+05:30,2026-08-18T10:00:00+05:30
bkg_901e7eff,usr_44ef2e9c,trp_536f04bd,,E7D7C2,web,338.22,SGD,36.24,idem_cf0fe3c97fc620a6,confirmed,2026-04-29T04:02:00+05:30,,,2026-04-29T04:00:00+05:30,2026-08-18T10:00:00+05:30
bkg_13dfd28b,usr_acb4c4ba,trp_4a6fffa7,,426130,web,19193.09,INR,2056.40,idem_5f0e0d023a6fd192,confirmed,2026-07-11T04:02:00+05:30,,,2026-07-11T04:00:00+05:30,2026-08-18T10:00:00+05:30
bkg_b400748a,usr_a7185e16,,,774AD9,web,15725.02,INR,1684.82,idem_6956f158cfe2ebb1,confirmed,2026-08-17T13:32:00+05:30,,,2026-08-17T13:30:00+05:30,2026-08-18T10:00:00+05:30
bkg_fef04f9e,usr_9de6bd6d,,,26FB3F,mobile_app,21645.90,INR,2319.20,idem_55dc15f2d8fb5efb,cancelled,,2026-05-10T03:00:00+05:30,Plans changed,2026-05-04T03:00:00+05:30,2026-08-18T10:00:00+05:30
bkg_97646f57,usr_db9c91fe,trp_a8e65113,,7E0D3C,web,12036.62,INR,1289.64,idem_8ce2fc49217b6280,confirmed,2026-05-04T10:17:00+05:30,,,2026-05-04T10:15:00+05:30,2026-08-18T10:00:00+05:30
bkg_286b1197,usr_e0853a17,,,C2F64E,web,3924.56,INR,420.49,idem_b5fc9be476f92c89,confirmed,2026-07-10T05:02:00+05:30,,,2026-07-10T05:00:00+05:30,2026-08-18T10:00:00+05:30
bkg_2f7c6d6c,usr_d504f21d,trp_8500bc75,,5009C0,web,25149.13,CHF,2694.55,idem_ad2b48eaf9f411e6,confirmed,2026-05-28T04:02:00+05:30,,,2026-05-28T04:00:00+05:30,2026-08-18T10:00:00+05:30
bkg_372bbadd,usr_25e8a118,trp_79d0c6ca,,E9AA28,mobile_app,33659.20,INR,3606.34,idem_9c55130b5c88d385,confirmed,2026-07-25T14:02:00+05:30,,,2026-07-25T14:00:00+05:30,2026-08-18T10:00:00+05:30
bkg_b2d8f11a,usr_fedbd227,,,63E5F2,agent,12453.75,INR,1334.33,idem_f1caeb5d03e2c913,confirmed,2026-06-20T18:47:00+05:30,,,2026-06-20T18:45:00+05:30,2026-08-18T10:00:00+05:30
bkg_11900e36,usr_ab44eb3e,,,3F1B1E,mobile_app,5921.93,MYR,634.49,idem_50be461aace8407d,partially_confirmed,2026-07-18T02:02:00+05:30,,,2026-07-18T02:00:00+05:30,2026-08-18T10:00:00+05:30
bkg_1281d4bf,usr_0551c67a,trp_7a22e52a,,F9707D,web,12382.84,INR,1326.73,idem_c97778cae626f1ff,refunded,,2026-06-17T06:00:00+05:30,Trip postponed,2026-05-29T06:00:00+05:30,2026-08-18T10:00:00+05:30
bkg_194495fd,usr_2109396c,trp_924dd4a3,,2E5B43,mobile_app,5443.83,INR,583.27,idem_59e55d4919fddc52,confirmed,2026-05-16T19:02:00+05:30,,,2026-05-16T19:00:00+05:30,2026-08-18T10:00:00+05:30
bkg_dbea96c4,usr_88af6903,trp_7b77aa24,,5B656B,web,56055.43,INR,6005.94,idem_36eb8186e7940860,partially_confirmed,2026-07-20T04:17:00+05:30,,,2026-07-20T04:15:00+05:30,2026-08-18T10:00:00+05:30
bkg_3fcb99ce,usr_a7185e16,trp_90f6480d,,355CD1,web,16674.16,INR,1786.52,idem_c59ddaec14e96d68,cancelled,,2026-07-11T02:45:00+05:30,Found a better rate,2026-07-08T02:45:00+05:30,2026-08-18T10:00:00+05:30
bkg_986ad8cd,usr_45175b03,trp_d2c39f89,,68C2A2,mobile_app,11631.36,INR,1246.22,idem_7e24c6fc0a159b00,cancelled,,2026-07-02T10:30:00+05:30,Trip postponed,2026-06-16T10:30:00+05:30,2026-08-18T10:00:00+05:30
bkg_c62fb294,usr_5dec704e,trp_835b8b9f,,7C2F89,web,4671.61,INR,500.53,idem_777f7cdeffd3ad2d,confirmed,2026-06-30T20:02:00+05:30,,,2026-06-30T20:00:00+05:30,2026-08-18T10:00:00+05:30
bkg_fef976d0,usr_c538bbe8,trp_cb0bf61d,,299FEC,mobile_app,12940.19,INR,1386.45,idem_f7a7db292893ee86,confirmed,2026-06-29T17:02:00+05:30,,,2026-06-29T17:00:00+05:30,2026-08-18T10:00:00+05:30
bkg_762d2617,usr_fc3617c0,trp_1f82c042,,03799C,mobile_app,31132.04,INR,3335.58,idem_924e158b2f8b2345,confirmed,2026-05-31T10:02:00+05:30,,,2026-05-31T10:00:00+05:30,2026-08-18T10:00:00+05:30
bkg_392c279b,usr_7a9bb1ad,trp_77b09e9a,,FA3AAE,mobile_app,11422.28,LKR,1223.82,idem_59a45dfe90080363,cancelled,,2026-07-27T04:30:00+05:30,Trip postponed,2026-07-20T04:30:00+05:30,2026-08-18T10:00:00+05:30
bkg_5d117c3a,usr_8eb4e3e7,trp_aebbbd34,,3C0131,web,20398.01,THB,2185.50,idem_c126b03d19131bee,refunded,,2026-05-21T07:30:00+05:30,Plans changed,2026-05-05T07:30:00+05:30,2026-08-18T10:00:00+05:30
bkg_95889fc8,usr_8eb4e3e7,trp_aebbbd34,,1A02EE,web,12346.03,INR,1322.79,idem_bdbc2a9996557daa,cancelled,,2026-05-22T04:30:00+05:30,Duplicate booking,2026-05-09T04:30:00+05:30,2026-08-18T10:00:00+05:30
bkg_61acc1b8,usr_1217680f,trp_550c7b3b,,E7DB51,mobile_app,103079.03,INR,11044.18,idem_0c7bf545f8e02ce1,confirmed,2026-06-09T09:02:00+05:30,,,2026-06-09T09:00:00+05:30,2026-08-18T10:00:00+05:30
bkg_4b369d19,usr_0389057b,,,A93C52,web,51141.46,INR,5479.44,idem_0c305e4986c84870,confirmed,2026-07-05T02:17:00+05:30,,,2026-07-05T02:15:00+05:30,2026-08-18T10:00:00+05:30
bkg_a4c12512,usr_bff7bdb8,trp_26590ab5,,B03A10,partner,11149.39,INR,1194.58,idem_8362314f6019ca2f,cancelled,,2026-07-29T13:30:00+05:30,Duplicate booking,2026-07-12T13:30:00+05:30,2026-08-18T10:00:00+05:30
bkg_74eeb0b5,usr_9b3b547f,trp_d8d828d7,,E882EC,call_centre,12717100.46,IDR,1362546.48,idem_7c1b6cdbfd279277,confirmed,2026-05-06T02:02:00+05:30,,,2026-05-06T02:00:00+05:30,2026-08-18T10:00:00+05:30
bkg_d03d6dec,usr_db178dbf,trp_994bc238,,75A438,mobile_app,41129.52,INR,4406.73,idem_9b7359047aa34893,confirmed,2026-05-11T04:47:00+05:30,,,2026-05-11T04:45:00+05:30,2026-08-18T10:00:00+05:30
bkg_26b66373,usr_a0f188fa,trp_31015abc,,3D900B,web,30507.12,INR,3268.62,idem_93832f2903b8b61a,confirmed,2026-04-29T01:47:00+05:30,,,2026-04-29T01:45:00+05:30,2026-08-18T10:00:00+05:30
bkg_f5b52b28,usr_db9c91fe,,,F53F57,web,36826.52,INR,3945.70,idem_26ea46ce7c0ab6d4,cancelled,,2026-06-04T16:15:00+05:30,Duplicate booking,2026-05-28T16:15:00+05:30,2026-08-18T10:00:00+05:30
bkg_005381b1,usr_76c235d5,,,21D091,web,85032.08,INR,9110.58,idem_cff26df8274f2482,confirmed,2026-05-10T19:32:00+05:30,,,2026-05-10T19:30:00+05:30,2026-08-18T10:00:00+05:30
bkg_0afc7d0a,usr_22e61dad,trp_3e1f142c,,C08B91,web,2257.24,INR,241.85,idem_a3c632de1138344f,confirmed,2026-06-18T16:02:00+05:30,,,2026-06-18T16:00:00+05:30,2026-08-18T10:00:00+05:30
bkg_475e7e93,usr_55b114d5,trp_799607b3,,847294,web,9443.58,INR,1011.81,idem_ae49831d08fefc27,confirmed,2026-05-29T22:02:00+05:30,,,2026-05-29T22:00:00+05:30,2026-08-18T10:00:00+05:30
bkg_45a9bc65,usr_228f37bd,trp_afb42eab,,D807FC,partner,8932.24,NPR,957.03,idem_e7da6cd3efda158a,confirmed,2026-08-07T01:02:00+05:30,,,2026-08-07T01:00:00+05:30,2026-08-18T10:00:00+05:30
bkg_d3fb5559,usr_824b14a8,trp_0050ebc1,,E530BD,mobile_app,7925.04,INR,849.11,idem_eaf11a2ceb286fd4,confirmed,2026-06-06T22:02:00+05:30,,,2026-06-06T22:00:00+05:30,2026-08-18T10:00:00+05:30
bkg_7bd0f2cd,usr_8eb4e3e7,trp_672c1a74,,C47066,web,39799.84,INR,4264.27,idem_b1d21d3c1bf9d989,confirmed,2026-05-06T22:02:00+05:30,,,2026-05-06T22:00:00+05:30,2026-08-18T10:00:00+05:30
bkg_51199689,usr_be4ecc52,trp_cafb851c,,77BBB4,partner,100939.76,INR,10814.97,idem_e0e32be7ee5ddd7d,cancelled,,2026-06-17T13:15:00+05:30,Found a better rate,2026-06-08T13:15:00+05:30,2026-08-18T10:00:00+05:30
bkg_1edeeb63,usr_7796e5e8,trp_b2aef743,,C53FD2,web,6251.68,INR,669.82,idem_6881aa74a4d423aa,refunded,,2026-08-07T02:00:00+05:30,Found a better rate,2026-07-24T02:00:00+05:30,2026-08-18T10:00:00+05:30
bkg_89501b26,usr_8180c222,trp_a9d6d238,,6F5AAE,mobile_app,8022.59,INR,859.56,idem_f7da7a0942ad65ef,confirmed,2026-04-22T01:47:00+05:30,,,2026-04-22T01:45:00+05:30,2026-08-18T10:00:00+05:30
bkg_4fb2aa27,usr_2e562f89,trp_75c88e52,,759107,mobile_app,25787.10,JPY,2762.90,idem_8005968897e1572a,confirmed,2026-07-06T06:02:00+05:30,,,2026-07-06T06:00:00+05:30,2026-08-18T10:00:00+05:30
bkg_d61f774c,usr_efe9a3aa,trp_1b3de2ea,,DC3B53,mobile_app,7420.45,INR,795.05,idem_235aeb5c09d717ae,refunded,,2026-08-21T02:45:00+05:30,Plans changed,2026-08-09T02:45:00+05:30,2026-08-18T10:00:00+05:30
bkg_7e3355f1,usr_0deee6d9,trp_c39c8f75,,B9E992,mobile_app,5723.63,INR,613.25,idem_91ab9b3d4a37e716,failed,,,,2026-05-14T03:45:00+05:30,2026-08-18T10:00:00+05:30
bkg_99161de3,usr_b829ab46,trp_55e4cc10,,9FB52E,mobile_app,38617.71,INR,4137.61,idem_784742cfe41111e8,confirmed,2026-05-19T17:17:00+05:30,,,2026-05-19T17:15:00+05:30,2026-08-18T10:00:00+05:30
bkg_185d8f06,usr_4e65d08a,trp_098ba70a,,1F6687,mobile_app,4875.83,INR,522.41,idem_c5c46d04dc54c71e,confirmed,2026-06-21T23:47:00+05:30,,,2026-06-21T23:45:00+05:30,2026-08-18T10:00:00+05:30
bkg_47b2fdc7,usr_14c738e0,,,4B198B,web,82543.69,INR,8843.97,idem_eb2b35986b1aeb65,confirmed,2026-07-04T02:47:00+05:30,,,2026-07-04T02:45:00+05:30,2026-08-18T10:00:00+05:30
bkg_1287f35c,usr_bc9d20fa,trp_9e0e3864,,14D536,mobile_app,31360.49,INR,3360.05,idem_a6ece8cc9e91c3ff,confirmed,2026-04-20T20:02:00+05:30,,,2026-04-20T20:00:00+05:30,2026-08-18T10:00:00+05:30
bkg_fd5d5566,usr_32a5a217,trp_8cceaae7,,BECAD1,web,26970.99,INR,2889.75,idem_f302158fd5ebab88,confirmed,2026-06-27T18:02:00+05:30,,,2026-06-27T18:00:00+05:30,2026-08-18T10:00:00+05:30
bkg_7f0b18cd,usr_9afd8eab,,,7FF382,mobile_app,3381.34,INR,362.29,idem_bf9ce300f35d92a9,confirmed,2026-05-04T01:47:00+05:30,,,2026-05-04T01:45:00+05:30,2026-08-18T10:00:00+05:30
bkg_bc30f44d,usr_2b7e8931,trp_95ffc5b8,,BE3C6D,web,34171.33,INR,3661.21,idem_44ea396571d5cd66,failed,,,,2026-06-28T01:45:00+05:30,2026-08-18T10:00:00+05:30
bkg_07ff1c7c,usr_0382185a,,,2AD81C,web,13418.32,INR,1437.68,idem_eef0d377355e3caa,cancelled,,2026-07-26T08:45:00+05:30,Plans changed,2026-07-08T08:45:00+05:30,2026-08-18T10:00:00+05:30
bkg_f300f6eb,usr_d1506bce,trp_41efeeee,,EB5FE5,mobile_app,12383.54,NPR,1326.81,idem_ae7f58df8b699d8c,pending,,,,2026-05-31T01:30:00+05:30,2026-08-18T10:00:00+05:30
bkg_ddc90127,usr_c582abb2,trp_09e8a8fb,,0EAA7A,web,18184.77,AED,1948.37,idem_dd1c22c65ed739b1,cancelled,,2026-05-09T02:45:00+05:30,Plans changed,2026-05-04T02:45:00+05:30,2026-08-18T10:00:00+05:30
bkg_2cbec209,usr_2e562f89,trp_75c88e52,,CEBE82,mobile_app,14046.64,AED,1505.00,idem_8aa443ea44af607f,confirmed,2026-07-16T05:17:00+05:30,,,2026-07-16T05:15:00+05:30,2026-08-18T10:00:00+05:30
bkg_223831b3,usr_18a2e06d,,,BC4845,web,33884.12,MVR,3630.44,idem_bfcdb863842cb48d,confirmed,2026-08-16T15:47:00+05:30,,,2026-08-16T15:45:00+05:30,2026-08-18T10:00:00+05:30
bkg_c6d19a56,usr_7af1e427,,,315615,web,29752.11,INR,3187.73,idem_25b8b6a7fbb78e62,confirmed,2026-07-25T22:32:00+05:30,,,2026-07-25T22:30:00+05:30,2026-08-18T10:00:00+05:30
bkg_2d1dda05,usr_49c29e32,,,0634A7,partner,36375.27,INR,3897.35,idem_ce34526a1c7fe701,confirmed,2026-07-13T23:02:00+05:30,,,2026-07-13T23:00:00+05:30,2026-08-18T10:00:00+05:30
bkg_f933eddc,usr_2c93ab7f,trp_8b6125c3,,0A2E54,web,23518.73,INR,2519.86,idem_240362fc7e1af26b,cancelled,,2026-05-23T03:00:00+05:30,Duplicate booking,2026-05-04T03:00:00+05:30,2026-08-18T10:00:00+05:30
bkg_efdc3038,usr_bff7bdb8,trp_60a62e81,,8E5B4C,web,4246.75,INR,455.01,idem_88679f042ce0679f,refunded,,2026-05-23T19:45:00+05:30,Plans changed,2026-05-19T19:45:00+05:30,2026-08-18T10:00:00+05:30
bkg_94448465,usr_2da5bb04,trp_25a980cf,,FE2694,web,44969.37,INR,4818.15,idem_f5848ec46e1a9a9d,confirmed,2026-07-15T00:47:00+05:30,,,2026-07-15T00:45:00+05:30,2026-08-18T10:00:00+05:30
bkg_d541c249,usr_538f6e20,trp_cb526c8f,,68C070,web,44043.98,INR,4719.00,idem_7acdd6a33daf7b0b,confirmed,2026-04-28T17:47:00+05:30,,,2026-04-28T17:45:00+05:30,2026-08-18T10:00:00+05:30
bkg_4800decc,usr_2109396c,trp_44ecb435,,2012E8,call_centre,20430.41,INR,2188.97,idem_169c9582cde1a455,confirmed,2026-06-10T05:02:00+05:30,,,2026-06-10T05:00:00+05:30,2026-08-18T10:00:00+05:30
bkg_bfdd27db,usr_d0571b95,,,2555C1,agent,8268.06,INR,885.86,idem_30dc11626356b0e9,confirmed,2026-07-14T11:02:00+05:30,,,2026-07-14T11:00:00+05:30,2026-08-18T10:00:00+05:30
bkg_84a1f1a3,usr_afacd025,trp_2e23ea17,,F07493,mobile_app,10058.41,INR,1077.69,idem_37484ebd2d694c5a,failed,,,,2026-05-17T10:00:00+05:30,2026-08-18T10:00:00+05:30
bkg_f73c5cc7,usr_8ba42edb,trp_0c26fee1,,B09FB4,mobile_app,15611.33,INR,1672.64,idem_76e4d10a22d1b4de,cancelled,,2026-08-18T23:00:00+05:30,Plans changed,2026-08-05T23:00:00+05:30,2026-08-18T10:00:00+05:30
bkg_3e6ccc81,usr_1dd8f348,,,C3E916,web,11894.00,INR,1274.36,idem_48b32df147f4cbb2,confirmed,2026-07-30T19:47:00+05:30,,,2026-07-30T19:45:00+05:30,2026-08-18T10:00:00+05:30
bkg_3178603e,usr_76c235d5,trp_604a54fd,,17968A,mobile_app,9767.36,INR,1046.50,idem_14a9370ae582cdba,confirmed,2026-06-06T13:02:00+05:30,,,2026-06-06T13:00:00+05:30,2026-08-18T10:00:00+05:30
bkg_9b353ab1,usr_424aaa79,trp_f80fc406,,6505C8,mobile_app,30277.53,INR,3244.02,idem_d0174174d9f94834,cancelled,,2026-07-01T17:45:00+05:30,Plans changed,2026-06-28T17:45:00+05:30,2026-08-18T10:00:00+05:30
bkg_2177911a,usr_243cefe8,trp_96471330,,54F208,mobile_app,3559.75,INR,381.40,idem_71b210fda1135ad4,confirmed,2026-07-25T06:47:00+05:30,,,2026-07-25T06:45:00+05:30,2026-08-18T10:00:00+05:30
bkg_55d397cc,usr_2de68d4f,,,4459E0,web,20030.06,INR,2146.08,idem_14d370d2238b85c8,confirmed,2026-06-27T00:02:00+05:30,,,2026-06-27T00:00:00+05:30,2026-08-18T10:00:00+05:30
bkg_b4651544,usr_e076a69d,trp_79c91f6b,,CE329A,web,46693.85,INR,5002.91,idem_c3d8505dee8dd859,confirmed,2026-05-06T17:47:00+05:30,,,2026-05-06T17:45:00+05:30,2026-08-18T10:00:00+05:30
bkg_7471d31f,usr_c582abb2,trp_152be4e1,,36CED0,mobile_app,39383.46,INR,4219.66,idem_c1aab8c429cb4ac1,confirmed,2026-06-20T11:02:00+05:30,,,2026-06-20T11:00:00+05:30,2026-08-18T10:00:00+05:30
bkg_d2e63b19,usr_e10845c8,,,1D4CA0,mobile_app,21498.39,INR,2303.40,idem_65f17971e55cc3a6,confirmed,2026-06-14T14:32:00+05:30,,,2026-06-14T14:30:00+05:30,2026-08-18T10:00:00+05:30
bkg_fb2c9591,usr_1b4fe68e,,,7109DE,web,1755.84,SGD,188.13,idem_8fd0de56d28b8995,confirmed,2026-06-17T17:47:00+05:30,,,2026-06-17T17:45:00+05:30,2026-08-18T10:00:00+05:30
bkg_edc6a8cd,usr_b8779399,trp_53f18756,,54DB06,mobile_app,36026.26,INR,3859.96,idem_8bda5dd4774aa8a7,confirmed,2026-07-25T05:02:00+05:30,,,2026-07-25T05:00:00+05:30,2026-08-18T10:00:00+05:30
bkg_2d35984a,usr_d8cab59f,trp_aa766de3,,79999F,web,9396.44,INR,1006.76,idem_4cb3127f93014750,failed,,,,2026-05-08T14:30:00+05:30,2026-08-18T10:00:00+05:30
bkg_797f08c6,usr_9afd8eab,,,F21048,web,80028.21,INR,8574.45,idem_08fbe5e6982e8644,confirmed,2026-08-15T10:02:00+05:30,,,2026-08-15T10:00:00+05:30,2026-08-18T10:00:00+05:30
bkg_c2b79064,usr_51275e79,trp_3e263e75,,FEE151,mobile_app,22907.89,INR,2454.42,idem_62e20988dc65b48a,confirmed,2026-04-29T02:47:00+05:30,,,2026-04-29T02:45:00+05:30,2026-08-18T10:00:00+05:30
bkg_d52ae254,usr_b021d103,trp_70ac83bf,,A4088D,web,6294.09,INR,674.37,idem_36a066c8e6f7b07a,confirmed,2026-06-23T04:47:00+05:30,,,2026-06-23T04:45:00+05:30,2026-08-18T10:00:00+05:30
bkg_39ee0968,usr_42202df5,trp_9fc37785,,15C9A0,web,15857.63,INR,1699.03,idem_9c0509c87504a490,confirmed,2026-07-21T21:02:00+05:30,,,2026-07-21T21:00:00+05:30,2026-08-18T10:00:00+05:30
bkg_3222ba8a,usr_e0853a17,trp_03ce3598,,98A09A,web,2686.32,MVR,287.82,idem_a88aa4a82c24f204,confirmed,2026-05-27T00:17:00+05:30,,,2026-05-27T00:15:00+05:30,2026-08-18T10:00:00+05:30
bkg_4798eb81,usr_67d03584,trp_0eaece39,,A79197,web,5423.38,THB,581.08,idem_818a2f0c78ad5cc4,confirmed,2026-06-20T17:17:00+05:30,,,2026-06-20T17:15:00+05:30,2026-08-18T10:00:00+05:30
bkg_e14ffcd7,usr_2209582f,trp_bbf16dcd,,5597FE,web,61963.64,INR,6638.96,idem_821181d1d300d048,cancelled,,2026-07-13T18:00:00+05:30,Found a better rate,2026-07-04T18:00:00+05:30,2026-08-18T10:00:00+05:30
bkg_bf73544b,usr_5bbebfef,trp_572d4b08,,094411,mobile_app,10995.90,INR,1178.13,idem_d685467d9e6efca4,confirmed,2026-06-27T00:32:00+05:30,,,2026-06-27T00:30:00+05:30,2026-08-18T10:00:00+05:30
bkg_faf17d11,usr_243cefe8,trp_96471330,,1BFCEC,mobile_app,8868.34,INR,950.18,idem_a630ab0658b3dc01,confirmed,2026-06-22T04:17:00+05:30,,,2026-06-22T04:15:00+05:30,2026-08-18T10:00:00+05:30
bkg_db32001a,usr_b50df034,,,453AF1,partner,7393.85,AED,792.20,idem_1d8a5773168eb241,confirmed,2026-05-13T20:32:00+05:30,,,2026-05-13T20:30:00+05:30,2026-08-18T10:00:00+05:30
bkg_0603ed91,usr_520d9624,trp_8b48ae6e,,460604,web,8973.78,INR,961.48,idem_bf503df9a22cec7c,cancelled,,2026-08-03T02:30:00+05:30,Found a better rate,2026-07-27T02:30:00+05:30,2026-08-18T10:00:00+05:30
bkg_fdf3c83a,usr_ab44eb3e,,,F51E5E,web,2222.23,INR,238.10,idem_7291ee7d319bdc16,confirmed,2026-05-28T10:02:00+05:30,,,2026-05-28T10:00:00+05:30,2026-08-18T10:00:00+05:30
bkg_b0410dc0,usr_de5d9e34,trp_56eeb108,,5D6B36,web,9702.20,INR,1039.52,idem_5166045036cb72df,confirmed,2026-06-04T07:32:00+05:30,,,2026-06-04T07:30:00+05:30,2026-08-18T10:00:00+05:30
bkg_5c37c9d3,usr_58d2b52f,trp_f0bbd941,,BFB4F6,call_centre,90181.80,INR,9662.34,idem_915a48b78d92a6fb,partially_confirmed,2026-06-06T22:47:00+05:30,,,2026-06-06T22:45:00+05:30,2026-08-18T10:00:00+05:30
bkg_6fd04671,usr_76c235d5,trp_7aed1147,,FB0977,mobile_app,65754.39,INR,7045.11,idem_3663df4bcc1067a7,confirmed,2026-04-23T07:17:00+05:30,,,2026-04-23T07:15:00+05:30,2026-08-18T10:00:00+05:30
bkg_eefb0757,usr_54e0dc44,trp_35d620ca,,9563BB,web,80315.69,INR,8605.25,idem_72963e70b6362ed9,confirmed,2026-04-30T01:32:00+05:30,,,2026-04-30T01:30:00+05:30,2026-08-18T10:00:00+05:30
bkg_83929094,usr_da5d7284,trp_26ad6ac9,,4B3FB0,web,11879.37,INR,1272.79,idem_537de5c514734474,confirmed,2026-06-15T08:17:00+05:30,,,2026-06-15T08:15:00+05:30,2026-08-18T10:00:00+05:30
bkg_41bd942d,usr_2aa556d6,trp_c0c1da94,,23CDF7,web,13463.35,INR,1442.50,idem_ce1ca622c1c17454,failed,,,,2026-08-13T18:15:00+05:30,2026-08-18T10:00:00+05:30
bkg_8c19e070,usr_0e9166f0,,,EEAD82,web,44229.84,INR,4738.91,idem_af1b515ac5f7fd36,confirmed,2026-07-26T13:47:00+05:30,,,2026-07-26T13:45:00+05:30,2026-08-18T10:00:00+05:30
bkg_5fdaa48d,usr_1cfaf7a0,,,7692BC,web,15647.30,INR,1676.50,idem_24431f71b1dbc449,confirmed,2026-07-10T15:17:00+05:30,,,2026-07-10T15:15:00+05:30,2026-08-18T10:00:00+05:30
bkg_65263f44,usr_b96ef58c,trp_acaf45e7,,E954AC,mobile_app,17987.31,INR,1927.21,idem_9d0362c58f416552,confirmed,2026-07-07T18:02:00+05:30,,,2026-07-07T18:00:00+05:30,2026-08-18T10:00:00+05:30
bkg_4b9a8024,usr_36c3dbed,,,E6E9EB,mobile_app,10772.12,INR,1154.16,idem_61238bc6ee43378d,confirmed,2026-05-04T01:17:00+05:30,,,2026-05-04T01:15:00+05:30,2026-08-18T10:00:00+05:30
bkg_4eca0359,usr_2b4223b2,trp_7c20b912,,CDF7DC,web,53186.21,INR,5698.52,idem_a6f17518947636b8,confirmed,2026-06-05T12:02:00+05:30,,,2026-06-05T12:00:00+05:30,2026-08-18T10:00:00+05:30
bkg_6d39b917,usr_22e61dad,trp_bc925fdc,,65867D,mobile_app,18730.25,INR,2006.81,idem_f8a47ca8525f20de,confirmed,2026-08-14T21:32:00+05:30,,,2026-08-14T21:30:00+05:30,2026-08-18T10:00:00+05:30
bkg_d67d3cab,usr_ce09de03,trp_e1f3d0e8,,80E00B,mobile_app,4924.64,INR,527.64,idem_c9853d8c245df67f,confirmed,2026-05-09T08:02:00+05:30,,,2026-05-09T08:00:00+05:30,2026-08-18T10:00:00+05:30
bkg_b7fbe11d,usr_8eb4e3e7,trp_aebbbd34,,7DE1DE,web,9320.58,INR,998.63,idem_0e26163bf52acc71,pending,,,,2026-07-18T11:45:00+05:30,2026-08-18T10:00:00+05:30
bkg_f3964a78,usr_b6d5d98c,trp_bacdeb91,,0E5DCA,mobile_app,8082.51,INR,865.98,idem_0a775bb2243e0e7b,pending,,,,2026-08-10T14:30:00+05:30,2026-08-18T10:00:00+05:30
bkg_fb0cd2e9,usr_b96ef58c,trp_acaf45e7,,CC8DE2,web,11508.69,INR,1233.07,idem_49458ca2f68b37d5,confirmed,2026-06-05T06:17:00+05:30,,,2026-06-05T06:15:00+05:30,2026-08-18T10:00:00+05:30
bkg_5ce1aa60,usr_fedbd227,trp_894ef822,,334DAA,web,54419.57,INR,5830.67,idem_e5b2a0c8c605fd97,confirmed,2026-04-22T10:02:00+05:30,,,2026-04-22T10:00:00+05:30,2026-08-18T10:00:00+05:30
bkg_e588a3ec,usr_756ce6b3,trp_5162b851,,AAA0CD,mobile_app,28906.89,MVR,3097.17,idem_93cc291ae252d932,confirmed,2026-06-13T21:47:00+05:30,,,2026-06-13T21:45:00+05:30,2026-08-18T10:00:00+05:30
bkg_f2ee1b79,usr_e8f563b9,,,6038E3,call_centre,11130.75,INR,1192.58,idem_52925c8e73201860,confirmed,2026-05-13T08:02:00+05:30,,,2026-05-13T08:00:00+05:30,2026-08-18T10:00:00+05:30
bkg_c0da2534,usr_a386ca28,trp_7afc863d,,DA5CCB,mobile_app,55833.75,INR,5982.19,idem_dc510b896effc290,cancelled,,2026-06-26T00:45:00+05:30,Trip postponed,2026-06-09T00:45:00+05:30,2026-08-18T10:00:00+05:30
bkg_5b78f8c7,usr_b86dd891,trp_f996a70f,,F62A8C,web,4467.59,INR,478.67,idem_19e6aeaf2cddab49,confirmed,2026-07-08T01:32:00+05:30,,,2026-07-08T01:30:00+05:30,2026-08-18T10:00:00+05:30
bkg_a59acc24,usr_856079e2,,,F635AB,web,33569.72,INR,3596.76,idem_cd7b328b88549569,confirmed,2026-07-17T01:32:00+05:30,,,2026-07-17T01:30:00+05:30,2026-08-18T10:00:00+05:30
bkg_8d9ac522,usr_ef2f6a43,trp_e086bae2,,A39E62,mobile_app,22494.66,INR,2410.14,idem_ff7bec8cbf9c44fd,confirmed,2026-04-29T03:02:00+05:30,,,2026-04-29T03:00:00+05:30,2026-08-18T10:00:00+05:30
bkg_21ddae72,usr_d23b92e9,trp_1aeefd3e,,8AE6ED,web,8619.23,INR,923.49,idem_856f01f2f40b2254,confirmed,2026-06-04T14:02:00+05:30,,,2026-06-04T14:00:00+05:30,2026-08-18T10:00:00+05:30
bkg_21207942,usr_afaebefa,trp_cab596c9,,098275,mobile_app,26904.91,JPY,2882.67,idem_96e7a2457adc547f,confirmed,2026-04-25T15:32:00+05:30,,,2026-04-25T15:30:00+05:30,2026-08-18T10:00:00+05:30
bkg_741cd407,usr_ab2353de,,,DFE4EB,web,9448.28,INR,1012.32,idem_9da41bd7038f31fa,confirmed,2026-07-21T04:32:00+05:30,,,2026-07-21T04:30:00+05:30,2026-08-18T10:00:00+05:30
bkg_57c29f9b,usr_969a0636,trp_ddc1ac3a,,3F0CDB,web,3269.31,INR,350.28,idem_ef077135468427bc,cancelled,,2026-05-01T13:45:00+05:30,Found a better rate,2026-04-21T13:45:00+05:30,2026-08-18T10:00:00+05:30
bkg_94b7fd50,usr_76c235d5,,,8B5244,mobile_app,84652.02,INR,9069.86,idem_70ced7d12d65466f,pending,,,,2026-08-01T01:45:00+05:30,2026-08-18T10:00:00+05:30
bkg_a3687d51,usr_e21b6644,trp_76677b52,,E404ED,web,7048.62,INR,755.21,idem_929b274f55f28aa3,confirmed,2026-06-01T03:02:00+05:30,,,2026-06-01T03:00:00+05:30,2026-08-18T10:00:00+05:30
bkg_4ddd180b,usr_d23b92e9,trp_33c5a895,,F3D62D,web,3055.91,INR,327.42,idem_e187f66e2a5c135e,pending,,,,2026-04-23T19:00:00+05:30,2026-08-18T10:00:00+05:30
bkg_f3ba14f8,usr_db9c91fe,,,BA7390,web,6030.46,INR,646.12,idem_7ee78e2e84282640,cancelled,,2026-08-14T10:45:00+05:30,Trip postponed,2026-08-04T10:45:00+05:30,2026-08-18T10:00:00+05:30
bkg_5cab6073,usr_7d0ce609,trp_46f6a107,,0A9F3D,mobile_app,3679.65,INR,394.25,idem_3494258fafa08bbf,confirmed,2026-05-28T10:17:00+05:30,,,2026-05-28T10:15:00+05:30,2026-08-18T10:00:00+05:30
bkg_56c11b74,usr_a386ca28,trp_ff8e9fec,,B98A8A,web,5103495.76,IDR,546803.12,idem_b7d14b47b8055e0e,cancelled,,2026-08-18T07:30:00+05:30,Trip postponed,2026-08-05T07:30:00+05:30,2026-08-18T10:00:00+05:30
bkg_fc2f500d,usr_be4ecc52,trp_cafb851c,,761CB8,web,35836.64,INR,3839.64,idem_71352eda25c49d17,confirmed,2026-07-02T13:32:00+05:30,,,2026-07-02T13:30:00+05:30,2026-08-18T10:00:00+05:30
bkg_c379060f,usr_6c3fae7b,trp_7507ac91,,539077,mobile_app,57401.19,AED,6150.13,idem_74cb31bc79bdfa4a,confirmed,2026-05-20T05:32:00+05:30,,,2026-05-20T05:30:00+05:30,2026-08-18T10:00:00+05:30
bkg_9049df19,usr_5f1e6e1c,trp_7945b3eb,,652562,mobile_app,12393.25,INR,1327.85,idem_9dab0406da5680c7,confirmed,2026-07-23T06:17:00+05:30,,,2026-07-23T06:15:00+05:30,2026-08-18T10:00:00+05:30
bkg_3e0ad678,usr_1dc8f83e,,,86EDD1,web,7701.05,INR,825.11,idem_c679bdb72ab24957,confirmed,2026-05-11T14:17:00+05:30,,,2026-05-11T14:15:00+05:30,2026-08-18T10:00:00+05:30
bkg_64e60d4e,usr_d8024b62,trp_d98bd293,,158948,web,59578.56,INR,6383.42,idem_d28b569802ced66f,partially_confirmed,2026-04-26T01:02:00+05:30,,,2026-04-26T01:00:00+05:30,2026-08-18T10:00:00+05:30
bkg_b27c8947,usr_8fe264b1,trp_67a041ab,,3EB553,mobile_app,37890.61,INR,4059.71,idem_fddc9e22d48f1f1f,pending,,,,2026-08-12T23:15:00+05:30,2026-08-18T10:00:00+05:30
bkg_3c274afb,usr_5527167d,,,0B6CCD,web,4048.27,INR,433.74,idem_38bf96600aae84ae,confirmed,2026-06-12T18:47:00+05:30,,,2026-06-12T18:45:00+05:30,2026-08-18T10:00:00+05:30
bkg_505ae5f5,usr_2b7e8931,,,98558D,mobile_app,24189.51,INR,2591.73,idem_dab7cee467dd2960,confirmed,2026-05-12T18:47:00+05:30,,,2026-05-12T18:45:00+05:30,2026-08-18T10:00:00+05:30
bkg_a05bf316,usr_4cbf6de6,,,0EA970,web,20704.07,INR,2218.29,idem_605f0490764e1cac,confirmed,2026-05-12T16:17:00+05:30,,,2026-05-12T16:15:00+05:30,2026-08-18T10:00:00+05:30
bkg_d2c9bf99,usr_94e62241,trp_4c87ad6d,,BD3812,web,82715.53,INR,8862.38,idem_c15d10b8b954d5bf,partially_confirmed,2026-07-06T20:02:00+05:30,,,2026-07-06T20:00:00+05:30,2026-08-18T10:00:00+05:30
bkg_e25bf284,usr_44ef2e9c,trp_536f04bd,,F28232,web,6324.86,INR,677.66,idem_c943244c4457163d,failed,,,,2026-06-30T08:15:00+05:30,2026-08-18T10:00:00+05:30
bkg_e204464a,usr_0e9166f0,trp_e31ab00a,,49394A,web,27555.43,INR,2952.37,idem_ddb253a0d6ab51cd,confirmed,2026-06-27T16:47:00+05:30,,,2026-06-27T16:45:00+05:30,2026-08-18T10:00:00+05:30
bkg_1ca7bb5b,usr_54e4f5fd,trp_0e4ac002,,D21F89,web,15959.26,INR,1709.92,idem_382d994455e6a3b7,partially_confirmed,2026-05-30T21:47:00+05:30,,,2026-05-30T21:45:00+05:30,2026-08-18T10:00:00+05:30
bkg_1bfebbe8,usr_856079e2,,,4C53E2,mobile_app,14838.48,INR,1589.84,idem_acdbd579edf69710,confirmed,2026-07-02T11:02:00+05:30,,,2026-07-02T11:00:00+05:30,2026-08-18T10:00:00+05:30
bkg_6dded23f,usr_240785d4,trp_23669283,,6C5CC1,web,2714.11,INR,290.80,idem_1983dee7a59cf3e5,confirmed,2026-05-20T15:02:00+05:30,,,2026-05-20T15:00:00+05:30,2026-08-18T10:00:00+05:30
bkg_da6f37fb,usr_17083a9e,trp_ed7e580e,,B165E7,mobile_app,13246.02,INR,1419.22,idem_e86d03d57aed924a,confirmed,2026-07-03T14:32:00+05:30,,,2026-07-03T14:30:00+05:30,2026-08-18T10:00:00+05:30
bkg_5a203e3f,usr_4d8f3b3a,,,D4B54C,web,791.47,MYR,84.80,idem_17a8604e5873f171,cancelled,,2026-06-17T03:00:00+05:30,Found a better rate,2026-06-10T03:00:00+05:30,2026-08-18T10:00:00+05:30
bkg_14a90ebb,usr_5b31e64c,,,40822C,web,19504.96,INR,2089.82,idem_739e7cc43311732a,confirmed,2026-08-03T08:47:00+05:30,,,2026-08-03T08:45:00+05:30,2026-08-18T10:00:00+05:30
bkg_619c2d56,usr_5b31e64c,,,338F18,web,35519.14,INR,3805.62,idem_0cfb3512f38026a5,cancelled,,2026-06-03T17:30:00+05:30,Duplicate booking,2026-05-24T17:30:00+05:30,2026-08-18T10:00:00+05:30
bkg_ebfe62ce,usr_f4863900,trp_24b6d605,,294DC1,mobile_app,8061.65,INR,863.75,idem_01eeb86492f66085,partially_confirmed,2026-07-26T19:17:00+05:30,,,2026-07-26T19:15:00+05:30,2026-08-18T10:00:00+05:30
bkg_0e2a8f6f,usr_322bb31e,trp_f25ef2fa,,BCB37C,web,469.53,SGD,50.31,idem_f8cfea8c804dbbeb,confirmed,2026-05-11T14:17:00+05:30,,,2026-05-11T14:15:00+05:30,2026-08-18T10:00:00+05:30
bkg_74758e73,usr_e572b881,trp_90e2fb40,,FA1068,web,16490.36,INR,1766.82,idem_3e359cc61a833258,pending,,,,2026-05-05T15:00:00+05:30,2026-08-18T10:00:00+05:30
bkg_b477a265,usr_8659fe93,trp_418cd9f5,,EF9312,web,2224.05,AED,238.29,idem_6bb8da880c09cc52,confirmed,2026-06-09T07:02:00+05:30,,,2026-06-09T07:00:00+05:30,2026-08-18T10:00:00+05:30
bkg_71ce53df,usr_7e340c2a,trp_2d23dd64,,219DB7,web,5113.70,INR,547.90,idem_f0fbcc5d442ef139,confirmed,2026-07-17T00:02:00+05:30,,,2026-07-17T00:00:00+05:30,2026-08-18T10:00:00+05:30
bkg_ac77c65b,usr_2433031a,trp_1c6b709c,,2083CF,mobile_app,14621.60,MYR,1566.60,idem_120ce3f8e76d054c,confirmed,2026-06-22T01:17:00+05:30,,,2026-06-22T01:15:00+05:30,2026-08-18T10:00:00+05:30
bkg_36d04f4b,usr_e0853a17,trp_42b0f9e2,,1524BE,call_centre,5733.66,INR,614.32,idem_97c4964c85a6a3e6,failed,,,,2026-05-31T05:30:00+05:30,2026-08-18T10:00:00+05:30
bkg_7a5b49f8,usr_b8779399,trp_53f18756,,CF962D,web,60508.49,INR,6483.05,idem_167e18eb6b7b8f5b,partially_confirmed,2026-06-18T21:47:00+05:30,,,2026-06-18T21:45:00+05:30,2026-08-18T10:00:00+05:30
bkg_3423604c,usr_63d6db20,trp_a0a40e8a,,268866,mobile_app,29913.35,INR,3205.00,idem_6f92cfea6c0c4bb4,partially_confirmed,2026-07-13T06:17:00+05:30,,,2026-07-13T06:15:00+05:30,2026-08-18T10:00:00+05:30
bkg_51867a30,usr_0000ca76,,,B347B9,web,3091.48,INR,331.23,idem_7881017fda6251a1,confirmed,2026-05-28T17:02:00+05:30,,,2026-05-28T17:00:00+05:30,2026-08-18T10:00:00+05:30
bkg_b2b511a0,usr_a3f4f2d9,trp_d8f6113f,,801A36,web,4661.68,INR,499.47,idem_60fb29d4f8436c7f,confirmed,2026-07-22T23:17:00+05:30,,,2026-07-22T23:15:00+05:30,2026-08-18T10:00:00+05:30
bkg_c68cb540,usr_b2323a23,,,6CE87A,mobile_app,18171.28,INR,1946.92,idem_0c5a9d0004771904,confirmed,2026-08-16T16:02:00+05:30,,,2026-08-16T16:00:00+05:30,2026-08-18T10:00:00+05:30
bkg_e74beb9d,usr_ca24d130,trp_31e8bc24,,FA7510,mobile_app,28818.22,INR,3087.67,idem_d1c79d2e3503409b,confirmed,2026-04-23T11:17:00+05:30,,,2026-04-23T11:15:00+05:30,2026-08-18T10:00:00+05:30
bkg_cc4226d5,usr_17083a9e,trp_ed7e580e,,6210BD,web,1862.06,INR,199.51,idem_724c5a53c412374e,confirmed,2026-05-31T07:17:00+05:30,,,2026-05-31T07:15:00+05:30,2026-08-18T10:00:00+05:30
bkg_1afb3757,usr_edf2bbfa,trp_32a84989,,9191C0,web,150706.55,INR,16147.13,idem_114b2cd7b6c7268f,confirmed,2026-05-07T07:17:00+05:30,,,2026-05-07T07:15:00+05:30,2026-08-18T10:00:00+05:30
bkg_543a3150,usr_25e8a118,trp_79d0c6ca,,EFD99E,web,26358.49,INR,2824.12,idem_ed07d3f3cb4addc9,pending,,,,2026-08-12T19:15:00+05:30,2026-08-18T10:00:00+05:30
bkg_9aad8c6e,usr_90a46b92,trp_f6a466fb,,446B9B,web,66407.25,INR,7115.06,idem_b03c49a5abfd852a,confirmed,2026-07-07T06:47:00+05:30,,,2026-07-07T06:45:00+05:30,2026-08-18T10:00:00+05:30
bkg_a4ea58eb,usr_b376fa1f,trp_11b70470,,C4722E,mobile_app,6812634.47,IDR,729925.12,idem_e39f49c91328f58d,confirmed,2026-07-06T08:32:00+05:30,,,2026-07-06T08:30:00+05:30,2026-08-18T10:00:00+05:30
bkg_985df086,usr_44ec53b5,trp_77488f6d,,680433,mobile_app,32968.14,INR,3532.30,idem_f1b7895edf5e2d23,refunded,,2026-08-02T12:15:00+05:30,Duplicate booking,2026-07-25T12:15:00+05:30,2026-08-18T10:00:00+05:30
bkg_0ecc507f,usr_353c55a8,trp_d7693837,,7315E8,web,8089.00,INR,866.68,idem_649b64dfc56fbd54,partially_confirmed,2026-06-21T18:32:00+05:30,,,2026-06-21T18:30:00+05:30,2026-08-18T10:00:00+05:30
bkg_8641b8d2,usr_a93726c0,trp_5ac61fd8,,3CACDA,mobile_app,19442.86,INR,2083.16,idem_2401ac9e8da2cb32,confirmed,2026-05-31T16:32:00+05:30,,,2026-05-31T16:30:00+05:30,2026-08-18T10:00:00+05:30
bkg_a58a58c2,usr_63d19d4c,trp_32ae8bfe,,E85566,web,27216.52,INR,2916.06,idem_521ad50d62c90aa9,confirmed,2026-07-16T00:02:00+05:30,,,2026-07-16T00:00:00+05:30,2026-08-18T10:00:00+05:30
bkg_77bf106d,usr_9b3b547f,,,FB9BF1,mobile_app,5488.56,INR,588.06,idem_b7cd618d89a617bd,cancelled,,2026-07-05T19:30:00+05:30,Trip postponed,2026-06-22T19:30:00+05:30,2026-08-18T10:00:00+05:30
bkg_76ce1c52,usr_856079e2,trp_234af87a,,583631,mobile_app,4375.71,INR,468.83,idem_7aca0726ec487d57,cancelled,,2026-07-26T22:45:00+05:30,Found a better rate,2026-07-22T22:45:00+05:30,2026-08-18T10:00:00+05:30
bkg_1629471f,usr_5f22c672,trp_cdb13358,,F6936A,mobile_app,15231.13,INR,1631.91,idem_a2bbef080614eaba,confirmed,2026-07-23T09:47:00+05:30,,,2026-07-23T09:45:00+05:30,2026-08-18T10:00:00+05:30
bkg_a7f7aaf1,usr_8eb4e3e7,trp_aebbbd34,,AA7B12,web,33000.24,THB,3535.74,idem_6079f71b37acac11,confirmed,2026-06-24T13:17:00+05:30,,,2026-06-24T13:15:00+05:30,2026-08-18T10:00:00+05:30
bkg_3d497c8a,usr_6c3fae7b,trp_3a3fe157,,947D0C,mobile_app,4123.26,INR,441.78,idem_c9ddd5f4237d9d39,refunded,,2026-06-15T04:00:00+05:30,Plans changed,2026-05-27T04:00:00+05:30,2026-08-18T10:00:00+05:30
bkg_684f07eb,usr_7f9533ad,trp_a00e9d0f,,CAC9AC,mobile_app,14956.86,INR,1602.52,idem_f6762e5963526eb7,pending,,,,2026-05-02T04:00:00+05:30,2026-08-18T10:00:00+05:30
bkg_5d9c9884,usr_72d88a70,trp_357dbb6b,,064844,call_centre,22162530.33,IDR,2374556.82,idem_f75ba751f37d07a7,pending,,,,2026-05-09T11:00:00+05:30,2026-08-18T10:00:00+05:30
bkg_29b6eb90,usr_9115fc7c,,,B75946,web,8478.72,INR,908.43,idem_0e9c328eb3a18c77,confirmed,2026-07-20T02:17:00+05:30,,,2026-07-20T02:15:00+05:30,2026-08-18T10:00:00+05:30
bkg_f2845b85,usr_cf744020,trp_0053b2f7,,6C7E74,mobile_app,67793.85,INR,7263.63,idem_6bf8df2dd729c456,confirmed,2026-07-05T14:02:00+05:30,,,2026-07-05T14:00:00+05:30,2026-08-18T10:00:00+05:30
bkg_fbd88223,usr_08b8f8e9,trp_a62adcb1,,E2E20E,web,8544.07,THB,915.44,idem_5c803a37ba8f2671,confirmed,2026-06-07T17:17:00+05:30,,,2026-06-07T17:15:00+05:30,2026-08-18T10:00:00+05:30
bkg_00af60b6,usr_07f03d4c,trp_82116fda,,5667C5,web,9302.41,NPR,996.69,idem_ab149284f05d1830,confirmed,2026-07-11T15:17:00+05:30,,,2026-07-11T15:15:00+05:30,2026-08-18T10:00:00+05:30
bkg_df43d228,usr_8ddbc4ab,trp_89ad1eee,,FAC2C5,web,64663.24,INR,6928.20,idem_694af4b462ff8441,refunded,,2026-07-26T16:15:00+05:30,Duplicate booking,2026-07-22T16:15:00+05:30,2026-08-18T10:00:00+05:30
bkg_1c03ac2e,usr_e7b2dd09,,,13C93C,web,55378.19,INR,5933.38,idem_d8aa1c19275e6994,cancelled,,2026-08-16T19:15:00+05:30,Plans changed,2026-08-07T19:15:00+05:30,2026-08-18T10:00:00+05:30
bkg_c91c9f58,usr_ef2f6a43,,,DC63DD,web,16482.57,INR,1765.99,idem_9ddb4446feab0e7b,confirmed,2026-04-29T04:32:00+05:30,,,2026-04-29T04:30:00+05:30,2026-08-18T10:00:00+05:30
bkg_8a81c7b9,usr_99adb626,trp_4a2eb05b,,CE7564,mobile_app,22835.68,INR,2446.68,idem_1195543e7a9abef4,confirmed,2026-08-14T04:32:00+05:30,,,2026-08-14T04:30:00+05:30,2026-08-18T10:00:00+05:30
bkg_44fc43f8,usr_88af6903,trp_7b77aa24,,BD41D0,web,46689.17,THB,5002.41,idem_52ac4b6457542ba7,cancelled,,2026-08-13T17:15:00+05:30,Plans changed,2026-08-10T17:15:00+05:30,2026-08-18T10:00:00+05:30
bkg_308486bd,usr_3e25dcc6,trp_510db93a,,6D26F8,web,21524.16,INR,2306.16,idem_0844ab6fcaa98489,cancelled,,2026-05-29T04:30:00+05:30,Found a better rate,2026-05-18T04:30:00+05:30,2026-08-18T10:00:00+05:30
bkg_a523e457,usr_0deee6d9,trp_c39c8f75,,FC9B74,call_centre,49989.14,INR,5355.98,idem_e46f41e5b177ce7a,cancelled,,2026-08-07T03:00:00+05:30,Trip postponed,2026-08-06T03:00:00+05:30,2026-08-18T10:00:00+05:30
bkg_10cc31f7,usr_1805266d,trp_e9978e3e,,FEA13C,web,238450.61,INR,25548.28,idem_50481ec6160e7984,confirmed,2026-05-02T14:32:00+05:30,,,2026-05-02T14:30:00+05:30,2026-08-18T10:00:00+05:30
bkg_b9fd51e5,usr_c426b4e1,,,094F4F,web,11396.45,NPR,1221.05,idem_db08c0847f8b3fd9,confirmed,2026-04-27T02:32:00+05:30,,,2026-04-27T02:30:00+05:30,2026-08-18T10:00:00+05:30
bkg_2954b3c9,usr_44ec53b5,trp_77488f6d,,C5C054,web,6197.02,AED,663.97,idem_e71dafb4f76d1514,confirmed,2026-08-04T01:47:00+05:30,,,2026-08-04T01:45:00+05:30,2026-08-18T10:00:00+05:30
bkg_51a3ec1f,usr_ddfd9a4a,trp_4a923b00,,A89B61,call_centre,18189.67,INR,1948.89,idem_9c3ece23d6808ee5,cancelled,,2026-05-09T17:15:00+05:30,Found a better rate,2026-04-25T17:15:00+05:30,2026-08-18T10:00:00+05:30
bkg_df956d7f,usr_520d9624,trp_4950beba,,D3799E,web,16763.17,INR,1796.05,idem_96fb161ff6fdc9a6,confirmed,2026-06-23T23:02:00+05:30,,,2026-06-23T23:00:00+05:30,2026-08-18T10:00:00+05:30
bkg_95fb39e2,usr_67d03584,trp_0eaece39,,2CC20D,mobile_app,876.44,AED,93.90,idem_66f1ced367e461bf,confirmed,2026-07-27T07:32:00+05:30,,,2026-07-27T07:30:00+05:30,2026-08-18T10:00:00+05:30
bkg_a7015bda,usr_9afd8eab,trp_04666cc6,,E76B4C,agent,11620.92,INR,1245.10,idem_006a612368b277ca,pending,,,,2026-08-13T23:30:00+05:30,2026-08-18T10:00:00+05:30
bkg_68297e2e,usr_aaf1c470,trp_2472305e,,8E8C57,web,7300.35,INR,782.18,idem_502a043f24eb2be7,confirmed,2026-06-11T18:32:00+05:30,,,2026-06-11T18:30:00+05:30,2026-08-18T10:00:00+05:30
bkg_a5233099,usr_afaebefa,trp_cab596c9,,1A13B2,web,39050.19,INR,4183.95,idem_4e3ebb15b25af210,confirmed,2026-04-24T17:02:00+05:30,,,2026-04-24T17:00:00+05:30,2026-08-18T10:00:00+05:30
bkg_00486373,usr_98212b28,trp_ae6b4527,,9CD9EF,web,35975.36,INR,3854.50,idem_46028d1d62a199e4,confirmed,2026-06-21T21:47:00+05:30,,,2026-06-21T21:45:00+05:30,2026-08-18T10:00:00+05:30
bkg_291943b3,usr_98ca8444,trp_0c86284d,,6C93B2,call_centre,19572.34,INR,2097.04,idem_0006ab89c1338d87,confirmed,2026-05-24T22:02:00+05:30,,,2026-05-24T22:00:00+05:30,2026-08-18T10:00:00+05:30
bkg_7f546837,usr_1a6892bf,,,644A07,mobile_app,18257.98,INR,1956.21,idem_fcf8b44144fa152c,confirmed,2026-05-20T03:17:00+05:30,,,2026-05-20T03:15:00+05:30,2026-08-18T10:00:00+05:30
bkg_9ab9e4a1,usr_17bacb4e,trp_01716435,,69373A,mobile_app,5810.31,LKR,622.53,idem_972f129a711b5000,confirmed,2026-07-10T11:47:00+05:30,,,2026-07-10T11:45:00+05:30,2026-08-18T10:00:00+05:30
bkg_3acc5457,usr_f855344d,,,097CB6,web,3596.21,INR,385.31,idem_11815eaf717343d6,cancelled,,2026-07-08T17:45:00+05:30,Plans changed,2026-06-29T17:45:00+05:30,2026-08-18T10:00:00+05:30
bkg_374f058c,usr_8a0aaa50,trp_c5887464,,9801C7,web,10611.48,INR,1136.94,idem_477908655131ffc0,confirmed,2026-04-23T20:32:00+05:30,,,2026-04-23T20:30:00+05:30,2026-08-18T10:00:00+05:30
bkg_4563fc61,usr_b831f448,,,64E836,mobile_app,31984.56,INR,3426.92,idem_159d6989e8f795e4,confirmed,2026-04-20T05:47:00+05:30,,,2026-04-20T05:45:00+05:30,2026-08-18T10:00:00+05:30
bkg_659617fc,usr_c538bbe8,trp_cb0bf61d,,2B5ED9,web,9357.68,INR,1002.61,idem_bb92d27a0ad0899f,confirmed,2026-06-27T23:17:00+05:30,,,2026-06-27T23:15:00+05:30,2026-08-18T10:00:00+05:30
bkg_e922e2e8,usr_45175b03,trp_d2c39f89,,7D8358,mobile_app,6899.42,INR,739.22,idem_b073f54dedba9319,confirmed,2026-07-20T19:02:00+05:30,,,2026-07-20T19:00:00+05:30,2026-08-18T10:00:00+05:30
bkg_8677df39,usr_bedf358a,trp_6c9581df,,564DB4,mobile_app,54625.72,INR,5852.76,idem_f56d7c6a36b1b73d,confirmed,2026-05-24T08:32:00+05:30,,,2026-05-24T08:30:00+05:30,2026-08-18T10:00:00+05:30
bkg_8944da86,usr_1f2ffeef,trp_776da560,,7B40ED,agent,124142.02,INR,13300.93,idem_57f5cecf157b0c0e,confirmed,2026-08-13T10:47:00+05:30,,,2026-08-13T10:45:00+05:30,2026-08-18T10:00:00+05:30
bkg_ef46ffc1,usr_243cefe8,trp_96471330,,6F0640,web,15974.09,SGD,1711.51,idem_146001f05ff5a5f5,confirmed,2026-05-27T08:02:00+05:30,,,2026-05-27T08:00:00+05:30,2026-08-18T10:00:00+05:30
bkg_928b9ed2,usr_3d92578a,trp_0e658b9d,,5CE56E,partner,7727.22,INR,827.92,idem_1a5de674418a30bc,cancelled,,2026-08-07T23:30:00+05:30,Plans changed,2026-07-26T23:30:00+05:30,2026-08-18T10:00:00+05:30
bkg_d2bd507d,usr_ab44eb3e,trp_13f532df,,B8CDD5,mobile_app,33262.51,INR,3563.84,idem_d3f0a1a9765e4fbf,confirmed,2026-04-23T12:47:00+05:30,,,2026-04-23T12:45:00+05:30,2026-08-18T10:00:00+05:30
bkg_10ea4f22,usr_8eb4e3e7,trp_53739538,,EDD256,call_centre,38177.13,INR,4090.41,idem_3ff931177eaaf301,cancelled,,2026-09-02T00:15:00+05:30,Found a better rate,2026-08-17T00:15:00+05:30,2026-08-18T10:00:00+05:30
bkg_569c72b7,usr_c4b23b72,,,4574AF,call_centre,11866.90,INR,1271.45,idem_efffe970dc9d1335,confirmed,2026-06-07T16:17:00+05:30,,,2026-06-07T16:15:00+05:30,2026-08-18T10:00:00+05:30
bkg_30e7d689,usr_8e56e75b,,,26D670,mobile_app,5407.57,INR,579.38,idem_96a4682807b4b740,confirmed,2026-06-04T21:02:00+05:30,,,2026-06-04T21:00:00+05:30,2026-08-18T10:00:00+05:30
bkg_1b9d30b2,usr_bff7bdb8,trp_60a62e81,,8334C7,mobile_app,45162.86,AED,4838.88,idem_84d94e257aa0265f,confirmed,2026-05-09T13:17:00+05:30,,,2026-05-09T13:15:00+05:30,2026-08-18T10:00:00+05:30
bkg_fafde146,usr_d56927f7,trp_bb5e3651,,C7B257,mobile_app,35400.56,INR,3792.92,idem_b10c7ab1cbf7b212,cancelled,,2026-07-27T13:30:00+05:30,Plans changed,2026-07-19T13:30:00+05:30,2026-08-18T10:00:00+05:30
bkg_802b25f7,usr_49c29e32,trp_cc443308,,3E1EC1,mobile_app,35969.09,INR,3853.83,idem_b062f5cbbf8b0f94,confirmed,2026-06-30T13:02:00+05:30,,,2026-06-30T13:00:00+05:30,2026-08-18T10:00:00+05:30
bkg_b1f4436c,usr_3f50fbcb,trp_c67254e9,,2F44EA,call_centre,3396.20,INR,363.88,idem_da37423a8cc6f7b7,partially_confirmed,2026-05-09T05:32:00+05:30,,,2026-05-09T05:30:00+05:30,2026-08-18T10:00:00+05:30
bkg_e03b2be6,usr_c94b68cc,trp_edc2177c,,8CA056,web,5489.37,INR,588.15,idem_64585be3133a2a74,confirmed,2026-05-07T19:17:00+05:30,,,2026-05-07T19:15:00+05:30,2026-08-18T10:00:00+05:30
bkg_488d9827,usr_49c29e32,trp_cc443308,,9ACA75,mobile_app,6583.89,NPR,705.42,idem_1e5fb1fe1712b6a6,failed,,,,2026-05-09T18:30:00+05:30,2026-08-18T10:00:00+05:30
bkg_58cd1026,usr_9694b4a3,trp_c81c4b8e,,60F016,web,15117.45,INR,1619.73,idem_d366aa67fca5c7ce,cancelled,,2026-07-08T05:00:00+05:30,Plans changed,2026-07-07T05:00:00+05:30,2026-08-18T10:00:00+05:30
bkg_e2896b74,usr_4efab0b7,trp_e8b8c651,,6ECEFF,mobile_app,11523.08,INR,1234.62,idem_d642d17b4673d630,confirmed,2026-06-05T14:32:00+05:30,,,2026-06-05T14:30:00+05:30,2026-08-18T10:00:00+05:30
bkg_c86bda9a,usr_b8779399,trp_ccff079f,,72556C,web,10003.56,INR,1071.81,idem_21d9f817d8775c32,confirmed,2026-06-16T18:02:00+05:30,,,2026-06-16T18:00:00+05:30,2026-08-18T10:00:00+05:30
bkg_776b7510,usr_de458aa5,trp_6d082956,,D38665,mobile_app,17827.90,INR,1910.13,idem_4417eb9740168947,confirmed,2026-08-06T20:02:00+05:30,,,2026-08-06T20:00:00+05:30,2026-08-18T10:00:00+05:30
bkg_d670bf78,usr_e1d938d9,trp_d128a566,,0C4955,mobile_app,3957.80,INR,424.05,idem_9d6893c45d11d918,confirmed,2026-05-12T19:47:00+05:30,,,2026-05-12T19:45:00+05:30,2026-08-18T10:00:00+05:30
bkg_b24f4b74,usr_8a0aaa50,trp_c5887464,,033448,web,26765.54,INR,2867.74,idem_5cf8a87abb1e58e2,confirmed,2026-07-14T06:32:00+05:30,,,2026-07-14T06:30:00+05:30,2026-08-18T10:00:00+05:30
bkg_60def451,usr_25e8a118,trp_79d0c6ca,,E263AD,web,6305.44,INR,675.58,idem_be085f2179ab4976,confirmed,2026-07-01T18:02:00+05:30,,,2026-07-01T18:00:00+05:30,2026-08-18T10:00:00+05:30
bkg_dcbacaf5,usr_ee57ec9a,trp_9f0e2c12,,865C2B,mobile_app,14212.49,INR,1522.77,idem_4bacd79a33e8737a,confirmed,2026-06-17T01:32:00+05:30,,,2026-06-17T01:30:00+05:30,2026-08-18T10:00:00+05:30
bkg_328182f0,usr_b021d103,trp_70ac83bf,,39B28D,partner,1740.17,INR,186.45,idem_d8ce3863b0c21644,confirmed,2026-08-01T23:32:00+05:30,,,2026-08-01T23:30:00+05:30,2026-08-18T10:00:00+05:30
bkg_34957b9b,usr_bbd1ced8,,,B61C79,call_centre,2673.20,INR,286.41,idem_1a1d30ab97bfdbde,confirmed,2026-06-21T03:02:00+05:30,,,2026-06-21T03:00:00+05:30,2026-08-18T10:00:00+05:30
bkg_87c4d0c4,usr_e27e3b52,,,732005,mobile_app,16953.44,MVR,1816.44,idem_7e4252d74470a62f,confirmed,2026-06-25T18:17:00+05:30,,,2026-06-25T18:15:00+05:30,2026-08-18T10:00:00+05:30
bkg_3ac16db9,usr_8e89346c,trp_a0b8b8af,,7F389F,mobile_app,18743.93,INR,2008.28,idem_d653041338feb678,confirmed,2026-06-15T20:02:00+05:30,,,2026-06-15T20:00:00+05:30,2026-08-18T10:00:00+05:30
bkg_d28055ed,usr_6e6d6fef,trp_1ceb9811,,DE25EC,web,40467.26,INR,4335.78,idem_24c771163cb47f43,confirmed,2026-05-31T06:32:00+05:30,,,2026-05-31T06:30:00+05:30,2026-08-18T10:00:00+05:30
bkg_11f23f11,usr_ab2353de,trp_5df5ff0b,,F89140,mobile_app,9510.36,NPR,1018.97,idem_f6e35ecd2f3b9024,confirmed,2026-06-12T03:02:00+05:30,,,2026-06-12T03:00:00+05:30,2026-08-18T10:00:00+05:30
bkg_295daf83,usr_540d307a,trp_493ac8fc,,A8AEDD,mobile_app,10674.37,NPR,1143.68,idem_12bdcd80ca497991,cancelled,,2026-09-03T20:45:00+05:30,Duplicate booking,2026-08-17T20:45:00+05:30,2026-08-18T10:00:00+05:30
bkg_2fc39ec6,usr_dcc95fd2,trp_a41af335,,612C41,mobile_app,83080.84,INR,8901.52,idem_3f67822872936a8e,pending,,,,2026-05-15T14:00:00+05:30,2026-08-18T10:00:00+05:30
bkg_f93637f6,usr_b2323a23,trp_ecb44c64,,524B1F,web,19334.59,INR,2071.56,idem_2fa96551f9434006,confirmed,2026-07-06T05:17:00+05:30,,,2026-07-06T05:15:00+05:30,2026-08-18T10:00:00+05:30
bkg_76fa2982,usr_72dfb712,,,AC5294,web,107163.08,INR,11481.76,idem_e37d9c0c31640d04,confirmed,2026-07-20T21:47:00+05:30,,,2026-07-20T21:45:00+05:30,2026-08-18T10:00:00+05:30
bkg_70931c84,usr_7ad82b11,trp_f9bdd86b,,4F6ABD,mobile_app,16373.54,INR,1754.31,idem_7c35a00c0e8ac384,confirmed,2026-05-22T18:32:00+05:30,,,2026-05-22T18:30:00+05:30,2026-08-18T10:00:00+05:30
bkg_97b9b223,usr_da5d7284,trp_26ad6ac9,,1B76F9,web,9155.51,INR,980.95,idem_f43718945e65cb30,confirmed,2026-08-16T13:02:00+05:30,,,2026-08-16T13:00:00+05:30,2026-08-18T10:00:00+05:30
bkg_ea87a153,usr_e2490a9e,trp_c9e5981e,,56E31D,partner,29339.59,MVR,3143.53,idem_36d9bf0bef4dcc31,confirmed,2026-05-23T16:32:00+05:30,,,2026-05-23T16:30:00+05:30,2026-08-18T10:00:00+05:30
bkg_18de3df4,usr_4b816f33,trp_c3b40723,,116AAB,web,67868.53,INR,7271.63,idem_d98dc1cd146920ac,pending,,,,2026-07-21T18:45:00+05:30,2026-08-18T10:00:00+05:30
bkg_8082e2d9,usr_7f6d27fe,trp_9a841c7e,,F2C624,mobile_app,14899.38,IDR,1596.36,idem_ab54317bba829e3b,confirmed,2026-08-15T05:47:00+05:30,,,2026-08-15T05:45:00+05:30,2026-08-18T10:00:00+05:30
bkg_8643f024,usr_22d1a7e5,trp_8e6dec68,,55AA8E,mobile_app,27458.68,INR,2942.00,idem_ad8db8ccd7b45e63,confirmed,2026-06-22T02:17:00+05:30,,,2026-06-22T02:15:00+05:30,2026-08-18T10:00:00+05:30
bkg_7b220428,usr_0deee6d9,,,EA7F50,mobile_app,243.49,SGD,26.09,idem_eb0d2e4e7f2549be,confirmed,2026-06-01T23:47:00+05:30,,,2026-06-01T23:45:00+05:30,2026-08-18T10:00:00+05:30
bkg_b52d79ba,usr_81ed406f,trp_53200b9d,,57E7CA,mobile_app,23698.14,INR,2539.09,idem_cfc436611abcfeac,confirmed,2026-07-02T02:02:00+05:30,,,2026-07-02T02:00:00+05:30,2026-08-18T10:00:00+05:30
bkg_81de8b23,usr_67de0711,trp_ce030396,,4ED890,partner,94199.12,INR,10092.76,idem_288908c5f61655d2,failed,,,,2026-06-01T16:30:00+05:30,2026-08-18T10:00:00+05:30
bkg_bc18e90e,usr_61710d50,trp_309cee62,,CF096B,agent,6331.20,CHF,678.34,idem_2de563523d1598bc,cancelled,,2026-07-20T08:30:00+05:30,Duplicate booking,2026-07-07T08:30:00+05:30,2026-08-18T10:00:00+05:30
bkg_5e7b9fa4,usr_efe9a3aa,,,EBA833,mobile_app,21146.18,INR,2265.66,idem_70df1a7ddb18ebc9,refunded,,2026-08-17T04:45:00+05:30,Plans changed,2026-08-09T04:45:00+05:30,2026-08-18T10:00:00+05:30
bkg_e552465d,usr_0deee6d9,,,FA94D6,web,6159.89,NPR,659.99,idem_323fe1d94260c6c6,confirmed,2026-07-11T21:17:00+05:30,,,2026-07-11T21:15:00+05:30,2026-08-18T10:00:00+05:30
bkg_4b349c64,usr_e7b2dd09,trp_f61c2fce,,74F596,partner,4221.41,INR,452.29,idem_aa469a173f43c9d0,confirmed,2026-06-11T19:47:00+05:30,,,2026-06-11T19:45:00+05:30,2026-08-18T10:00:00+05:30
bkg_882daaa3,usr_d8cab59f,trp_aa766de3,,35E60E,web,8163.66,INR,874.68,idem_46f13c048066d268,partially_confirmed,2026-06-04T05:47:00+05:30,,,2026-06-04T05:45:00+05:30,2026-08-18T10:00:00+05:30
bkg_61486b05,usr_72dfb712,trp_e617ca9d,,5FC400,mobile_app,42669.65,INR,4571.75,idem_96ed7c3249cf4a9e,failed,,,,2026-04-21T13:45:00+05:30,2026-08-18T10:00:00+05:30
bkg_63722f33,usr_c659e4bf,,,B9BA4F,partner,10220.48,THB,1095.05,idem_3b07d7395fd7af15,confirmed,2026-05-12T19:32:00+05:30,,,2026-05-12T19:30:00+05:30,2026-08-18T10:00:00+05:30
bkg_4a1db998,usr_ca24d130,trp_ffd35a10,,765C64,web,19125.67,INR,2049.18,idem_af0197cca1f74850,confirmed,2026-05-03T09:47:00+05:30,,,2026-05-03T09:45:00+05:30,2026-08-18T10:00:00+05:30
bkg_e9c05610,usr_bedf358a,trp_6c9581df,,563F92,mobile_app,72010.78,INR,7715.44,idem_49bd206e1d1006b4,confirmed,2026-05-15T17:47:00+05:30,,,2026-05-15T17:45:00+05:30,2026-08-18T10:00:00+05:30
bkg_12d99074,usr_247f37bf,,,781752,web,18914.09,THB,2026.51,idem_ff02361654eec287,confirmed,2026-07-24T19:17:00+05:30,,,2026-07-24T19:15:00+05:30,2026-08-18T10:00:00+05:30
bkg_6f493ac7,usr_7576a6e0,trp_6a550f89,,A8BEEF,web,53334.60,INR,5714.42,idem_ceb1f8b3309497bf,confirmed,2026-06-30T12:47:00+05:30,,,2026-06-30T12:45:00+05:30,2026-08-18T10:00:00+05:30
bkg_d9794526,usr_424aaa79,,,ECB0DF,web,8770.44,INR,939.69,idem_807d1522074732ec,confirmed,2026-06-10T14:17:00+05:30,,,2026-06-10T14:15:00+05:30,2026-08-18T10:00:00+05:30
bkg_cac83d8e,usr_40c95b13,,,11CC45,mobile_app,5795.98,INR,621.00,idem_2c053a28b70268ce,confirmed,2026-06-05T16:47:00+05:30,,,2026-06-05T16:45:00+05:30,2026-08-18T10:00:00+05:30
bkg_e6972770,usr_7796e5e8,trp_cef915ff,,88FA95,mobile_app,11701.29,INR,1253.71,idem_069e67209e198f89,confirmed,2026-08-10T11:32:00+05:30,,,2026-08-10T11:30:00+05:30,2026-08-18T10:00:00+05:30
bkg_557ae3aa,usr_2fca7c46,trp_e900e96a,,94A7D3,web,39859.21,INR,4270.63,idem_2a0cdfacb1bbfbf6,confirmed,2026-07-31T16:32:00+05:30,,,2026-07-31T16:30:00+05:30,2026-08-18T10:00:00+05:30
bkg_0fbddeba,usr_6be041f5,trp_994c9a51,,A544C3,mobile_app,23358.59,INR,2502.71,idem_6997e51932ed3cc8,confirmed,2026-04-26T16:32:00+05:30,,,2026-04-26T16:30:00+05:30,2026-08-18T10:00:00+05:30
bkg_71450fd7,usr_afacd025,trp_11c3f9e5,,7A8928,partner,82597.01,INR,8849.68,idem_2350ea1681da4276,cancelled,,2026-05-20T00:15:00+05:30,Found a better rate,2026-05-09T00:15:00+05:30,2026-08-18T10:00:00+05:30
bkg_87022d83,usr_a386ca28,trp_7afc863d,,89DA10,mobile_app,14584.73,MYR,1562.65,idem_7566126f26363708,pending,,,,2026-08-04T16:45:00+05:30,2026-08-18T10:00:00+05:30
bkg_0b421cde,usr_98a69060,,,DEA808,web,113772.83,INR,12189.95,idem_7098074dfbe46e33,confirmed,2026-07-18T20:47:00+05:30,,,2026-07-18T20:45:00+05:30,2026-08-18T10:00:00+05:30
bkg_f814a51e,usr_e1d938d9,,,422F4D,web,4220.74,INR,452.22,idem_210ac391bf2c470c,confirmed,2026-07-25T23:17:00+05:30,,,2026-07-25T23:15:00+05:30,2026-08-18T10:00:00+05:30
bkg_a330a27e,usr_63531f2d,trp_2f330bc2,,6B3EBB,web,27366.52,AED,2932.13,idem_792694728ff17352,confirmed,2026-05-06T11:47:00+05:30,,,2026-05-06T11:45:00+05:30,2026-08-18T10:00:00+05:30
bkg_9960cd3f,usr_8a133f67,,,68A8A3,mobile_app,22967.50,INR,2460.80,idem_d58b8fae6ad596ab,confirmed,2026-07-20T19:02:00+05:30,,,2026-07-20T19:00:00+05:30,2026-08-18T10:00:00+05:30
bkg_d9d041ad,usr_e8f563b9,trp_03e922d6,,452265,web,3186.97,INR,341.46,idem_edf84db128b0d3cf,confirmed,2026-06-02T17:02:00+05:30,,,2026-06-02T17:00:00+05:30,2026-08-18T10:00:00+05:30
bkg_ebcf6c57,usr_2433031a,trp_1c6b709c,,56C98D,web,17213.66,INR,1844.32,idem_1e2b45cfc022df49,confirmed,2026-06-11T21:02:00+05:30,,,2026-06-11T21:00:00+05:30,2026-08-18T10:00:00+05:30
bkg_b735863d,usr_22d1a7e5,,,12123F,web,14376.86,INR,1540.38,idem_188fb6e471ca4c42,cancelled,,2026-05-27T16:30:00+05:30,Found a better rate,2026-05-23T16:30:00+05:30,2026-08-18T10:00:00+05:30
bkg_0ab70820,usr_2b4223b2,trp_7c20b912,,76B2EC,mobile_app,20403.76,INR,2186.12,idem_a509c90250765067,confirmed,2026-06-24T15:47:00+05:30,,,2026-06-24T15:45:00+05:30,2026-08-18T10:00:00+05:30
bkg_5fbd8979,usr_d504f21d,,,1A2E36,web,71135.31,INR,7621.64,idem_232e5b17165a672e,partially_confirmed,2026-07-22T09:47:00+05:30,,,2026-07-22T09:45:00+05:30,2026-08-18T10:00:00+05:30
bkg_7e66a53c,usr_247f37bf,trp_b32d3e05,,58D94D,mobile_app,21216.34,INR,2273.18,idem_cdca5146d33b7f76,confirmed,2026-07-05T06:32:00+05:30,,,2026-07-05T06:30:00+05:30,2026-08-18T10:00:00+05:30
bkg_043b91b9,usr_6be041f5,trp_994c9a51,,056C8D,web,15729.52,INR,1685.31,idem_4fae384ecd42547b,confirmed,2026-08-15T01:02:00+05:30,,,2026-08-15T01:00:00+05:30,2026-08-18T10:00:00+05:30
bkg_cc35f63a,usr_569f1f22,trp_ab7c6472,,1AEE81,web,7975.27,INR,854.49,idem_ae1dcf88484fa549,confirmed,2026-07-27T10:47:00+05:30,,,2026-07-27T10:45:00+05:30,2026-08-18T10:00:00+05:30
bkg_d65697ed,usr_df582802,trp_929cc01b,,72FEF1,mobile_app,21603.76,INR,2314.69,idem_89eaa50e22ad5979,confirmed,2026-05-26T15:32:00+05:30,,,2026-05-26T15:30:00+05:30,2026-08-18T10:00:00+05:30
bkg_2f4da8c2,usr_67d03584,trp_0eaece39,,F24293,web,30158.50,INR,3231.27,idem_8252fece340882e7,confirmed,2026-06-06T20:47:00+05:30,,,2026-06-06T20:45:00+05:30,2026-08-18T10:00:00+05:30
bkg_d10b4f01,usr_3d2f73ea,trp_27e50a35,,C891E8,web,7088.38,INR,759.47,idem_b9682f7a39f1ac93,confirmed,2026-07-23T10:17:00+05:30,,,2026-07-23T10:15:00+05:30,2026-08-18T10:00:00+05:30
bkg_8e41cb3c,usr_8eb4e3e7,trp_672c1a74,,E07A6C,mobile_app,35619.14,INR,3816.34,idem_40a8a7228e763199,confirmed,2026-08-16T07:17:00+05:30,,,2026-08-16T07:15:00+05:30,2026-08-18T10:00:00+05:30
bkg_d57099d8,usr_e10845c8,trp_d4204375,,10E4C8,call_centre,13744.19,INR,1472.59,idem_78ff1cd7818c46c4,cancelled,,2026-06-01T00:30:00+05:30,Found a better rate,2026-05-27T00:30:00+05:30,2026-08-18T10:00:00+05:30
bkg_86769d3c,usr_ae35e63d,trp_75b9d7b8,,AA7127,call_centre,14835.98,INR,1589.57,idem_7cbc918e88e9caa6,confirmed,2026-05-31T05:47:00+05:30,,,2026-05-31T05:45:00+05:30,2026-08-18T10:00:00+05:30
bkg_e4f72bc8,usr_05306731,trp_cb6840c6,,B1A6E0,mobile_app,7258.43,INR,777.69,idem_a7a9a8d4547699f4,confirmed,2026-06-18T15:02:00+05:30,,,2026-06-18T15:00:00+05:30,2026-08-18T10:00:00+05:30
bkg_45e6c074,usr_07f03d4c,trp_82116fda,,34A946,mobile_app,6000.44,INR,642.90,idem_e513f1a97e5d0351,confirmed,2026-08-13T18:47:00+05:30,,,2026-08-13T18:45:00+05:30,2026-08-18T10:00:00+05:30
bkg_2e750ae3,usr_b86dd891,,,54BE4B,web,46894.44,INR,5024.40,idem_f54cf7bf4a23749c,confirmed,2026-05-20T11:47:00+05:30,,,2026-05-20T11:45:00+05:30,2026-08-18T10:00:00+05:30
bkg_f450eeaa,usr_bff7bdb8,trp_26590ab5,,9B0152,mobile_app,15400.26,INR,1650.03,idem_e1a304ae1e3061bc,confirmed,2026-05-28T03:32:00+05:30,,,2026-05-28T03:30:00+05:30,2026-08-18T10:00:00+05:30
bkg_376913d5,usr_78afc45f,trp_b14214a6,,1B84CF,partner,48762.71,INR,5224.58,idem_1f18ae600207727d,confirmed,2026-05-09T06:47:00+05:30,,,2026-05-09T06:45:00+05:30,2026-08-18T10:00:00+05:30
bkg_c1cc5981,usr_22e61dad,,,83B059,mobile_app,6675.56,INR,715.24,idem_41852980aac32dfb,cancelled,,2026-06-01T19:30:00+05:30,Trip postponed,2026-05-24T19:30:00+05:30,2026-08-18T10:00:00+05:30
bkg_0ca82b28,usr_20594684,trp_2ee78a2e,,7F8EED,web,86771.73,INR,9296.97,idem_80714d9bf3e4adab,confirmed,2026-08-09T05:47:00+05:30,,,2026-08-09T05:45:00+05:30,2026-08-18T10:00:00+05:30
bkg_a594b5b7,usr_9b3b547f,trp_d8d828d7,,B87BAE,web,89260.26,INR,9563.60,idem_d4768a272359409f,confirmed,2026-04-26T14:32:00+05:30,,,2026-04-26T14:30:00+05:30,2026-08-18T10:00:00+05:30
bkg_ee246b1c,usr_42202df5,trp_9fc37785,,703E48,web,6542.69,INR,701.00,idem_58e68a3834171ef3,pending,,,,2026-07-08T06:45:00+05:30,2026-08-18T10:00:00+05:30
bkg_99746bdf,usr_34f98272,trp_37763b22,,46135B,mobile_app,4337.63,INR,464.75,idem_54d555775859b71e,confirmed,2026-08-10T21:32:00+05:30,,,2026-08-10T21:30:00+05:30,2026-08-18T10:00:00+05:30
bkg_1bd1e68b,usr_d23b92e9,trp_1aeefd3e,,07A2DE,mobile_app,26103.71,INR,2796.83,idem_2378e8bb5e65e013,cancelled,,2026-07-22T16:00:00+05:30,Trip postponed,2026-07-10T16:00:00+05:30,2026-08-18T10:00:00+05:30
bkg_11117685,usr_7796e5e8,trp_6b3bd54e,,30E99C,web,86129.33,INR,9228.14,idem_5fa5d023cc8eb6b7,confirmed,2026-06-02T06:47:00+05:30,,,2026-06-02T06:45:00+05:30,2026-08-18T10:00:00+05:30
bkg_ada3c476,usr_c60b1837,trp_5ad6c4c8,,4C3537,web,2422.34,INR,259.54,idem_55769e3cffc57497,confirmed,2026-06-13T14:17:00+05:30,,,2026-06-13T14:15:00+05:30,2026-08-18T10:00:00+05:30
bkg_7e501708,usr_ba25cb52,trp_854e1930,,EAED4D,web,4662.58,INR,499.56,idem_87d21c43652f91d3,confirmed,2026-05-19T18:47:00+05:30,,,2026-05-19T18:45:00+05:30,2026-08-18T10:00:00+05:30
bkg_1b686a1c,usr_8846d546,,,860EAB,mobile_app,108149.73,INR,11587.47,idem_bda2912be686b011,partially_confirmed,2026-07-27T08:32:00+05:30,,,2026-07-27T08:30:00+05:30,2026-08-18T10:00:00+05:30
bkg_88773f95,usr_c582abb2,trp_152be4e1,,81BEFB,web,24276.55,INR,2601.06,idem_eff57e2ec177b382,confirmed,2026-07-22T19:47:00+05:30,,,2026-07-22T19:45:00+05:30,2026-08-18T10:00:00+05:30
bkg_a38987db,usr_b021d103,trp_70ac83bf,,16818B,mobile_app,8932.08,INR,957.01,idem_1bf3ca29d9e9f5f5,confirmed,2026-06-05T13:17:00+05:30,,,2026-06-05T13:15:00+05:30,2026-08-18T10:00:00+05:30
bkg_d6737e36,usr_67d03584,trp_0eaece39,,FBA43E,web,15725.02,INR,1684.82,idem_4402b225f26c84cd,confirmed,2026-06-10T22:47:00+05:30,,,2026-06-10T22:45:00+05:30,2026-08-18T10:00:00+05:30
bkg_4d845839,usr_b021d103,trp_e5fcba16,,9DC8D3,web,10123.85,AED,1084.70,idem_43af2f7da1568df4,confirmed,2026-06-02T17:02:00+05:30,,,2026-06-02T17:00:00+05:30,2026-08-18T10:00:00+05:30
bkg_2108ad59,usr_a7185e16,trp_90f6480d,,A9E294,web,4751.33,INR,509.07,idem_ee5194d6121eeda0,confirmed,2026-06-08T16:47:00+05:30,,,2026-06-08T16:45:00+05:30,2026-08-18T10:00:00+05:30
bkg_a4fa5a3a,usr_b96ef58c,trp_5bb207b2,,BED8EF,partner,25877.76,INR,2772.62,idem_02063d9e293f3ac4,confirmed,2026-08-13T06:32:00+05:30,,,2026-08-13T06:30:00+05:30,2026-08-18T10:00:00+05:30
bkg_a3c2003c,usr_96b84c82,trp_c4fe9d44,,E9384F,web,30340.71,SGD,3250.79,idem_ee773a5b95a472a0,pending,,,,2026-08-06T02:15:00+05:30,2026-08-18T10:00:00+05:30
bkg_4250b0e5,usr_e076a69d,,,52FD83,mobile_app,9259.69,INR,992.11,idem_4a47308ef82a3aaf,failed,,,,2026-08-05T22:45:00+05:30,2026-08-18T10:00:00+05:30
bkg_8ed2fe45,usr_1b4fe68e,trp_be2b6219,,9BC187,web,6571.06,INR,704.04,idem_1f5e50f9e41b330d,confirmed,2026-05-21T03:32:00+05:30,,,2026-05-21T03:30:00+05:30,2026-08-18T10:00:00+05:30
bkg_be945100,usr_1f670e21,trp_49911bd2,,1B9669,web,97680.24,INR,10465.74,idem_da5dbe16cf56cf97,confirmed,2026-06-15T16:47:00+05:30,,,2026-06-15T16:45:00+05:30,2026-08-18T10:00:00+05:30
bkg_43569413,usr_6feac3d4,,,BF63B4,web,10611.48,INR,1136.94,idem_4e0dde63855c8014,confirmed,2026-07-20T22:17:00+05:30,,,2026-07-20T22:15:00+05:30,2026-08-18T10:00:00+05:30
bkg_4c8b51bc,usr_76c235d5,trp_7aed1147,,5D43D0,mobile_app,8020.54,INR,859.34,idem_6f01a2b6c0f3d9ce,cancelled,,2026-09-03T01:30:00+05:30,Trip postponed,2026-08-15T01:30:00+05:30,2026-08-18T10:00:00+05:30
bkg_8d38b1e4,usr_bff7bdb8,trp_26590ab5,,AD5B12,web,10249.44,INR,1098.15,idem_d12fd7e6fb7f03bf,confirmed,2026-08-15T17:17:00+05:30,,,2026-08-15T17:15:00+05:30,2026-08-18T10:00:00+05:30
bkg_847c32b3,usr_51275e79,trp_3e263e75,,AA854C,mobile_app,43310.83,INR,4640.45,idem_d4d2ced18d097394,cancelled,,2026-05-24T10:15:00+05:30,Found a better rate,2026-05-20T10:15:00+05:30,2026-08-18T10:00:00+05:30
bkg_7b63b5dc,usr_9d604e2e,trp_4b2dcdb7,,76FC1E,mobile_app,78566.86,INR,8417.88,idem_a39fa8b358ba175a,confirmed,2026-05-13T01:47:00+05:30,,,2026-05-13T01:45:00+05:30,2026-08-18T10:00:00+05:30
bkg_e1ecaf13,usr_bedf358a,trp_6c9581df,,D73FFB,web,8066.36,INR,864.25,idem_c2ee4c4e18a6c27a,confirmed,2026-06-23T03:02:00+05:30,,,2026-06-23T03:00:00+05:30,2026-08-18T10:00:00+05:30
bkg_76ffde09,usr_88af6903,trp_7b77aa24,,CC7508,web,13409.54,NPR,1436.74,idem_d4b37136ab2ee9f6,confirmed,2026-07-16T17:02:00+05:30,,,2026-07-16T17:00:00+05:30,2026-08-18T10:00:00+05:30
bkg_bb3156e1,usr_8e84ba7a,trp_bfc1339e,,664F9E,web,16248.92,NPR,1740.96,idem_1c9e6d64018140c0,confirmed,2026-05-27T15:02:00+05:30,,,2026-05-27T15:00:00+05:30,2026-08-18T10:00:00+05:30
bkg_e9d69c2f,usr_2aa556d6,trp_c0c1da94,,2D5FB3,partner,67503.13,INR,7232.48,idem_caa8738cf4fd599b,confirmed,2026-07-19T18:47:00+05:30,,,2026-07-19T18:45:00+05:30,2026-08-18T10:00:00+05:30
bkg_713fe8bc,usr_3e25dcc6,trp_510db93a,,9310E0,mobile_app,15828.19,INR,1695.88,idem_4203d225b0d49784,confirmed,2026-07-22T09:32:00+05:30,,,2026-07-22T09:30:00+05:30,2026-08-18T10:00:00+05:30
bkg_2ec6b898,usr_db178dbf,trp_994bc238,,080387,mobile_app,18265.73,INR,1957.04,idem_114bf99815d4f628,confirmed,2026-08-07T22:32:00+05:30,,,2026-08-07T22:30:00+05:30,2026-08-18T10:00:00+05:30
bkg_6957685d,usr_dbcf6091,,,C64796,web,3207.23,MYR,343.63,idem_ee323598c5927fb4,cancelled,,2026-06-28T06:45:00+05:30,Found a better rate,2026-06-17T06:45:00+05:30,2026-08-18T10:00:00+05:30
bkg_0efb66e4,usr_6ec8f18d,trp_f05ed67d,,4905C3,web,25172.07,MVR,2697.01,idem_56bde2470200654a,confirmed,2026-06-16T11:17:00+05:30,,,2026-06-16T11:15:00+05:30,2026-08-18T10:00:00+05:30
bkg_eea2d28d,usr_7a9bb1ad,trp_77b09e9a,,F0EE48,mobile_app,35681.72,INR,3823.04,idem_49ac2068a9d3b1e5,cancelled,,2026-08-31T06:30:00+05:30,Trip postponed,2026-08-16T06:30:00+05:30,2026-08-18T10:00:00+05:30
bkg_405add42,usr_ce38459a,trp_627dd5f6,,D9A1DF,web,12589.58,AED,1348.88,idem_7c8a1e18310b4735,partially_confirmed,2026-05-03T00:17:00+05:30,,,2026-05-03T00:15:00+05:30,2026-08-18T10:00:00+05:30
bkg_9b0c5f37,usr_51247360,trp_d10b37ba,,997053,web,23313.57,INR,2497.88,idem_448a2dc8cfaa9acb,partially_confirmed,2026-05-23T19:02:00+05:30,,,2026-05-23T19:00:00+05:30,2026-08-18T10:00:00+05:30
bkg_cf0daeef,usr_77e91c3a,trp_520c7693,,80D81B,call_centre,8808.03,NPR,943.72,idem_eadd03c4e1d9cb1b,confirmed,2026-06-03T10:47:00+05:30,,,2026-06-03T10:45:00+05:30,2026-08-18T10:00:00+05:30
bkg_4f638be5,usr_61710d50,trp_adec5721,,92ECFA,mobile_app,17698.33,INR,1896.25,idem_59588105d480bdd9,confirmed,2026-08-17T20:02:00+05:30,,,2026-08-17T20:00:00+05:30,2026-08-18T10:00:00+05:30
bkg_8425314d,usr_656b5a35,trp_06892c8d,,7CBA3D,web,6268.64,LKR,671.64,idem_1f4418c11d230b4a,refunded,,2026-06-21T22:00:00+05:30,Duplicate booking,2026-06-09T22:00:00+05:30,2026-08-18T10:00:00+05:30
bkg_2e2c02ac,usr_dc1bd238,trp_0c58e20b,,069E25,mobile_app,12385.50,NPR,1327.02,idem_7bb2a0eafa699e24,failed,,,,2026-06-24T18:00:00+05:30,2026-08-18T10:00:00+05:30
bkg_8a23cf28,usr_b3f2baa1,trp_1a355cfe,,BA9B52,mobile_app,103238.42,INR,11061.26,idem_39fd20fed7392dc1,confirmed,2026-06-22T01:17:00+05:30,,,2026-06-22T01:15:00+05:30,2026-08-18T10:00:00+05:30
bkg_0b3935b7,usr_5f22c672,trp_cdb13358,,AC911A,call_centre,6206.91,THB,665.03,idem_70915966cfa81089,confirmed,2026-05-18T21:02:00+05:30,,,2026-05-18T21:00:00+05:30,2026-08-18T10:00:00+05:30
bkg_dd53501a,usr_e94f06ca,trp_7a5e7bd8,,0217CA,mobile_app,983.65,SGD,105.39,idem_c5de00539c90d407,confirmed,2026-05-14T18:32:00+05:30,,,2026-05-14T18:30:00+05:30,2026-08-18T10:00:00+05:30
bkg_bce2eee5,usr_1dc8f83e,,,FCD6B0,partner,38490.78,INR,4124.01,idem_c3146db810399b86,confirmed,2026-05-09T14:17:00+05:30,,,2026-05-09T14:15:00+05:30,2026-08-18T10:00:00+05:30
bkg_ce153214,usr_ae648c19,trp_ef522093,,203BB0,mobile_app,80996.12,INR,8678.16,idem_b70017056fa6b2b8,confirmed,2026-06-14T19:17:00+05:30,,,2026-06-14T19:15:00+05:30,2026-08-18T10:00:00+05:30
bkg_10e4a2be,usr_ab49979e,trp_4a195a07,,64296C,web,38059.06,INR,4077.76,idem_255de99bb5e93f74,confirmed,2026-08-17T01:17:00+05:30,,,2026-08-17T01:15:00+05:30,2026-08-18T10:00:00+05:30
bkg_93ec24b6,usr_fae4d064,trp_f74bdeb1,,76481D,web,13339041.32,IDR,1429183.00,idem_98035132ea451cce,confirmed,2026-06-02T02:02:00+05:30,,,2026-06-02T02:00:00+05:30,2026-08-18T10:00:00+05:30
bkg_9ec29993,usr_abfc225a,trp_c523a05c,,DE63FE,mobile_app,24221.27,INR,2595.14,idem_12bd153e23063651,confirmed,2026-08-01T15:47:00+05:30,,,2026-08-01T15:45:00+05:30,2026-08-18T10:00:00+05:30
bkg_19734782,usr_1f2ffeef,trp_776da560,,F06315,mobile_app,15959.26,INR,1709.92,idem_4d2e867655697d26,confirmed,2026-07-27T10:02:00+05:30,,,2026-07-27T10:00:00+05:30,2026-08-18T10:00:00+05:30
bkg_35dac667,usr_ca24d130,trp_ffd35a10,,EB79BB,mobile_app,37790.08,INR,4048.94,idem_cb7d9c89ef822615,confirmed,2026-06-28T22:02:00+05:30,,,2026-06-28T22:00:00+05:30,2026-08-18T10:00:00+05:30
bkg_95ae1893,usr_5b0e5805,trp_f57f5855,,ECE0FD,web,23068.84,INR,2471.66,idem_91ed58246c6ea369,confirmed,2026-07-20T16:47:00+05:30,,,2026-07-20T16:45:00+05:30,2026-08-18T10:00:00+05:30
bkg_ce35720a,usr_e0853a17,trp_42b0f9e2,,2B035B,mobile_app,7033.86,THB,753.63,idem_32574a0a7f9b2eaa,confirmed,2026-06-01T10:47:00+05:30,,,2026-06-01T10:45:00+05:30,2026-08-18T10:00:00+05:30
bkg_eb92fa2c,usr_0dc68a1c,trp_5d6b6f99,,9A3D88,mobile_app,24713.06,CHF,2647.83,idem_36fd6fa5082b592d,cancelled,,2026-07-24T07:00:00+05:30,Plans changed,2026-07-15T07:00:00+05:30,2026-08-18T10:00:00+05:30
bkg_3fdabe9b,usr_3b2b4279,trp_73e63df2,,7F9B6A,partner,18896.08,INR,2024.58,idem_a9b4abc445cda78d,confirmed,2026-07-20T05:02:00+05:30,,,2026-07-20T05:00:00+05:30,2026-08-18T10:00:00+05:30
bkg_500c26f9,usr_a386ca28,trp_ff8e9fec,,6DE9AA,mobile_app,26547.65,INR,2844.39,idem_fede47ce62d4e388,partially_confirmed,2026-08-02T01:47:00+05:30,,,2026-08-02T01:45:00+05:30,2026-08-18T10:00:00+05:30
bkg_7cb755e6,usr_5f22c672,trp_cdb13358,,49B8EF,partner,770.11,SGD,82.51,idem_a2a0259cbcbeb0a2,confirmed,2026-06-02T00:47:00+05:30,,,2026-06-02T00:45:00+05:30,2026-08-18T10:00:00+05:30
bkg_8a728f63,usr_a386ca28,trp_ff8e9fec,,3384A0,mobile_app,2572.75,INR,275.65,idem_b71a1b36f2e81684,confirmed,2026-06-15T11:17:00+05:30,,,2026-06-15T11:15:00+05:30,2026-08-18T10:00:00+05:30
bkg_76be369e,usr_1b4fe68e,trp_c795bd25,,FA2DD5,web,25212.75,INR,2701.37,idem_c76376f83d4a2b90,confirmed,2026-08-01T04:02:00+05:30,,,2026-08-01T04:00:00+05:30,2026-08-18T10:00:00+05:30
bkg_067a5e66,usr_b86dd891,trp_cfff63af,,D068B8,mobile_app,45298.85,INR,4853.45,idem_b5a07b04841c8750,partially_confirmed,2026-06-14T12:47:00+05:30,,,2026-06-14T12:45:00+05:30,2026-08-18T10:00:00+05:30
bkg_4e7aaa05,usr_b8c5bfe0,trp_7a17c8a1,,209F11,web,6255.78,INR,670.26,idem_af043672b54d8e81,confirmed,2026-06-15T22:32:00+05:30,,,2026-06-15T22:30:00+05:30,2026-08-18T10:00:00+05:30
bkg_c7f4fa85,usr_1f2ffeef,trp_776da560,,FC79BA,mobile_app,8126.63,INR,870.71,idem_67a3d9aa9e3bca3a,confirmed,2026-08-07T14:17:00+05:30,,,2026-08-07T14:15:00+05:30,2026-08-18T10:00:00+05:30
bkg_cc8bbb40,usr_9115fc7c,trp_07cf1d5b,,0C0D73,web,428509.63,IDR,45911.75,idem_25fc4fc1ae210858,cancelled,,2026-06-15T11:00:00+05:30,Trip postponed,2026-05-31T11:00:00+05:30,2026-08-18T10:00:00+05:30
bkg_c05900e0,usr_1c8154b9,,,E86F3E,mobile_app,570.35,SGD,61.11,idem_3b7eef624fdd29a5,confirmed,2026-04-27T22:02:00+05:30,,,2026-04-27T22:00:00+05:30,2026-08-18T10:00:00+05:30
bkg_32d77b3c,usr_7f9533ad,trp_a00e9d0f,,08A593,call_centre,35493.45,INR,3802.87,idem_0c015ea33656008a,confirmed,2026-05-30T03:32:00+05:30,,,2026-05-30T03:30:00+05:30,2026-08-18T10:00:00+05:30
bkg_ec0e9dc0,usr_3ccdc15e,trp_7f4c80ca,,43771A,mobile_app,111995.53,INR,11999.52,idem_21e059de495ec30f,confirmed,2026-05-22T20:02:00+05:30,,,2026-05-22T20:00:00+05:30,2026-08-18T10:00:00+05:30
bkg_c89a1f07,usr_49c29e32,trp_cc443308,,D31651,agent,19065.80,INR,2042.76,idem_37622c9f014fd20a,cancelled,,2026-08-08T12:45:00+05:30,Trip postponed,2026-07-30T12:45:00+05:30,2026-08-18T10:00:00+05:30
bkg_9076e561,usr_ba25cb52,trp_854e1930,,5A5F62,mobile_app,20837.89,INR,2232.63,idem_f045110761e6df4a,confirmed,2026-05-28T07:47:00+05:30,,,2026-05-28T07:45:00+05:30,2026-08-18T10:00:00+05:30
bkg_a11ffd45,usr_7e340c2a,,,9A5B45,web,110898.70,INR,11882.00,idem_6574f49ac28e73a0,partially_confirmed,2026-07-12T23:02:00+05:30,,,2026-07-12T23:00:00+05:30,2026-08-18T10:00:00+05:30
bkg_0ddf6985,usr_aaf1c470,trp_57a36f81,,FDE976,mobile_app,6917.40,MYR,741.15,idem_b2e5eb52af49c6bd,confirmed,2026-05-17T10:02:00+05:30,,,2026-05-17T10:00:00+05:30,2026-08-18T10:00:00+05:30
bkg_fc8eebe7,usr_65b43f7e,,,63DC0D,web,2210.59,MYR,236.85,idem_282fbb720ccb2174,confirmed,2026-05-15T02:47:00+05:30,,,2026-05-15T02:45:00+05:30,2026-08-18T10:00:00+05:30
bkg_cf965f4b,usr_98a69060,trp_f9407f9b,,7D1B1B,partner,17213.75,INR,1844.33,idem_650fa551202faae1,confirmed,2026-05-15T00:47:00+05:30,,,2026-05-15T00:45:00+05:30,2026-08-18T10:00:00+05:30
bkg_09e453a7,usr_dace411a,trp_bd724666,,EAF3B8,web,15901.19,INR,1703.70,idem_876c0bd7e8048661,confirmed,2026-05-26T08:17:00+05:30,,,2026-05-26T08:15:00+05:30,2026-08-18T10:00:00+05:30
bkg_36f956aa,usr_b021d103,,,7325C1,mobile_app,27441.11,INR,2940.12,idem_f0f90adeb39b1d66,confirmed,2026-06-19T21:02:00+05:30,,,2026-06-19T21:00:00+05:30,2026-08-18T10:00:00+05:30
bkg_1176aca3,usr_9afd8eab,,,13A1DA,web,2438.69,INR,261.29,idem_e91732bcec8e0c84,confirmed,2026-05-16T06:17:00+05:30,,,2026-05-16T06:15:00+05:30,2026-08-18T10:00:00+05:30
bkg_7fa4f9a4,usr_05306731,trp_cb6840c6,,3DDAC6,web,33781.10,INR,3619.40,idem_bf5d00a7aec76322,confirmed,2026-08-08T13:32:00+05:30,,,2026-08-08T13:30:00+05:30,2026-08-18T10:00:00+05:30
bkg_9126996c,usr_4b816f33,trp_c3b40723,,79B806,web,62109.33,INR,6654.57,idem_f24a4a691a7d5950,partially_confirmed,2026-08-11T15:02:00+05:30,,,2026-08-11T15:00:00+05:30,2026-08-18T10:00:00+05:30
bkg_a9f411e2,usr_ddcb196c,,,4BA425,partner,15535.49,INR,1664.52,idem_2d8fdb0b46f1422c,confirmed,2026-04-23T12:32:00+05:30,,,2026-04-23T12:30:00+05:30,2026-08-18T10:00:00+05:30
bkg_869ddfba,usr_ca24d130,trp_1904a63d,,275FAF,call_centre,10329.73,NPR,1106.76,idem_cb205a5961722058,confirmed,2026-06-30T04:47:00+05:30,,,2026-06-30T04:45:00+05:30,2026-08-18T10:00:00+05:30
bkg_2e570d18,usr_aaf1c470,trp_2472305e,,152A3D,mobile_app,15985.72,INR,1712.76,idem_273f983c38037352,confirmed,2026-05-19T19:02:00+05:30,,,2026-05-19T19:00:00+05:30,2026-08-18T10:00:00+05:30
bkg_954ee7b7,usr_ce38459a,trp_627dd5f6,,269BC4,call_centre,37827.80,INR,4052.98,idem_610e72749a01a4ac,confirmed,2026-05-24T04:32:00+05:30,,,2026-05-24T04:30:00+05:30,2026-08-18T10:00:00+05:30
bkg_6325294b,usr_b10b6018,trp_f18e9739,,DBA620,mobile_app,7761.38,INR,831.58,idem_68f29c43a0c561d0,confirmed,2026-07-28T14:02:00+05:30,,,2026-07-28T14:00:00+05:30,2026-08-18T10:00:00+05:30
bkg_3cc4cc47,usr_651a4d17,,,CA48CB,call_centre,6903.74,INR,739.69,idem_ac72b446789d0204,confirmed,2026-06-09T10:17:00+05:30,,,2026-06-09T10:15:00+05:30,2026-08-18T10:00:00+05:30
bkg_cf06bd6c,usr_e0853a17,trp_42b0f9e2,,A80D60,mobile_app,7968.67,INR,853.79,idem_f3b2d915f43aafa5,confirmed,2026-07-22T07:47:00+05:30,,,2026-07-22T07:45:00+05:30,2026-08-18T10:00:00+05:30
bkg_d5620cb0,usr_77e91c3a,trp_520c7693,,C476D8,web,100372.16,INR,10754.16,idem_b89b737800ad4bdf,confirmed,2026-05-25T13:02:00+05:30,,,2026-05-25T13:00:00+05:30,2026-08-18T10:00:00+05:30
bkg_8a98c051,usr_ea269383,,,19A0F2,web,13359.18,INR,1431.34,idem_8933571913715441,confirmed,2026-08-14T03:47:00+05:30,,,2026-08-14T03:45:00+05:30,2026-08-18T10:00:00+05:30
bkg_db772ccb,usr_8e272905,,,5B73B0,web,30772.52,INR,3297.06,idem_467f3497d1711d96,confirmed,2026-05-06T10:17:00+05:30,,,2026-05-06T10:15:00+05:30,2026-08-18T10:00:00+05:30
bkg_29882e9e,usr_9de6bd6d,trp_67de89e5,,3C6EF2,web,18172.49,INR,1947.05,idem_ae89e75a6daeb2da,confirmed,2026-08-04T08:17:00+05:30,,,2026-08-04T08:15:00+05:30,2026-08-18T10:00:00+05:30
bkg_ae497857,usr_f50e2299,trp_af330315,,C86822,mobile_app,64080.58,INR,6865.78,idem_229b9bc267173aeb,confirmed,2026-07-01T06:02:00+05:30,,,2026-07-01T06:00:00+05:30,2026-08-18T10:00:00+05:30
bkg_6342203c,usr_2b7e8931,trp_95ffc5b8,,3FBE0F,web,6001.56,INR,643.02,idem_515d9f7220d027d0,refunded,,2026-05-24T13:30:00+05:30,Plans changed,2026-05-06T13:30:00+05:30,2026-08-18T10:00:00+05:30
bkg_cc927615,usr_94e62241,,,18128B,web,90975.58,INR,9747.38,idem_871d3f6e8ef063bc,partially_confirmed,2026-07-14T12:17:00+05:30,,,2026-07-14T12:15:00+05:30,2026-08-18T10:00:00+05:30
bkg_8b3501a5,usr_6c3fae7b,trp_3a3fe157,,30ED98,mobile_app,41019.15,INR,4394.91,idem_0547d6e34441e67f,confirmed,2026-04-27T12:32:00+05:30,,,2026-04-27T12:30:00+05:30,2026-08-18T10:00:00+05:30
bkg_ca89a196,usr_35d340e3,trp_fd4e6af3,,2DF142,call_centre,24133.87,INR,2585.77,idem_bc24ceb00705c6d8,confirmed,2026-07-02T15:32:00+05:30,,,2026-07-02T15:30:00+05:30,2026-08-18T10:00:00+05:30
bkg_663242eb,usr_e2966606,trp_aa498437,,87759E,mobile_app,49854.76,INR,5341.58,idem_86f41884d1fbe4e6,confirmed,2026-05-28T12:32:00+05:30,,,2026-05-28T12:30:00+05:30,2026-08-18T10:00:00+05:30
bkg_2b1d92a0,usr_b8779399,trp_f6031e74,,9EB153,web,26774.27,INR,2868.67,idem_2c71d657d9d5d56b,confirmed,2026-07-14T18:17:00+05:30,,,2026-07-14T18:15:00+05:30,2026-08-18T10:00:00+05:30
bkg_bf6079d5,usr_8eb4e3e7,trp_aebbbd34,,AC69C3,web,52097.96,THB,5581.92,idem_404df3815e21b323,confirmed,2026-06-11T06:17:00+05:30,,,2026-06-11T06:15:00+05:30,2026-08-18T10:00:00+05:30
bkg_7a12f942,usr_b8779399,trp_f6031e74,,DEB7A7,mobile_app,14512.33,AED,1554.89,idem_cf1ba203a4fe6584,refunded,,2026-05-02T21:30:00+05:30,Duplicate booking,2026-04-29T21:30:00+05:30,2026-08-18T10:00:00+05:30
bkg_9fcd2c94,usr_538f6e20,trp_cb526c8f,,064216,mobile_app,46256.02,THB,4956.00,idem_6f98ba8954fc8b2d,confirmed,2026-06-30T05:47:00+05:30,,,2026-06-30T05:45:00+05:30,2026-08-18T10:00:00+05:30
bkg_3b8cbb33,usr_633c636b,trp_77e61eba,,B1EDD5,mobile_app,54736.57,INR,5864.63,idem_217c5e900894680b,confirmed,2026-05-06T02:47:00+05:30,,,2026-05-06T02:45:00+05:30,2026-08-18T10:00:00+05:30
bkg_5aa4cb51,usr_c41a26c3,trp_9dfd38b4,,8567BB,web,5261.00,INR,563.68,idem_2979cf7fa56c8d73,pending,,,,2026-06-27T23:15:00+05:30,2026-08-18T10:00:00+05:30
bkg_eae707df,usr_85c09ee4,,,02A6DC,web,138654.48,INR,14855.84,idem_1264b5d0cbc1c1ed,partially_confirmed,2026-06-07T22:32:00+05:30,,,2026-06-07T22:30:00+05:30,2026-08-18T10:00:00+05:30
bkg_d87b23d1,usr_540d307a,trp_493ac8fc,,0EBDAA,mobile_app,27718.47,INR,2969.84,idem_a1ca5bb0d3f2c3e3,confirmed,2026-08-16T19:02:00+05:30,,,2026-08-16T19:00:00+05:30,2026-08-18T10:00:00+05:30
bkg_9e8b20dc,usr_acb4c4ba,trp_4a6fffa7,,775AD9,mobile_app,1373.61,MYR,147.17,idem_0f9da5534a90da55,confirmed,2026-05-05T10:17:00+05:30,,,2026-05-05T10:15:00+05:30,2026-08-18T10:00:00+05:30
bkg_e19d6742,usr_b8779399,trp_f6031e74,,99F784,web,13352.98,INR,1430.68,idem_d44dee13bf41c2f9,confirmed,2026-08-16T19:47:00+05:30,,,2026-08-16T19:45:00+05:30,2026-08-18T10:00:00+05:30
bkg_4931b761,usr_0389057b,trp_d6b492f9,,CD13E8,web,8985.56,INR,962.74,idem_8ef658d30ed815eb,confirmed,2026-05-02T05:17:00+05:30,,,2026-05-02T05:15:00+05:30,2026-08-18T10:00:00+05:30
bkg_22e16ba6,usr_8a133f67,trp_e72a3a42,,FD69BA,mobile_app,16636.05,INR,1782.43,idem_edeb5d45e3312988,cancelled,,2026-07-08T11:00:00+05:30,Plans changed,2026-06-26T11:00:00+05:30,2026-08-18T10:00:00+05:30
bkg_82447817,usr_8e84ba7a,trp_bfc1339e,,22EC7B,web,36966.29,INR,3960.67,idem_a4c718ce8ca8977d,confirmed,2026-07-30T15:47:00+05:30,,,2026-07-30T15:45:00+05:30,2026-08-18T10:00:00+05:30
bkg_3f8708dc,usr_2433031a,trp_1c6b709c,,5C00D3,call_centre,27849.58,INR,2983.88,idem_c4c254e645e06585,confirmed,2026-04-23T12:32:00+05:30,,,2026-04-23T12:30:00+05:30,2026-08-18T10:00:00+05:30
bkg_a662b84a,usr_e572b881,trp_90e2fb40,,BB0ECA,partner,36705.17,INR,3932.70,idem_d68048a13e2020ce,confirmed,2026-07-08T16:02:00+05:30,,,2026-07-08T16:00:00+05:30,2026-08-18T10:00:00+05:30
bkg_934bbc46,usr_cf6d7fc2,trp_3e0e98ed,,5C8AC5,web,20214.90,INR,2165.88,idem_767ea023e3e33326,cancelled,,2026-06-14T22:45:00+05:30,Trip postponed,2026-05-26T22:45:00+05:30,2026-08-18T10:00:00+05:30
bkg_4191f898,usr_e2490a9e,trp_81b0e4f1,,1959FE,mobile_app,19470.53,INR,2086.13,idem_4a126e52d77dfef6,confirmed,2026-06-05T20:32:00+05:30,,,2026-06-05T20:30:00+05:30,2026-08-18T10:00:00+05:30
bkg_f0bfe28f,usr_e851fdeb,trp_fad7e244,,C83DCE,agent,15686.83,INR,1680.73,idem_8a3b41a426b6a561,partially_confirmed,2026-06-01T03:02:00+05:30,,,2026-06-01T03:00:00+05:30,2026-08-18T10:00:00+05:30
bkg_40dc2065,usr_fedbd227,trp_894ef822,,C1D413,mobile_app,8691.16,INR,931.20,idem_08b7715c3d05a418,pending,,,,2026-07-16T03:15:00+05:30,2026-08-18T10:00:00+05:30
bkg_9cdf15b9,usr_8e272905,trp_0512bf41,,92F87D,partner,9743.04,INR,1043.90,idem_061d8d00b64d3020,confirmed,2026-06-14T06:32:00+05:30,,,2026-06-14T06:30:00+05:30,2026-08-18T10:00:00+05:30
bkg_a2f86048,usr_bc9d20fa,trp_9e0e3864,,AF9F05,web,34727.28,INR,3720.78,idem_3303e8b3499b26f9,confirmed,2026-07-22T05:02:00+05:30,,,2026-07-22T05:00:00+05:30,2026-08-18T10:00:00+05:30
bkg_48cec62f,usr_20594684,trp_2ee78a2e,,D39470,mobile_app,16875.22,INR,1808.06,idem_be180baa84a0f72c,confirmed,2026-07-19T22:47:00+05:30,,,2026-07-19T22:45:00+05:30,2026-08-18T10:00:00+05:30
bkg_9babd174,usr_4022bd9b,trp_5df54ac3,,16560D,mobile_app,48709.01,INR,5218.82,idem_7231336d26d4fc4b,confirmed,2026-06-01T17:17:00+05:30,,,2026-06-01T17:15:00+05:30,2026-08-18T10:00:00+05:30
bkg_902f8bdc,usr_b96ef58c,,,4F27D2,web,4981.23,INR,533.70,idem_9de301d9bd4addbf,confirmed,2026-07-07T21:32:00+05:30,,,2026-07-07T21:30:00+05:30,2026-08-18T10:00:00+05:30
bkg_fa34a399,usr_5bbebfef,trp_572d4b08,,5A5408,web,25422.50,CHF,2723.84,idem_7178066b5c3792a9,confirmed,2026-08-09T21:47:00+05:30,,,2026-08-09T21:45:00+05:30,2026-08-18T10:00:00+05:30
bkg_1527a531,usr_e10845c8,trp_f6f16cbd,,B74019,mobile_app,20636.74,INR,2211.08,idem_cf4aa1a8cf5a260e,confirmed,2026-08-13T18:02:00+05:30,,,2026-08-13T18:00:00+05:30,2026-08-18T10:00:00+05:30
bkg_a9acd451,usr_be1c9458,trp_299b74ad,,9D25CD,call_centre,112146.90,INR,12015.74,idem_0af4220a9f9dbb70,confirmed,2026-08-10T06:17:00+05:30,,,2026-08-10T06:15:00+05:30,2026-08-18T10:00:00+05:30
bkg_0db4b4df,usr_969a0636,trp_ddc1ac3a,,43D485,mobile_app,850.92,SGD,91.17,idem_a4035f42f08bae66,confirmed,2026-05-17T08:02:00+05:30,,,2026-05-17T08:00:00+05:30,2026-08-18T10:00:00+05:30
bkg_1494f28c,usr_efe9a3aa,trp_1b3de2ea,,C7B1E8,web,49167.78,INR,5267.98,idem_f104f050a499b8e8,confirmed,2026-04-26T03:47:00+05:30,,,2026-04-26T03:45:00+05:30,2026-08-18T10:00:00+05:30
bkg_a12457bb,usr_81dbf021,trp_1af71903,,8627C2,web,108802.49,INR,11657.41,idem_063b827c0987d5d6,confirmed,2026-05-22T16:17:00+05:30,,,2026-05-22T16:15:00+05:30,2026-08-18T10:00:00+05:30
bkg_e2877ed3,usr_6479c45c,trp_bd664180,,3336FA,web,11294.36,INR,1210.11,idem_2f60d21bb9a71c7d,confirmed,2026-08-12T21:02:00+05:30,,,2026-08-12T21:00:00+05:30,2026-08-18T10:00:00+05:30
bkg_ad9cd0d9,usr_32f091df,trp_bf65331c,,A237C6,web,18417.44,AED,1973.30,idem_13961461090544d5,confirmed,2026-04-21T20:02:00+05:30,,,2026-04-21T20:00:00+05:30,2026-08-18T10:00:00+05:30
bkg_38ed4755,usr_ce09de03,trp_3addadca,,66B00E,mobile_app,3378.69,INR,362.00,idem_21ff8b8abdb728d8,confirmed,2026-08-02T12:47:00+05:30,,,2026-08-02T12:45:00+05:30,2026-08-18T10:00:00+05:30
bkg_67b75b4d,usr_a386ca28,trp_7afc863d,,01051F,mobile_app,7794.68,INR,835.14,idem_be638b1c266af842,confirmed,2026-06-23T03:32:00+05:30,,,2026-06-23T03:30:00+05:30,2026-08-18T10:00:00+05:30
bkg_0be11e9f,usr_e0853a17,trp_03ce3598,,D34A8F,web,20777.88,INR,2226.20,idem_a64c88bc23424826,confirmed,2026-07-09T00:32:00+05:30,,,2026-07-09T00:30:00+05:30,2026-08-18T10:00:00+05:30
bkg_f1e6a607,usr_07f03d4c,trp_82116fda,,23274D,web,9587.85,INR,1027.27,idem_6d4382991a40c4f2,confirmed,2026-08-02T07:02:00+05:30,,,2026-08-02T07:00:00+05:30,2026-08-18T10:00:00+05:30
bkg_c6624ff5,usr_7f6e49de,,,10C4AC,mobile_app,3192.91,INR,342.10,idem_c5ab0abbf4fa388a,confirmed,2026-04-25T20:17:00+05:30,,,2026-04-25T20:15:00+05:30,2026-08-18T10:00:00+05:30
bkg_7593624b,usr_596ee95d,trp_0bf61ffe,,FF10E1,mobile_app,13813.56,INR,1480.02,idem_c76e34292243748c,pending,,,,2026-07-28T00:45:00+05:30,2026-08-18T10:00:00+05:30
bkg_15c09b41,usr_07f03d4c,trp_09f90a77,,E5AC27,partner,3964.44,INR,424.76,idem_205e2d527525b02c,confirmed,2026-05-03T02:02:00+05:30,,,2026-05-03T02:00:00+05:30,2026-08-18T10:00:00+05:30
bkg_6e2a981a,usr_67ff2106,,,B41A56,call_centre,87548.90,INR,9380.24,idem_4d1a18976cdeeb61,confirmed,2026-05-26T06:32:00+05:30,,,2026-05-26T06:30:00+05:30,2026-08-18T10:00:00+05:30
bkg_84e7ee7c,usr_268fdb85,trp_d17c30b0,,F88773,web,9333.28,NPR,999.99,idem_4cde103ab0385212,cancelled,,2026-07-28T13:45:00+05:30,Found a better rate,2026-07-25T13:45:00+05:30,2026-08-18T10:00:00+05:30
bkg_a4fd1cae,usr_9694b4a3,trp_c81c4b8e,,0EB666,call_centre,9736.50,INR,1043.20,idem_e05769c64ec98c6b,confirmed,2026-06-05T17:32:00+05:30,,,2026-06-05T17:30:00+05:30,2026-08-18T10:00:00+05:30
bkg_7a6725ad,usr_81ed406f,trp_53200b9d,,0A70E9,call_centre,6802.50,INR,728.84,idem_feaa59510cc9e45f,confirmed,2026-08-15T15:02:00+05:30,,,2026-08-15T15:00:00+05:30,2026-08-18T10:00:00+05:30
bkg_d9adc357,usr_4022bd9b,trp_5df54ac3,,A5DEA4,mobile_app,18308.28,INR,1961.60,idem_15d97b38a6049eaa,confirmed,2026-05-13T23:17:00+05:30,,,2026-05-13T23:15:00+05:30,2026-08-18T10:00:00+05:30
bkg_652c226b,usr_ab49979e,trp_0ab1cb2b,,44F816,mobile_app,2217.52,MVR,237.59,idem_0e6d57e85b0a5023,pending,,,,2026-05-08T21:00:00+05:30,2026-08-18T10:00:00+05:30
bkg_5bd28ea9,usr_02d5e350,trp_9805085a,,395ADA,mobile_app,56151.02,INR,6016.18,idem_04803a67df65be4a,confirmed,2026-05-16T08:32:00+05:30,,,2026-05-16T08:30:00+05:30,2026-08-18T10:00:00+05:30
bkg_324b4816,usr_1cfaf7a0,trp_43aa1b9f,,08E331,mobile_app,15347.74,INR,1644.40,idem_b993ca256d05c73b,confirmed,2026-06-21T08:02:00+05:30,,,2026-06-21T08:00:00+05:30,2026-08-18T10:00:00+05:30
bkg_fa9f7029,usr_6be041f5,trp_b367a36c,,C9DA69,web,871.05,AED,93.33,idem_ebdfc07a7634ae0a,confirmed,2026-04-27T18:02:00+05:30,,,2026-04-27T18:00:00+05:30,2026-08-18T10:00:00+05:30
bkg_3ff8a079,usr_8846d546,trp_3b4b53a6,,7E41E3,web,4332.65,INR,464.21,idem_abd7c287c1952aad,confirmed,2026-07-02T02:32:00+05:30,,,2026-07-02T02:30:00+05:30,2026-08-18T10:00:00+05:30
bkg_dc8c26d5,usr_3a36b154,trp_06e06151,,51CF35,web,12181.67,INR,1305.18,idem_9198497338338eed,confirmed,2026-06-18T07:47:00+05:30,,,2026-06-18T07:45:00+05:30,2026-08-18T10:00:00+05:30
bkg_f337e8d5,usr_5dec704e,trp_cf3635ee,,088F71,web,16995.51,AED,1820.95,idem_247f6418e91be2f6,confirmed,2026-07-07T23:47:00+05:30,,,2026-07-07T23:45:00+05:30,2026-08-18T10:00:00+05:30
bkg_4fa06848,usr_e10845c8,trp_d4204375,,2B522E,web,30877.19,INR,3308.27,idem_93746c29663155a8,confirmed,2026-08-07T05:02:00+05:30,,,2026-08-07T05:00:00+05:30,2026-08-18T10:00:00+05:30
bkg_268e0735,usr_5385053d,trp_3a5885a5,,C2357C,web,16043.17,INR,1718.91,idem_296dd3c8fc49b558,cancelled,,2026-08-02T23:15:00+05:30,Found a better rate,2026-07-29T23:15:00+05:30,2026-08-18T10:00:00+05:30
bkg_02bbec39,usr_76c235d5,trp_5a52c165,,93CEFD,web,3967.68,INR,425.11,idem_bc0e462916818f0b,confirmed,2026-06-14T01:02:00+05:30,,,2026-06-14T01:00:00+05:30,2026-08-18T10:00:00+05:30
bkg_43092976,usr_9473419d,trp_84855866,,9DD270,web,28495.35,INR,3053.07,idem_2aff571bd9598a83,confirmed,2026-06-23T12:47:00+05:30,,,2026-06-23T12:45:00+05:30,2026-08-18T10:00:00+05:30
bkg_94ea7bf7,usr_ca24d130,trp_ffd35a10,,92A50A,mobile_app,65815.93,INR,7051.71,idem_b9212b98e1fe607c,confirmed,2026-07-10T00:32:00+05:30,,,2026-07-10T00:30:00+05:30,2026-08-18T10:00:00+05:30
bkg_caf3104e,usr_f23dc3eb,,,3124D7,mobile_app,4018.41,INR,430.54,idem_6bcfde10cbe43523,confirmed,2026-07-02T19:17:00+05:30,,,2026-07-02T19:15:00+05:30,2026-08-18T10:00:00+05:30
bkg_638da84b,usr_81005fa8,trp_479e8ab9,,48B1AB,mobile_app,98194.92,INR,10520.88,idem_c9f96349a0453cce,pending,,,,2026-08-04T10:30:00+05:30,2026-08-18T10:00:00+05:30
bkg_99b04c8f,usr_b96ef58c,trp_5bb207b2,,883191,web,5526967.05,IDR,592175.04,idem_c94a62919c4178ed,confirmed,2026-07-01T07:32:00+05:30,,,2026-07-01T07:30:00+05:30,2026-08-18T10:00:00+05:30
bkg_bbb4784e,usr_1a6892bf,trp_3912eedc,,9BABA4,web,3115.44,INR,333.80,idem_a8d389fb2d773396,confirmed,2026-04-29T09:02:00+05:30,,,2026-04-29T09:00:00+05:30,2026-08-18T10:00:00+05:30
bkg_fca21aba,usr_b86dd891,trp_cfff63af,,5B4982,web,79680.61,INR,8537.21,idem_5273070ec5a33815,confirmed,2026-07-13T08:47:00+05:30,,,2026-07-13T08:45:00+05:30,2026-08-18T10:00:00+05:30
bkg_6ec1c0aa,usr_d7d11d69,,,5298F8,partner,84352.71,INR,9037.79,idem_6be2651e3de279cc,confirmed,2026-05-07T06:47:00+05:30,,,2026-05-07T06:45:00+05:30,2026-08-18T10:00:00+05:30
bkg_8eef0958,usr_aaf1c470,trp_2472305e,,EDA33A,mobile_app,23542.85,INR,2522.45,idem_c918b03f9bd59eee,confirmed,2026-07-24T03:47:00+05:30,,,2026-07-24T03:45:00+05:30,2026-08-18T10:00:00+05:30
bkg_6c27a1d3,usr_3f50fbcb,trp_c67254e9,,FC7287,web,39082.18,INR,4187.38,idem_39cff67fc9bcb8ec,confirmed,2026-06-11T02:17:00+05:30,,,2026-06-11T02:15:00+05:30,2026-08-18T10:00:00+05:30
bkg_d6ed783c,usr_76c235d5,trp_4360e4bd,,CDC3F8,mobile_app,9753.71,INR,1045.04,idem_1d9272a36719dc26,confirmed,2026-07-18T13:47:00+05:30,,,2026-07-18T13:45:00+05:30,2026-08-18T10:00:00+05:30
bkg_9f0e70d0,usr_1b4fe68e,trp_c795bd25,,56DD52,call_centre,54157.49,INR,5802.59,idem_f5752ea82acbecd1,confirmed,2026-06-11T07:17:00+05:30,,,2026-06-11T07:15:00+05:30,2026-08-18T10:00:00+05:30
bkg_2b158233,usr_e93a9eef,trp_7543950b,,F00644,web,22989.64,INR,2463.18,idem_46893b82b56865d3,refunded,,2026-07-17T01:45:00+05:30,Duplicate booking,2026-07-11T01:45:00+05:30,2026-08-18T10:00:00+05:30
bkg_6310b0ca,usr_ae648c19,trp_ef522093,,44A78E,mobile_app,8604.97,INR,921.96,idem_5a12ee580b193f71,cancelled,,2026-05-06T08:45:00+05:30,Trip postponed,2026-04-20T08:45:00+05:30,2026-08-18T10:00:00+05:30
bkg_86152547,usr_b376fa1f,trp_11b70470,,0C019B,web,36912.22,INR,3954.88,idem_0b7f7d36fe70c01c,failed,,,,2026-06-26T02:00:00+05:30,2026-08-18T10:00:00+05:30
bkg_77ace26a,usr_95492664,trp_fe962840,,FF1D67,call_centre,13627.53,INR,1460.09,idem_3fecfe42cb065ab5,confirmed,2026-07-08T12:47:00+05:30,,,2026-07-08T12:45:00+05:30,2026-08-18T10:00:00+05:30
bkg_5a8bd6d7,usr_e9e3f281,,,9E643E,partner,9828.76,INR,1053.08,idem_70f6ea0b394c09df,confirmed,2026-06-25T23:32:00+05:30,,,2026-06-25T23:30:00+05:30,2026-08-18T10:00:00+05:30
bkg_55713df3,usr_d7bc2e8d,trp_997cc8cc,,844A0A,agent,7049.35,INR,755.29,idem_745559b0dc878000,confirmed,2026-05-25T00:47:00+05:30,,,2026-05-25T00:45:00+05:30,2026-08-18T10:00:00+05:30
bkg_19dfd47f,usr_7f9533ad,trp_a00e9d0f,,EB388F,web,6064.98,INR,649.82,idem_cea1a74ff1e83bcd,cancelled,,2026-08-14T20:30:00+05:30,Trip postponed,2026-08-08T20:30:00+05:30,2026-08-18T10:00:00+05:30
bkg_130fa490,usr_a531d952,trp_c2f959a5,,B6A936,web,17536.99,INR,1878.96,idem_025de8edd3c55061,confirmed,2026-04-30T06:47:00+05:30,,,2026-04-30T06:45:00+05:30,2026-08-18T10:00:00+05:30
bkg_29311251,usr_77e91c3a,trp_520c7693,,AE8D70,web,15757.41,INR,1688.29,idem_3c3f2cb09f089971,confirmed,2026-08-07T15:32:00+05:30,,,2026-08-07T15:30:00+05:30,2026-08-18T10:00:00+05:30
bkg_89b928b0,usr_824b14a8,trp_0050ebc1,,ED6E41,mobile_app,7808.92,INR,836.67,idem_1f78b07b6e7984aa,cancelled,,2026-07-27T21:30:00+05:30,Plans changed,2026-07-11T21:30:00+05:30,2026-08-18T10:00:00+05:30
bkg_09a3beea,usr_58d2b52f,,,EEDA25,web,52695.98,AED,5646.00,idem_f7ad96be285c0494,confirmed,2026-07-14T22:47:00+05:30,,,2026-07-14T22:45:00+05:30,2026-08-18T10:00:00+05:30
bkg_2d11eb69,usr_f60ade8b,trp_87c1afde,,69E37D,web,15666.58,MYR,1678.56,idem_f84aa43c1bf78fd4,cancelled,,2026-08-06T18:45:00+05:30,Trip postponed,2026-07-31T18:45:00+05:30,2026-08-18T10:00:00+05:30
bkg_98ffa1c1,usr_20594684,trp_2ee78a2e,,5E8F46,web,4268.88,MVR,457.38,idem_24337586d0a16728,confirmed,2026-08-03T05:32:00+05:30,,,2026-08-03T05:30:00+05:30,2026-08-18T10:00:00+05:30
bkg_77b85df2,usr_dc032205,trp_12961d3c,,223F32,web,46875.79,INR,5022.41,idem_0eb7c31d736288b6,confirmed,2026-07-31T13:17:00+05:30,,,2026-07-31T13:15:00+05:30,2026-08-18T10:00:00+05:30
bkg_90b382e4,usr_ea269383,trp_ad48f44b,,3E2DFE,web,14250.36,INR,1526.82,idem_b3d40fd49104053e,confirmed,2026-07-16T00:47:00+05:30,,,2026-07-16T00:45:00+05:30,2026-08-18T10:00:00+05:30
bkg_32a24a3f,usr_464e9998,trp_ab02433c,,4BE454,web,33844.93,INR,3626.24,idem_1c2f5d08fae1b5b0,confirmed,2026-06-03T12:47:00+05:30,,,2026-06-03T12:45:00+05:30,2026-08-18T10:00:00+05:30
bkg_419d06d8,usr_db178dbf,trp_994bc238,,163548,mobile_app,23491.78,INR,2516.98,idem_542db6ba03bf890b,confirmed,2026-07-11T05:02:00+05:30,,,2026-07-11T05:00:00+05:30,2026-08-18T10:00:00+05:30
bkg_cc6fa5cd,usr_9473419d,trp_4158f34b,,B805DC,agent,3190.12,AED,341.80,idem_2d09d7b81c2f20f8,confirmed,2026-06-23T22:32:00+05:30,,,2026-06-23T22:30:00+05:30,2026-08-18T10:00:00+05:30
bkg_39d984b6,usr_ddcb196c,trp_f9ef6a50,,022156,web,8850.17,INR,948.23,idem_a95be0f280855ea9,refunded,,2026-05-24T13:15:00+05:30,Trip postponed,2026-05-11T13:15:00+05:30,2026-08-18T10:00:00+05:30
bkg_b0f31395,usr_a531d952,,,BEB3E7,mobile_app,7479.54,INR,801.38,idem_08993bfce0663c4b,confirmed,2026-04-30T21:47:00+05:30,,,2026-04-30T21:45:00+05:30,2026-08-18T10:00:00+05:30
bkg_b5377a1e,usr_05d0be25,trp_574e5595,,8F78AB,mobile_app,2508.73,INR,268.79,idem_36943399bc5875cd,cancelled,,2026-05-09T14:00:00+05:30,Found a better rate,2026-04-30T14:00:00+05:30,2026-08-18T10:00:00+05:30
bkg_1646792d,usr_b6d5d98c,trp_bab07b17,,A977D4,web,1123.83,AED,120.41,idem_b853d3f65f151159,pending,,,,2026-07-15T09:45:00+05:30,2026-08-18T10:00:00+05:30
bkg_a8749b6c,usr_34f98272,trp_37763b22,,B9B35C,web,9927.89,INR,1063.70,idem_dd1c37930a0461d4,cancelled,,2026-08-02T09:30:00+05:30,Trip postponed,2026-07-31T09:30:00+05:30,2026-08-18T10:00:00+05:30
bkg_5266db76,usr_4d8f3b3a,trp_a396cd51,,85DD45,web,52698.24,INR,5646.24,idem_79dd1738a63e2ffa,confirmed,2026-06-05T19:47:00+05:30,,,2026-06-05T19:45:00+05:30,2026-08-18T10:00:00+05:30
bkg_0fc6a5f7,usr_65303113,,,EA20EF,call_centre,46680.17,INR,5001.45,idem_f618d9357aae1390,confirmed,2026-05-12T03:17:00+05:30,,,2026-05-12T03:15:00+05:30,2026-08-18T10:00:00+05:30
bkg_625b108f,usr_f855344d,trp_73f84cd3,,C88A48,mobile_app,7781.65,AED,833.75,idem_a16786646afe198f,confirmed,2026-06-17T21:02:00+05:30,,,2026-06-17T21:00:00+05:30,2026-08-18T10:00:00+05:30
bkg_368c23f7,usr_17b45921,,,07CAB2,mobile_app,143650.79,INR,15391.16,idem_729cb904424843c4,confirmed,2026-05-20T05:02:00+05:30,,,2026-05-20T05:00:00+05:30,2026-08-18T10:00:00+05:30
bkg_cb2feb5c,usr_c221a5aa,trp_b4864e6f,,B0A053,web,18574.77,INR,1990.15,idem_6de963271880aa5f,confirmed,2026-07-10T21:17:00+05:30,,,2026-07-10T21:15:00+05:30,2026-08-18T10:00:00+05:30
bkg_9da82a07,usr_ea269383,trp_fc64f16e,,A9292A,mobile_app,5342.06,INR,572.36,idem_f65d4b73cb4b9c24,confirmed,2026-07-08T17:32:00+05:30,,,2026-07-08T17:30:00+05:30,2026-08-18T10:00:00+05:30
bkg_f357b57f,usr_e0853a17,trp_03ce3598,,C650D4,web,40796.02,THB,4371.00,idem_656af780de615cd9,cancelled,,2026-06-22T11:00:00+05:30,Found a better rate,2026-06-11T11:00:00+05:30,2026-08-18T10:00:00+05:30
bkg_d57f31f2,usr_9115fc7c,trp_07cf1d5b,,18B918,mobile_app,20569.36,INR,2203.86,idem_d821b5101c74417a,confirmed,2026-05-03T05:17:00+05:30,,,2026-05-03T05:15:00+05:30,2026-08-18T10:00:00+05:30
bkg_4ea4b445,usr_dbcf6091,,,570EC3,mobile_app,27618.88,INR,2959.17,idem_fbfdb683783a2cf6,pending,,,,2026-05-24T02:30:00+05:30,2026-08-18T10:00:00+05:30
bkg_ddc4803e,usr_36c3dbed,trp_9818ae06,,886127,web,34582.23,INR,3705.24,idem_e53280e08984a897,confirmed,2026-08-05T05:17:00+05:30,,,2026-08-05T05:15:00+05:30,2026-08-18T10:00:00+05:30
bkg_c18005af,usr_3349b18a,trp_8a12a715,,01DFB0,web,27581.38,INR,2955.15,idem_f5c47bee69de4a51,confirmed,2026-07-02T09:17:00+05:30,,,2026-07-02T09:15:00+05:30,2026-08-18T10:00:00+05:30
bkg_861f18f3,usr_95492664,trp_32bc8fa5,,445657,web,26842.84,INR,2876.02,idem_79bf5f1f63565729,partially_confirmed,2026-06-14T15:02:00+05:30,,,2026-06-14T15:00:00+05:30,2026-08-18T10:00:00+05:30
bkg_eb6af426,usr_6e3b5c10,trp_20b372f1,,0E245E,mobile_app,50020.57,CHF,5359.35,idem_2e14c970c032c2c6,confirmed,2026-04-29T20:17:00+05:30,,,2026-04-29T20:15:00+05:30,2026-08-18T10:00:00+05:30
bkg_98036117,usr_32f091df,,,7EA94A,web,21762.16,INR,2331.66,idem_bc4660738bcbc1e2,confirmed,2026-07-11T21:17:00+05:30,,,2026-07-11T21:15:00+05:30,2026-08-18T10:00:00+05:30
bkg_832305ee,usr_b376fa1f,trp_11b70470,,C4A12A,mobile_app,44217.67,INR,4737.61,idem_2ee93e12bbb5f767,confirmed,2026-05-08T15:17:00+05:30,,,2026-05-08T15:15:00+05:30,2026-08-18T10:00:00+05:30
bkg_b0d19067,usr_d8024b62,trp_d98bd293,,5EB6B6,web,135934.95,INR,14564.46,idem_ac191219895a2897,confirmed,2026-05-28T02:32:00+05:30,,,2026-05-28T02:30:00+05:30,2026-08-18T10:00:00+05:30
bkg_41c7958c,usr_22e61dad,,,7449CA,web,78242.15,INR,8383.09,idem_ed37db52313c135b,confirmed,2026-05-04T10:32:00+05:30,,,2026-05-04T10:30:00+05:30,2026-08-18T10:00:00+05:30
bkg_b7ddf88e,usr_0389057b,trp_2ee981f7,,7425C6,web,8746.64,QAR,937.14,idem_8992f1bbff81648c,confirmed,2026-07-21T14:17:00+05:30,,,2026-07-21T14:15:00+05:30,2026-08-18T10:00:00+05:30
bkg_817c3d69,usr_d1c73fb8,trp_e16227b5,,7C030A,web,12220.08,NPR,1309.29,idem_bcea119d0cc0e76d,cancelled,,2026-07-29T12:15:00+05:30,Trip postponed,2026-07-12T12:15:00+05:30,2026-08-18T10:00:00+05:30
bkg_27b234d7,usr_44604a9d,,,4AD2AC,call_centre,154951.57,INR,16601.95,idem_2771824ce82437e2,confirmed,2026-06-28T04:17:00+05:30,,,2026-06-28T04:15:00+05:30,2026-08-18T10:00:00+05:30
bkg_2565ff8a,usr_1cfaf7a0,trp_43aa1b9f,,D3CCC8,mobile_app,26437.32,INR,2832.57,idem_be9b269b462e417d,confirmed,2026-07-28T18:17:00+05:30,,,2026-07-28T18:15:00+05:30,2026-08-18T10:00:00+05:30
bkg_0a80ff62,usr_e572b881,,,76DF16,mobile_app,14543.33,LKR,1558.21,idem_66a603fea3a7e63f,cancelled,,2026-07-15T13:45:00+05:30,Found a better rate,2026-07-08T13:45:00+05:30,2026-08-18T10:00:00+05:30
bkg_bb18b20c,usr_18260fc4,trp_5c81e163,,6C8996,mobile_app,18048.87,INR,1933.81,idem_fc24a20aabaa77e6,confirmed,2026-07-06T19:32:00+05:30,,,2026-07-06T19:30:00+05:30,2026-08-18T10:00:00+05:30
bkg_0b319d06,usr_8fe264b1,trp_67a041ab,,2BCE53,web,3570.82,AED,382.59,idem_a155bdb8953e8861,confirmed,2026-06-28T03:02:00+05:30,,,2026-06-28T03:00:00+05:30,2026-08-18T10:00:00+05:30
bkg_5f28ef75,usr_2433031a,,,2FE6DE,web,12366.55,INR,1324.99,idem_e1c8fc88f49db6af,confirmed,2026-07-17T00:02:00+05:30,,,2026-07-17T00:00:00+05:30,2026-08-18T10:00:00+05:30
bkg_734229fd,usr_8ed02105,trp_b0a35602,,B62D5C,mobile_app,45112.59,INR,4833.49,idem_bdf207d076211287,cancelled,,2026-05-21T08:00:00+05:30,Trip postponed,2026-05-10T08:00:00+05:30,2026-08-18T10:00:00+05:30
bkg_9411eb75,usr_4420259c,trp_de13b938,,982D28,partner,13442.98,INR,1440.32,idem_a651dce38c67de48,cancelled,,2026-07-04T23:00:00+05:30,Plans changed,2026-06-15T23:00:00+05:30,2026-08-18T10:00:00+05:30
bkg_c0694ec1,usr_9b3b547f,trp_d8d828d7,,FFB752,web,48011.58,INR,5144.10,idem_e9b407cb55196410,confirmed,2026-06-29T19:32:00+05:30,,,2026-06-29T19:30:00+05:30,2026-08-18T10:00:00+05:30
bkg_49830f9f,usr_8e84ba7a,trp_34f84795,,607D89,mobile_app,19923.79,INR,2134.69,idem_0e4dd191c901a297,confirmed,2026-06-30T12:02:00+05:30,,,2026-06-30T12:00:00+05:30,2026-08-18T10:00:00+05:30
bkg_6e8ae8fc,usr_da5d7284,trp_26ad6ac9,,27CAF8,web,68332.19,INR,7321.31,idem_aadc62cf6c36eb21,confirmed,2026-07-12T19:32:00+05:30,,,2026-07-12T19:30:00+05:30,2026-08-18T10:00:00+05:30
bkg_85f35a7d,usr_6c3fae7b,trp_1b20de3f,,530A48,web,7789.71,INR,834.61,idem_85ec625d0a65ae49,confirmed,2026-06-02T16:47:00+05:30,,,2026-06-02T16:45:00+05:30,2026-08-18T10:00:00+05:30
bkg_c2c4fc05,usr_c010ce3c,trp_ebd8ca83,,8416EA,web,9305.70,INR,997.04,idem_ee1b238582909556,confirmed,2026-04-30T11:32:00+05:30,,,2026-04-30T11:30:00+05:30,2026-08-18T10:00:00+05:30
bkg_fe93eeb8,usr_8ddbc4ab,trp_89ad1eee,,74EE0D,web,5311.44,LKR,569.08,idem_28e08411dfb10eb9,pending,,,,2026-05-15T17:45:00+05:30,2026-08-18T10:00:00+05:30
bkg_2f11661a,usr_67de0711,trp_97869c6a,,740FCC,call_centre,95004.82,INR,10179.09,idem_549a4b27add85f21,confirmed,2026-08-17T20:17:00+05:30,,,2026-08-17T20:15:00+05:30,2026-08-18T10:00:00+05:30
bkg_3f2232fd,usr_be4ecc52,trp_cafb851c,,05D203,web,15326.04,INR,1642.08,idem_b659993422b7472e,refunded,,2026-08-02T03:15:00+05:30,Found a better rate,2026-07-29T03:15:00+05:30,2026-08-18T10:00:00+05:30
bkg_6c77a0bd,usr_6c3fae7b,,,E26B5E,mobile_app,7340.97,THB,786.53,idem_f6da91e795757532,confirmed,2026-04-27T08:47:00+05:30,,,2026-04-27T08:45:00+05:30,2026-08-18T10:00:00+05:30
bkg_fc972aa4,usr_65303113,,,8EF44D,call_centre,10918.29,INR,1169.82,idem_b3265a6e1cc7ca5e,pending,,,,2026-06-14T18:45:00+05:30,2026-08-18T10:00:00+05:30
bkg_eab58fc5,usr_e1f3dfbc,trp_876b6bd2,,876913,web,2138.70,INR,229.15,idem_ad7e8cf178df1cb4,confirmed,2026-06-22T01:32:00+05:30,,,2026-06-22T01:30:00+05:30,2026-08-18T10:00:00+05:30
bkg_ec18b289,usr_3d56531d,,,14E376,web,7114.89,INR,762.31,idem_84f797325f5bdcba,confirmed,2026-05-30T21:47:00+05:30,,,2026-05-30T21:45:00+05:30,2026-08-18T10:00:00+05:30
bkg_480af91f,usr_4b816f33,trp_c3b40723,,BB55E1,web,14726.48,INR,1577.84,idem_74d0bfed22edf3d1,cancelled,,2026-08-14T17:00:00+05:30,Plans changed,2026-08-01T17:00:00+05:30,2026-08-18T10:00:00+05:30
bkg_bcbd8375,usr_5f1e6e1c,,,FEDBFA,web,7998.22,INR,856.95,idem_e123328a8c7eea85,confirmed,2026-05-26T16:17:00+05:30,,,2026-05-26T16:15:00+05:30,2026-08-18T10:00:00+05:30
bkg_b22a22fe,usr_29fdaeb0,trp_ec11de60,,56EDCE,web,6108.97,INR,654.53,idem_c8cb110d4e427c9f,confirmed,2026-06-30T20:32:00+05:30,,,2026-06-30T20:30:00+05:30,2026-08-18T10:00:00+05:30
bkg_22a99773,usr_e851fdeb,trp_97bcd5c8,,A9541A,web,110847.90,INR,11876.56,idem_ae311cc63fb60743,confirmed,2026-08-16T08:32:00+05:30,,,2026-08-16T08:30:00+05:30,2026-08-18T10:00:00+05:30
bkg_c12e564d,usr_d1c73fb8,trp_e16227b5,,D30E31,web,11097.42,INR,1189.01,idem_2d34fc2f9b7877db,pending,,,,2026-06-30T08:30:00+05:30,2026-08-18T10:00:00+05:30
bkg_457969f4,usr_8a0aaa50,trp_c5887464,,081451,web,4493.89,AED,481.49,idem_3f64ebb7a61709f8,refunded,,2026-07-22T00:00:00+05:30,Trip postponed,2026-07-21T00:00:00+05:30,2026-08-18T10:00:00+05:30
bkg_16f79b7c,usr_7b318031,trp_42c7ee54,,18E83D,web,2401.39,INR,257.29,idem_dfede6d9afcc6cbf,confirmed,2026-07-24T07:32:00+05:30,,,2026-07-24T07:30:00+05:30,2026-08-18T10:00:00+05:30
bkg_58f99a2f,usr_5c20b1bf,trp_844f6374,,5F92BA,mobile_app,2705.96,INR,289.92,idem_38a74c62dc0493ec,refunded,,2026-06-29T11:30:00+05:30,Plans changed,2026-06-12T11:30:00+05:30,2026-08-18T10:00:00+05:30
bkg_ab46da2b,usr_abb36fee,trp_e060228a,,300647,mobile_app,3922.32,INR,420.25,idem_a0e0443ffefb7864,cancelled,,2026-07-09T15:30:00+05:30,Duplicate booking,2026-07-06T15:30:00+05:30,2026-08-18T10:00:00+05:30
bkg_b229f490,usr_ee57ec9a,trp_9f0e2c12,,9C89EF,mobile_app,12915.52,INR,1383.81,idem_9db9dc4693ab7076,cancelled,,2026-06-15T03:00:00+05:30,Found a better rate,2026-06-12T03:00:00+05:30,2026-08-18T10:00:00+05:30
bkg_0dd3e62b,usr_14c738e0,,,752D84,web,8527.70,INR,913.68,idem_6d56afc9704bee3e,confirmed,2026-07-29T03:17:00+05:30,,,2026-07-29T03:15:00+05:30,2026-08-18T10:00:00+05:30
bkg_f35fa1a3,usr_a0f188fa,trp_31015abc,,8633F0,call_centre,138545.61,INR,14844.17,idem_a83ba583f90e5f13,confirmed,2026-06-17T13:02:00+05:30,,,2026-06-17T13:00:00+05:30,2026-08-18T10:00:00+05:30
bkg_1c515a93,usr_be1c9458,trp_299b74ad,,16038D,web,10758.31,INR,1152.68,idem_5be0b0bf27bd45f3,confirmed,2026-08-12T02:47:00+05:30,,,2026-08-12T02:45:00+05:30,2026-08-18T10:00:00+05:30
bkg_fd4abab7,usr_78bee927,trp_d729f422,,D1E454,web,229.54,SGD,24.59,idem_b77058897e0951fc,confirmed,2026-06-28T02:47:00+05:30,,,2026-06-28T02:45:00+05:30,2026-08-18T10:00:00+05:30
bkg_75c1ec20,usr_d0571b95,trp_89eafa58,,E42245,web,5706.00,INR,611.36,idem_a1cfe2573d02b045,cancelled,,2026-06-22T20:45:00+05:30,Duplicate booking,2026-06-09T20:45:00+05:30,2026-08-18T10:00:00+05:30
bkg_a2e3c51d,usr_840ca16a,trp_f83ed4d2,,A58AE5,web,61749.03,CHF,6615.97,idem_7b7d483b690dade5,confirmed,2026-07-01T20:32:00+05:30,,,2026-07-01T20:30:00+05:30,2026-08-18T10:00:00+05:30
bkg_1fb9b8ff,usr_b3f2baa1,,,EBE757,mobile_app,5091.67,JPY,545.54,idem_eacfa843d9f556cb,confirmed,2026-07-08T16:17:00+05:30,,,2026-07-08T16:15:00+05:30,2026-08-18T10:00:00+05:30
bkg_b8fd84ca,usr_2da5bb04,trp_25a980cf,,50CCF8,web,5331.03,INR,571.18,idem_1107f3fb173d1e2b,confirmed,2026-07-22T12:17:00+05:30,,,2026-07-22T12:15:00+05:30,2026-08-18T10:00:00+05:30
bkg_8250adcb,usr_7796e5e8,trp_6b3bd54e,,A898BB,mobile_app,8605.52,MYR,922.02,idem_59e138c78d5ad789,confirmed,2026-06-19T13:47:00+05:30,,,2026-06-19T13:45:00+05:30,2026-08-18T10:00:00+05:30
bkg_ee983a0b,usr_3d56531d,trp_e11af79e,,BB786D,mobile_app,87686.93,INR,9395.03,idem_09415adb9e0b84ee,confirmed,2026-07-06T00:32:00+05:30,,,2026-07-06T00:30:00+05:30,2026-08-18T10:00:00+05:30
bkg_5994b71f,usr_520d9624,trp_8b48ae6e,,BD4FAB,mobile_app,5084.96,INR,544.82,idem_d9ed9d2152b33a19,confirmed,2026-04-23T19:32:00+05:30,,,2026-04-23T19:30:00+05:30,2026-08-18T10:00:00+05:30
bkg_07b8cf47,usr_62b3f8b8,trp_dbe8a03a,,F990DA,mobile_app,11755.09,THB,1259.47,idem_57bc2853c2d60acb,pending,,,,2026-08-03T21:30:00+05:30,2026-08-18T10:00:00+05:30
bkg_b09466e0,usr_74e3ecb1,trp_ab774ec9,,7EE750,mobile_app,20860.07,INR,2235.01,idem_c779a6bc0b84bd08,confirmed,2026-08-02T05:02:00+05:30,,,2026-08-02T05:00:00+05:30,2026-08-18T10:00:00+05:30
bkg_45b8e344,usr_88af6903,,,4CE3EF,web,61256.85,INR,6563.23,idem_2dabb13f041f5c90,confirmed,2026-07-24T11:32:00+05:30,,,2026-07-24T11:30:00+05:30,2026-08-18T10:00:00+05:30
bkg_c3dd2949,usr_037c5821,trp_8804c5b5,,EF77C0,web,4681.31,LKR,501.57,idem_6e481f487e6f06d5,confirmed,2026-05-26T07:47:00+05:30,,,2026-05-26T07:45:00+05:30,2026-08-18T10:00:00+05:30
bkg_42f67ec8,usr_5b31e64c,,,CE9D9C,web,41470.86,INR,4443.31,idem_afad20700e9afc9c,pending,,,,2026-05-12T18:00:00+05:30,2026-08-18T10:00:00+05:30
bkg_f1055e85,usr_d8ec0000,trp_cdcc78b4,,FDA98F,mobile_app,29476.65,INR,3158.21,idem_bc487f128f91c80d,failed,,,,2026-07-08T14:30:00+05:30,2026-08-18T10:00:00+05:30
bkg_05300da5,usr_fa7951d2,trp_9158f558,,464079,mobile_app,65987.44,INR,7070.08,idem_4cd29b618838e868,cancelled,,2026-05-30T09:45:00+05:30,Plans changed,2026-05-17T09:45:00+05:30,2026-08-18T10:00:00+05:30
bkg_1bdcf31c,usr_edf2bbfa,trp_32a84989,,87D6D0,mobile_app,3062.80,INR,328.16,idem_15f0af1deb054a0e,partially_confirmed,2026-06-01T04:47:00+05:30,,,2026-06-01T04:45:00+05:30,2026-08-18T10:00:00+05:30
bkg_1b68f4e1,usr_42202df5,trp_9fc37785,,6B600B,web,40783.43,INR,4369.65,idem_7696022890d0c261,confirmed,2026-04-20T06:47:00+05:30,,,2026-04-20T06:45:00+05:30,2026-08-18T10:00:00+05:30
bkg_18201823,usr_5f22c672,trp_cdb13358,,2259A9,web,8011.61,INR,858.39,idem_e612c760efcabf83,confirmed,2026-08-16T22:47:00+05:30,,,2026-08-16T22:45:00+05:30,2026-08-18T10:00:00+05:30
bkg_cc607dd4,usr_1dd8f348,trp_73adc9df,,32F3F5,web,8506.92,THB,911.46,idem_711d25b3e6543e29,partially_confirmed,2026-05-27T07:17:00+05:30,,,2026-05-27T07:15:00+05:30,2026-08-18T10:00:00+05:30
bkg_71e4b6fb,usr_1ef037a0,trp_388e9bd8,,AB5F1C,mobile_app,30025.89,INR,3217.06,idem_d9032ec20abfa62c,confirmed,2026-07-20T10:02:00+05:30,,,2026-07-20T10:00:00+05:30,2026-08-18T10:00:00+05:30
bkg_d5f112f1,usr_78afc45f,trp_b14214a6,,F59C56,web,24316.90,INR,2605.38,idem_7956e3695d1274e2,confirmed,2026-06-26T16:17:00+05:30,,,2026-06-26T16:15:00+05:30,2026-08-18T10:00:00+05:30
bkg_4857722b,usr_28c5ee24,trp_223d5f10,,FCE0F0,web,20982.61,INR,2248.14,idem_85c505b05f7474e3,confirmed,2026-05-16T09:32:00+05:30,,,2026-05-16T09:30:00+05:30,2026-08-18T10:00:00+05:30
bkg_db26ccfd,usr_8ed02105,trp_b0a35602,,1EE0B1,web,96781.41,INR,10369.44,idem_f54a73c6ca3605e9,confirmed,2026-06-21T17:47:00+05:30,,,2026-06-21T17:45:00+05:30,2026-08-18T10:00:00+05:30
bkg_236e9b69,usr_20594684,trp_2ee78a2e,,729B66,web,10439.64,INR,1118.53,idem_66a4a3cccfa78b3c,partially_confirmed,2026-06-14T06:32:00+05:30,,,2026-06-14T06:30:00+05:30,2026-08-18T10:00:00+05:30
bkg_f4b05cf4,usr_e2490a9e,trp_c9e5981e,,FBF098,web,15571.43,INR,1668.37,idem_097104d867df33a1,confirmed,2026-08-09T07:17:00+05:30,,,2026-08-09T07:15:00+05:30,2026-08-18T10:00:00+05:30
bkg_cf6d8346,usr_9738df4b,trp_074ec52a,,61C2F8,partner,46811.21,INR,5015.49,idem_f2716009c550201f,pending,,,,2026-06-28T07:15:00+05:30,2026-08-18T10:00:00+05:30
bkg_91fb7056,usr_2433031a,trp_7156f558,,24DBF4,call_centre,6055.68,CHF,648.82,idem_dba3cc010f09ff70,confirmed,2026-08-09T08:47:00+05:30,,,2026-08-09T08:45:00+05:30,2026-08-18T10:00:00+05:30
bkg_c53b9ffc,usr_8e84ba7a,trp_cdf7d1fa,,F16DC4,web,14459.20,SGD,1549.20,idem_19adefaddd6b2604,pending,,,,2026-07-28T16:30:00+05:30,2026-08-18T10:00:00+05:30
bkg_1de78004,usr_b6d5d98c,trp_bab07b17,,E2FA47,web,237728.79,INR,25470.94,idem_83ddddc3aaf59b8f,confirmed,2026-05-24T01:02:00+05:30,,,2026-05-24T01:00:00+05:30,2026-08-18T10:00:00+05:30
bkg_c417daa8,usr_b86dd891,,,DF8B23,web,5746.76,INR,615.72,idem_2f17763b52c01ce7,pending,,,,2026-07-08T17:00:00+05:30,2026-08-18T10:00:00+05:30
bkg_076d1cca,usr_a386ca28,trp_ff8e9fec,,B8BAE4,web,28564.05,INR,3060.43,idem_06489c5a0cd42035,confirmed,2026-07-04T18:02:00+05:30,,,2026-07-04T18:00:00+05:30,2026-08-18T10:00:00+05:30
bkg_ca954049,usr_2fca7c46,,,D3B28F,mobile_app,5504.98,INR,589.82,idem_8debd207cbf09826,partially_confirmed,2026-05-01T19:17:00+05:30,,,2026-05-01T19:15:00+05:30,2026-08-18T10:00:00+05:30
bkg_0cd22162,usr_7e340c2a,trp_2d23dd64,,1E30D4,mobile_app,3644.19,INR,390.45,idem_2bae1402077623a3,confirmed,2026-05-06T21:17:00+05:30,,,2026-05-06T21:15:00+05:30,2026-08-18T10:00:00+05:30
bkg_c043a798,usr_85c09ee4,trp_f861423a,,BFE073,web,5010.12,INR,536.80,idem_5e290bf0749ab736,pending,,,,2026-06-21T23:30:00+05:30,2026-08-18T10:00:00+05:30
bkg_8bca9a83,usr_24e54a31,trp_25a53353,,301355,mobile_app,24732.49,INR,2649.91,idem_b12c3996dcbdcfde,partially_confirmed,2026-04-22T07:02:00+05:30,,,2026-04-22T07:00:00+05:30,2026-08-18T10:00:00+05:30
bkg_6f8dba66,usr_ca24d130,trp_31e8bc24,,A7AEA6,web,3021.49,MVR,323.73,idem_f4f052db5b0129d5,cancelled,,2026-07-12T04:30:00+05:30,Trip postponed,2026-07-06T04:30:00+05:30,2026-08-18T10:00:00+05:30
bkg_828e6a4a,usr_3349b18a,trp_8a12a715,,B426C2,web,2847.01,INR,305.04,idem_632f8aba0434708d,confirmed,2026-05-19T09:32:00+05:30,,,2026-05-19T09:30:00+05:30,2026-08-18T10:00:00+05:30
bkg_d0de1937,usr_bac1ae76,trp_3d0f7e84,,B6F4BD,web,6236.29,INR,668.17,idem_751a09b2af4d2fc3,cancelled,,2026-08-31T10:30:00+05:30,Found a better rate,2026-08-15T10:30:00+05:30,2026-08-18T10:00:00+05:30
bkg_0dd18026,usr_6a108f4e,,,219743,mobile_app,2362.66,INR,253.14,idem_b5d231ca108a22c0,confirmed,2026-08-07T01:17:00+05:30,,,2026-08-07T01:15:00+05:30,2026-08-18T10:00:00+05:30
bkg_b066eb8c,usr_756ce6b3,trp_5162b851,,38B514,mobile_app,16313.55,INR,1747.88,idem_063131facd3a19d0,confirmed,2026-06-30T10:32:00+05:30,,,2026-06-30T10:30:00+05:30,2026-08-18T10:00:00+05:30
bkg_c8a62547,usr_22d1a7e5,trp_8e6dec68,,2AE537,mobile_app,13736.37,INR,1471.75,idem_a7269ff7dfeb5ea8,confirmed,2026-05-27T16:17:00+05:30,,,2026-05-27T16:15:00+05:30,2026-08-18T10:00:00+05:30
bkg_83ca70dc,usr_c41a26c3,trp_9dfd38b4,,54CE71,agent,6884.14,INR,737.59,idem_b054b84414eee489,confirmed,2026-08-11T00:02:00+05:30,,,2026-08-11T00:00:00+05:30,2026-08-18T10:00:00+05:30
bkg_19e6b35a,usr_520d9624,trp_4950beba,,55D77B,call_centre,15940.67,INR,1707.93,idem_b66f43c721639813,confirmed,2026-07-23T12:32:00+05:30,,,2026-07-23T12:30:00+05:30,2026-08-18T10:00:00+05:30
bkg_f4aaedf7,usr_8a0aaa50,trp_c5887464,,7E9561,web,2685.02,MVR,287.68,idem_2e7f446bb45ff7eb,confirmed,2026-05-12T07:17:00+05:30,,,2026-05-12T07:15:00+05:30,2026-08-18T10:00:00+05:30
bkg_03abae9e,usr_ae35e63d,trp_75b9d7b8,,0E669D,partner,1294.81,MYR,138.73,idem_9ad821f05d8012e4,pending,,,,2026-05-12T12:15:00+05:30,2026-08-18T10:00:00+05:30
bkg_1ad49398,usr_c426b4e1,trp_0f1dfedf,,0F3164,partner,16318.69,INR,1748.43,idem_ecebac64b59c54e0,confirmed,2026-07-16T14:32:00+05:30,,,2026-07-16T14:30:00+05:30,2026-08-18T10:00:00+05:30
bkg_7eeeb93b,usr_edf2bbfa,,,2B953E,partner,40135.58,INR,4300.24,idem_6469cd056db47eaa,pending,,,,2026-08-08T01:30:00+05:30,2026-08-18T10:00:00+05:30
bkg_f6818502,usr_22d1a7e5,trp_8e6dec68,,A6192A,mobile_app,8489.53,INR,909.59,idem_485c83fbcb69258b,partially_confirmed,2026-06-14T13:32:00+05:30,,,2026-06-14T13:30:00+05:30,2026-08-18T10:00:00+05:30
bkg_95af027d,usr_9115fc7c,trp_77576097,,08ACED,web,37898.49,INR,4060.55,idem_2cd74bc3d6506b5f,confirmed,2026-07-18T12:02:00+05:30,,,2026-07-18T12:00:00+05:30,2026-08-18T10:00:00+05:30
bkg_41ce0b6e,usr_f60ade8b,trp_87c1afde,,0CDB40,web,2311667.43,IDR,247678.65,idem_b8176f7415dd4ad8,pending,,,,2026-05-15T21:00:00+05:30,2026-08-18T10:00:00+05:30
bkg_858ca234,usr_6ec8f18d,trp_f05ed67d,,41E81F,mobile_app,36112.31,INR,3869.18,idem_070013992048df4d,partially_confirmed,2026-05-22T04:47:00+05:30,,,2026-05-22T04:45:00+05:30,2026-08-18T10:00:00+05:30
bkg_afb17f7e,usr_b8779399,,,849EA7,web,12233.16,LKR,1310.70,idem_906f7760c3e2cd43,confirmed,2026-05-22T03:32:00+05:30,,,2026-05-22T03:30:00+05:30,2026-08-18T10:00:00+05:30
bkg_cb37d445,usr_ae648c19,trp_ef522093,,10B75C,mobile_app,204598.84,INR,21921.30,idem_ac39c9a5f1d95271,confirmed,2026-07-29T16:02:00+05:30,,,2026-07-29T16:00:00+05:30,2026-08-18T10:00:00+05:30
bkg_45548570,usr_fc544c58,trp_093fb740,,07274C,mobile_app,8079.90,INR,865.70,idem_037a79e46a4f3412,confirmed,2026-07-01T02:47:00+05:30,,,2026-07-01T02:45:00+05:30,2026-08-18T10:00:00+05:30
bkg_51d82279,usr_4022bd9b,trp_b7a82392,,233D71,web,79365.15,INR,8503.41,idem_60f3e59d7504f69f,confirmed,2026-05-17T03:02:00+05:30,,,2026-05-17T03:00:00+05:30,2026-08-18T10:00:00+05:30
bkg_bd1d6311,usr_bc9d20fa,trp_bca7f130,,39AF63,mobile_app,3795.52,INR,406.66,idem_97b6d615459df26d,cancelled,,2026-05-04T02:45:00+05:30,Duplicate booking,2026-04-29T02:45:00+05:30,2026-08-18T10:00:00+05:30
bkg_a3f5fe8b,usr_acb4c4ba,trp_4a6fffa7,,D9A780,mobile_app,7361.47,IDR,788.73,idem_d21979ce2afd21f6,refunded,,2026-07-10T11:15:00+05:30,Found a better rate,2026-06-26T11:15:00+05:30,2026-08-18T10:00:00+05:30
bkg_842247c6,usr_7d0ce609,trp_46f6a107,,3C9AE1,call_centre,21476.40,INR,2301.04,idem_0ee4596b1a422a37,confirmed,2026-06-07T09:47:00+05:30,,,2026-06-07T09:45:00+05:30,2026-08-18T10:00:00+05:30
bkg_30b04836,usr_d1a44892,trp_194fb6db,,A92110,web,34520.11,INR,3698.58,idem_160bdd13e9a3d380,confirmed,2026-05-23T08:17:00+05:30,,,2026-05-23T08:15:00+05:30,2026-08-18T10:00:00+05:30
bkg_2a14d33c,usr_61ab0eaf,,,DE60D0,web,14861.39,INR,1592.29,idem_efa4fb571be39c5c,cancelled,,2026-05-18T16:00:00+05:30,Plans changed,2026-04-30T16:00:00+05:30,2026-08-18T10:00:00+05:30
bkg_c8fc10ec,usr_60cacdee,trp_a06a57e3,,4CE3F1,call_centre,15004.35,INR,1607.61,idem_f1ad30dbe8e502fd,confirmed,2026-04-29T03:17:00+05:30,,,2026-04-29T03:15:00+05:30,2026-08-18T10:00:00+05:30
bkg_51f15a9b,usr_8eb4e3e7,trp_53739538,,6394A5,web,42927.56,INR,4599.38,idem_afc31212c3ff19e5,confirmed,2026-07-25T05:17:00+05:30,,,2026-07-25T05:15:00+05:30,2026-08-18T10:00:00+05:30
bkg_29d24603,usr_7f9533ad,trp_a00e9d0f,,78307D,mobile_app,76126.38,INR,8156.40,idem_a1d0bd73e64bc6f4,confirmed,2026-06-24T08:47:00+05:30,,,2026-06-24T08:45:00+05:30,2026-08-18T10:00:00+05:30
bkg_ae7848a1,usr_22e61dad,trp_b355e443,,B5537A,agent,6120.22,LKR,655.74,idem_7a61619c6af53568,failed,,,,2026-08-14T17:45:00+05:30,2026-08-18T10:00:00+05:30
bkg_519c4151,usr_bc9d20fa,trp_bca7f130,,981117,web,26861.48,JPY,2878.02,idem_bd06f4f2a7908bd7,confirmed,2026-05-25T21:32:00+05:30,,,2026-05-25T21:30:00+05:30,2026-08-18T10:00:00+05:30
bkg_845e42ba,usr_24e54a31,trp_d1b2a8eb,,954DA8,web,2758063.31,IDR,295506.78,idem_cf28f62fe19f868f,confirmed,2026-04-29T06:02:00+05:30,,,2026-04-29T06:00:00+05:30,2026-08-18T10:00:00+05:30
bkg_76109801,usr_ce09de03,,,53935C,web,7938.87,NPR,850.59,idem_2ec28e5d432d6fe8,confirmed,2026-06-27T02:32:00+05:30,,,2026-06-27T02:30:00+05:30,2026-08-18T10:00:00+05:30
bkg_4dbc8f03,usr_569f1f22,trp_ab7c6472,,CD3F78,mobile_app,4497.72,INR,481.90,idem_554a0b7ed1b16943,confirmed,2026-05-04T23:47:00+05:30,,,2026-05-04T23:45:00+05:30,2026-08-18T10:00:00+05:30
bkg_680d94ff,usr_85c09ee4,trp_f861423a,,F68BBD,mobile_app,10417.28,JPY,1116.14,idem_a8670921985b9404,confirmed,2026-05-14T06:47:00+05:30,,,2026-05-14T06:45:00+05:30,2026-08-18T10:00:00+05:30
bkg_f5c7c139,usr_f50e2299,trp_af330315,,77137F,web,88849.42,INR,9519.58,idem_138068744e6c4ef7,confirmed,2026-07-03T20:47:00+05:30,,,2026-07-03T20:45:00+05:30,2026-08-18T10:00:00+05:30
bkg_fc0a3cec,usr_dace411a,trp_bd724666,,D4E060,partner,23916.41,INR,2562.47,idem_50d5e4da32caf6cb,confirmed,2026-04-28T04:02:00+05:30,,,2026-04-28T04:00:00+05:30,2026-08-18T10:00:00+05:30
bkg_e66a63c7,usr_24e54a31,trp_25a53353,,B19F01,mobile_app,34251.91,INR,3669.85,idem_47eadb1427ddc924,confirmed,2026-07-08T21:02:00+05:30,,,2026-07-08T21:00:00+05:30,2026-08-18T10:00:00+05:30
bkg_bb27af73,usr_d59d0fa9,,,65B06B,mobile_app,51357.14,INR,5502.55,idem_f10e14cff61d7135,confirmed,2026-06-09T08:17:00+05:30,,,2026-06-09T08:15:00+05:30,2026-08-18T10:00:00+05:30
bkg_9d0170dc,usr_6303c026,trp_0f181044,,7C04A7,web,13566.94,INR,1453.60,idem_37c0750448a199d5,confirmed,2026-05-07T12:47:00+05:30,,,2026-05-07T12:45:00+05:30,2026-08-18T10:00:00+05:30
bkg_9919ebc0,usr_4d8f3b3a,,,B74C33,mobile_app,8759.22,INR,938.49,idem_ea3d66798afade82,confirmed,2026-07-02T10:17:00+05:30,,,2026-07-02T10:15:00+05:30,2026-08-18T10:00:00+05:30
bkg_753aa963,usr_76c235d5,,,03C9CB,mobile_app,13720.27,INR,1470.03,idem_c232cea1c75ed260,confirmed,2026-06-03T15:32:00+05:30,,,2026-06-03T15:30:00+05:30,2026-08-18T10:00:00+05:30
bkg_9de507a3,usr_b376fa1f,trp_11b70470,,1C919A,mobile_app,3555.64,AED,380.96,idem_4773c41a5c6471c1,confirmed,2026-08-01T18:17:00+05:30,,,2026-08-01T18:15:00+05:30,2026-08-18T10:00:00+05:30
bkg_f77db1fa,usr_8e84ba7a,trp_bfc1339e,,22438D,web,5790.02,INR,620.36,idem_b37acca6d6c91bcc,cancelled,,2026-08-04T08:15:00+05:30,Plans changed,2026-07-21T08:15:00+05:30,2026-08-18T10:00:00+05:30
bkg_7ab682c9,usr_b96ef58c,trp_acaf45e7,,D29284,web,23893.03,INR,2559.97,idem_63f1d87cf0586c86,confirmed,2026-07-26T13:17:00+05:30,,,2026-07-26T13:15:00+05:30,2026-08-18T10:00:00+05:30
bkg_2f61eb25,usr_81cc2de0,trp_8f860be9,,8165FB,web,24502.82,INR,2625.30,idem_6630ebd54697af27,confirmed,2026-08-04T02:02:00+05:30,,,2026-08-04T02:00:00+05:30,2026-08-18T10:00:00+05:30
bkg_8e08856b,usr_14c738e0,trp_773ff3c5,,C442FB,mobile_app,34382.30,INR,3683.82,idem_b6269d16dcfa6064,confirmed,2026-06-27T09:17:00+05:30,,,2026-06-27T09:15:00+05:30,2026-08-18T10:00:00+05:30
bkg_d914df38,usr_7796e5e8,trp_b2aef743,,4CF4EB,web,43229.57,INR,4631.74,idem_917348aff48e817d,confirmed,2026-05-20T02:02:00+05:30,,,2026-05-20T02:00:00+05:30,2026-08-18T10:00:00+05:30
bkg_a2121c76,usr_6c3fae7b,trp_3a3fe157,,073907,mobile_app,5833.87,INR,625.06,idem_f564ae84fbdf15dc,partially_confirmed,2026-07-28T12:32:00+05:30,,,2026-07-28T12:30:00+05:30,2026-08-18T10:00:00+05:30
bkg_952bd5be,usr_633c636b,trp_77e61eba,,DDB40F,web,24575.58,INR,2633.10,idem_af510f99b64f2c1c,refunded,,2026-08-15T00:15:00+05:30,Duplicate booking,2026-07-28T00:15:00+05:30,2026-08-18T10:00:00+05:30
bkg_b6721fd3,usr_d1a44892,trp_194fb6db,,F753E4,web,5110.18,THB,547.52,idem_d54ed99bbf7aa9f0,confirmed,2026-07-17T00:32:00+05:30,,,2026-07-17T00:30:00+05:30,2026-08-18T10:00:00+05:30
bkg_18f8ae14,usr_ab49979e,trp_4a195a07,,FBD421,web,4682.27,JPY,501.67,idem_7b323266759f974e,confirmed,2026-08-07T13:17:00+05:30,,,2026-08-07T13:15:00+05:30,2026-08-18T10:00:00+05:30
bkg_94fc6bf8,usr_44604a9d,trp_63451510,,B6439A,mobile_app,6242.14,INR,668.80,idem_f817d3ea66948068,cancelled,,2026-07-24T17:00:00+05:30,Found a better rate,2026-07-05T17:00:00+05:30,2026-08-18T10:00:00+05:30
bkg_639c0b6d,usr_a5077371,,,8EB19C,web,32174.78,INR,3447.30,idem_e4e123407af705d3,cancelled,,2026-06-24T16:30:00+05:30,Trip postponed,2026-06-23T16:30:00+05:30,2026-08-18T10:00:00+05:30
bkg_d22ee4a4,usr_6ec8f18d,,,F413A8,mobile_app,14774.73,INR,1583.01,idem_86820d0493c6116d,failed,,,,2026-06-10T06:45:00+05:30,2026-08-18T10:00:00+05:30
bkg_de14820b,usr_6c3fae7b,trp_7507ac91,,AE8F0C,web,22029.24,INR,2360.28,idem_8b3b3bd3f93e9a46,pending,,,,2026-05-29T17:15:00+05:30,2026-08-18T10:00:00+05:30
bkg_c552ad97,usr_ee03ca6c,trp_12e18a88,,8D6513,agent,7980.86,INR,855.09,idem_0e9de29e3a5a7146,cancelled,,2026-07-16T11:00:00+05:30,Found a better rate,2026-06-27T11:00:00+05:30,2026-08-18T10:00:00+05:30
bkg_2f853535,usr_94e62241,,,517856,web,3649.15,AED,390.98,idem_f31fec5b4a492433,confirmed,2026-08-07T01:02:00+05:30,,,2026-08-07T01:00:00+05:30,2026-08-18T10:00:00+05:30
bkg_a333fb44,usr_d0571b95,trp_377a871a,,FE23BF,web,46122.20,INR,4941.66,idem_adcd6e0bcf40349d,failed,,,,2026-04-28T13:15:00+05:30,2026-08-18T10:00:00+05:30
bkg_03f30926,usr_ae35e63d,trp_1094fbf4,,EDDDE3,call_centre,6292.29,INR,674.17,idem_8db1116f8e24c50f,confirmed,2026-08-14T09:17:00+05:30,,,2026-08-14T09:15:00+05:30,2026-08-18T10:00:00+05:30
bkg_342e3286,usr_3b2b4279,trp_73e63df2,,5BF8BF,mobile_app,36199.39,MVR,3878.51,idem_69f34dbe58aa7efb,confirmed,2026-07-23T10:17:00+05:30,,,2026-07-23T10:15:00+05:30,2026-08-18T10:00:00+05:30
bkg_57f67b3c,usr_0389057b,,,2F3AE5,web,14162.44,INR,1517.40,idem_06f3f572d2943875,cancelled,,2026-08-15T03:15:00+05:30,Found a better rate,2026-08-03T03:15:00+05:30,2026-08-18T10:00:00+05:30
bkg_8e251e3f,usr_d0571b95,trp_377a871a,,041FD1,mobile_app,16242.20,NPR,1740.24,idem_55b1e84f39dbba26,cancelled,,2026-06-23T11:15:00+05:30,Duplicate booking,2026-06-12T11:15:00+05:30,2026-08-18T10:00:00+05:30
bkg_5ec210a4,usr_55b114d5,,,693216,mobile_app,39772.35,INR,4261.32,idem_ace1df1a36fb7a56,confirmed,2026-07-28T06:17:00+05:30,,,2026-07-28T06:15:00+05:30,2026-08-18T10:00:00+05:30
bkg_a510d4d6,usr_ddfa0cd0,,,CF4D03,partner,23893.45,INR,2560.01,idem_041881dda24281fc,cancelled,,2026-08-21T07:30:00+05:30,Trip postponed,2026-08-15T07:30:00+05:30,2026-08-18T10:00:00+05:30
bkg_555a7ca6,usr_ef2f6a43,,,EFCEE0,web,31372.97,THB,3361.39,idem_3718bb5dde2e2da8,cancelled,,2026-08-22T10:45:00+05:30,Trip postponed,2026-08-06T10:45:00+05:30,2026-08-18T10:00:00+05:30
bkg_963ef6fa,usr_96740172,,,04DFAC,mobile_app,4244.42,AED,454.76,idem_1868071f5588731b,cancelled,,2026-06-26T09:45:00+05:30,Duplicate booking,2026-06-10T09:45:00+05:30,2026-08-18T10:00:00+05:30
bkg_725d1a3b,usr_1f670e21,trp_49911bd2,,9F8AE1,web,7701.19,INR,825.13,idem_ea03b41d4620d1ac,confirmed,2026-04-25T23:32:00+05:30,,,2026-04-25T23:30:00+05:30,2026-08-18T10:00:00+05:30
bkg_5e27cfae,usr_492b38ba,trp_b8ab5705,,DE2D94,partner,5303.91,LKR,568.28,idem_d28e7efd96d4f38a,confirmed,2026-07-08T08:17:00+05:30,,,2026-07-08T08:15:00+05:30,2026-08-18T10:00:00+05:30
bkg_d6a544d4,usr_c60b1837,trp_5ad6c4c8,,160690,web,49994.91,INR,5356.60,idem_ca0f7a1ea3e30ce4,cancelled,,2026-07-08T14:45:00+05:30,Plans changed,2026-07-06T14:45:00+05:30,2026-08-18T10:00:00+05:30
bkg_4db15e89,usr_2209582f,trp_bbf16dcd,,0A6635,web,4720.93,INR,505.81,idem_f394489a57a72fc6,refunded,,2026-08-17T00:00:00+05:30,Duplicate booking,2026-08-13T00:00:00+05:30,2026-08-18T10:00:00+05:30
bkg_c1cceacf,usr_8e84ba7a,trp_bfc1339e,,0E61C8,mobile_app,18808.45,INR,2015.19,idem_0bef27d8d09fccf9,confirmed,2026-05-22T04:32:00+05:30,,,2026-05-22T04:30:00+05:30,2026-08-18T10:00:00+05:30
bkg_c6a5b155,usr_07f03d4c,trp_82116fda,,31ED4A,mobile_app,33850.91,INR,3626.88,idem_7368f46d4fbce506,confirmed,2026-06-09T01:17:00+05:30,,,2026-06-09T01:15:00+05:30,2026-08-18T10:00:00+05:30
bkg_609d32b2,usr_c94b68cc,trp_0c34e3f4,,28BA91,mobile_app,17295.72,INR,1853.11,idem_2c0e97c60c56bfd8,confirmed,2026-07-02T15:47:00+05:30,,,2026-07-02T15:45:00+05:30,2026-08-18T10:00:00+05:30
bkg_e2f9976e,usr_afacd025,trp_2e23ea17,,C718BF,web,11021.56,INR,1180.88,idem_41a82e4f11ebc56a,confirmed,2026-07-20T11:02:00+05:30,,,2026-07-20T11:00:00+05:30,2026-08-18T10:00:00+05:30
bkg_745d29b2,usr_d245dd5d,trp_b18bf78b,,8E8A75,web,4006.14,CHF,429.23,idem_0a68e0a8741beab2,confirmed,2026-07-08T20:47:00+05:30,,,2026-07-08T20:45:00+05:30,2026-08-18T10:00:00+05:30
bkg_7e2f393e,usr_651a4d17,,,1397F3,mobile_app,7433.97,AED,796.50,idem_5a980fea91a8a868,confirmed,2026-08-01T18:17:00+05:30,,,2026-08-01T18:15:00+05:30,2026-08-18T10:00:00+05:30
bkg_16f2b56a,usr_2c93ab7f,trp_8b6125c3,,A3B824,web,59417.16,INR,6366.12,idem_b5a3bac5c6b925aa,confirmed,2026-08-02T06:02:00+05:30,,,2026-08-02T06:00:00+05:30,2026-08-18T10:00:00+05:30
bkg_9b55bdb5,usr_8eb4e3e7,,,7E1B7C,mobile_app,6485.94,AED,694.92,idem_f56c5796383ac72c,confirmed,2026-04-28T14:17:00+05:30,,,2026-04-28T14:15:00+05:30,2026-08-18T10:00:00+05:30
bkg_b61a0dbb,usr_243cefe8,trp_96471330,,C98FC8,mobile_app,114061.15,INR,12220.84,idem_58e4d60bb683e283,failed,,,,2026-04-29T08:45:00+05:30,2026-08-18T10:00:00+05:30
bkg_eba445a9,usr_2b4223b2,trp_7c20b912,,C57D65,web,162119.93,INR,17369.99,idem_49d338162c852ffb,confirmed,2026-05-15T17:47:00+05:30,,,2026-05-15T17:45:00+05:30,2026-08-18T10:00:00+05:30
bkg_48a4937c,usr_17b45921,trp_909e59bc,,DE1B4E,mobile_app,9576.82,IDR,1026.09,idem_9904091bec160679,confirmed,2026-05-18T11:32:00+05:30,,,2026-05-18T11:30:00+05:30,2026-08-18T10:00:00+05:30
bkg_3c0ef705,usr_2433031a,trp_1c6b709c,,15AB58,mobile_app,31899.68,INR,3417.82,idem_8415f8637a13aa24,confirmed,2026-05-03T22:17:00+05:30,,,2026-05-03T22:15:00+05:30,2026-08-18T10:00:00+05:30
bkg_0afa6c16,usr_c538bbe8,trp_cb0bf61d,,03AFBF,partner,29160.41,INR,3124.33,idem_98c6ad9347270a8c,confirmed,2026-06-14T21:02:00+05:30,,,2026-06-14T21:00:00+05:30,2026-08-18T10:00:00+05:30
bkg_af19e535,usr_5dec704e,trp_19bd0b98,,70933B,partner,5443.14,AED,583.19,idem_e3ccf4ee1eb3cab9,confirmed,2026-06-15T05:32:00+05:30,,,2026-06-15T05:30:00+05:30,2026-08-18T10:00:00+05:30
bkg_a63d01e9,usr_76c235d5,trp_5a52c165,,70E0D6,mobile_app,58710.81,INR,6290.44,idem_b84e225d8f050977,confirmed,2026-05-11T05:47:00+05:30,,,2026-05-11T05:45:00+05:30,2026-08-18T10:00:00+05:30
bkg_6a333036,usr_55b114d5,trp_799607b3,,3475E2,mobile_app,45129.50,INR,4835.30,idem_4b776bbb85038fff,pending,,,,2026-06-02T21:00:00+05:30,2026-08-18T10:00:00+05:30
bkg_28a9237a,usr_656b5a35,trp_06892c8d,,6B42B4,web,5795.57,THB,620.95,idem_543c9fd6a92ca8c0,confirmed,2026-04-30T04:32:00+05:30,,,2026-04-30T04:30:00+05:30,2026-08-18T10:00:00+05:30
bkg_0e777596,usr_b2323a23,trp_ecb44c64,,5C3661,web,20129.02,INR,2156.68,idem_6164937ed7ad41df,confirmed,2026-07-28T00:17:00+05:30,,,2026-07-28T00:15:00+05:30,2026-08-18T10:00:00+05:30
bkg_ef7b99e6,usr_f50e2299,trp_af330315,,1836D5,mobile_app,12169.65,INR,1303.89,idem_e4f6330d1a6c327b,failed,,,,2026-07-17T20:15:00+05:30,2026-08-18T10:00:00+05:30
bkg_3f7a8e4e,usr_98212b28,trp_ae6b4527,,B91BCE,web,26778.45,CHF,2869.12,idem_7c29b0df72d3677d,confirmed,2026-07-23T21:02:00+05:30,,,2026-07-23T21:00:00+05:30,2026-08-18T10:00:00+05:30
bkg_7dd45119,usr_74ed32ff,trp_520dc671,,ABB8EE,web,2401.71,MVR,257.33,idem_8aa4026b3879b72f,confirmed,2026-07-29T13:32:00+05:30,,,2026-07-29T13:30:00+05:30,2026-08-18T10:00:00+05:30
bkg_2e4b0185,usr_3b70ae01,trp_d9f8d682,,681CE0,mobile_app,46007.11,INR,4929.33,idem_55b92b28e536a345,pending,,,,2026-06-04T22:45:00+05:30,2026-08-18T10:00:00+05:30
bkg_3ade8789,usr_17b45921,trp_e4e09b00,,B22417,web,6397.33,INR,685.43,idem_75c38ed78bbb89ca,confirmed,2026-07-16T07:32:00+05:30,,,2026-07-16T07:30:00+05:30,2026-08-18T10:00:00+05:30
bkg_d19ba4e0,usr_18b5561e,trp_d04f7574,,62539F,web,10329.51,INR,1106.73,idem_d974a06cd629612e,confirmed,2026-05-13T10:02:00+05:30,,,2026-05-13T10:00:00+05:30,2026-08-18T10:00:00+05:30
bkg_927c5af4,usr_3a36b154,trp_06e06151,,CC8B65,web,5391.28,THB,577.64,idem_ad40aa62f9069c8d,cancelled,,2026-05-23T09:00:00+05:30,Duplicate booking,2026-05-18T09:00:00+05:30,2026-08-18T10:00:00+05:30
bkg_a45844f9,usr_d8024b62,trp_d98bd293,,51D188,partner,9252.96,INR,991.39,idem_aa8629cd356717fe,confirmed,2026-06-03T14:32:00+05:30,,,2026-06-03T14:30:00+05:30,2026-08-18T10:00:00+05:30
bkg_ae027d4a,usr_3f50fbcb,trp_c67254e9,,6C1DD1,web,51662.51,INR,5535.27,idem_ace84704512cfbe1,confirmed,2026-06-28T22:02:00+05:30,,,2026-06-28T22:00:00+05:30,2026-08-18T10:00:00+05:30
bkg_b469ed0c,usr_b452b228,,,58B29C,mobile_app,6328.07,INR,678.01,idem_a26737fbb387c21e,cancelled,,2026-08-25T23:00:00+05:30,Trip postponed,2026-08-14T23:00:00+05:30,2026-08-18T10:00:00+05:30
bkg_112456f7,usr_d56927f7,,,E438E8,web,64991.92,INR,6963.42,idem_f87301fdd2ff80dd,refunded,,2026-05-25T20:00:00+05:30,Plans changed,2026-05-20T20:00:00+05:30,2026-08-18T10:00:00+05:30
bkg_2676a38f,usr_21700d8e,trp_44abe323,,696E96,partner,26085.96,INR,2794.92,idem_f81c90471f77cb92,confirmed,2026-07-28T18:02:00+05:30,,,2026-07-28T18:00:00+05:30,2026-08-18T10:00:00+05:30
bkg_df30837b,usr_52de2228,trp_1c384989,,9A68F2,web,32705.57,INR,3504.17,idem_e982f6a2f78f2030,partially_confirmed,2026-06-25T04:32:00+05:30,,,2026-06-25T04:30:00+05:30,2026-08-18T10:00:00+05:30
bkg_ca97c882,usr_a3f4f2d9,trp_d8f6113f,,D501A8,mobile_app,17915.04,INR,1919.47,idem_dac8f9816f49f1d6,cancelled,,2026-07-02T03:15:00+05:30,Duplicate booking,2026-06-14T03:15:00+05:30,2026-08-18T10:00:00+05:30
bkg_ba59decf,usr_88af6903,trp_7b77aa24,,79BE25,mobile_app,3965.64,INR,424.89,idem_b2058bc22d4dfb69,confirmed,2026-06-22T10:47:00+05:30,,,2026-06-22T10:45:00+05:30,2026-08-18T10:00:00+05:30
bkg_3488dda9,usr_4f4d8587,trp_9de9979d,,2EBE24,partner,7490.93,INR,802.60,idem_ce87c4c13368e4a3,confirmed,2026-06-14T20:02:00+05:30,,,2026-06-14T20:00:00+05:30,2026-08-18T10:00:00+05:30
bkg_e482f644,usr_c24f45f3,trp_6579c710,,C4ACD4,web,14830843.57,IDR,1589018.95,idem_be210b3cc868c405,failed,,,,2026-05-21T21:30:00+05:30,2026-08-18T10:00:00+05:30
bkg_63051ff4,usr_e7b2dd09,trp_f61c2fce,,701FF4,web,10835.80,INR,1160.98,idem_90b4fa32b83faaea,confirmed,2026-07-26T12:32:00+05:30,,,2026-07-26T12:30:00+05:30,2026-08-18T10:00:00+05:30
bkg_2001ad42,usr_bff7bdb8,trp_60a62e81,,97A58A,mobile_app,3713.93,QAR,397.92,idem_2716ce415964191d,confirmed,2026-07-28T21:02:00+05:30,,,2026-07-28T21:00:00+05:30,2026-08-18T10:00:00+05:30
bkg_4de13148,usr_97d7df2b,trp_0e733795,,68BCE3,mobile_app,56569.05,INR,6060.97,idem_4929c5776d2ecb6d,confirmed,2026-05-28T19:47:00+05:30,,,2026-05-28T19:45:00+05:30,2026-08-18T10:00:00+05:30
bkg_dadb8ab9,usr_ef2f6a43,trp_e086bae2,,BF2FFF,mobile_app,29511.17,CHF,3161.91,idem_6778e3c9fe93cfd9,partially_confirmed,2026-05-14T02:47:00+05:30,,,2026-05-14T02:45:00+05:30,2026-08-18T10:00:00+05:30
bkg_0b0c631f,usr_5b0e5805,,,A6B8E0,mobile_app,3506.08,INR,375.65,idem_f51fa11b4a29ae06,confirmed,2026-08-15T08:17:00+05:30,,,2026-08-15T08:15:00+05:30,2026-08-18T10:00:00+05:30
bkg_79b0e19c,usr_8a133f67,trp_e72a3a42,,77969C,mobile_app,31268314.11,IDR,3350176.51,idem_a398881b294db2fa,cancelled,,2026-06-15T16:30:00+05:30,Found a better rate,2026-06-11T16:30:00+05:30,2026-08-18T10:00:00+05:30
bkg_8e9f6f4d,usr_87ae707a,,,C72A64,web,9550.22,INR,1023.24,idem_09b0367c6605a8f8,confirmed,2026-05-18T00:47:00+05:30,,,2026-05-18T00:45:00+05:30,2026-08-18T10:00:00+05:30
bkg_c799c331,usr_e851fdeb,,,DA66B9,mobile_app,11273.38,INR,1207.86,idem_ffc9de009d59b9da,cancelled,,2026-06-01T09:45:00+05:30,Duplicate booking,2026-05-13T09:45:00+05:30,2026-08-18T10:00:00+05:30
bkg_6d5e76f1,usr_aaf1c470,trp_57a36f81,,FC41C5,web,13961.09,NPR,1495.83,idem_b3a9de972d417665,confirmed,2026-08-07T18:32:00+05:30,,,2026-08-07T18:30:00+05:30,2026-08-18T10:00:00+05:30
bkg_66f823f9,usr_b3f2baa1,trp_1a355cfe,,C1E6E8,web,50361.20,INR,5395.84,idem_2b762f7844c3927b,confirmed,2026-06-29T13:47:00+05:30,,,2026-06-29T13:45:00+05:30,2026-08-18T10:00:00+05:30
bkg_89332169,usr_6479c45c,trp_bd664180,,289162,mobile_app,609.90,MYR,65.35,idem_febb91f4c52b4fe0,confirmed,2026-05-09T13:32:00+05:30,,,2026-05-09T13:30:00+05:30,2026-08-18T10:00:00+05:30
bkg_dbfab0e3,usr_8eb4e3e7,trp_53739538,,4A6A15,web,6302.80,INR,675.30,idem_18448e476e7c8d78,confirmed,2026-07-21T21:02:00+05:30,,,2026-07-21T21:00:00+05:30,2026-08-18T10:00:00+05:30
bkg_a691c8d6,usr_546ab7b6,trp_3178fc73,,4BF955,web,26831.75,JPY,2874.83,idem_b465b7b461a1429b,confirmed,2026-07-18T17:02:00+05:30,,,2026-07-18T17:00:00+05:30,2026-08-18T10:00:00+05:30
bkg_c2cc89f9,usr_e27e3b52,trp_cf3db507,,0EB3E9,web,3627.97,INR,388.71,idem_189ec8b5572beb9b,confirmed,2026-05-14T09:17:00+05:30,,,2026-05-14T09:15:00+05:30,2026-08-18T10:00:00+05:30
bkg_7dc2b00c,usr_54e0dc44,trp_35d620ca,,34586F,mobile_app,27971.66,INR,2996.96,idem_83285dd915f9de93,confirmed,2026-07-09T18:17:00+05:30,,,2026-07-09T18:15:00+05:30,2026-08-18T10:00:00+05:30
bkg_0df268cf,usr_e3e0cd9d,,,2B11A0,mobile_app,2170.34,INR,232.54,idem_5cf39f8232ee9a7b,pending,,,,2026-04-23T02:15:00+05:30,2026-08-18T10:00:00+05:30
bkg_e821f3c5,usr_b5327682,trp_dba33c33,,CA7FD2,web,41513.74,INR,4447.90,idem_3b31f87123d4bfaa,partially_confirmed,2026-06-11T07:32:00+05:30,,,2026-06-11T07:30:00+05:30,2026-08-18T10:00:00+05:30
bkg_6eedd8bf,usr_40c95b13,trp_8c188c27,,82D1A3,mobile_app,5511.09,INR,590.47,idem_795b7f82017f0b2a,confirmed,2026-06-15T23:32:00+05:30,,,2026-06-15T23:30:00+05:30,2026-08-18T10:00:00+05:30
bkg_75d3823b,usr_8ddbc4ab,,,325498,web,3544.15,INR,379.73,idem_5fed29600a9c49cf,confirmed,2026-05-22T21:32:00+05:30,,,2026-05-22T21:30:00+05:30,2026-08-18T10:00:00+05:30
bkg_4cb9283f,usr_95d28a5d,,,67D319,partner,3329.10,INR,356.69,idem_ae96174033a59c27,confirmed,2026-08-06T19:47:00+05:30,,,2026-08-06T19:45:00+05:30,2026-08-18T10:00:00+05:30
bkg_405a9861,usr_ddfa0cd0,trp_026533d5,,4CB4DC,web,32989.60,INR,3534.60,idem_8499fae577369cf6,confirmed,2026-05-09T09:17:00+05:30,,,2026-05-09T09:15:00+05:30,2026-08-18T10:00:00+05:30
bkg_4934266d,usr_7796e5e8,trp_cef915ff,,0E8392,call_centre,3187.90,MYR,341.56,idem_1480fc981ac5d9b5,confirmed,2026-06-07T09:02:00+05:30,,,2026-06-07T09:00:00+05:30,2026-08-18T10:00:00+05:30
bkg_1199592c,usr_61710d50,trp_adec5721,,47E87A,call_centre,10909.44,INR,1168.87,idem_5946498f167eda14,pending,,,,2026-05-19T18:30:00+05:30,2026-08-18T10:00:00+05:30
bkg_8945e7fc,usr_61710d50,trp_309cee62,,78E39A,mobile_app,10596.78,INR,1135.37,idem_e0cfc5475570b2a9,confirmed,2026-07-05T06:32:00+05:30,,,2026-07-05T06:30:00+05:30,2026-08-18T10:00:00+05:30
bkg_76da4b27,usr_c426b4e1,trp_c60c3b5a,,1A22A9,mobile_app,11344.42,INR,1215.47,idem_f82d5e0378729269,confirmed,2026-05-25T14:47:00+05:30,,,2026-05-25T14:45:00+05:30,2026-08-18T10:00:00+05:30
bkg_ca0172de,usr_df582802,,,75F84E,web,33942.63,INR,3636.71,idem_6e7371fdfa498149,refunded,,2026-04-28T09:45:00+05:30,Found a better rate,2026-04-24T09:45:00+05:30,2026-08-18T10:00:00+05:30
bkg_9c9d758c,usr_d3acd59c,trp_67af61b6,,A3649B,partner,11659.24,LKR,1249.20,idem_0211ea14900bf46b,confirmed,2026-06-29T14:17:00+05:30,,,2026-06-29T14:15:00+05:30,2026-08-18T10:00:00+05:30
bkg_fed35eae,usr_78513cd2,trp_5764aee3,,F47CF7,web,10402.32,INR,1114.53,idem_0fbff6722ac38631,confirmed,2026-04-26T16:32:00+05:30,,,2026-04-26T16:30:00+05:30,2026-08-18T10:00:00+05:30
bkg_0572a696,usr_63d19d4c,trp_32ae8bfe,,D077ED,mobile_app,8978.98,INR,962.03,idem_35dc40fac23aca15,cancelled,,2026-06-09T12:30:00+05:30,Found a better rate,2026-05-30T12:30:00+05:30,2026-08-18T10:00:00+05:30
bkg_0b723382,usr_fcd9bdf6,trp_706fdf80,,FDC7DF,web,7740.48,THB,829.34,idem_388216dbb3227f2a,confirmed,2026-08-11T18:02:00+05:30,,,2026-08-11T18:00:00+05:30,2026-08-18T10:00:00+05:30
bkg_5e7aecfd,usr_55b114d5,trp_df4fb834,,F350DC,web,47902.00,INR,5132.36,idem_946eac42728b9b27,confirmed,2026-05-28T05:02:00+05:30,,,2026-05-28T05:00:00+05:30,2026-08-18T10:00:00+05:30
bkg_f8389f30,usr_fe056e56,trp_9bebde0c,,E35FFE,web,10650.06,INR,1141.08,idem_b7b941d07c7eb8c1,confirmed,2026-08-10T02:32:00+05:30,,,2026-08-10T02:30:00+05:30,2026-08-18T10:00:00+05:30
bkg_5e16151c,usr_756ce6b3,trp_5162b851,,814909,mobile_app,7344.02,INR,786.86,idem_ca971f8d61d1816f,confirmed,2026-08-13T21:32:00+05:30,,,2026-08-13T21:30:00+05:30,2026-08-18T10:00:00+05:30
bkg_13ec005a,usr_865c98a2,trp_d923c276,,611DEB,mobile_app,33028.53,INR,3538.77,idem_345e454c44465455,confirmed,2026-08-13T11:02:00+05:30,,,2026-08-13T11:00:00+05:30,2026-08-18T10:00:00+05:30
bkg_d12f5965,usr_b1a4b433,trp_dd037e63,,CFFDC4,web,7927.11,QAR,849.33,idem_01a586f5e759aefa,partially_confirmed,2026-08-15T13:02:00+05:30,,,2026-08-15T13:00:00+05:30,2026-08-18T10:00:00+05:30
bkg_2da85978,usr_29fdaeb0,trp_ec11de60,,030290,mobile_app,23868.97,INR,2557.39,idem_7927b2a84ba652dc,confirmed,2026-05-22T07:02:00+05:30,,,2026-05-22T07:00:00+05:30,2026-08-18T10:00:00+05:30
bkg_a88bc697,usr_ea41e115,trp_e19281ce,,60176A,web,13701.18,AED,1467.98,idem_7fbfd3de0804b5b1,partially_confirmed,2026-06-17T19:02:00+05:30,,,2026-06-17T19:00:00+05:30,2026-08-18T10:00:00+05:30
bkg_67c01bee,usr_1dc66e29,trp_c2089a00,,5F462E,mobile_app,55990.32,INR,5998.96,idem_c6c9a8c0440e00c9,confirmed,2026-06-10T09:17:00+05:30,,,2026-06-10T09:15:00+05:30,2026-08-18T10:00:00+05:30
bkg_78856aa2,usr_32f091df,,,813203,web,54338.56,INR,5821.99,idem_8639fcb0583723fe,confirmed,2026-04-22T22:02:00+05:30,,,2026-04-22T22:00:00+05:30,2026-08-18T10:00:00+05:30
bkg_0654be20,usr_d1a44892,trp_194fb6db,,07CC30,web,9608.52,INR,1029.48,idem_b3e980ba29cb5846,pending,,,,2026-08-16T07:45:00+05:30,2026-08-18T10:00:00+05:30
bkg_252c5e6f,usr_596ee95d,trp_0bf61ffe,,A63C1F,partner,5983.02,THB,641.04,idem_a4e3fd48061aabeb,confirmed,2026-08-15T02:17:00+05:30,,,2026-08-15T02:15:00+05:30,2026-08-18T10:00:00+05:30
bkg_7a0fe67b,usr_aef2d4f6,trp_3901f712,,641DF0,mobile_app,13053.92,INR,1398.63,idem_bab3216f8cd2640c,confirmed,2026-06-01T13:32:00+05:30,,,2026-06-01T13:30:00+05:30,2026-08-18T10:00:00+05:30
bkg_42111d37,usr_9115fc7c,trp_07cf1d5b,,AE0FB6,web,12685.57,INR,1359.17,idem_802ccb4ae9b00a79,confirmed,2026-04-25T06:17:00+05:30,,,2026-04-25T06:15:00+05:30,2026-08-18T10:00:00+05:30
bkg_72cb7003,usr_8b3ba681,trp_c6136493,,6E3C6D,web,23672.10,INR,2536.30,idem_172ae02871610a50,failed,,,,2026-08-02T16:30:00+05:30,2026-08-18T10:00:00+05:30
bkg_c3cab30c,usr_da6b9625,,,3A87F1,call_centre,31110.91,INR,3333.31,idem_4c87d782a185cb0d,confirmed,2026-07-22T22:47:00+05:30,,,2026-07-22T22:45:00+05:30,2026-08-18T10:00:00+05:30
bkg_6f696220,usr_bc9d20fa,trp_9e0e3864,,170635,mobile_app,40913.24,INR,4383.56,idem_a43fa05b4fceaea9,confirmed,2026-07-03T00:47:00+05:30,,,2026-07-03T00:45:00+05:30,2026-08-18T10:00:00+05:30
bkg_0b358d9a,usr_65b43f7e,trp_7f99f942,,89A7FC,mobile_app,169525.80,INR,18163.48,idem_689146d36f0cea6b,confirmed,2026-06-28T02:47:00+05:30,,,2026-06-28T02:45:00+05:30,2026-08-18T10:00:00+05:30
bkg_b4539cc1,usr_41431693,trp_73c65d38,,36564C,web,4214.20,MVR,451.52,idem_c9f10b248e126cbc,confirmed,2026-06-07T17:47:00+05:30,,,2026-06-07T17:45:00+05:30,2026-08-18T10:00:00+05:30
bkg_ca831d20,usr_a3f4f2d9,trp_d8f6113f,,324874,mobile_app,20681.40,INR,2215.86,idem_9611cb3c9a3d2caf,confirmed,2026-06-29T06:02:00+05:30,,,2026-06-29T06:00:00+05:30,2026-08-18T10:00:00+05:30
bkg_b63c577a,usr_1dd8f348,trp_73adc9df,,C20AF0,mobile_app,5916.76,INR,633.94,idem_bbcdae02407e9c29,failed,,,,2026-07-08T18:15:00+05:30,2026-08-18T10:00:00+05:30
bkg_c75685a2,usr_54e4f5fd,trp_0e4ac002,,16E28D,mobile_app,9652.63,INR,1034.21,idem_b1e2f62f06cde2c3,cancelled,,2026-08-04T15:00:00+05:30,Trip postponed,2026-07-20T15:00:00+05:30,2026-08-18T10:00:00+05:30
bkg_8412a58d,usr_6a108f4e,trp_1002157a,,82CF24,web,136691.46,INR,14645.51,idem_2070b1617b0d4e31,refunded,,2026-05-13T15:00:00+05:30,Duplicate booking,2026-05-03T15:00:00+05:30,2026-08-18T10:00:00+05:30
bkg_ea97db8a,usr_a5077371,,,FFB225,web,10410.02,AED,1115.36,idem_3b87229e2d6c1411,confirmed,2026-05-05T01:17:00+05:30,,,2026-05-05T01:15:00+05:30,2026-08-18T10:00:00+05:30
bkg_f6854215,usr_6be041f5,trp_994c9a51,,E43D3D,partner,3072.62,INR,329.21,idem_3e446727b89a7d1d,failed,,,,2026-06-06T04:15:00+05:30,2026-08-18T10:00:00+05:30
