payment_id,booking_id,method,status,authorised_amount,captured_amount,refunded_amount,currency,gateway_reference,idempotency_key,failure_code,authorised_at,captured_at,created_at,updated_at
pay_615694a3,bkg_8d0849e2,upi,failed,12472.81,0.00,0.00,THB,mock_8d0849e2,pidem_df37f4e52c677e3b,idempotency_conflict,2026-05-07T16:45:40+05:30,,2026-05-07T16:45:00+05:30,2026-08-18T10:00:00+05:30
pay_15c17265,bkg_f3f14669,mock,captured,12698.25,12698.25,0.00,AED,mock_f3f14669,pidem_8c92a8b7c33d3521,,2026-05-04T19:45:40+05:30,2026-05-04T19:47:00+05:30,2026-05-04T19:45:00+05:30,2026-08-18T10:00:00+05:30
pay_3e282aca,bkg_9fbe30f1,upi,captured,21803.89,21803.89,0.00,INR,mock_9fbe30f1,pidem_80164db542eb6d3f,,2026-04-28T07:30:40+05:30,2026-04-28T07:32:00+05:30,2026-04-28T07:30:00+05:30,2026-08-18T10:00:00+05:30
pay_0a600043,bkg_71bc2fda,upi,captured,2413.11,2413.11,0.00,INR,mock_71bc2fda,pidem_a7214b69a75d54d1,,2026-04-27T03:00:40+05:30,2026-04-27T03:02:00+05:30,2026-04-27T03:00:00+05:30,2026-08-18T10:00:00+05:30
pay_8cda3c1a,bkg_0fe06257,netbanking,captured,7431.31,7431.31,0.00,INR,mock_0fe06257,pidem_acb94ddd5b2d4b67,,2026-06-29T04:45:40+05:30,2026-06-29T04:47:00+05:30,2026-06-29T04:45:00+05:30,2026-08-18T10:00:00+05:30
pay_98415d16,bkg_1cead6ba,netbanking,captured,832.20,832.20,0.00,AED,mock_1cead6ba,pidem_264bf3af9523189e,,2026-06-20T06:00:40+05:30,2026-06-20T06:02:00+05:30,2026-06-20T06:00:00+05:30,2026-08-18T10:00:00+05:30
pay_c5d93510,bkg_191f5ae9,netbanking,initiated,82959.39,0.00,0.00,INR,mock_191f5ae9,pidem_caff200b0c04f6ac,,,,2026-08-16T23:15:00+05:30,2026-08-18T10:00:00+05:30
pay_2cf951af,bkg_21080582,card,refunded,26062.40,26062.40,26062.40,INR,mock_21080582,pidem_559df0f97ac5863a,,2026-06-13T06:30:40+05:30,2026-06-13T06:32:00+05:30,2026-06-13T06:30:00+05:30,2026-08-18T10:00:00+05:30
pay_c97deef4,bkg_c2904ebe,upi,captured,14624.56,14624.56,0.00,INR,mock_c2904ebe,pidem_75f064543876f2f7,,2026-05-18T01:00:40+05:30,2026-05-18T01:02:00+05:30,2026-05-18T01:00:00+05:30,2026-08-18T10:00:00+05:30
pay_a0365b1a,bkg_195d6ea3,upi,captured,16194.20,16194.20,0.00,INR,mock_195d6ea3,pidem_6343af87e49c9d2b,,2026-07-31T02:45:40+05:30,2026-07-31T02:47:00+05:30,2026-07-31T02:45:00+05:30,2026-08-18T10:00:00+05:30
pay_7b1f3a0a,bkg_b331a12e,upi,refunded,97616.62,97616.62,97616.62,INR,mock_b331a12e,pidem_00ae1fad450b730e,,2026-07-28T02:30:40+05:30,2026-07-28T02:32:00+05:30,2026-07-28T02:30:00+05:30,2026-08-18T10:00:00+05:30
pay_f012416a,bkg_b3f4b8fd,card,captured,16451.08,16451.08,0.00,INR,mock_b3f4b8fd,pidem_af0721494f9b7b63,,2026-05-17T07:30:40+05:30,2026-05-17T07:32:00+05:30,2026-05-17T07:30:00+05:30,2026-08-18T10:00:00+05:30
pay_7a6a717b,bkg_994e397a,wallet,authorised,4378.10,0.00,0.00,INR,mock_994e397a,pidem_349cab5e46fb6885,,2026-08-02T16:45:40+05:30,,2026-08-02T16:45:00+05:30,2026-08-18T10:00:00+05:30
pay_fad2faff,bkg_9377e970,wallet,captured,4465.18,4465.18,0.00,INR,mock_9377e970,pidem_50b5eeb320e40130,,2026-06-16T03:00:40+05:30,2026-06-16T03:02:00+05:30,2026-06-16T03:00:00+05:30,2026-08-18T10:00:00+05:30
pay_ea682a01,bkg_370aa5b3,mock,captured,9719.77,9719.77,0.00,INR,mock_370aa5b3,pidem_6b63411de7a12af0,,2026-05-21T11:30:40+05:30,2026-05-21T11:32:00+05:30,2026-05-21T11:30:00+05:30,2026-08-18T10:00:00+05:30
pay_f69a916a,bkg_74144e7b,netbanking,captured,71355.68,71355.68,0.00,INR,mock_74144e7b,pidem_68064563fc0bb1ff,,2026-07-25T10:30:40+05:30,2026-07-25T10:32:00+05:30,2026-07-25T10:30:00+05:30,2026-08-18T10:00:00+05:30
pay_d32c0aa5,bkg_1d1e89ab,upi,captured,15320.69,15320.69,0.00,INR,mock_1d1e89ab,pidem_b0565bdbf25545c0,,2026-08-09T22:45:40+05:30,2026-08-09T22:47:00+05:30,2026-08-09T22:45:00+05:30,2026-08-18T10:00:00+05:30
pay_24ee3d7f,bkg_144e317c,upi,captured,10594.23,10594.23,0.00,INR,mock_144e317c,pidem_7017e32ee8856205,,2026-06-04T14:15:40+05:30,2026-06-04T14:17:00+05:30,2026-06-04T14:15:00+05:30,2026-08-18T10:00:00+05:30
pay_e887dc82,bkg_aabdfc13,netbanking,captured,47467.53,47467.53,0.00,AED,mock_aabdfc13,pidem_4914eb2f953051c0,,2026-04-29T17:45:40+05:30,2026-04-29T17:47:00+05:30,2026-04-29T17:45:00+05:30,2026-08-18T10:00:00+05:30
pay_7e2ebbd5,bkg_1db61efe,upi,captured,21552.43,21552.43,0.00,INR,mock_1db61efe,pidem_5167e518492c7d2d,,2026-04-26T01:45:40+05:30,2026-04-26T01:47:00+05:30,2026-04-26T01:45:00+05:30,2026-08-18T10:00:00+05:30
pay_c687da48,bkg_69566a24,upi,captured,10501.94,10501.94,0.00,INR,mock_69566a24,pidem_8bad4d92b519c3bb,,2026-08-14T11:00:40+05:30,2026-08-14T11:02:00+05:30,2026-08-14T11:00:00+05:30,2026-08-18T10:00:00+05:30
pay_7c788de4,bkg_7383cc12,card,initiated,35211.03,0.00,0.00,INR,mock_7383cc12,pidem_a6d16126bc752614,,,,2026-07-30T17:45:00+05:30,2026-08-18T10:00:00+05:30
pay_1c1e088e,bkg_e0caef56,card,refunded,22709.41,22709.41,22709.41,INR,mock_e0caef56,pidem_ec74a33a656dc784,,2026-05-29T23:00:40+05:30,2026-05-29T23:02:00+05:30,2026-05-29T23:00:00+05:30,2026-08-18T10:00:00+05:30
pay_96168897,bkg_dc805bb2,card,refunded,38534.20,38534.20,38534.20,INR,mock_dc805bb2,pidem_2678283fa27e38a5,,2026-07-13T03:30:40+05:30,2026-07-13T03:32:00+05:30,2026-07-13T03:30:00+05:30,2026-08-18T10:00:00+05:30
pay_00383254,bkg_c6ccdb15,upi,captured,11754.04,11754.04,0.00,INR,mock_c6ccdb15,pidem_73657b07c3cb32aa,,2026-06-07T06:00:40+05:30,2026-06-07T06:02:00+05:30,2026-06-07T06:00:00+05:30,2026-08-18T10:00:00+05:30
pay_36159e15,bkg_55382b3e,upi,captured,51279.88,51279.88,0.00,INR,mock_55382b3e,pidem_cb551f6ff443d28b,,2026-08-08T13:15:40+05:30,2026-08-08T13:17:00+05:30,2026-08-08T13:15:00+05:30,2026-08-18T10:00:00+05:30
pay_650402ea,bkg_a18c8fb4,upi,captured,17204.51,17204.51,0.00,INR,mock_a18c8fb4,pidem_048a078c35ac54db,,2026-05-26T22:30:40+05:30,2026-05-26T22:32:00+05:30,2026-05-26T22:30:00+05:30,2026-08-18T10:00:00+05:30
pay_eccfda9e,bkg_5ff05c45,netbanking,captured,43025.07,43025.07,0.00,INR,mock_5ff05c45,pidem_c28982156c358405,,2026-05-04T07:30:40+05:30,2026-05-04T07:32:00+05:30,2026-05-04T07:30:00+05:30,2026-08-18T10:00:00+05:30
pay_d918159d,bkg_8cdd25c2,upi,captured,4118.39,4118.39,0.00,INR,mock_8cdd25c2,pidem_ea50ce7397923592,,2026-07-17T00:30:40+05:30,2026-07-17T00:32:00+05:30,2026-07-17T00:30:00+05:30,2026-08-18T10:00:00+05:30
pay_518677c0,bkg_eca7b339,upi,captured,6875.87,6875.87,0.00,LKR,mock_eca7b339,pidem_f1c99bae73f9d995,,2026-04-29T20:45:40+05:30,2026-04-29T20:47:00+05:30,2026-04-29T20:45:00+05:30,2026-08-18T10:00:00+05:30
pay_e44f6600,bkg_1054fe18,upi,captured,23392.05,23392.05,0.00,INR,mock_1054fe18,pidem_35d520bc4b012588,,2026-07-23T09:00:40+05:30,2026-07-23T09:02:00+05:30,2026-07-23T09:00:00+05:30,2026-08-18T10:00:00+05:30
pay_d2a7d4bf,bkg_5c5d46a1,upi,captured,12083.37,12083.37,0.00,INR,mock_5c5d46a1,pidem_64a75277fa6222cb,,2026-05-07T09:30:40+05:30,2026-05-07T09:32:00+05:30,2026-05-07T09:30:00+05:30,2026-08-18T10:00:00+05:30
pay_7b3b4b12,bkg_36d7e53b,upi,captured,7872.75,7872.75,0.00,THB,mock_36d7e53b,pidem_89abca82c829dbfb,,2026-06-21T06:30:40+05:30,2026-06-21T06:32:00+05:30,2026-06-21T06:30:00+05:30,2026-08-18T10:00:00+05:30
pay_cea5507e,bkg_cfe06f0c,netbanking,captured,19726.63,19726.63,0.00,INR,mock_cfe06f0c,pidem_ff1bbbc0144fb1cb,,2026-07-18T03:15:40+05:30,2026-07-18T03:17:00+05:30,2026-07-18T03:15:00+05:30,2026-08-18T10:00:00+05:30
pay_dbe848ad,bkg_b1a64665,upi,captured,5258.49,5258.49,0.00,INR,mock_b1a64665,pidem_ad0389e5b0ef008b,,2026-07-29T06:30:40+05:30,2026-07-29T06:32:00+05:30,2026-07-29T06:30:00+05:30,2026-08-18T10:00:00+05:30
pay_a6b2fbb9,bkg_79906986,upi,refunded,13500.73,13500.73,13500.73,LKR,mock_79906986,pidem_e62049d7e1e248d9,,2026-07-28T21:45:40+05:30,2026-07-28T21:47:00+05:30,2026-07-28T21:45:00+05:30,2026-08-18T10:00:00+05:30
pay_6f97ad96,bkg_ef9ddd65,upi,captured,8683.49,8683.49,0.00,NPR,mock_ef9ddd65,pidem_c40e11aa7cb87813,,2026-06-05T06:00:40+05:30,2026-06-05T06:02:00+05:30,2026-06-05T06:00:00+05:30,2026-08-18T10:00:00+05:30
pay_9682dfe7,bkg_33a70806,wallet,captured,38142.19,38142.19,0.00,INR,mock_33a70806,pidem_0b091bc3a2e65783,,2026-08-04T06:30:40+05:30,2026-08-04T06:32:00+05:30,2026-08-04T06:30:00+05:30,2026-08-18T10:00:00+05:30
pay_14f1bf47,bkg_033bcbd8,upi,refunded,6695.24,6695.24,6695.24,INR,mock_033bcbd8,pidem_8d937dabd69a51cd,,2026-08-05T01:45:40+05:30,2026-08-05T01:47:00+05:30,2026-08-05T01:45:00+05:30,2026-08-18T10:00:00+05:30
pay_cab4d5cb,bkg_69352816,card,captured,71541.90,71541.90,0.00,INR,mock_69352816,pidem_261c07efd6f92a1f,,2026-07-27T15:15:40+05:30,2026-07-27T15:17:00+05:30,2026-07-27T15:15:00+05:30,2026-08-18T10:00:00+05:30
pay_6a3737d5,bkg_74e7879c,card,refunded,101492.41,101492.41,101492.41,INR,mock_74e7879c,pidem_166f39541c65bc3c,,2026-04-21T07:30:40+05:30,2026-04-21T07:32:00+05:30,2026-04-21T07:30:00+05:30,2026-08-18T10:00:00+05:30
pay_c8eba791,bkg_9f599abe,upi,captured,39793.96,39793.96,0.00,INR,mock_9f599abe,pidem_bf3c6a95511b5652,,2026-08-04T17:45:40+05:30,2026-08-04T17:47:00+05:30,2026-08-04T17:45:00+05:30,2026-08-18T10:00:00+05:30
pay_5e285dad,bkg_32a4fde3,card,captured,20459.22,20459.22,0.00,INR,mock_32a4fde3,pidem_85d8c74774a836b9,,2026-05-01T23:30:40+05:30,2026-05-01T23:32:00+05:30,2026-05-01T23:30:00+05:30,2026-08-18T10:00:00+05:30
pay_d2749bab,bkg_f54f09b4,upi,captured,3097.40,3097.40,0.00,INR,mock_f54f09b4,pidem_563a946d0ab21c6b,,2026-06-14T20:15:40+05:30,2026-06-14T20:17:00+05:30,2026-06-14T20:15:00+05:30,2026-08-18T10:00:00+05:30
pay_afb52aa0,bkg_d95cafa1,upi,failed,5285.47,0.00,0.00,INR,mock_d95cafa1,pidem_220778966a1f58ea,idempotency_conflict,2026-05-09T18:30:40+05:30,,2026-05-09T18:30:00+05:30,2026-08-18T10:00:00+05:30
pay_78721b9b,bkg_a78e7575,upi,captured,34220.97,34220.97,0.00,INR,mock_a78e7575,pidem_bb424ec855026cea,,2026-05-06T08:15:40+05:30,2026-05-06T08:17:00+05:30,2026-05-06T08:15:00+05:30,2026-08-18T10:00:00+05:30
pay_cf1c3e2c,bkg_9a4e2f03,netbanking,captured,7192.45,7192.45,0.00,NPR,mock_9a4e2f03,pidem_d8411be9b19b88a1,,2026-06-13T01:00:40+05:30,2026-06-13T01:02:00+05:30,2026-06-13T01:00:00+05:30,2026-08-18T10:00:00+05:30
pay_8d56ae5a,bkg_e7f411ce,card,captured,40194.74,40194.74,0.00,INR,mock_e7f411ce,pidem_05dd911f41d28fe7,,2026-05-31T21:15:40+05:30,2026-05-31T21:17:00+05:30,2026-05-31T21:15:00+05:30,2026-08-18T10:00:00+05:30
pay_ce8d6f8f,bkg_38f6ddb0,upi,captured,4282.70,4282.70,0.00,INR,mock_38f6ddb0,pidem_642cb22b1423cf4c,,2026-05-29T04:30:40+05:30,2026-05-29T04:32:00+05:30,2026-05-29T04:30:00+05:30,2026-08-18T10:00:00+05:30
pay_267ef2bf,bkg_72f39a04,card,captured,54147.74,54147.74,0.00,INR,mock_72f39a04,pidem_147137930c4cb566,,2026-06-09T11:15:40+05:30,2026-06-09T11:17:00+05:30,2026-06-09T11:15:00+05:30,2026-08-18T10:00:00+05:30
pay_95842584,bkg_74b0ac92,card,captured,5118.20,5118.20,0.00,AED,mock_74b0ac92,pidem_ab4b0ba067accc97,,2026-06-12T13:30:40+05:30,2026-06-12T13:32:00+05:30,2026-06-12T13:30:00+05:30,2026-08-18T10:00:00+05:30
pay_460cd25f,bkg_d375060a,mock,failed,12274.04,0.00,0.00,INR,mock_d375060a,pidem_b63f86bd7a90a2b0,idempotency_conflict,2026-07-07T03:45:40+05:30,,2026-07-07T03:45:00+05:30,2026-08-18T10:00:00+05:30
pay_2dc2b1e8,bkg_d5364266,mock,captured,50429.19,50429.19,0.00,INR,mock_d5364266,pidem_3d9439e3625e855b,,2026-05-12T11:00:40+05:30,2026-05-12T11:02:00+05:30,2026-05-12T11:00:00+05:30,2026-08-18T10:00:00+05:30
pay_bfcfe130,bkg_5e2c122d,card,initiated,1768.51,0.00,0.00,INR,mock_5e2c122d,pidem_15201ecac0a0faf7,,,,2026-06-14T02:15:00+05:30,2026-08-18T10:00:00+05:30
pay_accea514,bkg_6768c9be,upi,captured,16419.17,16419.17,0.00,INR,mock_6768c9be,pidem_dee15dc8f984aa74,,2026-08-10T11:15:40+05:30,2026-08-10T11:17:00+05:30,2026-08-10T11:15:00+05:30,2026-08-18T10:00:00+05:30
pay_4c9d7d17,bkg_c3255c1a,upi,captured,8494.34,8494.34,0.00,THB,mock_c3255c1a,pidem_b43bbb7f85c52e65,,2026-05-07T01:15:40+05:30,2026-05-07T01:17:00+05:30,2026-05-07T01:15:00+05:30,2026-08-18T10:00:00+05:30
pay_d9966d90,bkg_4430bdeb,card,refunded,61475.67,61475.67,61475.67,INR,mock_4430bdeb,pidem_4e8a36cdaf91f796,,2026-06-21T07:00:40+05:30,2026-06-21T07:02:00+05:30,2026-06-21T07:00:00+05:30,2026-08-18T10:00:00+05:30
pay_7f79d6ce,bkg_822f073e,card,captured,4945.36,4945.36,0.00,INR,mock_822f073e,pidem_6d012bbf78f5ed53,,2026-08-03T18:00:40+05:30,2026-08-03T18:02:00+05:30,2026-08-03T18:00:00+05:30,2026-08-18T10:00:00+05:30
pay_092fb491,bkg_a43422ce,card,captured,10419.07,10419.07,0.00,INR,mock_a43422ce,pidem_9a6902b9c0c7b8d1,,2026-07-25T17:15:40+05:30,2026-07-25T17:17:00+05:30,2026-07-25T17:15:00+05:30,2026-08-18T10:00:00+05:30
pay_5594dbaa,bkg_e43d4db6,card,captured,4955.31,4955.31,0.00,INR,mock_e43d4db6,pidem_2a44e4c6ca7118d7,,2026-04-26T11:00:40+05:30,2026-04-26T11:02:00+05:30,2026-04-26T11:00:00+05:30,2026-08-18T10:00:00+05:30
pay_54bae9e0,bkg_b0e47d8d,upi,authorised,9211.24,0.00,0.00,INR,mock_b0e47d8d,pidem_2c0247d589ece91e,,2026-07-20T00:15:40+05:30,,2026-07-20T00:15:00+05:30,2026-08-18T10:00:00+05:30
pay_47d2c943,bkg_1aa0453c,card,captured,17932.45,17932.45,0.00,INR,mock_1aa0453c,pidem_29713372c81ed105,,2026-05-23T00:45:40+05:30,2026-05-23T00:47:00+05:30,2026-05-23T00:45:00+05:30,2026-08-18T10:00:00+05:30
pay_558091b6,bkg_0904c0f9,wallet,initiated,23165.77,0.00,0.00,INR,mock_0904c0f9,pidem_679b70e363edd012,,,,2026-06-07T11:15:00+05:30,2026-08-18T10:00:00+05:30
pay_1bbb229e,bkg_de021a6c,upi,initiated,12620.94,0.00,0.00,SGD,mock_de021a6c,pidem_7eb219687262bed6,,,,2026-06-10T08:00:00+05:30,2026-08-18T10:00:00+05:30
pay_e3e054ec,bkg_c0ba09a6,card,captured,47013.15,47013.15,0.00,INR,mock_c0ba09a6,pidem_7958873caf9fbdec,,2026-06-21T07:45:40+05:30,2026-06-21T07:47:00+05:30,2026-06-21T07:45:00+05:30,2026-08-18T10:00:00+05:30
pay_294a90d6,bkg_53e04170,netbanking,captured,13684.25,13684.25,0.00,INR,mock_53e04170,pidem_e9ec0da5614073f9,,2026-07-18T08:30:40+05:30,2026-07-18T08:32:00+05:30,2026-07-18T08:30:00+05:30,2026-08-18T10:00:00+05:30
pay_37a59ec0,bkg_6a3091ad,upi,captured,39033.97,39033.97,0.00,INR,mock_6a3091ad,pidem_2f67c9c20acc7916,,2026-08-05T21:00:40+05:30,2026-08-05T21:02:00+05:30,2026-08-05T21:00:00+05:30,2026-08-18T10:00:00+05:30
pay_1246cdc9,bkg_ac83cdcf,card,captured,164.75,164.75,0.00,SGD,mock_ac83cdcf,pidem_af651144fe8b4d92,,2026-07-31T23:00:40+05:30,2026-07-31T23:02:00+05:30,2026-07-31T23:00:00+05:30,2026-08-18T10:00:00+05:30
pay_be52d26d,bkg_63f2cba8,netbanking,captured,16257.54,16257.54,0.00,NPR,mock_63f2cba8,pidem_d81c9237d68112fd,,2026-06-12T06:15:40+05:30,2026-06-12T06:17:00+05:30,2026-06-12T06:15:00+05:30,2026-08-18T10:00:00+05:30
pay_b16d976a,bkg_14737abe,netbanking,captured,56123.11,56123.11,0.00,INR,mock_14737abe,pidem_df9b7459eab0a07d,,2026-08-02T19:00:40+05:30,2026-08-02T19:02:00+05:30,2026-08-02T19:00:00+05:30,2026-08-18T10:00:00+05:30
pay_ceb352cb,bkg_daa3681e,card,captured,55172.75,55172.75,0.00,INR,mock_daa3681e,pidem_7c3c179fcffa67bb,,2026-04-22T15:15:40+05:30,2026-04-22T15:17:00+05:30,2026-04-22T15:15:00+05:30,2026-08-18T10:00:00+05:30
pay_7e4fdb4d,bkg_43c55db6,upi,captured,4806.12,4806.12,0.00,QAR,mock_43c55db6,pidem_4fcc5cc27da8b7f0,,2026-05-24T06:45:40+05:30,2026-05-24T06:47:00+05:30,2026-05-24T06:45:00+05:30,2026-08-18T10:00:00+05:30
pay_64e6acb2,bkg_1cc9cf40,upi,captured,8503.14,8503.14,0.00,INR,mock_1cc9cf40,pidem_86b960ff2026699d,,2026-04-29T12:45:40+05:30,2026-04-29T12:47:00+05:30,2026-04-29T12:45:00+05:30,2026-08-18T10:00:00+05:30
pay_92f573d8,bkg_71ef6221,card,captured,17226.56,17226.56,0.00,MYR,mock_71ef6221,pidem_5826478dc1bfccea,,2026-07-13T02:00:40+05:30,2026-07-13T02:02:00+05:30,2026-07-13T02:00:00+05:30,2026-08-18T10:00:00+05:30
pay_7aa60dbb,bkg_0c57db7d,card,captured,43205.64,43205.64,0.00,INR,mock_0c57db7d,pidem_08bcec96ea8c207c,,2026-06-29T11:45:40+05:30,2026-06-29T11:47:00+05:30,2026-06-29T11:45:00+05:30,2026-08-18T10:00:00+05:30
pay_d0b809b4,bkg_77671ccb,mock,initiated,24513.61,0.00,0.00,INR,mock_77671ccb,pidem_0c2a2ead42c0ddef,,,,2026-08-03T19:00:00+05:30,2026-08-18T10:00:00+05:30
pay_19dd1e30,bkg_b42c0e25,card,captured,29332.86,29332.86,0.00,INR,mock_b42c0e25,pidem_eafc2c7ff2d7a7bc,,2026-05-20T02:45:40+05:30,2026-05-20T02:47:00+05:30,2026-05-20T02:45:00+05:30,2026-08-18T10:00:00+05:30
pay_76b3f5a0,bkg_bb4d218e,card,initiated,38284.87,0.00,0.00,THB,mock_bb4d218e,pidem_56817407c8c370c3,,,,2026-07-08T07:00:00+05:30,2026-08-18T10:00:00+05:30
pay_07da94f6,bkg_9f3522b1,upi,refunded,8656.97,8656.97,8656.97,INR,mock_9f3522b1,pidem_6a88caa99b411745,,2026-05-11T21:15:40+05:30,2026-05-11T21:17:00+05:30,2026-05-11T21:15:00+05:30,2026-08-18T10:00:00+05:30
pay_d27be49d,bkg_7aa89001,card,initiated,5346.81,0.00,0.00,AED,mock_7aa89001,pidem_4b946326f3b03073,,,,2026-07-09T20:15:00+05:30,2026-08-18T10:00:00+05:30
pay_13eb16cd,bkg_c8985dd7,mock,refunded,9888.68,9888.68,9888.68,INR,mock_c8985dd7,pidem_9ec44c071e8f95b9,,2026-05-26T07:45:40+05:30,2026-05-26T07:47:00+05:30,2026-05-26T07:45:00+05:30,2026-08-18T10:00:00+05:30
pay_55fbcea7,bkg_b35e9276,card,authorised,22797.40,0.00,0.00,IDR,mock_b35e9276,pidem_640ac27c80482c57,,2026-05-25T05:00:40+05:30,,2026-05-25T05:00:00+05:30,2026-08-18T10:00:00+05:30
pay_bec99d28,bkg_4ccbe790,card,captured,3011.87,3011.87,0.00,INR,mock_4ccbe790,pidem_fdf6d5b4ead0daa7,,2026-08-03T13:00:40+05:30,2026-08-03T13:02:00+05:30,2026-08-03T13:00:00+05:30,2026-08-18T10:00:00+05:30
pay_49f2b159,bkg_bc0f89d2,upi,captured,27077.85,27077.85,0.00,CHF,mock_bc0f89d2,pidem_ee72e42ad9918708,,2026-08-01T03:30:40+05:30,2026-08-01T03:32:00+05:30,2026-08-01T03:30:00+05:30,2026-08-18T10:00:00+05:30
pay_e482b620,bkg_cdc794e7,netbanking,captured,105296.64,105296.64,0.00,INR,mock_cdc794e7,pidem_e3b9e259169a7a2c,,2026-07-05T20:45:40+05:30,2026-07-05T20:47:00+05:30,2026-07-05T20:45:00+05:30,2026-08-18T10:00:00+05:30
pay_7efe68f0,bkg_ee4b7533,card,captured,67395.08,67395.08,0.00,INR,mock_ee4b7533,pidem_bc1c9f169fb264d2,,2026-07-10T21:30:40+05:30,2026-07-10T21:32:00+05:30,2026-07-10T21:30:00+05:30,2026-08-18T10:00:00+05:30
pay_4d1ead32,bkg_a148cb3d,netbanking,captured,11357.10,11357.10,0.00,INR,mock_a148cb3d,pidem_48fcc9d94ada7a68,,2026-07-20T11:45:40+05:30,2026-07-20T11:47:00+05:30,2026-07-20T11:45:00+05:30,2026-08-18T10:00:00+05:30
pay_0df4dbfd,bkg_6ce37e53,card,refunded,35187.08,35187.08,35187.08,INR,mock_6ce37e53,pidem_4880b46adafc6547,,2026-05-28T00:00:40+05:30,2026-05-28T00:02:00+05:30,2026-05-28T00:00:00+05:30,2026-08-18T10:00:00+05:30
pay_b84437e4,bkg_24af62b9,upi,captured,15590.10,15590.10,0.00,INR,mock_24af62b9,pidem_b5cd0dae228d68cd,,2026-06-26T18:30:40+05:30,2026-06-26T18:32:00+05:30,2026-06-26T18:30:00+05:30,2026-08-18T10:00:00+05:30
pay_a8ab4f7f,bkg_aa45da37,netbanking,captured,46112.17,46112.17,0.00,INR,mock_aa45da37,pidem_eb65e67f1c0f1567,,2026-06-15T11:15:40+05:30,2026-06-15T11:17:00+05:30,2026-06-15T11:15:00+05:30,2026-08-18T10:00:00+05:30
pay_5fe1cf60,bkg_be7a1bd2,upi,captured,30350.05,30350.05,0.00,INR,mock_be7a1bd2,pidem_7409e32029c8456a,,2026-07-26T23:45:40+05:30,2026-07-26T23:47:00+05:30,2026-07-26T23:45:00+05:30,2026-08-18T10:00:00+05:30
pay_6e8bd7e7,bkg_9340b70b,upi,captured,32459.48,32459.48,0.00,INR,mock_9340b70b,pidem_3fde7c66bcd738cb,,2026-05-29T22:30:40+05:30,2026-05-29T22:32:00+05:30,2026-05-29T22:30:00+05:30,2026-08-18T10:00:00+05:30
pay_3c958668,bkg_35183937,upi,captured,13010.35,13010.35,0.00,INR,mock_35183937,pidem_99d7f0bd407d102d,,2026-07-09T06:15:40+05:30,2026-07-09T06:17:00+05:30,2026-07-09T06:15:00+05:30,2026-08-18T10:00:00+05:30
pay_12bf86b1,bkg_4625af46,netbanking,refunded,59643.76,59643.76,59643.76,INR,mock_4625af46,pidem_a4a48ef787de576a,,2026-05-18T05:00:40+05:30,2026-05-18T05:02:00+05:30,2026-05-18T05:00:00+05:30,2026-08-18T10:00:00+05:30
pay_43fda085,bkg_1a4e740b,card,captured,18255.15,18255.15,0.00,NPR,mock_1a4e740b,pidem_732f938e83e75157,,2026-07-05T12:45:40+05:30,2026-07-05T12:47:00+05:30,2026-07-05T12:45:00+05:30,2026-08-18T10:00:00+05:30
pay_d5671031,bkg_f0d3ba98,card,refunded,30546.32,30546.32,30546.32,INR,mock_f0d3ba98,pidem_e3355370fa3b4850,,2026-05-15T05:00:40+05:30,2026-05-15T05:02:00+05:30,2026-05-15T05:00:00+05:30,2026-08-18T10:00:00+05:30
pay_0bb8a9b2,bkg_ea88de1b,upi,captured,7824.10,7824.10,0.00,INR,mock_ea88de1b,pidem_1887af1fb2e2fe4d,,2026-05-02T22:45:40+05:30,2026-05-02T22:47:00+05:30,2026-05-02T22:45:00+05:30,2026-08-18T10:00:00+05:30
pay_f17b0dae,bkg_2ff25f62,upi,initiated,41810.92,0.00,0.00,INR,mock_2ff25f62,pidem_6e610b17d538f6f7,,,,2026-07-12T19:00:00+05:30,2026-08-18T10:00:00+05:30
pay_593bbc03,bkg_00ead03d,netbanking,captured,31432.67,31432.67,0.00,INR,mock_00ead03d,pidem_45085c3d12ad5e02,,2026-07-06T07:45:40+05:30,2026-07-06T07:47:00+05:30,2026-07-06T07:45:00+05:30,2026-08-18T10:00:00+05:30
pay_66944ebe,bkg_c0de68da,mock,captured,7802.57,7802.57,0.00,INR,mock_c0de68da,pidem_0637ab1d70d9b877,,2026-06-19T16:30:40+05:30,2026-06-19T16:32:00+05:30,2026-06-19T16:30:00+05:30,2026-08-18T10:00:00+05:30
pay_19fdaedb,bkg_e2df0932,upi,captured,116056.26,116056.26,0.00,INR,mock_e2df0932,pidem_5323ee7e82fab270,,2026-06-21T18:30:40+05:30,2026-06-21T18:32:00+05:30,2026-06-21T18:30:00+05:30,2026-08-18T10:00:00+05:30
pay_71efe55c,bkg_4fd3d765,upi,refunded,5393.08,5393.08,5393.08,INR,mock_4fd3d765,pidem_79c4a23229070cff,,2026-05-22T14:00:40+05:30,2026-05-22T14:02:00+05:30,2026-05-22T14:00:00+05:30,2026-08-18T10:00:00+05:30
pay_13c49fd1,bkg_3e09782a,mock,refunded,3308.39,3308.39,3308.39,INR,mock_3e09782a,pidem_e00595f46fa6dc7f,,2026-08-15T18:45:40+05:30,2026-08-15T18:47:00+05:30,2026-08-15T18:45:00+05:30,2026-08-18T10:00:00+05:30
pay_3ecc58a3,bkg_c876cd31,wallet,captured,3005.00,3005.00,0.00,MVR,mock_c876cd31,pidem_7cffc3806ab9de37,,2026-05-29T06:15:40+05:30,2026-05-29T06:17:00+05:30,2026-05-29T06:15:00+05:30,2026-08-18T10:00:00+05:30
pay_2fa29315,bkg_5cf221f4,card,captured,24159.12,24159.12,0.00,INR,mock_5cf221f4,pidem_355d25329fe7daf2,,2026-05-25T00:00:40+05:30,2026-05-25T00:02:00+05:30,2026-05-25T00:00:00+05:30,2026-08-18T10:00:00+05:30
pay_987a3f86,bkg_7e0eeee0,mock,captured,14689.52,14689.52,0.00,INR,mock_7e0eeee0,pidem_da3b7663a15573d5,,2026-04-30T16:30:40+05:30,2026-04-30T16:32:00+05:30,2026-04-30T16:30:00+05:30,2026-08-18T10:00:00+05:30
pay_9c8c9494,bkg_65a1992d,upi,refunded,62472.48,62472.48,62472.48,INR,mock_65a1992d,pidem_66a566f92e871066,,2026-07-26T19:30:40+05:30,2026-07-26T19:32:00+05:30,2026-07-26T19:30:00+05:30,2026-08-18T10:00:00+05:30
pay_dab5dab9,bkg_65161d9b,upi,captured,65988.74,65988.74,0.00,INR,mock_65161d9b,pidem_218febd9a75447fe,,2026-07-26T08:45:40+05:30,2026-07-26T08:47:00+05:30,2026-07-26T08:45:00+05:30,2026-08-18T10:00:00+05:30
pay_86e4f2ac,bkg_e1f63dd6,upi,captured,42373.88,42373.88,0.00,INR,mock_e1f63dd6,pidem_f43d3a135100f985,,2026-06-17T04:30:40+05:30,2026-06-17T04:32:00+05:30,2026-06-17T04:30:00+05:30,2026-08-18T10:00:00+05:30
pay_fe02c933,bkg_c9fc8ed7,mock,refunded,47270.99,47270.99,47270.99,INR,mock_c9fc8ed7,pidem_764f3f47daabb2f2,,2026-05-15T04:15:40+05:30,2026-05-15T04:17:00+05:30,2026-05-15T04:15:00+05:30,2026-08-18T10:00:00+05:30
pay_4e6248bf,bkg_faa05371,upi,captured,39433.97,39433.97,0.00,INR,mock_faa05371,pidem_2a8968617d623b01,,2026-06-15T01:30:40+05:30,2026-06-15T01:32:00+05:30,2026-06-15T01:30:00+05:30,2026-08-18T10:00:00+05:30
pay_2e1fa81a,bkg_fa05a381,mock,refunded,26211.30,26211.30,26211.30,INR,mock_fa05a381,pidem_1d6e2878f90b68c9,,2026-05-08T00:30:40+05:30,2026-05-08T00:32:00+05:30,2026-05-08T00:30:00+05:30,2026-08-18T10:00:00+05:30
pay_7fcdaa53,bkg_95116ad4,card,captured,29161.41,29161.41,0.00,INR,mock_95116ad4,pidem_07c5a6c101eeecff,,2026-05-01T02:15:40+05:30,2026-05-01T02:17:00+05:30,2026-05-01T02:15:00+05:30,2026-08-18T10:00:00+05:30
pay_4216f019,bkg_3a14d414,card,captured,1316.02,1316.02,0.00,AED,mock_3a14d414,pidem_fd8b439ab6305d21,,2026-05-21T22:00:40+05:30,2026-05-21T22:02:00+05:30,2026-05-21T22:00:00+05:30,2026-08-18T10:00:00+05:30
pay_3c2b7871,bkg_1d62dc22,upi,captured,16865.07,16865.07,0.00,THB,mock_1d62dc22,pidem_37b773a4b3868c88,,2026-05-27T03:15:40+05:30,2026-05-27T03:17:00+05:30,2026-05-27T03:15:00+05:30,2026-08-18T10:00:00+05:30
pay_dde9e20b,bkg_b2163ffd,upi,captured,1049.28,1049.28,0.00,AED,mock_b2163ffd,pidem_3b531d3ec713473a,,2026-05-02T07:45:40+05:30,2026-05-02T07:47:00+05:30,2026-05-02T07:45:00+05:30,2026-08-18T10:00:00+05:30
pay_6a4e34dd,bkg_a186ea43,upi,captured,87985.23,87985.23,0.00,INR,mock_a186ea43,pidem_95db8c426abd1c12,,2026-07-29T19:15:40+05:30,2026-07-29T19:17:00+05:30,2026-07-29T19:15:00+05:30,2026-08-18T10:00:00+05:30
pay_b2e95770,bkg_22309e03,netbanking,captured,46459.57,46459.57,0.00,INR,mock_22309e03,pidem_ccd80070147fdc01,,2026-05-04T01:45:40+05:30,2026-05-04T01:47:00+05:30,2026-05-04T01:45:00+05:30,2026-08-18T10:00:00+05:30
pay_34886dfa,bkg_b973665b,card,captured,10453.16,10453.16,0.00,INR,mock_b973665b,pidem_ede9ccadf4500102,,2026-07-15T06:15:40+05:30,2026-07-15T06:17:00+05:30,2026-07-15T06:15:00+05:30,2026-08-18T10:00:00+05:30
pay_7fd82ae9,bkg_2b0d7ed2,upi,captured,8638.84,8638.84,0.00,THB,mock_2b0d7ed2,pidem_26b7c0f84c358409,,2026-07-16T18:30:40+05:30,2026-07-16T18:32:00+05:30,2026-07-16T18:30:00+05:30,2026-08-18T10:00:00+05:30
pay_a7ad6cf4,bkg_a2d2a488,card,refunded,31372.97,31372.97,31372.97,THB,mock_a2d2a488,pidem_6fb5a34e21b9b867,,2026-05-04T10:30:40+05:30,2026-05-04T10:32:00+05:30,2026-05-04T10:30:00+05:30,2026-08-18T10:00:00+05:30
pay_9f353e38,bkg_6b259f88,netbanking,captured,1302.24,1302.24,0.00,SGD,mock_6b259f88,pidem_eac1a4ef760feeeb,,2026-07-21T18:30:40+05:30,2026-07-21T18:32:00+05:30,2026-07-21T18:30:00+05:30,2026-08-18T10:00:00+05:30
pay_32afae90,bkg_0258fdba,upi,authorised,14583.18,0.00,0.00,INR,mock_0258fdba,pidem_8387fb55a26253ff,,2026-05-03T08:30:40+05:30,,2026-05-03T08:30:00+05:30,2026-08-18T10:00:00+05:30
pay_3f3d3ee8,bkg_ce5ed3cf,wallet,refunded,15370.07,15370.07,15370.07,INR,mock_ce5ed3cf,pidem_08ddb8342e0825c8,,2026-06-05T05:15:40+05:30,2026-06-05T05:17:00+05:30,2026-06-05T05:15:00+05:30,2026-08-18T10:00:00+05:30
pay_7b7b9887,bkg_d7ba377d,wallet,captured,206845.34,206845.34,0.00,INR,mock_d7ba377d,pidem_ff644c4fea7c7d0d,,2026-07-08T13:30:40+05:30,2026-07-08T13:32:00+05:30,2026-07-08T13:30:00+05:30,2026-08-18T10:00:00+05:30
pay_6b037db9,bkg_6e378439,wallet,captured,57138.82,57138.82,0.00,INR,mock_6e378439,pidem_a00b8baaded058b9,,2026-08-09T23:15:40+05:30,2026-08-09T23:17:00+05:30,2026-08-09T23:15:00+05:30,2026-08-18T10:00:00+05:30
pay_f9a3dd5e,bkg_25eae46d,upi,refunded,25833.85,25833.85,25833.85,INR,mock_25eae46d,pidem_506f659b0d86c66b,,2026-04-23T04:30:40+05:30,2026-04-23T04:32:00+05:30,2026-04-23T04:30:00+05:30,2026-08-18T10:00:00+05:30
pay_6e06a2d4,bkg_1af11dee,card,captured,6006.76,6006.76,0.00,INR,mock_1af11dee,pidem_700b11efcca9d635,,2026-06-25T05:45:40+05:30,2026-06-25T05:47:00+05:30,2026-06-25T05:45:00+05:30,2026-08-18T10:00:00+05:30
pay_83a624a0,bkg_ed91484c,upi,captured,54386.93,54386.93,0.00,INR,mock_ed91484c,pidem_a8d0848f04777a8b,,2026-07-07T23:00:40+05:30,2026-07-07T23:02:00+05:30,2026-07-07T23:00:00+05:30,2026-08-18T10:00:00+05:30
pay_133b33e0,bkg_0e483223,card,captured,18715.16,18715.16,0.00,INR,mock_0e483223,pidem_21a3b89dc325acf9,,2026-06-21T05:00:40+05:30,2026-06-21T05:02:00+05:30,2026-06-21T05:00:00+05:30,2026-08-18T10:00:00+05:30
pay_d838f9b1,bkg_a9013412,upi,refunded,2520.97,2520.97,2520.97,INR,mock_a9013412,pidem_2fe2486f601701f0,,2026-05-22T22:30:40+05:30,2026-05-22T22:32:00+05:30,2026-05-22T22:30:00+05:30,2026-08-18T10:00:00+05:30
pay_f62bc495,bkg_e28c7608,netbanking,authorised,16131.14,0.00,0.00,INR,mock_e28c7608,pidem_ef6b403e29964fa0,,2026-07-08T06:15:40+05:30,,2026-07-08T06:15:00+05:30,2026-08-18T10:00:00+05:30
pay_cefe1504,bkg_53224d06,card,refunded,5424.03,5424.03,5424.03,INR,mock_53224d06,pidem_7f9b63193d25e564,,2026-05-29T17:15:40+05:30,2026-05-29T17:17:00+05:30,2026-05-29T17:15:00+05:30,2026-08-18T10:00:00+05:30
pay_706006c0,bkg_66f08732,card,captured,11330.95,11330.95,0.00,MYR,mock_66f08732,pidem_18c17337bb67c149,,2026-07-25T01:15:40+05:30,2026-07-25T01:17:00+05:30,2026-07-25T01:15:00+05:30,2026-08-18T10:00:00+05:30
pay_077bd96c,bkg_b66982c8,upi,captured,1600.48,1600.48,0.00,SGD,mock_b66982c8,pidem_932affe8e61f797c,,2026-07-23T17:15:40+05:30,2026-07-23T17:17:00+05:30,2026-07-23T17:15:00+05:30,2026-08-18T10:00:00+05:30
pay_ab8b038d,bkg_41ae2013,upi,captured,1840.56,1840.56,0.00,INR,mock_41ae2013,pidem_2ecff8b59d4a53cd,,2026-07-02T22:15:40+05:30,2026-07-02T22:17:00+05:30,2026-07-02T22:15:00+05:30,2026-08-18T10:00:00+05:30
pay_b7abaedf,bkg_412cdb0a,netbanking,failed,12274.12,0.00,0.00,INR,mock_412cdb0a,pidem_aa6b77f2a9eb0b2c,idempotency_conflict,2026-07-15T03:30:40+05:30,,2026-07-15T03:30:00+05:30,2026-08-18T10:00:00+05:30
pay_25a3165d,bkg_6ff65e1e,card,captured,14387.54,14387.54,0.00,NPR,mock_6ff65e1e,pidem_e6ee35f7adc80ce0,,2026-04-27T17:15:40+05:30,2026-04-27T17:17:00+05:30,2026-04-27T17:15:00+05:30,2026-08-18T10:00:00+05:30
pay_403a56e2,bkg_b5d3c2be,upi,captured,15369.19,15369.19,0.00,INR,mock_b5d3c2be,pidem_1e204ae31d635f28,,2026-07-20T08:30:40+05:30,2026-07-20T08:32:00+05:30,2026-07-20T08:30:00+05:30,2026-08-18T10:00:00+05:30
pay_9ef66921,bkg_2f266670,upi,captured,16482.57,16482.57,0.00,INR,mock_2f266670,pidem_75f72f15314b3a45,,2026-05-21T10:45:40+05:30,2026-05-21T10:47:00+05:30,2026-05-21T10:45:00+05:30,2026-08-18T10:00:00+05:30
pay_5799a1a5,bkg_01858863,upi,captured,120648.47,120648.47,0.00,INR,mock_01858863,pidem_0de4b6e26a012a58,,2026-06-19T05:30:40+05:30,2026-06-19T05:32:00+05:30,2026-06-19T05:30:00+05:30,2026-08-18T10:00:00+05:30
pay_5ad3ffb2,bkg_d4b08cb7,mock,failed,9099.00,0.00,0.00,NPR,mock_d4b08cb7,pidem_18259beed1c17ddb,idempotency_conflict,2026-06-14T11:15:40+05:30,,2026-06-14T11:15:00+05:30,2026-08-18T10:00:00+05:30
pay_6c2f7a36,bkg_85b73b27,card,initiated,5032.36,0.00,0.00,INR,mock_85b73b27,pidem_4287cc35434bc6e7,,,,2026-07-27T13:45:00+05:30,2026-08-18T10:00:00+05:30
pay_2cefcdc0,bkg_ac513716,netbanking,captured,11280.26,11280.26,0.00,INR,mock_ac513716,pidem_3d94c87afc5fa6c7,,2026-05-04T09:30:40+05:30,2026-05-04T09:32:00+05:30,2026-05-04T09:30:00+05:30,2026-08-18T10:00:00+05:30
pay_aa22cda0,bkg_b94623ea,card,captured,24668.65,24668.65,0.00,INR,mock_b94623ea,pidem_38f0f1f605dbd952,,2026-04-21T05:15:40+05:30,2026-04-21T05:17:00+05:30,2026-04-21T05:15:00+05:30,2026-08-18T10:00:00+05:30
pay_8afbee59,bkg_13d6331f,upi,captured,8156.33,8156.33,0.00,INR,mock_13d6331f,pidem_e846bf5303fafca3,,2026-04-24T12:00:40+05:30,2026-04-24T12:02:00+05:30,2026-04-24T12:00:00+05:30,2026-08-18T10:00:00+05:30
pay_6063edc4,bkg_4b102ef6,card,captured,3577.15,3577.15,0.00,INR,mock_4b102ef6,pidem_ac9738a9682a8359,,2026-05-26T04:45:40+05:30,2026-05-26T04:47:00+05:30,2026-05-26T04:45:00+05:30,2026-08-18T10:00:00+05:30
pay_d32bb804,bkg_b315e324,upi,captured,23586.20,23586.20,0.00,INR,mock_b315e324,pidem_27ff72cee096a1f4,,2026-05-28T22:00:40+05:30,2026-05-28T22:02:00+05:30,2026-05-28T22:00:00+05:30,2026-08-18T10:00:00+05:30
pay_4f981aba,bkg_def25afa,netbanking,initiated,3184.19,0.00,0.00,CHF,mock_def25afa,pidem_3d7d2bb5e153d858,,,,2026-05-07T20:30:00+05:30,2026-08-18T10:00:00+05:30
pay_86f3c337,bkg_8dc2e16a,card,captured,348.16,348.16,0.00,SGD,mock_8dc2e16a,pidem_f65fd00aa1d71686,,2026-07-16T23:45:40+05:30,2026-07-16T23:47:00+05:30,2026-07-16T23:45:00+05:30,2026-08-18T10:00:00+05:30
pay_403ee933,bkg_eea1ff34,card,captured,5668.31,5668.31,0.00,INR,mock_eea1ff34,pidem_21542c261b350939,,2026-06-03T16:45:40+05:30,2026-06-03T16:47:00+05:30,2026-06-03T16:45:00+05:30,2026-08-18T10:00:00+05:30
pay_38afbad6,bkg_0463ecea,wallet,refunded,327.66,327.66,327.66,SGD,mock_0463ecea,pidem_8982df69b1f1d898,,2026-06-23T17:45:40+05:30,2026-06-23T17:47:00+05:30,2026-06-23T17:45:00+05:30,2026-08-18T10:00:00+05:30
pay_f8c5eac5,bkg_128fd1c6,card,captured,5702.46,5702.46,0.00,INR,mock_128fd1c6,pidem_78f836f7fd93fc27,,2026-06-20T00:30:40+05:30,2026-06-20T00:32:00+05:30,2026-06-20T00:30:00+05:30,2026-08-18T10:00:00+05:30
pay_66564b25,bkg_cc4b6fbc,netbanking,initiated,1931.99,0.00,0.00,INR,mock_cc4b6fbc,pidem_779869a54c7c5a87,,,,2026-05-30T16:00:00+05:30,2026-08-18T10:00:00+05:30
pay_7a51f311,bkg_5ec04473,wallet,captured,12943.84,12943.84,0.00,JPY,mock_5ec04473,pidem_247b44c5b3b8eb2f,,2026-06-01T03:45:40+05:30,2026-06-01T03:47:00+05:30,2026-06-01T03:45:00+05:30,2026-08-18T10:00:00+05:30
pay_108c79a0,bkg_eae0557c,card,captured,4604.41,4604.41,0.00,INR,mock_eae0557c,pidem_265c09d9c9337b3b,,2026-08-07T11:45:40+05:30,2026-08-07T11:47:00+05:30,2026-08-07T11:45:00+05:30,2026-08-18T10:00:00+05:30
pay_d4b2ff25,bkg_0c3d98ad,card,refunded,1219.71,1219.71,1219.71,AED,mock_0c3d98ad,pidem_19ef2d5efdad0617,,2026-08-08T22:30:40+05:30,2026-08-08T22:32:00+05:30,2026-08-08T22:30:00+05:30,2026-08-18T10:00:00+05:30
pay_734c8227,bkg_a7cb5147,netbanking,captured,68395.60,68395.60,0.00,INR,mock_a7cb5147,pidem_996195b8211b444b,,2026-06-29T08:30:40+05:30,2026-06-29T08:32:00+05:30,2026-06-29T08:30:00+05:30,2026-08-18T10:00:00+05:30
pay_230798b2,bkg_bbb98e7a,upi,captured,4593.68,4593.68,0.00,INR,mock_bbb98e7a,pidem_469cd5d71e13ba73,,2026-07-30T21:30:40+05:30,2026-07-30T21:32:00+05:30,2026-07-30T21:30:00+05:30,2026-08-18T10:00:00+05:30
pay_e3ee1a3e,bkg_8bbfb216,netbanking,failed,5052.50,0.00,0.00,INR,mock_8bbfb216,pidem_4353e525dc090aa7,idempotency_conflict,2026-07-18T21:30:40+05:30,,2026-07-18T21:30:00+05:30,2026-08-18T10:00:00+05:30
pay_f13c44d6,bkg_9e018a7c,upi,refunded,10024.93,10024.93,10024.93,INR,mock_9e018a7c,pidem_de8c0b9bac0feb4b,,2026-07-04T19:15:40+05:30,2026-07-04T19:17:00+05:30,2026-07-04T19:15:00+05:30,2026-08-18T10:00:00+05:30
pay_2264b390,bkg_75d01100,upi,initiated,11700.81,0.00,0.00,INR,mock_75d01100,pidem_ab0f51a6aa72c5d2,,,,2026-06-27T05:00:00+05:30,2026-08-18T10:00:00+05:30
pay_9fdd9680,bkg_0e275cfd,mock,captured,12106.82,12106.82,0.00,INR,mock_0e275cfd,pidem_f7179d4850e07e5b,,2026-07-20T07:30:40+05:30,2026-07-20T07:32:00+05:30,2026-07-20T07:30:00+05:30,2026-08-18T10:00:00+05:30
pay_16be72b0,bkg_dc18ecad,upi,authorised,3710.07,0.00,0.00,AED,mock_dc18ecad,pidem_0dd26124f085aa6c,,2026-06-19T20:15:40+05:30,,2026-06-19T20:15:00+05:30,2026-08-18T10:00:00+05:30
pay_f5689af7,bkg_0d75125a,card,refunded,40142.61,40142.61,40142.61,INR,mock_0d75125a,pidem_59e3ed10147b913b,,2026-07-11T01:30:40+05:30,2026-07-11T01:32:00+05:30,2026-07-11T01:30:00+05:30,2026-08-18T10:00:00+05:30
pay_beab04da,bkg_994caf79,upi,captured,16130.42,16130.42,0.00,INR,mock_994caf79,pidem_6df3e09cfeb51fb3,,2026-05-13T18:15:40+05:30,2026-05-13T18:17:00+05:30,2026-05-13T18:15:00+05:30,2026-08-18T10:00:00+05:30
pay_420b7a3d,bkg_0ca6fb38,upi,captured,7539.36,7539.36,0.00,INR,mock_0ca6fb38,pidem_a93e11e2032a457c,,2026-06-06T14:15:40+05:30,2026-06-06T14:17:00+05:30,2026-06-06T14:15:00+05:30,2026-08-18T10:00:00+05:30
pay_e2490371,bkg_c931cafa,card,refunded,19609.86,19609.86,19609.86,THB,mock_c931cafa,pidem_e708077dcb959b5d,,2026-06-05T22:30:40+05:30,2026-06-05T22:32:00+05:30,2026-06-05T22:30:00+05:30,2026-08-18T10:00:00+05:30
pay_41c97fc9,bkg_8241c90c,upi,captured,30945.56,30945.56,0.00,INR,mock_8241c90c,pidem_32a07d0d8f50845a,,2026-07-28T16:30:40+05:30,2026-07-28T16:32:00+05:30,2026-07-28T16:30:00+05:30,2026-08-18T10:00:00+05:30
pay_01571931,bkg_737a7abf,card,captured,9828.07,9828.07,0.00,INR,mock_737a7abf,pidem_30110a9154e8f221,,2026-08-12T06:15:40+05:30,2026-08-12T06:17:00+05:30,2026-08-12T06:15:00+05:30,2026-08-18T10:00:00+05:30
pay_21a38aa2,bkg_f3383dfc,card,captured,33994.00,33994.00,0.00,INR,mock_f3383dfc,pidem_465bec0503cbfc25,,2026-07-05T17:45:40+05:30,2026-07-05T17:47:00+05:30,2026-07-05T17:45:00+05:30,2026-08-18T10:00:00+05:30
pay_5665e929,bkg_1514d781,upi,captured,25235.67,25235.67,0.00,INR,mock_1514d781,pidem_b1fe4f94f4b478a1,,2026-04-24T04:15:40+05:30,2026-04-24T04:17:00+05:30,2026-04-24T04:15:00+05:30,2026-08-18T10:00:00+05:30
pay_e6ca3e85,bkg_c0110f03,card,captured,21081282.98,21081282.98,0.00,IDR,mock_c0110f03,pidem_65c51a37f6e54363,,2026-07-15T20:15:40+05:30,2026-07-15T20:17:00+05:30,2026-07-15T20:15:00+05:30,2026-08-18T10:00:00+05:30
pay_ced4da1d,bkg_cac3d2e3,card,captured,4348.33,4348.33,0.00,INR,mock_cac3d2e3,pidem_3206a7869c72dcc4,,2026-05-23T15:00:40+05:30,2026-05-23T15:02:00+05:30,2026-05-23T15:00:00+05:30,2026-08-18T10:00:00+05:30
pay_5f48ff21,bkg_0429c62b,mock,captured,12799.67,12799.67,0.00,AED,mock_0429c62b,pidem_450842850ac1048f,,2026-05-21T14:00:40+05:30,2026-05-21T14:02:00+05:30,2026-05-21T14:00:00+05:30,2026-08-18T10:00:00+05:30
pay_e5850c9f,bkg_c9919770,netbanking,captured,83878.91,83878.91,0.00,INR,mock_c9919770,pidem_62426b19b1e0c583,,2026-06-29T05:15:40+05:30,2026-06-29T05:17:00+05:30,2026-06-29T05:15:00+05:30,2026-08-18T10:00:00+05:30
pay_b8d84e54,bkg_94541502,mock,captured,22120.28,22120.28,0.00,INR,mock_94541502,pidem_79ce7774c32c38ab,,2026-07-06T14:15:40+05:30,2026-07-06T14:17:00+05:30,2026-07-06T14:15:00+05:30,2026-08-18T10:00:00+05:30
pay_f24ba2c2,bkg_98da4e90,upi,captured,26187.44,26187.44,0.00,INR,mock_98da4e90,pidem_52c5aad0b7a3862a,,2026-06-29T15:00:40+05:30,2026-06-29T15:02:00+05:30,2026-06-29T15:00:00+05:30,2026-08-18T10:00:00+05:30
pay_d6144260,bkg_8d6d6f82,card,captured,31862.70,31862.70,0.00,INR,mock_8d6d6f82,pidem_6d73bcc37a074780,,2026-07-28T00:15:40+05:30,2026-07-28T00:17:00+05:30,2026-07-28T00:15:00+05:30,2026-08-18T10:00:00+05:30
pay_a45fa2fd,bkg_a15a6a18,upi,captured,84486.51,84486.51,0.00,INR,mock_a15a6a18,pidem_df37e6a625622841,,2026-06-17T11:45:40+05:30,2026-06-17T11:47:00+05:30,2026-06-17T11:45:00+05:30,2026-08-18T10:00:00+05:30
pay_b92d9284,bkg_bd9dbb5d,upi,captured,4250.40,4250.40,0.00,INR,mock_bd9dbb5d,pidem_590cc83d1e2d1a47,,2026-08-03T04:00:40+05:30,2026-08-03T04:02:00+05:30,2026-08-03T04:00:00+05:30,2026-08-18T10:00:00+05:30
pay_6b02fda7,bkg_6698f84d,wallet,captured,43207.52,43207.52,0.00,INR,mock_6698f84d,pidem_164df89dfc773539,,2026-08-15T18:30:40+05:30,2026-08-15T18:32:00+05:30,2026-08-15T18:30:00+05:30,2026-08-18T10:00:00+05:30
pay_e636a48b,bkg_06c1276e,upi,captured,12388.54,12388.54,0.00,INR,mock_06c1276e,pidem_b23b52889a34e4d5,,2026-05-14T20:45:40+05:30,2026-05-14T20:47:00+05:30,2026-05-14T20:45:00+05:30,2026-08-18T10:00:00+05:30
pay_8e61f049,bkg_af0bdcd3,card,refunded,28340.36,28340.36,28340.36,INR,mock_af0bdcd3,pidem_3373660fa17cbd3c,,2026-06-09T13:15:40+05:30,2026-06-09T13:17:00+05:30,2026-06-09T13:15:00+05:30,2026-08-18T10:00:00+05:30
pay_18818515,bkg_a2f65719,upi,refunded,9732.35,9732.35,9732.35,INR,mock_a2f65719,pidem_3d617c7ee572a2b5,,2026-08-09T13:00:40+05:30,2026-08-09T13:02:00+05:30,2026-08-09T13:00:00+05:30,2026-08-18T10:00:00+05:30
pay_233fd309,bkg_88d80415,card,captured,4093.26,4093.26,0.00,INR,mock_88d80415,pidem_df9aaa53886a2869,,2026-05-17T19:00:40+05:30,2026-05-17T19:02:00+05:30,2026-05-17T19:00:00+05:30,2026-08-18T10:00:00+05:30
pay_08da9c46,bkg_48e060d9,card,authorised,2132.12,0.00,0.00,SGD,mock_48e060d9,pidem_ad3b5611e49d704e,,2026-06-26T00:30:40+05:30,,2026-06-26T00:30:00+05:30,2026-08-18T10:00:00+05:30
pay_db6e5af5,bkg_2b3d9e5b,card,captured,7314.29,7314.29,0.00,INR,mock_2b3d9e5b,pidem_e06316d9562e3b97,,2026-05-16T19:30:40+05:30,2026-05-16T19:32:00+05:30,2026-05-16T19:30:00+05:30,2026-08-18T10:00:00+05:30
pay_4e493175,bkg_552e336e,upi,captured,363.78,363.78,0.00,MYR,mock_552e336e,pidem_8818bb9739c019cb,,2026-06-18T02:30:40+05:30,2026-06-18T02:32:00+05:30,2026-06-18T02:30:00+05:30,2026-08-18T10:00:00+05:30
pay_76efc6bb,bkg_991c6030,card,refunded,13768.27,13768.27,13768.27,INR,mock_991c6030,pidem_b5b3940f796f2b09,,2026-07-05T19:45:40+05:30,2026-07-05T19:47:00+05:30,2026-07-05T19:45:00+05:30,2026-08-18T10:00:00+05:30
pay_da332c4e,bkg_db5135e5,upi,captured,57772.56,57772.56,0.00,INR,mock_db5135e5,pidem_1b215907410e7f35,,2026-06-04T12:00:40+05:30,2026-06-04T12:02:00+05:30,2026-06-04T12:00:00+05:30,2026-08-18T10:00:00+05:30
pay_3041f893,bkg_c581f114,upi,initiated,773.90,0.00,0.00,AED,mock_c581f114,pidem_fe44337e56421e99,,,,2026-05-14T07:00:00+05:30,2026-08-18T10:00:00+05:30
pay_5fa69b92,bkg_b9a4c5ea,upi,captured,10236.39,10236.39,0.00,INR,mock_b9a4c5ea,pidem_20bbd780073e622d,,2026-04-30T05:30:40+05:30,2026-04-30T05:32:00+05:30,2026-04-30T05:30:00+05:30,2026-08-18T10:00:00+05:30
pay_039d335e,bkg_f3ad560e,card,initiated,22594.72,0.00,0.00,INR,mock_f3ad560e,pidem_f185f8185f73d03b,,,,2026-06-09T15:45:00+05:30,2026-08-18T10:00:00+05:30
pay_e0ca37cd,bkg_0e1f3097,card,captured,3015.06,3015.06,0.00,AED,mock_0e1f3097,pidem_077a4b8c8ac196be,,2026-06-19T11:15:40+05:30,2026-06-19T11:17:00+05:30,2026-06-19T11:15:00+05:30,2026-08-18T10:00:00+05:30
pay_339af7d8,bkg_bdf780d6,upi,captured,34154.72,34154.72,0.00,INR,mock_bdf780d6,pidem_7a7b6d63b2079990,,2026-06-10T22:00:40+05:30,2026-06-10T22:02:00+05:30,2026-06-10T22:00:00+05:30,2026-08-18T10:00:00+05:30
pay_286657cf,bkg_e7f6c3e0,mock,refunded,33471.94,33471.94,33471.94,INR,mock_e7f6c3e0,pidem_2fc15ead13a95aea,,2026-07-11T15:00:40+05:30,2026-07-11T15:02:00+05:30,2026-07-11T15:00:00+05:30,2026-08-18T10:00:00+05:30
pay_2e17ae22,bkg_cfd8c958,card,captured,43438.24,43438.24,0.00,CHF,mock_cfd8c958,pidem_f17422a55b073cba,,2026-07-29T12:30:40+05:30,2026-07-29T12:32:00+05:30,2026-07-29T12:30:00+05:30,2026-08-18T10:00:00+05:30
pay_c55c4088,bkg_36abf540,upi,captured,3522318.81,3522318.81,0.00,IDR,mock_36abf540,pidem_f74ddc6fd48490ed,,2026-05-06T10:00:40+05:30,2026-05-06T10:02:00+05:30,2026-05-06T10:00:00+05:30,2026-08-18T10:00:00+05:30
pay_ea303f94,bkg_0c539381,upi,failed,106244.53,0.00,0.00,INR,mock_0c539381,pidem_2d8fbecc43ead1e2,idempotency_conflict,2026-05-19T21:15:40+05:30,,2026-05-19T21:15:00+05:30,2026-08-18T10:00:00+05:30
pay_e3b2eb1e,bkg_93e1eecb,upi,initiated,31926.59,0.00,0.00,INR,mock_93e1eecb,pidem_66bc880b9ab44ff4,,,,2026-06-13T13:00:00+05:30,2026-08-18T10:00:00+05:30
pay_3f749f05,bkg_d16ecd0e,netbanking,captured,7974.48,7974.48,0.00,INR,mock_d16ecd0e,pidem_b79ef7b23629df34,,2026-06-17T05:00:40+05:30,2026-06-17T05:02:00+05:30,2026-06-17T05:00:00+05:30,2026-08-18T10:00:00+05:30
pay_e01dc44c,bkg_6598d4a9,upi,captured,4804.41,4804.41,0.00,JPY,mock_6598d4a9,pidem_d00c92c11d9e16bd,,2026-07-24T23:15:40+05:30,2026-07-24T23:17:00+05:30,2026-07-24T23:15:00+05:30,2026-08-18T10:00:00+05:30
pay_4d3659b6,bkg_17398b7c,wallet,refunded,17470.59,17470.59,17470.59,INR,mock_17398b7c,pidem_7423ff718a727079,,2026-08-08T09:00:40+05:30,2026-08-08T09:02:00+05:30,2026-08-08T09:00:00+05:30,2026-08-18T10:00:00+05:30
pay_54805234,bkg_2c4bc021,card,captured,35694.15,35694.15,0.00,INR,mock_2c4bc021,pidem_d11e9eb71e604d47,,2026-05-05T05:15:40+05:30,2026-05-05T05:17:00+05:30,2026-05-05T05:15:00+05:30,2026-08-18T10:00:00+05:30
pay_572d4e7b,bkg_a6732c7b,card,captured,9581.77,9581.77,0.00,INR,mock_a6732c7b,pidem_ad08835c44afd3ff,,2026-04-24T08:45:40+05:30,2026-04-24T08:47:00+05:30,2026-04-24T08:45:00+05:30,2026-08-18T10:00:00+05:30
pay_f2937407,bkg_472a3299,mock,captured,18993.28,18993.28,0.00,INR,mock_472a3299,pidem_04e8ac960c2bd3f7,,2026-06-23T21:45:40+05:30,2026-06-23T21:47:00+05:30,2026-06-23T21:45:00+05:30,2026-08-18T10:00:00+05:30
pay_8f54a5c8,bkg_ed881995,netbanking,authorised,65068.06,0.00,0.00,INR,mock_ed881995,pidem_4aedfd0130b79aeb,,2026-05-28T03:15:40+05:30,,2026-05-28T03:15:00+05:30,2026-08-18T10:00:00+05:30
pay_ce621497,bkg_a36c7dda,upi,captured,16988.68,16988.68,0.00,THB,mock_a36c7dda,pidem_e6b6608f35d1a42b,,2026-05-29T22:30:40+05:30,2026-05-29T22:32:00+05:30,2026-05-29T22:30:00+05:30,2026-08-18T10:00:00+05:30
pay_1589be8b,bkg_c07065e6,card,initiated,51304.33,0.00,0.00,INR,mock_c07065e6,pidem_7ce848c6f57da7a9,,,,2026-06-14T14:15:00+05:30,2026-08-18T10:00:00+05:30
pay_31e20dcb,bkg_31218e32,upi,refunded,17412.06,17412.06,17412.06,INR,mock_31218e32,pidem_20cb0341e033ad7b,,2026-08-09T19:15:40+05:30,2026-08-09T19:17:00+05:30,2026-08-09T19:15:00+05:30,2026-08-18T10:00:00+05:30
pay_68651d40,bkg_84fbe685,card,captured,10066.85,10066.85,0.00,INR,mock_84fbe685,pidem_6e8f5dac3a26e593,,2026-06-13T05:30:40+05:30,2026-06-13T05:32:00+05:30,2026-06-13T05:30:00+05:30,2026-08-18T10:00:00+05:30
pay_4f5bd406,bkg_1985a989,card,captured,46699.41,46699.41,0.00,AED,mock_1985a989,pidem_7c55106e79c277f5,,2026-05-06T01:45:40+05:30,2026-05-06T01:47:00+05:30,2026-05-06T01:45:00+05:30,2026-08-18T10:00:00+05:30
pay_ddd44596,bkg_d20353cf,upi,captured,27952.10,27952.10,0.00,INR,mock_d20353cf,pidem_7e769a8eb473edb3,,2026-04-23T21:00:40+05:30,2026-04-23T21:02:00+05:30,2026-04-23T21:00:00+05:30,2026-08-18T10:00:00+05:30
pay_ac588908,bkg_f3994423,upi,captured,4731.61,4731.61,0.00,INR,mock_f3994423,pidem_7ecc5a9e85ee150e,,2026-07-30T11:00:40+05:30,2026-07-30T11:02:00+05:30,2026-07-30T11:00:00+05:30,2026-08-18T10:00:00+05:30
pay_9c5012de,bkg_0d42277e,upi,failed,13127.86,0.00,0.00,INR,mock_0d42277e,pidem_726abb068dd92989,idempotency_conflict,2026-06-30T22:00:40+05:30,,2026-06-30T22:00:00+05:30,2026-08-18T10:00:00+05:30
pay_3e049b0e,bkg_508e0ba8,card,refunded,6580.36,6580.36,6580.36,AED,mock_508e0ba8,pidem_dc13d70358b65f6a,,2026-07-16T13:30:40+05:30,2026-07-16T13:32:00+05:30,2026-07-16T13:30:00+05:30,2026-08-18T10:00:00+05:30
pay_bfbba23c,bkg_cfbf1f0f,mock,captured,3833.94,3833.94,0.00,INR,mock_cfbf1f0f,pidem_18176420cef866a1,,2026-08-07T20:00:40+05:30,2026-08-07T20:02:00+05:30,2026-08-07T20:00:00+05:30,2026-08-18T10:00:00+05:30
pay_744a4fb4,bkg_02ea7b7b,card,captured,7573.90,7573.90,0.00,INR,mock_02ea7b7b,pidem_4627cd3a71992b15,,2026-06-08T18:30:40+05:30,2026-06-08T18:32:00+05:30,2026-06-08T18:30:00+05:30,2026-08-18T10:00:00+05:30
pay_1237ab78,bkg_101b516c,card,captured,63714.18,63714.18,0.00,INR,mock_101b516c,pidem_536471795c9daacf,,2026-07-28T05:45:40+05:30,2026-07-28T05:47:00+05:30,2026-07-28T05:45:00+05:30,2026-08-18T10:00:00+05:30
pay_f19a8aaf,bkg_39d5f6c2,upi,refunded,20355.16,20355.16,20355.16,INR,mock_39d5f6c2,pidem_cf9485c81654d005,,2026-07-06T03:00:40+05:30,2026-07-06T03:02:00+05:30,2026-07-06T03:00:00+05:30,2026-08-18T10:00:00+05:30
pay_f59c7671,bkg_7a8e61cc,upi,captured,14477.01,14477.01,0.00,INR,mock_7a8e61cc,pidem_696fa21a4f29ca13,,2026-06-16T08:45:40+05:30,2026-06-16T08:47:00+05:30,2026-06-16T08:45:00+05:30,2026-08-18T10:00:00+05:30
pay_6a82e35d,bkg_23510a3f,card,captured,35237.82,35237.82,0.00,INR,mock_23510a3f,pidem_917bdac34c0f82b1,,2026-08-10T04:00:40+05:30,2026-08-10T04:02:00+05:30,2026-08-10T04:00:00+05:30,2026-08-18T10:00:00+05:30
pay_7600c068,bkg_e6f3f2d9,mock,captured,37920579.47,37920579.47,0.00,IDR,mock_e6f3f2d9,pidem_9ce6db3712777129,,2026-04-20T06:30:40+05:30,2026-04-20T06:32:00+05:30,2026-04-20T06:30:00+05:30,2026-08-18T10:00:00+05:30
pay_afe5c000,bkg_7b69da7e,upi,failed,5258.44,0.00,0.00,INR,mock_7b69da7e,pidem_a94d443f19f1a2ef,idempotency_conflict,2026-05-30T02:30:40+05:30,,2026-05-30T02:30:00+05:30,2026-08-18T10:00:00+05:30
pay_26bb12cb,bkg_0ea77cbd,netbanking,captured,64179.68,64179.68,0.00,INR,mock_0ea77cbd,pidem_d66480a827934ff2,,2026-08-16T16:30:40+05:30,2026-08-16T16:32:00+05:30,2026-08-16T16:30:00+05:30,2026-08-18T10:00:00+05:30
pay_7a4c2d1f,bkg_d1a1cc62,upi,initiated,33509.43,0.00,0.00,INR,mock_d1a1cc62,pidem_ef3d2e72b21568dc,,,,2026-07-11T09:15:00+05:30,2026-08-18T10:00:00+05:30
pay_c939e3f8,bkg_8cd21666,upi,captured,7723.80,7723.80,0.00,INR,mock_8cd21666,pidem_433408a76cb07ced,,2026-06-01T03:15:40+05:30,2026-06-01T03:17:00+05:30,2026-06-01T03:15:00+05:30,2026-08-18T10:00:00+05:30
pay_a99a1ac8,bkg_0dcac013,mock,captured,24728.37,24728.37,0.00,AED,mock_0dcac013,pidem_ce8c80f323bbbc20,,2026-07-25T01:45:40+05:30,2026-07-25T01:47:00+05:30,2026-07-25T01:45:00+05:30,2026-08-18T10:00:00+05:30
pay_87150e92,bkg_018c97c4,netbanking,captured,42629.00,42629.00,0.00,INR,mock_018c97c4,pidem_38231d9262aa49ba,,2026-06-16T16:45:40+05:30,2026-06-16T16:47:00+05:30,2026-06-16T16:45:00+05:30,2026-08-18T10:00:00+05:30
pay_0c63702b,bkg_3a2c1c5c,card,captured,8599.74,8599.74,0.00,INR,mock_3a2c1c5c,pidem_2ae8c1cfaa67498c,,2026-05-31T20:15:40+05:30,2026-05-31T20:17:00+05:30,2026-05-31T20:15:00+05:30,2026-08-18T10:00:00+05:30
pay_5ee4e89c,bkg_8732f57e,upi,captured,12769.88,12769.88,0.00,INR,mock_8732f57e,pidem_344fee22c26c73e1,,2026-08-06T02:15:40+05:30,2026-08-06T02:17:00+05:30,2026-08-06T02:15:00+05:30,2026-08-18T10:00:00+05:30
pay_38eaa9c0,bkg_5259c28a,card,authorised,8802.66,0.00,0.00,INR,mock_5259c28a,pidem_d5624c97ff9e5241,,2026-07-23T18:15:40+05:30,,2026-07-23T18:15:00+05:30,2026-08-18T10:00:00+05:30
pay_3d811c24,bkg_9956bf7a,netbanking,captured,18481.97,18481.97,0.00,INR,mock_9956bf7a,pidem_c404a742b3294ff7,,2026-07-05T04:45:40+05:30,2026-07-05T04:47:00+05:30,2026-07-05T04:45:00+05:30,2026-08-18T10:00:00+05:30
pay_bdfe14de,bkg_d1f02916,mock,refunded,19663.43,19663.43,19663.43,INR,mock_d1f02916,pidem_9824540d081a0eb3,,2026-07-16T04:30:40+05:30,2026-07-16T04:32:00+05:30,2026-07-16T04:30:00+05:30,2026-08-18T10:00:00+05:30
pay_a73f7207,bkg_584e788f,card,captured,3518.64,3518.64,0.00,THB,mock_584e788f,pidem_175ca67417a92ca2,,2026-08-04T11:30:40+05:30,2026-08-04T11:32:00+05:30,2026-08-04T11:30:00+05:30,2026-08-18T10:00:00+05:30
pay_ad085dff,bkg_16662645,card,captured,3562.53,3562.53,0.00,INR,mock_16662645,pidem_11ddbbd6d83c98ff,,2026-06-22T05:15:40+05:30,2026-06-22T05:17:00+05:30,2026-06-22T05:15:00+05:30,2026-08-18T10:00:00+05:30
pay_05c15794,bkg_2dda2c7d,mock,captured,3906.72,3906.72,0.00,INR,mock_2dda2c7d,pidem_810e348385b95e19,,2026-06-07T01:30:40+05:30,2026-06-07T01:32:00+05:30,2026-06-07T01:30:00+05:30,2026-08-18T10:00:00+05:30
pay_0927166a,bkg_8634d050,upi,captured,8237.52,8237.52,0.00,INR,mock_8634d050,pidem_57898889d6f8cec4,,2026-08-08T02:45:40+05:30,2026-08-08T02:47:00+05:30,2026-08-08T02:45:00+05:30,2026-08-18T10:00:00+05:30
pay_cb63685b,bkg_fa278005,upi,captured,68428.57,68428.57,0.00,INR,mock_fa278005,pidem_16b6c5d89e6599b4,,2026-05-30T04:15:40+05:30,2026-05-30T04:17:00+05:30,2026-05-30T04:15:00+05:30,2026-08-18T10:00:00+05:30
pay_5cc2d6f8,bkg_5beb7bf0,upi,captured,29995.75,29995.75,0.00,INR,mock_5beb7bf0,pidem_92b071c1630a2f01,,2026-05-02T04:30:40+05:30,2026-05-02T04:32:00+05:30,2026-05-02T04:30:00+05:30,2026-08-18T10:00:00+05:30
pay_62adf936,bkg_48093fdf,netbanking,refunded,15488.59,15488.59,15488.59,INR,mock_48093fdf,pidem_5fbac4419901828b,,2026-08-05T01:15:40+05:30,2026-08-05T01:17:00+05:30,2026-08-05T01:15:00+05:30,2026-08-18T10:00:00+05:30
pay_99615638,bkg_00a39338,wallet,captured,19751.33,19751.33,0.00,INR,mock_00a39338,pidem_10957df89eda6549,,2026-08-02T21:15:40+05:30,2026-08-02T21:17:00+05:30,2026-08-02T21:15:00+05:30,2026-08-18T10:00:00+05:30
pay_b13c97f7,bkg_e82bbf71,upi,captured,34493.94,34493.94,0.00,MVR,mock_e82bbf71,pidem_66bd365e4ecd0c4a,,2026-06-06T21:45:40+05:30,2026-06-06T21:47:00+05:30,2026-06-06T21:45:00+05:30,2026-08-18T10:00:00+05:30
pay_722e9230,bkg_b7fdbea0,upi,initiated,13525.40,0.00,0.00,INR,mock_b7fdbea0,pidem_c455501036d4c474,,,,2026-08-07T13:00:00+05:30,2026-08-18T10:00:00+05:30
pay_e81e0f29,bkg_16614a05,upi,authorised,110508.12,0.00,0.00,INR,mock_16614a05,pidem_b372cdc01c2ff614,,2026-07-16T03:45:40+05:30,,2026-07-16T03:45:00+05:30,2026-08-18T10:00:00+05:30
pay_973d05b9,bkg_1d17fe8c,card,captured,3927177.83,3927177.83,0.00,IDR,mock_1d17fe8c,pidem_afb93c91344f7c64,,2026-06-10T07:30:40+05:30,2026-06-10T07:32:00+05:30,2026-06-10T07:30:00+05:30,2026-08-18T10:00:00+05:30
pay_d7b3df7c,bkg_a784f66b,card,captured,53725.96,53725.96,0.00,INR,mock_a784f66b,pidem_d783306916738863,,2026-07-23T01:30:40+05:30,2026-07-23T01:32:00+05:30,2026-07-23T01:30:00+05:30,2026-08-18T10:00:00+05:30
pay_8a412a5c,bkg_cbb2cd7c,upi,captured,22153.84,22153.84,0.00,INR,mock_cbb2cd7c,pidem_39e0383c81eae38a,,2026-07-28T16:30:40+05:30,2026-07-28T16:32:00+05:30,2026-07-28T16:30:00+05:30,2026-08-18T10:00:00+05:30
pay_5d45cea5,bkg_1260907d,mock,captured,14326.66,14326.66,0.00,INR,mock_1260907d,pidem_9373d7b117ac1122,,2026-06-03T07:00:40+05:30,2026-06-03T07:02:00+05:30,2026-06-03T07:00:00+05:30,2026-08-18T10:00:00+05:30
pay_75a38792,bkg_f829a18f,mock,refunded,27821.24,27821.24,27821.24,INR,mock_f829a18f,pidem_fc950ef56f47dc8b,,2026-05-24T17:45:40+05:30,2026-05-24T17:47:00+05:30,2026-05-24T17:45:00+05:30,2026-08-18T10:00:00+05:30
pay_71c7c1b9,bkg_f58d8257,mock,refunded,9662.55,9662.55,9662.55,INR,mock_f58d8257,pidem_c1cd705a2fd5660e,,2026-05-22T15:00:40+05:30,2026-05-22T15:02:00+05:30,2026-05-22T15:00:00+05:30,2026-08-18T10:00:00+05:30
pay_a5edcec5,bkg_f2eb128e,upi,captured,25346.56,25346.56,0.00,CHF,mock_f2eb128e,pidem_606568a13929b1db,,2026-05-12T23:30:40+05:30,2026-05-12T23:32:00+05:30,2026-05-12T23:30:00+05:30,2026-08-18T10:00:00+05:30
pay_271487dc,bkg_2aac6319,card,captured,47375.19,47375.19,0.00,INR,mock_2aac6319,pidem_8e1bab38a94ad436,,2026-07-08T23:30:40+05:30,2026-07-08T23:32:00+05:30,2026-07-08T23:30:00+05:30,2026-08-18T10:00:00+05:30
pay_3aa6057d,bkg_6acf5a2b,upi,refunded,4904.05,4904.05,4904.05,MVR,mock_6acf5a2b,pidem_01367ddbe4749a9b,,2026-07-22T04:30:40+05:30,2026-07-22T04:32:00+05:30,2026-07-22T04:30:00+05:30,2026-08-18T10:00:00+05:30
pay_05d62252,bkg_b693890f,upi,captured,10115.91,10115.91,0.00,INR,mock_b693890f,pidem_f365dc14258d7702,,2026-06-08T01:30:40+05:30,2026-06-08T01:32:00+05:30,2026-06-08T01:30:00+05:30,2026-08-18T10:00:00+05:30
pay_5afe8e24,bkg_88dca8e2,upi,refunded,10902.12,10902.12,10902.12,INR,mock_88dca8e2,pidem_e021600dc1e3c618,,2026-06-07T18:45:40+05:30,2026-06-07T18:47:00+05:30,2026-06-07T18:45:00+05:30,2026-08-18T10:00:00+05:30
pay_1510acac,bkg_09784426,netbanking,captured,7789.15,7789.15,0.00,INR,mock_09784426,pidem_f7a34441259a3298,,2026-06-04T09:00:40+05:30,2026-06-04T09:02:00+05:30,2026-06-04T09:00:00+05:30,2026-08-18T10:00:00+05:30
pay_91715b0a,bkg_7bb1e985,wallet,captured,8075.69,8075.69,0.00,INR,mock_7bb1e985,pidem_a162af27ffbb9b28,,2026-07-14T07:45:40+05:30,2026-07-14T07:47:00+05:30,2026-07-14T07:45:00+05:30,2026-08-18T10:00:00+05:30
pay_11a3b20c,bkg_cee0cdde,upi,refunded,124514.95,124514.95,124514.95,INR,mock_cee0cdde,pidem_0742fdca2e9cc18e,,2026-04-24T17:15:40+05:30,2026-04-24T17:17:00+05:30,2026-04-24T17:15:00+05:30,2026-08-18T10:00:00+05:30
pay_1b65bb20,bkg_35f45131,upi,captured,4777.74,4777.74,0.00,JPY,mock_35f45131,pidem_f21cf3133b474ae7,,2026-05-06T22:30:40+05:30,2026-05-06T22:32:00+05:30,2026-05-06T22:30:00+05:30,2026-08-18T10:00:00+05:30
pay_9c8f7542,bkg_071f2ebc,card,captured,30609.45,30609.45,0.00,INR,mock_071f2ebc,pidem_be4b8d29097dc930,,2026-06-27T16:15:40+05:30,2026-06-27T16:17:00+05:30,2026-06-27T16:15:00+05:30,2026-08-18T10:00:00+05:30
pay_b506a122,bkg_908c860b,mock,refunded,13074.47,13074.47,13074.47,SGD,mock_908c860b,pidem_a8f5abff75091f04,,2026-07-07T01:00:40+05:30,2026-07-07T01:02:00+05:30,2026-07-07T01:00:00+05:30,2026-08-18T10:00:00+05:30
pay_a11d19f8,bkg_06e53ebf,card,authorised,20445.35,0.00,0.00,INR,mock_06e53ebf,pidem_cabfbe3bd79ec75c,,2026-05-10T17:15:40+05:30,,2026-05-10T17:15:00+05:30,2026-08-18T10:00:00+05:30
pay_a67525e8,bkg_e7c4c537,netbanking,captured,4866.18,4866.18,0.00,INR,mock_e7c4c537,pidem_6cb88ac1f2a22b2b,,2026-05-27T21:30:40+05:30,2026-05-27T21:32:00+05:30,2026-05-27T21:30:00+05:30,2026-08-18T10:00:00+05:30
pay_b5abc808,bkg_415334f9,netbanking,refunded,72021.06,72021.06,72021.06,INR,mock_415334f9,pidem_573da3c29de86f27,,2026-06-23T09:00:40+05:30,2026-06-23T09:02:00+05:30,2026-06-23T09:00:00+05:30,2026-08-18T10:00:00+05:30
pay_c282935b,bkg_69eee489,card,captured,1942.51,1942.51,0.00,SGD,mock_69eee489,pidem_91a40c97560ff3db,,2026-06-19T04:00:40+05:30,2026-06-19T04:02:00+05:30,2026-06-19T04:00:00+05:30,2026-08-18T10:00:00+05:30
pay_905f9f2f,bkg_620f7f1b,upi,captured,5723.16,5723.16,0.00,LKR,mock_620f7f1b,pidem_0a57e1f2f46f3387,,2026-04-29T07:15:40+05:30,2026-04-29T07:17:00+05:30,2026-04-29T07:15:00+05:30,2026-08-18T10:00:00+05:30
pay_75ef6366,bkg_b64ef7bc,mock,captured,22357.04,22357.04,0.00,INR,mock_b64ef7bc,pidem_be7980efeeabc609,,2026-06-18T14:45:40+05:30,2026-06-18T14:47:00+05:30,2026-06-18T14:45:00+05:30,2026-08-18T10:00:00+05:30
pay_f95e7afb,bkg_3968adbc,netbanking,captured,3292.26,3292.26,0.00,THB,mock_3968adbc,pidem_fee2d01de0ef509d,,2026-06-05T05:00:40+05:30,2026-06-05T05:02:00+05:30,2026-06-05T05:00:00+05:30,2026-08-18T10:00:00+05:30
pay_fd8b134d,bkg_83dce3d4,upi,failed,13946.73,0.00,0.00,LKR,mock_83dce3d4,pidem_caf48e88c62bd435,idempotency_conflict,2026-08-07T17:00:40+05:30,,2026-08-07T17:00:00+05:30,2026-08-18T10:00:00+05:30
pay_8970e4c5,bkg_df1fb8c0,netbanking,captured,9741.49,9741.49,0.00,INR,mock_df1fb8c0,pidem_c6382e1a8beb349e,,2026-08-16T04:30:40+05:30,2026-08-16T04:32:00+05:30,2026-08-16T04:30:00+05:30,2026-08-18T10:00:00+05:30
pay_b01bedc4,bkg_a8ddf135,upi,captured,32014.88,32014.88,0.00,INR,mock_a8ddf135,pidem_613f8aafd8f3314a,,2026-07-03T04:00:40+05:30,2026-07-03T04:02:00+05:30,2026-07-03T04:00:00+05:30,2026-08-18T10:00:00+05:30
pay_285fc6d4,bkg_e2f8df81,card,captured,65870.25,65870.25,0.00,INR,mock_e2f8df81,pidem_ab9b87e7e2f18da0,,2026-05-08T13:45:40+05:30,2026-05-08T13:47:00+05:30,2026-05-08T13:45:00+05:30,2026-08-18T10:00:00+05:30
pay_5bed9e2f,bkg_6bb5eab1,netbanking,captured,7732.07,7732.07,0.00,NPR,mock_6bb5eab1,pidem_0aa55ec0baf29d91,,2026-05-17T15:45:40+05:30,2026-05-17T15:47:00+05:30,2026-05-17T15:45:00+05:30,2026-08-18T10:00:00+05:30
pay_f0e87043,bkg_6b2aebc1,upi,refunded,21140.38,21140.38,21140.38,INR,mock_6b2aebc1,pidem_afb1b41e58fc1a4c,,2026-05-29T17:00:40+05:30,2026-05-29T17:02:00+05:30,2026-05-29T17:00:00+05:30,2026-08-18T10:00:00+05:30
pay_17736112,bkg_081a726e,upi,captured,27844.44,27844.44,0.00,INR,mock_081a726e,pidem_5d66482f819859b6,,2026-08-07T22:00:40+05:30,2026-08-07T22:02:00+05:30,2026-08-07T22:00:00+05:30,2026-08-18T10:00:00+05:30
pay_f9637394,bkg_9e714d53,netbanking,captured,19644.40,19644.40,0.00,INR,mock_9e714d53,pidem_813b25c5e7f6e2fc,,2026-07-24T14:00:40+05:30,2026-07-24T14:02:00+05:30,2026-07-24T14:00:00+05:30,2026-08-18T10:00:00+05:30
pay_7da1c7d1,bkg_27ff905c,mock,captured,7993.88,7993.88,0.00,INR,mock_27ff905c,pidem_efe495b0d9392db4,,2026-06-13T07:00:40+05:30,2026-06-13T07:02:00+05:30,2026-06-13T07:00:00+05:30,2026-08-18T10:00:00+05:30
pay_c6a98966,bkg_06c8948d,upi,captured,16517.40,16517.40,0.00,INR,mock_06c8948d,pidem_ca99e60e44c21e05,,2026-06-26T20:15:40+05:30,2026-06-26T20:17:00+05:30,2026-06-26T20:15:00+05:30,2026-08-18T10:00:00+05:30
pay_544a89bd,bkg_e6534109,upi,refunded,8433.58,8433.58,8433.58,INR,mock_e6534109,pidem_31cb48f846f6e358,,2026-06-25T03:00:40+05:30,2026-06-25T03:02:00+05:30,2026-06-25T03:00:00+05:30,2026-08-18T10:00:00+05:30
pay_9fa5e7f7,bkg_2a044a0a,card,authorised,15899.76,0.00,0.00,INR,mock_2a044a0a,pidem_ba24de274478f395,,2026-08-07T18:45:40+05:30,,2026-08-07T18:45:00+05:30,2026-08-18T10:00:00+05:30
pay_f27f3bdd,bkg_b76bf57e,upi,refunded,8566.95,8566.95,8566.95,CHF,mock_b76bf57e,pidem_d40e91820ed29d60,,2026-06-28T15:15:40+05:30,2026-06-28T15:17:00+05:30,2026-06-28T15:15:00+05:30,2026-08-18T10:00:00+05:30
pay_05a991e7,bkg_5f6d89a8,card,initiated,33390.36,0.00,0.00,INR,mock_5f6d89a8,pidem_0cc05dada5a9f220,,,,2026-05-09T11:45:00+05:30,2026-08-18T10:00:00+05:30
pay_b2beb244,bkg_5ea40488,wallet,refunded,65474.57,65474.57,65474.57,INR,mock_5ea40488,pidem_aaade1c5a59313f1,,2026-06-27T00:45:40+05:30,2026-06-27T00:47:00+05:30,2026-06-27T00:45:00+05:30,2026-08-18T10:00:00+05:30
pay_1505b7c9,bkg_596e267c,mock,failed,8147.62,0.00,0.00,INR,mock_596e267c,pidem_2145fb69aa56ea7a,idempotency_conflict,2026-08-12T23:45:40+05:30,,2026-08-12T23:45:00+05:30,2026-08-18T10:00:00+05:30
pay_b64b97f6,bkg_d2a97d66,card,failed,14743.56,0.00,0.00,INR,mock_d2a97d66,pidem_6e8fb5fc39295f21,idempotency_conflict,2026-05-02T10:30:40+05:30,,2026-05-02T10:30:00+05:30,2026-08-18T10:00:00+05:30
pay_f9797738,bkg_ea850f53,netbanking,captured,5933.78,5933.78,0.00,LKR,mock_ea850f53,pidem_28ffc6474165a493,,2026-04-24T10:30:40+05:30,2026-04-24T10:32:00+05:30,2026-04-24T10:30:00+05:30,2026-08-18T10:00:00+05:30
pay_2a1e7f30,bkg_61e5b455,upi,captured,6979.77,6979.77,0.00,INR,mock_61e5b455,pidem_d3e38968f7d61892,,2026-05-16T16:00:40+05:30,2026-05-16T16:02:00+05:30,2026-05-16T16:00:00+05:30,2026-08-18T10:00:00+05:30
pay_9c4e1a6b,bkg_da62ca76,upi,refunded,1300.84,1300.84,1300.84,MYR,mock_da62ca76,pidem_00a1e67c2a57a6b0,,2026-04-23T19:30:40+05:30,2026-04-23T19:32:00+05:30,2026-04-23T19:30:00+05:30,2026-08-18T10:00:00+05:30
pay_bfc2b813,bkg_7b3d2cbb,card,captured,9873.90,9873.90,0.00,INR,mock_7b3d2cbb,pidem_bbe51abdd3975446,,2026-06-17T02:45:40+05:30,2026-06-17T02:47:00+05:30,2026-06-17T02:45:00+05:30,2026-08-18T10:00:00+05:30
pay_fad28789,bkg_b5bbd058,card,captured,14907.40,14907.40,0.00,INR,mock_b5bbd058,pidem_03e8c3bc6e58d4c3,,2026-08-02T12:00:40+05:30,2026-08-02T12:02:00+05:30,2026-08-02T12:00:00+05:30,2026-08-18T10:00:00+05:30
pay_1781cac5,bkg_00eaca9b,upi,captured,9179.16,9179.16,0.00,INR,mock_00eaca9b,pidem_a961b8800d59f561,,2026-05-11T15:30:40+05:30,2026-05-11T15:32:00+05:30,2026-05-11T15:30:00+05:30,2026-08-18T10:00:00+05:30
pay_76c3c90b,bkg_05be87bf,upi,captured,21340.10,21340.10,0.00,INR,mock_05be87bf,pidem_6ceec9333c25b45a,,2026-08-08T16:30:40+05:30,2026-08-08T16:32:00+05:30,2026-08-08T16:30:00+05:30,2026-08-18T10:00:00+05:30
pay_87801040,bkg_958be6bd,upi,refunded,68777.64,68777.64,68777.64,INR,mock_958be6bd,pidem_3169262f80081455,,2026-05-15T12:15:40+05:30,2026-05-15T12:17:00+05:30,2026-05-15T12:15:00+05:30,2026-08-18T10:00:00+05:30
pay_c9e65bcf,bkg_bd851530,mock,captured,7821.64,7821.64,0.00,THB,mock_bd851530,pidem_a8606660a74deac8,,2026-06-17T11:45:40+05:30,2026-06-17T11:47:00+05:30,2026-06-17T11:45:00+05:30,2026-08-18T10:00:00+05:30
pay_7b579843,bkg_3a1bd3ce,mock,captured,36246.37,36246.37,0.00,INR,mock_3a1bd3ce,pidem_3e0b51fa076d5f37,,2026-07-15T15:30:40+05:30,2026-07-15T15:32:00+05:30,2026-07-15T15:30:00+05:30,2026-08-18T10:00:00+05:30
pay_871b6fee,bkg_eaa32722,card,refunded,16345.64,16345.64,16345.64,INR,mock_eaa32722,pidem_2dae3e41b29626ae,,2026-07-04T16:15:40+05:30,2026-07-04T16:17:00+05:30,2026-07-04T16:15:00+05:30,2026-08-18T10:00:00+05:30
pay_5ce49471,bkg_76d772eb,wallet,captured,11436.30,11436.30,0.00,INR,mock_76d772eb,pidem_9df27e2257ded4f3,,2026-04-20T23:30:40+05:30,2026-04-20T23:32:00+05:30,2026-04-20T23:30:00+05:30,2026-08-18T10:00:00+05:30
pay_688bfa08,bkg_9e95111d,upi,refunded,33449.99,33449.99,33449.99,INR,mock_9e95111d,pidem_437774432b27096f,,2026-05-14T21:15:40+05:30,2026-05-14T21:17:00+05:30,2026-05-14T21:15:00+05:30,2026-08-18T10:00:00+05:30
pay_b0223d5b,bkg_b2ba1a97,upi,captured,9364.54,9364.54,0.00,JPY,mock_b2ba1a97,pidem_33194169a6821ff7,,2026-05-05T21:00:40+05:30,2026-05-05T21:02:00+05:30,2026-05-05T21:00:00+05:30,2026-08-18T10:00:00+05:30
pay_d8ddae11,bkg_51719344,upi,captured,10881.16,10881.16,0.00,INR,mock_51719344,pidem_ce4cbbcbc090e18a,,2026-05-14T13:00:40+05:30,2026-05-14T13:02:00+05:30,2026-05-14T13:00:00+05:30,2026-08-18T10:00:00+05:30
pay_d84e9986,bkg_abe48b6c,upi,initiated,2730.57,0.00,0.00,INR,mock_abe48b6c,pidem_2386843f6aa90642,,,,2026-06-27T18:15:00+05:30,2026-08-18T10:00:00+05:30
pay_51c1826b,bkg_d9b04454,netbanking,captured,212819.67,212819.67,0.00,INR,mock_d9b04454,pidem_e5ea8604e051363e,,2026-05-24T16:00:40+05:30,2026-05-24T16:02:00+05:30,2026-05-24T16:00:00+05:30,2026-08-18T10:00:00+05:30
pay_a7025495,bkg_dae072de,mock,captured,80335.17,80335.17,0.00,INR,mock_dae072de,pidem_e4b1d1dcbf8bf63b,,2026-05-16T20:30:40+05:30,2026-05-16T20:32:00+05:30,2026-05-16T20:30:00+05:30,2026-08-18T10:00:00+05:30
pay_d5de4b4a,bkg_c6c57d65,netbanking,captured,70962.96,70962.96,0.00,INR,mock_c6c57d65,pidem_19431d999acab8dc,,2026-05-15T01:15:40+05:30,2026-05-15T01:17:00+05:30,2026-05-15T01:15:00+05:30,2026-08-18T10:00:00+05:30
pay_e2207dce,bkg_9c9aaa12,mock,captured,33014.55,33014.55,0.00,INR,mock_9c9aaa12,pidem_e9196e6875d0df2e,,2026-05-15T08:00:40+05:30,2026-05-15T08:02:00+05:30,2026-05-15T08:00:00+05:30,2026-08-18T10:00:00+05:30
pay_23ca8c04,bkg_3577d290,upi,captured,145866.55,145866.55,0.00,INR,mock_3577d290,pidem_a6809b8ed0c1096f,,2026-06-27T07:00:40+05:30,2026-06-27T07:02:00+05:30,2026-06-27T07:00:00+05:30,2026-08-18T10:00:00+05:30
pay_00d9a1e6,bkg_88cc1862,mock,refunded,102356.84,102356.84,102356.84,INR,mock_88cc1862,pidem_ae0402e619adbea9,,2026-05-12T16:15:40+05:30,2026-05-12T16:17:00+05:30,2026-05-12T16:15:00+05:30,2026-08-18T10:00:00+05:30
pay_e74eeadd,bkg_9ac0ee3f,card,captured,10717.92,10717.92,0.00,INR,mock_9ac0ee3f,pidem_d7b60a0679e25e35,,2026-08-11T09:00:40+05:30,2026-08-11T09:02:00+05:30,2026-08-11T09:00:00+05:30,2026-08-18T10:00:00+05:30
pay_5854b118,bkg_698fd76c,card,refunded,35683.87,35683.87,35683.87,INR,mock_698fd76c,pidem_1ba1d7d51f162348,,2026-04-28T17:30:40+05:30,2026-04-28T17:32:00+05:30,2026-04-28T17:30:00+05:30,2026-08-18T10:00:00+05:30
pay_18427284,bkg_d71be00e,upi,refunded,17967.92,17967.92,17967.92,INR,mock_d71be00e,pidem_b76f45275a9af408,,2026-05-07T02:15:40+05:30,2026-05-07T02:17:00+05:30,2026-05-07T02:15:00+05:30,2026-08-18T10:00:00+05:30
pay_1e86b8f3,bkg_f06e1bb9,card,initiated,10360.25,0.00,0.00,INR,mock_f06e1bb9,pidem_8aaa54dcfc15758f,,,,2026-08-11T08:15:00+05:30,2026-08-18T10:00:00+05:30
pay_37bf5277,bkg_0d03378c,upi,captured,12061.46,12061.46,0.00,INR,mock_0d03378c,pidem_6fbf9da95f93c62f,,2026-06-13T09:30:40+05:30,2026-06-13T09:32:00+05:30,2026-06-13T09:30:00+05:30,2026-08-18T10:00:00+05:30
pay_880a341a,bkg_6a8b3766,card,captured,41012.83,41012.83,0.00,AED,mock_6a8b3766,pidem_221842a70e1934b2,,2026-05-03T07:00:40+05:30,2026-05-03T07:02:00+05:30,2026-05-03T07:00:00+05:30,2026-08-18T10:00:00+05:30
pay_dde054b4,bkg_c97beffa,upi,captured,11473.66,11473.66,0.00,INR,mock_c97beffa,pidem_67236da96bdc2194,,2026-05-24T03:00:40+05:30,2026-05-24T03:02:00+05:30,2026-05-24T03:00:00+05:30,2026-08-18T10:00:00+05:30
pay_992ae450,bkg_d8970a0c,upi,captured,40539.74,40539.74,0.00,CHF,mock_d8970a0c,pidem_b6d8141e8a10c0af,,2026-05-18T13:00:40+05:30,2026-05-18T13:02:00+05:30,2026-05-18T13:00:00+05:30,2026-08-18T10:00:00+05:30
pay_d1af3df6,bkg_82ce6477,upi,captured,21426.09,21426.09,0.00,INR,mock_82ce6477,pidem_5f6a06dea404a97e,,2026-06-04T06:45:40+05:30,2026-06-04T06:47:00+05:30,2026-06-04T06:45:00+05:30,2026-08-18T10:00:00+05:30
pay_91a55dcb,bkg_0eb15018,card,captured,18470.89,18470.89,0.00,INR,mock_0eb15018,pidem_e0e488b038e82d33,,2026-06-04T23:15:40+05:30,2026-06-04T23:17:00+05:30,2026-06-04T23:15:00+05:30,2026-08-18T10:00:00+05:30
pay_53505cc4,bkg_bef32acf,upi,failed,17025.56,0.00,0.00,INR,mock_bef32acf,pidem_aecc8b069387c626,idempotency_conflict,2026-05-29T19:45:40+05:30,,2026-05-29T19:45:00+05:30,2026-08-18T10:00:00+05:30
pay_caf3fc89,bkg_5e97c5a7,wallet,captured,59613.18,59613.18,0.00,INR,mock_5e97c5a7,pidem_f4a0aa568fb4c83c,,2026-05-02T11:45:40+05:30,2026-05-02T11:47:00+05:30,2026-05-02T11:45:00+05:30,2026-08-18T10:00:00+05:30
pay_6db4bc21,bkg_3c378d7e,card,captured,69819.03,69819.03,0.00,INR,mock_3c378d7e,pidem_1995ca4186e30f8f,,2026-07-27T06:30:40+05:30,2026-07-27T06:32:00+05:30,2026-07-27T06:30:00+05:30,2026-08-18T10:00:00+05:30
pay_5b3377b1,bkg_48092acf,mock,captured,11096.33,11096.33,0.00,INR,mock_48092acf,pidem_593408f4eb503ce0,,2026-06-11T06:30:40+05:30,2026-06-11T06:32:00+05:30,2026-06-11T06:30:00+05:30,2026-08-18T10:00:00+05:30
pay_b7cead8d,bkg_b70a01d2,mock,captured,56787.49,56787.49,0.00,INR,mock_b70a01d2,pidem_ae234ef98c82600f,,2026-05-27T07:30:40+05:30,2026-05-27T07:32:00+05:30,2026-05-27T07:30:00+05:30,2026-08-18T10:00:00+05:30
pay_e316f0d2,bkg_72b01309,upi,initiated,56525.09,0.00,0.00,INR,mock_72b01309,pidem_d947332f63abe47a,,,,2026-06-12T16:00:00+05:30,2026-08-18T10:00:00+05:30
pay_9ba5c490,bkg_47ee1abb,upi,captured,17442.03,17442.03,0.00,INR,mock_47ee1abb,pidem_c95de3652183e494,,2026-07-27T22:00:40+05:30,2026-07-27T22:02:00+05:30,2026-07-27T22:00:00+05:30,2026-08-18T10:00:00+05:30
pay_a076e29a,bkg_00644d93,card,refunded,6546.14,6546.14,6546.14,INR,mock_00644d93,pidem_65ef6e805e4ba0d7,,2026-05-18T16:15:40+05:30,2026-05-18T16:17:00+05:30,2026-05-18T16:15:00+05:30,2026-08-18T10:00:00+05:30
pay_4a669d7a,bkg_8a2455f6,netbanking,captured,39455.56,39455.56,0.00,INR,mock_8a2455f6,pidem_019b7a3a65050850,,2026-07-30T16:30:40+05:30,2026-07-30T16:32:00+05:30,2026-07-30T16:30:00+05:30,2026-08-18T10:00:00+05:30
pay_afc5831d,bkg_b4b551e4,upi,captured,124156.26,124156.26,0.00,INR,mock_b4b551e4,pidem_619297a3e17bd085,,2026-07-19T15:00:40+05:30,2026-07-19T15:02:00+05:30,2026-07-19T15:00:00+05:30,2026-08-18T10:00:00+05:30
pay_8227c1fd,bkg_5b92e5b3,card,captured,390.54,390.54,0.00,SGD,mock_5b92e5b3,pidem_7c9e24e2691e8a3b,,2026-04-20T01:30:40+05:30,2026-04-20T01:32:00+05:30,2026-04-20T01:30:00+05:30,2026-08-18T10:00:00+05:30
pay_94823a3b,bkg_7bcfc0ca,upi,captured,3645.87,3645.87,0.00,INR,mock_7bcfc0ca,pidem_910f6af74b87e078,,2026-05-26T17:45:40+05:30,2026-05-26T17:47:00+05:30,2026-05-26T17:45:00+05:30,2026-08-18T10:00:00+05:30
pay_f0bc7ea4,bkg_3e6d224b,card,captured,11414.30,11414.30,0.00,INR,mock_3e6d224b,pidem_92320274e5ab24e1,,2026-07-19T11:15:40+05:30,2026-07-19T11:17:00+05:30,2026-07-19T11:15:00+05:30,2026-08-18T10:00:00+05:30
pay_b29f0c6f,bkg_c001c03a,card,captured,104942.47,104942.47,0.00,INR,mock_c001c03a,pidem_a45305e4c1ab45ae,,2026-07-20T14:45:40+05:30,2026-07-20T14:47:00+05:30,2026-07-20T14:45:00+05:30,2026-08-18T10:00:00+05:30
pay_a79d122f,bkg_5deaccc2,upi,captured,22398.66,22398.66,0.00,INR,mock_5deaccc2,pidem_17ae13d280efc548,,2026-05-07T06:30:40+05:30,2026-05-07T06:32:00+05:30,2026-05-07T06:30:00+05:30,2026-08-18T10:00:00+05:30
pay_9ad29497,bkg_ebae8305,card,refunded,12061.77,12061.77,12061.77,INR,mock_ebae8305,pidem_cc586d2b925ee71e,,2026-05-13T09:30:40+05:30,2026-05-13T09:32:00+05:30,2026-05-13T09:30:00+05:30,2026-08-18T10:00:00+05:30
pay_5073ab59,bkg_25dba882,card,captured,6925.12,6925.12,0.00,NPR,mock_25dba882,pidem_93267307a2c64219,,2026-05-16T06:15:40+05:30,2026-05-16T06:17:00+05:30,2026-05-16T06:15:00+05:30,2026-08-18T10:00:00+05:30
pay_86646467,bkg_ec6b954a,upi,captured,7690.46,7690.46,0.00,INR,mock_ec6b954a,pidem_d4b56b7ede24df45,,2026-06-15T01:45:40+05:30,2026-06-15T01:47:00+05:30,2026-06-15T01:45:00+05:30,2026-08-18T10:00:00+05:30
pay_8682ae06,bkg_f538e55d,upi,captured,88811.63,88811.63,0.00,INR,mock_f538e55d,pidem_02f786ce075bfa3c,,2026-05-11T10:30:40+05:30,2026-05-11T10:32:00+05:30,2026-05-11T10:30:00+05:30,2026-08-18T10:00:00+05:30
pay_a6a80e25,bkg_361cdc00,upi,refunded,8131.09,8131.09,8131.09,MYR,mock_361cdc00,pidem_6048ce925b6ca94e,,2026-08-04T20:45:40+05:30,2026-08-04T20:47:00+05:30,2026-08-04T20:45:00+05:30,2026-08-18T10:00:00+05:30
pay_ce9abd27,bkg_825111d1,upi,captured,14030.67,14030.67,0.00,INR,mock_825111d1,pidem_5d5ffed62c7fc298,,2026-07-08T20:00:40+05:30,2026-07-08T20:02:00+05:30,2026-07-08T20:00:00+05:30,2026-08-18T10:00:00+05:30
pay_9b21556c,bkg_b072ebe9,card,refunded,17596.02,17596.02,17596.02,INR,mock_b072ebe9,pidem_51c63a75af9aa36e,,2026-04-29T19:30:40+05:30,2026-04-29T19:32:00+05:30,2026-04-29T19:30:00+05:30,2026-08-18T10:00:00+05:30
pay_664d2715,bkg_cc3efc2b,card,captured,16364.99,16364.99,0.00,THB,mock_cc3efc2b,pidem_cc33a02758997a30,,2026-07-16T11:45:40+05:30,2026-07-16T11:47:00+05:30,2026-07-16T11:45:00+05:30,2026-08-18T10:00:00+05:30
pay_91666186,bkg_6b9141a1,card,captured,93895.85,93895.85,0.00,INR,mock_6b9141a1,pidem_216f27c48f6348a8,,2026-07-31T10:45:40+05:30,2026-07-31T10:47:00+05:30,2026-07-31T10:45:00+05:30,2026-08-18T10:00:00+05:30
pay_e088ab48,bkg_ad44351a,card,captured,49093.18,49093.18,0.00,INR,mock_ad44351a,pidem_74b36d246d391f4a,,2026-05-12T10:45:40+05:30,2026-05-12T10:47:00+05:30,2026-05-12T10:45:00+05:30,2026-08-18T10:00:00+05:30
pay_e89193f3,bkg_ea881411,card,refunded,7061.66,7061.66,7061.66,NPR,mock_ea881411,pidem_6dc13236e536a55e,,2026-08-04T16:00:40+05:30,2026-08-04T16:02:00+05:30,2026-08-04T16:00:00+05:30,2026-08-18T10:00:00+05:30
pay_baf4c681,bkg_c0188722,netbanking,captured,18828.06,18828.06,0.00,INR,mock_c0188722,pidem_ce6b4e66b0a9ea6d,,2026-04-25T07:45:40+05:30,2026-04-25T07:47:00+05:30,2026-04-25T07:45:00+05:30,2026-08-18T10:00:00+05:30
pay_206b198c,bkg_2ecf24ff,upi,authorised,17686.08,0.00,0.00,INR,mock_2ecf24ff,pidem_5dde540653744723,,2026-04-25T10:30:40+05:30,,2026-04-25T10:30:00+05:30,2026-08-18T10:00:00+05:30
pay_4f27f8b6,bkg_1115a504,netbanking,failed,12595.08,0.00,0.00,INR,mock_1115a504,pidem_14c7d350124927d9,idempotency_conflict,2026-04-27T15:15:40+05:30,,2026-04-27T15:15:00+05:30,2026-08-18T10:00:00+05:30
pay_9a482bf0,bkg_051a3070,upi,captured,14565.31,14565.31,0.00,INR,mock_051a3070,pidem_51407f4c386db1e1,,2026-08-14T03:30:40+05:30,2026-08-14T03:32:00+05:30,2026-08-14T03:30:00+05:30,2026-08-18T10:00:00+05:30
pay_d7036ef5,bkg_92edc709,upi,captured,16724112.32,16724112.32,0.00,IDR,mock_92edc709,pidem_6b1340cb0c2b069c,,2026-06-12T18:45:40+05:30,2026-06-12T18:47:00+05:30,2026-06-12T18:45:00+05:30,2026-08-18T10:00:00+05:30
pay_02c1507f,bkg_81e60ee5,upi,refunded,38856.43,38856.43,38856.43,INR,mock_81e60ee5,pidem_3f14a0f97a357f64,,2026-06-29T13:15:40+05:30,2026-06-29T13:17:00+05:30,2026-06-29T13:15:00+05:30,2026-08-18T10:00:00+05:30
pay_211553d3,bkg_c9659480,upi,captured,59428.41,59428.41,0.00,INR,mock_c9659480,pidem_1e0a17670426ce05,,2026-06-28T21:15:40+05:30,2026-06-28T21:17:00+05:30,2026-06-28T21:15:00+05:30,2026-08-18T10:00:00+05:30
pay_c52b003f,bkg_907d55a1,upi,refunded,102598.16,102598.16,102598.16,INR,mock_907d55a1,pidem_1f576941f0636382,,2026-06-23T01:00:40+05:30,2026-06-23T01:02:00+05:30,2026-06-23T01:00:00+05:30,2026-08-18T10:00:00+05:30
pay_940a3ab8,bkg_f6ade45f,netbanking,initiated,35810.90,0.00,0.00,INR,mock_f6ade45f,pidem_61658f57d313f43d,,,,2026-08-01T19:30:00+05:30,2026-08-18T10:00:00+05:30
pay_3c089bd8,bkg_ebc85e81,card,captured,4723.58,4723.58,0.00,INR,mock_ebc85e81,pidem_26222b471110f101,,2026-07-08T23:45:40+05:30,2026-07-08T23:47:00+05:30,2026-07-08T23:45:00+05:30,2026-08-18T10:00:00+05:30
pay_aa4c1e47,bkg_235298dd,card,captured,9374.83,9374.83,0.00,MYR,mock_235298dd,pidem_5c7f23b2c76e5b84,,2026-05-02T21:30:40+05:30,2026-05-02T21:32:00+05:30,2026-05-02T21:30:00+05:30,2026-08-18T10:00:00+05:30
pay_9333e7c3,bkg_bed68af4,upi,captured,3572.77,3572.77,0.00,CHF,mock_bed68af4,pidem_43452f4cf1f2d51d,,2026-05-04T02:30:40+05:30,2026-05-04T02:32:00+05:30,2026-05-04T02:30:00+05:30,2026-08-18T10:00:00+05:30
pay_dc44fe35,bkg_ddb40cdc,mock,initiated,15347.72,0.00,0.00,IDR,mock_ddb40cdc,pidem_3fa6f0cd212f6abe,,,,2026-07-29T02:15:00+05:30,2026-08-18T10:00:00+05:30
pay_f9f340e8,bkg_9427b8ed,netbanking,captured,47622.94,47622.94,0.00,INR,mock_9427b8ed,pidem_2fc326af0d2ca35b,,2026-08-02T11:15:40+05:30,2026-08-02T11:17:00+05:30,2026-08-02T11:15:00+05:30,2026-08-18T10:00:00+05:30
pay_e3fa45dc,bkg_bb585566,upi,captured,44935.81,44935.81,0.00,INR,mock_bb585566,pidem_e4e3e57ce90c57c6,,2026-06-26T20:15:40+05:30,2026-06-26T20:17:00+05:30,2026-06-26T20:15:00+05:30,2026-08-18T10:00:00+05:30
pay_68f3b01a,bkg_44c20bce,wallet,initiated,38912.12,0.00,0.00,INR,mock_44c20bce,pidem_1cdd0f14527f142c,,,,2026-07-15T00:00:00+05:30,2026-08-18T10:00:00+05:30
pay_da329f3c,bkg_78c04024,upi,captured,58119.47,58119.47,0.00,INR,mock_78c04024,pidem_901064fcadbdb0bb,,2026-07-17T18:00:40+05:30,2026-07-17T18:02:00+05:30,2026-07-17T18:00:00+05:30,2026-08-18T10:00:00+05:30
pay_5f77ac50,bkg_82abb428,upi,refunded,2308.92,2308.92,2308.92,AED,mock_82abb428,pidem_7ee05fc713e25d51,,2026-07-09T04:30:40+05:30,2026-07-09T04:32:00+05:30,2026-07-09T04:30:00+05:30,2026-08-18T10:00:00+05:30
pay_33106ee7,bkg_1e27e3bf,card,captured,5400.77,5400.77,0.00,INR,mock_1e27e3bf,pidem_13151075ccc19903,,2026-06-10T02:00:40+05:30,2026-06-10T02:02:00+05:30,2026-06-10T02:00:00+05:30,2026-08-18T10:00:00+05:30
pay_c11c1a43,bkg_40fefa28,upi,captured,8832.67,8832.67,0.00,INR,mock_40fefa28,pidem_10150d163b2cb8e5,,2026-07-27T19:00:40+05:30,2026-07-27T19:02:00+05:30,2026-07-27T19:00:00+05:30,2026-08-18T10:00:00+05:30
pay_7f2c9b04,bkg_e1ac2ec1,card,captured,40622.65,40622.65,0.00,INR,mock_e1ac2ec1,pidem_c97c052d6cfc58f2,,2026-05-15T21:30:40+05:30,2026-05-15T21:32:00+05:30,2026-05-15T21:30:00+05:30,2026-08-18T10:00:00+05:30
pay_0e95efb1,bkg_454a67e4,upi,captured,36789.18,36789.18,0.00,INR,mock_454a67e4,pidem_95f377dd373d1b0d,,2026-05-10T02:30:40+05:30,2026-05-10T02:32:00+05:30,2026-05-10T02:30:00+05:30,2026-08-18T10:00:00+05:30
pay_b0ebf5dc,bkg_7eca21f0,card,initiated,5067.24,0.00,0.00,INR,mock_7eca21f0,pidem_a0ceda44ca2010f5,,,,2026-07-21T17:00:00+05:30,2026-08-18T10:00:00+05:30
pay_2aa359af,bkg_6fb3087d,card,captured,9360.40,9360.40,0.00,INR,mock_6fb3087d,pidem_f0944f926c9be535,,2026-07-06T13:30:40+05:30,2026-07-06T13:32:00+05:30,2026-07-06T13:30:00+05:30,2026-08-18T10:00:00+05:30
pay_0d2a5603,bkg_ad1aa28a,upi,initiated,10363.38,0.00,0.00,INR,mock_ad1aa28a,pidem_239bf82c7cd33f23,,,,2026-07-28T14:30:00+05:30,2026-08-18T10:00:00+05:30
pay_50dc7db6,bkg_332f0fab,card,captured,8226.02,8226.02,0.00,MYR,mock_332f0fab,pidem_37b7fd3a8ca331ca,,2026-08-13T03:00:40+05:30,2026-08-13T03:02:00+05:30,2026-08-13T03:00:00+05:30,2026-08-18T10:00:00+05:30
pay_8eeaa72c,bkg_c3515fe1,upi,captured,35683.39,35683.39,0.00,INR,mock_c3515fe1,pidem_456bf434f8934da3,,2026-07-01T15:15:40+05:30,2026-07-01T15:17:00+05:30,2026-07-01T15:15:00+05:30,2026-08-18T10:00:00+05:30
pay_6f5880ac,bkg_10770438,upi,captured,2773.64,2773.64,0.00,MYR,mock_10770438,pidem_39a6115defcedd80,,2026-07-04T04:00:40+05:30,2026-07-04T04:02:00+05:30,2026-07-04T04:00:00+05:30,2026-08-18T10:00:00+05:30
pay_05fb44ed,bkg_4203b67f,upi,captured,49186.95,49186.95,0.00,INR,mock_4203b67f,pidem_8c0c693f7a0b2609,,2026-08-06T22:30:40+05:30,2026-08-06T22:32:00+05:30,2026-08-06T22:30:00+05:30,2026-08-18T10:00:00+05:30
pay_69e9cadf,bkg_613b861b,mock,captured,29532.92,29532.92,0.00,INR,mock_613b861b,pidem_4a719a73d4b1cca9,,2026-08-15T10:30:40+05:30,2026-08-15T10:32:00+05:30,2026-08-15T10:30:00+05:30,2026-08-18T10:00:00+05:30
pay_6fa68fdb,bkg_eb6b0986,upi,captured,92429.72,92429.72,0.00,INR,mock_eb6b0986,pidem_1efcab0d68c30b5a,,2026-06-07T07:00:40+05:30,2026-06-07T07:02:00+05:30,2026-06-07T07:00:00+05:30,2026-08-18T10:00:00+05:30
pay_f5c88655,bkg_64089900,netbanking,captured,9944.16,9944.16,0.00,THB,mock_64089900,pidem_ef182885af67bf74,,2026-04-22T16:15:40+05:30,2026-04-22T16:17:00+05:30,2026-04-22T16:15:00+05:30,2026-08-18T10:00:00+05:30
pay_2a76ffd7,bkg_7fa2dd99,card,authorised,133.15,0.00,0.00,SGD,mock_7fa2dd99,pidem_b5727fbe95f5029f,,2026-08-01T01:45:40+05:30,,2026-08-01T01:45:00+05:30,2026-08-18T10:00:00+05:30
pay_ae4b0c81,bkg_e8415312,card,captured,39976.90,39976.90,0.00,INR,mock_e8415312,pidem_72a25b6d175930c8,,2026-06-02T09:45:40+05:30,2026-06-02T09:47:00+05:30,2026-06-02T09:45:00+05:30,2026-08-18T10:00:00+05:30
pay_69b0bed0,bkg_1d59364c,upi,refunded,58508.72,58508.72,58508.72,INR,mock_1d59364c,pidem_6421860c2c2b9253,,2026-08-16T00:15:40+05:30,2026-08-16T00:17:00+05:30,2026-08-16T00:15:00+05:30,2026-08-18T10:00:00+05:30
pay_a7ec7be6,bkg_3868ab12,card,captured,6494.48,6494.48,0.00,AED,mock_3868ab12,pidem_75be90db0787dc74,,2026-07-16T18:45:40+05:30,2026-07-16T18:47:00+05:30,2026-07-16T18:45:00+05:30,2026-08-18T10:00:00+05:30
pay_80f41363,bkg_7e71f395,upi,captured,8857.24,8857.24,0.00,INR,mock_7e71f395,pidem_f1d550f146b3e975,,2026-06-13T20:30:40+05:30,2026-06-13T20:32:00+05:30,2026-06-13T20:30:00+05:30,2026-08-18T10:00:00+05:30
pay_2f11e3d7,bkg_04aa6bc3,mock,captured,33708.62,33708.62,0.00,SGD,mock_04aa6bc3,pidem_71306764bba9945f,,2026-07-14T19:45:40+05:30,2026-07-14T19:47:00+05:30,2026-07-14T19:45:00+05:30,2026-08-18T10:00:00+05:30
pay_19ba593c,bkg_c5a61a90,card,refunded,8124.61,8124.61,8124.61,INR,mock_c5a61a90,pidem_aebd5b1bd3017997,,2026-04-27T06:15:40+05:30,2026-04-27T06:17:00+05:30,2026-04-27T06:15:00+05:30,2026-08-18T10:00:00+05:30
pay_b8452bab,bkg_9b85dff1,netbanking,captured,10715.96,10715.96,0.00,INR,mock_9b85dff1,pidem_09ad3e2ebc4289c8,,2026-05-13T09:30:40+05:30,2026-05-13T09:32:00+05:30,2026-05-13T09:30:00+05:30,2026-08-18T10:00:00+05:30
pay_f08d6357,bkg_779d5509,upi,refunded,2091.81,2091.81,2091.81,INR,mock_779d5509,pidem_45b1b950bb043ddb,,2026-06-15T21:00:40+05:30,2026-06-15T21:02:00+05:30,2026-06-15T21:00:00+05:30,2026-08-18T10:00:00+05:30
pay_56e8cbf1,bkg_80caf66d,card,authorised,16010.60,0.00,0.00,AED,mock_80caf66d,pidem_0b55e24d5c6866ec,,2026-05-16T07:15:40+05:30,,2026-05-16T07:15:00+05:30,2026-08-18T10:00:00+05:30
pay_56ed03ee,bkg_0c219212,upi,captured,8578.62,8578.62,0.00,MYR,mock_0c219212,pidem_274fd28a6a7e652e,,2026-08-10T20:30:40+05:30,2026-08-10T20:32:00+05:30,2026-08-10T20:30:00+05:30,2026-08-18T10:00:00+05:30
pay_3b6dfc1a,bkg_7c680f02,upi,failed,16326.33,0.00,0.00,INR,mock_7c680f02,pidem_c231284e1e433a16,idempotency_conflict,2026-06-20T09:30:40+05:30,,2026-06-20T09:30:00+05:30,2026-08-18T10:00:00+05:30
pay_52877374,bkg_bc91c907,card,captured,28092.58,28092.58,0.00,INR,mock_bc91c907,pidem_a8925c39e863129a,,2026-05-21T16:15:40+05:30,2026-05-21T16:17:00+05:30,2026-05-21T16:15:00+05:30,2026-08-18T10:00:00+05:30
pay_2a401e76,bkg_60b16561,upi,captured,54241.17,54241.17,0.00,INR,mock_60b16561,pidem_11a0b044490750c8,,2026-06-09T06:15:40+05:30,2026-06-09T06:17:00+05:30,2026-06-09T06:15:00+05:30,2026-08-18T10:00:00+05:30
pay_139308d1,bkg_5df52a0d,upi,captured,8695.43,8695.43,0.00,INR,mock_5df52a0d,pidem_6da9827f7ac03eb8,,2026-07-11T06:15:40+05:30,2026-07-11T06:17:00+05:30,2026-07-11T06:15:00+05:30,2026-08-18T10:00:00+05:30
pay_91e0ae9c,bkg_cd3daf19,upi,captured,4531.63,4531.63,0.00,INR,mock_cd3daf19,pidem_90f6deb77c46122d,,2026-08-10T15:30:40+05:30,2026-08-10T15:32:00+05:30,2026-08-10T15:30:00+05:30,2026-08-18T10:00:00+05:30
pay_1dd80dc5,bkg_c6d5c374,card,captured,12240.44,12240.44,0.00,LKR,mock_c6d5c374,pidem_c8bc7dad5e3a09b2,,2026-06-06T08:45:40+05:30,2026-06-06T08:47:00+05:30,2026-06-06T08:45:00+05:30,2026-08-18T10:00:00+05:30
pay_3d143fb6,bkg_904bb058,card,refunded,15299.61,15299.61,15299.61,INR,mock_904bb058,pidem_d1dd6d0030661fca,,2026-07-31T20:00:40+05:30,2026-07-31T20:02:00+05:30,2026-07-31T20:00:00+05:30,2026-08-18T10:00:00+05:30
pay_87d32b90,bkg_0b534273,mock,initiated,20110.73,0.00,0.00,INR,mock_0b534273,pidem_6244ea436b81cc7c,,,,2026-06-16T22:30:00+05:30,2026-08-18T10:00:00+05:30
pay_d34fb58d,bkg_1b44a0dc,card,refunded,8760.24,8760.24,8760.24,INR,mock_1b44a0dc,pidem_62939762afc17a2a,,2026-08-17T08:30:40+05:30,2026-08-17T08:32:00+05:30,2026-08-17T08:30:00+05:30,2026-08-18T10:00:00+05:30
pay_d01fa014,bkg_89efe121,card,captured,54417.98,54417.98,0.00,INR,mock_89efe121,pidem_82dd55fa7ec2a982,,2026-08-02T07:45:40+05:30,2026-08-02T07:47:00+05:30,2026-08-02T07:45:00+05:30,2026-08-18T10:00:00+05:30
pay_fcf7f27e,bkg_90b4be2b,card,captured,80242.02,80242.02,0.00,THB,mock_90b4be2b,pidem_e90a53485683f457,,2026-08-16T21:30:40+05:30,2026-08-16T21:32:00+05:30,2026-08-16T21:30:00+05:30,2026-08-18T10:00:00+05:30
pay_a77aef39,bkg_ab89649a,card,captured,10305.22,10305.22,0.00,INR,mock_ab89649a,pidem_7ae97135ddc01e44,,2026-05-26T07:30:40+05:30,2026-05-26T07:32:00+05:30,2026-05-26T07:30:00+05:30,2026-08-18T10:00:00+05:30
pay_81780d71,bkg_869397bb,upi,captured,13663.57,13663.57,0.00,INR,mock_869397bb,pidem_dc8bd580adc006f2,,2026-08-12T06:15:40+05:30,2026-08-12T06:17:00+05:30,2026-08-12T06:15:00+05:30,2026-08-18T10:00:00+05:30
pay_0bd13a45,bkg_393ffe8c,mock,captured,13867.47,13867.47,0.00,SGD,mock_393ffe8c,pidem_76a0ea6b41b3b9fe,,2026-08-15T12:00:40+05:30,2026-08-15T12:02:00+05:30,2026-08-15T12:00:00+05:30,2026-08-18T10:00:00+05:30
pay_de65eaf4,bkg_438ed7d6,card,failed,24530.26,0.00,0.00,INR,mock_438ed7d6,pidem_da897f59c00b77d7,idempotency_conflict,2026-07-02T01:30:40+05:30,,2026-07-02T01:30:00+05:30,2026-08-18T10:00:00+05:30
pay_5e6775e6,bkg_4d8b1332,card,captured,9822.97,9822.97,0.00,INR,mock_4d8b1332,pidem_4429fb408cc9c764,,2026-07-02T20:45:40+05:30,2026-07-02T20:47:00+05:30,2026-07-02T20:45:00+05:30,2026-08-18T10:00:00+05:30
pay_56d445aa,bkg_34fd4a51,card,captured,10986.66,10986.66,0.00,JPY,mock_34fd4a51,pidem_05f48dc101cf419e,,2026-06-28T09:15:40+05:30,2026-06-28T09:17:00+05:30,2026-06-28T09:15:00+05:30,2026-08-18T10:00:00+05:30
pay_621e5677,bkg_78245438,upi,captured,8074.30,8074.30,0.00,INR,mock_78245438,pidem_140cb7cf8e09aac7,,2026-08-09T16:00:40+05:30,2026-08-09T16:02:00+05:30,2026-08-09T16:00:00+05:30,2026-08-18T10:00:00+05:30
pay_5bbc36f0,bkg_b274353b,upi,captured,45633.08,45633.08,0.00,INR,mock_b274353b,pidem_e64111b924418db9,,2026-06-18T11:00:40+05:30,2026-06-18T11:02:00+05:30,2026-06-18T11:00:00+05:30,2026-08-18T10:00:00+05:30
pay_79ddad76,bkg_d6cd714b,upi,captured,6798.86,6798.86,0.00,INR,mock_d6cd714b,pidem_853842f88c63d0d4,,2026-05-24T05:45:40+05:30,2026-05-24T05:47:00+05:30,2026-05-24T05:45:00+05:30,2026-08-18T10:00:00+05:30
pay_3bd6ab65,bkg_f5158bbe,upi,failed,9286.39,0.00,0.00,INR,mock_f5158bbe,pidem_97facb1bfeef0b77,idempotency_conflict,2026-07-31T18:45:40+05:30,,2026-07-31T18:45:00+05:30,2026-08-18T10:00:00+05:30
pay_1fffbe35,bkg_74b37fba,mock,captured,12544.46,12544.46,0.00,SGD,mock_74b37fba,pidem_c6a280ee569da080,,2026-06-26T08:30:40+05:30,2026-06-26T08:32:00+05:30,2026-06-26T08:30:00+05:30,2026-08-18T10:00:00+05:30
pay_ee41f828,bkg_2e01f060,wallet,captured,6657.64,6657.64,0.00,INR,mock_2e01f060,pidem_0a14aa62038171ac,,2026-05-19T14:30:40+05:30,2026-05-19T14:32:00+05:30,2026-05-19T14:30:00+05:30,2026-08-18T10:00:00+05:30
pay_52ad2351,bkg_7bd797ca,mock,captured,25347.59,25347.59,0.00,INR,mock_7bd797ca,pidem_34083e6b4ea78970,,2026-06-05T07:00:40+05:30,2026-06-05T07:02:00+05:30,2026-06-05T07:00:00+05:30,2026-08-18T10:00:00+05:30
pay_d4f87d5c,bkg_0d715e4b,card,refunded,10265.58,10265.58,10265.58,AED,mock_0d715e4b,pidem_642b47e23a415e24,,2026-04-28T15:15:40+05:30,2026-04-28T15:17:00+05:30,2026-04-28T15:15:00+05:30,2026-08-18T10:00:00+05:30
pay_17307e11,bkg_f40b2da9,card,failed,25240.25,0.00,0.00,CHF,mock_f40b2da9,pidem_0a531c559ba243f9,idempotency_conflict,2026-08-14T19:30:40+05:30,,2026-08-14T19:30:00+05:30,2026-08-18T10:00:00+05:30
pay_92c43645,bkg_20cd7a0e,upi,refunded,72317.97,72317.97,72317.97,INR,mock_20cd7a0e,pidem_2db2864d537a3de8,,2026-04-29T15:45:40+05:30,2026-04-29T15:47:00+05:30,2026-04-29T15:45:00+05:30,2026-08-18T10:00:00+05:30
pay_54bd485c,bkg_cdab5d95,card,captured,14711.40,14711.40,0.00,INR,mock_cdab5d95,pidem_5001f47b872c2eda,,2026-05-12T02:15:40+05:30,2026-05-12T02:17:00+05:30,2026-05-12T02:15:00+05:30,2026-08-18T10:00:00+05:30
pay_3c88851d,bkg_c561e273,netbanking,captured,3318.92,3318.92,0.00,THB,mock_c561e273,pidem_f29e73ad8287e10b,,2026-05-24T21:15:40+05:30,2026-05-24T21:17:00+05:30,2026-05-24T21:15:00+05:30,2026-08-18T10:00:00+05:30
pay_e5295c84,bkg_6f052aeb,card,captured,5889.09,5889.09,0.00,INR,mock_6f052aeb,pidem_384863ed1bcd0eac,,2026-06-25T00:00:40+05:30,2026-06-25T00:02:00+05:30,2026-06-25T00:00:00+05:30,2026-08-18T10:00:00+05:30
pay_830b1343,bkg_a8f3d896,upi,authorised,3510.76,0.00,0.00,INR,mock_a8f3d896,pidem_e9d5c932ff8044c9,,2026-07-18T13:30:40+05:30,,2026-07-18T13:30:00+05:30,2026-08-18T10:00:00+05:30
pay_dbe1fa45,bkg_c297f4a2,upi,captured,27117.57,27117.57,0.00,INR,mock_c297f4a2,pidem_0346c4f80675181a,,2026-06-07T14:15:40+05:30,2026-06-07T14:17:00+05:30,2026-06-07T14:15:00+05:30,2026-08-18T10:00:00+05:30
pay_85707926,bkg_2267945d,card,captured,177076.55,177076.55,0.00,INR,mock_2267945d,pidem_a37da3522e951286,,2026-07-10T06:00:40+05:30,2026-07-10T06:02:00+05:30,2026-07-10T06:00:00+05:30,2026-08-18T10:00:00+05:30
pay_a981a6f8,bkg_1f59b6ce,wallet,captured,19873.57,19873.57,0.00,INR,mock_1f59b6ce,pidem_7fd690f4b379f711,,2026-08-06T12:45:40+05:30,2026-08-06T12:47:00+05:30,2026-08-06T12:45:00+05:30,2026-08-18T10:00:00+05:30
pay_35108c41,bkg_3d3cb4c3,mock,captured,76856.35,76856.35,0.00,INR,mock_3d3cb4c3,pidem_9c30056c7c56e1d9,,2026-07-18T21:30:40+05:30,2026-07-18T21:32:00+05:30,2026-07-18T21:30:00+05:30,2026-08-18T10:00:00+05:30
pay_6c3c8207,bkg_3213a909,card,captured,17451.15,17451.15,0.00,INR,mock_3213a909,pidem_7af911548fb229ad,,2026-07-25T03:30:40+05:30,2026-07-25T03:32:00+05:30,2026-07-25T03:30:00+05:30,2026-08-18T10:00:00+05:30
pay_e82945a8,bkg_586920b8,card,captured,2695.64,2695.64,0.00,THB,mock_586920b8,pidem_71d2b66699d77d64,,2026-07-02T18:45:40+05:30,2026-07-02T18:47:00+05:30,2026-07-02T18:45:00+05:30,2026-08-18T10:00:00+05:30
pay_aba6c62b,bkg_c7ecb563,card,captured,3021.49,3021.49,0.00,MVR,mock_c7ecb563,pidem_576ac0fa47bc8b1f,,2026-05-12T06:00:40+05:30,2026-05-12T06:02:00+05:30,2026-05-12T06:00:00+05:30,2026-08-18T10:00:00+05:30
pay_97f26300,bkg_591837c7,upi,captured,4462.83,4462.83,0.00,QAR,mock_591837c7,pidem_788fa421cef2a1a9,,2026-05-24T12:30:40+05:30,2026-05-24T12:32:00+05:30,2026-05-24T12:30:00+05:30,2026-08-18T10:00:00+05:30
pay_318b6068,bkg_e8a28736,card,captured,4142.02,4142.02,0.00,INR,mock_e8a28736,pidem_e45ded9a40331c1c,,2026-07-20T05:00:40+05:30,2026-07-20T05:02:00+05:30,2026-07-20T05:00:00+05:30,2026-08-18T10:00:00+05:30
pay_91efc007,bkg_a7b035b6,upi,authorised,28149.54,0.00,0.00,INR,mock_a7b035b6,pidem_6ec0f430ada4a9be,,2026-08-05T21:45:40+05:30,,2026-08-05T21:45:00+05:30,2026-08-18T10:00:00+05:30
pay_3d1388be,bkg_23f4c383,card,captured,23742.80,23742.80,0.00,INR,mock_23f4c383,pidem_ba9caafec846bd07,,2026-05-16T05:00:40+05:30,2026-05-16T05:02:00+05:30,2026-05-16T05:00:00+05:30,2026-08-18T10:00:00+05:30
pay_90b435c0,bkg_6255c08c,mock,captured,43625.55,43625.55,0.00,INR,mock_6255c08c,pidem_c6a05504e8a693c0,,2026-08-15T12:00:40+05:30,2026-08-15T12:02:00+05:30,2026-08-15T12:00:00+05:30,2026-08-18T10:00:00+05:30
pay_fa1e83e1,bkg_ad5d3cb0,upi,captured,17151.66,17151.66,0.00,INR,mock_ad5d3cb0,pidem_a8f0923878552d21,,2026-07-25T15:15:40+05:30,2026-07-25T15:17:00+05:30,2026-07-25T15:15:00+05:30,2026-08-18T10:00:00+05:30
pay_06dfee48,bkg_368830a1,upi,failed,47102.54,0.00,0.00,THB,mock_368830a1,pidem_beaba843f59f3820,idempotency_conflict,2026-07-14T19:00:40+05:30,,2026-07-14T19:00:00+05:30,2026-08-18T10:00:00+05:30
pay_6cebd753,bkg_05fdb953,upi,captured,19609.59,19609.59,0.00,INR,mock_05fdb953,pidem_361fd4bad807769e,,2026-06-18T05:45:40+05:30,2026-06-18T05:47:00+05:30,2026-06-18T05:45:00+05:30,2026-08-18T10:00:00+05:30
pay_4fb19657,bkg_8b840608,upi,captured,1525.25,1525.25,0.00,AED,mock_8b840608,pidem_d26e7add5ab48345,,2026-04-26T05:30:40+05:30,2026-04-26T05:32:00+05:30,2026-04-26T05:30:00+05:30,2026-08-18T10:00:00+05:30
pay_3dc27160,bkg_0ca9eb93,wallet,initiated,4308.92,0.00,0.00,INR,mock_0ca9eb93,pidem_81a9df26c4ac35b8,,,,2026-08-02T08:00:00+05:30,2026-08-18T10:00:00+05:30
pay_dfdcf597,bkg_f36e9386,upi,captured,19871.42,19871.42,0.00,INR,mock_f36e9386,pidem_1ad1f9d8c15576b5,,2026-07-03T15:00:40+05:30,2026-07-03T15:02:00+05:30,2026-07-03T15:00:00+05:30,2026-08-18T10:00:00+05:30
pay_8f1fda8d,bkg_5f75037f,card,captured,5132.36,5132.36,0.00,INR,mock_5f75037f,pidem_75ea164d1df92b1a,,2026-05-08T20:15:40+05:30,2026-05-08T20:17:00+05:30,2026-05-08T20:15:00+05:30,2026-08-18T10:00:00+05:30
pay_365dde6c,bkg_9411d82f,upi,captured,8638.12,8638.12,0.00,INR,mock_9411d82f,pidem_07d148bd6aca2e47,,2026-07-24T02:30:40+05:30,2026-07-24T02:32:00+05:30,2026-07-24T02:30:00+05:30,2026-08-18T10:00:00+05:30
pay_32edcee8,bkg_00fac335,upi,captured,3662.78,3662.78,0.00,AED,mock_00fac335,pidem_47d4dc2dbe3830be,,2026-07-16T23:45:40+05:30,2026-07-16T23:47:00+05:30,2026-07-16T23:45:00+05:30,2026-08-18T10:00:00+05:30
pay_d348536a,bkg_fa26c0d5,card,captured,16143.52,16143.52,0.00,INR,mock_fa26c0d5,pidem_702a52f08cd3f60a,,2026-08-16T20:30:40+05:30,2026-08-16T20:32:00+05:30,2026-08-16T20:30:00+05:30,2026-08-18T10:00:00+05:30
pay_a8056707,bkg_bf91de78,card,refunded,36005.39,36005.39,36005.39,INR,mock_bf91de78,pidem_a37af61389a486aa,,2026-06-18T07:15:40+05:30,2026-06-18T07:17:00+05:30,2026-06-18T07:15:00+05:30,2026-08-18T10:00:00+05:30
pay_260a694b,bkg_4893c1e9,upi,captured,9594.56,9594.56,0.00,INR,mock_4893c1e9,pidem_ad014b340414464f,,2026-05-23T23:00:40+05:30,2026-05-23T23:02:00+05:30,2026-05-23T23:00:00+05:30,2026-08-18T10:00:00+05:30
pay_87c75415,bkg_660100e1,card,captured,16718.20,16718.20,0.00,NPR,mock_660100e1,pidem_0e3b15fb07b6cecb,,2026-05-18T18:15:40+05:30,2026-05-18T18:17:00+05:30,2026-05-18T18:15:00+05:30,2026-08-18T10:00:00+05:30
pay_1a64e56a,bkg_eaf036e9,mock,captured,20685.71,20685.71,0.00,INR,mock_eaf036e9,pidem_ed809f39027e7c6c,,2026-06-02T03:45:40+05:30,2026-06-02T03:47:00+05:30,2026-06-02T03:45:00+05:30,2026-08-18T10:00:00+05:30
pay_dd4eb28a,bkg_f31ef45d,card,refunded,27178.67,27178.67,27178.67,INR,mock_f31ef45d,pidem_3df4290b7af4be24,,2026-08-11T15:30:40+05:30,2026-08-11T15:32:00+05:30,2026-08-11T15:30:00+05:30,2026-08-18T10:00:00+05:30
pay_50600a71,bkg_d01de9aa,upi,captured,21229.26,21229.26,0.00,INR,mock_d01de9aa,pidem_eb2509e42ed92593,,2026-04-22T02:45:40+05:30,2026-04-22T02:47:00+05:30,2026-04-22T02:45:00+05:30,2026-08-18T10:00:00+05:30
pay_44b108a4,bkg_14a6f26e,card,authorised,20660.38,0.00,0.00,CHF,mock_14a6f26e,pidem_eb5b9ec5a32e585d,,2026-06-16T02:15:40+05:30,,2026-06-16T02:15:00+05:30,2026-08-18T10:00:00+05:30
pay_8f365b05,bkg_e39aacf1,upi,captured,17357.22,17357.22,0.00,INR,mock_e39aacf1,pidem_5e6b99257b93bd98,,2026-05-25T08:15:40+05:30,2026-05-25T08:17:00+05:30,2026-05-25T08:15:00+05:30,2026-08-18T10:00:00+05:30
pay_683cfd2c,bkg_02ba66cc,netbanking,refunded,11461.74,11461.74,11461.74,INR,mock_02ba66cc,pidem_5849dd4e6c21a29b,,2026-06-07T09:15:40+05:30,2026-06-07T09:17:00+05:30,2026-06-07T09:15:00+05:30,2026-08-18T10:00:00+05:30
pay_af3309cc,bkg_b9fd1cfc,mock,refunded,35805.57,35805.57,35805.57,INR,mock_b9fd1cfc,pidem_133015c8e2bf4520,,2026-05-30T21:45:40+05:30,2026-05-30T21:47:00+05:30,2026-05-30T21:45:00+05:30,2026-08-18T10:00:00+05:30
pay_b40731ab,bkg_6d87b67c,mock,captured,2616.98,2616.98,0.00,INR,mock_6d87b67c,pidem_409a2961b9b9d167,,2026-06-29T10:45:40+05:30,2026-06-29T10:47:00+05:30,2026-06-29T10:45:00+05:30,2026-08-18T10:00:00+05:30
pay_00e0786d,bkg_8a737e99,wallet,captured,8484.07,8484.07,0.00,INR,mock_8a737e99,pidem_d26ce1a9d90c8cc3,,2026-05-08T00:15:40+05:30,2026-05-08T00:17:00+05:30,2026-05-08T00:15:00+05:30,2026-08-18T10:00:00+05:30
pay_84f457b9,bkg_63cba136,wallet,captured,9642.54,9642.54,0.00,INR,mock_63cba136,pidem_6c5d378d1122f719,,2026-06-25T05:45:40+05:30,2026-06-25T05:47:00+05:30,2026-06-25T05:45:00+05:30,2026-08-18T10:00:00+05:30
pay_6e081100,bkg_d36dc006,card,refunded,19398.25,19398.25,19398.25,INR,mock_d36dc006,pidem_80d027f1657ffaf8,,2026-05-29T00:00:40+05:30,2026-05-29T00:02:00+05:30,2026-05-29T00:00:00+05:30,2026-08-18T10:00:00+05:30
pay_4e5126fa,bkg_4fec47bb,upi,captured,63022.15,63022.15,0.00,INR,mock_4fec47bb,pidem_a32bab534f0df556,,2026-08-09T07:00:40+05:30,2026-08-09T07:02:00+05:30,2026-08-09T07:00:00+05:30,2026-08-18T10:00:00+05:30
pay_b9a875a7,bkg_d02c74cf,wallet,captured,10677.36,10677.36,0.00,NPR,mock_d02c74cf,pidem_a2d56f760a62b6f7,,2026-06-29T19:00:40+05:30,2026-06-29T19:02:00+05:30,2026-06-29T19:00:00+05:30,2026-08-18T10:00:00+05:30
pay_708ecd19,bkg_0321d9b8,card,captured,33876.53,33876.53,0.00,MVR,mock_0321d9b8,pidem_33e923793939b6be,,2026-05-22T09:45:40+05:30,2026-05-22T09:47:00+05:30,2026-05-22T09:45:00+05:30,2026-08-18T10:00:00+05:30
pay_adba8698,bkg_a05473c4,mock,captured,24491.77,24491.77,0.00,CHF,mock_a05473c4,pidem_128df54d521af836,,2026-07-19T19:00:40+05:30,2026-07-19T19:02:00+05:30,2026-07-19T19:00:00+05:30,2026-08-18T10:00:00+05:30
pay_dcb078c4,bkg_dc099fe6,upi,captured,5461.14,5461.14,0.00,INR,mock_dc099fe6,pidem_951e808e994fbd17,,2026-06-02T15:15:40+05:30,2026-06-02T15:17:00+05:30,2026-06-02T15:15:00+05:30,2026-08-18T10:00:00+05:30
pay_6b5d1c80,bkg_e1947f5e,card,captured,519.90,519.90,0.00,SGD,mock_e1947f5e,pidem_494419f9704f8baf,,2026-05-05T08:15:40+05:30,2026-05-05T08:17:00+05:30,2026-05-05T08:15:00+05:30,2026-08-18T10:00:00+05:30
pay_685e0c21,bkg_5478c5ef,wallet,captured,15821.09,15821.09,0.00,INR,mock_5478c5ef,pidem_79fa33c483a8808a,,2026-05-16T07:00:40+05:30,2026-05-16T07:02:00+05:30,2026-05-16T07:00:00+05:30,2026-08-18T10:00:00+05:30
pay_38a03df8,bkg_794712f6,netbanking,captured,69894.16,69894.16,0.00,INR,mock_794712f6,pidem_4b67ef55a738bb0a,,2026-06-01T22:45:40+05:30,2026-06-01T22:47:00+05:30,2026-06-01T22:45:00+05:30,2026-08-18T10:00:00+05:30
pay_93ffefad,bkg_4fc20ebc,upi,captured,12243.66,12243.66,0.00,INR,mock_4fc20ebc,pidem_1fdb34e22bf10a5a,,2026-05-27T08:45:40+05:30,2026-05-27T08:47:00+05:30,2026-05-27T08:45:00+05:30,2026-08-18T10:00:00+05:30
pay_4b8c5942,bkg_c85bb852,upi,captured,24895.40,24895.40,0.00,INR,mock_c85bb852,pidem_813d053dfefc9f25,,2026-06-01T04:15:40+05:30,2026-06-01T04:17:00+05:30,2026-06-01T04:15:00+05:30,2026-08-18T10:00:00+05:30
pay_020a3dbe,bkg_3cf1331e,upi,captured,26992.82,26992.82,0.00,INR,mock_3cf1331e,pidem_0e334be9c3994cb2,,2026-05-01T17:00:40+05:30,2026-05-01T17:02:00+05:30,2026-05-01T17:00:00+05:30,2026-08-18T10:00:00+05:30
pay_17639593,bkg_48c19c70,upi,captured,58368.41,58368.41,0.00,INR,mock_48c19c70,pidem_4fa632f18ff6d866,,2026-05-18T23:30:40+05:30,2026-05-18T23:32:00+05:30,2026-05-18T23:30:00+05:30,2026-08-18T10:00:00+05:30
pay_1227dc34,bkg_f68cf2f9,card,initiated,2954.57,0.00,0.00,INR,mock_f68cf2f9,pidem_76e757b558aab180,,,,2026-07-17T13:45:00+05:30,2026-08-18T10:00:00+05:30
pay_4000138b,bkg_5ea0961f,upi,captured,2221.80,2221.80,0.00,INR,mock_5ea0961f,pidem_f9dbd5ae4a06e9f3,,2026-07-27T14:15:40+05:30,2026-07-27T14:17:00+05:30,2026-07-27T14:15:00+05:30,2026-08-18T10:00:00+05:30
pay_139e48df,bkg_3dc8bcf5,card,captured,14884.87,14884.87,0.00,MVR,mock_3dc8bcf5,pidem_213cf8211b011c21,,2026-05-06T22:00:40+05:30,2026-05-06T22:02:00+05:30,2026-05-06T22:00:00+05:30,2026-08-18T10:00:00+05:30
pay_095adc15,bkg_f9617f9e,card,captured,9597.67,9597.67,0.00,INR,mock_f9617f9e,pidem_cc70858cc64a3c7b,,2026-05-22T03:15:40+05:30,2026-05-22T03:17:00+05:30,2026-05-22T03:15:00+05:30,2026-08-18T10:00:00+05:30
pay_16b9fb0b,bkg_03955e65,upi,refunded,4840.51,4840.51,4840.51,INR,mock_03955e65,pidem_51f645c9c5a06353,,2026-07-23T13:15:40+05:30,2026-07-23T13:17:00+05:30,2026-07-23T13:15:00+05:30,2026-08-18T10:00:00+05:30
pay_b9852fb2,bkg_5e45e79a,upi,failed,15740.12,0.00,0.00,INR,mock_5e45e79a,pidem_efb04906379b6f5d,idempotency_conflict,2026-06-18T17:45:40+05:30,,2026-06-18T17:45:00+05:30,2026-08-18T10:00:00+05:30
pay_21db18bd,bkg_9c2b2648,mock,captured,11126.14,11126.14,0.00,INR,mock_9c2b2648,pidem_d0fa42c95d587b36,,2026-05-11T03:15:40+05:30,2026-05-11T03:17:00+05:30,2026-05-11T03:15:00+05:30,2026-08-18T10:00:00+05:30
pay_8ba40df4,bkg_84702fa2,upi,captured,3690.83,3690.83,0.00,INR,mock_84702fa2,pidem_323c25d75bbc8ce6,,2026-05-29T15:00:40+05:30,2026-05-29T15:02:00+05:30,2026-05-29T15:00:00+05:30,2026-08-18T10:00:00+05:30
pay_68a30840,bkg_783bf9aa,card,captured,16509.08,16509.08,0.00,INR,mock_783bf9aa,pidem_f7706090cfef39d4,,2026-05-26T09:30:40+05:30,2026-05-26T09:32:00+05:30,2026-05-26T09:30:00+05:30,2026-08-18T10:00:00+05:30
pay_737d39ef,bkg_52b1a981,netbanking,captured,31222.67,31222.67,0.00,INR,mock_52b1a981,pidem_bd4e1429911d67fb,,2026-06-27T00:15:40+05:30,2026-06-27T00:17:00+05:30,2026-06-27T00:15:00+05:30,2026-08-18T10:00:00+05:30
pay_5dd9ba9e,bkg_cf30754e,card,captured,25478.99,25478.99,0.00,AED,mock_cf30754e,pidem_8f1473160c98e048,,2026-07-28T00:00:40+05:30,2026-07-28T00:02:00+05:30,2026-07-28T00:00:00+05:30,2026-08-18T10:00:00+05:30
pay_f2925cd5,bkg_f4a4b5a3,upi,captured,23891.27,23891.27,0.00,INR,mock_f4a4b5a3,pidem_1386194091026a7a,,2026-05-12T09:00:40+05:30,2026-05-12T09:02:00+05:30,2026-05-12T09:00:00+05:30,2026-08-18T10:00:00+05:30
pay_fcca38ff,bkg_8a99396e,card,initiated,20880.01,0.00,0.00,INR,mock_8a99396e,pidem_0c3952c9a23bb4ab,,,,2026-07-23T07:45:00+05:30,2026-08-18T10:00:00+05:30
pay_35e6c885,bkg_c0c6ade4,upi,initiated,48686.53,0.00,0.00,INR,mock_c0c6ade4,pidem_85b5307bd5cbd5b1,,,,2026-07-20T10:30:00+05:30,2026-08-18T10:00:00+05:30
pay_bbcf6c7a,bkg_65a676c6,upi,authorised,774.79,0.00,0.00,AED,mock_65a676c6,pidem_9f71f9edb5abdcfc,,2026-05-10T21:30:40+05:30,,2026-05-10T21:30:00+05:30,2026-08-18T10:00:00+05:30
pay_1818a6a9,bkg_e8c6c455,upi,captured,59427.98,59427.98,0.00,INR,mock_e8c6c455,pidem_ed58874b96b7889a,,2026-08-04T07:15:40+05:30,2026-08-04T07:17:00+05:30,2026-08-04T07:15:00+05:30,2026-08-18T10:00:00+05:30
pay_f6c40ede,bkg_3bbad3de,card,refunded,84413.59,84413.59,84413.59,INR,mock_3bbad3de,pidem_9e40b1618025570a,,2026-05-23T21:45:40+05:30,2026-05-23T21:47:00+05:30,2026-05-23T21:45:00+05:30,2026-08-18T10:00:00+05:30
pay_9580568e,bkg_c4d4e0cd,upi,refunded,49287.65,49287.65,49287.65,INR,mock_c4d4e0cd,pidem_8a284fba4742b2d3,,2026-05-08T09:30:40+05:30,2026-05-08T09:32:00+05:30,2026-05-08T09:30:00+05:30,2026-08-18T10:00:00+05:30
pay_a3a29d07,bkg_02cb20a9,netbanking,initiated,2149.48,0.00,0.00,INR,mock_02cb20a9,pidem_f662092b4e770909,,,,2026-05-27T08:00:00+05:30,2026-08-18T10:00:00+05:30
pay_719bce53,bkg_6e076d8b,netbanking,captured,164664.67,164664.67,0.00,INR,mock_6e076d8b,pidem_bcf5e1c2499baca2,,2026-08-05T10:45:40+05:30,2026-08-05T10:47:00+05:30,2026-08-05T10:45:00+05:30,2026-08-18T10:00:00+05:30
pay_65591ed0,bkg_edeadf36,upi,refunded,8547.95,8547.95,8547.95,INR,mock_edeadf36,pidem_de83a2a6dbee6407,,2026-04-26T00:45:40+05:30,2026-04-26T00:47:00+05:30,2026-04-26T00:45:00+05:30,2026-08-18T10:00:00+05:30
pay_95d295de,bkg_dfb65f2b,card,captured,6055.30,6055.30,0.00,INR,mock_dfb65f2b,pidem_a93c3293b1d431ff,,2026-07-10T13:00:40+05:30,2026-07-10T13:02:00+05:30,2026-07-10T13:00:00+05:30,2026-08-18T10:00:00+05:30
pay_91a21822,bkg_6b51af43,mock,captured,46742.37,46742.37,0.00,INR,mock_6b51af43,pidem_2c4be0ac97b11bdb,,2026-05-11T06:30:40+05:30,2026-05-11T06:32:00+05:30,2026-05-11T06:30:00+05:30,2026-08-18T10:00:00+05:30
pay_4ee96bc8,bkg_d7a0e755,card,captured,28912.67,28912.67,0.00,THB,mock_d7a0e755,pidem_129c891fcbe774bb,,2026-06-29T05:00:40+05:30,2026-06-29T05:02:00+05:30,2026-06-29T05:00:00+05:30,2026-08-18T10:00:00+05:30
pay_2c1089ce,bkg_f8587d28,upi,captured,72961.84,72961.84,0.00,INR,mock_f8587d28,pidem_8a562769d55ad24e,,2026-07-12T03:45:40+05:30,2026-07-12T03:47:00+05:30,2026-07-12T03:45:00+05:30,2026-08-18T10:00:00+05:30
pay_c8cebeef,bkg_7dcff68a,card,captured,13865.71,13865.71,0.00,INR,mock_7dcff68a,pidem_74af7bbe7e910f2c,,2026-07-08T07:45:40+05:30,2026-07-08T07:47:00+05:30,2026-07-08T07:45:00+05:30,2026-08-18T10:00:00+05:30
pay_06371ec0,bkg_6094c154,card,captured,73310.19,73310.19,0.00,INR,mock_6094c154,pidem_7fdcbeffce3ad783,,2026-06-28T03:00:40+05:30,2026-06-28T03:02:00+05:30,2026-06-28T03:00:00+05:30,2026-08-18T10:00:00+05:30
pay_c6896ae2,bkg_d85798d8,wallet,refunded,11808.25,11808.25,11808.25,INR,mock_d85798d8,pidem_7b6bec48acef2db1,,2026-07-06T11:45:40+05:30,2026-07-06T11:47:00+05:30,2026-07-06T11:45:00+05:30,2026-08-18T10:00:00+05:30
pay_04493a9b,bkg_969c245d,upi,captured,28852.43,28852.43,0.00,INR,mock_969c245d,pidem_441e0ab2d40dd037,,2026-08-02T04:00:40+05:30,2026-08-02T04:02:00+05:30,2026-08-02T04:00:00+05:30,2026-08-18T10:00:00+05:30
pay_00167a6c,bkg_79786a92,netbanking,refunded,3189.94,3189.94,3189.94,INR,mock_79786a92,pidem_c157b25ed79d0a1e,,2026-07-15T22:00:40+05:30,2026-07-15T22:02:00+05:30,2026-07-15T22:00:00+05:30,2026-08-18T10:00:00+05:30
pay_c9cd3bfa,bkg_fee5ecc1,card,initiated,10076.89,0.00,0.00,INR,mock_fee5ecc1,pidem_b35d87c23d026106,,,,2026-06-20T09:45:00+05:30,2026-08-18T10:00:00+05:30
pay_e790adf5,bkg_e72c79d0,mock,captured,3865.57,3865.57,0.00,AED,mock_e72c79d0,pidem_c64e923699819374,,2026-08-17T20:00:40+05:30,2026-08-17T20:02:00+05:30,2026-08-17T20:00:00+05:30,2026-08-18T10:00:00+05:30
pay_14ddabba,bkg_bdad908f,card,captured,44622.49,44622.49,0.00,INR,mock_bdad908f,pidem_b6f4f51643f9b690,,2026-08-15T06:00:40+05:30,2026-08-15T06:02:00+05:30,2026-08-15T06:00:00+05:30,2026-08-18T10:00:00+05:30
pay_fc8d4a83,bkg_12d99177,upi,captured,6772.01,6772.01,0.00,LKR,mock_12d99177,pidem_da8f9c8c3d9792eb,,2026-06-26T14:45:40+05:30,2026-06-26T14:47:00+05:30,2026-06-26T14:45:00+05:30,2026-08-18T10:00:00+05:30
pay_3ef2317d,bkg_171b162d,upi,captured,10054.82,10054.82,0.00,INR,mock_171b162d,pidem_902c01618028ab3e,,2026-04-25T02:45:40+05:30,2026-04-25T02:47:00+05:30,2026-04-25T02:45:00+05:30,2026-08-18T10:00:00+05:30
pay_3e19d7f0,bkg_0fbd8818,upi,captured,2128.00,2128.00,0.00,AED,mock_0fbd8818,pidem_195ab6133c80cb3d,,2026-08-04T14:30:40+05:30,2026-08-04T14:32:00+05:30,2026-08-04T14:30:00+05:30,2026-08-18T10:00:00+05:30
pay_c85c405e,bkg_a078166d,mock,captured,71115.06,71115.06,0.00,INR,mock_a078166d,pidem_3fb6055dcb33cb72,,2026-06-30T21:30:40+05:30,2026-06-30T21:32:00+05:30,2026-06-30T21:30:00+05:30,2026-08-18T10:00:00+05:30
pay_48cbd021,bkg_53e49a49,upi,authorised,13105.71,0.00,0.00,INR,mock_53e49a49,pidem_462851344eac8a65,,2026-04-28T05:45:40+05:30,,2026-04-28T05:45:00+05:30,2026-08-18T10:00:00+05:30
pay_c8c5306f,bkg_3a8c85f9,upi,captured,76758.73,76758.73,0.00,INR,mock_3a8c85f9,pidem_a1760827e3d648ae,,2026-07-14T23:15:40+05:30,2026-07-14T23:17:00+05:30,2026-07-14T23:15:00+05:30,2026-08-18T10:00:00+05:30
pay_3916f50d,bkg_d0b00065,upi,refunded,41503.91,41503.91,41503.91,INR,mock_d0b00065,pidem_daca5f5cd40cd10e,,2026-04-29T21:30:40+05:30,2026-04-29T21:32:00+05:30,2026-04-29T21:30:00+05:30,2026-08-18T10:00:00+05:30
pay_95d0f45f,bkg_32a12a85,upi,captured,27769.84,27769.84,0.00,SGD,mock_32a12a85,pidem_427c2806b521cb75,,2026-08-11T17:30:40+05:30,2026-08-11T17:32:00+05:30,2026-08-11T17:30:00+05:30,2026-08-18T10:00:00+05:30
pay_e28d9b6b,bkg_2d4cb586,netbanking,failed,3968.07,0.00,0.00,INR,mock_2d4cb586,pidem_5dc8150f1ac34691,idempotency_conflict,2026-07-04T13:15:40+05:30,,2026-07-04T13:15:00+05:30,2026-08-18T10:00:00+05:30
pay_6f58ccca,bkg_ef59f51a,mock,authorised,16288.31,0.00,0.00,INR,mock_ef59f51a,pidem_3c060b985a16e860,,2026-05-11T20:45:40+05:30,,2026-05-11T20:45:00+05:30,2026-08-18T10:00:00+05:30
pay_30151f4f,bkg_3e653aa4,card,captured,7420.45,7420.45,0.00,INR,mock_3e653aa4,pidem_9def4a81588f5090,,2026-05-24T06:00:40+05:30,2026-05-24T06:02:00+05:30,2026-05-24T06:00:00+05:30,2026-08-18T10:00:00+05:30
pay_772a3b0c,bkg_1b2bc12a,card,captured,2250.10,2250.10,0.00,INR,mock_1b2bc12a,pidem_050cc0d0f0450ed5,,2026-08-14T19:45:40+05:30,2026-08-14T19:47:00+05:30,2026-08-14T19:45:00+05:30,2026-08-18T10:00:00+05:30
pay_97ec4fdb,bkg_2de7d7a6,card,captured,59485.62,59485.62,0.00,INR,mock_2de7d7a6,pidem_7ef62207681cad79,,2026-07-13T18:45:40+05:30,2026-07-13T18:47:00+05:30,2026-07-13T18:45:00+05:30,2026-08-18T10:00:00+05:30
pay_5e91aa8d,bkg_1aa6add2,netbanking,failed,25779.62,0.00,0.00,INR,mock_1aa6add2,pidem_37ab22393d44fecf,idempotency_conflict,2026-04-26T10:00:40+05:30,,2026-04-26T10:00:00+05:30,2026-08-18T10:00:00+05:30
pay_b76b3a83,bkg_89643aba,upi,captured,5382.68,5382.68,0.00,INR,mock_89643aba,pidem_0fcf61e5e4117051,,2026-04-25T21:00:40+05:30,2026-04-25T21:02:00+05:30,2026-04-25T21:00:00+05:30,2026-08-18T10:00:00+05:30
pay_c969582e,bkg_ec143a54,netbanking,captured,52907.68,52907.68,0.00,AED,mock_ec143a54,pidem_04efcb3959288ec9,,2026-04-20T05:00:40+05:30,2026-04-20T05:02:00+05:30,2026-04-20T05:00:00+05:30,2026-08-18T10:00:00+05:30
pay_7fdfac81,bkg_0553e5bc,card,captured,217.88,217.88,0.00,SGD,mock_0553e5bc,pidem_31097c971ae1e54f,,2026-04-26T15:15:40+05:30,2026-04-26T15:17:00+05:30,2026-04-26T15:15:00+05:30,2026-08-18T10:00:00+05:30
pay_bd0f6a40,bkg_a375480a,card,refunded,11738.83,11738.83,11738.83,LKR,mock_a375480a,pidem_26d4bd30f1d1da82,,2026-06-24T21:00:40+05:30,2026-06-24T21:02:00+05:30,2026-06-24T21:00:00+05:30,2026-08-18T10:00:00+05:30
pay_d8c80a32,bkg_4d1bf645,card,captured,69128.86,69128.86,0.00,INR,mock_4d1bf645,pidem_896d531746a55bfc,,2026-07-29T01:30:40+05:30,2026-07-29T01:32:00+05:30,2026-07-29T01:30:00+05:30,2026-08-18T10:00:00+05:30
pay_387b6362,bkg_692002de,upi,captured,51557.32,51557.32,0.00,INR,mock_692002de,pidem_8df0a7a491a78171,,2026-05-31T14:30:40+05:30,2026-05-31T14:32:00+05:30,2026-05-31T14:30:00+05:30,2026-08-18T10:00:00+05:30
pay_4d66c6a2,bkg_491270ba,card,refunded,44607.65,44607.65,44607.65,AED,mock_491270ba,pidem_ae2d6baa9ee65c7d,,2026-04-25T21:30:40+05:30,2026-04-25T21:32:00+05:30,2026-04-25T21:30:00+05:30,2026-08-18T10:00:00+05:30
pay_260a1d97,bkg_cdf7e276,card,captured,29809.98,29809.98,0.00,INR,mock_cdf7e276,pidem_32950a6e19be7c79,,2026-05-20T07:45:40+05:30,2026-05-20T07:47:00+05:30,2026-05-20T07:45:00+05:30,2026-08-18T10:00:00+05:30
pay_4d338e65,bkg_5256ffb8,netbanking,captured,8185.88,8185.88,0.00,INR,mock_5256ffb8,pidem_ab8a3734047c3fd2,,2026-07-16T15:15:40+05:30,2026-07-16T15:17:00+05:30,2026-07-16T15:15:00+05:30,2026-08-18T10:00:00+05:30
pay_eab8299c,bkg_76df2b9e,upi,refunded,14184.77,14184.77,14184.77,INR,mock_76df2b9e,pidem_b40546b129ebdc9f,,2026-05-28T00:30:40+05:30,2026-05-28T00:32:00+05:30,2026-05-28T00:30:00+05:30,2026-08-18T10:00:00+05:30
pay_0e2f08e5,bkg_5c48cab2,upi,captured,74006.80,74006.80,0.00,INR,mock_5c48cab2,pidem_8fe628424386e691,,2026-05-16T04:45:40+05:30,2026-05-16T04:47:00+05:30,2026-05-16T04:45:00+05:30,2026-08-18T10:00:00+05:30
pay_3996ffaf,bkg_1130eed9,wallet,refunded,55952.42,55952.42,55952.42,INR,mock_1130eed9,pidem_f86ea0dc04f20c10,,2026-06-03T02:45:40+05:30,2026-06-03T02:47:00+05:30,2026-06-03T02:45:00+05:30,2026-08-18T10:00:00+05:30
pay_fa17315a,bkg_91c42e98,upi,captured,28028.92,28028.92,0.00,INR,mock_91c42e98,pidem_755677eaf3ecec9d,,2026-06-17T04:00:40+05:30,2026-06-17T04:02:00+05:30,2026-06-17T04:00:00+05:30,2026-08-18T10:00:00+05:30
pay_52ebff7c,bkg_35209856,netbanking,authorised,14557.83,0.00,0.00,INR,mock_35209856,pidem_399152c3a38e8e26,,2026-06-29T12:45:40+05:30,,2026-06-29T12:45:00+05:30,2026-08-18T10:00:00+05:30
pay_8c24a8c1,bkg_dc806d8f,mock,captured,15067.51,15067.51,0.00,INR,mock_dc806d8f,pidem_1c67a9490c40e03d,,2026-07-12T16:00:40+05:30,2026-07-12T16:02:00+05:30,2026-07-12T16:00:00+05:30,2026-08-18T10:00:00+05:30
pay_51b0618c,bkg_2b8235f8,upi,captured,27193.60,27193.60,0.00,INR,mock_2b8235f8,pidem_a9b466456883d0ad,,2026-07-12T09:15:40+05:30,2026-07-12T09:17:00+05:30,2026-07-12T09:15:00+05:30,2026-08-18T10:00:00+05:30
pay_c33e332f,bkg_82a6c84b,card,authorised,47954.39,0.00,0.00,INR,mock_82a6c84b,pidem_75d5d87c96a9067f,,2026-05-06T19:15:40+05:30,,2026-05-06T19:15:00+05:30,2026-08-18T10:00:00+05:30
pay_e26a4bed,bkg_b605f0a7,upi,captured,11082.40,11082.40,0.00,INR,mock_b605f0a7,pidem_f6b95d4922bcb2a3,,2026-06-22T11:00:40+05:30,2026-06-22T11:02:00+05:30,2026-06-22T11:00:00+05:30,2026-08-18T10:00:00+05:30
pay_e12dfaa3,bkg_6d3d41c7,wallet,failed,19012.00,0.00,0.00,THB,mock_6d3d41c7,pidem_4d82f90e04b6d8f4,idempotency_conflict,2026-05-20T19:00:40+05:30,,2026-05-20T19:00:00+05:30,2026-08-18T10:00:00+05:30
pay_4d2b178b,bkg_61a3b5ca,card,captured,6901.52,6901.52,0.00,INR,mock_61a3b5ca,pidem_ca856724dc7ed9de,,2026-05-31T09:30:40+05:30,2026-05-31T09:32:00+05:30,2026-05-31T09:30:00+05:30,2026-08-18T10:00:00+05:30
pay_2dda8522,bkg_11b942ca,netbanking,captured,32141.45,32141.45,0.00,INR,mock_11b942ca,pidem_2b871f6b0a996d12,,2026-08-04T21:45:40+05:30,2026-08-04T21:47:00+05:30,2026-08-04T21:45:00+05:30,2026-08-18T10:00:00+05:30
pay_7e976fce,bkg_4b0c9cce,upi,refunded,57316.41,57316.41,57316.41,INR,mock_4b0c9cce,pidem_104ee5615434173b,,2026-07-11T00:00:40+05:30,2026-07-11T00:02:00+05:30,2026-07-11T00:00:00+05:30,2026-08-18T10:00:00+05:30
pay_8fd6d5a0,bkg_b1bd2087,card,initiated,12732.72,0.00,0.00,INR,mock_b1bd2087,pidem_1bc9fdc9f2e07e62,,,,2026-08-16T03:15:00+05:30,2026-08-18T10:00:00+05:30
pay_44977d53,bkg_70e8c4b3,card,captured,19548.97,19548.97,0.00,INR,mock_70e8c4b3,pidem_d95107a1070876b2,,2026-06-18T19:30:40+05:30,2026-06-18T19:32:00+05:30,2026-06-18T19:30:00+05:30,2026-08-18T10:00:00+05:30
pay_e106deaf,bkg_371a0973,upi,captured,8670.66,8670.66,0.00,THB,mock_371a0973,pidem_1370f0f921256eb5,,2026-07-25T00:30:40+05:30,2026-07-25T00:32:00+05:30,2026-07-25T00:30:00+05:30,2026-08-18T10:00:00+05:30
pay_f1a443eb,bkg_0ec22c81,card,captured,8112.52,8112.52,0.00,INR,mock_0ec22c81,pidem_8072cb5a17b72f73,,2026-04-28T16:45:40+05:30,2026-04-28T16:47:00+05:30,2026-04-28T16:45:00+05:30,2026-08-18T10:00:00+05:30
pay_8f9b0e8a,bkg_4be99e4f,upi,captured,1199.26,1199.26,0.00,MYR,mock_4be99e4f,pidem_57280d7ddc0a9e94,,2026-05-19T12:15:40+05:30,2026-05-19T12:17:00+05:30,2026-05-19T12:15:00+05:30,2026-08-18T10:00:00+05:30
pay_b4b91b95,bkg_50f7bfa7,wallet,refunded,31377.43,31377.43,31377.43,INR,mock_50f7bfa7,pidem_0e150ba295cf6f02,,2026-05-23T11:45:40+05:30,2026-05-23T11:47:00+05:30,2026-05-23T11:45:00+05:30,2026-08-18T10:00:00+05:30
pay_f55ac8d2,bkg_18321226,netbanking,captured,26057.67,26057.67,0.00,INR,mock_18321226,pidem_39abf98c6ba53489,,2026-05-03T12:45:40+05:30,2026-05-03T12:47:00+05:30,2026-05-03T12:45:00+05:30,2026-08-18T10:00:00+05:30
pay_0ff1e737,bkg_f21d32c7,netbanking,captured,16172.84,16172.84,0.00,INR,mock_f21d32c7,pidem_d44de71a5d7bf25a,,2026-05-21T05:45:40+05:30,2026-05-21T05:47:00+05:30,2026-05-21T05:45:00+05:30,2026-08-18T10:00:00+05:30
pay_19f27a28,bkg_4c7abadb,card,captured,23157.03,23157.03,0.00,INR,mock_4c7abadb,pidem_26d4a02dbdd1ad23,,2026-06-05T03:45:40+05:30,2026-06-05T03:47:00+05:30,2026-06-05T03:45:00+05:30,2026-08-18T10:00:00+05:30
pay_5a5c24f9,bkg_b7be5107,card,captured,28496.59,28496.59,0.00,INR,mock_b7be5107,pidem_4c5fa669f14a7ead,,2026-06-07T01:30:40+05:30,2026-06-07T01:32:00+05:30,2026-06-07T01:30:00+05:30,2026-08-18T10:00:00+05:30
pay_947a40e6,bkg_8a570fe7,card,captured,8244.64,8244.64,0.00,INR,mock_8a570fe7,pidem_4ae49f82dcb0e343,,2026-07-26T18:15:40+05:30,2026-07-26T18:17:00+05:30,2026-07-26T18:15:00+05:30,2026-08-18T10:00:00+05:30
pay_6de6e226,bkg_e26eeeb5,card,failed,9053.28,0.00,0.00,INR,mock_e26eeeb5,pidem_80bbc64e2fbb0285,idempotency_conflict,2026-07-26T04:30:40+05:30,,2026-07-26T04:30:00+05:30,2026-08-18T10:00:00+05:30
pay_c246b87e,bkg_2de54b71,upi,refunded,4554.82,4554.82,4554.82,MYR,mock_2de54b71,pidem_fd22466e593dbdd7,,2026-07-05T14:30:40+05:30,2026-07-05T14:32:00+05:30,2026-07-05T14:30:00+05:30,2026-08-18T10:00:00+05:30
pay_9ca84e61,bkg_769ea229,card,authorised,28089.35,0.00,0.00,THB,mock_769ea229,pidem_36e4d02c46538e01,,2026-04-21T23:15:40+05:30,,2026-04-21T23:15:00+05:30,2026-08-18T10:00:00+05:30
pay_840a4bc1,bkg_60baa315,wallet,refunded,101183.64,101183.64,101183.64,INR,mock_60baa315,pidem_a0691828018740af,,2026-07-21T12:00:40+05:30,2026-07-21T12:02:00+05:30,2026-07-21T12:00:00+05:30,2026-08-18T10:00:00+05:30
pay_96b5e87c,bkg_8934e582,card,captured,6927.23,6927.23,0.00,INR,mock_8934e582,pidem_2ba783fa17f7173a,,2026-05-12T03:00:40+05:30,2026-05-12T03:02:00+05:30,2026-05-12T03:00:00+05:30,2026-08-18T10:00:00+05:30
pay_3b870c37,bkg_e65b24f3,upi,captured,21705.68,21705.68,0.00,INR,mock_e65b24f3,pidem_9725b1421c8ba672,,2026-07-30T05:45:40+05:30,2026-07-30T05:47:00+05:30,2026-07-30T05:45:00+05:30,2026-08-18T10:00:00+05:30
pay_b20d032a,bkg_a98c9edd,card,captured,21994.59,21994.59,0.00,INR,mock_a98c9edd,pidem_e44f99ad2b4150a1,,2026-06-30T09:00:40+05:30,2026-06-30T09:02:00+05:30,2026-06-30T09:00:00+05:30,2026-08-18T10:00:00+05:30
pay_373875e6,bkg_e128b3ab,upi,refunded,27315.08,27315.08,27315.08,INR,mock_e128b3ab,pidem_17bc301ca3fb8bf8,,2026-08-15T22:30:40+05:30,2026-08-15T22:32:00+05:30,2026-08-15T22:30:00+05:30,2026-08-18T10:00:00+05:30
pay_2be998ad,bkg_66b03f6f,wallet,captured,74097.65,74097.65,0.00,INR,mock_66b03f6f,pidem_2e65a7c2137ab940,,2026-05-29T23:30:40+05:30,2026-05-29T23:32:00+05:30,2026-05-29T23:30:00+05:30,2026-08-18T10:00:00+05:30
pay_404b62b6,bkg_90c8037c,upi,authorised,2891.03,0.00,0.00,INR,mock_90c8037c,pidem_3908a4fead34d364,,2026-05-17T10:30:40+05:30,,2026-05-17T10:30:00+05:30,2026-08-18T10:00:00+05:30
pay_9760b450,bkg_d9c4764f,upi,captured,875.49,875.49,0.00,SGD,mock_d9c4764f,pidem_3fcc338ac2eeef8b,,2026-06-20T05:30:40+05:30,2026-06-20T05:32:00+05:30,2026-06-20T05:30:00+05:30,2026-08-18T10:00:00+05:30
pay_c9b903f9,bkg_c50c71e2,mock,captured,4822.35,4822.35,0.00,INR,mock_c50c71e2,pidem_89dbc8dfa6c0db40,,2026-05-07T02:00:40+05:30,2026-05-07T02:02:00+05:30,2026-05-07T02:00:00+05:30,2026-08-18T10:00:00+05:30
pay_837460e3,bkg_d0dfb17d,upi,captured,63813.04,63813.04,0.00,INR,mock_d0dfb17d,pidem_acf70ae05f3d98aa,,2026-06-07T02:00:40+05:30,2026-06-07T02:02:00+05:30,2026-06-07T02:00:00+05:30,2026-08-18T10:00:00+05:30
pay_8821ba8d,bkg_71375d0b,card,refunded,62828.17,62828.17,62828.17,INR,mock_71375d0b,pidem_91aba1e026a44cd3,,2026-08-07T13:45:40+05:30,2026-08-07T13:47:00+05:30,2026-08-07T13:45:00+05:30,2026-08-18T10:00:00+05:30
pay_faca6261,bkg_aac9f0d9,mock,captured,5431.01,5431.01,0.00,INR,mock_aac9f0d9,pidem_8ce388cf777e675d,,2026-05-23T09:30:40+05:30,2026-05-23T09:32:00+05:30,2026-05-23T09:30:00+05:30,2026-08-18T10:00:00+05:30
pay_fd41affb,bkg_e1f9e215,upi,captured,11024.83,11024.83,0.00,INR,mock_e1f9e215,pidem_bd851cf27ea5a7ef,,2026-07-15T21:00:40+05:30,2026-07-15T21:02:00+05:30,2026-07-15T21:00:00+05:30,2026-08-18T10:00:00+05:30
pay_6f410c64,bkg_89fc4591,netbanking,refunded,2917.47,2917.47,2917.47,INR,mock_89fc4591,pidem_0ccf9ab2d09d4184,,2026-08-17T08:30:40+05:30,2026-08-17T08:32:00+05:30,2026-08-17T08:30:00+05:30,2026-08-18T10:00:00+05:30
pay_2c17615c,bkg_5c0d9c97,mock,captured,3091.75,3091.75,0.00,THB,mock_5c0d9c97,pidem_3b06815bbbb3e67f,,2026-07-14T12:15:40+05:30,2026-07-14T12:17:00+05:30,2026-07-14T12:15:00+05:30,2026-08-18T10:00:00+05:30
pay_39cff737,bkg_036e259a,upi,captured,8807.23,8807.23,0.00,INR,mock_036e259a,pidem_0eb68364313c5b0e,,2026-04-20T17:45:40+05:30,2026-04-20T17:47:00+05:30,2026-04-20T17:45:00+05:30,2026-08-18T10:00:00+05:30
pay_280b3c92,bkg_2c73b964,upi,initiated,1750.99,0.00,0.00,SGD,mock_2c73b964,pidem_ab66daa59afa5f9d,,,,2026-06-28T08:00:00+05:30,2026-08-18T10:00:00+05:30
pay_a9a9dabc,bkg_c74a6666,netbanking,initiated,4841.02,0.00,0.00,INR,mock_c74a6666,pidem_8527ef7b21e3cf8e,,,,2026-06-05T19:00:00+05:30,2026-08-18T10:00:00+05:30
pay_4fd86d18,bkg_2ae7bdf2,mock,captured,8375.47,8375.47,0.00,INR,mock_2ae7bdf2,pidem_2197cf886a68d38f,,2026-05-29T10:45:40+05:30,2026-05-29T10:47:00+05:30,2026-05-29T10:45:00+05:30,2026-08-18T10:00:00+05:30
pay_c80bccf8,bkg_36241488,mock,captured,3808.09,3808.09,0.00,INR,mock_36241488,pidem_3922d46b1078052f,,2026-07-10T16:45:40+05:30,2026-07-10T16:47:00+05:30,2026-07-10T16:45:00+05:30,2026-08-18T10:00:00+05:30
pay_6d4e565e,bkg_eff65a35,netbanking,refunded,25306.11,25306.11,25306.11,INR,mock_eff65a35,pidem_be43f4403a003e19,,2026-07-28T12:30:40+05:30,2026-07-28T12:32:00+05:30,2026-07-28T12:30:00+05:30,2026-08-18T10:00:00+05:30
pay_b0996199,bkg_51605e68,upi,refunded,17019.49,17019.49,17019.49,INR,mock_51605e68,pidem_66399327b9ab91f6,,2026-06-07T09:45:40+05:30,2026-06-07T09:47:00+05:30,2026-06-07T09:45:00+05:30,2026-08-18T10:00:00+05:30
pay_56361c12,bkg_89d1df90,netbanking,captured,30289.03,30289.03,0.00,INR,mock_89d1df90,pidem_2d4848625733cd40,,2026-05-08T20:45:40+05:30,2026-05-08T20:47:00+05:30,2026-05-08T20:45:00+05:30,2026-08-18T10:00:00+05:30
pay_2b4ec3d9,bkg_b1e1f6d6,upi,captured,1759.25,1759.25,0.00,SGD,mock_b1e1f6d6,pidem_e86bc1c319eb0170,,2026-07-30T18:15:40+05:30,2026-07-30T18:17:00+05:30,2026-07-30T18:15:00+05:30,2026-08-18T10:00:00+05:30
pay_f0435a53,bkg_6e575539,wallet,captured,28770.13,28770.13,0.00,INR,mock_6e575539,pidem_80dd22c0056bf18a,,2026-07-15T07:30:40+05:30,2026-07-15T07:32:00+05:30,2026-07-15T07:30:00+05:30,2026-08-18T10:00:00+05:30
pay_135b24a3,bkg_a5d6066d,card,initiated,37853.40,0.00,0.00,AED,mock_a5d6066d,pidem_0e5567cdfbafa445,,,,2026-04-27T01:15:00+05:30,2026-08-18T10:00:00+05:30
pay_e45517c7,bkg_ac29d106,card,failed,27109.51,0.00,0.00,INR,mock_ac29d106,pidem_078b486c4523a481,idempotency_conflict,2026-07-26T17:00:40+05:30,,2026-07-26T17:00:00+05:30,2026-08-18T10:00:00+05:30
pay_d270527a,bkg_31af3aac,card,captured,757.55,757.55,0.00,MYR,mock_31af3aac,pidem_baf0f7a926e37278,,2026-08-15T15:15:40+05:30,2026-08-15T15:17:00+05:30,2026-08-15T15:15:00+05:30,2026-08-18T10:00:00+05:30
pay_62691644,bkg_e2a2a2da,netbanking,captured,8045.41,8045.41,0.00,INR,mock_e2a2a2da,pidem_762bfdc53e221329,,2026-06-28T20:15:40+05:30,2026-06-28T20:17:00+05:30,2026-06-28T20:15:00+05:30,2026-08-18T10:00:00+05:30
pay_c37bb12f,bkg_14521416,card,captured,28550.85,28550.85,0.00,INR,mock_14521416,pidem_2f4561cfc3834cb3,,2026-05-01T23:15:40+05:30,2026-05-01T23:17:00+05:30,2026-05-01T23:15:00+05:30,2026-08-18T10:00:00+05:30
pay_b4a67339,bkg_359129a5,card,authorised,27694.00,0.00,0.00,INR,mock_359129a5,pidem_46831a2dcac8a85e,,2026-04-29T04:30:40+05:30,,2026-04-29T04:30:00+05:30,2026-08-18T10:00:00+05:30
pay_e30a7175,bkg_303f82d7,card,captured,11096.13,11096.13,0.00,INR,mock_303f82d7,pidem_7fbcb59d590cead6,,2026-06-08T18:00:40+05:30,2026-06-08T18:02:00+05:30,2026-06-08T18:00:00+05:30,2026-08-18T10:00:00+05:30
pay_17c633ee,bkg_7c3aeaf4,card,refunded,973.29,973.29,973.29,AED,mock_7c3aeaf4,pidem_4bf1d2dbb8903d2e,,2026-06-21T09:45:40+05:30,2026-06-21T09:47:00+05:30,2026-06-21T09:45:00+05:30,2026-08-18T10:00:00+05:30
pay_6c0ded74,bkg_e6e69fdb,card,captured,34776.60,34776.60,0.00,INR,mock_e6e69fdb,pidem_f049413346a720b6,,2026-07-25T20:45:40+05:30,2026-07-25T20:47:00+05:30,2026-07-25T20:45:00+05:30,2026-08-18T10:00:00+05:30
pay_86810b69,bkg_476f37a6,wallet,captured,20552.49,20552.49,0.00,INR,mock_476f37a6,pidem_13e667bafb78ad6b,,2026-06-04T12:30:40+05:30,2026-06-04T12:32:00+05:30,2026-06-04T12:30:00+05:30,2026-08-18T10:00:00+05:30
pay_40b7415b,bkg_dcdcead8,card,captured,15778.69,15778.69,0.00,THB,mock_dcdcead8,pidem_b4d026eddd3da6c5,,2026-07-15T20:30:40+05:30,2026-07-15T20:32:00+05:30,2026-07-15T20:30:00+05:30,2026-08-18T10:00:00+05:30
pay_5877d918,bkg_1e31d636,upi,refunded,65658.30,65658.30,65658.30,INR,mock_1e31d636,pidem_8766979fbecd0892,,2026-08-08T07:30:40+05:30,2026-08-08T07:32:00+05:30,2026-08-08T07:30:00+05:30,2026-08-18T10:00:00+05:30
pay_668d63b4,bkg_b99f3933,netbanking,captured,5295.19,5295.19,0.00,INR,mock_b99f3933,pidem_4e56f126fdbc5743,,2026-04-28T21:45:40+05:30,2026-04-28T21:47:00+05:30,2026-04-28T21:45:00+05:30,2026-08-18T10:00:00+05:30
pay_b7e8d9b1,bkg_ae0e655e,upi,captured,28344.53,28344.53,0.00,INR,mock_ae0e655e,pidem_99d0d6c1eccb2c7f,,2026-06-04T02:00:40+05:30,2026-06-04T02:02:00+05:30,2026-06-04T02:00:00+05:30,2026-08-18T10:00:00+05:30
pay_1cebfb45,bkg_db5a9cb1,card,captured,50701.44,50701.44,0.00,INR,mock_db5a9cb1,pidem_cf04d98fbeb32d6b,,2026-08-05T13:15:40+05:30,2026-08-05T13:17:00+05:30,2026-08-05T13:15:00+05:30,2026-08-18T10:00:00+05:30
pay_985e865b,bkg_c977e8bb,upi,captured,19776.24,19776.24,0.00,NPR,mock_c977e8bb,pidem_77d79e6b5013c730,,2026-04-30T08:15:40+05:30,2026-04-30T08:17:00+05:30,2026-04-30T08:15:00+05:30,2026-08-18T10:00:00+05:30
pay_5bdbde44,bkg_5972dd57,card,captured,19668.28,19668.28,0.00,INR,mock_5972dd57,pidem_c2cd162699b0b010,,2026-06-26T23:45:40+05:30,2026-06-26T23:47:00+05:30,2026-06-26T23:45:00+05:30,2026-08-18T10:00:00+05:30
pay_5d6f2984,bkg_a87b8250,mock,captured,5477.68,5477.68,0.00,AED,mock_a87b8250,pidem_2821352f24ac837a,,2026-06-27T18:15:40+05:30,2026-06-27T18:17:00+05:30,2026-06-27T18:15:00+05:30,2026-08-18T10:00:00+05:30
pay_45792e9e,bkg_dc9158dd,upi,initiated,16808.24,0.00,0.00,INR,mock_dc9158dd,pidem_b163ef4b56ced2de,,,,2026-05-11T17:00:00+05:30,2026-08-18T10:00:00+05:30
pay_6c8b2190,bkg_ce2d0619,upi,captured,12743.16,12743.16,0.00,INR,mock_ce2d0619,pidem_0a60e14691051500,,2026-05-29T02:30:40+05:30,2026-05-29T02:32:00+05:30,2026-05-29T02:30:00+05:30,2026-08-18T10:00:00+05:30
pay_acda54b8,bkg_6d2b2b0d,netbanking,captured,8907.72,8907.72,0.00,INR,mock_6d2b2b0d,pidem_4a74af4938433660,,2026-06-14T18:00:40+05:30,2026-06-14T18:02:00+05:30,2026-06-14T18:00:00+05:30,2026-08-18T10:00:00+05:30
pay_c51ed922,bkg_4d295e44,upi,captured,2913.53,2913.53,0.00,INR,mock_4d295e44,pidem_cb05214feb8c96f3,,2026-05-29T07:00:40+05:30,2026-05-29T07:02:00+05:30,2026-05-29T07:00:00+05:30,2026-08-18T10:00:00+05:30
pay_b1c6efd2,bkg_e943261b,upi,captured,10305.93,10305.93,0.00,INR,mock_e943261b,pidem_24ed8a4165bb7e5e,,2026-08-16T04:45:40+05:30,2026-08-16T04:47:00+05:30,2026-08-16T04:45:00+05:30,2026-08-18T10:00:00+05:30
pay_5a50e857,bkg_1d471b9f,upi,captured,9446.26,9446.26,0.00,JPY,mock_1d471b9f,pidem_2eb409086b2c6245,,2026-06-30T19:15:40+05:30,2026-06-30T19:17:00+05:30,2026-06-30T19:15:00+05:30,2026-08-18T10:00:00+05:30
pay_5e2f176f,bkg_874cbc5b,mock,initiated,5217.56,0.00,0.00,INR,mock_874cbc5b,pidem_75dc274a645bf0c3,,,,2026-08-17T21:45:00+05:30,2026-08-18T10:00:00+05:30
pay_2374bd63,bkg_13a95f9c,card,captured,3383.81,3383.81,0.00,INR,mock_13a95f9c,pidem_f8b644b8e20168bb,,2026-06-17T10:15:40+05:30,2026-06-17T10:17:00+05:30,2026-06-17T10:15:00+05:30,2026-08-18T10:00:00+05:30
pay_d584bae3,bkg_f8deea3f,upi,captured,1753.58,1753.58,0.00,MYR,mock_f8deea3f,pidem_b01ca2e06e2dcd25,,2026-04-29T14:00:40+05:30,2026-04-29T14:02:00+05:30,2026-04-29T14:00:00+05:30,2026-08-18T10:00:00+05:30
pay_e984cc4f,bkg_3cc4ae19,wallet,captured,1830.46,1830.46,0.00,MYR,mock_3cc4ae19,pidem_105a8dad899bcc58,,2026-07-16T07:30:40+05:30,2026-07-16T07:32:00+05:30,2026-07-16T07:30:00+05:30,2026-08-18T10:00:00+05:30
pay_34545aab,bkg_b17879da,card,initiated,167739.31,0.00,0.00,INR,mock_b17879da,pidem_3926dd54f8b16512,,,,2026-05-17T18:15:00+05:30,2026-08-18T10:00:00+05:30
pay_2b6d33d1,bkg_07cd01d8,upi,captured,1615.15,1615.15,0.00,MYR,mock_07cd01d8,pidem_30b44cd5d45b972e,,2026-07-05T13:15:40+05:30,2026-07-05T13:17:00+05:30,2026-07-05T13:15:00+05:30,2026-08-18T10:00:00+05:30
pay_7e9fc5c8,bkg_955334a8,card,captured,6277.23,6277.23,0.00,INR,mock_955334a8,pidem_a59e8dde3e56b3a5,,2026-05-22T14:30:40+05:30,2026-05-22T14:32:00+05:30,2026-05-22T14:30:00+05:30,2026-08-18T10:00:00+05:30
pay_2aeacd19,bkg_b7a0d41c,mock,captured,11991.62,11991.62,0.00,INR,mock_b7a0d41c,pidem_f03c57ac79b14112,,2026-07-20T23:00:40+05:30,2026-07-20T23:02:00+05:30,2026-07-20T23:00:00+05:30,2026-08-18T10:00:00+05:30
pay_a2622937,bkg_fdbee0f6,upi,captured,38486.71,38486.71,0.00,INR,mock_fdbee0f6,pidem_83801a1161202363,,2026-06-22T20:00:40+05:30,2026-06-22T20:02:00+05:30,2026-06-22T20:00:00+05:30,2026-08-18T10:00:00+05:30
pay_e8a90e31,bkg_5be72b33,upi,captured,13726.79,13726.79,0.00,INR,mock_5be72b33,pidem_7bbd564f1352d16d,,2026-05-03T13:30:40+05:30,2026-05-03T13:32:00+05:30,2026-05-03T13:30:00+05:30,2026-08-18T10:00:00+05:30
pay_fb5e3e21,bkg_b9666aa7,card,captured,42654.71,42654.71,0.00,INR,mock_b9666aa7,pidem_f106565d485189b6,,2026-05-24T04:00:40+05:30,2026-05-24T04:02:00+05:30,2026-05-24T04:00:00+05:30,2026-08-18T10:00:00+05:30
pay_058835d2,bkg_f6af427e,upi,failed,42233.56,0.00,0.00,INR,mock_f6af427e,pidem_4f923fb32fe9899d,idempotency_conflict,2026-06-23T17:30:40+05:30,,2026-06-23T17:30:00+05:30,2026-08-18T10:00:00+05:30
pay_55b92c74,bkg_ddb2671f,wallet,refunded,18274.41,18274.41,18274.41,INR,mock_ddb2671f,pidem_7a979a2cfdc97494,,2026-05-27T08:45:40+05:30,2026-05-27T08:47:00+05:30,2026-05-27T08:45:00+05:30,2026-08-18T10:00:00+05:30
pay_eaba5901,bkg_add7ed53,upi,captured,70919.25,70919.25,0.00,INR,mock_add7ed53,pidem_3c7569ebd6b0371c,,2026-05-10T15:45:40+05:30,2026-05-10T15:47:00+05:30,2026-05-10T15:45:00+05:30,2026-08-18T10:00:00+05:30
pay_26b0b78d,bkg_71bb1b23,netbanking,captured,12394.35,12394.35,0.00,INR,mock_71bb1b23,pidem_fec5e8ca294eaca6,,2026-06-25T08:00:40+05:30,2026-06-25T08:02:00+05:30,2026-06-25T08:00:00+05:30,2026-08-18T10:00:00+05:30
pay_806f692d,bkg_ad9785a3,wallet,captured,13713.83,13713.83,0.00,INR,mock_ad9785a3,pidem_ef8c6219832c9050,,2026-07-27T13:45:40+05:30,2026-07-27T13:47:00+05:30,2026-07-27T13:45:00+05:30,2026-08-18T10:00:00+05:30
pay_7212763a,bkg_a9117621,card,captured,14055.18,14055.18,0.00,INR,mock_a9117621,pidem_1a1ecfba00642160,,2026-08-14T15:30:40+05:30,2026-08-14T15:32:00+05:30,2026-08-14T15:30:00+05:30,2026-08-18T10:00:00+05:30
pay_1eef0960,bkg_5625926e,card,captured,91058.70,91058.70,0.00,INR,mock_5625926e,pidem_215b5706ce168cd1,,2026-05-10T21:30:40+05:30,2026-05-10T21:32:00+05:30,2026-05-10T21:30:00+05:30,2026-08-18T10:00:00+05:30
pay_3d1694d3,bkg_faf0ff00,card,captured,74181.95,74181.95,0.00,INR,mock_faf0ff00,pidem_589fc3ed9a04289c,,2026-08-08T06:45:40+05:30,2026-08-08T06:47:00+05:30,2026-08-08T06:45:00+05:30,2026-08-18T10:00:00+05:30
pay_036d28e5,bkg_3c253e5e,upi,captured,18548.84,18548.84,0.00,MYR,mock_3c253e5e,pidem_281faa8360ffca6f,,2026-07-11T06:00:40+05:30,2026-07-11T06:02:00+05:30,2026-07-11T06:00:00+05:30,2026-08-18T10:00:00+05:30
pay_55eca023,bkg_03e4061d,card,captured,10681.85,10681.85,0.00,INR,mock_03e4061d,pidem_6038907cf93eb39f,,2026-06-02T18:30:40+05:30,2026-06-02T18:32:00+05:30,2026-06-02T18:30:00+05:30,2026-08-18T10:00:00+05:30
pay_0aaec2de,bkg_dd574195,upi,captured,34690.72,34690.72,0.00,INR,mock_dd574195,pidem_2d7d31e82230d18f,,2026-06-10T03:45:40+05:30,2026-06-10T03:47:00+05:30,2026-06-10T03:45:00+05:30,2026-08-18T10:00:00+05:30
pay_e677bc13,bkg_7aaa2141,wallet,captured,38908.09,38908.09,0.00,INR,mock_7aaa2141,pidem_9f41efb101c42ee1,,2026-07-05T01:15:40+05:30,2026-07-05T01:17:00+05:30,2026-07-05T01:15:00+05:30,2026-08-18T10:00:00+05:30
pay_944b60dc,bkg_6843bea6,card,captured,16330.05,16330.05,0.00,INR,mock_6843bea6,pidem_74d4446cc5d2e17d,,2026-06-18T01:15:40+05:30,2026-06-18T01:17:00+05:30,2026-06-18T01:15:00+05:30,2026-08-18T10:00:00+05:30
pay_723a6271,bkg_80a04517,mock,captured,13844.43,13844.43,0.00,LKR,mock_80a04517,pidem_d39b63ccfb2217e7,,2026-07-01T07:30:40+05:30,2026-07-01T07:32:00+05:30,2026-07-01T07:30:00+05:30,2026-08-18T10:00:00+05:30
pay_15bb7da3,bkg_b923aa92,card,captured,10098.00,10098.00,0.00,AED,mock_b923aa92,pidem_21bd4e748a7a422d,,2026-06-16T10:30:40+05:30,2026-06-16T10:32:00+05:30,2026-06-16T10:30:00+05:30,2026-08-18T10:00:00+05:30
pay_47534d2e,bkg_7c5973b9,upi,captured,10530.20,10530.20,0.00,INR,mock_7c5973b9,pidem_666f8e1def56fb48,,2026-06-29T10:45:40+05:30,2026-06-29T10:47:00+05:30,2026-06-29T10:45:00+05:30,2026-08-18T10:00:00+05:30
pay_509e595a,bkg_687b31b4,mock,refunded,3745.91,3745.91,3745.91,INR,mock_687b31b4,pidem_1332fb83e3cd858c,,2026-05-14T16:00:40+05:30,2026-05-14T16:02:00+05:30,2026-05-14T16:00:00+05:30,2026-08-18T10:00:00+05:30
pay_3e1e85dc,bkg_719653f5,upi,captured,8537.78,8537.78,0.00,MYR,mock_719653f5,pidem_6ccd54439e4b8f21,,2026-07-29T19:45:40+05:30,2026-07-29T19:47:00+05:30,2026-07-29T19:45:00+05:30,2026-08-18T10:00:00+05:30
pay_0e2c6248,bkg_cce0ec88,upi,captured,8416.89,8416.89,0.00,INR,mock_cce0ec88,pidem_0f763dd4e2c1c440,,2026-07-12T03:00:40+05:30,2026-07-12T03:02:00+05:30,2026-07-12T03:00:00+05:30,2026-08-18T10:00:00+05:30
pay_f18e8ae7,bkg_30e34587,upi,refunded,6483.81,6483.81,6483.81,INR,mock_30e34587,pidem_aed58a712a8cfb7e,,2026-06-19T18:00:40+05:30,2026-06-19T18:02:00+05:30,2026-06-19T18:00:00+05:30,2026-08-18T10:00:00+05:30
pay_ddcbdc1f,bkg_eddfcd86,card,captured,20222.64,20222.64,0.00,INR,mock_eddfcd86,pidem_f81cac6c4f040c6e,,2026-07-22T16:45:40+05:30,2026-07-22T16:47:00+05:30,2026-07-22T16:45:00+05:30,2026-08-18T10:00:00+05:30
pay_7e79f318,bkg_1379f6d2,upi,captured,14573.80,14573.80,0.00,INR,mock_1379f6d2,pidem_7d815b0be1b9df91,,2026-05-17T05:30:40+05:30,2026-05-17T05:32:00+05:30,2026-05-17T05:30:00+05:30,2026-08-18T10:00:00+05:30
pay_d9dfa68d,bkg_12c689b9,mock,captured,65325.52,65325.52,0.00,INR,mock_12c689b9,pidem_ba2a065fdcfee12a,,2026-04-29T06:15:40+05:30,2026-04-29T06:17:00+05:30,2026-04-29T06:15:00+05:30,2026-08-18T10:00:00+05:30
pay_1ca239ae,bkg_31f7107f,upi,captured,9557.37,9557.37,0.00,INR,mock_31f7107f,pidem_c3149ae8973eb4ba,,2026-04-23T13:00:40+05:30,2026-04-23T13:02:00+05:30,2026-04-23T13:00:00+05:30,2026-08-18T10:00:00+05:30
pay_e662e2c2,bkg_34b6c8b7,upi,captured,6692.94,6692.94,0.00,THB,mock_34b6c8b7,pidem_c5417f8100f57b1e,,2026-05-27T14:30:40+05:30,2026-05-27T14:32:00+05:30,2026-05-27T14:30:00+05:30,2026-08-18T10:00:00+05:30
pay_a3b45754,bkg_5b39ef39,mock,captured,53195.27,53195.27,0.00,AED,mock_5b39ef39,pidem_bf245a4899718ac4,,2026-06-13T04:45:40+05:30,2026-06-13T04:47:00+05:30,2026-06-13T04:45:00+05:30,2026-08-18T10:00:00+05:30
pay_67a2988f,bkg_4e843491,upi,refunded,29757.44,29757.44,29757.44,INR,mock_4e843491,pidem_391e1408cee88f6a,,2026-06-29T09:30:40+05:30,2026-06-29T09:32:00+05:30,2026-06-29T09:30:00+05:30,2026-08-18T10:00:00+05:30
pay_f51d6359,bkg_3b939629,mock,refunded,2501.77,2501.77,2501.77,INR,mock_3b939629,pidem_45cf51c547e676a8,,2026-05-12T17:45:40+05:30,2026-05-12T17:47:00+05:30,2026-05-12T17:45:00+05:30,2026-08-18T10:00:00+05:30
pay_fe379406,bkg_8365fa9b,card,authorised,82804.71,0.00,0.00,INR,mock_8365fa9b,pidem_7c48c68ab659741c,,2026-05-24T00:00:40+05:30,,2026-05-24T00:00:00+05:30,2026-08-18T10:00:00+05:30
pay_d6dabf20,bkg_9cab21fa,card,captured,29847.42,29847.42,0.00,INR,mock_9cab21fa,pidem_6778f49201b6e9b2,,2026-08-10T20:00:40+05:30,2026-08-10T20:02:00+05:30,2026-08-10T20:00:00+05:30,2026-08-18T10:00:00+05:30
pay_63c4a73c,bkg_a28225ad,upi,authorised,4729.87,0.00,0.00,INR,mock_a28225ad,pidem_a9413b3b68c3c327,,2026-04-24T00:00:40+05:30,,2026-04-24T00:00:00+05:30,2026-08-18T10:00:00+05:30
pay_7bbf5ce6,bkg_3a78f0e3,upi,refunded,8186.90,8186.90,8186.90,INR,mock_3a78f0e3,pidem_7290dbfef6b546f5,,2026-06-07T02:45:40+05:30,2026-06-07T02:47:00+05:30,2026-06-07T02:45:00+05:30,2026-08-18T10:00:00+05:30
pay_a6e33269,bkg_ed407985,netbanking,captured,43590.30,43590.30,0.00,INR,mock_ed407985,pidem_d910e2ec57da75bd,,2026-07-19T16:30:40+05:30,2026-07-19T16:32:00+05:30,2026-07-19T16:30:00+05:30,2026-08-18T10:00:00+05:30
pay_5c5f571e,bkg_9151d80d,upi,captured,4059.83,4059.83,0.00,INR,mock_9151d80d,pidem_9a6a72c36275ecb4,,2026-06-12T00:00:40+05:30,2026-06-12T00:02:00+05:30,2026-06-12T00:00:00+05:30,2026-08-18T10:00:00+05:30
pay_4e5e2ade,bkg_0b31368f,upi,captured,20965.85,20965.85,0.00,INR,mock_0b31368f,pidem_7c1f40e31b4fbb26,,2026-05-30T00:45:40+05:30,2026-05-30T00:47:00+05:30,2026-05-30T00:45:00+05:30,2026-08-18T10:00:00+05:30
pay_2af39bed,bkg_9d28f414,card,captured,9349.48,9349.48,0.00,IDR,mock_9d28f414,pidem_b2ca7003c697bf84,,2026-06-29T05:45:40+05:30,2026-06-29T05:47:00+05:30,2026-06-29T05:45:00+05:30,2026-08-18T10:00:00+05:30
pay_ba081feb,bkg_6d883642,upi,initiated,1146.49,0.00,0.00,MYR,mock_6d883642,pidem_5daf7d9ca2f236a8,,,,2026-06-24T09:45:00+05:30,2026-08-18T10:00:00+05:30
pay_e137f013,bkg_d23c602c,card,captured,24101.59,24101.59,0.00,INR,mock_d23c602c,pidem_607aa43fee20c9b0,,2026-05-21T04:45:40+05:30,2026-05-21T04:47:00+05:30,2026-05-21T04:45:00+05:30,2026-08-18T10:00:00+05:30
pay_7bb5c30f,bkg_53664823,upi,authorised,43279.81,0.00,0.00,INR,mock_53664823,pidem_217c82c9ebe4b385,,2026-04-27T21:45:40+05:30,,2026-04-27T21:45:00+05:30,2026-08-18T10:00:00+05:30
pay_0d6f67bb,bkg_9396da46,upi,captured,95523.29,95523.29,0.00,INR,mock_9396da46,pidem_682f5c33c126d361,,2026-05-02T03:30:40+05:30,2026-05-02T03:32:00+05:30,2026-05-02T03:30:00+05:30,2026-08-18T10:00:00+05:30
pay_b715e329,bkg_b5c1fbbd,netbanking,refunded,52370.52,52370.52,52370.52,INR,mock_b5c1fbbd,pidem_1110ec33f2fcdc49,,2026-06-06T00:15:40+05:30,2026-06-06T00:17:00+05:30,2026-06-06T00:15:00+05:30,2026-08-18T10:00:00+05:30
pay_ef0323e3,bkg_6e2b4071,card,captured,5001.29,5001.29,0.00,INR,mock_6e2b4071,pidem_b74b1d337ac3b028,,2026-05-02T16:15:40+05:30,2026-05-02T16:17:00+05:30,2026-05-02T16:15:00+05:30,2026-08-18T10:00:00+05:30
pay_907ec606,bkg_74d8190e,upi,captured,12179.05,12179.05,0.00,INR,mock_74d8190e,pidem_fd4ab407dc1cb3be,,2026-07-08T10:30:40+05:30,2026-07-08T10:32:00+05:30,2026-07-08T10:30:00+05:30,2026-08-18T10:00:00+05:30
pay_bfa39fcf,bkg_7937d24e,card,captured,7336.29,7336.29,0.00,INR,mock_7937d24e,pidem_29bea5e7b17acf81,,2026-07-28T18:45:40+05:30,2026-07-28T18:47:00+05:30,2026-07-28T18:45:00+05:30,2026-08-18T10:00:00+05:30
pay_b8fc6d1d,bkg_1577b2c1,card,captured,14447.12,14447.12,0.00,MVR,mock_1577b2c1,pidem_a743c4def7ffbd42,,2026-06-07T06:30:40+05:30,2026-06-07T06:32:00+05:30,2026-06-07T06:30:00+05:30,2026-08-18T10:00:00+05:30
pay_404cd476,bkg_e54b67a7,card,refunded,40389.73,40389.73,40389.73,AED,mock_e54b67a7,pidem_9f32b4c557a4e437,,2026-08-06T00:00:40+05:30,2026-08-06T00:02:00+05:30,2026-08-06T00:00:00+05:30,2026-08-18T10:00:00+05:30
pay_807b4144,bkg_318ebd86,mock,captured,12316.11,12316.11,0.00,INR,mock_318ebd86,pidem_85ae21f5ac8a917d,,2026-04-25T16:45:40+05:30,2026-04-25T16:47:00+05:30,2026-04-25T16:45:00+05:30,2026-08-18T10:00:00+05:30
pay_da852e31,bkg_5e444ae2,upi,captured,48719.91,48719.91,0.00,INR,mock_5e444ae2,pidem_898b54322cdd5a3d,,2026-08-12T02:00:40+05:30,2026-08-12T02:02:00+05:30,2026-08-12T02:00:00+05:30,2026-08-18T10:00:00+05:30
pay_5df87969,bkg_5bd4fa90,upi,captured,5838.90,5838.90,0.00,INR,mock_5bd4fa90,pidem_05f7c562f653c11f,,2026-07-08T01:00:40+05:30,2026-07-08T01:02:00+05:30,2026-07-08T01:00:00+05:30,2026-08-18T10:00:00+05:30
pay_ca7356fe,bkg_155577f6,upi,captured,9321.88,9321.88,0.00,INR,mock_155577f6,pidem_63ef659a155905bd,,2026-06-06T12:30:40+05:30,2026-06-06T12:32:00+05:30,2026-06-06T12:30:00+05:30,2026-08-18T10:00:00+05:30
pay_e967c901,bkg_515eee76,upi,captured,28356.17,28356.17,0.00,INR,mock_515eee76,pidem_1fd305721d327125,,2026-05-30T13:15:40+05:30,2026-05-30T13:17:00+05:30,2026-05-30T13:15:00+05:30,2026-08-18T10:00:00+05:30
pay_05ac7940,bkg_0179e0bb,card,captured,8536.53,8536.53,0.00,INR,mock_0179e0bb,pidem_42ef66655ae6844d,,2026-07-01T11:15:40+05:30,2026-07-01T11:17:00+05:30,2026-07-01T11:15:00+05:30,2026-08-18T10:00:00+05:30
pay_b547a83b,bkg_c703a2c5,netbanking,captured,34345.32,34345.32,0.00,INR,mock_c703a2c5,pidem_9067259d9bc8458b,,2026-05-08T03:15:40+05:30,2026-05-08T03:17:00+05:30,2026-05-08T03:15:00+05:30,2026-08-18T10:00:00+05:30
pay_36ee6ec4,bkg_a7f0c285,netbanking,captured,6836.44,6836.44,0.00,NPR,mock_a7f0c285,pidem_1e43c838ab94a7ab,,2026-07-23T07:00:40+05:30,2026-07-23T07:02:00+05:30,2026-07-23T07:00:00+05:30,2026-08-18T10:00:00+05:30
pay_2f219e48,bkg_a5051b36,upi,refunded,4383.09,4383.09,4383.09,INR,mock_a5051b36,pidem_34ab57174fbc063a,,2026-08-14T00:15:40+05:30,2026-08-14T00:17:00+05:30,2026-08-14T00:15:00+05:30,2026-08-18T10:00:00+05:30
pay_bf4a6457,bkg_0c346810,mock,captured,43969.34,43969.34,0.00,INR,mock_0c346810,pidem_8b6749b8cb9bff18,,2026-06-17T05:30:40+05:30,2026-06-17T05:32:00+05:30,2026-06-17T05:30:00+05:30,2026-08-18T10:00:00+05:30
pay_7871f80c,bkg_66ef94c9,upi,captured,4162.78,4162.78,0.00,JPY,mock_66ef94c9,pidem_eacc055a5951d507,,2026-05-16T13:00:40+05:30,2026-05-16T13:02:00+05:30,2026-05-16T13:00:00+05:30,2026-08-18T10:00:00+05:30
pay_41337fbf,bkg_8a122c3d,wallet,captured,14497.57,14497.57,0.00,INR,mock_8a122c3d,pidem_47d47bc7c2d6f5d5,,2026-05-04T03:15:40+05:30,2026-05-04T03:17:00+05:30,2026-05-04T03:15:00+05:30,2026-08-18T10:00:00+05:30
pay_d7b977d6,bkg_d9d5e856,upi,initiated,15432.03,0.00,0.00,JPY,mock_d9d5e856,pidem_c4c0704753524fb6,,,,2026-05-16T20:30:00+05:30,2026-08-18T10:00:00+05:30
pay_fa063e50,bkg_d4757b52,wallet,refunded,24834.63,24834.63,24834.63,INR,mock_d4757b52,pidem_1d807b9a3e8fb2a9,,2026-08-01T22:00:40+05:30,2026-08-01T22:02:00+05:30,2026-08-01T22:00:00+05:30,2026-08-18T10:00:00+05:30
pay_a9f80319,bkg_52633a14,upi,refunded,31767.64,31767.64,31767.64,INR,mock_52633a14,pidem_8e9afa384acd2303,,2026-08-10T07:30:40+05:30,2026-08-10T07:32:00+05:30,2026-08-10T07:30:00+05:30,2026-08-18T10:00:00+05:30
pay_26290c07,bkg_6e32bfa8,card,captured,80448.28,80448.28,0.00,INR,mock_6e32bfa8,pidem_121da3172d1ec9f0,,2026-05-31T20:30:40+05:30,2026-05-31T20:32:00+05:30,2026-05-31T20:30:00+05:30,2026-08-18T10:00:00+05:30
pay_b22bfae4,bkg_de4a02e0,netbanking,captured,15325.61,15325.61,0.00,INR,mock_de4a02e0,pidem_18e9eb667827da8a,,2026-07-21T12:15:40+05:30,2026-07-21T12:17:00+05:30,2026-07-21T12:15:00+05:30,2026-08-18T10:00:00+05:30
pay_464de9a9,bkg_66230299,card,captured,16418.82,16418.82,0.00,INR,mock_66230299,pidem_5f9cced6323db097,,2026-08-17T01:30:40+05:30,2026-08-17T01:32:00+05:30,2026-08-17T01:30:00+05:30,2026-08-18T10:00:00+05:30
pay_4e234431,bkg_b6ff3804,card,refunded,4552.80,4552.80,4552.80,INR,mock_b6ff3804,pidem_b76ee6e922a58519,,2026-06-21T06:45:40+05:30,2026-06-21T06:47:00+05:30,2026-06-21T06:45:00+05:30,2026-08-18T10:00:00+05:30
pay_7bf52bb9,bkg_9a333408,mock,initiated,8293.63,0.00,0.00,MYR,mock_9a333408,pidem_a9503168b2024375,,,,2026-04-24T09:00:00+05:30,2026-08-18T10:00:00+05:30
pay_8c014458,bkg_8cf52cab,netbanking,authorised,5132.79,0.00,0.00,AED,mock_8cf52cab,pidem_3b550740eb9ff96c,,2026-07-28T20:00:40+05:30,,2026-07-28T20:00:00+05:30,2026-08-18T10:00:00+05:30
pay_3abc66ce,bkg_63849d8c,netbanking,captured,26154.15,26154.15,0.00,INR,mock_63849d8c,pidem_a9d1244e6cf2f4b5,,2026-06-22T23:30:40+05:30,2026-06-22T23:32:00+05:30,2026-06-22T23:30:00+05:30,2026-08-18T10:00:00+05:30
pay_da426052,bkg_ad7d4dd0,upi,captured,27533.88,27533.88,0.00,INR,mock_ad7d4dd0,pidem_fb96f0e07e2600d4,,2026-04-25T14:30:40+05:30,2026-04-25T14:32:00+05:30,2026-04-25T14:30:00+05:30,2026-08-18T10:00:00+05:30
pay_df79c855,bkg_8bd18a1e,netbanking,captured,63309.08,63309.08,0.00,INR,mock_8bd18a1e,pidem_8035ee53532c89af,,2026-07-31T20:00:40+05:30,2026-07-31T20:02:00+05:30,2026-07-31T20:00:00+05:30,2026-08-18T10:00:00+05:30
pay_43bed680,bkg_1ef14f40,upi,captured,8503.72,8503.72,0.00,IDR,mock_1ef14f40,pidem_d37c9b6fd08d4f39,,2026-07-26T15:30:40+05:30,2026-07-26T15:32:00+05:30,2026-07-26T15:30:00+05:30,2026-08-18T10:00:00+05:30
pay_d7fd5b81,bkg_23a99be2,netbanking,authorised,2693.01,0.00,0.00,INR,mock_23a99be2,pidem_fbd3423ae17b1df8,,2026-04-21T11:00:40+05:30,,2026-04-21T11:00:00+05:30,2026-08-18T10:00:00+05:30
pay_61547475,bkg_d75f4ff2,upi,captured,16046.76,16046.76,0.00,THB,mock_d75f4ff2,pidem_4a787545efd04f08,,2026-08-11T01:00:40+05:30,2026-08-11T01:02:00+05:30,2026-08-11T01:00:00+05:30,2026-08-18T10:00:00+05:30
pay_1c78cd8c,bkg_36348ebc,card,captured,2259.28,2259.28,0.00,INR,mock_36348ebc,pidem_a16247c38237aef9,,2026-05-22T09:30:40+05:30,2026-05-22T09:32:00+05:30,2026-05-22T09:30:00+05:30,2026-08-18T10:00:00+05:30
pay_f3e85e23,bkg_215ea028,upi,captured,9127.57,9127.57,0.00,NPR,mock_215ea028,pidem_8a5c4a25f40c732c,,2026-06-21T23:45:40+05:30,2026-06-21T23:47:00+05:30,2026-06-21T23:45:00+05:30,2026-08-18T10:00:00+05:30
pay_d105758e,bkg_c8f9ca48,mock,captured,11495.55,11495.55,0.00,INR,mock_c8f9ca48,pidem_df443e1883e7b51f,,2026-04-28T02:00:40+05:30,2026-04-28T02:02:00+05:30,2026-04-28T02:00:00+05:30,2026-08-18T10:00:00+05:30
pay_eba60a0d,bkg_acf721e7,upi,captured,25260.83,25260.83,0.00,INR,mock_acf721e7,pidem_70741fd0df4f11fa,,2026-07-31T15:00:40+05:30,2026-07-31T15:02:00+05:30,2026-07-31T15:00:00+05:30,2026-08-18T10:00:00+05:30
pay_d5f53d82,bkg_2fbfd6b7,upi,refunded,4829.91,4829.91,4829.91,MYR,mock_2fbfd6b7,pidem_c02bb774cf8c1771,,2026-05-05T10:15:40+05:30,2026-05-05T10:17:00+05:30,2026-05-05T10:15:00+05:30,2026-08-18T10:00:00+05:30
pay_eaee4ce2,bkg_50693c46,card,captured,36497.63,36497.63,0.00,INR,mock_50693c46,pidem_02d7351e7b6a51e6,,2026-05-11T17:00:40+05:30,2026-05-11T17:02:00+05:30,2026-05-11T17:00:00+05:30,2026-08-18T10:00:00+05:30
pay_8a160829,bkg_fe334b7e,upi,captured,5551.82,5551.82,0.00,INR,mock_fe334b7e,pidem_c6c2caa55f4d2bf3,,2026-08-16T04:30:40+05:30,2026-08-16T04:32:00+05:30,2026-08-16T04:30:00+05:30,2026-08-18T10:00:00+05:30
pay_783763d7,bkg_988546cf,upi,captured,27195.64,27195.64,0.00,INR,mock_988546cf,pidem_4e2b73d4f5c84a88,,2026-04-22T08:30:40+05:30,2026-04-22T08:32:00+05:30,2026-04-22T08:30:00+05:30,2026-08-18T10:00:00+05:30
pay_7500237b,bkg_8d71a951,mock,refunded,7692.66,7692.66,7692.66,INR,mock_8d71a951,pidem_26f152a7bcb532c5,,2026-05-21T20:00:40+05:30,2026-05-21T20:02:00+05:30,2026-05-21T20:00:00+05:30,2026-08-18T10:00:00+05:30
pay_2a84659c,bkg_2fde4606,upi,authorised,5154.63,0.00,0.00,INR,mock_2fde4606,pidem_c3486918f90ea879,,2026-04-26T11:30:40+05:30,,2026-04-26T11:30:00+05:30,2026-08-18T10:00:00+05:30
pay_ab4b04aa,bkg_c9d55d68,card,captured,34135.96,34135.96,0.00,INR,mock_c9d55d68,pidem_3dae04effce6a64c,,2026-06-04T18:30:40+05:30,2026-06-04T18:32:00+05:30,2026-06-04T18:30:00+05:30,2026-08-18T10:00:00+05:30
pay_70a33dc7,bkg_d0f20c1b,upi,initiated,65506.52,0.00,0.00,INR,mock_d0f20c1b,pidem_67777113587bc85d,,,,2026-07-24T09:00:00+05:30,2026-08-18T10:00:00+05:30
pay_82ffaf8f,bkg_03ab9ab3,card,captured,8997.41,8997.41,0.00,INR,mock_03ab9ab3,pidem_44fbad8dd2266f1f,,2026-08-13T17:15:40+05:30,2026-08-13T17:17:00+05:30,2026-08-13T17:15:00+05:30,2026-08-18T10:00:00+05:30
pay_128a87cc,bkg_1cf7c790,upi,captured,4884.82,4884.82,0.00,JPY,mock_1cf7c790,pidem_387225e6c7fc224a,,2026-08-01T10:30:40+05:30,2026-08-01T10:32:00+05:30,2026-08-01T10:30:00+05:30,2026-08-18T10:00:00+05:30
pay_a650839d,bkg_85cd5698,wallet,refunded,5907.40,5907.40,5907.40,INR,mock_85cd5698,pidem_b61b445c28ce35e5,,2026-06-29T06:30:40+05:30,2026-06-29T06:32:00+05:30,2026-06-29T06:30:00+05:30,2026-08-18T10:00:00+05:30
pay_4e7cd09c,bkg_23e7aa2d,upi,captured,9498.72,9498.72,0.00,JPY,mock_23e7aa2d,pidem_a5e226d493675466,,2026-06-03T13:00:40+05:30,2026-06-03T13:02:00+05:30,2026-06-03T13:00:00+05:30,2026-08-18T10:00:00+05:30
pay_59c3d66b,bkg_9a33f71a,upi,refunded,785.51,785.51,785.51,SGD,mock_9a33f71a,pidem_0e37a987b30bd6f0,,2026-05-23T14:15:40+05:30,2026-05-23T14:17:00+05:30,2026-05-23T14:15:00+05:30,2026-08-18T10:00:00+05:30
pay_b925ea6d,bkg_36b725ef,upi,captured,11416.70,11416.70,0.00,INR,mock_36b725ef,pidem_6d528fa6d6e1b6c2,,2026-06-30T20:45:40+05:30,2026-06-30T20:47:00+05:30,2026-06-30T20:45:00+05:30,2026-08-18T10:00:00+05:30
pay_e2444a04,bkg_25b6cc69,card,captured,5956.34,5956.34,0.00,INR,mock_25b6cc69,pidem_7034090c72ff6de9,,2026-05-20T13:45:40+05:30,2026-05-20T13:47:00+05:30,2026-05-20T13:45:00+05:30,2026-08-18T10:00:00+05:30
pay_c6f5ee59,bkg_4bc2d98f,wallet,refunded,41879.52,41879.52,41879.52,INR,mock_4bc2d98f,pidem_abfb90c042c5a9b2,,2026-06-13T05:00:40+05:30,2026-06-13T05:02:00+05:30,2026-06-13T05:00:00+05:30,2026-08-18T10:00:00+05:30
pay_f1788552,bkg_7d4eb2a1,upi,captured,21939.32,21939.32,0.00,INR,mock_7d4eb2a1,pidem_7782032d0651c1c5,,2026-08-04T06:15:40+05:30,2026-08-04T06:17:00+05:30,2026-08-04T06:15:00+05:30,2026-08-18T10:00:00+05:30
pay_8a1f8268,bkg_c374ba98,card,captured,882.63,882.63,0.00,SGD,mock_c374ba98,pidem_2b61840c555c5f0a,,2026-06-04T00:45:40+05:30,2026-06-04T00:47:00+05:30,2026-06-04T00:45:00+05:30,2026-08-18T10:00:00+05:30
pay_d8d9de2d,bkg_5f3d09c8,upi,captured,8865.05,8865.05,0.00,THB,mock_5f3d09c8,pidem_5004d49bd9d48980,,2026-05-13T07:30:40+05:30,2026-05-13T07:32:00+05:30,2026-05-13T07:30:00+05:30,2026-08-18T10:00:00+05:30
pay_3b26018f,bkg_09048099,wallet,captured,113.38,113.38,0.00,SGD,mock_09048099,pidem_9928783c63da44c9,,2026-06-09T06:45:40+05:30,2026-06-09T06:47:00+05:30,2026-06-09T06:45:00+05:30,2026-08-18T10:00:00+05:30
pay_e8652ab1,bkg_43d20e75,upi,initiated,25009.90,0.00,0.00,INR,mock_43d20e75,pidem_0c44ceff47291400,,,,2026-05-26T07:15:00+05:30,2026-08-18T10:00:00+05:30
pay_bc4bf9e5,bkg_8f59e4ba,card,captured,119758.44,119758.44,0.00,INR,mock_8f59e4ba,pidem_5c1e4814b98d9512,,2026-06-14T18:00:40+05:30,2026-06-14T18:02:00+05:30,2026-06-14T18:00:00+05:30,2026-08-18T10:00:00+05:30
pay_fdfc4111,bkg_119cdfd9,upi,refunded,16590.37,16590.37,16590.37,INR,mock_119cdfd9,pidem_7db65eb43ef3b9ef,,2026-05-20T16:15:40+05:30,2026-05-20T16:17:00+05:30,2026-05-20T16:15:00+05:30,2026-08-18T10:00:00+05:30
pay_e7156716,bkg_388f68fd,wallet,captured,8167.64,8167.64,0.00,INR,mock_388f68fd,pidem_44c5bd0512fd7306,,2026-06-27T16:45:40+05:30,2026-06-27T16:47:00+05:30,2026-06-27T16:45:00+05:30,2026-08-18T10:00:00+05:30
pay_f4a15a6b,bkg_d7ad9d06,netbanking,captured,20540.82,20540.82,0.00,INR,mock_d7ad9d06,pidem_d397dc96e98b0845,,2026-06-28T11:45:40+05:30,2026-06-28T11:47:00+05:30,2026-06-28T11:45:00+05:30,2026-08-18T10:00:00+05:30
pay_33f589b0,bkg_09028190,mock,captured,5803.15,5803.15,0.00,INR,mock_09028190,pidem_d9c5c3be1335abc0,,2026-07-28T09:00:40+05:30,2026-07-28T09:02:00+05:30,2026-07-28T09:00:00+05:30,2026-08-18T10:00:00+05:30
pay_94a47fda,bkg_a1e01833,upi,captured,33221.44,33221.44,0.00,INR,mock_a1e01833,pidem_ba31b88f988fc5e8,,2026-07-18T11:45:40+05:30,2026-07-18T11:47:00+05:30,2026-07-18T11:45:00+05:30,2026-08-18T10:00:00+05:30
pay_86f8c0fc,bkg_d667f00d,netbanking,captured,10411.97,10411.97,0.00,INR,mock_d667f00d,pidem_0f9852eff28bd44c,,2026-06-11T10:45:40+05:30,2026-06-11T10:47:00+05:30,2026-06-11T10:45:00+05:30,2026-08-18T10:00:00+05:30
pay_ccc59dd8,bkg_43069391,upi,captured,30658.32,30658.32,0.00,INR,mock_43069391,pidem_4339e026ed9ccbd7,,2026-06-01T08:00:40+05:30,2026-06-01T08:02:00+05:30,2026-06-01T08:00:00+05:30,2026-08-18T10:00:00+05:30
pay_31e172ac,bkg_8bb6e65a,upi,captured,47668.19,47668.19,0.00,INR,mock_8bb6e65a,pidem_a33838d2f76d111b,,2026-07-29T08:15:40+05:30,2026-07-29T08:17:00+05:30,2026-07-29T08:15:00+05:30,2026-08-18T10:00:00+05:30
pay_ed265d01,bkg_10a47c55,card,captured,14361.92,14361.92,0.00,INR,mock_10a47c55,pidem_73f3b27e95c2b213,,2026-05-18T16:15:40+05:30,2026-05-18T16:17:00+05:30,2026-05-18T16:15:00+05:30,2026-08-18T10:00:00+05:30
pay_ad35c729,bkg_e30759ec,wallet,captured,83507.29,83507.29,0.00,INR,mock_e30759ec,pidem_472b8548457cc6bd,,2026-07-08T03:30:40+05:30,2026-07-08T03:32:00+05:30,2026-07-08T03:30:00+05:30,2026-08-18T10:00:00+05:30
pay_f64d756e,bkg_bb302231,card,failed,43060.92,0.00,0.00,AED,mock_bb302231,pidem_80d4d348a11d2a03,idempotency_conflict,2026-04-25T14:30:40+05:30,,2026-04-25T14:30:00+05:30,2026-08-18T10:00:00+05:30
pay_8c154ec0,bkg_6576cf7c,card,captured,151177.15,151177.15,0.00,INR,mock_6576cf7c,pidem_32ce6ff6cdeeda29,,2026-05-09T14:15:40+05:30,2026-05-09T14:17:00+05:30,2026-05-09T14:15:00+05:30,2026-08-18T10:00:00+05:30
pay_22596607,bkg_9b09522b,card,captured,91011.47,91011.47,0.00,INR,mock_9b09522b,pidem_7a878ea9eb0773a6,,2026-07-04T02:30:40+05:30,2026-07-04T02:32:00+05:30,2026-07-04T02:30:00+05:30,2026-08-18T10:00:00+05:30
pay_1623bea5,bkg_ed5add98,upi,captured,16468.49,16468.49,0.00,INR,mock_ed5add98,pidem_89cda54d13730d8c,,2026-05-01T05:00:40+05:30,2026-05-01T05:02:00+05:30,2026-05-01T05:00:00+05:30,2026-08-18T10:00:00+05:30
pay_a6f4719b,bkg_8c26ab8f,upi,refunded,8440.17,8440.17,8440.17,INR,mock_8c26ab8f,pidem_cd33ecd721b2b903,,2026-07-22T11:00:40+05:30,2026-07-22T11:02:00+05:30,2026-07-22T11:00:00+05:30,2026-08-18T10:00:00+05:30
pay_254ae9ff,bkg_d1978fdb,upi,authorised,17074.90,0.00,0.00,MVR,mock_d1978fdb,pidem_6820d9e961e725e6,,2026-08-16T15:45:40+05:30,,2026-08-16T15:45:00+05:30,2026-08-18T10:00:00+05:30
pay_49727056,bkg_66a1d895,upi,authorised,14947.34,0.00,0.00,INR,mock_66a1d895,pidem_3f958a81ba4d6aa2,,2026-08-02T04:30:40+05:30,,2026-08-02T04:30:00+05:30,2026-08-18T10:00:00+05:30
pay_9a466cb3,bkg_b60343a3,card,captured,61301.65,61301.65,0.00,INR,mock_b60343a3,pidem_5caa0efeff66185b,,2026-06-26T06:30:40+05:30,2026-06-26T06:32:00+05:30,2026-06-26T06:30:00+05:30,2026-08-18T10:00:00+05:30
pay_1053f4fa,bkg_2264273b,card,refunded,80531.90,80531.90,80531.90,INR,mock_2264273b,pidem_3d91bf6a615c9f78,,2026-07-09T19:00:40+05:30,2026-07-09T19:02:00+05:30,2026-07-09T19:00:00+05:30,2026-08-18T10:00:00+05:30
pay_bbb458f4,bkg_44a1c6b3,card,captured,4251.25,4251.25,0.00,AED,mock_44a1c6b3,pidem_aa73c99e20c11047,,2026-05-07T05:15:40+05:30,2026-05-07T05:17:00+05:30,2026-05-07T05:15:00+05:30,2026-08-18T10:00:00+05:30
pay_d7c453b5,bkg_9c1a072f,upi,captured,9281.69,9281.69,0.00,INR,mock_9c1a072f,pidem_5b64ae0891d8dfbd,,2026-05-15T08:00:40+05:30,2026-05-15T08:02:00+05:30,2026-05-15T08:00:00+05:30,2026-08-18T10:00:00+05:30
pay_95766805,bkg_ab6f521c,upi,captured,1625.97,1625.97,0.00,AED,mock_ab6f521c,pidem_b8d84ff281e8f8a9,,2026-07-03T09:00:40+05:30,2026-07-03T09:02:00+05:30,2026-07-03T09:00:00+05:30,2026-08-18T10:00:00+05:30
pay_dc99e48e,bkg_2b775655,mock,captured,3140.48,3140.48,0.00,INR,mock_2b775655,pidem_8f08bc15db0043bb,,2026-05-16T11:00:40+05:30,2026-05-16T11:02:00+05:30,2026-05-16T11:00:00+05:30,2026-08-18T10:00:00+05:30
pay_305ae297,bkg_88bbe3fe,mock,refunded,5680.43,5680.43,5680.43,INR,mock_88bbe3fe,pidem_474cd4c191851260,,2026-07-07T15:30:40+05:30,2026-07-07T15:32:00+05:30,2026-07-07T15:30:00+05:30,2026-08-18T10:00:00+05:30
pay_7e346f98,bkg_b8fac971,upi,captured,8467.35,8467.35,0.00,THB,mock_b8fac971,pidem_97f746ab214ce763,,2026-07-26T20:15:40+05:30,2026-07-26T20:17:00+05:30,2026-07-26T20:15:00+05:30,2026-08-18T10:00:00+05:30
pay_103a4e9b,bkg_24c905cb,upi,initiated,5367.98,0.00,0.00,INR,mock_24c905cb,pidem_c92c83d21ba38176,,,,2026-07-11T05:30:00+05:30,2026-08-18T10:00:00+05:30
pay_482c8a2f,bkg_3c05779a,upi,captured,8106.90,8106.90,0.00,INR,mock_3c05779a,pidem_0bdf50f0c8770127,,2026-07-06T01:30:40+05:30,2026-07-06T01:32:00+05:30,2026-07-06T01:30:00+05:30,2026-08-18T10:00:00+05:30
pay_f52fd78a,bkg_589f9811,upi,captured,3716.09,3716.09,0.00,AED,mock_589f9811,pidem_eada2dedf4e26677,,2026-05-05T23:30:40+05:30,2026-05-05T23:32:00+05:30,2026-05-05T23:30:00+05:30,2026-08-18T10:00:00+05:30
pay_5553af85,bkg_af2bc523,mock,captured,13612.82,13612.82,0.00,INR,mock_af2bc523,pidem_6f3c6d963b6c41fa,,2026-06-24T22:15:40+05:30,2026-06-24T22:17:00+05:30,2026-06-24T22:15:00+05:30,2026-08-18T10:00:00+05:30
pay_401d1e1d,bkg_43e1893b,upi,authorised,37729.42,0.00,0.00,INR,mock_43e1893b,pidem_eac980c298a7a9e9,,2026-04-21T09:45:40+05:30,,2026-04-21T09:45:00+05:30,2026-08-18T10:00:00+05:30
pay_b34d4eef,bkg_35a9bf68,card,captured,84150.15,84150.15,0.00,INR,mock_35a9bf68,pidem_6811586fce6fe1e6,,2026-05-01T10:00:40+05:30,2026-05-01T10:02:00+05:30,2026-05-01T10:00:00+05:30,2026-08-18T10:00:00+05:30
pay_ec648c6c,bkg_b395b4d4,netbanking,failed,6614.59,0.00,0.00,INR,mock_b395b4d4,pidem_57c3e25f4de4bf6b,idempotency_conflict,2026-04-28T00:45:40+05:30,,2026-04-28T00:45:00+05:30,2026-08-18T10:00:00+05:30
pay_737243ab,bkg_2f6edbaf,card,captured,16739.68,16739.68,0.00,INR,mock_2f6edbaf,pidem_c0902745ce436638,,2026-06-03T03:00:40+05:30,2026-06-03T03:02:00+05:30,2026-06-03T03:00:00+05:30,2026-08-18T10:00:00+05:30
pay_7830f85d,bkg_26e8a50d,netbanking,captured,28265.36,28265.36,0.00,INR,mock_26e8a50d,pidem_2ba4a9fb2d36bda5,,2026-06-17T12:15:40+05:30,2026-06-17T12:17:00+05:30,2026-06-17T12:15:00+05:30,2026-08-18T10:00:00+05:30
pay_6e413a12,bkg_b64a1dbc,wallet,authorised,8124.61,0.00,0.00,INR,mock_b64a1dbc,pidem_77df0ab59bd708df,,2026-06-21T23:15:40+05:30,,2026-06-21T23:15:00+05:30,2026-08-18T10:00:00+05:30
pay_b54020cf,bkg_4a5f5fb9,upi,captured,14369.40,14369.40,0.00,INR,mock_4a5f5fb9,pidem_2e086c7f288fdf95,,2026-07-05T00:45:40+05:30,2026-07-05T00:47:00+05:30,2026-07-05T00:45:00+05:30,2026-08-18T10:00:00+05:30
pay_72768070,bkg_688f0871,upi,captured,5360.92,5360.92,0.00,INR,mock_688f0871,pidem_4a7e3cbac9dde433,,2026-07-21T05:15:40+05:30,2026-07-21T05:17:00+05:30,2026-07-21T05:15:00+05:30,2026-08-18T10:00:00+05:30
pay_8713254b,bkg_67cdd7d0,upi,captured,4204.46,4204.46,0.00,INR,mock_67cdd7d0,pidem_949feb86fe0da382,,2026-04-30T16:45:40+05:30,2026-04-30T16:47:00+05:30,2026-04-30T16:45:00+05:30,2026-08-18T10:00:00+05:30
pay_22ca8c09,bkg_cf73b466,card,captured,22907.10,22907.10,0.00,INR,mock_cf73b466,pidem_9ccad11f46472163,,2026-06-25T05:15:40+05:30,2026-06-25T05:17:00+05:30,2026-06-25T05:15:00+05:30,2026-08-18T10:00:00+05:30
pay_26d27536,bkg_8b9970dd,card,initiated,20587.77,0.00,0.00,INR,mock_8b9970dd,pidem_8fd3aa13ceac61ed,,,,2026-05-22T12:45:00+05:30,2026-08-18T10:00:00+05:30
pay_96462dd7,bkg_7ccb3d58,card,captured,5386.01,5386.01,0.00,INR,mock_7ccb3d58,pidem_414fecc5550a5432,,2026-07-18T16:30:40+05:30,2026-07-18T16:32:00+05:30,2026-07-18T16:30:00+05:30,2026-08-18T10:00:00+05:30
pay_af0ecfe1,bkg_d965a009,netbanking,captured,26595.60,26595.60,0.00,INR,mock_d965a009,pidem_da1a1011d4f23a52,,2026-04-26T02:45:40+05:30,2026-04-26T02:47:00+05:30,2026-04-26T02:45:00+05:30,2026-08-18T10:00:00+05:30
pay_9cb22422,bkg_6c2fc05f,upi,refunded,7356.65,7356.65,7356.65,INR,mock_6c2fc05f,pidem_7680c45c6484a1b3,,2026-05-06T07:45:40+05:30,2026-05-06T07:47:00+05:30,2026-05-06T07:45:00+05:30,2026-08-18T10:00:00+05:30
pay_00207703,bkg_bdc3fa99,netbanking,captured,7823.58,7823.58,0.00,INR,mock_bdc3fa99,pidem_630fb12d50a038ff,,2026-06-12T18:15:40+05:30,2026-06-12T18:17:00+05:30,2026-06-12T18:15:00+05:30,2026-08-18T10:00:00+05:30
pay_66bdbd31,bkg_e278419a,upi,captured,4091.90,4091.90,0.00,INR,mock_e278419a,pidem_7033c0b67ecffec5,,2026-06-16T20:30:40+05:30,2026-06-16T20:32:00+05:30,2026-06-16T20:30:00+05:30,2026-08-18T10:00:00+05:30
pay_f944fb5f,bkg_e0e04261,upi,failed,5116.38,0.00,0.00,INR,mock_e0e04261,pidem_5b3499364450febe,idempotency_conflict,2026-05-01T18:45:40+05:30,,2026-05-01T18:45:00+05:30,2026-08-18T10:00:00+05:30
pay_ae1c5881,bkg_b45c1a5d,mock,captured,3606.20,3606.20,0.00,INR,mock_b45c1a5d,pidem_008b44f89ab03815,,2026-06-01T12:30:40+05:30,2026-06-01T12:32:00+05:30,2026-06-01T12:30:00+05:30,2026-08-18T10:00:00+05:30
pay_523cd942,bkg_a7def537,upi,refunded,8946.18,8946.18,8946.18,AED,mock_a7def537,pidem_7782ec99544c7099,,2026-06-14T14:30:40+05:30,2026-06-14T14:32:00+05:30,2026-06-14T14:30:00+05:30,2026-08-18T10:00:00+05:30
pay_c2193b48,bkg_72699445,card,refunded,42458.73,42458.73,42458.73,INR,mock_72699445,pidem_0c8efddd663ed754,,2026-06-30T15:30:40+05:30,2026-06-30T15:32:00+05:30,2026-06-30T15:30:00+05:30,2026-08-18T10:00:00+05:30
pay_7e8d1161,bkg_88a3c0d9,card,captured,78856.79,78856.79,0.00,INR,mock_88a3c0d9,pidem_a8dc75330131c392,,2026-08-10T14:30:40+05:30,2026-08-10T14:32:00+05:30,2026-08-10T14:30:00+05:30,2026-08-18T10:00:00+05:30
pay_97ce3370,bkg_f7b43741,upi,captured,94403.89,94403.89,0.00,INR,mock_f7b43741,pidem_041722c5e712e1f9,,2026-05-04T07:15:40+05:30,2026-05-04T07:17:00+05:30,2026-05-04T07:15:00+05:30,2026-08-18T10:00:00+05:30
pay_c7b21f95,bkg_5a7504c2,upi,failed,7108.98,0.00,0.00,INR,mock_5a7504c2,pidem_210de690aefb29ab,idempotency_conflict,2026-07-27T07:45:40+05:30,,2026-07-27T07:45:00+05:30,2026-08-18T10:00:00+05:30
pay_d960598c,bkg_96ff9a54,netbanking,captured,11343.83,11343.83,0.00,INR,mock_96ff9a54,pidem_3421edbb16c8c9ae,,2026-06-18T23:00:40+05:30,2026-06-18T23:02:00+05:30,2026-06-18T23:00:00+05:30,2026-08-18T10:00:00+05:30
pay_97f6e329,bkg_cb6a7980,card,captured,27591.37,27591.37,0.00,INR,mock_cb6a7980,pidem_5bc276d3a68122ea,,2026-06-23T16:15:40+05:30,2026-06-23T16:17:00+05:30,2026-06-23T16:15:00+05:30,2026-08-18T10:00:00+05:30
pay_3061abaf,bkg_9613b8f9,upi,captured,19064.12,19064.12,0.00,INR,mock_9613b8f9,pidem_2852648b4e9e674c,,2026-05-03T15:15:40+05:30,2026-05-03T15:17:00+05:30,2026-05-03T15:15:00+05:30,2026-08-18T10:00:00+05:30
pay_47861c14,bkg_6a01ca8f,card,authorised,7075.05,0.00,0.00,INR,mock_6a01ca8f,pidem_816510e28f28fee6,,2026-07-13T15:30:40+05:30,,2026-07-13T15:30:00+05:30,2026-08-18T10:00:00+05:30
pay_a66e1ed1,bkg_47c9b1a0,netbanking,captured,4479.93,4479.93,0.00,AED,mock_47c9b1a0,pidem_e7eafff890154149,,2026-06-18T05:30:40+05:30,2026-06-18T05:32:00+05:30,2026-06-18T05:30:00+05:30,2026-08-18T10:00:00+05:30
pay_902e7fa9,bkg_eb38b4f3,mock,captured,99656.84,99656.84,0.00,INR,mock_eb38b4f3,pidem_67bbd03eae621759,,2026-05-22T17:45:40+05:30,2026-05-22T17:47:00+05:30,2026-05-22T17:45:00+05:30,2026-08-18T10:00:00+05:30
pay_d65f54a6,bkg_b0699950,card,initiated,21016.31,0.00,0.00,INR,mock_b0699950,pidem_c2d4fb8a2d929542,,,,2026-06-08T20:30:00+05:30,2026-08-18T10:00:00+05:30
pay_e67cb407,bkg_1b6a5fae,card,captured,34086.98,34086.98,0.00,INR,mock_1b6a5fae,pidem_5b0514b95e4b68b4,,2026-06-19T09:45:40+05:30,2026-06-19T09:47:00+05:30,2026-06-19T09:45:00+05:30,2026-08-18T10:00:00+05:30
pay_e3b3eb4a,bkg_df924851,card,captured,10761.99,10761.99,0.00,INR,mock_df924851,pidem_614ff42b7354414c,,2026-05-04T09:00:40+05:30,2026-05-04T09:02:00+05:30,2026-05-04T09:00:00+05:30,2026-08-18T10:00:00+05:30
pay_79b02932,bkg_c3651c90,upi,captured,12013548.16,12013548.16,0.00,IDR,mock_c3651c90,pidem_f14a9571b95259f0,,2026-08-02T14:30:40+05:30,2026-08-02T14:32:00+05:30,2026-08-02T14:30:00+05:30,2026-08-18T10:00:00+05:30
pay_f134eb96,bkg_c8f62fda,card,captured,18607.75,18607.75,0.00,INR,mock_c8f62fda,pidem_4cb3fd16e12e9738,,2026-08-15T17:15:40+05:30,2026-08-15T17:17:00+05:30,2026-08-15T17:15:00+05:30,2026-08-18T10:00:00+05:30
pay_adf4cbee,bkg_70bfc400,upi,authorised,47984.63,0.00,0.00,INR,mock_70bfc400,pidem_c07ebf72a27348bb,,2026-05-29T19:15:40+05:30,,2026-05-29T19:15:00+05:30,2026-08-18T10:00:00+05:30
pay_59e9c364,bkg_0542d7b4,netbanking,refunded,68226.23,68226.23,68226.23,INR,mock_0542d7b4,pidem_b748deff6597c424,,2026-08-02T04:15:40+05:30,2026-08-02T04:17:00+05:30,2026-08-02T04:15:00+05:30,2026-08-18T10:00:00+05:30
pay_470171a2,bkg_fe892638,upi,initiated,3606.36,0.00,0.00,INR,mock_fe892638,pidem_0392846b7a99c0f9,,,,2026-06-07T13:00:00+05:30,2026-08-18T10:00:00+05:30
pay_2697b8b8,bkg_af6d36ba,upi,refunded,4048.89,4048.89,4048.89,INR,mock_af6d36ba,pidem_727407bf5cb8c752,,2026-05-18T09:30:40+05:30,2026-05-18T09:32:00+05:30,2026-05-18T09:30:00+05:30,2026-08-18T10:00:00+05:30
pay_0a3ffcf0,bkg_b5dc22ff,upi,failed,4220.74,0.00,0.00,INR,mock_b5dc22ff,pidem_ba5eee0e3be71f28,idempotency_conflict,2026-06-29T23:45:40+05:30,,2026-06-29T23:45:00+05:30,2026-08-18T10:00:00+05:30
pay_1747dba2,bkg_e4907fc9,upi,captured,51562.27,51562.27,0.00,INR,mock_e4907fc9,pidem_ab16b2e1be50f034,,2026-05-02T03:15:40+05:30,2026-05-02T03:17:00+05:30,2026-05-02T03:15:00+05:30,2026-08-18T10:00:00+05:30
pay_b890f6e3,bkg_98cb0a32,netbanking,captured,11227.08,11227.08,0.00,INR,mock_98cb0a32,pidem_d172c5a4e39dfd87,,2026-05-26T10:15:40+05:30,2026-05-26T10:17:00+05:30,2026-05-26T10:15:00+05:30,2026-08-18T10:00:00+05:30
pay_d3d53c87,bkg_6cd698cc,upi,refunded,7780.71,7780.71,7780.71,NPR,mock_6cd698cc,pidem_e706a8918c6e05cd,,2026-07-12T04:45:40+05:30,2026-07-12T04:47:00+05:30,2026-07-12T04:45:00+05:30,2026-08-18T10:00:00+05:30
pay_e0d88f4e,bkg_7ef2bab3,upi,captured,53804.74,53804.74,0.00,INR,mock_7ef2bab3,pidem_57bbb4e3fc8732b5,,2026-05-10T09:00:40+05:30,2026-05-10T09:02:00+05:30,2026-05-10T09:00:00+05:30,2026-08-18T10:00:00+05:30
pay_e90a921f,bkg_75077d08,card,refunded,18819.53,18819.53,18819.53,INR,mock_75077d08,pidem_a0ca46dd50a30e39,,2026-07-05T03:00:40+05:30,2026-07-05T03:02:00+05:30,2026-07-05T03:00:00+05:30,2026-08-18T10:00:00+05:30
pay_881bcc2b,bkg_741ced0d,card,captured,51818.86,51818.86,0.00,INR,mock_741ced0d,pidem_6ce6533ace2b308d,,2026-07-27T15:45:40+05:30,2026-07-27T15:47:00+05:30,2026-07-27T15:45:00+05:30,2026-08-18T10:00:00+05:30
pay_05d46290,bkg_4f906acd,upi,refunded,5839.24,5839.24,5839.24,INR,mock_4f906acd,pidem_baf7fba9c3781fd9,,2026-05-14T14:30:40+05:30,2026-05-14T14:32:00+05:30,2026-05-14T14:30:00+05:30,2026-08-18T10:00:00+05:30
pay_08b2ef47,bkg_5ab2a363,upi,captured,20335.06,20335.06,0.00,AED,mock_5ab2a363,pidem_03ff6736d2321ec5,,2026-04-27T13:45:40+05:30,2026-04-27T13:47:00+05:30,2026-04-27T13:45:00+05:30,2026-08-18T10:00:00+05:30
pay_2242bcfb,bkg_eae772c1,mock,captured,884.67,884.67,0.00,AED,mock_eae772c1,pidem_61b30a8283992d49,,2026-04-23T22:15:40+05:30,2026-04-23T22:17:00+05:30,2026-04-23T22:15:00+05:30,2026-08-18T10:00:00+05:30
pay_001860bc,bkg_77d381f8,upi,failed,28616.74,0.00,0.00,INR,mock_77d381f8,pidem_cac894e46f8c8c32,idempotency_conflict,2026-05-03T17:00:40+05:30,,2026-05-03T17:00:00+05:30,2026-08-18T10:00:00+05:30
pay_914c0a2e,bkg_643e7197,upi,captured,4364.24,4364.24,0.00,INR,mock_643e7197,pidem_ce536a601d932c9f,,2026-07-16T14:00:40+05:30,2026-07-16T14:02:00+05:30,2026-07-16T14:00:00+05:30,2026-08-18T10:00:00+05:30
pay_bb9e9437,bkg_201f854f,wallet,captured,724.51,724.51,0.00,AED,mock_201f854f,pidem_8cef8bb112908c45,,2026-05-24T07:45:40+05:30,2026-05-24T07:47:00+05:30,2026-05-24T07:45:00+05:30,2026-08-18T10:00:00+05:30
pay_a3d3e7d7,bkg_e93ffeba,card,captured,15693.15,15693.15,0.00,INR,mock_e93ffeba,pidem_e39ac34895af8ea8,,2026-05-23T07:45:40+05:30,2026-05-23T07:47:00+05:30,2026-05-23T07:45:00+05:30,2026-08-18T10:00:00+05:30
pay_5b9afbb0,bkg_dd315b97,card,captured,23483010.45,23483010.45,0.00,IDR,mock_dd315b97,pidem_7fce9ab81549cf4f,,2026-08-15T05:15:40+05:30,2026-08-15T05:17:00+05:30,2026-08-15T05:15:00+05:30,2026-08-18T10:00:00+05:30
pay_ed747f76,bkg_4119578d,upi,captured,3661.41,3661.41,0.00,INR,mock_4119578d,pidem_26634f7e95c0bb39,,2026-07-04T13:15:40+05:30,2026-07-04T13:17:00+05:30,2026-07-04T13:15:00+05:30,2026-08-18T10:00:00+05:30
pay_a0ce2742,bkg_c964e487,upi,captured,19001.38,19001.38,0.00,INR,mock_c964e487,pidem_fb488f64c3334f60,,2026-05-30T15:00:40+05:30,2026-05-30T15:02:00+05:30,2026-05-30T15:00:00+05:30,2026-08-18T10:00:00+05:30
pay_9e56163c,bkg_8c2dc9c5,upi,captured,7700.85,7700.85,0.00,INR,mock_8c2dc9c5,pidem_7487be804672aaf8,,2026-06-10T02:30:40+05:30,2026-06-10T02:32:00+05:30,2026-06-10T02:30:00+05:30,2026-08-18T10:00:00+05:30
pay_fc016a83,bkg_16d57169,upi,captured,3876.61,3876.61,0.00,INR,mock_16d57169,pidem_073bfa79a9e99e2e,,2026-07-12T13:15:40+05:30,2026-07-12T13:17:00+05:30,2026-07-12T13:15:00+05:30,2026-08-18T10:00:00+05:30
pay_f82b755b,bkg_42987e97,upi,captured,29856.96,29856.96,0.00,INR,mock_42987e97,pidem_60f41e241be338aa,,2026-05-14T00:00:40+05:30,2026-05-14T00:02:00+05:30,2026-05-14T00:00:00+05:30,2026-08-18T10:00:00+05:30
pay_0195e898,bkg_df36a416,card,captured,49807.03,49807.03,0.00,INR,mock_df36a416,pidem_0f2ce5dae3390d2e,,2026-05-11T06:30:40+05:30,2026-05-11T06:32:00+05:30,2026-05-11T06:30:00+05:30,2026-08-18T10:00:00+05:30
pay_c4c301a7,bkg_152c32c1,netbanking,captured,142783.18,142783.18,0.00,INR,mock_152c32c1,pidem_c09af59f63a3c79d,,2026-06-15T02:30:40+05:30,2026-06-15T02:32:00+05:30,2026-06-15T02:30:00+05:30,2026-08-18T10:00:00+05:30
pay_03e956f3,bkg_405e8149,upi,captured,19755.14,19755.14,0.00,INR,mock_405e8149,pidem_f900dcc842d0103f,,2026-04-23T04:45:40+05:30,2026-04-23T04:47:00+05:30,2026-04-23T04:45:00+05:30,2026-08-18T10:00:00+05:30
pay_0cf8ef20,bkg_91f3bc76,upi,failed,16038.15,0.00,0.00,INR,mock_91f3bc76,pidem_f7e6f864b9d21412,idempotency_conflict,2026-07-25T21:45:40+05:30,,2026-07-25T21:45:00+05:30,2026-08-18T10:00:00+05:30
pay_54fa232d,bkg_3135097f,netbanking,captured,23297.64,23297.64,0.00,INR,mock_3135097f,pidem_c788e2264a0a1b5f,,2026-05-18T05:45:40+05:30,2026-05-18T05:47:00+05:30,2026-05-18T05:45:00+05:30,2026-08-18T10:00:00+05:30
pay_27a9ef3a,bkg_69050de4,mock,captured,5360.02,5360.02,0.00,INR,mock_69050de4,pidem_80b62f2ff22b8924,,2026-05-11T03:30:40+05:30,2026-05-11T03:32:00+05:30,2026-05-11T03:30:00+05:30,2026-08-18T10:00:00+05:30
pay_27b94636,bkg_bb46c73b,card,captured,19167.57,19167.57,0.00,SGD,mock_bb46c73b,pidem_597d9579adc7f4f1,,2026-05-01T05:00:40+05:30,2026-05-01T05:02:00+05:30,2026-05-01T05:00:00+05:30,2026-08-18T10:00:00+05:30
pay_224075c5,bkg_efbbe57d,card,refunded,9022.56,9022.56,9022.56,INR,mock_efbbe57d,pidem_716e4b70eb29c527,,2026-05-30T10:00:40+05:30,2026-05-30T10:02:00+05:30,2026-05-30T10:00:00+05:30,2026-08-18T10:00:00+05:30
pay_6ded5081,bkg_9f14b668,netbanking,captured,23548.29,23548.29,0.00,INR,mock_9f14b668,pidem_68b081ba1509da49,,2026-06-30T09:30:40+05:30,2026-06-30T09:32:00+05:30,2026-06-30T09:30:00+05:30,2026-08-18T10:00:00+05:30
pay_4dba6200,bkg_2a5dfa27,mock,captured,4860.97,4860.97,0.00,INR,mock_2a5dfa27,pidem_7857ff4b7fcc7eeb,,2026-06-13T14:45:40+05:30,2026-06-13T14:47:00+05:30,2026-06-13T14:45:00+05:30,2026-08-18T10:00:00+05:30
pay_21bd8e29,bkg_9bd8adec,netbanking,captured,8108.97,8108.97,0.00,INR,mock_9bd8adec,pidem_b89a12dadeedea9f,,2026-05-16T03:45:40+05:30,2026-05-16T03:47:00+05:30,2026-05-16T03:45:00+05:30,2026-08-18T10:00:00+05:30
pay_76b489da,bkg_52c3a47d,upi,failed,1569.16,0.00,0.00,INR,mock_52c3a47d,pidem_3ff1189e7485441c,idempotency_conflict,2026-05-20T04:45:40+05:30,,2026-05-20T04:45:00+05:30,2026-08-18T10:00:00+05:30
pay_403e3baa,bkg_737c47c7,upi,captured,11484.54,11484.54,0.00,INR,mock_737c47c7,pidem_7f5bfe873f09bc4f,,2026-05-06T17:45:40+05:30,2026-05-06T17:47:00+05:30,2026-05-06T17:45:00+05:30,2026-08-18T10:00:00+05:30
pay_87b61039,bkg_8ff8c5db,card,captured,14065.32,14065.32,0.00,INR,mock_8ff8c5db,pidem_82c1a569bf2aaa09,,2026-05-25T13:15:40+05:30,2026-05-25T13:17:00+05:30,2026-05-25T13:15:00+05:30,2026-08-18T10:00:00+05:30
pay_d6065caa,bkg_5f1b9bf9,upi,captured,15044.65,15044.65,0.00,INR,mock_5f1b9bf9,pidem_c6d3b69237f4f201,,2026-07-30T10:00:40+05:30,2026-07-30T10:02:00+05:30,2026-07-30T10:00:00+05:30,2026-08-18T10:00:00+05:30
pay_6aaf656e,bkg_bf452f75,card,captured,7310.22,7310.22,0.00,INR,mock_bf452f75,pidem_35c0873f7b55a03f,,2026-06-08T14:30:40+05:30,2026-06-08T14:32:00+05:30,2026-06-08T14:30:00+05:30,2026-08-18T10:00:00+05:30
pay_aa0c372d,bkg_1ffee504,card,captured,33075.28,33075.28,0.00,INR,mock_1ffee504,pidem_13c5d7a5a2505df7,,2026-06-24T08:45:40+05:30,2026-06-24T08:47:00+05:30,2026-06-24T08:45:00+05:30,2026-08-18T10:00:00+05:30
pay_954a9e35,bkg_c02bb2b9,mock,captured,58230.48,58230.48,0.00,INR,mock_c02bb2b9,pidem_224eeb96eed8cdc9,,2026-04-20T01:30:40+05:30,2026-04-20T01:32:00+05:30,2026-04-20T01:30:00+05:30,2026-08-18T10:00:00+05:30
pay_a4742393,bkg_0ea065ba,upi,captured,4969.55,4969.55,0.00,INR,mock_0ea065ba,pidem_2de9f2db60ec36a4,,2026-07-16T05:15:40+05:30,2026-07-16T05:17:00+05:30,2026-07-16T05:15:00+05:30,2026-08-18T10:00:00+05:30
pay_1af7b1ea,bkg_db4fd737,netbanking,authorised,5214.29,0.00,0.00,INR,mock_db4fd737,pidem_9c744cbaa775afae,,2026-08-14T16:15:40+05:30,,2026-08-14T16:15:00+05:30,2026-08-18T10:00:00+05:30
pay_e23202e2,bkg_6e675f1d,upi,captured,9309.06,9309.06,0.00,INR,mock_6e675f1d,pidem_13095a0c811b243c,,2026-06-05T00:30:40+05:30,2026-06-05T00:32:00+05:30,2026-06-05T00:30:00+05:30,2026-08-18T10:00:00+05:30
pay_42d72e87,bkg_4c0c9c26,upi,captured,21646.35,21646.35,0.00,INR,mock_4c0c9c26,pidem_680d9a5db77be99c,,2026-07-23T15:30:40+05:30,2026-07-23T15:32:00+05:30,2026-07-23T15:30:00+05:30,2026-08-18T10:00:00+05:30
pay_686d32a6,bkg_ddca0184,upi,initiated,11626.23,0.00,0.00,INR,mock_ddca0184,pidem_88eef019b5de7d4a,,,,2026-07-19T03:15:00+05:30,2026-08-18T10:00:00+05:30
pay_2e548d9d,bkg_684e68ec,card,authorised,28837.72,0.00,0.00,INR,mock_684e68ec,pidem_875f2767bdad036a,,2026-08-14T12:30:40+05:30,,2026-08-14T12:30:00+05:30,2026-08-18T10:00:00+05:30
pay_c0ca0b37,bkg_888d4205,upi,captured,22886.96,22886.96,0.00,INR,mock_888d4205,pidem_dfacc9bcf54ee944,,2026-06-06T00:30:40+05:30,2026-06-06T00:32:00+05:30,2026-06-06T00:30:00+05:30,2026-08-18T10:00:00+05:30
pay_841812d6,bkg_1b829491,upi,captured,13132.36,13132.36,0.00,INR,mock_1b829491,pidem_f6b663692becc3fc,,2026-07-31T06:00:40+05:30,2026-07-31T06:02:00+05:30,2026-07-31T06:00:00+05:30,2026-08-18T10:00:00+05:30
pay_70757567,bkg_998b3836,upi,captured,22051.13,22051.13,0.00,INR,mock_998b3836,pidem_8fc0e7e71d3b2938,,2026-06-08T08:45:40+05:30,2026-06-08T08:47:00+05:30,2026-06-08T08:45:00+05:30,2026-08-18T10:00:00+05:30
pay_9214a85d,bkg_2f1ce24a,mock,authorised,24349.74,0.00,0.00,INR,mock_2f1ce24a,pidem_503d535595ac3620,,2026-06-22T07:45:40+05:30,,2026-06-22T07:45:00+05:30,2026-08-18T10:00:00+05:30
pay_ef71e9df,bkg_b81cc6fb,upi,captured,16816.07,16816.07,0.00,INR,mock_b81cc6fb,pidem_b9048794c78e18a0,,2026-07-02T15:30:40+05:30,2026-07-02T15:32:00+05:30,2026-07-02T15:30:00+05:30,2026-08-18T10:00:00+05:30
pay_1a3b9e6c,bkg_f1010ed5,netbanking,refunded,55897.37,55897.37,55897.37,INR,mock_f1010ed5,pidem_2750adcd39076350,,2026-07-17T02:30:40+05:30,2026-07-17T02:32:00+05:30,2026-07-17T02:30:00+05:30,2026-08-18T10:00:00+05:30
pay_ba9e43b9,bkg_fd42ab54,upi,captured,2180.95,2180.95,0.00,INR,mock_fd42ab54,pidem_5eee72f2b888a018,,2026-05-05T03:15:40+05:30,2026-05-05T03:17:00+05:30,2026-05-05T03:15:00+05:30,2026-08-18T10:00:00+05:30
pay_4cf63dae,bkg_f06e76ba,upi,refunded,20471.40,20471.40,20471.40,INR,mock_f06e76ba,pidem_8c9e41b97d9be3c8,,2026-08-02T09:30:40+05:30,2026-08-02T09:32:00+05:30,2026-08-02T09:30:00+05:30,2026-08-18T10:00:00+05:30
pay_8f6aa235,bkg_24e981b5,card,captured,122.11,122.11,0.00,SGD,mock_24e981b5,pidem_41dddf914fbe183c,,2026-05-27T09:15:40+05:30,2026-05-27T09:17:00+05:30,2026-05-27T09:15:00+05:30,2026-08-18T10:00:00+05:30
pay_5bf3f9db,bkg_dc2e0d09,upi,captured,6807.70,6807.70,0.00,INR,mock_dc2e0d09,pidem_ed425d94ff132908,,2026-04-24T00:15:40+05:30,2026-04-24T00:17:00+05:30,2026-04-24T00:15:00+05:30,2026-08-18T10:00:00+05:30
pay_fbdc55e7,bkg_740acad7,upi,failed,3824.32,0.00,0.00,INR,mock_740acad7,pidem_2a3d084e03ec9a13,idempotency_conflict,2026-05-18T21:00:40+05:30,,2026-05-18T21:00:00+05:30,2026-08-18T10:00:00+05:30
pay_d1b95067,bkg_948c483e,upi,captured,6039.15,6039.15,0.00,INR,mock_948c483e,pidem_11496c27b6488e84,,2026-06-29T23:30:40+05:30,2026-06-29T23:32:00+05:30,2026-06-29T23:30:00+05:30,2026-08-18T10:00:00+05:30
pay_3dca4e4d,bkg_eeef1d66,upi,captured,13056.68,13056.68,0.00,MVR,mock_eeef1d66,pidem_ca9d0e303bfa3bbe,,2026-06-23T18:00:40+05:30,2026-06-23T18:02:00+05:30,2026-06-23T18:00:00+05:30,2026-08-18T10:00:00+05:30
pay_d5becdb7,bkg_73750d12,card,refunded,17566.86,17566.86,17566.86,INR,mock_73750d12,pidem_953b8e536df093cb,,2026-06-22T22:45:40+05:30,2026-06-22T22:47:00+05:30,2026-06-22T22:45:00+05:30,2026-08-18T10:00:00+05:30
pay_324250c4,bkg_bde76ff7,upi,initiated,20640.12,0.00,0.00,INR,mock_bde76ff7,pidem_f6b9105d33d61f7f,,,,2026-07-10T15:45:00+05:30,2026-08-18T10:00:00+05:30
pay_c0d8eb92,bkg_a6e6f9a3,upi,captured,23950.60,23950.60,0.00,INR,mock_a6e6f9a3,pidem_c232e85e4a6f3087,,2026-04-20T20:00:40+05:30,2026-04-20T20:02:00+05:30,2026-04-20T20:00:00+05:30,2026-08-18T10:00:00+05:30
pay_fcd4c3b4,bkg_1130909f,wallet,initiated,47956.19,0.00,0.00,INR,mock_1130909f,pidem_777092a3127e3d8f,,,,2026-07-02T05:30:00+05:30,2026-08-18T10:00:00+05:30
pay_b018c956,bkg_2b19b72a,netbanking,captured,2959.58,2959.58,0.00,INR,mock_2b19b72a,pidem_714498a5a9a28c64,,2026-06-07T13:15:40+05:30,2026-06-07T13:17:00+05:30,2026-06-07T13:15:00+05:30,2026-08-18T10:00:00+05:30
pay_dfcf1860,bkg_c16b6cc4,card,captured,36034.28,36034.28,0.00,INR,mock_c16b6cc4,pidem_b4f18443354abaae,,2026-07-16T13:30:40+05:30,2026-07-16T13:32:00+05:30,2026-07-16T13:30:00+05:30,2026-08-18T10:00:00+05:30
pay_5e48ee87,bkg_b2ab3a4f,upi,initiated,4321.64,0.00,0.00,INR,mock_b2ab3a4f,pidem_2409c3dd553cb3a9,,,,2026-06-06T13:00:00+05:30,2026-08-18T10:00:00+05:30
pay_832b15da,bkg_9c16e4b3,card,captured,4474.87,4474.87,0.00,INR,mock_9c16e4b3,pidem_b80df3cb12ee69d1,,2026-04-25T22:15:40+05:30,2026-04-25T22:17:00+05:30,2026-04-25T22:15:00+05:30,2026-08-18T10:00:00+05:30
pay_38c30233,bkg_b17c1a9b,upi,failed,5736.89,0.00,0.00,INR,mock_b17c1a9b,pidem_d2fdf8748aa51d59,idempotency_conflict,2026-05-28T14:00:40+05:30,,2026-05-28T14:00:00+05:30,2026-08-18T10:00:00+05:30
pay_89f336f9,bkg_e2f719e9,upi,captured,28621.41,28621.41,0.00,CHF,mock_e2f719e9,pidem_3feaa59d1b3e97d1,,2026-06-02T02:00:40+05:30,2026-06-02T02:02:00+05:30,2026-06-02T02:00:00+05:30,2026-08-18T10:00:00+05:30
pay_3e7b9ef5,bkg_3b68baf7,upi,captured,11390.98,11390.98,0.00,INR,mock_3b68baf7,pidem_d506e56a3b257f2b,,2026-07-01T00:30:40+05:30,2026-07-01T00:32:00+05:30,2026-07-01T00:30:00+05:30,2026-08-18T10:00:00+05:30
pay_e67e0cf2,bkg_582b4a8f,card,captured,55881.44,55881.44,0.00,INR,mock_582b4a8f,pidem_5055ba9d0e717fcd,,2026-07-08T09:00:40+05:30,2026-07-08T09:02:00+05:30,2026-07-08T09:00:00+05:30,2026-08-18T10:00:00+05:30
pay_23a3ccae,bkg_4ccc689c,upi,refunded,232645.97,232645.97,232645.97,INR,mock_4ccc689c,pidem_bb8c9a0a21a1456f,,2026-08-04T00:00:40+05:30,2026-08-04T00:02:00+05:30,2026-08-04T00:00:00+05:30,2026-08-18T10:00:00+05:30
pay_56f115be,bkg_0be3b93c,card,initiated,8575.83,0.00,0.00,INR,mock_0be3b93c,pidem_20e467ac73f7cab9,,,,2026-05-05T15:30:00+05:30,2026-08-18T10:00:00+05:30
pay_078ca711,bkg_49b37b29,card,captured,27922.29,27922.29,0.00,INR,mock_49b37b29,pidem_e0966dd5c909eadf,,2026-06-21T21:45:40+05:30,2026-06-21T21:47:00+05:30,2026-06-21T21:45:00+05:30,2026-08-18T10:00:00+05:30
pay_ff7e7271,bkg_ac6f6776,netbanking,captured,2033.76,2033.76,0.00,INR,mock_ac6f6776,pidem_32341387c2ee20ed,,2026-07-19T08:15:40+05:30,2026-07-19T08:17:00+05:30,2026-07-19T08:15:00+05:30,2026-08-18T10:00:00+05:30
pay_10a1af64,bkg_3bcf2992,upi,captured,2801.94,2801.94,0.00,INR,mock_3bcf2992,pidem_6bedbf1b358432ad,,2026-05-19T14:30:40+05:30,2026-05-19T14:32:00+05:30,2026-05-19T14:30:00+05:30,2026-08-18T10:00:00+05:30
pay_2ed8e18c,bkg_380ff341,upi,captured,10564.00,10564.00,0.00,INR,mock_380ff341,pidem_8abe4cfbf5c29d4b,,2026-05-12T18:00:40+05:30,2026-05-12T18:02:00+05:30,2026-05-12T18:00:00+05:30,2026-08-18T10:00:00+05:30
pay_d11671cd,bkg_a78cacd9,card,captured,12380.84,12380.84,0.00,INR,mock_a78cacd9,pidem_8616d66a6e3b82be,,2026-05-29T17:15:40+05:30,2026-05-29T17:17:00+05:30,2026-05-29T17:15:00+05:30,2026-08-18T10:00:00+05:30
pay_5fc4fbe2,bkg_ab2db07d,mock,captured,23251.85,23251.85,0.00,INR,mock_ab2db07d,pidem_4c31312ce7a095f1,,2026-08-13T13:00:40+05:30,2026-08-13T13:02:00+05:30,2026-08-13T13:00:00+05:30,2026-08-18T10:00:00+05:30
pay_721896cc,bkg_72511bae,upi,captured,3862.22,3862.22,0.00,THB,mock_72511bae,pidem_12b0804dfb0e0423,,2026-08-07T13:15:40+05:30,2026-08-07T13:17:00+05:30,2026-08-07T13:15:00+05:30,2026-08-18T10:00:00+05:30
pay_e3ef8d09,bkg_0fb11b28,upi,captured,2653.21,2653.21,0.00,INR,mock_0fb11b28,pidem_6440a5f0b88a28c1,,2026-05-12T04:45:40+05:30,2026-05-12T04:47:00+05:30,2026-05-12T04:45:00+05:30,2026-08-18T10:00:00+05:30
pay_9b13d9ba,bkg_16274b6e,upi,captured,44734.23,44734.23,0.00,INR,mock_16274b6e,pidem_c679be7ba1785ae0,,2026-05-22T08:45:40+05:30,2026-05-22T08:47:00+05:30,2026-05-22T08:45:00+05:30,2026-08-18T10:00:00+05:30
pay_888b199e,bkg_e4712488,mock,captured,4347.08,4347.08,0.00,INR,mock_e4712488,pidem_84788c7f6510d6dc,,2026-05-10T10:00:40+05:30,2026-05-10T10:02:00+05:30,2026-05-10T10:00:00+05:30,2026-08-18T10:00:00+05:30
pay_1ee19472,bkg_068840fb,mock,captured,12957.09,12957.09,0.00,INR,mock_068840fb,pidem_0d5c6361c0525af0,,2026-07-27T08:15:40+05:30,2026-07-27T08:17:00+05:30,2026-07-27T08:15:00+05:30,2026-08-18T10:00:00+05:30
pay_7fd8572e,bkg_95c30443,upi,captured,519.01,519.01,0.00,SGD,mock_95c30443,pidem_b90ff6c73a461634,,2026-07-01T15:45:40+05:30,2026-07-01T15:47:00+05:30,2026-07-01T15:45:00+05:30,2026-08-18T10:00:00+05:30
pay_d2402616,bkg_1ce491e6,upi,captured,82574.28,82574.28,0.00,INR,mock_1ce491e6,pidem_1b378b06873494e1,,2026-08-12T20:15:40+05:30,2026-08-12T20:17:00+05:30,2026-08-12T20:15:00+05:30,2026-08-18T10:00:00+05:30
pay_5296cded,bkg_fbf4060a,wallet,captured,50822.67,50822.67,0.00,INR,mock_fbf4060a,pidem_df16fe2b05a1bd70,,2026-05-27T05:00:40+05:30,2026-05-27T05:02:00+05:30,2026-05-27T05:00:00+05:30,2026-08-18T10:00:00+05:30
pay_fbb4251a,bkg_3bc47bbf,upi,captured,44459.36,44459.36,0.00,INR,mock_3bc47bbf,pidem_124e18dac211d54a,,2026-06-29T21:45:40+05:30,2026-06-29T21:47:00+05:30,2026-06-29T21:45:00+05:30,2026-08-18T10:00:00+05:30
pay_e50776b2,bkg_f0c11f4d,wallet,captured,40615.69,40615.69,0.00,INR,mock_f0c11f4d,pidem_dc559a710cfea97b,,2026-05-16T07:00:40+05:30,2026-05-16T07:02:00+05:30,2026-05-16T07:00:00+05:30,2026-08-18T10:00:00+05:30
pay_125fe1fd,bkg_fbe84a2f,upi,captured,6052.76,6052.76,0.00,NPR,mock_fbe84a2f,pidem_b34160708e2476d3,,2026-08-04T18:15:40+05:30,2026-08-04T18:17:00+05:30,2026-08-04T18:15:00+05:30,2026-08-18T10:00:00+05:30
pay_6491bc85,bkg_a34bc90f,card,captured,24626.00,24626.00,0.00,INR,mock_a34bc90f,pidem_e0eb52a4d8a44c2f,,2026-07-06T10:15:40+05:30,2026-07-06T10:17:00+05:30,2026-07-06T10:15:00+05:30,2026-08-18T10:00:00+05:30
pay_ab7d4e16,bkg_bda0da75,mock,initiated,6620.51,0.00,0.00,INR,mock_bda0da75,pidem_ae43f4e7df1cba5f,,,,2026-06-17T06:30:00+05:30,2026-08-18T10:00:00+05:30
pay_a87573d7,bkg_304fa89a,netbanking,captured,8266.35,8266.35,0.00,INR,mock_304fa89a,pidem_049696f4a17ace75,,2026-07-11T21:00:40+05:30,2026-07-11T21:02:00+05:30,2026-07-11T21:00:00+05:30,2026-08-18T10:00:00+05:30
pay_63f0c195,bkg_9dfe0c84,upi,initiated,3980.70,0.00,0.00,INR,mock_9dfe0c84,pidem_0b5ae0e34b316814,,,,2026-07-11T09:45:00+05:30,2026-08-18T10:00:00+05:30
pay_2dc519ac,bkg_86b4bc49,upi,initiated,2044.84,0.00,0.00,MVR,mock_86b4bc49,pidem_0524dfadc4a974b8,,,,2026-07-10T05:00:00+05:30,2026-08-18T10:00:00+05:30
pay_07a37d4e,bkg_7fad9bb9,upi,captured,19252.69,19252.69,0.00,INR,mock_7fad9bb9,pidem_b8df5544f4fab3cf,,2026-05-27T23:30:40+05:30,2026-05-27T23:32:00+05:30,2026-05-27T23:30:00+05:30,2026-08-18T10:00:00+05:30
pay_18745393,bkg_0e9bcfa5,upi,captured,13855.02,13855.02,0.00,MVR,mock_0e9bcfa5,pidem_b64be51f9e015cac,,2026-06-20T23:00:40+05:30,2026-06-20T23:02:00+05:30,2026-06-20T23:00:00+05:30,2026-08-18T10:00:00+05:30
pay_ffa37001,bkg_781d3884,netbanking,captured,1560.34,1560.34,0.00,MYR,mock_781d3884,pidem_aa0037db1067313c,,2026-06-10T14:30:40+05:30,2026-06-10T14:32:00+05:30,2026-06-10T14:30:00+05:30,2026-08-18T10:00:00+05:30
pay_794bc724,bkg_26cc4923,wallet,captured,18306.41,18306.41,0.00,INR,mock_26cc4923,pidem_cab52cb17d4cb88a,,2026-04-28T01:00:40+05:30,2026-04-28T01:02:00+05:30,2026-04-28T01:00:00+05:30,2026-08-18T10:00:00+05:30
pay_8cd29ece,bkg_5bd60c68,card,captured,51777.36,51777.36,0.00,INR,mock_5bd60c68,pidem_db6ac424aa45d4f7,,2026-06-12T05:15:40+05:30,2026-06-12T05:17:00+05:30,2026-06-12T05:15:00+05:30,2026-08-18T10:00:00+05:30
pay_7118506a,bkg_dca5888f,upi,captured,14331.05,14331.05,0.00,INR,mock_dca5888f,pidem_ca8187416b8cf5de,,2026-06-24T09:00:40+05:30,2026-06-24T09:02:00+05:30,2026-06-24T09:00:00+05:30,2026-08-18T10:00:00+05:30
pay_008784cc,bkg_b8c52866,upi,captured,12672.35,12672.35,0.00,INR,mock_b8c52866,pidem_696e135cd3cb3ae8,,2026-05-17T21:30:40+05:30,2026-05-17T21:32:00+05:30,2026-05-17T21:30:00+05:30,2026-08-18T10:00:00+05:30
pay_6fa5facf,bkg_4308a9da,upi,captured,9628.33,9628.33,0.00,INR,mock_4308a9da,pidem_7fde73a3bf6acdbd,,2026-06-24T00:30:40+05:30,2026-06-24T00:32:00+05:30,2026-06-24T00:30:00+05:30,2026-08-18T10:00:00+05:30
pay_7a131779,bkg_45dafb65,mock,initiated,87103.95,0.00,0.00,INR,mock_45dafb65,pidem_f2ba14661fc6b6dd,,,,2026-05-05T10:30:00+05:30,2026-08-18T10:00:00+05:30
pay_80433f34,bkg_22514df7,wallet,captured,5833.87,5833.87,0.00,INR,mock_22514df7,pidem_bdb435ac9183ebf2,,2026-04-27T06:15:40+05:30,2026-04-27T06:17:00+05:30,2026-04-27T06:15:00+05:30,2026-08-18T10:00:00+05:30
pay_d5fb5436,bkg_1dbdba50,upi,captured,15786.34,15786.34,0.00,JPY,mock_1dbdba50,pidem_6239abb895ba1fe8,,2026-05-21T03:45:40+05:30,2026-05-21T03:47:00+05:30,2026-05-21T03:45:00+05:30,2026-08-18T10:00:00+05:30
pay_d309f7c6,bkg_86625bc2,card,captured,9442.94,9442.94,0.00,INR,mock_86625bc2,pidem_d20b4b2f7c32a53e,,2026-04-29T10:15:40+05:30,2026-04-29T10:17:00+05:30,2026-04-29T10:15:00+05:30,2026-08-18T10:00:00+05:30
pay_99b85ecd,bkg_51c5564a,mock,captured,5265.66,5265.66,0.00,INR,mock_51c5564a,pidem_d41ba6dac412a5dc,,2026-05-04T21:30:40+05:30,2026-05-04T21:32:00+05:30,2026-05-04T21:30:00+05:30,2026-08-18T10:00:00+05:30
pay_22239e99,bkg_833f39ce,netbanking,initiated,93537.67,0.00,0.00,INR,mock_833f39ce,pidem_e424a02760de0220,,,,2026-05-02T12:15:00+05:30,2026-08-18T10:00:00+05:30
pay_0e23765b,bkg_02198fae,upi,refunded,7761.38,7761.38,7761.38,INR,mock_02198fae,pidem_3d365cbe5d3fd513,,2026-06-02T21:15:40+05:30,2026-06-02T21:17:00+05:30,2026-06-02T21:15:00+05:30,2026-08-18T10:00:00+05:30
pay_94b1020d,bkg_0105b60b,upi,captured,6600.43,6600.43,0.00,INR,mock_0105b60b,pidem_61e6e093e39d874f,,2026-08-11T06:15:40+05:30,2026-08-11T06:17:00+05:30,2026-08-11T06:15:00+05:30,2026-08-18T10:00:00+05:30
pay_3318d10b,bkg_231c8435,mock,captured,45043.02,45043.02,0.00,AED,mock_231c8435,pidem_2004835bc425b5eb,,2026-07-03T10:15:40+05:30,2026-07-03T10:17:00+05:30,2026-07-03T10:15:00+05:30,2026-08-18T10:00:00+05:30
pay_283b826a,bkg_1243a5a9,upi,refunded,26453.84,26453.84,26453.84,AED,mock_1243a5a9,pidem_6d0d5741eb36e16f,,2026-05-27T10:00:40+05:30,2026-05-27T10:02:00+05:30,2026-05-27T10:00:00+05:30,2026-08-18T10:00:00+05:30
pay_ec4edb0a,bkg_da3df4a3,wallet,captured,5272.02,5272.02,0.00,INR,mock_da3df4a3,pidem_7233ff42e2987177,,2026-06-10T15:30:40+05:30,2026-06-10T15:32:00+05:30,2026-06-10T15:30:00+05:30,2026-08-18T10:00:00+05:30
pay_d16b33c5,bkg_72e331b7,card,captured,8396.46,8396.46,0.00,INR,mock_72e331b7,pidem_b70a27e87b4e9eee,,2026-05-12T12:15:40+05:30,2026-05-12T12:17:00+05:30,2026-05-12T12:15:00+05:30,2026-08-18T10:00:00+05:30
pay_abf23947,bkg_cbde7fb2,upi,captured,4585.01,4585.01,0.00,INR,mock_cbde7fb2,pidem_2dbf177ca286a8d9,,2026-07-04T00:30:40+05:30,2026-07-04T00:32:00+05:30,2026-07-04T00:30:00+05:30,2026-08-18T10:00:00+05:30
pay_09484dbe,bkg_1e5eba2d,upi,captured,18639.42,18639.42,0.00,INR,mock_1e5eba2d,pidem_7beb54447b1bc270,,2026-07-27T23:00:40+05:30,2026-07-27T23:02:00+05:30,2026-07-27T23:00:00+05:30,2026-08-18T10:00:00+05:30
pay_4ce1590d,bkg_c21cff38,upi,captured,12238.15,12238.15,0.00,INR,mock_c21cff38,pidem_07f9b97f337fa275,,2026-06-15T06:30:40+05:30,2026-06-15T06:32:00+05:30,2026-06-15T06:30:00+05:30,2026-08-18T10:00:00+05:30
pay_46bfc1e3,bkg_88bd7358,upi,captured,5941.11,5941.11,0.00,CHF,mock_88bd7358,pidem_e991b9a03f056994,,2026-04-27T15:15:40+05:30,2026-04-27T15:17:00+05:30,2026-04-27T15:15:00+05:30,2026-08-18T10:00:00+05:30
pay_9a0c1019,bkg_787b96d7,upi,initiated,36077.64,0.00,0.00,INR,mock_787b96d7,pidem_812b00bce871dcae,,,,2026-06-24T07:45:00+05:30,2026-08-18T10:00:00+05:30
pay_af9f44b5,bkg_dda2d2ae,netbanking,authorised,1011.92,0.00,0.00,MYR,mock_dda2d2ae,pidem_a7e82438063c7172,,2026-08-07T10:45:40+05:30,,2026-08-07T10:45:00+05:30,2026-08-18T10:00:00+05:30
pay_4ef7f1ed,bkg_39efdd12,card,initiated,14148.09,0.00,0.00,INR,mock_39efdd12,pidem_ababd5a0350b0c25,,,,2026-07-04T20:30:00+05:30,2026-08-18T10:00:00+05:30
pay_4df39bc3,bkg_97ce76db,upi,captured,27495.75,27495.75,0.00,INR,mock_97ce76db,pidem_05f12acdbbfb65f9,,2026-05-31T19:15:40+05:30,2026-05-31T19:17:00+05:30,2026-05-31T19:15:00+05:30,2026-08-18T10:00:00+05:30
pay_1d3d6998,bkg_c72dceb5,card,captured,30386.88,30386.88,0.00,INR,mock_c72dceb5,pidem_35b47b37cf94abd6,,2026-07-25T19:15:40+05:30,2026-07-25T19:17:00+05:30,2026-07-25T19:15:00+05:30,2026-08-18T10:00:00+05:30
pay_cf013624,bkg_e95019e9,card,captured,16759.49,16759.49,0.00,INR,mock_e95019e9,pidem_32247a852e08b74e,,2026-05-30T19:15:40+05:30,2026-05-30T19:17:00+05:30,2026-05-30T19:15:00+05:30,2026-08-18T10:00:00+05:30
pay_56b6da44,bkg_8a882872,upi,captured,9814.38,9814.38,0.00,INR,mock_8a882872,pidem_4bc5b0e18843bdcd,,2026-07-11T05:30:40+05:30,2026-07-11T05:32:00+05:30,2026-07-11T05:30:00+05:30,2026-08-18T10:00:00+05:30
pay_d9ead21b,bkg_e2035350,card,captured,107196.34,107196.34,0.00,INR,mock_e2035350,pidem_3ef9fd02cab4efec,,2026-06-05T22:45:40+05:30,2026-06-05T22:47:00+05:30,2026-06-05T22:45:00+05:30,2026-08-18T10:00:00+05:30
pay_3c717a20,bkg_7f28d323,mock,captured,18955.78,18955.78,0.00,INR,mock_7f28d323,pidem_bb9650c6b610ccde,,2026-05-14T19:30:40+05:30,2026-05-14T19:32:00+05:30,2026-05-14T19:30:00+05:30,2026-08-18T10:00:00+05:30
pay_bafb71e6,bkg_09bb00bf,card,captured,17224.46,17224.46,0.00,INR,mock_09bb00bf,pidem_9a8ef8b5ffca93a8,,2026-05-09T19:00:40+05:30,2026-05-09T19:02:00+05:30,2026-05-09T19:00:00+05:30,2026-08-18T10:00:00+05:30
pay_07aa9e20,bkg_36e27596,upi,captured,32732.77,32732.77,0.00,INR,mock_36e27596,pidem_514f96bc98b2154d,,2026-05-01T22:15:40+05:30,2026-05-01T22:17:00+05:30,2026-05-01T22:15:00+05:30,2026-08-18T10:00:00+05:30
pay_cb75351f,bkg_025187d6,netbanking,captured,16975.68,16975.68,0.00,INR,mock_025187d6,pidem_8309e410c29eebe4,,2026-07-21T08:45:40+05:30,2026-07-21T08:47:00+05:30,2026-07-21T08:45:00+05:30,2026-08-18T10:00:00+05:30
pay_166309ad,bkg_6b967e6e,mock,captured,3005.00,3005.00,0.00,MVR,mock_6b967e6e,pidem_d049faa49525dd4e,,2026-08-11T21:30:40+05:30,2026-08-11T21:32:00+05:30,2026-08-11T21:30:00+05:30,2026-08-18T10:00:00+05:30
pay_8c908a1c,bkg_85a58821,upi,authorised,1691.47,0.00,0.00,MYR,mock_85a58821,pidem_002e48572bca1704,,2026-06-05T06:30:40+05:30,,2026-06-05T06:30:00+05:30,2026-08-18T10:00:00+05:30
pay_8574c29d,bkg_40717fe7,upi,refunded,29732.79,29732.79,29732.79,INR,mock_40717fe7,pidem_2c233f291cf15850,,2026-04-25T13:45:40+05:30,2026-04-25T13:47:00+05:30,2026-04-25T13:45:00+05:30,2026-08-18T10:00:00+05:30
pay_7a469bf9,bkg_e101026e,wallet,captured,2253.74,2253.74,0.00,INR,mock_e101026e,pidem_9d352b0387330311,,2026-08-11T00:30:40+05:30,2026-08-11T00:32:00+05:30,2026-08-11T00:30:00+05:30,2026-08-18T10:00:00+05:30
pay_3714bc0f,bkg_936527cf,upi,captured,7605.12,7605.12,0.00,INR,mock_936527cf,pidem_1fe88fd906290d67,,2026-05-15T04:30:40+05:30,2026-05-15T04:32:00+05:30,2026-05-15T04:30:00+05:30,2026-08-18T10:00:00+05:30
pay_6c3fad2a,bkg_c85b86c0,upi,failed,21992.42,0.00,0.00,INR,mock_c85b86c0,pidem_924a064960da37ad,idempotency_conflict,2026-08-01T23:00:40+05:30,,2026-08-01T23:00:00+05:30,2026-08-18T10:00:00+05:30
pay_6181c844,bkg_3bc2e07f,netbanking,refunded,30650.52,30650.52,30650.52,INR,mock_3bc2e07f,pidem_96f2d6689e442bb7,,2026-07-19T00:00:40+05:30,2026-07-19T00:02:00+05:30,2026-07-19T00:00:00+05:30,2026-08-18T10:00:00+05:30
pay_176a7335,bkg_466df1d6,upi,refunded,22281.48,22281.48,22281.48,INR,mock_466df1d6,pidem_a8c6a666764aa42d,,2026-08-08T13:15:40+05:30,2026-08-08T13:17:00+05:30,2026-08-08T13:15:00+05:30,2026-08-18T10:00:00+05:30
pay_a11f5eae,bkg_a72cb242,netbanking,refunded,11896.15,11896.15,11896.15,THB,mock_a72cb242,pidem_2b5a8987cafc56ef,,2026-07-17T01:45:40+05:30,2026-07-17T01:47:00+05:30,2026-07-17T01:45:00+05:30,2026-08-18T10:00:00+05:30
pay_b7570308,bkg_edb6caa1,mock,captured,8001.03,8001.03,0.00,THB,mock_edb6caa1,pidem_1031d020861dbd7b,,2026-07-23T18:00:40+05:30,2026-07-23T18:02:00+05:30,2026-07-23T18:00:00+05:30,2026-08-18T10:00:00+05:30
pay_9e1463bf,bkg_9835547a,card,refunded,5572.47,5572.47,5572.47,INR,mock_9835547a,pidem_efa0bc505806209c,,2026-06-08T15:30:40+05:30,2026-06-08T15:32:00+05:30,2026-06-08T15:30:00+05:30,2026-08-18T10:00:00+05:30
pay_e2cf96cf,bkg_53659f1d,upi,captured,25377.99,25377.99,0.00,INR,mock_53659f1d,pidem_ea22eac18ba445a6,,2026-07-25T00:30:40+05:30,2026-07-25T00:32:00+05:30,2026-07-25T00:30:00+05:30,2026-08-18T10:00:00+05:30
pay_c189cbab,bkg_756f1ad4,netbanking,captured,15787.04,15787.04,0.00,NPR,mock_756f1ad4,pidem_5fafdddc637a6a95,,2026-07-11T01:00:40+05:30,2026-07-11T01:02:00+05:30,2026-07-11T01:00:00+05:30,2026-08-18T10:00:00+05:30
pay_e02139bd,bkg_73680d14,netbanking,captured,50382.67,50382.67,0.00,INR,mock_73680d14,pidem_dfb863b1da996a5d,,2026-06-03T18:00:40+05:30,2026-06-03T18:02:00+05:30,2026-06-03T18:00:00+05:30,2026-08-18T10:00:00+05:30
pay_f941d727,bkg_1c39e6d8,card,captured,40287.79,40287.79,0.00,INR,mock_1c39e6d8,pidem_09aa57d3dfa721fb,,2026-07-19T00:30:40+05:30,2026-07-19T00:32:00+05:30,2026-07-19T00:30:00+05:30,2026-08-18T10:00:00+05:30
pay_f04867df,bkg_a4abd076,upi,captured,33160.18,33160.18,0.00,INR,mock_a4abd076,pidem_49a1c847cab78a74,,2026-07-14T04:30:40+05:30,2026-07-14T04:32:00+05:30,2026-07-14T04:30:00+05:30,2026-08-18T10:00:00+05:30
pay_ff639500,bkg_cc0d3ae5,upi,captured,5504.15,5504.15,0.00,INR,mock_cc0d3ae5,pidem_971f5039c85162af,,2026-08-17T23:45:40+05:30,2026-08-17T23:47:00+05:30,2026-08-17T23:45:00+05:30,2026-08-18T10:00:00+05:30
pay_c206a981,bkg_09203a5e,wallet,captured,5571297.39,5571297.39,0.00,IDR,mock_09203a5e,pidem_ecd88a1bd95be034,,2026-07-13T15:15:40+05:30,2026-07-13T15:17:00+05:30,2026-07-13T15:15:00+05:30,2026-08-18T10:00:00+05:30
pay_d5497def,bkg_4b683925,card,captured,34378.40,34378.40,0.00,INR,mock_4b683925,pidem_04f378b0cf80d7ec,,2026-05-03T21:00:40+05:30,2026-05-03T21:02:00+05:30,2026-05-03T21:00:00+05:30,2026-08-18T10:00:00+05:30
pay_07667dcc,bkg_f808b066,upi,captured,24908.96,24908.96,0.00,INR,mock_f808b066,pidem_efd9228495eaad19,,2026-08-07T05:00:40+05:30,2026-08-07T05:02:00+05:30,2026-08-07T05:00:00+05:30,2026-08-18T10:00:00+05:30
pay_e8ef1f6b,bkg_c47c4524,netbanking,failed,43417.49,0.00,0.00,INR,mock_c47c4524,pidem_25bdd04d5505a8c4,idempotency_conflict,2026-06-11T08:15:40+05:30,,2026-06-11T08:15:00+05:30,2026-08-18T10:00:00+05:30
pay_a210ab4a,bkg_f3c4dbad,upi,captured,21863.44,21863.44,0.00,INR,mock_f3c4dbad,pidem_820c35e31165e0d5,,2026-07-28T12:00:40+05:30,2026-07-28T12:02:00+05:30,2026-07-28T12:00:00+05:30,2026-08-18T10:00:00+05:30
pay_bb281b99,bkg_a19513ab,card,authorised,38774.56,0.00,0.00,INR,mock_a19513ab,pidem_360bec5785152af1,,2026-07-05T15:00:40+05:30,,2026-07-05T15:00:00+05:30,2026-08-18T10:00:00+05:30
pay_6e8834a8,bkg_0f79bad7,upi,captured,102375.87,102375.87,0.00,INR,mock_0f79bad7,pidem_175a3babb3969d1e,,2026-05-06T06:45:40+05:30,2026-05-06T06:47:00+05:30,2026-05-06T06:45:00+05:30,2026-08-18T10:00:00+05:30
pay_bcbb2291,bkg_8733462e,upi,captured,19338.22,19338.22,0.00,INR,mock_8733462e,pidem_c9e8ad170009e1da,,2026-05-08T05:45:40+05:30,2026-05-08T05:47:00+05:30,2026-05-08T05:45:00+05:30,2026-08-18T10:00:00+05:30
pay_52193bb6,bkg_a1645469,upi,captured,14697.01,14697.01,0.00,INR,mock_a1645469,pidem_7f7483a1586e5000,,2026-06-21T17:00:40+05:30,2026-06-21T17:02:00+05:30,2026-06-21T17:00:00+05:30,2026-08-18T10:00:00+05:30
pay_104eecc2,bkg_11aeab6b,upi,initiated,39711.20,0.00,0.00,INR,mock_11aeab6b,pidem_0f598caea2afe7f6,,,,2026-06-15T13:45:00+05:30,2026-08-18T10:00:00+05:30
pay_fa2d37c2,bkg_90e79cda,mock,captured,46498.46,46498.46,0.00,INR,mock_90e79cda,pidem_afe0b5b609e7425d,,2026-07-12T13:15:40+05:30,2026-07-12T13:17:00+05:30,2026-07-12T13:15:00+05:30,2026-08-18T10:00:00+05:30
pay_d8219c14,bkg_85f92d8c,netbanking,captured,7952.00,7952.00,0.00,INR,mock_85f92d8c,pidem_d1deee50acd381fc,,2026-08-12T15:30:40+05:30,2026-08-12T15:32:00+05:30,2026-08-12T15:30:00+05:30,2026-08-18T10:00:00+05:30
pay_09774d33,bkg_76c4c610,upi,refunded,6304.08,6304.08,6304.08,INR,mock_76c4c610,pidem_2ab17f113c583b9f,,2026-06-16T09:30:40+05:30,2026-06-16T09:32:00+05:30,2026-06-16T09:30:00+05:30,2026-08-18T10:00:00+05:30
pay_1817eb68,bkg_979cc02a,card,captured,9883.33,9883.33,0.00,INR,mock_979cc02a,pidem_d74e65f38b09276b,,2026-08-01T22:15:40+05:30,2026-08-01T22:17:00+05:30,2026-08-01T22:15:00+05:30,2026-08-18T10:00:00+05:30
pay_d73d013d,bkg_45023b35,card,captured,41947365.47,41947365.47,0.00,IDR,mock_45023b35,pidem_56fdbc296b12de9a,,2026-04-30T17:00:40+05:30,2026-04-30T17:02:00+05:30,2026-04-30T17:00:00+05:30,2026-08-18T10:00:00+05:30
pay_1ebe9c65,bkg_8072bd3a,upi,captured,24190.30,24190.30,0.00,INR,mock_8072bd3a,pidem_7deba050b3331d81,,2026-06-28T07:15:40+05:30,2026-06-28T07:17:00+05:30,2026-06-28T07:15:00+05:30,2026-08-18T10:00:00+05:30
pay_23a61f3c,bkg_f27a9726,upi,captured,36073.92,36073.92,0.00,INR,mock_f27a9726,pidem_8e25ce91624ff259,,2026-07-09T10:30:40+05:30,2026-07-09T10:32:00+05:30,2026-07-09T10:30:00+05:30,2026-08-18T10:00:00+05:30
pay_4e56c8c1,bkg_76c187ec,upi,captured,19600.25,19600.25,0.00,INR,mock_76c187ec,pidem_7b351ff944e6b4b9,,2026-06-21T00:15:40+05:30,2026-06-21T00:17:00+05:30,2026-06-21T00:15:00+05:30,2026-08-18T10:00:00+05:30
pay_ea1b8e9c,bkg_f27cdceb,upi,initiated,4720.93,0.00,0.00,INR,mock_f27cdceb,pidem_d378d2e9a6b6407c,,,,2026-05-27T11:00:00+05:30,2026-08-18T10:00:00+05:30
pay_26f16e8e,bkg_33dc08ed,mock,failed,20920.28,0.00,0.00,INR,mock_33dc08ed,pidem_562d5429af66b0a4,idempotency_conflict,2026-06-19T14:00:40+05:30,,2026-06-19T14:00:00+05:30,2026-08-18T10:00:00+05:30
pay_3770e59a,bkg_d83c90d8,netbanking,authorised,7334.05,0.00,0.00,INR,mock_d83c90d8,pidem_07a9d4a664a1097a,,2026-06-21T02:45:40+05:30,,2026-06-21T02:45:00+05:30,2026-08-18T10:00:00+05:30
pay_09ffa397,bkg_ae2e6776,mock,captured,12993.10,12993.10,0.00,INR,mock_ae2e6776,pidem_551daf2f7a475ec6,,2026-06-19T13:45:40+05:30,2026-06-19T13:47:00+05:30,2026-06-19T13:45:00+05:30,2026-08-18T10:00:00+05:30
pay_4a1a2257,bkg_bd57eca5,upi,captured,24018.47,24018.47,0.00,INR,mock_bd57eca5,pidem_221fe38ee51181b7,,2026-06-19T15:30:40+05:30,2026-06-19T15:32:00+05:30,2026-06-19T15:30:00+05:30,2026-08-18T10:00:00+05:30
pay_02a76a98,bkg_90b043ca,netbanking,captured,27367.29,27367.29,0.00,INR,mock_90b043ca,pidem_2378c71fe7fe173e,,2026-06-21T15:45:40+05:30,2026-06-21T15:47:00+05:30,2026-06-21T15:45:00+05:30,2026-08-18T10:00:00+05:30
pay_26ba1888,bkg_600c9c3d,upi,captured,10899.74,10899.74,0.00,INR,mock_600c9c3d,pidem_f4024006e557c231,,2026-08-09T01:00:40+05:30,2026-08-09T01:02:00+05:30,2026-08-09T01:00:00+05:30,2026-08-18T10:00:00+05:30
pay_d84bb5b2,bkg_127b7d80,mock,refunded,8734.14,8734.14,8734.14,INR,mock_127b7d80,pidem_39fa2a40bf7efce6,,2026-04-23T22:00:40+05:30,2026-04-23T22:02:00+05:30,2026-04-23T22:00:00+05:30,2026-08-18T10:00:00+05:30
pay_6af76bf2,bkg_a73627ac,mock,captured,40581.06,40581.06,0.00,INR,mock_a73627ac,pidem_cb4e928de6544000,,2026-08-09T11:30:40+05:30,2026-08-09T11:32:00+05:30,2026-08-09T11:30:00+05:30,2026-08-18T10:00:00+05:30
pay_898e357d,bkg_79965098,card,captured,2137.34,2137.34,0.00,INR,mock_79965098,pidem_cd1876cb513e7352,,2026-08-09T15:30:40+05:30,2026-08-09T15:32:00+05:30,2026-08-09T15:30:00+05:30,2026-08-18T10:00:00+05:30
pay_e21d4ead,bkg_ebda481c,card,captured,22709.65,22709.65,0.00,INR,mock_ebda481c,pidem_917aa8c73fbe120c,,2026-06-01T11:30:40+05:30,2026-06-01T11:32:00+05:30,2026-06-01T11:30:00+05:30,2026-08-18T10:00:00+05:30
pay_35fedea8,bkg_d1e8371f,upi,captured,27858.34,27858.34,0.00,INR,mock_d1e8371f,pidem_2a49fb4bb3a4e9e4,,2026-07-27T11:15:40+05:30,2026-07-27T11:17:00+05:30,2026-07-27T11:15:00+05:30,2026-08-18T10:00:00+05:30
pay_8bab1708,bkg_d75c9593,card,captured,6339.09,6339.09,0.00,INR,mock_d75c9593,pidem_dda23d43020fb2a3,,2026-07-01T15:00:40+05:30,2026-07-01T15:02:00+05:30,2026-07-01T15:00:00+05:30,2026-08-18T10:00:00+05:30
pay_f75e6011,bkg_b84debdb,card,refunded,29049.23,29049.23,29049.23,INR,mock_b84debdb,pidem_19074af608f30d49,,2026-07-07T22:00:40+05:30,2026-07-07T22:02:00+05:30,2026-07-07T22:00:00+05:30,2026-08-18T10:00:00+05:30
pay_023e1bea,bkg_05e443f8,upi,captured,17026.06,17026.06,0.00,INR,mock_05e443f8,pidem_d003889ca1d96b9b,,2026-05-12T12:00:40+05:30,2026-05-12T12:02:00+05:30,2026-05-12T12:00:00+05:30,2026-08-18T10:00:00+05:30
pay_bdbfd4a5,bkg_8dffc4f1,card,refunded,54895.60,54895.60,54895.60,INR,mock_8dffc4f1,pidem_ed8c88f3240517eb,,2026-05-09T12:30:40+05:30,2026-05-09T12:32:00+05:30,2026-05-09T12:30:00+05:30,2026-08-18T10:00:00+05:30
pay_18d29582,bkg_875fa7a5,upi,captured,29395.02,29395.02,0.00,INR,mock_875fa7a5,pidem_a4565e3be229b570,,2026-08-10T18:15:40+05:30,2026-08-10T18:17:00+05:30,2026-08-10T18:15:00+05:30,2026-08-18T10:00:00+05:30
pay_16f75e11,bkg_eb66672e,mock,captured,12712.63,12712.63,0.00,THB,mock_eb66672e,pidem_45bfe73d21c15575,,2026-04-29T09:00:40+05:30,2026-04-29T09:02:00+05:30,2026-04-29T09:00:00+05:30,2026-08-18T10:00:00+05:30
pay_9e58dc4e,bkg_245fd422,upi,captured,4721.58,4721.58,0.00,AED,mock_245fd422,pidem_3c5a9f63baac2bb3,,2026-06-08T08:45:40+05:30,2026-06-08T08:47:00+05:30,2026-06-08T08:45:00+05:30,2026-08-18T10:00:00+05:30
pay_073baeb7,bkg_806fa671,upi,captured,3170.84,3170.84,0.00,INR,mock_806fa671,pidem_b9d01d3c09fb93c8,,2026-06-22T19:30:40+05:30,2026-06-22T19:32:00+05:30,2026-06-22T19:30:00+05:30,2026-08-18T10:00:00+05:30
pay_83378005,bkg_bb99d854,card,captured,20794.08,20794.08,0.00,INR,mock_bb99d854,pidem_5bac616846eb462c,,2026-06-25T16:15:40+05:30,2026-06-25T16:17:00+05:30,2026-06-25T16:15:00+05:30,2026-08-18T10:00:00+05:30
pay_f7bf10f5,bkg_23107b36,upi,captured,21695.86,21695.86,0.00,INR,mock_23107b36,pidem_2afe03eb031277d7,,2026-05-07T18:00:40+05:30,2026-05-07T18:02:00+05:30,2026-05-07T18:00:00+05:30,2026-08-18T10:00:00+05:30
pay_2eaca388,bkg_9838a51a,card,captured,43343.69,43343.69,0.00,INR,mock_9838a51a,pidem_2c4d39862fcda8ba,,2026-07-16T22:45:40+05:30,2026-07-16T22:47:00+05:30,2026-07-16T22:45:00+05:30,2026-08-18T10:00:00+05:30
pay_8d448259,bkg_3653d749,upi,authorised,7396.86,0.00,0.00,NPR,mock_3653d749,pidem_8753940ec6620a43,,2026-06-18T21:30:40+05:30,,2026-06-18T21:30:00+05:30,2026-08-18T10:00:00+05:30
pay_37841071,bkg_0033a75a,upi,captured,16843.87,16843.87,0.00,INR,mock_0033a75a,pidem_27383d618ca05dbe,,2026-05-09T09:15:40+05:30,2026-05-09T09:17:00+05:30,2026-05-09T09:15:00+05:30,2026-08-18T10:00:00+05:30
pay_941bd372,bkg_e3937435,upi,initiated,5351.11,0.00,0.00,INR,mock_e3937435,pidem_036f9de81fa4d480,,,,2026-04-30T03:00:00+05:30,2026-08-18T10:00:00+05:30
pay_bbc4ac50,bkg_924c4eae,upi,captured,5757.21,5757.21,0.00,LKR,mock_924c4eae,pidem_eb895bb0b92355d4,,2026-04-25T06:30:40+05:30,2026-04-25T06:32:00+05:30,2026-04-25T06:30:00+05:30,2026-08-18T10:00:00+05:30
pay_5024a70f,bkg_be4ec47c,card,captured,42087.00,42087.00,0.00,INR,mock_be4ec47c,pidem_88de53a026c194b6,,2026-05-10T20:00:40+05:30,2026-05-10T20:02:00+05:30,2026-05-10T20:00:00+05:30,2026-08-18T10:00:00+05:30
pay_82a72705,bkg_5bc65396,upi,captured,10957.46,10957.46,0.00,INR,mock_5bc65396,pidem_b66cbe4c0923710c,,2026-07-20T18:00:40+05:30,2026-07-20T18:02:00+05:30,2026-07-20T18:00:00+05:30,2026-08-18T10:00:00+05:30
pay_2dd15c9d,bkg_8071c030,upi,captured,24698.04,24698.04,0.00,AED,mock_8071c030,pidem_a734f163ce88eeb0,,2026-06-08T18:45:40+05:30,2026-06-08T18:47:00+05:30,2026-06-08T18:45:00+05:30,2026-08-18T10:00:00+05:30
pay_f07f61ba,bkg_25bd2d07,upi,captured,16317.12,16317.12,0.00,INR,mock_25bd2d07,pidem_03e85f252d1ca13e,,2026-05-24T09:45:40+05:30,2026-05-24T09:47:00+05:30,2026-05-24T09:45:00+05:30,2026-08-18T10:00:00+05:30
pay_a21b211a,bkg_fd460306,upi,refunded,9299.65,9299.65,9299.65,NPR,mock_fd460306,pidem_bc4c0c16682642bc,,2026-06-21T19:30:40+05:30,2026-06-21T19:32:00+05:30,2026-06-21T19:30:00+05:30,2026-08-18T10:00:00+05:30
pay_b06064e1,bkg_111c6a8b,upi,initiated,19193.81,0.00,0.00,INR,mock_111c6a8b,pidem_748df008fe92f2a0,,,,2026-06-20T02:45:00+05:30,2026-08-18T10:00:00+05:30
pay_ba9dd3b4,bkg_b7f642a3,upi,captured,16126.50,16126.50,0.00,INR,mock_b7f642a3,pidem_b6960462e457e3f0,,2026-08-17T20:15:40+05:30,2026-08-17T20:17:00+05:30,2026-08-17T20:15:00+05:30,2026-08-18T10:00:00+05:30
pay_d970a620,bkg_75c9f285,card,authorised,29761.67,0.00,0.00,INR,mock_75c9f285,pidem_195e2bc61983fdaf,,2026-04-27T07:45:40+05:30,,2026-04-27T07:45:00+05:30,2026-08-18T10:00:00+05:30
pay_c94a3cab,bkg_977c9c21,card,captured,24146.08,24146.08,0.00,INR,mock_977c9c21,pidem_12fdaaa9fffdfc8f,,2026-05-11T08:00:40+05:30,2026-05-11T08:02:00+05:30,2026-05-11T08:00:00+05:30,2026-08-18T10:00:00+05:30
pay_5bd79a06,bkg_a287a908,card,captured,6580.92,6580.92,0.00,INR,mock_a287a908,pidem_bb4a3712b331e6f0,,2026-07-17T02:15:40+05:30,2026-07-17T02:17:00+05:30,2026-07-17T02:15:00+05:30,2026-08-18T10:00:00+05:30
pay_1985b573,bkg_ff735ba8,card,refunded,65066.22,65066.22,65066.22,INR,mock_ff735ba8,pidem_65e75c193191031c,,2026-05-11T00:45:40+05:30,2026-05-11T00:47:00+05:30,2026-05-11T00:45:00+05:30,2026-08-18T10:00:00+05:30
pay_4c668fe2,bkg_241ff7b3,card,captured,2234.77,2234.77,0.00,INR,mock_241ff7b3,pidem_8304aabc1ea20214,,2026-05-30T06:00:40+05:30,2026-05-30T06:02:00+05:30,2026-05-30T06:00:00+05:30,2026-08-18T10:00:00+05:30
pay_0b3997c5,bkg_08269c1e,netbanking,refunded,65449.23,65449.23,65449.23,INR,mock_08269c1e,pidem_0b075a98b962ae43,,2026-07-19T05:45:40+05:30,2026-07-19T05:47:00+05:30,2026-07-19T05:45:00+05:30,2026-08-18T10:00:00+05:30
pay_1d9fc3ac,bkg_383d0e36,card,captured,21628.06,21628.06,0.00,INR,mock_383d0e36,pidem_bd5c2ed089d6305d,,2026-07-20T18:00:40+05:30,2026-07-20T18:02:00+05:30,2026-07-20T18:00:00+05:30,2026-08-18T10:00:00+05:30
pay_4ebcf88a,bkg_ec6f9abc,card,captured,7314.16,7314.16,0.00,INR,mock_ec6f9abc,pidem_50f3fdc29e893ad3,,2026-07-27T06:00:40+05:30,2026-07-27T06:02:00+05:30,2026-07-27T06:00:00+05:30,2026-08-18T10:00:00+05:30
pay_1f014a54,bkg_874fcd2d,wallet,captured,8182.50,8182.50,0.00,THB,mock_874fcd2d,pidem_0886e59dcc02ee42,,2026-07-21T14:00:40+05:30,2026-07-21T14:02:00+05:30,2026-07-21T14:00:00+05:30,2026-08-18T10:00:00+05:30
pay_40f9ce9c,bkg_5012c5dd,upi,refunded,65798.95,65798.95,65798.95,INR,mock_5012c5dd,pidem_12556eb2d47229f4,,2026-05-10T05:45:40+05:30,2026-05-10T05:47:00+05:30,2026-05-10T05:45:00+05:30,2026-08-18T10:00:00+05:30
pay_c01ac90e,bkg_03be541b,upi,captured,6116.54,6116.54,0.00,INR,mock_03be541b,pidem_c51f430844c1c760,,2026-08-03T02:00:40+05:30,2026-08-03T02:02:00+05:30,2026-08-03T02:00:00+05:30,2026-08-18T10:00:00+05:30
pay_cbbf626b,bkg_65f0481e,upi,failed,23372.42,0.00,0.00,INR,mock_65f0481e,pidem_08bc02b483e7faf1,idempotency_conflict,2026-05-30T07:30:40+05:30,,2026-05-30T07:30:00+05:30,2026-08-18T10:00:00+05:30
pay_df0cfb28,bkg_3774d085,card,captured,6275.86,6275.86,0.00,AED,mock_3774d085,pidem_9281ec23b3b23fc9,,2026-05-27T20:00:40+05:30,2026-05-27T20:02:00+05:30,2026-05-27T20:00:00+05:30,2026-08-18T10:00:00+05:30
pay_96a99e4d,bkg_ff12b62d,upi,captured,4513.60,4513.60,0.00,INR,mock_ff12b62d,pidem_92421a855bf70e2e,,2026-05-02T14:00:40+05:30,2026-05-02T14:02:00+05:30,2026-05-02T14:00:00+05:30,2026-08-18T10:00:00+05:30
pay_188205e4,bkg_c181180a,card,captured,4940595.06,4940595.06,0.00,IDR,mock_c181180a,pidem_dd226b436f629e9a,,2026-06-24T18:30:40+05:30,2026-06-24T18:32:00+05:30,2026-06-24T18:30:00+05:30,2026-08-18T10:00:00+05:30
pay_5c163ee3,bkg_d6e175c8,upi,captured,497.45,497.45,0.00,MYR,mock_d6e175c8,pidem_0e0add5f21e39557,,2026-06-05T22:00:40+05:30,2026-06-05T22:02:00+05:30,2026-06-05T22:00:00+05:30,2026-08-18T10:00:00+05:30
pay_60415d92,bkg_934d31c1,upi,refunded,31767.64,31767.64,31767.64,INR,mock_934d31c1,pidem_29aa4676ecc9e37a,,2026-05-22T22:15:40+05:30,2026-05-22T22:17:00+05:30,2026-05-22T22:15:00+05:30,2026-08-18T10:00:00+05:30
pay_83e2f5ca,bkg_773b52df,upi,captured,15305.67,15305.67,0.00,INR,mock_773b52df,pidem_0af61e87e647bb63,,2026-07-27T05:15:40+05:30,2026-07-27T05:17:00+05:30,2026-07-27T05:15:00+05:30,2026-08-18T10:00:00+05:30
pay_5989a0e3,bkg_9de07682,card,captured,6928.72,6928.72,0.00,INR,mock_9de07682,pidem_a639a88b28896f8f,,2026-06-11T10:45:40+05:30,2026-06-11T10:47:00+05:30,2026-06-11T10:45:00+05:30,2026-08-18T10:00:00+05:30
pay_e0761478,bkg_a2488f26,netbanking,captured,14274.87,14274.87,0.00,NPR,mock_a2488f26,pidem_9f69c4f83c8cbcfb,,2026-04-30T10:45:40+05:30,2026-04-30T10:47:00+05:30,2026-04-30T10:45:00+05:30,2026-08-18T10:00:00+05:30
pay_73641e2c,bkg_b220e601,mock,captured,18091.72,18091.72,0.00,INR,mock_b220e601,pidem_1838b2a53b6a3e9b,,2026-05-10T22:00:40+05:30,2026-05-10T22:02:00+05:30,2026-05-10T22:00:00+05:30,2026-08-18T10:00:00+05:30
pay_dc364746,bkg_bf3153e2,netbanking,captured,6250.28,6250.28,0.00,INR,mock_bf3153e2,pidem_63c15b569b81530d,,2026-06-12T09:15:40+05:30,2026-06-12T09:17:00+05:30,2026-06-12T09:15:00+05:30,2026-08-18T10:00:00+05:30
pay_f5898ed1,bkg_502401d7,wallet,captured,69024.49,69024.49,0.00,INR,mock_502401d7,pidem_9e1a25938e1021cd,,2026-08-13T05:30:40+05:30,2026-08-13T05:32:00+05:30,2026-08-13T05:30:00+05:30,2026-08-18T10:00:00+05:30
pay_8f7e8a4b,bkg_c7e921d6,wallet,captured,480.03,480.03,0.00,AED,mock_c7e921d6,pidem_79ea31b8e93a4b5d,,2026-08-08T19:45:40+05:30,2026-08-08T19:47:00+05:30,2026-08-08T19:45:00+05:30,2026-08-18T10:00:00+05:30
pay_3e12b376,bkg_8ed96f53,upi,captured,25508.02,25508.02,0.00,INR,mock_8ed96f53,pidem_45fbd4bdb881aba4,,2026-06-11T01:00:40+05:30,2026-06-11T01:02:00+05:30,2026-06-11T01:00:00+05:30,2026-08-18T10:00:00+05:30
pay_60633471,bkg_dc02d57b,mock,captured,691.64,691.64,0.00,MYR,mock_dc02d57b,pidem_60ba4b823f0ed8df,,2026-05-21T08:00:40+05:30,2026-05-21T08:02:00+05:30,2026-05-21T08:00:00+05:30,2026-08-18T10:00:00+05:30
pay_3c1b2414,bkg_d804c507,upi,captured,17454.60,17454.60,0.00,INR,mock_d804c507,pidem_c042ddd5dcc36d18,,2026-05-12T15:15:40+05:30,2026-05-12T15:17:00+05:30,2026-05-12T15:15:00+05:30,2026-08-18T10:00:00+05:30
pay_5785660b,bkg_44c085f0,card,captured,16519.15,16519.15,0.00,THB,mock_44c085f0,pidem_db67655e635f4098,,2026-07-22T10:30:40+05:30,2026-07-22T10:32:00+05:30,2026-07-22T10:30:00+05:30,2026-08-18T10:00:00+05:30
pay_bc4715c2,bkg_1d247676,upi,captured,8807.36,8807.36,0.00,NPR,mock_1d247676,pidem_ede126857d14dd64,,2026-06-09T11:15:40+05:30,2026-06-09T11:17:00+05:30,2026-06-09T11:15:00+05:30,2026-08-18T10:00:00+05:30
pay_7e62513d,bkg_c160a0b4,upi,refunded,21745.72,21745.72,21745.72,INR,mock_c160a0b4,pidem_b13395011085113d,,2026-05-06T01:30:40+05:30,2026-05-06T01:32:00+05:30,2026-05-06T01:30:00+05:30,2026-08-18T10:00:00+05:30
pay_db9515b7,bkg_59637645,upi,captured,41587.08,41587.08,0.00,INR,mock_59637645,pidem_014783f82d198770,,2026-07-19T10:45:40+05:30,2026-07-19T10:47:00+05:30,2026-07-19T10:45:00+05:30,2026-08-18T10:00:00+05:30
pay_a4674cb2,bkg_4ce78ef2,upi,refunded,25269.56,25269.56,25269.56,INR,mock_4ce78ef2,pidem_f98f56e29a25c6be,,2026-05-30T19:00:40+05:30,2026-05-30T19:02:00+05:30,2026-05-30T19:00:00+05:30,2026-08-18T10:00:00+05:30
pay_04d69cc6,bkg_c98293bf,upi,captured,6463.06,6463.06,0.00,INR,mock_c98293bf,pidem_b7ffed3792982e13,,2026-06-25T09:30:40+05:30,2026-06-25T09:32:00+05:30,2026-06-25T09:30:00+05:30,2026-08-18T10:00:00+05:30
pay_7bd732c0,bkg_8a0aff0c,upi,captured,6761.80,6761.80,0.00,THB,mock_8a0aff0c,pidem_4ff7d342359b4fac,,2026-04-28T17:00:40+05:30,2026-04-28T17:02:00+05:30,2026-04-28T17:00:00+05:30,2026-08-18T10:00:00+05:30
pay_789d39a7,bkg_303c0d8a,card,captured,76853.71,76853.71,0.00,INR,mock_303c0d8a,pidem_15540c1615ec2ee2,,2026-06-08T03:00:40+05:30,2026-06-08T03:02:00+05:30,2026-06-08T03:00:00+05:30,2026-08-18T10:00:00+05:30
pay_f8fa7b71,bkg_e3afa36c,card,refunded,14966.16,14966.16,14966.16,INR,mock_e3afa36c,pidem_3593cae86aba9609,,2026-06-26T09:45:40+05:30,2026-06-26T09:47:00+05:30,2026-06-26T09:45:00+05:30,2026-08-18T10:00:00+05:30
pay_9b1d8783,bkg_a2dfa5f5,upi,captured,15647.30,15647.30,0.00,INR,mock_a2dfa5f5,pidem_2a60e02a38340618,,2026-05-07T04:15:40+05:30,2026-05-07T04:17:00+05:30,2026-05-07T04:15:00+05:30,2026-08-18T10:00:00+05:30
pay_eb2ec53e,bkg_631e4e66,card,initiated,13033.53,0.00,0.00,INR,mock_631e4e66,pidem_8e657b3d57773e27,,,,2026-07-29T03:15:00+05:30,2026-08-18T10:00:00+05:30
pay_12f65fdf,bkg_0c0572a9,netbanking,captured,40449.71,40449.71,0.00,INR,mock_0c0572a9,pidem_16d58a490de61a3e,,2026-06-06T07:00:40+05:30,2026-06-06T07:02:00+05:30,2026-06-06T07:00:00+05:30,2026-08-18T10:00:00+05:30
pay_d578a7b5,bkg_6ce48794,card,initiated,7278.22,0.00,0.00,INR,mock_6ce48794,pidem_5bdc9a3ca83ae148,,,,2026-04-25T02:30:00+05:30,2026-08-18T10:00:00+05:30
pay_d77f7dcf,bkg_77c8a789,upi,captured,33633.53,33633.53,0.00,INR,mock_77c8a789,pidem_41b6a0b0119d5bf5,,2026-08-02T00:30:40+05:30,2026-08-02T00:32:00+05:30,2026-08-02T00:30:00+05:30,2026-08-18T10:00:00+05:30
pay_e90cf1d6,bkg_0db32491,upi,captured,8139.80,8139.80,0.00,JPY,mock_0db32491,pidem_45c1fd82db1520c6,,2026-07-06T11:15:40+05:30,2026-07-06T11:17:00+05:30,2026-07-06T11:15:00+05:30,2026-08-18T10:00:00+05:30
pay_78a6272a,bkg_667dd219,upi,captured,9961.16,9961.16,0.00,NPR,mock_667dd219,pidem_1c9786fec0aca9d4,,2026-08-17T08:15:40+05:30,2026-08-17T08:17:00+05:30,2026-08-17T08:15:00+05:30,2026-08-18T10:00:00+05:30
pay_c26f636f,bkg_8173f4e7,mock,captured,53955.76,53955.76,0.00,INR,mock_8173f4e7,pidem_dce63103d4b371bc,,2026-06-05T08:15:40+05:30,2026-06-05T08:17:00+05:30,2026-06-05T08:15:00+05:30,2026-08-18T10:00:00+05:30
pay_f12b4595,bkg_b90e94c5,card,captured,12904.67,12904.67,0.00,INR,mock_b90e94c5,pidem_4da2f2681293e74c,,2026-06-21T12:30:40+05:30,2026-06-21T12:32:00+05:30,2026-06-21T12:30:00+05:30,2026-08-18T10:00:00+05:30
pay_238a453a,bkg_c3c2e2e6,card,captured,43517.08,43517.08,0.00,INR,mock_c3c2e2e6,pidem_02b9b5cec534bdfa,,2026-08-05T12:15:40+05:30,2026-08-05T12:17:00+05:30,2026-08-05T12:15:00+05:30,2026-08-18T10:00:00+05:30
pay_5b29a67a,bkg_91e15a6b,upi,captured,11486.23,11486.23,0.00,INR,mock_91e15a6b,pidem_73c1a8231dc0e42e,,2026-07-19T03:00:40+05:30,2026-07-19T03:02:00+05:30,2026-07-19T03:00:00+05:30,2026-08-18T10:00:00+05:30
pay_a69e5a19,bkg_18e798de,card,captured,6399.03,6399.03,0.00,INR,mock_18e798de,pidem_fa361fae8bbd0b14,,2026-05-11T10:30:40+05:30,2026-05-11T10:32:00+05:30,2026-05-11T10:30:00+05:30,2026-08-18T10:00:00+05:30
pay_f488eafd,bkg_788e9164,card,captured,2360.79,2360.79,0.00,AED,mock_788e9164,pidem_cbe5c4ef27f836bf,,2026-04-30T20:15:40+05:30,2026-04-30T20:17:00+05:30,2026-04-30T20:15:00+05:30,2026-08-18T10:00:00+05:30
pay_2e4b8aff,bkg_3501490f,wallet,captured,38311.54,38311.54,0.00,INR,mock_3501490f,pidem_a0df42134ac1e405,,2026-08-08T18:00:40+05:30,2026-08-08T18:02:00+05:30,2026-08-08T18:00:00+05:30,2026-08-18T10:00:00+05:30
pay_2a44bd76,bkg_fae7dff2,card,captured,7026.26,7026.26,0.00,INR,mock_fae7dff2,pidem_5ca8fe020fa99751,,2026-04-25T11:00:40+05:30,2026-04-25T11:02:00+05:30,2026-04-25T11:00:00+05:30,2026-08-18T10:00:00+05:30
pay_9e1d4e76,bkg_415a7ebf,upi,captured,11153.40,11153.40,0.00,INR,mock_415a7ebf,pidem_4984271d46e8c937,,2026-08-04T02:30:40+05:30,2026-08-04T02:32:00+05:30,2026-08-04T02:30:00+05:30,2026-08-18T10:00:00+05:30
pay_2a18b514,bkg_4ab08bbd,wallet,captured,26578.65,26578.65,0.00,INR,mock_4ab08bbd,pidem_d979944e5665fc1c,,2026-07-03T00:00:40+05:30,2026-07-03T00:02:00+05:30,2026-07-03T00:00:00+05:30,2026-08-18T10:00:00+05:30
pay_5299b42f,bkg_25c65fad,upi,initiated,43357.83,0.00,0.00,INR,mock_25c65fad,pidem_b4fb1e98d74ce45e,,,,2026-08-13T11:30:00+05:30,2026-08-18T10:00:00+05:30
pay_58186c04,bkg_0d67de6b,card,captured,12022.33,12022.33,0.00,INR,mock_0d67de6b,pidem_2df0352632a6f3e3,,2026-04-28T05:30:40+05:30,2026-04-28T05:32:00+05:30,2026-04-28T05:30:00+05:30,2026-08-18T10:00:00+05:30
pay_7f780bf2,bkg_02d53d9e,card,captured,112544.66,112544.66,0.00,INR,mock_02d53d9e,pidem_a3419edb58c53002,,2026-06-17T00:15:40+05:30,2026-06-17T00:17:00+05:30,2026-06-17T00:15:00+05:30,2026-08-18T10:00:00+05:30
pay_36bf99ca,bkg_9a223753,upi,captured,20506.42,20506.42,0.00,AED,mock_9a223753,pidem_573cddfb5cde9046,,2026-04-21T17:15:40+05:30,2026-04-21T17:17:00+05:30,2026-04-21T17:15:00+05:30,2026-08-18T10:00:00+05:30
pay_e3021d32,bkg_b76b9508,upi,captured,1007.91,1007.91,0.00,MYR,mock_b76b9508,pidem_a839d2ebbf345400,,2026-05-08T03:15:40+05:30,2026-05-08T03:17:00+05:30,2026-05-08T03:15:00+05:30,2026-08-18T10:00:00+05:30
pay_f490ebf5,bkg_98b09532,netbanking,captured,23438.55,23438.55,0.00,INR,mock_98b09532,pidem_6e695819ddd82378,,2026-07-29T04:00:40+05:30,2026-07-29T04:02:00+05:30,2026-07-29T04:00:00+05:30,2026-08-18T10:00:00+05:30
pay_af0afe13,bkg_f4babe9d,mock,refunded,27573.93,27573.93,27573.93,SGD,mock_f4babe9d,pidem_cda8ae7984db68d1,,2026-07-02T13:30:40+05:30,2026-07-02T13:32:00+05:30,2026-07-02T13:30:00+05:30,2026-08-18T10:00:00+05:30
pay_c1821ec1,bkg_a847640c,mock,refunded,40411.37,40411.37,40411.37,INR,mock_a847640c,pidem_a9d2bd15d5c8f009,,2026-08-07T07:30:40+05:30,2026-08-07T07:32:00+05:30,2026-08-07T07:30:00+05:30,2026-08-18T10:00:00+05:30
pay_15b20c8f,bkg_fd31a888,netbanking,captured,17104613.55,17104613.55,0.00,IDR,mock_fd31a888,pidem_1b189b99bbdb4d72,,2026-05-13T08:15:40+05:30,2026-05-13T08:17:00+05:30,2026-05-13T08:15:00+05:30,2026-08-18T10:00:00+05:30
pay_1552bc09,bkg_55124906,upi,captured,4666.97,4666.97,0.00,INR,mock_55124906,pidem_00630bcae07c8aac,,2026-06-04T17:00:40+05:30,2026-06-04T17:02:00+05:30,2026-06-04T17:00:00+05:30,2026-08-18T10:00:00+05:30
pay_3b2d831c,bkg_c0d4d001,netbanking,captured,4713.90,4713.90,0.00,INR,mock_c0d4d001,pidem_ef7382cf9c216406,,2026-08-09T23:30:40+05:30,2026-08-09T23:32:00+05:30,2026-08-09T23:30:00+05:30,2026-08-18T10:00:00+05:30
pay_daf43ef0,bkg_69d2b3a3,card,initiated,9749.57,0.00,0.00,NPR,mock_69d2b3a3,pidem_cac6b8c4f751aca2,,,,2026-07-24T05:30:00+05:30,2026-08-18T10:00:00+05:30
pay_1ee6eaaf,bkg_28935cd1,upi,initiated,9267863.11,0.00,0.00,IDR,mock_28935cd1,pidem_de6a8339a75a109b,,,,2026-05-15T00:30:00+05:30,2026-08-18T10:00:00+05:30
pay_f8c23d18,bkg_5e2a1b8e,card,captured,36930.01,36930.01,0.00,INR,mock_5e2a1b8e,pidem_74937797aeb741c7,,2026-08-05T21:15:40+05:30,2026-08-05T21:17:00+05:30,2026-08-05T21:15:00+05:30,2026-08-18T10:00:00+05:30
pay_694809f1,bkg_e76ea642,upi,captured,54872.61,54872.61,0.00,INR,mock_e76ea642,pidem_7ce28ad0a575d502,,2026-07-03T12:30:40+05:30,2026-07-03T12:32:00+05:30,2026-07-03T12:30:00+05:30,2026-08-18T10:00:00+05:30
pay_44d272f2,bkg_7df09cdd,mock,captured,20875.37,20875.37,0.00,IDR,mock_7df09cdd,pidem_5764ab10e8813835,,2026-04-20T04:00:40+05:30,2026-04-20T04:02:00+05:30,2026-04-20T04:00:00+05:30,2026-08-18T10:00:00+05:30
pay_a3d7147f,bkg_4d650ab5,card,authorised,34334.88,0.00,0.00,INR,mock_4d650ab5,pidem_79c6de29279d3703,,2026-05-12T04:15:40+05:30,,2026-05-12T04:15:00+05:30,2026-08-18T10:00:00+05:30
pay_a1e9a9d6,bkg_2bc03520,card,authorised,83179.67,0.00,0.00,INR,mock_2bc03520,pidem_86e713335375a13c,,2026-08-05T09:15:40+05:30,,2026-08-05T09:15:00+05:30,2026-08-18T10:00:00+05:30
pay_8602de86,bkg_cca5c069,upi,captured,3996.42,3996.42,0.00,QAR,mock_cca5c069,pidem_a2afd8435cb01da9,,2026-06-10T11:00:40+05:30,2026-06-10T11:02:00+05:30,2026-06-10T11:00:00+05:30,2026-08-18T10:00:00+05:30
pay_6d5e0ac1,bkg_12afcde3,upi,failed,9086.18,0.00,0.00,INR,mock_12afcde3,pidem_240c1e6ac0efd93d,idempotency_conflict,2026-07-29T17:45:40+05:30,,2026-07-29T17:45:00+05:30,2026-08-18T10:00:00+05:30
pay_a1dd67d6,bkg_80acd649,upi,captured,41829.24,41829.24,0.00,INR,mock_80acd649,pidem_9e36226e92bfed05,,2026-07-07T07:45:40+05:30,2026-07-07T07:47:00+05:30,2026-07-07T07:45:00+05:30,2026-08-18T10:00:00+05:30
pay_3b3631bf,bkg_cef81eca,upi,captured,38227.82,38227.82,0.00,INR,mock_cef81eca,pidem_e55b992d6cf72159,,2026-05-28T23:00:40+05:30,2026-05-28T23:02:00+05:30,2026-05-28T23:00:00+05:30,2026-08-18T10:00:00+05:30
pay_9ae62f75,bkg_09b8fafd,card,captured,1108.23,1108.23,0.00,SGD,mock_09b8fafd,pidem_de257ce49533d428,,2026-05-30T05:00:40+05:30,2026-05-30T05:02:00+05:30,2026-05-30T05:00:00+05:30,2026-08-18T10:00:00+05:30
pay_a2508b74,bkg_f9001990,netbanking,initiated,14324.60,0.00,0.00,LKR,mock_f9001990,pidem_6b7260d045fcc6b8,,,,2026-07-17T01:00:00+05:30,2026-08-18T10:00:00+05:30
pay_7b674035,bkg_d7c7ec26,upi,captured,62067.56,62067.56,0.00,INR,mock_d7c7ec26,pidem_fd9621633e0a36e7,,2026-06-10T01:30:40+05:30,2026-06-10T01:32:00+05:30,2026-06-10T01:30:00+05:30,2026-08-18T10:00:00+05:30
pay_98d43c1b,bkg_3fe27bb5,mock,refunded,18490.42,18490.42,18490.42,INR,mock_3fe27bb5,pidem_b3c166b17e4cb279,,2026-07-30T21:15:40+05:30,2026-07-30T21:17:00+05:30,2026-07-30T21:15:00+05:30,2026-08-18T10:00:00+05:30
pay_8e7273ae,bkg_f7763644,card,initiated,7862.20,0.00,0.00,INR,mock_f7763644,pidem_8df914bdc6a18563,,,,2026-04-25T04:30:00+05:30,2026-08-18T10:00:00+05:30
pay_5de2a26e,bkg_7eec603a,netbanking,refunded,17380.22,17380.22,17380.22,INR,mock_7eec603a,pidem_2daeec8b595a460a,,2026-07-08T20:00:40+05:30,2026-07-08T20:02:00+05:30,2026-07-08T20:00:00+05:30,2026-08-18T10:00:00+05:30
pay_d22ea64b,bkg_d06d7285,mock,captured,28609.24,28609.24,0.00,INR,mock_d06d7285,pidem_628efa9339c987a3,,2026-06-24T08:00:40+05:30,2026-06-24T08:02:00+05:30,2026-06-24T08:00:00+05:30,2026-08-18T10:00:00+05:30
pay_f14e758d,bkg_63d7c464,upi,captured,32202.67,32202.67,0.00,INR,mock_63d7c464,pidem_fbfe65d5e5e8c5ee,,2026-08-14T04:45:40+05:30,2026-08-14T04:47:00+05:30,2026-08-14T04:45:00+05:30,2026-08-18T10:00:00+05:30
pay_3ef7a2f0,bkg_bfd780dc,card,failed,19849.63,0.00,0.00,INR,mock_bfd780dc,pidem_56b24617276f8b4b,idempotency_conflict,2026-06-05T23:00:40+05:30,,2026-06-05T23:00:00+05:30,2026-08-18T10:00:00+05:30
pay_3e7a669a,bkg_cb5137ac,wallet,authorised,19503.39,0.00,0.00,IDR,mock_cb5137ac,pidem_058238f40abe72b2,,2026-07-21T05:30:40+05:30,,2026-07-21T05:30:00+05:30,2026-08-18T10:00:00+05:30
pay_fe6fc29a,bkg_b6e3b4e3,card,captured,27139.08,27139.08,0.00,INR,mock_b6e3b4e3,pidem_7d5ac7a5ef387c38,,2026-06-21T01:15:40+05:30,2026-06-21T01:17:00+05:30,2026-06-21T01:15:00+05:30,2026-08-18T10:00:00+05:30
pay_bdb99652,bkg_9ff9f1d3,upi,captured,6662.63,6662.63,0.00,MYR,mock_9ff9f1d3,pidem_2562c7233764aaa2,,2026-05-20T02:00:40+05:30,2026-05-20T02:02:00+05:30,2026-05-20T02:00:00+05:30,2026-08-18T10:00:00+05:30
pay_fa218ad2,bkg_b1fb2f94,card,authorised,1307.52,0.00,0.00,SGD,mock_b1fb2f94,pidem_05302ba7c004517c,,2026-05-30T07:45:40+05:30,,2026-05-30T07:45:00+05:30,2026-08-18T10:00:00+05:30
pay_ade26d61,bkg_c75b632f,upi,captured,22098.20,22098.20,0.00,INR,mock_c75b632f,pidem_4027035d2b9fe8fb,,2026-05-02T17:30:40+05:30,2026-05-02T17:32:00+05:30,2026-05-02T17:30:00+05:30,2026-08-18T10:00:00+05:30
pay_c298269f,bkg_a54fe830,netbanking,captured,6522.62,6522.62,0.00,MYR,mock_a54fe830,pidem_0edc979075b8a35b,,2026-05-07T14:15:40+05:30,2026-05-07T14:17:00+05:30,2026-05-07T14:15:00+05:30,2026-08-18T10:00:00+05:30
pay_88fd5684,bkg_921de17b,upi,captured,4286.22,4286.22,0.00,MVR,mock_921de17b,pidem_ea184290082296b4,,2026-07-09T01:15:40+05:30,2026-07-09T01:17:00+05:30,2026-07-09T01:15:00+05:30,2026-08-18T10:00:00+05:30
pay_23639cdb,bkg_f5499d89,card,initiated,7980.76,0.00,0.00,INR,mock_f5499d89,pidem_78ad561bdf273ce9,,,,2026-05-22T09:30:00+05:30,2026-08-18T10:00:00+05:30
pay_cdaa8db6,bkg_c1714eb6,card,captured,18379.73,18379.73,0.00,INR,mock_c1714eb6,pidem_836139d0db1a988e,,2026-07-27T06:00:40+05:30,2026-07-27T06:02:00+05:30,2026-07-27T06:00:00+05:30,2026-08-18T10:00:00+05:30
pay_b9b3e1e6,bkg_127c4532,wallet,authorised,15219.41,0.00,0.00,INR,mock_127c4532,pidem_bd400120807e20e7,,2026-07-18T16:30:40+05:30,,2026-07-18T16:30:00+05:30,2026-08-18T10:00:00+05:30
pay_732cecff,bkg_cc354093,card,captured,88347.86,88347.86,0.00,INR,mock_cc354093,pidem_f58eddd406a8025a,,2026-06-27T06:15:40+05:30,2026-06-27T06:17:00+05:30,2026-06-27T06:15:00+05:30,2026-08-18T10:00:00+05:30
pay_035eefd9,bkg_dc5c34ab,upi,captured,8699.35,8699.35,0.00,INR,mock_dc5c34ab,pidem_0378abb93dc56e77,,2026-04-21T06:00:40+05:30,2026-04-21T06:02:00+05:30,2026-04-21T06:00:00+05:30,2026-08-18T10:00:00+05:30
pay_51f868e8,bkg_cd941cd2,card,authorised,1858.05,0.00,0.00,AED,mock_cd941cd2,pidem_081aed638a029837,,2026-07-10T14:30:40+05:30,,2026-07-10T14:30:00+05:30,2026-08-18T10:00:00+05:30
pay_0051f7e1,bkg_d26c0d87,card,captured,6317.63,6317.63,0.00,NPR,mock_d26c0d87,pidem_f5b4be7057a87d2d,,2026-08-16T16:15:40+05:30,2026-08-16T16:17:00+05:30,2026-08-16T16:15:00+05:30,2026-08-18T10:00:00+05:30
pay_13aa024e,bkg_495fa44e,card,refunded,9264.62,9264.62,9264.62,INR,mock_495fa44e,pidem_b4f149bafeb483ae,,2026-08-01T17:00:40+05:30,2026-08-01T17:02:00+05:30,2026-08-01T17:00:00+05:30,2026-08-18T10:00:00+05:30
pay_d2461ae1,bkg_82fb696a,upi,captured,22872.91,22872.91,0.00,INR,mock_82fb696a,pidem_87fa9315d38b26a9,,2026-06-12T06:15:40+05:30,2026-06-12T06:17:00+05:30,2026-06-12T06:15:00+05:30,2026-08-18T10:00:00+05:30
pay_681b060a,bkg_73553003,card,failed,21995.93,0.00,0.00,INR,mock_73553003,pidem_49321b6fe0c1b10d,idempotency_conflict,2026-08-15T02:00:40+05:30,,2026-08-15T02:00:00+05:30,2026-08-18T10:00:00+05:30
pay_e298aa25,bkg_b0b0d364,card,captured,55648.92,55648.92,0.00,INR,mock_b0b0d364,pidem_37150e6bf4f110c8,,2026-07-29T07:15:40+05:30,2026-07-29T07:17:00+05:30,2026-07-29T07:15:00+05:30,2026-08-18T10:00:00+05:30
pay_c63c0afa,bkg_bb7c028d,upi,captured,9701.18,9701.18,0.00,INR,mock_bb7c028d,pidem_06a6066e6054dec9,,2026-05-10T19:15:40+05:30,2026-05-10T19:17:00+05:30,2026-05-10T19:15:00+05:30,2026-08-18T10:00:00+05:30
pay_6ebefcb5,bkg_b7965b4d,card,captured,20073271.72,20073271.72,0.00,IDR,mock_b7965b4d,pidem_4d8f8a68de922ea3,,2026-04-29T21:45:40+05:30,2026-04-29T21:47:00+05:30,2026-04-29T21:45:00+05:30,2026-08-18T10:00:00+05:30
pay_3def9b24,bkg_6d40f67b,netbanking,refunded,14217.39,14217.39,14217.39,INR,mock_6d40f67b,pidem_ccb8a5fe781cd629,,2026-08-04T13:30:40+05:30,2026-08-04T13:32:00+05:30,2026-08-04T13:30:00+05:30,2026-08-18T10:00:00+05:30
pay_1e0c519e,bkg_a1a22773,netbanking,captured,7429.90,7429.90,0.00,INR,mock_a1a22773,pidem_33196fb57d46793b,,2026-05-09T13:15:40+05:30,2026-05-09T13:17:00+05:30,2026-05-09T13:15:00+05:30,2026-08-18T10:00:00+05:30
pay_2286fdc6,bkg_02d0da87,card,captured,2978.17,2978.17,0.00,INR,mock_02d0da87,pidem_d15817f1f76526be,,2026-06-10T01:15:40+05:30,2026-06-10T01:17:00+05:30,2026-06-10T01:15:00+05:30,2026-08-18T10:00:00+05:30
pay_8fa7a495,bkg_8a1b8d00,card,captured,8643.29,8643.29,0.00,INR,mock_8a1b8d00,pidem_852f7ebbf43d4d9c,,2026-08-05T02:30:40+05:30,2026-08-05T02:32:00+05:30,2026-08-05T02:30:00+05:30,2026-08-18T10:00:00+05:30
pay_c9c5076f,bkg_93698711,netbanking,refunded,6132.63,6132.63,6132.63,MYR,mock_93698711,pidem_75fd10a8970e2d6a,,2026-07-05T03:15:40+05:30,2026-07-05T03:17:00+05:30,2026-07-05T03:15:00+05:30,2026-08-18T10:00:00+05:30
pay_4be53b78,bkg_2d9d4867,upi,captured,12720.83,12720.83,0.00,INR,mock_2d9d4867,pidem_1af62384a0f2fc21,,2026-07-07T04:15:40+05:30,2026-07-07T04:17:00+05:30,2026-07-07T04:15:00+05:30,2026-08-18T10:00:00+05:30
pay_a15b1bbb,bkg_fad5f20d,card,refunded,100754.68,100754.68,100754.68,INR,mock_fad5f20d,pidem_129687548e0631a6,,2026-04-26T17:00:40+05:30,2026-04-26T17:02:00+05:30,2026-04-26T17:00:00+05:30,2026-08-18T10:00:00+05:30
pay_20cff220,bkg_fabd93b9,card,captured,59912.29,59912.29,0.00,INR,mock_fabd93b9,pidem_a6ab5f5ebcf10b49,,2026-07-02T00:00:40+05:30,2026-07-02T00:02:00+05:30,2026-07-02T00:00:00+05:30,2026-08-18T10:00:00+05:30
pay_84d23508,bkg_5270fada,upi,captured,26384.47,26384.47,0.00,INR,mock_5270fada,pidem_a14794cd332f89ae,,2026-08-14T16:15:40+05:30,2026-08-14T16:17:00+05:30,2026-08-14T16:15:00+05:30,2026-08-18T10:00:00+05:30
pay_b5d72f50,bkg_445c083f,card,captured,11389.72,11389.72,0.00,INR,mock_445c083f,pidem_5c3c1c9fb41ffae3,,2026-08-08T16:00:40+05:30,2026-08-08T16:02:00+05:30,2026-08-08T16:00:00+05:30,2026-08-18T10:00:00+05:30
pay_e5328ed5,bkg_12b5d6b5,upi,authorised,29290.35,0.00,0.00,INR,mock_12b5d6b5,pidem_4d5c84ce064bb37d,,2026-08-17T04:30:40+05:30,,2026-08-17T04:30:00+05:30,2026-08-18T10:00:00+05:30
pay_dbe1eeec,bkg_4eaaba6c,upi,captured,25610.05,25610.05,0.00,INR,mock_4eaaba6c,pidem_6b5b09041ba1a7d4,,2026-07-19T11:15:40+05:30,2026-07-19T11:17:00+05:30,2026-07-19T11:15:00+05:30,2026-08-18T10:00:00+05:30
pay_5c461e19,bkg_e5aad8b7,upi,authorised,677.54,0.00,0.00,THB,mock_e5aad8b7,pidem_3b27c48f9f74360a,,2026-06-24T23:00:40+05:30,,2026-06-24T23:00:00+05:30,2026-08-18T10:00:00+05:30
pay_69373964,bkg_14c3bc8d,mock,authorised,9819.98,0.00,0.00,INR,mock_14c3bc8d,pidem_ee720d3b041f17f6,,2026-07-05T12:15:40+05:30,,2026-07-05T12:15:00+05:30,2026-08-18T10:00:00+05:30
pay_33a2f4a4,bkg_a5b21c59,upi,captured,12939.61,12939.61,0.00,INR,mock_a5b21c59,pidem_480056c69044a113,,2026-06-18T17:45:40+05:30,2026-06-18T17:47:00+05:30,2026-06-18T17:45:00+05:30,2026-08-18T10:00:00+05:30
pay_a1bb755b,bkg_c7514579,card,captured,10198.92,10198.92,0.00,INR,mock_c7514579,pidem_5036c23c00b845e2,,2026-07-13T18:30:40+05:30,2026-07-13T18:32:00+05:30,2026-07-13T18:30:00+05:30,2026-08-18T10:00:00+05:30
pay_252e8aaa,bkg_2f9a2947,upi,captured,103168.78,103168.78,0.00,INR,mock_2f9a2947,pidem_5f7f4326e3392e29,,2026-08-17T10:00:40+05:30,2026-08-17T10:02:00+05:30,2026-08-17T10:00:00+05:30,2026-08-18T10:00:00+05:30
pay_e381a05b,bkg_d6549727,upi,captured,16238.61,16238.61,0.00,MVR,mock_d6549727,pidem_2e0dc3612ca7c88a,,2026-07-08T00:15:40+05:30,2026-07-08T00:17:00+05:30,2026-07-08T00:15:00+05:30,2026-08-18T10:00:00+05:30
pay_6742b846,bkg_833beaa1,card,initiated,113155.68,0.00,0.00,INR,mock_833beaa1,pidem_5954c9642c51d5ba,,,,2026-08-13T07:30:00+05:30,2026-08-18T10:00:00+05:30
pay_4bde0484,bkg_88c3afdd,card,captured,42968.22,42968.22,0.00,INR,mock_88c3afdd,pidem_ddc9f4926f9527bf,,2026-06-15T22:15:40+05:30,2026-06-15T22:17:00+05:30,2026-06-15T22:15:00+05:30,2026-08-18T10:00:00+05:30
pay_08911491,bkg_6cb67548,upi,captured,28827.25,28827.25,0.00,INR,mock_6cb67548,pidem_2c7d8de30f132ee6,,2026-05-25T21:15:40+05:30,2026-05-25T21:17:00+05:30,2026-05-25T21:15:00+05:30,2026-08-18T10:00:00+05:30
pay_ff0d4194,bkg_58497747,card,captured,4264.89,4264.89,0.00,CHF,mock_58497747,pidem_66cad359cf269e7e,,2026-06-20T02:45:40+05:30,2026-06-20T02:47:00+05:30,2026-06-20T02:45:00+05:30,2026-08-18T10:00:00+05:30
pay_d28326d8,bkg_e4b90b82,netbanking,refunded,6503.06,6503.06,6503.06,INR,mock_e4b90b82,pidem_df0f39b54544ed8c,,2026-05-21T13:15:40+05:30,2026-05-21T13:17:00+05:30,2026-05-21T13:15:00+05:30,2026-08-18T10:00:00+05:30
pay_2d25b3c9,bkg_9539a38a,card,captured,10618.15,10618.15,0.00,INR,mock_9539a38a,pidem_8c3b3c6d5321d737,,2026-05-07T08:45:40+05:30,2026-05-07T08:47:00+05:30,2026-05-07T08:45:00+05:30,2026-08-18T10:00:00+05:30
pay_27bd4e1c,bkg_18ce7cea,netbanking,captured,7328.14,7328.14,0.00,QAR,mock_18ce7cea,pidem_07eaeadb9ea73f46,,2026-08-01T11:15:40+05:30,2026-08-01T11:17:00+05:30,2026-08-01T11:15:00+05:30,2026-08-18T10:00:00+05:30
pay_d4f25264,bkg_e042ce4f,upi,captured,24021.58,24021.58,0.00,INR,mock_e042ce4f,pidem_c39ed37cf11766aa,,2026-04-24T11:15:40+05:30,2026-04-24T11:17:00+05:30,2026-04-24T11:15:00+05:30,2026-08-18T10:00:00+05:30
pay_4e6c84e5,bkg_7271d271,upi,refunded,9955.25,9955.25,9955.25,LKR,mock_7271d271,pidem_b5472375f3ad0de8,,2026-06-27T09:15:40+05:30,2026-06-27T09:17:00+05:30,2026-06-27T09:15:00+05:30,2026-08-18T10:00:00+05:30
pay_7efef25d,bkg_b0cc3a59,netbanking,captured,27692.21,27692.21,0.00,INR,mock_b0cc3a59,pidem_7157f53a1869e71a,,2026-06-16T22:45:40+05:30,2026-06-16T22:47:00+05:30,2026-06-16T22:45:00+05:30,2026-08-18T10:00:00+05:30
pay_6d33204b,bkg_e8f7a02d,wallet,captured,63041.26,63041.26,0.00,INR,mock_e8f7a02d,pidem_06ecc84693a902f9,,2026-06-20T02:45:40+05:30,2026-06-20T02:47:00+05:30,2026-06-20T02:45:00+05:30,2026-08-18T10:00:00+05:30
pay_a33b7fc3,bkg_4c771973,card,captured,16888.77,16888.77,0.00,INR,mock_4c771973,pidem_cc9c70cca024e165,,2026-07-19T06:30:40+05:30,2026-07-19T06:32:00+05:30,2026-07-19T06:30:00+05:30,2026-08-18T10:00:00+05:30
pay_5b40ccc2,bkg_6c5484a5,upi,initiated,11386.46,0.00,0.00,INR,mock_6c5484a5,pidem_89fd45590c96dac2,,,,2026-06-26T08:30:00+05:30,2026-08-18T10:00:00+05:30
pay_759e95d4,bkg_8e2509e9,netbanking,refunded,81688.24,81688.24,81688.24,INR,mock_8e2509e9,pidem_c32fe60cfa3a4e93,,2026-05-11T21:30:40+05:30,2026-05-11T21:32:00+05:30,2026-05-11T21:30:00+05:30,2026-08-18T10:00:00+05:30
pay_bb8d21b1,bkg_5dfc2da6,upi,captured,6696.91,6696.91,0.00,INR,mock_5dfc2da6,pidem_2ce18c1c572f03e1,,2026-07-23T22:45:40+05:30,2026-07-23T22:47:00+05:30,2026-07-23T22:45:00+05:30,2026-08-18T10:00:00+05:30
pay_3f7a116d,bkg_26a91b9f,card,captured,5109.73,5109.73,0.00,JPY,mock_26a91b9f,pidem_2ec9365e3d85d4ad,,2026-05-07T09:00:40+05:30,2026-05-07T09:02:00+05:30,2026-05-07T09:00:00+05:30,2026-08-18T10:00:00+05:30
pay_8fdd2785,bkg_bef8af39,upi,captured,20116.70,20116.70,0.00,NPR,mock_bef8af39,pidem_080540fe62f6b215,,2026-07-12T20:45:40+05:30,2026-07-12T20:47:00+05:30,2026-07-12T20:45:00+05:30,2026-08-18T10:00:00+05:30
pay_eb8f39e3,bkg_8c38da05,card,captured,7723.96,7723.96,0.00,INR,mock_8c38da05,pidem_edb7c3f76b95eef5,,2026-08-12T19:45:40+05:30,2026-08-12T19:47:00+05:30,2026-08-12T19:45:00+05:30,2026-08-18T10:00:00+05:30
pay_44871ef5,bkg_d3d9c596,upi,refunded,5452.27,5452.27,5452.27,INR,mock_d3d9c596,pidem_121151e2fe598f5e,,2026-05-22T00:45:40+05:30,2026-05-22T00:47:00+05:30,2026-05-22T00:45:00+05:30,2026-08-18T10:00:00+05:30
pay_d1b70c2a,bkg_cd945f2a,card,captured,99255.12,99255.12,0.00,INR,mock_cd945f2a,pidem_d0569a2bc8a0f40c,,2026-06-15T06:00:40+05:30,2026-06-15T06:02:00+05:30,2026-06-15T06:00:00+05:30,2026-08-18T10:00:00+05:30
pay_7a3978f4,bkg_2e2b0c6f,card,refunded,20307.44,20307.44,20307.44,INR,mock_2e2b0c6f,pidem_ebd44ed99aa863e0,,2026-06-06T16:45:40+05:30,2026-06-06T16:47:00+05:30,2026-06-06T16:45:00+05:30,2026-08-18T10:00:00+05:30
pay_832d1afd,bkg_bfbff6dd,card,captured,33888.71,33888.71,0.00,INR,mock_bfbff6dd,pidem_64ad4c4188d8537a,,2026-05-20T15:45:40+05:30,2026-05-20T15:47:00+05:30,2026-05-20T15:45:00+05:30,2026-08-18T10:00:00+05:30
pay_51d6d3d4,bkg_e34b9f9d,wallet,refunded,18583.91,18583.91,18583.91,INR,mock_e34b9f9d,pidem_93c78c2451feca55,,2026-07-07T08:30:40+05:30,2026-07-07T08:32:00+05:30,2026-07-07T08:30:00+05:30,2026-08-18T10:00:00+05:30
pay_e8b8b8e6,bkg_54a02c17,upi,captured,20176.02,20176.02,0.00,THB,mock_54a02c17,pidem_4b865d96242ef4ae,,2026-06-16T03:00:40+05:30,2026-06-16T03:02:00+05:30,2026-06-16T03:00:00+05:30,2026-08-18T10:00:00+05:30
pay_fe8f11c4,bkg_dac44b4d,card,captured,14723.65,14723.65,0.00,INR,mock_dac44b4d,pidem_5db5053469e8cdfb,,2026-06-04T07:45:40+05:30,2026-06-04T07:47:00+05:30,2026-06-04T07:45:00+05:30,2026-08-18T10:00:00+05:30
pay_b91b01f4,bkg_fefc7f0b,upi,captured,14753.96,14753.96,0.00,INR,mock_fefc7f0b,pidem_580cec8491d4dee9,,2026-05-16T00:30:40+05:30,2026-05-16T00:32:00+05:30,2026-05-16T00:30:00+05:30,2026-08-18T10:00:00+05:30
pay_896e80f6,bkg_6c0b45a8,upi,authorised,12652.53,0.00,0.00,INR,mock_6c0b45a8,pidem_d50603628f987359,,2026-05-06T16:45:40+05:30,,2026-05-06T16:45:00+05:30,2026-08-18T10:00:00+05:30
pay_24050a04,bkg_02cfb41a,netbanking,captured,4844.84,4844.84,0.00,INR,mock_02cfb41a,pidem_e818a143107de392,,2026-06-24T20:45:40+05:30,2026-06-24T20:47:00+05:30,2026-06-24T20:45:00+05:30,2026-08-18T10:00:00+05:30
pay_8c75e395,bkg_52727a33,netbanking,captured,35729.12,35729.12,0.00,INR,mock_52727a33,pidem_8e473619fc759d48,,2026-07-23T01:15:40+05:30,2026-07-23T01:17:00+05:30,2026-07-23T01:15:00+05:30,2026-08-18T10:00:00+05:30
pay_166130de,bkg_c6316fb8,upi,refunded,4308.30,4308.30,4308.30,INR,mock_c6316fb8,pidem_45a251476e99f07f,,2026-06-14T01:00:40+05:30,2026-06-14T01:02:00+05:30,2026-06-14T01:00:00+05:30,2026-08-18T10:00:00+05:30
pay_0ceda966,bkg_b5672004,upi,captured,15352.66,15352.66,0.00,INR,mock_b5672004,pidem_0eb3f85f3455b2e3,,2026-04-23T19:00:40+05:30,2026-04-23T19:02:00+05:30,2026-04-23T19:00:00+05:30,2026-08-18T10:00:00+05:30
pay_5478fbbb,bkg_2fe1a26f,upi,captured,40418.76,40418.76,0.00,INR,mock_2fe1a26f,pidem_e8600008af0ebc79,,2026-06-10T08:00:40+05:30,2026-06-10T08:02:00+05:30,2026-06-10T08:00:00+05:30,2026-08-18T10:00:00+05:30
pay_5067c502,bkg_d46e4971,card,failed,6855.82,0.00,0.00,INR,mock_d46e4971,pidem_b9a97ebba1842fad,idempotency_conflict,2026-06-14T01:30:40+05:30,,2026-06-14T01:30:00+05:30,2026-08-18T10:00:00+05:30
pay_789f44aa,bkg_ed24dfaa,upi,captured,58669.41,58669.41,0.00,INR,mock_ed24dfaa,pidem_4742e73280d35c4a,,2026-07-03T15:30:40+05:30,2026-07-03T15:32:00+05:30,2026-07-03T15:30:00+05:30,2026-08-18T10:00:00+05:30
pay_acd94d54,bkg_130372a1,netbanking,failed,21421.43,0.00,0.00,INR,mock_130372a1,pidem_23620a17ee838929,idempotency_conflict,2026-07-04T05:15:40+05:30,,2026-07-04T05:15:00+05:30,2026-08-18T10:00:00+05:30
pay_fcd9c7a1,bkg_680acbca,netbanking,captured,14288.99,14288.99,0.00,INR,mock_680acbca,pidem_434c07e1688fc20e,,2026-05-13T11:00:40+05:30,2026-05-13T11:02:00+05:30,2026-05-13T11:00:00+05:30,2026-08-18T10:00:00+05:30
pay_f1701eb2,bkg_7570a2e6,mock,captured,4412.71,4412.71,0.00,INR,mock_7570a2e6,pidem_ce13a62296648d83,,2026-06-08T08:15:40+05:30,2026-06-08T08:17:00+05:30,2026-06-08T08:15:00+05:30,2026-08-18T10:00:00+05:30
pay_7e6d6fbb,bkg_50d7098a,upi,initiated,312.89,0.00,0.00,SGD,mock_50d7098a,pidem_d545fdc2600c0b47,,,,2026-07-19T04:45:00+05:30,2026-08-18T10:00:00+05:30
pay_b2096473,bkg_91a4b601,upi,captured,25185.99,25185.99,0.00,INR,mock_91a4b601,pidem_ff6b7a1a8aef2222,,2026-07-28T01:15:40+05:30,2026-07-28T01:17:00+05:30,2026-07-28T01:15:00+05:30,2026-08-18T10:00:00+05:30
pay_21c25f90,bkg_7d97669b,card,refunded,28039.56,28039.56,28039.56,INR,mock_7d97669b,pidem_1300cdee00c676b2,,2026-06-02T07:00:40+05:30,2026-06-02T07:02:00+05:30,2026-06-02T07:00:00+05:30,2026-08-18T10:00:00+05:30
pay_73875a65,bkg_b6a70f59,upi,captured,40204.93,40204.93,0.00,THB,mock_b6a70f59,pidem_78761e915ef74fd3,,2026-05-11T17:00:40+05:30,2026-05-11T17:02:00+05:30,2026-05-11T17:00:00+05:30,2026-08-18T10:00:00+05:30
pay_b2ce1736,bkg_bf0a8828,mock,captured,85308.83,85308.83,0.00,INR,mock_bf0a8828,pidem_a7085cb47b858486,,2026-05-08T01:15:40+05:30,2026-05-08T01:17:00+05:30,2026-05-08T01:15:00+05:30,2026-08-18T10:00:00+05:30
pay_bbcc3b0b,bkg_55583b7b,upi,captured,5403.37,5403.37,0.00,INR,mock_55583b7b,pidem_2d09b851b7af4301,,2026-05-26T11:45:40+05:30,2026-05-26T11:47:00+05:30,2026-05-26T11:45:00+05:30,2026-08-18T10:00:00+05:30
pay_ebd29e14,bkg_fc253356,card,captured,7474.28,7474.28,0.00,THB,mock_fc253356,pidem_113220e6fda0bf37,,2026-07-31T10:00:40+05:30,2026-07-31T10:02:00+05:30,2026-07-31T10:00:00+05:30,2026-08-18T10:00:00+05:30
pay_8ee8586f,bkg_62c065ed,card,captured,4826.88,4826.88,0.00,INR,mock_62c065ed,pidem_3cfb2ddeb29e8430,,2026-06-29T21:00:40+05:30,2026-06-29T21:02:00+05:30,2026-06-29T21:00:00+05:30,2026-08-18T10:00:00+05:30
pay_214ada8f,bkg_b541276b,card,captured,45301.78,45301.78,0.00,INR,mock_b541276b,pidem_7bbdcec64ba61af2,,2026-07-01T14:45:40+05:30,2026-07-01T14:47:00+05:30,2026-07-01T14:45:00+05:30,2026-08-18T10:00:00+05:30
pay_d1bce816,bkg_604a5c4e,card,captured,6529.89,6529.89,0.00,INR,mock_604a5c4e,pidem_d1e02c9b0ac86f36,,2026-05-28T20:45:40+05:30,2026-05-28T20:47:00+05:30,2026-05-28T20:45:00+05:30,2026-08-18T10:00:00+05:30
pay_c58d7f1d,bkg_53dac4a3,upi,captured,39515376.95,39515376.95,0.00,IDR,mock_53dac4a3,pidem_c4560860ebd5b21a,,2026-06-22T20:30:40+05:30,2026-06-22T20:32:00+05:30,2026-06-22T20:30:00+05:30,2026-08-18T10:00:00+05:30
pay_a4faa19a,bkg_0ab26681,card,refunded,6062.94,6062.94,6062.94,MVR,mock_0ab26681,pidem_85e1008a29680a3c,,2026-07-08T07:00:40+05:30,2026-07-08T07:02:00+05:30,2026-07-08T07:00:00+05:30,2026-08-18T10:00:00+05:30
pay_7890a03e,bkg_0ebbe95e,card,initiated,6322.29,0.00,0.00,THB,mock_0ebbe95e,pidem_f78df9b55c7d1b84,,,,2026-07-17T03:15:00+05:30,2026-08-18T10:00:00+05:30
pay_edea4696,bkg_fc9207d7,upi,captured,20984.04,20984.04,0.00,INR,mock_fc9207d7,pidem_6fe6d57e18ed602d,,2026-08-16T11:15:40+05:30,2026-08-16T11:17:00+05:30,2026-08-16T11:15:00+05:30,2026-08-18T10:00:00+05:30
pay_2775dfb2,bkg_c0fba57a,card,refunded,4344.28,4344.28,4344.28,INR,mock_c0fba57a,pidem_fc0f6049c465566c,,2026-05-21T14:45:40+05:30,2026-05-21T14:47:00+05:30,2026-05-21T14:45:00+05:30,2026-08-18T10:00:00+05:30
pay_fc964de1,bkg_9fc2184f,upi,captured,8705.79,8705.79,0.00,NPR,mock_9fc2184f,pidem_79d1c1d86df3bc0f,,2026-06-14T04:45:40+05:30,2026-06-14T04:47:00+05:30,2026-06-14T04:45:00+05:30,2026-08-18T10:00:00+05:30
pay_e2a96fb3,bkg_50c8502a,card,captured,18694.70,18694.70,0.00,AED,mock_50c8502a,pidem_2719c5d19c14c59e,,2026-06-02T14:15:40+05:30,2026-06-02T14:17:00+05:30,2026-06-02T14:15:00+05:30,2026-08-18T10:00:00+05:30
pay_51e41648,bkg_aa0db315,card,captured,3316.12,3316.12,0.00,INR,mock_aa0db315,pidem_b7fd9c2aef82d03b,,2026-05-14T14:15:40+05:30,2026-05-14T14:17:00+05:30,2026-05-14T14:15:00+05:30,2026-08-18T10:00:00+05:30
pay_7928f12b,bkg_805b514f,card,captured,563.25,563.25,0.00,AED,mock_805b514f,pidem_3f43dfe4695fc3d1,,2026-08-04T11:30:40+05:30,2026-08-04T11:32:00+05:30,2026-08-04T11:30:00+05:30,2026-08-18T10:00:00+05:30
pay_5d32f7a0,bkg_9ddc8790,wallet,captured,9582.05,9582.05,0.00,INR,mock_9ddc8790,pidem_54b23aa9174d9ab6,,2026-07-20T18:30:40+05:30,2026-07-20T18:32:00+05:30,2026-07-20T18:30:00+05:30,2026-08-18T10:00:00+05:30
pay_08ec126e,bkg_61238605,netbanking,authorised,43488.57,0.00,0.00,INR,mock_61238605,pidem_3ad3a1aa23f838c9,,2026-08-16T03:00:40+05:30,,2026-08-16T03:00:00+05:30,2026-08-18T10:00:00+05:30
pay_1f795f5b,bkg_f927f8f3,netbanking,captured,1811.41,1811.41,0.00,INR,mock_f927f8f3,pidem_3774c7f4347f519d,,2026-07-12T13:30:40+05:30,2026-07-12T13:32:00+05:30,2026-07-12T13:30:00+05:30,2026-08-18T10:00:00+05:30
pay_5c836c3f,bkg_8a37bd91,upi,initiated,12898.31,0.00,0.00,INR,mock_8a37bd91,pidem_e36d340fc2a616ef,,,,2026-06-02T15:30:00+05:30,2026-08-18T10:00:00+05:30
pay_dcb4f93f,bkg_4cae87e8,mock,refunded,18874.28,18874.28,18874.28,INR,mock_4cae87e8,pidem_242447437234ee44,,2026-06-21T00:00:40+05:30,2026-06-21T00:02:00+05:30,2026-06-21T00:00:00+05:30,2026-08-18T10:00:00+05:30
pay_64fa8011,bkg_c925ed11,netbanking,captured,2500.94,2500.94,0.00,INR,mock_c925ed11,pidem_f35fdb98b60d885d,,2026-07-28T18:45:40+05:30,2026-07-28T18:47:00+05:30,2026-07-28T18:45:00+05:30,2026-08-18T10:00:00+05:30
pay_e81ba195,bkg_67b57301,card,refunded,17622.02,17622.02,17622.02,INR,mock_67b57301,pidem_e2af57d38d80a7ad,,2026-08-07T15:00:40+05:30,2026-08-07T15:02:00+05:30,2026-08-07T15:00:00+05:30,2026-08-18T10:00:00+05:30
pay_8fe13a3c,bkg_f7eddaca,upi,captured,19205751.53,19205751.53,0.00,IDR,mock_f7eddaca,pidem_097bdbd6d999c391,,2026-05-06T10:45:40+05:30,2026-05-06T10:47:00+05:30,2026-05-06T10:45:00+05:30,2026-08-18T10:00:00+05:30
pay_1c5556b9,bkg_60a2b683,mock,captured,12739.50,12739.50,0.00,AED,mock_60a2b683,pidem_a6f5df86136da028,,2026-06-29T15:30:40+05:30,2026-06-29T15:32:00+05:30,2026-06-29T15:30:00+05:30,2026-08-18T10:00:00+05:30
pay_d6906e04,bkg_2ae3a4f0,card,captured,18147.09,18147.09,0.00,NPR,mock_2ae3a4f0,pidem_82b14db85800c9a9,,2026-07-31T17:45:40+05:30,2026-07-31T17:47:00+05:30,2026-07-31T17:45:00+05:30,2026-08-18T10:00:00+05:30
pay_0f04d246,bkg_7ef5ef04,upi,refunded,14455.82,14455.82,14455.82,INR,mock_7ef5ef04,pidem_78ad17998c637a19,,2026-05-15T14:15:40+05:30,2026-05-15T14:17:00+05:30,2026-05-15T14:15:00+05:30,2026-08-18T10:00:00+05:30
pay_92085f07,bkg_7a42f7d8,card,refunded,15623.82,15623.82,15623.82,INR,mock_7a42f7d8,pidem_5a39c6ce1ed5bac4,,2026-06-04T08:00:40+05:30,2026-06-04T08:02:00+05:30,2026-06-04T08:00:00+05:30,2026-08-18T10:00:00+05:30
pay_2e187d61,bkg_8caeec8f,upi,initiated,35180.68,0.00,0.00,INR,mock_8caeec8f,pidem_d80cecc632f79729,,,,2026-07-22T16:15:00+05:30,2026-08-18T10:00:00+05:30
pay_194d602a,bkg_3fee874d,netbanking,captured,50083.78,50083.78,0.00,INR,mock_3fee874d,pidem_9a9e384a14432456,,2026-08-01T18:45:40+05:30,2026-08-01T18:47:00+05:30,2026-08-01T18:45:00+05:30,2026-08-18T10:00:00+05:30
pay_4a768f4a,bkg_0d015795,upi,captured,2951.22,2951.22,0.00,INR,mock_0d015795,pidem_5450985d84d289d7,,2026-07-13T09:30:40+05:30,2026-07-13T09:32:00+05:30,2026-07-13T09:30:00+05:30,2026-08-18T10:00:00+05:30
pay_7a9a1a47,bkg_83068456,upi,captured,7896.09,7896.09,0.00,INR,mock_83068456,pidem_b17cbec98f21552d,,2026-07-27T02:45:40+05:30,2026-07-27T02:47:00+05:30,2026-07-27T02:45:00+05:30,2026-08-18T10:00:00+05:30
pay_0b87422c,bkg_45c42e50,upi,captured,835.30,835.30,0.00,AED,mock_45c42e50,pidem_f7ee815c56ae8e4d,,2026-05-28T11:30:40+05:30,2026-05-28T11:32:00+05:30,2026-05-28T11:30:00+05:30,2026-08-18T10:00:00+05:30
pay_3c19815f,bkg_0b5c249c,mock,failed,438.45,0.00,0.00,AED,mock_0b5c249c,pidem_ba0dfd72330bccd4,idempotency_conflict,2026-07-25T05:30:40+05:30,,2026-07-25T05:30:00+05:30,2026-08-18T10:00:00+05:30
pay_3fd8f005,bkg_cf54d828,upi,captured,12640.39,12640.39,0.00,INR,mock_cf54d828,pidem_1ec2bd2d72677e07,,2026-06-26T21:15:40+05:30,2026-06-26T21:17:00+05:30,2026-06-26T21:15:00+05:30,2026-08-18T10:00:00+05:30
pay_de9a3b9d,bkg_fbee3291,card,authorised,31693.61,0.00,0.00,INR,mock_fbee3291,pidem_1860cd5c528fecbe,,2026-07-19T08:45:40+05:30,,2026-07-19T08:45:00+05:30,2026-08-18T10:00:00+05:30
pay_1fdfd75e,bkg_c4f0fcfa,card,captured,9281.69,9281.69,0.00,INR,mock_c4f0fcfa,pidem_c1857f8ef6aedb9e,,2026-06-18T10:00:40+05:30,2026-06-18T10:02:00+05:30,2026-06-18T10:00:00+05:30,2026-08-18T10:00:00+05:30
pay_530269d0,bkg_a185d9b9,upi,refunded,19279.50,19279.50,19279.50,INR,mock_a185d9b9,pidem_c4a00e59e697a544,,2026-05-19T11:30:40+05:30,2026-05-19T11:32:00+05:30,2026-05-19T11:30:00+05:30,2026-08-18T10:00:00+05:30
pay_c8fe5eb6,bkg_782ab458,card,captured,20877.94,20877.94,0.00,INR,mock_782ab458,pidem_738d266d59f1d65e,,2026-06-04T12:30:40+05:30,2026-06-04T12:32:00+05:30,2026-06-04T12:30:00+05:30,2026-08-18T10:00:00+05:30
pay_1d952a3c,bkg_0372dfa9,upi,captured,37058.71,37058.71,0.00,INR,mock_0372dfa9,pidem_8f9ec992520a0420,,2026-05-12T13:00:40+05:30,2026-05-12T13:02:00+05:30,2026-05-12T13:00:00+05:30,2026-08-18T10:00:00+05:30
pay_c1581a64,bkg_412e0857,card,refunded,12955.42,12955.42,12955.42,INR,mock_412e0857,pidem_057d23227c514142,,2026-07-05T05:15:40+05:30,2026-07-05T05:17:00+05:30,2026-07-05T05:15:00+05:30,2026-08-18T10:00:00+05:30
pay_bcce71fe,bkg_4ca733b7,upi,captured,45932.86,45932.86,0.00,INR,mock_4ca733b7,pidem_5040b80dc1a72919,,2026-04-26T07:00:40+05:30,2026-04-26T07:02:00+05:30,2026-04-26T07:00:00+05:30,2026-08-18T10:00:00+05:30
pay_909e7838,bkg_18954d81,wallet,captured,46432.58,46432.58,0.00,INR,mock_18954d81,pidem_4f95e2a31103b471,,2026-07-27T02:15:40+05:30,2026-07-27T02:17:00+05:30,2026-07-27T02:15:00+05:30,2026-08-18T10:00:00+05:30
pay_42433fae,bkg_db7d45d6,card,captured,16843.14,16843.14,0.00,NPR,mock_db7d45d6,pidem_d53e253643dae126,,2026-06-03T05:45:40+05:30,2026-06-03T05:47:00+05:30,2026-06-03T05:45:00+05:30,2026-08-18T10:00:00+05:30
pay_65f260ab,bkg_0a6bc709,upi,captured,32193.41,32193.41,0.00,INR,mock_0a6bc709,pidem_e652b921f980331c,,2026-07-27T00:00:40+05:30,2026-07-27T00:02:00+05:30,2026-07-27T00:00:00+05:30,2026-08-18T10:00:00+05:30
pay_f5fdcf49,bkg_c06d2e5a,wallet,captured,960.06,960.06,0.00,AED,mock_c06d2e5a,pidem_713957ddb1aeb10b,,2026-07-01T20:15:40+05:30,2026-07-01T20:17:00+05:30,2026-07-01T20:15:00+05:30,2026-08-18T10:00:00+05:30
pay_f7a28829,bkg_4ab062bb,card,captured,18405.30,18405.30,0.00,INR,mock_4ab062bb,pidem_0ffbb8aadf1d1281,,2026-08-07T12:45:40+05:30,2026-08-07T12:47:00+05:30,2026-08-07T12:45:00+05:30,2026-08-18T10:00:00+05:30
pay_a0cd4ab6,bkg_042ee911,mock,captured,12963.72,12963.72,0.00,INR,mock_042ee911,pidem_28de455794a69a4c,,2026-04-20T23:45:40+05:30,2026-04-20T23:47:00+05:30,2026-04-20T23:45:00+05:30,2026-08-18T10:00:00+05:30
pay_6c63a3a8,bkg_7d4cb61a,card,captured,14040.30,14040.30,0.00,INR,mock_7d4cb61a,pidem_224f644588d77094,,2026-06-26T19:00:40+05:30,2026-06-26T19:02:00+05:30,2026-06-26T19:00:00+05:30,2026-08-18T10:00:00+05:30
pay_d2237fbe,bkg_b19d595a,card,refunded,1543.49,1543.49,1543.49,MYR,mock_b19d595a,pidem_00c8e379e8877b86,,2026-08-04T20:30:40+05:30,2026-08-04T20:32:00+05:30,2026-08-04T20:30:00+05:30,2026-08-18T10:00:00+05:30
pay_84d3bb7c,bkg_068982cd,card,refunded,7962.28,7962.28,7962.28,THB,mock_068982cd,pidem_ddd67f4afa879c15,,2026-07-22T03:30:40+05:30,2026-07-22T03:32:00+05:30,2026-07-22T03:30:00+05:30,2026-08-18T10:00:00+05:30
pay_3a295f15,bkg_5257b9f2,upi,captured,4841.27,4841.27,0.00,INR,mock_5257b9f2,pidem_63b79c6078a51f0d,,2026-05-13T11:45:40+05:30,2026-05-13T11:47:00+05:30,2026-05-13T11:45:00+05:30,2026-08-18T10:00:00+05:30
pay_bedac2e5,bkg_d895b8cb,mock,captured,10233.76,10233.76,0.00,INR,mock_d895b8cb,pidem_d3d6fe534b92a8e4,,2026-07-03T21:15:40+05:30,2026-07-03T21:17:00+05:30,2026-07-03T21:15:00+05:30,2026-08-18T10:00:00+05:30
pay_24f8a079,bkg_6ace6d8e,mock,initiated,8509.68,0.00,0.00,INR,mock_6ace6d8e,pidem_b820f83b2da1baa9,,,,2026-06-23T18:45:00+05:30,2026-08-18T10:00:00+05:30
pay_c7b062d6,bkg_1edeab12,card,authorised,20616.78,0.00,0.00,INR,mock_1edeab12,pidem_5cf2cab06c0ed609,,2026-05-07T15:00:40+05:30,,2026-05-07T15:00:00+05:30,2026-08-18T10:00:00+05:30
pay_31332d6c,bkg_c6096e0c,upi,captured,12390.22,12390.22,0.00,INR,mock_c6096e0c,pidem_ac06737a1104facc,,2026-07-18T01:45:40+05:30,2026-07-18T01:47:00+05:30,2026-07-18T01:45:00+05:30,2026-08-18T10:00:00+05:30
pay_eb93fd76,bkg_b7269394,mock,refunded,9094.20,9094.20,9094.20,NPR,mock_b7269394,pidem_2d018707c978b375,,2026-08-05T10:00:40+05:30,2026-08-05T10:02:00+05:30,2026-08-05T10:00:00+05:30,2026-08-18T10:00:00+05:30
pay_b2ac5cc6,bkg_d69720dd,mock,captured,12672.26,12672.26,0.00,INR,mock_d69720dd,pidem_3082c4ed197cf013,,2026-04-20T06:00:40+05:30,2026-04-20T06:02:00+05:30,2026-04-20T06:00:00+05:30,2026-08-18T10:00:00+05:30
pay_c7199c3e,bkg_e02469a4,wallet,captured,36135.05,36135.05,0.00,THB,mock_e02469a4,pidem_676439eea638800c,,2026-04-24T12:45:40+05:30,2026-04-24T12:47:00+05:30,2026-04-24T12:45:00+05:30,2026-08-18T10:00:00+05:30
pay_0295cbc7,bkg_2d7f9bc5,upi,captured,42056.73,42056.73,0.00,INR,mock_2d7f9bc5,pidem_9b3c1773abc3c3df,,2026-07-05T20:00:40+05:30,2026-07-05T20:02:00+05:30,2026-07-05T20:00:00+05:30,2026-08-18T10:00:00+05:30
pay_240f6b7e,bkg_50980633,upi,captured,105140.59,105140.59,0.00,INR,mock_50980633,pidem_9ae5426f58a0bc3c,,2026-06-23T09:00:40+05:30,2026-06-23T09:02:00+05:30,2026-06-23T09:00:00+05:30,2026-08-18T10:00:00+05:30
pay_efa6966f,bkg_9011626f,upi,captured,24280.66,24280.66,0.00,INR,mock_9011626f,pidem_bff42a63a902a5fb,,2026-06-11T12:15:40+05:30,2026-06-11T12:17:00+05:30,2026-06-11T12:15:00+05:30,2026-08-18T10:00:00+05:30
pay_40f20716,bkg_1f01a95e,upi,authorised,18932035.99,0.00,0.00,IDR,mock_1f01a95e,pidem_fb30ff03d0fd4dc8,,2026-05-28T21:15:40+05:30,,2026-05-28T21:15:00+05:30,2026-08-18T10:00:00+05:30
pay_6939b248,bkg_b2fbc585,upi,authorised,18170.72,0.00,0.00,INR,mock_b2fbc585,pidem_ad63cf7bc44834b3,,2026-06-27T03:00:40+05:30,,2026-06-27T03:00:00+05:30,2026-08-18T10:00:00+05:30
pay_0fbb42d3,bkg_9729d3bb,netbanking,refunded,3065.17,3065.17,3065.17,AED,mock_9729d3bb,pidem_e9ab4987766b9f5c,,2026-05-30T05:45:40+05:30,2026-05-30T05:47:00+05:30,2026-05-30T05:45:00+05:30,2026-08-18T10:00:00+05:30
pay_2106dcb6,bkg_b056f311,upi,captured,4362.79,4362.79,0.00,INR,mock_b056f311,pidem_8f4a4dee02102edd,,2026-07-02T11:15:40+05:30,2026-07-02T11:17:00+05:30,2026-07-02T11:15:00+05:30,2026-08-18T10:00:00+05:30
pay_98f18509,bkg_23506257,mock,authorised,10604.61,0.00,0.00,IDR,mock_23506257,pidem_0b3fa5a02fd13d0f,,2026-05-30T06:45:40+05:30,,2026-05-30T06:45:00+05:30,2026-08-18T10:00:00+05:30
pay_04bf6d4c,bkg_f3997ce7,upi,captured,1041.42,1041.42,0.00,SGD,mock_f3997ce7,pidem_facbf2711d9e9b8a,,2026-07-30T06:15:40+05:30,2026-07-30T06:17:00+05:30,2026-07-30T06:15:00+05:30,2026-08-18T10:00:00+05:30
pay_77daf071,bkg_26141541,upi,captured,36209.51,36209.51,0.00,MVR,mock_26141541,pidem_d827a1e6990ea54c,,2026-08-02T03:00:40+05:30,2026-08-02T03:02:00+05:30,2026-08-02T03:00:00+05:30,2026-08-18T10:00:00+05:30
pay_3fe175a1,bkg_959720fb,card,captured,146830.51,146830.51,0.00,INR,mock_959720fb,pidem_7463ca905ac7b3e1,,2026-05-12T10:30:40+05:30,2026-05-12T10:32:00+05:30,2026-05-12T10:30:00+05:30,2026-08-18T10:00:00+05:30
pay_8961c7cc,bkg_3caf64ac,card,captured,5989.73,5989.73,0.00,INR,mock_3caf64ac,pidem_d2567696e0cdda91,,2026-08-05T06:45:40+05:30,2026-08-05T06:47:00+05:30,2026-08-05T06:45:00+05:30,2026-08-18T10:00:00+05:30
pay_220f0bf2,bkg_552d26aa,card,captured,58150.06,58150.06,0.00,INR,mock_552d26aa,pidem_1068478846af783f,,2026-06-11T16:15:40+05:30,2026-06-11T16:17:00+05:30,2026-06-11T16:15:00+05:30,2026-08-18T10:00:00+05:30
pay_d1338c37,bkg_5c304c64,wallet,refunded,13698227.63,13698227.63,13698227.63,IDR,mock_5c304c64,pidem_23f4dcc4d62bf333,,2026-06-11T12:15:40+05:30,2026-06-11T12:17:00+05:30,2026-06-11T12:15:00+05:30,2026-08-18T10:00:00+05:30
pay_3b097c9f,bkg_2aa109a8,card,captured,93792.85,93792.85,0.00,INR,mock_2aa109a8,pidem_0596161c8e8e9a36,,2026-06-20T14:30:40+05:30,2026-06-20T14:32:00+05:30,2026-06-20T14:30:00+05:30,2026-08-18T10:00:00+05:30
pay_c1e342da,bkg_8033782e,upi,captured,27467.51,27467.51,0.00,INR,mock_8033782e,pidem_9ea86f5bbf134fb5,,2026-05-06T18:45:40+05:30,2026-05-06T18:47:00+05:30,2026-05-06T18:45:00+05:30,2026-08-18T10:00:00+05:30
pay_17909ed2,bkg_cc45fc09,card,captured,2309.62,2309.62,0.00,INR,mock_cc45fc09,pidem_47806335d9748031,,2026-05-11T10:45:40+05:30,2026-05-11T10:47:00+05:30,2026-05-11T10:45:00+05:30,2026-08-18T10:00:00+05:30
pay_3425ffd1,bkg_378bbe96,upi,captured,5373.03,5373.03,0.00,LKR,mock_378bbe96,pidem_5c15420a53999c5a,,2026-05-26T13:00:40+05:30,2026-05-26T13:02:00+05:30,2026-05-26T13:00:00+05:30,2026-08-18T10:00:00+05:30
pay_b1f82914,bkg_9a91261a,mock,captured,4946.57,4946.57,0.00,MVR,mock_9a91261a,pidem_8d4626ba80860876,,2026-06-09T14:15:40+05:30,2026-06-09T14:17:00+05:30,2026-06-09T14:15:00+05:30,2026-08-18T10:00:00+05:30
pay_cd88bc22,bkg_d0255db9,card,captured,4787.64,4787.64,0.00,INR,mock_d0255db9,pidem_2a2c94aefdf70226,,2026-06-08T14:45:40+05:30,2026-06-08T14:47:00+05:30,2026-06-08T14:45:00+05:30,2026-08-18T10:00:00+05:30
pay_b0d23a37,bkg_fb1fb6a0,mock,captured,60934.74,60934.74,0.00,INR,mock_fb1fb6a0,pidem_89f70c76f751caeb,,2026-07-20T19:15:40+05:30,2026-07-20T19:17:00+05:30,2026-07-20T19:15:00+05:30,2026-08-18T10:00:00+05:30
pay_04ef1b78,bkg_5f686362,upi,captured,22653.12,22653.12,0.00,INR,mock_5f686362,pidem_8988aeed04d06a1d,,2026-04-22T21:30:40+05:30,2026-04-22T21:32:00+05:30,2026-04-22T21:30:00+05:30,2026-08-18T10:00:00+05:30
pay_c0d7ca62,bkg_ce6d9324,card,captured,15563.30,15563.30,0.00,AED,mock_ce6d9324,pidem_6a31b4108f59635b,,2026-07-12T05:45:40+05:30,2026-07-12T05:47:00+05:30,2026-07-12T05:45:00+05:30,2026-08-18T10:00:00+05:30
pay_f60c4a12,bkg_f9454924,mock,captured,16944.64,16944.64,0.00,INR,mock_f9454924,pidem_74b28f8efa1e7d7c,,2026-05-21T23:15:40+05:30,2026-05-21T23:17:00+05:30,2026-05-21T23:15:00+05:30,2026-08-18T10:00:00+05:30
pay_d3d487e9,bkg_059764be,upi,captured,106244.53,106244.53,0.00,INR,mock_059764be,pidem_f278e8a83c69805b,,2026-04-24T12:15:40+05:30,2026-04-24T12:17:00+05:30,2026-04-24T12:15:00+05:30,2026-08-18T10:00:00+05:30
pay_1b02c1b1,bkg_48c6b6b8,card,captured,30303.15,30303.15,0.00,INR,mock_48c6b6b8,pidem_2df456907cc96687,,2026-04-28T08:45:40+05:30,2026-04-28T08:47:00+05:30,2026-04-28T08:45:00+05:30,2026-08-18T10:00:00+05:30
pay_8a5eaa9f,bkg_7fc8b55f,card,captured,72549.86,72549.86,0.00,INR,mock_7fc8b55f,pidem_a855ac5ab61eb97c,,2026-08-10T11:45:40+05:30,2026-08-10T11:47:00+05:30,2026-08-10T11:45:00+05:30,2026-08-18T10:00:00+05:30
pay_263ef088,bkg_0361a872,card,captured,28564.05,28564.05,0.00,INR,mock_0361a872,pidem_21fac8bb177a6d11,,2026-06-23T13:45:40+05:30,2026-06-23T13:47:00+05:30,2026-06-23T13:45:00+05:30,2026-08-18T10:00:00+05:30
pay_f4064eb0,bkg_bdf71ea9,upi,refunded,8603.19,8603.19,8603.19,INR,mock_bdf71ea9,pidem_b765458e9dbbf9aa,,2026-07-30T22:15:40+05:30,2026-07-30T22:17:00+05:30,2026-07-30T22:15:00+05:30,2026-08-18T10:00:00+05:30
pay_d77f608a,bkg_ddef48c5,card,captured,8367.62,8367.62,0.00,INR,mock_ddef48c5,pidem_8645b4d338a76a0a,,2026-08-14T17:15:40+05:30,2026-08-14T17:17:00+05:30,2026-08-14T17:15:00+05:30,2026-08-18T10:00:00+05:30
pay_0cc0abc4,bkg_0b6a3f29,upi,captured,5086.33,5086.33,0.00,INR,mock_0b6a3f29,pidem_6ceb4c3143d4bf8c,,2026-05-06T20:30:40+05:30,2026-05-06T20:32:00+05:30,2026-05-06T20:30:00+05:30,2026-08-18T10:00:00+05:30
pay_4ddcb16d,bkg_fe8b36b0,upi,refunded,44931.20,44931.20,44931.20,INR,mock_fe8b36b0,pidem_a1639c8b4a74609e,,2026-07-24T05:15:40+05:30,2026-07-24T05:17:00+05:30,2026-07-24T05:15:00+05:30,2026-08-18T10:00:00+05:30
pay_3d992e41,bkg_25cb4704,card,initiated,16316.62,0.00,0.00,INR,mock_25cb4704,pidem_e21e97df330e2f03,,,,2026-05-09T11:00:00+05:30,2026-08-18T10:00:00+05:30
pay_d01819d2,bkg_b99d91d6,upi,captured,5190.04,5190.04,0.00,THB,mock_b99d91d6,pidem_70a3ffbf982ba844,,2026-06-30T06:15:40+05:30,2026-06-30T06:17:00+05:30,2026-06-30T06:15:00+05:30,2026-08-18T10:00:00+05:30
pay_699bdf86,bkg_c6b2be62,netbanking,captured,3446.68,3446.68,0.00,INR,mock_c6b2be62,pidem_a4be17824de5c07f,,2026-06-24T14:15:40+05:30,2026-06-24T14:17:00+05:30,2026-06-24T14:15:00+05:30,2026-08-18T10:00:00+05:30
pay_80549c50,bkg_f3280b27,netbanking,captured,14624.33,14624.33,0.00,MYR,mock_f3280b27,pidem_44bef06a224ef561,,2026-06-11T17:30:40+05:30,2026-06-11T17:32:00+05:30,2026-06-11T17:30:00+05:30,2026-08-18T10:00:00+05:30
pay_03f6d722,bkg_96d63d97,card,refunded,8071.09,8071.09,8071.09,INR,mock_96d63d97,pidem_439c05b4f6d7f670,,2026-05-05T03:45:40+05:30,2026-05-05T03:47:00+05:30,2026-05-05T03:45:00+05:30,2026-08-18T10:00:00+05:30
pay_30a7357b,bkg_461e43f9,upi,captured,19574.80,19574.80,0.00,INR,mock_461e43f9,pidem_ee67b08ddf0d8b0b,,2026-05-01T08:45:40+05:30,2026-05-01T08:47:00+05:30,2026-05-01T08:45:00+05:30,2026-08-18T10:00:00+05:30
pay_76df35da,bkg_56f87249,card,captured,5070469.60,5070469.60,0.00,IDR,mock_56f87249,pidem_481d0ded33653314,,2026-07-11T02:00:40+05:30,2026-07-11T02:02:00+05:30,2026-07-11T02:00:00+05:30,2026-08-18T10:00:00+05:30
pay_4f971888,bkg_e88c1b2a,card,captured,5424.43,5424.43,0.00,INR,mock_e88c1b2a,pidem_3202ad880cff9a99,,2026-05-09T11:00:40+05:30,2026-05-09T11:02:00+05:30,2026-05-09T11:00:00+05:30,2026-08-18T10:00:00+05:30
pay_7d5dd7c0,bkg_13f51a52,upi,captured,53974.97,53974.97,0.00,INR,mock_13f51a52,pidem_3854989b60cfbda6,,2026-07-13T06:45:40+05:30,2026-07-13T06:47:00+05:30,2026-07-13T06:45:00+05:30,2026-08-18T10:00:00+05:30
pay_aea136a3,bkg_cec5d0f5,card,captured,11680.98,11680.98,0.00,INR,mock_cec5d0f5,pidem_ef47605f9d3e265f,,2026-05-23T19:00:40+05:30,2026-05-23T19:02:00+05:30,2026-05-23T19:00:00+05:30,2026-08-18T10:00:00+05:30
pay_99e074e7,bkg_440139e5,upi,captured,7459.00,7459.00,0.00,INR,mock_440139e5,pidem_f8e890235949238a,,2026-08-15T15:00:40+05:30,2026-08-15T15:02:00+05:30,2026-08-15T15:00:00+05:30,2026-08-18T10:00:00+05:30
pay_c49087cf,bkg_ee09b46c,wallet,refunded,2972.21,2972.21,2972.21,AED,mock_ee09b46c,pidem_0a2d944c79256ebf,,2026-04-30T00:30:40+05:30,2026-04-30T00:32:00+05:30,2026-04-30T00:30:00+05:30,2026-08-18T10:00:00+05:30
pay_33aba982,bkg_fb92ca0b,upi,authorised,7483.08,0.00,0.00,INR,mock_fb92ca0b,pidem_1ccb8bcf2322d2d0,,2026-06-16T11:45:40+05:30,,2026-06-16T11:45:00+05:30,2026-08-18T10:00:00+05:30
pay_9102d574,bkg_da9931a3,upi,refunded,17231.92,17231.92,17231.92,INR,mock_da9931a3,pidem_7373685c219befb9,,2026-05-19T19:15:40+05:30,2026-05-19T19:17:00+05:30,2026-05-19T19:15:00+05:30,2026-08-18T10:00:00+05:30
pay_e5ba755c,bkg_b36a8110,netbanking,captured,10210.11,10210.11,0.00,NPR,mock_b36a8110,pidem_928a1b9241053722,,2026-05-29T14:15:40+05:30,2026-05-29T14:17:00+05:30,2026-05-29T14:15:00+05:30,2026-08-18T10:00:00+05:30
pay_c5f38e0d,bkg_bedf079c,netbanking,captured,32212.70,32212.70,0.00,INR,mock_bedf079c,pidem_2b93bd3d2edc4904,,2026-04-23T14:45:40+05:30,2026-04-23T14:47:00+05:30,2026-04-23T14:45:00+05:30,2026-08-18T10:00:00+05:30
pay_8ac1face,bkg_1777e0de,card,captured,25616.30,25616.30,0.00,INR,mock_1777e0de,pidem_c9ffa1a572375d9e,,2026-07-06T14:30:40+05:30,2026-07-06T14:32:00+05:30,2026-07-06T14:30:00+05:30,2026-08-18T10:00:00+05:30
pay_873e5ab9,bkg_18eb1612,upi,refunded,11763.61,11763.61,11763.61,INR,mock_18eb1612,pidem_696a2558ad1e2c79,,2026-08-10T23:00:40+05:30,2026-08-10T23:02:00+05:30,2026-08-10T23:00:00+05:30,2026-08-18T10:00:00+05:30
pay_bdcbe0ce,bkg_aaf59e58,upi,captured,1701.84,1701.84,0.00,SGD,mock_aaf59e58,pidem_66ed2314da8ab9e2,,2026-07-11T20:45:40+05:30,2026-07-11T20:47:00+05:30,2026-07-11T20:45:00+05:30,2026-08-18T10:00:00+05:30
pay_8e0face7,bkg_b79a8a4d,upi,refunded,4498.49,4498.49,4498.49,INR,mock_b79a8a4d,pidem_437681f1fa50d11c,,2026-07-03T05:45:40+05:30,2026-07-03T05:47:00+05:30,2026-07-03T05:45:00+05:30,2026-08-18T10:00:00+05:30
pay_85fa6615,bkg_2d86bd63,mock,captured,5784.64,5784.64,0.00,INR,mock_2d86bd63,pidem_29e68736a148d56e,,2026-07-17T02:15:40+05:30,2026-07-17T02:17:00+05:30,2026-07-17T02:15:00+05:30,2026-08-18T10:00:00+05:30
pay_293bc6b3,bkg_58270601,card,captured,2398.38,2398.38,0.00,MYR,mock_58270601,pidem_57a4f917617795e7,,2026-05-14T15:15:40+05:30,2026-05-14T15:17:00+05:30,2026-05-14T15:15:00+05:30,2026-08-18T10:00:00+05:30
pay_60ad925e,bkg_7eec4c49,card,captured,7743.39,7743.39,0.00,INR,mock_7eec4c49,pidem_10a034224af44aad,,2026-07-06T21:15:40+05:30,2026-07-06T21:17:00+05:30,2026-07-06T21:15:00+05:30,2026-08-18T10:00:00+05:30
pay_8476e8da,bkg_37195dfe,netbanking,captured,63044.73,63044.73,0.00,INR,mock_37195dfe,pidem_2847e52cba70f6ee,,2026-07-29T04:00:40+05:30,2026-07-29T04:02:00+05:30,2026-07-29T04:00:00+05:30,2026-08-18T10:00:00+05:30
pay_12bca00a,bkg_1d7a3ce3,upi,captured,11060.54,11060.54,0.00,INR,mock_1d7a3ce3,pidem_ec9426e6f2a11e26,,2026-05-20T00:45:40+05:30,2026-05-20T00:47:00+05:30,2026-05-20T00:45:00+05:30,2026-08-18T10:00:00+05:30
pay_1de55119,bkg_1e515990,card,captured,39909.59,39909.59,0.00,INR,mock_1e515990,pidem_494cc419459e532b,,2026-07-20T02:15:40+05:30,2026-07-20T02:17:00+05:30,2026-07-20T02:15:00+05:30,2026-08-18T10:00:00+05:30
pay_86e319a8,bkg_d49c3637,upi,captured,18210.42,18210.42,0.00,INR,mock_d49c3637,pidem_8832dec107249f81,,2026-05-11T04:45:40+05:30,2026-05-11T04:47:00+05:30,2026-05-11T04:45:00+05:30,2026-08-18T10:00:00+05:30
pay_6db9821c,bkg_f72c742c,upi,captured,25687.05,25687.05,0.00,INR,mock_f72c742c,pidem_f8c68ba1450a3362,,2026-06-17T00:30:40+05:30,2026-06-17T00:32:00+05:30,2026-06-17T00:30:00+05:30,2026-08-18T10:00:00+05:30
pay_b108a3d9,bkg_810b617d,card,captured,13781.94,13781.94,0.00,INR,mock_810b617d,pidem_5cbf7fa23562023c,,2026-04-20T03:30:40+05:30,2026-04-20T03:32:00+05:30,2026-04-20T03:30:00+05:30,2026-08-18T10:00:00+05:30
pay_bac59a78,bkg_4fda115c,card,refunded,107609.20,107609.20,107609.20,INR,mock_4fda115c,pidem_ca1111676ab0d426,,2026-05-04T07:45:40+05:30,2026-05-04T07:47:00+05:30,2026-05-04T07:45:00+05:30,2026-08-18T10:00:00+05:30
pay_3877ecd6,bkg_a4535d75,wallet,refunded,5457.27,5457.27,5457.27,LKR,mock_a4535d75,pidem_80e9626c4e9e82dc,,2026-07-27T17:15:40+05:30,2026-07-27T17:17:00+05:30,2026-07-27T17:15:00+05:30,2026-08-18T10:00:00+05:30
pay_2f22cf73,bkg_92a56376,card,captured,4945.48,4945.48,0.00,QAR,mock_92a56376,pidem_130f97faf228fbba,,2026-06-14T10:30:40+05:30,2026-06-14T10:32:00+05:30,2026-06-14T10:30:00+05:30,2026-08-18T10:00:00+05:30
pay_8d21d473,bkg_24addae2,upi,captured,33053.53,33053.53,0.00,INR,mock_24addae2,pidem_61fc47d453279a3c,,2026-05-21T01:45:40+05:30,2026-05-21T01:47:00+05:30,2026-05-21T01:45:00+05:30,2026-08-18T10:00:00+05:30
pay_ad82e043,bkg_37599184,wallet,captured,4493.89,4493.89,0.00,AED,mock_37599184,pidem_68805243053c14c5,,2026-06-28T04:45:40+05:30,2026-06-28T04:47:00+05:30,2026-06-28T04:45:00+05:30,2026-08-18T10:00:00+05:30
pay_e420c217,bkg_7710eb78,netbanking,initiated,62280.56,0.00,0.00,INR,mock_7710eb78,pidem_b379556c33371b21,,,,2026-05-02T19:45:00+05:30,2026-08-18T10:00:00+05:30
pay_8ea4edae,bkg_08e9ef24,mock,captured,7258.62,7258.62,0.00,INR,mock_08e9ef24,pidem_fcf88baedcfc8fde,,2026-05-30T02:30:40+05:30,2026-05-30T02:32:00+05:30,2026-05-30T02:30:00+05:30,2026-08-18T10:00:00+05:30
pay_e47e5d16,bkg_8cd594ff,card,captured,4659.05,4659.05,0.00,JPY,mock_8cd594ff,pidem_53b2053cca29fa59,,2026-07-23T07:30:40+05:30,2026-07-23T07:32:00+05:30,2026-07-23T07:30:00+05:30,2026-08-18T10:00:00+05:30
pay_509d28df,bkg_4b3c6df9,wallet,captured,39956.81,39956.81,0.00,INR,mock_4b3c6df9,pidem_2f856262535a772b,,2026-05-25T15:45:40+05:30,2026-05-25T15:47:00+05:30,2026-05-25T15:45:00+05:30,2026-08-18T10:00:00+05:30
pay_d8810c5a,bkg_9e40ce57,card,initiated,51472.06,0.00,0.00,INR,mock_9e40ce57,pidem_026e912dbe7b8aae,,,,2026-06-08T04:30:00+05:30,2026-08-18T10:00:00+05:30
pay_58fa8f58,bkg_d374c61e,card,captured,21561.48,21561.48,0.00,INR,mock_d374c61e,pidem_05dea5f7f95535ec,,2026-06-14T08:30:40+05:30,2026-06-14T08:32:00+05:30,2026-06-14T08:30:00+05:30,2026-08-18T10:00:00+05:30
pay_6c6428aa,bkg_bbf0d265,upi,captured,16229.16,16229.16,0.00,INR,mock_bbf0d265,pidem_f943dc2b55a8ed5b,,2026-05-20T15:30:40+05:30,2026-05-20T15:32:00+05:30,2026-05-20T15:30:00+05:30,2026-08-18T10:00:00+05:30
pay_0c54565f,bkg_c00fcf14,upi,authorised,11593.52,0.00,0.00,INR,mock_c00fcf14,pidem_13ddad3036951642,,2026-05-10T06:15:40+05:30,,2026-05-10T06:15:00+05:30,2026-08-18T10:00:00+05:30
pay_36e84f5e,bkg_5f74a52c,netbanking,captured,31918.52,31918.52,0.00,INR,mock_5f74a52c,pidem_ba9d3ed033076a65,,2026-07-22T02:00:40+05:30,2026-07-22T02:02:00+05:30,2026-07-22T02:00:00+05:30,2026-08-18T10:00:00+05:30
pay_389f286d,bkg_1151a68e,upi,refunded,14344.28,14344.28,14344.28,INR,mock_1151a68e,pidem_5dfad03f8feb73a9,,2026-07-07T16:30:40+05:30,2026-07-07T16:32:00+05:30,2026-07-07T16:30:00+05:30,2026-08-18T10:00:00+05:30
pay_4095d68c,bkg_25142033,card,captured,5596.04,5596.04,0.00,MYR,mock_25142033,pidem_48ea7438541a855d,,2026-07-12T12:30:40+05:30,2026-07-12T12:32:00+05:30,2026-07-12T12:30:00+05:30,2026-08-18T10:00:00+05:30
pay_8e54b056,bkg_59d9c046,card,refunded,21133.93,21133.93,21133.93,INR,mock_59d9c046,pidem_9b69654ab4702bad,,2026-05-03T02:15:40+05:30,2026-05-03T02:17:00+05:30,2026-05-03T02:15:00+05:30,2026-08-18T10:00:00+05:30
pay_80b127bc,bkg_bfba39c7,upi,captured,12858.76,12858.76,0.00,INR,mock_bfba39c7,pidem_83f92f3bec8a28ff,,2026-06-22T07:00:40+05:30,2026-06-22T07:02:00+05:30,2026-06-22T07:00:00+05:30,2026-08-18T10:00:00+05:30
pay_650c4dcb,bkg_85399e9e,upi,captured,5382.90,5382.90,0.00,INR,mock_85399e9e,pidem_53f9113d76379702,,2026-06-17T09:15:40+05:30,2026-06-17T09:17:00+05:30,2026-06-17T09:15:00+05:30,2026-08-18T10:00:00+05:30
pay_76c69afe,bkg_ac70e9c5,upi,authorised,4826.32,0.00,0.00,INR,mock_ac70e9c5,pidem_3cc4451482ec90f7,,2026-06-12T12:45:40+05:30,,2026-06-12T12:45:00+05:30,2026-08-18T10:00:00+05:30
pay_806a2b29,bkg_0baea841,netbanking,captured,4049.12,4049.12,0.00,INR,mock_0baea841,pidem_b9f125a4124fbe09,,2026-07-12T04:45:40+05:30,2026-07-12T04:47:00+05:30,2026-07-12T04:45:00+05:30,2026-08-18T10:00:00+05:30
pay_e0fd832d,bkg_eea39c23,upi,initiated,51466.81,0.00,0.00,INR,mock_eea39c23,pidem_46e8b17aeb825a31,,,,2026-08-16T03:00:00+05:30,2026-08-18T10:00:00+05:30
pay_41c3e38c,bkg_a66e80e6,card,captured,26591.15,26591.15,0.00,INR,mock_a66e80e6,pidem_32e3e644002981e8,,2026-07-10T05:15:40+05:30,2026-07-10T05:17:00+05:30,2026-07-10T05:15:00+05:30,2026-08-18T10:00:00+05:30
pay_1f8b9cde,bkg_52bbf836,upi,initiated,17809.86,0.00,0.00,INR,mock_52bbf836,pidem_9fe73bb36bf3725c,,,,2026-05-09T10:00:00+05:30,2026-08-18T10:00:00+05:30
pay_09988aaf,bkg_fea84623,netbanking,refunded,8920.68,8920.68,8920.68,INR,mock_fea84623,pidem_f9a020d373dbcc9e,,2026-06-05T06:45:40+05:30,2026-06-05T06:47:00+05:30,2026-06-05T06:45:00+05:30,2026-08-18T10:00:00+05:30
pay_e244b36d,bkg_68cbb4be,upi,captured,12220.86,12220.86,0.00,JPY,mock_68cbb4be,pidem_85f7728ff1b2b4d9,,2026-07-21T17:00:40+05:30,2026-07-21T17:02:00+05:30,2026-07-21T17:00:00+05:30,2026-08-18T10:00:00+05:30
pay_ff9767ab,bkg_ceeb43d1,netbanking,refunded,18902.84,18902.84,18902.84,INR,mock_ceeb43d1,pidem_9e518eaf5fcc5d6a,,2026-05-06T14:00:40+05:30,2026-05-06T14:02:00+05:30,2026-05-06T14:00:00+05:30,2026-08-18T10:00:00+05:30
pay_3ab5bad6,bkg_9c76547b,upi,captured,8822.06,8822.06,0.00,INR,mock_9c76547b,pidem_43e62cacd2a4d9af,,2026-06-04T19:45:40+05:30,2026-06-04T19:47:00+05:30,2026-06-04T19:45:00+05:30,2026-08-18T10:00:00+05:30
pay_404925c3,bkg_3200680f,upi,captured,3005.00,3005.00,0.00,MVR,mock_3200680f,pidem_da47727ec06e69a4,,2026-08-17T01:30:40+05:30,2026-08-17T01:32:00+05:30,2026-08-17T01:30:00+05:30,2026-08-18T10:00:00+05:30
pay_03e1c657,bkg_a9d17b5c,card,captured,21931.41,21931.41,0.00,INR,mock_a9d17b5c,pidem_c8e107085184f07b,,2026-07-02T04:30:40+05:30,2026-07-02T04:32:00+05:30,2026-07-02T04:30:00+05:30,2026-08-18T10:00:00+05:30
pay_e8f43d59,bkg_4a696557,netbanking,captured,5431.98,5431.98,0.00,INR,mock_4a696557,pidem_b9d6920be99641dc,,2026-07-13T07:30:40+05:30,2026-07-13T07:32:00+05:30,2026-07-13T07:30:00+05:30,2026-08-18T10:00:00+05:30
pay_4666bf0d,bkg_cf79aebe,card,failed,24394.14,0.00,0.00,CHF,mock_cf79aebe,pidem_a9690ad45daec5d1,idempotency_conflict,2026-05-24T02:00:40+05:30,,2026-05-24T02:00:00+05:30,2026-08-18T10:00:00+05:30
pay_ef7a792b,bkg_4f105f25,upi,captured,29203.87,29203.87,0.00,INR,mock_4f105f25,pidem_05a971fd7a325f20,,2026-08-05T19:45:40+05:30,2026-08-05T19:47:00+05:30,2026-08-05T19:45:00+05:30,2026-08-18T10:00:00+05:30
pay_ac83c7b7,bkg_f4aeea50,mock,captured,9446.26,9446.26,0.00,JPY,mock_f4aeea50,pidem_8968995a06c942b4,,2026-07-27T20:15:40+05:30,2026-07-27T20:17:00+05:30,2026-07-27T20:15:00+05:30,2026-08-18T10:00:00+05:30
pay_75a48355,bkg_a48bbe23,card,failed,12868.76,0.00,0.00,AED,mock_a48bbe23,pidem_9c790d2e0618417f,idempotency_conflict,2026-07-02T23:00:40+05:30,,2026-07-02T23:00:00+05:30,2026-08-18T10:00:00+05:30
pay_49b405dc,bkg_901e7eff,card,captured,338.22,338.22,0.00,SGD,mock_901e7eff,pidem_cf0fe3c97fc620a6,,2026-04-29T04:00:40+05:30,2026-04-29T04:02:00+05:30,2026-04-29T04:00:00+05:30,2026-08-18T10:00:00+05:30
pay_0110bc81,bkg_13dfd28b,upi,captured,19193.09,19193.09,0.00,INR,mock_13dfd28b,pidem_5f0e0d023a6fd192,,2026-07-11T04:00:40+05:30,2026-07-11T04:02:00+05:30,2026-07-11T04:00:00+05:30,2026-08-18T10:00:00+05:30
pay_73ca5ea7,bkg_b400748a,netbanking,captured,15725.02,15725.02,0.00,INR,mock_b400748a,pidem_6956f158cfe2ebb1,,2026-08-17T13:30:40+05:30,2026-08-17T13:32:00+05:30,2026-08-17T13:30:00+05:30,2026-08-18T10:00:00+05:30
pay_db4d2861,bkg_fef04f9e,netbanking,refunded,21645.90,21645.90,21645.90,INR,mock_fef04f9e,pidem_55dc15f2d8fb5efb,,2026-05-04T03:00:40+05:30,2026-05-04T03:02:00+05:30,2026-05-04T03:00:00+05:30,2026-08-18T10:00:00+05:30
pay_b566ac5a,bkg_97646f57,upi,captured,12036.62,12036.62,0.00,INR,mock_97646f57,pidem_8ce2fc49217b6280,,2026-05-04T10:15:40+05:30,2026-05-04T10:17:00+05:30,2026-05-04T10:15:00+05:30,2026-08-18T10:00:00+05:30
pay_9e5b1ac0,bkg_286b1197,card,captured,3924.56,3924.56,0.00,INR,mock_286b1197,pidem_b5fc9be476f92c89,,2026-07-10T05:00:40+05:30,2026-07-10T05:02:00+05:30,2026-07-10T05:00:00+05:30,2026-08-18T10:00:00+05:30
pay_fa03b889,bkg_2f7c6d6c,wallet,captured,25149.13,25149.13,0.00,CHF,mock_2f7c6d6c,pidem_ad2b48eaf9f411e6,,2026-05-28T04:00:40+05:30,2026-05-28T04:02:00+05:30,2026-05-28T04:00:00+05:30,2026-08-18T10:00:00+05:30
pay_6857d735,bkg_372bbadd,wallet,captured,33659.20,33659.20,0.00,INR,mock_372bbadd,pidem_9c55130b5c88d385,,2026-07-25T14:00:40+05:30,2026-07-25T14:02:00+05:30,2026-07-25T14:00:00+05:30,2026-08-18T10:00:00+05:30
pay_fa412d59,bkg_b2d8f11a,wallet,captured,12453.75,12453.75,0.00,INR,mock_b2d8f11a,pidem_f1caeb5d03e2c913,,2026-06-20T18:45:40+05:30,2026-06-20T18:47:00+05:30,2026-06-20T18:45:00+05:30,2026-08-18T10:00:00+05:30
pay_a011095a,bkg_11900e36,upi,authorised,5921.93,0.00,0.00,MYR,mock_11900e36,pidem_50be461aace8407d,,2026-07-18T02:00:40+05:30,,2026-07-18T02:00:00+05:30,2026-08-18T10:00:00+05:30
pay_17f29767,bkg_1281d4bf,netbanking,refunded,12382.84,12382.84,12382.84,INR,mock_1281d4bf,pidem_c97778cae626f1ff,,2026-05-29T06:00:40+05:30,2026-05-29T06:02:00+05:30,2026-05-29T06:00:00+05:30,2026-08-18T10:00:00+05:30
pay_89d5c6d9,bkg_194495fd,card,captured,5443.83,5443.83,0.00,INR,mock_194495fd,pidem_59e55d4919fddc52,,2026-05-16T19:00:40+05:30,2026-05-16T19:02:00+05:30,2026-05-16T19:00:00+05:30,2026-08-18T10:00:00+05:30
pay_f35cf21e,bkg_dbea96c4,card,authorised,56055.43,0.00,0.00,INR,mock_dbea96c4,pidem_36eb8186e7940860,,2026-07-20T04:15:40+05:30,,2026-07-20T04:15:00+05:30,2026-08-18T10:00:00+05:30
pay_ec1424e1,bkg_3fcb99ce,wallet,refunded,16674.16,16674.16,16674.16,INR,mock_3fcb99ce,pidem_c59ddaec14e96d68,,2026-07-08T02:45:40+05:30,2026-07-08T02:47:00+05:30,2026-07-08T02:45:00+05:30,2026-08-18T10:00:00+05:30
pay_1573b26e,bkg_986ad8cd,card,refunded,11631.36,11631.36,11631.36,INR,mock_986ad8cd,pidem_7e24c6fc0a159b00,,2026-06-16T10:30:40+05:30,2026-06-16T10:32:00+05:30,2026-06-16T10:30:00+05:30,2026-08-18T10:00:00+05:30
pay_00dc549e,bkg_c62fb294,netbanking,captured,4671.61,4671.61,0.00,INR,mock_c62fb294,pidem_777f7cdeffd3ad2d,,2026-06-30T20:00:40+05:30,2026-06-30T20:02:00+05:30,2026-06-30T20:00:00+05:30,2026-08-18T10:00:00+05:30
pay_cfed2734,bkg_fef976d0,upi,captured,12940.19,12940.19,0.00,INR,mock_fef976d0,pidem_f7a7db292893ee86,,2026-06-29T17:00:40+05:30,2026-06-29T17:02:00+05:30,2026-06-29T17:00:00+05:30,2026-08-18T10:00:00+05:30
pay_f5f78eb6,bkg_762d2617,wallet,captured,31132.04,31132.04,0.00,INR,mock_762d2617,pidem_924e158b2f8b2345,,2026-05-31T10:00:40+05:30,2026-05-31T10:02:00+05:30,2026-05-31T10:00:00+05:30,2026-08-18T10:00:00+05:30
pay_7c311de3,bkg_392c279b,card,refunded,11422.28,11422.28,11422.28,LKR,mock_392c279b,pidem_59a45dfe90080363,,2026-07-20T04:30:40+05:30,2026-07-20T04:32:00+05:30,2026-07-20T04:30:00+05:30,2026-08-18T10:00:00+05:30
pay_9bb2a896,bkg_5d117c3a,card,refunded,20398.01,20398.01,20398.01,THB,mock_5d117c3a,pidem_c126b03d19131bee,,2026-05-05T07:30:40+05:30,2026-05-05T07:32:00+05:30,2026-05-05T07:30:00+05:30,2026-08-18T10:00:00+05:30
pay_2ed8bc54,bkg_95889fc8,upi,refunded,12346.03,12346.03,12346.03,INR,mock_95889fc8,pidem_bdbc2a9996557daa,,2026-05-09T04:30:40+05:30,2026-05-09T04:32:00+05:30,2026-05-09T04:30:00+05:30,2026-08-18T10:00:00+05:30
pay_5cd338d5,bkg_61acc1b8,mock,captured,103079.03,103079.03,0.00,INR,mock_61acc1b8,pidem_0c7bf545f8e02ce1,,2026-06-09T09:00:40+05:30,2026-06-09T09:02:00+05:30,2026-06-09T09:00:00+05:30,2026-08-18T10:00:00+05:30
pay_5df35a72,bkg_4b369d19,card,captured,51141.46,51141.46,0.00,INR,mock_4b369d19,pidem_0c305e4986c84870,,2026-07-05T02:15:40+05:30,2026-07-05T02:17:00+05:30,2026-07-05T02:15:00+05:30,2026-08-18T10:00:00+05:30
pay_1e590def,bkg_a4c12512,upi,refunded,11149.39,11149.39,11149.39,INR,mock_a4c12512,pidem_8362314f6019ca2f,,2026-07-12T13:30:40+05:30,2026-07-12T13:32:00+05:30,2026-07-12T13:30:00+05:30,2026-08-18T10:00:00+05:30
pay_8fe0b78c,bkg_74eeb0b5,card,captured,12717100.46,12717100.46,0.00,IDR,mock_74eeb0b5,pidem_7c1b6cdbfd279277,,2026-05-06T02:00:40+05:30,2026-05-06T02:02:00+05:30,2026-05-06T02:00:00+05:30,2026-08-18T10:00:00+05:30
pay_b5b60600,bkg_d03d6dec,wallet,captured,41129.52,41129.52,0.00,INR,mock_d03d6dec,pidem_9b7359047aa34893,,2026-05-11T04:45:40+05:30,2026-05-11T04:47:00+05:30,2026-05-11T04:45:00+05:30,2026-08-18T10:00:00+05:30
pay_c84a2544,bkg_26b66373,upi,captured,30507.12,30507.12,0.00,INR,mock_26b66373,pidem_93832f2903b8b61a,,2026-04-29T01:45:40+05:30,2026-04-29T01:47:00+05:30,2026-04-29T01:45:00+05:30,2026-08-18T10:00:00+05:30
pay_e99ce6dd,bkg_f5b52b28,upi,refunded,36826.52,36826.52,36826.52,INR,mock_f5b52b28,pidem_26ea46ce7c0ab6d4,,2026-05-28T16:15:40+05:30,2026-05-28T16:17:00+05:30,2026-05-28T16:15:00+05:30,2026-08-18T10:00:00+05:30
pay_5b023fbc,bkg_005381b1,wallet,captured,85032.08,85032.08,0.00,INR,mock_005381b1,pidem_cff26df8274f2482,,2026-05-10T19:30:40+05:30,2026-05-10T19:32:00+05:30,2026-05-10T19:30:00+05:30,2026-08-18T10:00:00+05:30
pay_53028c73,bkg_0afc7d0a,card,captured,2257.24,2257.24,0.00,INR,mock_0afc7d0a,pidem_a3c632de1138344f,,2026-06-18T16:00:40+05:30,2026-06-18T16:02:00+05:30,2026-06-18T16:00:00+05:30,2026-08-18T10:00:00+05:30
pay_195dd8e6,bkg_475e7e93,netbanking,captured,9443.58,9443.58,0.00,INR,mock_475e7e93,pidem_ae49831d08fefc27,,2026-05-29T22:00:40+05:30,2026-05-29T22:02:00+05:30,2026-05-29T22:00:00+05:30,2026-08-18T10:00:00+05:30
pay_2ab24c76,bkg_45a9bc65,card,captured,8932.24,8932.24,0.00,NPR,mock_45a9bc65,pidem_e7da6cd3efda158a,,2026-08-07T01:00:40+05:30,2026-08-07T01:02:00+05:30,2026-08-07T01:00:00+05:30,2026-08-18T10:00:00+05:30
pay_73eeb2a3,bkg_d3fb5559,card,captured,7925.04,7925.04,0.00,INR,mock_d3fb5559,pidem_eaf11a2ceb286fd4,,2026-06-06T22:00:40+05:30,2026-06-06T22:02:00+05:30,2026-06-06T22:00:00+05:30,2026-08-18T10:00:00+05:30
pay_fe6c1d0e,bkg_7bd0f2cd,mock,captured,39799.84,39799.84,0.00,INR,mock_7bd0f2cd,pidem_b1d21d3c1bf9d989,,2026-05-06T22:00:40+05:30,2026-05-06T22:02:00+05:30,2026-05-06T22:00:00+05:30,2026-08-18T10:00:00+05:30
pay_78bbc729,bkg_51199689,upi,refunded,100939.76,100939.76,100939.76,INR,mock_51199689,pidem_e0e32be7ee5ddd7d,,2026-06-08T13:15:40+05:30,2026-06-08T13:17:00+05:30,2026-06-08T13:15:00+05:30,2026-08-18T10:00:00+05:30
pay_b1bf81ef,bkg_1edeeb63,netbanking,refunded,6251.68,6251.68,6251.68,INR,mock_1edeeb63,pidem_6881aa74a4d423aa,,2026-07-24T02:00:40+05:30,2026-07-24T02:02:00+05:30,2026-07-24T02:00:00+05:30,2026-08-18T10:00:00+05:30
pay_205f1890,bkg_89501b26,netbanking,captured,8022.59,8022.59,0.00,INR,mock_89501b26,pidem_f7da7a0942ad65ef,,2026-04-22T01:45:40+05:30,2026-04-22T01:47:00+05:30,2026-04-22T01:45:00+05:30,2026-08-18T10:00:00+05:30
pay_4d505e6b,bkg_4fb2aa27,card,captured,25787.10,25787.10,0.00,JPY,mock_4fb2aa27,pidem_8005968897e1572a,,2026-07-06T06:00:40+05:30,2026-07-06T06:02:00+05:30,2026-07-06T06:00:00+05:30,2026-08-18T10:00:00+05:30
pay_b96dc9ce,bkg_d61f774c,upi,refunded,7420.45,7420.45,7420.45,INR,mock_d61f774c,pidem_235aeb5c09d717ae,,2026-08-09T02:45:40+05:30,2026-08-09T02:47:00+05:30,2026-08-09T02:45:00+05:30,2026-08-18T10:00:00+05:30
pay_0e81fc3c,bkg_7e3355f1,mock,failed,5723.63,0.00,0.00,INR,mock_7e3355f1,pidem_91ab9b3d4a37e716,idempotency_conflict,2026-05-14T03:45:40+05:30,,2026-05-14T03:45:00+05:30,2026-08-18T10:00:00+05:30
pay_022708d7,bkg_99161de3,upi,captured,38617.71,38617.71,0.00,INR,mock_99161de3,pidem_784742cfe41111e8,,2026-05-19T17:15:40+05:30,2026-05-19T17:17:00+05:30,2026-05-19T17:15:00+05:30,2026-08-18T10:00:00+05:30
pay_b9c3c04e,bkg_185d8f06,wallet,captured,4875.83,4875.83,0.00,INR,mock_185d8f06,pidem_c5c46d04dc54c71e,,2026-06-21T23:45:40+05:30,2026-06-21T23:47:00+05:30,2026-06-21T23:45:00+05:30,2026-08-18T10:00:00+05:30
pay_c6a48f09,bkg_47b2fdc7,card,captured,82543.69,82543.69,0.00,INR,mock_47b2fdc7,pidem_eb2b35986b1aeb65,,2026-07-04T02:45:40+05:30,2026-07-04T02:47:00+05:30,2026-07-04T02:45:00+05:30,2026-08-18T10:00:00+05:30
pay_789ed382,bkg_1287f35c,netbanking,captured,31360.49,31360.49,0.00,INR,mock_1287f35c,pidem_a6ece8cc9e91c3ff,,2026-04-20T20:00:40+05:30,2026-04-20T20:02:00+05:30,2026-04-20T20:00:00+05:30,2026-08-18T10:00:00+05:30
pay_90ad1f4c,bkg_fd5d5566,wallet,captured,26970.99,26970.99,0.00,INR,mock_fd5d5566,pidem_f302158fd5ebab88,,2026-06-27T18:00:40+05:30,2026-06-27T18:02:00+05:30,2026-06-27T18:00:00+05:30,2026-08-18T10:00:00+05:30
pay_11083146,bkg_7f0b18cd,upi,captured,3381.34,3381.34,0.00,INR,mock_7f0b18cd,pidem_bf9ce300f35d92a9,,2026-05-04T01:45:40+05:30,2026-05-04T01:47:00+05:30,2026-05-04T01:45:00+05:30,2026-08-18T10:00:00+05:30
pay_4a40d4d3,bkg_bc30f44d,mock,failed,34171.33,0.00,0.00,INR,mock_bc30f44d,pidem_44ea396571d5cd66,idempotency_conflict,2026-06-28T01:45:40+05:30,,2026-06-28T01:45:00+05:30,2026-08-18T10:00:00+05:30
pay_c142363b,bkg_07ff1c7c,card,refunded,13418.32,13418.32,13418.32,INR,mock_07ff1c7c,pidem_eef0d377355e3caa,,2026-07-08T08:45:40+05:30,2026-07-08T08:47:00+05:30,2026-07-08T08:45:00+05:30,2026-08-18T10:00:00+05:30
pay_1c9911c5,bkg_f300f6eb,upi,initiated,12383.54,0.00,0.00,NPR,mock_f300f6eb,pidem_ae7f58df8b699d8c,,,,2026-05-31T01:30:00+05:30,2026-08-18T10:00:00+05:30
pay_0b9e6125,bkg_ddc90127,card,refunded,18184.77,18184.77,18184.77,AED,mock_ddc90127,pidem_dd1c22c65ed739b1,,2026-05-04T02:45:40+05:30,2026-05-04T02:47:00+05:30,2026-05-04T02:45:00+05:30,2026-08-18T10:00:00+05:30
pay_3e8de9d9,bkg_2cbec209,card,captured,14046.64,14046.64,0.00,AED,mock_2cbec209,pidem_8aa443ea44af607f,,2026-07-16T05:15:40+05:30,2026-07-16T05:17:00+05:30,2026-07-16T05:15:00+05:30,2026-08-18T10:00:00+05:30
pay_3608d758,bkg_223831b3,upi,captured,33884.12,33884.12,0.00,MVR,mock_223831b3,pidem_bfcdb863842cb48d,,2026-08-16T15:45:40+05:30,2026-08-16T15:47:00+05:30,2026-08-16T15:45:00+05:30,2026-08-18T10:00:00+05:30
pay_0dc0ab63,bkg_c6d19a56,upi,captured,29752.11,29752.11,0.00,INR,mock_c6d19a56,pidem_25b8b6a7fbb78e62,,2026-07-25T22:30:40+05:30,2026-07-25T22:32:00+05:30,2026-07-25T22:30:00+05:30,2026-08-18T10:00:00+05:30
pay_efda15fd,bkg_2d1dda05,netbanking,captured,36375.27,36375.27,0.00,INR,mock_2d1dda05,pidem_ce34526a1c7fe701,,2026-07-13T23:00:40+05:30,2026-07-13T23:02:00+05:30,2026-07-13T23:00:00+05:30,2026-08-18T10:00:00+05:30
pay_796c6d77,bkg_f933eddc,card,refunded,23518.73,23518.73,23518.73,INR,mock_f933eddc,pidem_240362fc7e1af26b,,2026-05-04T03:00:40+05:30,2026-05-04T03:02:00+05:30,2026-05-04T03:00:00+05:30,2026-08-18T10:00:00+05:30
pay_89538fd0,bkg_efdc3038,upi,refunded,4246.75,4246.75,4246.75,INR,mock_efdc3038,pidem_88679f042ce0679f,,2026-05-19T19:45:40+05:30,2026-05-19T19:47:00+05:30,2026-05-19T19:45:00+05:30,2026-08-18T10:00:00+05:30
pay_40130b0b,bkg_94448465,card,captured,44969.37,44969.37,0.00,INR,mock_94448465,pidem_f5848ec46e1a9a9d,,2026-07-15T00:45:40+05:30,2026-07-15T00:47:00+05:30,2026-07-15T00:45:00+05:30,2026-08-18T10:00:00+05:30
pay_a6c685ce,bkg_d541c249,netbanking,captured,44043.98,44043.98,0.00,INR,mock_d541c249,pidem_7acdd6a33daf7b0b,,2026-04-28T17:45:40+05:30,2026-04-28T17:47:00+05:30,2026-04-28T17:45:00+05:30,2026-08-18T10:00:00+05:30
pay_7b315b4e,bkg_4800decc,card,captured,20430.41,20430.41,0.00,INR,mock_4800decc,pidem_169c9582cde1a455,,2026-06-10T05:00:40+05:30,2026-06-10T05:02:00+05:30,2026-06-10T05:00:00+05:30,2026-08-18T10:00:00+05:30
pay_1501c8e3,bkg_bfdd27db,mock,captured,8268.06,8268.06,0.00,INR,mock_bfdd27db,pidem_30dc11626356b0e9,,2026-07-14T11:00:40+05:30,2026-07-14T11:02:00+05:30,2026-07-14T11:00:00+05:30,2026-08-18T10:00:00+05:30
pay_1a897e64,bkg_84a1f1a3,upi,failed,10058.41,0.00,0.00,INR,mock_84a1f1a3,pidem_37484ebd2d694c5a,idempotency_conflict,2026-05-17T10:00:40+05:30,,2026-05-17T10:00:00+05:30,2026-08-18T10:00:00+05:30
pay_78bbff82,bkg_f73c5cc7,mock,refunded,15611.33,15611.33,15611.33,INR,mock_f73c5cc7,pidem_76e4d10a22d1b4de,,2026-08-05T23:00:40+05:30,2026-08-05T23:02:00+05:30,2026-08-05T23:00:00+05:30,2026-08-18T10:00:00+05:30
pay_f516344f,bkg_3e6ccc81,upi,captured,11894.00,11894.00,0.00,INR,mock_3e6ccc81,pidem_48b32df147f4cbb2,,2026-07-30T19:45:40+05:30,2026-07-30T19:47:00+05:30,2026-07-30T19:45:00+05:30,2026-08-18T10:00:00+05:30
pay_6f07774f,bkg_3178603e,card,captured,9767.36,9767.36,0.00,INR,mock_3178603e,pidem_14a9370ae582cdba,,2026-06-06T13:00:40+05:30,2026-06-06T13:02:00+05:30,2026-06-06T13:00:00+05:30,2026-08-18T10:00:00+05:30
pay_07542441,bkg_9b353ab1,upi,refunded,30277.53,30277.53,30277.53,INR,mock_9b353ab1,pidem_d0174174d9f94834,,2026-06-28T17:45:40+05:30,2026-06-28T17:47:00+05:30,2026-06-28T17:45:00+05:30,2026-08-18T10:00:00+05:30
pay_76e12921,bkg_2177911a,wallet,captured,3559.75,3559.75,0.00,INR,mock_2177911a,pidem_71b210fda1135ad4,,2026-07-25T06:45:40+05:30,2026-07-25T06:47:00+05:30,2026-07-25T06:45:00+05:30,2026-08-18T10:00:00+05:30
pay_26cfa151,bkg_55d397cc,upi,captured,20030.06,20030.06,0.00,INR,mock_55d397cc,pidem_14d370d2238b85c8,,2026-06-27T00:00:40+05:30,2026-06-27T00:02:00+05:30,2026-06-27T00:00:00+05:30,2026-08-18T10:00:00+05:30
pay_0509a99c,bkg_b4651544,upi,captured,46693.85,46693.85,0.00,INR,mock_b4651544,pidem_c3d8505dee8dd859,,2026-05-06T17:45:40+05:30,2026-05-06T17:47:00+05:30,2026-05-06T17:45:00+05:30,2026-08-18T10:00:00+05:30
pay_b1fe2d8d,bkg_7471d31f,upi,captured,39383.46,39383.46,0.00,INR,mock_7471d31f,pidem_c1aab8c429cb4ac1,,2026-06-20T11:00:40+05:30,2026-06-20T11:02:00+05:30,2026-06-20T11:00:00+05:30,2026-08-18T10:00:00+05:30
pay_57401c9e,bkg_d2e63b19,upi,captured,21498.39,21498.39,0.00,INR,mock_d2e63b19,pidem_65f17971e55cc3a6,,2026-06-14T14:30:40+05:30,2026-06-14T14:32:00+05:30,2026-06-14T14:30:00+05:30,2026-08-18T10:00:00+05:30
pay_a250247c,bkg_fb2c9591,upi,captured,1755.84,1755.84,0.00,SGD,mock_fb2c9591,pidem_8fd0de56d28b8995,,2026-06-17T17:45:40+05:30,2026-06-17T17:47:00+05:30,2026-06-17T17:45:00+05:30,2026-08-18T10:00:00+05:30
pay_ab4d90b0,bkg_edc6a8cd,card,captured,36026.26,36026.26,0.00,INR,mock_edc6a8cd,pidem_8bda5dd4774aa8a7,,2026-07-25T05:00:40+05:30,2026-07-25T05:02:00+05:30,2026-07-25T05:00:00+05:30,2026-08-18T10:00:00+05:30
pay_7577db3a,bkg_2d35984a,card,failed,9396.44,0.00,0.00,INR,mock_2d35984a,pidem_4cb3127f93014750,idempotency_conflict,2026-05-08T14:30:40+05:30,,2026-05-08T14:30:00+05:30,2026-08-18T10:00:00+05:30
pay_c465eaa9,bkg_797f08c6,upi,captured,80028.21,80028.21,0.00,INR,mock_797f08c6,pidem_08fbe5e6982e8644,,2026-08-15T10:00:40+05:30,2026-08-15T10:02:00+05:30,2026-08-15T10:00:00+05:30,2026-08-18T10:00:00+05:30
pay_28c89668,bkg_c2b79064,upi,captured,22907.89,22907.89,0.00,INR,mock_c2b79064,pidem_62e20988dc65b48a,,2026-04-29T02:45:40+05:30,2026-04-29T02:47:00+05:30,2026-04-29T02:45:00+05:30,2026-08-18T10:00:00+05:30
pay_67271daa,bkg_d52ae254,card,captured,6294.09,6294.09,0.00,INR,mock_d52ae254,pidem_36a066c8e6f7b07a,,2026-06-23T04:45:40+05:30,2026-06-23T04:47:00+05:30,2026-06-23T04:45:00+05:30,2026-08-18T10:00:00+05:30
pay_103d6137,bkg_39ee0968,card,captured,15857.63,15857.63,0.00,INR,mock_39ee0968,pidem_9c0509c87504a490,,2026-07-21T21:00:40+05:30,2026-07-21T21:02:00+05:30,2026-07-21T21:00:00+05:30,2026-08-18T10:00:00+05:30
pay_85afbf3c,bkg_3222ba8a,upi,captured,2686.32,2686.32,0.00,MVR,mock_3222ba8a,pidem_a88aa4a82c24f204,,2026-05-27T00:15:40+05:30,2026-05-27T00:17:00+05:30,2026-05-27T00:15:00+05:30,2026-08-18T10:00:00+05:30
pay_7469c44d,bkg_4798eb81,card,captured,5423.38,5423.38,0.00,THB,mock_4798eb81,pidem_818a2f0c78ad5cc4,,2026-06-20T17:15:40+05:30,2026-06-20T17:17:00+05:30,2026-06-20T17:15:00+05:30,2026-08-18T10:00:00+05:30
pay_779a4a4f,bkg_e14ffcd7,card,refunded,61963.64,61963.64,61963.64,INR,mock_e14ffcd7,pidem_821181d1d300d048,,2026-07-04T18:00:40+05:30,2026-07-04T18:02:00+05:30,2026-07-04T18:00:00+05:30,2026-08-18T10:00:00+05:30
pay_58d1c0c9,bkg_bf73544b,card,captured,10995.90,10995.90,0.00,INR,mock_bf73544b,pidem_d685467d9e6efca4,,2026-06-27T00:30:40+05:30,2026-06-27T00:32:00+05:30,2026-06-27T00:30:00+05:30,2026-08-18T10:00:00+05:30
pay_ffd5a273,bkg_faf17d11,upi,captured,8868.34,8868.34,0.00,INR,mock_faf17d11,pidem_a630ab0658b3dc01,,2026-06-22T04:15:40+05:30,2026-06-22T04:17:00+05:30,2026-06-22T04:15:00+05:30,2026-08-18T10:00:00+05:30
pay_8e3b6a13,bkg_db32001a,upi,captured,7393.85,7393.85,0.00,AED,mock_db32001a,pidem_1d8a5773168eb241,,2026-05-13T20:30:40+05:30,2026-05-13T20:32:00+05:30,2026-05-13T20:30:00+05:30,2026-08-18T10:00:00+05:30
pay_70bd975b,bkg_0603ed91,netbanking,refunded,8973.78,8973.78,8973.78,INR,mock_0603ed91,pidem_bf503df9a22cec7c,,2026-07-27T02:30:40+05:30,2026-07-27T02:32:00+05:30,2026-07-27T02:30:00+05:30,2026-08-18T10:00:00+05:30
pay_e77c4bda,bkg_fdf3c83a,card,captured,2222.23,2222.23,0.00,INR,mock_fdf3c83a,pidem_7291ee7d319bdc16,,2026-05-28T10:00:40+05:30,2026-05-28T10:02:00+05:30,2026-05-28T10:00:00+05:30,2026-08-18T10:00:00+05:30
pay_6d603a0d,bkg_b0410dc0,card,captured,9702.20,9702.20,0.00,INR,mock_b0410dc0,pidem_5166045036cb72df,,2026-06-04T07:30:40+05:30,2026-06-04T07:32:00+05:30,2026-06-04T07:30:00+05:30,2026-08-18T10:00:00+05:30
pay_3bd7b26d,bkg_5c37c9d3,card,authorised,90181.80,0.00,0.00,INR,mock_5c37c9d3,pidem_915a48b78d92a6fb,,2026-06-06T22:45:40+05:30,,2026-06-06T22:45:00+05:30,2026-08-18T10:00:00+05:30
pay_a863bf16,bkg_6fd04671,upi,captured,65754.39,65754.39,0.00,INR,mock_6fd04671,pidem_3663df4bcc1067a7,,2026-04-23T07:15:40+05:30,2026-04-23T07:17:00+05:30,2026-04-23T07:15:00+05:30,2026-08-18T10:00:00+05:30
pay_193a746b,bkg_eefb0757,card,captured,80315.69,80315.69,0.00,INR,mock_eefb0757,pidem_72963e70b6362ed9,,2026-04-30T01:30:40+05:30,2026-04-30T01:32:00+05:30,2026-04-30T01:30:00+05:30,2026-08-18T10:00:00+05:30
pay_c10159ed,bkg_83929094,netbanking,captured,11879.37,11879.37,0.00,INR,mock_83929094,pidem_537de5c514734474,,2026-06-15T08:15:40+05:30,2026-06-15T08:17:00+05:30,2026-06-15T08:15:00+05:30,2026-08-18T10:00:00+05:30
pay_417fda4a,bkg_41bd942d,card,failed,13463.35,0.00,0.00,INR,mock_41bd942d,pidem_ce1ca622c1c17454,idempotency_conflict,2026-08-13T18:15:40+05:30,,2026-08-13T18:15:00+05:30,2026-08-18T10:00:00+05:30
pay_169565bb,bkg_8c19e070,card,captured,44229.84,44229.84,0.00,INR,mock_8c19e070,pidem_af1b515ac5f7fd36,,2026-07-26T13:45:40+05:30,2026-07-26T13:47:00+05:30,2026-07-26T13:45:00+05:30,2026-08-18T10:00:00+05:30
pay_8e4bb509,bkg_5fdaa48d,netbanking,captured,15647.30,15647.30,0.00,INR,mock_5fdaa48d,pidem_24431f71b1dbc449,,2026-07-10T15:15:40+05:30,2026-07-10T15:17:00+05:30,2026-07-10T15:15:00+05:30,2026-08-18T10:00:00+05:30
pay_9f085303,bkg_65263f44,mock,captured,17987.31,17987.31,0.00,INR,mock_65263f44,pidem_9d0362c58f416552,,2026-07-07T18:00:40+05:30,2026-07-07T18:02:00+05:30,2026-07-07T18:00:00+05:30,2026-08-18T10:00:00+05:30
pay_e93495f3,bkg_4b9a8024,upi,captured,10772.12,10772.12,0.00,INR,mock_4b9a8024,pidem_61238bc6ee43378d,,2026-05-04T01:15:40+05:30,2026-05-04T01:17:00+05:30,2026-05-04T01:15:00+05:30,2026-08-18T10:00:00+05:30
pay_08715759,bkg_4eca0359,netbanking,captured,53186.21,53186.21,0.00,INR,mock_4eca0359,pidem_a6f17518947636b8,,2026-06-05T12:00:40+05:30,2026-06-05T12:02:00+05:30,2026-06-05T12:00:00+05:30,2026-08-18T10:00:00+05:30
pay_d41f34c2,bkg_6d39b917,card,captured,18730.25,18730.25,0.00,INR,mock_6d39b917,pidem_f8a47ca8525f20de,,2026-08-14T21:30:40+05:30,2026-08-14T21:32:00+05:30,2026-08-14T21:30:00+05:30,2026-08-18T10:00:00+05:30
pay_cb8297c2,bkg_d67d3cab,upi,captured,4924.64,4924.64,0.00,INR,mock_d67d3cab,pidem_c9853d8c245df67f,,2026-05-09T08:00:40+05:30,2026-05-09T08:02:00+05:30,2026-05-09T08:00:00+05:30,2026-08-18T10:00:00+05:30
pay_25fa273e,bkg_b7fbe11d,card,initiated,9320.58,0.00,0.00,INR,mock_b7fbe11d,pidem_0e26163bf52acc71,,,,2026-07-18T11:45:00+05:30,2026-08-18T10:00:00+05:30
pay_f75fe9f3,bkg_f3964a78,upi,initiated,8082.51,0.00,0.00,INR,mock_f3964a78,pidem_0a775bb2243e0e7b,,,,2026-08-10T14:30:00+05:30,2026-08-18T10:00:00+05:30
pay_f2d21295,bkg_fb0cd2e9,netbanking,captured,11508.69,11508.69,0.00,INR,mock_fb0cd2e9,pidem_49458ca2f68b37d5,,2026-06-05T06:15:40+05:30,2026-06-05T06:17:00+05:30,2026-06-05T06:15:00+05:30,2026-08-18T10:00:00+05:30
pay_b39667b0,bkg_5ce1aa60,upi,captured,54419.57,54419.57,0.00,INR,mock_5ce1aa60,pidem_e5b2a0c8c605fd97,,2026-04-22T10:00:40+05:30,2026-04-22T10:02:00+05:30,2026-04-22T10:00:00+05:30,2026-08-18T10:00:00+05:30
pay_f3a36748,bkg_e588a3ec,upi,captured,28906.89,28906.89,0.00,MVR,mock_e588a3ec,pidem_93cc291ae252d932,,2026-06-13T21:45:40+05:30,2026-06-13T21:47:00+05:30,2026-06-13T21:45:00+05:30,2026-08-18T10:00:00+05:30
pay_dae9c165,bkg_f2ee1b79,upi,captured,11130.75,11130.75,0.00,INR,mock_f2ee1b79,pidem_52925c8e73201860,,2026-05-13T08:00:40+05:30,2026-05-13T08:02:00+05:30,2026-05-13T08:00:00+05:30,2026-08-18T10:00:00+05:30
pay_5b07de31,bkg_c0da2534,mock,refunded,55833.75,55833.75,55833.75,INR,mock_c0da2534,pidem_dc510b896effc290,,2026-06-09T00:45:40+05:30,2026-06-09T00:47:00+05:30,2026-06-09T00:45:00+05:30,2026-08-18T10:00:00+05:30
pay_abe91ed7,bkg_5b78f8c7,card,captured,4467.59,4467.59,0.00,INR,mock_5b78f8c7,pidem_19e6aeaf2cddab49,,2026-07-08T01:30:40+05:30,2026-07-08T01:32:00+05:30,2026-07-08T01:30:00+05:30,2026-08-18T10:00:00+05:30
pay_59db5574,bkg_a59acc24,card,captured,33569.72,33569.72,0.00,INR,mock_a59acc24,pidem_cd7b328b88549569,,2026-07-17T01:30:40+05:30,2026-07-17T01:32:00+05:30,2026-07-17T01:30:00+05:30,2026-08-18T10:00:00+05:30
pay_d8121e6b,bkg_8d9ac522,card,captured,22494.66,22494.66,0.00,INR,mock_8d9ac522,pidem_ff7bec8cbf9c44fd,,2026-04-29T03:00:40+05:30,2026-04-29T03:02:00+05:30,2026-04-29T03:00:00+05:30,2026-08-18T10:00:00+05:30
pay_8fef7e68,bkg_21ddae72,card,captured,8619.23,8619.23,0.00,INR,mock_21ddae72,pidem_856f01f2f40b2254,,2026-06-04T14:00:40+05:30,2026-06-04T14:02:00+05:30,2026-06-04T14:00:00+05:30,2026-08-18T10:00:00+05:30
pay_22bd0611,bkg_21207942,upi,captured,26904.91,26904.91,0.00,JPY,mock_21207942,pidem_96e7a2457adc547f,,2026-04-25T15:30:40+05:30,2026-04-25T15:32:00+05:30,2026-04-25T15:30:00+05:30,2026-08-18T10:00:00+05:30
pay_801f6a71,bkg_741cd407,mock,captured,9448.28,9448.28,0.00,INR,mock_741cd407,pidem_9da41bd7038f31fa,,2026-07-21T04:30:40+05:30,2026-07-21T04:32:00+05:30,2026-07-21T04:30:00+05:30,2026-08-18T10:00:00+05:30
pay_56cd5808,bkg_57c29f9b,wallet,refunded,3269.31,3269.31,3269.31,INR,mock_57c29f9b,pidem_ef077135468427bc,,2026-04-21T13:45:40+05:30,2026-04-21T13:47:00+05:30,2026-04-21T13:45:00+05:30,2026-08-18T10:00:00+05:30
pay_68395317,bkg_94b7fd50,card,initiated,84652.02,0.00,0.00,INR,mock_94b7fd50,pidem_70ced7d12d65466f,,,,2026-08-01T01:45:00+05:30,2026-08-18T10:00:00+05:30
pay_f0994509,bkg_a3687d51,upi,captured,7048.62,7048.62,0.00,INR,mock_a3687d51,pidem_929b274f55f28aa3,,2026-06-01T03:00:40+05:30,2026-06-01T03:02:00+05:30,2026-06-01T03:00:00+05:30,2026-08-18T10:00:00+05:30
pay_f3b7868e,bkg_4ddd180b,card,initiated,3055.91,0.00,0.00,INR,mock_4ddd180b,pidem_e187f66e2a5c135e,,,,2026-04-23T19:00:00+05:30,2026-08-18T10:00:00+05:30
pay_91878b30,bkg_f3ba14f8,card,refunded,6030.46,6030.46,6030.46,INR,mock_f3ba14f8,pidem_7ee78e2e84282640,,2026-08-04T10:45:40+05:30,2026-08-04T10:47:00+05:30,2026-08-04T10:45:00+05:30,2026-08-18T10:00:00+05:30
pay_96354d0d,bkg_5cab6073,mock,captured,3679.65,3679.65,0.00,INR,mock_5cab6073,pidem_3494258fafa08bbf,,2026-05-28T10:15:40+05:30,2026-05-28T10:17:00+05:30,2026-05-28T10:15:00+05:30,2026-08-18T10:00:00+05:30
pay_2698f00c,bkg_56c11b74,mock,refunded,5103495.76,5103495.76,5103495.76,IDR,mock_56c11b74,pidem_b7d14b47b8055e0e,,2026-08-05T07:30:40+05:30,2026-08-05T07:32:00+05:30,2026-08-05T07:30:00+05:30,2026-08-18T10:00:00+05:30
pay_b4a0b7b9,bkg_fc2f500d,netbanking,captured,35836.64,35836.64,0.00,INR,mock_fc2f500d,pidem_71352eda25c49d17,,2026-07-02T13:30:40+05:30,2026-07-02T13:32:00+05:30,2026-07-02T13:30:00+05:30,2026-08-18T10:00:00+05:30
pay_8bd51dbb,bkg_c379060f,upi,captured,57401.19,57401.19,0.00,AED,mock_c379060f,pidem_74cb31bc79bdfa4a,,2026-05-20T05:30:40+05:30,2026-05-20T05:32:00+05:30,2026-05-20T05:30:00+05:30,2026-08-18T10:00:00+05:30
pay_173d949e,bkg_9049df19,card,captured,12393.25,12393.25,0.00,INR,mock_9049df19,pidem_9dab0406da5680c7,,2026-07-23T06:15:40+05:30,2026-07-23T06:17:00+05:30,2026-07-23T06:15:00+05:30,2026-08-18T10:00:00+05:30
pay_19735dab,bkg_3e0ad678,card,captured,7701.05,7701.05,0.00,INR,mock_3e0ad678,pidem_c679bdb72ab24957,,2026-05-11T14:15:40+05:30,2026-05-11T14:17:00+05:30,2026-05-11T14:15:00+05:30,2026-08-18T10:00:00+05:30
pay_8b5454cc,bkg_64e60d4e,upi,authorised,59578.56,0.00,0.00,INR,mock_64e60d4e,pidem_d28b569802ced66f,,2026-04-26T01:00:40+05:30,,2026-04-26T01:00:00+05:30,2026-08-18T10:00:00+05:30
pay_2924b0d3,bkg_b27c8947,upi,initiated,37890.61,0.00,0.00,INR,mock_b27c8947,pidem_fddc9e22d48f1f1f,,,,2026-08-12T23:15:00+05:30,2026-08-18T10:00:00+05:30
pay_a8da06fd,bkg_3c274afb,netbanking,captured,4048.27,4048.27,0.00,INR,mock_3c274afb,pidem_38bf96600aae84ae,,2026-06-12T18:45:40+05:30,2026-06-12T18:47:00+05:30,2026-06-12T18:45:00+05:30,2026-08-18T10:00:00+05:30
pay_62ac371e,bkg_505ae5f5,netbanking,captured,24189.51,24189.51,0.00,INR,mock_505ae5f5,pidem_dab7cee467dd2960,,2026-05-12T18:45:40+05:30,2026-05-12T18:47:00+05:30,2026-05-12T18:45:00+05:30,2026-08-18T10:00:00+05:30
pay_19c9630d,bkg_a05bf316,upi,captured,20704.07,20704.07,0.00,INR,mock_a05bf316,pidem_605f0490764e1cac,,2026-05-12T16:15:40+05:30,2026-05-12T16:17:00+05:30,2026-05-12T16:15:00+05:30,2026-08-18T10:00:00+05:30
pay_7ba30932,bkg_d2c9bf99,card,authorised,82715.53,0.00,0.00,INR,mock_d2c9bf99,pidem_c15d10b8b954d5bf,,2026-07-06T20:00:40+05:30,,2026-07-06T20:00:00+05:30,2026-08-18T10:00:00+05:30
pay_7f08699c,bkg_e25bf284,upi,failed,6324.86,0.00,0.00,INR,mock_e25bf284,pidem_c943244c4457163d,idempotency_conflict,2026-06-30T08:15:40+05:30,,2026-06-30T08:15:00+05:30,2026-08-18T10:00:00+05:30
pay_57364f0a,bkg_e204464a,upi,captured,27555.43,27555.43,0.00,INR,mock_e204464a,pidem_ddb253a0d6ab51cd,,2026-06-27T16:45:40+05:30,2026-06-27T16:47:00+05:30,2026-06-27T16:45:00+05:30,2026-08-18T10:00:00+05:30
pay_800d9713,bkg_1ca7bb5b,wallet,authorised,15959.26,0.00,0.00,INR,mock_1ca7bb5b,pidem_382d994455e6a3b7,,2026-05-30T21:45:40+05:30,,2026-05-30T21:45:00+05:30,2026-08-18T10:00:00+05:30
pay_d53e5ddb,bkg_1bfebbe8,card,captured,14838.48,14838.48,0.00,INR,mock_1bfebbe8,pidem_acdbd579edf69710,,2026-07-02T11:00:40+05:30,2026-07-02T11:02:00+05:30,2026-07-02T11:00:00+05:30,2026-08-18T10:00:00+05:30
pay_dbb272b3,bkg_6dded23f,netbanking,captured,2714.11,2714.11,0.00,INR,mock_6dded23f,pidem_1983dee7a59cf3e5,,2026-05-20T15:00:40+05:30,2026-05-20T15:02:00+05:30,2026-05-20T15:00:00+05:30,2026-08-18T10:00:00+05:30
pay_806f3b11,bkg_da6f37fb,upi,captured,13246.02,13246.02,0.00,INR,mock_da6f37fb,pidem_e86d03d57aed924a,,2026-07-03T14:30:40+05:30,2026-07-03T14:32:00+05:30,2026-07-03T14:30:00+05:30,2026-08-18T10:00:00+05:30
pay_e0da42fd,bkg_5a203e3f,upi,refunded,791.47,791.47,791.47,MYR,mock_5a203e3f,pidem_17a8604e5873f171,,2026-06-10T03:00:40+05:30,2026-06-10T03:02:00+05:30,2026-06-10T03:00:00+05:30,2026-08-18T10:00:00+05:30
pay_3d4a8405,bkg_14a90ebb,netbanking,captured,19504.96,19504.96,0.00,INR,mock_14a90ebb,pidem_739e7cc43311732a,,2026-08-03T08:45:40+05:30,2026-08-03T08:47:00+05:30,2026-08-03T08:45:00+05:30,2026-08-18T10:00:00+05:30
pay_cb148dc6,bkg_619c2d56,card,refunded,35519.14,35519.14,35519.14,INR,mock_619c2d56,pidem_0cfb3512f38026a5,,2026-05-24T17:30:40+05:30,2026-05-24T17:32:00+05:30,2026-05-24T17:30:00+05:30,2026-08-18T10:00:00+05:30
pay_720d387b,bkg_ebfe62ce,upi,authorised,8061.65,0.00,0.00,INR,mock_ebfe62ce,pidem_01eeb86492f66085,,2026-07-26T19:15:40+05:30,,2026-07-26T19:15:00+05:30,2026-08-18T10:00:00+05:30
pay_88e5b3c7,bkg_0e2a8f6f,upi,captured,469.53,469.53,0.00,SGD,mock_0e2a8f6f,pidem_f8cfea8c804dbbeb,,2026-05-11T14:15:40+05:30,2026-05-11T14:17:00+05:30,2026-05-11T14:15:00+05:30,2026-08-18T10:00:00+05:30
pay_9b4a818d,bkg_74758e73,upi,initiated,16490.36,0.00,0.00,INR,mock_74758e73,pidem_3e359cc61a833258,,,,2026-05-05T15:00:00+05:30,2026-08-18T10:00:00+05:30
pay_be743f6c,bkg_b477a265,upi,captured,2224.05,2224.05,0.00,AED,mock_b477a265,pidem_6bb8da880c09cc52,,2026-06-09T07:00:40+05:30,2026-06-09T07:02:00+05:30,2026-06-09T07:00:00+05:30,2026-08-18T10:00:00+05:30
pay_5c0c6f3f,bkg_71ce53df,upi,captured,5113.70,5113.70,0.00,INR,mock_71ce53df,pidem_f0fbcc5d442ef139,,2026-07-17T00:00:40+05:30,2026-07-17T00:02:00+05:30,2026-07-17T00:00:00+05:30,2026-08-18T10:00:00+05:30
pay_ea666718,bkg_ac77c65b,netbanking,captured,14621.60,14621.60,0.00,MYR,mock_ac77c65b,pidem_120ce3f8e76d054c,,2026-06-22T01:15:40+05:30,2026-06-22T01:17:00+05:30,2026-06-22T01:15:00+05:30,2026-08-18T10:00:00+05:30
pay_db54640a,bkg_36d04f4b,upi,failed,5733.66,0.00,0.00,INR,mock_36d04f4b,pidem_97c4964c85a6a3e6,idempotency_conflict,2026-05-31T05:30:40+05:30,,2026-05-31T05:30:00+05:30,2026-08-18T10:00:00+05:30
pay_54b41523,bkg_7a5b49f8,upi,authorised,60508.49,0.00,0.00,INR,mock_7a5b49f8,pidem_167e18eb6b7b8f5b,,2026-06-18T21:45:40+05:30,,2026-06-18T21:45:00+05:30,2026-08-18T10:00:00+05:30
pay_e6e4ebcd,bkg_3423604c,card,authorised,29913.35,0.00,0.00,INR,mock_3423604c,pidem_6f92cfea6c0c4bb4,,2026-07-13T06:15:40+05:30,,2026-07-13T06:15:00+05:30,2026-08-18T10:00:00+05:30
pay_0dc56623,bkg_51867a30,upi,captured,3091.48,3091.48,0.00,INR,mock_51867a30,pidem_7881017fda6251a1,,2026-05-28T17:00:40+05:30,2026-05-28T17:02:00+05:30,2026-05-28T17:00:00+05:30,2026-08-18T10:00:00+05:30
pay_c02a1504,bkg_b2b511a0,wallet,captured,4661.68,4661.68,0.00,INR,mock_b2b511a0,pidem_60fb29d4f8436c7f,,2026-07-22T23:15:40+05:30,2026-07-22T23:17:00+05:30,2026-07-22T23:15:00+05:30,2026-08-18T10:00:00+05:30
pay_b631875b,bkg_c68cb540,upi,captured,18171.28,18171.28,0.00,INR,mock_c68cb540,pidem_0c5a9d0004771904,,2026-08-16T16:00:40+05:30,2026-08-16T16:02:00+05:30,2026-08-16T16:00:00+05:30,2026-08-18T10:00:00+05:30
pay_8db2c9a1,bkg_e74beb9d,upi,captured,28818.22,28818.22,0.00,INR,mock_e74beb9d,pidem_d1c79d2e3503409b,,2026-04-23T11:15:40+05:30,2026-04-23T11:17:00+05:30,2026-04-23T11:15:00+05:30,2026-08-18T10:00:00+05:30
pay_a834ac68,bkg_cc4226d5,upi,captured,1862.06,1862.06,0.00,INR,mock_cc4226d5,pidem_724c5a53c412374e,,2026-05-31T07:15:40+05:30,2026-05-31T07:17:00+05:30,2026-05-31T07:15:00+05:30,2026-08-18T10:00:00+05:30
pay_f58e7137,bkg_1afb3757,wallet,captured,150706.55,150706.55,0.00,INR,mock_1afb3757,pidem_114b2cd7b6c7268f,,2026-05-07T07:15:40+05:30,2026-05-07T07:17:00+05:30,2026-05-07T07:15:00+05:30,2026-08-18T10:00:00+05:30
pay_5653f836,bkg_543a3150,netbanking,initiated,26358.49,0.00,0.00,INR,mock_543a3150,pidem_ed07d3f3cb4addc9,,,,2026-08-12T19:15:00+05:30,2026-08-18T10:00:00+05:30
pay_0c5a2bcd,bkg_9aad8c6e,upi,captured,66407.25,66407.25,0.00,INR,mock_9aad8c6e,pidem_b03c49a5abfd852a,,2026-07-07T06:45:40+05:30,2026-07-07T06:47:00+05:30,2026-07-07T06:45:00+05:30,2026-08-18T10:00:00+05:30
pay_bb78709e,bkg_a4ea58eb,upi,captured,6812634.47,6812634.47,0.00,IDR,mock_a4ea58eb,pidem_e39f49c91328f58d,,2026-07-06T08:30:40+05:30,2026-07-06T08:32:00+05:30,2026-07-06T08:30:00+05:30,2026-08-18T10:00:00+05:30
pay_068027cd,bkg_985df086,card,refunded,32968.14,32968.14,32968.14,INR,mock_985df086,pidem_f1b7895edf5e2d23,,2026-07-25T12:15:40+05:30,2026-07-25T12:17:00+05:30,2026-07-25T12:15:00+05:30,2026-08-18T10:00:00+05:30
pay_190c750b,bkg_0ecc507f,upi,authorised,8089.00,0.00,0.00,INR,mock_0ecc507f,pidem_649b64dfc56fbd54,,2026-06-21T18:30:40+05:30,,2026-06-21T18:30:00+05:30,2026-08-18T10:00:00+05:30
pay_c2f5eb25,bkg_8641b8d2,netbanking,captured,19442.86,19442.86,0.00,INR,mock_8641b8d2,pidem_2401ac9e8da2cb32,,2026-05-31T16:30:40+05:30,2026-05-31T16:32:00+05:30,2026-05-31T16:30:00+05:30,2026-08-18T10:00:00+05:30
pay_523b920a,bkg_a58a58c2,netbanking,captured,27216.52,27216.52,0.00,INR,mock_a58a58c2,pidem_521ad50d62c90aa9,,2026-07-16T00:00:40+05:30,2026-07-16T00:02:00+05:30,2026-07-16T00:00:00+05:30,2026-08-18T10:00:00+05:30
pay_eb5ce0f6,bkg_77bf106d,card,refunded,5488.56,5488.56,5488.56,INR,mock_77bf106d,pidem_b7cd618d89a617bd,,2026-06-22T19:30:40+05:30,2026-06-22T19:32:00+05:30,2026-06-22T19:30:00+05:30,2026-08-18T10:00:00+05:30
pay_c5092c78,bkg_76ce1c52,card,refunded,4375.71,4375.71,4375.71,INR,mock_76ce1c52,pidem_7aca0726ec487d57,,2026-07-22T22:45:40+05:30,2026-07-22T22:47:00+05:30,2026-07-22T22:45:00+05:30,2026-08-18T10:00:00+05:30
pay_8d4d0d63,bkg_1629471f,mock,captured,15231.13,15231.13,0.00,INR,mock_1629471f,pidem_a2bbef080614eaba,,2026-07-23T09:45:40+05:30,2026-07-23T09:47:00+05:30,2026-07-23T09:45:00+05:30,2026-08-18T10:00:00+05:30
pay_bb834e03,bkg_a7f7aaf1,card,captured,33000.24,33000.24,0.00,THB,mock_a7f7aaf1,pidem_6079f71b37acac11,,2026-06-24T13:15:40+05:30,2026-06-24T13:17:00+05:30,2026-06-24T13:15:00+05:30,2026-08-18T10:00:00+05:30
pay_88108848,bkg_3d497c8a,mock,refunded,4123.26,4123.26,4123.26,INR,mock_3d497c8a,pidem_c9ddd5f4237d9d39,,2026-05-27T04:00:40+05:30,2026-05-27T04:02:00+05:30,2026-05-27T04:00:00+05:30,2026-08-18T10:00:00+05:30
pay_5a4c5a11,bkg_684f07eb,card,initiated,14956.86,0.00,0.00,INR,mock_684f07eb,pidem_f6762e5963526eb7,,,,2026-05-02T04:00:00+05:30,2026-08-18T10:00:00+05:30
pay_70525029,bkg_5d9c9884,upi,initiated,22162530.33,0.00,0.00,IDR,mock_5d9c9884,pidem_f75ba751f37d07a7,,,,2026-05-09T11:00:00+05:30,2026-08-18T10:00:00+05:30
pay_d04cf72c,bkg_29b6eb90,card,captured,8478.72,8478.72,0.00,INR,mock_29b6eb90,pidem_0e9c328eb3a18c77,,2026-07-20T02:15:40+05:30,2026-07-20T02:17:00+05:30,2026-07-20T02:15:00+05:30,2026-08-18T10:00:00+05:30
pay_21a8af01,bkg_f2845b85,upi,captured,67793.85,67793.85,0.00,INR,mock_f2845b85,pidem_6bf8df2dd729c456,,2026-07-05T14:00:40+05:30,2026-07-05T14:02:00+05:30,2026-07-05T14:00:00+05:30,2026-08-18T10:00:00+05:30
pay_26f3a636,bkg_fbd88223,mock,captured,8544.07,8544.07,0.00,THB,mock_fbd88223,pidem_5c803a37ba8f2671,,2026-06-07T17:15:40+05:30,2026-06-07T17:17:00+05:30,2026-06-07T17:15:00+05:30,2026-08-18T10:00:00+05:30
pay_03bfd363,bkg_00af60b6,upi,captured,9302.41,9302.41,0.00,NPR,mock_00af60b6,pidem_ab149284f05d1830,,2026-07-11T15:15:40+05:30,2026-07-11T15:17:00+05:30,2026-07-11T15:15:00+05:30,2026-08-18T10:00:00+05:30
pay_a5d7b8d0,bkg_df43d228,upi,refunded,64663.24,64663.24,64663.24,INR,mock_df43d228,pidem_694af4b462ff8441,,2026-07-22T16:15:40+05:30,2026-07-22T16:17:00+05:30,2026-07-22T16:15:00+05:30,2026-08-18T10:00:00+05:30
pay_2c68bff2,bkg_1c03ac2e,upi,refunded,55378.19,55378.19,55378.19,INR,mock_1c03ac2e,pidem_d8aa1c19275e6994,,2026-08-07T19:15:40+05:30,2026-08-07T19:17:00+05:30,2026-08-07T19:15:00+05:30,2026-08-18T10:00:00+05:30
pay_9208fbef,bkg_c91c9f58,mock,captured,16482.57,16482.57,0.00,INR,mock_c91c9f58,pidem_9ddb4446feab0e7b,,2026-04-29T04:30:40+05:30,2026-04-29T04:32:00+05:30,2026-04-29T04:30:00+05:30,2026-08-18T10:00:00+05:30
pay_0f77f885,bkg_8a81c7b9,card,captured,22835.68,22835.68,0.00,INR,mock_8a81c7b9,pidem_1195543e7a9abef4,,2026-08-14T04:30:40+05:30,2026-08-14T04:32:00+05:30,2026-08-14T04:30:00+05:30,2026-08-18T10:00:00+05:30
pay_96464e25,bkg_44fc43f8,wallet,refunded,46689.17,46689.17,46689.17,THB,mock_44fc43f8,pidem_52ac4b6457542ba7,,2026-08-10T17:15:40+05:30,2026-08-10T17:17:00+05:30,2026-08-10T17:15:00+05:30,2026-08-18T10:00:00+05:30
pay_1f805bec,bkg_308486bd,card,refunded,21524.16,21524.16,21524.16,INR,mock_308486bd,pidem_0844ab6fcaa98489,,2026-05-18T04:30:40+05:30,2026-05-18T04:32:00+05:30,2026-05-18T04:30:00+05:30,2026-08-18T10:00:00+05:30
pay_26439094,bkg_a523e457,upi,refunded,49989.14,49989.14,49989.14,INR,mock_a523e457,pidem_e46f41e5b177ce7a,,2026-08-06T03:00:40+05:30,2026-08-06T03:02:00+05:30,2026-08-06T03:00:00+05:30,2026-08-18T10:00:00+05:30
pay_3aee2a17,bkg_10cc31f7,mock,captured,238450.61,238450.61,0.00,INR,mock_10cc31f7,pidem_50481ec6160e7984,,2026-05-02T14:30:40+05:30,2026-05-02T14:32:00+05:30,2026-05-02T14:30:00+05:30,2026-08-18T10:00:00+05:30
pay_6c734f6b,bkg_b9fd51e5,upi,captured,11396.45,11396.45,0.00,NPR,mock_b9fd51e5,pidem_db08c0847f8b3fd9,,2026-04-27T02:30:40+05:30,2026-04-27T02:32:00+05:30,2026-04-27T02:30:00+05:30,2026-08-18T10:00:00+05:30
pay_68102c9c,bkg_2954b3c9,card,captured,6197.02,6197.02,0.00,AED,mock_2954b3c9,pidem_e71dafb4f76d1514,,2026-08-04T01:45:40+05:30,2026-08-04T01:47:00+05:30,2026-08-04T01:45:00+05:30,2026-08-18T10:00:00+05:30
pay_4c6bf669,bkg_51a3ec1f,upi,refunded,18189.67,18189.67,18189.67,INR,mock_51a3ec1f,pidem_9c3ece23d6808ee5,,2026-04-25T17:15:40+05:30,2026-04-25T17:17:00+05:30,2026-04-25T17:15:00+05:30,2026-08-18T10:00:00+05:30
pay_90be877a,bkg_df956d7f,upi,captured,16763.17,16763.17,0.00,INR,mock_df956d7f,pidem_96fb161ff6fdc9a6,,2026-06-23T23:00:40+05:30,2026-06-23T23:02:00+05:30,2026-06-23T23:00:00+05:30,2026-08-18T10:00:00+05:30
pay_99f7cbc4,bkg_95fb39e2,upi,captured,876.44,876.44,0.00,AED,mock_95fb39e2,pidem_66f1ced367e461bf,,2026-07-27T07:30:40+05:30,2026-07-27T07:32:00+05:30,2026-07-27T07:30:00+05:30,2026-08-18T10:00:00+05:30
pay_8c658d28,bkg_a7015bda,mock,initiated,11620.92,0.00,0.00,INR,mock_a7015bda,pidem_006a612368b277ca,,,,2026-08-13T23:30:00+05:30,2026-08-18T10:00:00+05:30
pay_fdfc5028,bkg_68297e2e,card,captured,7300.35,7300.35,0.00,INR,mock_68297e2e,pidem_502a043f24eb2be7,,2026-06-11T18:30:40+05:30,2026-06-11T18:32:00+05:30,2026-06-11T18:30:00+05:30,2026-08-18T10:00:00+05:30
pay_062830c6,bkg_a5233099,card,captured,39050.19,39050.19,0.00,INR,mock_a5233099,pidem_4e3ebb15b25af210,,2026-04-24T17:00:40+05:30,2026-04-24T17:02:00+05:30,2026-04-24T17:00:00+05:30,2026-08-18T10:00:00+05:30
pay_f0c22a97,bkg_00486373,upi,captured,35975.36,35975.36,0.00,INR,mock_00486373,pidem_46028d1d62a199e4,,2026-06-21T21:45:40+05:30,2026-06-21T21:47:00+05:30,2026-06-21T21:45:00+05:30,2026-08-18T10:00:00+05:30
pay_b7623c33,bkg_291943b3,card,captured,19572.34,19572.34,0.00,INR,mock_291943b3,pidem_0006ab89c1338d87,,2026-05-24T22:00:40+05:30,2026-05-24T22:02:00+05:30,2026-05-24T22:00:00+05:30,2026-08-18T10:00:00+05:30
pay_4da716b3,bkg_7f546837,card,captured,18257.98,18257.98,0.00,INR,mock_7f546837,pidem_fcf8b44144fa152c,,2026-05-20T03:15:40+05:30,2026-05-20T03:17:00+05:30,2026-05-20T03:15:00+05:30,2026-08-18T10:00:00+05:30
pay_10fbb0f5,bkg_9ab9e4a1,upi,captured,5810.31,5810.31,0.00,LKR,mock_9ab9e4a1,pidem_972f129a711b5000,,2026-07-10T11:45:40+05:30,2026-07-10T11:47:00+05:30,2026-07-10T11:45:00+05:30,2026-08-18T10:00:00+05:30
pay_8a11e53e,bkg_3acc5457,upi,refunded,3596.21,3596.21,3596.21,INR,mock_3acc5457,pidem_11815eaf717343d6,,2026-06-29T17:45:40+05:30,2026-06-29T17:47:00+05:30,2026-06-29T17:45:00+05:30,2026-08-18T10:00:00+05:30
pay_2f169d83,bkg_374f058c,card,captured,10611.48,10611.48,0.00,INR,mock_374f058c,pidem_477908655131ffc0,,2026-04-23T20:30:40+05:30,2026-04-23T20:32:00+05:30,2026-04-23T20:30:00+05:30,2026-08-18T10:00:00+05:30
pay_205abc46,bkg_4563fc61,wallet,captured,31984.56,31984.56,0.00,INR,mock_4563fc61,pidem_159d6989e8f795e4,,2026-04-20T05:45:40+05:30,2026-04-20T05:47:00+05:30,2026-04-20T05:45:00+05:30,2026-08-18T10:00:00+05:30
pay_a1bc2160,bkg_659617fc,netbanking,captured,9357.68,9357.68,0.00,INR,mock_659617fc,pidem_bb92d27a0ad0899f,,2026-06-27T23:15:40+05:30,2026-06-27T23:17:00+05:30,2026-06-27T23:15:00+05:30,2026-08-18T10:00:00+05:30
pay_03dc5595,bkg_e922e2e8,upi,captured,6899.42,6899.42,0.00,INR,mock_e922e2e8,pidem_b073f54dedba9319,,2026-07-20T19:00:40+05:30,2026-07-20T19:02:00+05:30,2026-07-20T19:00:00+05:30,2026-08-18T10:00:00+05:30
pay_9fb6c002,bkg_8677df39,upi,captured,54625.72,54625.72,0.00,INR,mock_8677df39,pidem_f56d7c6a36b1b73d,,2026-05-24T08:30:40+05:30,2026-05-24T08:32:00+05:30,2026-05-24T08:30:00+05:30,2026-08-18T10:00:00+05:30
pay_1209f094,bkg_8944da86,upi,captured,124142.02,124142.02,0.00,INR,mock_8944da86,pidem_57f5cecf157b0c0e,,2026-08-13T10:45:40+05:30,2026-08-13T10:47:00+05:30,2026-08-13T10:45:00+05:30,2026-08-18T10:00:00+05:30
pay_ded7b773,bkg_ef46ffc1,upi,captured,15974.09,15974.09,0.00,SGD,mock_ef46ffc1,pidem_146001f05ff5a5f5,,2026-05-27T08:00:40+05:30,2026-05-27T08:02:00+05:30,2026-05-27T08:00:00+05:30,2026-08-18T10:00:00+05:30
pay_0e8eb9b9,bkg_928b9ed2,upi,refunded,7727.22,7727.22,7727.22,INR,mock_928b9ed2,pidem_1a5de674418a30bc,,2026-07-26T23:30:40+05:30,2026-07-26T23:32:00+05:30,2026-07-26T23:30:00+05:30,2026-08-18T10:00:00+05:30
pay_ba008814,bkg_d2bd507d,card,captured,33262.51,33262.51,0.00,INR,mock_d2bd507d,pidem_d3f0a1a9765e4fbf,,2026-04-23T12:45:40+05:30,2026-04-23T12:47:00+05:30,2026-04-23T12:45:00+05:30,2026-08-18T10:00:00+05:30
pay_651bb2e7,bkg_10ea4f22,wallet,refunded,38177.13,38177.13,38177.13,INR,mock_10ea4f22,pidem_3ff931177eaaf301,,2026-08-17T00:15:40+05:30,2026-08-17T00:17:00+05:30,2026-08-17T00:15:00+05:30,2026-08-18T10:00:00+05:30
pay_3a828ee7,bkg_569c72b7,netbanking,captured,11866.90,11866.90,0.00,INR,mock_569c72b7,pidem_efffe970dc9d1335,,2026-06-07T16:15:40+05:30,2026-06-07T16:17:00+05:30,2026-06-07T16:15:00+05:30,2026-08-18T10:00:00+05:30
pay_234ee661,bkg_30e7d689,card,captured,5407.57,5407.57,0.00,INR,mock_30e7d689,pidem_96a4682807b4b740,,2026-06-04T21:00:40+05:30,2026-06-04T21:02:00+05:30,2026-06-04T21:00:00+05:30,2026-08-18T10:00:00+05:30
pay_7c364243,bkg_1b9d30b2,upi,captured,45162.86,45162.86,0.00,AED,mock_1b9d30b2,pidem_84d94e257aa0265f,,2026-05-09T13:15:40+05:30,2026-05-09T13:17:00+05:30,2026-05-09T13:15:00+05:30,2026-08-18T10:00:00+05:30
pay_dd8506a6,bkg_fafde146,mock,refunded,35400.56,35400.56,35400.56,INR,mock_fafde146,pidem_b10c7ab1cbf7b212,,2026-07-19T13:30:40+05:30,2026-07-19T13:32:00+05:30,2026-07-19T13:30:00+05:30,2026-08-18T10:00:00+05:30
pay_d93e609b,bkg_802b25f7,upi,captured,35969.09,35969.09,0.00,INR,mock_802b25f7,pidem_b062f5cbbf8b0f94,,2026-06-30T13:00:40+05:30,2026-06-30T13:02:00+05:30,2026-06-30T13:00:00+05:30,2026-08-18T10:00:00+05:30
pay_68e8e474,bkg_b1f4436c,card,authorised,3396.20,0.00,0.00,INR,mock_b1f4436c,pidem_da37423a8cc6f7b7,,2026-05-09T05:30:40+05:30,,2026-05-09T05:30:00+05:30,2026-08-18T10:00:00+05:30
pay_5084fc68,bkg_e03b2be6,card,captured,5489.37,5489.37,0.00,INR,mock_e03b2be6,pidem_64585be3133a2a74,,2026-05-07T19:15:40+05:30,2026-05-07T19:17:00+05:30,2026-05-07T19:15:00+05:30,2026-08-18T10:00:00+05:30
pay_601eb796,bkg_488d9827,netbanking,failed,6583.89,0.00,0.00,NPR,mock_488d9827,pidem_1e5fb1fe1712b6a6,idempotency_conflict,2026-05-09T18:30:40+05:30,,2026-05-09T18:30:00+05:30,2026-08-18T10:00:00+05:30
pay_80a604a9,bkg_58cd1026,netbanking,refunded,15117.45,15117.45,15117.45,INR,mock_58cd1026,pidem_d366aa67fca5c7ce,,2026-07-07T05:00:40+05:30,2026-07-07T05:02:00+05:30,2026-07-07T05:00:00+05:30,2026-08-18T10:00:00+05:30
pay_7fb41088,bkg_e2896b74,upi,captured,11523.08,11523.08,0.00,INR,mock_e2896b74,pidem_d642d17b4673d630,,2026-06-05T14:30:40+05:30,2026-06-05T14:32:00+05:30,2026-06-05T14:30:00+05:30,2026-08-18T10:00:00+05:30
pay_e5f75cf7,bkg_c86bda9a,upi,captured,10003.56,10003.56,0.00,INR,mock_c86bda9a,pidem_21d9f817d8775c32,,2026-06-16T18:00:40+05:30,2026-06-16T18:02:00+05:30,2026-06-16T18:00:00+05:30,2026-08-18T10:00:00+05:30
pay_ea22c519,bkg_776b7510,mock,captured,17827.90,17827.90,0.00,INR,mock_776b7510,pidem_4417eb9740168947,,2026-08-06T20:00:40+05:30,2026-08-06T20:02:00+05:30,2026-08-06T20:00:00+05:30,2026-08-18T10:00:00+05:30
pay_c81aaed0,bkg_d670bf78,upi,captured,3957.80,3957.80,0.00,INR,mock_d670bf78,pidem_9d6893c45d11d918,,2026-05-12T19:45:40+05:30,2026-05-12T19:47:00+05:30,2026-05-12T19:45:00+05:30,2026-08-18T10:00:00+05:30
pay_8edaf443,bkg_b24f4b74,card,captured,26765.54,26765.54,0.00,INR,mock_b24f4b74,pidem_5cf8a87abb1e58e2,,2026-07-14T06:30:40+05:30,2026-07-14T06:32:00+05:30,2026-07-14T06:30:00+05:30,2026-08-18T10:00:00+05:30
pay_d0499c85,bkg_60def451,netbanking,captured,6305.44,6305.44,0.00,INR,mock_60def451,pidem_be085f2179ab4976,,2026-07-01T18:00:40+05:30,2026-07-01T18:02:00+05:30,2026-07-01T18:00:00+05:30,2026-08-18T10:00:00+05:30
pay_18a7ff93,bkg_dcbacaf5,upi,captured,14212.49,14212.49,0.00,INR,mock_dcbacaf5,pidem_4bacd79a33e8737a,,2026-06-17T01:30:40+05:30,2026-06-17T01:32:00+05:30,2026-06-17T01:30:00+05:30,2026-08-18T10:00:00+05:30
pay_d80e6d65,bkg_328182f0,mock,captured,1740.17,1740.17,0.00,INR,mock_328182f0,pidem_d8ce3863b0c21644,,2026-08-01T23:30:40+05:30,2026-08-01T23:32:00+05:30,2026-08-01T23:30:00+05:30,2026-08-18T10:00:00+05:30
pay_ed4c0df5,bkg_34957b9b,upi,captured,2673.20,2673.20,0.00,INR,mock_34957b9b,pidem_1a1d30ab97bfdbde,,2026-06-21T03:00:40+05:30,2026-06-21T03:02:00+05:30,2026-06-21T03:00:00+05:30,2026-08-18T10:00:00+05:30
pay_0937bb53,bkg_87c4d0c4,card,captured,16953.44,16953.44,0.00,MVR,mock_87c4d0c4,pidem_7e4252d74470a62f,,2026-06-25T18:15:40+05:30,2026-06-25T18:17:00+05:30,2026-06-25T18:15:00+05:30,2026-08-18T10:00:00+05:30
pay_79927142,bkg_3ac16db9,card,captured,18743.93,18743.93,0.00,INR,mock_3ac16db9,pidem_d653041338feb678,,2026-06-15T20:00:40+05:30,2026-06-15T20:02:00+05:30,2026-06-15T20:00:00+05:30,2026-08-18T10:00:00+05:30
pay_7a8fe14a,bkg_d28055ed,upi,captured,40467.26,40467.26,0.00,INR,mock_d28055ed,pidem_24c771163cb47f43,,2026-05-31T06:30:40+05:30,2026-05-31T06:32:00+05:30,2026-05-31T06:30:00+05:30,2026-08-18T10:00:00+05:30
pay_49f7362d,bkg_11f23f11,wallet,captured,9510.36,9510.36,0.00,NPR,mock_11f23f11,pidem_f6e35ecd2f3b9024,,2026-06-12T03:00:40+05:30,2026-06-12T03:02:00+05:30,2026-06-12T03:00:00+05:30,2026-08-18T10:00:00+05:30
pay_1cb9613c,bkg_295daf83,upi,refunded,10674.37,10674.37,10674.37,NPR,mock_295daf83,pidem_12bdcd80ca497991,,2026-08-17T20:45:40+05:30,2026-08-17T20:47:00+05:30,2026-08-17T20:45:00+05:30,2026-08-18T10:00:00+05:30
pay_c1899aa7,bkg_2fc39ec6,card,initiated,83080.84,0.00,0.00,INR,mock_2fc39ec6,pidem_3f67822872936a8e,,,,2026-05-15T14:00:00+05:30,2026-08-18T10:00:00+05:30
pay_89f9c1b2,bkg_f93637f6,mock,captured,19334.59,19334.59,0.00,INR,mock_f93637f6,pidem_2fa96551f9434006,,2026-07-06T05:15:40+05:30,2026-07-06T05:17:00+05:30,2026-07-06T05:15:00+05:30,2026-08-18T10:00:00+05:30
pay_3de97934,bkg_76fa2982,card,captured,107163.08,107163.08,0.00,INR,mock_76fa2982,pidem_e37d9c0c31640d04,,2026-07-20T21:45:40+05:30,2026-07-20T21:47:00+05:30,2026-07-20T21:45:00+05:30,2026-08-18T10:00:00+05:30
pay_73aadb7f,bkg_70931c84,card,captured,16373.54,16373.54,0.00,INR,mock_70931c84,pidem_7c35a00c0e8ac384,,2026-05-22T18:30:40+05:30,2026-05-22T18:32:00+05:30,2026-05-22T18:30:00+05:30,2026-08-18T10:00:00+05:30
pay_d9047cb9,bkg_97b9b223,upi,captured,9155.51,9155.51,0.00,INR,mock_97b9b223,pidem_f43718945e65cb30,,2026-08-16T13:00:40+05:30,2026-08-16T13:02:00+05:30,2026-08-16T13:00:00+05:30,2026-08-18T10:00:00+05:30
pay_2d73aec6,bkg_ea87a153,upi,captured,29339.59,29339.59,0.00,MVR,mock_ea87a153,pidem_36d9bf0bef4dcc31,,2026-05-23T16:30:40+05:30,2026-05-23T16:32:00+05:30,2026-05-23T16:30:00+05:30,2026-08-18T10:00:00+05:30
pay_6b66924c,bkg_18de3df4,netbanking,initiated,67868.53,0.00,0.00,INR,mock_18de3df4,pidem_d98dc1cd146920ac,,,,2026-07-21T18:45:00+05:30,2026-08-18T10:00:00+05:30
pay_cc22939f,bkg_8082e2d9,card,captured,14899.38,14899.38,0.00,IDR,mock_8082e2d9,pidem_ab54317bba829e3b,,2026-08-15T05:45:40+05:30,2026-08-15T05:47:00+05:30,2026-08-15T05:45:00+05:30,2026-08-18T10:00:00+05:30
pay_382ac6c8,bkg_8643f024,card,captured,27458.68,27458.68,0.00,INR,mock_8643f024,pidem_ad8db8ccd7b45e63,,2026-06-22T02:15:40+05:30,2026-06-22T02:17:00+05:30,2026-06-22T02:15:00+05:30,2026-08-18T10:00:00+05:30
pay_32fc14af,bkg_7b220428,mock,captured,243.49,243.49,0.00,SGD,mock_7b220428,pidem_eb0d2e4e7f2549be,,2026-06-01T23:45:40+05:30,2026-06-01T23:47:00+05:30,2026-06-01T23:45:00+05:30,2026-08-18T10:00:00+05:30
pay_c987f7a7,bkg_b52d79ba,upi,captured,23698.14,23698.14,0.00,INR,mock_b52d79ba,pidem_cfc436611abcfeac,,2026-07-02T02:00:40+05:30,2026-07-02T02:02:00+05:30,2026-07-02T02:00:00+05:30,2026-08-18T10:00:00+05:30
pay_5239cc7f,bkg_81de8b23,card,failed,94199.12,0.00,0.00,INR,mock_81de8b23,pidem_288908c5f61655d2,idempotency_conflict,2026-06-01T16:30:40+05:30,,2026-06-01T16:30:00+05:30,2026-08-18T10:00:00+05:30
pay_bc2c0459,bkg_bc18e90e,card,refunded,6331.20,6331.20,6331.20,CHF,mock_bc18e90e,pidem_2de563523d1598bc,,2026-07-07T08:30:40+05:30,2026-07-07T08:32:00+05:30,2026-07-07T08:30:00+05:30,2026-08-18T10:00:00+05:30
pay_b297c2c6,bkg_5e7b9fa4,netbanking,refunded,21146.18,21146.18,21146.18,INR,mock_5e7b9fa4,pidem_70df1a7ddb18ebc9,,2026-08-09T04:45:40+05:30,2026-08-09T04:47:00+05:30,2026-08-09T04:45:00+05:30,2026-08-18T10:00:00+05:30
pay_6349f3f4,bkg_e552465d,upi,captured,6159.89,6159.89,0.00,NPR,mock_e552465d,pidem_323fe1d94260c6c6,,2026-07-11T21:15:40+05:30,2026-07-11T21:17:00+05:30,2026-07-11T21:15:00+05:30,2026-08-18T10:00:00+05:30
pay_de3dae7d,bkg_4b349c64,mock,captured,4221.41,4221.41,0.00,INR,mock_4b349c64,pidem_aa469a173f43c9d0,,2026-06-11T19:45:40+05:30,2026-06-11T19:47:00+05:30,2026-06-11T19:45:00+05:30,2026-08-18T10:00:00+05:30
pay_44a16ed9,bkg_882daaa3,upi,authorised,8163.66,0.00,0.00,INR,mock_882daaa3,pidem_46f13c048066d268,,2026-06-04T05:45:40+05:30,,2026-06-04T05:45:00+05:30,2026-08-18T10:00:00+05:30
pay_8e022702,bkg_61486b05,card,failed,42669.65,0.00,0.00,INR,mock_61486b05,pidem_96ed7c3249cf4a9e,idempotency_conflict,2026-04-21T13:45:40+05:30,,2026-04-21T13:45:00+05:30,2026-08-18T10:00:00+05:30
pay_6313b5f1,bkg_63722f33,netbanking,captured,10220.48,10220.48,0.00,THB,mock_63722f33,pidem_3b07d7395fd7af15,,2026-05-12T19:30:40+05:30,2026-05-12T19:32:00+05:30,2026-05-12T19:30:00+05:30,2026-08-18T10:00:00+05:30
pay_0a606686,bkg_4a1db998,upi,captured,19125.67,19125.67,0.00,INR,mock_4a1db998,pidem_af0197cca1f74850,,2026-05-03T09:45:40+05:30,2026-05-03T09:47:00+05:30,2026-05-03T09:45:00+05:30,2026-08-18T10:00:00+05:30
pay_b1f2710b,bkg_e9c05610,card,captured,72010.78,72010.78,0.00,INR,mock_e9c05610,pidem_49bd206e1d1006b4,,2026-05-15T17:45:40+05:30,2026-05-15T17:47:00+05:30,2026-05-15T17:45:00+05:30,2026-08-18T10:00:00+05:30
pay_efddfd32,bkg_12d99074,netbanking,captured,18914.09,18914.09,0.00,THB,mock_12d99074,pidem_ff02361654eec287,,2026-07-24T19:15:40+05:30,2026-07-24T19:17:00+05:30,2026-07-24T19:15:00+05:30,2026-08-18T10:00:00+05:30
pay_b9dfbabc,bkg_6f493ac7,upi,captured,53334.60,53334.60,0.00,INR,mock_6f493ac7,pidem_ceb1f8b3309497bf,,2026-06-30T12:45:40+05:30,2026-06-30T12:47:00+05:30,2026-06-30T12:45:00+05:30,2026-08-18T10:00:00+05:30
pay_1dea2cfd,bkg_d9794526,card,captured,8770.44,8770.44,0.00,INR,mock_d9794526,pidem_807d1522074732ec,,2026-06-10T14:15:40+05:30,2026-06-10T14:17:00+05:30,2026-06-10T14:15:00+05:30,2026-08-18T10:00:00+05:30
pay_57161599,bkg_cac83d8e,upi,captured,5795.98,5795.98,0.00,INR,mock_cac83d8e,pidem_2c053a28b70268ce,,2026-06-05T16:45:40+05:30,2026-06-05T16:47:00+05:30,2026-06-05T16:45:00+05:30,2026-08-18T10:00:00+05:30
pay_a155cef4,bkg_e6972770,upi,captured,11701.29,11701.29,0.00,INR,mock_e6972770,pidem_069e67209e198f89,,2026-08-10T11:30:40+05:30,2026-08-10T11:32:00+05:30,2026-08-10T11:30:00+05:30,2026-08-18T10:00:00+05:30
pay_12a5b287,bkg_557ae3aa,upi,captured,39859.21,39859.21,0.00,INR,mock_557ae3aa,pidem_2a0cdfacb1bbfbf6,,2026-07-31T16:30:40+05:30,2026-07-31T16:32:00+05:30,2026-07-31T16:30:00+05:30,2026-08-18T10:00:00+05:30
pay_0842dcbe,bkg_0fbddeba,upi,captured,23358.59,23358.59,0.00,INR,mock_0fbddeba,pidem_6997e51932ed3cc8,,2026-04-26T16:30:40+05:30,2026-04-26T16:32:00+05:30,2026-04-26T16:30:00+05:30,2026-08-18T10:00:00+05:30
pay_e85349b9,bkg_71450fd7,wallet,refunded,82597.01,82597.01,82597.01,INR,mock_71450fd7,pidem_2350ea1681da4276,,2026-05-09T00:15:40+05:30,2026-05-09T00:17:00+05:30,2026-05-09T00:15:00+05:30,2026-08-18T10:00:00+05:30
pay_7790d8c3,bkg_87022d83,card,initiated,14584.73,0.00,0.00,MYR,mock_87022d83,pidem_7566126f26363708,,,,2026-08-04T16:45:00+05:30,2026-08-18T10:00:00+05:30
pay_0e942b24,bkg_0b421cde,wallet,captured,113772.83,113772.83,0.00,INR,mock_0b421cde,pidem_7098074dfbe46e33,,2026-07-18T20:45:40+05:30,2026-07-18T20:47:00+05:30,2026-07-18T20:45:00+05:30,2026-08-18T10:00:00+05:30
pay_7e98e902,bkg_f814a51e,netbanking,captured,4220.74,4220.74,0.00,INR,mock_f814a51e,pidem_210ac391bf2c470c,,2026-07-25T23:15:40+05:30,2026-07-25T23:17:00+05:30,2026-07-25T23:15:00+05:30,2026-08-18T10:00:00+05:30
pay_d86c96be,bkg_a330a27e,upi,captured,27366.52,27366.52,0.00,AED,mock_a330a27e,pidem_792694728ff17352,,2026-05-06T11:45:40+05:30,2026-05-06T11:47:00+05:30,2026-05-06T11:45:00+05:30,2026-08-18T10:00:00+05:30
pay_bf1e2b14,bkg_9960cd3f,upi,captured,22967.50,22967.50,0.00,INR,mock_9960cd3f,pidem_d58b8fae6ad596ab,,2026-07-20T19:00:40+05:30,2026-07-20T19:02:00+05:30,2026-07-20T19:00:00+05:30,2026-08-18T10:00:00+05:30
pay_c989f463,bkg_d9d041ad,upi,captured,3186.97,3186.97,0.00,INR,mock_d9d041ad,pidem_edf84db128b0d3cf,,2026-06-02T17:00:40+05:30,2026-06-02T17:02:00+05:30,2026-06-02T17:00:00+05:30,2026-08-18T10:00:00+05:30
pay_1cd3da89,bkg_ebcf6c57,mock,captured,17213.66,17213.66,0.00,INR,mock_ebcf6c57,pidem_1e2b45cfc022df49,,2026-06-11T21:00:40+05:30,2026-06-11T21:02:00+05:30,2026-06-11T21:00:00+05:30,2026-08-18T10:00:00+05:30
pay_1e2ab990,bkg_b735863d,upi,refunded,14376.86,14376.86,14376.86,INR,mock_b735863d,pidem_188fb6e471ca4c42,,2026-05-23T16:30:40+05:30,2026-05-23T16:32:00+05:30,2026-05-23T16:30:00+05:30,2026-08-18T10:00:00+05:30
pay_68660f0f,bkg_0ab70820,upi,captured,20403.76,20403.76,0.00,INR,mock_0ab70820,pidem_a509c90250765067,,2026-06-24T15:45:40+05:30,2026-06-24T15:47:00+05:30,2026-06-24T15:45:00+05:30,2026-08-18T10:00:00+05:30
pay_818658a7,bkg_5fbd8979,card,authorised,71135.31,0.00,0.00,INR,mock_5fbd8979,pidem_232e5b17165a672e,,2026-07-22T09:45:40+05:30,,2026-07-22T09:45:00+05:30,2026-08-18T10:00:00+05:30
pay_62f5bca1,bkg_7e66a53c,card,captured,21216.34,21216.34,0.00,INR,mock_7e66a53c,pidem_cdca5146d33b7f76,,2026-07-05T06:30:40+05:30,2026-07-05T06:32:00+05:30,2026-07-05T06:30:00+05:30,2026-08-18T10:00:00+05:30
pay_58526e95,bkg_043b91b9,netbanking,captured,15729.52,15729.52,0.00,INR,mock_043b91b9,pidem_4fae384ecd42547b,,2026-08-15T01:00:40+05:30,2026-08-15T01:02:00+05:30,2026-08-15T01:00:00+05:30,2026-08-18T10:00:00+05:30
pay_40a14a3f,bkg_cc35f63a,upi,captured,7975.27,7975.27,0.00,INR,mock_cc35f63a,pidem_ae1dcf88484fa549,,2026-07-27T10:45:40+05:30,2026-07-27T10:47:00+05:30,2026-07-27T10:45:00+05:30,2026-08-18T10:00:00+05:30
pay_ba21fb71,bkg_d65697ed,card,captured,21603.76,21603.76,0.00,INR,mock_d65697ed,pidem_89eaa50e22ad5979,,2026-05-26T15:30:40+05:30,2026-05-26T15:32:00+05:30,2026-05-26T15:30:00+05:30,2026-08-18T10:00:00+05:30
pay_ebcf3065,bkg_2f4da8c2,mock,captured,30158.50,30158.50,0.00,INR,mock_2f4da8c2,pidem_8252fece340882e7,,2026-06-06T20:45:40+05:30,2026-06-06T20:47:00+05:30,2026-06-06T20:45:00+05:30,2026-08-18T10:00:00+05:30
pay_1b0241e1,bkg_d10b4f01,upi,captured,7088.38,7088.38,0.00,INR,mock_d10b4f01,pidem_b9682f7a39f1ac93,,2026-07-23T10:15:40+05:30,2026-07-23T10:17:00+05:30,2026-07-23T10:15:00+05:30,2026-08-18T10:00:00+05:30
pay_bcd2d1dd,bkg_8e41cb3c,wallet,captured,35619.14,35619.14,0.00,INR,mock_8e41cb3c,pidem_40a8a7228e763199,,2026-08-16T07:15:40+05:30,2026-08-16T07:17:00+05:30,2026-08-16T07:15:00+05:30,2026-08-18T10:00:00+05:30
pay_8428a240,bkg_d57099d8,card,refunded,13744.19,13744.19,13744.19,INR,mock_d57099d8,pidem_78ff1cd7818c46c4,,2026-05-27T00:30:40+05:30,2026-05-27T00:32:00+05:30,2026-05-27T00:30:00+05:30,2026-08-18T10:00:00+05:30
pay_8dac944e,bkg_86769d3c,upi,captured,14835.98,14835.98,0.00,INR,mock_86769d3c,pidem_7cbc918e88e9caa6,,2026-05-31T05:45:40+05:30,2026-05-31T05:47:00+05:30,2026-05-31T05:45:00+05:30,2026-08-18T10:00:00+05:30
pay_8cedb4b0,bkg_e4f72bc8,wallet,captured,7258.43,7258.43,0.00,INR,mock_e4f72bc8,pidem_a7a9a8d4547699f4,,2026-06-18T15:00:40+05:30,2026-06-18T15:02:00+05:30,2026-06-18T15:00:00+05:30,2026-08-18T10:00:00+05:30
pay_30a5955d,bkg_45e6c074,upi,captured,6000.44,6000.44,0.00,INR,mock_45e6c074,pidem_e513f1a97e5d0351,,2026-08-13T18:45:40+05:30,2026-08-13T18:47:00+05:30,2026-08-13T18:45:00+05:30,2026-08-18T10:00:00+05:30
pay_26549735,bkg_2e750ae3,mock,captured,46894.44,46894.44,0.00,INR,mock_2e750ae3,pidem_f54cf7bf4a23749c,,2026-05-20T11:45:40+05:30,2026-05-20T11:47:00+05:30,2026-05-20T11:45:00+05:30,2026-08-18T10:00:00+05:30
pay_3f452e23,bkg_f450eeaa,netbanking,captured,15400.26,15400.26,0.00,INR,mock_f450eeaa,pidem_e1a304ae1e3061bc,,2026-05-28T03:30:40+05:30,2026-05-28T03:32:00+05:30,2026-05-28T03:30:00+05:30,2026-08-18T10:00:00+05:30
pay_5e7ebbf6,bkg_376913d5,upi,captured,48762.71,48762.71,0.00,INR,mock_376913d5,pidem_1f18ae600207727d,,2026-05-09T06:45:40+05:30,2026-05-09T06:47:00+05:30,2026-05-09T06:45:00+05:30,2026-08-18T10:00:00+05:30
pay_90fa913b,bkg_c1cc5981,card,refunded,6675.56,6675.56,6675.56,INR,mock_c1cc5981,pidem_41852980aac32dfb,,2026-05-24T19:30:40+05:30,2026-05-24T19:32:00+05:30,2026-05-24T19:30:00+05:30,2026-08-18T10:00:00+05:30
pay_dc4ebfca,bkg_0ca82b28,upi,captured,86771.73,86771.73,0.00,INR,mock_0ca82b28,pidem_80714d9bf3e4adab,,2026-08-09T05:45:40+05:30,2026-08-09T05:47:00+05:30,2026-08-09T05:45:00+05:30,2026-08-18T10:00:00+05:30
pay_f68642f2,bkg_a594b5b7,upi,captured,89260.26,89260.26,0.00,INR,mock_a594b5b7,pidem_d4768a272359409f,,2026-04-26T14:30:40+05:30,2026-04-26T14:32:00+05:30,2026-04-26T14:30:00+05:30,2026-08-18T10:00:00+05:30
pay_9e051f2e,bkg_ee246b1c,mock,initiated,6542.69,0.00,0.00,INR,mock_ee246b1c,pidem_58e68a3834171ef3,,,,2026-07-08T06:45:00+05:30,2026-08-18T10:00:00+05:30
pay_5ccd5e0d,bkg_99746bdf,netbanking,captured,4337.63,4337.63,0.00,INR,mock_99746bdf,pidem_54d555775859b71e,,2026-08-10T21:30:40+05:30,2026-08-10T21:32:00+05:30,2026-08-10T21:30:00+05:30,2026-08-18T10:00:00+05:30
pay_9139f5de,bkg_1bd1e68b,upi,refunded,26103.71,26103.71,26103.71,INR,mock_1bd1e68b,pidem_2378e8bb5e65e013,,2026-07-10T16:00:40+05:30,2026-07-10T16:02:00+05:30,2026-07-10T16:00:00+05:30,2026-08-18T10:00:00+05:30
pay_dab30598,bkg_11117685,netbanking,captured,86129.33,86129.33,0.00,INR,mock_11117685,pidem_5fa5d023cc8eb6b7,,2026-06-02T06:45:40+05:30,2026-06-02T06:47:00+05:30,2026-06-02T06:45:00+05:30,2026-08-18T10:00:00+05:30
pay_1fc9fdfc,bkg_ada3c476,upi,captured,2422.34,2422.34,0.00,INR,mock_ada3c476,pidem_55769e3cffc57497,,2026-06-13T14:15:40+05:30,2026-06-13T14:17:00+05:30,2026-06-13T14:15:00+05:30,2026-08-18T10:00:00+05:30
pay_8540b07e,bkg_7e501708,upi,captured,4662.58,4662.58,0.00,INR,mock_7e501708,pidem_87d21c43652f91d3,,2026-05-19T18:45:40+05:30,2026-05-19T18:47:00+05:30,2026-05-19T18:45:00+05:30,2026-08-18T10:00:00+05:30
pay_df3a6b6a,bkg_1b686a1c,upi,authorised,108149.73,0.00,0.00,INR,mock_1b686a1c,pidem_bda2912be686b011,,2026-07-27T08:30:40+05:30,,2026-07-27T08:30:00+05:30,2026-08-18T10:00:00+05:30
pay_c9bc4589,bkg_88773f95,card,captured,24276.55,24276.55,0.00,INR,mock_88773f95,pidem_eff57e2ec177b382,,2026-07-22T19:45:40+05:30,2026-07-22T19:47:00+05:30,2026-07-22T19:45:00+05:30,2026-08-18T10:00:00+05:30
pay_e1f0f2bc,bkg_a38987db,upi,captured,8932.08,8932.08,0.00,INR,mock_a38987db,pidem_1bf3ca29d9e9f5f5,,2026-06-05T13:15:40+05:30,2026-06-05T13:17:00+05:30,2026-06-05T13:15:00+05:30,2026-08-18T10:00:00+05:30
pay_28137c97,bkg_d6737e36,upi,captured,15725.02,15725.02,0.00,INR,mock_d6737e36,pidem_4402b225f26c84cd,,2026-06-10T22:45:40+05:30,2026-06-10T22:47:00+05:30,2026-06-10T22:45:00+05:30,2026-08-18T10:00:00+05:30
pay_fd10cadc,bkg_4d845839,upi,captured,10123.85,10123.85,0.00,AED,mock_4d845839,pidem_43af2f7da1568df4,,2026-06-02T17:00:40+05:30,2026-06-02T17:02:00+05:30,2026-06-02T17:00:00+05:30,2026-08-18T10:00:00+05:30
pay_a715ab5c,bkg_2108ad59,upi,captured,4751.33,4751.33,0.00,INR,mock_2108ad59,pidem_ee5194d6121eeda0,,2026-06-08T16:45:40+05:30,2026-06-08T16:47:00+05:30,2026-06-08T16:45:00+05:30,2026-08-18T10:00:00+05:30
pay_ac9cb1ac,bkg_a4fa5a3a,wallet,captured,25877.76,25877.76,0.00,INR,mock_a4fa5a3a,pidem_02063d9e293f3ac4,,2026-08-13T06:30:40+05:30,2026-08-13T06:32:00+05:30,2026-08-13T06:30:00+05:30,2026-08-18T10:00:00+05:30
pay_f6193595,bkg_a3c2003c,card,initiated,30340.71,0.00,0.00,SGD,mock_a3c2003c,pidem_ee773a5b95a472a0,,,,2026-08-06T02:15:00+05:30,2026-08-18T10:00:00+05:30
pay_08097c4c,bkg_4250b0e5,mock,failed,9259.69,0.00,0.00,INR,mock_4250b0e5,pidem_4a47308ef82a3aaf,idempotency_conflict,2026-08-05T22:45:40+05:30,,2026-08-05T22:45:00+05:30,2026-08-18T10:00:00+05:30
pay_caec494c,bkg_8ed2fe45,card,captured,6571.06,6571.06,0.00,INR,mock_8ed2fe45,pidem_1f5e50f9e41b330d,,2026-05-21T03:30:40+05:30,2026-05-21T03:32:00+05:30,2026-05-21T03:30:00+05:30,2026-08-18T10:00:00+05:30
pay_c3206dbf,bkg_be945100,upi,captured,97680.24,97680.24,0.00,INR,mock_be945100,pidem_da5dbe16cf56cf97,,2026-06-15T16:45:40+05:30,2026-06-15T16:47:00+05:30,2026-06-15T16:45:00+05:30,2026-08-18T10:00:00+05:30
pay_3c2853b4,bkg_43569413,upi,captured,10611.48,10611.48,0.00,INR,mock_43569413,pidem_4e0dde63855c8014,,2026-07-20T22:15:40+05:30,2026-07-20T22:17:00+05:30,2026-07-20T22:15:00+05:30,2026-08-18T10:00:00+05:30
pay_6a4bea2f,bkg_4c8b51bc,netbanking,refunded,8020.54,8020.54,8020.54,INR,mock_4c8b51bc,pidem_6f01a2b6c0f3d9ce,,2026-08-15T01:30:40+05:30,2026-08-15T01:32:00+05:30,2026-08-15T01:30:00+05:30,2026-08-18T10:00:00+05:30
pay_53ff3606,bkg_8d38b1e4,card,captured,10249.44,10249.44,0.00,INR,mock_8d38b1e4,pidem_d12fd7e6fb7f03bf,,2026-08-15T17:15:40+05:30,2026-08-15T17:17:00+05:30,2026-08-15T17:15:00+05:30,2026-08-18T10:00:00+05:30
pay_baa217cd,bkg_847c32b3,upi,refunded,43310.83,43310.83,43310.83,INR,mock_847c32b3,pidem_d4d2ced18d097394,,2026-05-20T10:15:40+05:30,2026-05-20T10:17:00+05:30,2026-05-20T10:15:00+05:30,2026-08-18T10:00:00+05:30
pay_e453ad18,bkg_7b63b5dc,upi,captured,78566.86,78566.86,0.00,INR,mock_7b63b5dc,pidem_a39fa8b358ba175a,,2026-05-13T01:45:40+05:30,2026-05-13T01:47:00+05:30,2026-05-13T01:45:00+05:30,2026-08-18T10:00:00+05:30
pay_d9bd1485,bkg_e1ecaf13,upi,captured,8066.36,8066.36,0.00,INR,mock_e1ecaf13,pidem_c2ee4c4e18a6c27a,,2026-06-23T03:00:40+05:30,2026-06-23T03:02:00+05:30,2026-06-23T03:00:00+05:30,2026-08-18T10:00:00+05:30
pay_dcf0650e,bkg_76ffde09,card,captured,13409.54,13409.54,0.00,NPR,mock_76ffde09,pidem_d4b37136ab2ee9f6,,2026-07-16T17:00:40+05:30,2026-07-16T17:02:00+05:30,2026-07-16T17:00:00+05:30,2026-08-18T10:00:00+05:30
pay_81cbe451,bkg_bb3156e1,upi,captured,16248.92,16248.92,0.00,NPR,mock_bb3156e1,pidem_1c9e6d64018140c0,,2026-05-27T15:00:40+05:30,2026-05-27T15:02:00+05:30,2026-05-27T15:00:00+05:30,2026-08-18T10:00:00+05:30
pay_3b7c11e4,bkg_e9d69c2f,card,captured,67503.13,67503.13,0.00,INR,mock_e9d69c2f,pidem_caa8738cf4fd599b,,2026-07-19T18:45:40+05:30,2026-07-19T18:47:00+05:30,2026-07-19T18:45:00+05:30,2026-08-18T10:00:00+05:30
pay_bebbffca,bkg_713fe8bc,upi,captured,15828.19,15828.19,0.00,INR,mock_713fe8bc,pidem_4203d225b0d49784,,2026-07-22T09:30:40+05:30,2026-07-22T09:32:00+05:30,2026-07-22T09:30:00+05:30,2026-08-18T10:00:00+05:30
pay_950c0c8e,bkg_2ec6b898,upi,captured,18265.73,18265.73,0.00,INR,mock_2ec6b898,pidem_114bf99815d4f628,,2026-08-07T22:30:40+05:30,2026-08-07T22:32:00+05:30,2026-08-07T22:30:00+05:30,2026-08-18T10:00:00+05:30
pay_26806c42,bkg_6957685d,card,refunded,3207.23,3207.23,3207.23,MYR,mock_6957685d,pidem_ee323598c5927fb4,,2026-06-17T06:45:40+05:30,2026-06-17T06:47:00+05:30,2026-06-17T06:45:00+05:30,2026-08-18T10:00:00+05:30
pay_b9b6f19a,bkg_0efb66e4,card,captured,25172.07,25172.07,0.00,MVR,mock_0efb66e4,pidem_56bde2470200654a,,2026-06-16T11:15:40+05:30,2026-06-16T11:17:00+05:30,2026-06-16T11:15:00+05:30,2026-08-18T10:00:00+05:30
pay_0202272e,bkg_eea2d28d,netbanking,refunded,35681.72,35681.72,35681.72,INR,mock_eea2d28d,pidem_49ac2068a9d3b1e5,,2026-08-16T06:30:40+05:30,2026-08-16T06:32:00+05:30,2026-08-16T06:30:00+05:30,2026-08-18T10:00:00+05:30
pay_9da4e161,bkg_405add42,mock,authorised,12589.58,0.00,0.00,AED,mock_405add42,pidem_7c8a1e18310b4735,,2026-05-03T00:15:40+05:30,,2026-05-03T00:15:00+05:30,2026-08-18T10:00:00+05:30
pay_280ef7b6,bkg_9b0c5f37,netbanking,authorised,23313.57,0.00,0.00,INR,mock_9b0c5f37,pidem_448a2dc8cfaa9acb,,2026-05-23T19:00:40+05:30,,2026-05-23T19:00:00+05:30,2026-08-18T10:00:00+05:30
pay_e6e638f3,bkg_cf0daeef,upi,captured,8808.03,8808.03,0.00,NPR,mock_cf0daeef,pidem_eadd03c4e1d9cb1b,,2026-06-03T10:45:40+05:30,2026-06-03T10:47:00+05:30,2026-06-03T10:45:00+05:30,2026-08-18T10:00:00+05:30
pay_29ad9e00,bkg_4f638be5,card,captured,17698.33,17698.33,0.00,INR,mock_4f638be5,pidem_59588105d480bdd9,,2026-08-17T20:00:40+05:30,2026-08-17T20:02:00+05:30,2026-08-17T20:00:00+05:30,2026-08-18T10:00:00+05:30
pay_4426a7dd,bkg_8425314d,card,refunded,6268.64,6268.64,6268.64,LKR,mock_8425314d,pidem_1f4418c11d230b4a,,2026-06-09T22:00:40+05:30,2026-06-09T22:02:00+05:30,2026-06-09T22:00:00+05:30,2026-08-18T10:00:00+05:30
pay_b102b64b,bkg_2e2c02ac,netbanking,failed,12385.50,0.00,0.00,NPR,mock_2e2c02ac,pidem_7bb2a0eafa699e24,idempotency_conflict,2026-06-24T18:00:40+05:30,,2026-06-24T18:00:00+05:30,2026-08-18T10:00:00+05:30
pay_6a44bc20,bkg_8a23cf28,upi,captured,103238.42,103238.42,0.00,INR,mock_8a23cf28,pidem_39fd20fed7392dc1,,2026-06-22T01:15:40+05:30,2026-06-22T01:17:00+05:30,2026-06-22T01:15:00+05:30,2026-08-18T10:00:00+05:30
pay_9cd7105f,bkg_0b3935b7,card,captured,6206.91,6206.91,0.00,THB,mock_0b3935b7,pidem_70915966cfa81089,,2026-05-18T21:00:40+05:30,2026-05-18T21:02:00+05:30,2026-05-18T21:00:00+05:30,2026-08-18T10:00:00+05:30
pay_087940ff,bkg_dd53501a,card,captured,983.65,983.65,0.00,SGD,mock_dd53501a,pidem_c5de00539c90d407,,2026-05-14T18:30:40+05:30,2026-05-14T18:32:00+05:30,2026-05-14T18:30:00+05:30,2026-08-18T10:00:00+05:30
pay_7fd8ac9b,bkg_bce2eee5,netbanking,captured,38490.78,38490.78,0.00,INR,mock_bce2eee5,pidem_c3146db810399b86,,2026-05-09T14:15:40+05:30,2026-05-09T14:17:00+05:30,2026-05-09T14:15:00+05:30,2026-08-18T10:00:00+05:30
pay_e042b5e2,bkg_ce153214,upi,captured,80996.12,80996.12,0.00,INR,mock_ce153214,pidem_b70017056fa6b2b8,,2026-06-14T19:15:40+05:30,2026-06-14T19:17:00+05:30,2026-06-14T19:15:00+05:30,2026-08-18T10:00:00+05:30
pay_25189e7b,bkg_10e4a2be,card,captured,38059.06,38059.06,0.00,INR,mock_10e4a2be,pidem_255de99bb5e93f74,,2026-08-17T01:15:40+05:30,2026-08-17T01:17:00+05:30,2026-08-17T01:15:00+05:30,2026-08-18T10:00:00+05:30
pay_07357d1a,bkg_93ec24b6,card,captured,13339041.32,13339041.32,0.00,IDR,mock_93ec24b6,pidem_98035132ea451cce,,2026-06-02T02:00:40+05:30,2026-06-02T02:02:00+05:30,2026-06-02T02:00:00+05:30,2026-08-18T10:00:00+05:30
pay_2d4d544a,bkg_9ec29993,wallet,captured,24221.27,24221.27,0.00,INR,mock_9ec29993,pidem_12bd153e23063651,,2026-08-01T15:45:40+05:30,2026-08-01T15:47:00+05:30,2026-08-01T15:45:00+05:30,2026-08-18T10:00:00+05:30
pay_a9f6703f,bkg_19734782,card,captured,15959.26,15959.26,0.00,INR,mock_19734782,pidem_4d2e867655697d26,,2026-07-27T10:00:40+05:30,2026-07-27T10:02:00+05:30,2026-07-27T10:00:00+05:30,2026-08-18T10:00:00+05:30
pay_0c831df3,bkg_35dac667,upi,captured,37790.08,37790.08,0.00,INR,mock_35dac667,pidem_cb7d9c89ef822615,,2026-06-28T22:00:40+05:30,2026-06-28T22:02:00+05:30,2026-06-28T22:00:00+05:30,2026-08-18T10:00:00+05:30
pay_eb349270,bkg_95ae1893,netbanking,captured,23068.84,23068.84,0.00,INR,mock_95ae1893,pidem_91ed58246c6ea369,,2026-07-20T16:45:40+05:30,2026-07-20T16:47:00+05:30,2026-07-20T16:45:00+05:30,2026-08-18T10:00:00+05:30
pay_8adeb02d,bkg_ce35720a,mock,captured,7033.86,7033.86,0.00,THB,mock_ce35720a,pidem_32574a0a7f9b2eaa,,2026-06-01T10:45:40+05:30,2026-06-01T10:47:00+05:30,2026-06-01T10:45:00+05:30,2026-08-18T10:00:00+05:30
pay_c794efb3,bkg_eb92fa2c,card,refunded,24713.06,24713.06,24713.06,CHF,mock_eb92fa2c,pidem_36fd6fa5082b592d,,2026-07-15T07:00:40+05:30,2026-07-15T07:02:00+05:30,2026-07-15T07:00:00+05:30,2026-08-18T10:00:00+05:30
pay_23e1650a,bkg_3fdabe9b,mock,captured,18896.08,18896.08,0.00,INR,mock_3fdabe9b,pidem_a9b4abc445cda78d,,2026-07-20T05:00:40+05:30,2026-07-20T05:02:00+05:30,2026-07-20T05:00:00+05:30,2026-08-18T10:00:00+05:30
pay_f2e556b4,bkg_500c26f9,card,authorised,26547.65,0.00,0.00,INR,mock_500c26f9,pidem_fede47ce62d4e388,,2026-08-02T01:45:40+05:30,,2026-08-02T01:45:00+05:30,2026-08-18T10:00:00+05:30
pay_7438e503,bkg_7cb755e6,upi,captured,770.11,770.11,0.00,SGD,mock_7cb755e6,pidem_a2a0259cbcbeb0a2,,2026-06-02T00:45:40+05:30,2026-06-02T00:47:00+05:30,2026-06-02T00:45:00+05:30,2026-08-18T10:00:00+05:30
pay_e2456e5a,bkg_8a728f63,netbanking,captured,2572.75,2572.75,0.00,INR,mock_8a728f63,pidem_b71a1b36f2e81684,,2026-06-15T11:15:40+05:30,2026-06-15T11:17:00+05:30,2026-06-15T11:15:00+05:30,2026-08-18T10:00:00+05:30
pay_23d3ab5f,bkg_76be369e,card,captured,25212.75,25212.75,0.00,INR,mock_76be369e,pidem_c76376f83d4a2b90,,2026-08-01T04:00:40+05:30,2026-08-01T04:02:00+05:30,2026-08-01T04:00:00+05:30,2026-08-18T10:00:00+05:30
pay_aa131ca5,bkg_067a5e66,card,authorised,45298.85,0.00,0.00,INR,mock_067a5e66,pidem_b5a07b04841c8750,,2026-06-14T12:45:40+05:30,,2026-06-14T12:45:00+05:30,2026-08-18T10:00:00+05:30
pay_a9fd2620,bkg_4e7aaa05,card,captured,6255.78,6255.78,0.00,INR,mock_4e7aaa05,pidem_af043672b54d8e81,,2026-06-15T22:30:40+05:30,2026-06-15T22:32:00+05:30,2026-06-15T22:30:00+05:30,2026-08-18T10:00:00+05:30
pay_21f290b9,bkg_c7f4fa85,card,captured,8126.63,8126.63,0.00,INR,mock_c7f4fa85,pidem_67a3d9aa9e3bca3a,,2026-08-07T14:15:40+05:30,2026-08-07T14:17:00+05:30,2026-08-07T14:15:00+05:30,2026-08-18T10:00:00+05:30
pay_fd398e57,bkg_cc8bbb40,upi,refunded,428509.63,428509.63,428509.63,IDR,mock_cc8bbb40,pidem_25fc4fc1ae210858,,2026-05-31T11:00:40+05:30,2026-05-31T11:02:00+05:30,2026-05-31T11:00:00+05:30,2026-08-18T10:00:00+05:30
pay_ace46626,bkg_c05900e0,upi,captured,570.35,570.35,0.00,SGD,mock_c05900e0,pidem_3b7eef624fdd29a5,,2026-04-27T22:00:40+05:30,2026-04-27T22:02:00+05:30,2026-04-27T22:00:00+05:30,2026-08-18T10:00:00+05:30
pay_f62466c5,bkg_32d77b3c,mock,captured,35493.45,35493.45,0.00,INR,mock_32d77b3c,pidem_0c015ea33656008a,,2026-05-30T03:30:40+05:30,2026-05-30T03:32:00+05:30,2026-05-30T03:30:00+05:30,2026-08-18T10:00:00+05:30
pay_6154f59e,bkg_ec0e9dc0,mock,captured,111995.53,111995.53,0.00,INR,mock_ec0e9dc0,pidem_21e059de495ec30f,,2026-05-22T20:00:40+05:30,2026-05-22T20:02:00+05:30,2026-05-22T20:00:00+05:30,2026-08-18T10:00:00+05:30
pay_35588bbd,bkg_c89a1f07,upi,refunded,19065.80,19065.80,19065.80,INR,mock_c89a1f07,pidem_37622c9f014fd20a,,2026-07-30T12:45:40+05:30,2026-07-30T12:47:00+05:30,2026-07-30T12:45:00+05:30,2026-08-18T10:00:00+05:30
pay_fbc48b53,bkg_9076e561,upi,captured,20837.89,20837.89,0.00,INR,mock_9076e561,pidem_f045110761e6df4a,,2026-05-28T07:45:40+05:30,2026-05-28T07:47:00+05:30,2026-05-28T07:45:00+05:30,2026-08-18T10:00:00+05:30
pay_1a3ccdfb,bkg_a11ffd45,upi,authorised,110898.70,0.00,0.00,INR,mock_a11ffd45,pidem_6574f49ac28e73a0,,2026-07-12T23:00:40+05:30,,2026-07-12T23:00:00+05:30,2026-08-18T10:00:00+05:30
pay_224c76c3,bkg_0ddf6985,upi,captured,6917.40,6917.40,0.00,MYR,mock_0ddf6985,pidem_b2e5eb52af49c6bd,,2026-05-17T10:00:40+05:30,2026-05-17T10:02:00+05:30,2026-05-17T10:00:00+05:30,2026-08-18T10:00:00+05:30
pay_0e77151f,bkg_fc8eebe7,netbanking,captured,2210.59,2210.59,0.00,MYR,mock_fc8eebe7,pidem_282fbb720ccb2174,,2026-05-15T02:45:40+05:30,2026-05-15T02:47:00+05:30,2026-05-15T02:45:00+05:30,2026-08-18T10:00:00+05:30
pay_cd2616b3,bkg_cf965f4b,wallet,captured,17213.75,17213.75,0.00,INR,mock_cf965f4b,pidem_650fa551202faae1,,2026-05-15T00:45:40+05:30,2026-05-15T00:47:00+05:30,2026-05-15T00:45:00+05:30,2026-08-18T10:00:00+05:30
pay_52c69276,bkg_09e453a7,card,captured,15901.19,15901.19,0.00,INR,mock_09e453a7,pidem_876c0bd7e8048661,,2026-05-26T08:15:40+05:30,2026-05-26T08:17:00+05:30,2026-05-26T08:15:00+05:30,2026-08-18T10:00:00+05:30
pay_c533af3c,bkg_36f956aa,upi,captured,27441.11,27441.11,0.00,INR,mock_36f956aa,pidem_f0f90adeb39b1d66,,2026-06-19T21:00:40+05:30,2026-06-19T21:02:00+05:30,2026-06-19T21:00:00+05:30,2026-08-18T10:00:00+05:30
pay_28b5bf59,bkg_1176aca3,card,captured,2438.69,2438.69,0.00,INR,mock_1176aca3,pidem_e91732bcec8e0c84,,2026-05-16T06:15:40+05:30,2026-05-16T06:17:00+05:30,2026-05-16T06:15:00+05:30,2026-08-18T10:00:00+05:30
pay_9f0b5048,bkg_7fa4f9a4,upi,captured,33781.10,33781.10,0.00,INR,mock_7fa4f9a4,pidem_bf5d00a7aec76322,,2026-08-08T13:30:40+05:30,2026-08-08T13:32:00+05:30,2026-08-08T13:30:00+05:30,2026-08-18T10:00:00+05:30
pay_8c665a4c,bkg_9126996c,upi,authorised,62109.33,0.00,0.00,INR,mock_9126996c,pidem_f24a4a691a7d5950,,2026-08-11T15:00:40+05:30,,2026-08-11T15:00:00+05:30,2026-08-18T10:00:00+05:30
pay_95a21f42,bkg_a9f411e2,netbanking,captured,15535.49,15535.49,0.00,INR,mock_a9f411e2,pidem_2d8fdb0b46f1422c,,2026-04-23T12:30:40+05:30,2026-04-23T12:32:00+05:30,2026-04-23T12:30:00+05:30,2026-08-18T10:00:00+05:30
pay_e777f9f2,bkg_869ddfba,card,captured,10329.73,10329.73,0.00,NPR,mock_869ddfba,pidem_cb205a5961722058,,2026-06-30T04:45:40+05:30,2026-06-30T04:47:00+05:30,2026-06-30T04:45:00+05:30,2026-08-18T10:00:00+05:30
pay_8e4b792f,bkg_2e570d18,mock,captured,15985.72,15985.72,0.00,INR,mock_2e570d18,pidem_273f983c38037352,,2026-05-19T19:00:40+05:30,2026-05-19T19:02:00+05:30,2026-05-19T19:00:00+05:30,2026-08-18T10:00:00+05:30
pay_7d0f6239,bkg_954ee7b7,upi,captured,37827.80,37827.80,0.00,INR,mock_954ee7b7,pidem_610e72749a01a4ac,,2026-05-24T04:30:40+05:30,2026-05-24T04:32:00+05:30,2026-05-24T04:30:00+05:30,2026-08-18T10:00:00+05:30
pay_d2e8c44a,bkg_6325294b,upi,captured,7761.38,7761.38,0.00,INR,mock_6325294b,pidem_68f29c43a0c561d0,,2026-07-28T14:00:40+05:30,2026-07-28T14:02:00+05:30,2026-07-28T14:00:00+05:30,2026-08-18T10:00:00+05:30
pay_918386b8,bkg_3cc4cc47,upi,captured,6903.74,6903.74,0.00,INR,mock_3cc4cc47,pidem_ac72b446789d0204,,2026-06-09T10:15:40+05:30,2026-06-09T10:17:00+05:30,2026-06-09T10:15:00+05:30,2026-08-18T10:00:00+05:30
pay_f9494d34,bkg_cf06bd6c,upi,captured,7968.67,7968.67,0.00,INR,mock_cf06bd6c,pidem_f3b2d915f43aafa5,,2026-07-22T07:45:40+05:30,2026-07-22T07:47:00+05:30,2026-07-22T07:45:00+05:30,2026-08-18T10:00:00+05:30
pay_fdfa4246,bkg_d5620cb0,upi,captured,100372.16,100372.16,0.00,INR,mock_d5620cb0,pidem_b89b737800ad4bdf,,2026-05-25T13:00:40+05:30,2026-05-25T13:02:00+05:30,2026-05-25T13:00:00+05:30,2026-08-18T10:00:00+05:30
pay_14daaccb,bkg_8a98c051,card,captured,13359.18,13359.18,0.00,INR,mock_8a98c051,pidem_8933571913715441,,2026-08-14T03:45:40+05:30,2026-08-14T03:47:00+05:30,2026-08-14T03:45:00+05:30,2026-08-18T10:00:00+05:30
pay_1293b304,bkg_db772ccb,upi,captured,30772.52,30772.52,0.00,INR,mock_db772ccb,pidem_467f3497d1711d96,,2026-05-06T10:15:40+05:30,2026-05-06T10:17:00+05:30,2026-05-06T10:15:00+05:30,2026-08-18T10:00:00+05:30
pay_1a703338,bkg_29882e9e,card,captured,18172.49,18172.49,0.00,INR,mock_29882e9e,pidem_ae89e75a6daeb2da,,2026-08-04T08:15:40+05:30,2026-08-04T08:17:00+05:30,2026-08-04T08:15:00+05:30,2026-08-18T10:00:00+05:30
pay_22fa0955,bkg_ae497857,card,captured,64080.58,64080.58,0.00,INR,mock_ae497857,pidem_229b9bc267173aeb,,2026-07-01T06:00:40+05:30,2026-07-01T06:02:00+05:30,2026-07-01T06:00:00+05:30,2026-08-18T10:00:00+05:30
pay_d13fadf1,bkg_6342203c,upi,refunded,6001.56,6001.56,6001.56,INR,mock_6342203c,pidem_515d9f7220d027d0,,2026-05-06T13:30:40+05:30,2026-05-06T13:32:00+05:30,2026-05-06T13:30:00+05:30,2026-08-18T10:00:00+05:30
pay_bbba6941,bkg_cc927615,card,authorised,90975.58,0.00,0.00,INR,mock_cc927615,pidem_871d3f6e8ef063bc,,2026-07-14T12:15:40+05:30,,2026-07-14T12:15:00+05:30,2026-08-18T10:00:00+05:30
pay_fd360651,bkg_8b3501a5,upi,captured,41019.15,41019.15,0.00,INR,mock_8b3501a5,pidem_0547d6e34441e67f,,2026-04-27T12:30:40+05:30,2026-04-27T12:32:00+05:30,2026-04-27T12:30:00+05:30,2026-08-18T10:00:00+05:30
pay_413b1327,bkg_ca89a196,card,captured,24133.87,24133.87,0.00,INR,mock_ca89a196,pidem_bc24ceb00705c6d8,,2026-07-02T15:30:40+05:30,2026-07-02T15:32:00+05:30,2026-07-02T15:30:00+05:30,2026-08-18T10:00:00+05:30
pay_4d92c511,bkg_663242eb,upi,captured,49854.76,49854.76,0.00,INR,mock_663242eb,pidem_86f41884d1fbe4e6,,2026-05-28T12:30:40+05:30,2026-05-28T12:32:00+05:30,2026-05-28T12:30:00+05:30,2026-08-18T10:00:00+05:30
pay_3ff0f089,bkg_2b1d92a0,card,captured,26774.27,26774.27,0.00,INR,mock_2b1d92a0,pidem_2c71d657d9d5d56b,,2026-07-14T18:15:40+05:30,2026-07-14T18:17:00+05:30,2026-07-14T18:15:00+05:30,2026-08-18T10:00:00+05:30
pay_539dfeef,bkg_bf6079d5,upi,captured,52097.96,52097.96,0.00,THB,mock_bf6079d5,pidem_404df3815e21b323,,2026-06-11T06:15:40+05:30,2026-06-11T06:17:00+05:30,2026-06-11T06:15:00+05:30,2026-08-18T10:00:00+05:30
pay_7856fa2d,bkg_7a12f942,upi,refunded,14512.33,14512.33,14512.33,AED,mock_7a12f942,pidem_cf1ba203a4fe6584,,2026-04-29T21:30:40+05:30,2026-04-29T21:32:00+05:30,2026-04-29T21:30:00+05:30,2026-08-18T10:00:00+05:30
pay_af56e102,bkg_9fcd2c94,card,captured,46256.02,46256.02,0.00,THB,mock_9fcd2c94,pidem_6f98ba8954fc8b2d,,2026-06-30T05:45:40+05:30,2026-06-30T05:47:00+05:30,2026-06-30T05:45:00+05:30,2026-08-18T10:00:00+05:30
pay_91c217b0,bkg_3b8cbb33,card,captured,54736.57,54736.57,0.00,INR,mock_3b8cbb33,pidem_217c5e900894680b,,2026-05-06T02:45:40+05:30,2026-05-06T02:47:00+05:30,2026-05-06T02:45:00+05:30,2026-08-18T10:00:00+05:30
pay_5d7f99f1,bkg_5aa4cb51,netbanking,initiated,5261.00,0.00,0.00,INR,mock_5aa4cb51,pidem_2979cf7fa56c8d73,,,,2026-06-27T23:15:00+05:30,2026-08-18T10:00:00+05:30
pay_d1029536,bkg_eae707df,upi,authorised,138654.48,0.00,0.00,INR,mock_eae707df,pidem_1264b5d0cbc1c1ed,,2026-06-07T22:30:40+05:30,,2026-06-07T22:30:00+05:30,2026-08-18T10:00:00+05:30
pay_55f2a4f5,bkg_d87b23d1,card,captured,27718.47,27718.47,0.00,INR,mock_d87b23d1,pidem_a1ca5bb0d3f2c3e3,,2026-08-16T19:00:40+05:30,2026-08-16T19:02:00+05:30,2026-08-16T19:00:00+05:30,2026-08-18T10:00:00+05:30
pay_d348faf1,bkg_9e8b20dc,upi,captured,1373.61,1373.61,0.00,MYR,mock_9e8b20dc,pidem_0f9da5534a90da55,,2026-05-05T10:15:40+05:30,2026-05-05T10:17:00+05:30,2026-05-05T10:15:00+05:30,2026-08-18T10:00:00+05:30
pay_99740241,bkg_e19d6742,upi,captured,13352.98,13352.98,0.00,INR,mock_e19d6742,pidem_d44dee13bf41c2f9,,2026-08-16T19:45:40+05:30,2026-08-16T19:47:00+05:30,2026-08-16T19:45:00+05:30,2026-08-18T10:00:00+05:30
pay_914676f3,bkg_4931b761,upi,captured,8985.56,8985.56,0.00,INR,mock_4931b761,pidem_8ef658d30ed815eb,,2026-05-02T05:15:40+05:30,2026-05-02T05:17:00+05:30,2026-05-02T05:15:00+05:30,2026-08-18T10:00:00+05:30
pay_2d5f811e,bkg_22e16ba6,upi,refunded,16636.05,16636.05,16636.05,INR,mock_22e16ba6,pidem_edeb5d45e3312988,,2026-06-26T11:00:40+05:30,2026-06-26T11:02:00+05:30,2026-06-26T11:00:00+05:30,2026-08-18T10:00:00+05:30
pay_3538fd42,bkg_82447817,upi,captured,36966.29,36966.29,0.00,INR,mock_82447817,pidem_a4c718ce8ca8977d,,2026-07-30T15:45:40+05:30,2026-07-30T15:47:00+05:30,2026-07-30T15:45:00+05:30,2026-08-18T10:00:00+05:30
pay_5b4f6342,bkg_3f8708dc,netbanking,captured,27849.58,27849.58,0.00,INR,mock_3f8708dc,pidem_c4c254e645e06585,,2026-04-23T12:30:40+05:30,2026-04-23T12:32:00+05:30,2026-04-23T12:30:00+05:30,2026-08-18T10:00:00+05:30
pay_0ac7ace5,bkg_a662b84a,netbanking,captured,36705.17,36705.17,0.00,INR,mock_a662b84a,pidem_d68048a13e2020ce,,2026-07-08T16:00:40+05:30,2026-07-08T16:02:00+05:30,2026-07-08T16:00:00+05:30,2026-08-18T10:00:00+05:30
pay_861c8e79,bkg_934bbc46,card,refunded,20214.90,20214.90,20214.90,INR,mock_934bbc46,pidem_767ea023e3e33326,,2026-05-26T22:45:40+05:30,2026-05-26T22:47:00+05:30,2026-05-26T22:45:00+05:30,2026-08-18T10:00:00+05:30
pay_9a480e30,bkg_4191f898,mock,captured,19470.53,19470.53,0.00,INR,mock_4191f898,pidem_4a126e52d77dfef6,,2026-06-05T20:30:40+05:30,2026-06-05T20:32:00+05:30,2026-06-05T20:30:00+05:30,2026-08-18T10:00:00+05:30
pay_1a739228,bkg_f0bfe28f,netbanking,authorised,15686.83,0.00,0.00,INR,mock_f0bfe28f,pidem_8a3b41a426b6a561,,2026-06-01T03:00:40+05:30,,2026-06-01T03:00:00+05:30,2026-08-18T10:00:00+05:30
pay_edd8d9c7,bkg_40dc2065,upi,initiated,8691.16,0.00,0.00,INR,mock_40dc2065,pidem_08b7715c3d05a418,,,,2026-07-16T03:15:00+05:30,2026-08-18T10:00:00+05:30
pay_4aa26e40,bkg_9cdf15b9,card,captured,9743.04,9743.04,0.00,INR,mock_9cdf15b9,pidem_061d8d00b64d3020,,2026-06-14T06:30:40+05:30,2026-06-14T06:32:00+05:30,2026-06-14T06:30:00+05:30,2026-08-18T10:00:00+05:30
pay_f78a4b58,bkg_a2f86048,card,captured,34727.28,34727.28,0.00,INR,mock_a2f86048,pidem_3303e8b3499b26f9,,2026-07-22T05:00:40+05:30,2026-07-22T05:02:00+05:30,2026-07-22T05:00:00+05:30,2026-08-18T10:00:00+05:30
pay_ca5368f9,bkg_48cec62f,upi,captured,16875.22,16875.22,0.00,INR,mock_48cec62f,pidem_be180baa84a0f72c,,2026-07-19T22:45:40+05:30,2026-07-19T22:47:00+05:30,2026-07-19T22:45:00+05:30,2026-08-18T10:00:00+05:30
pay_deb2c970,bkg_9babd174,upi,captured,48709.01,48709.01,0.00,INR,mock_9babd174,pidem_7231336d26d4fc4b,,2026-06-01T17:15:40+05:30,2026-06-01T17:17:00+05:30,2026-06-01T17:15:00+05:30,2026-08-18T10:00:00+05:30
pay_3b460657,bkg_902f8bdc,card,captured,4981.23,4981.23,0.00,INR,mock_902f8bdc,pidem_9de301d9bd4addbf,,2026-07-07T21:30:40+05:30,2026-07-07T21:32:00+05:30,2026-07-07T21:30:00+05:30,2026-08-18T10:00:00+05:30
pay_6d74c7f5,bkg_fa34a399,upi,captured,25422.50,25422.50,0.00,CHF,mock_fa34a399,pidem_7178066b5c3792a9,,2026-08-09T21:45:40+05:30,2026-08-09T21:47:00+05:30,2026-08-09T21:45:00+05:30,2026-08-18T10:00:00+05:30
pay_fea36133,bkg_1527a531,mock,captured,20636.74,20636.74,0.00,INR,mock_1527a531,pidem_cf4aa1a8cf5a260e,,2026-08-13T18:00:40+05:30,2026-08-13T18:02:00+05:30,2026-08-13T18:00:00+05:30,2026-08-18T10:00:00+05:30
pay_fe9f912e,bkg_a9acd451,wallet,captured,112146.90,112146.90,0.00,INR,mock_a9acd451,pidem_0af4220a9f9dbb70,,2026-08-10T06:15:40+05:30,2026-08-10T06:17:00+05:30,2026-08-10T06:15:00+05:30,2026-08-18T10:00:00+05:30
pay_b10dc05d,bkg_0db4b4df,card,captured,850.92,850.92,0.00,SGD,mock_0db4b4df,pidem_a4035f42f08bae66,,2026-05-17T08:00:40+05:30,2026-05-17T08:02:00+05:30,2026-05-17T08:00:00+05:30,2026-08-18T10:00:00+05:30
pay_d5bfd591,bkg_1494f28c,upi,captured,49167.78,49167.78,0.00,INR,mock_1494f28c,pidem_f104f050a499b8e8,,2026-04-26T03:45:40+05:30,2026-04-26T03:47:00+05:30,2026-04-26T03:45:00+05:30,2026-08-18T10:00:00+05:30
pay_4ce34276,bkg_a12457bb,card,captured,108802.49,108802.49,0.00,INR,mock_a12457bb,pidem_063b827c0987d5d6,,2026-05-22T16:15:40+05:30,2026-05-22T16:17:00+05:30,2026-05-22T16:15:00+05:30,2026-08-18T10:00:00+05:30
pay_b8d6bf4a,bkg_e2877ed3,card,captured,11294.36,11294.36,0.00,INR,mock_e2877ed3,pidem_2f60d21bb9a71c7d,,2026-08-12T21:00:40+05:30,2026-08-12T21:02:00+05:30,2026-08-12T21:00:00+05:30,2026-08-18T10:00:00+05:30
pay_047685d4,bkg_ad9cd0d9,netbanking,captured,18417.44,18417.44,0.00,AED,mock_ad9cd0d9,pidem_13961461090544d5,,2026-04-21T20:00:40+05:30,2026-04-21T20:02:00+05:30,2026-04-21T20:00:00+05:30,2026-08-18T10:00:00+05:30
pay_e07d26e7,bkg_38ed4755,upi,captured,3378.69,3378.69,0.00,INR,mock_38ed4755,pidem_21ff8b8abdb728d8,,2026-08-02T12:45:40+05:30,2026-08-02T12:47:00+05:30,2026-08-02T12:45:00+05:30,2026-08-18T10:00:00+05:30
pay_97821e1a,bkg_67b75b4d,upi,captured,7794.68,7794.68,0.00,INR,mock_67b75b4d,pidem_be638b1c266af842,,2026-06-23T03:30:40+05:30,2026-06-23T03:32:00+05:30,2026-06-23T03:30:00+05:30,2026-08-18T10:00:00+05:30
pay_c04b2d61,bkg_0be11e9f,card,captured,20777.88,20777.88,0.00,INR,mock_0be11e9f,pidem_a64c88bc23424826,,2026-07-09T00:30:40+05:30,2026-07-09T00:32:00+05:30,2026-07-09T00:30:00+05:30,2026-08-18T10:00:00+05:30
pay_846e3ac6,bkg_f1e6a607,card,captured,9587.85,9587.85,0.00,INR,mock_f1e6a607,pidem_6d4382991a40c4f2,,2026-08-02T07:00:40+05:30,2026-08-02T07:02:00+05:30,2026-08-02T07:00:00+05:30,2026-08-18T10:00:00+05:30
pay_bd3f4926,bkg_c6624ff5,netbanking,captured,3192.91,3192.91,0.00,INR,mock_c6624ff5,pidem_c5ab0abbf4fa388a,,2026-04-25T20:15:40+05:30,2026-04-25T20:17:00+05:30,2026-04-25T20:15:00+05:30,2026-08-18T10:00:00+05:30
pay_50c2d062,bkg_7593624b,upi,initiated,13813.56,0.00,0.00,INR,mock_7593624b,pidem_c76e34292243748c,,,,2026-07-28T00:45:00+05:30,2026-08-18T10:00:00+05:30
pay_aa5bc444,bkg_15c09b41,upi,captured,3964.44,3964.44,0.00,INR,mock_15c09b41,pidem_205e2d527525b02c,,2026-05-03T02:00:40+05:30,2026-05-03T02:02:00+05:30,2026-05-03T02:00:00+05:30,2026-08-18T10:00:00+05:30
pay_2053493b,bkg_6e2a981a,upi,captured,87548.90,87548.90,0.00,INR,mock_6e2a981a,pidem_4d1a18976cdeeb61,,2026-05-26T06:30:40+05:30,2026-05-26T06:32:00+05:30,2026-05-26T06:30:00+05:30,2026-08-18T10:00:00+05:30
pay_91a19789,bkg_84e7ee7c,upi,refunded,9333.28,9333.28,9333.28,NPR,mock_84e7ee7c,pidem_4cde103ab0385212,,2026-07-25T13:45:40+05:30,2026-07-25T13:47:00+05:30,2026-07-25T13:45:00+05:30,2026-08-18T10:00:00+05:30
pay_8ee07da8,bkg_a4fd1cae,card,captured,9736.50,9736.50,0.00,INR,mock_a4fd1cae,pidem_e05769c64ec98c6b,,2026-06-05T17:30:40+05:30,2026-06-05T17:32:00+05:30,2026-06-05T17:30:00+05:30,2026-08-18T10:00:00+05:30
pay_b90ff9b9,bkg_7a6725ad,card,captured,6802.50,6802.50,0.00,INR,mock_7a6725ad,pidem_feaa59510cc9e45f,,2026-08-15T15:00:40+05:30,2026-08-15T15:02:00+05:30,2026-08-15T15:00:00+05:30,2026-08-18T10:00:00+05:30
pay_c9ea0843,bkg_d9adc357,mock,captured,18308.28,18308.28,0.00,INR,mock_d9adc357,pidem_15d97b38a6049eaa,,2026-05-13T23:15:40+05:30,2026-05-13T23:17:00+05:30,2026-05-13T23:15:00+05:30,2026-08-18T10:00:00+05:30
pay_5e2c4dfb,bkg_652c226b,wallet,initiated,2217.52,0.00,0.00,MVR,mock_652c226b,pidem_0e6d57e85b0a5023,,,,2026-05-08T21:00:00+05:30,2026-08-18T10:00:00+05:30
pay_09d32369,bkg_5bd28ea9,mock,captured,56151.02,56151.02,0.00,INR,mock_5bd28ea9,pidem_04803a67df65be4a,,2026-05-16T08:30:40+05:30,2026-05-16T08:32:00+05:30,2026-05-16T08:30:00+05:30,2026-08-18T10:00:00+05:30
pay_7bf7c5c2,bkg_324b4816,upi,captured,15347.74,15347.74,0.00,INR,mock_324b4816,pidem_b993ca256d05c73b,,2026-06-21T08:00:40+05:30,2026-06-21T08:02:00+05:30,2026-06-21T08:00:00+05:30,2026-08-18T10:00:00+05:30
pay_5b5ac1ba,bkg_fa9f7029,card,captured,871.05,871.05,0.00,AED,mock_fa9f7029,pidem_ebdfc07a7634ae0a,,2026-04-27T18:00:40+05:30,2026-04-27T18:02:00+05:30,2026-04-27T18:00:00+05:30,2026-08-18T10:00:00+05:30
pay_809d7ae4,bkg_3ff8a079,upi,captured,4332.65,4332.65,0.00,INR,mock_3ff8a079,pidem_abd7c287c1952aad,,2026-07-02T02:30:40+05:30,2026-07-02T02:32:00+05:30,2026-07-02T02:30:00+05:30,2026-08-18T10:00:00+05:30
pay_5b7a7d0b,bkg_dc8c26d5,card,captured,12181.67,12181.67,0.00,INR,mock_dc8c26d5,pidem_9198497338338eed,,2026-06-18T07:45:40+05:30,2026-06-18T07:47:00+05:30,2026-06-18T07:45:00+05:30,2026-08-18T10:00:00+05:30
pay_eb1b54ea,bkg_f337e8d5,upi,captured,16995.51,16995.51,0.00,AED,mock_f337e8d5,pidem_247f6418e91be2f6,,2026-07-07T23:45:40+05:30,2026-07-07T23:47:00+05:30,2026-07-07T23:45:00+05:30,2026-08-18T10:00:00+05:30
pay_9ca94b4c,bkg_4fa06848,netbanking,captured,30877.19,30877.19,0.00,INR,mock_4fa06848,pidem_93746c29663155a8,,2026-08-07T05:00:40+05:30,2026-08-07T05:02:00+05:30,2026-08-07T05:00:00+05:30,2026-08-18T10:00:00+05:30
pay_55715f96,bkg_268e0735,upi,refunded,16043.17,16043.17,16043.17,INR,mock_268e0735,pidem_296dd3c8fc49b558,,2026-07-29T23:15:40+05:30,2026-07-29T23:17:00+05:30,2026-07-29T23:15:00+05:30,2026-08-18T10:00:00+05:30
pay_d9603051,bkg_02bbec39,card,captured,3967.68,3967.68,0.00,INR,mock_02bbec39,pidem_bc0e462916818f0b,,2026-06-14T01:00:40+05:30,2026-06-14T01:02:00+05:30,2026-06-14T01:00:00+05:30,2026-08-18T10:00:00+05:30
pay_f30f46a6,bkg_43092976,netbanking,captured,28495.35,28495.35,0.00,INR,mock_43092976,pidem_2aff571bd9598a83,,2026-06-23T12:45:40+05:30,2026-06-23T12:47:00+05:30,2026-06-23T12:45:00+05:30,2026-08-18T10:00:00+05:30
pay_25f1c2f8,bkg_94ea7bf7,netbanking,captured,65815.93,65815.93,0.00,INR,mock_94ea7bf7,pidem_b9212b98e1fe607c,,2026-07-10T00:30:40+05:30,2026-07-10T00:32:00+05:30,2026-07-10T00:30:00+05:30,2026-08-18T10:00:00+05:30
pay_2412fecc,bkg_caf3104e,card,captured,4018.41,4018.41,0.00,INR,mock_caf3104e,pidem_6bcfde10cbe43523,,2026-07-02T19:15:40+05:30,2026-07-02T19:17:00+05:30,2026-07-02T19:15:00+05:30,2026-08-18T10:00:00+05:30
pay_fcbb2b7f,bkg_638da84b,upi,initiated,98194.92,0.00,0.00,INR,mock_638da84b,pidem_c9f96349a0453cce,,,,2026-08-04T10:30:00+05:30,2026-08-18T10:00:00+05:30
pay_e150c917,bkg_99b04c8f,netbanking,captured,5526967.05,5526967.05,0.00,IDR,mock_99b04c8f,pidem_c94a62919c4178ed,,2026-07-01T07:30:40+05:30,2026-07-01T07:32:00+05:30,2026-07-01T07:30:00+05:30,2026-08-18T10:00:00+05:30
pay_ee40a9c7,bkg_bbb4784e,netbanking,captured,3115.44,3115.44,0.00,INR,mock_bbb4784e,pidem_a8d389fb2d773396,,2026-04-29T09:00:40+05:30,2026-04-29T09:02:00+05:30,2026-04-29T09:00:00+05:30,2026-08-18T10:00:00+05:30
pay_9febac12,bkg_fca21aba,netbanking,captured,79680.61,79680.61,0.00,INR,mock_fca21aba,pidem_5273070ec5a33815,,2026-07-13T08:45:40+05:30,2026-07-13T08:47:00+05:30,2026-07-13T08:45:00+05:30,2026-08-18T10:00:00+05:30
pay_e2c1fd6c,bkg_6ec1c0aa,netbanking,captured,84352.71,84352.71,0.00,INR,mock_6ec1c0aa,pidem_6be2651e3de279cc,,2026-05-07T06:45:40+05:30,2026-05-07T06:47:00+05:30,2026-05-07T06:45:00+05:30,2026-08-18T10:00:00+05:30
pay_799e49ce,bkg_8eef0958,netbanking,captured,23542.85,23542.85,0.00,INR,mock_8eef0958,pidem_c918b03f9bd59eee,,2026-07-24T03:45:40+05:30,2026-07-24T03:47:00+05:30,2026-07-24T03:45:00+05:30,2026-08-18T10:00:00+05:30
pay_87ba2c0e,bkg_6c27a1d3,mock,captured,39082.18,39082.18,0.00,INR,mock_6c27a1d3,pidem_39cff67fc9bcb8ec,,2026-06-11T02:15:40+05:30,2026-06-11T02:17:00+05:30,2026-06-11T02:15:00+05:30,2026-08-18T10:00:00+05:30
pay_479a799b,bkg_d6ed783c,upi,captured,9753.71,9753.71,0.00,INR,mock_d6ed783c,pidem_1d9272a36719dc26,,2026-07-18T13:45:40+05:30,2026-07-18T13:47:00+05:30,2026-07-18T13:45:00+05:30,2026-08-18T10:00:00+05:30
pay_9040cb79,bkg_9f0e70d0,upi,captured,54157.49,54157.49,0.00,INR,mock_9f0e70d0,pidem_f5752ea82acbecd1,,2026-06-11T07:15:40+05:30,2026-06-11T07:17:00+05:30,2026-06-11T07:15:00+05:30,2026-08-18T10:00:00+05:30
pay_f2f0530a,bkg_2b158233,upi,refunded,22989.64,22989.64,22989.64,INR,mock_2b158233,pidem_46893b82b56865d3,,2026-07-11T01:45:40+05:30,2026-07-11T01:47:00+05:30,2026-07-11T01:45:00+05:30,2026-08-18T10:00:00+05:30
pay_07a8d909,bkg_6310b0ca,wallet,refunded,8604.97,8604.97,8604.97,INR,mock_6310b0ca,pidem_5a12ee580b193f71,,2026-04-20T08:45:40+05:30,2026-04-20T08:47:00+05:30,2026-04-20T08:45:00+05:30,2026-08-18T10:00:00+05:30
pay_57436739,bkg_86152547,upi,failed,36912.22,0.00,0.00,INR,mock_86152547,pidem_0b7f7d36fe70c01c,idempotency_conflict,2026-06-26T02:00:40+05:30,,2026-06-26T02:00:00+05:30,2026-08-18T10:00:00+05:30
pay_afb68536,bkg_77ace26a,upi,captured,13627.53,13627.53,0.00,INR,mock_77ace26a,pidem_3fecfe42cb065ab5,,2026-07-08T12:45:40+05:30,2026-07-08T12:47:00+05:30,2026-07-08T12:45:00+05:30,2026-08-18T10:00:00+05:30
pay_806e9c23,bkg_5a8bd6d7,mock,captured,9828.76,9828.76,0.00,INR,mock_5a8bd6d7,pidem_70f6ea0b394c09df,,2026-06-25T23:30:40+05:30,2026-06-25T23:32:00+05:30,2026-06-25T23:30:00+05:30,2026-08-18T10:00:00+05:30
pay_dc4a4c93,bkg_55713df3,card,captured,7049.35,7049.35,0.00,INR,mock_55713df3,pidem_745559b0dc878000,,2026-05-25T00:45:40+05:30,2026-05-25T00:47:00+05:30,2026-05-25T00:45:00+05:30,2026-08-18T10:00:00+05:30
pay_2ca81b1c,bkg_19dfd47f,upi,refunded,6064.98,6064.98,6064.98,INR,mock_19dfd47f,pidem_cea1a74ff1e83bcd,,2026-08-08T20:30:40+05:30,2026-08-08T20:32:00+05:30,2026-08-08T20:30:00+05:30,2026-08-18T10:00:00+05:30
pay_f6cedfac,bkg_130fa490,wallet,captured,17536.99,17536.99,0.00,INR,mock_130fa490,pidem_025de8edd3c55061,,2026-04-30T06:45:40+05:30,2026-04-30T06:47:00+05:30,2026-04-30T06:45:00+05:30,2026-08-18T10:00:00+05:30
pay_70b3048b,bkg_29311251,card,captured,15757.41,15757.41,0.00,INR,mock_29311251,pidem_3c3f2cb09f089971,,2026-08-07T15:30:40+05:30,2026-08-07T15:32:00+05:30,2026-08-07T15:30:00+05:30,2026-08-18T10:00:00+05:30
pay_17d958dd,bkg_89b928b0,mock,refunded,7808.92,7808.92,7808.92,INR,mock_89b928b0,pidem_1f78b07b6e7984aa,,2026-07-11T21:30:40+05:30,2026-07-11T21:32:00+05:30,2026-07-11T21:30:00+05:30,2026-08-18T10:00:00+05:30
pay_4fce8e5d,bkg_09a3beea,card,captured,52695.98,52695.98,0.00,AED,mock_09a3beea,pidem_f7ad96be285c0494,,2026-07-14T22:45:40+05:30,2026-07-14T22:47:00+05:30,2026-07-14T22:45:00+05:30,2026-08-18T10:00:00+05:30
pay_38e44ed8,bkg_2d11eb69,upi,refunded,15666.58,15666.58,15666.58,MYR,mock_2d11eb69,pidem_f84aa43c1bf78fd4,,2026-07-31T18:45:40+05:30,2026-07-31T18:47:00+05:30,2026-07-31T18:45:00+05:30,2026-08-18T10:00:00+05:30
pay_78022c64,bkg_98ffa1c1,upi,captured,4268.88,4268.88,0.00,MVR,mock_98ffa1c1,pidem_24337586d0a16728,,2026-08-03T05:30:40+05:30,2026-08-03T05:32:00+05:30,2026-08-03T05:30:00+05:30,2026-08-18T10:00:00+05:30
pay_def3c1c4,bkg_77b85df2,netbanking,captured,46875.79,46875.79,0.00,INR,mock_77b85df2,pidem_0eb7c31d736288b6,,2026-07-31T13:15:40+05:30,2026-07-31T13:17:00+05:30,2026-07-31T13:15:00+05:30,2026-08-18T10:00:00+05:30
pay_528c84d0,bkg_90b382e4,mock,captured,14250.36,14250.36,0.00,INR,mock_90b382e4,pidem_b3d40fd49104053e,,2026-07-16T00:45:40+05:30,2026-07-16T00:47:00+05:30,2026-07-16T00:45:00+05:30,2026-08-18T10:00:00+05:30
pay_ad843b1f,bkg_32a24a3f,netbanking,captured,33844.93,33844.93,0.00,INR,mock_32a24a3f,pidem_1c2f5d08fae1b5b0,,2026-06-03T12:45:40+05:30,2026-06-03T12:47:00+05:30,2026-06-03T12:45:00+05:30,2026-08-18T10:00:00+05:30
pay_31cbd4ba,bkg_419d06d8,upi,captured,23491.78,23491.78,0.00,INR,mock_419d06d8,pidem_542db6ba03bf890b,,2026-07-11T05:00:40+05:30,2026-07-11T05:02:00+05:30,2026-07-11T05:00:00+05:30,2026-08-18T10:00:00+05:30
pay_a9acda73,bkg_cc6fa5cd,card,captured,3190.12,3190.12,0.00,AED,mock_cc6fa5cd,pidem_2d09d7b81c2f20f8,,2026-06-23T22:30:40+05:30,2026-06-23T22:32:00+05:30,2026-06-23T22:30:00+05:30,2026-08-18T10:00:00+05:30
pay_2556de60,bkg_39d984b6,upi,refunded,8850.17,8850.17,8850.17,INR,mock_39d984b6,pidem_a95be0f280855ea9,,2026-05-11T13:15:40+05:30,2026-05-11T13:17:00+05:30,2026-05-11T13:15:00+05:30,2026-08-18T10:00:00+05:30
pay_5d6c9412,bkg_b0f31395,upi,captured,7479.54,7479.54,0.00,INR,mock_b0f31395,pidem_08993bfce0663c4b,,2026-04-30T21:45:40+05:30,2026-04-30T21:47:00+05:30,2026-04-30T21:45:00+05:30,2026-08-18T10:00:00+05:30
pay_9e4c75d8,bkg_b5377a1e,netbanking,refunded,2508.73,2508.73,2508.73,INR,mock_b5377a1e,pidem_36943399bc5875cd,,2026-04-30T14:00:40+05:30,2026-04-30T14:02:00+05:30,2026-04-30T14:00:00+05:30,2026-08-18T10:00:00+05:30
pay_a49f45fc,bkg_1646792d,upi,initiated,1123.83,0.00,0.00,AED,mock_1646792d,pidem_b853d3f65f151159,,,,2026-07-15T09:45:00+05:30,2026-08-18T10:00:00+05:30
pay_c9f077e1,bkg_a8749b6c,card,refunded,9927.89,9927.89,9927.89,INR,mock_a8749b6c,pidem_dd1c37930a0461d4,,2026-07-31T09:30:40+05:30,2026-07-31T09:32:00+05:30,2026-07-31T09:30:00+05:30,2026-08-18T10:00:00+05:30
pay_71a66c60,bkg_5266db76,netbanking,captured,52698.24,52698.24,0.00,INR,mock_5266db76,pidem_79dd1738a63e2ffa,,2026-06-05T19:45:40+05:30,2026-06-05T19:47:00+05:30,2026-06-05T19:45:00+05:30,2026-08-18T10:00:00+05:30
pay_387f2d2d,bkg_0fc6a5f7,upi,captured,46680.17,46680.17,0.00,INR,mock_0fc6a5f7,pidem_f618d9357aae1390,,2026-05-12T03:15:40+05:30,2026-05-12T03:17:00+05:30,2026-05-12T03:15:00+05:30,2026-08-18T10:00:00+05:30
pay_d497add2,bkg_625b108f,wallet,captured,7781.65,7781.65,0.00,AED,mock_625b108f,pidem_a16786646afe198f,,2026-06-17T21:00:40+05:30,2026-06-17T21:02:00+05:30,2026-06-17T21:00:00+05:30,2026-08-18T10:00:00+05:30
pay_b0a30301,bkg_368c23f7,upi,captured,143650.79,143650.79,0.00,INR,mock_368c23f7,pidem_729cb904424843c4,,2026-05-20T05:00:40+05:30,2026-05-20T05:02:00+05:30,2026-05-20T05:00:00+05:30,2026-08-18T10:00:00+05:30
pay_9728c347,bkg_cb2feb5c,upi,captured,18574.77,18574.77,0.00,INR,mock_cb2feb5c,pidem_6de963271880aa5f,,2026-07-10T21:15:40+05:30,2026-07-10T21:17:00+05:30,2026-07-10T21:15:00+05:30,2026-08-18T10:00:00+05:30
pay_737bea9f,bkg_9da82a07,upi,captured,5342.06,5342.06,0.00,INR,mock_9da82a07,pidem_f65d4b73cb4b9c24,,2026-07-08T17:30:40+05:30,2026-07-08T17:32:00+05:30,2026-07-08T17:30:00+05:30,2026-08-18T10:00:00+05:30
pay_027d70c1,bkg_f357b57f,upi,refunded,40796.02,40796.02,40796.02,THB,mock_f357b57f,pidem_656af780de615cd9,,2026-06-11T11:00:40+05:30,2026-06-11T11:02:00+05:30,2026-06-11T11:00:00+05:30,2026-08-18T10:00:00+05:30
pay_4f7c1dbd,bkg_d57f31f2,card,captured,20569.36,20569.36,0.00,INR,mock_d57f31f2,pidem_d821b5101c74417a,,2026-05-03T05:15:40+05:30,2026-05-03T05:17:00+05:30,2026-05-03T05:15:00+05:30,2026-08-18T10:00:00+05:30
pay_41cc9ddf,bkg_4ea4b445,card,initiated,27618.88,0.00,0.00,INR,mock_4ea4b445,pidem_fbfdb683783a2cf6,,,,2026-05-24T02:30:00+05:30,2026-08-18T10:00:00+05:30
pay_59cdb81b,bkg_ddc4803e,card,captured,34582.23,34582.23,0.00,INR,mock_ddc4803e,pidem_e53280e08984a897,,2026-08-05T05:15:40+05:30,2026-08-05T05:17:00+05:30,2026-08-05T05:15:00+05:30,2026-08-18T10:00:00+05:30
pay_e0e9a250,bkg_c18005af,netbanking,captured,27581.38,27581.38,0.00,INR,mock_c18005af,pidem_f5c47bee69de4a51,,2026-07-02T09:15:40+05:30,2026-07-02T09:17:00+05:30,2026-07-02T09:15:00+05:30,2026-08-18T10:00:00+05:30
pay_bbb2d674,bkg_861f18f3,upi,authorised,26842.84,0.00,0.00,INR,mock_861f18f3,pidem_79bf5f1f63565729,,2026-06-14T15:00:40+05:30,,2026-06-14T15:00:00+05:30,2026-08-18T10:00:00+05:30
pay_0db3e93e,bkg_eb6af426,mock,captured,50020.57,50020.57,0.00,CHF,mock_eb6af426,pidem_2e14c970c032c2c6,,2026-04-29T20:15:40+05:30,2026-04-29T20:17:00+05:30,2026-04-29T20:15:00+05:30,2026-08-18T10:00:00+05:30
pay_1ec19727,bkg_98036117,upi,captured,21762.16,21762.16,0.00,INR,mock_98036117,pidem_bc4660738bcbc1e2,,2026-07-11T21:15:40+05:30,2026-07-11T21:17:00+05:30,2026-07-11T21:15:00+05:30,2026-08-18T10:00:00+05:30
pay_f6e9f250,bkg_832305ee,upi,captured,44217.67,44217.67,0.00,INR,mock_832305ee,pidem_2ee93e12bbb5f767,,2026-05-08T15:15:40+05:30,2026-05-08T15:17:00+05:30,2026-05-08T15:15:00+05:30,2026-08-18T10:00:00+05:30
pay_9309f520,bkg_b0d19067,upi,captured,135934.95,135934.95,0.00,INR,mock_b0d19067,pidem_ac191219895a2897,,2026-05-28T02:30:40+05:30,2026-05-28T02:32:00+05:30,2026-05-28T02:30:00+05:30,2026-08-18T10:00:00+05:30
pay_5cf9c3d7,bkg_41c7958c,wallet,captured,78242.15,78242.15,0.00,INR,mock_41c7958c,pidem_ed37db52313c135b,,2026-05-04T10:30:40+05:30,2026-05-04T10:32:00+05:30,2026-05-04T10:30:00+05:30,2026-08-18T10:00:00+05:30
pay_b589a1c5,bkg_b7ddf88e,netbanking,captured,8746.64,8746.64,0.00,QAR,mock_b7ddf88e,pidem_8992f1bbff81648c,,2026-07-21T14:15:40+05:30,2026-07-21T14:17:00+05:30,2026-07-21T14:15:00+05:30,2026-08-18T10:00:00+05:30
pay_37440a2c,bkg_817c3d69,netbanking,refunded,12220.08,12220.08,12220.08,NPR,mock_817c3d69,pidem_bcea119d0cc0e76d,,2026-07-12T12:15:40+05:30,2026-07-12T12:17:00+05:30,2026-07-12T12:15:00+05:30,2026-08-18T10:00:00+05:30
pay_47be9fa4,bkg_27b234d7,card,captured,154951.57,154951.57,0.00,INR,mock_27b234d7,pidem_2771824ce82437e2,,2026-06-28T04:15:40+05:30,2026-06-28T04:17:00+05:30,2026-06-28T04:15:00+05:30,2026-08-18T10:00:00+05:30
pay_8e2403fa,bkg_2565ff8a,card,captured,26437.32,26437.32,0.00,INR,mock_2565ff8a,pidem_be9b269b462e417d,,2026-07-28T18:15:40+05:30,2026-07-28T18:17:00+05:30,2026-07-28T18:15:00+05:30,2026-08-18T10:00:00+05:30
pay_7c92b73b,bkg_0a80ff62,upi,refunded,14543.33,14543.33,14543.33,LKR,mock_0a80ff62,pidem_66a603fea3a7e63f,,2026-07-08T13:45:40+05:30,2026-07-08T13:47:00+05:30,2026-07-08T13:45:00+05:30,2026-08-18T10:00:00+05:30
pay_472ff4b4,bkg_bb18b20c,upi,captured,18048.87,18048.87,0.00,INR,mock_bb18b20c,pidem_fc24a20aabaa77e6,,2026-07-06T19:30:40+05:30,2026-07-06T19:32:00+05:30,2026-07-06T19:30:00+05:30,2026-08-18T10:00:00+05:30
pay_5ef52117,bkg_0b319d06,upi,captured,3570.82,3570.82,0.00,AED,mock_0b319d06,pidem_a155bdb8953e8861,,2026-06-28T03:00:40+05:30,2026-06-28T03:02:00+05:30,2026-06-28T03:00:00+05:30,2026-08-18T10:00:00+05:30
pay_c4408d17,bkg_5f28ef75,upi,captured,12366.55,12366.55,0.00,INR,mock_5f28ef75,pidem_e1c8fc88f49db6af,,2026-07-17T00:00:40+05:30,2026-07-17T00:02:00+05:30,2026-07-17T00:00:00+05:30,2026-08-18T10:00:00+05:30
pay_45572d66,bkg_734229fd,upi,refunded,45112.59,45112.59,45112.59,INR,mock_734229fd,pidem_bdf207d076211287,,2026-05-10T08:00:40+05:30,2026-05-10T08:02:00+05:30,2026-05-10T08:00:00+05:30,2026-08-18T10:00:00+05:30
pay_908691d8,bkg_9411eb75,upi,refunded,13442.98,13442.98,13442.98,INR,mock_9411eb75,pidem_a651dce38c67de48,,2026-06-15T23:00:40+05:30,2026-06-15T23:02:00+05:30,2026-06-15T23:00:00+05:30,2026-08-18T10:00:00+05:30
pay_dd17d689,bkg_c0694ec1,card,captured,48011.58,48011.58,0.00,INR,mock_c0694ec1,pidem_e9b407cb55196410,,2026-06-29T19:30:40+05:30,2026-06-29T19:32:00+05:30,2026-06-29T19:30:00+05:30,2026-08-18T10:00:00+05:30
pay_1a1eee80,bkg_49830f9f,upi,captured,19923.79,19923.79,0.00,INR,mock_49830f9f,pidem_0e4dd191c901a297,,2026-06-30T12:00:40+05:30,2026-06-30T12:02:00+05:30,2026-06-30T12:00:00+05:30,2026-08-18T10:00:00+05:30
pay_c031edbd,bkg_6e8ae8fc,upi,captured,68332.19,68332.19,0.00,INR,mock_6e8ae8fc,pidem_aadc62cf6c36eb21,,2026-07-12T19:30:40+05:30,2026-07-12T19:32:00+05:30,2026-07-12T19:30:00+05:30,2026-08-18T10:00:00+05:30
pay_d0b5f11b,bkg_85f35a7d,upi,captured,7789.71,7789.71,0.00,INR,mock_85f35a7d,pidem_85ec625d0a65ae49,,2026-06-02T16:45:40+05:30,2026-06-02T16:47:00+05:30,2026-06-02T16:45:00+05:30,2026-08-18T10:00:00+05:30
pay_d65b679e,bkg_c2c4fc05,upi,captured,9305.70,9305.70,0.00,INR,mock_c2c4fc05,pidem_ee1b238582909556,,2026-04-30T11:30:40+05:30,2026-04-30T11:32:00+05:30,2026-04-30T11:30:00+05:30,2026-08-18T10:00:00+05:30
pay_f6632716,bkg_fe93eeb8,upi,initiated,5311.44,0.00,0.00,LKR,mock_fe93eeb8,pidem_28e08411dfb10eb9,,,,2026-05-15T17:45:00+05:30,2026-08-18T10:00:00+05:30
pay_4919a2c5,bkg_2f11661a,mock,captured,95004.82,95004.82,0.00,INR,mock_2f11661a,pidem_549a4b27add85f21,,2026-08-17T20:15:40+05:30,2026-08-17T20:17:00+05:30,2026-08-17T20:15:00+05:30,2026-08-18T10:00:00+05:30
pay_5207fc13,bkg_3f2232fd,upi,refunded,15326.04,15326.04,15326.04,INR,mock_3f2232fd,pidem_b659993422b7472e,,2026-07-29T03:15:40+05:30,2026-07-29T03:17:00+05:30,2026-07-29T03:15:00+05:30,2026-08-18T10:00:00+05:30
pay_e9fdeb04,bkg_6c77a0bd,wallet,captured,7340.97,7340.97,0.00,THB,mock_6c77a0bd,pidem_f6da91e795757532,,2026-04-27T08:45:40+05:30,2026-04-27T08:47:00+05:30,2026-04-27T08:45:00+05:30,2026-08-18T10:00:00+05:30
pay_db687564,bkg_fc972aa4,upi,initiated,10918.29,0.00,0.00,INR,mock_fc972aa4,pidem_b3265a6e1cc7ca5e,,,,2026-06-14T18:45:00+05:30,2026-08-18T10:00:00+05:30
pay_189670db,bkg_eab58fc5,mock,captured,2138.70,2138.70,0.00,INR,mock_eab58fc5,pidem_ad7e8cf178df1cb4,,2026-06-22T01:30:40+05:30,2026-06-22T01:32:00+05:30,2026-06-22T01:30:00+05:30,2026-08-18T10:00:00+05:30
pay_b688033c,bkg_ec18b289,card,captured,7114.89,7114.89,0.00,INR,mock_ec18b289,pidem_84f797325f5bdcba,,2026-05-30T21:45:40+05:30,2026-05-30T21:47:00+05:30,2026-05-30T21:45:00+05:30,2026-08-18T10:00:00+05:30
pay_e24f6945,bkg_480af91f,upi,refunded,14726.48,14726.48,14726.48,INR,mock_480af91f,pidem_74d0bfed22edf3d1,,2026-08-01T17:00:40+05:30,2026-08-01T17:02:00+05:30,2026-08-01T17:00:00+05:30,2026-08-18T10:00:00+05:30
pay_ca722a8d,bkg_bcbd8375,card,captured,7998.22,7998.22,0.00,INR,mock_bcbd8375,pidem_e123328a8c7eea85,,2026-05-26T16:15:40+05:30,2026-05-26T16:17:00+05:30,2026-05-26T16:15:00+05:30,2026-08-18T10:00:00+05:30
pay_0bf48a61,bkg_b22a22fe,card,captured,6108.97,6108.97,0.00,INR,mock_b22a22fe,pidem_c8cb110d4e427c9f,,2026-06-30T20:30:40+05:30,2026-06-30T20:32:00+05:30,2026-06-30T20:30:00+05:30,2026-08-18T10:00:00+05:30
pay_2501a408,bkg_22a99773,card,captured,110847.90,110847.90,0.00,INR,mock_22a99773,pidem_ae311cc63fb60743,,2026-08-16T08:30:40+05:30,2026-08-16T08:32:00+05:30,2026-08-16T08:30:00+05:30,2026-08-18T10:00:00+05:30
pay_390a309b,bkg_c12e564d,wallet,initiated,11097.42,0.00,0.00,INR,mock_c12e564d,pidem_2d34fc2f9b7877db,,,,2026-06-30T08:30:00+05:30,2026-08-18T10:00:00+05:30
pay_77cc1ac4,bkg_457969f4,upi,refunded,4493.89,4493.89,4493.89,AED,mock_457969f4,pidem_3f64ebb7a61709f8,,2026-07-21T00:00:40+05:30,2026-07-21T00:02:00+05:30,2026-07-21T00:00:00+05:30,2026-08-18T10:00:00+05:30
pay_6db828ae,bkg_16f79b7c,upi,captured,2401.39,2401.39,0.00,INR,mock_16f79b7c,pidem_dfede6d9afcc6cbf,,2026-07-24T07:30:40+05:30,2026-07-24T07:32:00+05:30,2026-07-24T07:30:00+05:30,2026-08-18T10:00:00+05:30
pay_0c9fa3cb,bkg_58f99a2f,wallet,refunded,2705.96,2705.96,2705.96,INR,mock_58f99a2f,pidem_38a74c62dc0493ec,,2026-06-12T11:30:40+05:30,2026-06-12T11:32:00+05:30,2026-06-12T11:30:00+05:30,2026-08-18T10:00:00+05:30
pay_bcbbbbe3,bkg_ab46da2b,card,refunded,3922.32,3922.32,3922.32,INR,mock_ab46da2b,pidem_a0e0443ffefb7864,,2026-07-06T15:30:40+05:30,2026-07-06T15:32:00+05:30,2026-07-06T15:30:00+05:30,2026-08-18T10:00:00+05:30
pay_fe3c4cf0,bkg_b229f490,upi,refunded,12915.52,12915.52,12915.52,INR,mock_b229f490,pidem_9db9dc4693ab7076,,2026-06-12T03:00:40+05:30,2026-06-12T03:02:00+05:30,2026-06-12T03:00:00+05:30,2026-08-18T10:00:00+05:30
pay_e584af30,bkg_0dd3e62b,upi,captured,8527.70,8527.70,0.00,INR,mock_0dd3e62b,pidem_6d56afc9704bee3e,,2026-07-29T03:15:40+05:30,2026-07-29T03:17:00+05:30,2026-07-29T03:15:00+05:30,2026-08-18T10:00:00+05:30
pay_1a797c1d,bkg_f35fa1a3,upi,captured,138545.61,138545.61,0.00,INR,mock_f35fa1a3,pidem_a83ba583f90e5f13,,2026-06-17T13:00:40+05:30,2026-06-17T13:02:00+05:30,2026-06-17T13:00:00+05:30,2026-08-18T10:00:00+05:30
pay_413f2961,bkg_1c515a93,upi,captured,10758.31,10758.31,0.00,INR,mock_1c515a93,pidem_5be0b0bf27bd45f3,,2026-08-12T02:45:40+05:30,2026-08-12T02:47:00+05:30,2026-08-12T02:45:00+05:30,2026-08-18T10:00:00+05:30
pay_b8de184e,bkg_fd4abab7,mock,captured,229.54,229.54,0.00,SGD,mock_fd4abab7,pidem_b77058897e0951fc,,2026-06-28T02:45:40+05:30,2026-06-28T02:47:00+05:30,2026-06-28T02:45:00+05:30,2026-08-18T10:00:00+05:30
pay_688b8809,bkg_75c1ec20,upi,refunded,5706.00,5706.00,5706.00,INR,mock_75c1ec20,pidem_a1cfe2573d02b045,,2026-06-09T20:45:40+05:30,2026-06-09T20:47:00+05:30,2026-06-09T20:45:00+05:30,2026-08-18T10:00:00+05:30
pay_f6ccbec5,bkg_a2e3c51d,card,captured,61749.03,61749.03,0.00,CHF,mock_a2e3c51d,pidem_7b7d483b690dade5,,2026-07-01T20:30:40+05:30,2026-07-01T20:32:00+05:30,2026-07-01T20:30:00+05:30,2026-08-18T10:00:00+05:30
pay_1048186d,bkg_1fb9b8ff,upi,captured,5091.67,5091.67,0.00,JPY,mock_1fb9b8ff,pidem_eacfa843d9f556cb,,2026-07-08T16:15:40+05:30,2026-07-08T16:17:00+05:30,2026-07-08T16:15:00+05:30,2026-08-18T10:00:00+05:30
pay_f77e6c01,bkg_b8fd84ca,upi,captured,5331.03,5331.03,0.00,INR,mock_b8fd84ca,pidem_1107f3fb173d1e2b,,2026-07-22T12:15:40+05:30,2026-07-22T12:17:00+05:30,2026-07-22T12:15:00+05:30,2026-08-18T10:00:00+05:30
pay_00c48f8e,bkg_8250adcb,upi,captured,8605.52,8605.52,0.00,MYR,mock_8250adcb,pidem_59e138c78d5ad789,,2026-06-19T13:45:40+05:30,2026-06-19T13:47:00+05:30,2026-06-19T13:45:00+05:30,2026-08-18T10:00:00+05:30
pay_dba79bc6,bkg_ee983a0b,card,captured,87686.93,87686.93,0.00,INR,mock_ee983a0b,pidem_09415adb9e0b84ee,,2026-07-06T00:30:40+05:30,2026-07-06T00:32:00+05:30,2026-07-06T00:30:00+05:30,2026-08-18T10:00:00+05:30
pay_ae549b4a,bkg_5994b71f,card,captured,5084.96,5084.96,0.00,INR,mock_5994b71f,pidem_d9ed9d2152b33a19,,2026-04-23T19:30:40+05:30,2026-04-23T19:32:00+05:30,2026-04-23T19:30:00+05:30,2026-08-18T10:00:00+05:30
pay_8d722d03,bkg_07b8cf47,upi,initiated,11755.09,0.00,0.00,THB,mock_07b8cf47,pidem_57bc2853c2d60acb,,,,2026-08-03T21:30:00+05:30,2026-08-18T10:00:00+05:30
pay_d9d9434d,bkg_b09466e0,upi,captured,20860.07,20860.07,0.00,INR,mock_b09466e0,pidem_c779a6bc0b84bd08,,2026-08-02T05:00:40+05:30,2026-08-02T05:02:00+05:30,2026-08-02T05:00:00+05:30,2026-08-18T10:00:00+05:30
pay_84daa7cf,bkg_45b8e344,upi,captured,61256.85,61256.85,0.00,INR,mock_45b8e344,pidem_2dabb13f041f5c90,,2026-07-24T11:30:40+05:30,2026-07-24T11:32:00+05:30,2026-07-24T11:30:00+05:30,2026-08-18T10:00:00+05:30
pay_f9138890,bkg_c3dd2949,upi,captured,4681.31,4681.31,0.00,LKR,mock_c3dd2949,pidem_6e481f487e6f06d5,,2026-05-26T07:45:40+05:30,2026-05-26T07:47:00+05:30,2026-05-26T07:45:00+05:30,2026-08-18T10:00:00+05:30
pay_318283a0,bkg_42f67ec8,upi,initiated,41470.86,0.00,0.00,INR,mock_42f67ec8,pidem_afad20700e9afc9c,,,,2026-05-12T18:00:00+05:30,2026-08-18T10:00:00+05:30
pay_a71cc95c,bkg_f1055e85,upi,failed,29476.65,0.00,0.00,INR,mock_f1055e85,pidem_bc487f128f91c80d,idempotency_conflict,2026-07-08T14:30:40+05:30,,2026-07-08T14:30:00+05:30,2026-08-18T10:00:00+05:30
pay_72ec96c4,bkg_05300da5,mock,refunded,65987.44,65987.44,65987.44,INR,mock_05300da5,pidem_4cd29b618838e868,,2026-05-17T09:45:40+05:30,2026-05-17T09:47:00+05:30,2026-05-17T09:45:00+05:30,2026-08-18T10:00:00+05:30
pay_d2916dff,bkg_1bdcf31c,upi,authorised,3062.80,0.00,0.00,INR,mock_1bdcf31c,pidem_15f0af1deb054a0e,,2026-06-01T04:45:40+05:30,,2026-06-01T04:45:00+05:30,2026-08-18T10:00:00+05:30
pay_56c19799,bkg_1b68f4e1,card,captured,40783.43,40783.43,0.00,INR,mock_1b68f4e1,pidem_7696022890d0c261,,2026-04-20T06:45:40+05:30,2026-04-20T06:47:00+05:30,2026-04-20T06:45:00+05:30,2026-08-18T10:00:00+05:30
pay_190e1d95,bkg_18201823,card,captured,8011.61,8011.61,0.00,INR,mock_18201823,pidem_e612c760efcabf83,,2026-08-16T22:45:40+05:30,2026-08-16T22:47:00+05:30,2026-08-16T22:45:00+05:30,2026-08-18T10:00:00+05:30
pay_0a1f100b,bkg_cc607dd4,upi,authorised,8506.92,0.00,0.00,THB,mock_cc607dd4,pidem_711d25b3e6543e29,,2026-05-27T07:15:40+05:30,,2026-05-27T07:15:00+05:30,2026-08-18T10:00:00+05:30
pay_ad600d5d,bkg_71e4b6fb,card,captured,30025.89,30025.89,0.00,INR,mock_71e4b6fb,pidem_d9032ec20abfa62c,,2026-07-20T10:00:40+05:30,2026-07-20T10:02:00+05:30,2026-07-20T10:00:00+05:30,2026-08-18T10:00:00+05:30
pay_64ceac39,bkg_d5f112f1,card,captured,24316.90,24316.90,0.00,INR,mock_d5f112f1,pidem_7956e3695d1274e2,,2026-06-26T16:15:40+05:30,2026-06-26T16:17:00+05:30,2026-06-26T16:15:00+05:30,2026-08-18T10:00:00+05:30
pay_7a598d41,bkg_4857722b,wallet,captured,20982.61,20982.61,0.00,INR,mock_4857722b,pidem_85c505b05f7474e3,,2026-05-16T09:30:40+05:30,2026-05-16T09:32:00+05:30,2026-05-16T09:30:00+05:30,2026-08-18T10:00:00+05:30
pay_be77daec,bkg_db26ccfd,card,captured,96781.41,96781.41,0.00,INR,mock_db26ccfd,pidem_f54a73c6ca3605e9,,2026-06-21T17:45:40+05:30,2026-06-21T17:47:00+05:30,2026-06-21T17:45:00+05:30,2026-08-18T10:00:00+05:30
pay_6286b283,bkg_236e9b69,card,authorised,10439.64,0.00,0.00,INR,mock_236e9b69,pidem_66a4a3cccfa78b3c,,2026-06-14T06:30:40+05:30,,2026-06-14T06:30:00+05:30,2026-08-18T10:00:00+05:30
pay_75d1053b,bkg_f4b05cf4,upi,captured,15571.43,15571.43,0.00,INR,mock_f4b05cf4,pidem_097104d867df33a1,,2026-08-09T07:15:40+05:30,2026-08-09T07:17:00+05:30,2026-08-09T07:15:00+05:30,2026-08-18T10:00:00+05:30
pay_812f4a9b,bkg_cf6d8346,mock,initiated,46811.21,0.00,0.00,INR,mock_cf6d8346,pidem_f2716009c550201f,,,,2026-06-28T07:15:00+05:30,2026-08-18T10:00:00+05:30
pay_959f0f74,bkg_91fb7056,netbanking,captured,6055.68,6055.68,0.00,CHF,mock_91fb7056,pidem_dba3cc010f09ff70,,2026-08-09T08:45:40+05:30,2026-08-09T08:47:00+05:30,2026-08-09T08:45:00+05:30,2026-08-18T10:00:00+05:30
pay_a4b49c97,bkg_c53b9ffc,card,initiated,14459.20,0.00,0.00,SGD,mock_c53b9ffc,pidem_19adefaddd6b2604,,,,2026-07-28T16:30:00+05:30,2026-08-18T10:00:00+05:30
pay_7e17e43e,bkg_1de78004,upi,captured,237728.79,237728.79,0.00,INR,mock_1de78004,pidem_83ddddc3aaf59b8f,,2026-05-24T01:00:40+05:30,2026-05-24T01:02:00+05:30,2026-05-24T01:00:00+05:30,2026-08-18T10:00:00+05:30
pay_c395af17,bkg_c417daa8,upi,initiated,5746.76,0.00,0.00,INR,mock_c417daa8,pidem_2f17763b52c01ce7,,,,2026-07-08T17:00:00+05:30,2026-08-18T10:00:00+05:30
pay_7ffaeaf5,bkg_076d1cca,netbanking,captured,28564.05,28564.05,0.00,INR,mock_076d1cca,pidem_06489c5a0cd42035,,2026-07-04T18:00:40+05:30,2026-07-04T18:02:00+05:30,2026-07-04T18:00:00+05:30,2026-08-18T10:00:00+05:30
pay_a64b6de4,bkg_ca954049,upi,authorised,5504.98,0.00,0.00,INR,mock_ca954049,pidem_8debd207cbf09826,,2026-05-01T19:15:40+05:30,,2026-05-01T19:15:00+05:30,2026-08-18T10:00:00+05:30
pay_b5fd2f91,bkg_0cd22162,upi,captured,3644.19,3644.19,0.00,INR,mock_0cd22162,pidem_2bae1402077623a3,,2026-05-06T21:15:40+05:30,2026-05-06T21:17:00+05:30,2026-05-06T21:15:00+05:30,2026-08-18T10:00:00+05:30
pay_6a8224d4,bkg_c043a798,upi,initiated,5010.12,0.00,0.00,INR,mock_c043a798,pidem_5e290bf0749ab736,,,,2026-06-21T23:30:00+05:30,2026-08-18T10:00:00+05:30
pay_9d8b0e2d,bkg_8bca9a83,upi,authorised,24732.49,0.00,0.00,INR,mock_8bca9a83,pidem_b12c3996dcbdcfde,,2026-04-22T07:00:40+05:30,,2026-04-22T07:00:00+05:30,2026-08-18T10:00:00+05:30
pay_89df8bde,bkg_6f8dba66,netbanking,refunded,3021.49,3021.49,3021.49,MVR,mock_6f8dba66,pidem_f4f052db5b0129d5,,2026-07-06T04:30:40+05:30,2026-07-06T04:32:00+05:30,2026-07-06T04:30:00+05:30,2026-08-18T10:00:00+05:30
pay_5c14f205,bkg_828e6a4a,upi,captured,2847.01,2847.01,0.00,INR,mock_828e6a4a,pidem_632f8aba0434708d,,2026-05-19T09:30:40+05:30,2026-05-19T09:32:00+05:30,2026-05-19T09:30:00+05:30,2026-08-18T10:00:00+05:30
pay_6bd9ab5e,bkg_d0de1937,card,refunded,6236.29,6236.29,6236.29,INR,mock_d0de1937,pidem_751a09b2af4d2fc3,,2026-08-15T10:30:40+05:30,2026-08-15T10:32:00+05:30,2026-08-15T10:30:00+05:30,2026-08-18T10:00:00+05:30
pay_911dc746,bkg_0dd18026,upi,captured,2362.66,2362.66,0.00,INR,mock_0dd18026,pidem_b5d231ca108a22c0,,2026-08-07T01:15:40+05:30,2026-08-07T01:17:00+05:30,2026-08-07T01:15:00+05:30,2026-08-18T10:00:00+05:30
pay_91c9ea50,bkg_b066eb8c,upi,captured,16313.55,16313.55,0.00,INR,mock_b066eb8c,pidem_063131facd3a19d0,,2026-06-30T10:30:40+05:30,2026-06-30T10:32:00+05:30,2026-06-30T10:30:00+05:30,2026-08-18T10:00:00+05:30
pay_91e17129,bkg_c8a62547,card,captured,13736.37,13736.37,0.00,INR,mock_c8a62547,pidem_a7269ff7dfeb5ea8,,2026-05-27T16:15:40+05:30,2026-05-27T16:17:00+05:30,2026-05-27T16:15:00+05:30,2026-08-18T10:00:00+05:30
pay_8a31bb45,bkg_83ca70dc,card,captured,6884.14,6884.14,0.00,INR,mock_83ca70dc,pidem_b054b84414eee489,,2026-08-11T00:00:40+05:30,2026-08-11T00:02:00+05:30,2026-08-11T00:00:00+05:30,2026-08-18T10:00:00+05:30
pay_6c454727,bkg_19e6b35a,upi,captured,15940.67,15940.67,0.00,INR,mock_19e6b35a,pidem_b66f43c721639813,,2026-07-23T12:30:40+05:30,2026-07-23T12:32:00+05:30,2026-07-23T12:30:00+05:30,2026-08-18T10:00:00+05:30
pay_188d74a5,bkg_f4aaedf7,card,captured,2685.02,2685.02,0.00,MVR,mock_f4aaedf7,pidem_2e7f446bb45ff7eb,,2026-05-12T07:15:40+05:30,2026-05-12T07:17:00+05:30,2026-05-12T07:15:00+05:30,2026-08-18T10:00:00+05:30
pay_d167a127,bkg_03abae9e,netbanking,initiated,1294.81,0.00,0.00,MYR,mock_03abae9e,pidem_9ad821f05d8012e4,,,,2026-05-12T12:15:00+05:30,2026-08-18T10:00:00+05:30
pay_4c48cf04,bkg_1ad49398,card,captured,16318.69,16318.69,0.00,INR,mock_1ad49398,pidem_ecebac64b59c54e0,,2026-07-16T14:30:40+05:30,2026-07-16T14:32:00+05:30,2026-07-16T14:30:00+05:30,2026-08-18T10:00:00+05:30
pay_a11b0be3,bkg_7eeeb93b,mock,initiated,40135.58,0.00,0.00,INR,mock_7eeeb93b,pidem_6469cd056db47eaa,,,,2026-08-08T01:30:00+05:30,2026-08-18T10:00:00+05:30
pay_376f1e12,bkg_f6818502,netbanking,authorised,8489.53,0.00,0.00,INR,mock_f6818502,pidem_485c83fbcb69258b,,2026-06-14T13:30:40+05:30,,2026-06-14T13:30:00+05:30,2026-08-18T10:00:00+05:30
pay_da5768e8,bkg_95af027d,upi,captured,37898.49,37898.49,0.00,INR,mock_95af027d,pidem_2cd74bc3d6506b5f,,2026-07-18T12:00:40+05:30,2026-07-18T12:02:00+05:30,2026-07-18T12:00:00+05:30,2026-08-18T10:00:00+05:30
pay_e1ad4461,bkg_41ce0b6e,netbanking,initiated,2311667.43,0.00,0.00,IDR,mock_41ce0b6e,pidem_b8176f7415dd4ad8,,,,2026-05-15T21:00:00+05:30,2026-08-18T10:00:00+05:30
pay_3a5d6dda,bkg_858ca234,upi,authorised,36112.31,0.00,0.00,INR,mock_858ca234,pidem_070013992048df4d,,2026-05-22T04:45:40+05:30,,2026-05-22T04:45:00+05:30,2026-08-18T10:00:00+05:30
pay_5b0f367a,bkg_afb17f7e,upi,captured,12233.16,12233.16,0.00,LKR,mock_afb17f7e,pidem_906f7760c3e2cd43,,2026-05-22T03:30:40+05:30,2026-05-22T03:32:00+05:30,2026-05-22T03:30:00+05:30,2026-08-18T10:00:00+05:30
pay_4fed96a4,bkg_cb37d445,netbanking,captured,204598.84,204598.84,0.00,INR,mock_cb37d445,pidem_ac39c9a5f1d95271,,2026-07-29T16:00:40+05:30,2026-07-29T16:02:00+05:30,2026-07-29T16:00:00+05:30,2026-08-18T10:00:00+05:30
pay_ec5f5204,bkg_45548570,upi,captured,8079.90,8079.90,0.00,INR,mock_45548570,pidem_037a79e46a4f3412,,2026-07-01T02:45:40+05:30,2026-07-01T02:47:00+05:30,2026-07-01T02:45:00+05:30,2026-08-18T10:00:00+05:30
pay_a3e8edec,bkg_51d82279,upi,captured,79365.15,79365.15,0.00,INR,mock_51d82279,pidem_60f3e59d7504f69f,,2026-05-17T03:00:40+05:30,2026-05-17T03:02:00+05:30,2026-05-17T03:00:00+05:30,2026-08-18T10:00:00+05:30
pay_8d3f04ec,bkg_bd1d6311,card,refunded,3795.52,3795.52,3795.52,INR,mock_bd1d6311,pidem_97b6d615459df26d,,2026-04-29T02:45:40+05:30,2026-04-29T02:47:00+05:30,2026-04-29T02:45:00+05:30,2026-08-18T10:00:00+05:30
pay_45bb381f,bkg_a3f5fe8b,upi,refunded,7361.47,7361.47,7361.47,IDR,mock_a3f5fe8b,pidem_d21979ce2afd21f6,,2026-06-26T11:15:40+05:30,2026-06-26T11:17:00+05:30,2026-06-26T11:15:00+05:30,2026-08-18T10:00:00+05:30
pay_154c80c3,bkg_842247c6,netbanking,captured,21476.40,21476.40,0.00,INR,mock_842247c6,pidem_0ee4596b1a422a37,,2026-06-07T09:45:40+05:30,2026-06-07T09:47:00+05:30,2026-06-07T09:45:00+05:30,2026-08-18T10:00:00+05:30
pay_a05d6287,bkg_30b04836,upi,captured,34520.11,34520.11,0.00,INR,mock_30b04836,pidem_160bdd13e9a3d380,,2026-05-23T08:15:40+05:30,2026-05-23T08:17:00+05:30,2026-05-23T08:15:00+05:30,2026-08-18T10:00:00+05:30
pay_04ec3857,bkg_2a14d33c,upi,refunded,14861.39,14861.39,14861.39,INR,mock_2a14d33c,pidem_efa4fb571be39c5c,,2026-04-30T16:00:40+05:30,2026-04-30T16:02:00+05:30,2026-04-30T16:00:00+05:30,2026-08-18T10:00:00+05:30
pay_58d54640,bkg_c8fc10ec,upi,captured,15004.35,15004.35,0.00,INR,mock_c8fc10ec,pidem_f1ad30dbe8e502fd,,2026-04-29T03:15:40+05:30,2026-04-29T03:17:00+05:30,2026-04-29T03:15:00+05:30,2026-08-18T10:00:00+05:30
pay_faa9f301,bkg_51f15a9b,upi,captured,42927.56,42927.56,0.00,INR,mock_51f15a9b,pidem_afc31212c3ff19e5,,2026-07-25T05:15:40+05:30,2026-07-25T05:17:00+05:30,2026-07-25T05:15:00+05:30,2026-08-18T10:00:00+05:30
pay_1b6c52f8,bkg_29d24603,upi,captured,76126.38,76126.38,0.00,INR,mock_29d24603,pidem_a1d0bd73e64bc6f4,,2026-06-24T08:45:40+05:30,2026-06-24T08:47:00+05:30,2026-06-24T08:45:00+05:30,2026-08-18T10:00:00+05:30
pay_fc13ed0b,bkg_ae7848a1,upi,failed,6120.22,0.00,0.00,LKR,mock_ae7848a1,pidem_7a61619c6af53568,idempotency_conflict,2026-08-14T17:45:40+05:30,,2026-08-14T17:45:00+05:30,2026-08-18T10:00:00+05:30
pay_409facdf,bkg_519c4151,upi,captured,26861.48,26861.48,0.00,JPY,mock_519c4151,pidem_bd06f4f2a7908bd7,,2026-05-25T21:30:40+05:30,2026-05-25T21:32:00+05:30,2026-05-25T21:30:00+05:30,2026-08-18T10:00:00+05:30
pay_efa456d5,bkg_845e42ba,upi,captured,2758063.31,2758063.31,0.00,IDR,mock_845e42ba,pidem_cf28f62fe19f868f,,2026-04-29T06:00:40+05:30,2026-04-29T06:02:00+05:30,2026-04-29T06:00:00+05:30,2026-08-18T10:00:00+05:30
pay_6a4a1f12,bkg_76109801,card,captured,7938.87,7938.87,0.00,NPR,mock_76109801,pidem_2ec28e5d432d6fe8,,2026-06-27T02:30:40+05:30,2026-06-27T02:32:00+05:30,2026-06-27T02:30:00+05:30,2026-08-18T10:00:00+05:30
pay_5fe2afe8,bkg_4dbc8f03,wallet,captured,4497.72,4497.72,0.00,INR,mock_4dbc8f03,pidem_554a0b7ed1b16943,,2026-05-04T23:45:40+05:30,2026-05-04T23:47:00+05:30,2026-05-04T23:45:00+05:30,2026-08-18T10:00:00+05:30
pay_57465c59,bkg_680d94ff,card,captured,10417.28,10417.28,0.00,JPY,mock_680d94ff,pidem_a8670921985b9404,,2026-05-14T06:45:40+05:30,2026-05-14T06:47:00+05:30,2026-05-14T06:45:00+05:30,2026-08-18T10:00:00+05:30
pay_efcb3dbe,bkg_f5c7c139,upi,captured,88849.42,88849.42,0.00,INR,mock_f5c7c139,pidem_138068744e6c4ef7,,2026-07-03T20:45:40+05:30,2026-07-03T20:47:00+05:30,2026-07-03T20:45:00+05:30,2026-08-18T10:00:00+05:30
pay_cd7ca328,bkg_fc0a3cec,netbanking,captured,23916.41,23916.41,0.00,INR,mock_fc0a3cec,pidem_50d5e4da32caf6cb,,2026-04-28T04:00:40+05:30,2026-04-28T04:02:00+05:30,2026-04-28T04:00:00+05:30,2026-08-18T10:00:00+05:30
pay_4ea6f5e8,bkg_e66a63c7,mock,captured,34251.91,34251.91,0.00,INR,mock_e66a63c7,pidem_47eadb1427ddc924,,2026-07-08T21:00:40+05:30,2026-07-08T21:02:00+05:30,2026-07-08T21:00:00+05:30,2026-08-18T10:00:00+05:30
pay_c145e614,bkg_bb27af73,upi,captured,51357.14,51357.14,0.00,INR,mock_bb27af73,pidem_f10e14cff61d7135,,2026-06-09T08:15:40+05:30,2026-06-09T08:17:00+05:30,2026-06-09T08:15:00+05:30,2026-08-18T10:00:00+05:30
pay_50fd02f0,bkg_9d0170dc,mock,captured,13566.94,13566.94,0.00,INR,mock_9d0170dc,pidem_37c0750448a199d5,,2026-05-07T12:45:40+05:30,2026-05-07T12:47:00+05:30,2026-05-07T12:45:00+05:30,2026-08-18T10:00:00+05:30
pay_744936e7,bkg_9919ebc0,card,captured,8759.22,8759.22,0.00,INR,mock_9919ebc0,pidem_ea3d66798afade82,,2026-07-02T10:15:40+05:30,2026-07-02T10:17:00+05:30,2026-07-02T10:15:00+05:30,2026-08-18T10:00:00+05:30
pay_30ca2358,bkg_753aa963,card,captured,13720.27,13720.27,0.00,INR,mock_753aa963,pidem_c232cea1c75ed260,,2026-06-03T15:30:40+05:30,2026-06-03T15:32:00+05:30,2026-06-03T15:30:00+05:30,2026-08-18T10:00:00+05:30
pay_75419d4a,bkg_9de507a3,card,captured,3555.64,3555.64,0.00,AED,mock_9de507a3,pidem_4773c41a5c6471c1,,2026-08-01T18:15:40+05:30,2026-08-01T18:17:00+05:30,2026-08-01T18:15:00+05:30,2026-08-18T10:00:00+05:30
pay_79367380,bkg_f77db1fa,upi,refunded,5790.02,5790.02,5790.02,INR,mock_f77db1fa,pidem_b37acca6d6c91bcc,,2026-07-21T08:15:40+05:30,2026-07-21T08:17:00+05:30,2026-07-21T08:15:00+05:30,2026-08-18T10:00:00+05:30
pay_eb681bdd,bkg_7ab682c9,mock,captured,23893.03,23893.03,0.00,INR,mock_7ab682c9,pidem_63f1d87cf0586c86,,2026-07-26T13:15:40+05:30,2026-07-26T13:17:00+05:30,2026-07-26T13:15:00+05:30,2026-08-18T10:00:00+05:30
pay_db4b8de9,bkg_2f61eb25,card,captured,24502.82,24502.82,0.00,INR,mock_2f61eb25,pidem_6630ebd54697af27,,2026-08-04T02:00:40+05:30,2026-08-04T02:02:00+05:30,2026-08-04T02:00:00+05:30,2026-08-18T10:00:00+05:30
pay_196d1322,bkg_8e08856b,card,captured,34382.30,34382.30,0.00,INR,mock_8e08856b,pidem_b6269d16dcfa6064,,2026-06-27T09:15:40+05:30,2026-06-27T09:17:00+05:30,2026-06-27T09:15:00+05:30,2026-08-18T10:00:00+05:30
pay_89747130,bkg_d914df38,mock,captured,43229.57,43229.57,0.00,INR,mock_d914df38,pidem_917348aff48e817d,,2026-05-20T02:00:40+05:30,2026-05-20T02:02:00+05:30,2026-05-20T02:00:00+05:30,2026-08-18T10:00:00+05:30
pay_f125a93f,bkg_a2121c76,card,authorised,5833.87,0.00,0.00,INR,mock_a2121c76,pidem_f564ae84fbdf15dc,,2026-07-28T12:30:40+05:30,,2026-07-28T12:30:00+05:30,2026-08-18T10:00:00+05:30
pay_ff778989,bkg_952bd5be,card,refunded,24575.58,24575.58,24575.58,INR,mock_952bd5be,pidem_af510f99b64f2c1c,,2026-07-28T00:15:40+05:30,2026-07-28T00:17:00+05:30,2026-07-28T00:15:00+05:30,2026-08-18T10:00:00+05:30
pay_6ad74cc5,bkg_b6721fd3,card,captured,5110.18,5110.18,0.00,THB,mock_b6721fd3,pidem_d54ed99bbf7aa9f0,,2026-07-17T00:30:40+05:30,2026-07-17T00:32:00+05:30,2026-07-17T00:30:00+05:30,2026-08-18T10:00:00+05:30
pay_2904a7a1,bkg_18f8ae14,mock,captured,4682.27,4682.27,0.00,JPY,mock_18f8ae14,pidem_7b323266759f974e,,2026-08-07T13:15:40+05:30,2026-08-07T13:17:00+05:30,2026-08-07T13:15:00+05:30,2026-08-18T10:00:00+05:30
pay_1afbe24a,bkg_94fc6bf8,mock,refunded,6242.14,6242.14,6242.14,INR,mock_94fc6bf8,pidem_f817d3ea66948068,,2026-07-05T17:00:40+05:30,2026-07-05T17:02:00+05:30,2026-07-05T17:00:00+05:30,2026-08-18T10:00:00+05:30
pay_ddcd17dd,bkg_639c0b6d,card,refunded,32174.78,32174.78,32174.78,INR,mock_639c0b6d,pidem_e4e123407af705d3,,2026-06-23T16:30:40+05:30,2026-06-23T16:32:00+05:30,2026-06-23T16:30:00+05:30,2026-08-18T10:00:00+05:30
pay_4b04bd2e,bkg_d22ee4a4,card,failed,14774.73,0.00,0.00,INR,mock_d22ee4a4,pidem_86820d0493c6116d,idempotency_conflict,2026-06-10T06:45:40+05:30,,2026-06-10T06:45:00+05:30,2026-08-18T10:00:00+05:30
pay_8398e979,bkg_de14820b,mock,initiated,22029.24,0.00,0.00,INR,mock_de14820b,pidem_8b3b3bd3f93e9a46,,,,2026-05-29T17:15:00+05:30,2026-08-18T10:00:00+05:30
pay_5fa55584,bkg_c552ad97,upi,refunded,7980.86,7980.86,7980.86,INR,mock_c552ad97,pidem_0e9de29e3a5a7146,,2026-06-27T11:00:40+05:30,2026-06-27T11:02:00+05:30,2026-06-27T11:00:00+05:30,2026-08-18T10:00:00+05:30
pay_68d71745,bkg_2f853535,upi,captured,3649.15,3649.15,0.00,AED,mock_2f853535,pidem_f31fec5b4a492433,,2026-08-07T01:00:40+05:30,2026-08-07T01:02:00+05:30,2026-08-07T01:00:00+05:30,2026-08-18T10:00:00+05:30
pay_7e384035,bkg_a333fb44,upi,failed,46122.20,0.00,0.00,INR,mock_a333fb44,pidem_adcd6e0bcf40349d,idempotency_conflict,2026-04-28T13:15:40+05:30,,2026-04-28T13:15:00+05:30,2026-08-18T10:00:00+05:30
pay_badb7576,bkg_03f30926,mock,captured,6292.29,6292.29,0.00,INR,mock_03f30926,pidem_8db1116f8e24c50f,,2026-08-14T09:15:40+05:30,2026-08-14T09:17:00+05:30,2026-08-14T09:15:00+05:30,2026-08-18T10:00:00+05:30
pay_ce67eb8a,bkg_342e3286,netbanking,captured,36199.39,36199.39,0.00,MVR,mock_342e3286,pidem_69f34dbe58aa7efb,,2026-07-23T10:15:40+05:30,2026-07-23T10:17:00+05:30,2026-07-23T10:15:00+05:30,2026-08-18T10:00:00+05:30
pay_df93148d,bkg_57f67b3c,upi,refunded,14162.44,14162.44,14162.44,INR,mock_57f67b3c,pidem_06f3f572d2943875,,2026-08-03T03:15:40+05:30,2026-08-03T03:17:00+05:30,2026-08-03T03:15:00+05:30,2026-08-18T10:00:00+05:30
pay_99bdb9f9,bkg_8e251e3f,netbanking,refunded,16242.20,16242.20,16242.20,NPR,mock_8e251e3f,pidem_55b1e84f39dbba26,,2026-06-12T11:15:40+05:30,2026-06-12T11:17:00+05:30,2026-06-12T11:15:00+05:30,2026-08-18T10:00:00+05:30
pay_2813d070,bkg_5ec210a4,upi,captured,39772.35,39772.35,0.00,INR,mock_5ec210a4,pidem_ace1df1a36fb7a56,,2026-07-28T06:15:40+05:30,2026-07-28T06:17:00+05:30,2026-07-28T06:15:00+05:30,2026-08-18T10:00:00+05:30
pay_4481e6dc,bkg_a510d4d6,card,refunded,23893.45,23893.45,23893.45,INR,mock_a510d4d6,pidem_041881dda24281fc,,2026-08-15T07:30:40+05:30,2026-08-15T07:32:00+05:30,2026-08-15T07:30:00+05:30,2026-08-18T10:00:00+05:30
pay_e982e984,bkg_555a7ca6,upi,refunded,31372.97,31372.97,31372.97,THB,mock_555a7ca6,pidem_3718bb5dde2e2da8,,2026-08-06T10:45:40+05:30,2026-08-06T10:47:00+05:30,2026-08-06T10:45:00+05:30,2026-08-18T10:00:00+05:30
pay_f975b8c6,bkg_963ef6fa,upi,refunded,4244.42,4244.42,4244.42,AED,mock_963ef6fa,pidem_1868071f5588731b,,2026-06-10T09:45:40+05:30,2026-06-10T09:47:00+05:30,2026-06-10T09:45:00+05:30,2026-08-18T10:00:00+05:30
pay_1bf1510e,bkg_725d1a3b,card,captured,7701.19,7701.19,0.00,INR,mock_725d1a3b,pidem_ea03b41d4620d1ac,,2026-04-25T23:30:40+05:30,2026-04-25T23:32:00+05:30,2026-04-25T23:30:00+05:30,2026-08-18T10:00:00+05:30
pay_fa67669b,bkg_5e27cfae,upi,captured,5303.91,5303.91,0.00,LKR,mock_5e27cfae,pidem_d28e7efd96d4f38a,,2026-07-08T08:15:40+05:30,2026-07-08T08:17:00+05:30,2026-07-08T08:15:00+05:30,2026-08-18T10:00:00+05:30
pay_5956b585,bkg_d6a544d4,upi,refunded,49994.91,49994.91,49994.91,INR,mock_d6a544d4,pidem_ca0f7a1ea3e30ce4,,2026-07-06T14:45:40+05:30,2026-07-06T14:47:00+05:30,2026-07-06T14:45:00+05:30,2026-08-18T10:00:00+05:30
pay_fd65b1c5,bkg_4db15e89,upi,refunded,4720.93,4720.93,4720.93,INR,mock_4db15e89,pidem_f394489a57a72fc6,,2026-08-13T00:00:40+05:30,2026-08-13T00:02:00+05:30,2026-08-13T00:00:00+05:30,2026-08-18T10:00:00+05:30
pay_b09f7581,bkg_c1cceacf,upi,captured,18808.45,18808.45,0.00,INR,mock_c1cceacf,pidem_0bef27d8d09fccf9,,2026-05-22T04:30:40+05:30,2026-05-22T04:32:00+05:30,2026-05-22T04:30:00+05:30,2026-08-18T10:00:00+05:30
pay_833edb82,bkg_c6a5b155,card,captured,33850.91,33850.91,0.00,INR,mock_c6a5b155,pidem_7368f46d4fbce506,,2026-06-09T01:15:40+05:30,2026-06-09T01:17:00+05:30,2026-06-09T01:15:00+05:30,2026-08-18T10:00:00+05:30
pay_778f6482,bkg_609d32b2,upi,captured,17295.72,17295.72,0.00,INR,mock_609d32b2,pidem_2c0e97c60c56bfd8,,2026-07-02T15:45:40+05:30,2026-07-02T15:47:00+05:30,2026-07-02T15:45:00+05:30,2026-08-18T10:00:00+05:30
pay_361959db,bkg_e2f9976e,card,captured,11021.56,11021.56,0.00,INR,mock_e2f9976e,pidem_41a82e4f11ebc56a,,2026-07-20T11:00:40+05:30,2026-07-20T11:02:00+05:30,2026-07-20T11:00:00+05:30,2026-08-18T10:00:00+05:30
pay_47c17571,bkg_745d29b2,card,captured,4006.14,4006.14,0.00,CHF,mock_745d29b2,pidem_0a68e0a8741beab2,,2026-07-08T20:45:40+05:30,2026-07-08T20:47:00+05:30,2026-07-08T20:45:00+05:30,2026-08-18T10:00:00+05:30
pay_e3d2e1c3,bkg_7e2f393e,upi,captured,7433.97,7433.97,0.00,AED,mock_7e2f393e,pidem_5a980fea91a8a868,,2026-08-01T18:15:40+05:30,2026-08-01T18:17:00+05:30,2026-08-01T18:15:00+05:30,2026-08-18T10:00:00+05:30
pay_b1b887e0,bkg_16f2b56a,upi,captured,59417.16,59417.16,0.00,INR,mock_16f2b56a,pidem_b5a3bac5c6b925aa,,2026-08-02T06:00:40+05:30,2026-08-02T06:02:00+05:30,2026-08-02T06:00:00+05:30,2026-08-18T10:00:00+05:30
pay_06bd610d,bkg_9b55bdb5,netbanking,captured,6485.94,6485.94,0.00,AED,mock_9b55bdb5,pidem_f56c5796383ac72c,,2026-04-28T14:15:40+05:30,2026-04-28T14:17:00+05:30,2026-04-28T14:15:00+05:30,2026-08-18T10:00:00+05:30
pay_3fd48123,bkg_b61a0dbb,card,failed,114061.15,0.00,0.00,INR,mock_b61a0dbb,pidem_58e4d60bb683e283,idempotency_conflict,2026-04-29T08:45:40+05:30,,2026-04-29T08:45:00+05:30,2026-08-18T10:00:00+05:30
pay_b468b029,bkg_eba445a9,upi,captured,162119.93,162119.93,0.00,INR,mock_eba445a9,pidem_49d338162c852ffb,,2026-05-15T17:45:40+05:30,2026-05-15T17:47:00+05:30,2026-05-15T17:45:00+05:30,2026-08-18T10:00:00+05:30
pay_3e05fe4b,bkg_48a4937c,wallet,captured,9576.82,9576.82,0.00,IDR,mock_48a4937c,pidem_9904091bec160679,,2026-05-18T11:30:40+05:30,2026-05-18T11:32:00+05:30,2026-05-18T11:30:00+05:30,2026-08-18T10:00:00+05:30
pay_e0cb0fcc,bkg_3c0ef705,netbanking,captured,31899.68,31899.68,0.00,INR,mock_3c0ef705,pidem_8415f8637a13aa24,,2026-05-03T22:15:40+05:30,2026-05-03T22:17:00+05:30,2026-05-03T22:15:00+05:30,2026-08-18T10:00:00+05:30
pay_2dcd7085,bkg_0afa6c16,upi,captured,29160.41,29160.41,0.00,INR,mock_0afa6c16,pidem_98c6ad9347270a8c,,2026-06-14T21:00:40+05:30,2026-06-14T21:02:00+05:30,2026-06-14T21:00:00+05:30,2026-08-18T10:00:00+05:30
pay_0db458f2,bkg_af19e535,card,captured,5443.14,5443.14,0.00,AED,mock_af19e535,pidem_e3ccf4ee1eb3cab9,,2026-06-15T05:30:40+05:30,2026-06-15T05:32:00+05:30,2026-06-15T05:30:00+05:30,2026-08-18T10:00:00+05:30
pay_9d10a8db,bkg_a63d01e9,upi,captured,58710.81,58710.81,0.00,INR,mock_a63d01e9,pidem_b84e225d8f050977,,2026-05-11T05:45:40+05:30,2026-05-11T05:47:00+05:30,2026-05-11T05:45:00+05:30,2026-08-18T10:00:00+05:30
pay_dbb6446f,bkg_6a333036,upi,initiated,45129.50,0.00,0.00,INR,mock_6a333036,pidem_4b776bbb85038fff,,,,2026-06-02T21:00:00+05:30,2026-08-18T10:00:00+05:30
pay_418722e3,bkg_28a9237a,wallet,captured,5795.57,5795.57,0.00,THB,mock_28a9237a,pidem_543c9fd6a92ca8c0,,2026-04-30T04:30:40+05:30,2026-04-30T04:32:00+05:30,2026-04-30T04:30:00+05:30,2026-08-18T10:00:00+05:30
pay_0bf377ba,bkg_0e777596,upi,captured,20129.02,20129.02,0.00,INR,mock_0e777596,pidem_6164937ed7ad41df,,2026-07-28T00:15:40+05:30,2026-07-28T00:17:00+05:30,2026-07-28T00:15:00+05:30,2026-08-18T10:00:00+05:30
pay_21b0f22d,bkg_ef7b99e6,upi,failed,12169.65,0.00,0.00,INR,mock_ef7b99e6,pidem_e4f6330d1a6c327b,idempotency_conflict,2026-07-17T20:15:40+05:30,,2026-07-17T20:15:00+05:30,2026-08-18T10:00:00+05:30
pay_eb3a29cb,bkg_3f7a8e4e,upi,captured,26778.45,26778.45,0.00,CHF,mock_3f7a8e4e,pidem_7c29b0df72d3677d,,2026-07-23T21:00:40+05:30,2026-07-23T21:02:00+05:30,2026-07-23T21:00:00+05:30,2026-08-18T10:00:00+05:30
pay_b81d280e,bkg_7dd45119,mock,captured,2401.71,2401.71,0.00,MVR,mock_7dd45119,pidem_8aa4026b3879b72f,,2026-07-29T13:30:40+05:30,2026-07-29T13:32:00+05:30,2026-07-29T13:30:00+05:30,2026-08-18T10:00:00+05:30
pay_c24f89be,bkg_2e4b0185,card,initiated,46007.11,0.00,0.00,INR,mock_2e4b0185,pidem_55b92b28e536a345,,,,2026-06-04T22:45:00+05:30,2026-08-18T10:00:00+05:30
pay_af703c9a,bkg_3ade8789,card,captured,6397.33,6397.33,0.00,INR,mock_3ade8789,pidem_75c38ed78bbb89ca,,2026-07-16T07:30:40+05:30,2026-07-16T07:32:00+05:30,2026-07-16T07:30:00+05:30,2026-08-18T10:00:00+05:30
pay_332199f9,bkg_d19ba4e0,upi,captured,10329.51,10329.51,0.00,INR,mock_d19ba4e0,pidem_d974a06cd629612e,,2026-05-13T10:00:40+05:30,2026-05-13T10:02:00+05:30,2026-05-13T10:00:00+05:30,2026-08-18T10:00:00+05:30
pay_5441526d,bkg_927c5af4,mock,refunded,5391.28,5391.28,5391.28,THB,mock_927c5af4,pidem_ad40aa62f9069c8d,,2026-05-18T09:00:40+05:30,2026-05-18T09:02:00+05:30,2026-05-18T09:00:00+05:30,2026-08-18T10:00:00+05:30
pay_5333ca8d,bkg_a45844f9,upi,captured,9252.96,9252.96,0.00,INR,mock_a45844f9,pidem_aa8629cd356717fe,,2026-06-03T14:30:40+05:30,2026-06-03T14:32:00+05:30,2026-06-03T14:30:00+05:30,2026-08-18T10:00:00+05:30
pay_946c32c5,bkg_ae027d4a,card,captured,51662.51,51662.51,0.00,INR,mock_ae027d4a,pidem_ace84704512cfbe1,,2026-06-28T22:00:40+05:30,2026-06-28T22:02:00+05:30,2026-06-28T22:00:00+05:30,2026-08-18T10:00:00+05:30
pay_3d02563b,bkg_b469ed0c,card,refunded,6328.07,6328.07,6328.07,INR,mock_b469ed0c,pidem_a26737fbb387c21e,,2026-08-14T23:00:40+05:30,2026-08-14T23:02:00+05:30,2026-08-14T23:00:00+05:30,2026-08-18T10:00:00+05:30
pay_6a610d65,bkg_112456f7,card,refunded,64991.92,64991.92,64991.92,INR,mock_112456f7,pidem_f87301fdd2ff80dd,,2026-05-20T20:00:40+05:30,2026-05-20T20:02:00+05:30,2026-05-20T20:00:00+05:30,2026-08-18T10:00:00+05:30
pay_3c1faa47,bkg_2676a38f,wallet,captured,26085.96,26085.96,0.00,INR,mock_2676a38f,pidem_f81c90471f77cb92,,2026-07-28T18:00:40+05:30,2026-07-28T18:02:00+05:30,2026-07-28T18:00:00+05:30,2026-08-18T10:00:00+05:30
pay_38c9c62c,bkg_df30837b,upi,authorised,32705.57,0.00,0.00,INR,mock_df30837b,pidem_e982f6a2f78f2030,,2026-06-25T04:30:40+05:30,,2026-06-25T04:30:00+05:30,2026-08-18T10:00:00+05:30
pay_26511b2c,bkg_ca97c882,card,refunded,17915.04,17915.04,17915.04,INR,mock_ca97c882,pidem_dac8f9816f49f1d6,,2026-06-14T03:15:40+05:30,2026-06-14T03:17:00+05:30,2026-06-14T03:15:00+05:30,2026-08-18T10:00:00+05:30
pay_110f5116,bkg_ba59decf,card,captured,3965.64,3965.64,0.00,INR,mock_ba59decf,pidem_b2058bc22d4dfb69,,2026-06-22T10:45:40+05:30,2026-06-22T10:47:00+05:30,2026-06-22T10:45:00+05:30,2026-08-18T10:00:00+05:30
pay_83dd8162,bkg_3488dda9,netbanking,captured,7490.93,7490.93,0.00,INR,mock_3488dda9,pidem_ce87c4c13368e4a3,,2026-06-14T20:00:40+05:30,2026-06-14T20:02:00+05:30,2026-06-14T20:00:00+05:30,2026-08-18T10:00:00+05:30
pay_b979c376,bkg_e482f644,card,failed,14830843.57,0.00,0.00,IDR,mock_e482f644,pidem_be210b3cc868c405,idempotency_conflict,2026-05-21T21:30:40+05:30,,2026-05-21T21:30:00+05:30,2026-08-18T10:00:00+05:30
pay_1e91722c,bkg_63051ff4,netbanking,captured,10835.80,10835.80,0.00,INR,mock_63051ff4,pidem_90b4fa32b83faaea,,2026-07-26T12:30:40+05:30,2026-07-26T12:32:00+05:30,2026-07-26T12:30:00+05:30,2026-08-18T10:00:00+05:30
pay_87908504,bkg_2001ad42,upi,captured,3713.93,3713.93,0.00,QAR,mock_2001ad42,pidem_2716ce415964191d,,2026-07-28T21:00:40+05:30,2026-07-28T21:02:00+05:30,2026-07-28T21:00:00+05:30,2026-08-18T10:00:00+05:30
pay_40550991,bkg_4de13148,wallet,captured,56569.05,56569.05,0.00,INR,mock_4de13148,pidem_4929c5776d2ecb6d,,2026-05-28T19:45:40+05:30,2026-05-28T19:47:00+05:30,2026-05-28T19:45:00+05:30,2026-08-18T10:00:00+05:30
pay_b168e8d5,bkg_dadb8ab9,card,authorised,29511.17,0.00,0.00,CHF,mock_dadb8ab9,pidem_6778e3c9fe93cfd9,,2026-05-14T02:45:40+05:30,,2026-05-14T02:45:00+05:30,2026-08-18T10:00:00+05:30
pay_b3495830,bkg_0b0c631f,mock,captured,3506.08,3506.08,0.00,INR,mock_0b0c631f,pidem_f51fa11b4a29ae06,,2026-08-15T08:15:40+05:30,2026-08-15T08:17:00+05:30,2026-08-15T08:15:00+05:30,2026-08-18T10:00:00+05:30
pay_0bdb593c,bkg_79b0e19c,upi,refunded,31268314.11,31268314.11,31268314.11,IDR,mock_79b0e19c,pidem_a398881b294db2fa,,2026-06-11T16:30:40+05:30,2026-06-11T16:32:00+05:30,2026-06-11T16:30:00+05:30,2026-08-18T10:00:00+05:30
pay_bf82c064,bkg_8e9f6f4d,upi,captured,9550.22,9550.22,0.00,INR,mock_8e9f6f4d,pidem_09b0367c6605a8f8,,2026-05-18T00:45:40+05:30,2026-05-18T00:47:00+05:30,2026-05-18T00:45:00+05:30,2026-08-18T10:00:00+05:30
pay_18fe3550,bkg_c799c331,card,refunded,11273.38,11273.38,11273.38,INR,mock_c799c331,pidem_ffc9de009d59b9da,,2026-05-13T09:45:40+05:30,2026-05-13T09:47:00+05:30,2026-05-13T09:45:00+05:30,2026-08-18T10:00:00+05:30
pay_e272ce60,bkg_6d5e76f1,card,captured,13961.09,13961.09,0.00,NPR,mock_6d5e76f1,pidem_b3a9de972d417665,,2026-08-07T18:30:40+05:30,2026-08-07T18:32:00+05:30,2026-08-07T18:30:00+05:30,2026-08-18T10:00:00+05:30
pay_7934cedc,bkg_66f823f9,card,captured,50361.20,50361.20,0.00,INR,mock_66f823f9,pidem_2b762f7844c3927b,,2026-06-29T13:45:40+05:30,2026-06-29T13:47:00+05:30,2026-06-29T13:45:00+05:30,2026-08-18T10:00:00+05:30
pay_9f61acb7,bkg_89332169,card,captured,609.90,609.90,0.00,MYR,mock_89332169,pidem_febb91f4c52b4fe0,,2026-05-09T13:30:40+05:30,2026-05-09T13:32:00+05:30,2026-05-09T13:30:00+05:30,2026-08-18T10:00:00+05:30
pay_7e892353,bkg_dbfab0e3,card,captured,6302.80,6302.80,0.00,INR,mock_dbfab0e3,pidem_18448e476e7c8d78,,2026-07-21T21:00:40+05:30,2026-07-21T21:02:00+05:30,2026-07-21T21:00:00+05:30,2026-08-18T10:00:00+05:30
pay_06d4dd9b,bkg_a691c8d6,mock,captured,26831.75,26831.75,0.00,JPY,mock_a691c8d6,pidem_b465b7b461a1429b,,2026-07-18T17:00:40+05:30,2026-07-18T17:02:00+05:30,2026-07-18T17:00:00+05:30,2026-08-18T10:00:00+05:30
pay_7e2fc1f3,bkg_c2cc89f9,card,captured,3627.97,3627.97,0.00,INR,mock_c2cc89f9,pidem_189ec8b5572beb9b,,2026-05-14T09:15:40+05:30,2026-05-14T09:17:00+05:30,2026-05-14T09:15:00+05:30,2026-08-18T10:00:00+05:30
pay_51016fbc,bkg_7dc2b00c,mock,captured,27971.66,27971.66,0.00,INR,mock_7dc2b00c,pidem_83285dd915f9de93,,2026-07-09T18:15:40+05:30,2026-07-09T18:17:00+05:30,2026-07-09T18:15:00+05:30,2026-08-18T10:00:00+05:30
pay_654f423e,bkg_0df268cf,upi,initiated,2170.34,0.00,0.00,INR,mock_0df268cf,pidem_5cf39f8232ee9a7b,,,,2026-04-23T02:15:00+05:30,2026-08-18T10:00:00+05:30
pay_134185ba,bkg_e821f3c5,upi,authorised,41513.74,0.00,0.00,INR,mock_e821f3c5,pidem_3b31f87123d4bfaa,,2026-06-11T07:30:40+05:30,,2026-06-11T07:30:00+05:30,2026-08-18T10:00:00+05:30
pay_377b6b8f,bkg_6eedd8bf,mock,captured,5511.09,5511.09,0.00,INR,mock_6eedd8bf,pidem_795b7f82017f0b2a,,2026-06-15T23:30:40+05:30,2026-06-15T23:32:00+05:30,2026-06-15T23:30:00+05:30,2026-08-18T10:00:00+05:30
pay_4f21262b,bkg_75d3823b,upi,captured,3544.15,3544.15,0.00,INR,mock_75d3823b,pidem_5fed29600a9c49cf,,2026-05-22T21:30:40+05:30,2026-05-22T21:32:00+05:30,2026-05-22T21:30:00+05:30,2026-08-18T10:00:00+05:30
pay_60257f64,bkg_4cb9283f,card,captured,3329.10,3329.10,0.00,INR,mock_4cb9283f,pidem_ae96174033a59c27,,2026-08-06T19:45:40+05:30,2026-08-06T19:47:00+05:30,2026-08-06T19:45:00+05:30,2026-08-18T10:00:00+05:30
pay_df77a326,bkg_405a9861,upi,captured,32989.60,32989.60,0.00,INR,mock_405a9861,pidem_8499fae577369cf6,,2026-05-09T09:15:40+05:30,2026-05-09T09:17:00+05:30,2026-05-09T09:15:00+05:30,2026-08-18T10:00:00+05:30
pay_a2f23b23,bkg_4934266d,mock,captured,3187.90,3187.90,0.00,MYR,mock_4934266d,pidem_1480fc981ac5d9b5,,2026-06-07T09:00:40+05:30,2026-06-07T09:02:00+05:30,2026-06-07T09:00:00+05:30,2026-08-18T10:00:00+05:30
pay_661a0c1e,bkg_1199592c,upi,initiated,10909.44,0.00,0.00,INR,mock_1199592c,pidem_5946498f167eda14,,,,2026-05-19T18:30:00+05:30,2026-08-18T10:00:00+05:30
pay_12d3ed97,bkg_8945e7fc,upi,captured,10596.78,10596.78,0.00,INR,mock_8945e7fc,pidem_e0cfc5475570b2a9,,2026-07-05T06:30:40+05:30,2026-07-05T06:32:00+05:30,2026-07-05T06:30:00+05:30,2026-08-18T10:00:00+05:30
pay_fae05ec3,bkg_76da4b27,card,captured,11344.42,11344.42,0.00,INR,mock_76da4b27,pidem_f82d5e0378729269,,2026-05-25T14:45:40+05:30,2026-05-25T14:47:00+05:30,2026-05-25T14:45:00+05:30,2026-08-18T10:00:00+05:30
pay_3ff5d637,bkg_ca0172de,card,refunded,33942.63,33942.63,33942.63,INR,mock_ca0172de,pidem_6e7371fdfa498149,,2026-04-24T09:45:40+05:30,2026-04-24T09:47:00+05:30,2026-04-24T09:45:00+05:30,2026-08-18T10:00:00+05:30
pay_ae4eed29,bkg_9c9d758c,upi,captured,11659.24,11659.24,0.00,LKR,mock_9c9d758c,pidem_0211ea14900bf46b,,2026-06-29T14:15:40+05:30,2026-06-29T14:17:00+05:30,2026-06-29T14:15:00+05:30,2026-08-18T10:00:00+05:30
pay_88cbce0e,bkg_fed35eae,upi,captured,10402.32,10402.32,0.00,INR,mock_fed35eae,pidem_0fbff6722ac38631,,2026-04-26T16:30:40+05:30,2026-04-26T16:32:00+05:30,2026-04-26T16:30:00+05:30,2026-08-18T10:00:00+05:30
pay_e358be3f,bkg_0572a696,mock,refunded,8978.98,8978.98,8978.98,INR,mock_0572a696,pidem_35dc40fac23aca15,,2026-05-30T12:30:40+05:30,2026-05-30T12:32:00+05:30,2026-05-30T12:30:00+05:30,2026-08-18T10:00:00+05:30
pay_cee1c28b,bkg_0b723382,card,captured,7740.48,7740.48,0.00,THB,mock_0b723382,pidem_388216dbb3227f2a,,2026-08-11T18:00:40+05:30,2026-08-11T18:02:00+05:30,2026-08-11T18:00:00+05:30,2026-08-18T10:00:00+05:30
pay_f03402c4,bkg_5e7aecfd,card,captured,47902.00,47902.00,0.00,INR,mock_5e7aecfd,pidem_946eac42728b9b27,,2026-05-28T05:00:40+05:30,2026-05-28T05:02:00+05:30,2026-05-28T05:00:00+05:30,2026-08-18T10:00:00+05:30
pay_dce6a1ac,bkg_f8389f30,upi,captured,10650.06,10650.06,0.00,INR,mock_f8389f30,pidem_b7b941d07c7eb8c1,,2026-08-10T02:30:40+05:30,2026-08-10T02:32:00+05:30,2026-08-10T02:30:00+05:30,2026-08-18T10:00:00+05:30
pay_4168ffd8,bkg_5e16151c,upi,captured,7344.02,7344.02,0.00,INR,mock_5e16151c,pidem_ca971f8d61d1816f,,2026-08-13T21:30:40+05:30,2026-08-13T21:32:00+05:30,2026-08-13T21:30:00+05:30,2026-08-18T10:00:00+05:30
pay_e2a10ede,bkg_13ec005a,mock,captured,33028.53,33028.53,0.00,INR,mock_13ec005a,pidem_345e454c44465455,,2026-08-13T11:00:40+05:30,2026-08-13T11:02:00+05:30,2026-08-13T11:00:00+05:30,2026-08-18T10:00:00+05:30
pay_6226907e,bkg_d12f5965,upi,authorised,7927.11,0.00,0.00,QAR,mock_d12f5965,pidem_01a586f5e759aefa,,2026-08-15T13:00:40+05:30,,2026-08-15T13:00:00+05:30,2026-08-18T10:00:00+05:30
pay_d1a9c9af,bkg_2da85978,upi,captured,23868.97,23868.97,0.00,INR,mock_2da85978,pidem_7927b2a84ba652dc,,2026-05-22T07:00:40+05:30,2026-05-22T07:02:00+05:30,2026-05-22T07:00:00+05:30,2026-08-18T10:00:00+05:30
pay_bf756378,bkg_a88bc697,mock,authorised,13701.18,0.00,0.00,AED,mock_a88bc697,pidem_7fbfd3de0804b5b1,,2026-06-17T19:00:40+05:30,,2026-06-17T19:00:00+05:30,2026-08-18T10:00:00+05:30
pay_8c6acee8,bkg_67c01bee,upi,captured,55990.32,55990.32,0.00,INR,mock_67c01bee,pidem_c6c9a8c0440e00c9,,2026-06-10T09:15:40+05:30,2026-06-10T09:17:00+05:30,2026-06-10T09:15:00+05:30,2026-08-18T10:00:00+05:30
pay_b347610a,bkg_78856aa2,card,captured,54338.56,54338.56,0.00,INR,mock_78856aa2,pidem_8639fcb0583723fe,,2026-04-22T22:00:40+05:30,2026-04-22T22:02:00+05:30,2026-04-22T22:00:00+05:30,2026-08-18T10:00:00+05:30
pay_769fc48b,bkg_0654be20,upi,initiated,9608.52,0.00,0.00,INR,mock_0654be20,pidem_b3e980ba29cb5846,,,,2026-08-16T07:45:00+05:30,2026-08-18T10:00:00+05:30
pay_10a50daf,bkg_252c5e6f,upi,captured,5983.02,5983.02,0.00,THB,mock_252c5e6f,pidem_a4e3fd48061aabeb,,2026-08-15T02:15:40+05:30,2026-08-15T02:17:00+05:30,2026-08-15T02:15:00+05:30,2026-08-18T10:00:00+05:30
pay_c29a1a3e,bkg_7a0fe67b,upi,captured,13053.92,13053.92,0.00,INR,mock_7a0fe67b,pidem_bab3216f8cd2640c,,2026-06-01T13:30:40+05:30,2026-06-01T13:32:00+05:30,2026-06-01T13:30:00+05:30,2026-08-18T10:00:00+05:30
pay_017a1c52,bkg_42111d37,upi,captured,12685.57,12685.57,0.00,INR,mock_42111d37,pidem_802ccb4ae9b00a79,,2026-04-25T06:15:40+05:30,2026-04-25T06:17:00+05:30,2026-04-25T06:15:00+05:30,2026-08-18T10:00:00+05:30
pay_3331525e,bkg_72cb7003,netbanking,failed,23672.10,0.00,0.00,INR,mock_72cb7003,pidem_172ae02871610a50,idempotency_conflict,2026-08-02T16:30:40+05:30,,2026-08-02T16:30:00+05:30,2026-08-18T10:00:00+05:30
pay_d872d5e0,bkg_c3cab30c,card,captured,31110.91,31110.91,0.00,INR,mock_c3cab30c,pidem_4c87d782a185cb0d,,2026-07-22T22:45:40+05:30,2026-07-22T22:47:00+05:30,2026-07-22T22:45:00+05:30,2026-08-18T10:00:00+05:30
pay_a359d74e,bkg_6f696220,card,captured,40913.24,40913.24,0.00,INR,mock_6f696220,pidem_a43fa05b4fceaea9,,2026-07-03T00:45:40+05:30,2026-07-03T00:47:00+05:30,2026-07-03T00:45:00+05:30,2026-08-18T10:00:00+05:30
pay_67537477,bkg_0b358d9a,mock,captured,169525.80,169525.80,0.00,INR,mock_0b358d9a,pidem_689146d36f0cea6b,,2026-06-28T02:45:40+05:30,2026-06-28T02:47:00+05:30,2026-06-28T02:45:00+05:30,2026-08-18T10:00:00+05:30
pay_3c93d0b1,bkg_b4539cc1,card,captured,4214.20,4214.20,0.00,MVR,mock_b4539cc1,pidem_c9f10b248e126cbc,,2026-06-07T17:45:40+05:30,2026-06-07T17:47:00+05:30,2026-06-07T17:45:00+05:30,2026-08-18T10:00:00+05:30
pay_5e91a55d,bkg_ca831d20,mock,captured,20681.40,20681.40,0.00,INR,mock_ca831d20,pidem_9611cb3c9a3d2caf,,2026-06-29T06:00:40+05:30,2026-06-29T06:02:00+05:30,2026-06-29T06:00:00+05:30,2026-08-18T10:00:00+05:30
pay_6bff9ac9,bkg_b63c577a,upi,failed,5916.76,0.00,0.00,INR,mock_b63c577a,pidem_bbcdae02407e9c29,idempotency_conflict,2026-07-08T18:15:40+05:30,,2026-07-08T18:15:00+05:30,2026-08-18T10:00:00+05:30
pay_3fc3d39f,bkg_c75685a2,upi,refunded,9652.63,9652.63,9652.63,INR,mock_c75685a2,pidem_b1e2f62f06cde2c3,,2026-07-20T15:00:40+05:30,2026-07-20T15:02:00+05:30,2026-07-20T15:00:00+05:30,2026-08-18T10:00:00+05:30
pay_6f8f3a0f,bkg_8412a58d,card,refunded,136691.46,136691.46,136691.46,INR,mock_8412a58d,pidem_2070b1617b0d4e31,,2026-05-03T15:00:40+05:30,2026-05-03T15:02:00+05:30,2026-05-03T15:00:00+05:30,2026-08-18T10:00:00+05:30
pay_040697a6,bkg_ea97db8a,upi,captured,10410.02,10410.02,0.00,AED,mock_ea97db8a,pidem_3b87229e2d6c1411,,2026-05-05T01:15:40+05:30,2026-05-05T01:17:00+05:30,2026-05-05T01:15:00+05:30,2026-08-18T10:00:00+05:30
pay_47a08f74,bkg_f6854215,upi,failed,3072.62,0.00,0.00,INR,mock_f6854215,pidem_3e446727b89a7d1d,idempotency_conflict,2026-06-06T04:15:40+05:30,,2026-06-06T04:15:00+05:30,2026-08-18T10:00:00+05:30
