booking_item_id,booking_id,entity_type,entity_id,inventory_id,title,for_date,units,unit_price,line_total,currency,status,compensated_at,updated_at
bit_b0314b5c,bkg_8d0849e2,flight_fare,far_43df12ef,inv_727edd16,Flight seat,2026-09-05,2,5568.22,11136.44,THB,compensated,2026-05-07T16:49:00+05:30,2026-08-18T10:00:00+05:30
bit_77225159,bkg_f3f14669,room_type,rmt_4faddc19,inv_2dd59a64,Family Room @ Garden Ghat House & Spa,2026-11-21,2,5668.86,11337.72,AED,confirmed,,2026-08-18T10:00:00+05:30
bit_c9bb4c9f,bkg_9fbe30f1,room_type,rmt_a369d34e,inv_a639fb4b,Twin Economy @ The Old Regency Inn,2026-11-15,1,4572.10,4572.10,INR,confirmed,,2026-08-18T10:00:00+05:30
bit_a64ac17f,bkg_9fbe30f1,flight_fare,far_4c00f874,inv_10c6c816,Flight seat,2026-10-01,1,14895.66,14895.66,INR,confirmed,,2026-08-18T10:00:00+05:30
bit_e00733c3,bkg_71bc2fda,room_type,rmt_0d437b01,inv_d00b8fde,Heritage Room @ Amber Mahal Inn,2026-09-30,1,2154.56,2154.56,INR,confirmed,,2026-08-18T10:00:00+05:30
bit_79707945,bkg_0fe06257,room_type,rmt_b2228b31,inv_2846700e,Standard @ Villa Meadows Homestay,2026-11-02,2,3317.55,6635.10,INR,confirmed,,2026-08-18T10:00:00+05:30
bit_d31bdef5,bkg_1cead6ba,flight_fare,far_f8125459,inv_09748b8e,Flight seat,2026-09-13,2,371.52,743.04,AED,confirmed,,2026-08-18T10:00:00+05:30
bit_d1c4694c,bkg_191f5ae9,room_type,rmt_c946b4c2,inv_4df5c6da,Premier Suite @ Royal Sanctuary Suites,2026-11-01,1,9681.47,9681.47,INR,pending,,2026-08-18T10:00:00+05:30
bit_c3347c90,bkg_191f5ae9,room_type,rmt_796b88e6,inv_22860720,Deluxe @ The Old Vihar Resort,2026-09-09,2,27466.39,54932.78,INR,pending,,2026-08-18T10:00:00+05:30
bit_be9cec0c,bkg_191f5ae9,room_type,rmt_15de3a69,inv_3bc1f4a3,Deluxe @ Royal Manor & Spa,2026-10-28,1,9456.63,9456.63,INR,pending,,2026-08-18T10:00:00+05:30
bit_1f17be75,bkg_21080582,room_type,rmt_6459e588,inv_dc51d533,Deluxe @ The Terraces Resort,2026-09-29,2,11635.00,23270.00,INR,cancelled,,2026-08-18T10:00:00+05:30
bit_2052257b,bkg_c2904ebe,room_type,rmt_5e6f1662,inv_1f543c3e,Family Room @ Riverside Sarovar Boutique Stay,2026-11-02,2,6528.82,13057.64,INR,confirmed,,2026-08-18T10:00:00+05:30
bit_50e7961d,bkg_195d6ea3,flight_fare,far_071b4754,inv_475571b1,Flight seat,2026-09-23,2,6258.39,12516.78,INR,confirmed,,2026-08-18T10:00:00+05:30
bit_58dd3133,bkg_195d6ea3,flight_fare,far_41d097fe,inv_544756df,Flight seat,2026-11-23,1,1942.33,1942.33,INR,confirmed,,2026-08-18T10:00:00+05:30
bit_834bd427,bkg_b331a12e,room_type,rmt_ba5d7ad1,inv_f8953642,Executive @ The Residency Homestay,2026-11-13,2,43578.85,87157.70,INR,cancelled,,2026-08-18T10:00:00+05:30
bit_13dc1eff,bkg_b3f4b8fd,room_type,rmt_12d96357,inv_58c195cb,Standard @ Garden Sarovar Homestay,2026-09-16,2,7344.23,14688.46,INR,confirmed,,2026-08-18T10:00:00+05:30
bit_fcddf10e,bkg_994e397a,room_type,rmt_6499086b,inv_8d3430e2,Standard @ Hillview Regency Suites,2026-09-07,2,1954.51,3909.02,INR,confirmed,,2026-08-18T10:00:00+05:30
bit_3a1b97b0,bkg_9377e970,room_type,rmt_ce7264de,inv_09a8bc4f,Executive @ Riverside Sanctuary Inn,2026-10-10,1,3986.77,3986.77,INR,confirmed,,2026-08-18T10:00:00+05:30
bit_ddca1613,bkg_370aa5b3,room_type,rmt_2db0c6c3,inv_4733514a,Heritage Room @ Hillview Bagh Suites,2026-11-05,1,8678.37,8678.37,INR,confirmed,,2026-08-18T10:00:00+05:30
bit_5081d2fe,bkg_74144e7b,room_type,rmt_031c6f90,inv_ea3463c1,Family Room @ Royal Terraces Suites,2026-11-17,1,26347.65,26347.65,INR,confirmed,,2026-08-18T10:00:00+05:30
bit_f63b8c15,bkg_74144e7b,room_type,rmt_e1b794e9,inv_af704f25,Deluxe @ Royal Residency Inn,2026-10-30,2,18681.39,37362.78,INR,confirmed,,2026-08-18T10:00:00+05:30
bit_6c71b372,bkg_1d1e89ab,flight_fare,far_a57e05c1,inv_4fd58b28,Flight seat,2026-09-09,1,13679.19,13679.19,INR,confirmed,,2026-08-18T10:00:00+05:30
bit_191f5e06,bkg_144e317c,room_type,rmt_0f009220,inv_ecd2165b,Deluxe @ Palm Courtyard Heritage,2026-09-13,1,9459.13,9459.13,INR,confirmed,,2026-08-18T10:00:00+05:30
bit_d81e14b3,bkg_aabdfc13,room_type,rmt_3e31fe20,inv_231b065d,Heritage Room @ Indigo Orchard & Spa,2026-10-10,2,21190.86,42381.72,AED,confirmed,,2026-08-18T10:00:00+05:30
bit_063eae6b,bkg_1db61efe,flight_fare,far_469c91d5,inv_7d7bcbe9,Flight seat,2026-10-22,2,9621.62,19243.24,INR,confirmed,,2026-08-18T10:00:00+05:30
bit_3617fd7a,bkg_69566a24,room_type,rmt_df2d2be7,inv_8c810bce,Premier Suite @ Hillview Nest Inn,2026-09-17,1,9376.73,9376.73,INR,confirmed,,2026-08-18T10:00:00+05:30
bit_5491a8b9,bkg_7383cc12,room_type,rmt_24f68d46,inv_e97529db,Executive @ Indigo Meadows Boutique Stay,2026-10-29,1,6088.38,6088.38,INR,pending,,2026-08-18T10:00:00+05:30
bit_8c4251da,bkg_7383cc12,room_type,rmt_2919bbfe,inv_adbfa109,Heritage Room @ Palm Sarovar,2026-09-16,1,8191.52,8191.52,INR,pending,,2026-08-18T10:00:00+05:30
bit_c02b09a2,bkg_7383cc12,room_type,rmt_c946b4c2,inv_accefc96,Premier Suite @ Royal Sanctuary Suites,2026-11-21,2,8579.26,17158.52,INR,pending,,2026-08-18T10:00:00+05:30
bit_d1a4e1cf,bkg_e0caef56,room_type,rmt_0fc40170,inv_26748013,Deluxe @ Hillview Nest Inn,2026-10-19,2,10138.13,20276.26,INR,cancelled,,2026-08-18T10:00:00+05:30
bit_6796de3d,bkg_dc805bb2,room_type,rmt_0b9115b1,inv_0d6402e1,Heritage Room @ Riverside Kothi Inn,2026-11-21,2,9572.69,19145.38,INR,cancelled,,2026-08-18T10:00:00+05:30
bit_caf9f035,bkg_dc805bb2,room_type,rmt_24f68d46,inv_b5ce72af,Executive @ Indigo Meadows Boutique Stay,2026-09-06,2,7630.08,15260.16,INR,cancelled,,2026-08-18T10:00:00+05:30
bit_4f1c043c,bkg_c6ccdb15,room_type,rmt_e80871dd,inv_380d33b1,Standard @ Lake Palms Inn,2026-09-30,2,5247.34,10494.68,INR,confirmed,,2026-08-18T10:00:00+05:30
bit_1a7a2808,bkg_55382b3e,room_type,rmt_d1336e5e,inv_eecf8043,Twin Economy @ Heritage Kothi Inn,2026-09-28,1,13329.91,13329.91,INR,confirmed,,2026-08-18T10:00:00+05:30
bit_144f453a,bkg_55382b3e,flight_fare,far_d6e5bc7d,inv_05af3d84,Flight seat,2026-10-14,2,16227.85,32455.70,INR,confirmed,,2026-08-18T10:00:00+05:30
bit_280bf240,bkg_a18c8fb4,room_type,rmt_56416285,inv_ca2b1931,Family Room @ Villa Haveli & Spa,2026-10-19,1,15361.17,15361.17,INR,confirmed,,2026-08-18T10:00:00+05:30
bit_23f2c39c,bkg_5ff05c45,room_type,rmt_efe926e5,inv_37f9cf02,Standard @ The Old Vihar Resort,2026-09-10,2,19207.62,38415.24,INR,confirmed,,2026-08-18T10:00:00+05:30
bit_6eee7b44,bkg_8cdd25c2,room_type,rmt_69fb5df6,inv_aae3f9db,Family Room @ Lake Bungalow by the Lake,2026-10-31,1,3677.13,3677.13,INR,confirmed,,2026-08-18T10:00:00+05:30
bit_bd12f609,bkg_eca7b339,room_type,rmt_c07b1f2a,inv_18d427a9,Executive @ Garden Ghat House Resort,2026-11-20,1,6139.17,6139.17,LKR,confirmed,,2026-08-18T10:00:00+05:30
bit_9974f6de,bkg_1054fe18,flight_fare,far_47d6aa27,inv_c3260d12,Flight seat,2026-09-23,1,2943.38,2943.38,INR,confirmed,,2026-08-18T10:00:00+05:30
bit_57f97a03,bkg_1054fe18,flight_fare,far_652e1f5e,inv_4b41b892,Flight seat,2026-10-17,1,14677.31,14677.31,INR,confirmed,,2026-08-18T10:00:00+05:30
bit_0ee40605,bkg_1054fe18,room_type,rmt_2e6b37c4,inv_783ada13,Deluxe @ Palm Ghat House by the Lake,2026-10-23,1,3265.07,3265.07,INR,confirmed,,2026-08-18T10:00:00+05:30
bit_a9db08a1,bkg_5c5d46a1,flight_fare,far_6bf49034,inv_90f748b3,Flight seat,2026-10-09,2,5394.36,10788.72,INR,confirmed,,2026-08-18T10:00:00+05:30
bit_17d8a186,bkg_36d7e53b,room_type,rmt_0a292d71,inv_08ffdc06,Heritage Room @ Heritage Meadows & Spa,2026-11-08,2,3514.62,7029.24,THB,confirmed,,2026-08-18T10:00:00+05:30
bit_075fb39d,bkg_cfe06f0c,room_type,rmt_7f9f494c,inv_e7c7bb6f,Twin Economy @ Hotel Kothi by the Lake,2026-10-30,2,8806.53,17613.06,INR,confirmed,,2026-08-18T10:00:00+05:30
bit_9f32120c,bkg_b1a64665,room_type,rmt_54db1870,inv_bec12a3c,Deluxe @ Hillview Sarovar Inn,2026-09-30,2,2347.54,4695.08,INR,confirmed,,2026-08-18T10:00:00+05:30
bit_704b36f5,bkg_79906986,room_type,rmt_c07b1f2a,inv_e4d32c1e,Executive @ Garden Ghat House Resort,2026-11-14,2,6027.11,12054.22,LKR,cancelled,,2026-08-18T10:00:00+05:30
bit_aa9eca65,bkg_ef9ddd65,room_type,rmt_40250c2d,inv_ac4e468d,Heritage Room @ Hotel Orchard Resort,2026-09-21,1,7753.12,7753.12,NPR,confirmed,,2026-08-18T10:00:00+05:30
bit_03cce12b,bkg_33a70806,room_type,rmt_ddb7c473,inv_52082377,Deluxe @ Amber Orchard Suites,2026-11-09,2,3466.56,6933.12,INR,confirmed,,2026-08-18T10:00:00+05:30
bit_40081fb1,bkg_33a70806,room_type,rmt_fdc08ffa,inv_3acde5dc,Premier Suite @ Royal Terraces & Spa,2026-09-28,2,6344.15,12688.30,INR,confirmed,,2026-08-18T10:00:00+05:30
bit_1987c589,bkg_33a70806,room_type,rmt_eea5cfbe,inv_f58b5faf,Family Room @ The Old Residency Suites,2026-10-20,1,14434.11,14434.11,INR,confirmed,,2026-08-18T10:00:00+05:30
bit_0ed7a7ad,bkg_033bcbd8,room_type,rmt_0b8a155f,inv_e6b574e3,Heritage Room @ The Haveli Inn,2026-11-17,1,5977.89,5977.89,INR,cancelled,,2026-08-18T10:00:00+05:30
bit_6a5f9d1b,bkg_69352816,flight_fare,far_309dfd4d,inv_f5a8c7cf,Flight seat,2026-11-17,1,63876.70,63876.70,INR,confirmed,,2026-08-18T10:00:00+05:30
bit_eea590ad,bkg_74e7879c,room_type,rmt_0b9115b1,inv_408c7c9b,Heritage Room @ Riverside Kothi Inn,2026-09-04,2,7615.73,15231.46,INR,cancelled,,2026-08-18T10:00:00+05:30
bit_f20d7dbc,bkg_74e7879c,flight_fare,far_a54b348c,inv_be618e1f,Flight seat,2026-11-13,2,37693.38,75386.76,INR,cancelled,,2026-08-18T10:00:00+05:30
bit_aa8e4f25,bkg_9f599abe,flight_fare,far_5c2600ea,inv_59fd6ad9,Flight seat,2026-11-05,1,35530.32,35530.32,INR,confirmed,,2026-08-18T10:00:00+05:30
bit_91b65e6a,bkg_32a4fde3,flight_fare,far_1dbbc0d0,inv_146d412e,Flight seat,2026-10-11,1,4079.34,4079.34,INR,confirmed,,2026-08-18T10:00:00+05:30
bit_76597c9b,bkg_32a4fde3,room_type,rmt_91b575ba,inv_bfa92a6b,Executive @ Royal Sanctuary Suites  ,2026-09-05,2,7093.91,14187.82,INR,confirmed,,2026-08-18T10:00:00+05:30
bit_302a3748,bkg_f54f09b4,room_type,rmt_d5d1225e,inv_84115002,Deluxe Garden View @ Indigo Niwas Resort,2026-10-25,1,2765.54,2765.54,INR,confirmed,,2026-08-18T10:00:00+05:30
bit_b12a52bb,bkg_d95cafa1,room_type,rmt_060c5796,inv_c76174ca,Deluxe @ Grand Kothi & Spa,2026-10-29,1,4719.17,4719.17,INR,compensated,2026-05-09T18:34:00+05:30,2026-08-18T10:00:00+05:30
bit_71854348,bkg_a78e7575,room_type,rmt_24f68d46,inv_8f909067,Executive @ Indigo Meadows Boutique Stay,2026-10-07,2,7000.88,14001.76,INR,confirmed,,2026-08-18T10:00:00+05:30
bit_63f974ae,bkg_a78e7575,flight_fare,far_1a2f75e5,inv_a9609af6,Flight seat,2026-11-27,2,8276.34,16552.68,INR,confirmed,,2026-08-18T10:00:00+05:30
bit_2bbfe818,bkg_9a4e2f03,room_type,rmt_2a8aa24f,inv_951f32fd,Twin Economy @ Casa Meadows Inn,2026-10-07,1,6421.83,6421.83,NPR,confirmed,,2026-08-18T10:00:00+05:30
bit_0e346e48,bkg_e7f411ce,room_type,rmt_eea5cfbe,inv_4063fd4c,Family Room @ The Old Residency Suites,2026-11-07,2,17944.08,35888.16,INR,confirmed,,2026-08-18T10:00:00+05:30
bit_8e24a50d,bkg_38f6ddb0,room_type,rmt_55863f33,inv_b1c70ffe,Executive @ Lake Bungalow by the Lake,2026-11-06,2,1911.92,3823.84,INR,confirmed,,2026-08-18T10:00:00+05:30
bit_9d2d33fc,bkg_72f39a04,room_type,rmt_315d2584,inv_1657d429,Executive @ Heritage Mahal & Spa,2026-10-20,1,3745.58,3745.58,INR,confirmed,,2026-08-18T10:00:00+05:30
bit_fcb669e8,bkg_72f39a04,room_type,rmt_3cb6cd30,inv_0a7dbf23,Heritage Room @ The Old Mahal Inn,2026-10-25,2,11732.41,23464.82,INR,confirmed,,2026-08-18T10:00:00+05:30
bit_b2e7b14d,bkg_72f39a04,flight_fare,far_ce7449e9,inv_6def09c9,Flight seat,2026-09-25,2,10567.90,21135.80,INR,confirmed,,2026-08-18T10:00:00+05:30
bit_71c9ce2a,bkg_74b0ac92,flight_fare,far_9e434eec,inv_6bcc497d,Flight seat,2026-11-06,2,2284.91,4569.82,AED,confirmed,,2026-08-18T10:00:00+05:30
bit_2ba3ba6d,bkg_d375060a,room_type,rmt_91b575ba,inv_62f3528f,Executive @ Royal Sanctuary Suites  ,2026-10-13,2,5479.48,10958.96,INR,compensated,2026-07-07T03:49:00+05:30,2026-08-18T10:00:00+05:30
bit_81e8e664,bkg_d5364266,flight_fare,far_56e8ab6d,inv_3e6443b1,Flight seat,2026-09-15,2,22513.03,45026.06,INR,confirmed,,2026-08-18T10:00:00+05:30
bit_9e4f4be1,bkg_5e2c122d,room_type,rmt_9eb28021,inv_18ebd6d5,Executive @ Indigo Manor Suites,2026-09-28,1,1579.03,1579.03,INR,pending,,2026-08-18T10:00:00+05:30
bit_6965dead,bkg_6768c9be,room_type,rmt_188dccb2,inv_14e42366,Heritage Room @ Amber Sanctuary Homestay,2026-10-29,1,6231.74,6231.74,INR,confirmed,,2026-08-18T10:00:00+05:30
bit_b5c753bf,bkg_6768c9be,room_type,rmt_df2d2be7,inv_24e8f499,Premier Suite @ Hillview Nest Inn,2026-10-28,1,8428.23,8428.23,INR,confirmed,,2026-08-18T10:00:00+05:30
bit_f4bf130e,bkg_c3255c1a,room_type,rmt_28b409a4,inv_30b942b2,Twin Economy @ Hotel Verandah & Spa,2026-11-29,1,7584.23,7584.23,THB,confirmed,,2026-08-18T10:00:00+05:30
bit_7a8a32d3,bkg_4430bdeb,room_type,rmt_afa1e735,inv_0ee234cb,Deluxe @ Garden Sanctuary by the Lake,2026-09-03,1,31778.33,31778.33,INR,cancelled,,2026-08-18T10:00:00+05:30
bit_d8c70a35,bkg_4430bdeb,room_type,rmt_3cb6cd30,inv_c6d99506,Heritage Room @ The Old Mahal Inn,2026-11-06,2,11555.33,23110.66,INR,cancelled,,2026-08-18T10:00:00+05:30
bit_09e57be3,bkg_822f073e,room_type,rmt_315d2584,inv_35f65d81,Executive @ Heritage Mahal & Spa,2026-10-28,1,4415.50,4415.50,INR,confirmed,,2026-08-18T10:00:00+05:30
bit_57a7b711,bkg_a43422ce,room_type,rmt_8e081aa6,inv_a6f56ecc,Standard @ The Old Residency,2026-11-05,1,9302.74,9302.74,INR,confirmed,,2026-08-18T10:00:00+05:30
bit_0369a81c,bkg_e43d4db6,room_type,rmt_0d437b01,inv_1190e0ed,Heritage Room @ Amber Mahal Inn,2026-09-03,2,2212.19,4424.38,INR,confirmed,,2026-08-18T10:00:00+05:30
bit_e551657f,bkg_b0e47d8d,room_type,rmt_8a3c3697,inv_65b08b7c,Twin Economy @ Indigo Orchard Inn,2026-11-04,2,4112.16,8224.32,INR,confirmed,,2026-08-18T10:00:00+05:30
bit_60876d0b,bkg_1aa0453c,room_type,rmt_eea5cfbe,inv_f32d2b87,Family Room @ The Old Residency Suites,2026-09-22,1,16011.12,16011.12,INR,confirmed,,2026-08-18T10:00:00+05:30
bit_02f086ea,bkg_0904c0f9,room_type,rmt_b4972b6b,inv_9a57a8f3,Family Room @ Hillview Palms by the Lake,2026-09-15,2,8486.99,16973.98,INR,pending,,2026-08-18T10:00:00+05:30
bit_b5ec1aad,bkg_0904c0f9,flight_fare,far_f03364bc,inv_20887bc9,Flight seat,2026-09-19,2,1854.87,3709.74,INR,pending,,2026-08-18T10:00:00+05:30
bit_624cb0e0,bkg_de021a6c,room_type,rmt_4acc0255,inv_8ec0b385,Deluxe @ The Old Residency Resort,2026-11-05,1,11268.70,11268.70,SGD,pending,,2026-08-18T10:00:00+05:30
bit_eb7132f2,bkg_c0ba09a6,room_type,rmt_2e6b37c4,inv_d7338356,Deluxe @ Palm Ghat House by the Lake,2026-11-19,1,2495.97,2495.97,INR,confirmed,,2026-08-18T10:00:00+05:30
bit_1335aa7d,bkg_c0ba09a6,room_type,rmt_56416285,inv_8242ae61,Family Room @ Villa Haveli & Spa,2026-11-21,2,19740.03,39480.06,INR,confirmed,,2026-08-18T10:00:00+05:30
bit_a94efc91,bkg_53e04170,room_type,rmt_b4972b6b,inv_19208911,Family Room @ Hillview Palms by the Lake,2026-11-01,1,8526.98,8526.98,INR,confirmed,,2026-08-18T10:00:00+05:30
bit_b224f336,bkg_53e04170,room_type,rmt_4be4b5c2,inv_99d4b6b9,Executive @ Hillview Niwas by the Lake,2026-11-05,1,3691.10,3691.10,INR,confirmed,,2026-08-18T10:00:00+05:30
bit_5a78539e,bkg_6a3091ad,flight_fare,far_1cfb0ece,inv_198aff15,Flight seat,2026-11-05,1,34851.76,34851.76,INR,confirmed,,2026-08-18T10:00:00+05:30
bit_6101581b,bkg_ac83cdcf,flight_fare,far_9ced910f,inv_f8c748e8,Flight seat,2026-09-10,2,73.55,147.10,SGD,confirmed,,2026-08-18T10:00:00+05:30
bit_aadad11f,bkg_63f2cba8,room_type,rmt_40250c2d,inv_289bf79e,Heritage Room @ Hotel Orchard Resort,2026-11-23,2,7257.83,14515.66,NPR,confirmed,,2026-08-18T10:00:00+05:30
bit_0c5ee780,bkg_14737abe,flight_fare,far_3ef60495,inv_ae1c89b8,Flight seat,2026-09-09,1,50109.92,50109.92,INR,confirmed,,2026-08-18T10:00:00+05:30
bit_398ef081,bkg_daa3681e,flight_fare,far_b1b1c2f9,inv_840988e4,Flight seat,2026-10-14,1,5838.34,5838.34,INR,confirmed,,2026-08-18T10:00:00+05:30
bit_9c40e2a5,bkg_daa3681e,room_type,rmt_06f0a27d,inv_7f828424,Heritage Room @ Hillview Nest Boutique Stay,2026-11-15,2,21711.52,43423.04,INR,confirmed,,2026-08-18T10:00:00+05:30
bit_4a2ed125,bkg_43c55db6,room_type,rmt_eb19de1f,inv_42e00828,Standard @ The Retreat Homestay,2026-09-26,1,4291.18,4291.18,QAR,confirmed,,2026-08-18T10:00:00+05:30
bit_4bd11a0b,bkg_1cc9cf40,room_type,rmt_3cb6cd30,inv_258da5d4,Heritage Room @ The Old Mahal Inn,2026-09-09,1,7592.09,7592.09,INR,confirmed,,2026-08-18T10:00:00+05:30
bit_0682dda0,bkg_71ef6221,room_type,rmt_363659ec,inv_1256cc6c,Heritage Room @ Palm Nest Heritage,2026-10-18,2,7690.43,15380.86,MYR,confirmed,,2026-08-18T10:00:00+05:30
bit_1e00b39f,bkg_0c57db7d,room_type,rmt_261249fc,inv_3ae704fc,Heritage Room @ Indigo Sarovar Heritage,2026-11-17,2,8705.81,17411.62,INR,confirmed,,2026-08-18T10:00:00+05:30
bit_b6b58b59,bkg_0c57db7d,room_type,rmt_15de3a69,inv_01e37591,Deluxe @ Royal Manor & Spa,2026-11-23,2,10582.42,21164.84,INR,confirmed,,2026-08-18T10:00:00+05:30
bit_ed1bfbe6,bkg_77671ccb,room_type,rmt_80d53c61,inv_eaae4d09,Premier Suite @ Royal Terraces Suites,2026-09-06,1,21887.15,21887.15,INR,pending,,2026-08-18T10:00:00+05:30
bit_1cc3c4a8,bkg_b42c0e25,room_type,rmt_80d53c61,inv_0422fb57,Premier Suite @ Royal Terraces Suites,2026-11-18,1,18744.51,18744.51,INR,confirmed,,2026-08-18T10:00:00+05:30
bit_7db5bc9c,bkg_b42c0e25,flight_fare,far_abd1a8f3,inv_c46a9bfd,Flight seat,2026-10-25,1,7445.54,7445.54,INR,confirmed,,2026-08-18T10:00:00+05:30
bit_724fe2d8,bkg_bb4d218e,flight_fare,far_90ccf3b4,inv_3917abe1,Flight seat,2026-11-16,2,17091.46,34182.92,THB,pending,,2026-08-18T10:00:00+05:30
bit_ff0ac23d,bkg_9f3522b1,flight_fare,far_5f1f8984,inv_77d63a2a,Flight seat,2026-11-29,1,7729.44,7729.44,INR,cancelled,,2026-08-18T10:00:00+05:30
bit_6d9d7a73,bkg_7aa89001,room_type,rmt_227a4718,inv_18814d3e,Premier Suite @ Casa Retreat by the Lake,2026-11-22,2,2386.97,4773.94,AED,pending,,2026-08-18T10:00:00+05:30
bit_fd19aafe,bkg_c8985dd7,room_type,rmt_a1a42253,inv_f509da20,Standard @ Garden Orchard Homestay,2026-09-12,1,8829.18,8829.18,INR,cancelled,,2026-08-18T10:00:00+05:30
bit_625314b8,bkg_b35e9276,room_type,rmt_fac0fd45,inv_c7067177,Heritage Room @ Lake Kothi Heritage,2026-10-10,2,10177.41,20354.82,IDR,confirmed,,2026-08-18T10:00:00+05:30
bit_b8a9c2e5,bkg_4ccbe790,room_type,rmt_2e70cc92,inv_b0ef7485,Family Room @ Amber Bungalow Inn,2026-11-23,1,2689.17,2689.17,INR,confirmed,,2026-08-18T10:00:00+05:30
bit_6b7fb952,bkg_bc0f89d2,room_type,rmt_00534217,inv_afc6f2db,Executive @ Lake Nest Suites,2026-10-02,1,24176.65,24176.65,CHF,confirmed,,2026-08-18T10:00:00+05:30
bit_06b335c1,bkg_cdc794e7,flight_fare,far_bfd50bb2,inv_d964061e,Flight seat,2026-11-28,1,39467.86,39467.86,INR,confirmed,,2026-08-18T10:00:00+05:30
bit_051166f2,bkg_cdc794e7,flight_fare,far_542a58eb,inv_690a4686,Flight seat,2026-11-29,2,27273.50,54547.00,INR,confirmed,,2026-08-18T10:00:00+05:30
bit_3bbe7bce,bkg_ee4b7533,flight_fare,far_04cdd4fa,inv_a7cf9f0d,Flight seat,2026-11-21,1,20838.70,20838.70,INR,confirmed,,2026-08-18T10:00:00+05:30
bit_8735b17a,bkg_ee4b7533,room_type,rmt_3cb6cd30,inv_ede50fd5,Heritage Room @ The Old Mahal Inn,2026-11-08,2,9642.90,19285.80,INR,confirmed,,2026-08-18T10:00:00+05:30
bit_b60a3f72,bkg_ee4b7533,room_type,rmt_0f009220,inv_51d74a4b,Deluxe @ Palm Courtyard Heritage,2026-10-25,2,10024.84,20049.68,INR,confirmed,,2026-08-18T10:00:00+05:30
bit_cbce81a4,bkg_a148cb3d,room_type,rmt_ddb7c473,inv_c0e66734,Deluxe @ Amber Orchard Suites,2026-10-19,1,3545.41,3545.41,INR,confirmed,,2026-08-18T10:00:00+05:30
bit_6ef73d4d,bkg_a148cb3d,flight_fare,far_13381161,inv_47e43764,Flight seat,2026-10-30,1,6594.86,6594.86,INR,confirmed,,2026-08-18T10:00:00+05:30
bit_c55ab0b0,bkg_6ce37e53,flight_fare,far_c940dbf0,inv_a990b2b1,Flight seat,2026-11-16,2,15708.52,31417.04,INR,cancelled,,2026-08-18T10:00:00+05:30
bit_bd939161,bkg_24af62b9,room_type,rmt_a369d34e,inv_9aebe84a,Twin Economy @ The Old Regency Inn,2026-10-19,2,3442.36,6884.72,INR,confirmed,,2026-08-18T10:00:00+05:30
bit_1a5f365d,bkg_24af62b9,flight_fare,far_f2205283,inv_494f443a,Flight seat,2026-10-14,1,7035.01,7035.01,INR,confirmed,,2026-08-18T10:00:00+05:30
bit_0e41ed24,bkg_aa45da37,room_type,rmt_1664a3ef,inv_8a7d506d,Heritage Room @ Indigo Verandah Homestay,2026-11-01,1,5316.26,5316.26,INR,confirmed,,2026-08-18T10:00:00+05:30
bit_96fb3b48,bkg_aa45da37,flight_fare,far_297d869a,inv_a3b83ce8,Flight seat,2026-10-15,2,17927.66,35855.32,INR,confirmed,,2026-08-18T10:00:00+05:30
bit_d9ab0e63,bkg_be7a1bd2,flight_fare,far_462a5b35,inv_c9202794,Flight seat,2026-10-21,2,13549.13,27098.26,INR,confirmed,,2026-08-18T10:00:00+05:30
bit_20722a71,bkg_9340b70b,flight_fare,far_063c7a42,inv_f7119f78,Flight seat,2026-09-25,2,3191.12,6382.24,INR,confirmed,,2026-08-18T10:00:00+05:30
bit_8f0c172f,bkg_9340b70b,room_type,rmt_039a87b5,inv_dcfb07b1,Deluxe @ Riverside Sanctuary Inn,2026-09-13,2,6562.09,13124.18,INR,confirmed,,2026-08-18T10:00:00+05:30
bit_c57a4b0e,bkg_9340b70b,room_type,rmt_b2228b31,inv_26f9589d,Standard @ Villa Meadows Homestay,2026-10-18,2,4737.63,9475.26,INR,confirmed,,2026-08-18T10:00:00+05:30
bit_fdf1794a,bkg_35183937,room_type,rmt_a369d34e,inv_268a6aba,Twin Economy @ The Old Regency Inn,2026-11-05,1,3827.67,3827.67,INR,confirmed,,2026-08-18T10:00:00+05:30
bit_a1564fbc,bkg_35183937,room_type,rmt_0b8a155f,inv_0a2eb540,Heritage Room @ The Haveli Inn,2026-11-06,1,7788.71,7788.71,INR,confirmed,,2026-08-18T10:00:00+05:30
bit_564546b3,bkg_4625af46,room_type,rmt_a369d34e,inv_9ae209a5,Twin Economy @ The Old Regency Inn,2026-09-14,2,4379.07,8758.14,INR,cancelled,,2026-08-18T10:00:00+05:30
bit_28a7fa30,bkg_4625af46,room_type,rmt_0fc40170,inv_79346e08,Deluxe @ Hillview Nest Inn,2026-10-03,2,12926.50,25853.00,INR,cancelled,,2026-08-18T10:00:00+05:30
bit_2c811ca6,bkg_4625af46,room_type,rmt_fc40a0df,inv_8e044467,Twin Economy @ Lake Bagh Homestay,2026-09-25,2,9321.11,18642.22,INR,cancelled,,2026-08-18T10:00:00+05:30
bit_f979aa98,bkg_1a4e740b,room_type,rmt_40250c2d,inv_04a07ee2,Heritage Room @ Hotel Orchard Resort,2026-10-10,2,8149.62,16299.24,NPR,confirmed,,2026-08-18T10:00:00+05:30
bit_560bae76,bkg_f0d3ba98,flight_fare,far_542a58eb,inv_690a4686,Flight seat,2026-11-29,1,27273.50,27273.50,INR,cancelled,,2026-08-18T10:00:00+05:30
bit_28009f58,bkg_ea88de1b,room_type,rmt_f42e207b,inv_5da4514d,Twin Economy @ Heritage Palms,2026-11-09,1,6985.80,6985.80,INR,confirmed,,2026-08-18T10:00:00+05:30
bit_a07c09bb,bkg_2ff25f62,room_type,rmt_2ef10b2a,inv_0f0f40db,Standard @ The Old Orchard & Spa,2026-10-21,2,18665.59,37331.18,INR,pending,,2026-08-18T10:00:00+05:30
bit_faa89d7a,bkg_00ead03d,room_type,rmt_2b67c1df,inv_6d0df6dc,Deluxe @ Royal Sanctuary Suites,2026-09-09,1,9231.69,9231.69,INR,confirmed,,2026-08-18T10:00:00+05:30
bit_efe0c37b,bkg_00ead03d,flight_fare,far_54042d83,inv_75570784,Flight seat,2026-10-11,1,18833.19,18833.19,INR,confirmed,,2026-08-18T10:00:00+05:30
bit_790c6521,bkg_c0de68da,flight_fare,far_63b341f7,inv_37f3d5c1,Flight seat,2026-11-02,1,6966.58,6966.58,INR,confirmed,,2026-08-18T10:00:00+05:30
bit_d547e644,bkg_e2df0932,room_type,rmt_afa1e735,inv_29e48a55,Deluxe @ Garden Sanctuary by the Lake,2026-10-25,2,35924.14,71848.28,INR,confirmed,,2026-08-18T10:00:00+05:30
bit_e7cab38f,bkg_e2df0932,room_type,rmt_c867633e,inv_2b659e9f,Standard @ Hillview Sarovar by the Lake,2026-10-16,1,20697.28,20697.28,INR,confirmed,,2026-08-18T10:00:00+05:30
bit_a7e3d89a,bkg_e2df0932,room_type,rmt_2b67c1df,inv_c272afc9,Deluxe @ Royal Sanctuary Suites,2026-11-01,1,11076.10,11076.10,INR,confirmed,,2026-08-18T10:00:00+05:30
bit_0e6dd079,bkg_4fd3d765,room_type,rmt_b2228b31,inv_5825babb,Standard @ Villa Meadows Homestay,2026-10-31,1,4815.25,4815.25,INR,cancelled,,2026-08-18T10:00:00+05:30
bit_8cf5a810,bkg_3e09782a,room_type,rmt_7a6d1768,inv_09e4ba8a,Deluxe Garden View @ Villa Mahal Suites,2026-10-02,1,2953.92,2953.92,INR,cancelled,,2026-08-18T10:00:00+05:30
bit_09b298f8,bkg_c876cd31,room_type,rmt_a9b58258,inv_d9b69c95,Deluxe @ Casa Manor Suites,2026-10-31,1,2683.04,2683.04,MVR,confirmed,,2026-08-18T10:00:00+05:30
bit_fdd71f0d,bkg_5cf221f4,room_type,rmt_315d2584,inv_93151f69,Executive @ Heritage Mahal & Spa,2026-10-06,2,4548.15,9096.30,INR,confirmed,,2026-08-18T10:00:00+05:30
bit_dccfcf3d,bkg_5cf221f4,room_type,rmt_f42e207b,inv_36f214f4,Twin Economy @ Heritage Palms,2026-11-03,2,6237.17,12474.34,INR,confirmed,,2026-08-18T10:00:00+05:30
bit_448f6f57,bkg_7e0eeee0,room_type,rmt_fdc08ffa,inv_ec0cd8a5,Premier Suite @ Royal Terraces & Spa,2026-10-31,2,6557.82,13115.64,INR,confirmed,,2026-08-18T10:00:00+05:30
bit_ef9f7620,bkg_65a1992d,room_type,rmt_5b68a891,inv_10c7a524,Family Room @ Royal Orchard Heritage,2026-09-19,1,40050.00,40050.00,INR,cancelled,,2026-08-18T10:00:00+05:30
bit_9f660d84,bkg_65a1992d,room_type,rmt_a1a42253,inv_8cf6b464,Standard @ Garden Orchard Homestay,2026-10-10,2,7864.50,15729.00,INR,cancelled,,2026-08-18T10:00:00+05:30
bit_92d65d54,bkg_65161d9b,room_type,rmt_4f14363b,inv_99e01477,Twin Economy @ Amber Palms,2026-11-23,1,1977.84,1977.84,INR,confirmed,,2026-08-18T10:00:00+05:30
bit_401ce477,bkg_65161d9b,room_type,rmt_afa1e735,inv_7d4af634,Deluxe @ Garden Sanctuary by the Lake,2026-10-08,2,28470.34,56940.68,INR,confirmed,,2026-08-18T10:00:00+05:30
bit_7e16164a,bkg_e1f63dd6,room_type,rmt_2db0c6c3,inv_186b531d,Heritage Room @ Hillview Bagh Suites,2026-10-23,2,10539.51,21079.02,INR,confirmed,,2026-08-18T10:00:00+05:30
bit_f5a59863,bkg_e1f63dd6,room_type,rmt_c015a465,inv_ec161311,Executive @ Hotel Regency Boutique Stay,2026-09-01,2,7212.02,14424.04,INR,confirmed,,2026-08-18T10:00:00+05:30
bit_c9169207,bkg_e1f63dd6,room_type,rmt_fcb045a1,inv_59d286e2,Family Room @ Hillview Niwas by the Lake,2026-09-07,1,2330.76,2330.76,INR,confirmed,,2026-08-18T10:00:00+05:30
bit_b6903624,bkg_c9fc8ed7,flight_fare,far_243087dc,inv_72f1af2e,Flight seat,2026-09-13,2,17038.85,34077.70,INR,cancelled,,2026-08-18T10:00:00+05:30
bit_a6101ff0,bkg_c9fc8ed7,room_type,rmt_b2228b31,inv_2f4f6328,Standard @ Villa Meadows Homestay,2026-11-23,2,4064.27,8128.54,INR,cancelled,,2026-08-18T10:00:00+05:30
bit_82c1687c,bkg_faa05371,flight_fare,far_63b871fb,inv_18f6ded5,Flight seat,2026-11-16,2,12253.57,24507.14,INR,confirmed,,2026-08-18T10:00:00+05:30
bit_9c5c274f,bkg_faa05371,room_type,rmt_261249fc,inv_dac45c82,Heritage Room @ Indigo Sarovar Heritage,2026-10-25,1,10701.76,10701.76,INR,confirmed,,2026-08-18T10:00:00+05:30
bit_eb801624,bkg_fa05a381,room_type,rmt_67c20089,inv_37fe5ad8,Standard @ Hotel Verandah Heritage,2026-09-24,1,5752.73,5752.73,INR,cancelled,,2026-08-18T10:00:00+05:30
bit_79ad779a,bkg_fa05a381,flight_fare,far_348df3d8,inv_146167f2,Flight seat,2026-11-12,2,8825.11,17650.22,INR,cancelled,,2026-08-18T10:00:00+05:30
bit_a809f3b3,bkg_95116ad4,room_type,rmt_031c6f90,inv_fa5a3482,Family Room @ Royal Terraces Suites,2026-09-24,1,26036.97,26036.97,INR,confirmed,,2026-08-18T10:00:00+05:30
bit_dcf5e32c,bkg_3a14d414,flight_fare,far_efa7efe5,inv_a8682526,Flight seat,2026-09-16,2,587.51,1175.02,AED,confirmed,,2026-08-18T10:00:00+05:30
bit_8fe5f131,bkg_1d62dc22,room_type,rmt_28b409a4,inv_b5317b3f,Twin Economy @ Hotel Verandah & Spa,2026-09-13,2,7529.05,15058.10,THB,confirmed,,2026-08-18T10:00:00+05:30
bit_cb66229a,bkg_b2163ffd,flight_fare,far_d5e34ab7,inv_c8f6d1ea,Flight seat,2026-10-13,2,468.43,936.86,AED,confirmed,,2026-08-18T10:00:00+05:30
bit_9271d70d,bkg_a186ea43,room_type,rmt_d34a3325,inv_aaa77895,Premier Suite @ Hillview Nest Boutique Stay,2026-11-05,2,13419.41,26838.82,INR,confirmed,,2026-08-18T10:00:00+05:30
bit_634df1e3,bkg_a186ea43,flight_fare,far_67962d6e,inv_d38dbadf,Flight seat,2026-10-07,2,25859.71,51719.42,INR,confirmed,,2026-08-18T10:00:00+05:30
bit_9b52fd95,bkg_22309e03,room_type,rmt_2ef10b2a,inv_76a73baf,Standard @ The Old Orchard & Spa,2026-09-18,2,20740.88,41481.76,INR,confirmed,,2026-08-18T10:00:00+05:30
bit_b3e8e581,bkg_b973665b,room_type,rmt_4a3554c4,inv_fd61007f,Twin Economy @ Indigo Meadows by the Lake,2026-09-13,1,9333.18,9333.18,INR,confirmed,,2026-08-18T10:00:00+05:30
bit_b70b4acc,bkg_2b0d7ed2,flight_fare,far_a5efa885,inv_5061ea51,Flight seat,2026-10-06,1,7713.25,7713.25,THB,confirmed,,2026-08-18T10:00:00+05:30
bit_4596d242,bkg_a2d2a488,flight_fare,far_10efe314,inv_3011d2cb,Flight seat,2026-10-12,2,14005.79,28011.58,THB,cancelled,,2026-08-18T10:00:00+05:30
bit_7cbd5a3b,bkg_6b259f88,flight_fare,far_e2dd41c3,inv_d4f325bb,Flight seat,2026-09-26,1,1162.71,1162.71,SGD,confirmed,,2026-08-18T10:00:00+05:30
bit_10288f31,bkg_0258fdba,room_type,rmt_a499242d,inv_afd1e290,Executive @ Hillview Nest Inn,2026-10-07,2,6510.35,13020.70,INR,confirmed,,2026-08-18T10:00:00+05:30
bit_325d17b3,bkg_ce5ed3cf,room_type,rmt_d74c67e8,inv_abc1edb1,Heritage Room @ Casa Manor Inn,2026-09-06,1,13723.28,13723.28,INR,cancelled,,2026-08-18T10:00:00+05:30
bit_d4e72fa3,bkg_d7ba377d,flight_fare,far_2d5e5d83,inv_df1a6296,Flight seat,2026-09-13,1,36308.17,36308.17,INR,confirmed,,2026-08-18T10:00:00+05:30
bit_353254ee,bkg_d7ba377d,flight_fare,far_0f637338,inv_bb12c0a1,Flight seat,2026-09-15,2,61644.49,123288.98,INR,confirmed,,2026-08-18T10:00:00+05:30
bit_f356a27f,bkg_d7ba377d,room_type,rmt_796b88e6,inv_f697f9d6,Deluxe @ The Old Vihar Resort,2026-09-22,1,25086.19,25086.19,INR,confirmed,,2026-08-18T10:00:00+05:30
bit_2576ac75,bkg_6e378439,room_type,rmt_8a3c3697,inv_5eae9bcd,Twin Economy @ Indigo Orchard Inn,2026-09-15,2,4309.47,8618.94,INR,confirmed,,2026-08-18T10:00:00+05:30
bit_2500a355,bkg_6e378439,room_type,rmt_ad2452fd,inv_66a3cda5,Deluxe Garden View @ Hotel Regency Boutique Stay,2026-09-25,2,21198.93,42397.86,INR,confirmed,,2026-08-18T10:00:00+05:30
bit_74976d3a,bkg_25eae46d,flight_fare,far_bddf3c4a,inv_fdfc53c7,Flight seat,2026-11-17,1,23065.94,23065.94,INR,cancelled,,2026-08-18T10:00:00+05:30
bit_19c6b279,bkg_1af11dee,room_type,rmt_2e70cc92,inv_14e47725,Family Room @ Amber Bungalow Inn,2026-11-21,2,2681.59,5363.18,INR,confirmed,,2026-08-18T10:00:00+05:30
bit_e2656364,bkg_ed91484c,room_type,rmt_2919bbfe,inv_720ec991,Heritage Room @ Palm Sarovar,2026-09-19,2,9458.86,18917.72,INR,confirmed,,2026-08-18T10:00:00+05:30
bit_61a6c259,bkg_ed91484c,room_type,rmt_2bfbfea7,inv_a7ee4780,Executive @ The Old Terraces Resort,2026-09-19,2,7971.45,15942.90,INR,confirmed,,2026-08-18T10:00:00+05:30
bit_ef7347f6,bkg_ed91484c,room_type,rmt_67c20089,inv_32f55a2c,Standard @ Hotel Verandah Heritage,2026-11-19,2,6849.57,13699.14,INR,confirmed,,2026-08-18T10:00:00+05:30
bit_234f94f8,bkg_0e483223,room_type,rmt_8e081aa6,inv_dbf7d932,Standard @ The Old Residency,2026-11-16,2,8354.98,16709.96,INR,confirmed,,2026-08-18T10:00:00+05:30
bit_88e0be18,bkg_a9013412,room_type,rmt_2e70cc92,inv_6eee8f4a,Family Room @ Amber Bungalow Inn,2026-09-08,1,2250.87,2250.87,INR,cancelled,,2026-08-18T10:00:00+05:30
bit_32a12ace,bkg_e28c7608,flight_fare,far_b28d6e76,inv_3aeeb161,Flight seat,2026-10-07,1,14402.80,14402.80,INR,confirmed,,2026-08-18T10:00:00+05:30
bit_0eceea96,bkg_53224d06,room_type,rmt_315d2584,inv_e990b731,Executive @ Heritage Mahal & Spa,2026-09-06,1,4842.88,4842.88,INR,cancelled,,2026-08-18T10:00:00+05:30
bit_1c8a3c92,bkg_66f08732,flight_fare,far_d08fe295,inv_afdbaf08,Flight seat,2026-10-03,2,5058.46,10116.92,MYR,confirmed,,2026-08-18T10:00:00+05:30
bit_6043a486,bkg_b66982c8,flight_fare,far_2810109f,inv_1c758054,Flight seat,2026-10-12,2,26.90,53.80,SGD,confirmed,,2026-08-18T10:00:00+05:30
bit_3db945a8,bkg_b66982c8,flight_fare,far_38e46632,inv_f4f7d2e4,Flight seat,2026-09-29,2,687.60,1375.20,SGD,confirmed,,2026-08-18T10:00:00+05:30
bit_7a5ce63c,bkg_41ae2013,room_type,rmt_55863f33,inv_22929a2a,Executive @ Lake Bungalow by the Lake,2026-11-23,1,1643.36,1643.36,INR,confirmed,,2026-08-18T10:00:00+05:30
bit_61e88f00,bkg_412cdb0a,flight_fare,far_76350a6c,inv_f785a719,Flight seat,2026-09-17,1,10959.04,10959.04,INR,compensated,2026-07-15T03:34:00+05:30,2026-08-18T10:00:00+05:30
bit_271433d7,bkg_6ff65e1e,room_type,rmt_2a8aa24f,inv_9177c829,Twin Economy @ Casa Meadows Inn,2026-11-17,2,6423.01,12846.02,NPR,confirmed,,2026-08-18T10:00:00+05:30
bit_95afe614,bkg_b5d3c2be,flight_fare,far_7a33b2fa,inv_798414c1,Flight seat,2026-09-18,1,11696.36,11696.36,INR,confirmed,,2026-08-18T10:00:00+05:30
bit_4e311fa9,bkg_b5d3c2be,room_type,rmt_c412fbac,inv_6e9b399c,Standard @ Riverside Retreat Homestay,2026-10-18,1,2026.13,2026.13,INR,confirmed,,2026-08-18T10:00:00+05:30
bit_942538df,bkg_2f266670,flight_fare,far_ef5a7075,inv_49d814b6,Flight seat,2026-10-02,1,14716.58,14716.58,INR,confirmed,,2026-08-18T10:00:00+05:30
bit_7a7b8c85,bkg_01858863,flight_fare,far_ed732e3b,inv_edd77a9d,Flight seat,2026-10-16,1,107721.85,107721.85,INR,confirmed,,2026-08-18T10:00:00+05:30
bit_2bc79a7c,bkg_d4b08cb7,room_type,rmt_bc554dab,inv_90d2ee1a,Heritage Room @ Indigo Vihar Inn,2026-11-09,1,8124.11,8124.11,NPR,compensated,2026-06-14T11:19:00+05:30,2026-08-18T10:00:00+05:30
bit_ea4bb687,bkg_85b73b27,room_type,rmt_6499086b,inv_085d4e1f,Standard @ Hillview Regency Suites,2026-10-18,2,2246.59,4493.18,INR,pending,,2026-08-18T10:00:00+05:30
bit_b363fe98,bkg_ac513716,room_type,rmt_060c5796,inv_8b894abf,Deluxe @ Grand Kothi & Spa,2026-09-14,2,5035.83,10071.66,INR,confirmed,,2026-08-18T10:00:00+05:30
bit_45c0b232,bkg_b94623ea,flight_fare,far_78812ab1,inv_f29bd6d5,Flight seat,2026-10-12,2,8935.31,17870.62,INR,confirmed,,2026-08-18T10:00:00+05:30
bit_aa30ca3e,bkg_b94623ea,room_type,rmt_c412fbac,inv_8e1bab74,Standard @ Riverside Retreat Homestay,2026-09-06,2,2077.48,4154.96,INR,confirmed,,2026-08-18T10:00:00+05:30
bit_2e922f3a,bkg_13d6331f,room_type,rmt_ddb7c473,inv_f9062597,Deluxe @ Amber Orchard Suites,2026-11-10,2,3641.22,7282.44,INR,confirmed,,2026-08-18T10:00:00+05:30
bit_36ca0385,bkg_4b102ef6,room_type,rmt_ddb7c473,inv_bd6951d2,Deluxe @ Amber Orchard Suites,2026-09-21,1,3193.88,3193.88,INR,confirmed,,2026-08-18T10:00:00+05:30
bit_36791bb6,bkg_b315e324,room_type,rmt_0f2f5bb4,inv_30d11f3b,Twin Economy @ Villa Vihar Homestay,2026-11-25,1,15660.69,15660.69,INR,confirmed,,2026-08-18T10:00:00+05:30
bit_20ea16c2,bkg_b315e324,room_type,rmt_fcb045a1,inv_004a6cb9,Family Room @ Hillview Niwas by the Lake,2026-09-20,2,2699.21,5398.42,INR,confirmed,,2026-08-18T10:00:00+05:30
bit_dc02e1ff,bkg_def25afa,room_type,rmt_1d1c6517,inv_aba5c148,Deluxe Garden View @ Lake Kothi Resort,2026-10-06,1,2843.03,2843.03,CHF,pending,,2026-08-18T10:00:00+05:30
bit_a9040eb3,bkg_8dc2e16a,flight_fare,far_4ef16ec5,inv_e298af12,Flight seat,2026-11-02,2,155.43,310.86,SGD,confirmed,,2026-08-18T10:00:00+05:30
bit_db5e2e6a,bkg_eea1ff34,room_type,rmt_55c522a8,inv_b53f77a8,Heritage Room @ Amber Retreat Homestay,2026-10-04,1,5060.99,5060.99,INR,confirmed,,2026-08-18T10:00:00+05:30
bit_fb914195,bkg_0463ecea,flight_fare,far_920c0076,inv_c5c65e67,Flight seat,2026-10-19,1,292.55,292.55,SGD,cancelled,,2026-08-18T10:00:00+05:30
bit_e7430e55,bkg_128fd1c6,room_type,rmt_94546c51,inv_e4e1315e,Premier Suite @ Royal Sarovar Boutique Stay,2026-09-28,1,5091.48,5091.48,INR,confirmed,,2026-08-18T10:00:00+05:30
bit_c5f72635,bkg_cc4b6fbc,room_type,rmt_9eb28021,inv_70b65a0e,Executive @ Indigo Manor Suites,2026-11-16,1,1724.99,1724.99,INR,pending,,2026-08-18T10:00:00+05:30
bit_621e83f0,bkg_5ec04473,room_type,rmt_2466b8b6,inv_3d227d08,Twin Economy @ Grand Kothi Resort,2026-11-16,1,11557.00,11557.00,JPY,confirmed,,2026-08-18T10:00:00+05:30
bit_66fb74e1,bkg_eae0557c,room_type,rmt_54db1870,inv_5cdca88e,Deluxe @ Hillview Sarovar Inn,2026-10-13,2,2055.54,4111.08,INR,confirmed,,2026-08-18T10:00:00+05:30
bit_444ff059,bkg_0c3d98ad,flight_fare,far_30449b0d,inv_12c86f94,Flight seat,2026-09-23,1,1089.03,1089.03,AED,cancelled,,2026-08-18T10:00:00+05:30
bit_fc7c8b98,bkg_a7cb5147,room_type,rmt_031c6f90,inv_73279bdf,Family Room @ Royal Terraces Suites,2026-09-19,2,30533.75,61067.50,INR,confirmed,,2026-08-18T10:00:00+05:30
bit_37547395,bkg_bbb98e7a,room_type,rmt_a369d34e,inv_640b5346,Twin Economy @ The Old Regency Inn,2026-10-14,1,4101.50,4101.50,INR,confirmed,,2026-08-18T10:00:00+05:30
bit_43aee006,bkg_8bbfb216,flight_fare,far_602dd70f,inv_fc8eb529,Flight seat,2026-11-02,1,4511.16,4511.16,INR,compensated,2026-07-18T21:34:00+05:30,2026-08-18T10:00:00+05:30
bit_5b658df4,bkg_9e018a7c,room_type,rmt_fcb045a1,inv_38d9720b,Family Room @ Hillview Niwas by the Lake,2026-10-20,2,2093.40,4186.80,INR,cancelled,,2026-08-18T10:00:00+05:30
bit_7d94d37b,bkg_9e018a7c,room_type,rmt_55c522a8,inv_f0810756,Heritage Room @ Amber Retreat Homestay,2026-11-01,1,4764.03,4764.03,INR,cancelled,,2026-08-18T10:00:00+05:30
bit_c910a81f,bkg_75d01100,room_type,rmt_b4972b6b,inv_404b13c2,Family Room @ Hillview Palms by the Lake,2026-10-10,1,10447.15,10447.15,INR,pending,,2026-08-18T10:00:00+05:30
bit_100bbbc7,bkg_0e275cfd,room_type,rmt_9a44634e,inv_c55826e7,Premier Suite @ Indigo Verandah Homestay,2026-09-05,2,5404.83,10809.66,INR,confirmed,,2026-08-18T10:00:00+05:30
bit_c8461a57,bkg_dc18ecad,flight_fare,far_05c26193,inv_90ab8a5e,Flight seat,2026-10-07,2,1656.28,3312.56,AED,confirmed,,2026-08-18T10:00:00+05:30
bit_dc050689,bkg_0d75125a,room_type,rmt_c946b4c2,inv_9ed62897,Premier Suite @ Royal Sanctuary Suites,2026-11-07,2,10361.20,20722.40,INR,cancelled,,2026-08-18T10:00:00+05:30
bit_7133e502,bkg_0d75125a,room_type,rmt_a499242d,inv_f4313278,Executive @ Hillview Nest Inn,2026-09-13,2,7559.61,15119.22,INR,cancelled,,2026-08-18T10:00:00+05:30
bit_5d553382,bkg_994caf79,room_type,rmt_0b8a155f,inv_d13c8bcf,Heritage Room @ The Haveli Inn,2026-11-08,2,7201.08,14402.16,INR,confirmed,,2026-08-18T10:00:00+05:30
bit_6549d2d3,bkg_0ca6fb38,flight_fare,far_4524ce6e,inv_32b8415b,Flight seat,2026-11-18,1,6731.57,6731.57,INR,confirmed,,2026-08-18T10:00:00+05:30
bit_73c37cef,bkg_c931cafa,room_type,rmt_28b409a4,inv_48aeb646,Twin Economy @ Hotel Verandah & Spa,2026-11-28,2,8754.40,17508.80,THB,cancelled,,2026-08-18T10:00:00+05:30
bit_2e304bcd,bkg_8241c90c,room_type,rmt_f42e207b,inv_d6d23ffb,Twin Economy @ Heritage Palms,2026-10-28,2,6951.43,13902.86,INR,confirmed,,2026-08-18T10:00:00+05:30
bit_fec091e7,bkg_8241c90c,flight_fare,far_3d7caa22,inv_68a07075,Flight seat,2026-09-29,1,13727.10,13727.10,INR,confirmed,,2026-08-18T10:00:00+05:30
bit_21e838a1,bkg_737a7abf,room_type,rmt_58eeb2ee,inv_2fcf5058,Standard @ Villa Mahal Suites,2026-09-11,2,4387.53,8775.06,INR,confirmed,,2026-08-18T10:00:00+05:30
bit_d011bab8,bkg_f3383dfc,flight_fare,far_4b929ec2,inv_925b5b35,Flight seat,2026-10-03,2,2951.05,5902.10,INR,confirmed,,2026-08-18T10:00:00+05:30
bit_6f2502ee,bkg_f3383dfc,room_type,rmt_0f009220,inv_f53ab9f5,Deluxe @ Palm Courtyard Heritage,2026-11-13,1,9692.76,9692.76,INR,confirmed,,2026-08-18T10:00:00+05:30
bit_6db8ba47,bkg_f3383dfc,room_type,rmt_4cf7dfce,inv_029a56d4,Twin Economy @ Palm Sanctuary Boutique Stay,2026-10-03,1,14756.93,14756.93,INR,confirmed,,2026-08-18T10:00:00+05:30
bit_c6b78513,bkg_1514d781,flight_fare,far_979f540a,inv_7f901ab4,Flight seat,2026-10-29,2,4224.24,8448.48,INR,confirmed,,2026-08-18T10:00:00+05:30
bit_31cb5f9e,bkg_1514d781,room_type,rmt_d34a3325,inv_d4a6379b,Premier Suite @ Hillview Nest Boutique Stay,2026-09-09,1,14083.37,14083.37,INR,confirmed,,2026-08-18T10:00:00+05:30
bit_6e9d6ed4,bkg_c0110f03,flight_fare,far_cf1357c0,inv_57888929,Flight seat,2026-10-20,1,18822574.09,18822574.09,IDR,confirmed,,2026-08-18T10:00:00+05:30
bit_6ed63881,bkg_cac3d2e3,room_type,rmt_3a584d76,inv_6ed890bb,Heritage Room @ Indigo Meadows Boutique Stay,2026-11-21,1,3882.44,3882.44,INR,confirmed,,2026-08-18T10:00:00+05:30
bit_8cb8799b,bkg_0429c62b,room_type,rmt_4faddc19,inv_1cf532c1,Family Room @ Garden Ghat House & Spa,2026-11-23,2,5714.14,11428.28,AED,confirmed,,2026-08-18T10:00:00+05:30
bit_0c07f180,bkg_c9919770,room_type,rmt_796b88e6,inv_14ef75a2,Deluxe @ The Old Vihar Resort,2026-09-26,2,34278.44,68556.88,INR,confirmed,,2026-08-18T10:00:00+05:30
bit_04ac9e7e,bkg_c9919770,flight_fare,far_912ff765,inv_62559d1e,Flight seat,2026-09-26,2,3167.50,6335.00,INR,confirmed,,2026-08-18T10:00:00+05:30
bit_65246114,bkg_94541502,room_type,rmt_a369d34e,inv_dc6cfad3,Twin Economy @ The Old Regency Inn,2026-10-16,1,5000.43,5000.43,INR,confirmed,,2026-08-18T10:00:00+05:30
bit_52422f10,bkg_94541502,room_type,rmt_039a87b5,inv_c347706c,Deluxe @ Riverside Sanctuary Inn,2026-09-02,1,5578.71,5578.71,INR,confirmed,,2026-08-18T10:00:00+05:30
bit_8ec6e6cc,bkg_94541502,room_type,rmt_3aa4f9b8,inv_e5b87646,Premier Suite @ Grand Sarovar Resort,2026-11-07,1,9171.11,9171.11,INR,confirmed,,2026-08-18T10:00:00+05:30
bit_01925fbe,bkg_98da4e90,room_type,rmt_060c5796,inv_d1677206,Deluxe @ Grand Kothi & Spa,2026-11-05,2,4982.45,9964.90,INR,confirmed,,2026-08-18T10:00:00+05:30
bit_889abb09,bkg_98da4e90,room_type,rmt_3aa4f9b8,inv_d50ffb2c,Premier Suite @ Grand Sarovar Resort,2026-11-09,2,6708.37,13416.74,INR,confirmed,,2026-08-18T10:00:00+05:30
bit_ac2f9ec8,bkg_8d6d6f82,room_type,rmt_c867633e,inv_c351e0db,Standard @ Hillview Sarovar by the Lake,2026-11-02,2,14224.42,28448.84,INR,confirmed,,2026-08-18T10:00:00+05:30
bit_0ff0b479,bkg_a15a6a18,room_type,rmt_5b68a891,inv_dccf4c8e,Family Room @ Royal Orchard Heritage,2026-10-17,2,37717.19,75434.38,INR,confirmed,,2026-08-18T10:00:00+05:30
bit_070f734a,bkg_bd9dbb5d,room_type,rmt_9eb28021,inv_5f762567,Executive @ Indigo Manor Suites,2026-09-15,2,1897.50,3795.00,INR,confirmed,,2026-08-18T10:00:00+05:30
bit_1e490ebf,bkg_6698f84d,flight_fare,far_f9656b14,inv_51857d98,Flight seat,2026-11-26,2,19289.07,38578.14,INR,confirmed,,2026-08-18T10:00:00+05:30
bit_8ec3f9d2,bkg_06c1276e,room_type,rmt_039a87b5,inv_1b2d7d85,Deluxe @ Riverside Sanctuary Inn,2026-11-20,2,5530.60,11061.20,INR,confirmed,,2026-08-18T10:00:00+05:30
bit_78f17d8a,bkg_af0bdcd3,flight_fare,far_7459b42b,inv_e2cd9ec1,Flight seat,2026-10-03,2,10051.79,20103.58,INR,cancelled,,2026-08-18T10:00:00+05:30
bit_4f6fec8b,bkg_af0bdcd3,room_type,rmt_55c522a8,inv_cef83435,Heritage Room @ Amber Retreat Homestay,2026-09-13,1,5200.31,5200.31,INR,cancelled,,2026-08-18T10:00:00+05:30
bit_52fb89ac,bkg_a2f65719,room_type,rmt_4be4b5c2,inv_823a43aa,Executive @ Hillview Niwas by the Lake,2026-10-27,2,4344.80,8689.60,INR,cancelled,,2026-08-18T10:00:00+05:30
bit_9893c679,bkg_88d80415,room_type,rmt_58eeb2ee,inv_18abb94e,Standard @ Villa Mahal Suites,2026-10-04,1,3654.70,3654.70,INR,confirmed,,2026-08-18T10:00:00+05:30
bit_dc564251,bkg_48e060d9,flight_fare,far_db1529f3,inv_94788d0e,Flight seat,2026-10-19,2,951.84,1903.68,SGD,confirmed,,2026-08-18T10:00:00+05:30
bit_b5e1e544,bkg_2b3d9e5b,room_type,rmt_12d96357,inv_a9841022,Standard @ Garden Sarovar Homestay,2026-09-02,1,6530.62,6530.62,INR,confirmed,,2026-08-18T10:00:00+05:30
bit_8c4285fa,bkg_552e336e,flight_fare,far_b46af11e,inv_d39eaa6b,Flight seat,2026-10-12,1,324.80,324.80,MYR,confirmed,,2026-08-18T10:00:00+05:30
bit_a528c0b6,bkg_991c6030,flight_fare,far_7b2313d4,inv_3e7d38e6,Flight seat,2026-09-03,2,6146.55,12293.10,INR,cancelled,,2026-08-18T10:00:00+05:30
bit_4e9d43dd,bkg_db5135e5,flight_fare,far_453fd284,inv_7da07a6a,Flight seat,2026-10-04,1,38977.66,38977.66,INR,confirmed,,2026-08-18T10:00:00+05:30
bit_46ce9901,bkg_db5135e5,room_type,rmt_e80871dd,inv_29478ad6,Standard @ Lake Palms Inn,2026-10-17,2,6302.49,12604.98,INR,confirmed,,2026-08-18T10:00:00+05:30
bit_8a1cda75,bkg_c581f114,flight_fare,far_8e27d2b5,inv_12b2ba45,Flight seat,2026-09-16,2,345.49,690.98,AED,pending,,2026-08-18T10:00:00+05:30
bit_00fbf91f,bkg_b9a4c5ea,room_type,rmt_2919bbfe,inv_d6159948,Heritage Room @ Palm Sarovar,2026-11-20,1,9139.63,9139.63,INR,confirmed,,2026-08-18T10:00:00+05:30
bit_509e2b88,bkg_f3ad560e,room_type,rmt_3aa4f9b8,inv_924c7cd1,Premier Suite @ Grand Sarovar Resort,2026-09-12,2,8289.95,16579.90,INR,pending,,2026-08-18T10:00:00+05:30
bit_54b2d4a4,bkg_f3ad560e,room_type,rmt_605d2d42,inv_9e967999,Family Room @ Lake Palms Inn,2026-09-08,1,3593.96,3593.96,INR,pending,,2026-08-18T10:00:00+05:30
bit_bdbaf27f,bkg_0e1f3097,flight_fare,far_076ed3e7,inv_8305d227,Flight seat,2026-11-13,2,1346.01,2692.02,AED,confirmed,,2026-08-18T10:00:00+05:30
bit_916cad36,bkg_bdf780d6,room_type,rmt_f01a2942,inv_a92c7a9e,Family Room @ Villa Meadows Homestay,2026-10-01,1,4336.09,4336.09,INR,confirmed,,2026-08-18T10:00:00+05:30
bit_dff80a13,bkg_bdf780d6,room_type,rmt_efe926e5,inv_92974e2b,Standard @ The Old Vihar Resort,2026-09-19,1,26159.20,26159.20,INR,confirmed,,2026-08-18T10:00:00+05:30
bit_935c24bd,bkg_e7f6c3e0,flight_fare,far_e3697d92,inv_7e2fd83a,Flight seat,2026-11-09,2,9605.63,19211.26,INR,cancelled,,2026-08-18T10:00:00+05:30
bit_6078d89e,bkg_e7f6c3e0,room_type,rmt_0b8a155f,inv_7d6463c8,Heritage Room @ The Haveli Inn,2026-10-29,2,5337.20,10674.40,INR,cancelled,,2026-08-18T10:00:00+05:30
bit_7328ec0e,bkg_cfd8c958,room_type,rmt_00534217,inv_92db7ce6,Executive @ Lake Nest Suites,2026-11-05,2,19392.07,38784.14,CHF,confirmed,,2026-08-18T10:00:00+05:30
bit_6cef6548,bkg_36abf540,flight_fare,far_6d9f1a68,inv_a7cab66d,Flight seat,2026-10-04,1,3144927.51,3144927.51,IDR,confirmed,,2026-08-18T10:00:00+05:30
bit_de3c408a,bkg_0c539381,flight_fare,far_897a1a9d,inv_0b65f18e,Flight seat,2026-10-22,1,94861.19,94861.19,INR,compensated,2026-05-19T21:19:00+05:30,2026-08-18T10:00:00+05:30
bit_b8a0fb10,bkg_93e1eecb,flight_fare,far_824965f2,inv_119df51f,Flight seat,2026-11-20,1,28505.88,28505.88,INR,pending,,2026-08-18T10:00:00+05:30
bit_299f7a49,bkg_d16ecd0e,room_type,rmt_4b888cdb,inv_fc10673d,Executive @ Indigo Verandah Homestay,2026-10-02,1,7120.07,7120.07,INR,confirmed,,2026-08-18T10:00:00+05:30
bit_39a0d053,bkg_6598d4a9,room_type,rmt_db498e20,inv_ead02c17,Standard @ Royal Orchard Resort,2026-10-29,1,4289.65,4289.65,JPY,confirmed,,2026-08-18T10:00:00+05:30
bit_b6d77e4e,bkg_17398b7c,room_type,rmt_4a3554c4,inv_8f3cc7b0,Twin Economy @ Indigo Meadows by the Lake,2026-10-26,2,7799.37,15598.74,INR,cancelled,,2026-08-18T10:00:00+05:30
bit_a1a00fce,bkg_2c4bc021,flight_fare,far_9ffb090f,inv_7a3c3b99,Flight seat,2026-09-03,2,15934.89,31869.78,INR,confirmed,,2026-08-18T10:00:00+05:30
bit_565a62f9,bkg_a6732c7b,room_type,rmt_2db0c6c3,inv_b5d83641,Heritage Room @ Hillview Bagh Suites,2026-10-28,1,8555.15,8555.15,INR,confirmed,,2026-08-18T10:00:00+05:30
bit_8b976a8d,bkg_472a3299,room_type,rmt_4a3554c4,inv_d6f2ddfe,Twin Economy @ Indigo Meadows by the Lake,2026-11-25,1,6889.34,6889.34,INR,confirmed,,2026-08-18T10:00:00+05:30
bit_94b443e1,bkg_472a3299,room_type,rmt_54db1870,inv_a2e6bddc,Deluxe @ Hillview Sarovar Inn,2026-11-20,2,2665.97,5331.94,INR,confirmed,,2026-08-18T10:00:00+05:30
bit_f5c80018,bkg_472a3299,room_type,rmt_f01a2942,inv_5a16d759,Family Room @ Villa Meadows Homestay,2026-09-08,1,4737.01,4737.01,INR,confirmed,,2026-08-18T10:00:00+05:30
bit_45082396,bkg_ed881995,room_type,rmt_2919bbfe,inv_a9e2dbdb,Heritage Room @ Palm Sarovar,2026-10-25,1,9527.32,9527.32,INR,confirmed,,2026-08-18T10:00:00+05:30
bit_742ced9a,bkg_ed881995,room_type,rmt_80d53c61,inv_7c770712,Premier Suite @ Royal Terraces Suites,2026-09-14,2,19857.76,39715.52,INR,confirmed,,2026-08-18T10:00:00+05:30
bit_c055e9a1,bkg_ed881995,room_type,rmt_94546c51,inv_8473b09c,Premier Suite @ Royal Sarovar Boutique Stay,2026-10-21,2,4426.82,8853.64,INR,confirmed,,2026-08-18T10:00:00+05:30
bit_67aacf7b,bkg_a36c7dda,room_type,rmt_28b409a4,inv_30b942b2,Twin Economy @ Hotel Verandah & Spa,2026-11-29,2,7584.23,15168.46,THB,confirmed,,2026-08-18T10:00:00+05:30
bit_655321a8,bkg_c07065e6,room_type,rmt_c867633e,inv_78cba1f4,Standard @ Hillview Sarovar by the Lake,2026-09-04,2,21250.64,42501.28,INR,pending,,2026-08-18T10:00:00+05:30
bit_51f7b36b,bkg_c07065e6,room_type,rmt_c412fbac,inv_65667566,Standard @ Riverside Retreat Homestay,2026-09-28,2,1653.08,3306.16,INR,pending,,2026-08-18T10:00:00+05:30
bit_a4556ba9,bkg_31218e32,room_type,rmt_7b889ec3,inv_e76afb4d,Family Room @ Heritage Verandah Resort,2026-11-21,2,7773.24,15546.48,INR,cancelled,,2026-08-18T10:00:00+05:30
bit_ebaf7233,bkg_84fbe685,room_type,rmt_2e70cc92,inv_475e947a,Family Room @ Amber Bungalow Inn,2026-10-24,2,3216.21,6432.42,INR,confirmed,,2026-08-18T10:00:00+05:30
bit_7aad4464,bkg_84fbe685,flight_fare,far_ece4cbc0,inv_97124388,Flight seat,2026-11-16,1,2555.84,2555.84,INR,confirmed,,2026-08-18T10:00:00+05:30
bit_c21c9849,bkg_1985a989,flight_fare,far_9d2500f4,inv_49dcfa84,Flight seat,2026-09-01,2,1147.80,2295.60,AED,confirmed,,2026-08-18T10:00:00+05:30
bit_a8513e8e,bkg_1985a989,room_type,rmt_3e31fe20,inv_c79c6639,Heritage Room @ Indigo Orchard & Spa,2026-11-10,2,19700.15,39400.30,AED,confirmed,,2026-08-18T10:00:00+05:30
bit_4f2cdf13,bkg_d20353cf,room_type,rmt_1664a3ef,inv_a1f38573,Heritage Room @ Indigo Verandah Homestay,2026-09-11,1,5123.77,5123.77,INR,confirmed,,2026-08-18T10:00:00+05:30
bit_3ea6e861,bkg_d20353cf,room_type,rmt_91b575ba,inv_ad9c3376,Executive @ Royal Sanctuary Suites  ,2026-10-30,2,6656.37,13312.74,INR,confirmed,,2026-08-18T10:00:00+05:30
bit_9e421ede,bkg_d20353cf,room_type,rmt_f09dd267,inv_23fde7c2,Executive @ Hillview Sarovar Inn,2026-09-05,1,6520.72,6520.72,INR,confirmed,,2026-08-18T10:00:00+05:30
bit_de9feecb,bkg_f3994423,room_type,rmt_55c522a8,inv_5cc5fe4d,Heritage Room @ Amber Retreat Homestay,2026-10-14,1,4224.65,4224.65,INR,confirmed,,2026-08-18T10:00:00+05:30
bit_a06bc966,bkg_0d42277e,room_type,rmt_3a595898,inv_15cfa223,Executive @ Indigo Verandah Homestay,2026-09-15,2,2038.78,4077.56,INR,compensated,2026-06-30T22:04:00+05:30,2026-08-18T10:00:00+05:30
bit_881c0097,bkg_0d42277e,flight_fare,far_5ac10f35,inv_a00bef77,Flight seat,2026-09-10,1,7643.74,7643.74,INR,compensated,2026-06-30T22:04:00+05:30,2026-08-18T10:00:00+05:30
bit_90432339,bkg_508e0ba8,room_type,rmt_4faddc19,inv_f72bd2df,Family Room @ Garden Ghat House & Spa,2026-09-04,1,5875.32,5875.32,AED,cancelled,,2026-08-18T10:00:00+05:30
bit_93e22c92,bkg_cfbf1f0f,room_type,rmt_58eeb2ee,inv_8368dd1c,Standard @ Villa Mahal Suites,2026-11-16,1,3423.16,3423.16,INR,confirmed,,2026-08-18T10:00:00+05:30
bit_e4b563bf,bkg_02ea7b7b,room_type,rmt_67c20089,inv_0969c243,Standard @ Hotel Verandah Heritage,2026-10-15,1,6762.41,6762.41,INR,confirmed,,2026-08-18T10:00:00+05:30
bit_e4d8e460,bkg_101b516c,flight_fare,far_45d4bfb9,inv_12e66d32,Flight seat,2026-10-06,2,20731.23,41462.46,INR,confirmed,,2026-08-18T10:00:00+05:30
bit_37d47b40,bkg_101b516c,room_type,rmt_df2d2be7,inv_9baee895,Premier Suite @ Hillview Nest Inn,2026-09-01,2,7712.60,15425.20,INR,confirmed,,2026-08-18T10:00:00+05:30
bit_14bad146,bkg_39d5f6c2,room_type,rmt_e1b794e9,inv_08c318eb,Deluxe @ Royal Residency Inn,2026-09-27,1,18174.25,18174.25,INR,cancelled,,2026-08-18T10:00:00+05:30
bit_eefa5b54,bkg_7a8e61cc,room_type,rmt_a1a42253,inv_3244f5ec,Standard @ Garden Orchard Homestay,2026-10-13,2,6462.95,12925.90,INR,confirmed,,2026-08-18T10:00:00+05:30
bit_97500f3e,bkg_23510a3f,flight_fare,far_39e60e0d,inv_d195b1a6,Flight seat,2026-11-02,1,31462.34,31462.34,INR,confirmed,,2026-08-18T10:00:00+05:30
bit_84cda9a7,bkg_e6f3f2d9,flight_fare,far_9c303be6,inv_ba5a82c2,Flight seat,2026-09-18,2,16928830.12,33857660.24,IDR,confirmed,,2026-08-18T10:00:00+05:30
bit_4e37ff3f,bkg_7b69da7e,room_type,rmt_fcb045a1,inv_88b7d0be,Family Room @ Hillview Niwas by the Lake,2026-09-21,2,2347.52,4695.04,INR,compensated,2026-05-30T02:34:00+05:30,2026-08-18T10:00:00+05:30
bit_205a0319,bkg_0ea77cbd,flight_fare,far_884ce005,inv_a314906c,Flight seat,2026-10-11,2,5457.80,10915.60,INR,confirmed,,2026-08-18T10:00:00+05:30
bit_ebbc2e68,bkg_0ea77cbd,room_type,rmt_d34a3325,inv_d365d2d3,Premier Suite @ Hillview Nest Boutique Stay,2026-09-30,2,14308.47,28616.94,INR,confirmed,,2026-08-18T10:00:00+05:30
bit_fcee4a5d,bkg_0ea77cbd,room_type,rmt_0f2f5bb4,inv_c0133820,Twin Economy @ Villa Vihar Homestay,2026-11-28,1,17770.75,17770.75,INR,confirmed,,2026-08-18T10:00:00+05:30
bit_16d1c412,bkg_d1a1cc62,room_type,rmt_e1c91b66,inv_5aade31e,Deluxe @ Indigo Meadows by the Lake,2026-10-20,2,5110.38,10220.76,INR,pending,,2026-08-18T10:00:00+05:30
bit_55211d8c,bkg_d1a1cc62,room_type,rmt_4f14363b,inv_fba63890,Twin Economy @ Amber Palms,2026-11-22,1,2353.55,2353.55,INR,pending,,2026-08-18T10:00:00+05:30
bit_003bb366,bkg_d1a1cc62,room_type,rmt_7f9f494c,inv_91392cb2,Twin Economy @ Hotel Kothi by the Lake,2026-10-11,2,8672.41,17344.82,INR,pending,,2026-08-18T10:00:00+05:30
bit_b64b6902,bkg_8cd21666,room_type,rmt_38d11d09,inv_6b3b2510,Deluxe @ Hillview Bagh Suites,2026-10-03,1,6896.25,6896.25,INR,confirmed,,2026-08-18T10:00:00+05:30
bit_f433873d,bkg_0dcac013,room_type,rmt_5df6ca92,inv_d1ce7473,Heritage Room @ Garden Ghat House & Spa,2026-10-31,2,11039.45,22078.90,AED,confirmed,,2026-08-18T10:00:00+05:30
bit_0ff0ee57,bkg_018c97c4,flight_fare,far_cc8be53d,inv_6b2408c1,Flight seat,2026-09-09,1,38061.61,38061.61,INR,confirmed,,2026-08-18T10:00:00+05:30
bit_55df18f3,bkg_3a2c1c5c,room_type,rmt_54db1870,inv_bec12a3c,Deluxe @ Hillview Sarovar Inn,2026-09-30,2,2347.54,4695.08,INR,confirmed,,2026-08-18T10:00:00+05:30
bit_d4563daf,bkg_3a2c1c5c,room_type,rmt_3a584d76,inv_40992d3c,Heritage Room @ Indigo Meadows Boutique Stay,2026-11-10,1,2983.26,2983.26,INR,confirmed,,2026-08-18T10:00:00+05:30
bit_a98dea0a,bkg_8732f57e,room_type,rmt_188dccb2,inv_bb3a0ce7,Heritage Room @ Amber Sanctuary Homestay,2026-09-28,2,5700.84,11401.68,INR,confirmed,,2026-08-18T10:00:00+05:30
bit_704607f1,bkg_5259c28a,room_type,rmt_fc40a0df,inv_ec3368b3,Twin Economy @ Lake Bagh Homestay,2026-10-06,1,7859.52,7859.52,INR,confirmed,,2026-08-18T10:00:00+05:30
bit_0f85b7c9,bkg_9956bf7a,room_type,rmt_a1a42253,inv_460ef59a,Standard @ Garden Orchard Homestay,2026-09-13,2,8250.88,16501.76,INR,confirmed,,2026-08-18T10:00:00+05:30
bit_c8ecaee0,bkg_d1f02916,room_type,rmt_55c522a8,inv_179eec01,Heritage Room @ Amber Retreat Homestay,2026-09-27,2,5363.91,10727.82,INR,cancelled,,2026-08-18T10:00:00+05:30
bit_40565d86,bkg_d1f02916,room_type,rmt_4a3554c4,inv_7d969d47,Twin Economy @ Indigo Meadows by the Lake,2026-09-02,1,6828.81,6828.81,INR,cancelled,,2026-08-18T10:00:00+05:30
bit_332493c3,bkg_584e788f,flight_fare,far_57bff99e,inv_e9bc9614,Flight seat,2026-10-05,1,3141.64,3141.64,THB,confirmed,,2026-08-18T10:00:00+05:30
bit_7adc4442,bkg_16662645,flight_fare,far_49c67bf5,inv_81925ea0,Flight seat,2026-11-18,1,3180.83,3180.83,INR,confirmed,,2026-08-18T10:00:00+05:30
bit_9d3a671f,bkg_2dda2c7d,room_type,rmt_4f14363b,inv_11d20275,Twin Economy @ Amber Palms,2026-09-22,2,1744.07,3488.14,INR,confirmed,,2026-08-18T10:00:00+05:30
bit_6470f449,bkg_8634d050,room_type,rmt_0f009220,inv_cfa1d1d1,Deluxe @ Palm Courtyard Heritage,2026-09-28,1,7354.93,7354.93,INR,confirmed,,2026-08-18T10:00:00+05:30
bit_46b839bc,bkg_fa278005,flight_fare,far_bd6d89a5,inv_fb539a87,Flight seat,2026-11-17,2,30548.47,61096.94,INR,confirmed,,2026-08-18T10:00:00+05:30
bit_67d8c3e2,bkg_5beb7bf0,room_type,rmt_6499086b,inv_6a4e05a9,Standard @ Hillview Regency Suites,2026-10-25,2,2309.98,4619.96,INR,confirmed,,2026-08-18T10:00:00+05:30
bit_5b31d18d,bkg_5beb7bf0,flight_fare,far_81f65cff,inv_27072475,Flight seat,2026-10-24,2,5302.54,10605.08,INR,confirmed,,2026-08-18T10:00:00+05:30
bit_f29d768d,bkg_5beb7bf0,room_type,rmt_e1c91b66,inv_8b4247a5,Deluxe @ Indigo Meadows by the Lake,2026-09-07,2,5778.44,11556.88,INR,confirmed,,2026-08-18T10:00:00+05:30
bit_1d1fbc94,bkg_48093fdf,room_type,rmt_24f68d46,inv_27bf90c0,Executive @ Indigo Meadows Boutique Stay,2026-10-19,2,6914.55,13829.10,INR,cancelled,,2026-08-18T10:00:00+05:30
bit_4cb3844c,bkg_00a39338,flight_fare,far_277d17ee,inv_1fa77609,Flight seat,2026-09-11,2,8817.56,17635.12,INR,confirmed,,2026-08-18T10:00:00+05:30
bit_22e6bed7,bkg_e82bbf71,room_type,rmt_33c6c9be,inv_4ee36955,Deluxe @ Hillview Regency by the Lake,2026-10-23,2,15399.08,30798.16,MVR,confirmed,,2026-08-18T10:00:00+05:30
bit_4115c465,bkg_b7fdbea0,room_type,rmt_c0463b3f,inv_5f56c035,Deluxe Garden View @ Hillview Bagh Resort,2026-11-19,1,3275.45,3275.45,INR,pending,,2026-08-18T10:00:00+05:30
bit_5ffcbfdb,bkg_b7fdbea0,room_type,rmt_a369d34e,inv_8a8844a8,Twin Economy @ The Old Regency Inn,2026-11-25,2,4400.40,8800.80,INR,pending,,2026-08-18T10:00:00+05:30
bit_e63e9011,bkg_16614a05,room_type,rmt_5e6f1662,inv_117605f6,Family Room @ Riverside Sarovar Boutique Stay,2026-09-04,2,8535.93,17071.86,INR,confirmed,,2026-08-18T10:00:00+05:30
bit_5ce0fe1e,bkg_16614a05,room_type,rmt_80d53c61,inv_6323b743,Premier Suite @ Royal Terraces Suites,2026-09-26,2,22812.43,45624.86,INR,confirmed,,2026-08-18T10:00:00+05:30
bit_a707aa7a,bkg_16614a05,flight_fare,far_fd3816c4,inv_7d23d898,Flight seat,2026-10-14,2,17985.62,35971.24,INR,confirmed,,2026-08-18T10:00:00+05:30
bit_948ee86b,bkg_1d17fe8c,flight_fare,far_f710a1cb,inv_2c82f91c,Flight seat,2026-10-13,1,3506408.78,3506408.78,IDR,confirmed,,2026-08-18T10:00:00+05:30
bit_8ca8c42b,bkg_a784f66b,flight_fare,far_c84777d4,inv_b8860268,Flight seat,2026-09-19,1,47969.61,47969.61,INR,confirmed,,2026-08-18T10:00:00+05:30
bit_fe4c2c7e,bkg_cbb2cd7c,room_type,rmt_e99927f7,inv_e1ab4e96,Standard @ Hillview Niwas by the Lake,2026-09-08,1,2815.31,2815.31,INR,confirmed,,2026-08-18T10:00:00+05:30
bit_459ce981,bkg_cbb2cd7c,room_type,rmt_f42e207b,inv_70c587c5,Twin Economy @ Heritage Palms,2026-10-16,2,8482.45,16964.90,INR,confirmed,,2026-08-18T10:00:00+05:30
bit_8425c070,bkg_1260907d,room_type,rmt_97174185,inv_31255c8e,Deluxe Garden View @ Amber Retreat Homestay,2026-09-29,1,9535.94,9535.94,INR,confirmed,,2026-08-18T10:00:00+05:30
bit_a7d8a915,bkg_1260907d,room_type,rmt_3a584d76,inv_5509e338,Heritage Room @ Indigo Meadows Boutique Stay,2026-10-03,1,3255.72,3255.72,INR,confirmed,,2026-08-18T10:00:00+05:30
bit_02c1a48a,bkg_f829a18f,room_type,rmt_796b88e6,inv_493623f0,Deluxe @ The Old Vihar Resort,2026-11-16,1,24840.39,24840.39,INR,cancelled,,2026-08-18T10:00:00+05:30
bit_64259b55,bkg_f58d8257,room_type,rmt_1664a3ef,inv_adb07756,Heritage Room @ Indigo Verandah Homestay,2026-11-02,2,4313.64,8627.28,INR,cancelled,,2026-08-18T10:00:00+05:30
bit_304f43ab,bkg_f2eb128e,room_type,rmt_00534217,inv_a269517f,Executive @ Lake Nest Suites,2026-10-22,1,22630.86,22630.86,CHF,confirmed,,2026-08-18T10:00:00+05:30
bit_516e5d8d,bkg_2aac6319,room_type,rmt_0f2f5bb4,inv_1dd6e5aa,Twin Economy @ Villa Vihar Homestay,2026-10-20,2,12779.43,25558.86,INR,confirmed,,2026-08-18T10:00:00+05:30
bit_699f985b,bkg_2aac6319,room_type,rmt_4b888cdb,inv_926e308a,Executive @ Indigo Verandah Homestay,2026-11-28,2,8370.21,16740.42,INR,confirmed,,2026-08-18T10:00:00+05:30
bit_15beeff4,bkg_6acf5a2b,room_type,rmt_a9b58258,inv_8f23c995,Deluxe @ Casa Manor Suites,2026-09-06,2,2189.31,4378.62,MVR,cancelled,,2026-08-18T10:00:00+05:30
bit_18eb3d79,bkg_b693890f,room_type,rmt_69fb5df6,inv_1603d3c0,Family Room @ Lake Bungalow by the Lake,2026-09-26,2,3634.65,7269.30,INR,confirmed,,2026-08-18T10:00:00+05:30
bit_d8c02c6d,bkg_b693890f,room_type,rmt_6499086b,inv_0b1b582f,Standard @ Hillview Regency Suites,2026-09-03,1,1762.76,1762.76,INR,confirmed,,2026-08-18T10:00:00+05:30
bit_69d2394a,bkg_88dca8e2,room_type,rmt_fc40a0df,inv_b06f3d05,Twin Economy @ Lake Bagh Homestay,2026-09-06,1,9734.04,9734.04,INR,cancelled,,2026-08-18T10:00:00+05:30
bit_1da57f46,bkg_09784426,room_type,rmt_58eeb2ee,inv_21ebc886,Standard @ Villa Mahal Suites,2026-11-19,2,3477.30,6954.60,INR,confirmed,,2026-08-18T10:00:00+05:30
bit_b7cd3644,bkg_7bb1e985,room_type,rmt_a1a42253,inv_cf6223a7,Standard @ Garden Orchard Homestay,2026-11-18,1,7210.44,7210.44,INR,confirmed,,2026-08-18T10:00:00+05:30
bit_7306172d,bkg_cee0cdde,flight_fare,far_9b48919f,inv_8b7877ac,Flight seat,2026-11-06,2,55587.03,111174.06,INR,cancelled,,2026-08-18T10:00:00+05:30
bit_18439c36,bkg_35f45131,room_type,rmt_db498e20,inv_047d540d,Standard @ Royal Orchard Resort,2026-10-21,1,4265.84,4265.84,JPY,confirmed,,2026-08-18T10:00:00+05:30
bit_eed09cc1,bkg_071f2ebc,room_type,rmt_c867633e,inv_c36aa3a5,Standard @ Hillview Sarovar by the Lake,2026-11-29,1,19998.84,19998.84,INR,confirmed,,2026-08-18T10:00:00+05:30
bit_0b17e1c3,bkg_071f2ebc,room_type,rmt_a1a42253,inv_71c0b7d6,Standard @ Garden Orchard Homestay,2026-09-27,1,7331.03,7331.03,INR,confirmed,,2026-08-18T10:00:00+05:30
bit_cc707f98,bkg_908c860b,room_type,rmt_4acc0255,inv_1171ed22,Deluxe @ The Old Residency Resort,2026-11-19,1,11673.63,11673.63,SGD,cancelled,,2026-08-18T10:00:00+05:30
bit_037f11e2,bkg_06e53ebf,room_type,rmt_4a3554c4,inv_c1065222,Twin Economy @ Indigo Meadows by the Lake,2026-11-06,2,9127.39,18254.78,INR,confirmed,,2026-08-18T10:00:00+05:30
bit_a98def81,bkg_e7c4c537,room_type,rmt_4be4b5c2,inv_216a085c,Executive @ Hillview Niwas by the Lake,2026-11-10,1,4344.80,4344.80,INR,confirmed,,2026-08-18T10:00:00+05:30
bit_231ce6fc,bkg_415334f9,flight_fare,far_b3652b63,inv_d060cfed,Flight seat,2026-10-16,2,32152.26,64304.52,INR,cancelled,,2026-08-18T10:00:00+05:30
bit_52dc276f,bkg_69eee489,flight_fare,far_5c238e9c,inv_e31ad82f,Flight seat,2026-10-13,2,867.19,1734.38,SGD,confirmed,,2026-08-18T10:00:00+05:30
bit_6f92d458,bkg_620f7f1b,room_type,rmt_3d20e0d7,inv_d34098e9,Standard @ Heritage Nest Boutique Stay,2026-11-18,1,5109.96,5109.96,LKR,confirmed,,2026-08-18T10:00:00+05:30
bit_9f76d3db,bkg_b64ef7bc,room_type,rmt_c015a465,inv_d13017ca,Executive @ Hotel Regency Boutique Stay,2026-11-20,2,9980.82,19961.64,INR,confirmed,,2026-08-18T10:00:00+05:30
bit_938fb1a2,bkg_3968adbc,flight_fare,far_0a6f5775,inv_d760f303,Flight seat,2026-09-30,1,2939.52,2939.52,THB,confirmed,,2026-08-18T10:00:00+05:30
bit_a2afcbd5,bkg_83dce3d4,room_type,rmt_3d20e0d7,inv_78b2496f,Standard @ Heritage Nest Boutique Stay,2026-11-21,2,6226.22,12452.44,LKR,compensated,2026-08-07T17:04:00+05:30,2026-08-18T10:00:00+05:30
bit_e47fa2b4,bkg_df1fb8c0,room_type,rmt_1664a3ef,inv_dfc4bfdf,Heritage Room @ Indigo Verandah Homestay,2026-09-24,2,4348.88,8697.76,INR,confirmed,,2026-08-18T10:00:00+05:30
bit_0c2f1597,bkg_a8ddf135,flight_fare,far_877f0f20,inv_36366bea,Flight seat,2026-09-04,1,28584.71,28584.71,INR,confirmed,,2026-08-18T10:00:00+05:30
bit_9fe98987,bkg_e2f8df81,flight_fare,far_bd759220,inv_83b7990a,Flight seat,2026-10-25,2,23587.02,47174.04,INR,confirmed,,2026-08-18T10:00:00+05:30
bit_a7f1a684,bkg_e2f8df81,room_type,rmt_060c5796,inv_f1aa7a35,Deluxe @ Grand Kothi & Spa,2026-10-31,2,5819.34,11638.68,INR,confirmed,,2026-08-18T10:00:00+05:30
bit_ee5c45ec,bkg_6bb5eab1,room_type,rmt_2a8aa24f,inv_a5fbf28e,Twin Economy @ Casa Meadows Inn,2026-11-26,1,6903.63,6903.63,NPR,confirmed,,2026-08-18T10:00:00+05:30
bit_61874bed,bkg_6b2aebc1,room_type,rmt_9a44634e,inv_ee5a370f,Premier Suite @ Indigo Verandah Homestay,2026-11-20,2,5321.00,10642.00,INR,cancelled,,2026-08-18T10:00:00+05:30
bit_d799f595,bkg_6b2aebc1,flight_fare,far_811009b5,inv_cfcd2c24,Flight seat,2026-11-09,2,4116.67,8233.34,INR,cancelled,,2026-08-18T10:00:00+05:30
bit_8f0f1891,bkg_081a726e,room_type,rmt_c0463b3f,inv_7c6a389a,Deluxe Garden View @ Hillview Bagh Resort,2026-11-13,2,4077.61,8155.22,INR,confirmed,,2026-08-18T10:00:00+05:30
bit_e7d77a79,bkg_081a726e,flight_fare,far_d75bbed8,inv_d201f305,Flight seat,2026-10-12,1,16705.89,16705.89,INR,confirmed,,2026-08-18T10:00:00+05:30
bit_346504fa,bkg_9e714d53,room_type,rmt_b4972b6b,inv_304931d4,Family Room @ Hillview Palms by the Lake,2026-10-23,2,8769.82,17539.64,INR,confirmed,,2026-08-18T10:00:00+05:30
bit_e6c77d1d,bkg_27ff905c,room_type,rmt_2bfbfea7,inv_3248113e,Executive @ The Old Terraces Resort,2026-09-23,1,7137.39,7137.39,INR,confirmed,,2026-08-18T10:00:00+05:30
bit_fe284f08,bkg_06c8948d,flight_fare,far_092f34c9,inv_4d3c4dad,Flight seat,2026-09-01,2,7373.84,14747.68,INR,confirmed,,2026-08-18T10:00:00+05:30
bit_29ed8ea9,bkg_e6534109,room_type,rmt_ddb7c473,inv_7589cfa3,Deluxe @ Amber Orchard Suites,2026-10-31,2,3764.99,7529.98,INR,cancelled,,2026-08-18T10:00:00+05:30
bit_9b25d2a3,bkg_2a044a0a,room_type,rmt_15de3a69,inv_33d2e331,Deluxe @ Royal Manor & Spa,2026-10-30,1,14196.21,14196.21,INR,confirmed,,2026-08-18T10:00:00+05:30
bit_c64d0dcb,bkg_b76bf57e,room_type,rmt_1d1c6517,inv_71807e86,Deluxe Garden View @ Lake Kothi Resort,2026-10-04,2,3824.53,7649.06,CHF,cancelled,,2026-08-18T10:00:00+05:30
bit_142b02e9,bkg_5f6d89a8,room_type,rmt_a499242d,inv_77b3f590,Executive @ Hillview Nest Inn,2026-10-02,2,7416.65,14833.30,INR,pending,,2026-08-18T10:00:00+05:30
bit_02e197f9,bkg_5f6d89a8,flight_fare,far_ba89986e,inv_b8f639dc,Flight seat,2026-11-19,1,14979.52,14979.52,INR,pending,,2026-08-18T10:00:00+05:30
bit_695c8e1d,bkg_5ea40488,room_type,rmt_031c6f90,inv_c30d7a7c,Family Room @ Royal Terraces Suites,2026-10-28,2,27366.15,54732.30,INR,cancelled,,2026-08-18T10:00:00+05:30
bit_717ae873,bkg_5ea40488,room_type,rmt_315d2584,inv_6b93cd20,Executive @ Heritage Mahal & Spa,2026-11-26,1,3727.14,3727.14,INR,cancelled,,2026-08-18T10:00:00+05:30
bit_e2745456,bkg_596e267c,room_type,rmt_67c20089,inv_3a07cf99,Standard @ Hotel Verandah Heritage,2026-09-25,1,7274.66,7274.66,INR,compensated,2026-08-12T23:49:00+05:30,2026-08-18T10:00:00+05:30
bit_3a7e965f,bkg_d2a97d66,room_type,rmt_6459e588,inv_ae0867c5,Deluxe @ The Terraces Resort,2026-10-21,1,13163.89,13163.89,INR,compensated,2026-05-02T10:34:00+05:30,2026-08-18T10:00:00+05:30
bit_5a7b9d60,bkg_ea850f53,room_type,rmt_c07b1f2a,inv_20b3af87,Executive @ Garden Ghat House Resort,2026-11-03,1,5298.02,5298.02,LKR,confirmed,,2026-08-18T10:00:00+05:30
bit_aa9c55ba,bkg_61e5b455,room_type,rmt_ddb7c473,inv_7cb02492,Deluxe @ Amber Orchard Suites,2026-10-14,2,3115.97,6231.94,INR,confirmed,,2026-08-18T10:00:00+05:30
bit_d5682eee,bkg_da62ca76,flight_fare,far_16327d9b,inv_ddec6864,Flight seat,2026-10-22,2,580.73,1161.46,MYR,cancelled,,2026-08-18T10:00:00+05:30
bit_11989c4d,bkg_7b3d2cbb,room_type,rmt_1664a3ef,inv_ef00f5ec,Heritage Room @ Indigo Verandah Homestay,2026-11-09,2,4407.99,8815.98,INR,confirmed,,2026-08-18T10:00:00+05:30
bit_ae8ed873,bkg_b5bbd058,room_type,rmt_0b8a155f,inv_792d04a0,Heritage Room @ The Haveli Inn,2026-09-05,2,6655.09,13310.18,INR,confirmed,,2026-08-18T10:00:00+05:30
bit_00bd61dc,bkg_00eaca9b,room_type,rmt_69fb5df6,inv_7585700b,Family Room @ Lake Bungalow by the Lake,2026-09-14,2,3147.03,6294.06,INR,confirmed,,2026-08-18T10:00:00+05:30
bit_2da79baa,bkg_00eaca9b,room_type,rmt_4f14363b,inv_984dd6ab,Twin Economy @ Amber Palms,2026-10-06,1,1901.62,1901.62,INR,confirmed,,2026-08-18T10:00:00+05:30
bit_b50f9ad7,bkg_05be87bf,room_type,rmt_c015a465,inv_61779f74,Executive @ Hotel Regency Boutique Stay,2026-11-22,2,9526.83,19053.66,INR,confirmed,,2026-08-18T10:00:00+05:30
bit_8e88cbeb,bkg_958be6bd,room_type,rmt_06f0a27d,inv_a54e5905,Heritage Room @ Hillview Nest Boutique Stay,2026-10-17,2,20240.96,40481.92,INR,cancelled,,2026-08-18T10:00:00+05:30
bit_09ee2b46,bkg_958be6bd,room_type,rmt_ad2452fd,inv_6c6c37e1,Deluxe Garden View @ Hotel Regency Boutique Stay,2026-10-30,1,20926.69,20926.69,INR,cancelled,,2026-08-18T10:00:00+05:30
bit_d931ec10,bkg_bd851530,room_type,rmt_28b409a4,inv_0cf3e378,Twin Economy @ Hotel Verandah & Spa,2026-10-05,1,6983.61,6983.61,THB,confirmed,,2026-08-18T10:00:00+05:30
bit_9790b3dc,bkg_3a1bd3ce,room_type,rmt_031c6f90,inv_1373983c,Family Room @ Royal Terraces Suites,2026-09-11,1,32362.83,32362.83,INR,confirmed,,2026-08-18T10:00:00+05:30
bit_f9e7f9a0,bkg_eaa32722,room_type,rmt_d5d1225e,inv_a47e010e,Deluxe Garden View @ Indigo Niwas Resort,2026-10-23,2,2690.94,5381.88,INR,cancelled,,2026-08-18T10:00:00+05:30
bit_06da5333,bkg_eaa32722,room_type,rmt_e80871dd,inv_34c7921a,Standard @ Lake Palms Inn,2026-10-12,2,4606.22,9212.44,INR,cancelled,,2026-08-18T10:00:00+05:30
bit_37ff82be,bkg_76d772eb,room_type,rmt_060c5796,inv_5146b297,Deluxe @ Grand Kothi & Spa,2026-09-05,2,5105.49,10210.98,INR,confirmed,,2026-08-18T10:00:00+05:30
bit_17f20480,bkg_9e95111d,flight_fare,far_0a4aaa35,inv_5a6c7b28,Flight seat,2026-11-24,1,12369.56,12369.56,INR,cancelled,,2026-08-18T10:00:00+05:30
bit_d86b3b28,bkg_9e95111d,room_type,rmt_c946b4c2,inv_4a9b1ebb,Premier Suite @ Royal Sanctuary Suites,2026-09-02,2,8748.25,17496.50,INR,cancelled,,2026-08-18T10:00:00+05:30
bit_52c5bdc7,bkg_b2ba1a97,room_type,rmt_db498e20,inv_15d992a4,Standard @ Royal Orchard Resort,2026-10-19,2,4180.60,8361.20,JPY,confirmed,,2026-08-18T10:00:00+05:30
bit_16ff3a84,bkg_51719344,flight_fare,far_cc6d1f92,inv_20fe3888,Flight seat,2026-09-10,2,4857.66,9715.32,INR,confirmed,,2026-08-18T10:00:00+05:30
bit_5747280c,bkg_abe48b6c,flight_fare,far_79280d7b,inv_e0fa91c9,Flight seat,2026-11-05,1,2438.01,2438.01,INR,pending,,2026-08-18T10:00:00+05:30
bit_ab39a90b,bkg_d9b04454,room_type,rmt_ad2452fd,inv_a56101d4,Deluxe Garden View @ Hotel Regency Boutique Stay,2026-09-26,2,24013.20,48026.40,INR,confirmed,,2026-08-18T10:00:00+05:30
bit_51d9edc4,bkg_d9b04454,flight_fare,far_f166ecc4,inv_e797470a,Flight seat,2026-10-15,2,70995.58,141991.16,INR,confirmed,,2026-08-18T10:00:00+05:30
bit_fee8b42c,bkg_dae072de,flight_fare,far_9f85b158,inv_93638a7b,Flight seat,2026-11-04,1,41659.14,41659.14,INR,confirmed,,2026-08-18T10:00:00+05:30
bit_bea7fd71,bkg_dae072de,room_type,rmt_afa1e735,inv_5228bfc8,Deluxe @ Garden Sanctuary by the Lake,2026-11-16,1,30068.69,30068.69,INR,confirmed,,2026-08-18T10:00:00+05:30
bit_9e9f7381,bkg_c6c57d65,room_type,rmt_d34a3325,inv_7ca52dc2,Premier Suite @ Hillview Nest Boutique Stay,2026-11-16,2,16542.44,33084.88,INR,confirmed,,2026-08-18T10:00:00+05:30
bit_c8a24411,bkg_c6c57d65,room_type,rmt_dac67beb,inv_064d8cce,Family Room @ Garden Vihar Suites,2026-09-28,2,3164.96,6329.92,INR,confirmed,,2026-08-18T10:00:00+05:30
bit_4b87eddc,bkg_c6c57d65,room_type,rmt_796b88e6,inv_f515984f,Deluxe @ The Old Vihar Resort,2026-11-24,1,23944.99,23944.99,INR,confirmed,,2026-08-18T10:00:00+05:30
bit_35a6e394,bkg_9c9aaa12,flight_fare,far_89c9bac7,inv_92573fce,Flight seat,2026-09-18,2,4419.08,8838.16,INR,confirmed,,2026-08-18T10:00:00+05:30
bit_2e3b7a00,bkg_9c9aaa12,room_type,rmt_06f0a27d,inv_4e43d4d2,Heritage Room @ Hillview Nest Boutique Stay,2026-11-12,1,20639.12,20639.12,INR,confirmed,,2026-08-18T10:00:00+05:30
bit_6025bb50,bkg_3577d290,room_type,rmt_039a87b5,inv_1fd9c5f6,Deluxe @ Riverside Sanctuary Inn,2026-09-14,1,5124.09,5124.09,INR,confirmed,,2026-08-18T10:00:00+05:30
bit_b75e3ab3,bkg_3577d290,flight_fare,far_69f7f617,inv_270a49f9,Flight seat,2026-09-25,2,62556.95,125113.90,INR,confirmed,,2026-08-18T10:00:00+05:30
bit_e215c00d,bkg_88cc1862,room_type,rmt_5e6f1662,inv_9f99d2da,Family Room @ Riverside Sarovar Boutique Stay,2026-10-20,1,6841.64,6841.64,INR,cancelled,,2026-08-18T10:00:00+05:30
bit_ac28be8a,bkg_88cc1862,flight_fare,far_c53b5c75,inv_d13e6d37,Flight seat,2026-10-02,1,84548.40,84548.40,INR,cancelled,,2026-08-18T10:00:00+05:30
bit_3f674263,bkg_9ac0ee3f,flight_fare,far_633f22ac,inv_386c557e,Flight seat,2026-09-25,1,9569.57,9569.57,INR,confirmed,,2026-08-18T10:00:00+05:30
bit_95be18c9,bkg_698fd76c,flight_fare,far_5d24ccbd,inv_652ad1fb,Flight seat,2026-11-11,2,15930.30,31860.60,INR,cancelled,,2026-08-18T10:00:00+05:30
bit_6c111d3f,bkg_d71be00e,room_type,rmt_315d2584,inv_dbff1934,Executive @ Heritage Mahal & Spa,2026-11-25,2,4470.84,8941.68,INR,cancelled,,2026-08-18T10:00:00+05:30
bit_0546d745,bkg_d71be00e,room_type,rmt_38d11d09,inv_76913059,Deluxe @ Hillview Bagh Suites,2026-11-07,1,7101.11,7101.11,INR,cancelled,,2026-08-18T10:00:00+05:30
bit_e680e023,bkg_f06e1bb9,room_type,rmt_55c522a8,inv_83f2cb8f,Heritage Room @ Amber Retreat Homestay,2026-11-08,2,4625.11,9250.22,INR,pending,,2026-08-18T10:00:00+05:30
bit_d53d8c6d,bkg_0d03378c,room_type,rmt_ce7264de,inv_478dc3dd,Executive @ Riverside Sanctuary Inn,2026-09-09,1,3291.06,3291.06,INR,confirmed,,2026-08-18T10:00:00+05:30
bit_8ba04635,bkg_0d03378c,room_type,rmt_df2d2be7,inv_7787fb0a,Premier Suite @ Hillview Nest Inn,2026-10-15,1,7478.10,7478.10,INR,confirmed,,2026-08-18T10:00:00+05:30
bit_b49bbd41,bkg_6a8b3766,room_type,rmt_3e31fe20,inv_23b066f4,Heritage Room @ Indigo Orchard & Spa,2026-11-16,2,18309.30,36618.60,AED,confirmed,,2026-08-18T10:00:00+05:30
bit_3b685f8e,bkg_c97beffa,room_type,rmt_94546c51,inv_918c9475,Premier Suite @ Royal Sarovar Boutique Stay,2026-11-17,2,5122.17,10244.34,INR,confirmed,,2026-08-18T10:00:00+05:30
bit_b9b49ba2,bkg_d8970a0c,room_type,rmt_00534217,inv_f81302e8,Executive @ Lake Nest Suites,2026-11-17,2,18098.10,36196.20,CHF,confirmed,,2026-08-18T10:00:00+05:30
bit_5d26ee0e,bkg_82ce6477,room_type,rmt_69fb5df6,inv_b11cc507,Family Room @ Lake Bungalow by the Lake,2026-10-01,2,3181.13,6362.26,INR,confirmed,,2026-08-18T10:00:00+05:30
bit_eb36b197,bkg_82ce6477,room_type,rmt_e80871dd,inv_c2fc6e65,Standard @ Lake Palms Inn,2026-10-09,2,6384.09,12768.18,INR,confirmed,,2026-08-18T10:00:00+05:30
bit_e79e524a,bkg_0eb15018,room_type,rmt_0b8a155f,inv_bbf4a9bd,Heritage Room @ The Haveli Inn,2026-11-02,2,5815.86,11631.72,INR,confirmed,,2026-08-18T10:00:00+05:30
bit_870eb566,bkg_0eb15018,room_type,rmt_a369d34e,inv_802149e1,Twin Economy @ The Old Regency Inn,2026-11-08,1,4860.15,4860.15,INR,confirmed,,2026-08-18T10:00:00+05:30
bit_d1170271,bkg_bef32acf,room_type,rmt_b4972b6b,inv_d6b0d3ab,Family Room @ Hillview Palms by the Lake,2026-09-11,1,9105.72,9105.72,INR,compensated,2026-05-29T19:49:00+05:30,2026-08-18T10:00:00+05:30
bit_764dd7e5,bkg_bef32acf,room_type,rmt_24f68d46,inv_4cc7b6a4,Executive @ Indigo Meadows Boutique Stay,2026-09-28,1,6095.67,6095.67,INR,compensated,2026-05-29T19:49:00+05:30,2026-08-18T10:00:00+05:30
bit_33d91530,bkg_5e97c5a7,room_type,rmt_6499086b,inv_ebb4cea1,Standard @ Hillview Regency Suites,2026-10-04,2,2340.87,4681.74,INR,confirmed,,2026-08-18T10:00:00+05:30
bit_116ea69b,bkg_5e97c5a7,room_type,rmt_5b68a891,inv_95f33c6a,Family Room @ Royal Orchard Heritage,2026-11-04,1,38704.15,38704.15,INR,confirmed,,2026-08-18T10:00:00+05:30
bit_afc43009,bkg_5e97c5a7,flight_fare,far_6d16e156,inv_555eaa7a,Flight seat,2026-11-21,1,9840.16,9840.16,INR,confirmed,,2026-08-18T10:00:00+05:30
bit_6931c97d,bkg_3c378d7e,flight_fare,far_c61e01f5,inv_0b4b3939,Flight seat,2026-09-26,1,62338.42,62338.42,INR,confirmed,,2026-08-18T10:00:00+05:30
bit_a0bdac2b,bkg_48092acf,room_type,rmt_8a3c3697,inv_4312cede,Twin Economy @ Indigo Orchard Inn,2026-09-12,2,4953.72,9907.44,INR,confirmed,,2026-08-18T10:00:00+05:30
bit_12e025fa,bkg_b70a01d2,room_type,rmt_3a584d76,inv_045dbfb9,Heritage Room @ Indigo Meadows Boutique Stay,2026-11-15,1,3509.39,3509.39,INR,confirmed,,2026-08-18T10:00:00+05:30
bit_4c4f7a97,bkg_b70a01d2,room_type,rmt_dac67beb,inv_9ba55bfe,Family Room @ Garden Vihar Suites,2026-09-29,1,3365.85,3365.85,INR,confirmed,,2026-08-18T10:00:00+05:30
bit_d80f2790,bkg_b70a01d2,room_type,rmt_031c6f90,inv_ecf5717c,Family Room @ Royal Terraces Suites,2026-10-06,2,21913.94,43827.88,INR,confirmed,,2026-08-18T10:00:00+05:30
bit_25d6e514,bkg_72b01309,room_type,rmt_c015a465,inv_58eefbe1,Executive @ Hotel Regency Boutique Stay,2026-11-07,2,9625.05,19250.10,INR,pending,,2026-08-18T10:00:00+05:30
bit_023a9206,bkg_72b01309,flight_fare,far_706ad1b7,inv_55069b7a,Flight seat,2026-11-12,2,14143.08,28286.16,INR,pending,,2026-08-18T10:00:00+05:30
bit_bae98c0e,bkg_72b01309,room_type,rmt_58eeb2ee,inv_8126444f,Standard @ Villa Mahal Suites,2026-09-22,1,2932.57,2932.57,INR,pending,,2026-08-18T10:00:00+05:30
bit_9e57d826,bkg_47ee1abb,flight_fare,far_a2cb2644,inv_209248e0,Flight seat,2026-10-12,1,15573.24,15573.24,INR,confirmed,,2026-08-18T10:00:00+05:30
bit_30bba222,bkg_00644d93,room_type,rmt_38d11d09,inv_f5517492,Deluxe @ Hillview Bagh Suites,2026-09-05,1,5844.77,5844.77,INR,cancelled,,2026-08-18T10:00:00+05:30
bit_4cbdbe08,bkg_8a2455f6,room_type,rmt_5b68a891,inv_c72a1237,Family Room @ Royal Orchard Heritage,2026-09-03,1,35228.18,35228.18,INR,confirmed,,2026-08-18T10:00:00+05:30
bit_0e4cae91,bkg_b4b551e4,flight_fare,far_ec3cc836,inv_d6e54a83,Flight seat,2026-11-06,2,55426.90,110853.80,INR,confirmed,,2026-08-18T10:00:00+05:30
bit_2738be9d,bkg_5b92e5b3,flight_fare,far_9841890f,inv_d830bcbf,Flight seat,2026-11-20,1,348.70,348.70,SGD,confirmed,,2026-08-18T10:00:00+05:30
bit_7079976d,bkg_7bcfc0ca,room_type,rmt_7a6d1768,inv_2e1254e6,Deluxe Garden View @ Villa Mahal Suites,2026-10-11,1,3255.24,3255.24,INR,confirmed,,2026-08-18T10:00:00+05:30
bit_93c085ba,bkg_3e6d224b,room_type,rmt_261249fc,inv_594f79e7,Heritage Room @ Indigo Sarovar Heritage,2026-11-06,1,10191.34,10191.34,INR,confirmed,,2026-08-18T10:00:00+05:30
bit_05b7fbf6,bkg_c001c03a,room_type,rmt_12d96357,inv_1753c505,Standard @ Garden Sarovar Homestay,2026-10-08,1,6823.07,6823.07,INR,confirmed,,2026-08-18T10:00:00+05:30
bit_2873b94e,bkg_c001c03a,flight_fare,far_6fe0ac60,inv_284ab62f,Flight seat,2026-09-20,2,43437.78,86875.56,INR,confirmed,,2026-08-18T10:00:00+05:30
bit_4a9629dc,bkg_5deaccc2,room_type,rmt_0d437b01,inv_9f1d11c2,Heritage Room @ Amber Mahal Inn,2026-09-16,2,1981.48,3962.96,INR,confirmed,,2026-08-18T10:00:00+05:30
bit_ec71796b,bkg_5deaccc2,room_type,rmt_fdc08ffa,inv_851be764,Premier Suite @ Royal Terraces & Spa,2026-10-30,2,8017.92,16035.84,INR,confirmed,,2026-08-18T10:00:00+05:30
bit_d7f387b3,bkg_ebae8305,room_type,rmt_d74c67e8,inv_fd608449,Heritage Room @ Casa Manor Inn,2026-09-08,1,10769.44,10769.44,INR,cancelled,,2026-08-18T10:00:00+05:30
bit_9b9d4aeb,bkg_25dba882,room_type,rmt_40250c2d,inv_9bcaff5d,Heritage Room @ Hotel Orchard Resort,2026-09-17,1,6183.14,6183.14,NPR,confirmed,,2026-08-18T10:00:00+05:30
bit_eda95019,bkg_ec6b954a,room_type,rmt_039a87b5,inv_3e998c90,Deluxe @ Riverside Sanctuary Inn,2026-10-03,1,6866.48,6866.48,INR,confirmed,,2026-08-18T10:00:00+05:30
bit_87d488cb,bkg_f538e55d,flight_fare,far_6de9d158,inv_9d32d1d1,Flight seat,2026-11-08,2,35001.50,70003.00,INR,confirmed,,2026-08-18T10:00:00+05:30
bit_6e6e7116,bkg_f538e55d,flight_fare,far_d979340d,inv_e4ca6815,Flight seat,2026-09-16,1,9293.10,9293.10,INR,confirmed,,2026-08-18T10:00:00+05:30
bit_84e1facc,bkg_361cdc00,room_type,rmt_363659ec,inv_ab2d9e9b,Heritage Room @ Palm Nest Heritage,2026-11-22,1,7259.90,7259.90,MYR,cancelled,,2026-08-18T10:00:00+05:30
bit_74f6726d,bkg_825111d1,flight_fare,far_80e19fbb,inv_680bf328,Flight seat,2026-09-10,2,6263.69,12527.38,INR,confirmed,,2026-08-18T10:00:00+05:30
bit_2658f94f,bkg_b072ebe9,flight_fare,far_02d02a44,inv_08641915,Flight seat,2026-10-04,2,6224.07,12448.14,INR,cancelled,,2026-08-18T10:00:00+05:30
bit_7f2cdb14,bkg_b072ebe9,room_type,rmt_58eeb2ee,inv_10aef53f,Standard @ Villa Mahal Suites,2026-11-03,1,3262.59,3262.59,INR,cancelled,,2026-08-18T10:00:00+05:30
bit_4d3c92a4,bkg_cc3efc2b,room_type,rmt_28b409a4,inv_0f0a6f9d,Twin Economy @ Hotel Verandah & Spa,2026-09-08,2,7305.80,14611.60,THB,confirmed,,2026-08-18T10:00:00+05:30
bit_04157679,bkg_6b9141a1,room_type,rmt_ba5d7ad1,inv_00566ea4,Executive @ The Residency Homestay,2026-11-29,2,41917.79,83835.58,INR,confirmed,,2026-08-18T10:00:00+05:30
bit_65abb560,bkg_ad44351a,flight_fare,far_0a265f45,inv_4be9d467,Flight seat,2026-11-13,1,38392.73,38392.73,INR,confirmed,,2026-08-18T10:00:00+05:30
bit_b3f10613,bkg_ad44351a,room_type,rmt_94546c51,inv_572bc10c,Premier Suite @ Royal Sarovar Boutique Stay,2026-10-18,1,5440.47,5440.47,INR,confirmed,,2026-08-18T10:00:00+05:30
bit_0a730e11,bkg_ea881411,room_type,rmt_2a8aa24f,inv_c83dc971,Twin Economy @ Casa Meadows Inn,2026-11-12,1,6305.05,6305.05,NPR,cancelled,,2026-08-18T10:00:00+05:30
bit_aae13756,bkg_c0188722,room_type,rmt_efe926e5,inv_9d70e26c,Standard @ The Old Vihar Resort,2026-11-25,1,16810.77,16810.77,INR,confirmed,,2026-08-18T10:00:00+05:30
bit_61e05448,bkg_2ecf24ff,flight_fare,far_76eeb3f8,inv_cd9286bc,Flight seat,2026-11-16,1,4040.44,4040.44,INR,confirmed,,2026-08-18T10:00:00+05:30
bit_df184b6f,bkg_2ecf24ff,room_type,rmt_f42e207b,inv_af925fce,Twin Economy @ Heritage Palms,2026-10-29,2,5875.35,11750.70,INR,confirmed,,2026-08-18T10:00:00+05:30
bit_d77f142b,bkg_1115a504,room_type,rmt_15de3a69,inv_653d7fd4,Deluxe @ Royal Manor & Spa,2026-11-10,1,11245.61,11245.61,INR,compensated,2026-04-27T15:19:00+05:30,2026-08-18T10:00:00+05:30
bit_7aa52397,bkg_051a3070,room_type,rmt_3a595898,inv_00052c70,Executive @ Indigo Verandah Homestay,2026-10-03,1,2348.66,2348.66,INR,confirmed,,2026-08-18T10:00:00+05:30
bit_d3323eee,bkg_051a3070,flight_fare,far_8aff3645,inv_8bd0cfc8,Flight seat,2026-09-26,2,5328.04,10656.08,INR,confirmed,,2026-08-18T10:00:00+05:30
bit_2a0b8003,bkg_92edc709,flight_fare,far_c501d3c0,inv_6beb0f78,Flight seat,2026-09-16,2,7466121.57,14932243.14,IDR,confirmed,,2026-08-18T10:00:00+05:30
bit_c573e2b7,bkg_81e60ee5,room_type,rmt_eea5cfbe,inv_6011c83d,Family Room @ The Old Residency Suites,2026-09-26,1,19356.58,19356.58,INR,cancelled,,2026-08-18T10:00:00+05:30
bit_9698ffdd,bkg_81e60ee5,room_type,rmt_0b8a155f,inv_a628300e,Heritage Room @ The Haveli Inn,2026-09-06,2,7668.33,15336.66,INR,cancelled,,2026-08-18T10:00:00+05:30
bit_1df8ef9e,bkg_c9659480,room_type,rmt_0b9115b1,inv_9912f63c,Heritage Room @ Riverside Kothi Inn,2026-11-05,1,6951.03,6951.03,INR,confirmed,,2026-08-18T10:00:00+05:30
bit_75b2fa1c,bkg_c9659480,flight_fare,far_e93f1b3b,inv_3139ae61,Flight seat,2026-09-21,2,20133.82,40267.64,INR,confirmed,,2026-08-18T10:00:00+05:30
bit_08f91c69,bkg_c9659480,flight_fare,far_e89a9737,inv_b5cf9f2f,Flight seat,2026-09-23,1,5842.41,5842.41,INR,confirmed,,2026-08-18T10:00:00+05:30
bit_6cec2419,bkg_907d55a1,room_type,rmt_ba5d7ad1,inv_dd537bef,Executive @ The Residency Homestay,2026-10-04,2,45802.75,91605.50,INR,cancelled,,2026-08-18T10:00:00+05:30
bit_81e8c9b4,bkg_f6ade45f,room_type,rmt_eea5cfbe,inv_1d9590a3,Family Room @ The Old Residency Suites,2026-09-14,2,15987.01,31974.02,INR,pending,,2026-08-18T10:00:00+05:30
bit_38f983ee,bkg_ebc85e81,room_type,rmt_693809d0,inv_7816a601,Premier Suite @ Lake Bungalow by the Lake,2026-10-01,2,2108.74,4217.48,INR,confirmed,,2026-08-18T10:00:00+05:30
bit_6571dfa6,bkg_235298dd,room_type,rmt_363659ec,inv_6708e143,Heritage Room @ Palm Nest Heritage,2026-10-31,1,8370.38,8370.38,MYR,confirmed,,2026-08-18T10:00:00+05:30
bit_3727b3a3,bkg_bed68af4,room_type,rmt_1d1c6517,inv_533010a0,Deluxe Garden View @ Lake Kothi Resort,2026-11-25,1,3189.97,3189.97,CHF,confirmed,,2026-08-18T10:00:00+05:30
bit_dacf0553,bkg_ddb40cdc,room_type,rmt_fac0fd45,inv_e16a0013,Heritage Room @ Lake Kothi Heritage,2026-09-30,2,6851.66,13703.32,IDR,pending,,2026-08-18T10:00:00+05:30
bit_b2a57ffe,bkg_9427b8ed,flight_fare,far_8c897336,inv_e000d0c4,Flight seat,2026-11-27,2,21260.24,42520.48,INR,confirmed,,2026-08-18T10:00:00+05:30
bit_a79ce4d1,bkg_bb585566,room_type,rmt_ad2452fd,inv_16c11a02,Deluxe Garden View @ Hotel Regency Boutique Stay,2026-09-19,2,20060.63,40121.26,INR,confirmed,,2026-08-18T10:00:00+05:30
bit_927bb06a,bkg_44c20bce,room_type,rmt_56416285,inv_25dd8fd4,Family Room @ Villa Haveli & Spa,2026-10-26,2,17371.48,34742.96,INR,pending,,2026-08-18T10:00:00+05:30
bit_42bed997,bkg_78c04024,room_type,rmt_d34a3325,inv_796185bb,Premier Suite @ Hillview Nest Boutique Stay,2026-10-16,2,17536.26,35072.52,INR,confirmed,,2026-08-18T10:00:00+05:30
bit_ecbe6e28,bkg_78c04024,room_type,rmt_b4972b6b,inv_15ddc2e6,Family Room @ Hillview Palms by the Lake,2026-11-18,2,8409.93,16819.86,INR,confirmed,,2026-08-18T10:00:00+05:30
bit_0801cac7,bkg_82abb428,room_type,rmt_227a4718,inv_3cad160f,Premier Suite @ Casa Retreat by the Lake,2026-10-11,1,2061.54,2061.54,AED,cancelled,,2026-08-18T10:00:00+05:30
bit_6dba58f9,bkg_1e27e3bf,room_type,rmt_2e6b37c4,inv_1ab264d0,Deluxe @ Palm Ghat House by the Lake,2026-09-30,2,2411.06,4822.12,INR,confirmed,,2026-08-18T10:00:00+05:30
bit_59111bbf,bkg_40fefa28,room_type,rmt_69fb5df6,inv_a0892ebd,Family Room @ Lake Bungalow by the Lake,2026-10-20,2,3037.17,6074.34,INR,confirmed,,2026-08-18T10:00:00+05:30
bit_ad0469b2,bkg_40fefa28,room_type,rmt_c9808e2a,inv_677d2e07,Family Room @ The Old Verandah Suites,2026-10-02,1,1811.97,1811.97,INR,confirmed,,2026-08-18T10:00:00+05:30
bit_91cee8cd,bkg_e1ac2ec1,room_type,rmt_0fc40170,inv_8315adc6,Deluxe @ Hillview Nest Inn,2026-09-13,2,13073.48,26146.96,INR,confirmed,,2026-08-18T10:00:00+05:30
bit_fdbc7406,bkg_e1ac2ec1,room_type,rmt_1664a3ef,inv_856c7b6a,Heritage Room @ Indigo Verandah Homestay,2026-10-24,2,5061.63,10123.26,INR,confirmed,,2026-08-18T10:00:00+05:30
bit_fe9f899e,bkg_454a67e4,room_type,rmt_dd931f5b,inv_5a744f26,Executive @ Royal Manor & Spa,2026-11-06,2,8211.87,16423.74,INR,confirmed,,2026-08-18T10:00:00+05:30
bit_e3cb5be4,bkg_454a67e4,room_type,rmt_dd931f5b,inv_5a744f26,Executive @ Royal Manor & Spa,2026-11-06,2,8211.87,16423.74,INR,confirmed,,2026-08-18T10:00:00+05:30
bit_86be66a4,bkg_7eca21f0,room_type,rmt_7a6d1768,inv_4e9202b3,Deluxe Garden View @ Villa Mahal Suites,2026-11-26,2,2262.16,4524.32,INR,pending,,2026-08-18T10:00:00+05:30
bit_fbfd37ad,bkg_6fb3087d,room_type,rmt_7a6d1768,inv_29c62905,Deluxe Garden View @ Villa Mahal Suites,2026-10-23,2,3046.16,6092.32,INR,confirmed,,2026-08-18T10:00:00+05:30
bit_e4c969b4,bkg_6fb3087d,room_type,rmt_693809d0,inv_d2691d6e,Premier Suite @ Lake Bungalow by the Lake,2026-11-04,1,2265.18,2265.18,INR,confirmed,,2026-08-18T10:00:00+05:30
bit_c7ceaa74,bkg_ad1aa28a,room_type,rmt_df2d2be7,inv_f83c5b8e,Premier Suite @ Hillview Nest Inn,2026-10-02,1,9253.02,9253.02,INR,pending,,2026-08-18T10:00:00+05:30
bit_6a76144c,bkg_332f0fab,room_type,rmt_363659ec,inv_59a84e7d,Heritage Room @ Palm Nest Heritage,2026-10-10,1,7344.66,7344.66,MYR,confirmed,,2026-08-18T10:00:00+05:30
bit_7bb74fc4,bkg_c3515fe1,room_type,rmt_c015a465,inv_21810441,Executive @ Hotel Regency Boutique Stay,2026-10-22,2,8304.07,16608.14,INR,confirmed,,2026-08-18T10:00:00+05:30
bit_cc8339ca,bkg_c3515fe1,flight_fare,far_67fb12c6,inv_dd9c38e8,Flight seat,2026-11-02,1,15252.03,15252.03,INR,confirmed,,2026-08-18T10:00:00+05:30
bit_46364244,bkg_10770438,flight_fare,far_a6953e75,inv_fee1ffc7,Flight seat,2026-09-18,1,2476.46,2476.46,MYR,confirmed,,2026-08-18T10:00:00+05:30
bit_ec961188,bkg_4203b67f,flight_fare,far_3d721c63,inv_5bec950e,Flight seat,2026-10-10,2,21958.46,43916.92,INR,confirmed,,2026-08-18T10:00:00+05:30
bit_a0ac1e06,bkg_613b861b,room_type,rmt_031c6f90,inv_f9fceb61,Family Room @ Royal Terraces Suites,2026-11-06,1,26368.68,26368.68,INR,confirmed,,2026-08-18T10:00:00+05:30
bit_6a70db2c,bkg_eb6b0986,flight_fare,far_7e84106e,inv_fe3c8590,Flight seat,2026-11-19,2,41263.27,82526.54,INR,confirmed,,2026-08-18T10:00:00+05:30
bit_edb51e7a,bkg_64089900,room_type,rmt_28b409a4,inv_48270b57,Twin Economy @ Hotel Verandah & Spa,2026-11-14,1,8878.71,8878.71,THB,confirmed,,2026-08-18T10:00:00+05:30
bit_ae984903,bkg_7fa2dd99,flight_fare,far_1c684b8b,inv_d04c5c02,Flight seat,2026-11-24,1,118.88,118.88,SGD,confirmed,,2026-08-18T10:00:00+05:30
bit_6b5f2834,bkg_e8415312,flight_fare,far_6f5dc679,inv_2030e840,Flight seat,2026-10-02,2,17846.83,35693.66,INR,confirmed,,2026-08-18T10:00:00+05:30
bit_121f0e66,bkg_1d59364c,room_type,rmt_ddb7c473,inv_eec938f7,Deluxe @ Amber Orchard Suites,2026-11-05,1,3108.12,3108.12,INR,cancelled,,2026-08-18T10:00:00+05:30
bit_36c6452a,bkg_1d59364c,flight_fare,far_9d47dfe8,inv_70cf7f71,Flight seat,2026-10-14,1,44273.19,44273.19,INR,cancelled,,2026-08-18T10:00:00+05:30
bit_c626ecb8,bkg_1d59364c,room_type,rmt_2e70cc92,inv_aced0260,Family Room @ Amber Bungalow Inn,2026-10-28,2,2429.31,4858.62,INR,cancelled,,2026-08-18T10:00:00+05:30
bit_42359643,bkg_3868ab12,flight_fare,far_3c565bc6,inv_404525cf,Flight seat,2026-09-06,1,5798.64,5798.64,AED,confirmed,,2026-08-18T10:00:00+05:30
bit_3727f40f,bkg_7e71f395,room_type,rmt_b4972b6b,inv_6acc5b86,Family Room @ Hillview Palms by the Lake,2026-10-29,1,7908.25,7908.25,INR,confirmed,,2026-08-18T10:00:00+05:30
bit_24ad85d8,bkg_04aa6bc3,room_type,rmt_4acc0255,inv_e0441699,Deluxe @ The Old Residency Resort,2026-10-30,2,15048.49,30096.98,SGD,confirmed,,2026-08-18T10:00:00+05:30
bit_f935c13f,bkg_c5a61a90,room_type,rmt_315d2584,inv_657695ef,Executive @ Heritage Mahal & Spa,2026-11-24,2,3627.06,7254.12,INR,cancelled,,2026-08-18T10:00:00+05:30
bit_92fda71a,bkg_9b85dff1,flight_fare,far_b550bf7c,inv_5b34aace,Flight seat,2026-10-15,1,9567.82,9567.82,INR,confirmed,,2026-08-18T10:00:00+05:30
bit_09579ae3,bkg_779d5509,room_type,rmt_6499086b,inv_df9fc20c,Standard @ Hillview Regency Suites,2026-10-01,1,1867.69,1867.69,INR,cancelled,,2026-08-18T10:00:00+05:30
bit_ba210e60,bkg_80caf66d,flight_fare,far_4e1bb4b9,inv_46b3d6a8,Flight seat,2026-09-06,2,7147.59,14295.18,AED,confirmed,,2026-08-18T10:00:00+05:30
bit_0d4d40c7,bkg_0c219212,flight_fare,far_c9695514,inv_b7813ded,Flight seat,2026-11-25,2,3829.74,7659.48,MYR,confirmed,,2026-08-18T10:00:00+05:30
bit_9a22192f,bkg_7c680f02,room_type,rmt_7b889ec3,inv_9006f046,Family Room @ Heritage Verandah Resort,2026-11-04,2,7288.54,14577.08,INR,compensated,2026-06-20T09:34:00+05:30,2026-08-18T10:00:00+05:30
bit_5e50c82a,bkg_bc91c907,flight_fare,far_d39f83d2,inv_547060f7,Flight seat,2026-11-03,1,17861.48,17861.48,INR,confirmed,,2026-08-18T10:00:00+05:30
bit_017c895b,bkg_bc91c907,room_type,rmt_a1a42253,inv_6fbdfce0,Standard @ Garden Orchard Homestay,2026-09-04,1,7221.18,7221.18,INR,confirmed,,2026-08-18T10:00:00+05:30
bit_acf298f7,bkg_60b16561,flight_fare,far_1c6cf543,inv_de60f9ff,Flight seat,2026-10-31,1,30196.52,30196.52,INR,confirmed,,2026-08-18T10:00:00+05:30
bit_f8eb020e,bkg_60b16561,room_type,rmt_2919bbfe,inv_b2bc2190,Heritage Room @ Palm Sarovar,2026-10-05,2,9116.55,18233.10,INR,confirmed,,2026-08-18T10:00:00+05:30
bit_6c83f3f2,bkg_5df52a0d,room_type,rmt_8e081aa6,inv_c7b551c2,Standard @ The Old Residency,2026-09-17,1,7763.78,7763.78,INR,confirmed,,2026-08-18T10:00:00+05:30
bit_27f32603,bkg_cd3daf19,room_type,rmt_6499086b,inv_90c47b57,Standard @ Hillview Regency Suites,2026-09-20,2,2023.05,4046.10,INR,confirmed,,2026-08-18T10:00:00+05:30
bit_f53b0801,bkg_c6d5c374,room_type,rmt_c07b1f2a,inv_2e23801f,Executive @ Garden Ghat House Resort,2026-11-29,2,5464.48,10928.96,LKR,confirmed,,2026-08-18T10:00:00+05:30
bit_cac1e0b6,bkg_904bb058,room_type,rmt_0b8a155f,inv_e9150de9,Heritage Room @ The Haveli Inn,2026-11-01,1,6634.55,6634.55,INR,cancelled,,2026-08-18T10:00:00+05:30
bit_290642c7,bkg_904bb058,room_type,rmt_dac67beb,inv_5ddaecb6,Family Room @ Garden Vihar Suites,2026-09-14,2,3512.91,7025.82,INR,cancelled,,2026-08-18T10:00:00+05:30
bit_0ddb1599,bkg_0b534273,room_type,rmt_55c522a8,inv_5ad034b2,Heritage Room @ Amber Retreat Homestay,2026-11-12,2,4146.23,8292.46,INR,pending,,2026-08-18T10:00:00+05:30
bit_af04212f,bkg_0b534273,room_type,rmt_b9773ac8,inv_0b1d3438,Deluxe @ Heritage Kothi Inn,2026-09-26,1,9663.55,9663.55,INR,pending,,2026-08-18T10:00:00+05:30
bit_5636a6ff,bkg_1b44a0dc,room_type,rmt_3aa4f9b8,inv_5422a72c,Premier Suite @ Grand Sarovar Resort,2026-10-10,1,7821.64,7821.64,INR,cancelled,,2026-08-18T10:00:00+05:30
bit_c6aa9874,bkg_89efe121,room_type,rmt_2bfbfea7,inv_02d0eb3a,Executive @ The Old Terraces Resort,2026-09-02,2,6457.86,12915.72,INR,confirmed,,2026-08-18T10:00:00+05:30
bit_2dbc671d,bkg_89efe121,flight_fare,far_8a32a550,inv_f2ba29f2,Flight seat,2026-10-05,2,15055.36,30110.72,INR,confirmed,,2026-08-18T10:00:00+05:30
bit_359521da,bkg_89efe121,room_type,rmt_2e70cc92,inv_aa7407a3,Family Room @ Amber Bungalow Inn,2026-09-06,2,2780.52,5561.04,INR,confirmed,,2026-08-18T10:00:00+05:30
bit_8e10ae71,bkg_90b4be2b,flight_fare,far_f4bf0c71,inv_41a39412,Flight seat,2026-10-31,2,35822.33,71644.66,THB,confirmed,,2026-08-18T10:00:00+05:30
bit_3fc21f62,bkg_ab89649a,room_type,rmt_0b8a155f,inv_2c65c35b,Heritage Room @ The Haveli Inn,2026-10-05,1,5945.37,5945.37,INR,confirmed,,2026-08-18T10:00:00+05:30
bit_23bf5ba9,bkg_ab89649a,room_type,rmt_3a584d76,inv_5509e338,Heritage Room @ Indigo Meadows Boutique Stay,2026-10-03,1,3255.72,3255.72,INR,confirmed,,2026-08-18T10:00:00+05:30
bit_b9a5fc3a,bkg_869397bb,room_type,rmt_060c5796,inv_8219dd31,Deluxe @ Grand Kothi & Spa,2026-09-12,2,6099.81,12199.62,INR,confirmed,,2026-08-18T10:00:00+05:30
bit_4aac7e8e,bkg_393ffe8c,room_type,rmt_4acc0255,inv_d57ffa03,Deluxe @ The Old Residency Resort,2026-09-01,1,12381.67,12381.67,SGD,confirmed,,2026-08-18T10:00:00+05:30
bit_475a524e,bkg_438ed7d6,room_type,rmt_7b889ec3,inv_48a0ecd8,Family Room @ Heritage Verandah Resort,2026-10-25,1,8722.60,8722.60,INR,compensated,2026-07-02T01:34:00+05:30,2026-08-18T10:00:00+05:30
bit_c860bb9f,bkg_438ed7d6,room_type,rmt_e80871dd,inv_33e0cea6,Standard @ Lake Palms Inn,2026-09-18,2,6589.71,13179.42,INR,compensated,2026-07-02T01:34:00+05:30,2026-08-18T10:00:00+05:30
bit_8e3bbfab,bkg_4d8b1332,room_type,rmt_c9808e2a,inv_6d4ede4a,Family Room @ The Old Verandah Suites,2026-10-01,1,1649.30,1649.30,INR,confirmed,,2026-08-18T10:00:00+05:30
bit_640f4814,bkg_4d8b1332,room_type,rmt_188dccb2,inv_608ee548,Heritage Room @ Amber Sanctuary Homestay,2026-09-05,1,7121.21,7121.21,INR,confirmed,,2026-08-18T10:00:00+05:30
bit_3c5669c5,bkg_34fd4a51,room_type,rmt_db498e20,inv_274e45c2,Standard @ Royal Orchard Resort,2026-10-10,2,4904.76,9809.52,JPY,confirmed,,2026-08-18T10:00:00+05:30
bit_a32ab105,bkg_78245438,flight_fare,far_37421b0f,inv_ccba5e39,Flight seat,2026-09-08,1,3329.29,3329.29,INR,confirmed,,2026-08-18T10:00:00+05:30
bit_e8c1ebf6,bkg_78245438,room_type,rmt_e99927f7,inv_f8cd60a1,Standard @ Hillview Niwas by the Lake,2026-10-10,1,3879.91,3879.91,INR,confirmed,,2026-08-18T10:00:00+05:30
bit_27233e84,bkg_b274353b,room_type,rmt_06f0a27d,inv_659a16cd,Heritage Room @ Hillview Nest Boutique Stay,2026-11-26,2,20371.91,40743.82,INR,confirmed,,2026-08-18T10:00:00+05:30
bit_ba362879,bkg_d6cd714b,room_type,rmt_060c5796,inv_9ed80a29,Deluxe @ Grand Kothi & Spa,2026-09-11,1,6070.41,6070.41,INR,confirmed,,2026-08-18T10:00:00+05:30
bit_aa035310,bkg_f5158bbe,room_type,rmt_b4972b6b,inv_3684bf0f,Family Room @ Hillview Palms by the Lake,2026-09-20,1,8291.42,8291.42,INR,compensated,2026-07-31T18:49:00+05:30,2026-08-18T10:00:00+05:30
bit_f9efcbdd,bkg_74b37fba,room_type,rmt_4acc0255,inv_d1f04942,Deluxe @ The Old Residency Resort,2026-11-11,1,11200.41,11200.41,SGD,confirmed,,2026-08-18T10:00:00+05:30
bit_4202af7e,bkg_2e01f060,room_type,rmt_9a44634e,inv_ea22915c,Premier Suite @ Indigo Verandah Homestay,2026-11-29,1,5944.32,5944.32,INR,confirmed,,2026-08-18T10:00:00+05:30
bit_b932e2d7,bkg_7bd797ca,room_type,rmt_ce7264de,inv_f4fba25f,Executive @ Riverside Sanctuary Inn,2026-10-28,1,2970.55,2970.55,INR,confirmed,,2026-08-18T10:00:00+05:30
bit_daeec7b3,bkg_7bd797ca,room_type,rmt_d34a3325,inv_015a3533,Premier Suite @ Hillview Nest Boutique Stay,2026-11-13,1,19661.23,19661.23,INR,confirmed,,2026-08-18T10:00:00+05:30
bit_d1b3532b,bkg_0d715e4b,room_type,rmt_4faddc19,inv_b5cc7f4c,Family Room @ Garden Ghat House & Spa,2026-09-03,2,4582.85,9165.70,AED,cancelled,,2026-08-18T10:00:00+05:30
bit_e1dc61f3,bkg_f40b2da9,room_type,rmt_00534217,inv_fee150ef,Executive @ Lake Nest Suites,2026-11-08,1,22535.94,22535.94,CHF,compensated,2026-08-14T19:34:00+05:30,2026-08-18T10:00:00+05:30
bit_ad3d3cb2,bkg_20cd7a0e,flight_fare,far_9ca7f8ac,inv_a4d4af08,Flight seat,2026-09-06,2,29706.51,59413.02,INR,cancelled,,2026-08-18T10:00:00+05:30
bit_353d5316,bkg_20cd7a0e,room_type,rmt_2e6b37c4,inv_5ac7fae4,Deluxe @ Palm Ghat House by the Lake,2026-10-29,2,2578.30,5156.60,INR,cancelled,,2026-08-18T10:00:00+05:30
bit_120717f9,bkg_cdab5d95,room_type,rmt_fdc08ffa,inv_10b59092,Premier Suite @ Royal Terraces & Spa,2026-10-17,2,6567.59,13135.18,INR,confirmed,,2026-08-18T10:00:00+05:30
bit_7aad2d68,bkg_c561e273,room_type,rmt_0a292d71,inv_8083697a,Heritage Room @ Heritage Meadows & Spa,2026-10-20,1,2963.32,2963.32,THB,confirmed,,2026-08-18T10:00:00+05:30
bit_f584aba3,bkg_6f052aeb,room_type,rmt_039a87b5,inv_476dc102,Deluxe @ Riverside Sanctuary Inn,2026-11-02,1,5258.12,5258.12,INR,confirmed,,2026-08-18T10:00:00+05:30
bit_70af9a16,bkg_a8f3d896,room_type,rmt_e99927f7,inv_9f99caab,Standard @ Hillview Niwas by the Lake,2026-11-03,1,3134.61,3134.61,INR,confirmed,,2026-08-18T10:00:00+05:30
bit_78cb1334,bkg_c297f4a2,room_type,rmt_6499086b,inv_f7f26a59,Standard @ Hillview Regency Suites,2026-10-02,2,2318.86,4637.72,INR,confirmed,,2026-08-18T10:00:00+05:30
bit_2dc97418,bkg_c297f4a2,room_type,rmt_15de3a69,inv_84b871cf,Deluxe @ Royal Manor & Spa,2026-09-17,2,9787.20,19574.40,INR,confirmed,,2026-08-18T10:00:00+05:30
bit_cb6179d2,bkg_2267945d,room_type,rmt_2db0c6c3,inv_9c09dc25,Heritage Room @ Hillview Bagh Suites,2026-10-31,2,9798.60,19597.20,INR,confirmed,,2026-08-18T10:00:00+05:30
bit_56583d9d,bkg_2267945d,flight_fare,far_e8f4a595,inv_f79b2ea1,Flight seat,2026-09-18,2,11469.36,22938.72,INR,confirmed,,2026-08-18T10:00:00+05:30
bit_b3b30b96,bkg_2267945d,flight_fare,far_6a9fa227,inv_32b0b1cd,Flight seat,2026-09-30,2,57784.07,115568.14,INR,confirmed,,2026-08-18T10:00:00+05:30
bit_5df78c7c,bkg_1f59b6ce,room_type,rmt_97174185,inv_8c382fa1,Deluxe Garden View @ Amber Retreat Homestay,2026-09-17,2,8872.13,17744.26,INR,confirmed,,2026-08-18T10:00:00+05:30
bit_5184d41c,bkg_3d3cb4c3,flight_fare,far_7cb659fe,inv_9224a3a5,Flight seat,2026-11-05,2,34310.87,68621.74,INR,confirmed,,2026-08-18T10:00:00+05:30
bit_55dddf34,bkg_3213a909,room_type,rmt_8e081aa6,inv_7171328b,Standard @ The Old Residency,2026-10-22,2,7790.69,15581.38,INR,confirmed,,2026-08-18T10:00:00+05:30
bit_747dd183,bkg_586920b8,flight_fare,far_077a0b8e,inv_86a865b6,Flight seat,2026-11-16,1,2406.82,2406.82,THB,confirmed,,2026-08-18T10:00:00+05:30
bit_d7fe7a57,bkg_c7ecb563,room_type,rmt_a9b58258,inv_9299139f,Deluxe @ Casa Manor Suites,2026-10-23,1,2697.76,2697.76,MVR,confirmed,,2026-08-18T10:00:00+05:30
bit_9940978a,bkg_591837c7,room_type,rmt_eb19de1f,inv_e87ef241,Standard @ The Retreat Homestay,2026-11-06,1,3984.67,3984.67,QAR,confirmed,,2026-08-18T10:00:00+05:30
bit_c2554565,bkg_e8a28736,room_type,rmt_a369d34e,inv_26be57c7,Twin Economy @ The Old Regency Inn,2026-09-03,1,3698.23,3698.23,INR,confirmed,,2026-08-18T10:00:00+05:30
bit_1e69759c,bkg_a7b035b6,flight_fare,far_1f5e9834,inv_dd57c1ef,Flight seat,2026-09-29,1,3003.18,3003.18,INR,confirmed,,2026-08-18T10:00:00+05:30
bit_a0001ed8,bkg_a7b035b6,room_type,rmt_2db0c6c3,inv_2bb1998b,Heritage Room @ Hillview Bagh Suites,2026-10-24,2,9205.06,18410.12,INR,confirmed,,2026-08-18T10:00:00+05:30
bit_7e52e92d,bkg_a7b035b6,flight_fare,far_8e94f7b8,inv_86533260,Flight seat,2026-10-30,1,3720.22,3720.22,INR,confirmed,,2026-08-18T10:00:00+05:30
bit_be28da1b,bkg_23f4c383,room_type,rmt_ad2452fd,inv_66a3cda5,Deluxe Garden View @ Hotel Regency Boutique Stay,2026-09-25,1,21198.93,21198.93,INR,confirmed,,2026-08-18T10:00:00+05:30
bit_2ef8dcd3,bkg_6255c08c,room_type,rmt_15de3a69,inv_ebeaca87,Deluxe @ Royal Manor & Spa,2026-09-22,2,10946.77,21893.54,INR,confirmed,,2026-08-18T10:00:00+05:30
bit_b60e95a1,bkg_6255c08c,room_type,rmt_d1336e5e,inv_ff2690ff,Twin Economy @ Heritage Kothi Inn,2026-11-27,1,17057.84,17057.84,INR,confirmed,,2026-08-18T10:00:00+05:30
bit_3a2eab4c,bkg_ad5d3cb0,room_type,rmt_2bfbfea7,inv_3aebf64d,Executive @ The Old Terraces Resort,2026-10-31,2,7656.99,15313.98,INR,confirmed,,2026-08-18T10:00:00+05:30
bit_5b91034d,bkg_368830a1,flight_fare,far_61f7db7b,inv_78c16b72,Flight seat,2026-09-24,2,1860.57,3721.14,THB,compensated,2026-07-14T19:04:00+05:30,2026-08-18T10:00:00+05:30
bit_008a3675,bkg_368830a1,flight_fare,far_9c81f9e0,inv_2f0d16bb,Flight seat,2026-09-16,2,19167.35,38334.70,THB,compensated,2026-07-14T19:04:00+05:30,2026-08-18T10:00:00+05:30
bit_74fd89de,bkg_05fdb953,room_type,rmt_f42e207b,inv_fee21062,Twin Economy @ Heritage Palms,2026-10-04,2,8754.28,17508.56,INR,confirmed,,2026-08-18T10:00:00+05:30
bit_78ef0a5b,bkg_8b840608,flight_fare,far_6c9c121e,inv_963ed173,Flight seat,2026-11-10,1,1361.83,1361.83,AED,confirmed,,2026-08-18T10:00:00+05:30
bit_15832896,bkg_0ca9eb93,flight_fare,far_c7b7cf7b,inv_7d6e9ead,Flight seat,2026-09-21,1,3847.25,3847.25,INR,pending,,2026-08-18T10:00:00+05:30
bit_4a634626,bkg_f36e9386,room_type,rmt_3cb6cd30,inv_c6a4e7e9,Heritage Room @ The Old Mahal Inn,2026-11-03,2,8871.17,17742.34,INR,confirmed,,2026-08-18T10:00:00+05:30
bit_4b71f360,bkg_5f75037f,room_type,rmt_94546c51,inv_38db04e3,Premier Suite @ Royal Sarovar Boutique Stay,2026-09-15,1,4582.46,4582.46,INR,confirmed,,2026-08-18T10:00:00+05:30
bit_5bf05882,bkg_9411d82f,room_type,rmt_7f9f494c,inv_4e55cc6b,Twin Economy @ Hotel Kothi by the Lake,2026-09-08,1,7712.61,7712.61,INR,confirmed,,2026-08-18T10:00:00+05:30
bit_95608b28,bkg_00fac335,flight_fare,far_74dc0070,inv_b2c8bc36,Flight seat,2026-10-13,1,3270.34,3270.34,AED,confirmed,,2026-08-18T10:00:00+05:30
bit_864e0cdc,bkg_fa26c0d5,room_type,rmt_693809d0,inv_bf18b1ec,Premier Suite @ Lake Bungalow by the Lake,2026-10-11,1,2727.52,2727.52,INR,confirmed,,2026-08-18T10:00:00+05:30
bit_34533dbe,bkg_fa26c0d5,room_type,rmt_e1c91b66,inv_cd418b6e,Deluxe @ Indigo Meadows by the Lake,2026-09-22,2,5843.17,11686.34,INR,confirmed,,2026-08-18T10:00:00+05:30
bit_2069dcd6,bkg_bf91de78,room_type,rmt_5b68a891,inv_fb09f96b,Family Room @ Royal Orchard Heritage,2026-11-26,1,32147.67,32147.67,INR,cancelled,,2026-08-18T10:00:00+05:30
bit_767494c5,bkg_4893c1e9,room_type,rmt_5e6f1662,inv_381afd49,Family Room @ Riverside Sarovar Boutique Stay,2026-09-26,1,8566.57,8566.57,INR,confirmed,,2026-08-18T10:00:00+05:30
bit_8dd0c1f6,bkg_660100e1,room_type,rmt_2a8aa24f,inv_a259a718,Twin Economy @ Casa Meadows Inn,2026-10-04,2,7463.48,14926.96,NPR,confirmed,,2026-08-18T10:00:00+05:30
bit_ac662d54,bkg_eaf036e9,room_type,rmt_97174185,inv_d327d853,Deluxe Garden View @ Amber Retreat Homestay,2026-09-15,2,9234.69,18469.38,INR,confirmed,,2026-08-18T10:00:00+05:30
bit_6925770b,bkg_f31ef45d,flight_fare,far_d6a317df,inv_c0b3da6e,Flight seat,2026-10-16,1,24266.67,24266.67,INR,cancelled,,2026-08-18T10:00:00+05:30
bit_04f20633,bkg_d01de9aa,room_type,rmt_3cb6cd30,inv_696f63d0,Heritage Room @ The Old Mahal Inn,2026-11-09,2,9477.35,18954.70,INR,confirmed,,2026-08-18T10:00:00+05:30
bit_89ef33c9,bkg_14a6f26e,room_type,rmt_00534217,inv_4303a9dc,Executive @ Lake Nest Suites,2026-10-21,1,18446.77,18446.77,CHF,confirmed,,2026-08-18T10:00:00+05:30
bit_d2ea0776,bkg_e39aacf1,room_type,rmt_c015a465,inv_c00622fe,Executive @ Hotel Regency Boutique Stay,2026-09-15,2,7748.76,15497.52,INR,confirmed,,2026-08-18T10:00:00+05:30
bit_32ec2355,bkg_02ba66cc,room_type,rmt_9a44634e,inv_fdd9e115,Premier Suite @ Indigo Verandah Homestay,2026-11-25,2,5116.85,10233.70,INR,cancelled,,2026-08-18T10:00:00+05:30
bit_beefe977,bkg_b9fd1cfc,room_type,rmt_d74c67e8,inv_794ee516,Heritage Room @ Casa Manor Inn,2026-09-17,2,11456.15,22912.30,INR,cancelled,,2026-08-18T10:00:00+05:30
bit_efdb4435,bkg_b9fd1cfc,room_type,rmt_4be4b5c2,inv_6768ced8,Executive @ Hillview Niwas by the Lake,2026-09-11,2,4528.48,9056.96,INR,cancelled,,2026-08-18T10:00:00+05:30
bit_746f13d2,bkg_6d87b67c,room_type,rmt_55863f33,inv_1dcd2465,Executive @ Lake Bungalow by the Lake,2026-09-27,1,2336.59,2336.59,INR,confirmed,,2026-08-18T10:00:00+05:30
bit_e59c96de,bkg_8a737e99,room_type,rmt_4a3554c4,inv_c710b725,Twin Economy @ Indigo Meadows by the Lake,2026-11-02,1,7575.06,7575.06,INR,confirmed,,2026-08-18T10:00:00+05:30
bit_8f081d97,bkg_63cba136,flight_fare,far_6b5785cb,inv_4fa09ec6,Flight seat,2026-10-21,1,8609.41,8609.41,INR,confirmed,,2026-08-18T10:00:00+05:30
bit_2530b2c8,bkg_d36dc006,flight_fare,far_49a1e40b,inv_592ce9c1,Flight seat,2026-11-16,1,17319.87,17319.87,INR,cancelled,,2026-08-18T10:00:00+05:30
bit_9ce3b162,bkg_4fec47bb,room_type,rmt_afa1e735,inv_fe9c792e,Deluxe @ Garden Sanctuary by the Lake,2026-09-25,1,37844.01,37844.01,INR,confirmed,,2026-08-18T10:00:00+05:30
bit_6d6fac94,bkg_4fec47bb,flight_fare,far_66fe680c,inv_b4cf6d35,Flight seat,2026-09-29,1,18425.77,18425.77,INR,confirmed,,2026-08-18T10:00:00+05:30
bit_754ede9b,bkg_d02c74cf,room_type,rmt_40250c2d,inv_623c71d1,Heritage Room @ Hotel Orchard Resort,2026-09-20,1,9533.36,9533.36,NPR,confirmed,,2026-08-18T10:00:00+05:30
bit_58166530,bkg_0321d9b8,room_type,rmt_33c6c9be,inv_e1a57922,Deluxe @ Hillview Regency by the Lake,2026-10-10,2,15123.45,30246.90,MVR,confirmed,,2026-08-18T10:00:00+05:30
bit_03a9b53b,bkg_a05473c4,room_type,rmt_00534217,inv_b4ca449d,Executive @ Lake Nest Suites,2026-11-02,1,21867.65,21867.65,CHF,confirmed,,2026-08-18T10:00:00+05:30
bit_95ee2009,bkg_dc099fe6,flight_fare,far_79280d7b,inv_e0fa91c9,Flight seat,2026-11-05,2,2438.01,4876.02,INR,confirmed,,2026-08-18T10:00:00+05:30
bit_db09a1b5,bkg_e1947f5e,flight_fare,far_a339edfa,inv_a7413739,Flight seat,2026-09-18,2,232.10,464.20,SGD,confirmed,,2026-08-18T10:00:00+05:30
bit_d75c812f,bkg_5478c5ef,room_type,rmt_0b8a155f,inv_d38df53e,Heritage Room @ The Haveli Inn,2026-11-25,2,5743.98,11487.96,INR,confirmed,,2026-08-18T10:00:00+05:30
bit_09b99c3c,bkg_5478c5ef,room_type,rmt_e99927f7,inv_eb607833,Standard @ Hillview Niwas by the Lake,2026-09-07,1,2638.01,2638.01,INR,confirmed,,2026-08-18T10:00:00+05:30
bit_9a9b788d,bkg_794712f6,flight_fare,far_3eeb7ed7,inv_fc0f11ff,Flight seat,2026-10-15,2,27087.87,54175.74,INR,confirmed,,2026-08-18T10:00:00+05:30
bit_b8d93037,bkg_794712f6,room_type,rmt_315d2584,inv_3876daa2,Executive @ Heritage Mahal & Spa,2026-10-01,2,4114.88,8229.76,INR,confirmed,,2026-08-18T10:00:00+05:30
bit_449263c3,bkg_4fc20ebc,room_type,rmt_55863f33,inv_a172c24d,Executive @ Lake Bungalow by the Lake,2026-11-03,2,1984.31,3968.62,INR,confirmed,,2026-08-18T10:00:00+05:30
bit_8623375d,bkg_4fc20ebc,room_type,rmt_2e6b37c4,inv_e4c36e29,Deluxe @ Palm Ghat House by the Lake,2026-11-08,2,3481.61,6963.22,INR,confirmed,,2026-08-18T10:00:00+05:30
bit_27f13547,bkg_c85bb852,room_type,rmt_b9773ac8,inv_abf7c860,Deluxe @ Heritage Kothi Inn,2026-11-06,2,9548.48,19096.96,INR,confirmed,,2026-08-18T10:00:00+05:30
bit_6bc27016,bkg_c85bb852,room_type,rmt_c9808e2a,inv_bbffab3b,Family Room @ The Old Verandah Suites,2026-09-14,2,1565.54,3131.08,INR,confirmed,,2026-08-18T10:00:00+05:30
bit_192c15b9,bkg_3cf1331e,flight_fare,far_f2e5c773,inv_2611e347,Flight seat,2026-11-22,1,24100.73,24100.73,INR,confirmed,,2026-08-18T10:00:00+05:30
bit_776815d4,bkg_48c19c70,room_type,rmt_9eb28021,inv_6c3725b2,Executive @ Indigo Manor Suites,2026-10-10,1,2286.47,2286.47,INR,confirmed,,2026-08-18T10:00:00+05:30
bit_6f594784,bkg_48c19c70,flight_fare,far_97083593,inv_0496a411,Flight seat,2026-10-06,2,24914.09,49828.18,INR,confirmed,,2026-08-18T10:00:00+05:30
bit_52e278ad,bkg_f68cf2f9,room_type,rmt_e99927f7,inv_eb607833,Standard @ Hillview Niwas by the Lake,2026-09-07,1,2638.01,2638.01,INR,pending,,2026-08-18T10:00:00+05:30
bit_6a83b6a1,bkg_5ea0961f,room_type,rmt_3a595898,inv_b3ba8a00,Executive @ Indigo Verandah Homestay,2026-09-24,1,1983.75,1983.75,INR,confirmed,,2026-08-18T10:00:00+05:30
bit_a820cce9,bkg_3dc8bcf5,room_type,rmt_33c6c9be,inv_c4a6c92e,Deluxe @ Hillview Regency by the Lake,2026-10-15,1,13290.06,13290.06,MVR,confirmed,,2026-08-18T10:00:00+05:30
bit_8b5e9a90,bkg_f9617f9e,room_type,rmt_c015a465,inv_1c9aeba6,Executive @ Hotel Regency Boutique Stay,2026-10-05,1,8569.35,8569.35,INR,confirmed,,2026-08-18T10:00:00+05:30
bit_eb1d0634,bkg_03955e65,room_type,rmt_d5d1225e,inv_f9e93c8a,Deluxe Garden View @ Indigo Niwas Resort,2026-11-05,2,2160.94,4321.88,INR,cancelled,,2026-08-18T10:00:00+05:30
bit_b2a0447c,bkg_5e45e79a,room_type,rmt_67c20089,inv_aaec4bae,Standard @ Hotel Verandah Heritage,2026-09-05,2,7026.84,14053.68,INR,compensated,2026-06-18T17:49:00+05:30,2026-08-18T10:00:00+05:30
bit_ee014273,bkg_9c2b2648,room_type,rmt_e99927f7,inv_9c24d41f,Standard @ Hillview Niwas by the Lake,2026-10-06,2,2740.64,5481.28,INR,confirmed,,2026-08-18T10:00:00+05:30
bit_a6c886ae,bkg_9c2b2648,room_type,rmt_a369d34e,inv_2bff1c20,Twin Economy @ The Old Regency Inn,2026-09-26,1,4452.77,4452.77,INR,confirmed,,2026-08-18T10:00:00+05:30
bit_dca93ae4,bkg_84702fa2,room_type,rmt_c9808e2a,inv_56df08e0,Family Room @ The Old Verandah Suites,2026-09-28,2,1647.69,3295.38,INR,confirmed,,2026-08-18T10:00:00+05:30
bit_86705478,bkg_783bf9aa,room_type,rmt_b2228b31,inv_46b08969,Standard @ Villa Meadows Homestay,2026-11-10,1,4017.49,4017.49,INR,confirmed,,2026-08-18T10:00:00+05:30
bit_3f6086b2,bkg_783bf9aa,flight_fare,far_78348dfc,inv_2bdd395e,Flight seat,2026-09-26,2,5361.38,10722.76,INR,confirmed,,2026-08-18T10:00:00+05:30
bit_53440212,bkg_52b1a981,room_type,rmt_4cf7dfce,inv_7b22854a,Twin Economy @ Palm Sanctuary Boutique Stay,2026-11-06,2,13938.69,27877.38,INR,confirmed,,2026-08-18T10:00:00+05:30
bit_96334791,bkg_cf30754e,room_type,rmt_5df6ca92,inv_bdb1968d,Heritage Room @ Garden Ghat House & Spa,2026-09-05,2,11374.55,22749.10,AED,confirmed,,2026-08-18T10:00:00+05:30
bit_561f9c83,bkg_f4a4b5a3,room_type,rmt_2e6b37c4,inv_1ab264d0,Deluxe @ Palm Ghat House by the Lake,2026-09-30,1,2411.06,2411.06,INR,confirmed,,2026-08-18T10:00:00+05:30
bit_34d57c7c,bkg_f4a4b5a3,flight_fare,far_0dabaf46,inv_b7e0adcd,Flight seat,2026-10-17,1,18920.43,18920.43,INR,confirmed,,2026-08-18T10:00:00+05:30
bit_fe373e4e,bkg_8a99396e,flight_fare,far_ca64f303,inv_86e6c518,Flight seat,2026-09-08,1,18642.87,18642.87,INR,pending,,2026-08-18T10:00:00+05:30
bit_d4bb1471,bkg_c0c6ade4,room_type,rmt_2919bbfe,inv_d4ddfb3a,Heritage Room @ Palm Sarovar,2026-09-26,1,10135.51,10135.51,INR,pending,,2026-08-18T10:00:00+05:30
bit_6b8bf295,bkg_c0c6ade4,room_type,rmt_031c6f90,inv_3b4a8633,Family Room @ Royal Terraces Suites,2026-09-27,1,33334.61,33334.61,INR,pending,,2026-08-18T10:00:00+05:30
bit_712020d4,bkg_65a676c6,flight_fare,far_3d503b92,inv_386702e6,Flight seat,2026-09-01,1,691.78,691.78,AED,confirmed,,2026-08-18T10:00:00+05:30
bit_92a6a91d,bkg_e8c6c455,room_type,rmt_d34a3325,inv_e4d47c4d,Premier Suite @ Hillview Nest Boutique Stay,2026-09-07,2,14509.50,29019.00,INR,confirmed,,2026-08-18T10:00:00+05:30
bit_cc1e2bca,bkg_e8c6c455,room_type,rmt_0fc40170,inv_9d3448b6,Deluxe @ Hillview Nest Inn,2026-11-16,2,12020.85,24041.70,INR,confirmed,,2026-08-18T10:00:00+05:30
bit_844a5d98,bkg_3bbad3de,flight_fare,far_5453ef7b,inv_6b5ab925,Flight seat,2026-09-13,2,23406.52,46813.04,INR,cancelled,,2026-08-18T10:00:00+05:30
bit_ae3f15bb,bkg_3bbad3de,room_type,rmt_eea5cfbe,inv_386ed9bc,Family Room @ The Old Residency Suites,2026-09-24,2,14278.12,28556.24,INR,cancelled,,2026-08-18T10:00:00+05:30
bit_94238c4f,bkg_c4d4e0cd,flight_fare,far_e195d3c1,inv_6c7e233d,Flight seat,2026-10-28,1,17303.21,17303.21,INR,cancelled,,2026-08-18T10:00:00+05:30
bit_5c874089,bkg_c4d4e0cd,flight_fare,far_829fd0bd,inv_6c241a59,Flight seat,2026-09-29,1,21403.11,21403.11,INR,cancelled,,2026-08-18T10:00:00+05:30
bit_c95aab28,bkg_c4d4e0cd,room_type,rmt_f01a2942,inv_4be5b725,Family Room @ Villa Meadows Homestay,2026-10-04,1,5300.51,5300.51,INR,cancelled,,2026-08-18T10:00:00+05:30
bit_764aabfc,bkg_02cb20a9,room_type,rmt_3a595898,inv_e46b50dc,Executive @ Indigo Verandah Homestay,2026-11-02,1,1919.18,1919.18,INR,pending,,2026-08-18T10:00:00+05:30
bit_f5e375f9,bkg_6e076d8b,room_type,rmt_fc40a0df,inv_4c074eca,Twin Economy @ Lake Bagh Homestay,2026-11-16,2,7990.87,15981.74,INR,confirmed,,2026-08-18T10:00:00+05:30
bit_546f9727,bkg_6e076d8b,room_type,rmt_e1c91b66,inv_4ba5904f,Deluxe @ Indigo Meadows by the Lake,2026-09-30,1,4883.55,4883.55,INR,confirmed,,2026-08-18T10:00:00+05:30
bit_baef9061,bkg_6e076d8b,flight_fare,far_3a8ebeda,inv_59f0429a,Flight seat,2026-09-21,2,63078.37,126156.74,INR,confirmed,,2026-08-18T10:00:00+05:30
bit_9ede8d7c,bkg_edeadf36,room_type,rmt_e80871dd,inv_00b789f8,Standard @ Lake Palms Inn,2026-10-20,1,5444.10,5444.10,INR,cancelled,,2026-08-18T10:00:00+05:30
bit_d0388e9b,bkg_edeadf36,room_type,rmt_6499086b,inv_b1fb6a58,Standard @ Hillview Regency Suites,2026-11-06,1,2188.00,2188.00,INR,cancelled,,2026-08-18T10:00:00+05:30
bit_01a24fbf,bkg_dfb65f2b,room_type,rmt_7a6d1768,inv_60e0a450,Deluxe Garden View @ Villa Mahal Suites,2026-09-24,2,2703.26,5406.52,INR,confirmed,,2026-08-18T10:00:00+05:30
bit_cddb006b,bkg_6b51af43,room_type,rmt_ad2452fd,inv_cf7ba308,Deluxe Garden View @ Hotel Regency Boutique Stay,2026-09-27,2,20867.13,41734.26,INR,confirmed,,2026-08-18T10:00:00+05:30
bit_2bb96bba,bkg_d7a0e755,flight_fare,far_6cdcba61,inv_8e5d9e32,Flight seat,2026-09-03,1,25814.88,25814.88,THB,confirmed,,2026-08-18T10:00:00+05:30
bit_f433fb8c,bkg_f8587d28,flight_fare,far_659da3fc,inv_cf8ea4c3,Flight seat,2026-11-28,2,28956.59,57913.18,INR,confirmed,,2026-08-18T10:00:00+05:30
bit_5a83f420,bkg_f8587d28,room_type,rmt_0b8a155f,inv_1a3ae4db,Heritage Room @ The Haveli Inn,2026-10-10,1,7231.32,7231.32,INR,confirmed,,2026-08-18T10:00:00+05:30
bit_2e9e794b,bkg_7dcff68a,room_type,rmt_4b888cdb,inv_17c09a6d,Executive @ Indigo Verandah Homestay,2026-11-23,2,6190.05,12380.10,INR,confirmed,,2026-08-18T10:00:00+05:30
bit_10a364d9,bkg_6094c154,flight_fare,far_9eda1e3b,inv_95e62d06,Flight seat,2026-09-22,1,65455.53,65455.53,INR,confirmed,,2026-08-18T10:00:00+05:30
bit_bdd983ae,bkg_d85798d8,room_type,rmt_b9773ac8,inv_195a22b2,Deluxe @ Heritage Kothi Inn,2026-09-19,1,10543.08,10543.08,INR,cancelled,,2026-08-18T10:00:00+05:30
bit_df752d44,bkg_969c245d,room_type,rmt_4cf7dfce,inv_f8350c35,Twin Economy @ Palm Sanctuary Boutique Stay,2026-09-30,2,12880.55,25761.10,INR,confirmed,,2026-08-18T10:00:00+05:30
bit_454a4ad3,bkg_79786a92,room_type,rmt_0d437b01,inv_197c8a29,Heritage Room @ Amber Mahal Inn,2026-10-10,1,2848.16,2848.16,INR,cancelled,,2026-08-18T10:00:00+05:30
bit_a89ab970,bkg_fee5ecc1,room_type,rmt_4be4b5c2,inv_6c21960b,Executive @ Hillview Niwas by the Lake,2026-09-04,2,4498.61,8997.22,INR,pending,,2026-08-18T10:00:00+05:30
bit_d19c646a,bkg_e72c79d0,flight_fare,far_1af1e7af,inv_1e5557f4,Flight seat,2026-09-05,2,775.70,1551.40,AED,confirmed,,2026-08-18T10:00:00+05:30
bit_47003f2f,bkg_e72c79d0,flight_fare,far_1ea890a9,inv_582333a8,Flight seat,2026-11-08,1,1900.00,1900.00,AED,confirmed,,2026-08-18T10:00:00+05:30
bit_6540b95a,bkg_bdad908f,flight_fare,far_09dc7d29,inv_bfda5995,Flight seat,2026-10-07,1,37096.25,37096.25,INR,confirmed,,2026-08-18T10:00:00+05:30
bit_c90bf3bc,bkg_bdad908f,room_type,rmt_e99927f7,inv_34e7a7f2,Standard @ Hillview Niwas by the Lake,2026-10-20,1,2745.26,2745.26,INR,confirmed,,2026-08-18T10:00:00+05:30
bit_762488a7,bkg_12d99177,room_type,rmt_3d20e0d7,inv_4930c32a,Standard @ Heritage Nest Boutique Stay,2026-09-25,1,6046.44,6046.44,LKR,confirmed,,2026-08-18T10:00:00+05:30
bit_03baa1a6,bkg_171b162d,room_type,rmt_8a3c3697,inv_e6acb261,Twin Economy @ Indigo Orchard Inn,2026-10-26,2,4488.76,8977.52,INR,confirmed,,2026-08-18T10:00:00+05:30
bit_168344b7,bkg_0fbd8818,flight_fare,far_1ea890a9,inv_582333a8,Flight seat,2026-11-08,1,1900.00,1900.00,AED,confirmed,,2026-08-18T10:00:00+05:30
bit_a17f8c31,bkg_a078166d,room_type,rmt_4cf7dfce,inv_e257902f,Twin Economy @ Palm Sanctuary Boutique Stay,2026-11-21,1,14354.93,14354.93,INR,confirmed,,2026-08-18T10:00:00+05:30
bit_da10fc20,bkg_a078166d,flight_fare,far_bada2d96,inv_613cf146,Flight seat,2026-09-02,2,24570.33,49140.66,INR,confirmed,,2026-08-18T10:00:00+05:30
bit_07ed926d,bkg_53e49a49,flight_fare,far_dfae3a98,inv_7671ea9a,Flight seat,2026-11-24,1,5533.19,5533.19,INR,confirmed,,2026-08-18T10:00:00+05:30
bit_6c6d51b3,bkg_53e49a49,room_type,rmt_67c20089,inv_9f3e69c4,Standard @ Hotel Verandah Heritage,2026-10-29,1,6168.34,6168.34,INR,confirmed,,2026-08-18T10:00:00+05:30
bit_c0d89c66,bkg_3a8c85f9,flight_fare,far_bf01a2e6,inv_9c9acf81,Flight seat,2026-09-10,2,19934.94,39869.88,INR,confirmed,,2026-08-18T10:00:00+05:30
bit_75d6d15e,bkg_3a8c85f9,room_type,rmt_031c6f90,inv_530036a4,Family Room @ Royal Terraces Suites,2026-09-08,1,23642.58,23642.58,INR,confirmed,,2026-08-18T10:00:00+05:30
bit_6692fd78,bkg_3a8c85f9,room_type,rmt_9a44634e,inv_df30754e,Premier Suite @ Indigo Verandah Homestay,2026-11-16,1,5022.12,5022.12,INR,confirmed,,2026-08-18T10:00:00+05:30
bit_f6bac5a3,bkg_d0b00065,flight_fare,far_2ef7e03e,inv_8e8d86e5,Flight seat,2026-11-15,2,18528.53,37057.06,INR,cancelled,,2026-08-18T10:00:00+05:30
bit_96e996d4,bkg_32a12a85,room_type,rmt_4acc0255,inv_9e357871,Deluxe @ The Old Residency Resort,2026-09-30,2,12397.25,24794.50,SGD,confirmed,,2026-08-18T10:00:00+05:30
bit_de108288,bkg_2d4cb586,room_type,rmt_6499086b,inv_5c710bcd,Standard @ Hillview Regency Suites,2026-10-12,2,1771.46,3542.92,INR,compensated,2026-07-04T13:19:00+05:30,2026-08-18T10:00:00+05:30
bit_abc0ec34,bkg_ef59f51a,room_type,rmt_69fb5df6,inv_5b97778a,Family Room @ Lake Bungalow by the Lake,2026-11-15,1,3522.08,3522.08,INR,confirmed,,2026-08-18T10:00:00+05:30
bit_c6acc509,bkg_ef59f51a,room_type,rmt_2b67c1df,inv_e69eee1e,Deluxe @ Royal Sanctuary Suites,2026-09-07,1,11021.05,11021.05,INR,confirmed,,2026-08-18T10:00:00+05:30
bit_43ff851c,bkg_3e653aa4,room_type,rmt_c0463b3f,inv_fe1c1d3b,Deluxe Garden View @ Hillview Bagh Resort,2026-10-25,2,3312.70,6625.40,INR,confirmed,,2026-08-18T10:00:00+05:30
bit_d74f649c,bkg_1b2bc12a,room_type,rmt_c412fbac,inv_cc22b1d6,Standard @ Riverside Retreat Homestay,2026-10-31,1,2009.02,2009.02,INR,confirmed,,2026-08-18T10:00:00+05:30
bit_c5011b5a,bkg_2de7d7a6,room_type,rmt_c867633e,inv_65904757,Standard @ Hillview Sarovar by the Lake,2026-11-26,2,16850.65,33701.30,INR,confirmed,,2026-08-18T10:00:00+05:30
bit_ed8434ca,bkg_2de7d7a6,flight_fare,far_4de7526f,inv_888f6612,Flight seat,2026-10-09,1,19410.86,19410.86,INR,confirmed,,2026-08-18T10:00:00+05:30
bit_02804061,bkg_1aa6add2,room_type,rmt_6459e588,inv_a5a77261,Deluxe @ The Terraces Resort,2026-11-19,2,11508.76,23017.52,INR,compensated,2026-04-26T10:04:00+05:30,2026-08-18T10:00:00+05:30
bit_d5e5181c,bkg_89643aba,room_type,rmt_3a595898,inv_62ab1852,Executive @ Indigo Verandah Homestay,2026-11-08,2,2402.98,4805.96,INR,confirmed,,2026-08-18T10:00:00+05:30
bit_ebc1b8c4,bkg_ec143a54,room_type,rmt_3e31fe20,inv_5f18e31b,Heritage Room @ Indigo Orchard & Spa,2026-09-04,2,23619.50,47239.00,AED,confirmed,,2026-08-18T10:00:00+05:30
bit_de3f3304,bkg_0553e5bc,flight_fare,far_9978336a,inv_1bb58bce,Flight seat,2026-11-12,1,194.54,194.54,SGD,confirmed,,2026-08-18T10:00:00+05:30
bit_b7373525,bkg_a375480a,room_type,rmt_3d20e0d7,inv_96baded7,Standard @ Heritage Nest Boutique Stay,2026-10-26,2,5240.55,10481.10,LKR,cancelled,,2026-08-18T10:00:00+05:30
bit_c946d672,bkg_4d1bf645,flight_fare,far_5d3015d5,inv_0660e4d6,Flight seat,2026-10-25,2,30861.10,61722.20,INR,confirmed,,2026-08-18T10:00:00+05:30
bit_43c5105e,bkg_692002de,room_type,rmt_693809d0,inv_a1feebf8,Premier Suite @ Lake Bungalow by the Lake,2026-10-23,2,2685.66,5371.32,INR,confirmed,,2026-08-18T10:00:00+05:30
bit_e9bf49e2,bkg_692002de,flight_fare,far_52a41e59,inv_1ee49d2d,Flight seat,2026-11-26,2,20331.00,40662.00,INR,confirmed,,2026-08-18T10:00:00+05:30
bit_2fbd955f,bkg_491270ba,room_type,rmt_3e31fe20,inv_b5f2ff1c,Heritage Room @ Indigo Orchard & Spa,2026-10-22,2,19914.13,39828.26,AED,cancelled,,2026-08-18T10:00:00+05:30
bit_e492c3ef,bkg_cdf7e276,flight_fare,far_c314fd60,inv_abf217f0,Flight seat,2026-09-26,2,11458.78,22917.56,INR,confirmed,,2026-08-18T10:00:00+05:30
bit_d7c9d3a5,bkg_cdf7e276,room_type,rmt_315d2584,inv_b8e58d0e,Executive @ Heritage Mahal & Spa,2026-09-01,1,3698.49,3698.49,INR,confirmed,,2026-08-18T10:00:00+05:30
bit_c6fc8554,bkg_5256ffb8,room_type,rmt_c946b4c2,inv_c8816642,Premier Suite @ Royal Sanctuary Suites,2026-11-26,1,7308.82,7308.82,INR,confirmed,,2026-08-18T10:00:00+05:30
bit_3c12e7da,bkg_76df2b9e,room_type,rmt_4be4b5c2,inv_1c17148f,Executive @ Hillview Niwas by the Lake,2026-10-06,1,3845.29,3845.29,INR,cancelled,,2026-08-18T10:00:00+05:30
bit_5ac852f2,bkg_76df2b9e,room_type,rmt_8a3c3697,inv_705c7b43,Twin Economy @ Indigo Orchard Inn,2026-10-05,2,4409.84,8819.68,INR,cancelled,,2026-08-18T10:00:00+05:30
bit_bfeff634,bkg_5c48cab2,flight_fare,far_4d9dd509,inv_4bf311b2,Flight seat,2026-09-16,2,33038.75,66077.50,INR,confirmed,,2026-08-18T10:00:00+05:30
bit_c1a95904,bkg_1130eed9,room_type,rmt_031c6f90,inv_ad60d0e1,Family Room @ Royal Terraces Suites,2026-10-13,2,24978.76,49957.52,INR,cancelled,,2026-08-18T10:00:00+05:30
bit_8f28a1ae,bkg_91c42e98,flight_fare,far_8b913f56,inv_1fbc860b,Flight seat,2026-11-25,1,22497.82,22497.82,INR,confirmed,,2026-08-18T10:00:00+05:30
bit_a9f37cae,bkg_91c42e98,room_type,rmt_2e70cc92,inv_b976890f,Family Room @ Amber Bungalow Inn,2026-10-05,1,2528.00,2528.00,INR,confirmed,,2026-08-18T10:00:00+05:30
bit_c47d0128,bkg_35209856,room_type,rmt_2bfbfea7,inv_528b1f0a,Executive @ The Old Terraces Resort,2026-10-07,2,6499.03,12998.06,INR,confirmed,,2026-08-18T10:00:00+05:30
bit_f9cc08cd,bkg_dc806d8f,room_type,rmt_4a3554c4,inv_4b4f7d3f,Twin Economy @ Indigo Meadows by the Lake,2026-09-25,1,8418.87,8418.87,INR,confirmed,,2026-08-18T10:00:00+05:30
bit_c4cde3c5,bkg_dc806d8f,room_type,rmt_2e6b37c4,inv_663a4bca,Deluxe @ Palm Ghat House by the Lake,2026-09-08,2,2517.13,5034.26,INR,confirmed,,2026-08-18T10:00:00+05:30
bit_43f72993,bkg_2b8235f8,flight_fare,far_a54269d8,inv_82940ab2,Flight seat,2026-09-08,2,12140.00,24280.00,INR,confirmed,,2026-08-18T10:00:00+05:30
bit_138f4d52,bkg_82a6c84b,room_type,rmt_ad2452fd,inv_6435e503,Deluxe Garden View @ Hotel Regency Boutique Stay,2026-10-10,2,21408.21,42816.42,INR,confirmed,,2026-08-18T10:00:00+05:30
bit_c72f7611,bkg_b605f0a7,room_type,rmt_060c5796,inv_d1677206,Deluxe @ Grand Kothi & Spa,2026-11-05,1,4982.45,4982.45,INR,confirmed,,2026-08-18T10:00:00+05:30
bit_aafbb7cf,bkg_b605f0a7,room_type,rmt_605d2d42,inv_a9c05d9c,Family Room @ Lake Palms Inn,2026-09-19,1,4912.55,4912.55,INR,confirmed,,2026-08-18T10:00:00+05:30
bit_77f40b6c,bkg_6d3d41c7,flight_fare,far_53b96b1e,inv_492e485b,Flight seat,2026-11-24,2,8487.50,16975.00,THB,compensated,2026-05-20T19:04:00+05:30,2026-08-18T10:00:00+05:30
bit_b55e803d,bkg_61a3b5ca,room_type,rmt_fdc08ffa,inv_f4bf078d,Premier Suite @ Royal Terraces & Spa,2026-09-17,1,6162.07,6162.07,INR,confirmed,,2026-08-18T10:00:00+05:30
bit_307ceddd,bkg_11b942ca,flight_fare,far_273a2017,inv_df70b5ce,Flight seat,2026-09-17,2,12464.65,24929.30,INR,confirmed,,2026-08-18T10:00:00+05:30
bit_9268d88b,bkg_11b942ca,room_type,rmt_c412fbac,inv_b5e6cf57,Standard @ Riverside Retreat Homestay,2026-09-13,2,1884.21,3768.42,INR,confirmed,,2026-08-18T10:00:00+05:30
bit_a9573a17,bkg_4b0c9cce,room_type,rmt_7a6d1768,inv_afff428e,Deluxe Garden View @ Villa Mahal Suites,2026-09-06,1,3139.83,3139.83,INR,cancelled,,2026-08-18T10:00:00+05:30
bit_bedeac5d,bkg_4b0c9cce,flight_fare,far_8a88f77d,inv_4eeb1368,Flight seat,2026-09-24,2,24017.77,48035.54,INR,cancelled,,2026-08-18T10:00:00+05:30
bit_bba4eebd,bkg_b1bd2087,room_type,rmt_6459e588,inv_ba05d5bd,Deluxe @ The Terraces Resort,2026-11-25,1,11368.50,11368.50,INR,pending,,2026-08-18T10:00:00+05:30
bit_d8b88c6c,bkg_70e8c4b3,room_type,rmt_2b67c1df,inv_63d1a51c,Deluxe @ Royal Sanctuary Suites,2026-10-30,1,12888.64,12888.64,INR,confirmed,,2026-08-18T10:00:00+05:30
bit_9f2560d6,bkg_70e8c4b3,room_type,rmt_94546c51,inv_6bac88e0,Premier Suite @ Royal Sarovar Boutique Stay,2026-11-10,1,4565.80,4565.80,INR,confirmed,,2026-08-18T10:00:00+05:30
bit_a1357998,bkg_371a0973,flight_fare,far_3e95c890,inv_7ca9b61a,Flight seat,2026-11-04,2,3870.83,7741.66,THB,confirmed,,2026-08-18T10:00:00+05:30
bit_b0cd4e9e,bkg_0ec22c81,room_type,rmt_4be4b5c2,inv_03811993,Executive @ Hillview Niwas by the Lake,2026-10-13,2,3621.66,7243.32,INR,confirmed,,2026-08-18T10:00:00+05:30
bit_69245afa,bkg_4be99e4f,flight_fare,far_38e08393,inv_600a7760,Flight seat,2026-11-22,1,1070.77,1070.77,MYR,confirmed,,2026-08-18T10:00:00+05:30
bit_086b5c7c,bkg_50f7bfa7,room_type,rmt_315d2584,inv_bc54de40,Executive @ Heritage Mahal & Spa,2026-11-17,2,3687.89,7375.78,INR,cancelled,,2026-08-18T10:00:00+05:30
bit_fb25cfa8,bkg_50f7bfa7,room_type,rmt_7b889ec3,inv_f72424ed,Family Room @ Heritage Verandah Resort,2026-11-26,1,6701.09,6701.09,INR,cancelled,,2026-08-18T10:00:00+05:30
bit_d7cb548c,bkg_50f7bfa7,room_type,rmt_4cf7dfce,inv_7b22854a,Twin Economy @ Palm Sanctuary Boutique Stay,2026-11-06,1,13938.69,13938.69,INR,cancelled,,2026-08-18T10:00:00+05:30
bit_54552cfd,bkg_18321226,flight_fare,far_ce7449e9,inv_6def09c9,Flight seat,2026-09-25,1,10567.90,10567.90,INR,confirmed,,2026-08-18T10:00:00+05:30
bit_80bf3e9c,bkg_18321226,room_type,rmt_15de3a69,inv_9a75797c,Deluxe @ Royal Manor & Spa,2026-09-20,1,12697.88,12697.88,INR,confirmed,,2026-08-18T10:00:00+05:30
bit_e2eb70b6,bkg_f21d32c7,room_type,rmt_b9773ac8,inv_cebd17d7,Deluxe @ Heritage Kothi Inn,2026-10-14,2,7220.02,14440.04,INR,confirmed,,2026-08-18T10:00:00+05:30
bit_d053ddd5,bkg_4c7abadb,room_type,rmt_7b889ec3,inv_47bb5f7b,Family Room @ Heritage Verandah Resort,2026-10-19,2,6656.50,13313.00,INR,confirmed,,2026-08-18T10:00:00+05:30
bit_3f00893e,bkg_4c7abadb,flight_fare,far_a919d804,inv_be63db12,Flight seat,2026-10-23,1,7362.92,7362.92,INR,confirmed,,2026-08-18T10:00:00+05:30
bit_fb756c0b,bkg_b7be5107,room_type,rmt_f42e207b,inv_1731036c,Twin Economy @ Heritage Palms,2026-11-25,2,5991.58,11983.16,INR,confirmed,,2026-08-18T10:00:00+05:30
bit_e3467e1f,bkg_b7be5107,room_type,rmt_9a44634e,inv_17629a1d,Premier Suite @ Indigo Verandah Homestay,2026-11-01,2,6730.11,13460.22,INR,confirmed,,2026-08-18T10:00:00+05:30
bit_608978d4,bkg_8a570fe7,room_type,rmt_5e6f1662,inv_888652e6,Family Room @ Riverside Sarovar Boutique Stay,2026-09-19,1,7361.29,7361.29,INR,confirmed,,2026-08-18T10:00:00+05:30
bit_71af7600,bkg_e26eeeb5,flight_fare,far_98993090,inv_a8f51c6b,Flight seat,2026-10-29,1,8083.29,8083.29,INR,compensated,2026-07-26T04:34:00+05:30,2026-08-18T10:00:00+05:30
bit_a26a2653,bkg_2de54b71,flight_fare,far_3927ef57,inv_0e3558a9,Flight seat,2026-11-25,2,2033.40,4066.80,MYR,cancelled,,2026-08-18T10:00:00+05:30
bit_a73039ec,bkg_769ea229,flight_fare,far_1b86c6fb,inv_03a0cf4a,Flight seat,2026-11-14,2,12539.89,25079.78,THB,confirmed,,2026-08-18T10:00:00+05:30
bit_9e2d020d,bkg_60baa315,room_type,rmt_ba5d7ad1,inv_0ac4b141,Executive @ The Residency Homestay,2026-11-20,2,45171.27,90342.54,INR,cancelled,,2026-08-18T10:00:00+05:30
bit_5a0ab1b8,bkg_8934e582,room_type,rmt_38d11d09,inv_fc777f2f,Deluxe @ Hillview Bagh Suites,2026-09-04,1,6185.03,6185.03,INR,confirmed,,2026-08-18T10:00:00+05:30
bit_1ab3828d,bkg_e65b24f3,flight_fare,far_1e8cc12b,inv_4c6d78bc,Flight seat,2026-10-11,1,19380.07,19380.07,INR,confirmed,,2026-08-18T10:00:00+05:30
bit_2736756b,bkg_a98c9edd,flight_fare,far_c8bbdb01,inv_753a95c9,Flight seat,2026-10-16,1,19638.03,19638.03,INR,confirmed,,2026-08-18T10:00:00+05:30
bit_dde3af11,bkg_e128b3ab,flight_fare,far_0367f54c,inv_6103b653,Flight seat,2026-11-11,2,12194.23,24388.46,INR,cancelled,,2026-08-18T10:00:00+05:30
bit_588c3100,bkg_66b03f6f,room_type,rmt_2919bbfe,inv_6a6fdd81,Heritage Room @ Palm Sarovar,2026-11-28,1,9477.96,9477.96,INR,confirmed,,2026-08-18T10:00:00+05:30
bit_c8680555,bkg_66b03f6f,room_type,rmt_efe926e5,inv_9069089b,Standard @ The Old Vihar Resort,2026-10-29,2,19853.34,39706.68,INR,confirmed,,2026-08-18T10:00:00+05:30
bit_55e81481,bkg_66b03f6f,room_type,rmt_b4972b6b,inv_9a57a8f3,Family Room @ Hillview Palms by the Lake,2026-09-15,2,8486.99,16973.98,INR,confirmed,,2026-08-18T10:00:00+05:30
bit_521da766,bkg_90c8037c,room_type,rmt_fcb045a1,inv_6b8af268,Family Room @ Hillview Niwas by the Lake,2026-10-10,1,2581.28,2581.28,INR,confirmed,,2026-08-18T10:00:00+05:30
bit_1fcd978f,bkg_d9c4764f,flight_fare,far_ab3450e7,inv_546dd0e7,Flight seat,2026-09-11,1,781.69,781.69,SGD,confirmed,,2026-08-18T10:00:00+05:30
bit_1eb182bc,bkg_c50c71e2,room_type,rmt_605d2d42,inv_0e49b2d2,Family Room @ Lake Palms Inn,2026-11-09,1,4305.67,4305.67,INR,confirmed,,2026-08-18T10:00:00+05:30
bit_2d4c8c11,bkg_d0dfb17d,room_type,rmt_97174185,inv_aeb1fed9,Deluxe Garden View @ Amber Retreat Homestay,2026-11-05,1,8572.63,8572.63,INR,confirmed,,2026-08-18T10:00:00+05:30
bit_971ce55d,bkg_d0dfb17d,flight_fare,far_5c343456,inv_9cca408d,Flight seat,2026-11-01,2,24201.65,48403.30,INR,confirmed,,2026-08-18T10:00:00+05:30
bit_4a4da3dd,bkg_71375d0b,flight_fare,far_1f12f093,inv_6e8abfb6,Flight seat,2026-10-28,2,28048.29,56096.58,INR,cancelled,,2026-08-18T10:00:00+05:30
bit_8b147688,bkg_aac9f0d9,room_type,rmt_3a595898,inv_eb30eb40,Executive @ Indigo Verandah Homestay,2026-11-01,2,2424.56,4849.12,INR,confirmed,,2026-08-18T10:00:00+05:30
bit_a95350fa,bkg_e1f9e215,room_type,rmt_1664a3ef,inv_72fa2e9f,Heritage Room @ Indigo Verandah Homestay,2026-11-13,2,4921.80,9843.60,INR,confirmed,,2026-08-18T10:00:00+05:30
bit_434ba29b,bkg_89fc4591,room_type,rmt_0d437b01,inv_3a449378,Heritage Room @ Amber Mahal Inn,2026-09-12,1,2604.88,2604.88,INR,cancelled,,2026-08-18T10:00:00+05:30
bit_d7ef3388,bkg_5c0d9c97,room_type,rmt_0a292d71,inv_5c15ebee,Heritage Room @ Heritage Meadows & Spa,2026-10-19,1,2760.49,2760.49,THB,confirmed,,2026-08-18T10:00:00+05:30
bit_c046261c,bkg_036e259a,room_type,rmt_0f009220,inv_6372eacd,Deluxe @ Palm Courtyard Heritage,2026-09-30,1,7863.60,7863.60,INR,confirmed,,2026-08-18T10:00:00+05:30
bit_df8d2dc8,bkg_2c73b964,flight_fare,far_ab3450e7,inv_546dd0e7,Flight seat,2026-09-11,2,781.69,1563.38,SGD,pending,,2026-08-18T10:00:00+05:30
bit_d8398af0,bkg_c74a6666,room_type,rmt_8a3c3697,inv_0c424bcb,Twin Economy @ Indigo Orchard Inn,2026-10-01,1,4322.34,4322.34,INR,pending,,2026-08-18T10:00:00+05:30
bit_f02d5a15,bkg_2ae7bdf2,room_type,rmt_df2d2be7,inv_7787fb0a,Premier Suite @ Hillview Nest Inn,2026-10-15,1,7478.10,7478.10,INR,confirmed,,2026-08-18T10:00:00+05:30
bit_4eb4daa5,bkg_36241488,room_type,rmt_9eb28021,inv_47b3ab98,Executive @ Indigo Manor Suites,2026-10-19,2,1700.04,3400.08,INR,confirmed,,2026-08-18T10:00:00+05:30
bit_949a910a,bkg_eff65a35,room_type,rmt_d1336e5e,inv_c0a2e723,Twin Economy @ Heritage Kothi Inn,2026-11-19,2,11297.37,22594.74,INR,cancelled,,2026-08-18T10:00:00+05:30
bit_c2afe4d3,bkg_51605e68,flight_fare,far_5eb789fe,inv_db59744d,Flight seat,2026-11-29,1,15195.97,15195.97,INR,cancelled,,2026-08-18T10:00:00+05:30
bit_2e38e1ee,bkg_89d1df90,room_type,rmt_261249fc,inv_bcbb6690,Heritage Room @ Indigo Sarovar Heritage,2026-09-23,2,9893.39,19786.78,INR,confirmed,,2026-08-18T10:00:00+05:30
bit_e71e40b3,bkg_89d1df90,flight_fare,far_cba54453,inv_ad13ae37,Flight seat,2026-11-13,1,7257.00,7257.00,INR,confirmed,,2026-08-18T10:00:00+05:30
bit_cd38e076,bkg_b1e1f6d6,flight_fare,far_0cc3f621,inv_46bcd1c0,Flight seat,2026-11-22,2,785.38,1570.76,SGD,confirmed,,2026-08-18T10:00:00+05:30
bit_8ca01f1b,bkg_6e575539,room_type,rmt_d74c67e8,inv_211537b0,Heritage Room @ Casa Manor Inn,2026-09-30,2,12843.81,25687.62,INR,confirmed,,2026-08-18T10:00:00+05:30
bit_55f931bd,bkg_a5d6066d,room_type,rmt_3e31fe20,inv_42ce3b5f,Heritage Room @ Indigo Orchard & Spa,2026-11-17,2,16898.84,33797.68,AED,pending,,2026-08-18T10:00:00+05:30
bit_07a847ac,bkg_ac29d106,room_type,rmt_4b888cdb,inv_173a59be,Executive @ Indigo Verandah Homestay,2026-09-01,2,6316.76,12633.52,INR,compensated,2026-07-26T17:04:00+05:30,2026-08-18T10:00:00+05:30
bit_87a54a1a,bkg_ac29d106,room_type,rmt_91b575ba,inv_4116cc0d,Executive @ Royal Sanctuary Suites  ,2026-10-12,2,5785.70,11571.40,INR,compensated,2026-07-26T17:04:00+05:30,2026-08-18T10:00:00+05:30
bit_80ee36e3,bkg_31af3aac,flight_fare,far_ab190349,inv_d85ac4f7,Flight seat,2026-10-18,1,676.38,676.38,MYR,confirmed,,2026-08-18T10:00:00+05:30
bit_b358a6d5,bkg_e2a2a2da,room_type,rmt_dac67beb,inv_e195ed40,Family Room @ Garden Vihar Suites,2026-11-13,2,3591.70,7183.40,INR,confirmed,,2026-08-18T10:00:00+05:30
bit_a8a2c31f,bkg_14521416,room_type,rmt_0f009220,inv_febdd142,Deluxe @ Palm Courtyard Heritage,2026-10-31,1,8805.13,8805.13,INR,confirmed,,2026-08-18T10:00:00+05:30
bit_1278eef3,bkg_14521416,room_type,rmt_0f009220,inv_3887c06f,Deluxe @ Palm Courtyard Heritage,2026-10-01,2,8343.35,16686.70,INR,confirmed,,2026-08-18T10:00:00+05:30
bit_98126c45,bkg_359129a5,room_type,rmt_2bfbfea7,inv_e766ff30,Executive @ The Old Terraces Resort,2026-11-26,2,7953.23,15906.46,INR,confirmed,,2026-08-18T10:00:00+05:30
bit_85ed134a,bkg_359129a5,flight_fare,far_28b45ebd,inv_2b0f0ded,Flight seat,2026-09-13,2,3607.94,7215.88,INR,confirmed,,2026-08-18T10:00:00+05:30
bit_9f7b6cb5,bkg_359129a5,room_type,rmt_c9808e2a,inv_d6588371,Family Room @ The Old Verandah Suites,2026-11-10,1,1604.45,1604.45,INR,confirmed,,2026-08-18T10:00:00+05:30
bit_ca15ea8c,bkg_303f82d7,room_type,rmt_97174185,inv_8262c95b,Deluxe Garden View @ Amber Retreat Homestay,2026-09-30,1,9907.26,9907.26,INR,confirmed,,2026-08-18T10:00:00+05:30
bit_87188a26,bkg_7c3aeaf4,flight_fare,far_4291e74c,inv_f712ff9c,Flight seat,2026-09-24,1,869.01,869.01,AED,cancelled,,2026-08-18T10:00:00+05:30
bit_d4433768,bkg_e6e69fdb,flight_fare,far_7895e3d0,inv_2c6d4502,Flight seat,2026-10-04,2,15525.27,31050.54,INR,confirmed,,2026-08-18T10:00:00+05:30
bit_d4eba558,bkg_476f37a6,room_type,rmt_3aa4f9b8,inv_cf04e28c,Premier Suite @ Grand Sarovar Resort,2026-09-13,2,9175.22,18350.44,INR,confirmed,,2026-08-18T10:00:00+05:30
bit_38bcd1f1,bkg_dcdcead8,flight_fare,far_94f207b6,inv_59ff0ef4,Flight seat,2026-11-04,2,7044.06,14088.12,THB,confirmed,,2026-08-18T10:00:00+05:30
bit_5f72f3c4,bkg_1e31d636,room_type,rmt_2919bbfe,inv_001cd2f8,Heritage Room @ Palm Sarovar,2026-09-24,2,8872.16,17744.32,INR,cancelled,,2026-08-18T10:00:00+05:30
bit_695f1f52,bkg_1e31d636,flight_fare,far_084d8150,inv_faf8fce9,Flight seat,2026-10-29,1,40879.16,40879.16,INR,cancelled,,2026-08-18T10:00:00+05:30
bit_ca262a42,bkg_b99f3933,flight_fare,far_4b6ece77,inv_4164fac1,Flight seat,2026-09-26,1,4727.85,4727.85,INR,confirmed,,2026-08-18T10:00:00+05:30
bit_7757c31d,bkg_ae0e655e,room_type,rmt_4cf7dfce,inv_e3f3feb9,Twin Economy @ Palm Sanctuary Boutique Stay,2026-09-23,2,12653.81,25307.62,INR,confirmed,,2026-08-18T10:00:00+05:30
bit_615e0a82,bkg_db5a9cb1,room_type,rmt_8e081aa6,inv_5e7d30a3,Standard @ The Old Residency,2026-11-21,2,11145.30,22290.60,INR,confirmed,,2026-08-18T10:00:00+05:30
bit_9e417753,bkg_db5a9cb1,room_type,rmt_df2d2be7,inv_df48d424,Premier Suite @ Hillview Nest Inn,2026-10-20,1,7984.29,7984.29,INR,confirmed,,2026-08-18T10:00:00+05:30
bit_5d705482,bkg_db5a9cb1,flight_fare,far_8e6ed96b,inv_6199b868,Flight seat,2026-10-26,1,14994.25,14994.25,INR,confirmed,,2026-08-18T10:00:00+05:30
bit_54cc321a,bkg_c977e8bb,room_type,rmt_bc554dab,inv_6f65ae6d,Heritage Room @ Indigo Vihar Inn,2026-10-06,2,8828.68,17657.36,NPR,confirmed,,2026-08-18T10:00:00+05:30
bit_600dd0bb,bkg_5972dd57,flight_fare,far_6d8c4426,inv_45f7f43f,Flight seat,2026-10-21,1,17560.96,17560.96,INR,confirmed,,2026-08-18T10:00:00+05:30
bit_f8eb77b1,bkg_a87b8250,room_type,rmt_4faddc19,inv_b32a9a8c,Family Room @ Garden Ghat House & Spa,2026-10-07,1,4890.79,4890.79,AED,confirmed,,2026-08-18T10:00:00+05:30
bit_f3bb669d,bkg_dc9158dd,room_type,rmt_d1336e5e,inv_a3021ff4,Twin Economy @ Heritage Kothi Inn,2026-10-24,1,15007.36,15007.36,INR,pending,,2026-08-18T10:00:00+05:30
bit_c6079a0e,bkg_ce2d0619,flight_fare,far_de1eb7fa,inv_9d280db8,Flight seat,2026-09-26,2,5688.91,11377.82,INR,confirmed,,2026-08-18T10:00:00+05:30
bit_b224ed10,bkg_6d2b2b0d,room_type,rmt_c0463b3f,inv_336eb968,Deluxe Garden View @ Hillview Bagh Resort,2026-10-23,2,3976.66,7953.32,INR,confirmed,,2026-08-18T10:00:00+05:30
bit_32c2fca3,bkg_4d295e44,room_type,rmt_3a584d76,inv_53d6b83b,Heritage Room @ Indigo Meadows Boutique Stay,2026-11-23,1,2601.37,2601.37,INR,confirmed,,2026-08-18T10:00:00+05:30
bit_b7ba9466,bkg_e943261b,room_type,rmt_1664a3ef,inv_d12ff4e3,Heritage Room @ Indigo Verandah Homestay,2026-10-23,2,4600.86,9201.72,INR,confirmed,,2026-08-18T10:00:00+05:30
bit_20f5031b,bkg_1d471b9f,room_type,rmt_db498e20,inv_ae759b1f,Standard @ Royal Orchard Resort,2026-11-19,2,4217.08,8434.16,JPY,confirmed,,2026-08-18T10:00:00+05:30
bit_e2ee71f5,bkg_874cbc5b,room_type,rmt_55c522a8,inv_4a2a237d,Heritage Room @ Amber Retreat Homestay,2026-09-26,1,4658.54,4658.54,INR,pending,,2026-08-18T10:00:00+05:30
bit_d753fe03,bkg_13a95f9c,room_type,rmt_9eb28021,inv_b0f8ab50,Executive @ Indigo Manor Suites,2026-11-26,2,1510.63,3021.26,INR,confirmed,,2026-08-18T10:00:00+05:30
bit_cf6c5fdf,bkg_f8deea3f,flight_fare,far_1b0a490a,inv_b29ea2bd,Flight seat,2026-09-05,2,782.85,1565.70,MYR,confirmed,,2026-08-18T10:00:00+05:30
bit_449cac3f,bkg_3cc4ae19,flight_fare,far_accb38cb,inv_e8f189d9,Flight seat,2026-10-22,2,817.17,1634.34,MYR,confirmed,,2026-08-18T10:00:00+05:30
bit_9c25701b,bkg_b17879da,flight_fare,far_d748c622,inv_05f9dfe8,Flight seat,2026-10-06,2,63202.17,126404.34,INR,pending,,2026-08-18T10:00:00+05:30
bit_7569daa8,bkg_b17879da,flight_fare,far_fbf75a89,inv_a579d942,Flight seat,2026-11-09,2,11681.45,23362.90,INR,pending,,2026-08-18T10:00:00+05:30
bit_744e53fc,bkg_07cd01d8,flight_fare,far_3b73562a,inv_bce08a13,Flight seat,2026-09-08,2,721.05,1442.10,MYR,confirmed,,2026-08-18T10:00:00+05:30
bit_11552d65,bkg_955334a8,flight_fare,far_bd2dcf7c,inv_484d6a60,Flight seat,2026-10-17,1,5604.67,5604.67,INR,confirmed,,2026-08-18T10:00:00+05:30
bit_b3a0299b,bkg_b7a0d41c,room_type,rmt_5e6f1662,inv_16a15d1e,Family Room @ Riverside Sarovar Boutique Stay,2026-10-18,1,7497.90,7497.90,INR,confirmed,,2026-08-18T10:00:00+05:30
bit_ef2d494b,bkg_b7a0d41c,room_type,rmt_c9808e2a,inv_d6588371,Family Room @ The Old Verandah Suites,2026-11-10,2,1604.45,3208.90,INR,confirmed,,2026-08-18T10:00:00+05:30
bit_0f2f218f,bkg_fdbee0f6,room_type,rmt_80d53c61,inv_e16e4456,Premier Suite @ Royal Terraces Suites,2026-10-11,1,22317.85,22317.85,INR,confirmed,,2026-08-18T10:00:00+05:30
bit_736d7584,bkg_fdbee0f6,room_type,rmt_6459e588,inv_7c4f404b,Deluxe @ The Terraces Resort,2026-10-22,1,12045.28,12045.28,INR,confirmed,,2026-08-18T10:00:00+05:30
bit_c6a1cc1a,bkg_5be72b33,room_type,rmt_67c20089,inv_10fb544b,Standard @ Hotel Verandah Heritage,2026-09-23,2,6128.03,12256.06,INR,confirmed,,2026-08-18T10:00:00+05:30
bit_5fe08dee,bkg_b9666aa7,room_type,rmt_2ef10b2a,inv_eae33381,Standard @ The Old Orchard & Spa,2026-10-06,2,19042.28,38084.56,INR,confirmed,,2026-08-18T10:00:00+05:30
bit_16bd9b52,bkg_f6af427e,room_type,rmt_ad2452fd,inv_a6c054db,Deluxe Garden View @ Hotel Regency Boutique Stay,2026-11-02,2,18854.27,37708.54,INR,compensated,2026-06-23T17:34:00+05:30,2026-08-18T10:00:00+05:30
bit_1b14a785,bkg_ddb2671f,room_type,rmt_56416285,inv_69698eb0,Family Room @ Villa Haveli & Spa,2026-09-23,1,16316.44,16316.44,INR,cancelled,,2026-08-18T10:00:00+05:30
bit_05bb8681,bkg_add7ed53,flight_fare,far_b070931f,inv_a97f0952,Flight seat,2026-09-18,2,31660.38,63320.76,INR,confirmed,,2026-08-18T10:00:00+05:30
bit_e63b9a1c,bkg_71bb1b23,flight_fare,far_dfae3a98,inv_7671ea9a,Flight seat,2026-11-24,2,5533.19,11066.38,INR,confirmed,,2026-08-18T10:00:00+05:30
bit_a3a7168c,bkg_ad9785a3,flight_fare,far_07b4ec8e,inv_75583e99,Flight seat,2026-11-27,1,12244.49,12244.49,INR,confirmed,,2026-08-18T10:00:00+05:30
bit_8cbe3d80,bkg_a9117621,flight_fare,far_30a9209f,inv_10e87109,Flight seat,2026-09-07,1,12549.27,12549.27,INR,confirmed,,2026-08-18T10:00:00+05:30
bit_c86a7d3d,bkg_5625926e,room_type,rmt_afa1e735,inv_88ede776,Deluxe @ Garden Sanctuary by the Lake,2026-09-16,2,29357.62,58715.24,INR,confirmed,,2026-08-18T10:00:00+05:30
bit_1daeed44,bkg_5625926e,room_type,rmt_d34a3325,inv_b9f528f0,Premier Suite @ Hillview Nest Boutique Stay,2026-09-08,1,16301.77,16301.77,INR,confirmed,,2026-08-18T10:00:00+05:30
bit_bf57d32d,bkg_5625926e,room_type,rmt_0b8a155f,inv_a4ebdf73,Heritage Room @ The Haveli Inn,2026-11-26,1,6285.40,6285.40,INR,confirmed,,2026-08-18T10:00:00+05:30
bit_aa6c5786,bkg_faf0ff00,room_type,rmt_ba5d7ad1,inv_c51f7436,Executive @ The Residency Homestay,2026-10-24,1,41327.49,41327.49,INR,confirmed,,2026-08-18T10:00:00+05:30
bit_397e365a,bkg_faf0ff00,flight_fare,far_9cc9f58f,inv_b89e52b3,Flight seat,2026-09-25,1,4457.09,4457.09,INR,confirmed,,2026-08-18T10:00:00+05:30
bit_7a2afb3e,bkg_faf0ff00,room_type,rmt_c946b4c2,inv_d0eda98a,Premier Suite @ Royal Sanctuary Suites,2026-10-10,2,10224.65,20449.30,INR,confirmed,,2026-08-18T10:00:00+05:30
bit_3bedeea9,bkg_3c253e5e,room_type,rmt_363659ec,inv_34a68c2c,Heritage Room @ Palm Nest Heritage,2026-11-06,2,8280.73,16561.46,MYR,confirmed,,2026-08-18T10:00:00+05:30
bit_8aa59a6c,bkg_03e4061d,room_type,rmt_8e081aa6,inv_5e8935fc,Standard @ The Old Residency,2026-09-16,1,9537.37,9537.37,INR,confirmed,,2026-08-18T10:00:00+05:30
bit_bb59f4ae,bkg_dd574195,room_type,rmt_f42e207b,inv_1b33afc2,Twin Economy @ Heritage Palms,2026-10-17,2,7793.18,15586.36,INR,confirmed,,2026-08-18T10:00:00+05:30
bit_a1116f90,bkg_dd574195,room_type,rmt_7f9f494c,inv_5971170b,Twin Economy @ Hotel Kothi by the Lake,2026-10-14,2,7693.75,15387.50,INR,confirmed,,2026-08-18T10:00:00+05:30
bit_a3b55137,bkg_7aaa2141,flight_fare,far_3bd89a97,inv_ec1033bb,Flight seat,2026-11-22,1,7023.31,7023.31,INR,confirmed,,2026-08-18T10:00:00+05:30
bit_9f5be06f,bkg_7aaa2141,room_type,rmt_0fc40170,inv_389c9f89,Deluxe @ Hillview Nest Inn,2026-09-11,2,13858.03,27716.06,INR,confirmed,,2026-08-18T10:00:00+05:30
bit_86865ef5,bkg_6843bea6,flight_fare,far_4126a133,inv_eadb5fbb,Flight seat,2026-10-05,1,9710.75,9710.75,INR,confirmed,,2026-08-18T10:00:00+05:30
bit_068b26a5,bkg_6843bea6,room_type,rmt_8a3c3697,inv_5b0467bf,Twin Economy @ Indigo Orchard Inn,2026-11-18,1,4869.65,4869.65,INR,confirmed,,2026-08-18T10:00:00+05:30
bit_b4d5e55f,bkg_80a04517,room_type,rmt_c07b1f2a,inv_afa444a4,Executive @ Garden Ghat House Resort,2026-11-08,2,6180.55,12361.10,LKR,confirmed,,2026-08-18T10:00:00+05:30
bit_febd8c8c,bkg_b923aa92,room_type,rmt_5df6ca92,inv_c7a157b1,Heritage Room @ Garden Ghat House & Spa,2026-11-02,1,9016.07,9016.07,AED,confirmed,,2026-08-18T10:00:00+05:30
bit_914917bc,bkg_7c5973b9,room_type,rmt_97174185,inv_875f751a,Deluxe Garden View @ Amber Retreat Homestay,2026-10-15,1,9401.96,9401.96,INR,confirmed,,2026-08-18T10:00:00+05:30
bit_765933ff,bkg_687b31b4,room_type,rmt_c9808e2a,inv_89092ca2,Family Room @ The Old Verandah Suites,2026-11-19,2,1672.28,3344.56,INR,cancelled,,2026-08-18T10:00:00+05:30
bit_b24ab99c,bkg_719653f5,room_type,rmt_363659ec,inv_457b884a,Heritage Room @ Palm Nest Heritage,2026-10-23,1,7113.54,7113.54,MYR,confirmed,,2026-08-18T10:00:00+05:30
bit_577c9325,bkg_719653f5,flight_fare,far_79711dd3,inv_6a7b7162,Flight seat,2026-11-07,1,509.48,509.48,MYR,confirmed,,2026-08-18T10:00:00+05:30
bit_2ef24ec3,bkg_cce0ec88,room_type,rmt_0b9115b1,inv_24b44c10,Heritage Room @ Riverside Kothi Inn,2026-11-25,1,7515.08,7515.08,INR,confirmed,,2026-08-18T10:00:00+05:30
bit_5db4685d,bkg_30e34587,room_type,rmt_188dccb2,inv_fca0a263,Heritage Room @ Amber Sanctuary Homestay,2026-11-17,1,5789.12,5789.12,INR,cancelled,,2026-08-18T10:00:00+05:30
bit_50ee70c9,bkg_eddfcd86,flight_fare,far_0435e728,inv_3751e4a6,Flight seat,2026-09-12,1,18055.93,18055.93,INR,confirmed,,2026-08-18T10:00:00+05:30
bit_3facb0aa,bkg_1379f6d2,room_type,rmt_38d11d09,inv_3af7d250,Deluxe @ Hillview Bagh Suites,2026-09-13,2,6506.16,13012.32,INR,confirmed,,2026-08-18T10:00:00+05:30
bit_df77b786,bkg_12c689b9,flight_fare,far_8b7ae8fd,inv_f735ebcc,Flight seat,2026-09-06,1,54692.11,54692.11,INR,confirmed,,2026-08-18T10:00:00+05:30
bit_63b31173,bkg_12c689b9,room_type,rmt_605d2d42,inv_0b2535e9,Family Room @ Lake Palms Inn,2026-09-21,1,3634.25,3634.25,INR,confirmed,,2026-08-18T10:00:00+05:30
bit_6a125833,bkg_31f7107f,room_type,rmt_5e6f1662,inv_cc48436f,Family Room @ Riverside Sarovar Boutique Stay,2026-10-16,1,8533.37,8533.37,INR,confirmed,,2026-08-18T10:00:00+05:30
bit_e9771d75,bkg_34b6c8b7,flight_fare,far_2095ff37,inv_640158d6,Flight seat,2026-09-28,1,5975.84,5975.84,THB,confirmed,,2026-08-18T10:00:00+05:30
bit_24827fc9,bkg_5b39ef39,room_type,rmt_3e31fe20,inv_687f5939,Heritage Room @ Indigo Orchard & Spa,2026-10-18,2,23747.89,47495.78,AED,confirmed,,2026-08-18T10:00:00+05:30
bit_f334b706,bkg_4e843491,room_type,rmt_c867633e,inv_7574316c,Standard @ Hillview Sarovar by the Lake,2026-09-22,1,14955.76,14955.76,INR,cancelled,,2026-08-18T10:00:00+05:30
bit_926ccf4b,bkg_4e843491,room_type,rmt_67c20089,inv_0caf48c9,Standard @ Hotel Verandah Heritage,2026-11-16,2,5806.69,11613.38,INR,cancelled,,2026-08-18T10:00:00+05:30
bit_600def1d,bkg_3b939629,room_type,rmt_d5d1225e,inv_29cd6665,Deluxe Garden View @ Indigo Niwas Resort,2026-10-29,1,2233.72,2233.72,INR,cancelled,,2026-08-18T10:00:00+05:30
bit_ac6793bb,bkg_8365fa9b,room_type,rmt_4f14363b,inv_cab42705,Twin Economy @ Amber Palms,2026-11-18,2,1945.42,3890.84,INR,confirmed,,2026-08-18T10:00:00+05:30
bit_1a21c57b,bkg_8365fa9b,room_type,rmt_e1b794e9,inv_ce2af0ff,Deluxe @ Royal Residency Inn,2026-09-25,2,17043.36,34086.72,INR,confirmed,,2026-08-18T10:00:00+05:30
bit_f73dea4e,bkg_8365fa9b,room_type,rmt_06f0a27d,inv_9e4dc2f6,Heritage Room @ Hillview Nest Boutique Stay,2026-09-23,2,17977.61,35955.22,INR,confirmed,,2026-08-18T10:00:00+05:30
bit_00ed9908,bkg_9cab21fa,room_type,rmt_94546c51,inv_0be2f60f,Premier Suite @ Royal Sarovar Boutique Stay,2026-10-11,1,5073.06,5073.06,INR,confirmed,,2026-08-18T10:00:00+05:30
bit_2e3da713,bkg_9cab21fa,room_type,rmt_91b575ba,inv_c2f8651e,Executive @ Royal Sanctuary Suites  ,2026-09-18,2,7441.52,14883.04,INR,confirmed,,2026-08-18T10:00:00+05:30
bit_60852ca0,bkg_9cab21fa,room_type,rmt_fdc08ffa,inv_c8ddbe7a,Premier Suite @ Royal Terraces & Spa,2026-11-05,1,6693.38,6693.38,INR,confirmed,,2026-08-18T10:00:00+05:30
bit_ba6b1b8d,bkg_a28225ad,room_type,rmt_4be4b5c2,inv_566adb0d,Executive @ Hillview Niwas by the Lake,2026-09-22,1,4223.10,4223.10,INR,confirmed,,2026-08-18T10:00:00+05:30
bit_290eb375,bkg_3a78f0e3,room_type,rmt_0b9115b1,inv_5c1b3ba1,Heritage Room @ Riverside Kothi Inn,2026-09-07,1,7309.73,7309.73,INR,cancelled,,2026-08-18T10:00:00+05:30
bit_0378e9c4,bkg_ed407985,flight_fare,far_c0ee9187,inv_98867246,Flight seat,2026-10-03,1,38919.91,38919.91,INR,confirmed,,2026-08-18T10:00:00+05:30
bit_d21ecd11,bkg_9151d80d,flight_fare,far_73425332,inv_4a791e7e,Flight seat,2026-11-03,1,3624.85,3624.85,INR,confirmed,,2026-08-18T10:00:00+05:30
bit_5f6d658e,bkg_0b31368f,room_type,rmt_58eeb2ee,inv_79871ad8,Standard @ Villa Mahal Suites,2026-09-23,1,3605.45,3605.45,INR,confirmed,,2026-08-18T10:00:00+05:30
bit_a84fa991,bkg_0b31368f,room_type,rmt_a499242d,inv_405a7deb,Executive @ Hillview Nest Inn,2026-11-26,2,7557.03,15114.06,INR,confirmed,,2026-08-18T10:00:00+05:30
bit_5ed09f77,bkg_9d28f414,room_type,rmt_fac0fd45,inv_816aada9,Heritage Room @ Lake Kothi Heritage,2026-10-28,1,8347.75,8347.75,IDR,confirmed,,2026-08-18T10:00:00+05:30
bit_78b12a21,bkg_6d883642,flight_fare,far_f0717d31,inv_fa11e302,Flight seat,2026-11-08,1,1023.65,1023.65,MYR,pending,,2026-08-18T10:00:00+05:30
bit_d695e9db,bkg_d23c602c,room_type,rmt_e80871dd,inv_7dd510e2,Standard @ Lake Palms Inn,2026-11-22,1,5763.96,5763.96,INR,confirmed,,2026-08-18T10:00:00+05:30
bit_743623bb,bkg_d23c602c,room_type,rmt_fc40a0df,inv_e7e3f9e2,Twin Economy @ Lake Bagh Homestay,2026-11-04,2,7877.66,15755.32,INR,confirmed,,2026-08-18T10:00:00+05:30
bit_ecb7aac9,bkg_53664823,flight_fare,far_70df6f36,inv_1583134a,Flight seat,2026-09-22,1,15518.05,15518.05,INR,confirmed,,2026-08-18T10:00:00+05:30
bit_155162a1,bkg_53664823,room_type,rmt_4b888cdb,inv_d1890303,Executive @ Indigo Verandah Homestay,2026-11-01,1,7436.54,7436.54,INR,confirmed,,2026-08-18T10:00:00+05:30
bit_68ca2e09,bkg_53664823,room_type,rmt_0b8a155f,inv_6108ecfb,Heritage Room @ The Haveli Inn,2026-09-20,2,7844.05,15688.10,INR,confirmed,,2026-08-18T10:00:00+05:30
bit_13a6c8ed,bkg_9396da46,flight_fare,far_70bb2916,inv_1b53187b,Flight seat,2026-10-14,2,34924.14,69848.28,INR,confirmed,,2026-08-18T10:00:00+05:30
bit_80f23391,bkg_9396da46,room_type,rmt_6459e588,inv_f0b64ab7,Deluxe @ The Terraces Resort,2026-09-16,1,11554.35,11554.35,INR,confirmed,,2026-08-18T10:00:00+05:30
bit_64641583,bkg_9396da46,room_type,rmt_d5d1225e,inv_bc6b3884,Deluxe Garden View @ Indigo Niwas Resort,2026-11-10,2,1943.01,3886.02,INR,confirmed,,2026-08-18T10:00:00+05:30
bit_0210ad2d,bkg_b5c1fbbd,room_type,rmt_97174185,inv_13a9433f,Deluxe Garden View @ Amber Retreat Homestay,2026-11-23,2,9024.51,18049.02,INR,cancelled,,2026-08-18T10:00:00+05:30
bit_b76db497,bkg_b5c1fbbd,flight_fare,far_b69d556f,inv_a1bc7e69,Flight seat,2026-11-10,1,28710.37,28710.37,INR,cancelled,,2026-08-18T10:00:00+05:30
bit_2b3ea4b1,bkg_6e2b4071,room_type,rmt_0d437b01,inv_e390caad,Heritage Room @ Amber Mahal Inn,2026-11-19,2,2232.72,4465.44,INR,confirmed,,2026-08-18T10:00:00+05:30
bit_d4d0a74a,bkg_74d8190e,room_type,rmt_8a3c3697,inv_9a7a7b71,Twin Economy @ Indigo Orchard Inn,2026-09-25,1,5912.81,5912.81,INR,confirmed,,2026-08-18T10:00:00+05:30
bit_4e0d5467,bkg_74d8190e,room_type,rmt_2e70cc92,inv_4f5dfa92,Family Room @ Amber Bungalow Inn,2026-10-12,2,2480.67,4961.34,INR,confirmed,,2026-08-18T10:00:00+05:30
bit_75c1834b,bkg_7937d24e,room_type,rmt_58eeb2ee,inv_fa6dbe97,Standard @ Villa Mahal Suites,2026-11-18,2,3275.13,6550.26,INR,confirmed,,2026-08-18T10:00:00+05:30
bit_c4ecd274,bkg_1577b2c1,room_type,rmt_33c6c9be,inv_68ae6bd5,Deluxe @ Hillview Regency by the Lake,2026-11-13,1,12899.21,12899.21,MVR,confirmed,,2026-08-18T10:00:00+05:30
bit_bf44b085,bkg_e54b67a7,room_type,rmt_3e31fe20,inv_3ee01e75,Heritage Room @ Indigo Orchard & Spa,2026-10-06,2,18031.13,36062.26,AED,cancelled,,2026-08-18T10:00:00+05:30
bit_5feb0e4f,bkg_318ebd86,room_type,rmt_693809d0,inv_7ee9b585,Premier Suite @ Lake Bungalow by the Lake,2026-09-30,1,2090.99,2090.99,INR,confirmed,,2026-08-18T10:00:00+05:30
bit_2e26a539,bkg_318ebd86,room_type,rmt_a369d34e,inv_2bff1c20,Twin Economy @ The Old Regency Inn,2026-09-26,2,4452.77,8905.54,INR,confirmed,,2026-08-18T10:00:00+05:30
bit_79c3cc1a,bkg_5e444ae2,room_type,rmt_ba5d7ad1,inv_1eb80b51,Executive @ The Residency Homestay,2026-09-26,1,43499.92,43499.92,INR,confirmed,,2026-08-18T10:00:00+05:30
bit_4c7dd5cd,bkg_5bd4fa90,room_type,rmt_e80871dd,inv_c88b3081,Standard @ Lake Palms Inn,2026-11-26,1,5213.30,5213.30,INR,confirmed,,2026-08-18T10:00:00+05:30
bit_884a50c5,bkg_155577f6,room_type,rmt_24f68d46,inv_d5473bf5,Executive @ Indigo Meadows Boutique Stay,2026-10-23,1,8323.11,8323.11,INR,confirmed,,2026-08-18T10:00:00+05:30
bit_3e000d68,bkg_515eee76,room_type,rmt_06f0a27d,inv_aa54cd47,Heritage Room @ Hillview Nest Boutique Stay,2026-09-20,1,25318.01,25318.01,INR,confirmed,,2026-08-18T10:00:00+05:30
bit_974e0f5e,bkg_0179e0bb,room_type,rmt_2bfbfea7,inv_89c2fbd1,Executive @ The Old Terraces Resort,2026-09-28,1,7621.90,7621.90,INR,confirmed,,2026-08-18T10:00:00+05:30
bit_a9b6f034,bkg_c703a2c5,flight_fare,far_1a419312,inv_38af95e9,Flight seat,2026-09-19,2,7341.86,14683.72,INR,confirmed,,2026-08-18T10:00:00+05:30
bit_4cd0c0b2,bkg_c703a2c5,room_type,rmt_fc40a0df,inv_4c074eca,Twin Economy @ Lake Bagh Homestay,2026-11-16,2,7990.87,15981.74,INR,confirmed,,2026-08-18T10:00:00+05:30
bit_1e2e85d6,bkg_a7f0c285,room_type,rmt_67d7c1a1,inv_96bbe1c2,Executive @ Amber Regency Resort,2026-11-26,1,6103.96,6103.96,NPR,confirmed,,2026-08-18T10:00:00+05:30
bit_6ba78f70,bkg_a5051b36,flight_fare,far_654e4c32,inv_e82a3831,Flight seat,2026-11-03,1,3913.47,3913.47,INR,cancelled,,2026-08-18T10:00:00+05:30
bit_caa1bc40,bkg_0c346810,flight_fare,far_201bf1b5,inv_6b0a1792,Flight seat,2026-11-17,1,33034.18,33034.18,INR,confirmed,,2026-08-18T10:00:00+05:30
bit_2034b97e,bkg_0c346810,room_type,rmt_f01a2942,inv_007b6dbc,Family Room @ Villa Meadows Homestay,2026-10-09,1,6224.16,6224.16,INR,confirmed,,2026-08-18T10:00:00+05:30
bit_65c84516,bkg_66ef94c9,room_type,rmt_db498e20,inv_5d273522,Standard @ Royal Orchard Resort,2026-11-23,1,3716.77,3716.77,JPY,confirmed,,2026-08-18T10:00:00+05:30
bit_6cb60168,bkg_8a122c3d,room_type,rmt_f42e207b,inv_e40d8cf0,Twin Economy @ Heritage Palms,2026-09-17,2,6472.13,12944.26,INR,confirmed,,2026-08-18T10:00:00+05:30
bit_c173193f,bkg_d9d5e856,room_type,rmt_2466b8b6,inv_36536200,Twin Economy @ Grand Kothi Resort,2026-11-28,1,13778.60,13778.60,JPY,pending,,2026-08-18T10:00:00+05:30
bit_b0ac7401,bkg_d4757b52,flight_fare,far_21673fef,inv_7f940c50,Flight seat,2026-11-09,2,11086.89,22173.78,INR,cancelled,,2026-08-18T10:00:00+05:30
bit_a66bc3d5,bkg_52633a14,room_type,rmt_6459e588,inv_43c161b5,Deluxe @ The Terraces Resort,2026-09-27,2,14181.98,28363.96,INR,cancelled,,2026-08-18T10:00:00+05:30
bit_8d4ffde5,bkg_6e32bfa8,room_type,rmt_06f0a27d,inv_4d979d6f,Heritage Room @ Hillview Nest Boutique Stay,2026-10-28,2,18984.53,37969.06,INR,confirmed,,2026-08-18T10:00:00+05:30
bit_11648c0e,bkg_6e32bfa8,room_type,rmt_ad2452fd,inv_80d13f4d,Deluxe Garden View @ Hotel Regency Boutique Stay,2026-11-03,2,16929.88,33859.76,INR,confirmed,,2026-08-18T10:00:00+05:30
bit_062985de,bkg_de4a02e0,room_type,rmt_4b888cdb,inv_3ca1d804,Executive @ Indigo Verandah Homestay,2026-09-02,2,6841.79,13683.58,INR,confirmed,,2026-08-18T10:00:00+05:30
bit_8bedf4ae,bkg_66230299,room_type,rmt_55c522a8,inv_3930f5a7,Heritage Room @ Amber Retreat Homestay,2026-11-26,2,4447.57,8895.14,INR,confirmed,,2026-08-18T10:00:00+05:30
bit_0ffda840,bkg_66230299,room_type,rmt_dac67beb,inv_1f5f7e54,Family Room @ Garden Vihar Suites,2026-09-16,2,2882.26,5764.52,INR,confirmed,,2026-08-18T10:00:00+05:30
bit_8548b799,bkg_b6ff3804,flight_fare,far_9cc673d9,inv_b7ccfba5,Flight seat,2026-09-28,1,4065.00,4065.00,INR,cancelled,,2026-08-18T10:00:00+05:30
bit_ce28d390,bkg_9a333408,room_type,rmt_363659ec,inv_b5826250,Heritage Room @ Palm Nest Heritage,2026-11-27,1,7405.03,7405.03,MYR,pending,,2026-08-18T10:00:00+05:30
bit_251414b1,bkg_8cf52cab,room_type,rmt_4faddc19,inv_b5cc7f4c,Family Room @ Garden Ghat House & Spa,2026-09-03,1,4582.85,4582.85,AED,confirmed,,2026-08-18T10:00:00+05:30
bit_352986a1,bkg_63849d8c,flight_fare,far_8f0f57ba,inv_2cdb61aa,Flight seat,2026-09-01,2,1752.94,3505.88,INR,confirmed,,2026-08-18T10:00:00+05:30
bit_968993ae,bkg_63849d8c,room_type,rmt_97174185,inv_d1e71283,Deluxe Garden View @ Amber Retreat Homestay,2026-09-23,2,9923.02,19846.04,INR,confirmed,,2026-08-18T10:00:00+05:30
bit_add2c95d,bkg_ad7d4dd0,room_type,rmt_6459e588,inv_e6f845fb,Deluxe @ The Terraces Resort,2026-10-07,2,12291.91,24583.82,INR,confirmed,,2026-08-18T10:00:00+05:30
bit_14c95d18,bkg_8bd18a1e,flight_fare,far_b4df1298,inv_a1de49d1,Flight seat,2026-09-19,1,21979.01,21979.01,INR,confirmed,,2026-08-18T10:00:00+05:30
bit_5c25a511,bkg_8bd18a1e,room_type,rmt_5b68a891,inv_594e5b04,Family Room @ Royal Orchard Heritage,2026-11-17,1,34546.95,34546.95,INR,confirmed,,2026-08-18T10:00:00+05:30
bit_a0ab6f72,bkg_1ef14f40,room_type,rmt_fac0fd45,inv_de4bbeca,Heritage Room @ Lake Kothi Heritage,2026-11-12,1,7592.61,7592.61,IDR,confirmed,,2026-08-18T10:00:00+05:30
bit_8c588945,bkg_23a99be2,room_type,rmt_2e70cc92,inv_fcea131a,Family Room @ Amber Bungalow Inn,2026-09-24,1,2404.47,2404.47,INR,confirmed,,2026-08-18T10:00:00+05:30
bit_a0d4516c,bkg_d75f4ff2,room_type,rmt_28b409a4,inv_f7269bc2,Twin Economy @ Hotel Verandah & Spa,2026-10-08,2,7163.73,14327.46,THB,confirmed,,2026-08-18T10:00:00+05:30
bit_d2a13d73,bkg_36348ebc,room_type,rmt_693809d0,inv_3704e297,Premier Suite @ Lake Bungalow by the Lake,2026-11-19,1,2017.21,2017.21,INR,confirmed,,2026-08-18T10:00:00+05:30
bit_ec4f2d98,bkg_215ea028,room_type,rmt_40250c2d,inv_04a07ee2,Heritage Room @ Hotel Orchard Resort,2026-10-10,1,8149.62,8149.62,NPR,confirmed,,2026-08-18T10:00:00+05:30
bit_ee1d7e5a,bkg_c8f9ca48,flight_fare,far_84a64032,inv_65c409f0,Flight seat,2026-09-18,1,10263.88,10263.88,INR,confirmed,,2026-08-18T10:00:00+05:30
bit_f1133fa0,bkg_acf721e7,room_type,rmt_9eb28021,inv_6c3725b2,Executive @ Indigo Manor Suites,2026-10-10,2,2286.47,4572.94,INR,confirmed,,2026-08-18T10:00:00+05:30
bit_be866c75,bkg_acf721e7,room_type,rmt_38d11d09,inv_1fb42827,Deluxe @ Hillview Bagh Suites,2026-11-05,2,4668.97,9337.94,INR,confirmed,,2026-08-18T10:00:00+05:30
bit_2082bf15,bkg_acf721e7,room_type,rmt_8e081aa6,inv_7b5507b6,Standard @ The Old Residency,2026-09-24,1,8643.43,8643.43,INR,confirmed,,2026-08-18T10:00:00+05:30
bit_59176179,bkg_2fbfd6b7,flight_fare,far_295828a9,inv_41f9e1de,Flight seat,2026-10-31,2,2156.21,4312.42,MYR,cancelled,,2026-08-18T10:00:00+05:30
bit_50e7a42d,bkg_50693c46,room_type,rmt_ddb7c473,inv_8a24e230,Deluxe @ Amber Orchard Suites,2026-11-13,1,4049.29,4049.29,INR,confirmed,,2026-08-18T10:00:00+05:30
bit_84d9854f,bkg_50693c46,room_type,rmt_0fc40170,inv_2bf2156c,Deluxe @ Hillview Nest Inn,2026-11-27,2,14268.94,28537.88,INR,confirmed,,2026-08-18T10:00:00+05:30
bit_069bd505,bkg_fe334b7e,room_type,rmt_693809d0,inv_e70224b2,Premier Suite @ Lake Bungalow by the Lake,2026-10-08,2,2478.49,4956.98,INR,confirmed,,2026-08-18T10:00:00+05:30
bit_b7f3d4ec,bkg_988546cf,room_type,rmt_0fc40170,inv_b33ff6dd,Deluxe @ Hillview Nest Inn,2026-11-04,2,12140.91,24281.82,INR,confirmed,,2026-08-18T10:00:00+05:30
bit_33df73d9,bkg_8d71a951,room_type,rmt_5e6f1662,inv_c28a5cbb,Family Room @ Riverside Sarovar Boutique Stay,2026-10-15,1,6868.45,6868.45,INR,cancelled,,2026-08-18T10:00:00+05:30
bit_93d82bfa,bkg_2fde4606,flight_fare,far_77f4e9d8,inv_18806bb5,Flight seat,2026-10-25,1,4602.35,4602.35,INR,confirmed,,2026-08-18T10:00:00+05:30
bit_05d662db,bkg_c9d55d68,flight_fare,far_32b95131,inv_9cead4b9,Flight seat,2026-09-06,2,5816.86,11633.72,INR,confirmed,,2026-08-18T10:00:00+05:30
bit_95bff147,bkg_c9d55d68,room_type,rmt_0f009220,inv_f978a3f8,Deluxe @ Palm Courtyard Heritage,2026-11-01,2,9422.41,18844.82,INR,confirmed,,2026-08-18T10:00:00+05:30
bit_0aed7811,bkg_d0f20c1b,room_type,rmt_ad2452fd,inv_71bfc087,Deluxe Garden View @ Hotel Regency Boutique Stay,2026-09-04,2,22973.59,45947.18,INR,pending,,2026-08-18T10:00:00+05:30
bit_6ac5a0ad,bkg_d0f20c1b,room_type,rmt_ddb7c473,inv_a1fd7257,Deluxe @ Amber Orchard Suites,2026-09-08,2,3586.87,7173.74,INR,pending,,2026-08-18T10:00:00+05:30
bit_868d0030,bkg_d0f20c1b,flight_fare,far_4f69c592,inv_d71271e2,Flight seat,2026-09-21,1,5367.04,5367.04,INR,pending,,2026-08-18T10:00:00+05:30
bit_554f48a7,bkg_03ab9ab3,flight_fare,far_25221755,inv_b10b4bb9,Flight seat,2026-11-06,2,4016.70,8033.40,INR,confirmed,,2026-08-18T10:00:00+05:30
bit_290698ff,bkg_1cf7c790,room_type,rmt_db498e20,inv_9677142a,Standard @ Royal Orchard Resort,2026-10-26,1,4361.45,4361.45,JPY,confirmed,,2026-08-18T10:00:00+05:30
bit_2225e843,bkg_85cd5698,room_type,rmt_69fb5df6,inv_83bb74df,Family Room @ Lake Bungalow by the Lake,2026-09-29,2,2637.23,5274.46,INR,cancelled,,2026-08-18T10:00:00+05:30
bit_6608e837,bkg_23e7aa2d,room_type,rmt_db498e20,inv_35cded76,Standard @ Royal Orchard Resort,2026-11-05,2,4240.50,8481.00,JPY,confirmed,,2026-08-18T10:00:00+05:30
bit_58df7bb3,bkg_9a33f71a,flight_fare,far_1d255788,inv_17444852,Flight seat,2026-11-05,1,701.35,701.35,SGD,cancelled,,2026-08-18T10:00:00+05:30
bit_6bc573ca,bkg_36b725ef,room_type,rmt_94546c51,inv_619d1b09,Premier Suite @ Royal Sarovar Boutique Stay,2026-10-01,2,5096.74,10193.48,INR,confirmed,,2026-08-18T10:00:00+05:30
bit_9c696425,bkg_25b6cc69,room_type,rmt_2e6b37c4,inv_a256d9f9,Deluxe @ Palm Ghat House by the Lake,2026-11-02,2,2659.08,5318.16,INR,confirmed,,2026-08-18T10:00:00+05:30
bit_0b929701,bkg_4bc2d98f,room_type,rmt_80d53c61,inv_0422fb57,Premier Suite @ Royal Terraces Suites,2026-11-18,1,18744.51,18744.51,INR,cancelled,,2026-08-18T10:00:00+05:30
bit_14373315,bkg_4bc2d98f,room_type,rmt_0f009220,inv_dfc499b3,Deluxe @ Palm Courtyard Heritage,2026-09-11,2,9323.96,18647.92,INR,cancelled,,2026-08-18T10:00:00+05:30
bit_62960f43,bkg_7d4eb2a1,room_type,rmt_6459e588,inv_fa848b43,Deluxe @ The Terraces Resort,2026-09-18,1,16317.52,16317.52,INR,confirmed,,2026-08-18T10:00:00+05:30
bit_ecbc7d3d,bkg_7d4eb2a1,room_type,rmt_ddb7c473,inv_b28a73ba,Deluxe @ Amber Orchard Suites,2026-10-07,1,3271.16,3271.16,INR,confirmed,,2026-08-18T10:00:00+05:30
bit_ecd40d6c,bkg_c374ba98,flight_fare,far_e9c0017f,inv_ce2cdd16,Flight seat,2026-11-24,2,394.03,788.06,SGD,confirmed,,2026-08-18T10:00:00+05:30
bit_a4fdddea,bkg_5f3d09c8,flight_fare,far_6b6e8fc2,inv_6c8c9cad,Flight seat,2026-10-04,1,7915.22,7915.22,THB,confirmed,,2026-08-18T10:00:00+05:30
bit_da86455f,bkg_09048099,flight_fare,far_a6b3d735,inv_0960ed1d,Flight seat,2026-11-19,1,101.23,101.23,SGD,confirmed,,2026-08-18T10:00:00+05:30
bit_6c4fcb85,bkg_43d20e75,flight_fare,far_348df3d8,inv_146167f2,Flight seat,2026-11-12,1,8825.11,8825.11,INR,pending,,2026-08-18T10:00:00+05:30
bit_294deefc,bkg_43d20e75,room_type,rmt_039a87b5,inv_4396d4a7,Deluxe @ Riverside Sanctuary Inn,2026-10-11,2,6752.58,13505.16,INR,pending,,2026-08-18T10:00:00+05:30
bit_c6eaff12,bkg_8f59e4ba,flight_fare,far_da6a4813,inv_adc2647f,Flight seat,2026-11-06,2,53463.59,106927.18,INR,confirmed,,2026-08-18T10:00:00+05:30
bit_13024c79,bkg_119cdfd9,room_type,rmt_4f14363b,inv_fe0d11ae,Twin Economy @ Amber Palms,2026-11-08,2,2062.73,4125.46,INR,cancelled,,2026-08-18T10:00:00+05:30
bit_4df66c80,bkg_119cdfd9,room_type,rmt_261249fc,inv_e12b2303,Heritage Room @ Indigo Sarovar Heritage,2026-10-23,1,10687.37,10687.37,INR,cancelled,,2026-08-18T10:00:00+05:30
bit_cace5d2a,bkg_388f68fd,room_type,rmt_2e6b37c4,inv_2306c350,Deluxe @ Palm Ghat House by the Lake,2026-09-04,2,3646.27,7292.54,INR,confirmed,,2026-08-18T10:00:00+05:30
bit_cc727b15,bkg_d7ad9d06,room_type,rmt_e1b794e9,inv_2ffcc238,Deluxe @ Royal Residency Inn,2026-09-06,1,18340.02,18340.02,INR,confirmed,,2026-08-18T10:00:00+05:30
bit_b2d0bddc,bkg_09028190,room_type,rmt_69fb5df6,inv_e35692f5,Family Room @ Lake Bungalow by the Lake,2026-11-25,2,2590.69,5181.38,INR,confirmed,,2026-08-18T10:00:00+05:30
bit_4666cd97,bkg_a1e01833,room_type,rmt_58eeb2ee,inv_26db189f,Standard @ Villa Mahal Suites,2026-10-31,2,4291.49,8582.98,INR,confirmed,,2026-08-18T10:00:00+05:30
bit_2bc0f3c1,bkg_a1e01833,room_type,rmt_2db0c6c3,inv_186b531d,Heritage Room @ Hillview Bagh Suites,2026-10-23,2,10539.51,21079.02,INR,confirmed,,2026-08-18T10:00:00+05:30
bit_2480070f,bkg_d667f00d,flight_fare,far_a6fcb56b,inv_fdfa69c6,Flight seat,2026-10-17,2,4648.20,9296.40,INR,confirmed,,2026-08-18T10:00:00+05:30
bit_d09864b1,bkg_43069391,room_type,rmt_4cf7dfce,inv_15267e8a,Twin Economy @ Palm Sanctuary Boutique Stay,2026-09-19,2,13686.75,27373.50,INR,confirmed,,2026-08-18T10:00:00+05:30
bit_5eb66394,bkg_8bb6e65a,flight_fare,far_ff4cd2b3,inv_e197187d,Flight seat,2026-11-02,2,21280.44,42560.88,INR,confirmed,,2026-08-18T10:00:00+05:30
bit_ca90504f,bkg_10a47c55,room_type,rmt_7b889ec3,inv_0e60b6d1,Family Room @ Heritage Verandah Resort,2026-10-05,2,6411.57,12823.14,INR,confirmed,,2026-08-18T10:00:00+05:30
bit_1a01ffcc,bkg_e30759ec,flight_fare,far_64eb6001,inv_1040662f,Flight seat,2026-09-21,2,17759.11,35518.22,INR,confirmed,,2026-08-18T10:00:00+05:30
bit_a274f8c3,bkg_e30759ec,room_type,rmt_2ef10b2a,inv_e0b85f35,Standard @ The Old Orchard & Spa,2026-10-17,2,19520.93,39041.86,INR,confirmed,,2026-08-18T10:00:00+05:30
bit_1e4160fd,bkg_bb302231,room_type,rmt_3e31fe20,inv_53d928e7,Heritage Room @ Indigo Orchard & Spa,2026-11-13,1,20161.99,20161.99,AED,compensated,2026-04-25T14:34:00+05:30,2026-08-18T10:00:00+05:30
bit_7d0f66ae,bkg_bb302231,room_type,rmt_5df6ca92,inv_9f477589,Heritage Room @ Garden Ghat House & Spa,2026-11-17,2,9142.63,18285.26,AED,compensated,2026-04-25T14:34:00+05:30,2026-08-18T10:00:00+05:30
bit_9a403ae1,bkg_6576cf7c,flight_fare,far_c6d83505,inv_49bc099d,Flight seat,2026-11-25,2,67489.80,134979.60,INR,confirmed,,2026-08-18T10:00:00+05:30
bit_3c1cc24a,bkg_9b09522b,flight_fare,far_201bf1b5,inv_6b0a1792,Flight seat,2026-11-17,2,33034.18,66068.36,INR,confirmed,,2026-08-18T10:00:00+05:30
bit_c7a0663d,bkg_9b09522b,room_type,rmt_12d96357,inv_9c49d5b3,Standard @ Garden Sarovar Homestay,2026-10-01,2,7595.94,15191.88,INR,confirmed,,2026-08-18T10:00:00+05:30
bit_6dfc6e8c,bkg_ed5add98,room_type,rmt_7a6d1768,inv_1daa1f44,Deluxe Garden View @ Villa Mahal Suites,2026-09-11,1,2952.73,2952.73,INR,confirmed,,2026-08-18T10:00:00+05:30
bit_e250d090,bkg_ed5add98,room_type,rmt_91b575ba,inv_f9b5a8e4,Executive @ Royal Sanctuary Suites  ,2026-10-29,2,5875.64,11751.28,INR,confirmed,,2026-08-18T10:00:00+05:30
bit_3af1dc6e,bkg_8c26ab8f,room_type,rmt_91b575ba,inv_36087082,Executive @ Royal Sanctuary Suites  ,2026-09-13,1,7535.87,7535.87,INR,cancelled,,2026-08-18T10:00:00+05:30
bit_73b33223,bkg_d1978fdb,room_type,rmt_33c6c9be,inv_174cb5a4,Deluxe @ Hillview Regency by the Lake,2026-10-30,1,15245.45,15245.45,MVR,confirmed,,2026-08-18T10:00:00+05:30
bit_5a6f7264,bkg_66a1d895,flight_fare,far_beaca4e6,inv_cbb20fd0,Flight seat,2026-11-21,1,13345.84,13345.84,INR,confirmed,,2026-08-18T10:00:00+05:30
bit_5782edd2,bkg_b60343a3,flight_fare,far_922397d6,inv_6e41090a,Flight seat,2026-11-09,1,11130.00,11130.00,INR,confirmed,,2026-08-18T10:00:00+05:30
bit_a1e485da,bkg_b60343a3,room_type,rmt_031c6f90,inv_95c02305,Family Room @ Royal Terraces Suites,2026-09-23,2,21801.81,43603.62,INR,confirmed,,2026-08-18T10:00:00+05:30
bit_a0568df8,bkg_2264273b,room_type,rmt_c9808e2a,inv_557a7d38,Family Room @ The Old Verandah Suites,2026-11-20,2,1925.62,3851.24,INR,cancelled,,2026-08-18T10:00:00+05:30
bit_de1782f1,bkg_2264273b,flight_fare,far_0468888b,inv_8c3b2152,Flight seat,2026-09-15,1,61872.99,61872.99,INR,cancelled,,2026-08-18T10:00:00+05:30
bit_4311d17e,bkg_2264273b,room_type,rmt_9a44634e,inv_8637c4b2,Premier Suite @ Indigo Verandah Homestay,2026-10-17,1,6179.25,6179.25,INR,cancelled,,2026-08-18T10:00:00+05:30
bit_7cf7def8,bkg_44a1c6b3,flight_fare,far_ad38362c,inv_a07b7fe3,Flight seat,2026-10-03,1,3795.76,3795.76,AED,confirmed,,2026-08-18T10:00:00+05:30
bit_e00bc1d8,bkg_9c1a072f,room_type,rmt_3cb6cd30,inv_66b1e9b2,Heritage Room @ The Old Mahal Inn,2026-09-21,1,8287.22,8287.22,INR,confirmed,,2026-08-18T10:00:00+05:30
bit_3caa9215,bkg_ab6f521c,flight_fare,far_8b80564a,inv_a949ca6b,Flight seat,2026-09-23,1,1451.76,1451.76,AED,confirmed,,2026-08-18T10:00:00+05:30
bit_594c4dac,bkg_2b775655,room_type,rmt_c0463b3f,inv_5e28d857,Deluxe Garden View @ Hillview Bagh Resort,2026-09-23,1,2804.00,2804.00,INR,confirmed,,2026-08-18T10:00:00+05:30
bit_a6566082,bkg_88bbe3fe,flight_fare,far_53a1e1e6,inv_3ce4c6bf,Flight seat,2026-10-21,1,5071.81,5071.81,INR,cancelled,,2026-08-18T10:00:00+05:30
bit_586a757a,bkg_b8fac971,room_type,rmt_28b409a4,inv_e7913b58,Twin Economy @ Hotel Verandah & Spa,2026-09-19,1,7560.13,7560.13,THB,confirmed,,2026-08-18T10:00:00+05:30
bit_59c32e6d,bkg_24c905cb,room_type,rmt_f09dd267,inv_0acbd2ee,Executive @ Hillview Sarovar Inn,2026-11-24,1,4792.84,4792.84,INR,pending,,2026-08-18T10:00:00+05:30
bit_8e5f964e,bkg_3c05779a,room_type,rmt_7f9f494c,inv_d0cfcc94,Twin Economy @ Hotel Kothi by the Lake,2026-10-08,1,7238.30,7238.30,INR,confirmed,,2026-08-18T10:00:00+05:30
bit_10b10fa5,bkg_589f9811,room_type,rmt_227a4718,inv_c3564761,Premier Suite @ Casa Retreat by the Lake,2026-11-16,2,1658.97,3317.94,AED,confirmed,,2026-08-18T10:00:00+05:30
bit_63eaaa96,bkg_af2bc523,room_type,rmt_f09dd267,inv_d054867d,Executive @ Hillview Sarovar Inn,2026-10-04,2,6077.15,12154.30,INR,confirmed,,2026-08-18T10:00:00+05:30
bit_cf8eed99,bkg_43e1893b,room_type,rmt_80d53c61,inv_02fbbe05,Premier Suite @ Royal Terraces Suites,2026-11-11,1,17328.32,17328.32,INR,confirmed,,2026-08-18T10:00:00+05:30
bit_56e9e74b,bkg_43e1893b,room_type,rmt_fdc08ffa,inv_c988230d,Premier Suite @ Royal Terraces & Spa,2026-10-10,2,8179.33,16358.66,INR,confirmed,,2026-08-18T10:00:00+05:30
bit_13a475ba,bkg_35a9bf68,room_type,rmt_dac67beb,inv_ca7ad960,Family Room @ Garden Vihar Suites,2026-11-21,2,3391.71,6783.42,INR,confirmed,,2026-08-18T10:00:00+05:30
bit_b774bf1a,bkg_35a9bf68,room_type,rmt_ba5d7ad1,inv_07cb9dd0,Executive @ The Residency Homestay,2026-10-29,2,34175.32,68350.64,INR,confirmed,,2026-08-18T10:00:00+05:30
bit_350348b2,bkg_b395b4d4,room_type,rmt_dac67beb,inv_ef48adc6,Family Room @ Garden Vihar Suites,2026-10-07,2,2952.94,5905.88,INR,compensated,2026-04-28T00:49:00+05:30,2026-08-18T10:00:00+05:30
bit_6586920d,bkg_2f6edbaf,room_type,rmt_dd931f5b,inv_ec2825ba,Executive @ Royal Manor & Spa,2026-10-05,2,7473.07,14946.14,INR,confirmed,,2026-08-18T10:00:00+05:30
bit_424bd7d8,bkg_26e8a50d,room_type,rmt_67c20089,inv_a9af1083,Standard @ Hotel Verandah Heritage,2026-09-04,1,8513.19,8513.19,INR,confirmed,,2026-08-18T10:00:00+05:30
bit_ac71f6c1,bkg_26e8a50d,room_type,rmt_2db0c6c3,inv_0d11e1c6,Heritage Room @ Hillview Bagh Suites,2026-10-27,2,8361.87,16723.74,INR,confirmed,,2026-08-18T10:00:00+05:30
bit_99c2fdae,bkg_b64a1dbc,room_type,rmt_315d2584,inv_657695ef,Executive @ Heritage Mahal & Spa,2026-11-24,2,3627.06,7254.12,INR,confirmed,,2026-08-18T10:00:00+05:30
bit_3065b13a,bkg_4a5f5fb9,room_type,rmt_e1c91b66,inv_eee71303,Deluxe @ Indigo Meadows by the Lake,2026-11-08,2,6414.91,12829.82,INR,confirmed,,2026-08-18T10:00:00+05:30
bit_92010e69,bkg_688f0871,room_type,rmt_b2228b31,inv_e24550f2,Standard @ Villa Meadows Homestay,2026-10-25,1,4786.54,4786.54,INR,confirmed,,2026-08-18T10:00:00+05:30
bit_38bb4d80,bkg_67cdd7d0,room_type,rmt_605d2d42,inv_e8d921cb,Family Room @ Lake Palms Inn,2026-10-13,1,3753.98,3753.98,INR,confirmed,,2026-08-18T10:00:00+05:30
bit_f38fad60,bkg_cf73b466,room_type,rmt_c015a465,inv_736b418b,Executive @ Hotel Regency Boutique Stay,2026-11-21,1,10997.07,10997.07,INR,confirmed,,2026-08-18T10:00:00+05:30
bit_87cf193f,bkg_cf73b466,flight_fare,far_4b6ece77,inv_4164fac1,Flight seat,2026-09-26,2,4727.85,9455.70,INR,confirmed,,2026-08-18T10:00:00+05:30
bit_515d93e6,bkg_8b9970dd,room_type,rmt_12d96357,inv_37867129,Standard @ Garden Sarovar Homestay,2026-10-31,2,9190.97,18381.94,INR,pending,,2026-08-18T10:00:00+05:30
bit_55a3cac2,bkg_7ccb3d58,room_type,rmt_2e70cc92,inv_fcea131a,Family Room @ Amber Bungalow Inn,2026-09-24,2,2404.47,4808.94,INR,confirmed,,2026-08-18T10:00:00+05:30
bit_795abbf5,bkg_d965a009,room_type,rmt_2919bbfe,inv_9c3b886b,Heritage Room @ Palm Sarovar,2026-10-26,1,8261.57,8261.57,INR,confirmed,,2026-08-18T10:00:00+05:30
bit_2561b65a,bkg_d965a009,flight_fare,far_3eb8aadc,inv_9480ef22,Flight seat,2026-10-17,1,15484.50,15484.50,INR,confirmed,,2026-08-18T10:00:00+05:30
bit_4ba5bac6,bkg_6c2fc05f,room_type,rmt_69fb5df6,inv_958f8e23,Family Room @ Lake Bungalow by the Lake,2026-10-18,2,3284.22,6568.44,INR,cancelled,,2026-08-18T10:00:00+05:30
bit_ce3cb12d,bkg_bdc3fa99,room_type,rmt_38d11d09,inv_b364cd26,Deluxe @ Hillview Bagh Suites,2026-11-14,1,6985.34,6985.34,INR,confirmed,,2026-08-18T10:00:00+05:30
bit_a1a76f9d,bkg_e278419a,room_type,rmt_3a595898,inv_32fe1192,Executive @ Indigo Verandah Homestay,2026-11-11,2,1826.74,3653.48,INR,confirmed,,2026-08-18T10:00:00+05:30
bit_eea356ab,bkg_e0e04261,room_type,rmt_3a595898,inv_ec28b217,Executive @ Indigo Verandah Homestay,2026-11-06,2,2284.10,4568.20,INR,compensated,2026-05-01T18:49:00+05:30,2026-08-18T10:00:00+05:30
bit_f1e4c8b6,bkg_b45c1a5d,room_type,rmt_c412fbac,inv_2908d110,Standard @ Riverside Retreat Homestay,2026-11-26,2,1609.91,3219.82,INR,confirmed,,2026-08-18T10:00:00+05:30
bit_140085e4,bkg_a7def537,room_type,rmt_5df6ca92,inv_49d1a6d6,Heritage Room @ Garden Ghat House & Spa,2026-11-26,1,7987.66,7987.66,AED,cancelled,,2026-08-18T10:00:00+05:30
bit_5c90d659,bkg_72699445,room_type,rmt_d34a3325,inv_8e4f32b8,Premier Suite @ Hillview Nest Boutique Stay,2026-10-30,2,18954.79,37909.58,INR,cancelled,,2026-08-18T10:00:00+05:30
bit_1fa4fec8,bkg_88a3c0d9,flight_fare,far_1b8116ff,inv_65dc36ed,Flight seat,2026-09-03,1,57619.27,57619.27,INR,confirmed,,2026-08-18T10:00:00+05:30
bit_10a93477,bkg_88a3c0d9,room_type,rmt_91b575ba,inv_0d0704d9,Executive @ Royal Sanctuary Suites  ,2026-09-08,2,6394.29,12788.58,INR,confirmed,,2026-08-18T10:00:00+05:30
bit_22e33487,bkg_f7b43741,room_type,rmt_eea5cfbe,inv_17c32de7,Family Room @ The Old Residency Suites,2026-09-28,2,15155.96,30311.92,INR,confirmed,,2026-08-18T10:00:00+05:30
bit_5591d451,bkg_f7b43741,room_type,rmt_ad2452fd,inv_9fcd6275,Deluxe Garden View @ Hotel Regency Boutique Stay,2026-11-22,2,23473.83,46947.66,INR,confirmed,,2026-08-18T10:00:00+05:30
bit_4a0981be,bkg_f7b43741,room_type,rmt_4a3554c4,inv_4c894ed8,Twin Economy @ Indigo Meadows by the Lake,2026-11-09,1,7029.61,7029.61,INR,confirmed,,2026-08-18T10:00:00+05:30
bit_035da30c,bkg_5a7504c2,room_type,rmt_3a584d76,inv_7ad43aae,Heritage Room @ Indigo Meadows Boutique Stay,2026-09-30,2,3173.65,6347.30,INR,compensated,2026-07-27T07:49:00+05:30,2026-08-18T10:00:00+05:30
bit_11f5a266,bkg_96ff9a54,room_type,rmt_4be4b5c2,inv_27eef6b6,Executive @ Hillview Niwas by the Lake,2026-10-09,2,5064.21,10128.42,INR,confirmed,,2026-08-18T10:00:00+05:30
bit_31208a26,bkg_cb6a7980,room_type,rmt_c867633e,inv_b5c8d525,Standard @ Hillview Sarovar by the Lake,2026-10-05,1,14269.29,14269.29,INR,confirmed,,2026-08-18T10:00:00+05:30
bit_4db7e58b,bkg_cb6a7980,room_type,rmt_4be4b5c2,inv_cca7c5ef,Executive @ Hillview Niwas by the Lake,2026-10-11,2,5182.93,10365.86,INR,confirmed,,2026-08-18T10:00:00+05:30
bit_0f29bd6a,bkg_9613b8f9,room_type,rmt_12d96357,inv_056a0a6c,Standard @ Garden Sarovar Homestay,2026-11-08,2,8510.77,17021.54,INR,confirmed,,2026-08-18T10:00:00+05:30
bit_94ce7b32,bkg_6a01ca8f,room_type,rmt_f09dd267,inv_9256824c,Executive @ Hillview Sarovar Inn,2026-10-18,1,6317.01,6317.01,INR,confirmed,,2026-08-18T10:00:00+05:30
bit_52761153,bkg_47c9b1a0,flight_fare,far_f63118e0,inv_2210c697,Flight seat,2026-09-18,2,1999.97,3999.94,AED,confirmed,,2026-08-18T10:00:00+05:30
bit_53ff2958,bkg_eb38b4f3,room_type,rmt_5b68a891,inv_759ff30a,Family Room @ Royal Orchard Heritage,2026-10-10,2,44489.66,88979.32,INR,confirmed,,2026-08-18T10:00:00+05:30
bit_5a555934,bkg_b0699950,room_type,rmt_8a3c3697,inv_54b1a733,Twin Economy @ Indigo Orchard Inn,2026-11-22,2,6171.46,12342.92,INR,pending,,2026-08-18T10:00:00+05:30
bit_9d6fca21,bkg_b0699950,room_type,rmt_4b888cdb,inv_498e4717,Executive @ Indigo Verandah Homestay,2026-09-03,1,6421.64,6421.64,INR,pending,,2026-08-18T10:00:00+05:30
bit_a884da68,bkg_1b6a5fae,flight_fare,far_90761c89,inv_3b19d609,Flight seat,2026-11-29,2,11481.30,22962.60,INR,confirmed,,2026-08-18T10:00:00+05:30
bit_97d2323d,bkg_1b6a5fae,room_type,rmt_b2228b31,inv_10654fb9,Standard @ Villa Meadows Homestay,2026-11-03,2,3736.10,7472.20,INR,confirmed,,2026-08-18T10:00:00+05:30
bit_2a787fb8,bkg_df924851,room_type,rmt_8a3c3697,inv_cda727d1,Twin Economy @ Indigo Orchard Inn,2026-11-02,2,4804.46,9608.92,INR,confirmed,,2026-08-18T10:00:00+05:30
bit_690d1ef7,bkg_c3651c90,flight_fare,far_2d40e5f7,inv_45829a80,Flight seat,2026-09-02,1,10726382.29,10726382.29,IDR,confirmed,,2026-08-18T10:00:00+05:30
bit_546ad33b,bkg_c8f62fda,room_type,rmt_97174185,inv_606ec25b,Deluxe Garden View @ Amber Retreat Homestay,2026-10-01,1,9331.02,9331.02,INR,confirmed,,2026-08-18T10:00:00+05:30
bit_e07eccf0,bkg_c8f62fda,room_type,rmt_e99927f7,inv_d56dacf9,Standard @ Hillview Niwas by the Lake,2026-10-11,2,3641.52,7283.04,INR,confirmed,,2026-08-18T10:00:00+05:30
bit_ada4d97d,bkg_70bfc400,room_type,rmt_2ef10b2a,inv_f6f91363,Standard @ The Old Orchard & Spa,2026-09-20,2,21421.71,42843.42,INR,confirmed,,2026-08-18T10:00:00+05:30
bit_29b993ab,bkg_0542d7b4,flight_fare,far_7b414556,inv_f0e84410,Flight seat,2026-11-12,2,19748.70,39497.40,INR,cancelled,,2026-08-18T10:00:00+05:30
bit_d36570fc,bkg_0542d7b4,room_type,rmt_4b888cdb,inv_68db9ee5,Executive @ Indigo Verandah Homestay,2026-09-24,2,6236.12,12472.24,INR,cancelled,,2026-08-18T10:00:00+05:30
bit_a5d8303f,bkg_0542d7b4,room_type,rmt_8a3c3697,inv_16fbc55c,Twin Economy @ Indigo Orchard Inn,2026-09-29,2,4473.32,8946.64,INR,cancelled,,2026-08-18T10:00:00+05:30
bit_663d7977,bkg_fe892638,room_type,rmt_ddb7c473,inv_eefce53a,Deluxe @ Amber Orchard Suites,2026-09-09,1,3219.96,3219.96,INR,pending,,2026-08-18T10:00:00+05:30
bit_060c0009,bkg_af6d36ba,room_type,rmt_9eb28021,inv_b33efdd6,Executive @ Indigo Manor Suites,2026-10-07,2,1807.54,3615.08,INR,cancelled,,2026-08-18T10:00:00+05:30
bit_d9c0688c,bkg_b5dc22ff,room_type,rmt_c0463b3f,inv_bf6f80b5,Deluxe Garden View @ Hillview Bagh Resort,2026-10-02,1,3768.52,3768.52,INR,compensated,2026-06-29T23:49:00+05:30,2026-08-18T10:00:00+05:30
bit_e4705fcc,bkg_e4907fc9,room_type,rmt_031c6f90,inv_af82624c,Family Room @ Royal Terraces Suites,2026-09-16,2,23018.87,46037.74,INR,confirmed,,2026-08-18T10:00:00+05:30
bit_f7de204c,bkg_98cb0a32,flight_fare,far_a57c8f74,inv_6ff13ce3,Flight seat,2026-10-05,2,5012.09,10024.18,INR,confirmed,,2026-08-18T10:00:00+05:30
bit_d7f64a05,bkg_6cd698cc,room_type,rmt_2a8aa24f,inv_8e0a0488,Twin Economy @ Casa Meadows Inn,2026-09-19,1,6947.06,6947.06,NPR,cancelled,,2026-08-18T10:00:00+05:30
bit_b052c4e9,bkg_7ef2bab3,flight_fare,far_2dc29033,inv_a35a6e29,Flight seat,2026-10-22,1,48039.95,48039.95,INR,confirmed,,2026-08-18T10:00:00+05:30
bit_9846c13a,bkg_75077d08,flight_fare,far_3290369d,inv_72f2e619,Flight seat,2026-11-29,1,6544.30,6544.30,INR,cancelled,,2026-08-18T10:00:00+05:30
bit_6fb319ec,bkg_75077d08,flight_fare,far_9d7b570b,inv_2a90e08a,Flight seat,2026-11-11,1,10258.85,10258.85,INR,cancelled,,2026-08-18T10:00:00+05:30
bit_ff6a80f4,bkg_741ced0d,room_type,rmt_55863f33,inv_b1c70ffe,Executive @ Lake Bungalow by the Lake,2026-11-06,1,1911.92,1911.92,INR,confirmed,,2026-08-18T10:00:00+05:30
bit_b279fcdc,bkg_741ced0d,room_type,rmt_ad2452fd,inv_12247d39,Deluxe Garden View @ Hotel Regency Boutique Stay,2026-09-10,2,16135.28,32270.56,INR,confirmed,,2026-08-18T10:00:00+05:30
bit_851a4b89,bkg_741ced0d,room_type,rmt_24f68d46,inv_4101c352,Executive @ Indigo Meadows Boutique Stay,2026-09-02,2,6042.18,12084.36,INR,confirmed,,2026-08-18T10:00:00+05:30
bit_15180198,bkg_4f906acd,room_type,rmt_060c5796,inv_7226db9d,Deluxe @ Grand Kothi & Spa,2026-09-29,1,5213.61,5213.61,INR,cancelled,,2026-08-18T10:00:00+05:30
bit_8a212fb9,bkg_5ab2a363,room_type,rmt_5df6ca92,inv_e1b194b1,Heritage Room @ Garden Ghat House & Spa,2026-10-29,2,9078.15,18156.30,AED,confirmed,,2026-08-18T10:00:00+05:30
bit_c7cc3300,bkg_eae772c1,flight_fare,far_20fddacf,inv_285e743c,Flight seat,2026-11-08,1,789.88,789.88,AED,confirmed,,2026-08-18T10:00:00+05:30
bit_cd375aec,bkg_77d381f8,room_type,rmt_f42e207b,inv_e9d6dff2,Twin Economy @ Heritage Palms,2026-10-20,2,6867.69,13735.38,INR,compensated,2026-05-03T17:04:00+05:30,2026-08-18T10:00:00+05:30
bit_5da69af4,bkg_77d381f8,room_type,rmt_188dccb2,inv_db0b2757,Heritage Room @ Amber Sanctuary Homestay,2026-11-12,2,5907.64,11815.28,INR,compensated,2026-05-03T17:04:00+05:30,2026-08-18T10:00:00+05:30
bit_2d74d6fc,bkg_643e7197,room_type,rmt_3a595898,inv_0fdb4a7d,Executive @ Indigo Verandah Homestay,2026-10-12,2,1948.32,3896.64,INR,confirmed,,2026-08-18T10:00:00+05:30
bit_61dbb6d3,bkg_201f854f,flight_fare,far_39760831,inv_be44ea8f,Flight seat,2026-11-25,2,323.44,646.88,AED,confirmed,,2026-08-18T10:00:00+05:30
bit_07bdaf68,bkg_e93ffeba,flight_fare,far_6d4a7203,inv_ce74c285,Flight seat,2026-11-18,2,7005.87,14011.74,INR,confirmed,,2026-08-18T10:00:00+05:30
bit_2b26342e,bkg_dd315b97,flight_fare,far_1fec2430,inv_b3da42a9,Flight seat,2026-11-13,2,10483486.81,20966973.62,IDR,confirmed,,2026-08-18T10:00:00+05:30
bit_0d3ab869,bkg_4119578d,room_type,rmt_6499086b,inv_b03c84e1,Standard @ Hillview Regency Suites,2026-10-06,2,1634.56,3269.12,INR,confirmed,,2026-08-18T10:00:00+05:30
bit_d62a13f0,bkg_c964e487,room_type,rmt_b2228b31,inv_d8436bbe,Standard @ Villa Meadows Homestay,2026-10-21,1,3791.74,3791.74,INR,confirmed,,2026-08-18T10:00:00+05:30
bit_0542b3a5,bkg_c964e487,room_type,rmt_15de3a69,inv_af3d45da,Deluxe @ Royal Manor & Spa,2026-10-18,1,13173.78,13173.78,INR,confirmed,,2026-08-18T10:00:00+05:30
bit_a7be03b9,bkg_8c2dc9c5,room_type,rmt_7f9f494c,inv_232d5113,Twin Economy @ Hotel Kothi by the Lake,2026-10-05,1,6875.76,6875.76,INR,confirmed,,2026-08-18T10:00:00+05:30
bit_4a60654e,bkg_16d57169,room_type,rmt_c9808e2a,inv_f62327af,Family Room @ The Old Verandah Suites,2026-09-30,2,1730.63,3461.26,INR,confirmed,,2026-08-18T10:00:00+05:30
bit_75bdcb4b,bkg_42987e97,room_type,rmt_d74c67e8,inv_30f594bd,Heritage Room @ Casa Manor Inn,2026-11-28,2,13329.00,26658.00,INR,confirmed,,2026-08-18T10:00:00+05:30
bit_24ecccab,bkg_df36a416,flight_fare,far_695db4f6,inv_abc01014,Flight seat,2026-09-24,1,34038.18,34038.18,INR,confirmed,,2026-08-18T10:00:00+05:30
bit_bff70a01,bkg_df36a416,room_type,rmt_4cf7dfce,inv_8003d3aa,Twin Economy @ Palm Sanctuary Boutique Stay,2026-10-13,1,10432.38,10432.38,INR,confirmed,,2026-08-18T10:00:00+05:30
bit_1d5a8fb4,bkg_152c32c1,flight_fare,far_74bcead2,inv_364ababd,Flight seat,2026-11-04,1,122910.83,122910.83,INR,confirmed,,2026-08-18T10:00:00+05:30
bit_94cef005,bkg_152c32c1,room_type,rmt_55c522a8,inv_66a57083,Heritage Room @ Amber Retreat Homestay,2026-09-29,1,4574.15,4574.15,INR,confirmed,,2026-08-18T10:00:00+05:30
bit_92c1fca7,bkg_405e8149,room_type,rmt_b4972b6b,inv_cc540e5f,Family Room @ Hillview Palms by the Lake,2026-11-22,2,8819.26,17638.52,INR,confirmed,,2026-08-18T10:00:00+05:30
bit_59dc364f,bkg_91f3bc76,room_type,rmt_fdc08ffa,inv_0baf853a,Premier Suite @ Royal Terraces & Spa,2026-09-08,2,5485.43,10970.86,INR,compensated,2026-07-25T21:49:00+05:30,2026-08-18T10:00:00+05:30
bit_ecc18cb4,bkg_91f3bc76,room_type,rmt_9eb28021,inv_0697f1cd,Executive @ Indigo Manor Suites,2026-11-09,2,1674.46,3348.92,INR,compensated,2026-07-25T21:49:00+05:30,2026-08-18T10:00:00+05:30
bit_1dd8c6bc,bkg_3135097f,flight_fare,far_cd2ad952,inv_b040251d,Flight seat,2026-11-04,2,10400.73,20801.46,INR,confirmed,,2026-08-18T10:00:00+05:30
bit_8d9a2750,bkg_69050de4,flight_fare,far_0b743c68,inv_e0b6ab74,Flight seat,2026-10-07,1,4785.73,4785.73,INR,confirmed,,2026-08-18T10:00:00+05:30
bit_040e1c80,bkg_bb46c73b,room_type,rmt_4acc0255,inv_2c05d3af,Deluxe @ The Old Residency Resort,2026-11-27,1,17113.90,17113.90,SGD,confirmed,,2026-08-18T10:00:00+05:30
bit_0bb2d85b,bkg_efbbe57d,room_type,rmt_1664a3ef,inv_47122179,Heritage Room @ Indigo Verandah Homestay,2026-10-19,2,4027.93,8055.86,INR,cancelled,,2026-08-18T10:00:00+05:30
bit_96f682f0,bkg_9f14b668,room_type,rmt_3cb6cd30,inv_d730ed82,Heritage Room @ The Old Mahal Inn,2026-09-20,2,10512.63,21025.26,INR,confirmed,,2026-08-18T10:00:00+05:30
bit_d4b2ca94,bkg_2a5dfa27,room_type,rmt_315d2584,inv_61dc4f23,Executive @ Heritage Mahal & Spa,2026-10-27,1,4340.15,4340.15,INR,confirmed,,2026-08-18T10:00:00+05:30
bit_d27f692a,bkg_9bd8adec,room_type,rmt_0b9115b1,inv_ca18a6bd,Heritage Room @ Riverside Kothi Inn,2026-09-16,1,7240.15,7240.15,INR,confirmed,,2026-08-18T10:00:00+05:30
bit_8ea5bd41,bkg_52c3a47d,room_type,rmt_c412fbac,inv_3f469994,Standard @ Riverside Retreat Homestay,2026-10-27,1,1401.04,1401.04,INR,compensated,2026-05-20T04:49:00+05:30,2026-08-18T10:00:00+05:30
bit_06b1f780,bkg_737c47c7,room_type,rmt_0fc40170,inv_1db20c93,Deluxe @ Hillview Nest Inn,2026-09-08,1,10254.05,10254.05,INR,confirmed,,2026-08-18T10:00:00+05:30
bit_ce30e2b5,bkg_8ff8c5db,room_type,rmt_c946b4c2,inv_14d1052f,Premier Suite @ Royal Sanctuary Suites,2026-09-10,1,8272.22,8272.22,INR,confirmed,,2026-08-18T10:00:00+05:30
bit_1cb61808,bkg_8ff8c5db,room_type,rmt_dac67beb,inv_cbbcff86,Family Room @ Garden Vihar Suites,2026-10-18,1,4286.10,4286.10,INR,confirmed,,2026-08-18T10:00:00+05:30
bit_9d22e589,bkg_5f1b9bf9,room_type,rmt_dd931f5b,inv_a31f4a0c,Executive @ Royal Manor & Spa,2026-09-17,2,6716.36,13432.72,INR,confirmed,,2026-08-18T10:00:00+05:30
bit_9a4ed6fe,bkg_bf452f75,flight_fare,far_3d4a1908,inv_a777ec3b,Flight seat,2026-10-20,1,6526.98,6526.98,INR,confirmed,,2026-08-18T10:00:00+05:30
bit_3e690938,bkg_1ffee504,room_type,rmt_df2d2be7,inv_94843e25,Premier Suite @ Hillview Nest Inn,2026-09-27,2,9152.75,18305.50,INR,confirmed,,2026-08-18T10:00:00+05:30
bit_0f947565,bkg_1ffee504,room_type,rmt_91b575ba,inv_bc22b626,Executive @ Royal Sanctuary Suites  ,2026-10-28,2,5613.00,11226.00,INR,confirmed,,2026-08-18T10:00:00+05:30
bit_2eff578c,bkg_c02bb2b9,flight_fare,far_8f19ca9a,inv_f67700a8,Flight seat,2026-09-16,1,41516.48,41516.48,INR,confirmed,,2026-08-18T10:00:00+05:30
bit_310391ca,bkg_c02bb2b9,room_type,rmt_c015a465,inv_d868939d,Executive @ Hotel Regency Boutique Stay,2026-09-20,1,10475.02,10475.02,INR,confirmed,,2026-08-18T10:00:00+05:30
bit_a2ee8d92,bkg_0ea065ba,room_type,rmt_f01a2942,inv_e2b3c7ee,Family Room @ Villa Meadows Homestay,2026-11-23,1,4437.10,4437.10,INR,confirmed,,2026-08-18T10:00:00+05:30
bit_d9ca2e5e,bkg_db4fd737,flight_fare,far_40fa9429,inv_6a9f9499,Flight seat,2026-09-27,1,4655.62,4655.62,INR,confirmed,,2026-08-18T10:00:00+05:30
bit_db7f7980,bkg_6e675f1d,flight_fare,far_161890f9,inv_f6080344,Flight seat,2026-10-27,2,4155.83,8311.66,INR,confirmed,,2026-08-18T10:00:00+05:30
bit_7af21a4f,bkg_4c0c9c26,room_type,rmt_b9773ac8,inv_0b1d3438,Deluxe @ Heritage Kothi Inn,2026-09-26,2,9663.55,19327.10,INR,confirmed,,2026-08-18T10:00:00+05:30
bit_ce593f64,bkg_ddca0184,flight_fare,far_a526c64f,inv_68263250,Flight seat,2026-10-31,2,5190.28,10380.56,INR,pending,,2026-08-18T10:00:00+05:30
bit_f76b5178,bkg_684e68ec,room_type,rmt_4cf7dfce,inv_d7083967,Twin Economy @ Palm Sanctuary Boutique Stay,2026-10-09,2,12873.98,25747.96,INR,confirmed,,2026-08-18T10:00:00+05:30
bit_9792e89e,bkg_888d4205,room_type,rmt_dd931f5b,inv_04845447,Executive @ Royal Manor & Spa,2026-09-05,2,9117.61,18235.22,INR,confirmed,,2026-08-18T10:00:00+05:30
bit_3613be45,bkg_888d4205,room_type,rmt_4f14363b,inv_8a1c18a6,Twin Economy @ Amber Palms,2026-10-04,1,2199.57,2199.57,INR,confirmed,,2026-08-18T10:00:00+05:30
bit_50f465b8,bkg_1b829491,room_type,rmt_4b888cdb,inv_8ea336be,Executive @ Indigo Verandah Homestay,2026-10-12,2,5862.66,11725.32,INR,confirmed,,2026-08-18T10:00:00+05:30
bit_68f35383,bkg_998b3836,flight_fare,far_845b1a5f,inv_bc018863,Flight seat,2026-09-08,1,19688.51,19688.51,INR,confirmed,,2026-08-18T10:00:00+05:30
bit_f381604b,bkg_2f1ce24a,room_type,rmt_188dccb2,inv_bb3a0ce7,Heritage Room @ Amber Sanctuary Homestay,2026-09-28,1,5700.84,5700.84,INR,confirmed,,2026-08-18T10:00:00+05:30
bit_9f6c8832,bkg_2f1ce24a,room_type,rmt_56416285,inv_795b3007,Family Room @ Villa Haveli & Spa,2026-10-15,1,16040.00,16040.00,INR,confirmed,,2026-08-18T10:00:00+05:30
bit_7d96b758,bkg_b81cc6fb,room_type,rmt_4cf7dfce,inv_447f5a5a,Twin Economy @ Palm Sanctuary Boutique Stay,2026-09-27,1,15014.35,15014.35,INR,confirmed,,2026-08-18T10:00:00+05:30
bit_7e541e0e,bkg_f1010ed5,room_type,rmt_1664a3ef,inv_1bab9822,Heritage Room @ Indigo Verandah Homestay,2026-11-08,1,5328.39,5328.39,INR,cancelled,,2026-08-18T10:00:00+05:30
bit_539e8c03,bkg_f1010ed5,flight_fare,far_415999a1,inv_1e1e0208,Flight seat,2026-10-05,2,22289.99,44579.98,INR,cancelled,,2026-08-18T10:00:00+05:30
bit_abb3d297,bkg_fd42ab54,room_type,rmt_4f14363b,inv_b479fafe,Twin Economy @ Amber Palms,2026-09-01,1,1947.28,1947.28,INR,confirmed,,2026-08-18T10:00:00+05:30
bit_e8382133,bkg_f06e76ba,room_type,rmt_2db0c6c3,inv_8d148313,Heritage Room @ Hillview Bagh Suites,2026-11-15,2,9139.02,18278.04,INR,cancelled,,2026-08-18T10:00:00+05:30
bit_b5c047f4,bkg_24e981b5,flight_fare,far_26b0740b,inv_aa4f349e,Flight seat,2026-09-10,1,109.03,109.03,SGD,confirmed,,2026-08-18T10:00:00+05:30
bit_819f9462,bkg_dc2e0d09,room_type,rmt_c0463b3f,inv_bc5a4155,Deluxe Garden View @ Hillview Bagh Resort,2026-09-02,2,3039.15,6078.30,INR,confirmed,,2026-08-18T10:00:00+05:30
bit_aef12746,bkg_740acad7,room_type,rmt_dac67beb,inv_47245e3b,Family Room @ Garden Vihar Suites,2026-10-21,1,3414.57,3414.57,INR,compensated,2026-05-18T21:04:00+05:30,2026-08-18T10:00:00+05:30
bit_b8637a7d,bkg_948c483e,room_type,rmt_e1c91b66,inv_081bd72e,Deluxe @ Indigo Meadows by the Lake,2026-09-17,1,5392.10,5392.10,INR,confirmed,,2026-08-18T10:00:00+05:30
bit_4133d900,bkg_eeef1d66,room_type,rmt_33c6c9be,inv_624c23cf,Deluxe @ Hillview Regency by the Lake,2026-11-10,1,11657.75,11657.75,MVR,confirmed,,2026-08-18T10:00:00+05:30
bit_b84f541d,bkg_73750d12,room_type,rmt_039a87b5,inv_40626a45,Deluxe @ Riverside Sanctuary Inn,2026-09-28,2,5145.69,10291.38,INR,cancelled,,2026-08-18T10:00:00+05:30
bit_1fc052f0,bkg_73750d12,room_type,rmt_0d437b01,inv_b20c5e75,Heritage Room @ Amber Mahal Inn,2026-11-07,2,2696.66,5393.32,INR,cancelled,,2026-08-18T10:00:00+05:30
bit_ef50a585,bkg_bde76ff7,room_type,rmt_c9808e2a,inv_7a7fad52,Family Room @ The Old Verandah Suites,2026-09-06,1,2302.26,2302.26,INR,pending,,2026-08-18T10:00:00+05:30
bit_6eee2662,bkg_bde76ff7,room_type,rmt_12d96357,inv_315174e1,Standard @ Garden Sarovar Homestay,2026-10-03,2,8063.21,16126.42,INR,pending,,2026-08-18T10:00:00+05:30
bit_107d176a,bkg_a6e6f9a3,flight_fare,far_f08bc842,inv_43930681,Flight seat,2026-09-25,2,10692.23,21384.46,INR,confirmed,,2026-08-18T10:00:00+05:30
bit_765af83f,bkg_1130909f,room_type,rmt_5b68a891,inv_95f33c6a,Family Room @ Royal Orchard Heritage,2026-11-04,1,38704.15,38704.15,INR,pending,,2026-08-18T10:00:00+05:30
bit_36baf421,bkg_1130909f,flight_fare,far_d7896908,inv_204439ff,Flight seat,2026-10-24,2,2056.94,4113.88,INR,pending,,2026-08-18T10:00:00+05:30
bit_0100ea41,bkg_2b19b72a,room_type,rmt_c0463b3f,inv_e05d978d,Deluxe Garden View @ Hillview Bagh Resort,2026-11-25,1,2642.48,2642.48,INR,confirmed,,2026-08-18T10:00:00+05:30
bit_d7cd7ff9,bkg_c16b6cc4,flight_fare,far_586267d5,inv_bd3eb176,Flight seat,2026-11-22,2,16086.73,32173.46,INR,confirmed,,2026-08-18T10:00:00+05:30
bit_2aa33fd2,bkg_b2ab3a4f,room_type,rmt_315d2584,inv_c6469ab2,Executive @ Heritage Mahal & Spa,2026-10-21,1,3858.61,3858.61,INR,pending,,2026-08-18T10:00:00+05:30
bit_cb4c5561,bkg_9c16e4b3,room_type,rmt_ce7264de,inv_04130b42,Executive @ Riverside Sanctuary Inn,2026-09-20,1,3995.42,3995.42,INR,confirmed,,2026-08-18T10:00:00+05:30
bit_a33cb350,bkg_b17c1a9b,flight_fare,far_e725b2da,inv_251d3e79,Flight seat,2026-10-18,1,5122.22,5122.22,INR,compensated,2026-05-28T14:04:00+05:30,2026-08-18T10:00:00+05:30
bit_b6dc290b,bkg_e2f719e9,room_type,rmt_1d1c6517,inv_d7bc3af1,Deluxe Garden View @ Lake Kothi Resort,2026-10-13,2,2837.31,5674.62,CHF,confirmed,,2026-08-18T10:00:00+05:30
bit_a00fb53d,bkg_e2f719e9,room_type,rmt_00534217,inv_a80fd3a4,Executive @ Lake Nest Suites,2026-11-24,1,19880.21,19880.21,CHF,confirmed,,2026-08-18T10:00:00+05:30
bit_6cd08a84,bkg_3b68baf7,room_type,rmt_605d2d42,inv_61b4ee4c,Family Room @ Lake Palms Inn,2026-11-06,2,5085.26,10170.52,INR,confirmed,,2026-08-18T10:00:00+05:30
bit_51457ea5,bkg_582b4a8f,flight_fare,far_a9caa4ae,inv_c310d1f0,Flight seat,2026-10-03,1,49894.14,49894.14,INR,confirmed,,2026-08-18T10:00:00+05:30
bit_91c6126e,bkg_4ccc689c,room_type,rmt_eea5cfbe,inv_825db4c0,Family Room @ The Old Residency Suites,2026-10-09,2,17722.85,35445.70,INR,cancelled,,2026-08-18T10:00:00+05:30
bit_87193145,bkg_4ccc689c,flight_fare,far_62db2448,inv_fba02b7e,Flight seat,2026-10-19,2,75916.24,151832.48,INR,cancelled,,2026-08-18T10:00:00+05:30
bit_0a76446c,bkg_4ccc689c,room_type,rmt_d74c67e8,inv_ef0b4f11,Heritage Room @ Casa Manor Inn,2026-11-02,2,10220.72,20441.44,INR,cancelled,,2026-08-18T10:00:00+05:30
bit_09c1c014,bkg_0be3b93c,room_type,rmt_2bfbfea7,inv_3aebf64d,Executive @ The Old Terraces Resort,2026-10-31,1,7656.99,7656.99,INR,pending,,2026-08-18T10:00:00+05:30
bit_5c8b1dbd,bkg_49b37b29,room_type,rmt_9eb28021,inv_088919a8,Executive @ Indigo Manor Suites,2026-09-27,1,1843.43,1843.43,INR,confirmed,,2026-08-18T10:00:00+05:30
bit_94d2507c,bkg_49b37b29,flight_fare,far_e9119f25,inv_46af6a04,Flight seat,2026-09-24,1,23087.19,23087.19,INR,confirmed,,2026-08-18T10:00:00+05:30
bit_8b05609a,bkg_ac6f6776,room_type,rmt_55863f33,inv_d4d16f19,Executive @ Lake Bungalow by the Lake,2026-10-28,1,1815.86,1815.86,INR,confirmed,,2026-08-18T10:00:00+05:30
bit_497cb63d,bkg_3bcf2992,room_type,rmt_fcb045a1,inv_8a4a57b8,Family Room @ Hillview Niwas by the Lake,2026-10-26,1,2501.73,2501.73,INR,confirmed,,2026-08-18T10:00:00+05:30
bit_3a597899,bkg_380ff341,room_type,rmt_fc40a0df,inv_604816dd,Twin Economy @ Lake Bagh Homestay,2026-09-18,1,9432.14,9432.14,INR,confirmed,,2026-08-18T10:00:00+05:30
bit_ebff76ea,bkg_a78cacd9,room_type,rmt_039a87b5,inv_22155c73,Deluxe @ Riverside Sanctuary Inn,2026-11-10,2,5527.16,11054.32,INR,confirmed,,2026-08-18T10:00:00+05:30
bit_99a79b11,bkg_ab2db07d,room_type,rmt_ce7264de,inv_fda7477f,Executive @ Riverside Sanctuary Inn,2026-09-11,2,3566.95,7133.90,INR,confirmed,,2026-08-18T10:00:00+05:30
bit_c1aeb589,bkg_ab2db07d,room_type,rmt_0b8a155f,inv_8536a004,Heritage Room @ The Haveli Inn,2026-09-14,2,5332.06,10664.12,INR,confirmed,,2026-08-18T10:00:00+05:30
bit_cfe1f16f,bkg_ab2db07d,room_type,rmt_dac67beb,inv_fdad452a,Family Room @ Garden Vihar Suites,2026-11-02,1,2962.56,2962.56,INR,confirmed,,2026-08-18T10:00:00+05:30
bit_82c0a5ae,bkg_72511bae,flight_fare,far_5478a89f,inv_7e4826a0,Flight seat,2026-10-23,1,3448.41,3448.41,THB,confirmed,,2026-08-18T10:00:00+05:30
bit_b0f40b33,bkg_0fb11b28,room_type,rmt_fcb045a1,inv_d5f06c96,Family Room @ Hillview Niwas by the Lake,2026-09-28,1,2368.94,2368.94,INR,confirmed,,2026-08-18T10:00:00+05:30
bit_4aafdcef,bkg_16274b6e,room_type,rmt_eea5cfbe,inv_68d7e563,Family Room @ The Old Residency Suites,2026-11-15,2,19970.64,39941.28,INR,confirmed,,2026-08-18T10:00:00+05:30
bit_bda44ef8,bkg_e4712488,room_type,rmt_ce7264de,inv_2f98182b,Executive @ Riverside Sanctuary Inn,2026-09-13,1,3881.32,3881.32,INR,confirmed,,2026-08-18T10:00:00+05:30
bit_e32ad033,bkg_068840fb,room_type,rmt_e80871dd,inv_ae5f6d0b,Standard @ Lake Palms Inn,2026-11-12,1,4930.28,4930.28,INR,confirmed,,2026-08-18T10:00:00+05:30
bit_40f94bdb,bkg_068840fb,room_type,rmt_0b8a155f,inv_bb5b0e4b,Heritage Room @ The Haveli Inn,2026-11-03,1,6638.55,6638.55,INR,confirmed,,2026-08-18T10:00:00+05:30
bit_1f9c0f0b,bkg_95c30443,flight_fare,far_62c3d202,inv_7b1c6360,Flight seat,2026-10-25,1,463.40,463.40,SGD,confirmed,,2026-08-18T10:00:00+05:30
bit_8c6d5b86,bkg_1ce491e6,flight_fare,far_2934f803,inv_ebf58440,Flight seat,2026-09-10,1,73727.04,73727.04,INR,confirmed,,2026-08-18T10:00:00+05:30
bit_b96aaf3b,bkg_fbf4060a,room_type,rmt_7a6d1768,inv_cbd10a76,Deluxe Garden View @ Villa Mahal Suites,2026-09-25,2,2784.03,5568.06,INR,confirmed,,2026-08-18T10:00:00+05:30
bit_fce5fd6e,bkg_fbf4060a,flight_fare,far_f093c4b9,inv_864e6f3b,Flight seat,2026-11-09,2,19904.66,39809.32,INR,confirmed,,2026-08-18T10:00:00+05:30
bit_b91fe4e2,bkg_3bc47bbf,room_type,rmt_afa1e735,inv_95b0ab7f,Deluxe @ Garden Sanctuary by the Lake,2026-10-17,1,39695.86,39695.86,INR,confirmed,,2026-08-18T10:00:00+05:30
bit_501e5e34,bkg_f0c11f4d,room_type,rmt_0b9115b1,inv_4a7ef452,Heritage Room @ Riverside Kothi Inn,2026-09-11,1,9428.13,9428.13,INR,confirmed,,2026-08-18T10:00:00+05:30
bit_8f03ef26,bkg_f0c11f4d,room_type,rmt_031c6f90,inv_59a77d6d,Family Room @ Royal Terraces Suites,2026-10-17,1,26835.88,26835.88,INR,confirmed,,2026-08-18T10:00:00+05:30
bit_5c6c5e8c,bkg_fbe84a2f,room_type,rmt_2a8aa24f,inv_fea9178d,Twin Economy @ Casa Meadows Inn,2026-09-01,1,5404.25,5404.25,NPR,confirmed,,2026-08-18T10:00:00+05:30
bit_aa78f953,bkg_a34bc90f,flight_fare,far_7f37fc58,inv_24292c7f,Flight seat,2026-11-10,2,10993.75,21987.50,INR,confirmed,,2026-08-18T10:00:00+05:30
bit_4d7a9241,bkg_bda0da75,room_type,rmt_c412fbac,inv_24b8f6d7,Standard @ Riverside Retreat Homestay,2026-11-09,1,1659.29,1659.29,INR,pending,,2026-08-18T10:00:00+05:30
bit_65d8b23b,bkg_bda0da75,room_type,rmt_94546c51,inv_45970e15,Premier Suite @ Royal Sarovar Boutique Stay,2026-09-23,1,4251.88,4251.88,INR,pending,,2026-08-18T10:00:00+05:30
bit_b00fdf5e,bkg_304fa89a,room_type,rmt_4a3554c4,inv_2420020d,Twin Economy @ Indigo Meadows by the Lake,2026-10-27,1,7380.67,7380.67,INR,confirmed,,2026-08-18T10:00:00+05:30
bit_19c8465b,bkg_9dfe0c84,flight_fare,far_6610fe03,inv_187b4050,Flight seat,2026-11-16,2,1777.10,3554.20,INR,pending,,2026-08-18T10:00:00+05:30
bit_e044cd5b,bkg_86b4bc49,room_type,rmt_a9b58258,inv_cd0cf402,Deluxe @ Casa Manor Suites,2026-09-29,1,1825.75,1825.75,MVR,pending,,2026-08-18T10:00:00+05:30
bit_2e16b257,bkg_7fad9bb9,room_type,rmt_a1a42253,inv_0e89e663,Standard @ Garden Orchard Homestay,2026-09-06,2,8594.95,17189.90,INR,confirmed,,2026-08-18T10:00:00+05:30
bit_9698b09b,bkg_0e9bcfa5,room_type,rmt_33c6c9be,inv_e312e8a5,Deluxe @ Hillview Regency by the Lake,2026-10-01,1,12370.55,12370.55,MVR,confirmed,,2026-08-18T10:00:00+05:30
bit_b13b426b,bkg_781d3884,flight_fare,far_10b3819c,inv_bc46b7f9,Flight seat,2026-09-19,1,1393.16,1393.16,MYR,confirmed,,2026-08-18T10:00:00+05:30
bit_0a8c7f0f,bkg_26cc4923,room_type,rmt_67c20089,inv_3a07cf99,Standard @ Hotel Verandah Heritage,2026-09-25,1,7274.66,7274.66,INR,confirmed,,2026-08-18T10:00:00+05:30
bit_5b7c4a14,bkg_26cc4923,room_type,rmt_fcb045a1,inv_38d9720b,Family Room @ Hillview Niwas by the Lake,2026-10-20,2,2093.40,4186.80,INR,confirmed,,2026-08-18T10:00:00+05:30
bit_ffcf0bd4,bkg_26cc4923,room_type,rmt_e1c91b66,inv_4ba5904f,Deluxe @ Indigo Meadows by the Lake,2026-09-30,1,4883.55,4883.55,INR,confirmed,,2026-08-18T10:00:00+05:30
bit_336a23a0,bkg_5bd60c68,flight_fare,far_dc735fe0,inv_62db25dd,Flight seat,2026-10-24,1,46229.79,46229.79,INR,confirmed,,2026-08-18T10:00:00+05:30
bit_8c5eb959,bkg_dca5888f,room_type,rmt_0b8a155f,inv_242e4d90,Heritage Room @ The Haveli Inn,2026-11-18,2,6397.79,12795.58,INR,confirmed,,2026-08-18T10:00:00+05:30
bit_dac97f57,bkg_b8c52866,room_type,rmt_188dccb2,inv_f2b4bb0c,Heritage Room @ Amber Sanctuary Homestay,2026-10-08,2,5657.30,11314.60,INR,confirmed,,2026-08-18T10:00:00+05:30
bit_1545858c,bkg_4308a9da,flight_fare,far_9fa17fda,inv_3fc8aba1,Flight seat,2026-10-19,2,4298.36,8596.72,INR,confirmed,,2026-08-18T10:00:00+05:30
bit_95bc3686,bkg_45dafb65,flight_fare,far_6ddc4c85,inv_eeb80336,Flight seat,2026-10-29,2,38885.69,77771.38,INR,pending,,2026-08-18T10:00:00+05:30
bit_b2ee8ae2,bkg_22514df7,room_type,rmt_f01a2942,inv_1a304ad1,Family Room @ Villa Meadows Homestay,2026-10-31,1,5208.81,5208.81,INR,confirmed,,2026-08-18T10:00:00+05:30
bit_8d419f8f,bkg_1dbdba50,room_type,rmt_2466b8b6,inv_a7c1cabc,Twin Economy @ Grand Kothi Resort,2026-09-18,1,14094.95,14094.95,JPY,confirmed,,2026-08-18T10:00:00+05:30
bit_3b6118c1,bkg_86625bc2,room_type,rmt_b2228b31,inv_a21493e3,Standard @ Villa Meadows Homestay,2026-10-03,2,4215.60,8431.20,INR,confirmed,,2026-08-18T10:00:00+05:30
bit_907cde1a,bkg_51c5564a,room_type,rmt_2e70cc92,inv_da098268,Family Room @ Amber Bungalow Inn,2026-10-19,2,2350.74,4701.48,INR,confirmed,,2026-08-18T10:00:00+05:30
bit_dc2eacfa,bkg_833f39ce,flight_fare,far_3c2cf7d2,inv_0e7d6d56,Flight seat,2026-09-06,2,41757.89,83515.78,INR,pending,,2026-08-18T10:00:00+05:30
bit_6e10fca5,bkg_02198fae,room_type,rmt_3a584d76,inv_487919af,Heritage Room @ Indigo Meadows Boutique Stay,2026-11-13,2,3464.90,6929.80,INR,cancelled,,2026-08-18T10:00:00+05:30
bit_c188d1d0,bkg_0105b60b,room_type,rmt_dac67beb,inv_97383638,Family Room @ Garden Vihar Suites,2026-09-21,2,2946.62,5893.24,INR,confirmed,,2026-08-18T10:00:00+05:30
bit_fddcc7ba,bkg_231c8435,room_type,rmt_3e31fe20,inv_65814343,Heritage Room @ Indigo Orchard & Spa,2026-11-09,2,20108.49,40216.98,AED,confirmed,,2026-08-18T10:00:00+05:30
bit_2b37ca78,bkg_1243a5a9,room_type,rmt_3e31fe20,inv_5f18e31b,Heritage Room @ Indigo Orchard & Spa,2026-09-04,1,23619.50,23619.50,AED,cancelled,,2026-08-18T10:00:00+05:30
bit_682f13db,bkg_da3df4a3,room_type,rmt_2e70cc92,inv_424551b1,Family Room @ Amber Bungalow Inn,2026-11-03,2,2353.58,4707.16,INR,confirmed,,2026-08-18T10:00:00+05:30
bit_00cdbe18,bkg_72e331b7,room_type,rmt_3a584d76,inv_39bf295c,Heritage Room @ Indigo Meadows Boutique Stay,2026-11-20,2,3748.42,7496.84,INR,confirmed,,2026-08-18T10:00:00+05:30
bit_a13c2d8f,bkg_cbde7fb2,flight_fare,far_051f0356,inv_eebe5da6,Flight seat,2026-09-04,2,2046.88,4093.76,INR,confirmed,,2026-08-18T10:00:00+05:30
bit_7f19300e,bkg_1e5eba2d,flight_fare,far_0ff61807,inv_e4ea6e08,Flight seat,2026-09-03,1,16642.34,16642.34,INR,confirmed,,2026-08-18T10:00:00+05:30
bit_0fdfacb8,bkg_c21cff38,flight_fare,far_0d891765,inv_f1292bca,Flight seat,2026-09-15,2,5463.46,10926.92,INR,confirmed,,2026-08-18T10:00:00+05:30
bit_92376c83,bkg_88bd7358,room_type,rmt_1d1c6517,inv_1fd54e37,Deluxe Garden View @ Lake Kothi Resort,2026-09-21,2,2652.28,5304.56,CHF,confirmed,,2026-08-18T10:00:00+05:30
bit_cbe90857,bkg_787b96d7,flight_fare,far_1d318e55,inv_30619a0a,Flight seat,2026-09-14,1,32212.18,32212.18,INR,pending,,2026-08-18T10:00:00+05:30
bit_52c736c1,bkg_dda2d2ae,flight_fare,far_438b2cd6,inv_1698e129,Flight seat,2026-11-22,1,903.50,903.50,MYR,confirmed,,2026-08-18T10:00:00+05:30
bit_9a47834c,bkg_39efdd12,flight_fare,far_3522cd2a,inv_6ac13f2f,Flight seat,2026-11-29,1,3378.50,3378.50,INR,pending,,2026-08-18T10:00:00+05:30
bit_88e68c67,bkg_39efdd12,flight_fare,far_d14d19b2,inv_a5aa447e,Flight seat,2026-11-15,2,4626.86,9253.72,INR,pending,,2026-08-18T10:00:00+05:30
bit_5846a055,bkg_97ce76db,room_type,rmt_d74c67e8,inv_273ae09f,Heritage Room @ Casa Manor Inn,2026-11-12,1,12050.86,12050.86,INR,confirmed,,2026-08-18T10:00:00+05:30
bit_32403666,bkg_97ce76db,room_type,rmt_4b888cdb,inv_54555c30,Executive @ Indigo Verandah Homestay,2026-10-07,2,6249.46,12498.92,INR,confirmed,,2026-08-18T10:00:00+05:30
bit_95c370d0,bkg_c72dceb5,flight_fare,far_00d2ac1d,inv_201be496,Flight seat,2026-09-25,1,20346.04,20346.04,INR,confirmed,,2026-08-18T10:00:00+05:30
bit_fe74ad2d,bkg_c72dceb5,room_type,rmt_7b889ec3,inv_bdd1b63b,Family Room @ Heritage Verandah Resort,2026-09-03,1,6785.10,6785.10,INR,confirmed,,2026-08-18T10:00:00+05:30
bit_7ca2da32,bkg_e95019e9,room_type,rmt_24f68d46,inv_c6c28709,Executive @ Indigo Meadows Boutique Stay,2026-10-27,1,5670.73,5670.73,INR,confirmed,,2026-08-18T10:00:00+05:30
bit_c4c01ed0,bkg_e95019e9,room_type,rmt_b2228b31,inv_ef7ee785,Standard @ Villa Meadows Homestay,2026-11-15,2,4646.55,9293.10,INR,confirmed,,2026-08-18T10:00:00+05:30
bit_adc9148f,bkg_8a882872,room_type,rmt_8e081aa6,inv_1483e70f,Standard @ The Old Residency,2026-11-11,1,8762.84,8762.84,INR,confirmed,,2026-08-18T10:00:00+05:30
bit_4c10c14a,bkg_e2035350,room_type,rmt_afa1e735,inv_ec1a6785,Deluxe @ Garden Sanctuary by the Lake,2026-10-02,1,42605.04,42605.04,INR,confirmed,,2026-08-18T10:00:00+05:30
bit_ced60282,bkg_e2035350,flight_fare,far_af00fcd9,inv_3f4821a7,Flight seat,2026-10-01,2,21518.46,43036.92,INR,confirmed,,2026-08-18T10:00:00+05:30
bit_4104eba5,bkg_e2035350,room_type,rmt_605d2d42,inv_4e64c4ce,Family Room @ Lake Palms Inn,2026-09-25,2,5034.53,10069.06,INR,confirmed,,2026-08-18T10:00:00+05:30
bit_9fff9e73,bkg_7f28d323,room_type,rmt_2919bbfe,inv_9c3b886b,Heritage Room @ Palm Sarovar,2026-10-26,1,8261.57,8261.57,INR,confirmed,,2026-08-18T10:00:00+05:30
bit_ff799e6c,bkg_7f28d323,flight_fare,far_9a65a1d0,inv_093bca27,Flight seat,2026-11-12,1,8663.23,8663.23,INR,confirmed,,2026-08-18T10:00:00+05:30
bit_c476b4b2,bkg_09bb00bf,flight_fare,far_fb2651f3,inv_769e8b6d,Flight seat,2026-11-29,2,7689.49,15378.98,INR,confirmed,,2026-08-18T10:00:00+05:30
bit_f753999c,bkg_36e27596,room_type,rmt_eea5cfbe,inv_4706019d,Family Room @ The Old Residency Suites,2026-10-07,1,13976.05,13976.05,INR,confirmed,,2026-08-18T10:00:00+05:30
bit_c24dfe9a,bkg_36e27596,flight_fare,far_adc40469,inv_14629860,Flight seat,2026-11-04,2,7624.82,15249.64,INR,confirmed,,2026-08-18T10:00:00+05:30
bit_8c734bd3,bkg_025187d6,flight_fare,far_35f99c8a,inv_4eb813c7,Flight seat,2026-09-10,2,7578.43,15156.86,INR,confirmed,,2026-08-18T10:00:00+05:30
bit_9a5108db,bkg_6b967e6e,room_type,rmt_a9b58258,inv_d9b69c95,Deluxe @ Casa Manor Suites,2026-10-31,1,2683.04,2683.04,MVR,confirmed,,2026-08-18T10:00:00+05:30
bit_81d17a51,bkg_85a58821,flight_fare,far_3d730c03,inv_fe4303b6,Flight seat,2026-11-23,2,755.12,1510.24,MYR,confirmed,,2026-08-18T10:00:00+05:30
bit_dc3819f2,bkg_40717fe7,flight_fare,far_3d7caa22,inv_68a07075,Flight seat,2026-09-29,1,13727.10,13727.10,INR,cancelled,,2026-08-18T10:00:00+05:30
bit_fd12de88,bkg_40717fe7,room_type,rmt_f42e207b,inv_fe540dc4,Twin Economy @ Heritage Palms,2026-11-16,1,6293.41,6293.41,INR,cancelled,,2026-08-18T10:00:00+05:30
bit_7fdc4651,bkg_40717fe7,room_type,rmt_ddb7c473,inv_c268ff2f,Deluxe @ Amber Orchard Suites,2026-10-26,2,3263.31,6526.62,INR,cancelled,,2026-08-18T10:00:00+05:30
bit_e15bcca9,bkg_e101026e,room_type,rmt_c9808e2a,inv_ec9c3eb4,Family Room @ The Old Verandah Suites,2026-11-07,1,2012.27,2012.27,INR,confirmed,,2026-08-18T10:00:00+05:30
bit_0713017b,bkg_936527cf,room_type,rmt_2e6b37c4,inv_c08f36c8,Deluxe @ Palm Ghat House by the Lake,2026-11-18,1,2760.25,2760.25,INR,confirmed,,2026-08-18T10:00:00+05:30
bit_0d095dab,bkg_936527cf,room_type,rmt_4f14363b,inv_56c05325,Twin Economy @ Amber Palms,2026-10-10,2,2015.02,4030.04,INR,confirmed,,2026-08-18T10:00:00+05:30
bit_f4e08eb1,bkg_c85b86c0,room_type,rmt_2919bbfe,inv_3dc3e7a6,Heritage Room @ Palm Sarovar,2026-10-08,2,9111.77,18223.54,INR,compensated,2026-08-01T23:04:00+05:30,2026-08-18T10:00:00+05:30
bit_8b152485,bkg_c85b86c0,room_type,rmt_c412fbac,inv_f9d6c3fc,Standard @ Riverside Retreat Homestay,2026-11-11,1,1412.55,1412.55,INR,compensated,2026-08-01T23:04:00+05:30,2026-08-18T10:00:00+05:30
bit_a00d2673,bkg_3bc2e07f,flight_fare,far_f0711367,inv_dd56cc20,Flight seat,2026-10-10,2,13683.27,27366.54,INR,cancelled,,2026-08-18T10:00:00+05:30
bit_0b0c9ac9,bkg_466df1d6,room_type,rmt_2ef10b2a,inv_472b6e20,Standard @ The Old Orchard & Spa,2026-09-11,1,19894.18,19894.18,INR,cancelled,,2026-08-18T10:00:00+05:30
bit_49073f92,bkg_a72cb242,flight_fare,far_558a5e59,inv_11f9cbd5,Flight seat,2026-09-29,2,5310.78,10621.56,THB,cancelled,,2026-08-18T10:00:00+05:30
bit_64b8723f,bkg_edb6caa1,flight_fare,far_805f5f51,inv_02a76e50,Flight seat,2026-10-26,2,3571.89,7143.78,THB,confirmed,,2026-08-18T10:00:00+05:30
bit_8a0711b1,bkg_9835547a,room_type,rmt_2e6b37c4,inv_fa6c92e4,Deluxe @ Palm Ghat House by the Lake,2026-10-27,2,2487.71,4975.42,INR,cancelled,,2026-08-18T10:00:00+05:30
bit_91b53273,bkg_53659f1d,room_type,rmt_97174185,inv_e1e3e5a9,Deluxe Garden View @ Amber Retreat Homestay,2026-11-13,2,11329.46,22658.92,INR,confirmed,,2026-08-18T10:00:00+05:30
bit_43389c59,bkg_756f1ad4,room_type,rmt_40250c2d,inv_6a82deb5,Heritage Room @ Hotel Orchard Resort,2026-11-29,1,7785.82,7785.82,NPR,confirmed,,2026-08-18T10:00:00+05:30
bit_2025861e,bkg_756f1ad4,room_type,rmt_2a8aa24f,inv_fdd828f6,Twin Economy @ Casa Meadows Inn,2026-10-13,1,6309.75,6309.75,NPR,confirmed,,2026-08-18T10:00:00+05:30
bit_ddf79195,bkg_73680d14,room_type,rmt_efe926e5,inv_7dffcc11,Standard @ The Old Vihar Resort,2026-09-24,2,18000.07,36000.14,INR,confirmed,,2026-08-18T10:00:00+05:30
bit_912f2deb,bkg_73680d14,room_type,rmt_c946b4c2,inv_41ed93f6,Premier Suite @ Royal Sanctuary Suites,2026-09-26,1,8984.39,8984.39,INR,confirmed,,2026-08-18T10:00:00+05:30
bit_ca4cbb66,bkg_1c39e6d8,flight_fare,far_fd3816c4,inv_7d23d898,Flight seat,2026-10-14,2,17985.62,35971.24,INR,confirmed,,2026-08-18T10:00:00+05:30
bit_d85f36a8,bkg_a4abd076,room_type,rmt_0f2f5bb4,inv_f1e9536a,Twin Economy @ Villa Vihar Homestay,2026-09-09,2,14803.65,29607.30,INR,confirmed,,2026-08-18T10:00:00+05:30
bit_b69ce9a6,bkg_cc0d3ae5,room_type,rmt_605d2d42,inv_2cb85930,Family Room @ Lake Palms Inn,2026-10-11,1,4914.42,4914.42,INR,confirmed,,2026-08-18T10:00:00+05:30
bit_182cfac3,bkg_09203a5e,flight_fare,far_a2b4845f,inv_4be24a1b,Flight seat,2026-09-18,1,4974372.67,4974372.67,IDR,confirmed,,2026-08-18T10:00:00+05:30
bit_2301d117,bkg_4b683925,room_type,rmt_f01a2942,inv_69150387,Family Room @ Villa Meadows Homestay,2026-11-28,2,5389.11,10778.22,INR,confirmed,,2026-08-18T10:00:00+05:30
bit_76673066,bkg_4b683925,room_type,rmt_c015a465,inv_c63360ae,Executive @ Hotel Regency Boutique Stay,2026-09-05,2,9958.39,19916.78,INR,confirmed,,2026-08-18T10:00:00+05:30
bit_bf0a6ea5,bkg_f808b066,room_type,rmt_8e081aa6,inv_5c02498a,Standard @ The Old Residency,2026-11-15,2,11120.07,22240.14,INR,confirmed,,2026-08-18T10:00:00+05:30
bit_8f8ad37e,bkg_c47c4524,room_type,rmt_4cf7dfce,inv_9687cd05,Twin Economy @ Palm Sanctuary Boutique Stay,2026-09-06,2,15211.51,30423.02,INR,compensated,2026-06-11T08:19:00+05:30,2026-08-18T10:00:00+05:30
bit_9244e25c,bkg_c47c4524,room_type,rmt_f01a2942,inv_d62063ea,Family Room @ Villa Meadows Homestay,2026-10-05,2,4171.30,8342.60,INR,compensated,2026-06-11T08:19:00+05:30,2026-08-18T10:00:00+05:30
bit_a87baafc,bkg_f3c4dbad,room_type,rmt_2ef10b2a,inv_e0b85f35,Standard @ The Old Orchard & Spa,2026-10-17,1,19520.93,19520.93,INR,confirmed,,2026-08-18T10:00:00+05:30
bit_cf2c27a0,bkg_a19513ab,room_type,rmt_80d53c61,inv_0fdae4f4,Premier Suite @ Royal Terraces Suites,2026-10-06,2,17310.07,34620.14,INR,confirmed,,2026-08-18T10:00:00+05:30
bit_b9174810,bkg_0f79bad7,room_type,rmt_605d2d42,inv_4e64c4ce,Family Room @ Lake Palms Inn,2026-09-25,1,5034.53,5034.53,INR,confirmed,,2026-08-18T10:00:00+05:30
bit_5c24fa54,bkg_0f79bad7,room_type,rmt_afa1e735,inv_66d489fa,Deluxe @ Garden Sanctuary by the Lake,2026-09-13,2,43186.25,86372.50,INR,confirmed,,2026-08-18T10:00:00+05:30
bit_720e23fe,bkg_8733462e,room_type,rmt_80d53c61,inv_b7c579c4,Premier Suite @ Royal Terraces Suites,2026-10-07,1,17266.27,17266.27,INR,confirmed,,2026-08-18T10:00:00+05:30
bit_9c199ce1,bkg_a1645469,room_type,rmt_2b67c1df,inv_f3ae651a,Deluxe @ Royal Sanctuary Suites,2026-10-16,1,13122.33,13122.33,INR,confirmed,,2026-08-18T10:00:00+05:30
bit_7909fd86,bkg_11aeab6b,room_type,rmt_67c20089,inv_c35887d5,Standard @ Hotel Verandah Heritage,2026-09-08,1,6087.71,6087.71,INR,pending,,2026-08-18T10:00:00+05:30
bit_b6683497,bkg_11aeab6b,flight_fare,far_286f0dbe,inv_0eec0e91,Flight seat,2026-11-15,2,8371.98,16743.96,INR,pending,,2026-08-18T10:00:00+05:30
bit_f84ba2c3,bkg_11aeab6b,room_type,rmt_d74c67e8,inv_d5a4c618,Heritage Room @ Casa Manor Inn,2026-09-02,1,12624.76,12624.76,INR,pending,,2026-08-18T10:00:00+05:30
bit_b48ee307,bkg_90e79cda,flight_fare,far_8f19ca9a,inv_f67700a8,Flight seat,2026-09-16,1,41516.48,41516.48,INR,confirmed,,2026-08-18T10:00:00+05:30
bit_4aae9a43,bkg_85f92d8c,room_type,rmt_3aa4f9b8,inv_a743e911,Premier Suite @ Grand Sarovar Resort,2026-10-01,1,7100.00,7100.00,INR,confirmed,,2026-08-18T10:00:00+05:30
bit_cfb60eff,bkg_76c4c610,room_type,rmt_d5d1225e,inv_0820611a,Deluxe Garden View @ Indigo Niwas Resort,2026-11-01,2,2814.32,5628.64,INR,cancelled,,2026-08-18T10:00:00+05:30
bit_69e3552f,bkg_979cc02a,room_type,rmt_2bfbfea7,inv_98548be8,Executive @ The Old Terraces Resort,2026-10-20,1,7200.82,7200.82,INR,confirmed,,2026-08-18T10:00:00+05:30
bit_5b54facd,bkg_979cc02a,room_type,rmt_c9808e2a,inv_692c5d36,Family Room @ The Old Verandah Suites,2026-10-28,1,1623.58,1623.58,INR,confirmed,,2026-08-18T10:00:00+05:30
bit_22efed14,bkg_45023b35,flight_fare,far_4cf60651,inv_2ebc72ba,Flight seat,2026-10-13,2,18726502.44,37453004.88,IDR,confirmed,,2026-08-18T10:00:00+05:30
bit_f0acbcea,bkg_8072bd3a,room_type,rmt_d34a3325,inv_8f4985c9,Premier Suite @ Hillview Nest Boutique Stay,2026-11-19,1,15680.28,15680.28,INR,confirmed,,2026-08-18T10:00:00+05:30
bit_3b1a8339,bkg_8072bd3a,flight_fare,far_a76e9dc9,inv_6caa25cc,Flight seat,2026-11-23,1,5918.20,5918.20,INR,confirmed,,2026-08-18T10:00:00+05:30
bit_36d26023,bkg_f27a9726,room_type,rmt_97174185,inv_ad7a0187,Deluxe Garden View @ Amber Retreat Homestay,2026-11-29,2,11983.64,23967.28,INR,confirmed,,2026-08-18T10:00:00+05:30
bit_96c175db,bkg_f27a9726,flight_fare,far_4f70b91d,inv_add4e2ef,Flight seat,2026-09-14,2,2689.08,5378.16,INR,confirmed,,2026-08-18T10:00:00+05:30
bit_6c6f5e95,bkg_f27a9726,room_type,rmt_c0463b3f,inv_42c5a66d,Deluxe Garden View @ Hillview Bagh Resort,2026-11-24,1,2863.42,2863.42,INR,confirmed,,2026-08-18T10:00:00+05:30
bit_530c0b05,bkg_76c187ec,room_type,rmt_e1c91b66,inv_883e6068,Deluxe @ Indigo Meadows by the Lake,2026-10-05,1,4768.07,4768.07,INR,confirmed,,2026-08-18T10:00:00+05:30
bit_b5f170dd,bkg_76c187ec,room_type,rmt_91b575ba,inv_d39af00a,Executive @ Royal Sanctuary Suites  ,2026-11-23,2,5506.51,11013.02,INR,confirmed,,2026-08-18T10:00:00+05:30
bit_16dd1aec,bkg_76c187ec,room_type,rmt_55863f33,inv_6ff7d08b,Executive @ Lake Bungalow by the Lake,2026-09-30,1,1719.13,1719.13,INR,confirmed,,2026-08-18T10:00:00+05:30
bit_9062a0e6,bkg_f27cdceb,room_type,rmt_1664a3ef,inv_8faffcaa,Heritage Room @ Indigo Verandah Homestay,2026-10-06,1,4215.12,4215.12,INR,pending,,2026-08-18T10:00:00+05:30
bit_d4659e72,bkg_33dc08ed,room_type,rmt_ddb7c473,inv_a1fd7257,Deluxe @ Amber Orchard Suites,2026-09-08,2,3586.87,7173.74,INR,compensated,2026-06-19T14:04:00+05:30,2026-08-18T10:00:00+05:30
bit_75ea7127,bkg_33dc08ed,room_type,rmt_e1c91b66,inv_8cded99f,Deluxe @ Indigo Meadows by the Lake,2026-10-15,2,5752.54,11505.08,INR,compensated,2026-06-19T14:04:00+05:30,2026-08-18T10:00:00+05:30
bit_4361e61e,bkg_d83c90d8,flight_fare,far_57309fe9,inv_8be06b7f,Flight seat,2026-09-01,2,3274.13,6548.26,INR,confirmed,,2026-08-18T10:00:00+05:30
bit_dce64ad3,bkg_ae2e6776,flight_fare,far_292b1d70,inv_2f280278,Flight seat,2026-11-29,1,11600.98,11600.98,INR,confirmed,,2026-08-18T10:00:00+05:30
bit_d691e2c9,bkg_bd57eca5,room_type,rmt_c867633e,inv_574f1837,Standard @ Hillview Sarovar by the Lake,2026-11-07,1,21445.06,21445.06,INR,confirmed,,2026-08-18T10:00:00+05:30
bit_b5f27816,bkg_90b043ca,room_type,rmt_fdc08ffa,inv_03eeda82,Premier Suite @ Royal Terraces & Spa,2026-10-22,2,6194.23,12388.46,INR,confirmed,,2026-08-18T10:00:00+05:30
bit_0ddbf01a,bkg_90b043ca,flight_fare,far_e1a9a9ac,inv_5a2c61ca,Flight seat,2026-11-21,1,12046.62,12046.62,INR,confirmed,,2026-08-18T10:00:00+05:30
bit_2093f1d3,bkg_600c9c3d,room_type,rmt_2919bbfe,inv_2663c57f,Heritage Room @ Palm Sarovar,2026-11-08,1,9731.91,9731.91,INR,confirmed,,2026-08-18T10:00:00+05:30
bit_e6e7369d,bkg_127b7d80,flight_fare,far_3f5d30d0,inv_996dedc1,Flight seat,2026-09-16,2,3899.17,7798.34,INR,cancelled,,2026-08-18T10:00:00+05:30
bit_d0cb58e5,bkg_a73627ac,room_type,rmt_2b67c1df,inv_59421eb3,Deluxe @ Royal Sanctuary Suites,2026-10-02,2,13623.50,27247.00,INR,confirmed,,2026-08-18T10:00:00+05:30
bit_58b08ede,bkg_a73627ac,room_type,rmt_3a584d76,inv_62a2481f,Heritage Room @ Indigo Meadows Boutique Stay,2026-10-02,1,3858.12,3858.12,INR,confirmed,,2026-08-18T10:00:00+05:30
bit_15e783d9,bkg_a73627ac,room_type,rmt_e80871dd,inv_a1d8664d,Standard @ Lake Palms Inn,2026-09-08,1,5127.97,5127.97,INR,confirmed,,2026-08-18T10:00:00+05:30
bit_2c152d6d,bkg_79965098,room_type,rmt_d5d1225e,inv_0e9d99b8,Deluxe Garden View @ Indigo Niwas Resort,2026-11-18,1,1908.34,1908.34,INR,confirmed,,2026-08-18T10:00:00+05:30
bit_7f84b441,bkg_ebda481c,room_type,rmt_a499242d,inv_71ed6a4e,Executive @ Hillview Nest Inn,2026-10-24,2,9150.98,18301.96,INR,confirmed,,2026-08-18T10:00:00+05:30
bit_25e14ac3,bkg_ebda481c,flight_fare,far_18f0aef3,inv_1dc4c64a,Flight seat,2026-11-14,1,1974.51,1974.51,INR,confirmed,,2026-08-18T10:00:00+05:30
bit_cf33fff1,bkg_d1e8371f,room_type,rmt_e1b794e9,inv_37efedfd,Deluxe @ Royal Residency Inn,2026-10-12,1,13392.22,13392.22,INR,confirmed,,2026-08-18T10:00:00+05:30
bit_2f0dcc4d,bkg_d1e8371f,flight_fare,far_90761c89,inv_3b19d609,Flight seat,2026-11-29,1,11481.30,11481.30,INR,confirmed,,2026-08-18T10:00:00+05:30
bit_565fa049,bkg_d75c9593,room_type,rmt_91b575ba,inv_6eac13f3,Executive @ Royal Sanctuary Suites  ,2026-11-04,1,5659.90,5659.90,INR,confirmed,,2026-08-18T10:00:00+05:30
bit_458525de,bkg_b84debdb,room_type,rmt_80d53c61,inv_60c1f6a6,Premier Suite @ Royal Terraces Suites,2026-09-11,1,25936.81,25936.81,INR,cancelled,,2026-08-18T10:00:00+05:30
bit_395050e0,bkg_05e443f8,flight_fare,far_4e4739fa,inv_a5f6ffab,Flight seat,2026-09-14,1,15201.84,15201.84,INR,confirmed,,2026-08-18T10:00:00+05:30
bit_0b297b4b,bkg_8dffc4f1,room_type,rmt_c0463b3f,inv_a39d00bd,Deluxe Garden View @ Hillview Bagh Resort,2026-10-27,1,3293.93,3293.93,INR,cancelled,,2026-08-18T10:00:00+05:30
bit_e5223435,bkg_8dffc4f1,room_type,rmt_06f0a27d,inv_4dbb34ac,Heritage Room @ Hillview Nest Boutique Stay,2026-10-11,2,22860.00,45720.00,INR,cancelled,,2026-08-18T10:00:00+05:30
bit_be42d1ae,bkg_875fa7a5,flight_fare,far_8815c1d8,inv_fa367f4c,Flight seat,2026-11-27,1,26245.55,26245.55,INR,confirmed,,2026-08-18T10:00:00+05:30
bit_7557bc27,bkg_eb66672e,flight_fare,far_a23aab8e,inv_a713738e,Flight seat,2026-11-24,2,5675.28,11350.56,THB,confirmed,,2026-08-18T10:00:00+05:30
bit_a12c802a,bkg_245fd422,flight_fare,far_b76156fb,inv_b61ecd88,Flight seat,2026-10-03,2,2107.85,4215.70,AED,confirmed,,2026-08-18T10:00:00+05:30
bit_b9f004fa,bkg_806fa671,room_type,rmt_693809d0,inv_6f0db2ed,Premier Suite @ Lake Bungalow by the Lake,2026-11-22,1,2831.11,2831.11,INR,confirmed,,2026-08-18T10:00:00+05:30
bit_74b05170,bkg_bb99d854,room_type,rmt_e80871dd,inv_7ef8cdc1,Standard @ Lake Palms Inn,2026-10-28,2,4485.93,8971.86,INR,confirmed,,2026-08-18T10:00:00+05:30
bit_3f321964,bkg_bb99d854,room_type,rmt_1664a3ef,inv_b156e981,Heritage Room @ Indigo Verandah Homestay,2026-11-07,2,4797.14,9594.28,INR,confirmed,,2026-08-18T10:00:00+05:30
bit_2689b935,bkg_23107b36,room_type,rmt_a499242d,inv_2c67cba0,Executive @ Hillview Nest Inn,2026-09-06,2,7548.62,15097.24,INR,confirmed,,2026-08-18T10:00:00+05:30
bit_22511802,bkg_23107b36,room_type,rmt_55863f33,inv_5124bbc7,Executive @ Lake Bungalow by the Lake,2026-09-18,2,2137.03,4274.06,INR,confirmed,,2026-08-18T10:00:00+05:30
bit_5d2de099,bkg_9838a51a,room_type,rmt_2ef10b2a,inv_d945edf8,Standard @ The Old Orchard & Spa,2026-11-04,2,19349.86,38699.72,INR,confirmed,,2026-08-18T10:00:00+05:30
bit_662dc75a,bkg_3653d749,room_type,rmt_2a8aa24f,inv_eb7e182c,Twin Economy @ Casa Meadows Inn,2026-09-02,1,6604.34,6604.34,NPR,confirmed,,2026-08-18T10:00:00+05:30
bit_28508e7e,bkg_0033a75a,flight_fare,far_0c80a7c5,inv_0f82cb83,Flight seat,2026-10-27,1,15039.17,15039.17,INR,confirmed,,2026-08-18T10:00:00+05:30
bit_3217f491,bkg_e3937435,flight_fare,far_d0054dd8,inv_14ff14d2,Flight seat,2026-09-03,2,2388.89,4777.78,INR,pending,,2026-08-18T10:00:00+05:30
bit_f1cab4b3,bkg_924c4eae,room_type,rmt_3d20e0d7,inv_5cfe8396,Standard @ Heritage Nest Boutique Stay,2026-10-01,1,5140.37,5140.37,LKR,confirmed,,2026-08-18T10:00:00+05:30
bit_f3044e09,bkg_be4ec47c,flight_fare,far_2feac60b,inv_24d53c65,Flight seat,2026-10-17,2,9730.78,19461.56,INR,confirmed,,2026-08-18T10:00:00+05:30
bit_1c2232f8,bkg_be4ec47c,flight_fare,far_9c73a5d6,inv_fd87f596,Flight seat,2026-09-22,1,18116.12,18116.12,INR,confirmed,,2026-08-18T10:00:00+05:30
bit_db038593,bkg_5bc65396,flight_fare,far_376d8f30,inv_603ba74e,Flight seat,2026-09-17,1,9783.45,9783.45,INR,confirmed,,2026-08-18T10:00:00+05:30
bit_c471c454,bkg_8071c030,room_type,rmt_5df6ca92,inv_cdb62de6,Heritage Room @ Garden Ghat House & Spa,2026-09-13,2,11025.91,22051.82,AED,confirmed,,2026-08-18T10:00:00+05:30
bit_5a983164,bkg_25bd2d07,room_type,rmt_fdc08ffa,inv_7cd1ae52,Premier Suite @ Royal Terraces & Spa,2026-09-11,2,7284.43,14568.86,INR,confirmed,,2026-08-18T10:00:00+05:30
bit_4d121973,bkg_fd460306,room_type,rmt_2a8aa24f,inv_2b537182,Twin Economy @ Casa Meadows Inn,2026-11-29,1,8303.26,8303.26,NPR,cancelled,,2026-08-18T10:00:00+05:30
bit_9ab9687a,bkg_111c6a8b,room_type,rmt_e1b794e9,inv_c978a62b,Deluxe @ Royal Residency Inn,2026-11-26,1,13878.29,13878.29,INR,pending,,2026-08-18T10:00:00+05:30
bit_b1f84a43,bkg_111c6a8b,room_type,rmt_c9808e2a,inv_fa69d496,Family Room @ The Old Verandah Suites,2026-11-05,2,1629.52,3259.04,INR,pending,,2026-08-18T10:00:00+05:30
bit_9018dca0,bkg_b7f642a3,flight_fare,far_1bad9593,inv_4aa0629d,Flight seat,2026-10-27,1,14398.66,14398.66,INR,confirmed,,2026-08-18T10:00:00+05:30
bit_ef540c82,bkg_75c9f285,flight_fare,far_497e40a3,inv_15bfc97e,Flight seat,2026-09-01,1,21881.30,21881.30,INR,confirmed,,2026-08-18T10:00:00+05:30
bit_119313fb,bkg_75c9f285,room_type,rmt_d5d1225e,inv_aecbff3d,Deluxe Garden View @ Indigo Niwas Resort,2026-09-14,2,2345.81,4691.62,INR,confirmed,,2026-08-18T10:00:00+05:30
bit_5a7881b9,bkg_977c9c21,room_type,rmt_2db0c6c3,inv_c871bd14,Heritage Room @ Hillview Bagh Suites,2026-09-18,2,10779.50,21559.00,INR,confirmed,,2026-08-18T10:00:00+05:30
bit_5c83a713,bkg_a287a908,room_type,rmt_ce7264de,inv_46958d82,Executive @ Riverside Sanctuary Inn,2026-10-07,2,2937.91,5875.82,INR,confirmed,,2026-08-18T10:00:00+05:30
bit_491554ad,bkg_ff735ba8,flight_fare,far_4b83d789,inv_4b270b1b,Flight seat,2026-11-09,2,21863.07,43726.14,INR,cancelled,,2026-08-18T10:00:00+05:30
bit_ad833496,bkg_ff735ba8,flight_fare,far_24a3466e,inv_ef5a009d,Flight seat,2026-10-14,2,7184.35,14368.70,INR,cancelled,,2026-08-18T10:00:00+05:30
bit_a59dccf1,bkg_241ff7b3,room_type,rmt_4f14363b,inv_dec0603e,Twin Economy @ Amber Palms,2026-10-24,1,1995.33,1995.33,INR,confirmed,,2026-08-18T10:00:00+05:30
bit_b381e593,bkg_08269c1e,room_type,rmt_5b68a891,inv_ac5b0dea,Family Room @ Royal Orchard Heritage,2026-10-15,1,33334.02,33334.02,INR,cancelled,,2026-08-18T10:00:00+05:30
bit_e468caa6,bkg_08269c1e,room_type,rmt_4f14363b,inv_3083592e,Twin Economy @ Amber Palms,2026-09-15,1,1756.12,1756.12,INR,cancelled,,2026-08-18T10:00:00+05:30
bit_50eacf25,bkg_08269c1e,room_type,rmt_2ef10b2a,inv_f24bb960,Standard @ The Old Orchard & Spa,2026-09-26,1,23346.67,23346.67,INR,cancelled,,2026-08-18T10:00:00+05:30
bit_cb001ae4,bkg_383d0e36,room_type,rmt_315d2584,inv_09faad3d,Executive @ Heritage Mahal & Spa,2026-09-02,1,4498.31,4498.31,INR,confirmed,,2026-08-18T10:00:00+05:30
bit_d4da4b93,bkg_383d0e36,room_type,rmt_4b888cdb,inv_f9cdd352,Executive @ Indigo Verandah Homestay,2026-10-23,2,7406.23,14812.46,INR,confirmed,,2026-08-18T10:00:00+05:30
bit_4c776980,bkg_ec6f9abc,room_type,rmt_f09dd267,inv_f39689fa,Executive @ Hillview Sarovar Inn,2026-10-23,1,6530.50,6530.50,INR,confirmed,,2026-08-18T10:00:00+05:30
bit_4292f06b,bkg_874fcd2d,room_type,rmt_28b409a4,inv_0f0a6f9d,Twin Economy @ Hotel Verandah & Spa,2026-09-08,1,7305.80,7305.80,THB,confirmed,,2026-08-18T10:00:00+05:30
bit_92987153,bkg_5012c5dd,room_type,rmt_0b8a155f,inv_5b40eb7b,Heritage Room @ The Haveli Inn,2026-09-28,2,6460.55,12921.10,INR,cancelled,,2026-08-18T10:00:00+05:30
bit_89640c49,bkg_5012c5dd,room_type,rmt_4cf7dfce,inv_d3be5dea,Twin Economy @ Palm Sanctuary Boutique Stay,2026-09-05,2,14096.42,28192.84,INR,cancelled,,2026-08-18T10:00:00+05:30
bit_e43a93d5,bkg_5012c5dd,flight_fare,far_277d17ee,inv_1fa77609,Flight seat,2026-09-11,2,8817.56,17635.12,INR,cancelled,,2026-08-18T10:00:00+05:30
bit_32bfc05a,bkg_03be541b,room_type,rmt_e99927f7,inv_c3f344e8,Standard @ Hillview Niwas by the Lake,2026-10-14,2,2730.60,5461.20,INR,confirmed,,2026-08-18T10:00:00+05:30
bit_5a3680e4,bkg_65f0481e,room_type,rmt_f01a2942,inv_fd7ef1ee,Family Room @ Villa Meadows Homestay,2026-11-04,1,4922.18,4922.18,INR,compensated,2026-05-30T07:34:00+05:30,2026-08-18T10:00:00+05:30
bit_510fbbcf,bkg_65f0481e,flight_fare,far_8335db00,inv_014daeca,Flight seat,2026-10-05,1,15946.05,15946.05,INR,compensated,2026-05-30T07:34:00+05:30,2026-08-18T10:00:00+05:30
bit_faca8766,bkg_3774d085,flight_fare,far_c69f4b32,inv_81cddf21,Flight seat,2026-11-24,1,5603.45,5603.45,AED,confirmed,,2026-08-18T10:00:00+05:30
bit_c7dbb6e5,bkg_ff12b62d,room_type,rmt_55c522a8,inv_f82504d4,Heritage Room @ Amber Retreat Homestay,2026-11-02,1,4030.00,4030.00,INR,confirmed,,2026-08-18T10:00:00+05:30
bit_2158c58d,bkg_c181180a,flight_fare,far_4d5b654a,inv_efd7e6ed,Flight seat,2026-11-18,1,4411245.59,4411245.59,IDR,confirmed,,2026-08-18T10:00:00+05:30
bit_8981424c,bkg_d6e175c8,flight_fare,far_db660abb,inv_911d8c7f,Flight seat,2026-11-18,1,444.15,444.15,MYR,confirmed,,2026-08-18T10:00:00+05:30
bit_2c76a139,bkg_934d31c1,room_type,rmt_6459e588,inv_43c161b5,Deluxe @ The Terraces Resort,2026-09-27,2,14181.98,28363.96,INR,cancelled,,2026-08-18T10:00:00+05:30
bit_03bcf227,bkg_773b52df,flight_fare,far_e3fabf5a,inv_ead29474,Flight seat,2026-11-08,2,6832.89,13665.78,INR,confirmed,,2026-08-18T10:00:00+05:30
bit_0d3893de,bkg_9de07682,room_type,rmt_2e6b37c4,inv_428cbad2,Deluxe @ Palm Ghat House by the Lake,2026-10-02,2,3093.18,6186.36,INR,confirmed,,2026-08-18T10:00:00+05:30
bit_af323df3,bkg_a2488f26,room_type,rmt_40250c2d,inv_5320b95c,Heritage Room @ Hotel Orchard Resort,2026-10-28,2,6372.71,12745.42,NPR,confirmed,,2026-08-18T10:00:00+05:30
bit_8e494dcf,bkg_b220e601,room_type,rmt_3cb6cd30,inv_554fbcc1,Heritage Room @ The Old Mahal Inn,2026-09-11,1,10931.86,10931.86,INR,confirmed,,2026-08-18T10:00:00+05:30
bit_7b6e5854,bkg_b220e601,room_type,rmt_2e6b37c4,inv_a2fae3a8,Deluxe @ Palm Ghat House by the Lake,2026-10-12,1,2773.16,2773.16,INR,confirmed,,2026-08-18T10:00:00+05:30
bit_dda9217b,bkg_b220e601,room_type,rmt_7a6d1768,inv_ce630d43,Deluxe Garden View @ Villa Mahal Suites,2026-11-23,1,2448.30,2448.30,INR,confirmed,,2026-08-18T10:00:00+05:30
bit_eef39794,bkg_bf3153e2,flight_fare,far_119e91f1,inv_335f08aa,Flight seat,2026-10-05,1,5580.61,5580.61,INR,confirmed,,2026-08-18T10:00:00+05:30
bit_4260c76d,bkg_502401d7,room_type,rmt_80d53c61,inv_011b71d6,Premier Suite @ Royal Terraces Suites,2026-10-16,1,21806.85,21806.85,INR,confirmed,,2026-08-18T10:00:00+05:30
bit_76b2bae4,bkg_502401d7,room_type,rmt_eea5cfbe,inv_fcc369c3,Family Room @ The Old Residency Suites,2026-10-16,2,19911.08,39822.16,INR,confirmed,,2026-08-18T10:00:00+05:30
bit_7f869fbe,bkg_c7e921d6,flight_fare,far_1262aaae,inv_47c060c4,Flight seat,2026-10-12,1,428.60,428.60,AED,confirmed,,2026-08-18T10:00:00+05:30
bit_39ada31b,bkg_8ed96f53,room_type,rmt_c946b4c2,inv_84fde011,Premier Suite @ Royal Sanctuary Suites,2026-11-08,1,8610.95,8610.95,INR,confirmed,,2026-08-18T10:00:00+05:30
bit_3e2189bc,bkg_8ed96f53,room_type,rmt_d34a3325,inv_9885a9a8,Premier Suite @ Hillview Nest Boutique Stay,2026-10-12,1,14164.07,14164.07,INR,confirmed,,2026-08-18T10:00:00+05:30
bit_a58915e6,bkg_dc02d57b,flight_fare,far_e486cece,inv_d1f610e2,Flight seat,2026-10-29,1,617.54,617.54,MYR,confirmed,,2026-08-18T10:00:00+05:30
bit_0584ddf0,bkg_d804c507,room_type,rmt_3cb6cd30,inv_c6a09308,Heritage Room @ The Old Mahal Inn,2026-09-15,2,7792.23,15584.46,INR,confirmed,,2026-08-18T10:00:00+05:30
bit_4ae67f1e,bkg_44c085f0,flight_fare,far_4559e47b,inv_047ddaf2,Flight seat,2026-10-21,2,7374.62,14749.24,THB,confirmed,,2026-08-18T10:00:00+05:30
bit_25f2419b,bkg_1d247676,room_type,rmt_2a8aa24f,inv_41b022cb,Twin Economy @ Casa Meadows Inn,2026-10-16,1,7863.71,7863.71,NPR,confirmed,,2026-08-18T10:00:00+05:30
bit_c739d039,bkg_c160a0b4,room_type,rmt_3aa4f9b8,inv_e35fbd89,Premier Suite @ Grand Sarovar Resort,2026-10-12,2,7445.75,14891.50,INR,cancelled,,2026-08-18T10:00:00+05:30
bit_129c5ac8,bkg_c160a0b4,room_type,rmt_7a6d1768,inv_4e9202b3,Deluxe Garden View @ Villa Mahal Suites,2026-11-26,2,2262.16,4524.32,INR,cancelled,,2026-08-18T10:00:00+05:30
bit_cb660f43,bkg_59637645,room_type,rmt_80d53c61,inv_d79f27a4,Premier Suite @ Royal Terraces Suites,2026-09-10,2,18565.66,37131.32,INR,confirmed,,2026-08-18T10:00:00+05:30
bit_831d5b47,bkg_4ce78ef2,room_type,rmt_efe926e5,inv_5e696c1d,Standard @ The Old Vihar Resort,2026-11-28,1,22562.11,22562.11,INR,cancelled,,2026-08-18T10:00:00+05:30
bit_b97f0f24,bkg_c98293bf,room_type,rmt_c412fbac,inv_8f18897c,Standard @ Riverside Retreat Homestay,2026-10-26,2,1622.48,3244.96,INR,confirmed,,2026-08-18T10:00:00+05:30
bit_1af2df4c,bkg_c98293bf,room_type,rmt_3a595898,inv_1f05c236,Executive @ Indigo Verandah Homestay,2026-11-28,1,2525.63,2525.63,INR,confirmed,,2026-08-18T10:00:00+05:30
bit_7bb345db,bkg_8a0aff0c,room_type,rmt_28b409a4,inv_76e7b156,Twin Economy @ Hotel Verandah & Spa,2026-11-05,1,6037.32,6037.32,THB,confirmed,,2026-08-18T10:00:00+05:30
bit_cc50c64f,bkg_303c0d8a,flight_fare,far_d0047741,inv_aeec9b4e,Flight seat,2026-11-08,2,20036.67,40073.34,INR,confirmed,,2026-08-18T10:00:00+05:30
bit_abe1dd85,bkg_303c0d8a,flight_fare,far_80b75256,inv_7148de9b,Flight seat,2026-09-15,1,4990.28,4990.28,INR,confirmed,,2026-08-18T10:00:00+05:30
bit_4f46d8c8,bkg_303c0d8a,room_type,rmt_2ef10b2a,inv_d0342a27,Standard @ The Old Orchard & Spa,2026-11-01,1,23555.76,23555.76,INR,confirmed,,2026-08-18T10:00:00+05:30
bit_ff3b13a9,bkg_e3afa36c,room_type,rmt_fdc08ffa,inv_1b8ce1c3,Premier Suite @ Royal Terraces & Spa,2026-11-06,2,6681.32,13362.64,INR,cancelled,,2026-08-18T10:00:00+05:30
bit_17c08e2e,bkg_a2dfa5f5,room_type,rmt_d74c67e8,inv_a2a55871,Heritage Room @ Casa Manor Inn,2026-11-15,1,13970.80,13970.80,INR,confirmed,,2026-08-18T10:00:00+05:30
bit_439d034a,bkg_631e4e66,room_type,rmt_67c20089,inv_fd8c264b,Standard @ Hotel Verandah Heritage,2026-10-20,2,5818.54,11637.08,INR,pending,,2026-08-18T10:00:00+05:30
bit_ad391d51,bkg_0c0572a9,room_type,rmt_afa1e735,inv_ce1d133a,Deluxe @ Garden Sanctuary by the Lake,2026-11-01,1,36115.81,36115.81,INR,confirmed,,2026-08-18T10:00:00+05:30
bit_aa6194ea,bkg_6ce48794,room_type,rmt_12d96357,inv_f701e40d,Standard @ Garden Sarovar Homestay,2026-10-07,1,6498.41,6498.41,INR,pending,,2026-08-18T10:00:00+05:30
bit_9572e149,bkg_77c8a789,flight_fare,far_a3b61e5e,inv_c99c896e,Flight seat,2026-10-01,2,3249.41,6498.82,INR,confirmed,,2026-08-18T10:00:00+05:30
bit_fe90dbe9,bkg_77c8a789,room_type,rmt_c015a465,inv_de63c928,Executive @ Hotel Regency Boutique Stay,2026-11-15,2,9794.43,19588.86,INR,confirmed,,2026-08-18T10:00:00+05:30
bit_ec24f341,bkg_77c8a789,flight_fare,far_e200cf60,inv_2c4b1c21,Flight seat,2026-11-29,1,3942.26,3942.26,INR,confirmed,,2026-08-18T10:00:00+05:30
bit_ae28fd86,bkg_0db32491,room_type,rmt_db498e20,inv_d267b68f,Standard @ Royal Orchard Resort,2026-10-05,2,3633.84,7267.68,JPY,confirmed,,2026-08-18T10:00:00+05:30
bit_6d5e449a,bkg_667dd219,room_type,rmt_40250c2d,inv_e118c1e7,Heritage Room @ Hotel Orchard Resort,2026-10-02,1,8893.89,8893.89,NPR,confirmed,,2026-08-18T10:00:00+05:30
bit_d6c3efc5,bkg_8173f4e7,room_type,rmt_24f68d46,inv_c51ee2a3,Executive @ Indigo Meadows Boutique Stay,2026-09-29,1,5747.33,5747.33,INR,confirmed,,2026-08-18T10:00:00+05:30
bit_5dee8275,bkg_8173f4e7,room_type,rmt_80d53c61,inv_466d6f3a,Premier Suite @ Royal Terraces Suites,2026-11-29,2,21213.73,42427.46,INR,confirmed,,2026-08-18T10:00:00+05:30
bit_78ac4133,bkg_b90e94c5,room_type,rmt_f42e207b,inv_4cd4d928,Twin Economy @ Heritage Palms,2026-09-24,1,5990.33,5990.33,INR,confirmed,,2026-08-18T10:00:00+05:30
bit_572a0300,bkg_b90e94c5,room_type,rmt_2e70cc92,inv_e21e1cc4,Family Room @ Amber Bungalow Inn,2026-09-11,2,2765.85,5531.70,INR,confirmed,,2026-08-18T10:00:00+05:30
bit_8e04ba4f,bkg_c3c2e2e6,room_type,rmt_a1a42253,inv_4775cb9b,Standard @ Garden Orchard Homestay,2026-10-18,2,7300.72,14601.44,INR,confirmed,,2026-08-18T10:00:00+05:30
bit_3e27d90f,bkg_c3c2e2e6,flight_fare,far_9031a052,inv_7f60adcb,Flight seat,2026-11-17,2,12126.55,24253.10,INR,confirmed,,2026-08-18T10:00:00+05:30
bit_8ce2764c,bkg_91e15a6b,room_type,rmt_605d2d42,inv_b9f792c9,Family Room @ Lake Palms Inn,2026-10-10,2,5127.78,10255.56,INR,confirmed,,2026-08-18T10:00:00+05:30
bit_e46f870b,bkg_18e798de,room_type,rmt_58eeb2ee,inv_29e98729,Standard @ Villa Mahal Suites,2026-10-27,2,2856.71,5713.42,INR,confirmed,,2026-08-18T10:00:00+05:30
bit_9b2042b9,bkg_788e9164,flight_fare,far_b76156fb,inv_b61ecd88,Flight seat,2026-10-03,1,2107.85,2107.85,AED,confirmed,,2026-08-18T10:00:00+05:30
bit_7364fe2b,bkg_3501490f,flight_fare,far_09bc75d8,inv_fe66a768,Flight seat,2026-09-21,1,34206.73,34206.73,INR,confirmed,,2026-08-18T10:00:00+05:30
bit_31e46995,bkg_fae7dff2,room_type,rmt_91b575ba,inv_3d1ff93f,Executive @ Royal Sanctuary Suites  ,2026-09-23,1,6273.45,6273.45,INR,confirmed,,2026-08-18T10:00:00+05:30
bit_7ecd227d,bkg_415a7ebf,room_type,rmt_c015a465,inv_c63360ae,Executive @ Hotel Regency Boutique Stay,2026-09-05,1,9958.39,9958.39,INR,confirmed,,2026-08-18T10:00:00+05:30
bit_cc04645d,bkg_4ab08bbd,room_type,rmt_fdc08ffa,inv_a4b6531b,Premier Suite @ Royal Terraces & Spa,2026-10-11,2,7962.21,15924.42,INR,confirmed,,2026-08-18T10:00:00+05:30
bit_ec4d8fe5,bkg_4ab08bbd,room_type,rmt_2e6b37c4,inv_6766a2bf,Deluxe @ Palm Ghat House by the Lake,2026-10-01,2,2876.39,5752.78,INR,confirmed,,2026-08-18T10:00:00+05:30
bit_f777701d,bkg_4ab08bbd,room_type,rmt_fcb045a1,inv_831570f6,Family Room @ Hillview Niwas by the Lake,2026-11-02,1,2053.74,2053.74,INR,confirmed,,2026-08-18T10:00:00+05:30
bit_4acbaafd,bkg_25c65fad,room_type,rmt_ba5d7ad1,inv_f5fc8b0d,Executive @ The Residency Homestay,2026-11-08,1,38712.35,38712.35,INR,pending,,2026-08-18T10:00:00+05:30
bit_64e17f73,bkg_0d67de6b,room_type,rmt_fdc08ffa,inv_1b5300dd,Premier Suite @ Royal Terraces & Spa,2026-09-07,2,5367.11,10734.22,INR,confirmed,,2026-08-18T10:00:00+05:30
bit_c54098c2,bkg_02d53d9e,room_type,rmt_693809d0,inv_ffd03950,Premier Suite @ Lake Bungalow by the Lake,2026-09-21,1,2184.00,2184.00,INR,confirmed,,2026-08-18T10:00:00+05:30
bit_edb90598,bkg_02d53d9e,flight_fare,far_0d0ff4e6,inv_fa727bcd,Flight seat,2026-10-12,2,49151.15,98302.30,INR,confirmed,,2026-08-18T10:00:00+05:30
bit_96e897c7,bkg_9a223753,room_type,rmt_3e31fe20,inv_23b066f4,Heritage Room @ Indigo Orchard & Spa,2026-11-16,1,18309.30,18309.30,AED,confirmed,,2026-08-18T10:00:00+05:30
bit_c3315f50,bkg_b76b9508,flight_fare,far_2227c456,inv_3607c91c,Flight seat,2026-09-16,1,899.92,899.92,MYR,confirmed,,2026-08-18T10:00:00+05:30
bit_c8905c6a,bkg_98b09532,room_type,rmt_3aa4f9b8,inv_0e2d3183,Premier Suite @ Grand Sarovar Resort,2026-10-09,2,9019.80,18039.60,INR,confirmed,,2026-08-18T10:00:00+05:30
bit_d562728f,bkg_98b09532,room_type,rmt_dac67beb,inv_968eeafc,Family Room @ Garden Vihar Suites,2026-11-12,1,2887.68,2887.68,INR,confirmed,,2026-08-18T10:00:00+05:30
bit_f52d515b,bkg_f4babe9d,room_type,rmt_4acc0255,inv_27f36335,Deluxe @ The Old Residency Resort,2026-11-18,2,12309.79,24619.58,SGD,cancelled,,2026-08-18T10:00:00+05:30
bit_fc3afce2,bkg_a847640c,room_type,rmt_e1b794e9,inv_e5f93628,Deluxe @ Royal Residency Inn,2026-10-31,2,18040.79,36081.58,INR,cancelled,,2026-08-18T10:00:00+05:30
bit_739a4d8f,bkg_fd31a888,flight_fare,far_345b1cbd,inv_c479bc0b,Flight seat,2026-11-20,1,15271976.38,15271976.38,IDR,confirmed,,2026-08-18T10:00:00+05:30
bit_c46b7726,bkg_55124906,flight_fare,far_8c745dcd,inv_38f50eef,Flight seat,2026-10-25,2,2083.47,4166.94,INR,confirmed,,2026-08-18T10:00:00+05:30
bit_97d4ac0a,bkg_c0d4d001,flight_fare,far_2c212962,inv_de4266f1,Flight seat,2026-10-03,1,4208.84,4208.84,INR,confirmed,,2026-08-18T10:00:00+05:30
bit_793cc612,bkg_69d2b3a3,room_type,rmt_67d7c1a1,inv_e2db6563,Executive @ Amber Regency Resort,2026-10-09,1,8704.97,8704.97,NPR,pending,,2026-08-18T10:00:00+05:30
bit_88a37bf7,bkg_28935cd1,flight_fare,far_e2aea0c4,inv_151ec8e0,Flight seat,2026-10-27,2,4137438.89,8274877.78,IDR,pending,,2026-08-18T10:00:00+05:30
bit_0b0ab579,bkg_5e2a1b8e,room_type,rmt_3a595898,inv_5c00c175,Executive @ Indigo Verandah Homestay,2026-11-27,2,2100.65,4201.30,INR,confirmed,,2026-08-18T10:00:00+05:30
bit_c2a918d6,bkg_5e2a1b8e,flight_fare,far_442e4520,inv_93144659,Flight seat,2026-11-28,2,14385.96,28771.92,INR,confirmed,,2026-08-18T10:00:00+05:30
bit_c23c4e5b,bkg_e76ea642,flight_fare,far_e2e305cc,inv_3c590cea,Flight seat,2026-10-16,2,24496.70,48993.40,INR,confirmed,,2026-08-18T10:00:00+05:30
bit_8b142a88,bkg_7df09cdd,room_type,rmt_fac0fd45,inv_fca83cec,Heritage Room @ Lake Kothi Heritage,2026-11-15,2,9319.36,18638.72,IDR,confirmed,,2026-08-18T10:00:00+05:30
bit_aabf220b,bkg_4d650ab5,room_type,rmt_e1b794e9,inv_3123c14a,Deluxe @ Royal Residency Inn,2026-09-15,2,15328.07,30656.14,INR,confirmed,,2026-08-18T10:00:00+05:30
bit_ea968d51,bkg_2bc03520,flight_fare,far_de563a0e,inv_4c390f8a,Flight seat,2026-11-10,1,32398.32,32398.32,INR,confirmed,,2026-08-18T10:00:00+05:30
bit_84092b61,bkg_2bc03520,room_type,rmt_afa1e735,inv_cdd5e103,Deluxe @ Garden Sanctuary by the Lake,2026-11-07,1,41869.24,41869.24,INR,confirmed,,2026-08-18T10:00:00+05:30
bit_6b220741,bkg_cca5c069,room_type,rmt_eb19de1f,inv_3d07d849,Standard @ The Retreat Homestay,2026-10-14,1,3568.23,3568.23,QAR,confirmed,,2026-08-18T10:00:00+05:30
bit_5ecab94f,bkg_12afcde3,flight_fare,far_f112307d,inv_7b2ee786,Flight seat,2026-09-15,2,4056.33,8112.66,INR,compensated,2026-07-29T17:49:00+05:30,2026-08-18T10:00:00+05:30
bit_2f2088a8,bkg_80acd649,room_type,rmt_fdc08ffa,inv_7a9403ae,Premier Suite @ Royal Terraces & Spa,2026-10-25,2,7694.54,15389.08,INR,confirmed,,2026-08-18T10:00:00+05:30
bit_1619823a,bkg_80acd649,room_type,rmt_2db0c6c3,inv_2cb70e7c,Heritage Room @ Hillview Bagh Suites,2026-09-26,2,10979.23,21958.46,INR,confirmed,,2026-08-18T10:00:00+05:30
bit_5baaadd2,bkg_cef81eca,flight_fare,far_436b2102,inv_d25178bb,Flight seat,2026-09-26,2,17065.99,34131.98,INR,confirmed,,2026-08-18T10:00:00+05:30
bit_280ed8ef,bkg_09b8fafd,flight_fare,far_067e67bc,inv_157ca69a,Flight seat,2026-09-26,1,989.49,989.49,SGD,confirmed,,2026-08-18T10:00:00+05:30
bit_fc07fb1b,bkg_f9001990,room_type,rmt_c07b1f2a,inv_b90b6a74,Executive @ Garden Ghat House Resort,2026-09-06,2,6394.91,12789.82,LKR,pending,,2026-08-18T10:00:00+05:30
bit_73ed6a27,bkg_d7c7ec26,flight_fare,far_18da54ed,inv_539ad507,Flight seat,2026-10-11,2,27708.73,55417.46,INR,confirmed,,2026-08-18T10:00:00+05:30
bit_aac0a293,bkg_3fe27bb5,room_type,rmt_261249fc,inv_fb57ec7b,Heritage Room @ Indigo Sarovar Heritage,2026-09-01,2,8254.65,16509.30,INR,cancelled,,2026-08-18T10:00:00+05:30
bit_3cc4453e,bkg_f7763644,room_type,rmt_ddb7c473,inv_84e6be64,Deluxe @ Amber Orchard Suites,2026-09-02,2,3509.91,7019.82,INR,pending,,2026-08-18T10:00:00+05:30
bit_3ab7a6ee,bkg_7eec603a,flight_fare,far_70df6f36,inv_1583134a,Flight seat,2026-09-22,1,15518.05,15518.05,INR,cancelled,,2026-08-18T10:00:00+05:30
bit_d3822630,bkg_d06d7285,room_type,rmt_2e70cc92,inv_f3e1cfef,Family Room @ Amber Bungalow Inn,2026-11-06,2,2695.32,5390.64,INR,confirmed,,2026-08-18T10:00:00+05:30
bit_862d6bb1,bkg_d06d7285,room_type,rmt_c946b4c2,inv_a6c60ef9,Premier Suite @ Royal Sanctuary Suites,2026-10-16,2,8875.00,17750.00,INR,confirmed,,2026-08-18T10:00:00+05:30
bit_c1b6cd78,bkg_d06d7285,room_type,rmt_2e6b37c4,inv_6be6c39e,Deluxe @ Palm Ghat House by the Lake,2026-10-06,1,2403.32,2403.32,INR,confirmed,,2026-08-18T10:00:00+05:30
bit_3e5caae3,bkg_63d7c464,room_type,rmt_315d2584,inv_c23b791b,Executive @ Heritage Mahal & Spa,2026-10-24,2,5485.72,10971.44,INR,confirmed,,2026-08-18T10:00:00+05:30
bit_7370c38f,bkg_63d7c464,room_type,rmt_2919bbfe,inv_8701da1c,Heritage Room @ Palm Sarovar,2026-10-28,2,8890.47,17780.94,INR,confirmed,,2026-08-18T10:00:00+05:30
bit_ff3e2fab,bkg_bfd780dc,room_type,rmt_0b8a155f,inv_fdc801d4,Heritage Room @ The Haveli Inn,2026-11-07,2,6696.17,13392.34,INR,compensated,2026-06-05T23:04:00+05:30,2026-08-18T10:00:00+05:30
bit_033f1ed4,bkg_bfd780dc,room_type,rmt_4f14363b,inv_9ad27434,Twin Economy @ Amber Palms,2026-09-05,2,2165.27,4330.54,INR,compensated,2026-06-05T23:04:00+05:30,2026-08-18T10:00:00+05:30
bit_9d833efb,bkg_cb5137ac,room_type,rmt_fac0fd45,inv_c03f0797,Heritage Room @ Lake Kothi Heritage,2026-10-04,2,8706.87,17413.74,IDR,confirmed,,2026-08-18T10:00:00+05:30
bit_d6b331dc,bkg_b6e3b4e3,room_type,rmt_f42e207b,inv_a005e160,Twin Economy @ Heritage Palms,2026-10-13,2,6848.32,13696.64,INR,confirmed,,2026-08-18T10:00:00+05:30
bit_abb4860e,bkg_b6e3b4e3,room_type,rmt_2db0c6c3,inv_9d88cbe6,Heritage Room @ Hillview Bagh Suites,2026-11-28,1,10534.68,10534.68,INR,confirmed,,2026-08-18T10:00:00+05:30
bit_584f1d47,bkg_9ff9f1d3,room_type,rmt_363659ec,inv_168ba205,Heritage Room @ Palm Nest Heritage,2026-09-30,1,5948.78,5948.78,MYR,confirmed,,2026-08-18T10:00:00+05:30
bit_5a58e42a,bkg_b1fb2f94,flight_fare,far_9f31d639,inv_18075444,Flight seat,2026-11-10,1,1167.43,1167.43,SGD,confirmed,,2026-08-18T10:00:00+05:30
bit_a0957140,bkg_c75b632f,room_type,rmt_ad2452fd,inv_4c9258da,Deluxe Garden View @ Hotel Regency Boutique Stay,2026-10-07,1,19730.54,19730.54,INR,confirmed,,2026-08-18T10:00:00+05:30
bit_86d7cf04,bkg_a54fe830,room_type,rmt_363659ec,inv_688ffc07,Heritage Room @ Palm Nest Heritage,2026-10-01,1,5823.77,5823.77,MYR,confirmed,,2026-08-18T10:00:00+05:30
bit_cdc277ba,bkg_921de17b,room_type,rmt_a9b58258,inv_1d57dc48,Deluxe @ Casa Manor Suites,2026-11-19,2,1913.49,3826.98,MVR,confirmed,,2026-08-18T10:00:00+05:30
bit_8c66f6a6,bkg_f5499d89,room_type,rmt_7b889ec3,inv_4aebbea8,Family Room @ Heritage Verandah Resort,2026-09-07,1,7125.68,7125.68,INR,pending,,2026-08-18T10:00:00+05:30
bit_bc9e7a6d,bkg_c1714eb6,flight_fare,far_45069ace,inv_7fe5b5eb,Flight seat,2026-09-10,1,16410.47,16410.47,INR,confirmed,,2026-08-18T10:00:00+05:30
bit_1058b18a,bkg_127c4532,flight_fare,far_7b243320,inv_7b0f49ec,Flight seat,2026-11-16,2,6794.38,13588.76,INR,confirmed,,2026-08-18T10:00:00+05:30
bit_aa6e003b,bkg_cc354093,flight_fare,far_4a8b537b,inv_63341924,Flight seat,2026-11-16,2,39441.01,78882.02,INR,confirmed,,2026-08-18T10:00:00+05:30
bit_6e2009fa,bkg_dc5c34ab,flight_fare,far_9372d7c3,inv_d87f63c6,Flight seat,2026-10-05,2,3883.64,7767.28,INR,confirmed,,2026-08-18T10:00:00+05:30
bit_c3db0e3e,bkg_cd941cd2,room_type,rmt_227a4718,inv_cbbfa82e,Premier Suite @ Casa Retreat by the Lake,2026-09-16,1,1658.97,1658.97,AED,confirmed,,2026-08-18T10:00:00+05:30
bit_d3f9d16c,bkg_d26c0d87,room_type,rmt_67d7c1a1,inv_5b44a030,Executive @ Amber Regency Resort,2026-10-19,1,5640.74,5640.74,NPR,confirmed,,2026-08-18T10:00:00+05:30
bit_3cbbaa1c,bkg_495fa44e,room_type,rmt_ddb7c473,inv_2c9f8772,Deluxe @ Amber Orchard Suites,2026-09-27,2,4135.99,8271.98,INR,cancelled,,2026-08-18T10:00:00+05:30
bit_9156de03,bkg_82fb696a,flight_fare,far_ec71e6f4,inv_690f6f2b,Flight seat,2026-11-03,2,10211.12,20422.24,INR,confirmed,,2026-08-18T10:00:00+05:30
bit_cdf877b2,bkg_73553003,room_type,rmt_a369d34e,inv_5bafd80f,Twin Economy @ The Old Regency Inn,2026-11-26,1,3534.38,3534.38,INR,compensated,2026-08-15T02:04:00+05:30,2026-08-18T10:00:00+05:30
bit_0aaeb536,bkg_73553003,room_type,rmt_2bfbfea7,inv_2626a7ec,Executive @ The Old Terraces Resort,2026-11-27,2,8052.42,16104.84,INR,compensated,2026-08-15T02:04:00+05:30,2026-08-18T10:00:00+05:30
bit_66660df9,bkg_b0b0d364,room_type,rmt_031c6f90,inv_4753da48,Family Room @ Royal Terraces Suites,2026-11-19,2,24843.27,49686.54,INR,confirmed,,2026-08-18T10:00:00+05:30
bit_f46b9762,bkg_bb7c028d,flight_fare,far_d947b59e,inv_75c82425,Flight seat,2026-09-14,1,8661.77,8661.77,INR,confirmed,,2026-08-18T10:00:00+05:30
bit_40f0e2ed,bkg_b7965b4d,flight_fare,far_b0c275d8,inv_e0dc1f9b,Flight seat,2026-09-13,2,8961282.02,17922564.04,IDR,confirmed,,2026-08-18T10:00:00+05:30
bit_90c922c7,bkg_6d40f67b,room_type,rmt_c9808e2a,inv_7e05af52,Family Room @ The Old Verandah Suites,2026-11-03,1,1719.86,1719.86,INR,cancelled,,2026-08-18T10:00:00+05:30
bit_9cba9856,bkg_6d40f67b,room_type,rmt_d74c67e8,inv_df30ab51,Heritage Room @ Casa Manor Inn,2026-10-13,1,10974.24,10974.24,INR,cancelled,,2026-08-18T10:00:00+05:30
bit_454108a3,bkg_a1a22773,room_type,rmt_dd931f5b,inv_5f077082,Executive @ Royal Manor & Spa,2026-11-25,1,6633.84,6633.84,INR,confirmed,,2026-08-18T10:00:00+05:30
bit_69949766,bkg_02d0da87,room_type,rmt_2e6b37c4,inv_a256d9f9,Deluxe @ Palm Ghat House by the Lake,2026-11-02,1,2659.08,2659.08,INR,confirmed,,2026-08-18T10:00:00+05:30
bit_2448f22a,bkg_8a1b8d00,room_type,rmt_315d2584,inv_c6469ab2,Executive @ Heritage Mahal & Spa,2026-10-21,2,3858.61,7717.22,INR,confirmed,,2026-08-18T10:00:00+05:30
bit_0712d9f4,bkg_93698711,flight_fare,far_dd25e7f3,inv_f432d968,Flight seat,2026-09-12,2,2737.78,5475.56,MYR,cancelled,,2026-08-18T10:00:00+05:30
bit_7ae5964b,bkg_2d9d4867,room_type,rmt_0b8a155f,inv_1cf8a768,Heritage Room @ The Haveli Inn,2026-11-24,2,5678.94,11357.88,INR,confirmed,,2026-08-18T10:00:00+05:30
bit_b702a20b,bkg_fad5f20d,flight_fare,far_9a342d4c,inv_70a07404,Flight seat,2026-11-24,2,44979.77,89959.54,INR,cancelled,,2026-08-18T10:00:00+05:30
bit_996be7d4,bkg_fabd93b9,room_type,rmt_796b88e6,inv_e7ba8281,Deluxe @ The Old Vihar Resort,2026-11-09,2,26746.56,53493.12,INR,confirmed,,2026-08-18T10:00:00+05:30
bit_dd9291d6,bkg_5270fada,flight_fare,far_dc3b1f45,inv_a880e099,Flight seat,2026-09-24,1,23557.56,23557.56,INR,confirmed,,2026-08-18T10:00:00+05:30
bit_666ee868,bkg_445c083f,room_type,rmt_0f009220,inv_9d6492d3,Deluxe @ Palm Courtyard Heritage,2026-11-29,1,10169.39,10169.39,INR,confirmed,,2026-08-18T10:00:00+05:30
bit_c4a976eb,bkg_12b5d6b5,room_type,rmt_4cf7dfce,inv_7a6e27d6,Twin Economy @ Palm Sanctuary Boutique Stay,2026-09-22,1,10906.68,10906.68,INR,confirmed,,2026-08-18T10:00:00+05:30
bit_2780f96e,bkg_12b5d6b5,flight_fare,far_dbdd6901,inv_deacd123,Flight seat,2026-11-12,1,15245.42,15245.42,INR,confirmed,,2026-08-18T10:00:00+05:30
bit_fd4c6196,bkg_4eaaba6c,room_type,rmt_a499242d,inv_b2756425,Executive @ Hillview Nest Inn,2026-10-22,2,7100.32,14200.64,INR,confirmed,,2026-08-18T10:00:00+05:30
bit_1e3a50fb,bkg_4eaaba6c,room_type,rmt_2db0c6c3,inv_a57bb70b,Heritage Room @ Hillview Bagh Suites,2026-11-25,1,8665.48,8665.48,INR,confirmed,,2026-08-18T10:00:00+05:30
bit_58bbb469,bkg_e5aad8b7,flight_fare,far_e40d2ca4,inv_10694c5a,Flight seat,2026-09-24,1,604.95,604.95,THB,confirmed,,2026-08-18T10:00:00+05:30
bit_880fbdbb,bkg_14c3bc8d,room_type,rmt_7b889ec3,inv_0c5cbadd,Family Room @ Heritage Verandah Resort,2026-10-02,1,8767.84,8767.84,INR,confirmed,,2026-08-18T10:00:00+05:30
bit_129903fc,bkg_a5b21c59,room_type,rmt_f42e207b,inv_eb904c39,Twin Economy @ Heritage Palms,2026-10-26,2,5776.61,11553.22,INR,confirmed,,2026-08-18T10:00:00+05:30
bit_d46e11ba,bkg_c7514579,room_type,rmt_94546c51,inv_41ddda1e,Premier Suite @ Royal Sarovar Boutique Stay,2026-09-03,2,4553.09,9106.18,INR,confirmed,,2026-08-18T10:00:00+05:30
bit_07d6041e,bkg_2f9a2947,flight_fare,far_82fb83a7,inv_d549e682,Flight seat,2026-11-15,2,44003.04,88006.08,INR,confirmed,,2026-08-18T10:00:00+05:30
bit_6f1a1a87,bkg_2f9a2947,room_type,rmt_58eeb2ee,inv_e5f12f44,Standard @ Villa Mahal Suites,2026-11-14,1,4108.90,4108.90,INR,confirmed,,2026-08-18T10:00:00+05:30
bit_2f051421,bkg_d6549727,room_type,rmt_33c6c9be,inv_ef607a54,Deluxe @ Hillview Regency by the Lake,2026-11-06,1,14498.76,14498.76,MVR,confirmed,,2026-08-18T10:00:00+05:30
bit_43c7801c,bkg_833beaa1,room_type,rmt_2ef10b2a,inv_598f3e16,Standard @ The Old Orchard & Spa,2026-11-08,1,24514.78,24514.78,INR,pending,,2026-08-18T10:00:00+05:30
bit_53188cc7,bkg_833beaa1,flight_fare,far_a83b94e0,inv_7efe2f79,Flight seat,2026-10-27,2,26283.30,52566.60,INR,pending,,2026-08-18T10:00:00+05:30
bit_d372a267,bkg_833beaa1,flight_fare,far_a0117323,inv_b11b48c2,Flight seat,2026-09-21,2,11975.24,23950.48,INR,pending,,2026-08-18T10:00:00+05:30
bit_350c222a,bkg_88c3afdd,room_type,rmt_56416285,inv_5393c04a,Family Room @ Villa Haveli & Spa,2026-09-22,2,19182.24,38364.48,INR,confirmed,,2026-08-18T10:00:00+05:30
bit_fdfb8271,bkg_6cb67548,flight_fare,far_ea49b331,inv_27a2c9db,Flight seat,2026-11-26,1,25738.62,25738.62,INR,confirmed,,2026-08-18T10:00:00+05:30
bit_d2e3dcf9,bkg_58497747,room_type,rmt_1d1c6517,inv_ba0501ee,Deluxe Garden View @ Lake Kothi Resort,2026-09-05,1,3807.94,3807.94,CHF,confirmed,,2026-08-18T10:00:00+05:30
bit_4dc25bfc,bkg_e4b90b82,room_type,rmt_24f68d46,inv_26ec0e31,Executive @ Indigo Meadows Boutique Stay,2026-11-17,1,5806.30,5806.30,INR,cancelled,,2026-08-18T10:00:00+05:30
bit_3a9f211d,bkg_9539a38a,room_type,rmt_2db0c6c3,inv_f5c85718,Heritage Room @ Hillview Bagh Suites,2026-10-10,1,9480.49,9480.49,INR,confirmed,,2026-08-18T10:00:00+05:30
bit_bfc13129,bkg_18ce7cea,room_type,rmt_eb19de1f,inv_a6689de7,Standard @ The Retreat Homestay,2026-09-30,2,3271.49,6542.98,QAR,confirmed,,2026-08-18T10:00:00+05:30
bit_4d61633d,bkg_e042ce4f,room_type,rmt_3aa4f9b8,inv_33697ae2,Premier Suite @ Grand Sarovar Resort,2026-11-11,1,6667.29,6667.29,INR,confirmed,,2026-08-18T10:00:00+05:30
bit_40329d16,bkg_e042ce4f,room_type,rmt_605d2d42,inv_36c7a51c,Family Room @ Lake Palms Inn,2026-09-16,2,4077.76,8155.52,INR,confirmed,,2026-08-18T10:00:00+05:30
bit_973d2bfa,bkg_e042ce4f,room_type,rmt_fdc08ffa,inv_c19b2755,Premier Suite @ Royal Terraces & Spa,2026-11-28,1,6625.03,6625.03,INR,confirmed,,2026-08-18T10:00:00+05:30
bit_0f166b8b,bkg_7271d271,room_type,rmt_c07b1f2a,inv_fe3f55d3,Executive @ Garden Ghat House Resort,2026-09-28,2,4444.31,8888.62,LKR,cancelled,,2026-08-18T10:00:00+05:30
bit_27d13031,bkg_b0cc3a59,room_type,rmt_06f0a27d,inv_e0bd7d09,Heritage Room @ Hillview Nest Boutique Stay,2026-11-13,1,24725.19,24725.19,INR,confirmed,,2026-08-18T10:00:00+05:30
bit_cda88bfc,bkg_e8f7a02d,flight_fare,far_4112147e,inv_6f8cf301,Flight seat,2026-09-26,2,6087.44,12174.88,INR,confirmed,,2026-08-18T10:00:00+05:30
bit_8f67e546,bkg_e8f7a02d,flight_fare,far_58c102c7,inv_615c3290,Flight seat,2026-09-10,1,36500.18,36500.18,INR,confirmed,,2026-08-18T10:00:00+05:30
bit_3886069f,bkg_e8f7a02d,room_type,rmt_55c522a8,inv_3c14ad2d,Heritage Room @ Amber Retreat Homestay,2026-09-23,2,3805.89,7611.78,INR,confirmed,,2026-08-18T10:00:00+05:30
bit_d331e530,bkg_4c771973,room_type,rmt_b4972b6b,inv_2be37bd3,Family Room @ Hillview Palms by the Lake,2026-11-23,2,7539.63,15079.26,INR,confirmed,,2026-08-18T10:00:00+05:30
bit_c6b34424,bkg_6c5484a5,room_type,rmt_97174185,inv_057b4912,Deluxe Garden View @ Amber Retreat Homestay,2026-09-19,1,10166.48,10166.48,INR,pending,,2026-08-18T10:00:00+05:30
bit_891117b4,bkg_8e2509e9,room_type,rmt_afa1e735,inv_47bc38b6,Deluxe @ Garden Sanctuary by the Lake,2026-11-11,1,31147.65,31147.65,INR,cancelled,,2026-08-18T10:00:00+05:30
bit_9bd19a2d,bkg_8e2509e9,room_type,rmt_df2d2be7,inv_fd08ae79,Premier Suite @ Hillview Nest Inn,2026-10-24,2,11395.85,22791.70,INR,cancelled,,2026-08-18T10:00:00+05:30
bit_2fbc79b0,bkg_8e2509e9,room_type,rmt_97174185,inv_53bef7de,Deluxe Garden View @ Amber Retreat Homestay,2026-09-16,2,9498.29,18996.58,INR,cancelled,,2026-08-18T10:00:00+05:30
bit_adbe9a07,bkg_5dfc2da6,room_type,rmt_2e6b37c4,inv_27a385f9,Deluxe @ Palm Ghat House by the Lake,2026-11-11,2,2989.69,5979.38,INR,confirmed,,2026-08-18T10:00:00+05:30
bit_aa74c8fd,bkg_26a91b9f,room_type,rmt_db498e20,inv_359fab6d,Standard @ Royal Orchard Resort,2026-10-16,1,4562.26,4562.26,JPY,confirmed,,2026-08-18T10:00:00+05:30
bit_c8d9b68b,bkg_bef8af39,room_type,rmt_40250c2d,inv_7a7242e4,Heritage Room @ Hotel Orchard Resort,2026-10-18,2,8980.67,17961.34,NPR,confirmed,,2026-08-18T10:00:00+05:30
bit_402cbd90,bkg_8c38da05,room_type,rmt_f09dd267,inv_a1be596b,Executive @ Hillview Sarovar Inn,2026-09-04,1,6896.39,6896.39,INR,confirmed,,2026-08-18T10:00:00+05:30
bit_ba2e35ef,bkg_d3d9c596,room_type,rmt_2e70cc92,inv_0bcefff2,Family Room @ Amber Bungalow Inn,2026-11-24,2,2434.05,4868.10,INR,cancelled,,2026-08-18T10:00:00+05:30
bit_24b88837,bkg_cd945f2a,room_type,rmt_3a595898,inv_b4c1c7e6,Executive @ Indigo Verandah Homestay,2026-11-19,1,1745.08,1745.08,INR,confirmed,,2026-08-18T10:00:00+05:30
bit_e20aec6d,bkg_cd945f2a,flight_fare,far_6fe0ac60,inv_284ab62f,Flight seat,2026-09-20,2,43437.78,86875.56,INR,confirmed,,2026-08-18T10:00:00+05:30
bit_032d22d7,bkg_2e2b0c6f,room_type,rmt_2ef10b2a,inv_86895cd2,Standard @ The Old Orchard & Spa,2026-10-14,1,18131.64,18131.64,INR,cancelled,,2026-08-18T10:00:00+05:30
bit_228855d9,bkg_bfbff6dd,room_type,rmt_56416285,inv_84146271,Family Room @ Villa Haveli & Spa,2026-09-03,2,15128.89,30257.78,INR,confirmed,,2026-08-18T10:00:00+05:30
bit_a3ff3122,bkg_e34b9f9d,room_type,rmt_d34a3325,inv_172794f7,Premier Suite @ Hillview Nest Boutique Stay,2026-09-28,1,14482.60,14482.60,INR,cancelled,,2026-08-18T10:00:00+05:30
bit_36affbbb,bkg_e34b9f9d,room_type,rmt_3a595898,inv_d8b6e75d,Executive @ Indigo Verandah Homestay,2026-11-10,1,2110.18,2110.18,INR,cancelled,,2026-08-18T10:00:00+05:30
bit_94b37b49,bkg_54a02c17,flight_fare,far_c391ad25,inv_9b2f8869,Flight seat,2026-11-18,2,9007.15,18014.30,THB,confirmed,,2026-08-18T10:00:00+05:30
bit_69bba921,bkg_dac44b4d,room_type,rmt_91b575ba,inv_22e48600,Executive @ Royal Sanctuary Suites  ,2026-10-09,2,6573.06,13146.12,INR,confirmed,,2026-08-18T10:00:00+05:30
bit_44d4758d,bkg_fefc7f0b,room_type,rmt_9a44634e,inv_a30ea8c8,Premier Suite @ Indigo Verandah Homestay,2026-10-11,2,6586.59,13173.18,INR,confirmed,,2026-08-18T10:00:00+05:30
bit_c92ee319,bkg_6c0b45a8,room_type,rmt_e1c91b66,inv_45f53fb4,Deluxe @ Indigo Meadows by the Lake,2026-11-25,2,5648.45,11296.90,INR,confirmed,,2026-08-18T10:00:00+05:30
bit_4f095b66,bkg_02cfb41a,room_type,rmt_58eeb2ee,inv_56ef3576,Standard @ Villa Mahal Suites,2026-10-24,1,4325.75,4325.75,INR,confirmed,,2026-08-18T10:00:00+05:30
bit_4fbd7367,bkg_52727a33,room_type,rmt_6459e588,inv_c3cad4a3,Deluxe @ The Terraces Resort,2026-11-01,2,15950.50,31901.00,INR,confirmed,,2026-08-18T10:00:00+05:30
bit_6dfaaeca,bkg_c6316fb8,room_type,rmt_4f14363b,inv_0f8e0e20,Twin Economy @ Amber Palms,2026-11-03,2,1923.35,3846.70,INR,cancelled,,2026-08-18T10:00:00+05:30
bit_27cf62bb,bkg_b5672004,room_type,rmt_d1336e5e,inv_bb9a44de,Twin Economy @ Heritage Kothi Inn,2026-11-16,1,13707.73,13707.73,INR,confirmed,,2026-08-18T10:00:00+05:30
bit_1d22bf49,bkg_2fe1a26f,room_type,rmt_eea5cfbe,inv_c272e04b,Family Room @ The Old Residency Suites,2026-10-08,2,14323.50,28647.00,INR,confirmed,,2026-08-18T10:00:00+05:30
bit_dc1725f3,bkg_2fe1a26f,flight_fare,far_0add361b,inv_98d0cb83,Flight seat,2026-10-06,1,5110.42,5110.42,INR,confirmed,,2026-08-18T10:00:00+05:30
bit_d239b013,bkg_2fe1a26f,room_type,rmt_fcb045a1,inv_59d286e2,Family Room @ Hillview Niwas by the Lake,2026-09-07,1,2330.76,2330.76,INR,confirmed,,2026-08-18T10:00:00+05:30
bit_0f5dc92c,bkg_d46e4971,room_type,rmt_8a3c3697,inv_54c7d7c1,Twin Economy @ Indigo Orchard Inn,2026-11-01,1,6121.27,6121.27,INR,compensated,2026-06-14T01:34:00+05:30,2026-08-18T10:00:00+05:30
bit_9af543ee,bkg_ed24dfaa,flight_fare,far_52438433,inv_ef85928b,Flight seat,2026-11-09,2,26191.70,52383.40,INR,confirmed,,2026-08-18T10:00:00+05:30
bit_6b8ec97d,bkg_130372a1,room_type,rmt_2919bbfe,inv_2d4912f8,Heritage Room @ Palm Sarovar,2026-09-04,2,9563.14,19126.28,INR,compensated,2026-07-04T05:19:00+05:30,2026-08-18T10:00:00+05:30
bit_a39b2be2,bkg_680acbca,room_type,rmt_dd931f5b,inv_ec2825ba,Executive @ Royal Manor & Spa,2026-10-05,1,7473.07,7473.07,INR,confirmed,,2026-08-18T10:00:00+05:30
bit_0b8cb3c3,bkg_680acbca,room_type,rmt_c0463b3f,inv_e05d978d,Deluxe Garden View @ Hillview Bagh Resort,2026-11-25,2,2642.48,5284.96,INR,confirmed,,2026-08-18T10:00:00+05:30
bit_56ffe8c2,bkg_7570a2e6,room_type,rmt_6499086b,inv_18c7dff2,Standard @ Hillview Regency Suites,2026-11-05,2,1969.96,3939.92,INR,confirmed,,2026-08-18T10:00:00+05:30
bit_735946b4,bkg_50d7098a,flight_fare,far_b99f9bd3,inv_634accd5,Flight seat,2026-11-22,1,279.37,279.37,SGD,pending,,2026-08-18T10:00:00+05:30
bit_cb693303,bkg_91a4b601,room_type,rmt_fdc08ffa,inv_472420d9,Premier Suite @ Royal Terraces & Spa,2026-11-19,2,5474.52,10949.04,INR,confirmed,,2026-08-18T10:00:00+05:30
bit_db06cc8c,bkg_91a4b601,room_type,rmt_315d2584,inv_9d65d58d,Executive @ Heritage Mahal & Spa,2026-09-09,1,4368.41,4368.41,INR,confirmed,,2026-08-18T10:00:00+05:30
bit_49792254,bkg_91a4b601,room_type,rmt_a1a42253,inv_00bd9c3c,Standard @ Garden Orchard Homestay,2026-11-29,1,7170.04,7170.04,INR,confirmed,,2026-08-18T10:00:00+05:30
bit_07f5b689,bkg_7d97669b,flight_fare,far_d69f029a,inv_619c5535,Flight seat,2026-11-16,1,25035.32,25035.32,INR,cancelled,,2026-08-18T10:00:00+05:30
bit_ab826620,bkg_b6a70f59,flight_fare,far_2953cdde,inv_1c6bd4b9,Flight seat,2026-09-13,2,17948.63,35897.26,THB,confirmed,,2026-08-18T10:00:00+05:30
bit_bb193da0,bkg_bf0a8828,room_type,rmt_ba5d7ad1,inv_d30c0dfe,Executive @ The Residency Homestay,2026-11-17,2,38084.30,76168.60,INR,confirmed,,2026-08-18T10:00:00+05:30
bit_db119be5,bkg_55583b7b,room_type,rmt_fcb045a1,inv_c133546d,Family Room @ Hillview Niwas by the Lake,2026-11-07,2,2412.22,4824.44,INR,confirmed,,2026-08-18T10:00:00+05:30
bit_d0ca0cb7,bkg_fc253356,room_type,rmt_28b409a4,inv_3ceb957f,Twin Economy @ Hotel Verandah & Spa,2026-10-06,1,6673.46,6673.46,THB,confirmed,,2026-08-18T10:00:00+05:30
bit_19582783,bkg_62c065ed,room_type,rmt_4be4b5c2,inv_e325edc2,Executive @ Hillview Niwas by the Lake,2026-11-25,1,4309.71,4309.71,INR,confirmed,,2026-08-18T10:00:00+05:30
bit_06345f8e,bkg_b541276b,room_type,rmt_5e6f1662,inv_a769b20a,Family Room @ Riverside Sarovar Boutique Stay,2026-11-03,2,6563.94,13127.88,INR,confirmed,,2026-08-18T10:00:00+05:30
bit_779fdc52,bkg_b541276b,flight_fare,far_f781ccbe,inv_7f868c2e,Flight seat,2026-09-19,2,13660.07,27320.14,INR,confirmed,,2026-08-18T10:00:00+05:30
bit_52ce640c,bkg_604a5c4e,room_type,rmt_69fb5df6,inv_014b58c8,Family Room @ Lake Bungalow by the Lake,2026-11-23,2,2915.13,5830.26,INR,confirmed,,2026-08-18T10:00:00+05:30
bit_1bfb7409,bkg_53dac4a3,flight_fare,far_96752740,inv_1a15c4ed,Flight seat,2026-10-28,2,17640793.28,35281586.56,IDR,confirmed,,2026-08-18T10:00:00+05:30
bit_dac8373b,bkg_0ab26681,room_type,rmt_a9b58258,inv_3296ad39,Deluxe @ Casa Manor Suites,2026-10-03,2,2706.67,5413.34,MVR,cancelled,,2026-08-18T10:00:00+05:30
bit_a0b52551,bkg_0ebbe95e,room_type,rmt_0a292d71,inv_bc7243e4,Heritage Room @ Heritage Meadows & Spa,2026-11-11,2,2822.45,5644.90,THB,pending,,2026-08-18T10:00:00+05:30
bit_e0f5bc8d,bkg_fc9207d7,room_type,rmt_a1a42253,inv_1c054716,Standard @ Garden Orchard Homestay,2026-09-25,2,8468.69,16937.38,INR,confirmed,,2026-08-18T10:00:00+05:30
bit_cf9899f8,bkg_fc9207d7,room_type,rmt_9eb28021,inv_8918f45e,Executive @ Indigo Manor Suites,2026-09-03,1,1798.37,1798.37,INR,confirmed,,2026-08-18T10:00:00+05:30
bit_c10a49c0,bkg_c0fba57a,room_type,rmt_e99927f7,inv_db175fe4,Standard @ Hillview Niwas by the Lake,2026-09-26,1,3878.82,3878.82,INR,cancelled,,2026-08-18T10:00:00+05:30
bit_87ac2586,bkg_9fc2184f,room_type,rmt_bc554dab,inv_986a26ee,Heritage Room @ Indigo Vihar Inn,2026-10-15,1,7773.03,7773.03,NPR,confirmed,,2026-08-18T10:00:00+05:30
bit_09b8c86a,bkg_50c8502a,room_type,rmt_5df6ca92,inv_0b0e2eda,Heritage Room @ Garden Ghat House & Spa,2026-10-13,2,8345.85,16691.70,AED,confirmed,,2026-08-18T10:00:00+05:30
bit_5c68160a,bkg_aa0db315,flight_fare,far_4dc3456e,inv_dd39a0ce,Flight seat,2026-11-16,1,2960.82,2960.82,INR,confirmed,,2026-08-18T10:00:00+05:30
bit_af8c491e,bkg_805b514f,flight_fare,far_89af2be7,inv_e5db2335,Flight seat,2026-09-22,1,502.90,502.90,AED,confirmed,,2026-08-18T10:00:00+05:30
bit_183c4e58,bkg_9ddc8790,room_type,rmt_a369d34e,inv_2a4c4d52,Twin Economy @ The Old Regency Inn,2026-11-11,2,4277.70,8555.40,INR,confirmed,,2026-08-18T10:00:00+05:30
bit_c4f9f86f,bkg_61238605,flight_fare,far_b5ccfdea,inv_a637bfc9,Flight seat,2026-11-09,2,14317.00,28634.00,INR,confirmed,,2026-08-18T10:00:00+05:30
bit_71d6e8d1,bkg_61238605,room_type,rmt_3a584d76,inv_714e407f,Heritage Room @ Indigo Meadows Boutique Stay,2026-11-05,2,3142.70,6285.40,INR,confirmed,,2026-08-18T10:00:00+05:30
bit_11241b0a,bkg_61238605,room_type,rmt_693809d0,inv_ddf08388,Premier Suite @ Lake Bungalow by the Lake,2026-11-26,2,1954.84,3909.68,INR,confirmed,,2026-08-18T10:00:00+05:30
bit_008a3e7f,bkg_f927f8f3,room_type,rmt_c412fbac,inv_009a1c12,Standard @ Riverside Retreat Homestay,2026-11-17,1,1617.33,1617.33,INR,confirmed,,2026-08-18T10:00:00+05:30
bit_b55edf41,bkg_8a37bd91,room_type,rmt_3a595898,inv_4e2bd16a,Executive @ Indigo Verandah Homestay,2026-09-19,2,2083.20,4166.40,INR,pending,,2026-08-18T10:00:00+05:30
bit_9a1ab0b9,bkg_8a37bd91,room_type,rmt_2bfbfea7,inv_acb7eeb4,Executive @ The Old Terraces Resort,2026-09-14,1,7349.95,7349.95,INR,pending,,2026-08-18T10:00:00+05:30
bit_c0fe6d9c,bkg_4cae87e8,room_type,rmt_3a584d76,inv_d8321785,Heritage Room @ Indigo Meadows Boutique Stay,2026-10-07,1,2901.74,2901.74,INR,cancelled,,2026-08-18T10:00:00+05:30
bit_5adb6844,bkg_4cae87e8,flight_fare,far_f7ac9517,inv_0b1f1320,Flight seat,2026-11-07,2,6975.15,13950.30,INR,cancelled,,2026-08-18T10:00:00+05:30
bit_03f3fe06,bkg_c925ed11,room_type,rmt_c9808e2a,inv_5ebb4841,Family Room @ The Old Verandah Suites,2026-09-13,1,2232.98,2232.98,INR,confirmed,,2026-08-18T10:00:00+05:30
bit_05cccfc8,bkg_67b57301,room_type,rmt_3a584d76,inv_36476db4,Heritage Room @ Indigo Meadows Boutique Stay,2026-09-12,1,3227.26,3227.26,INR,cancelled,,2026-08-18T10:00:00+05:30
bit_c1c4e5fd,bkg_67b57301,flight_fare,far_2a14d0cd,inv_de0dad18,Flight seat,2026-11-28,1,12506.69,12506.69,INR,cancelled,,2026-08-18T10:00:00+05:30
bit_b35a6f26,bkg_f7eddaca,flight_fare,far_771f561e,inv_46e125d8,Flight seat,2026-09-23,2,8573996.22,17147992.44,IDR,confirmed,,2026-08-18T10:00:00+05:30
bit_0768976f,bkg_60a2b683,room_type,rmt_5df6ca92,inv_bdb1968d,Heritage Room @ Garden Ghat House & Spa,2026-09-05,1,11374.55,11374.55,AED,confirmed,,2026-08-18T10:00:00+05:30
bit_de93aa5e,bkg_2ae3a4f0,room_type,rmt_2a8aa24f,inv_b9c99335,Twin Economy @ Casa Meadows Inn,2026-09-26,2,8101.38,16202.76,NPR,confirmed,,2026-08-18T10:00:00+05:30
bit_46ddd9f9,bkg_7ef5ef04,room_type,rmt_5e6f1662,inv_8e9b26d0,Family Room @ Riverside Sarovar Boutique Stay,2026-11-11,2,6453.49,12906.98,INR,cancelled,,2026-08-18T10:00:00+05:30
bit_5f35046d,bkg_7a42f7d8,room_type,rmt_b9773ac8,inv_eb808a1d,Deluxe @ Heritage Kothi Inn,2026-11-11,2,6974.92,13949.84,INR,cancelled,,2026-08-18T10:00:00+05:30
bit_528bf36b,bkg_8caeec8f,room_type,rmt_94546c51,inv_918c9475,Premier Suite @ Royal Sarovar Boutique Stay,2026-11-17,2,5122.17,10244.34,INR,pending,,2026-08-18T10:00:00+05:30
bit_879f7d80,bkg_8caeec8f,flight_fare,far_7898c33e,inv_73d14f02,Flight seat,2026-10-18,2,10583.49,21166.98,INR,pending,,2026-08-18T10:00:00+05:30
bit_7c18d1bd,bkg_3fee874d,room_type,rmt_56416285,inv_69a09dca,Family Room @ Villa Haveli & Spa,2026-10-18,2,22358.83,44717.66,INR,confirmed,,2026-08-18T10:00:00+05:30
bit_6738c472,bkg_0d015795,room_type,rmt_e99927f7,inv_4c88e423,Standard @ Hillview Niwas by the Lake,2026-10-07,1,2635.02,2635.02,INR,confirmed,,2026-08-18T10:00:00+05:30
bit_daaebef4,bkg_83068456,room_type,rmt_e99927f7,inv_8fb5c0a3,Standard @ Hillview Niwas by the Lake,2026-09-27,2,3525.04,7050.08,INR,confirmed,,2026-08-18T10:00:00+05:30
bit_b9224d6d,bkg_45c42e50,flight_fare,far_34b1f3e3,inv_0980147a,Flight seat,2026-11-24,1,745.80,745.80,AED,confirmed,,2026-08-18T10:00:00+05:30
bit_489b9e1b,bkg_0b5c249c,flight_fare,far_97638945,inv_1fe8b5a6,Flight seat,2026-11-11,1,391.47,391.47,AED,compensated,2026-07-25T05:34:00+05:30,2026-08-18T10:00:00+05:30
bit_f291676d,bkg_cf54d828,room_type,rmt_039a87b5,inv_4338b627,Deluxe @ Riverside Sanctuary Inn,2026-10-19,2,5643.03,11286.06,INR,confirmed,,2026-08-18T10:00:00+05:30
bit_6f211685,bkg_fbee3291,flight_fare,far_1dbf8677,inv_989dc2d0,Flight seat,2026-09-04,1,28297.87,28297.87,INR,confirmed,,2026-08-18T10:00:00+05:30
bit_9efc1dd5,bkg_c4f0fcfa,room_type,rmt_3cb6cd30,inv_66b1e9b2,Heritage Room @ The Old Mahal Inn,2026-09-21,1,8287.22,8287.22,INR,confirmed,,2026-08-18T10:00:00+05:30
bit_a2330671,bkg_a185d9b9,room_type,rmt_c015a465,inv_d879b256,Executive @ Hotel Regency Boutique Stay,2026-09-30,1,8460.30,8460.30,INR,cancelled,,2026-08-18T10:00:00+05:30
bit_3befd289,bkg_a185d9b9,room_type,rmt_2bfbfea7,inv_1c679dec,Executive @ The Old Terraces Resort,2026-09-04,1,8753.54,8753.54,INR,cancelled,,2026-08-18T10:00:00+05:30
bit_1e675f05,bkg_782ab458,room_type,rmt_97174185,inv_d7fdd749,Deluxe Garden View @ Amber Retreat Homestay,2026-09-14,2,9320.51,18641.02,INR,confirmed,,2026-08-18T10:00:00+05:30
bit_5baa3753,bkg_0372dfa9,room_type,rmt_d74c67e8,inv_edcf0434,Heritage Room @ Casa Manor Inn,2026-10-05,2,12651.05,25302.10,INR,confirmed,,2026-08-18T10:00:00+05:30
bit_59e43654,bkg_0372dfa9,room_type,rmt_3aa4f9b8,inv_87d3faf0,Premier Suite @ Grand Sarovar Resort,2026-09-30,1,7786.03,7786.03,INR,confirmed,,2026-08-18T10:00:00+05:30
bit_dab758fb,bkg_412e0857,room_type,rmt_7a6d1768,inv_1bcb126a,Deluxe Garden View @ Villa Mahal Suites,2026-09-04,2,3107.33,6214.66,INR,cancelled,,2026-08-18T10:00:00+05:30
bit_daf5046d,bkg_412e0857,room_type,rmt_315d2584,inv_ae5c6e80,Executive @ Heritage Mahal & Spa,2026-09-12,1,5352.68,5352.68,INR,cancelled,,2026-08-18T10:00:00+05:30
bit_1bf9c2cf,bkg_4ca733b7,flight_fare,far_367c1d6f,inv_f32f32ac,Flight seat,2026-10-09,2,5480.93,10961.86,INR,confirmed,,2026-08-18T10:00:00+05:30
bit_c0be2dd5,bkg_4ca733b7,flight_fare,far_7ac64a1d,inv_66bc49f1,Flight seat,2026-11-09,1,23200.05,23200.05,INR,confirmed,,2026-08-18T10:00:00+05:30
bit_d0617a3b,bkg_4ca733b7,room_type,rmt_67c20089,inv_32f55a2c,Standard @ Hotel Verandah Heritage,2026-11-19,1,6849.57,6849.57,INR,confirmed,,2026-08-18T10:00:00+05:30
bit_5e033ed1,bkg_18954d81,room_type,rmt_4f14363b,inv_68288dc7,Twin Economy @ Amber Palms,2026-11-06,2,2323.84,4647.68,INR,confirmed,,2026-08-18T10:00:00+05:30
bit_f9bd20b2,bkg_18954d81,room_type,rmt_5b68a891,inv_4b963dc9,Family Room @ Royal Orchard Heritage,2026-11-19,1,36809.98,36809.98,INR,confirmed,,2026-08-18T10:00:00+05:30
bit_b3304268,bkg_db7d45d6,room_type,rmt_bc554dab,inv_78cc2f86,Heritage Room @ Indigo Vihar Inn,2026-10-27,2,7519.26,15038.52,NPR,confirmed,,2026-08-18T10:00:00+05:30
bit_965b0f39,bkg_0a6bc709,room_type,rmt_55863f33,inv_f85aa008,Executive @ Lake Bungalow by the Lake,2026-11-05,2,1612.92,3225.84,INR,confirmed,,2026-08-18T10:00:00+05:30
bit_a1fc32cf,bkg_0a6bc709,flight_fare,far_54669d70,inv_14e4aaf7,Flight seat,2026-11-29,2,5481.84,10963.68,INR,confirmed,,2026-08-18T10:00:00+05:30
bit_49b69da1,bkg_0a6bc709,room_type,rmt_0b9115b1,inv_00722dfd,Heritage Room @ Riverside Kothi Inn,2026-10-01,2,7277.30,14554.60,INR,confirmed,,2026-08-18T10:00:00+05:30
bit_c8573a5e,bkg_c06d2e5a,flight_fare,far_1262aaae,inv_47c060c4,Flight seat,2026-10-12,2,428.60,857.20,AED,confirmed,,2026-08-18T10:00:00+05:30
bit_a384ce43,bkg_4ab062bb,room_type,rmt_b2228b31,inv_9bd9c92a,Standard @ Villa Meadows Homestay,2026-11-11,2,3483.41,6966.82,INR,confirmed,,2026-08-18T10:00:00+05:30
bit_43eea318,bkg_4ab062bb,room_type,rmt_f09dd267,inv_17e05f3e,Executive @ Hillview Sarovar Inn,2026-11-11,2,4733.24,9466.48,INR,confirmed,,2026-08-18T10:00:00+05:30
bit_bc56d947,bkg_042ee911,room_type,rmt_d1336e5e,inv_0a3f94f3,Twin Economy @ Heritage Kothi Inn,2026-10-26,1,11574.75,11574.75,INR,confirmed,,2026-08-18T10:00:00+05:30
bit_dab22994,bkg_7d4cb61a,room_type,rmt_e80871dd,inv_5cf95fbf,Standard @ Lake Palms Inn,2026-09-11,2,6267.99,12535.98,INR,confirmed,,2026-08-18T10:00:00+05:30
bit_ed023180,bkg_b19d595a,flight_fare,far_93698b80,inv_0064a008,Flight seat,2026-10-19,2,689.06,1378.12,MYR,cancelled,,2026-08-18T10:00:00+05:30
bit_11900451,bkg_068982cd,room_type,rmt_28b409a4,inv_4e2bab11,Twin Economy @ Hotel Verandah & Spa,2026-11-26,1,7109.18,7109.18,THB,cancelled,,2026-08-18T10:00:00+05:30
bit_fb709dd9,bkg_5257b9f2,room_type,rmt_fcb045a1,inv_3e8d853d,Family Room @ Hillview Niwas by the Lake,2026-09-29,2,2161.28,4322.56,INR,confirmed,,2026-08-18T10:00:00+05:30
bit_e7c773bf,bkg_d895b8cb,room_type,rmt_5e6f1662,inv_6a90a90a,Family Room @ Riverside Sarovar Boutique Stay,2026-10-25,1,9137.29,9137.29,INR,confirmed,,2026-08-18T10:00:00+05:30
bit_df745902,bkg_6ace6d8e,room_type,rmt_0f009220,inv_758af4c8,Deluxe @ Palm Courtyard Heritage,2026-11-09,1,7597.93,7597.93,INR,pending,,2026-08-18T10:00:00+05:30
bit_9ef33d6e,bkg_1edeab12,room_type,rmt_c946b4c2,inv_104eb01a,Premier Suite @ Royal Sanctuary Suites,2026-10-23,2,9203.92,18407.84,INR,confirmed,,2026-08-18T10:00:00+05:30
bit_ee35dceb,bkg_c6096e0c,room_type,rmt_df2d2be7,inv_83f66263,Premier Suite @ Hillview Nest Inn,2026-11-06,1,11062.70,11062.70,INR,confirmed,,2026-08-18T10:00:00+05:30
bit_a71ecd04,bkg_b7269394,room_type,rmt_67d7c1a1,inv_f936e816,Executive @ Amber Regency Resort,2026-10-25,1,8119.82,8119.82,NPR,cancelled,,2026-08-18T10:00:00+05:30
bit_65da905c,bkg_d69720dd,room_type,rmt_0b8a155f,inv_8f2f3214,Heritage Room @ The Haveli Inn,2026-10-12,2,5657.26,11314.52,INR,confirmed,,2026-08-18T10:00:00+05:30
bit_391e4f22,bkg_e02469a4,flight_fare,far_bd9a9a65,inv_863e84eb,Flight seat,2026-11-21,2,16131.72,32263.44,THB,confirmed,,2026-08-18T10:00:00+05:30
bit_43733c85,bkg_2d7f9bc5,flight_fare,far_2ebdff63,inv_b824bdac,Flight seat,2026-10-01,1,16911.53,16911.53,INR,confirmed,,2026-08-18T10:00:00+05:30
bit_68d3cccd,bkg_2d7f9bc5,room_type,rmt_06f0a27d,inv_4e43d4d2,Heritage Room @ Hillview Nest Boutique Stay,2026-11-12,1,20639.12,20639.12,INR,confirmed,,2026-08-18T10:00:00+05:30
bit_f9d5d2c4,bkg_50980633,flight_fare,far_16af0d66,inv_2837a355,Flight seat,2026-11-27,1,77760.89,77760.89,INR,confirmed,,2026-08-18T10:00:00+05:30
bit_5b164cc2,bkg_50980633,room_type,rmt_eea5cfbe,inv_7153a68d,Family Room @ The Old Residency Suites,2026-09-04,1,16114.64,16114.64,INR,confirmed,,2026-08-18T10:00:00+05:30
bit_5a3d7902,bkg_9011626f,flight_fare,far_b05dc071,inv_8aa86d7d,Flight seat,2026-10-16,2,10839.58,21679.16,INR,confirmed,,2026-08-18T10:00:00+05:30
bit_4e2eec3b,bkg_1f01a95e,flight_fare,far_75bcd152,inv_94739bf3,Flight seat,2026-10-21,1,16903603.56,16903603.56,IDR,confirmed,,2026-08-18T10:00:00+05:30
bit_9f1e06a3,bkg_b2fbc585,room_type,rmt_c412fbac,inv_1bdddd28,Standard @ Riverside Retreat Homestay,2026-10-21,2,1514.19,3028.38,INR,confirmed,,2026-08-18T10:00:00+05:30
bit_c6dc8b6d,bkg_b2fbc585,room_type,rmt_7f9f494c,inv_63106f64,Twin Economy @ Hotel Kothi by the Lake,2026-09-07,2,6597.74,13195.48,INR,confirmed,,2026-08-18T10:00:00+05:30
bit_884b63ac,bkg_9729d3bb,flight_fare,far_aa6f1a56,inv_bdbb1146,Flight seat,2026-09-14,2,1368.38,2736.76,AED,cancelled,,2026-08-18T10:00:00+05:30
bit_51f65a8a,bkg_b056f311,room_type,rmt_605d2d42,inv_d9dc7861,Family Room @ Lake Palms Inn,2026-11-17,1,3895.35,3895.35,INR,confirmed,,2026-08-18T10:00:00+05:30
bit_4d4a26ff,bkg_23506257,room_type,rmt_fac0fd45,inv_8b24b723,Heritage Room @ Lake Kothi Heritage,2026-10-31,1,9468.40,9468.40,IDR,confirmed,,2026-08-18T10:00:00+05:30
bit_3505c3cb,bkg_f3997ce7,flight_fare,far_78b9b787,inv_fb3c8104,Flight seat,2026-09-27,1,929.84,929.84,SGD,confirmed,,2026-08-18T10:00:00+05:30
bit_1899a60b,bkg_26141541,room_type,rmt_33c6c9be,inv_f97cabde,Deluxe @ Hillview Regency by the Lake,2026-09-20,2,16164.96,32329.92,MVR,confirmed,,2026-08-18T10:00:00+05:30
bit_973447b3,bkg_959720fb,room_type,rmt_24f68d46,inv_cecfe103,Executive @ Indigo Meadows Boutique Stay,2026-11-01,1,7241.01,7241.01,INR,confirmed,,2026-08-18T10:00:00+05:30
bit_bd6bf477,bkg_959720fb,flight_fare,far_16069a3a,inv_89e28270,Flight seat,2026-10-02,2,61928.83,123857.66,INR,confirmed,,2026-08-18T10:00:00+05:30
bit_2e1bcd2a,bkg_3caf64ac,room_type,rmt_060c5796,inv_4b74eeaa,Deluxe @ Grand Kothi & Spa,2026-09-26,1,5347.97,5347.97,INR,confirmed,,2026-08-18T10:00:00+05:30
bit_9516ab04,bkg_552d26aa,room_type,rmt_a499242d,inv_1931a507,Executive @ Hillview Nest Inn,2026-11-01,2,9288.12,18576.24,INR,confirmed,,2026-08-18T10:00:00+05:30
bit_647cb1cf,bkg_552d26aa,room_type,rmt_2b67c1df,inv_c272afc9,Deluxe @ Royal Sanctuary Suites,2026-11-01,2,11076.10,22152.20,INR,confirmed,,2026-08-18T10:00:00+05:30
bit_6ded2953,bkg_552d26aa,room_type,rmt_e80871dd,inv_73671b75,Standard @ Lake Palms Inn,2026-09-27,2,5595.63,11191.26,INR,confirmed,,2026-08-18T10:00:00+05:30
bit_46888510,bkg_5c304c64,flight_fare,far_2881f97c,inv_c8e80109,Flight seat,2026-11-28,2,6115280.19,12230560.38,IDR,cancelled,,2026-08-18T10:00:00+05:30
bit_3724bf46,bkg_2aa109a8,flight_fare,far_573acf1d,inv_59fe4daf,Flight seat,2026-11-21,1,5345.22,5345.22,INR,confirmed,,2026-08-18T10:00:00+05:30
bit_7106f82c,bkg_2aa109a8,flight_fare,far_dbeabb48,inv_1500bce2,Flight seat,2026-09-04,2,17511.73,35023.46,INR,confirmed,,2026-08-18T10:00:00+05:30
bit_bac2a192,bkg_2aa109a8,flight_fare,far_3561980c,inv_91f7e5d7,Flight seat,2026-10-16,2,21687.47,43374.94,INR,confirmed,,2026-08-18T10:00:00+05:30
bit_522479cb,bkg_8033782e,flight_fare,far_d8fdffb4,inv_9e3016c7,Flight seat,2026-11-12,1,24524.56,24524.56,INR,confirmed,,2026-08-18T10:00:00+05:30
bit_e4ca2610,bkg_cc45fc09,room_type,rmt_d5d1225e,inv_ced94cac,Deluxe Garden View @ Indigo Niwas Resort,2026-11-17,1,2062.16,2062.16,INR,confirmed,,2026-08-18T10:00:00+05:30
bit_186836ab,bkg_378bbe96,room_type,rmt_3d20e0d7,inv_fcaa96f8,Standard @ Heritage Nest Boutique Stay,2026-10-22,1,4797.35,4797.35,LKR,confirmed,,2026-08-18T10:00:00+05:30
bit_9c21cd1f,bkg_9a91261a,room_type,rmt_a9b58258,inv_51b595fb,Deluxe @ Casa Manor Suites,2026-10-12,2,2208.29,4416.58,MVR,confirmed,,2026-08-18T10:00:00+05:30
bit_bcb1ee3c,bkg_d0255db9,room_type,rmt_3a595898,inv_0e6a592c,Executive @ Indigo Verandah Homestay,2026-10-18,2,2137.34,4274.68,INR,confirmed,,2026-08-18T10:00:00+05:30
bit_3dabf189,bkg_fb1fb6a0,room_type,rmt_e1b794e9,inv_e827e24a,Deluxe @ Royal Residency Inn,2026-09-18,2,16544.65,33089.30,INR,confirmed,,2026-08-18T10:00:00+05:30
bit_bb6deb4e,bkg_fb1fb6a0,flight_fare,far_9edf67cf,inv_1b49f5ea,Flight seat,2026-09-26,2,10658.36,21316.72,INR,confirmed,,2026-08-18T10:00:00+05:30
bit_f20e78b6,bkg_5f686362,room_type,rmt_c946b4c2,inv_624bda2d,Premier Suite @ Royal Sanctuary Suites,2026-11-15,2,10113.00,20226.00,INR,confirmed,,2026-08-18T10:00:00+05:30
bit_54fab643,bkg_ce6d9324,room_type,rmt_4faddc19,inv_a3240b45,Family Room @ Garden Ghat House & Spa,2026-11-08,2,6947.90,13895.80,AED,confirmed,,2026-08-18T10:00:00+05:30
bit_b26f25e6,bkg_f9454924,room_type,rmt_c946b4c2,inv_f0bee56d,Premier Suite @ Royal Sanctuary Suites,2026-09-21,2,7564.57,15129.14,INR,confirmed,,2026-08-18T10:00:00+05:30
bit_b1971967,bkg_059764be,flight_fare,far_897a1a9d,inv_0b65f18e,Flight seat,2026-10-22,1,94861.19,94861.19,INR,confirmed,,2026-08-18T10:00:00+05:30
bit_e3f38950,bkg_48c6b6b8,room_type,rmt_d74c67e8,inv_9a8ab3f7,Heritage Room @ Casa Manor Inn,2026-09-10,2,10172.53,20345.06,INR,confirmed,,2026-08-18T10:00:00+05:30
bit_6c2499cd,bkg_48c6b6b8,room_type,rmt_4a3554c4,inv_cc595c5b,Twin Economy @ Indigo Meadows by the Lake,2026-11-24,1,6711.32,6711.32,INR,confirmed,,2026-08-18T10:00:00+05:30
bit_6ab766f5,bkg_7fc8b55f,flight_fare,far_fecae894,inv_297c01cd,Flight seat,2026-09-29,2,32388.33,64776.66,INR,confirmed,,2026-08-18T10:00:00+05:30
bit_56673e7e,bkg_0361a872,room_type,rmt_d74c67e8,inv_517e4ae7,Heritage Room @ Casa Manor Inn,2026-10-19,2,12751.81,25503.62,INR,confirmed,,2026-08-18T10:00:00+05:30
bit_fc299873,bkg_bdf71ea9,room_type,rmt_3a584d76,inv_540e0f05,Heritage Room @ Indigo Meadows Boutique Stay,2026-10-16,2,3840.71,7681.42,INR,cancelled,,2026-08-18T10:00:00+05:30
bit_c60c7533,bkg_ddef48c5,room_type,rmt_5e6f1662,inv_0df746a6,Family Room @ Riverside Sarovar Boutique Stay,2026-09-09,1,7471.09,7471.09,INR,confirmed,,2026-08-18T10:00:00+05:30
bit_b149600b,bkg_0b6a3f29,room_type,rmt_9a44634e,inv_140b8e50,Premier Suite @ Indigo Verandah Homestay,2026-09-16,1,4541.37,4541.37,INR,confirmed,,2026-08-18T10:00:00+05:30
bit_b488241e,bkg_fe8b36b0,room_type,rmt_eea5cfbe,inv_3ebd895b,Family Room @ The Old Residency Suites,2026-09-18,2,20058.57,40117.14,INR,cancelled,,2026-08-18T10:00:00+05:30
bit_be7eb53d,bkg_25cb4704,room_type,rmt_c867633e,inv_9836ffe6,Standard @ Hillview Sarovar by the Lake,2026-10-15,1,14568.41,14568.41,INR,pending,,2026-08-18T10:00:00+05:30
bit_14ab4d9a,bkg_b99d91d6,flight_fare,far_59bb21ca,inv_1487cdf2,Flight seat,2026-11-01,1,4633.96,4633.96,THB,confirmed,,2026-08-18T10:00:00+05:30
bit_d0e89f7b,bkg_c6b2be62,room_type,rmt_ce7264de,inv_25b9980b,Executive @ Riverside Sanctuary Inn,2026-09-23,1,3077.39,3077.39,INR,confirmed,,2026-08-18T10:00:00+05:30
bit_0114110e,bkg_f3280b27,room_type,rmt_363659ec,inv_4bdd0d8f,Heritage Room @ Palm Nest Heritage,2026-09-24,2,6528.72,13057.44,MYR,confirmed,,2026-08-18T10:00:00+05:30
bit_6dae8a79,bkg_96d63d97,flight_fare,far_ae024e59,inv_f45f3a9a,Flight seat,2026-10-18,1,4991.68,4991.68,INR,cancelled,,2026-08-18T10:00:00+05:30
bit_9e5a6610,bkg_96d63d97,room_type,rmt_55863f33,inv_708d6451,Executive @ Lake Bungalow by the Lake,2026-10-16,1,2214.65,2214.65,INR,cancelled,,2026-08-18T10:00:00+05:30
bit_6a2587aa,bkg_461e43f9,room_type,rmt_7b889ec3,inv_73f86b8b,Family Room @ Heritage Verandah Resort,2026-10-11,2,8738.75,17477.50,INR,confirmed,,2026-08-18T10:00:00+05:30
bit_fe46f9bf,bkg_56f87249,flight_fare,far_db44d714,inv_67a1022b,Flight seat,2026-10-01,1,4527205.00,4527205.00,IDR,confirmed,,2026-08-18T10:00:00+05:30
bit_4a90d1e4,bkg_e88c1b2a,room_type,rmt_693809d0,inv_48bc6840,Premier Suite @ Lake Bungalow by the Lake,2026-09-11,2,2421.62,4843.24,INR,confirmed,,2026-08-18T10:00:00+05:30
bit_a26b513f,bkg_13f51a52,flight_fare,far_b61aef6a,inv_4471b04b,Flight seat,2026-09-10,2,18619.27,37238.54,INR,confirmed,,2026-08-18T10:00:00+05:30
bit_e7207144,bkg_13f51a52,flight_fare,far_23aa2352,inv_fd9140e7,Flight seat,2026-11-22,2,5476.70,10953.40,INR,confirmed,,2026-08-18T10:00:00+05:30
bit_931348dc,bkg_cec5d0f5,room_type,rmt_3cb6cd30,inv_2b9338cb,Heritage Room @ The Old Mahal Inn,2026-09-27,1,10429.45,10429.45,INR,confirmed,,2026-08-18T10:00:00+05:30
bit_e47f5664,bkg_440139e5,flight_fare,far_73f6042a,inv_19b9fac9,Flight seat,2026-10-14,2,3329.91,6659.82,INR,confirmed,,2026-08-18T10:00:00+05:30
bit_7836ed5c,bkg_ee09b46c,flight_fare,far_0be6630a,inv_fef5d40a,Flight seat,2026-10-03,2,1326.88,2653.76,AED,cancelled,,2026-08-18T10:00:00+05:30
bit_0c2e1531,bkg_fb92ca0b,room_type,rmt_fdc08ffa,inv_1b8ce1c3,Premier Suite @ Royal Terraces & Spa,2026-11-06,1,6681.32,6681.32,INR,confirmed,,2026-08-18T10:00:00+05:30
bit_226a2560,bkg_da9931a3,room_type,rmt_c946b4c2,inv_d6c80712,Premier Suite @ Royal Sanctuary Suites,2026-10-07,2,7692.82,15385.64,INR,cancelled,,2026-08-18T10:00:00+05:30
bit_38a41db2,bkg_b36a8110,room_type,rmt_40250c2d,inv_132a954f,Heritage Room @ Hotel Orchard Resort,2026-11-08,1,9116.17,9116.17,NPR,confirmed,,2026-08-18T10:00:00+05:30
bit_e48dda2f,bkg_bedf079c,room_type,rmt_d34a3325,inv_e1c6d83e,Premier Suite @ Hillview Nest Boutique Stay,2026-11-11,2,14380.67,28761.34,INR,confirmed,,2026-08-18T10:00:00+05:30
bit_f6499d66,bkg_1777e0de,flight_fare,far_844e74b3,inv_8fa3d3c0,Flight seat,2026-10-03,1,22871.70,22871.70,INR,confirmed,,2026-08-18T10:00:00+05:30
bit_23f5e40d,bkg_18eb1612,room_type,rmt_060c5796,inv_0e472d9c,Deluxe @ Grand Kothi & Spa,2026-09-19,2,5251.61,10503.22,INR,cancelled,,2026-08-18T10:00:00+05:30
bit_0981b17b,bkg_aaf59e58,flight_fare,far_931ad3c9,inv_38f0aa01,Flight seat,2026-09-24,2,759.75,1519.50,SGD,confirmed,,2026-08-18T10:00:00+05:30
bit_81a1e4d4,bkg_b79a8a4d,room_type,rmt_8a3c3697,inv_20f1fefc,Twin Economy @ Indigo Orchard Inn,2026-09-24,1,4016.51,4016.51,INR,cancelled,,2026-08-18T10:00:00+05:30
bit_6b4aa5fb,bkg_2d86bd63,room_type,rmt_2e70cc92,inv_9afe1153,Family Room @ Amber Bungalow Inn,2026-10-26,2,2582.43,5164.86,INR,confirmed,,2026-08-18T10:00:00+05:30
bit_0499e0a2,bkg_58270601,flight_fare,far_9154d30e,inv_a6611cdb,Flight seat,2026-10-02,1,2141.41,2141.41,MYR,confirmed,,2026-08-18T10:00:00+05:30
bit_2165b43c,bkg_7eec4c49,room_type,rmt_c0463b3f,inv_00b70819,Deluxe Garden View @ Hillview Bagh Resort,2026-09-19,2,3456.87,6913.74,INR,confirmed,,2026-08-18T10:00:00+05:30
bit_77b8d2a6,bkg_37195dfe,flight_fare,far_1b86e6ae,inv_00e66bfa,Flight seat,2026-11-26,2,28144.97,56289.94,INR,confirmed,,2026-08-18T10:00:00+05:30
bit_6631ff07,bkg_1d7a3ce3,room_type,rmt_e80871dd,inv_6bb757d4,Standard @ Lake Palms Inn,2026-10-19,2,4937.74,9875.48,INR,confirmed,,2026-08-18T10:00:00+05:30
bit_673a5d4d,bkg_1e515990,room_type,rmt_efe926e5,inv_f901a526,Standard @ The Old Vihar Resort,2026-09-14,1,17387.18,17387.18,INR,confirmed,,2026-08-18T10:00:00+05:30
bit_5fb2b81c,bkg_1e515990,room_type,rmt_3aa4f9b8,inv_3f81008c,Premier Suite @ Grand Sarovar Resort,2026-11-06,2,9123.19,18246.38,INR,confirmed,,2026-08-18T10:00:00+05:30
bit_7c47529e,bkg_d49c3637,room_type,rmt_d34a3325,inv_5e60da34,Premier Suite @ Hillview Nest Boutique Stay,2026-09-11,1,16259.30,16259.30,INR,confirmed,,2026-08-18T10:00:00+05:30
bit_0b3f4da4,bkg_f72c742c,flight_fare,far_fa9642d4,inv_10f342f0,Flight seat,2026-09-21,1,13340.59,13340.59,INR,confirmed,,2026-08-18T10:00:00+05:30
bit_9fa1deaf,bkg_f72c742c,room_type,rmt_1664a3ef,inv_b156e981,Heritage Room @ Indigo Verandah Homestay,2026-11-07,2,4797.14,9594.28,INR,confirmed,,2026-08-18T10:00:00+05:30
bit_df3ca368,bkg_810b617d,room_type,rmt_dac67beb,inv_5ddaecb6,Family Room @ Garden Vihar Suites,2026-09-14,2,3512.91,7025.82,INR,confirmed,,2026-08-18T10:00:00+05:30
bit_69fdfa40,bkg_810b617d,room_type,rmt_d5d1225e,inv_3384842c,Deluxe Garden View @ Indigo Niwas Resort,2026-09-06,2,2639.74,5279.48,INR,confirmed,,2026-08-18T10:00:00+05:30
bit_7ecf3787,bkg_4fda115c,room_type,rmt_4cf7dfce,inv_d7083967,Twin Economy @ Palm Sanctuary Boutique Stay,2026-10-09,1,12873.98,12873.98,INR,cancelled,,2026-08-18T10:00:00+05:30
bit_991adc8d,bkg_4fda115c,flight_fare,far_e0b69926,inv_6fd804bf,Flight seat,2026-11-04,1,83205.66,83205.66,INR,cancelled,,2026-08-18T10:00:00+05:30
bit_08082452,bkg_a4535d75,room_type,rmt_c07b1f2a,inv_fa40d3fc,Executive @ Garden Ghat House Resort,2026-11-26,1,4872.56,4872.56,LKR,cancelled,,2026-08-18T10:00:00+05:30
bit_0c6c9c6f,bkg_92a56376,room_type,rmt_eb19de1f,inv_502e48f6,Standard @ The Retreat Homestay,2026-09-12,1,4415.61,4415.61,QAR,confirmed,,2026-08-18T10:00:00+05:30
bit_b7bcddf2,bkg_24addae2,room_type,rmt_eea5cfbe,inv_0634c11d,Family Room @ The Old Residency Suites,2026-10-22,2,14756.04,29512.08,INR,confirmed,,2026-08-18T10:00:00+05:30
bit_3127316d,bkg_37599184,room_type,rmt_227a4718,inv_efe698f6,Premier Suite @ Casa Retreat by the Lake,2026-11-28,2,2006.20,4012.40,AED,confirmed,,2026-08-18T10:00:00+05:30
bit_39f6f694,bkg_7710eb78,flight_fare,far_fd9d4ae8,inv_9f0e6b80,Flight seat,2026-10-02,1,55607.64,55607.64,INR,pending,,2026-08-18T10:00:00+05:30
bit_7feed623,bkg_08e9ef24,room_type,rmt_91b575ba,inv_e858ca65,Executive @ Royal Sanctuary Suites  ,2026-11-12,1,6480.91,6480.91,INR,confirmed,,2026-08-18T10:00:00+05:30
bit_79d2d39b,bkg_8cd594ff,room_type,rmt_db498e20,inv_7008d273,Standard @ Royal Orchard Resort,2026-10-15,1,4159.87,4159.87,JPY,confirmed,,2026-08-18T10:00:00+05:30
bit_839939b1,bkg_4b3c6df9,room_type,rmt_58eeb2ee,inv_1ee62556,Standard @ Villa Mahal Suites,2026-10-22,1,3510.94,3510.94,INR,confirmed,,2026-08-18T10:00:00+05:30
bit_0c219393,bkg_4b3c6df9,room_type,rmt_afa1e735,inv_0f9aeb8a,Deluxe @ Garden Sanctuary by the Lake,2026-10-12,1,32164.78,32164.78,INR,confirmed,,2026-08-18T10:00:00+05:30
bit_23350475,bkg_9e40ce57,room_type,rmt_796b88e6,inv_2d98ea92,Deluxe @ The Old Vihar Resort,2026-11-21,1,33385.55,33385.55,INR,pending,,2026-08-18T10:00:00+05:30
bit_e4a4e369,bkg_9e40ce57,room_type,rmt_4cf7dfce,inv_1de10ba4,Twin Economy @ Palm Sanctuary Boutique Stay,2026-10-05,1,12571.65,12571.65,INR,pending,,2026-08-18T10:00:00+05:30
bit_8a46b10e,bkg_d374c61e,flight_fare,far_8879fc40,inv_4a05107e,Flight seat,2026-11-17,2,9625.66,19251.32,INR,confirmed,,2026-08-18T10:00:00+05:30
bit_3b0ff4f0,bkg_bbf0d265,room_type,rmt_605d2d42,inv_641b705a,Family Room @ Lake Palms Inn,2026-09-28,1,3693.18,3693.18,INR,confirmed,,2026-08-18T10:00:00+05:30
bit_57ec3805,bkg_bbf0d265,room_type,rmt_8e081aa6,inv_f43d43de,Standard @ The Old Residency,2026-09-05,1,10797.14,10797.14,INR,confirmed,,2026-08-18T10:00:00+05:30
bit_e237aff4,bkg_c00fcf14,flight_fare,far_d7896908,inv_204439ff,Flight seat,2026-10-24,2,2056.94,4113.88,INR,confirmed,,2026-08-18T10:00:00+05:30
bit_d18f0d10,bkg_c00fcf14,room_type,rmt_2e6b37c4,inv_42696065,Deluxe @ Palm Ghat House by the Lake,2026-11-21,2,3118.74,6237.48,INR,confirmed,,2026-08-18T10:00:00+05:30
bit_6333126d,bkg_5f74a52c,room_type,rmt_d1336e5e,inv_dafc9a14,Twin Economy @ Heritage Kothi Inn,2026-10-23,2,14249.34,28498.68,INR,confirmed,,2026-08-18T10:00:00+05:30
bit_0e9d6f92,bkg_1151a68e,room_type,rmt_15de3a69,inv_21a2b874,Deluxe @ Royal Manor & Spa,2026-10-09,1,12807.39,12807.39,INR,cancelled,,2026-08-18T10:00:00+05:30
bit_2b77be18,bkg_25142033,flight_fare,far_1245adbf,inv_79779187,Flight seat,2026-11-16,2,2498.23,4996.46,MYR,confirmed,,2026-08-18T10:00:00+05:30
bit_07251579,bkg_59d9c046,room_type,rmt_c015a465,inv_7fd0502b,Executive @ Hotel Regency Boutique Stay,2026-11-13,2,9434.79,18869.58,INR,cancelled,,2026-08-18T10:00:00+05:30
bit_dda514e9,bkg_bfba39c7,room_type,rmt_c9808e2a,inv_484cf818,Family Room @ The Old Verandah Suites,2026-09-17,2,1777.25,3554.50,INR,confirmed,,2026-08-18T10:00:00+05:30
bit_0b223057,bkg_bfba39c7,room_type,rmt_b2228b31,inv_ecdef95d,Standard @ Villa Meadows Homestay,2026-11-25,2,3963.27,7926.54,INR,confirmed,,2026-08-18T10:00:00+05:30
bit_b490279f,bkg_85399e9e,room_type,rmt_0d437b01,inv_49687eb7,Heritage Room @ Amber Mahal Inn,2026-09-20,2,2403.08,4806.16,INR,confirmed,,2026-08-18T10:00:00+05:30
bit_63d02aa1,bkg_ac70e9c5,room_type,rmt_e80871dd,inv_a8fc1182,Standard @ Lake Palms Inn,2026-09-17,1,4309.21,4309.21,INR,confirmed,,2026-08-18T10:00:00+05:30
bit_842a9343,bkg_0baea841,room_type,rmt_1664a3ef,inv_f311b18a,Heritage Room @ Indigo Verandah Homestay,2026-11-03,1,3615.29,3615.29,INR,confirmed,,2026-08-18T10:00:00+05:30
bit_d4932316,bkg_eea39c23,flight_fare,far_cce1b900,inv_9a6ba7a6,Flight seat,2026-09-24,1,45952.51,45952.51,INR,pending,,2026-08-18T10:00:00+05:30
bit_a64c085e,bkg_a66e80e6,room_type,rmt_8e081aa6,inv_7b9cfa0a,Standard @ The Old Residency,2026-10-09,2,11871.05,23742.10,INR,confirmed,,2026-08-18T10:00:00+05:30
bit_aad37f04,bkg_52bbf836,room_type,rmt_c946b4c2,inv_9b0d1339,Premier Suite @ Royal Sanctuary Suites,2026-11-09,2,7950.83,15901.66,INR,pending,,2026-08-18T10:00:00+05:30
bit_a4279e61,bkg_fea84623,room_type,rmt_df2d2be7,inv_58b9d431,Premier Suite @ Hillview Nest Inn,2026-09-08,1,7964.89,7964.89,INR,cancelled,,2026-08-18T10:00:00+05:30
bit_8dd506a3,bkg_68cbb4be,room_type,rmt_db498e20,inv_a42d4105,Standard @ Royal Orchard Resort,2026-09-11,2,5455.74,10911.48,JPY,confirmed,,2026-08-18T10:00:00+05:30
bit_785447de,bkg_ceeb43d1,room_type,rmt_3cb6cd30,inv_534620b5,Heritage Room @ The Old Mahal Inn,2026-10-21,2,8438.77,16877.54,INR,cancelled,,2026-08-18T10:00:00+05:30
bit_9b9b0bb5,bkg_9c76547b,flight_fare,far_9f8f3f63,inv_14c211de,Flight seat,2026-11-19,1,7876.84,7876.84,INR,confirmed,,2026-08-18T10:00:00+05:30
bit_05b2db37,bkg_3200680f,room_type,rmt_a9b58258,inv_d9b69c95,Deluxe @ Casa Manor Suites,2026-10-31,1,2683.04,2683.04,MVR,confirmed,,2026-08-18T10:00:00+05:30
bit_ad4cf19b,bkg_a9d17b5c,room_type,rmt_2b67c1df,inv_3494f6f3,Deluxe @ Royal Sanctuary Suites,2026-09-17,2,9790.81,19581.62,INR,confirmed,,2026-08-18T10:00:00+05:30
bit_170b368f,bkg_4a696557,room_type,rmt_2e6b37c4,inv_709d8cf4,Deluxe @ Palm Ghat House by the Lake,2026-09-07,2,2424.99,4849.98,INR,confirmed,,2026-08-18T10:00:00+05:30
bit_ec32c278,bkg_cf79aebe,room_type,rmt_00534217,inv_17f0f5b6,Executive @ Lake Nest Suites,2026-11-21,1,21780.48,21780.48,CHF,compensated,2026-05-24T02:04:00+05:30,2026-08-18T10:00:00+05:30
bit_d924f8d3,bkg_4f105f25,flight_fare,far_aeed757a,inv_f1fbe802,Flight seat,2026-10-30,2,13037.44,26074.88,INR,confirmed,,2026-08-18T10:00:00+05:30
bit_3b6284b4,bkg_f4aeea50,room_type,rmt_db498e20,inv_ae759b1f,Standard @ Royal Orchard Resort,2026-11-19,2,4217.08,8434.16,JPY,confirmed,,2026-08-18T10:00:00+05:30
bit_d136393f,bkg_a48bbe23,room_type,rmt_4faddc19,inv_096a67b8,Family Room @ Garden Ghat House & Spa,2026-10-11,2,5744.98,11489.96,AED,compensated,2026-07-02T23:04:00+05:30,2026-08-18T10:00:00+05:30
bit_af09b90e,bkg_901e7eff,flight_fare,far_f7320871,inv_a66b3d69,Flight seat,2026-09-02,2,150.99,301.98,SGD,confirmed,,2026-08-18T10:00:00+05:30
bit_7208b050,bkg_13dfd28b,room_type,rmt_80d53c61,inv_e05c3fa5,Premier Suite @ Royal Terraces Suites,2026-11-19,1,17136.69,17136.69,INR,confirmed,,2026-08-18T10:00:00+05:30
bit_7178c1c6,bkg_b400748a,room_type,rmt_0fc40170,inv_9792bd77,Deluxe @ Hillview Nest Inn,2026-09-12,1,14040.20,14040.20,INR,confirmed,,2026-08-18T10:00:00+05:30
bit_44589eb5,bkg_fef04f9e,flight_fare,far_8419b9ae,inv_568ec5d0,Flight seat,2026-09-13,1,8474.78,8474.78,INR,cancelled,,2026-08-18T10:00:00+05:30
bit_925cf3ce,bkg_fef04f9e,room_type,rmt_f09dd267,inv_2a664307,Executive @ Hillview Sarovar Inn,2026-09-03,2,5425.96,10851.92,INR,cancelled,,2026-08-18T10:00:00+05:30
bit_b3b54f2d,bkg_97646f57,room_type,rmt_039a87b5,inv_a9979785,Deluxe @ Riverside Sanctuary Inn,2026-10-14,2,5373.49,10746.98,INR,confirmed,,2026-08-18T10:00:00+05:30
bit_ea83220b,bkg_286b1197,room_type,rmt_c0463b3f,inv_7e87137b,Deluxe Garden View @ Hillview Bagh Resort,2026-09-13,1,3504.07,3504.07,INR,confirmed,,2026-08-18T10:00:00+05:30
bit_1bd3e769,bkg_2f7c6d6c,room_type,rmt_00534217,inv_61d92a55,Executive @ Lake Nest Suites,2026-10-05,1,22454.58,22454.58,CHF,confirmed,,2026-08-18T10:00:00+05:30
bit_508d3cb3,bkg_372bbadd,room_type,rmt_c0463b3f,inv_590eeeb6,Deluxe Garden View @ Hillview Bagh Resort,2026-10-20,1,2653.86,2653.86,INR,confirmed,,2026-08-18T10:00:00+05:30
bit_536e1fbd,bkg_372bbadd,room_type,rmt_eea5cfbe,inv_d6687103,Family Room @ The Old Residency Suites,2026-09-09,2,13699.50,27399.00,INR,confirmed,,2026-08-18T10:00:00+05:30
bit_fa0d7f3a,bkg_b2d8f11a,flight_fare,far_593ebca6,inv_35dca2fe,Flight seat,2026-10-13,2,5559.71,11119.42,INR,confirmed,,2026-08-18T10:00:00+05:30
bit_a71f63f7,bkg_11900e36,flight_fare,far_a0c8fd17,inv_c937c81c,Flight seat,2026-10-19,2,2643.72,5287.44,MYR,confirmed,,2026-08-18T10:00:00+05:30
bit_b511d309,bkg_1281d4bf,room_type,rmt_693809d0,inv_9c8066f8,Premier Suite @ Lake Bungalow by the Lake,2026-09-04,1,2429.87,2429.87,INR,cancelled,,2026-08-18T10:00:00+05:30
bit_67176000,bkg_1281d4bf,flight_fare,far_549d7851,inv_1fadaaf9,Flight seat,2026-11-29,1,8626.24,8626.24,INR,cancelled,,2026-08-18T10:00:00+05:30
bit_52746899,bkg_194495fd,flight_fare,far_08b18de2,inv_5464b57a,Flight seat,2026-11-24,2,2430.28,4860.56,INR,confirmed,,2026-08-18T10:00:00+05:30
bit_21b1e1e8,bkg_dbea96c4,flight_fare,far_87e32471,inv_b0ee84ce,Flight seat,2026-09-01,1,46948.82,46948.82,INR,confirmed,,2026-08-18T10:00:00+05:30
bit_25e479c8,bkg_dbea96c4,room_type,rmt_e99927f7,inv_373932a0,Standard @ Hillview Niwas by the Lake,2026-09-10,1,3100.67,3100.67,INR,confirmed,,2026-08-18T10:00:00+05:30
bit_118354a0,bkg_3fcb99ce,room_type,rmt_a499242d,inv_06ec20ab,Executive @ Hillview Nest Inn,2026-11-06,2,7443.82,14887.64,INR,cancelled,,2026-08-18T10:00:00+05:30
bit_0aff9f19,bkg_986ad8cd,room_type,rmt_91b575ba,inv_0ae139e9,Executive @ Royal Sanctuary Suites  ,2026-11-26,2,5192.57,10385.14,INR,cancelled,,2026-08-18T10:00:00+05:30
bit_4f87ddd2,bkg_c62fb294,flight_fare,far_2c16d2d2,inv_9c6630b0,Flight seat,2026-09-02,1,4171.08,4171.08,INR,confirmed,,2026-08-18T10:00:00+05:30
bit_10ef55b7,bkg_fef976d0,room_type,rmt_91b575ba,inv_64dcd246,Executive @ Royal Sanctuary Suites  ,2026-10-05,2,5776.87,11553.74,INR,confirmed,,2026-08-18T10:00:00+05:30
bit_2f48e6d4,bkg_762d2617,room_type,rmt_7f9f494c,inv_4e0a32aa,Twin Economy @ Hotel Kothi by the Lake,2026-11-02,1,7707.02,7707.02,INR,confirmed,,2026-08-18T10:00:00+05:30
bit_996a70fb,bkg_762d2617,room_type,rmt_2ef10b2a,inv_1f2835bd,Standard @ The Old Orchard & Spa,2026-11-23,1,20089.44,20089.44,INR,confirmed,,2026-08-18T10:00:00+05:30
bit_a4552e9e,bkg_392c279b,room_type,rmt_3d20e0d7,inv_d6dc3c3a,Standard @ Heritage Nest Boutique Stay,2026-10-10,2,5099.23,10198.46,LKR,cancelled,,2026-08-18T10:00:00+05:30
bit_e241d57c,bkg_5d117c3a,flight_fare,far_8261d4e8,inv_b800a938,Flight seat,2026-10-29,1,18212.51,18212.51,THB,cancelled,,2026-08-18T10:00:00+05:30
bit_94390a0e,bkg_95889fc8,flight_fare,far_9add78e3,inv_b1047a3f,Flight seat,2026-10-15,2,5511.62,11023.24,INR,cancelled,,2026-08-18T10:00:00+05:30
bit_e55cda30,bkg_61acc1b8,room_type,rmt_4f14363b,inv_b370500b,Twin Economy @ Amber Palms,2026-09-25,1,2306.01,2306.01,INR,confirmed,,2026-08-18T10:00:00+05:30
bit_ab9d4a0f,bkg_61acc1b8,room_type,rmt_dd931f5b,inv_320d136a,Executive @ Royal Manor & Spa,2026-11-14,2,7412.94,14825.88,INR,confirmed,,2026-08-18T10:00:00+05:30
bit_2e28fcf9,bkg_61acc1b8,flight_fare,far_e1085f86,inv_763d4146,Flight seat,2026-09-28,1,74902.96,74902.96,INR,confirmed,,2026-08-18T10:00:00+05:30
bit_4d52ae86,bkg_4b369d19,room_type,rmt_c0463b3f,inv_92c00923,Deluxe Garden View @ Hillview Bagh Resort,2026-11-14,2,4086.42,8172.84,INR,confirmed,,2026-08-18T10:00:00+05:30
bit_295c4e74,bkg_4b369d19,room_type,rmt_2db0c6c3,inv_816c63ca,Heritage Room @ Hillview Bagh Suites,2026-10-01,2,8569.64,17139.28,INR,confirmed,,2026-08-18T10:00:00+05:30
bit_732aaed1,bkg_4b369d19,room_type,rmt_3cb6cd30,inv_88436639,Heritage Room @ The Old Mahal Inn,2026-10-09,2,10174.95,20349.90,INR,confirmed,,2026-08-18T10:00:00+05:30
bit_6b436025,bkg_a4c12512,room_type,rmt_2919bbfe,inv_17800705,Heritage Room @ Palm Sarovar,2026-10-09,1,9954.81,9954.81,INR,cancelled,,2026-08-18T10:00:00+05:30
bit_9ca77254,bkg_74eeb0b5,flight_fare,far_4c4bc9c8,inv_912c99bc,Flight seat,2026-09-17,1,11354553.98,11354553.98,IDR,confirmed,,2026-08-18T10:00:00+05:30
bit_3dc37482,bkg_d03d6dec,room_type,rmt_0f2f5bb4,inv_5830e8a7,Twin Economy @ Villa Vihar Homestay,2026-10-18,1,18778.71,18778.71,INR,confirmed,,2026-08-18T10:00:00+05:30
bit_e0528de2,bkg_d03d6dec,room_type,rmt_eea5cfbe,inv_4063fd4c,Family Room @ The Old Residency Suites,2026-11-07,1,17944.08,17944.08,INR,confirmed,,2026-08-18T10:00:00+05:30
bit_a89f4233,bkg_26b66373,room_type,rmt_d1336e5e,inv_6e0f76a8,Twin Economy @ Heritage Kothi Inn,2026-10-06,2,13619.25,27238.50,INR,confirmed,,2026-08-18T10:00:00+05:30
bit_f3fe63d4,bkg_f5b52b28,flight_fare,far_754cfc9e,inv_df5ae5ca,Flight seat,2026-10-21,1,32880.82,32880.82,INR,cancelled,,2026-08-18T10:00:00+05:30
bit_462df15e,bkg_005381b1,room_type,rmt_ba5d7ad1,inv_fceb9163,Executive @ The Residency Homestay,2026-10-13,2,37960.75,75921.50,INR,confirmed,,2026-08-18T10:00:00+05:30
bit_bd7e0191,bkg_0afc7d0a,flight_fare,far_e461cf5f,inv_8c86f268,Flight seat,2026-11-10,1,2015.39,2015.39,INR,confirmed,,2026-08-18T10:00:00+05:30
bit_c5cc2ed6,bkg_475e7e93,flight_fare,far_2cec91e6,inv_5f8ab64a,Flight seat,2026-09-02,1,8431.77,8431.77,INR,confirmed,,2026-08-18T10:00:00+05:30
bit_367fd668,bkg_45a9bc65,room_type,rmt_2a8aa24f,inv_dfb4601c,Twin Economy @ Casa Meadows Inn,2026-09-06,1,7975.21,7975.21,NPR,confirmed,,2026-08-18T10:00:00+05:30
bit_3aa64601,bkg_d3fb5559,room_type,rmt_5e6f1662,inv_cb256f7d,Family Room @ Riverside Sarovar Boutique Stay,2026-09-21,1,7075.93,7075.93,INR,confirmed,,2026-08-18T10:00:00+05:30
bit_394382de,bkg_7bd0f2cd,flight_fare,far_590504b0,inv_7416af95,Flight seat,2026-11-01,1,28721.58,28721.58,INR,confirmed,,2026-08-18T10:00:00+05:30
bit_80d6dcb3,bkg_7bd0f2cd,flight_fare,far_ae919630,inv_152b3960,Flight seat,2026-09-19,1,6813.99,6813.99,INR,confirmed,,2026-08-18T10:00:00+05:30
bit_9c06655e,bkg_51199689,room_type,rmt_6499086b,inv_ea05a2e7,Standard @ Hillview Regency Suites,2026-10-29,2,2083.24,4166.48,INR,cancelled,,2026-08-18T10:00:00+05:30
bit_4a9a2945,bkg_51199689,room_type,rmt_5b68a891,inv_dccf4c8e,Family Room @ Royal Orchard Heritage,2026-10-17,1,37717.19,37717.19,INR,cancelled,,2026-08-18T10:00:00+05:30
bit_52f377b4,bkg_51199689,room_type,rmt_796b88e6,inv_e5de2a57,Deluxe @ The Old Vihar Resort,2026-10-29,2,24120.56,48241.12,INR,cancelled,,2026-08-18T10:00:00+05:30
bit_0bdf8641,bkg_1edeeb63,room_type,rmt_2e70cc92,inv_b02f3c3c,Family Room @ Amber Bungalow Inn,2026-09-20,2,2790.93,5581.86,INR,cancelled,,2026-08-18T10:00:00+05:30
bit_dbe48694,bkg_89501b26,room_type,rmt_2bfbfea7,inv_3280ae51,Executive @ The Old Terraces Resort,2026-10-22,1,7163.03,7163.03,INR,confirmed,,2026-08-18T10:00:00+05:30
bit_62fbf3d9,bkg_4fb2aa27,room_type,rmt_2466b8b6,inv_f13cc6b8,Twin Economy @ Grand Kothi Resort,2026-10-05,2,11512.10,23024.20,JPY,confirmed,,2026-08-18T10:00:00+05:30
bit_6313cfc6,bkg_d61f774c,room_type,rmt_c0463b3f,inv_fe1c1d3b,Deluxe Garden View @ Hillview Bagh Resort,2026-10-25,2,3312.70,6625.40,INR,cancelled,,2026-08-18T10:00:00+05:30
bit_e3149154,bkg_7e3355f1,room_type,rmt_e1c91b66,inv_5aade31e,Deluxe @ Indigo Meadows by the Lake,2026-10-20,1,5110.38,5110.38,INR,compensated,2026-05-14T03:49:00+05:30,2026-08-18T10:00:00+05:30
bit_73563f8a,bkg_99161de3,flight_fare,far_ac1549cb,inv_aa0a22de,Flight seat,2026-09-15,2,17240.05,34480.10,INR,confirmed,,2026-08-18T10:00:00+05:30
bit_f8c88623,bkg_185d8f06,room_type,rmt_9eb28021,inv_774decb1,Executive @ Indigo Manor Suites,2026-10-24,2,2176.71,4353.42,INR,confirmed,,2026-08-18T10:00:00+05:30
bit_2c023f49,bkg_47b2fdc7,room_type,rmt_5b68a891,inv_3f7c82d1,Family Room @ Royal Orchard Heritage,2026-09-07,2,36849.86,73699.72,INR,confirmed,,2026-08-18T10:00:00+05:30
bit_a1119cd8,bkg_1287f35c,room_type,rmt_b2228b31,inv_7a9b2cd4,Standard @ Villa Meadows Homestay,2026-09-03,1,3760.90,3760.90,INR,confirmed,,2026-08-18T10:00:00+05:30
bit_b2ad6e9d,bkg_1287f35c,room_type,rmt_ddb7c473,inv_0d290f4c,Deluxe @ Amber Orchard Suites,2026-11-19,2,2917.44,5834.88,INR,confirmed,,2026-08-18T10:00:00+05:30
bit_996c8148,bkg_1287f35c,room_type,rmt_2ef10b2a,inv_2e744a21,Standard @ The Old Orchard & Spa,2026-09-16,1,18404.66,18404.66,INR,confirmed,,2026-08-18T10:00:00+05:30
bit_b13a802c,bkg_fd5d5566,room_type,rmt_58eeb2ee,inv_33984a15,Standard @ Villa Mahal Suites,2026-11-23,2,3368.72,6737.44,INR,confirmed,,2026-08-18T10:00:00+05:30
bit_aa70f55d,bkg_fd5d5566,room_type,rmt_5e6f1662,inv_8dc4dd5f,Family Room @ Riverside Sarovar Boutique Stay,2026-10-02,2,8671.90,17343.80,INR,confirmed,,2026-08-18T10:00:00+05:30
bit_f9fb3ae6,bkg_7f0b18cd,room_type,rmt_693809d0,inv_e6ace70f,Premier Suite @ Lake Bungalow by the Lake,2026-11-21,1,3019.05,3019.05,INR,confirmed,,2026-08-18T10:00:00+05:30
bit_ff6b3ea9,bkg_bc30f44d,room_type,rmt_69fb5df6,inv_d3ab74e8,Family Room @ Lake Bungalow by the Lake,2026-11-14,1,3451.18,3451.18,INR,compensated,2026-06-28T01:49:00+05:30,2026-08-18T10:00:00+05:30
bit_d5c7fc1e,bkg_bc30f44d,flight_fare,far_bda3210a,inv_74cab9d2,Flight seat,2026-10-30,2,13529.47,27058.94,INR,compensated,2026-06-28T01:49:00+05:30,2026-08-18T10:00:00+05:30
bit_3c9b1773,bkg_07ff1c7c,room_type,rmt_55c522a8,inv_9d2b501c,Heritage Room @ Amber Retreat Homestay,2026-10-10,2,5277.53,10555.06,INR,cancelled,,2026-08-18T10:00:00+05:30
bit_a8711052,bkg_07ff1c7c,room_type,rmt_c412fbac,inv_46ce0e88,Standard @ Riverside Retreat Homestay,2026-10-15,1,1425.58,1425.58,INR,cancelled,,2026-08-18T10:00:00+05:30
bit_3fa51430,bkg_f300f6eb,room_type,rmt_bc554dab,inv_18dca9a1,Heritage Room @ Indigo Vihar Inn,2026-11-22,1,11056.73,11056.73,NPR,pending,,2026-08-18T10:00:00+05:30
bit_c7318bb5,bkg_ddc90127,room_type,rmt_5df6ca92,inv_2aebc645,Heritage Room @ Garden Ghat House & Spa,2026-11-25,2,8118.20,16236.40,AED,cancelled,,2026-08-18T10:00:00+05:30
bit_458f0ea8,bkg_2cbec209,room_type,rmt_4faddc19,inv_945fa735,Family Room @ Garden Ghat House & Spa,2026-10-17,2,6270.82,12541.64,AED,confirmed,,2026-08-18T10:00:00+05:30
bit_f8de2199,bkg_223831b3,room_type,rmt_33c6c9be,inv_d5575c45,Deluxe @ Hillview Regency by the Lake,2026-10-04,2,15126.84,30253.68,MVR,confirmed,,2026-08-18T10:00:00+05:30
bit_870b56a7,bkg_c6d19a56,room_type,rmt_55c522a8,inv_2e656262,Heritage Room @ Amber Retreat Homestay,2026-10-03,2,5395.76,10791.52,INR,confirmed,,2026-08-18T10:00:00+05:30
bit_729414c5,bkg_c6d19a56,room_type,rmt_ad2452fd,inv_e60992cd,Deluxe Garden View @ Hotel Regency Boutique Stay,2026-09-21,1,15772.86,15772.86,INR,confirmed,,2026-08-18T10:00:00+05:30
bit_eeb2d08f,bkg_2d1dda05,room_type,rmt_c867633e,inv_e0851e51,Standard @ Hillview Sarovar by the Lake,2026-10-26,2,16238.96,32477.92,INR,confirmed,,2026-08-18T10:00:00+05:30
bit_faaf03b7,bkg_f933eddc,room_type,rmt_efe926e5,inv_8915b329,Standard @ The Old Vihar Resort,2026-11-29,1,20998.87,20998.87,INR,cancelled,,2026-08-18T10:00:00+05:30
bit_b1f6def2,bkg_efdc3038,room_type,rmt_b2228b31,inv_30fa1d69,Standard @ Villa Meadows Homestay,2026-09-14,1,3791.74,3791.74,INR,cancelled,,2026-08-18T10:00:00+05:30
bit_c7eae44c,bkg_94448465,room_type,rmt_2ef10b2a,inv_dccff338,Standard @ The Old Orchard & Spa,2026-11-19,2,20075.61,40151.22,INR,confirmed,,2026-08-18T10:00:00+05:30
bit_5e88a3c0,bkg_d541c249,room_type,rmt_80d53c61,inv_029c8372,Premier Suite @ Royal Terraces Suites,2026-09-01,2,19662.49,39324.98,INR,confirmed,,2026-08-18T10:00:00+05:30
bit_81164f3f,bkg_4800decc,room_type,rmt_3cb6cd30,inv_cab5b9bb,Heritage Room @ The Old Mahal Inn,2026-09-03,2,9120.72,18241.44,INR,confirmed,,2026-08-18T10:00:00+05:30
bit_92a50b91,bkg_bfdd27db,room_type,rmt_7f9f494c,inv_b72c1c02,Twin Economy @ Hotel Kothi by the Lake,2026-09-23,1,7382.20,7382.20,INR,confirmed,,2026-08-18T10:00:00+05:30
bit_90493f0d,bkg_84a1f1a3,room_type,rmt_97174185,inv_ae8913f5,Deluxe Garden View @ Amber Retreat Homestay,2026-11-18,1,8980.72,8980.72,INR,compensated,2026-05-17T10:04:00+05:30,2026-08-18T10:00:00+05:30
bit_a355422d,bkg_f73c5cc7,room_type,rmt_4cf7dfce,inv_7b22854a,Twin Economy @ Palm Sanctuary Boutique Stay,2026-11-06,1,13938.69,13938.69,INR,cancelled,,2026-08-18T10:00:00+05:30
bit_e751e3f1,bkg_3e6ccc81,room_type,rmt_dd931f5b,inv_3c5a3176,Executive @ Royal Manor & Spa,2026-11-11,1,6985.65,6985.65,INR,confirmed,,2026-08-18T10:00:00+05:30
bit_ab16c117,bkg_3e6ccc81,room_type,rmt_ddb7c473,inv_d1ef0f08,Deluxe @ Amber Orchard Suites,2026-11-18,1,3633.99,3633.99,INR,confirmed,,2026-08-18T10:00:00+05:30
bit_bac86742,bkg_3178603e,room_type,rmt_060c5796,inv_0b36512f,Deluxe @ Grand Kothi & Spa,2026-11-19,2,4360.43,8720.86,INR,confirmed,,2026-08-18T10:00:00+05:30
bit_77d60a6d,bkg_9b353ab1,room_type,rmt_8a3c3697,inv_a8b51cfa,Twin Economy @ Indigo Orchard Inn,2026-11-05,2,4892.39,9784.78,INR,cancelled,,2026-08-18T10:00:00+05:30
bit_29a3c8c9,bkg_9b353ab1,flight_fare,far_d04f2c41,inv_19c79740,Flight seat,2026-09-22,1,17248.73,17248.73,INR,cancelled,,2026-08-18T10:00:00+05:30
bit_5cad3486,bkg_2177911a,room_type,rmt_3a584d76,inv_b6d661a9,Heritage Room @ Indigo Meadows Boutique Stay,2026-11-02,1,3178.35,3178.35,INR,confirmed,,2026-08-18T10:00:00+05:30
bit_6ae5acb9,bkg_55d397cc,room_type,rmt_2b67c1df,inv_def029d9,Deluxe @ Royal Sanctuary Suites,2026-09-16,2,8941.99,17883.98,INR,confirmed,,2026-08-18T10:00:00+05:30
bit_58931ffd,bkg_b4651544,flight_fare,far_43ba4e55,inv_5d36ed21,Flight seat,2026-11-10,2,14850.64,29701.28,INR,confirmed,,2026-08-18T10:00:00+05:30
bit_da79c56e,bkg_b4651544,flight_fare,far_3f5e8d06,inv_c1cdc640,Flight seat,2026-09-10,2,5994.83,11989.66,INR,confirmed,,2026-08-18T10:00:00+05:30
bit_b9a787d0,bkg_7471d31f,room_type,rmt_2e70cc92,inv_9a87b838,Family Room @ Amber Bungalow Inn,2026-09-01,1,2491.08,2491.08,INR,confirmed,,2026-08-18T10:00:00+05:30
bit_0f959360,bkg_7471d31f,room_type,rmt_5b68a891,inv_3e1fd76e,Family Room @ Royal Orchard Heritage,2026-11-10,1,32672.72,32672.72,INR,confirmed,,2026-08-18T10:00:00+05:30
bit_34d087f3,bkg_d2e63b19,flight_fare,far_bdc00c40,inv_3cec1d16,Flight seat,2026-11-22,1,6765.81,6765.81,INR,confirmed,,2026-08-18T10:00:00+05:30
bit_58fc8296,bkg_d2e63b19,room_type,rmt_67c20089,inv_33f50adf,Standard @ Hotel Verandah Heritage,2026-11-18,2,6214.59,12429.18,INR,confirmed,,2026-08-18T10:00:00+05:30
bit_b2f934e2,bkg_fb2c9591,flight_fare,far_3ab07596,inv_2cd38f80,Flight seat,2026-10-23,1,1567.71,1567.71,SGD,confirmed,,2026-08-18T10:00:00+05:30
bit_035baa6d,bkg_edc6a8cd,flight_fare,far_89857029,inv_7869aa22,Flight seat,2026-09-28,2,11091.86,22183.72,INR,confirmed,,2026-08-18T10:00:00+05:30
bit_15e781f5,bkg_edc6a8cd,room_type,rmt_f01a2942,inv_3b385713,Family Room @ Villa Meadows Homestay,2026-11-22,2,4991.29,9982.58,INR,confirmed,,2026-08-18T10:00:00+05:30
bit_e35cfc94,bkg_2d35984a,room_type,rmt_4a3554c4,inv_bb8862b7,Twin Economy @ Indigo Meadows by the Lake,2026-09-08,1,8389.68,8389.68,INR,compensated,2026-05-08T14:34:00+05:30,2026-08-18T10:00:00+05:30
bit_2c6ca800,bkg_797f08c6,flight_fare,far_a3a8ba05,inv_720ee333,Flight seat,2026-11-05,2,23102.12,46204.24,INR,confirmed,,2026-08-18T10:00:00+05:30
bit_c9032740,bkg_797f08c6,room_type,rmt_d74c67e8,inv_d5a4c618,Heritage Room @ Casa Manor Inn,2026-09-02,2,12624.76,25249.52,INR,confirmed,,2026-08-18T10:00:00+05:30
bit_27562ff6,bkg_c2b79064,room_type,rmt_efe926e5,inv_8a60a728,Standard @ The Old Vihar Resort,2026-11-04,1,20453.47,20453.47,INR,confirmed,,2026-08-18T10:00:00+05:30
bit_d5f8e001,bkg_d52ae254,room_type,rmt_2e70cc92,inv_7d011d5d,Family Room @ Amber Bungalow Inn,2026-09-26,2,2809.86,5619.72,INR,confirmed,,2026-08-18T10:00:00+05:30
bit_7c39846a,bkg_39ee0968,room_type,rmt_24f68d46,inv_6c264874,Executive @ Indigo Meadows Boutique Stay,2026-10-11,2,7079.30,14158.60,INR,confirmed,,2026-08-18T10:00:00+05:30
bit_d70b9737,bkg_3222ba8a,room_type,rmt_a9b58258,inv_a8cd6f4f,Deluxe @ Casa Manor Suites,2026-09-26,1,2398.50,2398.50,MVR,confirmed,,2026-08-18T10:00:00+05:30
bit_208d2a4a,bkg_4798eb81,flight_fare,far_1be5ef6e,inv_dbb4d7b8,Flight seat,2026-10-11,2,2421.15,4842.30,THB,confirmed,,2026-08-18T10:00:00+05:30
bit_f55f7272,bkg_e14ffcd7,flight_fare,far_65ffa690,inv_40ef6b5d,Flight seat,2026-09-05,2,24947.41,49894.82,INR,cancelled,,2026-08-18T10:00:00+05:30
bit_52b2800c,bkg_e14ffcd7,room_type,rmt_d5d1225e,inv_d48651cf,Deluxe Garden View @ Indigo Niwas Resort,2026-09-19,2,2714.93,5429.86,INR,cancelled,,2026-08-18T10:00:00+05:30
bit_59907ee4,bkg_bf73544b,flight_fare,far_58e0ee97,inv_32028e50,Flight seat,2026-09-21,1,9817.77,9817.77,INR,confirmed,,2026-08-18T10:00:00+05:30
bit_f5383071,bkg_faf17d11,room_type,rmt_315d2584,inv_01e7beaf,Executive @ Heritage Mahal & Spa,2026-09-17,2,3959.08,7918.16,INR,confirmed,,2026-08-18T10:00:00+05:30
bit_ce72696c,bkg_db32001a,room_type,rmt_4faddc19,inv_8c186d81,Family Room @ Garden Ghat House & Spa,2026-11-29,1,6601.65,6601.65,AED,confirmed,,2026-08-18T10:00:00+05:30
bit_f3b1636d,bkg_0603ed91,room_type,rmt_b2228b31,inv_16559a4e,Standard @ Villa Meadows Homestay,2026-09-28,2,4006.15,8012.30,INR,cancelled,,2026-08-18T10:00:00+05:30
bit_a219934e,bkg_fdf3c83a,room_type,rmt_4f14363b,inv_06c58db6,Twin Economy @ Amber Palms,2026-10-13,1,1984.13,1984.13,INR,confirmed,,2026-08-18T10:00:00+05:30
bit_d69d90b4,bkg_b0410dc0,room_type,rmt_f01a2942,inv_8f66ec95,Family Room @ Villa Meadows Homestay,2026-10-29,1,4328.56,4328.56,INR,confirmed,,2026-08-18T10:00:00+05:30
bit_8de3bf2b,bkg_b0410dc0,room_type,rmt_9eb28021,inv_43f360de,Executive @ Indigo Manor Suites,2026-10-17,2,2167.06,4334.12,INR,confirmed,,2026-08-18T10:00:00+05:30
bit_09af0cce,bkg_5c37c9d3,room_type,rmt_afa1e735,inv_fb492f76,Deluxe @ Garden Sanctuary by the Lake,2026-09-14,2,30334.56,60669.12,INR,confirmed,,2026-08-18T10:00:00+05:30
bit_d65930d3,bkg_5c37c9d3,room_type,rmt_9a44634e,inv_b653ad6f,Premier Suite @ Indigo Verandah Homestay,2026-11-15,2,5684.76,11369.52,INR,confirmed,,2026-08-18T10:00:00+05:30
bit_db84d2a8,bkg_5c37c9d3,room_type,rmt_8a3c3697,inv_2abd9496,Twin Economy @ Indigo Orchard Inn,2026-10-14,2,4240.41,8480.82,INR,confirmed,,2026-08-18T10:00:00+05:30
bit_3cc39640,bkg_6fd04671,room_type,rmt_58eeb2ee,inv_b4cb511a,Standard @ Villa Mahal Suites,2026-09-16,2,2932.57,5865.14,INR,confirmed,,2026-08-18T10:00:00+05:30
bit_87bcbb00,bkg_6fd04671,room_type,rmt_0b9115b1,inv_fed59cec,Heritage Room @ Riverside Kothi Inn,2026-11-27,2,7773.80,15547.60,INR,confirmed,,2026-08-18T10:00:00+05:30
bit_029e203a,bkg_6fd04671,flight_fare,far_6a5e08c6,inv_0c116697,Flight seat,2026-09-07,2,18648.27,37296.54,INR,confirmed,,2026-08-18T10:00:00+05:30
bit_db48f42f,bkg_eefb0757,flight_fare,far_c6cdf074,inv_ce869742,Flight seat,2026-09-01,1,71710.44,71710.44,INR,confirmed,,2026-08-18T10:00:00+05:30
bit_ff47002a,bkg_83929094,room_type,rmt_039a87b5,inv_fade7a50,Deluxe @ Riverside Sanctuary Inn,2026-09-16,2,5303.29,10606.58,INR,confirmed,,2026-08-18T10:00:00+05:30
bit_1c7cf9f7,bkg_41bd942d,room_type,rmt_0fc40170,inv_9d3448b6,Deluxe @ Hillview Nest Inn,2026-11-16,1,12020.85,12020.85,INR,compensated,2026-08-13T18:19:00+05:30,2026-08-18T10:00:00+05:30
bit_ba566d72,bkg_8c19e070,flight_fare,far_69821071,inv_b4e3f6fa,Flight seat,2026-10-08,1,16431.59,16431.59,INR,confirmed,,2026-08-18T10:00:00+05:30
bit_55de3bf5,bkg_8c19e070,room_type,rmt_060c5796,inv_b230b2d5,Deluxe @ Grand Kothi & Spa,2026-09-23,2,4749.47,9498.94,INR,confirmed,,2026-08-18T10:00:00+05:30
bit_40ae692f,bkg_8c19e070,room_type,rmt_24f68d46,inv_de349267,Executive @ Indigo Meadows Boutique Stay,2026-10-08,2,6780.20,13560.40,INR,confirmed,,2026-08-18T10:00:00+05:30
bit_24bcf4c9,bkg_5fdaa48d,room_type,rmt_d74c67e8,inv_a2a55871,Heritage Room @ Casa Manor Inn,2026-11-15,1,13970.80,13970.80,INR,confirmed,,2026-08-18T10:00:00+05:30
bit_2dd75cbc,bkg_65263f44,room_type,rmt_c946b4c2,inv_32b72931,Premier Suite @ Royal Sanctuary Suites,2026-10-27,2,8030.05,16060.10,INR,confirmed,,2026-08-18T10:00:00+05:30
bit_8f3ba73e,bkg_4b9a8024,room_type,rmt_9a44634e,inv_172ae79b,Premier Suite @ Indigo Verandah Homestay,2026-09-17,2,4808.98,9617.96,INR,confirmed,,2026-08-18T10:00:00+05:30
bit_a717e4ba,bkg_4eca0359,room_type,rmt_55863f33,inv_e13068c6,Executive @ Lake Bungalow by the Lake,2026-09-22,1,1935.94,1935.94,INR,confirmed,,2026-08-18T10:00:00+05:30
bit_e3238529,bkg_4eca0359,room_type,rmt_e1c91b66,inv_cd418b6e,Deluxe @ Indigo Meadows by the Lake,2026-09-22,1,5843.17,5843.17,INR,confirmed,,2026-08-18T10:00:00+05:30
bit_5893cb63,bkg_4eca0359,flight_fare,far_2297e880,inv_10e638bb,Flight seat,2026-11-13,2,19854.29,39708.58,INR,confirmed,,2026-08-18T10:00:00+05:30
bit_e09f44ea,bkg_6d39b917,room_type,rmt_4b888cdb,inv_c7c580ad,Executive @ Indigo Verandah Homestay,2026-11-14,2,8361.72,16723.44,INR,confirmed,,2026-08-18T10:00:00+05:30
bit_2c6d0d11,bkg_d67d3cab,room_type,rmt_1664a3ef,inv_91de4c20,Heritage Room @ Indigo Verandah Homestay,2026-10-08,1,4397.00,4397.00,INR,confirmed,,2026-08-18T10:00:00+05:30
bit_7ba944c5,bkg_b7fbe11d,room_type,rmt_b4972b6b,inv_f1603b9a,Family Room @ Hillview Palms by the Lake,2026-11-05,1,8321.95,8321.95,INR,pending,,2026-08-18T10:00:00+05:30
bit_ed2403e4,bkg_f3964a78,room_type,rmt_fc40a0df,inv_08ab700f,Twin Economy @ Lake Bagh Homestay,2026-11-24,1,7216.53,7216.53,INR,pending,,2026-08-18T10:00:00+05:30
bit_372c57c7,bkg_fb0cd2e9,flight_fare,far_2bccd708,inv_b636b08d,Flight seat,2026-10-27,1,10275.62,10275.62,INR,confirmed,,2026-08-18T10:00:00+05:30
bit_ac39c16a,bkg_5ce1aa60,room_type,rmt_ad2452fd,inv_924af4ac,Deluxe Garden View @ Hotel Regency Boutique Stay,2026-10-31,2,23368.33,46736.66,INR,confirmed,,2026-08-18T10:00:00+05:30
bit_5bbf98ed,bkg_5ce1aa60,room_type,rmt_6499086b,inv_86c001bb,Standard @ Hillview Regency Suites,2026-09-15,1,1852.24,1852.24,INR,confirmed,,2026-08-18T10:00:00+05:30
bit_d2a73d1e,bkg_e588a3ec,room_type,rmt_33c6c9be,inv_44c42f4b,Deluxe @ Hillview Regency by the Lake,2026-10-29,2,12904.86,25809.72,MVR,confirmed,,2026-08-18T10:00:00+05:30
bit_c8f664b0,bkg_f2ee1b79,room_type,rmt_7f9f494c,inv_2a1923b3,Twin Economy @ Hotel Kothi by the Lake,2026-10-04,1,9938.17,9938.17,INR,confirmed,,2026-08-18T10:00:00+05:30
bit_14bb84da,bkg_c0da2534,room_type,rmt_2b67c1df,inv_b341a087,Deluxe @ Royal Sanctuary Suites,2026-10-20,1,10390.48,10390.48,INR,cancelled,,2026-08-18T10:00:00+05:30
bit_da35046a,bkg_c0da2534,room_type,rmt_ad2452fd,inv_4c9258da,Deluxe Garden View @ Hotel Regency Boutique Stay,2026-10-07,2,19730.54,39461.08,INR,cancelled,,2026-08-18T10:00:00+05:30
bit_90cac6cd,bkg_5b78f8c7,room_type,rmt_55863f33,inv_d5e319c1,Executive @ Lake Bungalow by the Lake,2026-11-18,2,1994.46,3988.92,INR,confirmed,,2026-08-18T10:00:00+05:30
bit_09e95ff2,bkg_a59acc24,room_type,rmt_4f14363b,inv_80022599,Twin Economy @ Amber Palms,2026-11-11,1,1878.02,1878.02,INR,confirmed,,2026-08-18T10:00:00+05:30
bit_d94d434e,bkg_a59acc24,room_type,rmt_d74c67e8,inv_b704fff7,Heritage Room @ Casa Manor Inn,2026-10-30,2,14047.47,28094.94,INR,confirmed,,2026-08-18T10:00:00+05:30
bit_3b1bd70e,bkg_8d9ac522,room_type,rmt_d34a3325,inv_f43c9d4c,Premier Suite @ Hillview Nest Boutique Stay,2026-11-06,1,20084.52,20084.52,INR,confirmed,,2026-08-18T10:00:00+05:30
bit_9fd29656,bkg_21ddae72,room_type,rmt_a369d34e,inv_3f701d8f,Twin Economy @ The Old Regency Inn,2026-09-10,2,3847.87,7695.74,INR,confirmed,,2026-08-18T10:00:00+05:30
bit_76af7750,bkg_21207942,room_type,rmt_2466b8b6,inv_685b10e8,Twin Economy @ Grand Kothi Resort,2026-11-06,2,12011.12,24022.24,JPY,confirmed,,2026-08-18T10:00:00+05:30
bit_0676f767,bkg_741cd407,room_type,rmt_ddb7c473,inv_ad9d330d,Deluxe @ Amber Orchard Suites,2026-11-29,2,4217.98,8435.96,INR,confirmed,,2026-08-18T10:00:00+05:30
bit_79fb0f85,bkg_57c29f9b,room_type,rmt_e99927f7,inv_bd5635a7,Standard @ Hillview Niwas by the Lake,2026-11-12,1,2919.03,2919.03,INR,cancelled,,2026-08-18T10:00:00+05:30
bit_8e6d6a1f,bkg_94b7fd50,room_type,rmt_2ef10b2a,inv_86895cd2,Standard @ The Old Orchard & Spa,2026-10-14,2,18131.64,36263.28,INR,pending,,2026-08-18T10:00:00+05:30
bit_edfe2208,bkg_94b7fd50,flight_fare,far_d52ec522,inv_6fbc170f,Flight seat,2026-09-27,2,19659.44,39318.88,INR,pending,,2026-08-18T10:00:00+05:30
bit_f4de03d6,bkg_a3687d51,room_type,rmt_f42e207b,inv_fe540dc4,Twin Economy @ Heritage Palms,2026-11-16,1,6293.41,6293.41,INR,confirmed,,2026-08-18T10:00:00+05:30
bit_bdfe8ec1,bkg_4ddd180b,room_type,rmt_fcb045a1,inv_aa0575b1,Family Room @ Hillview Niwas by the Lake,2026-10-04,1,2728.49,2728.49,INR,pending,,2026-08-18T10:00:00+05:30
bit_ecacfdcc,bkg_f3ba14f8,room_type,rmt_fdc08ffa,inv_7cdb929e,Premier Suite @ Royal Terraces & Spa,2026-09-22,1,5384.34,5384.34,INR,cancelled,,2026-08-18T10:00:00+05:30
bit_eac65108,bkg_5cab6073,room_type,rmt_c9808e2a,inv_2758442f,Family Room @ The Old Verandah Suites,2026-11-04,2,1642.70,3285.40,INR,confirmed,,2026-08-18T10:00:00+05:30
bit_79b5065f,bkg_56c11b74,flight_fare,far_75d32fc4,inv_1e087fd1,Flight seat,2026-10-27,1,4556692.64,4556692.64,IDR,cancelled,,2026-08-18T10:00:00+05:30
bit_dd566702,bkg_fc2f500d,room_type,rmt_2e6b37c4,inv_25077709,Deluxe @ Palm Ghat House by the Lake,2026-09-09,1,2483.84,2483.84,INR,confirmed,,2026-08-18T10:00:00+05:30
bit_5c07b70c,bkg_fc2f500d,room_type,rmt_0f2f5bb4,inv_ee82144e,Twin Economy @ Villa Vihar Homestay,2026-10-28,2,14756.58,29513.16,INR,confirmed,,2026-08-18T10:00:00+05:30
bit_21c30e68,bkg_c379060f,room_type,rmt_3e31fe20,inv_1bbaaf11,Heritage Room @ Indigo Orchard & Spa,2026-11-20,2,25625.53,51251.06,AED,confirmed,,2026-08-18T10:00:00+05:30
bit_4f3671fc,bkg_9049df19,room_type,rmt_dac67beb,inv_a1fc8eba,Family Room @ Garden Vihar Suites,2026-09-12,2,3874.70,7749.40,INR,confirmed,,2026-08-18T10:00:00+05:30
bit_63b26aa8,bkg_9049df19,room_type,rmt_6499086b,inv_ab980d02,Standard @ Hillview Regency Suites,2026-10-28,2,1658.00,3316.00,INR,confirmed,,2026-08-18T10:00:00+05:30
bit_fda312a8,bkg_3e0ad678,room_type,rmt_ddb7c473,inv_6c2a0c83,Deluxe @ Amber Orchard Suites,2026-11-24,2,3437.97,6875.94,INR,confirmed,,2026-08-18T10:00:00+05:30
bit_ff7be08f,bkg_64e60d4e,flight_fare,far_db629817,inv_69ae29e7,Flight seat,2026-09-28,2,26597.57,53195.14,INR,confirmed,,2026-08-18T10:00:00+05:30
bit_22c0768c,bkg_b27c8947,flight_fare,far_3de25b1a,inv_6fb4d393,Flight seat,2026-09-02,1,33830.90,33830.90,INR,pending,,2026-08-18T10:00:00+05:30
bit_3015056e,bkg_3c274afb,room_type,rmt_1664a3ef,inv_d89ae355,Heritage Room @ Indigo Verandah Homestay,2026-09-16,1,3614.53,3614.53,INR,confirmed,,2026-08-18T10:00:00+05:30
bit_f04ed636,bkg_505ae5f5,flight_fare,far_837b390c,inv_6438d782,Flight seat,2026-10-09,1,21597.78,21597.78,INR,confirmed,,2026-08-18T10:00:00+05:30
bit_f13b6911,bkg_a05bf316,flight_fare,far_68eca6a9,inv_2455c0d2,Flight seat,2026-09-16,2,4746.56,9493.12,INR,confirmed,,2026-08-18T10:00:00+05:30
bit_42dc403f,bkg_a05bf316,flight_fare,far_370c9dd3,inv_9bde52a0,Flight seat,2026-10-04,2,4496.33,8992.66,INR,confirmed,,2026-08-18T10:00:00+05:30
bit_173f12fe,bkg_d2c9bf99,flight_fare,far_312817b1,inv_b6ba4083,Flight seat,2026-10-18,1,2726.33,2726.33,INR,confirmed,,2026-08-18T10:00:00+05:30
bit_83388025,bkg_d2c9bf99,flight_fare,far_79cac156,inv_b883af34,Flight seat,2026-11-01,1,39524.46,39524.46,INR,confirmed,,2026-08-18T10:00:00+05:30
bit_87920b06,bkg_d2c9bf99,room_type,rmt_56416285,inv_627e7270,Family Room @ Villa Haveli & Spa,2026-10-20,2,15801.18,31602.36,INR,confirmed,,2026-08-18T10:00:00+05:30
bit_47e9c8f9,bkg_e25bf284,room_type,rmt_67c20089,inv_f85e592c,Standard @ Hotel Verandah Heritage,2026-10-12,1,5647.20,5647.20,INR,compensated,2026-06-30T08:19:00+05:30,2026-08-18T10:00:00+05:30
bit_6a73ca45,bkg_e204464a,room_type,rmt_97174185,inv_8bd7abc0,Deluxe Garden View @ Amber Retreat Homestay,2026-09-06,2,12301.53,24603.06,INR,confirmed,,2026-08-18T10:00:00+05:30
bit_6a51de1c,bkg_1ca7bb5b,room_type,rmt_d1336e5e,inv_dafc9a14,Twin Economy @ Heritage Kothi Inn,2026-10-23,1,14249.34,14249.34,INR,confirmed,,2026-08-18T10:00:00+05:30
bit_cf69fbaf,bkg_1bfebbe8,room_type,rmt_2e6b37c4,inv_cc45b744,Deluxe @ Palm Ghat House by the Lake,2026-11-20,1,3423.54,3423.54,INR,confirmed,,2026-08-18T10:00:00+05:30
bit_9ecdd1ef,bkg_1bfebbe8,room_type,rmt_605d2d42,inv_a9c05d9c,Family Room @ Lake Palms Inn,2026-09-19,2,4912.55,9825.10,INR,confirmed,,2026-08-18T10:00:00+05:30
bit_5cad739a,bkg_6dded23f,room_type,rmt_693809d0,inv_ea9d6d58,Premier Suite @ Lake Bungalow by the Lake,2026-10-18,1,2423.31,2423.31,INR,confirmed,,2026-08-18T10:00:00+05:30
bit_90ebaf04,bkg_da6f37fb,room_type,rmt_4cf7dfce,inv_51ab0f76,Twin Economy @ Palm Sanctuary Boutique Stay,2026-10-21,1,11826.80,11826.80,INR,confirmed,,2026-08-18T10:00:00+05:30
bit_983e8f0b,bkg_5a203e3f,flight_fare,far_fdc3feed,inv_f68d0ea4,Flight seat,2026-10-27,1,706.67,706.67,MYR,cancelled,,2026-08-18T10:00:00+05:30
bit_f35b85f9,bkg_14a90ebb,room_type,rmt_2e6b37c4,inv_6df30f4a,Deluxe @ Palm Ghat House by the Lake,2026-11-06,2,3314.37,6628.74,INR,confirmed,,2026-08-18T10:00:00+05:30
bit_e68f69dc,bkg_14a90ebb,room_type,rmt_2b67c1df,inv_fd352923,Deluxe @ Royal Sanctuary Suites,2026-09-29,1,10786.40,10786.40,INR,confirmed,,2026-08-18T10:00:00+05:30
bit_442cfe0e,bkg_619c2d56,room_type,rmt_0fc40170,inv_6a4420ad,Deluxe @ Hillview Nest Inn,2026-10-01,1,11826.26,11826.26,INR,cancelled,,2026-08-18T10:00:00+05:30
bit_15313035,bkg_619c2d56,room_type,rmt_2ef10b2a,inv_d3547016,Standard @ The Old Orchard & Spa,2026-10-19,1,19887.26,19887.26,INR,cancelled,,2026-08-18T10:00:00+05:30
bit_64ab8af3,bkg_ebfe62ce,room_type,rmt_3aa4f9b8,inv_6a63472d,Premier Suite @ Grand Sarovar Resort,2026-09-29,1,7197.90,7197.90,INR,confirmed,,2026-08-18T10:00:00+05:30
bit_51cbe89a,bkg_0e2a8f6f,flight_fare,far_3b189410,inv_709d92b4,Flight seat,2026-09-01,2,209.61,419.22,SGD,confirmed,,2026-08-18T10:00:00+05:30
bit_af34c995,bkg_74758e73,room_type,rmt_dd931f5b,inv_f4db42c8,Executive @ Royal Manor & Spa,2026-10-09,2,7361.77,14723.54,INR,pending,,2026-08-18T10:00:00+05:30
bit_f4afafc9,bkg_b477a265,room_type,rmt_227a4718,inv_c526e74d,Premier Suite @ Casa Retreat by the Lake,2026-10-08,1,1985.76,1985.76,AED,confirmed,,2026-08-18T10:00:00+05:30
bit_16ff3160,bkg_71ce53df,room_type,rmt_94546c51,inv_6bac88e0,Premier Suite @ Royal Sarovar Boutique Stay,2026-11-10,1,4565.80,4565.80,INR,confirmed,,2026-08-18T10:00:00+05:30
bit_391c13b3,bkg_ac77c65b,room_type,rmt_363659ec,inv_eae5caaa,Heritage Room @ Palm Nest Heritage,2026-09-17,2,6527.50,13055.00,MYR,confirmed,,2026-08-18T10:00:00+05:30
bit_70d6a3b9,bkg_36d04f4b,room_type,rmt_693809d0,inv_3c8dc026,Premier Suite @ Lake Bungalow by the Lake,2026-09-13,2,2559.67,5119.34,INR,compensated,2026-05-31T05:34:00+05:30,2026-08-18T10:00:00+05:30
bit_38151359,bkg_7a5b49f8,flight_fare,far_ac1549cb,inv_aa0a22de,Flight seat,2026-09-15,2,17240.05,34480.10,INR,confirmed,,2026-08-18T10:00:00+05:30
bit_416c99a1,bkg_7a5b49f8,room_type,rmt_df2d2be7,inv_24411265,Premier Suite @ Hillview Nest Inn,2026-10-03,1,10541.14,10541.14,INR,confirmed,,2026-08-18T10:00:00+05:30
bit_156148fa,bkg_7a5b49f8,room_type,rmt_55c522a8,inv_6e665bb5,Heritage Room @ Amber Retreat Homestay,2026-11-17,2,4502.10,9004.20,INR,confirmed,,2026-08-18T10:00:00+05:30
bit_5fe42ca0,bkg_3423604c,room_type,rmt_a1a42253,inv_884d23ef,Standard @ Garden Orchard Homestay,2026-11-13,2,7101.85,14203.70,INR,confirmed,,2026-08-18T10:00:00+05:30
bit_c4f15c33,bkg_3423604c,room_type,rmt_6459e588,inv_511406bc,Deluxe @ The Terraces Resort,2026-10-05,1,12504.65,12504.65,INR,confirmed,,2026-08-18T10:00:00+05:30
bit_a8b00ce4,bkg_51867a30,room_type,rmt_2e6b37c4,inv_c08f36c8,Deluxe @ Palm Ghat House by the Lake,2026-11-18,1,2760.25,2760.25,INR,confirmed,,2026-08-18T10:00:00+05:30
bit_98bad8b6,bkg_b2b511a0,flight_fare,far_d940a8fd,inv_7875207a,Flight seat,2026-09-30,1,4162.21,4162.21,INR,confirmed,,2026-08-18T10:00:00+05:30
bit_52397f6c,bkg_c68cb540,room_type,rmt_7f9f494c,inv_5dd316b2,Twin Economy @ Hotel Kothi by the Lake,2026-11-19,2,8112.18,16224.36,INR,confirmed,,2026-08-18T10:00:00+05:30
bit_3ad8c5c7,bkg_e74beb9d,flight_fare,far_ec71e6f4,inv_690f6f2b,Flight seat,2026-11-03,1,10211.12,10211.12,INR,confirmed,,2026-08-18T10:00:00+05:30
bit_a7f349c7,bkg_e74beb9d,room_type,rmt_2bfbfea7,inv_b668c1c0,Executive @ The Old Terraces Resort,2026-11-06,1,9155.73,9155.73,INR,confirmed,,2026-08-18T10:00:00+05:30
bit_f31ec4d2,bkg_e74beb9d,room_type,rmt_e99927f7,inv_77dbac31,Standard @ Hillview Niwas by the Lake,2026-10-09,2,3181.85,6363.70,INR,confirmed,,2026-08-18T10:00:00+05:30
bit_0d52c054,bkg_cc4226d5,room_type,rmt_9eb28021,inv_1d3ddc5b,Executive @ Indigo Manor Suites,2026-09-09,1,1662.55,1662.55,INR,confirmed,,2026-08-18T10:00:00+05:30
bit_4bf50127,bkg_1afb3757,room_type,rmt_c867633e,inv_7b33aa6c,Standard @ Hillview Sarovar by the Lake,2026-10-03,2,19502.31,39004.62,INR,confirmed,,2026-08-18T10:00:00+05:30
bit_2bc8a924,bkg_1afb3757,flight_fare,far_752d743d,inv_75b6d47a,Flight seat,2026-10-27,2,47777.40,95554.80,INR,confirmed,,2026-08-18T10:00:00+05:30
bit_581a74a3,bkg_543a3150,room_type,rmt_e99927f7,inv_fd26f762,Standard @ Hillview Niwas by the Lake,2026-11-25,1,2701.27,2701.27,INR,pending,,2026-08-18T10:00:00+05:30
bit_b57fc6d8,bkg_543a3150,room_type,rmt_2b67c1df,inv_2dbead9d,Deluxe @ Royal Sanctuary Suites,2026-09-14,2,10416.55,20833.10,INR,pending,,2026-08-18T10:00:00+05:30
bit_23d372c9,bkg_9aad8c6e,flight_fare,far_91c75b7a,inv_75df0543,Flight seat,2026-11-12,1,59292.19,59292.19,INR,confirmed,,2026-08-18T10:00:00+05:30
bit_b86e3f68,bkg_a4ea58eb,flight_fare,far_ded6021c,inv_8bcee6be,Flight seat,2026-10-30,1,6082709.35,6082709.35,IDR,confirmed,,2026-08-18T10:00:00+05:30
bit_407d0087,bkg_985df086,room_type,rmt_7f9f494c,inv_79bdd96f,Twin Economy @ Hotel Kothi by the Lake,2026-10-17,2,9558.86,19117.72,INR,cancelled,,2026-08-18T10:00:00+05:30
bit_a449509e,bkg_985df086,room_type,rmt_e1c91b66,inv_451e2563,Deluxe @ Indigo Meadows by the Lake,2026-09-03,2,5159.06,10318.12,INR,cancelled,,2026-08-18T10:00:00+05:30
bit_fad80084,bkg_0ecc507f,room_type,rmt_dd931f5b,inv_f138261b,Executive @ Royal Manor & Spa,2026-09-25,1,7222.32,7222.32,INR,confirmed,,2026-08-18T10:00:00+05:30
bit_4e5e45bd,bkg_8641b8d2,room_type,rmt_060c5796,inv_b78a46f4,Deluxe @ Grand Kothi & Spa,2026-09-07,2,5231.71,10463.42,INR,confirmed,,2026-08-18T10:00:00+05:30
bit_169d4f34,bkg_8641b8d2,flight_fare,far_60505f31,inv_dcfc0fb1,Flight seat,2026-10-13,1,6896.28,6896.28,INR,confirmed,,2026-08-18T10:00:00+05:30
bit_7a6f7d76,bkg_a58a58c2,room_type,rmt_efe926e5,inv_5634bd9f,Standard @ The Old Vihar Resort,2026-10-11,1,24300.46,24300.46,INR,confirmed,,2026-08-18T10:00:00+05:30
bit_a8af5be9,bkg_77bf106d,room_type,rmt_6499086b,inv_d29e18ae,Standard @ Hillview Regency Suites,2026-11-28,2,2450.25,4900.50,INR,cancelled,,2026-08-18T10:00:00+05:30
bit_41af14ae,bkg_76ce1c52,room_type,rmt_315d2584,inv_0feb1214,Executive @ Heritage Mahal & Spa,2026-10-26,1,3906.88,3906.88,INR,cancelled,,2026-08-18T10:00:00+05:30
bit_17fe251d,bkg_1629471f,room_type,rmt_4a3554c4,inv_944182a3,Twin Economy @ Indigo Meadows by the Lake,2026-11-12,2,6799.61,13599.22,INR,confirmed,,2026-08-18T10:00:00+05:30
bit_7faccc2a,bkg_a7f7aaf1,flight_fare,far_caec2a74,inv_d5cea319,Flight seat,2026-11-08,1,29464.50,29464.50,THB,confirmed,,2026-08-18T10:00:00+05:30
bit_b137abc9,bkg_3d497c8a,room_type,rmt_c412fbac,inv_b0869be0,Standard @ Riverside Retreat Homestay,2026-11-14,2,1840.74,3681.48,INR,cancelled,,2026-08-18T10:00:00+05:30
bit_ae60b335,bkg_684f07eb,room_type,rmt_12d96357,inv_d42bcd1e,Standard @ Garden Sarovar Homestay,2026-09-09,2,6677.17,13354.34,INR,pending,,2026-08-18T10:00:00+05:30
bit_cc97ed78,bkg_5d9c9884,flight_fare,far_69297db7,inv_2b58f8a1,Flight seat,2026-11-28,1,19787973.51,19787973.51,IDR,pending,,2026-08-18T10:00:00+05:30
bit_37d4fcb3,bkg_29b6eb90,room_type,rmt_dd931f5b,inv_e794ba62,Executive @ Royal Manor & Spa,2026-10-16,1,7570.29,7570.29,INR,confirmed,,2026-08-18T10:00:00+05:30
bit_5ca4081d,bkg_f2845b85,room_type,rmt_031c6f90,inv_6ea62f66,Family Room @ Royal Terraces Suites,2026-10-18,2,30265.11,60530.22,INR,confirmed,,2026-08-18T10:00:00+05:30
bit_79c841ee,bkg_fbd88223,room_type,rmt_28b409a4,inv_eae9f4d0,Twin Economy @ Hotel Verandah & Spa,2026-10-16,1,7628.63,7628.63,THB,confirmed,,2026-08-18T10:00:00+05:30
bit_c7eaa4f9,bkg_00af60b6,room_type,rmt_bc554dab,inv_38502416,Heritage Room @ Indigo Vihar Inn,2026-11-25,1,8305.72,8305.72,NPR,confirmed,,2026-08-18T10:00:00+05:30
bit_d30f0f3f,bkg_df43d228,room_type,rmt_2b67c1df,inv_fa7b94fd,Deluxe @ Royal Sanctuary Suites,2026-09-22,2,9591.88,19183.76,INR,cancelled,,2026-08-18T10:00:00+05:30
bit_771e6a39,bkg_df43d228,room_type,rmt_5b68a891,inv_9595034e,Family Room @ Royal Orchard Heritage,2026-11-16,1,38551.28,38551.28,INR,cancelled,,2026-08-18T10:00:00+05:30
bit_2a4a624d,bkg_1c03ac2e,room_type,rmt_15de3a69,inv_d5ed2997,Deluxe @ Royal Manor & Spa,2026-11-20,2,14565.67,29131.34,INR,cancelled,,2026-08-18T10:00:00+05:30
bit_74f0ade6,bkg_1c03ac2e,flight_fare,far_f480bc33,inv_4b911bf2,Flight seat,2026-11-15,1,20313.47,20313.47,INR,cancelled,,2026-08-18T10:00:00+05:30
bit_86af7caf,bkg_c91c9f58,flight_fare,far_ef5a7075,inv_49d814b6,Flight seat,2026-10-02,1,14716.58,14716.58,INR,confirmed,,2026-08-18T10:00:00+05:30
bit_d42295cf,bkg_8a81c7b9,room_type,rmt_97174185,inv_ac0276cc,Deluxe Garden View @ Amber Retreat Homestay,2026-09-05,2,10194.50,20389.00,INR,confirmed,,2026-08-18T10:00:00+05:30
bit_d5a991a3,bkg_44fc43f8,flight_fare,far_a703abda,inv_a52f3e42,Flight seat,2026-09-04,2,20843.38,41686.76,THB,cancelled,,2026-08-18T10:00:00+05:30
bit_417863da,bkg_308486bd,room_type,rmt_b9773ac8,inv_e03360d2,Deluxe @ Heritage Kothi Inn,2026-09-13,2,9609.00,19218.00,INR,cancelled,,2026-08-18T10:00:00+05:30
bit_f8deb30f,bkg_a523e457,flight_fare,far_fa813182,inv_0e53aeda,Flight seat,2026-09-17,2,22316.58,44633.16,INR,cancelled,,2026-08-18T10:00:00+05:30
bit_f3f8ae75,bkg_10cc31f7,room_type,rmt_e99927f7,inv_cbfe70b3,Standard @ Hillview Niwas by the Lake,2026-09-28,1,2518.27,2518.27,INR,confirmed,,2026-08-18T10:00:00+05:30
bit_198da0e7,bkg_10cc31f7,flight_fare,far_61a9adb9,inv_a301dfbe,Flight seat,2026-10-01,2,105192.03,210384.06,INR,confirmed,,2026-08-18T10:00:00+05:30
bit_3990e79e,bkg_b9fd51e5,room_type,rmt_bc554dab,inv_8b941ac4,Heritage Room @ Indigo Vihar Inn,2026-10-16,1,10175.40,10175.40,NPR,confirmed,,2026-08-18T10:00:00+05:30
bit_5450a0e3,bkg_2954b3c9,room_type,rmt_4faddc19,inv_dcbfe907,Family Room @ Garden Ghat House & Spa,2026-09-15,1,5533.05,5533.05,AED,confirmed,,2026-08-18T10:00:00+05:30
bit_8feaeae9,bkg_51a3ec1f,room_type,rmt_12d96357,inv_f72a5516,Standard @ Garden Sarovar Homestay,2026-11-27,2,8120.39,16240.78,INR,cancelled,,2026-08-18T10:00:00+05:30
bit_89b2e72e,bkg_df956d7f,room_type,rmt_12d96357,inv_49e9ba17,Standard @ Garden Sarovar Homestay,2026-11-04,2,7483.56,14967.12,INR,confirmed,,2026-08-18T10:00:00+05:30
bit_03add1a8,bkg_95fb39e2,flight_fare,far_3423ed86,inv_af4c487e,Flight seat,2026-10-15,2,391.27,782.54,AED,confirmed,,2026-08-18T10:00:00+05:30
bit_947ea94f,bkg_a7015bda,room_type,rmt_039a87b5,inv_c7dc3ee7,Deluxe @ Riverside Sanctuary Inn,2026-11-11,2,5187.91,10375.82,INR,pending,,2026-08-18T10:00:00+05:30
bit_92448d9b,bkg_68297e2e,room_type,rmt_0b8a155f,inv_2264ffb6,Heritage Room @ The Haveli Inn,2026-09-17,1,6518.17,6518.17,INR,confirmed,,2026-08-18T10:00:00+05:30
bit_4a5d50fd,bkg_a5233099,room_type,rmt_e80871dd,inv_523acbe2,Standard @ Lake Palms Inn,2026-11-25,2,5058.96,10117.92,INR,confirmed,,2026-08-18T10:00:00+05:30
bit_d8112809,bkg_a5233099,flight_fare,far_97fb1998,inv_0bac0120,Flight seat,2026-11-10,2,12374.16,24748.32,INR,confirmed,,2026-08-18T10:00:00+05:30
bit_dd75c469,bkg_00486373,flight_fare,far_ea49b331,inv_27a2c9db,Flight seat,2026-11-26,1,25738.62,25738.62,INR,confirmed,,2026-08-18T10:00:00+05:30
bit_87167592,bkg_00486373,flight_fare,far_063c7a42,inv_f7119f78,Flight seat,2026-09-25,2,3191.12,6382.24,INR,confirmed,,2026-08-18T10:00:00+05:30
bit_46f9fa20,bkg_291943b3,room_type,rmt_7f9f494c,inv_2671c01a,Twin Economy @ Hotel Kothi by the Lake,2026-11-03,1,8107.99,8107.99,INR,confirmed,,2026-08-18T10:00:00+05:30
bit_e69f71d8,bkg_291943b3,room_type,rmt_2919bbfe,inv_9757a0a3,Heritage Room @ Palm Sarovar,2026-09-14,1,9367.31,9367.31,INR,confirmed,,2026-08-18T10:00:00+05:30
bit_74b55f90,bkg_7f546837,room_type,rmt_d34a3325,inv_b9f528f0,Premier Suite @ Hillview Nest Boutique Stay,2026-09-08,1,16301.77,16301.77,INR,confirmed,,2026-08-18T10:00:00+05:30
bit_a121b77b,bkg_9ab9e4a1,room_type,rmt_3d20e0d7,inv_9e40c4f1,Standard @ Heritage Nest Boutique Stay,2026-11-02,1,5187.78,5187.78,LKR,confirmed,,2026-08-18T10:00:00+05:30
bit_ecb6157b,bkg_3acc5457,room_type,rmt_c0463b3f,inv_1b76e4b3,Deluxe Garden View @ Hillview Bagh Resort,2026-10-12,1,3210.90,3210.90,INR,cancelled,,2026-08-18T10:00:00+05:30
bit_1ff21eed,bkg_374f058c,room_type,rmt_1664a3ef,inv_eb098bed,Heritage Room @ Indigo Verandah Homestay,2026-09-18,2,4737.27,9474.54,INR,confirmed,,2026-08-18T10:00:00+05:30
bit_caf42fcc,bkg_4563fc61,flight_fare,far_67962d6e,inv_d38dbadf,Flight seat,2026-10-07,1,25859.71,25859.71,INR,confirmed,,2026-08-18T10:00:00+05:30
bit_53649269,bkg_4563fc61,room_type,rmt_c0463b3f,inv_95f0ae14,Deluxe Garden View @ Hillview Bagh Resort,2026-10-05,1,2697.93,2697.93,INR,confirmed,,2026-08-18T10:00:00+05:30
bit_837f682a,bkg_659617fc,room_type,rmt_0f009220,inv_0564a785,Deluxe @ Palm Courtyard Heritage,2026-11-19,1,8355.07,8355.07,INR,confirmed,,2026-08-18T10:00:00+05:30
bit_c98e2743,bkg_e922e2e8,room_type,rmt_c0463b3f,inv_3df2caf3,Deluxe Garden View @ Hillview Bagh Resort,2026-11-05,2,3080.10,6160.20,INR,confirmed,,2026-08-18T10:00:00+05:30
bit_86959d74,bkg_8677df39,flight_fare,far_c8d22607,inv_738f8fb5,Flight seat,2026-09-08,1,48772.96,48772.96,INR,confirmed,,2026-08-18T10:00:00+05:30
bit_44a3bac3,bkg_8944da86,room_type,rmt_261249fc,inv_e729dddc,Heritage Room @ Indigo Sarovar Heritage,2026-11-19,2,8286.81,16573.62,INR,confirmed,,2026-08-18T10:00:00+05:30
bit_8d2292f1,bkg_8944da86,room_type,rmt_06f0a27d,inv_1c9716de,Heritage Room @ Hillview Nest Boutique Stay,2026-11-04,2,19340.22,38680.44,INR,confirmed,,2026-08-18T10:00:00+05:30
bit_4d46239a,bkg_8944da86,flight_fare,far_9b48919f,inv_8b7877ac,Flight seat,2026-11-06,1,55587.03,55587.03,INR,confirmed,,2026-08-18T10:00:00+05:30
bit_cf4250ff,bkg_ef46ffc1,room_type,rmt_4acc0255,inv_f8b07ea5,Deluxe @ The Old Residency Resort,2026-10-18,1,14262.58,14262.58,SGD,confirmed,,2026-08-18T10:00:00+05:30
bit_82218caf,bkg_928b9ed2,room_type,rmt_188dccb2,inv_0c5c7137,Heritage Room @ Amber Sanctuary Homestay,2026-11-04,1,6899.30,6899.30,INR,cancelled,,2026-08-18T10:00:00+05:30
bit_0e627ca7,bkg_d2bd507d,room_type,rmt_4cf7dfce,inv_fc10cba9,Twin Economy @ Palm Sanctuary Boutique Stay,2026-11-03,1,10525.49,10525.49,INR,confirmed,,2026-08-18T10:00:00+05:30
bit_b291b88c,bkg_d2bd507d,room_type,rmt_b9773ac8,inv_2d149ed9,Deluxe @ Heritage Kothi Inn,2026-10-09,2,9586.59,19173.18,INR,confirmed,,2026-08-18T10:00:00+05:30
bit_007b544e,bkg_10ea4f22,room_type,rmt_e1b794e9,inv_ce2af0ff,Deluxe @ Royal Residency Inn,2026-09-25,2,17043.36,34086.72,INR,cancelled,,2026-08-18T10:00:00+05:30
bit_d7b4518d,bkg_569c72b7,room_type,rmt_5e6f1662,inv_e3b4c6cc,Family Room @ Riverside Sarovar Boutique Stay,2026-11-13,1,8265.89,8265.89,INR,confirmed,,2026-08-18T10:00:00+05:30
bit_2b73c88c,bkg_569c72b7,room_type,rmt_54db1870,inv_b7f1b954,Deluxe @ Hillview Sarovar Inn,2026-09-22,1,2329.56,2329.56,INR,confirmed,,2026-08-18T10:00:00+05:30
bit_96d8f4d9,bkg_30e7d689,room_type,rmt_060c5796,inv_a9db5ef1,Deluxe @ Grand Kothi & Spa,2026-10-05,1,4828.19,4828.19,INR,confirmed,,2026-08-18T10:00:00+05:30
bit_502ea289,bkg_1b9d30b2,room_type,rmt_3e31fe20,inv_53d928e7,Heritage Room @ Indigo Orchard & Spa,2026-11-13,2,20161.99,40323.98,AED,confirmed,,2026-08-18T10:00:00+05:30
bit_1937804d,bkg_fafde146,flight_fare,far_336ea560,inv_94335ee5,Flight seat,2026-10-24,2,15803.82,31607.64,INR,cancelled,,2026-08-18T10:00:00+05:30
bit_180bc31d,bkg_802b25f7,room_type,rmt_dd931f5b,inv_13718b9a,Executive @ Royal Manor & Spa,2026-11-09,1,6478.41,6478.41,INR,confirmed,,2026-08-18T10:00:00+05:30
bit_0c1750c1,bkg_802b25f7,room_type,rmt_ddb7c473,inv_2fe40643,Deluxe @ Amber Orchard Suites,2026-09-20,2,4381.65,8763.30,INR,confirmed,,2026-08-18T10:00:00+05:30
bit_badac4af,bkg_802b25f7,flight_fare,far_370233df,inv_e61521b6,Flight seat,2026-09-16,1,16873.55,16873.55,INR,confirmed,,2026-08-18T10:00:00+05:30
bit_dba13985,bkg_b1f4436c,room_type,rmt_2e70cc92,inv_676f5d99,Family Room @ Amber Bungalow Inn,2026-11-29,1,3032.32,3032.32,INR,confirmed,,2026-08-18T10:00:00+05:30
bit_495fb26f,bkg_e03b2be6,room_type,rmt_fcb045a1,inv_a8bc0ea9,Family Room @ Hillview Niwas by the Lake,2026-11-10,2,2450.61,4901.22,INR,confirmed,,2026-08-18T10:00:00+05:30
bit_0970e8fe,bkg_488d9827,room_type,rmt_67d7c1a1,inv_4a67f2e5,Executive @ Amber Regency Resort,2026-09-03,1,5878.47,5878.47,NPR,compensated,2026-05-09T18:34:00+05:30,2026-08-18T10:00:00+05:30
bit_35631ec6,bkg_58cd1026,room_type,rmt_f09dd267,inv_cddb9bc6,Executive @ Hillview Sarovar Inn,2026-10-02,2,6748.86,13497.72,INR,cancelled,,2026-08-18T10:00:00+05:30
bit_8556809e,bkg_e2896b74,room_type,rmt_1664a3ef,inv_57d9b5c3,Heritage Room @ Indigo Verandah Homestay,2026-11-06,2,5144.23,10288.46,INR,confirmed,,2026-08-18T10:00:00+05:30
bit_3195c68a,bkg_c86bda9a,room_type,rmt_f42e207b,inv_99b73e75,Twin Economy @ Heritage Palms,2026-10-23,1,8931.75,8931.75,INR,confirmed,,2026-08-18T10:00:00+05:30
bit_fe7556dc,bkg_776b7510,room_type,rmt_6459e588,inv_7f4f7b25,Deluxe @ The Terraces Resort,2026-11-29,1,15917.77,15917.77,INR,confirmed,,2026-08-18T10:00:00+05:30
bit_be2e9a2b,bkg_d670bf78,room_type,rmt_ce7264de,inv_db6441f8,Executive @ Riverside Sanctuary Inn,2026-11-13,1,3533.75,3533.75,INR,confirmed,,2026-08-18T10:00:00+05:30
bit_32f0e506,bkg_b24f4b74,room_type,rmt_dac67beb,inv_5f8a9b79,Family Room @ Garden Vihar Suites,2026-11-09,1,3057.89,3057.89,INR,confirmed,,2026-08-18T10:00:00+05:30
bit_91a31ba9,bkg_b24f4b74,room_type,rmt_ad2452fd,inv_ab4b4690,Deluxe Garden View @ Hotel Regency Boutique Stay,2026-09-18,1,20839.91,20839.91,INR,confirmed,,2026-08-18T10:00:00+05:30
bit_8e6cba76,bkg_60def451,room_type,rmt_d5d1225e,inv_af232e1f,Deluxe Garden View @ Indigo Niwas Resort,2026-11-14,2,2814.93,5629.86,INR,confirmed,,2026-08-18T10:00:00+05:30
bit_c0b8e957,bkg_dcbacaf5,room_type,rmt_f09dd267,inv_68a1e6d4,Executive @ Hillview Sarovar Inn,2026-11-08,2,6344.86,12689.72,INR,confirmed,,2026-08-18T10:00:00+05:30
bit_61576d59,bkg_328182f0,room_type,rmt_c412fbac,inv_43a4a95f,Standard @ Riverside Retreat Homestay,2026-10-29,1,1553.72,1553.72,INR,confirmed,,2026-08-18T10:00:00+05:30
bit_0d6a1ac5,bkg_34957b9b,flight_fare,far_0a6a10b2,inv_b2b04179,Flight seat,2026-11-11,1,2386.79,2386.79,INR,confirmed,,2026-08-18T10:00:00+05:30
bit_bced95c0,bkg_87c4d0c4,room_type,rmt_33c6c9be,inv_c49fff20,Deluxe @ Hillview Regency by the Lake,2026-09-26,1,15137.00,15137.00,MVR,confirmed,,2026-08-18T10:00:00+05:30
bit_97124e5f,bkg_3ac16db9,room_type,rmt_a1a42253,inv_0e3edd62,Standard @ Garden Orchard Homestay,2026-11-10,2,7405.52,14811.04,INR,confirmed,,2026-08-18T10:00:00+05:30
bit_1140eae0,bkg_3ac16db9,room_type,rmt_55863f33,inv_7645d06b,Executive @ Lake Bungalow by the Lake,2026-09-29,1,1924.61,1924.61,INR,confirmed,,2026-08-18T10:00:00+05:30
bit_cd5f624a,bkg_d28055ed,room_type,rmt_4be4b5c2,inv_99d4b6b9,Executive @ Hillview Niwas by the Lake,2026-11-05,2,3691.10,7382.20,INR,confirmed,,2026-08-18T10:00:00+05:30
bit_599d1556,bkg_d28055ed,flight_fare,far_e7a4a440,inv_b733d854,Flight seat,2026-09-27,2,11895.28,23790.56,INR,confirmed,,2026-08-18T10:00:00+05:30
bit_a02673a2,bkg_d28055ed,flight_fare,far_b1affc05,inv_dcfd7810,Flight seat,2026-09-05,1,4958.72,4958.72,INR,confirmed,,2026-08-18T10:00:00+05:30
bit_28949893,bkg_11f23f11,room_type,rmt_bc554dab,inv_8a9987a2,Heritage Room @ Indigo Vihar Inn,2026-09-16,1,8491.39,8491.39,NPR,confirmed,,2026-08-18T10:00:00+05:30
bit_97efa51d,bkg_295daf83,room_type,rmt_40250c2d,inv_1eff55b8,Heritage Room @ Hotel Orchard Resort,2026-11-27,1,9530.69,9530.69,NPR,cancelled,,2026-08-18T10:00:00+05:30
bit_9ddea6ee,bkg_2fc39ec6,room_type,rmt_afa1e735,inv_367f6720,Deluxe @ Garden Sanctuary by the Lake,2026-10-11,2,37089.66,74179.32,INR,pending,,2026-08-18T10:00:00+05:30
bit_9c47afc7,bkg_f93637f6,flight_fare,far_f5d86421,inv_9ae53277,Flight seat,2026-10-06,1,17263.03,17263.03,INR,confirmed,,2026-08-18T10:00:00+05:30
bit_22f46ab8,bkg_76fa2982,flight_fare,far_261cb5ef,inv_ea71effd,Flight seat,2026-10-04,1,92163.47,92163.47,INR,confirmed,,2026-08-18T10:00:00+05:30
bit_63ae7892,bkg_76fa2982,room_type,rmt_ce7264de,inv_29bf14b7,Executive @ Riverside Sanctuary Inn,2026-10-24,1,3517.85,3517.85,INR,confirmed,,2026-08-18T10:00:00+05:30
bit_c6a84aed,bkg_70931c84,flight_fare,far_75547e7f,inv_b07732ba,Flight seat,2026-10-02,1,14619.23,14619.23,INR,confirmed,,2026-08-18T10:00:00+05:30
bit_87e79f24,bkg_97b9b223,room_type,rmt_2bfbfea7,inv_88eecd99,Executive @ The Old Terraces Resort,2026-11-22,1,8174.56,8174.56,INR,confirmed,,2026-08-18T10:00:00+05:30
bit_0a7109a9,bkg_ea87a153,room_type,rmt_33c6c9be,inv_3254b9d4,Deluxe @ Hillview Regency by the Lake,2026-11-17,2,13098.03,26196.06,MVR,confirmed,,2026-08-18T10:00:00+05:30
bit_54bcb012,bkg_18de3df4,room_type,rmt_0f2f5bb4,inv_299e3abd,Twin Economy @ Villa Vihar Homestay,2026-09-29,2,15458.55,30917.10,INR,pending,,2026-08-18T10:00:00+05:30
bit_f2ea19bd,bkg_18de3df4,flight_fare,far_f18ad428,inv_aaf1d41d,Flight seat,2026-11-29,2,14839.90,29679.80,INR,pending,,2026-08-18T10:00:00+05:30
bit_b58ccf85,bkg_8082e2d9,room_type,rmt_fac0fd45,inv_ba3a5ef9,Heritage Room @ Lake Kothi Heritage,2026-10-29,2,6651.51,13303.02,IDR,confirmed,,2026-08-18T10:00:00+05:30
bit_f0c02734,bkg_8643f024,room_type,rmt_97174185,inv_ae8913f5,Deluxe Garden View @ Amber Retreat Homestay,2026-11-18,1,8980.72,8980.72,INR,confirmed,,2026-08-18T10:00:00+05:30
bit_3b4bc36d,bkg_8643f024,room_type,rmt_8e081aa6,inv_61554a2a,Standard @ The Old Residency,2026-11-12,2,7767.98,15535.96,INR,confirmed,,2026-08-18T10:00:00+05:30
bit_a0ecfa4b,bkg_7b220428,flight_fare,far_a9ee4497,inv_704d8f66,Flight seat,2026-10-12,2,108.70,217.40,SGD,confirmed,,2026-08-18T10:00:00+05:30
bit_f09a4b95,bkg_b52d79ba,room_type,rmt_2ef10b2a,inv_ab00b839,Standard @ The Old Orchard & Spa,2026-11-28,1,21159.05,21159.05,INR,confirmed,,2026-08-18T10:00:00+05:30
bit_83b5a789,bkg_81de8b23,flight_fare,far_b69d8596,inv_b6554fc4,Flight seat,2026-11-13,2,35321.62,70643.24,INR,compensated,2026-06-01T16:34:00+05:30,2026-08-18T10:00:00+05:30
bit_78c93444,bkg_81de8b23,room_type,rmt_24f68d46,inv_9af60098,Executive @ Indigo Meadows Boutique Stay,2026-09-30,2,6731.56,13463.12,INR,compensated,2026-06-01T16:34:00+05:30,2026-08-18T10:00:00+05:30
bit_b373d72e,bkg_bc18e90e,room_type,rmt_1d1c6517,inv_826e518d,Deluxe Garden View @ Lake Kothi Resort,2026-09-28,2,2826.43,5652.86,CHF,cancelled,,2026-08-18T10:00:00+05:30
bit_a68fb78a,bkg_5e7b9fa4,room_type,rmt_15de3a69,inv_bbf9ebea,Deluxe @ Royal Manor & Spa,2026-11-18,2,9440.26,18880.52,INR,cancelled,,2026-08-18T10:00:00+05:30
bit_3a0ed13d,bkg_e552465d,room_type,rmt_2a8aa24f,inv_6ac9d4bc,Twin Economy @ Casa Meadows Inn,2026-10-06,1,5499.90,5499.90,NPR,confirmed,,2026-08-18T10:00:00+05:30
bit_d61b207a,bkg_4b349c64,room_type,rmt_6499086b,inv_484f33c3,Standard @ Hillview Regency Suites,2026-11-26,2,1884.56,3769.12,INR,confirmed,,2026-08-18T10:00:00+05:30
bit_2b67113b,bkg_882daaa3,room_type,rmt_ce7264de,inv_889880db,Executive @ Riverside Sanctuary Inn,2026-11-27,2,3644.49,7288.98,INR,confirmed,,2026-08-18T10:00:00+05:30
bit_68b5136c,bkg_61486b05,flight_fare,far_e1e97cf2,inv_82b3e709,Flight seat,2026-11-10,1,38097.90,38097.90,INR,compensated,2026-04-21T13:49:00+05:30,2026-08-18T10:00:00+05:30
bit_697927e5,bkg_63722f33,room_type,rmt_28b409a4,inv_b3d21a63,Twin Economy @ Hotel Verandah & Spa,2026-10-17,1,9125.43,9125.43,THB,confirmed,,2026-08-18T10:00:00+05:30
bit_e949a52d,bkg_4a1db998,room_type,rmt_c867633e,inv_bb3d7df1,Standard @ Hillview Sarovar by the Lake,2026-09-07,1,17076.49,17076.49,INR,confirmed,,2026-08-18T10:00:00+05:30
bit_db42116f,bkg_e9c05610,room_type,rmt_5b68a891,inv_fb09f96b,Family Room @ Royal Orchard Heritage,2026-11-26,2,32147.67,64295.34,INR,confirmed,,2026-08-18T10:00:00+05:30
bit_f65504cd,bkg_12d99074,flight_fare,far_35124b29,inv_93f334c4,Flight seat,2026-09-19,1,16887.58,16887.58,THB,confirmed,,2026-08-18T10:00:00+05:30
bit_21edd99a,bkg_6f493ac7,room_type,rmt_9eb28021,inv_774decb1,Executive @ Indigo Manor Suites,2026-10-24,2,2176.71,4353.42,INR,confirmed,,2026-08-18T10:00:00+05:30
bit_ffa82fb7,bkg_6f493ac7,room_type,rmt_5b68a891,inv_c1927a0f,Family Room @ Royal Orchard Heritage,2026-11-15,1,43266.76,43266.76,INR,confirmed,,2026-08-18T10:00:00+05:30
bit_a826dbd4,bkg_d9794526,room_type,rmt_c015a465,inv_4099cc7b,Executive @ Hotel Regency Boutique Stay,2026-11-11,1,7830.75,7830.75,INR,confirmed,,2026-08-18T10:00:00+05:30
bit_ef5273b4,bkg_cac83d8e,room_type,rmt_0d437b01,inv_2175eee1,Heritage Room @ Amber Mahal Inn,2026-09-27,2,2587.49,5174.98,INR,confirmed,,2026-08-18T10:00:00+05:30
bit_d3b6dd10,bkg_e6972770,room_type,rmt_55c522a8,inv_c82696b8,Heritage Room @ Amber Retreat Homestay,2026-11-27,2,5223.79,10447.58,INR,confirmed,,2026-08-18T10:00:00+05:30
bit_a21cfbf7,bkg_557ae3aa,room_type,rmt_0f2f5bb4,inv_d0d72371,Twin Economy @ Villa Vihar Homestay,2026-10-10,2,17794.29,35588.58,INR,confirmed,,2026-08-18T10:00:00+05:30
bit_b318605b,bkg_0fbddeba,room_type,rmt_fcb045a1,inv_85972e1e,Family Room @ Hillview Niwas by the Lake,2026-10-17,2,2732.52,5465.04,INR,confirmed,,2026-08-18T10:00:00+05:30
bit_ec858966,bkg_0fbddeba,room_type,rmt_4b888cdb,inv_56d5de1e,Executive @ Indigo Verandah Homestay,2026-11-20,2,7695.42,15390.84,INR,confirmed,,2026-08-18T10:00:00+05:30
bit_4b08626b,bkg_71450fd7,flight_fare,far_d0605269,inv_48c2a6a3,Flight seat,2026-11-27,2,33717.14,67434.28,INR,cancelled,,2026-08-18T10:00:00+05:30
bit_39777566,bkg_71450fd7,room_type,rmt_a499242d,inv_8ecb4da4,Executive @ Hillview Nest Inn,2026-09-28,1,6313.05,6313.05,INR,cancelled,,2026-08-18T10:00:00+05:30
bit_da1172df,bkg_87022d83,room_type,rmt_363659ec,inv_74942cf3,Heritage Room @ Palm Nest Heritage,2026-09-10,2,6511.04,13022.08,MYR,pending,,2026-08-18T10:00:00+05:30
bit_a13c839f,bkg_0b421cde,flight_fare,far_58c712ca,inv_923ea85b,Flight seat,2026-09-03,1,101582.88,101582.88,INR,confirmed,,2026-08-18T10:00:00+05:30
bit_88d38054,bkg_f814a51e,room_type,rmt_c0463b3f,inv_bf6f80b5,Deluxe Garden View @ Hillview Bagh Resort,2026-10-02,1,3768.52,3768.52,INR,confirmed,,2026-08-18T10:00:00+05:30
bit_477cfc75,bkg_a330a27e,room_type,rmt_3e31fe20,inv_eea6d7c4,Heritage Room @ Indigo Orchard & Spa,2026-09-19,1,24434.39,24434.39,AED,confirmed,,2026-08-18T10:00:00+05:30
bit_34ec8471,bkg_9960cd3f,room_type,rmt_df2d2be7,inv_f3387146,Premier Suite @ Hillview Nest Inn,2026-09-30,2,9287.79,18575.58,INR,confirmed,,2026-08-18T10:00:00+05:30
bit_fda48d13,bkg_9960cd3f,room_type,rmt_d5d1225e,inv_d7136898,Deluxe Garden View @ Indigo Niwas Resort,2026-10-12,1,1931.12,1931.12,INR,confirmed,,2026-08-18T10:00:00+05:30
bit_f516bf2f,bkg_d9d041ad,room_type,rmt_c0463b3f,inv_f24be01f,Deluxe Garden View @ Hillview Bagh Resort,2026-10-15,1,2845.51,2845.51,INR,confirmed,,2026-08-18T10:00:00+05:30
bit_39db3c0b,bkg_ebcf6c57,flight_fare,far_77aa28ae,inv_cdaecb8e,Flight seat,2026-11-19,2,7684.67,15369.34,INR,confirmed,,2026-08-18T10:00:00+05:30
bit_88a45905,bkg_b735863d,room_type,rmt_039a87b5,inv_4a3c1850,Deluxe @ Riverside Sanctuary Inn,2026-11-21,2,6418.24,12836.48,INR,cancelled,,2026-08-18T10:00:00+05:30
bit_7e49ba27,bkg_0ab70820,room_type,rmt_12d96357,inv_522189c5,Standard @ Garden Sarovar Homestay,2026-11-07,2,9108.82,18217.64,INR,confirmed,,2026-08-18T10:00:00+05:30
bit_2007d7a2,bkg_5fbd8979,room_type,rmt_5b68a891,inv_d6955138,Family Room @ Royal Orchard Heritage,2026-11-23,1,34131.56,34131.56,INR,confirmed,,2026-08-18T10:00:00+05:30
bit_00ad38a8,bkg_5fbd8979,room_type,rmt_031c6f90,inv_fcf1c8cc,Family Room @ Royal Terraces Suites,2026-09-04,1,29382.11,29382.11,INR,confirmed,,2026-08-18T10:00:00+05:30
bit_ca54ca5c,bkg_7e66a53c,room_type,rmt_3cb6cd30,inv_3f567e09,Heritage Room @ The Old Mahal Inn,2026-10-14,2,9471.58,18943.16,INR,confirmed,,2026-08-18T10:00:00+05:30
bit_7ab09013,bkg_043b91b9,room_type,rmt_8e081aa6,inv_153e1abf,Standard @ The Old Residency,2026-10-28,1,8373.48,8373.48,INR,confirmed,,2026-08-18T10:00:00+05:30
bit_fc60df7b,bkg_043b91b9,room_type,rmt_24f68d46,inv_c6c28709,Executive @ Indigo Meadows Boutique Stay,2026-10-27,1,5670.73,5670.73,INR,confirmed,,2026-08-18T10:00:00+05:30
bit_d21cd8ca,bkg_cc35f63a,room_type,rmt_f42e207b,inv_d39da3a4,Twin Economy @ Heritage Palms,2026-09-13,1,7120.78,7120.78,INR,confirmed,,2026-08-18T10:00:00+05:30
bit_f6a88204,bkg_d65697ed,flight_fare,far_f9656b14,inv_51857d98,Flight seat,2026-11-26,1,19289.07,19289.07,INR,confirmed,,2026-08-18T10:00:00+05:30
bit_77073c87,bkg_2f4da8c2,room_type,rmt_fc40a0df,inv_a5d5ed5b,Twin Economy @ Lake Bagh Homestay,2026-10-22,2,8527.17,17054.34,INR,confirmed,,2026-08-18T10:00:00+05:30
bit_3f1d0258,bkg_2f4da8c2,room_type,rmt_2b67c1df,inv_827eab4d,Deluxe @ Royal Sanctuary Suites,2026-10-14,1,9872.89,9872.89,INR,confirmed,,2026-08-18T10:00:00+05:30
bit_b7b947fb,bkg_d10b4f01,flight_fare,far_cd8edfce,inv_91bce56c,Flight seat,2026-09-05,1,6328.91,6328.91,INR,confirmed,,2026-08-18T10:00:00+05:30
bit_3f6bc161,bkg_8e41cb3c,room_type,rmt_6459e588,inv_a01afdec,Deluxe @ The Terraces Resort,2026-09-13,2,15901.40,31802.80,INR,confirmed,,2026-08-18T10:00:00+05:30
bit_66b7050d,bkg_d57099d8,room_type,rmt_a499242d,inv_9ad6387b,Executive @ Hillview Nest Inn,2026-09-17,2,6135.80,12271.60,INR,cancelled,,2026-08-18T10:00:00+05:30
bit_6d06ab04,bkg_86769d3c,room_type,rmt_4b888cdb,inv_e26362c2,Executive @ Indigo Verandah Homestay,2026-10-15,1,6291.90,6291.90,INR,confirmed,,2026-08-18T10:00:00+05:30
bit_1c4d7a02,bkg_86769d3c,room_type,rmt_67c20089,inv_2fb806ae,Standard @ Hotel Verandah Heritage,2026-10-10,1,6954.51,6954.51,INR,confirmed,,2026-08-18T10:00:00+05:30
bit_837fcfa5,bkg_e4f72bc8,room_type,rmt_0d437b01,inv_9280d156,Heritage Room @ Amber Mahal Inn,2026-09-07,2,2199.61,4399.22,INR,confirmed,,2026-08-18T10:00:00+05:30
bit_33c2e81d,bkg_e4f72bc8,room_type,rmt_54db1870,inv_e31212d6,Deluxe @ Hillview Sarovar Inn,2026-09-08,1,2081.52,2081.52,INR,confirmed,,2026-08-18T10:00:00+05:30
bit_4612de97,bkg_45e6c074,room_type,rmt_ce7264de,inv_ef4c1e8f,Executive @ Riverside Sanctuary Inn,2026-10-27,2,2678.77,5357.54,INR,confirmed,,2026-08-18T10:00:00+05:30
bit_21daabb3,bkg_2e750ae3,room_type,rmt_d74c67e8,inv_f0bec5e9,Heritage Room @ Casa Manor Inn,2026-11-05,2,11652.19,23304.38,INR,confirmed,,2026-08-18T10:00:00+05:30
bit_1e377d73,bkg_2e750ae3,room_type,rmt_80d53c61,inv_d79f27a4,Premier Suite @ Royal Terraces Suites,2026-09-10,1,18565.66,18565.66,INR,confirmed,,2026-08-18T10:00:00+05:30
bit_070e39b3,bkg_f450eeaa,room_type,rmt_2e6b37c4,inv_0d6f767f,Deluxe @ Palm Ghat House by the Lake,2026-10-04,2,3486.77,6973.54,INR,confirmed,,2026-08-18T10:00:00+05:30
bit_36ab677d,bkg_f450eeaa,room_type,rmt_0d437b01,inv_f1160dc8,Heritage Room @ Amber Mahal Inn,2026-10-19,1,2107.00,2107.00,INR,confirmed,,2026-08-18T10:00:00+05:30
bit_a4e6f1aa,bkg_f450eeaa,room_type,rmt_55c522a8,inv_9539b449,Heritage Room @ Amber Retreat Homestay,2026-09-14,1,4669.69,4669.69,INR,confirmed,,2026-08-18T10:00:00+05:30
bit_10286631,bkg_376913d5,flight_fare,far_12cba6a4,inv_4ebcbcbc,Flight seat,2026-11-26,1,28078.70,28078.70,INR,confirmed,,2026-08-18T10:00:00+05:30
bit_6005eaec,bkg_376913d5,room_type,rmt_d34a3325,inv_2bd523ac,Premier Suite @ Hillview Nest Boutique Stay,2026-10-14,1,15459.43,15459.43,INR,confirmed,,2026-08-18T10:00:00+05:30
bit_8f256a17,bkg_c1cc5981,flight_fare,far_229561e4,inv_3f37db3a,Flight seat,2026-11-12,2,2980.16,5960.32,INR,cancelled,,2026-08-18T10:00:00+05:30
bit_dbd27d47,bkg_0ca82b28,room_type,rmt_5b68a891,inv_dd4ae9a9,Family Room @ Royal Orchard Heritage,2026-09-06,2,38737.38,77474.76,INR,confirmed,,2026-08-18T10:00:00+05:30
bit_39d8f804,bkg_a594b5b7,room_type,rmt_ba5d7ad1,inv_6d5bd139,Executive @ The Residency Homestay,2026-09-28,2,39848.33,79696.66,INR,confirmed,,2026-08-18T10:00:00+05:30
bit_9f5c3627,bkg_ee246b1c,room_type,rmt_c9808e2a,inv_1d3e67dc,Family Room @ The Old Verandah Suites,2026-09-29,1,1862.13,1862.13,INR,pending,,2026-08-18T10:00:00+05:30
bit_649dd23f,bkg_ee246b1c,room_type,rmt_d5d1225e,inv_e35ac962,Deluxe Garden View @ Indigo Niwas Resort,2026-09-28,2,1989.78,3979.56,INR,pending,,2026-08-18T10:00:00+05:30
bit_578e86b4,bkg_99746bdf,room_type,rmt_3a595898,inv_9347228f,Executive @ Indigo Verandah Homestay,2026-10-05,2,1936.44,3872.88,INR,confirmed,,2026-08-18T10:00:00+05:30
bit_696e3770,bkg_1bd1e68b,flight_fare,far_3512fc6c,inv_832cacdd,Flight seat,2026-09-09,1,23306.88,23306.88,INR,cancelled,,2026-08-18T10:00:00+05:30
bit_b7437da8,bkg_11117685,room_type,rmt_15de3a69,inv_f138ab13,Deluxe @ Royal Manor & Spa,2026-09-08,1,10764.59,10764.59,INR,confirmed,,2026-08-18T10:00:00+05:30
bit_4ae503fa,bkg_11117685,room_type,rmt_031c6f90,inv_b826c83f,Family Room @ Royal Terraces Suites,2026-09-25,2,33068.30,66136.60,INR,confirmed,,2026-08-18T10:00:00+05:30
bit_7174618e,bkg_ada3c476,room_type,rmt_54db1870,inv_c398cec0,Deluxe @ Hillview Sarovar Inn,2026-11-25,1,2162.80,2162.80,INR,confirmed,,2026-08-18T10:00:00+05:30
bit_283296eb,bkg_7e501708,room_type,rmt_d5d1225e,inv_ae3887bf,Deluxe Garden View @ Indigo Niwas Resort,2026-11-24,2,2081.51,4163.02,INR,confirmed,,2026-08-18T10:00:00+05:30
bit_dae9e3e6,bkg_1b686a1c,flight_fare,far_011771e3,inv_b7d10bf6,Flight seat,2026-11-10,2,48281.13,96562.26,INR,confirmed,,2026-08-18T10:00:00+05:30
bit_b70cf4a5,bkg_88773f95,flight_fare,far_d6b87f50,inv_dfa0a4b3,Flight seat,2026-11-03,2,6757.71,13515.42,INR,confirmed,,2026-08-18T10:00:00+05:30
bit_9b6be9a7,bkg_88773f95,room_type,rmt_b9773ac8,inv_460219a3,Deluxe @ Heritage Kothi Inn,2026-10-20,1,8160.07,8160.07,INR,confirmed,,2026-08-18T10:00:00+05:30
bit_6c5e66d5,bkg_a38987db,room_type,rmt_3cb6cd30,inv_82a1c955,Heritage Room @ The Old Mahal Inn,2026-10-20,1,7975.07,7975.07,INR,confirmed,,2026-08-18T10:00:00+05:30
bit_e00aa39c,bkg_d6737e36,room_type,rmt_0fc40170,inv_9792bd77,Deluxe @ Hillview Nest Inn,2026-09-12,1,14040.20,14040.20,INR,confirmed,,2026-08-18T10:00:00+05:30
bit_4d71648a,bkg_4d845839,room_type,rmt_5df6ca92,inv_92f8ccaf,Heritage Room @ Garden Ghat House & Spa,2026-09-26,1,9039.15,9039.15,AED,confirmed,,2026-08-18T10:00:00+05:30
bit_dfff50c2,bkg_2108ad59,room_type,rmt_55863f33,inv_64bd1ca9,Executive @ Lake Bungalow by the Lake,2026-10-23,2,2121.13,4242.26,INR,confirmed,,2026-08-18T10:00:00+05:30
bit_4a785afd,bkg_a4fa5a3a,room_type,rmt_f01a2942,inv_aa13f8b7,Family Room @ Villa Meadows Homestay,2026-10-21,2,4412.73,8825.46,INR,confirmed,,2026-08-18T10:00:00+05:30
bit_f69a2bdc,bkg_a4fa5a3a,room_type,rmt_12d96357,inv_6c4d1dd7,Standard @ Garden Sarovar Homestay,2026-10-28,2,7139.84,14279.68,INR,confirmed,,2026-08-18T10:00:00+05:30
bit_c35c5e02,bkg_a3c2003c,room_type,rmt_4acc0255,inv_a5ee0e0a,Deluxe @ The Old Residency Resort,2026-11-17,2,13544.96,27089.92,SGD,pending,,2026-08-18T10:00:00+05:30
bit_cd3a3737,bkg_4250b0e5,room_type,rmt_54db1870,inv_6900e14f,Deluxe @ Hillview Sarovar Inn,2026-09-29,2,2380.85,4761.70,INR,compensated,2026-08-05T22:49:00+05:30,2026-08-18T10:00:00+05:30
bit_417a360c,bkg_4250b0e5,flight_fare,far_8f0f57ba,inv_2cdb61aa,Flight seat,2026-09-01,2,1752.94,3505.88,INR,compensated,2026-08-05T22:49:00+05:30,2026-08-18T10:00:00+05:30
bit_dad2f037,bkg_8ed2fe45,flight_fare,far_dc51223b,inv_6c4bf76b,Flight seat,2026-09-11,1,5867.02,5867.02,INR,confirmed,,2026-08-18T10:00:00+05:30
bit_834a42f8,bkg_be945100,room_type,rmt_261249fc,inv_6b024708,Heritage Room @ Indigo Sarovar Heritage,2026-10-04,2,10934.53,21869.06,INR,confirmed,,2026-08-18T10:00:00+05:30
bit_10d7befd,bkg_be945100,room_type,rmt_5b68a891,inv_3e1fd76e,Family Room @ Royal Orchard Heritage,2026-11-10,2,32672.72,65345.44,INR,confirmed,,2026-08-18T10:00:00+05:30
bit_e24e2e26,bkg_43569413,room_type,rmt_1664a3ef,inv_eb098bed,Heritage Room @ Indigo Verandah Homestay,2026-09-18,2,4737.27,9474.54,INR,confirmed,,2026-08-18T10:00:00+05:30
bit_7f472ab7,bkg_4c8b51bc,room_type,rmt_a1a42253,inv_c7759a85,Standard @ Garden Orchard Homestay,2026-11-26,1,7161.20,7161.20,INR,cancelled,,2026-08-18T10:00:00+05:30
bit_e28b34c1,bkg_8d38b1e4,room_type,rmt_fc40a0df,inv_4ad9fd9d,Twin Economy @ Lake Bagh Homestay,2026-11-20,1,9151.29,9151.29,INR,confirmed,,2026-08-18T10:00:00+05:30
bit_308fae1d,bkg_847c32b3,room_type,rmt_38d11d09,inv_b52dbc5f,Deluxe @ Hillview Bagh Suites,2026-10-23,1,7036.18,7036.18,INR,cancelled,,2026-08-18T10:00:00+05:30
bit_aa32c787,bkg_847c32b3,room_type,rmt_ad2452fd,inv_24110d89,Deluxe Garden View @ Hotel Regency Boutique Stay,2026-11-17,2,15817.10,31634.20,INR,cancelled,,2026-08-18T10:00:00+05:30
bit_0c5e7a89,bkg_7b63b5dc,room_type,rmt_ba5d7ad1,inv_2bab734e,Executive @ The Residency Homestay,2026-09-02,2,35074.49,70148.98,INR,confirmed,,2026-08-18T10:00:00+05:30
bit_8b9d18f7,bkg_e1ecaf13,room_type,rmt_c9808e2a,inv_ecc38809,Family Room @ The Old Verandah Suites,2026-09-18,1,1870.17,1870.17,INR,confirmed,,2026-08-18T10:00:00+05:30
bit_21520e98,bkg_e1ecaf13,room_type,rmt_54db1870,inv_a2e6bddc,Deluxe @ Hillview Sarovar Inn,2026-11-20,2,2665.97,5331.94,INR,confirmed,,2026-08-18T10:00:00+05:30
bit_88bb3923,bkg_76ffde09,room_type,rmt_2a8aa24f,inv_ade3f88d,Twin Economy @ Casa Meadows Inn,2026-09-30,2,5986.40,11972.80,NPR,confirmed,,2026-08-18T10:00:00+05:30
bit_cdfa277a,bkg_bb3156e1,room_type,rmt_2a8aa24f,inv_3e9ce8be,Twin Economy @ Casa Meadows Inn,2026-09-11,2,7253.98,14507.96,NPR,confirmed,,2026-08-18T10:00:00+05:30
bit_a6e4e834,bkg_e9d69c2f,room_type,rmt_3cb6cd30,inv_3f567e09,Heritage Room @ The Old Mahal Inn,2026-10-14,2,9471.58,18943.16,INR,confirmed,,2026-08-18T10:00:00+05:30
bit_f7948339,bkg_e9d69c2f,room_type,rmt_ba5d7ad1,inv_c51f7436,Executive @ The Residency Homestay,2026-10-24,1,41327.49,41327.49,INR,confirmed,,2026-08-18T10:00:00+05:30
bit_f5faad99,bkg_713fe8bc,room_type,rmt_0fc40170,inv_10f3b760,Deluxe @ Hillview Nest Inn,2026-11-22,1,14132.31,14132.31,INR,confirmed,,2026-08-18T10:00:00+05:30
bit_60022b6b,bkg_2ec6b898,room_type,rmt_55c522a8,inv_211e849c,Heritage Room @ Amber Retreat Homestay,2026-09-18,2,5160.10,10320.20,INR,confirmed,,2026-08-18T10:00:00+05:30
bit_942509de,bkg_2ec6b898,room_type,rmt_f01a2942,inv_9da3cf92,Family Room @ Villa Meadows Homestay,2026-09-13,1,5988.49,5988.49,INR,confirmed,,2026-08-18T10:00:00+05:30
bit_8bf9df0c,bkg_6957685d,flight_fare,far_accf5b81,inv_bc9f9c11,Flight seat,2026-09-16,1,2863.60,2863.60,MYR,cancelled,,2026-08-18T10:00:00+05:30
bit_558b0a9c,bkg_0efb66e4,room_type,rmt_33c6c9be,inv_c224755e,Deluxe @ Hillview Regency by the Lake,2026-09-07,2,11237.53,22475.06,MVR,confirmed,,2026-08-18T10:00:00+05:30
bit_30615ba6,bkg_eea2d28d,flight_fare,far_e431596b,inv_ea4e14c5,Flight seat,2026-09-01,2,15929.34,31858.68,INR,cancelled,,2026-08-18T10:00:00+05:30
bit_2e254849,bkg_405add42,flight_fare,far_2165238f,inv_0a5be7f0,Flight seat,2026-11-24,2,5620.35,11240.70,AED,confirmed,,2026-08-18T10:00:00+05:30
bit_6d0b3c52,bkg_9b0c5f37,room_type,rmt_c015a465,inv_b2a9a672,Executive @ Hotel Regency Boutique Stay,2026-10-02,1,10952.22,10952.22,INR,confirmed,,2026-08-18T10:00:00+05:30
bit_2873ac3b,bkg_9b0c5f37,room_type,rmt_97174185,inv_272b668a,Deluxe Garden View @ Amber Retreat Homestay,2026-09-02,1,9863.47,9863.47,INR,confirmed,,2026-08-18T10:00:00+05:30
bit_6bfdcc0e,bkg_cf0daeef,room_type,rmt_67d7c1a1,inv_3ed4c1d3,Executive @ Amber Regency Resort,2026-11-21,1,7864.31,7864.31,NPR,confirmed,,2026-08-18T10:00:00+05:30
bit_e8895280,bkg_4f638be5,room_type,rmt_c946b4c2,inv_51348e6a,Premier Suite @ Royal Sanctuary Suites,2026-11-18,2,7901.04,15802.08,INR,confirmed,,2026-08-18T10:00:00+05:30
bit_4f4dd969,bkg_8425314d,room_type,rmt_c07b1f2a,inv_36b30e27,Executive @ Garden Ghat House Resort,2026-09-20,1,5597.00,5597.00,LKR,cancelled,,2026-08-18T10:00:00+05:30
bit_5f0e41e3,bkg_2e2c02ac,room_type,rmt_2a8aa24f,inv_4410c43b,Twin Economy @ Casa Meadows Inn,2026-11-24,2,5529.24,11058.48,NPR,compensated,2026-06-24T18:04:00+05:30,2026-08-18T10:00:00+05:30
bit_d74ee59f,bkg_8a23cf28,flight_fare,far_2c16d2d2,inv_9c6630b0,Flight seat,2026-09-02,1,4171.08,4171.08,INR,confirmed,,2026-08-18T10:00:00+05:30
bit_183c5949,bkg_8a23cf28,flight_fare,far_82fb83a7,inv_d549e682,Flight seat,2026-11-15,2,44003.04,88006.08,INR,confirmed,,2026-08-18T10:00:00+05:30
bit_8d0c098f,bkg_0b3935b7,flight_fare,far_79e6615a,inv_af42a7c3,Flight seat,2026-10-19,1,5541.88,5541.88,THB,confirmed,,2026-08-18T10:00:00+05:30
bit_b98d2a8c,bkg_dd53501a,flight_fare,far_dc210fe6,inv_b0c4408b,Flight seat,2026-11-06,2,439.13,878.26,SGD,confirmed,,2026-08-18T10:00:00+05:30
bit_2e75d2f6,bkg_bce2eee5,flight_fare,far_90a22cda,inv_c9004e49,Flight seat,2026-11-03,1,5653.95,5653.95,INR,confirmed,,2026-08-18T10:00:00+05:30
bit_3ede4d89,bkg_bce2eee5,flight_fare,far_ecaa8cf2,inv_3099a27d,Flight seat,2026-10-01,2,8191.80,16383.60,INR,confirmed,,2026-08-18T10:00:00+05:30
bit_3e4b9120,bkg_bce2eee5,flight_fare,far_ac8ffc9e,inv_6e76a601,Flight seat,2026-09-11,2,6164.61,12329.22,INR,confirmed,,2026-08-18T10:00:00+05:30
bit_12e65b42,bkg_ce153214,room_type,rmt_ba5d7ad1,inv_22e326bb,Executive @ The Residency Homestay,2026-09-17,2,36158.98,72317.96,INR,confirmed,,2026-08-18T10:00:00+05:30
bit_48d76040,bkg_10e4a2be,room_type,rmt_0f2f5bb4,inv_c648e88b,Twin Economy @ Villa Vihar Homestay,2026-10-27,2,14803.65,29607.30,INR,confirmed,,2026-08-18T10:00:00+05:30
bit_081904bf,bkg_10e4a2be,room_type,rmt_060c5796,inv_dbfb73a8,Deluxe @ Grand Kothi & Spa,2026-10-01,1,4374.00,4374.00,INR,confirmed,,2026-08-18T10:00:00+05:30
bit_e2a51336,bkg_93ec24b6,flight_fare,far_ba8ef826,inv_937d5c8e,Flight seat,2026-09-13,2,5954929.16,11909858.32,IDR,confirmed,,2026-08-18T10:00:00+05:30
bit_b36fa93e,bkg_9ec29993,flight_fare,far_2d016fa0,inv_a19a8788,Flight seat,2026-11-08,1,21626.13,21626.13,INR,confirmed,,2026-08-18T10:00:00+05:30
bit_7f1c6603,bkg_19734782,room_type,rmt_d1336e5e,inv_dafc9a14,Twin Economy @ Heritage Kothi Inn,2026-10-23,1,14249.34,14249.34,INR,confirmed,,2026-08-18T10:00:00+05:30
bit_56d26aaa,bkg_35dac667,room_type,rmt_e1b794e9,inv_38f0d554,Deluxe @ Royal Residency Inn,2026-09-20,2,16870.57,33741.14,INR,confirmed,,2026-08-18T10:00:00+05:30
bit_df343b0e,bkg_95ae1893,room_type,rmt_c946b4c2,inv_de4b6a99,Premier Suite @ Royal Sanctuary Suites,2026-10-11,2,10298.59,20597.18,INR,confirmed,,2026-08-18T10:00:00+05:30
bit_f3df492e,bkg_ce35720a,room_type,rmt_28b409a4,inv_5d45d08e,Twin Economy @ Hotel Verandah & Spa,2026-11-12,1,6280.23,6280.23,THB,confirmed,,2026-08-18T10:00:00+05:30
bit_9b935533,bkg_eb92fa2c,room_type,rmt_00534217,inv_23594d70,Executive @ Lake Nest Suites,2026-11-28,1,22065.23,22065.23,CHF,cancelled,,2026-08-18T10:00:00+05:30
bit_0fea0478,bkg_3fdabe9b,room_type,rmt_fdc08ffa,inv_28ae5fc9,Premier Suite @ Royal Terraces & Spa,2026-11-25,2,5471.07,10942.14,INR,confirmed,,2026-08-18T10:00:00+05:30
bit_1f6fae9c,bkg_3fdabe9b,room_type,rmt_58eeb2ee,inv_0769d5d5,Standard @ Villa Mahal Suites,2026-09-17,2,2964.68,5929.36,INR,confirmed,,2026-08-18T10:00:00+05:30
bit_a0aa2d38,bkg_500c26f9,room_type,rmt_7b889ec3,inv_cb6d4215,Family Room @ Heritage Verandah Resort,2026-11-12,1,6764.42,6764.42,INR,confirmed,,2026-08-18T10:00:00+05:30
bit_c09d1ce9,bkg_500c26f9,room_type,rmt_06f0a27d,inv_2b145e57,Heritage Room @ Hillview Nest Boutique Stay,2026-10-07,1,16938.84,16938.84,INR,confirmed,,2026-08-18T10:00:00+05:30
bit_09200a25,bkg_7cb755e6,flight_fare,far_38e46632,inv_f4f7d2e4,Flight seat,2026-09-29,1,687.60,687.60,SGD,confirmed,,2026-08-18T10:00:00+05:30
bit_26b24f1d,bkg_8a728f63,room_type,rmt_693809d0,inv_922c3585,Premier Suite @ Lake Bungalow by the Lake,2026-09-22,1,2297.10,2297.10,INR,confirmed,,2026-08-18T10:00:00+05:30
bit_0b5a3f8a,bkg_76be369e,room_type,rmt_5e6f1662,inv_563d9bc2,Family Room @ Riverside Sarovar Boutique Stay,2026-10-07,1,6855.04,6855.04,INR,confirmed,,2026-08-18T10:00:00+05:30
bit_af4972f7,bkg_76be369e,room_type,rmt_f42e207b,inv_775bfb2a,Twin Economy @ Heritage Palms,2026-11-14,2,7828.17,15656.34,INR,confirmed,,2026-08-18T10:00:00+05:30
bit_02ae5b1c,bkg_067a5e66,flight_fare,far_c7c75444,inv_c0d98812,Flight seat,2026-09-21,2,10648.30,21296.60,INR,confirmed,,2026-08-18T10:00:00+05:30
bit_86099141,bkg_067a5e66,flight_fare,far_83115c4d,inv_a826a086,Flight seat,2026-11-21,2,9574.40,19148.80,INR,confirmed,,2026-08-18T10:00:00+05:30
bit_ec0c8c1b,bkg_4e7aaa05,room_type,rmt_54db1870,inv_1b912668,Deluxe @ Hillview Sarovar Inn,2026-09-27,2,2792.76,5585.52,INR,confirmed,,2026-08-18T10:00:00+05:30
bit_4d6d1eb3,bkg_c7f4fa85,flight_fare,far_308312db,inv_c3b90c8f,Flight seat,2026-09-21,1,7255.92,7255.92,INR,confirmed,,2026-08-18T10:00:00+05:30
bit_cef1bb09,bkg_cc8bbb40,flight_fare,far_b8a06eef,inv_c1233275,Flight seat,2026-09-14,1,382597.88,382597.88,IDR,cancelled,,2026-08-18T10:00:00+05:30
bit_dc2716a8,bkg_c05900e0,flight_fare,far_cce1d9a6,inv_5e06dd27,Flight seat,2026-11-20,1,509.24,509.24,SGD,confirmed,,2026-08-18T10:00:00+05:30
bit_710d24fb,bkg_32d77b3c,flight_fare,far_d3d97c33,inv_ee81bc60,Flight seat,2026-10-06,2,15845.29,31690.58,INR,confirmed,,2026-08-18T10:00:00+05:30
bit_2693e931,bkg_ec0e9dc0,room_type,rmt_ba5d7ad1,inv_3b2a14fa,Executive @ The Residency Homestay,2026-10-31,2,39354.12,78708.24,INR,confirmed,,2026-08-18T10:00:00+05:30
bit_76d24ae0,bkg_ec0e9dc0,flight_fare,far_dbeabb48,inv_1500bce2,Flight seat,2026-09-04,1,17511.73,17511.73,INR,confirmed,,2026-08-18T10:00:00+05:30
bit_c5daec72,bkg_ec0e9dc0,room_type,rmt_55c522a8,inv_bef7e36f,Heritage Room @ Amber Retreat Homestay,2026-10-27,1,3776.04,3776.04,INR,confirmed,,2026-08-18T10:00:00+05:30
bit_ba493719,bkg_c89a1f07,flight_fare,far_38f2f6f1,inv_5bb13744,Flight seat,2026-11-12,2,8511.52,17023.04,INR,cancelled,,2026-08-18T10:00:00+05:30
bit_f187c41f,bkg_9076e561,room_type,rmt_4be4b5c2,inv_d421b2f0,Executive @ Hillview Niwas by the Lake,2026-11-18,1,3695.96,3695.96,INR,confirmed,,2026-08-18T10:00:00+05:30
bit_1bcd53a1,bkg_9076e561,room_type,rmt_3aa4f9b8,inv_94e3988b,Premier Suite @ Grand Sarovar Resort,2026-10-05,2,7454.65,14909.30,INR,confirmed,,2026-08-18T10:00:00+05:30
bit_e9aac6cf,bkg_a11ffd45,flight_fare,far_38498c03,inv_509cdb84,Flight seat,2026-09-15,1,17615.46,17615.46,INR,confirmed,,2026-08-18T10:00:00+05:30
bit_4d612301,bkg_a11ffd45,room_type,rmt_afa1e735,inv_daa0b3ca,Deluxe @ Garden Sanctuary by the Lake,2026-10-09,2,40700.62,81401.24,INR,confirmed,,2026-08-18T10:00:00+05:30
bit_0ce61def,bkg_0ddf6985,room_type,rmt_363659ec,inv_afefc80a,Heritage Room @ Palm Nest Heritage,2026-10-21,1,6176.25,6176.25,MYR,confirmed,,2026-08-18T10:00:00+05:30
bit_58df7bbd,bkg_fc8eebe7,flight_fare,far_4c6758ed,inv_acc5039f,Flight seat,2026-11-22,2,986.87,1973.74,MYR,confirmed,,2026-08-18T10:00:00+05:30
bit_7c5ca242,bkg_cf965f4b,room_type,rmt_8a3c3697,inv_d067e812,Twin Economy @ Indigo Orchard Inn,2026-09-06,1,5946.70,5946.70,INR,confirmed,,2026-08-18T10:00:00+05:30
bit_f6dabdc9,bkg_cf965f4b,room_type,rmt_94546c51,inv_4c8c7017,Premier Suite @ Royal Sarovar Boutique Stay,2026-09-02,2,4711.36,9422.72,INR,confirmed,,2026-08-18T10:00:00+05:30
bit_011e4064,bkg_09e453a7,flight_fare,far_f1898c44,inv_97daae39,Flight seat,2026-11-21,1,9981.85,9981.85,INR,confirmed,,2026-08-18T10:00:00+05:30
bit_fe6087bf,bkg_09e453a7,room_type,rmt_58eeb2ee,inv_a3fcd2c1,Standard @ Villa Mahal Suites,2026-09-13,1,4215.64,4215.64,INR,confirmed,,2026-08-18T10:00:00+05:30
bit_1075f6a5,bkg_36f956aa,room_type,rmt_4f14363b,inv_b479fafe,Twin Economy @ Amber Palms,2026-09-01,2,1947.28,3894.56,INR,confirmed,,2026-08-18T10:00:00+05:30
bit_0189febe,bkg_36f956aa,room_type,rmt_38d11d09,inv_a69225c3,Deluxe @ Hillview Bagh Suites,2026-11-10,2,5128.52,10257.04,INR,confirmed,,2026-08-18T10:00:00+05:30
bit_9b2ba1e0,bkg_36f956aa,flight_fare,far_7d77d8d7,inv_26c1dd26,Flight seat,2026-11-17,1,10349.39,10349.39,INR,confirmed,,2026-08-18T10:00:00+05:30
bit_7f7adade,bkg_1176aca3,room_type,rmt_fcb045a1,inv_68192fe3,Family Room @ Hillview Niwas by the Lake,2026-11-26,1,2177.40,2177.40,INR,confirmed,,2026-08-18T10:00:00+05:30
bit_c713c93c,bkg_7fa4f9a4,room_type,rmt_6459e588,inv_22d2873a,Deluxe @ The Terraces Resort,2026-11-13,2,15080.85,30161.70,INR,confirmed,,2026-08-18T10:00:00+05:30
bit_511de8f1,bkg_9126996c,flight_fare,far_c564c3b7,inv_a3397602,Flight seat,2026-10-29,2,13233.70,26467.40,INR,confirmed,,2026-08-18T10:00:00+05:30
bit_e5981c47,bkg_9126996c,flight_fare,far_7313eb80,inv_cc243e50,Flight seat,2026-09-16,2,14493.68,28987.36,INR,confirmed,,2026-08-18T10:00:00+05:30
bit_486632c3,bkg_a9f411e2,flight_fare,far_3a256a99,inv_053f588e,Flight seat,2026-10-28,1,13870.97,13870.97,INR,confirmed,,2026-08-18T10:00:00+05:30
bit_03dba081,bkg_869ddfba,room_type,rmt_40250c2d,inv_1ee145cd,Heritage Room @ Hotel Orchard Resort,2026-09-11,1,9222.97,9222.97,NPR,confirmed,,2026-08-18T10:00:00+05:30
bit_4de5839f,bkg_2e570d18,room_type,rmt_3a595898,inv_0fdb4a7d,Executive @ Indigo Verandah Homestay,2026-10-12,1,1948.32,1948.32,INR,confirmed,,2026-08-18T10:00:00+05:30
bit_b0089e9d,bkg_2e570d18,room_type,rmt_a499242d,inv_90f6c37c,Executive @ Hillview Nest Inn,2026-09-09,2,6162.32,12324.64,INR,confirmed,,2026-08-18T10:00:00+05:30
bit_823329f5,bkg_954ee7b7,room_type,rmt_0f2f5bb4,inv_a3546a5a,Twin Economy @ Villa Vihar Homestay,2026-11-27,2,16887.41,33774.82,INR,confirmed,,2026-08-18T10:00:00+05:30
bit_18e748b0,bkg_6325294b,room_type,rmt_3a584d76,inv_487919af,Heritage Room @ Indigo Meadows Boutique Stay,2026-11-13,2,3464.90,6929.80,INR,confirmed,,2026-08-18T10:00:00+05:30
bit_4c1d28bf,bkg_3cc4cc47,room_type,rmt_7b889ec3,inv_bf1cf992,Family Room @ Heritage Verandah Resort,2026-10-08,1,6164.05,6164.05,INR,confirmed,,2026-08-18T10:00:00+05:30
bit_179e0e5d,bkg_cf06bd6c,room_type,rmt_91b575ba,inv_6c63bbe4,Executive @ Royal Sanctuary Suites  ,2026-09-25,1,7114.88,7114.88,INR,confirmed,,2026-08-18T10:00:00+05:30
bit_966305f4,bkg_d5620cb0,room_type,rmt_2e70cc92,inv_da098268,Family Room @ Amber Bungalow Inn,2026-10-19,2,2350.74,4701.48,INR,confirmed,,2026-08-18T10:00:00+05:30
bit_63b8381d,bkg_d5620cb0,room_type,rmt_605d2d42,inv_b63b1934,Family Room @ Lake Palms Inn,2026-11-15,2,4892.41,9784.82,INR,confirmed,,2026-08-18T10:00:00+05:30
bit_30fed1db,bkg_d5620cb0,flight_fare,far_623ed71e,inv_6a0d3891,Flight seat,2026-09-28,2,37565.85,75131.70,INR,confirmed,,2026-08-18T10:00:00+05:30
bit_618011ed,bkg_8a98c051,flight_fare,far_d5d8ef65,inv_77c50585,Flight seat,2026-10-09,2,5963.92,11927.84,INR,confirmed,,2026-08-18T10:00:00+05:30
bit_f9385128,bkg_db772ccb,flight_fare,far_09c04a70,inv_a8692270,Flight seat,2026-10-05,2,8861.07,17722.14,INR,confirmed,,2026-08-18T10:00:00+05:30
bit_13281df8,bkg_db772ccb,room_type,rmt_e80871dd,inv_b799ecb8,Standard @ Lake Palms Inn,2026-10-08,2,4876.66,9753.32,INR,confirmed,,2026-08-18T10:00:00+05:30
bit_0de4555b,bkg_29882e9e,room_type,rmt_dd931f5b,inv_5f98ed9e,Executive @ Royal Manor & Spa,2026-11-13,2,8112.72,16225.44,INR,confirmed,,2026-08-18T10:00:00+05:30
bit_a7a3dad1,bkg_ae497857,flight_fare,far_2a7877ca,inv_486ea208,Flight seat,2026-11-18,2,7311.79,14623.58,INR,confirmed,,2026-08-18T10:00:00+05:30
bit_fc849053,bkg_ae497857,room_type,rmt_56416285,inv_ef80bd5b,Family Room @ Villa Haveli & Spa,2026-11-14,2,21295.61,42591.22,INR,confirmed,,2026-08-18T10:00:00+05:30
bit_a0a53b7d,bkg_6342203c,room_type,rmt_f09dd267,inv_4bf753f6,Executive @ Hillview Sarovar Inn,2026-10-06,1,5358.54,5358.54,INR,cancelled,,2026-08-18T10:00:00+05:30
bit_a03840f5,bkg_cc927615,room_type,rmt_7b889ec3,inv_59dd4996,Family Room @ Heritage Verandah Resort,2026-11-24,2,6914.36,13828.72,INR,confirmed,,2026-08-18T10:00:00+05:30
bit_9fb37399,bkg_cc927615,flight_fare,far_7b658f8a,inv_1445487f,Flight seat,2026-11-06,2,33699.74,67399.48,INR,confirmed,,2026-08-18T10:00:00+05:30
bit_a3568f31,bkg_8b3501a5,room_type,rmt_0f2f5bb4,inv_96c9a398,Twin Economy @ Villa Vihar Homestay,2026-10-19,2,15084.72,30169.44,INR,confirmed,,2026-08-18T10:00:00+05:30
bit_158b5258,bkg_8b3501a5,room_type,rmt_c0463b3f,inv_cdbd7ab7,Deluxe Garden View @ Hillview Bagh Resort,2026-09-09,2,3227.40,6454.80,INR,confirmed,,2026-08-18T10:00:00+05:30
bit_981fbeb7,bkg_ca89a196,room_type,rmt_4a3554c4,inv_3f24f3cf,Twin Economy @ Indigo Meadows by the Lake,2026-11-08,2,9294.02,18588.04,INR,confirmed,,2026-08-18T10:00:00+05:30
bit_70070fae,bkg_ca89a196,room_type,rmt_0d437b01,inv_37cd838d,Heritage Room @ Amber Mahal Inn,2026-11-13,1,2960.06,2960.06,INR,confirmed,,2026-08-18T10:00:00+05:30
bit_0a3acdbd,bkg_663242eb,flight_fare,far_50a5b1b7,inv_25725c57,Flight seat,2026-11-12,2,12072.41,24144.82,INR,confirmed,,2026-08-18T10:00:00+05:30
bit_70bc63cf,bkg_663242eb,flight_fare,far_88e63f37,inv_7339c161,Flight seat,2026-10-30,2,8061.70,16123.40,INR,confirmed,,2026-08-18T10:00:00+05:30
bit_77bbd88f,bkg_663242eb,room_type,rmt_55863f33,inv_aec77694,Executive @ Lake Bungalow by the Lake,2026-09-05,2,2122.48,4244.96,INR,confirmed,,2026-08-18T10:00:00+05:30
bit_396c5077,bkg_2b1d92a0,room_type,rmt_80d53c61,inv_68b554c0,Premier Suite @ Royal Terraces Suites,2026-11-01,1,23905.60,23905.60,INR,confirmed,,2026-08-18T10:00:00+05:30
bit_8ac0a78e,bkg_bf6079d5,flight_fare,far_6c5fb16b,inv_73fbb4de,Flight seat,2026-09-28,2,23258.02,46516.04,THB,confirmed,,2026-08-18T10:00:00+05:30
bit_732c1404,bkg_7a12f942,flight_fare,far_1d15d568,inv_859ce809,Flight seat,2026-11-18,2,6478.72,12957.44,AED,cancelled,,2026-08-18T10:00:00+05:30
bit_a2df2611,bkg_9fcd2c94,flight_fare,far_59af13b1,inv_acdafa28,Flight seat,2026-10-28,2,20650.01,41300.02,THB,confirmed,,2026-08-18T10:00:00+05:30
bit_d19d559a,bkg_3b8cbb33,flight_fare,far_58b31f54,inv_d2b08e74,Flight seat,2026-11-11,2,19670.55,39341.10,INR,confirmed,,2026-08-18T10:00:00+05:30
bit_84ee9ff2,bkg_3b8cbb33,room_type,rmt_8a3c3697,inv_055fa41b,Twin Economy @ Indigo Orchard Inn,2026-11-23,2,4765.42,9530.84,INR,confirmed,,2026-08-18T10:00:00+05:30
bit_bb6bb91a,bkg_5aa4cb51,room_type,rmt_3a595898,inv_00052c70,Executive @ Indigo Verandah Homestay,2026-10-03,2,2348.66,4697.32,INR,pending,,2026-08-18T10:00:00+05:30
bit_19a1ab19,bkg_eae707df,flight_fare,far_06e67186,inv_0c7ec84f,Flight seat,2026-09-09,2,61899.32,123798.64,INR,confirmed,,2026-08-18T10:00:00+05:30
bit_cd73e13d,bkg_d87b23d1,room_type,rmt_67c20089,inv_fb7df395,Standard @ Hotel Verandah Heritage,2026-10-18,1,6929.01,6929.01,INR,confirmed,,2026-08-18T10:00:00+05:30
bit_ee9a4c19,bkg_d87b23d1,room_type,rmt_261249fc,inv_9ac7f12a,Heritage Room @ Indigo Sarovar Heritage,2026-10-22,2,8909.81,17819.62,INR,confirmed,,2026-08-18T10:00:00+05:30
bit_9209dcfc,bkg_9e8b20dc,flight_fare,far_d41abdb9,inv_2c68a14a,Flight seat,2026-09-20,2,613.22,1226.44,MYR,confirmed,,2026-08-18T10:00:00+05:30
bit_ac4039bd,bkg_e19d6742,flight_fare,far_8842166c,inv_60d53bfc,Flight seat,2026-09-29,2,5961.15,11922.30,INR,confirmed,,2026-08-18T10:00:00+05:30
bit_1bae6f2c,bkg_4931b761,room_type,rmt_2db0c6c3,inv_61424ba6,Heritage Room @ Hillview Bagh Suites,2026-09-28,1,8022.82,8022.82,INR,confirmed,,2026-08-18T10:00:00+05:30
bit_d63e424e,bkg_22e16ba6,room_type,rmt_df2d2be7,inv_fe9911b4,Premier Suite @ Hillview Nest Inn,2026-10-09,1,11431.43,11431.43,INR,cancelled,,2026-08-18T10:00:00+05:30
bit_621f0be7,bkg_22e16ba6,flight_fare,far_0540aef0,inv_de93ede5,Flight seat,2026-10-09,1,3422.19,3422.19,INR,cancelled,,2026-08-18T10:00:00+05:30
bit_b165d05c,bkg_82447817,flight_fare,far_09ecdef3,inv_a3558f12,Flight seat,2026-09-26,2,16502.81,33005.62,INR,confirmed,,2026-08-18T10:00:00+05:30
bit_72055740,bkg_3f8708dc,flight_fare,far_3f361023,inv_41d3887c,Flight seat,2026-10-26,1,18054.48,18054.48,INR,confirmed,,2026-08-18T10:00:00+05:30
bit_98dedb98,bkg_3f8708dc,room_type,rmt_ddb7c473,inv_cddfeafd,Deluxe @ Amber Orchard Suites,2026-11-12,2,3405.61,6811.22,INR,confirmed,,2026-08-18T10:00:00+05:30
bit_d7926193,bkg_a662b84a,room_type,rmt_15de3a69,inv_9dfb763f,Deluxe @ Royal Manor & Spa,2026-10-25,2,12729.61,25459.22,INR,confirmed,,2026-08-18T10:00:00+05:30
bit_9d2109da,bkg_a662b84a,room_type,rmt_f42e207b,inv_e5b33c0e,Twin Economy @ Heritage Palms,2026-10-06,1,7313.25,7313.25,INR,confirmed,,2026-08-18T10:00:00+05:30
bit_48cd30d7,bkg_934bbc46,room_type,rmt_97174185,inv_13a9433f,Deluxe Garden View @ Amber Retreat Homestay,2026-11-23,2,9024.51,18049.02,INR,cancelled,,2026-08-18T10:00:00+05:30
bit_95fa9683,bkg_4191f898,room_type,rmt_a499242d,inv_f4313278,Executive @ Hillview Nest Inn,2026-09-13,2,7559.61,15119.22,INR,confirmed,,2026-08-18T10:00:00+05:30
bit_606115e4,bkg_4191f898,room_type,rmt_693809d0,inv_d2691d6e,Premier Suite @ Lake Bungalow by the Lake,2026-11-04,1,2265.18,2265.18,INR,confirmed,,2026-08-18T10:00:00+05:30
bit_162984a1,bkg_f0bfe28f,room_type,rmt_2919bbfe,inv_7c9fb035,Heritage Room @ Palm Sarovar,2026-10-06,1,7842.05,7842.05,INR,confirmed,,2026-08-18T10:00:00+05:30
bit_59bf77b9,bkg_f0bfe28f,room_type,rmt_7b889ec3,inv_bf1cf992,Family Room @ Heritage Verandah Resort,2026-10-08,1,6164.05,6164.05,INR,confirmed,,2026-08-18T10:00:00+05:30
bit_c0b7f6e4,bkg_40dc2065,room_type,rmt_b2228b31,inv_4da9d07e,Standard @ Villa Meadows Homestay,2026-10-27,2,3879.98,7759.96,INR,pending,,2026-08-18T10:00:00+05:30
bit_718fa33c,bkg_9cdf15b9,room_type,rmt_315d2584,inv_cca5b7fb,Executive @ Heritage Mahal & Spa,2026-11-12,2,4349.57,8699.14,INR,confirmed,,2026-08-18T10:00:00+05:30
bit_34567a1e,bkg_a2f86048,flight_fare,far_dcd410d8,inv_22cf5b89,Flight seat,2026-10-09,2,14170.53,28341.06,INR,confirmed,,2026-08-18T10:00:00+05:30
bit_19862afd,bkg_a2f86048,room_type,rmt_0d437b01,inv_c674cf11,Heritage Room @ Amber Mahal Inn,2026-09-06,1,2665.44,2665.44,INR,confirmed,,2026-08-18T10:00:00+05:30
bit_72bbdf24,bkg_48cec62f,room_type,rmt_060c5796,inv_f1aa7a35,Deluxe @ Grand Kothi & Spa,2026-10-31,1,5819.34,5819.34,INR,confirmed,,2026-08-18T10:00:00+05:30
bit_fbc96d52,bkg_48cec62f,room_type,rmt_55c522a8,inv_85e38c12,Heritage Room @ Amber Retreat Homestay,2026-09-25,2,4623.91,9247.82,INR,confirmed,,2026-08-18T10:00:00+05:30
bit_cc8d79ae,bkg_9babd174,room_type,rmt_3a595898,inv_95aac71a,Executive @ Indigo Verandah Homestay,2026-10-25,1,2478.51,2478.51,INR,confirmed,,2026-08-18T10:00:00+05:30
bit_2e3ce4bc,bkg_9babd174,room_type,rmt_c867633e,inv_f2a7096b,Standard @ Hillview Sarovar by the Lake,2026-11-15,2,20505.84,41011.68,INR,confirmed,,2026-08-18T10:00:00+05:30
bit_18dd09a6,bkg_902f8bdc,room_type,rmt_a369d34e,inv_7c1c9459,Twin Economy @ The Old Regency Inn,2026-10-02,1,4447.53,4447.53,INR,confirmed,,2026-08-18T10:00:00+05:30
bit_20156938,bkg_fa34a399,room_type,rmt_00534217,inv_55a1870c,Executive @ Lake Nest Suites,2026-09-02,1,22698.66,22698.66,CHF,confirmed,,2026-08-18T10:00:00+05:30
bit_b668ff0f,bkg_1527a531,room_type,rmt_5e6f1662,inv_859c02ad,Family Room @ Riverside Sarovar Boutique Stay,2026-11-12,1,6274.75,6274.75,INR,confirmed,,2026-08-18T10:00:00+05:30
bit_b7ebce8c,bkg_1527a531,room_type,rmt_97174185,inv_655b3a4d,Deluxe Garden View @ Amber Retreat Homestay,2026-10-02,1,12150.91,12150.91,INR,confirmed,,2026-08-18T10:00:00+05:30
bit_8a918507,bkg_a9acd451,room_type,rmt_eea5cfbe,inv_0634c11d,Family Room @ The Old Residency Suites,2026-10-22,2,14756.04,29512.08,INR,confirmed,,2026-08-18T10:00:00+05:30
bit_12c472c1,bkg_a9acd451,room_type,rmt_796b88e6,inv_8127ceeb,Deluxe @ The Old Vihar Resort,2026-09-08,2,28013.16,56026.32,INR,confirmed,,2026-08-18T10:00:00+05:30
bit_191d33a8,bkg_a9acd451,room_type,rmt_f42e207b,inv_03678f11,Twin Economy @ Heritage Palms,2026-11-21,2,7296.38,14592.76,INR,confirmed,,2026-08-18T10:00:00+05:30
bit_79b50de3,bkg_0db4b4df,flight_fare,far_931ad3c9,inv_38f0aa01,Flight seat,2026-09-24,1,759.75,759.75,SGD,confirmed,,2026-08-18T10:00:00+05:30
bit_e6f18183,bkg_1494f28c,room_type,rmt_56416285,inv_0cc3013e,Family Room @ Villa Haveli & Spa,2026-09-26,2,21949.90,43899.80,INR,confirmed,,2026-08-18T10:00:00+05:30
bit_0f761be1,bkg_a12457bb,room_type,rmt_80d53c61,inv_eeafed3b,Premier Suite @ Royal Terraces Suites,2026-11-15,1,23584.40,23584.40,INR,confirmed,,2026-08-18T10:00:00+05:30
bit_704fde1a,bkg_a12457bb,flight_fare,far_9e0a1a62,inv_ecd59190,Flight seat,2026-10-04,2,36780.34,73560.68,INR,confirmed,,2026-08-18T10:00:00+05:30
bit_39a9f8f9,bkg_e2877ed3,room_type,rmt_94546c51,inv_4f7f14d5,Premier Suite @ Royal Sarovar Boutique Stay,2026-09-24,1,4745.99,4745.99,INR,confirmed,,2026-08-18T10:00:00+05:30
bit_c0389230,bkg_e2877ed3,room_type,rmt_e80871dd,inv_4f28190d,Standard @ Lake Palms Inn,2026-11-23,1,5338.26,5338.26,INR,confirmed,,2026-08-18T10:00:00+05:30
bit_e8e7bbe2,bkg_ad9cd0d9,room_type,rmt_3e31fe20,inv_0ca00715,Heritage Room @ Indigo Orchard & Spa,2026-11-11,1,16444.14,16444.14,AED,confirmed,,2026-08-18T10:00:00+05:30
bit_47283cf4,bkg_38ed4755,room_type,rmt_dac67beb,inv_bd27a175,Family Room @ Garden Vihar Suites,2026-10-05,1,3016.69,3016.69,INR,confirmed,,2026-08-18T10:00:00+05:30
bit_09de2ab8,bkg_67b75b4d,room_type,rmt_24f68d46,inv_de0e6fb2,Executive @ Indigo Meadows Boutique Stay,2026-10-26,1,6959.54,6959.54,INR,confirmed,,2026-08-18T10:00:00+05:30
bit_f893298d,bkg_0be11e9f,room_type,rmt_2bfbfea7,inv_02d0f60b,Executive @ The Old Terraces Resort,2026-10-30,2,9275.84,18551.68,INR,confirmed,,2026-08-18T10:00:00+05:30
bit_5c0e6b9c,bkg_f1e6a607,room_type,rmt_1664a3ef,inv_45385756,Heritage Room @ Indigo Verandah Homestay,2026-10-21,2,4280.29,8560.58,INR,confirmed,,2026-08-18T10:00:00+05:30
bit_7749a2fe,bkg_c6624ff5,flight_fare,far_168c325c,inv_898f353d,Flight seat,2026-10-19,1,2850.81,2850.81,INR,confirmed,,2026-08-18T10:00:00+05:30
bit_b298a330,bkg_7593624b,room_type,rmt_15de3a69,inv_68030173,Deluxe @ Royal Manor & Spa,2026-11-21,1,12333.54,12333.54,INR,pending,,2026-08-18T10:00:00+05:30
bit_3ad5ad4a,bkg_15c09b41,room_type,rmt_2e6b37c4,inv_9b06dcb7,Deluxe @ Palm Ghat House by the Lake,2026-11-01,1,3539.68,3539.68,INR,confirmed,,2026-08-18T10:00:00+05:30
bit_69068b66,bkg_6e2a981a,flight_fare,far_53ea6333,inv_0a639778,Flight seat,2026-09-30,1,68933.97,68933.97,INR,confirmed,,2026-08-18T10:00:00+05:30
bit_ae589dba,bkg_6e2a981a,room_type,rmt_97174185,inv_d327d853,Deluxe Garden View @ Amber Retreat Homestay,2026-09-15,1,9234.69,9234.69,INR,confirmed,,2026-08-18T10:00:00+05:30
bit_95fee856,bkg_84e7ee7c,room_type,rmt_bc554dab,inv_dccde6b3,Heritage Room @ Indigo Vihar Inn,2026-11-17,1,8333.29,8333.29,NPR,cancelled,,2026-08-18T10:00:00+05:30
bit_c46f9b94,bkg_a4fd1cae,flight_fare,far_14ff30ae,inv_fa77d8f0,Flight seat,2026-10-06,2,4346.65,8693.30,INR,confirmed,,2026-08-18T10:00:00+05:30
bit_ab7fbf47,bkg_7a6725ad,room_type,rmt_8a3c3697,inv_c7e07dc8,Twin Economy @ Indigo Orchard Inn,2026-10-17,1,6073.66,6073.66,INR,confirmed,,2026-08-18T10:00:00+05:30
bit_c643487e,bkg_d9adc357,room_type,rmt_188dccb2,inv_6660c912,Heritage Room @ Amber Sanctuary Homestay,2026-10-17,2,8173.34,16346.68,INR,confirmed,,2026-08-18T10:00:00+05:30
bit_51560cca,bkg_652c226b,room_type,rmt_a9b58258,inv_eeb3b48c,Deluxe @ Casa Manor Suites,2026-10-13,1,1979.93,1979.93,MVR,pending,,2026-08-18T10:00:00+05:30
bit_6b917160,bkg_5bd28ea9,room_type,rmt_c867633e,inv_052d442b,Standard @ Hillview Sarovar by the Lake,2026-11-06,2,19717.67,39435.34,INR,confirmed,,2026-08-18T10:00:00+05:30
bit_6e3fef42,bkg_5bd28ea9,room_type,rmt_f09dd267,inv_7a4f4b21,Executive @ Hillview Sarovar Inn,2026-11-16,2,5349.75,10699.50,INR,confirmed,,2026-08-18T10:00:00+05:30
bit_1fc65c2d,bkg_324b4816,room_type,rmt_7b889ec3,inv_00fb4c3c,Family Room @ Heritage Verandah Resort,2026-09-02,2,6851.67,13703.34,INR,confirmed,,2026-08-18T10:00:00+05:30
bit_24c1f1ad,bkg_fa9f7029,flight_fare,far_b940f4da,inv_5d2cfb8a,Flight seat,2026-09-09,1,777.72,777.72,AED,confirmed,,2026-08-18T10:00:00+05:30
bit_e143f142,bkg_3ff8a079,room_type,rmt_a369d34e,inv_281a4ca5,Twin Economy @ The Old Regency Inn,2026-10-29,1,3868.44,3868.44,INR,confirmed,,2026-08-18T10:00:00+05:30
bit_3493350a,bkg_dc8c26d5,room_type,rmt_3a584d76,inv_d8321785,Heritage Room @ Indigo Meadows Boutique Stay,2026-10-07,1,2901.74,2901.74,INR,confirmed,,2026-08-18T10:00:00+05:30
bit_4ee15c35,bkg_dc8c26d5,room_type,rmt_b9773ac8,inv_84d10740,Deluxe @ Heritage Kothi Inn,2026-10-22,1,7974.75,7974.75,INR,confirmed,,2026-08-18T10:00:00+05:30
bit_f572847f,bkg_f337e8d5,room_type,rmt_5df6ca92,inv_6d3d35f7,Heritage Room @ Garden Ghat House & Spa,2026-11-16,2,7587.28,15174.56,AED,confirmed,,2026-08-18T10:00:00+05:30
bit_1d7a3e35,bkg_4fa06848,room_type,rmt_fdc08ffa,inv_15f5787b,Premier Suite @ Royal Terraces & Spa,2026-11-23,2,6649.15,13298.30,INR,confirmed,,2026-08-18T10:00:00+05:30
bit_a7c720ab,bkg_4fa06848,room_type,rmt_a1a42253,inv_2b4ac8a2,Standard @ Garden Orchard Homestay,2026-11-12,2,7135.31,14270.62,INR,confirmed,,2026-08-18T10:00:00+05:30
bit_5e95b1cc,bkg_268e0735,flight_fare,far_c8204b8e,inv_e4c8f2ca,Flight seat,2026-11-07,1,14324.26,14324.26,INR,cancelled,,2026-08-18T10:00:00+05:30
bit_0f55d890,bkg_02bbec39,flight_fare,far_32e667db,inv_9bdbfbe4,Flight seat,2026-10-15,1,3542.57,3542.57,INR,confirmed,,2026-08-18T10:00:00+05:30
bit_d65c4710,bkg_43092976,flight_fare,far_0d8ede7c,inv_f9f0083c,Flight seat,2026-11-14,1,7629.33,7629.33,INR,confirmed,,2026-08-18T10:00:00+05:30
bit_753f6e0a,bkg_43092976,room_type,rmt_ad2452fd,inv_fcdf763f,Deluxe Garden View @ Hotel Regency Boutique Stay,2026-11-04,1,17812.95,17812.95,INR,confirmed,,2026-08-18T10:00:00+05:30
bit_9fcb4307,bkg_94ea7bf7,room_type,rmt_031c6f90,inv_fcf1c8cc,Family Room @ Royal Terraces Suites,2026-09-04,2,29382.11,58764.22,INR,confirmed,,2026-08-18T10:00:00+05:30
bit_ed48857c,bkg_caf3104e,room_type,rmt_3a584d76,inv_a314ad95,Heritage Room @ Indigo Meadows Boutique Stay,2026-10-30,1,3587.87,3587.87,INR,confirmed,,2026-08-18T10:00:00+05:30
bit_40915921,bkg_638da84b,flight_fare,far_702ad9b3,inv_a6a6fde8,Flight seat,2026-10-28,2,23084.14,46168.28,INR,pending,,2026-08-18T10:00:00+05:30
bit_734d6eb7,bkg_638da84b,room_type,rmt_031c6f90,inv_82212b98,Family Room @ Royal Terraces Suites,2026-10-14,1,24770.86,24770.86,INR,pending,,2026-08-18T10:00:00+05:30
bit_80531092,bkg_638da84b,room_type,rmt_2919bbfe,inv_3b802c93,Heritage Room @ Palm Sarovar,2026-11-17,2,8367.45,16734.90,INR,pending,,2026-08-18T10:00:00+05:30
bit_ef8c4bd4,bkg_99b04c8f,flight_fare,far_1be85056,inv_90cde118,Flight seat,2026-11-13,1,4934792.01,4934792.01,IDR,confirmed,,2026-08-18T10:00:00+05:30
bit_4a197655,bkg_bbb4784e,room_type,rmt_7a6d1768,inv_72abcb13,Deluxe Garden View @ Villa Mahal Suites,2026-09-28,1,2781.64,2781.64,INR,confirmed,,2026-08-18T10:00:00+05:30
bit_1a0c268f,bkg_fca21aba,room_type,rmt_afa1e735,inv_571c1833,Deluxe @ Garden Sanctuary by the Lake,2026-10-27,2,35571.70,71143.40,INR,confirmed,,2026-08-18T10:00:00+05:30
bit_ccec13c4,bkg_6ec1c0aa,room_type,rmt_031c6f90,inv_67e0c738,Family Room @ Royal Terraces Suites,2026-10-22,2,27510.98,55021.96,INR,confirmed,,2026-08-18T10:00:00+05:30
bit_858beeb4,bkg_6ec1c0aa,room_type,rmt_261249fc,inv_6594c5ef,Heritage Room @ Indigo Sarovar Heritage,2026-11-22,2,10146.48,20292.96,INR,confirmed,,2026-08-18T10:00:00+05:30
bit_b4d1a56c,bkg_8eef0958,room_type,rmt_24f68d46,inv_8279a458,Executive @ Indigo Meadows Boutique Stay,2026-09-27,1,7622.78,7622.78,INR,confirmed,,2026-08-18T10:00:00+05:30
bit_59e7b2a6,bkg_8eef0958,room_type,rmt_e80871dd,inv_dec5312c,Standard @ Lake Palms Inn,2026-10-25,2,6698.81,13397.62,INR,confirmed,,2026-08-18T10:00:00+05:30
bit_dbd62516,bkg_6c27a1d3,room_type,rmt_2b67c1df,inv_91344f0f,Deluxe @ Royal Sanctuary Suites,2026-10-26,1,8928.47,8928.47,INR,confirmed,,2026-08-18T10:00:00+05:30
bit_19d393d3,bkg_6c27a1d3,flight_fare,far_4cc5ad69,inv_021fe4b2,Flight seat,2026-09-17,1,25966.33,25966.33,INR,confirmed,,2026-08-18T10:00:00+05:30
bit_6b382eed,bkg_d6ed783c,flight_fare,far_533554d8,inv_6a73861d,Flight seat,2026-09-24,1,8708.67,8708.67,INR,confirmed,,2026-08-18T10:00:00+05:30
bit_c6b5b2ca,bkg_9f0e70d0,flight_fare,far_9e060739,inv_f9e67b74,Flight seat,2026-09-04,1,9400.74,9400.74,INR,confirmed,,2026-08-18T10:00:00+05:30
bit_eb0c87fc,bkg_9f0e70d0,room_type,rmt_4cf7dfce,inv_9687cd05,Twin Economy @ Palm Sanctuary Boutique Stay,2026-09-06,2,15211.51,30423.02,INR,confirmed,,2026-08-18T10:00:00+05:30
bit_8d8a81ed,bkg_9f0e70d0,room_type,rmt_12d96357,inv_3842af34,Standard @ Garden Sarovar Homestay,2026-11-13,1,8531.14,8531.14,INR,confirmed,,2026-08-18T10:00:00+05:30
bit_ee268f25,bkg_2b158233,flight_fare,far_c773daa2,inv_cf410677,Flight seat,2026-10-09,1,20526.46,20526.46,INR,cancelled,,2026-08-18T10:00:00+05:30
bit_8e0ae9d4,bkg_6310b0ca,room_type,rmt_c946b4c2,inv_9cc365f8,Premier Suite @ Royal Sanctuary Suites,2026-09-01,1,7683.01,7683.01,INR,cancelled,,2026-08-18T10:00:00+05:30
bit_388f43a2,bkg_86152547,room_type,rmt_6459e588,inv_2599b66d,Deluxe @ The Terraces Resort,2026-09-03,2,13101.94,26203.88,INR,compensated,2026-06-26T02:04:00+05:30,2026-08-18T10:00:00+05:30
bit_691e3615,bkg_86152547,room_type,rmt_b2228b31,inv_fc25e9be,Standard @ Villa Meadows Homestay,2026-11-19,2,3376.73,6753.46,INR,compensated,2026-06-26T02:04:00+05:30,2026-08-18T10:00:00+05:30
bit_763ba634,bkg_77ace26a,room_type,rmt_12d96357,inv_3801f386,Standard @ Garden Sarovar Homestay,2026-10-27,2,6083.72,12167.44,INR,confirmed,,2026-08-18T10:00:00+05:30
bit_3ea28b8c,bkg_5a8bd6d7,room_type,rmt_b2228b31,inv_a21e913a,Standard @ Villa Meadows Homestay,2026-09-19,2,4387.84,8775.68,INR,confirmed,,2026-08-18T10:00:00+05:30
bit_e503ede4,bkg_55713df3,room_type,rmt_69fb5df6,inv_7585700b,Family Room @ Lake Bungalow by the Lake,2026-09-14,2,3147.03,6294.06,INR,confirmed,,2026-08-18T10:00:00+05:30
bit_56a339f9,bkg_19dfd47f,room_type,rmt_69fb5df6,inv_429f5789,Family Room @ Lake Bungalow by the Lake,2026-10-14,2,2707.58,5415.16,INR,cancelled,,2026-08-18T10:00:00+05:30
bit_b4689f82,bkg_130fa490,flight_fare,far_4c9de5a9,inv_084fc95e,Flight seat,2026-11-12,1,15658.03,15658.03,INR,confirmed,,2026-08-18T10:00:00+05:30
bit_8ed5fa7b,bkg_29311251,flight_fare,far_7fe572f4,inv_e505943a,Flight seat,2026-11-05,2,7034.56,14069.12,INR,confirmed,,2026-08-18T10:00:00+05:30
bit_7bd99ca4,bkg_89b928b0,room_type,rmt_38d11d09,inv_0531b597,Deluxe @ Hillview Bagh Suites,2026-09-27,1,6972.25,6972.25,INR,cancelled,,2026-08-18T10:00:00+05:30
bit_c269306c,bkg_09a3beea,room_type,rmt_3e31fe20,inv_5d51cad1,Heritage Room @ Indigo Orchard & Spa,2026-09-11,2,23524.99,47049.98,AED,confirmed,,2026-08-18T10:00:00+05:30
bit_0822cf8f,bkg_2d11eb69,room_type,rmt_363659ec,inv_397420eb,Heritage Room @ Palm Nest Heritage,2026-11-26,2,6994.01,13988.02,MYR,cancelled,,2026-08-18T10:00:00+05:30
bit_c8b0d8d0,bkg_98ffa1c1,room_type,rmt_a9b58258,inv_5231424e,Deluxe @ Casa Manor Suites,2026-11-03,2,1905.75,3811.50,MVR,confirmed,,2026-08-18T10:00:00+05:30
bit_d869e8c7,bkg_77b85df2,room_type,rmt_ad2452fd,inv_6c6c37e1,Deluxe Garden View @ Hotel Regency Boutique Stay,2026-10-30,2,20926.69,41853.38,INR,confirmed,,2026-08-18T10:00:00+05:30
bit_28c1fc4d,bkg_90b382e4,room_type,rmt_b9773ac8,inv_f8538701,Deluxe @ Heritage Kothi Inn,2026-11-08,1,9366.14,9366.14,INR,confirmed,,2026-08-18T10:00:00+05:30
bit_1b6ef46e,bkg_90b382e4,room_type,rmt_58eeb2ee,inv_6e474bf0,Standard @ Villa Mahal Suites,2026-11-25,1,3357.40,3357.40,INR,confirmed,,2026-08-18T10:00:00+05:30
bit_16a6c75a,bkg_32a24a3f,room_type,rmt_54db1870,inv_0fcf7132,Deluxe @ Hillview Sarovar Inn,2026-10-11,2,3020.14,6040.28,INR,confirmed,,2026-08-18T10:00:00+05:30
bit_a896c9cd,bkg_32a24a3f,room_type,rmt_e1c91b66,inv_1c0db624,Deluxe @ Indigo Meadows by the Lake,2026-10-10,2,7339.31,14678.62,INR,confirmed,,2026-08-18T10:00:00+05:30
bit_6dabc5dd,bkg_32a24a3f,room_type,rmt_261249fc,inv_200259d9,Heritage Room @ Indigo Sarovar Heritage,2026-09-21,1,9499.79,9499.79,INR,confirmed,,2026-08-18T10:00:00+05:30
bit_bc8e86aa,bkg_419d06d8,room_type,rmt_c015a465,inv_6fe68226,Executive @ Hotel Regency Boutique Stay,2026-10-25,2,10487.40,20974.80,INR,confirmed,,2026-08-18T10:00:00+05:30
bit_727d0784,bkg_cc6fa5cd,flight_fare,far_8da4b748,inv_170bc949,Flight seat,2026-11-24,2,1424.16,2848.32,AED,confirmed,,2026-08-18T10:00:00+05:30
bit_fbf2141b,bkg_39d984b6,room_type,rmt_3a584d76,inv_b65807ab,Heritage Room @ Indigo Meadows Boutique Stay,2026-09-04,2,3950.97,7901.94,INR,cancelled,,2026-08-18T10:00:00+05:30
bit_577a6230,bkg_b0f31395,room_type,rmt_dac67beb,inv_e986adfb,Family Room @ Garden Vihar Suites,2026-09-01,2,3339.08,6678.16,INR,confirmed,,2026-08-18T10:00:00+05:30
bit_80803cb4,bkg_b5377a1e,room_type,rmt_7a6d1768,inv_b35b3414,Deluxe Garden View @ Villa Mahal Suites,2026-09-03,1,2239.94,2239.94,INR,cancelled,,2026-08-18T10:00:00+05:30
bit_5bddd27a,bkg_1646792d,flight_fare,far_2892e2d5,inv_6fd93258,Flight seat,2026-11-15,1,1003.42,1003.42,AED,pending,,2026-08-18T10:00:00+05:30
bit_f09fef2f,bkg_a8749b6c,room_type,rmt_ddb7c473,inv_eb77eaa7,Deluxe @ Amber Orchard Suites,2026-09-07,2,3332.10,6664.20,INR,cancelled,,2026-08-18T10:00:00+05:30
bit_09d19bee,bkg_a8749b6c,room_type,rmt_2e70cc92,inv_926277ff,Family Room @ Amber Bungalow Inn,2026-09-02,1,2199.99,2199.99,INR,cancelled,,2026-08-18T10:00:00+05:30
bit_25e5ebfb,bkg_5266db76,room_type,rmt_80d53c61,inv_a89d4dee,Premier Suite @ Royal Terraces Suites,2026-10-18,2,23526.00,47052.00,INR,confirmed,,2026-08-18T10:00:00+05:30
bit_835ee259,bkg_0fc6a5f7,flight_fare,far_be0244a6,inv_3a8c6a14,Flight seat,2026-09-13,2,19555.88,39111.76,INR,confirmed,,2026-08-18T10:00:00+05:30
bit_e9033700,bkg_0fc6a5f7,room_type,rmt_d5d1225e,inv_0ea78b80,Deluxe Garden View @ Indigo Niwas Resort,2026-11-20,1,2566.96,2566.96,INR,confirmed,,2026-08-18T10:00:00+05:30
bit_edc72fea,bkg_625b108f,room_type,rmt_4faddc19,inv_a3240b45,Family Room @ Garden Ghat House & Spa,2026-11-08,1,6947.90,6947.90,AED,confirmed,,2026-08-18T10:00:00+05:30
bit_1141d129,bkg_368c23f7,room_type,rmt_031c6f90,inv_4c077d0e,Family Room @ Royal Terraces Suites,2026-10-09,1,26434.09,26434.09,INR,confirmed,,2026-08-18T10:00:00+05:30
bit_fa6b9d88,bkg_368c23f7,flight_fare,far_11bc47e6,inv_5518bdf7,Flight seat,2026-09-06,2,13398.29,26796.58,INR,confirmed,,2026-08-18T10:00:00+05:30
bit_6c85f9d7,bkg_368c23f7,room_type,rmt_5b68a891,inv_26d8a88c,Family Room @ Royal Orchard Heritage,2026-10-05,2,37514.48,75028.96,INR,confirmed,,2026-08-18T10:00:00+05:30
bit_d75dae7f,bkg_cb2feb5c,room_type,rmt_7f9f494c,inv_fe72a7e2,Twin Economy @ Hotel Kothi by the Lake,2026-11-23,2,6993.81,13987.62,INR,confirmed,,2026-08-18T10:00:00+05:30
bit_c56faa05,bkg_cb2feb5c,room_type,rmt_d5d1225e,inv_d30028f6,Deluxe Garden View @ Indigo Niwas Resort,2026-09-26,1,2597.00,2597.00,INR,confirmed,,2026-08-18T10:00:00+05:30
bit_9996cc42,bkg_9da82a07,room_type,rmt_54db1870,inv_47428695,Deluxe @ Hillview Sarovar Inn,2026-09-23,2,2384.85,4769.70,INR,confirmed,,2026-08-18T10:00:00+05:30
bit_b858acee,bkg_f357b57f,flight_fare,far_8261d4e8,inv_b800a938,Flight seat,2026-10-29,2,18212.51,36425.02,THB,cancelled,,2026-08-18T10:00:00+05:30
bit_911d1517,bkg_d57f31f2,room_type,rmt_3aa4f9b8,inv_2a5faa3d,Premier Suite @ Grand Sarovar Resort,2026-11-29,2,9182.75,18365.50,INR,confirmed,,2026-08-18T10:00:00+05:30
bit_0f17afcb,bkg_4ea4b445,room_type,rmt_06f0a27d,inv_18b8b197,Heritage Room @ Hillview Nest Boutique Stay,2026-10-23,1,24659.71,24659.71,INR,pending,,2026-08-18T10:00:00+05:30
bit_efe3a47c,bkg_ddc4803e,flight_fare,far_7f184a07,inv_6a97b5b2,Flight seat,2026-11-19,1,30876.99,30876.99,INR,confirmed,,2026-08-18T10:00:00+05:30
bit_38ec573b,bkg_c18005af,flight_fare,far_685b5bb4,inv_66bb5e29,Flight seat,2026-09-13,1,24626.23,24626.23,INR,confirmed,,2026-08-18T10:00:00+05:30
bit_cc673a6a,bkg_861f18f3,room_type,rmt_e99927f7,inv_f8cd60a1,Standard @ Hillview Niwas by the Lake,2026-10-10,1,3879.91,3879.91,INR,confirmed,,2026-08-18T10:00:00+05:30
bit_4a35fd82,bkg_861f18f3,flight_fare,far_edac4821,inv_76f36eaa,Flight seat,2026-09-15,1,20086.91,20086.91,INR,confirmed,,2026-08-18T10:00:00+05:30
bit_ed258dbe,bkg_eb6af426,room_type,rmt_00534217,inv_4a120d6c,Executive @ Lake Nest Suites,2026-11-25,2,22330.61,44661.22,CHF,confirmed,,2026-08-18T10:00:00+05:30
bit_3b743d51,bkg_98036117,flight_fare,far_43d4ab8e,inv_1a30cfad,Flight seat,2026-11-06,2,9715.25,19430.50,INR,confirmed,,2026-08-18T10:00:00+05:30
bit_6c68ee41,bkg_832305ee,room_type,rmt_56416285,inv_8242ae61,Family Room @ Villa Haveli & Spa,2026-11-21,2,19740.03,39480.06,INR,confirmed,,2026-08-18T10:00:00+05:30
bit_46485a12,bkg_b0d19067,flight_fare,far_96bfd2eb,inv_8204b2a2,Flight seat,2026-11-06,2,11087.99,22175.98,INR,confirmed,,2026-08-18T10:00:00+05:30
bit_98991611,bkg_b0d19067,flight_fare,far_74e354ca,inv_5637e8e7,Flight seat,2026-09-26,2,39664.53,79329.06,INR,confirmed,,2026-08-18T10:00:00+05:30
bit_67febeab,bkg_b0d19067,flight_fare,far_8759f094,inv_63e671f7,Flight seat,2026-10-21,1,19865.45,19865.45,INR,confirmed,,2026-08-18T10:00:00+05:30
bit_f5373bc9,bkg_41c7958c,flight_fare,far_d3d15660,inv_2187899a,Flight seat,2026-11-28,2,34929.53,69859.06,INR,confirmed,,2026-08-18T10:00:00+05:30
bit_2cf2358d,bkg_b7ddf88e,room_type,rmt_eb19de1f,inv_74c34385,Standard @ The Retreat Homestay,2026-09-11,2,3904.75,7809.50,QAR,confirmed,,2026-08-18T10:00:00+05:30
bit_252f1daa,bkg_817c3d69,room_type,rmt_bc554dab,inv_65494376,Heritage Room @ Indigo Vihar Inn,2026-10-02,1,10910.79,10910.79,NPR,cancelled,,2026-08-18T10:00:00+05:30
bit_9322f9c4,bkg_27b234d7,flight_fare,far_e33d89fa,inv_eb653775,Flight seat,2026-09-04,2,69174.81,138349.62,INR,confirmed,,2026-08-18T10:00:00+05:30
bit_0bc87ca7,bkg_2565ff8a,flight_fare,far_84eca22c,inv_dfc09437,Flight seat,2026-11-13,1,23604.75,23604.75,INR,confirmed,,2026-08-18T10:00:00+05:30
bit_0fb75123,bkg_0a80ff62,room_type,rmt_c07b1f2a,inv_acc9480c,Executive @ Garden Ghat House Resort,2026-09-12,2,6492.56,12985.12,LKR,cancelled,,2026-08-18T10:00:00+05:30
bit_10dcfbe3,bkg_bb18b20c,flight_fare,far_5e1ce50f,inv_5efd1ce9,Flight seat,2026-10-30,1,8511.03,8511.03,INR,confirmed,,2026-08-18T10:00:00+05:30
bit_2b1699bc,bkg_bb18b20c,flight_fare,far_94fe31b2,inv_830a9412,Flight seat,2026-10-04,1,7604.03,7604.03,INR,confirmed,,2026-08-18T10:00:00+05:30
bit_03f878d8,bkg_0b319d06,flight_fare,far_ae291bd9,inv_5395721f,Flight seat,2026-11-03,1,3188.23,3188.23,AED,confirmed,,2026-08-18T10:00:00+05:30
bit_8a3daf38,bkg_5f28ef75,room_type,rmt_039a87b5,inv_4190a993,Deluxe @ Riverside Sanctuary Inn,2026-09-07,2,5520.78,11041.56,INR,confirmed,,2026-08-18T10:00:00+05:30
bit_42602cbb,bkg_734229fd,room_type,rmt_2ef10b2a,inv_bab132c8,Standard @ The Old Orchard & Spa,2026-10-29,2,20139.55,40279.10,INR,cancelled,,2026-08-18T10:00:00+05:30
bit_d9e474d1,bkg_9411eb75,flight_fare,far_f23dac69,inv_4a8990b2,Flight seat,2026-09-07,2,6001.33,12002.66,INR,cancelled,,2026-08-18T10:00:00+05:30
bit_0ada9170,bkg_c0694ec1,room_type,rmt_6459e588,inv_ade156f3,Deluxe @ The Terraces Resort,2026-11-03,1,10936.01,10936.01,INR,confirmed,,2026-08-18T10:00:00+05:30
bit_851ef03d,bkg_c0694ec1,flight_fare,far_647faf78,inv_1b56e1cf,Flight seat,2026-11-03,1,31931.47,31931.47,INR,confirmed,,2026-08-18T10:00:00+05:30
bit_e8816bf7,bkg_49830f9f,flight_fare,far_782d978b,inv_def8013b,Flight seat,2026-09-23,2,8894.55,17789.10,INR,confirmed,,2026-08-18T10:00:00+05:30
bit_39241a26,bkg_6e8ae8fc,room_type,rmt_2e6b37c4,inv_0d6f767f,Deluxe @ Palm Ghat House by the Lake,2026-10-04,2,3486.77,6973.54,INR,confirmed,,2026-08-18T10:00:00+05:30
bit_14632712,bkg_6e8ae8fc,room_type,rmt_d1336e5e,inv_6a77c7ea,Twin Economy @ Heritage Kothi Inn,2026-09-06,1,15771.36,15771.36,INR,confirmed,,2026-08-18T10:00:00+05:30
bit_825f4028,bkg_6e8ae8fc,flight_fare,far_8beaf99f,inv_37c4f70f,Flight seat,2026-10-05,2,19132.99,38265.98,INR,confirmed,,2026-08-18T10:00:00+05:30
bit_cb4eae09,bkg_85f35a7d,room_type,rmt_67c20089,inv_09af10b5,Standard @ Hotel Verandah Heritage,2026-10-06,1,6955.10,6955.10,INR,confirmed,,2026-08-18T10:00:00+05:30
bit_b4bc168d,bkg_c2c4fc05,room_type,rmt_5e6f1662,inv_2a7dbfcd,Family Room @ Riverside Sarovar Boutique Stay,2026-10-31,1,8308.66,8308.66,INR,confirmed,,2026-08-18T10:00:00+05:30
bit_7d45b50f,bkg_fe93eeb8,room_type,rmt_c07b1f2a,inv_5ef30804,Executive @ Garden Ghat House Resort,2026-11-19,1,4742.36,4742.36,LKR,pending,,2026-08-18T10:00:00+05:30
bit_c612ce7a,bkg_2f11661a,flight_fare,far_37890a04,inv_e62eccb3,Flight seat,2026-11-27,2,29065.33,58130.66,INR,confirmed,,2026-08-18T10:00:00+05:30
bit_aaae96ba,bkg_2f11661a,flight_fare,far_1b01ef28,inv_1325f195,Flight seat,2026-11-26,1,26695.07,26695.07,INR,confirmed,,2026-08-18T10:00:00+05:30
bit_d119e0ed,bkg_3f2232fd,room_type,rmt_7b889ec3,inv_3160c096,Family Room @ Heritage Verandah Resort,2026-11-16,2,6841.98,13683.96,INR,cancelled,,2026-08-18T10:00:00+05:30
bit_1f10c6b1,bkg_6c77a0bd,flight_fare,far_71a24459,inv_16a15bf4,Flight seat,2026-10-04,1,6554.44,6554.44,THB,confirmed,,2026-08-18T10:00:00+05:30
bit_30b4bc76,bkg_fc972aa4,flight_fare,far_2eb5a274,inv_89dedc6a,Flight seat,2026-10-12,1,9748.47,9748.47,INR,pending,,2026-08-18T10:00:00+05:30
bit_d14ce247,bkg_eab58fc5,room_type,rmt_d5d1225e,inv_1fb84f57,Deluxe Garden View @ Indigo Niwas Resort,2026-10-06,1,1909.55,1909.55,INR,confirmed,,2026-08-18T10:00:00+05:30
bit_10cd32e5,bkg_ec18b289,room_type,rmt_2e6b37c4,inv_b65ff3b3,Deluxe @ Palm Ghat House by the Lake,2026-09-20,2,3176.29,6352.58,INR,confirmed,,2026-08-18T10:00:00+05:30
bit_18aec642,bkg_480af91f,room_type,rmt_e80871dd,inv_dc53b2bf,Standard @ Lake Palms Inn,2026-09-06,2,6574.32,13148.64,INR,cancelled,,2026-08-18T10:00:00+05:30
bit_159794ad,bkg_bcbd8375,room_type,rmt_d5d1225e,inv_74300f7c,Deluxe Garden View @ Indigo Niwas Resort,2026-10-11,1,2292.18,2292.18,INR,confirmed,,2026-08-18T10:00:00+05:30
bit_873608c3,bkg_bcbd8375,room_type,rmt_f01a2942,inv_2cdeb0ab,Family Room @ Villa Meadows Homestay,2026-10-19,1,4849.09,4849.09,INR,confirmed,,2026-08-18T10:00:00+05:30
bit_fcac1ae7,bkg_b22a22fe,flight_fare,far_4df5e34c,inv_930a5439,Flight seat,2026-10-05,2,2727.22,5454.44,INR,confirmed,,2026-08-18T10:00:00+05:30
bit_2dd6d0c7,bkg_22a99773,flight_fare,far_2f6b2435,inv_98e46bb1,Flight seat,2026-11-01,2,49485.67,98971.34,INR,confirmed,,2026-08-18T10:00:00+05:30
bit_ef8972a7,bkg_c12e564d,room_type,rmt_0f009220,inv_5788d1e5,Deluxe @ Palm Courtyard Heritage,2026-11-14,1,9908.41,9908.41,INR,pending,,2026-08-18T10:00:00+05:30
bit_03d51e65,bkg_457969f4,room_type,rmt_227a4718,inv_06778b56,Premier Suite @ Casa Retreat by the Lake,2026-11-11,2,2006.20,4012.40,AED,cancelled,,2026-08-18T10:00:00+05:30
bit_3fb0fde8,bkg_16f79b7c,room_type,rmt_fcb045a1,inv_127abcdb,Family Room @ Hillview Niwas by the Lake,2026-11-25,1,2144.10,2144.10,INR,confirmed,,2026-08-18T10:00:00+05:30
bit_dfe9efd2,bkg_58f99a2f,room_type,rmt_fcb045a1,inv_d8291c19,Family Room @ Hillview Niwas by the Lake,2026-09-23,1,2416.04,2416.04,INR,cancelled,,2026-08-18T10:00:00+05:30
bit_d0600c45,bkg_ab46da2b,room_type,rmt_58eeb2ee,inv_ae730727,Standard @ Villa Mahal Suites,2026-10-03,1,3502.07,3502.07,INR,cancelled,,2026-08-18T10:00:00+05:30
bit_1b23c368,bkg_b229f490,room_type,rmt_d1336e5e,inv_5b37920e,Twin Economy @ Heritage Kothi Inn,2026-09-01,1,11531.71,11531.71,INR,cancelled,,2026-08-18T10:00:00+05:30
bit_ecff1044,bkg_0dd3e62b,room_type,rmt_188dccb2,inv_d65dadca,Heritage Room @ Amber Sanctuary Homestay,2026-11-01,1,7614.02,7614.02,INR,confirmed,,2026-08-18T10:00:00+05:30
bit_54fb6377,bkg_f35fa1a3,room_type,rmt_24f68d46,inv_8279a458,Executive @ Indigo Meadows Boutique Stay,2026-09-27,1,7622.78,7622.78,INR,confirmed,,2026-08-18T10:00:00+05:30
bit_eccda0d2,bkg_f35fa1a3,flight_fare,far_a0028f68,inv_db62516c,Flight seat,2026-11-01,1,116078.66,116078.66,INR,confirmed,,2026-08-18T10:00:00+05:30
bit_098a0295,bkg_1c515a93,flight_fare,far_e3697d92,inv_7e2fd83a,Flight seat,2026-11-09,1,9605.63,9605.63,INR,confirmed,,2026-08-18T10:00:00+05:30
bit_c917b898,bkg_fd4abab7,flight_fare,far_c332a03d,inv_ceb74514,Flight seat,2026-11-13,1,204.95,204.95,SGD,confirmed,,2026-08-18T10:00:00+05:30
bit_a978948f,bkg_75c1ec20,room_type,rmt_060c5796,inv_110e5759,Deluxe @ Grand Kothi & Spa,2026-11-09,1,5094.64,5094.64,INR,cancelled,,2026-08-18T10:00:00+05:30
bit_292c0db4,bkg_a2e3c51d,room_type,rmt_00534217,inv_9a4b6163,Executive @ Lake Nest Suites,2026-10-09,2,27566.53,55133.06,CHF,confirmed,,2026-08-18T10:00:00+05:30
bit_b6789541,bkg_1fb9b8ff,room_type,rmt_db498e20,inv_0b7f07d1,Standard @ Royal Orchard Resort,2026-11-13,1,4546.13,4546.13,JPY,confirmed,,2026-08-18T10:00:00+05:30
bit_44573b2a,bkg_b8fd84ca,room_type,rmt_8a3c3697,inv_e154eafc,Twin Economy @ Indigo Orchard Inn,2026-11-03,1,4759.85,4759.85,INR,confirmed,,2026-08-18T10:00:00+05:30
bit_2949da32,bkg_8250adcb,flight_fare,far_e2e1cde1,inv_fa365047,Flight seat,2026-10-10,2,3841.75,7683.50,MYR,confirmed,,2026-08-18T10:00:00+05:30
bit_93f73df6,bkg_ee983a0b,room_type,rmt_56416285,inv_5dd8a666,Family Room @ Villa Haveli & Spa,2026-11-15,1,23269.94,23269.94,INR,confirmed,,2026-08-18T10:00:00+05:30
bit_f7b3aa31,bkg_ee983a0b,room_type,rmt_031c6f90,inv_67e0c738,Family Room @ Royal Terraces Suites,2026-10-22,2,27510.98,55021.96,INR,confirmed,,2026-08-18T10:00:00+05:30
bit_3b6a1263,bkg_5994b71f,room_type,rmt_3a595898,inv_66cb06b0,Executive @ Indigo Verandah Homestay,2026-11-07,2,2270.07,4540.14,INR,confirmed,,2026-08-18T10:00:00+05:30
bit_ce58fb63,bkg_07b8cf47,flight_fare,far_9f2fb6d2,inv_450778be,Flight seat,2026-09-07,2,5247.81,10495.62,THB,pending,,2026-08-18T10:00:00+05:30
bit_350bff56,bkg_b09466e0,flight_fare,far_78b0da75,inv_ff601654,Flight seat,2026-11-07,1,12373.38,12373.38,INR,confirmed,,2026-08-18T10:00:00+05:30
bit_70529f20,bkg_b09466e0,room_type,rmt_3a584d76,inv_5605d093,Heritage Room @ Indigo Meadows Boutique Stay,2026-09-17,2,3125.84,6251.68,INR,confirmed,,2026-08-18T10:00:00+05:30
bit_6a955f7a,bkg_45b8e344,room_type,rmt_7f9f494c,inv_72673869,Twin Economy @ Hotel Kothi by the Lake,2026-10-23,2,9560.96,19121.92,INR,confirmed,,2026-08-18T10:00:00+05:30
bit_f6d72349,bkg_45b8e344,room_type,rmt_afa1e735,inv_571c1833,Deluxe @ Garden Sanctuary by the Lake,2026-10-27,1,35571.70,35571.70,INR,confirmed,,2026-08-18T10:00:00+05:30
bit_19ffb0f9,bkg_c3dd2949,room_type,rmt_3d20e0d7,inv_b2c4c0ca,Standard @ Heritage Nest Boutique Stay,2026-09-28,1,4179.74,4179.74,LKR,confirmed,,2026-08-18T10:00:00+05:30
bit_1483de11,bkg_42f67ec8,room_type,rmt_796b88e6,inv_1f3c3ef4,Deluxe @ The Old Vihar Resort,2026-11-18,1,27862.67,27862.67,INR,pending,,2026-08-18T10:00:00+05:30
bit_39bd4d1e,bkg_42f67ec8,room_type,rmt_df2d2be7,inv_ebc28356,Premier Suite @ Hillview Nest Inn,2026-10-10,1,9164.88,9164.88,INR,pending,,2026-08-18T10:00:00+05:30
bit_b4392e40,bkg_f1055e85,room_type,rmt_6459e588,inv_d0d3ac61,Deluxe @ The Terraces Resort,2026-10-19,2,13159.22,26318.44,INR,compensated,2026-07-08T14:34:00+05:30,2026-08-18T10:00:00+05:30
bit_7cdd6510,bkg_05300da5,room_type,rmt_56416285,inv_4c449387,Family Room @ Villa Haveli & Spa,2026-09-14,2,16216.66,32433.32,INR,cancelled,,2026-08-18T10:00:00+05:30
bit_9f225930,bkg_05300da5,room_type,rmt_4cf7dfce,inv_08ad8550,Twin Economy @ Palm Sanctuary Boutique Stay,2026-11-08,2,13242.02,26484.04,INR,cancelled,,2026-08-18T10:00:00+05:30
bit_0707e2da,bkg_1bdcf31c,room_type,rmt_fcb045a1,inv_d318f16b,Family Room @ Hillview Niwas by the Lake,2026-10-25,1,2734.64,2734.64,INR,confirmed,,2026-08-18T10:00:00+05:30
bit_588dc4e0,bkg_1b68f4e1,flight_fare,far_698bf5cb,inv_f990e211,Flight seat,2026-10-19,1,36413.78,36413.78,INR,confirmed,,2026-08-18T10:00:00+05:30
bit_dc0ccb1e,bkg_18201823,room_type,rmt_b2228b31,inv_6a48d8a4,Standard @ Villa Meadows Homestay,2026-10-19,2,3576.61,7153.22,INR,confirmed,,2026-08-18T10:00:00+05:30
bit_a210efe6,bkg_cc607dd4,flight_fare,far_5c950953,inv_3f9d17d0,Flight seat,2026-10-10,1,7595.46,7595.46,THB,confirmed,,2026-08-18T10:00:00+05:30
bit_e67adfac,bkg_71e4b6fb,room_type,rmt_0b9115b1,inv_d48a330c,Heritage Room @ Riverside Kothi Inn,2026-10-06,1,7946.06,7946.06,INR,confirmed,,2026-08-18T10:00:00+05:30
bit_04bf9b4f,bkg_71e4b6fb,room_type,rmt_ad2452fd,inv_a180c734,Deluxe Garden View @ Hotel Regency Boutique Stay,2026-11-11,1,18862.77,18862.77,INR,confirmed,,2026-08-18T10:00:00+05:30
bit_75a16fa0,bkg_d5f112f1,room_type,rmt_06f0a27d,inv_7f828424,Heritage Room @ Hillview Nest Boutique Stay,2026-11-15,1,21711.52,21711.52,INR,confirmed,,2026-08-18T10:00:00+05:30
bit_7836eee7,bkg_4857722b,room_type,rmt_f42e207b,inv_c56d76e5,Twin Economy @ Heritage Palms,2026-09-08,1,6219.67,6219.67,INR,confirmed,,2026-08-18T10:00:00+05:30
bit_acb2b3d9,bkg_4857722b,room_type,rmt_9a44634e,inv_39c15b56,Premier Suite @ Indigo Verandah Homestay,2026-09-18,2,6257.40,12514.80,INR,confirmed,,2026-08-18T10:00:00+05:30
bit_8cae94e8,bkg_db26ccfd,room_type,rmt_ba5d7ad1,inv_3b2a14fa,Executive @ The Residency Homestay,2026-10-31,2,39354.12,78708.24,INR,confirmed,,2026-08-18T10:00:00+05:30
bit_66e2f763,bkg_db26ccfd,flight_fare,far_71668bcf,inv_02dee5f1,Flight seat,2026-09-07,1,7703.73,7703.73,INR,confirmed,,2026-08-18T10:00:00+05:30
bit_9fc69536,bkg_236e9b69,room_type,rmt_fc40a0df,inv_8e044467,Twin Economy @ Lake Bagh Homestay,2026-09-25,1,9321.11,9321.11,INR,confirmed,,2026-08-18T10:00:00+05:30
bit_4d8be731,bkg_f4b05cf4,room_type,rmt_a499242d,inv_fdc5ed6d,Executive @ Hillview Nest Inn,2026-09-14,2,6951.53,13903.06,INR,confirmed,,2026-08-18T10:00:00+05:30
bit_02106a25,bkg_cf6d8346,room_type,rmt_ad2452fd,inv_16c11a02,Deluxe Garden View @ Hotel Regency Boutique Stay,2026-09-19,2,20060.63,40121.26,INR,pending,,2026-08-18T10:00:00+05:30
bit_2af01095,bkg_cf6d8346,room_type,rmt_9eb28021,inv_0697f1cd,Executive @ Indigo Manor Suites,2026-11-09,1,1674.46,1674.46,INR,pending,,2026-08-18T10:00:00+05:30
bit_101015f3,bkg_91fb7056,room_type,rmt_1d1c6517,inv_acad67a3,Deluxe Garden View @ Lake Kothi Resort,2026-11-16,2,2703.43,5406.86,CHF,confirmed,,2026-08-18T10:00:00+05:30
bit_3d8ad9f9,bkg_c53b9ffc,room_type,rmt_4acc0255,inv_5c113c58,Deluxe @ The Old Residency Resort,2026-11-26,1,12910.00,12910.00,SGD,pending,,2026-08-18T10:00:00+05:30
bit_e3e05d0b,bkg_1de78004,flight_fare,far_551d4d76,inv_1ce4edb8,Flight seat,2026-09-10,2,99193.44,198386.88,INR,confirmed,,2026-08-18T10:00:00+05:30
bit_e9a2dc31,bkg_1de78004,flight_fare,far_3a256a99,inv_053f588e,Flight seat,2026-10-28,1,13870.97,13870.97,INR,confirmed,,2026-08-18T10:00:00+05:30
bit_f8402bf2,bkg_c417daa8,room_type,rmt_38d11d09,inv_12d533da,Deluxe @ Hillview Bagh Suites,2026-09-15,1,5131.04,5131.04,INR,pending,,2026-08-18T10:00:00+05:30
bit_497cab3a,bkg_076d1cca,room_type,rmt_d74c67e8,inv_517e4ae7,Heritage Room @ Casa Manor Inn,2026-10-19,2,12751.81,25503.62,INR,confirmed,,2026-08-18T10:00:00+05:30
bit_e6b1c0a1,bkg_ca954049,flight_fare,far_50f4b80e,inv_5d2ae91c,Flight seat,2026-11-11,2,2457.58,4915.16,INR,confirmed,,2026-08-18T10:00:00+05:30
bit_b0d3cdbf,bkg_0cd22162,room_type,rmt_c412fbac,inv_076cf5ea,Standard @ Riverside Retreat Homestay,2026-09-30,2,1626.87,3253.74,INR,confirmed,,2026-08-18T10:00:00+05:30
bit_3e6515ce,bkg_c043a798,room_type,rmt_8a3c3697,inv_16fbc55c,Twin Economy @ Indigo Orchard Inn,2026-09-29,1,4473.32,4473.32,INR,pending,,2026-08-18T10:00:00+05:30
bit_1a099aa5,bkg_8bca9a83,flight_fare,far_9d593f45,inv_31232d3c,Flight seat,2026-10-21,1,16627.21,16627.21,INR,confirmed,,2026-08-18T10:00:00+05:30
bit_3fc22a9c,bkg_8bca9a83,room_type,rmt_94546c51,inv_5f5b9818,Premier Suite @ Royal Sarovar Boutique Stay,2026-11-22,1,5455.37,5455.37,INR,confirmed,,2026-08-18T10:00:00+05:30
bit_770f512e,bkg_6f8dba66,room_type,rmt_a9b58258,inv_9299139f,Deluxe @ Casa Manor Suites,2026-10-23,1,2697.76,2697.76,MVR,cancelled,,2026-08-18T10:00:00+05:30
bit_52184e2c,bkg_828e6a4a,room_type,rmt_2e70cc92,inv_9ca0715e,Family Room @ Amber Bungalow Inn,2026-11-19,1,2541.97,2541.97,INR,confirmed,,2026-08-18T10:00:00+05:30
bit_40c10940,bkg_d0de1937,room_type,rmt_f09dd267,inv_9f81cfb4,Executive @ Hillview Sarovar Inn,2026-11-05,1,5568.12,5568.12,INR,cancelled,,2026-08-18T10:00:00+05:30
bit_245986d1,bkg_0dd18026,room_type,rmt_c9808e2a,inv_194fd99c,Family Room @ The Old Verandah Suites,2026-11-15,1,2109.52,2109.52,INR,confirmed,,2026-08-18T10:00:00+05:30
bit_1edaa16f,bkg_b066eb8c,room_type,rmt_15de3a69,inv_d5ed2997,Deluxe @ Royal Manor & Spa,2026-11-20,1,14565.67,14565.67,INR,confirmed,,2026-08-18T10:00:00+05:30
bit_c9cc6718,bkg_c8a62547,flight_fare,far_68ebc681,inv_33f38d69,Flight seat,2026-10-21,1,12264.62,12264.62,INR,confirmed,,2026-08-18T10:00:00+05:30
bit_672635f8,bkg_83ca70dc,flight_fare,far_7b2313d4,inv_3e7d38e6,Flight seat,2026-09-03,1,6146.55,6146.55,INR,confirmed,,2026-08-18T10:00:00+05:30
bit_a613d749,bkg_19e6b35a,room_type,rmt_188dccb2,inv_5ef30127,Heritage Room @ Amber Sanctuary Homestay,2026-10-22,2,7116.37,14232.74,INR,confirmed,,2026-08-18T10:00:00+05:30
bit_2632ac9d,bkg_f4aaedf7,room_type,rmt_a9b58258,inv_26d0ce5f,Deluxe @ Casa Manor Suites,2026-10-25,1,2397.34,2397.34,MVR,confirmed,,2026-08-18T10:00:00+05:30
bit_4758e862,bkg_03abae9e,flight_fare,far_9b4338a4,inv_750d0bf3,Flight seat,2026-09-04,1,1156.08,1156.08,MYR,pending,,2026-08-18T10:00:00+05:30
bit_6050c9b0,bkg_1ad49398,room_type,rmt_eea5cfbe,inv_c929d9b4,Family Room @ The Old Residency Suites,2026-10-12,1,14570.26,14570.26,INR,confirmed,,2026-08-18T10:00:00+05:30
bit_222bbe6b,bkg_7eeeb93b,room_type,rmt_06f0a27d,inv_87d187b0,Heritage Room @ Hillview Nest Boutique Stay,2026-11-18,1,16464.58,16464.58,INR,pending,,2026-08-18T10:00:00+05:30
bit_25c164d9,bkg_7eeeb93b,room_type,rmt_8e081aa6,inv_0d98cd87,Standard @ The Old Residency,2026-10-24,2,9685.38,19370.76,INR,pending,,2026-08-18T10:00:00+05:30
bit_fe96ef2c,bkg_f6818502,room_type,rmt_1664a3ef,inv_687f605e,Heritage Room @ Indigo Verandah Homestay,2026-10-28,2,3789.97,7579.94,INR,confirmed,,2026-08-18T10:00:00+05:30
bit_ee5ce77a,bkg_95af027d,room_type,rmt_c015a465,inv_b2a9a672,Executive @ Hotel Regency Boutique Stay,2026-10-02,2,10952.22,21904.44,INR,confirmed,,2026-08-18T10:00:00+05:30
bit_e5d73a1f,bkg_95af027d,room_type,rmt_f09dd267,inv_1e1b3cbf,Executive @ Hillview Sarovar Inn,2026-10-03,2,5966.75,11933.50,INR,confirmed,,2026-08-18T10:00:00+05:30
bit_477a5fa2,bkg_41ce0b6e,flight_fare,far_6b22bd42,inv_a6e7aca3,Flight seat,2026-11-11,2,1031994.39,2063988.78,IDR,pending,,2026-08-18T10:00:00+05:30
bit_09a4b164,bkg_858ca234,room_type,rmt_ba5d7ad1,inv_ad459664,Executive @ The Residency Homestay,2026-10-21,1,32243.13,32243.13,INR,confirmed,,2026-08-18T10:00:00+05:30
bit_0b56e6bd,bkg_afb17f7e,room_type,rmt_c07b1f2a,inv_612a488d,Executive @ Garden Ghat House Resort,2026-09-26,2,5461.23,10922.46,LKR,confirmed,,2026-08-18T10:00:00+05:30
bit_5bd32216,bkg_cb37d445,flight_fare,far_be7e387e,inv_3f8551fd,Flight seat,2026-09-05,2,91338.77,182677.54,INR,confirmed,,2026-08-18T10:00:00+05:30
bit_1e76405b,bkg_45548570,room_type,rmt_91b575ba,inv_3b0234a0,Executive @ Royal Sanctuary Suites  ,2026-11-21,1,7214.20,7214.20,INR,confirmed,,2026-08-18T10:00:00+05:30
bit_90e88785,bkg_51d82279,flight_fare,far_11fd7260,inv_f1f3041f,Flight seat,2026-10-01,2,35430.87,70861.74,INR,confirmed,,2026-08-18T10:00:00+05:30
bit_95df8898,bkg_bd1d6311,room_type,rmt_c412fbac,inv_139b90e9,Standard @ Riverside Retreat Homestay,2026-09-10,2,1694.43,3388.86,INR,cancelled,,2026-08-18T10:00:00+05:30
bit_6f0b0580,bkg_a3f5fe8b,room_type,rmt_fac0fd45,inv_56523d2f,Heritage Room @ Lake Kothi Heritage,2026-09-10,1,6572.74,6572.74,IDR,cancelled,,2026-08-18T10:00:00+05:30
bit_834a7e1e,bkg_842247c6,room_type,rmt_b2228b31,inv_57c54eec,Standard @ Villa Meadows Homestay,2026-09-04,2,4683.41,9366.82,INR,confirmed,,2026-08-18T10:00:00+05:30
bit_6adb3112,bkg_842247c6,room_type,rmt_94546c51,inv_51f0881d,Premier Suite @ Royal Sarovar Boutique Stay,2026-09-09,2,4904.27,9808.54,INR,confirmed,,2026-08-18T10:00:00+05:30
bit_7c60468a,bkg_30b04836,room_type,rmt_fdc08ffa,inv_3f1a4ded,Premier Suite @ Royal Terraces & Spa,2026-11-20,2,7912.81,15825.62,INR,confirmed,,2026-08-18T10:00:00+05:30
bit_972bc4ee,bkg_30b04836,room_type,rmt_54db1870,inv_65faa87e,Deluxe @ Hillview Sarovar Inn,2026-10-18,2,3183.13,6366.26,INR,confirmed,,2026-08-18T10:00:00+05:30
bit_7cff5fbb,bkg_30b04836,room_type,rmt_4a3554c4,inv_2d37211c,Twin Economy @ Indigo Meadows by the Lake,2026-09-12,1,8629.65,8629.65,INR,confirmed,,2026-08-18T10:00:00+05:30
bit_d9ad29fa,bkg_2a14d33c,room_type,rmt_0b8a155f,inv_e9150de9,Heritage Room @ The Haveli Inn,2026-11-01,2,6634.55,13269.10,INR,cancelled,,2026-08-18T10:00:00+05:30
bit_4ff3b167,bkg_c8fc10ec,room_type,rmt_fc40a0df,inv_cbd380a7,Twin Economy @ Lake Bagh Homestay,2026-10-13,2,6698.37,13396.74,INR,confirmed,,2026-08-18T10:00:00+05:30
bit_bfb1de16,bkg_51f15a9b,room_type,rmt_06f0a27d,inv_afd0fb86,Heritage Room @ Hillview Nest Boutique Stay,2026-09-06,1,21828.31,21828.31,INR,confirmed,,2026-08-18T10:00:00+05:30
bit_107c212a,bkg_51f15a9b,room_type,rmt_6459e588,inv_426bd3b3,Deluxe @ The Terraces Resort,2026-11-15,1,16499.87,16499.87,INR,confirmed,,2026-08-18T10:00:00+05:30
bit_f542ec20,bkg_29d24603,room_type,rmt_796b88e6,inv_5c2aa95e,Deluxe @ The Old Vihar Resort,2026-11-27,2,33984.99,67969.98,INR,confirmed,,2026-08-18T10:00:00+05:30
bit_c0af37a8,bkg_ae7848a1,room_type,rmt_c07b1f2a,inv_c1bcb4b1,Executive @ Garden Ghat House Resort,2026-09-22,1,5464.48,5464.48,LKR,compensated,2026-08-14T17:49:00+05:30,2026-08-18T10:00:00+05:30
bit_7db70f54,bkg_519c4151,room_type,rmt_2466b8b6,inv_c0eeb081,Twin Economy @ Grand Kothi Resort,2026-11-19,2,11991.73,23983.46,JPY,confirmed,,2026-08-18T10:00:00+05:30
bit_f04a26bf,bkg_845e42ba,flight_fare,far_adf6cf27,inv_4f781f70,Flight seat,2026-09-13,1,2462556.53,2462556.53,IDR,confirmed,,2026-08-18T10:00:00+05:30
bit_94f0f7cb,bkg_76109801,room_type,rmt_40250c2d,inv_257c68c1,Heritage Room @ Hotel Orchard Resort,2026-10-14,1,7088.28,7088.28,NPR,confirmed,,2026-08-18T10:00:00+05:30
bit_b5a318a7,bkg_4dbc8f03,room_type,rmt_693809d0,inv_7a8b2179,Premier Suite @ Lake Bungalow by the Lake,2026-10-07,2,2007.91,4015.82,INR,confirmed,,2026-08-18T10:00:00+05:30
bit_cc4a4345,bkg_680d94ff,room_type,rmt_db498e20,inv_cc8c5845,Standard @ Royal Orchard Resort,2026-10-23,2,4650.57,9301.14,JPY,confirmed,,2026-08-18T10:00:00+05:30
bit_76df9bb2,bkg_f5c7c139,flight_fare,far_ebc14d6a,inv_dc060b8b,Flight seat,2026-11-17,2,9593.79,19187.58,INR,confirmed,,2026-08-18T10:00:00+05:30
bit_90f99066,bkg_f5c7c139,room_type,rmt_6459e588,inv_a8fb9199,Deluxe @ The Terraces Resort,2026-09-17,2,13568.32,27136.64,INR,confirmed,,2026-08-18T10:00:00+05:30
bit_fc38db2d,bkg_f5c7c139,flight_fare,far_09ecdef3,inv_a3558f12,Flight seat,2026-09-26,2,16502.81,33005.62,INR,confirmed,,2026-08-18T10:00:00+05:30
bit_2176a952,bkg_fc0a3cec,room_type,rmt_b4972b6b,inv_6ebb4cdb,Family Room @ Hillview Palms by the Lake,2026-09-21,2,8130.73,16261.46,INR,confirmed,,2026-08-18T10:00:00+05:30
bit_f586cad5,bkg_fc0a3cec,room_type,rmt_e99927f7,inv_7a4acdfe,Standard @ Hillview Niwas by the Lake,2026-10-13,2,2546.24,5092.48,INR,confirmed,,2026-08-18T10:00:00+05:30
bit_00101174,bkg_e66a63c7,room_type,rmt_3a584d76,inv_dd10059b,Heritage Room @ Indigo Meadows Boutique Stay,2026-10-09,2,3343.04,6686.08,INR,confirmed,,2026-08-18T10:00:00+05:30
bit_0bcc0fcd,bkg_e66a63c7,room_type,rmt_e1c91b66,inv_a56f44ed,Deluxe @ Indigo Meadows by the Lake,2026-11-03,2,5886.67,11773.34,INR,confirmed,,2026-08-18T10:00:00+05:30
bit_3e76557f,bkg_e66a63c7,room_type,rmt_039a87b5,inv_18a8a80d,Deluxe @ Riverside Sanctuary Inn,2026-10-16,2,6061.32,12122.64,INR,confirmed,,2026-08-18T10:00:00+05:30
bit_fc525cda,bkg_bb27af73,flight_fare,far_b837a057,inv_cbf8a7f0,Flight seat,2026-10-09,2,13618.91,27237.82,INR,confirmed,,2026-08-18T10:00:00+05:30
bit_548743aa,bkg_bb27af73,room_type,rmt_e1b794e9,inv_a4456ed8,Deluxe @ Royal Residency Inn,2026-09-12,1,18616.77,18616.77,INR,confirmed,,2026-08-18T10:00:00+05:30
bit_59ce9409,bkg_9d0170dc,flight_fare,far_d0620111,inv_3f348895,Flight seat,2026-09-27,1,12113.34,12113.34,INR,confirmed,,2026-08-18T10:00:00+05:30
bit_e0db54c7,bkg_9919ebc0,room_type,rmt_4a3554c4,inv_d2cb6430,Twin Economy @ Indigo Meadows by the Lake,2026-09-21,1,7820.73,7820.73,INR,confirmed,,2026-08-18T10:00:00+05:30
bit_f29bb5be,bkg_753aa963,room_type,rmt_12d96357,inv_4dfc6267,Standard @ Garden Sarovar Homestay,2026-09-22,2,6125.12,12250.24,INR,confirmed,,2026-08-18T10:00:00+05:30
bit_20a97ca6,bkg_9de507a3,flight_fare,far_b6826296,inv_7a2e9c8a,Flight seat,2026-09-04,2,1587.34,3174.68,AED,confirmed,,2026-08-18T10:00:00+05:30
bit_422db7c4,bkg_f77db1fa,room_type,rmt_55c522a8,inv_475d9aef,Heritage Room @ Amber Retreat Homestay,2026-09-04,1,5169.66,5169.66,INR,cancelled,,2026-08-18T10:00:00+05:30
bit_7337dc40,bkg_7ab682c9,room_type,rmt_97174185,inv_60eb91b6,Deluxe Garden View @ Amber Retreat Homestay,2026-09-20,2,10666.53,21333.06,INR,confirmed,,2026-08-18T10:00:00+05:30
bit_6b3874d5,bkg_2f61eb25,room_type,rmt_3aa4f9b8,inv_f1883fd5,Premier Suite @ Grand Sarovar Resort,2026-09-17,2,6673.45,13346.90,INR,confirmed,,2026-08-18T10:00:00+05:30
bit_11e5744e,bkg_2f61eb25,room_type,rmt_b4972b6b,inv_78dc8afc,Family Room @ Hillview Palms by the Lake,2026-10-30,1,8530.62,8530.62,INR,confirmed,,2026-08-18T10:00:00+05:30
bit_a4713bbf,bkg_8e08856b,flight_fare,far_0f7067bb,inv_3ed1618d,Flight seat,2026-09-27,2,3677.36,7354.72,INR,confirmed,,2026-08-18T10:00:00+05:30
bit_fe70cc1f,bkg_8e08856b,room_type,rmt_97174185,inv_cc1d07fb,Deluxe Garden View @ Amber Retreat Homestay,2026-10-23,2,11671.88,23343.76,INR,confirmed,,2026-08-18T10:00:00+05:30
bit_0c2b680b,bkg_d914df38,room_type,rmt_2bfbfea7,inv_60f70285,Executive @ The Old Terraces Resort,2026-10-13,2,6562.46,13124.92,INR,confirmed,,2026-08-18T10:00:00+05:30
bit_b9aa2ce9,bkg_d914df38,room_type,rmt_54db1870,inv_1b912668,Deluxe @ Hillview Sarovar Inn,2026-09-27,1,2792.76,2792.76,INR,confirmed,,2026-08-18T10:00:00+05:30
bit_894aec9b,bkg_d914df38,room_type,rmt_031c6f90,inv_c846cf83,Family Room @ Royal Terraces Suites,2026-10-20,1,22680.15,22680.15,INR,confirmed,,2026-08-18T10:00:00+05:30
bit_f5a73855,bkg_a2121c76,room_type,rmt_f01a2942,inv_1a304ad1,Family Room @ Villa Meadows Homestay,2026-10-31,1,5208.81,5208.81,INR,confirmed,,2026-08-18T10:00:00+05:30
bit_190bdc0f,bkg_952bd5be,room_type,rmt_ad2452fd,inv_14d0a00d,Deluxe Garden View @ Hotel Regency Boutique Stay,2026-11-28,1,21942.48,21942.48,INR,cancelled,,2026-08-18T10:00:00+05:30
bit_cddff645,bkg_b6721fd3,flight_fare,far_e5259cf7,inv_bac027f3,Flight seat,2026-10-02,1,4562.66,4562.66,THB,confirmed,,2026-08-18T10:00:00+05:30
bit_f296d04b,bkg_18f8ae14,room_type,rmt_db498e20,inv_15d992a4,Standard @ Royal Orchard Resort,2026-10-19,1,4180.60,4180.60,JPY,confirmed,,2026-08-18T10:00:00+05:30
bit_302ac7ea,bkg_94fc6bf8,room_type,rmt_2e70cc92,inv_d0b8f72a,Family Room @ Amber Bungalow Inn,2026-09-16,2,2786.67,5573.34,INR,cancelled,,2026-08-18T10:00:00+05:30
bit_a82c95ea,bkg_639c0b6d,room_type,rmt_1664a3ef,inv_cf93e23c,Heritage Room @ Indigo Verandah Homestay,2026-11-26,2,4228.76,8457.52,INR,cancelled,,2026-08-18T10:00:00+05:30
bit_e698e21e,bkg_639c0b6d,room_type,rmt_4a3554c4,inv_97b82347,Twin Economy @ Indigo Meadows by the Lake,2026-09-19,2,10134.98,20269.96,INR,cancelled,,2026-08-18T10:00:00+05:30
bit_16e11fa7,bkg_d22ee4a4,room_type,rmt_5e6f1662,inv_d443ce17,Family Room @ Riverside Sarovar Boutique Stay,2026-09-01,2,6595.86,13191.72,INR,compensated,2026-06-10T06:49:00+05:30,2026-08-18T10:00:00+05:30
bit_6ab26ffe,bkg_de14820b,room_type,rmt_315d2584,inv_cbc9d4e7,Executive @ Heritage Mahal & Spa,2026-11-20,2,4754.58,9509.16,INR,pending,,2026-08-18T10:00:00+05:30
bit_59d997b9,bkg_de14820b,room_type,rmt_039a87b5,inv_f96bf818,Deluxe @ Riverside Sanctuary Inn,2026-09-24,2,5079.90,10159.80,INR,pending,,2026-08-18T10:00:00+05:30
bit_7ea17725,bkg_c552ad97,room_type,rmt_38d11d09,inv_4176cc07,Deluxe @ Hillview Bagh Suites,2026-10-24,1,7125.77,7125.77,INR,cancelled,,2026-08-18T10:00:00+05:30
bit_423ebdcb,bkg_2f853535,flight_fare,far_ab83de8c,inv_366c167a,Flight seat,2026-10-27,1,3258.17,3258.17,AED,confirmed,,2026-08-18T10:00:00+05:30
bit_9e5c488c,bkg_a333fb44,room_type,rmt_efe926e5,inv_70662fd7,Standard @ The Old Vihar Resort,2026-10-16,2,20590.27,41180.54,INR,compensated,2026-04-28T13:19:00+05:30,2026-08-18T10:00:00+05:30
bit_80aa04c8,bkg_03f30926,room_type,rmt_69fb5df6,inv_c7ffa6cc,Family Room @ Lake Bungalow by the Lake,2026-09-10,2,2809.06,5618.12,INR,confirmed,,2026-08-18T10:00:00+05:30
bit_69a91c7b,bkg_342e3286,room_type,rmt_33c6c9be,inv_623ad4ff,Deluxe @ Hillview Regency by the Lake,2026-09-27,2,16160.44,32320.88,MVR,confirmed,,2026-08-18T10:00:00+05:30
bit_16decc50,bkg_57f67b3c,flight_fare,far_1fb93aab,inv_1e4a36aa,Flight seat,2026-11-21,2,6322.52,12645.04,INR,cancelled,,2026-08-18T10:00:00+05:30
bit_396c0e91,bkg_8e251e3f,room_type,rmt_67d7c1a1,inv_d38cf9ac,Executive @ Amber Regency Resort,2026-09-19,2,7250.98,14501.96,NPR,cancelled,,2026-08-18T10:00:00+05:30
bit_a3be9ac2,bkg_5ec210a4,flight_fare,far_9f4833cf,inv_518f064f,Flight seat,2026-09-13,2,2488.64,4977.28,INR,confirmed,,2026-08-18T10:00:00+05:30
bit_aa9589cf,bkg_5ec210a4,room_type,rmt_031c6f90,inv_73279bdf,Family Room @ Royal Terraces Suites,2026-09-19,1,30533.75,30533.75,INR,confirmed,,2026-08-18T10:00:00+05:30
bit_aa2574e6,bkg_a510d4d6,flight_fare,far_5995cb85,inv_174f5897,Flight seat,2026-11-01,1,19548.53,19548.53,INR,cancelled,,2026-08-18T10:00:00+05:30
bit_6ca6ee6e,bkg_a510d4d6,room_type,rmt_55863f33,inv_09080f64,Executive @ Lake Bungalow by the Lake,2026-09-28,1,1784.91,1784.91,INR,cancelled,,2026-08-18T10:00:00+05:30
bit_3647c5f1,bkg_555a7ca6,flight_fare,far_10efe314,inv_3011d2cb,Flight seat,2026-10-12,2,14005.79,28011.58,THB,cancelled,,2026-08-18T10:00:00+05:30
bit_65403c85,bkg_963ef6fa,room_type,rmt_227a4718,inv_5e3caac6,Premier Suite @ Casa Retreat by the Lake,2026-11-23,2,1894.83,3789.66,AED,cancelled,,2026-08-18T10:00:00+05:30
bit_d5a4a2ff,bkg_725d1a3b,room_type,rmt_dac67beb,inv_954dba0b,Family Room @ Garden Vihar Suites,2026-10-29,2,3438.03,6876.06,INR,confirmed,,2026-08-18T10:00:00+05:30
bit_be2f4439,bkg_5e27cfae,room_type,rmt_3d20e0d7,inv_6fbf5686,Standard @ Heritage Nest Boutique Stay,2026-09-17,1,4735.63,4735.63,LKR,confirmed,,2026-08-18T10:00:00+05:30
bit_7e4e1486,bkg_d6a544d4,room_type,rmt_261249fc,inv_19ec41e2,Heritage Room @ Indigo Sarovar Heritage,2026-10-12,1,8131.07,8131.07,INR,cancelled,,2026-08-18T10:00:00+05:30
bit_a9ff4934,bkg_d6a544d4,room_type,rmt_efe926e5,inv_d7044970,Standard @ The Old Vihar Resort,2026-09-09,2,18253.62,36507.24,INR,cancelled,,2026-08-18T10:00:00+05:30
bit_d76fe4e7,bkg_4db15e89,room_type,rmt_1664a3ef,inv_8faffcaa,Heritage Room @ Indigo Verandah Homestay,2026-10-06,1,4215.12,4215.12,INR,cancelled,,2026-08-18T10:00:00+05:30
bit_b72228a5,bkg_c1cceacf,room_type,rmt_0b9115b1,inv_f74bfe5c,Heritage Room @ Riverside Kothi Inn,2026-11-01,2,8396.63,16793.26,INR,confirmed,,2026-08-18T10:00:00+05:30
bit_b42568d8,bkg_c6a5b155,flight_fare,far_709076a4,inv_d591c449,Flight seat,2026-10-14,1,10918.54,10918.54,INR,confirmed,,2026-08-18T10:00:00+05:30
bit_301a6150,bkg_c6a5b155,room_type,rmt_2919bbfe,inv_84b255a3,Heritage Room @ Palm Sarovar,2026-09-09,1,8112.71,8112.71,INR,confirmed,,2026-08-18T10:00:00+05:30
bit_85f1bb37,bkg_c6a5b155,room_type,rmt_315d2584,inv_00a52098,Executive @ Heritage Mahal & Spa,2026-11-29,2,5596.39,11192.78,INR,confirmed,,2026-08-18T10:00:00+05:30
bit_d6cc67be,bkg_609d32b2,flight_fare,far_11661785,inv_22088a5d,Flight seat,2026-10-20,1,15442.61,15442.61,INR,confirmed,,2026-08-18T10:00:00+05:30
bit_0fc81ee9,bkg_e2f9976e,room_type,rmt_039a87b5,inv_ec3e5696,Deluxe @ Riverside Sanctuary Inn,2026-10-28,2,4920.34,9840.68,INR,confirmed,,2026-08-18T10:00:00+05:30
bit_972fecd8,bkg_745d29b2,room_type,rmt_1d1c6517,inv_45a0be9f,Deluxe Garden View @ Lake Kothi Resort,2026-09-20,1,3576.91,3576.91,CHF,confirmed,,2026-08-18T10:00:00+05:30
bit_0323974a,bkg_7e2f393e,room_type,rmt_4faddc19,inv_f92856b5,Family Room @ Garden Ghat House & Spa,2026-09-12,1,6637.47,6637.47,AED,confirmed,,2026-08-18T10:00:00+05:30
bit_cd90725c,bkg_16f2b56a,flight_fare,far_0cc283ed,inv_3132c9c7,Flight seat,2026-09-16,1,34217.28,34217.28,INR,confirmed,,2026-08-18T10:00:00+05:30
bit_d0945281,bkg_16f2b56a,flight_fare,far_de2b0ad7,inv_a0fe49f6,Flight seat,2026-11-19,2,9416.88,18833.76,INR,confirmed,,2026-08-18T10:00:00+05:30
bit_4320f52e,bkg_9b55bdb5,flight_fare,far_c55ec493,inv_c5d397e5,Flight seat,2026-09-01,2,2895.51,5791.02,AED,confirmed,,2026-08-18T10:00:00+05:30
bit_a17e63ac,bkg_b61a0dbb,flight_fare,far_e8f10831,inv_291dc14f,Flight seat,2026-09-03,2,47128.35,94256.70,INR,compensated,2026-04-29T08:49:00+05:30,2026-08-18T10:00:00+05:30
bit_fbc252c5,bkg_b61a0dbb,room_type,rmt_4a3554c4,inv_3f4a3741,Twin Economy @ Indigo Meadows by the Lake,2026-10-20,1,7583.61,7583.61,INR,compensated,2026-04-29T08:49:00+05:30,2026-08-18T10:00:00+05:30
bit_9a4c5d77,bkg_eba445a9,flight_fare,far_e33d89fa,inv_eb653775,Flight seat,2026-09-04,2,69174.81,138349.62,INR,confirmed,,2026-08-18T10:00:00+05:30
bit_63c29c34,bkg_eba445a9,room_type,rmt_ddb7c473,inv_970d1834,Deluxe @ Amber Orchard Suites,2026-11-23,2,3200.16,6400.32,INR,confirmed,,2026-08-18T10:00:00+05:30
bit_49cc5128,bkg_48a4937c,room_type,rmt_fac0fd45,inv_b933681e,Heritage Room @ Lake Kothi Heritage,2026-09-25,1,8550.73,8550.73,IDR,confirmed,,2026-08-18T10:00:00+05:30
bit_74140625,bkg_3c0ef705,flight_fare,far_f37d53d2,inv_25987e52,Flight seat,2026-09-20,2,14240.93,28481.86,INR,confirmed,,2026-08-18T10:00:00+05:30
bit_91c887cd,bkg_0afa6c16,room_type,rmt_2b67c1df,inv_00f8d821,Deluxe @ Royal Sanctuary Suites,2026-11-07,2,13018.04,26036.08,INR,confirmed,,2026-08-18T10:00:00+05:30
bit_fe5b378a,bkg_af19e535,room_type,rmt_4faddc19,inv_2337c266,Family Room @ Garden Ghat House & Spa,2026-10-26,1,4859.95,4859.95,AED,confirmed,,2026-08-18T10:00:00+05:30
bit_c32ad302,bkg_a63d01e9,flight_fare,far_2e71476f,inv_a5d1fd0b,Flight seat,2026-11-14,2,22886.59,45773.18,INR,confirmed,,2026-08-18T10:00:00+05:30
bit_ad9a5005,bkg_a63d01e9,flight_fare,far_dc599e7a,inv_0809864e,Flight seat,2026-10-01,1,6647.19,6647.19,INR,confirmed,,2026-08-18T10:00:00+05:30
bit_ffbe9080,bkg_6a333036,flight_fare,far_71668bcf,inv_02dee5f1,Flight seat,2026-09-07,1,7703.73,7703.73,INR,pending,,2026-08-18T10:00:00+05:30
bit_a89cc3f1,bkg_6a333036,room_type,rmt_796b88e6,inv_68a75c5a,Deluxe @ The Old Vihar Resort,2026-11-01,1,32590.47,32590.47,INR,pending,,2026-08-18T10:00:00+05:30
bit_055e9620,bkg_28a9237a,room_type,rmt_0a292d71,inv_1a7e0159,Heritage Room @ Heritage Meadows & Spa,2026-11-10,2,2587.31,5174.62,THB,confirmed,,2026-08-18T10:00:00+05:30
bit_2bf3b1a0,bkg_0e777596,room_type,rmt_df2d2be7,inv_e1531d31,Premier Suite @ Hillview Nest Inn,2026-10-14,2,8986.17,17972.34,INR,confirmed,,2026-08-18T10:00:00+05:30
bit_9e2f0cec,bkg_ef7b99e6,room_type,rmt_0fc40170,inv_1b126e49,Deluxe @ Hillview Nest Inn,2026-10-14,1,10865.76,10865.76,INR,compensated,2026-07-17T20:19:00+05:30,2026-08-18T10:00:00+05:30
bit_18333e26,bkg_3f7a8e4e,room_type,rmt_00534217,inv_acc7b792,Executive @ Lake Nest Suites,2026-10-04,1,23909.33,23909.33,CHF,confirmed,,2026-08-18T10:00:00+05:30
bit_329ba974,bkg_7dd45119,room_type,rmt_a9b58258,inv_46135c38,Deluxe @ Casa Manor Suites,2026-10-20,1,2144.38,2144.38,MVR,confirmed,,2026-08-18T10:00:00+05:30
bit_de11ec65,bkg_2e4b0185,flight_fare,far_7e7c4b86,inv_2546b05f,Flight seat,2026-11-17,2,16652.81,33305.62,INR,pending,,2026-08-18T10:00:00+05:30
bit_6cbeeb00,bkg_2e4b0185,room_type,rmt_315d2584,inv_5c138bdd,Executive @ Heritage Mahal & Spa,2026-09-15,2,3886.08,7772.16,INR,pending,,2026-08-18T10:00:00+05:30
bit_34238788,bkg_3ade8789,room_type,rmt_7a6d1768,inv_e0b0d62d,Deluxe Garden View @ Villa Mahal Suites,2026-11-06,2,2855.95,5711.90,INR,confirmed,,2026-08-18T10:00:00+05:30
bit_a152146a,bkg_d19ba4e0,room_type,rmt_0b9115b1,inv_cfc0a2a1,Heritage Room @ Riverside Kothi Inn,2026-09-27,1,9222.78,9222.78,INR,confirmed,,2026-08-18T10:00:00+05:30
bit_5ffb0823,bkg_927c5af4,flight_fare,far_077a0b8e,inv_86a865b6,Flight seat,2026-11-16,2,2406.82,4813.64,THB,cancelled,,2026-08-18T10:00:00+05:30
bit_89b63f4a,bkg_a45844f9,room_type,rmt_2919bbfe,inv_9c3b886b,Heritage Room @ Palm Sarovar,2026-10-26,1,8261.57,8261.57,INR,confirmed,,2026-08-18T10:00:00+05:30
bit_1e1a6aa1,bkg_ae027d4a,room_type,rmt_d5d1225e,inv_19501a14,Deluxe Garden View @ Indigo Niwas Resort,2026-09-22,1,2063.57,2063.57,INR,confirmed,,2026-08-18T10:00:00+05:30
bit_53080fa7,bkg_ae027d4a,room_type,rmt_56416285,inv_b3326e3b,Family Room @ Villa Haveli & Spa,2026-11-19,2,16216.66,32433.32,INR,confirmed,,2026-08-18T10:00:00+05:30
bit_9bb5137d,bkg_ae027d4a,room_type,rmt_df2d2be7,inv_a42b01fa,Premier Suite @ Hillview Nest Inn,2026-11-14,1,11630.35,11630.35,INR,confirmed,,2026-08-18T10:00:00+05:30
bit_25be8760,bkg_b469ed0c,room_type,rmt_2e6b37c4,inv_5732744e,Deluxe @ Palm Ghat House by the Lake,2026-11-03,2,2825.03,5650.06,INR,cancelled,,2026-08-18T10:00:00+05:30
bit_542a869d,bkg_112456f7,room_type,rmt_c946b4c2,inv_f0f975cc,Premier Suite @ Royal Sanctuary Suites,2026-09-09,2,8392.17,16784.34,INR,cancelled,,2026-08-18T10:00:00+05:30
bit_fb2bd6cb,bkg_112456f7,room_type,rmt_38d11d09,inv_ee126b42,Deluxe @ Hillview Bagh Suites,2026-11-02,1,5098.32,5098.32,INR,cancelled,,2026-08-18T10:00:00+05:30
bit_6658b297,bkg_112456f7,room_type,rmt_80d53c61,inv_8960005e,Premier Suite @ Royal Terraces Suites,2026-09-09,2,18072.92,36145.84,INR,cancelled,,2026-08-18T10:00:00+05:30
bit_029b31cf,bkg_2676a38f,flight_fare,far_bcea6b12,inv_15490f55,Flight seat,2026-11-13,2,11645.52,23291.04,INR,confirmed,,2026-08-18T10:00:00+05:30
bit_24fad97c,bkg_df30837b,room_type,rmt_94546c51,inv_33f25a6d,Premier Suite @ Royal Sarovar Boutique Stay,2026-09-25,2,5989.38,11978.76,INR,confirmed,,2026-08-18T10:00:00+05:30
bit_1c49c8d9,bkg_df30837b,room_type,rmt_b4972b6b,inv_496de014,Family Room @ Hillview Palms by the Lake,2026-11-27,2,8611.32,17222.64,INR,confirmed,,2026-08-18T10:00:00+05:30
bit_445b072d,bkg_ca97c882,room_type,rmt_605d2d42,inv_4e64c4ce,Family Room @ Lake Palms Inn,2026-09-25,1,5034.53,5034.53,INR,cancelled,,2026-08-18T10:00:00+05:30
bit_1af42820,bkg_ca97c882,room_type,rmt_039a87b5,inv_38526594,Deluxe @ Riverside Sanctuary Inn,2026-11-17,2,5480.52,10961.04,INR,cancelled,,2026-08-18T10:00:00+05:30
bit_7f1749ce,bkg_ba59decf,room_type,rmt_c0463b3f,inv_9966f578,Deluxe Garden View @ Hillview Bagh Resort,2026-10-03,1,3540.75,3540.75,INR,confirmed,,2026-08-18T10:00:00+05:30
bit_26e9ccb8,bkg_3488dda9,room_type,rmt_a1a42253,inv_2217a4e7,Standard @ Garden Orchard Homestay,2026-09-02,1,6688.33,6688.33,INR,confirmed,,2026-08-18T10:00:00+05:30
bit_78eb9d65,bkg_e482f644,flight_fare,far_55625b83,inv_fb8e940a,Flight seat,2026-11-03,2,6620912.31,13241824.62,IDR,compensated,2026-05-21T21:34:00+05:30,2026-08-18T10:00:00+05:30
bit_28a615f1,bkg_63051ff4,flight_fare,far_723924f4,inv_8d0120a9,Flight seat,2026-10-25,1,9674.82,9674.82,INR,confirmed,,2026-08-18T10:00:00+05:30
bit_7662588a,bkg_2001ad42,room_type,rmt_eb19de1f,inv_0e10c66f,Standard @ The Retreat Homestay,2026-10-22,1,3316.01,3316.01,QAR,confirmed,,2026-08-18T10:00:00+05:30
bit_1caf510e,bkg_4de13148,room_type,rmt_c946b4c2,inv_9b0d1339,Premier Suite @ Royal Sanctuary Suites,2026-11-09,2,7950.83,15901.66,INR,confirmed,,2026-08-18T10:00:00+05:30
bit_4fdf8ae8,bkg_4de13148,flight_fare,far_e195d3c1,inv_6c7e233d,Flight seat,2026-10-28,2,17303.21,34606.42,INR,confirmed,,2026-08-18T10:00:00+05:30
bit_180fb53b,bkg_dadb8ab9,room_type,rmt_1d1c6517,inv_533010a0,Deluxe Garden View @ Lake Kothi Resort,2026-11-25,2,3189.97,6379.94,CHF,confirmed,,2026-08-18T10:00:00+05:30
bit_1bb8fe67,bkg_dadb8ab9,room_type,rmt_00534217,inv_6ed7330e,Executive @ Lake Nest Suites,2026-09-10,1,19969.32,19969.32,CHF,confirmed,,2026-08-18T10:00:00+05:30
bit_b959f5d5,bkg_0b0c631f,room_type,rmt_c0463b3f,inv_52657015,Deluxe Garden View @ Hillview Bagh Resort,2026-10-13,1,3130.43,3130.43,INR,confirmed,,2026-08-18T10:00:00+05:30
bit_18ceb45f,bkg_79b0e19c,flight_fare,far_09f9a92d,inv_6be51662,Flight seat,2026-11-11,2,13959068.80,27918137.60,IDR,cancelled,,2026-08-18T10:00:00+05:30
bit_4ea6a2b7,bkg_8e9f6f4d,room_type,rmt_b4972b6b,inv_19208911,Family Room @ Hillview Palms by the Lake,2026-11-01,1,8526.98,8526.98,INR,confirmed,,2026-08-18T10:00:00+05:30
bit_c0e67850,bkg_c799c331,room_type,rmt_7b889ec3,inv_a84d6f4c,Family Room @ Heritage Verandah Resort,2026-09-04,1,8067.93,8067.93,INR,cancelled,,2026-08-18T10:00:00+05:30
bit_d1d4b3cc,bkg_c799c331,room_type,rmt_3a595898,inv_c00f60e7,Executive @ Indigo Verandah Homestay,2026-10-13,1,1997.59,1997.59,INR,cancelled,,2026-08-18T10:00:00+05:30
bit_7678130d,bkg_6d5e76f1,room_type,rmt_67d7c1a1,inv_c0c9a8de,Executive @ Amber Regency Resort,2026-09-07,2,6232.63,12465.26,NPR,confirmed,,2026-08-18T10:00:00+05:30
bit_3650986c,bkg_66f823f9,room_type,rmt_ba5d7ad1,inv_f6f1c12f,Executive @ The Residency Homestay,2026-09-12,1,44965.36,44965.36,INR,confirmed,,2026-08-18T10:00:00+05:30
bit_0123c29e,bkg_89332169,flight_fare,far_27fefbf9,inv_7689ca59,Flight seat,2026-10-07,1,544.55,544.55,MYR,confirmed,,2026-08-18T10:00:00+05:30
bit_1d18de37,bkg_dbfab0e3,flight_fare,far_68bf2ad8,inv_265043b8,Flight seat,2026-09-19,2,2813.75,5627.50,INR,confirmed,,2026-08-18T10:00:00+05:30
bit_5ec25a9a,bkg_a691c8d6,room_type,rmt_2466b8b6,inv_9cf3382a,Twin Economy @ Grand Kothi Resort,2026-10-25,2,11978.46,23956.92,JPY,confirmed,,2026-08-18T10:00:00+05:30
bit_aabebfe5,bkg_c2cc89f9,room_type,rmt_2e6b37c4,inv_f82f1f15,Deluxe @ Palm Ghat House by the Lake,2026-09-27,1,3239.26,3239.26,INR,confirmed,,2026-08-18T10:00:00+05:30
bit_d985e7c8,bkg_7dc2b00c,room_type,rmt_06f0a27d,inv_98a3beae,Heritage Room @ Hillview Nest Boutique Stay,2026-10-03,1,24974.70,24974.70,INR,confirmed,,2026-08-18T10:00:00+05:30
bit_5ec39520,bkg_0df268cf,room_type,rmt_55863f33,inv_2400528a,Executive @ Lake Bungalow by the Lake,2026-10-15,1,1937.80,1937.80,INR,pending,,2026-08-18T10:00:00+05:30
bit_1b3fba54,bkg_e821f3c5,room_type,rmt_d34a3325,inv_0f0a3039,Premier Suite @ Hillview Nest Boutique Stay,2026-10-18,2,18532.92,37065.84,INR,confirmed,,2026-08-18T10:00:00+05:30
bit_1be73b8b,bkg_6eedd8bf,room_type,rmt_693809d0,inv_c6fb8cbd,Premier Suite @ Lake Bungalow by the Lake,2026-10-31,2,2460.31,4920.62,INR,confirmed,,2026-08-18T10:00:00+05:30
bit_7f9c5ef9,bkg_75d3823b,room_type,rmt_ce7264de,inv_7413ecd6,Executive @ Riverside Sanctuary Inn,2026-11-05,1,3164.42,3164.42,INR,confirmed,,2026-08-18T10:00:00+05:30
bit_5619918e,bkg_4cb9283f,room_type,rmt_ddb7c473,inv_899a32b0,Deluxe @ Amber Orchard Suites,2026-10-21,1,2972.41,2972.41,INR,confirmed,,2026-08-18T10:00:00+05:30
bit_df0c07e0,bkg_405a9861,room_type,rmt_55c522a8,inv_17afa7d0,Heritage Room @ Amber Retreat Homestay,2026-10-21,2,3924.11,7848.22,INR,confirmed,,2026-08-18T10:00:00+05:30
bit_63ca94b2,bkg_405a9861,room_type,rmt_c015a465,inv_c00622fe,Executive @ Hotel Regency Boutique Stay,2026-09-15,1,7748.76,7748.76,INR,confirmed,,2026-08-18T10:00:00+05:30
bit_d46a435a,bkg_405a9861,room_type,rmt_67c20089,inv_fb7df395,Standard @ Hotel Verandah Heritage,2026-10-18,2,6929.01,13858.02,INR,confirmed,,2026-08-18T10:00:00+05:30
bit_d1ea96cc,bkg_4934266d,flight_fare,far_9269397d,inv_9ce77509,Flight seat,2026-10-12,2,1423.17,2846.34,MYR,confirmed,,2026-08-18T10:00:00+05:30
bit_e7d2d9cd,bkg_1199592c,room_type,rmt_fc40a0df,inv_6e3e6857,Twin Economy @ Lake Bagh Homestay,2026-09-04,1,9740.57,9740.57,INR,pending,,2026-08-18T10:00:00+05:30
bit_5a8e31fc,bkg_8945e7fc,room_type,rmt_3aa4f9b8,inv_9676e7fb,Premier Suite @ Grand Sarovar Resort,2026-11-22,1,9461.41,9461.41,INR,confirmed,,2026-08-18T10:00:00+05:30
bit_07829afb,bkg_76da4b27,flight_fare,far_ddbf4183,inv_c9f200c8,Flight seat,2026-11-04,1,10128.95,10128.95,INR,confirmed,,2026-08-18T10:00:00+05:30
bit_33bf2ab4,bkg_ca0172de,flight_fare,far_8351eec2,inv_9be3b0cc,Flight seat,2026-10-14,1,22477.45,22477.45,INR,cancelled,,2026-08-18T10:00:00+05:30
bit_d32d2c19,bkg_ca0172de,room_type,rmt_3cb6cd30,inv_927b485b,Heritage Room @ The Old Mahal Inn,2026-09-16,1,7828.47,7828.47,INR,cancelled,,2026-08-18T10:00:00+05:30
bit_ca90f174,bkg_9c9d758c,room_type,rmt_c07b1f2a,inv_11f8a210,Executive @ Garden Ghat House Resort,2026-09-02,2,5205.02,10410.04,LKR,confirmed,,2026-08-18T10:00:00+05:30
bit_f259b00a,bkg_fed35eae,room_type,rmt_df2d2be7,inv_f3387146,Premier Suite @ Hillview Nest Inn,2026-09-30,1,9287.79,9287.79,INR,confirmed,,2026-08-18T10:00:00+05:30
bit_0cc90162,bkg_0572a696,room_type,rmt_67c20089,inv_bf803146,Standard @ Hotel Verandah Heritage,2026-10-24,1,8016.95,8016.95,INR,cancelled,,2026-08-18T10:00:00+05:30
bit_3c2ec029,bkg_0b723382,room_type,rmt_0a292d71,inv_a6e5d274,Heritage Room @ Heritage Meadows & Spa,2026-09-20,2,3455.57,6911.14,THB,confirmed,,2026-08-18T10:00:00+05:30
bit_6d01a180,bkg_5e7aecfd,flight_fare,far_702949f8,inv_83d09a17,Flight seat,2026-11-01,2,18720.80,37441.60,INR,confirmed,,2026-08-18T10:00:00+05:30
bit_1d92d82b,bkg_5e7aecfd,flight_fare,far_8aff3645,inv_8bd0cfc8,Flight seat,2026-09-26,1,5328.04,5328.04,INR,confirmed,,2026-08-18T10:00:00+05:30
bit_3726c09f,bkg_f8389f30,room_type,rmt_c9808e2a,inv_8da40586,Family Room @ The Old Verandah Suites,2026-11-06,2,1904.89,3809.78,INR,confirmed,,2026-08-18T10:00:00+05:30
bit_393717c1,bkg_f8389f30,room_type,rmt_e1c91b66,inv_b3fa5731,Deluxe @ Indigo Meadows by the Lake,2026-10-12,1,5699.20,5699.20,INR,confirmed,,2026-08-18T10:00:00+05:30
bit_9a3db1be,bkg_5e16151c,room_type,rmt_c0463b3f,inv_fb5d03d1,Deluxe Garden View @ Hillview Bagh Resort,2026-11-11,2,3278.58,6557.16,INR,confirmed,,2026-08-18T10:00:00+05:30
bit_9dd563bc,bkg_13ec005a,room_type,rmt_c867633e,inv_15af67d2,Standard @ Hillview Sarovar by the Lake,2026-11-18,2,14744.88,29489.76,INR,confirmed,,2026-08-18T10:00:00+05:30
bit_292175ae,bkg_d12f5965,room_type,rmt_eb19de1f,inv_528deb86,Standard @ The Retreat Homestay,2026-10-15,2,3538.89,7077.78,QAR,confirmed,,2026-08-18T10:00:00+05:30
bit_0e3e164b,bkg_2da85978,room_type,rmt_91b575ba,inv_86cd24c7,Executive @ Royal Sanctuary Suites  ,2026-09-09,2,5804.46,11608.92,INR,confirmed,,2026-08-18T10:00:00+05:30
bit_a2662cde,bkg_2da85978,flight_fare,far_c07285ca,inv_e15c2cb9,Flight seat,2026-10-27,1,9702.66,9702.66,INR,confirmed,,2026-08-18T10:00:00+05:30
bit_cdaace7c,bkg_a88bc697,room_type,rmt_4faddc19,inv_f2b55974,Family Room @ Garden Ghat House & Spa,2026-10-16,2,6116.60,12233.20,AED,confirmed,,2026-08-18T10:00:00+05:30
bit_01f051a4,bkg_67c01bee,flight_fare,far_9a67cef0,inv_5226925c,Flight seat,2026-09-26,2,5787.99,11575.98,INR,confirmed,,2026-08-18T10:00:00+05:30
bit_fc1f390d,bkg_67c01bee,flight_fare,far_4d5c520d,inv_ed51ad81,Flight seat,2026-10-09,2,19207.69,38415.38,INR,confirmed,,2026-08-18T10:00:00+05:30
bit_b0f96558,bkg_78856aa2,room_type,rmt_9a44634e,inv_17629a1d,Premier Suite @ Indigo Verandah Homestay,2026-11-01,1,6730.11,6730.11,INR,confirmed,,2026-08-18T10:00:00+05:30
bit_944737a6,bkg_78856aa2,room_type,rmt_54db1870,inv_4bfad11a,Deluxe @ Hillview Sarovar Inn,2026-11-22,2,2622.22,5244.44,INR,confirmed,,2026-08-18T10:00:00+05:30
bit_be4f1a01,bkg_78856aa2,room_type,rmt_d34a3325,inv_e453ecb8,Premier Suite @ Hillview Nest Boutique Stay,2026-11-20,2,18271.01,36542.02,INR,confirmed,,2026-08-18T10:00:00+05:30
bit_67ccb8c2,bkg_0654be20,room_type,rmt_315d2584,inv_66849479,Executive @ Heritage Mahal & Spa,2026-11-02,2,4289.52,8579.04,INR,pending,,2026-08-18T10:00:00+05:30
bit_4bf576dd,bkg_252c5e6f,room_type,rmt_0a292d71,inv_70f94503,Heritage Room @ Heritage Meadows & Spa,2026-09-21,2,2670.99,5341.98,THB,confirmed,,2026-08-18T10:00:00+05:30
bit_cd5fb60f,bkg_7a0fe67b,room_type,rmt_c015a465,inv_9a83d8de,Executive @ Hotel Regency Boutique Stay,2026-11-06,1,9248.40,9248.40,INR,confirmed,,2026-08-18T10:00:00+05:30
bit_632aa3bd,bkg_7a0fe67b,room_type,rmt_d5d1225e,inv_765a96b8,Deluxe Garden View @ Indigo Niwas Resort,2026-10-18,1,2406.89,2406.89,INR,confirmed,,2026-08-18T10:00:00+05:30
bit_1f87bce0,bkg_42111d37,room_type,rmt_4b888cdb,inv_12d3d55f,Executive @ Indigo Verandah Homestay,2026-09-15,2,5663.20,11326.40,INR,confirmed,,2026-08-18T10:00:00+05:30
bit_608ad436,bkg_72cb7003,flight_fare,far_ce7449e9,inv_6def09c9,Flight seat,2026-09-25,2,10567.90,21135.80,INR,compensated,2026-08-02T16:34:00+05:30,2026-08-18T10:00:00+05:30
bit_a2db5a0f,bkg_c3cab30c,flight_fare,far_e3f3a518,inv_d050c530,Flight seat,2026-10-14,2,13888.80,27777.60,INR,confirmed,,2026-08-18T10:00:00+05:30
bit_2b083195,bkg_6f696220,flight_fare,far_89319901,inv_6e4c8d83,Flight seat,2026-10-08,2,18264.84,36529.68,INR,confirmed,,2026-08-18T10:00:00+05:30
bit_5d509c38,bkg_0b358d9a,flight_fare,far_01d9c50f,inv_a9c7f74a,Flight seat,2026-09-10,2,75681.16,151362.32,INR,confirmed,,2026-08-18T10:00:00+05:30
bit_47227585,bkg_b4539cc1,room_type,rmt_a9b58258,inv_1b367b44,Deluxe @ Casa Manor Suites,2026-09-22,2,1881.34,3762.68,MVR,confirmed,,2026-08-18T10:00:00+05:30
bit_e0e46310,bkg_ca831d20,room_type,rmt_2919bbfe,inv_770ba2ec,Heritage Room @ Palm Sarovar,2026-11-16,2,9232.77,18465.54,INR,confirmed,,2026-08-18T10:00:00+05:30
bit_e82bdaaa,bkg_b63c577a,room_type,rmt_315d2584,inv_ef635ddc,Executive @ Heritage Mahal & Spa,2026-10-04,1,5282.82,5282.82,INR,compensated,2026-07-08T18:19:00+05:30,2026-08-18T10:00:00+05:30
bit_e6f32eb4,bkg_c75685a2,room_type,rmt_e80871dd,inv_a8fc1182,Standard @ Lake Palms Inn,2026-09-17,2,4309.21,8618.42,INR,cancelled,,2026-08-18T10:00:00+05:30
bit_a3aa7173,bkg_8412a58d,flight_fare,far_45d8dbf9,inv_6a88ccae,Flight seat,2026-09-06,2,12891.84,25783.68,INR,cancelled,,2026-08-18T10:00:00+05:30
bit_67b39c11,bkg_8412a58d,room_type,rmt_b2228b31,inv_10bde23c,Standard @ Villa Meadows Homestay,2026-09-26,1,4571.77,4571.77,INR,cancelled,,2026-08-18T10:00:00+05:30
bit_cb6910f1,bkg_8412a58d,flight_fare,far_e2905de0,inv_4cacbd0d,Flight seat,2026-11-09,1,91690.50,91690.50,INR,cancelled,,2026-08-18T10:00:00+05:30
bit_0be8e610,bkg_ea97db8a,room_type,rmt_5df6ca92,inv_84e0eb88,Heritage Room @ Garden Ghat House & Spa,2026-11-19,1,9294.66,9294.66,AED,confirmed,,2026-08-18T10:00:00+05:30
bit_e8e636d5,bkg_f6854215,room_type,rmt_7a6d1768,inv_5b8dc65a,Deluxe Garden View @ Villa Mahal Suites,2026-11-27,1,2743.41,2743.41,INR,compensated,2026-06-06T04:19:00+05:30,2026-08-18T10:00:00+05:30
